t_ms,state,buffered_bytes,buffered_ms,underruns,resumes,play_failures,stream_rebuilds,sessions,chunk_reads,last_chunk_ms,max_chunk_ms,last_push_gap_ms,max_push_gap_ms
50,Off,0,0,0,0,0,0,1,0,0,0,0,0
262,Off,0,0,0,0,0,0,1,0,0,0,0,0
516,Off,0,0,0,0,0,0,1,0,0,0,0,0
769,Off,0,0,0,0,0,0,1,0,0,0,0,0
1024,Off,0,0,0,0,0,0,1,0,0,0,0,0
1278,Off,0,0,0,0,0,0,1,0,0,0,0,0
1530,Off,64512,182,0,0,0,0,1,3,0,10,0,11
1782,Off,562176,1593,0,0,0,0,1,14,10,192,15,193
2036,Playing,1613824,4574,0,0,0,0,1,36,0,192,0,193
2288,Playing,2399232,6800,0,0,0,0,1,54,0,192,0,193
2541,Playing,2871296,8138,0,0,0,0,1,66,0,192,0,193
2795,Playing,3656704,10364,0,0,0,0,1,84,0,192,0,193
3004,Playing,4154368,11775,0,0,0,0,1,96,0,192,0,193
3257,Playing,4451328,12617,0,0,0,0,1,105,0,192,0,193
3508,Playing,4489216,12724,0,0,0,0,1,107,157,192,157,193
3756,Playing,4426752,12547,0,0,0,0,1,108,161,192,161,193
4006,Playing,4401152,12474,0,0,0,0,1,110,157,192,157,193
4256,Playing,4420608,12530,0,0,0,0,1,113,162,192,162,193
4506,Playing,4413440,12509,0,0,0,0,1,115,0,192,0,193
4754,Playing,4433920,12567,0,0,0,0,1,117,162,192,162,193
5002,Playing,4417536,12521,0,0,0,0,1,120,10,192,90,193
5254,Playing,4372480,12393,0,0,0,0,1,121,159,192,159,193
5504,Playing,4365312,12373,0,0,0,0,1,122,161,192,161,193
5756,Playing,4404224,12483,0,0,0,0,1,124,159,308,159,308
6007,Playing,4369408,12384,0,0,0,0,1,126,80,308,160,308
6255,Playing,4370432,12387,0,0,0,0,1,128,0,308,0,308
6504,Playing,4409344,12498,0,0,0,0,1,130,159,308,160,308
6754,Playing,4319232,12242,0,0,0,0,1,130,159,308,160,308
7069,Playing,4369408,12384,0,0,0,0,1,134,4,312,92,312
7287,Playing,4324352,12257,0,0,0,0,1,135,177,312,177,312
7549,Playing,4363264,12367,0,0,0,0,1,137,158,312,158,312
7800,Playing,4356096,12347,0,0,0,0,1,138,158,312,158,312
8052,Playing,4321280,12248,0,0,0,0,1,140,158,312,158,312
8302,Playing,4359168,12355,0,0,0,0,1,144,9,312,9,312
8550,Playing,4269056,12100,0,0,0,0,1,144,9,312,9,312
8832,Playing,4290560,12161,0,0,0,0,1,147,161,312,161,312
9028,Playing,4262912,12083,0,0,0,0,1,148,204,312,204,312
9267,Playing,4282368,12138,0,0,0,0,1,152,12,312,12,312
9516,Playing,4275200,12117,0,0,0,0,1,154,167,312,167,312
9840,Playing,4271104,12106,0,0,0,0,1,157,137,312,137,312
10089,Playing,4235264,12004,0,0,0,0,1,158,195,312,196,312
10327,Playing,4200448,11906,0,0,0,0,1,161,0,312,98,312
10546,Playing,4255744,12062,0,0,0,0,1,163,178,312,178,312
10757,Playing,4218880,11958,0,0,0,0,1,164,145,312,145,312
11079,Playing,4214784,11946,0,0,0,0,1,167,154,312,154,312
11277,Playing,4214784,11946,0,0,0,0,1,169,8,312,176,312
11546,Playing,4253696,12056,0,0,0,0,1,171,154,312,154,312
11758,Playing,4226048,11978,0,0,0,0,1,172,158,312,158,312
12111,Playing,4177920,11842,0,0,0,0,1,174,213,312,213,312
12294,Playing,4158464,11787,0,0,0,0,1,177,10,312,51,312
12514,Playing,4167680,11813,0,0,0,0,1,179,2,312,2,312
12852,Playing,4127744,11699,0,0,0,0,1,181,216,312,216,312
13040,Playing,4145152,11749,0,0,0,0,1,182,103,312,103,312
13291,Playing,4156416,11781,0,0,0,0,1,186,0,312,93,312
13506,Playing,4174848,11833,0,0,0,0,1,188,3,312,3,312
13773,Playing,4084736,11578,0,0,0,0,1,188,3,312,3,312
14046,Playing,4143104,11743,0,0,0,0,1,191,168,336,168,336
14265,Playing,4070400,11537,0,0,0,0,1,193,80,336,150,336
14581,Playing,4065280,11522,0,0,0,0,1,195,58,336,58,336
14836,Playing,4094976,11607,0,0,0,0,1,197,135,336,135,336
15011,Playing,4075520,11551,0,0,0,0,1,198,159,336,159,336
15266,Playing,4059136,11505,0,0,0,0,1,201,39,336,199,336
15519,Playing,4079616,11563,0,0,0,0,1,203,169,336,169,336
15770,Playing,4126720,11697,0,0,0,0,1,205,169,336,169,336
16007,Playing,4073472,11546,0,0,0,0,1,206,178,336,178,336
16277,Playing,4047872,11473,0,0,0,0,1,209,93,336,9,336
16500,Playing,4067328,11528,0,0,0,0,1,211,166,336,166,336
16756,Playing,4060160,11508,0,0,0,0,1,212,180,336,180,336
17039,Playing,4081664,11569,0,0,0,0,1,215,0,336,0,336
17298,Playing,4019200,11392,0,0,0,0,1,216,156,336,156,336
17552,Playing,3993600,11319,0,0,0,0,1,219,12,336,69,336
17827,Playing,4024320,11406,0,0,0,0,1,221,142,336,142,336
18023,Playing,3996672,11328,0,0,0,0,1,222,178,336,178,336
18286,Playing,3989504,11308,0,0,0,0,1,224,6,336,6,336
18549,Playing,4009984,11366,0,0,0,0,1,228,3,336,3,336
18803,Playing,4002816,11345,0,0,0,0,1,230,155,336,156,336
19006,Playing,4012032,11371,0,0,0,0,1,231,169,336,169,336
19278,Playing,3996672,11328,0,0,0,0,1,233,161,336,161,336
19529,Playing,3998720,11334,0,0,0,0,1,236,1,336,1,336
19798,Playing,3945472,11183,0,0,0,0,1,237,160,336,160,336
20074,Playing,3939328,11165,0,0,0,0,1,239,135,336,135,336
20285,Playing,3948544,11192,0,0,0,0,1,241,0,336,0,336
20507,Playing,3931136,11142,0,0,0,0,1,244,7,336,78,336
20754,Playing,3978240,11276,0,0,0,0,1,246,155,336,155,336
21004,Playing,3934208,11151,0,0,0,0,1,247,177,336,177,336
21254,Playing,3963904,11235,0,0,0,0,1,249,158,336,158,336
21507,Playing,3956736,11215,0,0,0,0,1,252,8,336,89,336
21770,Playing,3949568,11194,0,0,0,0,1,254,16,336,16,336
22039,Playing,3934208,11151,0,0,0,0,1,255,302,336,302,336
22285,Playing,3962880,11232,0,0,0,0,1,257,148,336,148,336
22532,Playing,3946496,11186,0,0,0,0,1,260,0,336,0,336
22779,Playing,3902464,11061,0,0,0,0,1,261,160,336,160,336
23031,Playing,3894272,11038,0,0,0,0,1,262,160,336,160,336
23282,Playing,3923968,11122,0,0,0,0,1,265,134,336,135,336
23532,Playing,3898368,11049,0,0,0,0,1,268,10,336,88,336
23785,Playing,3891200,11029,0,0,0,0,1,269,160,336,160,336
24031,Playing,3884032,11009,0,0,0,0,1,271,163,336,163,336
24282,Playing,3885056,11012,0,0,0,0,1,272,156,336,157,336
24532,Playing,3822592,10835,0,0,0,0,1,274,80,336,160,336
24785,Playing,3833856,10866,0,0,0,0,1,277,159,336,159,336
25039,Playing,3826688,10846,0,0,0,0,1,278,160,336,160,336
25291,Playing,3819520,10826,0,0,0,0,1,280,159,336,159,336
25538,Playing,3838976,10881,0,0,0,0,1,283,11,336,92,336
25789,Playing,3831808,10861,0,0,0,0,1,285,159,336,159,336
26037,Playing,3787776,10736,0,0,0,0,1,286,164,336,164,336
26287,Playing,3825664,10843,0,0,0,0,1,288,158,336,159,336
26552,Playing,3810304,10800,0,0,0,0,1,291,11,336,87,336
26802,Playing,3757056,10649,0,0,0,0,1,292,160,336,161,336
27053,Playing,3813376,10808,0,0,0,0,1,294,157,336,158,336
27301,Playing,3760128,10657,0,0,0,0,1,295,160,336,160,336
27550,Playing,3762176,10663,0,0,0,0,1,298,80,336,159,336
27799,Playing,3773440,10695,0,0,0,0,1,300,159,336,159,336
28049,Playing,3820544,10829,0,0,0,0,1,302,160,336,160,336
28301,Playing,3776512,10704,0,0,0,0,1,303,159,336,159,336
28545,Playing,3759104,10655,0,0,0,0,1,305,158,336,159,336
28796,Playing,3788800,10739,0,0,0,0,1,309,0,336,0,336
29048,Playing,3726336,10562,0,0,0,0,1,310,186,336,186,336
29296,Playing,3774464,10698,0,0,0,0,1,312,156,336,156,336
29547,Playing,3721216,10547,0,0,0,0,1,313,158,336,159,336
29797,Playing,3703808,10498,0,0,0,0,1,316,10,336,90,336
30047,Playing,3733504,10582,0,0,0,0,1,318,160,336,160,336
30295,Playing,3726336,10562,0,0,0,0,1,320,0,336,0,336
30543,Playing,3672064,10408,0,0,0,0,1,321,161,336,162,336
30792,Playing,3646464,10335,0,0,0,0,1,324,10,336,89,336
31042,Playing,3685376,10446,0,0,0,0,1,326,162,336,163,336
31294,Playing,3724288,10556,0,0,0,0,1,328,160,336,160,336
31543,Playing,3679232,10428,0,0,0,0,1,329,160,336,160,336
31793,Playing,3672064,10408,0,0,0,0,1,332,10,336,90,336
32043,Playing,3701760,10492,0,0,0,0,1,334,159,336,159,336
32291,Playing,3665920,10390,0,0,0,0,1,335,160,336,160,336
32542,Playing,3686400,10448,0,0,0,0,1,337,158,336,158,336
32790,Playing,3679232,10428,0,0,0,0,1,340,160,336,160,336
33040,Playing,3635200,10303,0,0,0,0,1,341,160,336,160,336
33289,Playing,3636224,10306,0,0,0,0,1,342,162,336,163,336
33539,Playing,3629056,10286,0,0,0,0,1,343,309,336,309,336
33789,Playing,3585024,10161,0,0,0,0,1,346,79,336,160,336
34039,Playing,3633152,10298,0,0,0,0,1,348,159,336,160,336
34289,Playing,3672064,10408,0,0,0,0,1,350,160,336,160,336
34539,Playing,3627008,10280,0,0,0,0,1,351,160,336,160,336
34789,Playing,3601408,10208,0,0,0,0,1,354,10,336,90,336
35039,Playing,3603456,10213,0,0,0,0,1,356,160,336,160,336
35286,Playing,3604480,10216,0,0,0,0,1,357,161,336,161,336
35536,Playing,3634176,10300,0,0,0,0,1,360,0,336,0,336
35786,Playing,3608576,10228,0,0,0,0,1,363,10,336,90,336
36036,Playing,3555328,10077,0,0,0,0,1,364,160,336,160,336
36286,Playing,3556352,10080,0,0,0,0,1,366,0,336,0,336
36539,Playing,3539968,10033,0,0,0,0,1,367,307,336,307,336
36790,Playing,3588096,10170,0,0,0,0,1,371,0,336,0,336
37041,Playing,3534848,10019,0,0,0,0,1,372,159,336,159,336
37293,Playing,3527680,9999,0,0,0,0,1,374,161,336,161,336
37539,Playing,3528704,10001,0,0,0,0,1,375,160,336,160,336
37791,Playing,3493888,9903,0,0,0,0,1,377,155,336,155,336
38038,Playing,3523584,9987,0,0,0,0,1,380,160,336,160,336
38286,Playing,3506176,9938,0,0,0,0,1,381,160,336,160,336
38534,Playing,3535872,10022,0,0,0,0,1,383,160,336,160,336
38792,Playing,3482624,9871,0,0,0,0,1,384,310,336,310,336
39058,Playing,3503104,9929,0,0,0,0,1,388,146,336,146,336
39304,Playing,3495936,9909,0,0,0,0,1,389,150,336,151,336
39554,Playing,3488768,9888,0,0,0,0,1,391,159,336,159,336
39804,Playing,3500032,9920,0,0,0,0,1,394,12,336,90,336
40057,Playing,3464192,9819,0,0,0,0,1,395,159,336,159,336
40303,Playing,3457024,9798,0,0,0,0,1,397,161,336,161,336
40552,Playing,3449856,9778,0,0,0,0,1,398,158,336,158,336
40801,Playing,3433472,9732,0,0,0,0,1,400,217,336,217,336
41058,Playing,3380224,9581,0,0,0,0,1,402,10,336,72,336
41253,Playing,3397632,9630,0,0,0,0,1,404,0,336,0,336
41500,Playing,3418112,9688,0,0,0,0,1,407,130,336,130,336
41752,Playing,3419136,9691,0,0,0,0,1,409,161,336,162,336
42003,Playing,3411968,9671,0,0,0,0,1,412,15,336,91,336
42281,Playing,3396608,9627,0,0,0,0,1,414,51,336,51,336
42528,Playing,3389440,9607,0,0,0,0,1,416,151,336,151,336
42780,Playing,3382272,9586,0,0,0,0,1,417,167,336,167,336
43029,Playing,3309568,9380,0,0,0,0,1,419,79,336,155,336
43282,Playing,3366912,9543,0,0,0,0,1,422,159,336,159,336
43529,Playing,3359744,9523,0,0,0,0,1,423,161,336,161,336
43777,Playing,3380224,9581,0,0,0,0,1,425,156,336,156,336
44027,Playing,3372032,9557,0,0,0,0,1,428,7,336,7,336
44273,Playing,3281920,9302,0,0,0,0,1,428,7,336,7,336
44524,Playing,3320832,9412,0,0,0,0,1,430,159,336,159,336
44771,Playing,3367936,9546,0,0,0,0,1,432,159,336,159,336
45019,Playing,3333120,9447,0,0,0,0,1,435,10,336,91,336
45266,Playing,3325952,9427,0,0,0,0,1,437,0,336,0,336
45516,Playing,3317760,9404,0,0,0,0,1,439,160,336,160,336
45766,Playing,3273728,9279,0,0,0,0,1,440,158,336,158,336
46019,Playing,3248128,9206,0,0,0,0,1,442,78,336,161,336
46268,Playing,3259392,9238,0,0,0,0,1,445,161,336,161,336
46516,Playing,3252224,9218,0,0,0,0,1,446,158,336,159,336
46766,Playing,3253248,9221,0,0,0,0,1,448,160,336,160,336
47015,Playing,3218432,9122,0,0,0,0,1,450,163,336,163,336
47266,Playing,3275776,9285,0,0,0,0,1,453,159,336,159,336
47516,Playing,3231744,9160,0,0,0,0,1,454,159,336,159,336
47766,Playing,3232768,9163,0,0,0,0,1,455,254,336,254,336
48014,Playing,3216384,9116,0,0,0,0,1,457,82,336,157,336
48264,Playing,3246080,9200,0,0,0,0,1,459,159,336,159,336
48514,Playing,3238912,9180,0,0,0,0,1,460,161,336,161,336
48760,Playing,3239936,9183,0,0,0,0,1,461,307,336,307,336
49007,Playing,3195904,9058,0,0,0,0,1,462,161,336,161,336
49258,Playing,3170304,8986,0,0,0,0,1,465,11,336,91,336
49507,Playing,3217408,9119,0,0,0,0,1,467,159,336,159,336
49755,Playing,3210240,9099,0,0,0,0,1,468,159,336,160,336
50006,Playing,3193856,9052,0,0,0,0,1,471,77,336,162,336
50257,Playing,3168256,8980,0,0,0,0,1,472,160,336,238,336
50511,Playing,3207168,9090,0,0,0,0,1,474,153,336,153,336
50761,Playing,3171328,8989,0,0,0,0,1,475,160,336,160,336
51011,Playing,3173376,8994,0,0,0,0,1,477,160,336,160,336
51260,Playing,3175424,9000,0,0,0,0,1,480,159,336,159,336
51512,Playing,3122176,8849,0,0,0,0,1,481,163,336,163,336
51762,Playing,3169280,8983,0,0,0,0,1,483,159,336,159,336
52009,Playing,3125248,8858,0,0,0,0,1,484,161,336,161,336
52258,Playing,3145728,8916,0,0,0,0,1,487,12,336,114,336
52507,Playing,3155968,8945,0,0,0,0,1,489,159,336,159,336
52757,Playing,3148800,8925,0,0,0,0,1,490,159,336,160,336
53010,Playing,3095552,8774,0,0,0,0,1,491,163,336,163,336
53262,Playing,3162112,8962,0,0,0,0,1,495,0,336,0,336
53515,Playing,3108864,8811,0,0,0,0,1,496,160,336,160,336
53763,Playing,3119104,8840,0,0,0,0,1,498,157,336,157,336
54044,Playing,3132416,8878,0,0,0,0,1,500,161,336,161,336
54291,Playing,3115008,8829,0,0,0,0,1,503,9,336,90,336
54544,Playing,3107840,8809,0,0,0,0,1,505,0,336,0,336
54794,Playing,3091456,8762,0,0,0,0,1,507,160,336,160,336
55044,Playing,3084288,8742,0,0,0,0,1,508,161,336,161,336
55295,Playing,3057664,8666,0,0,0,0,1,511,8,336,88,336
55547,Playing,3050496,8646,0,0,0,0,1,513,161,336,161,336
55797,Playing,3043328,8626,0,0,0,0,1,515,0,336,0,336
56045,Playing,3054592,8658,0,0,0,0,1,517,162,336,162,336
56296,Playing,2972672,8425,0,0,0,0,1,518,308,336,308,336
56544,Playing,3039232,8614,0,0,0,0,1,522,162,336,162,336
56791,Playing,2985984,8463,0,0,0,0,1,523,158,336,158,336
57041,Playing,3006464,8521,0,0,0,0,1,526,159,336,159,336
57293,Playing,2989056,8472,0,0,0,0,1,529,5,336,95,336
57543,Playing,2981888,8452,0,0,0,0,1,531,0,336,0,336
57791,Playing,3002368,8510,0,0,0,0,1,533,159,336,159,336
58039,Playing,2920448,8277,0,0,0,0,1,533,159,336,159,336
58289,Playing,2922496,8283,0,0,0,0,1,535,157,336,157,336
58539,Playing,2933760,8315,0,0,0,0,1,538,162,336,162,336
58787,Playing,2926592,8295,0,0,0,0,1,539,158,336,158,336
59036,Playing,2973696,8428,0,0,0,0,1,541,160,336,160,336
59286,Playing,2948096,8356,0,0,0,0,1,544,8,336,89,336
59536,Playing,2904064,8231,0,0,0,0,1,545,160,336,160,336
59785,Playing,2896896,8211,0,0,0,0,1,547,159,336,159,336
60033,Playing,2944000,8344,0,0,0,0,1,549,159,336,159,336
60283,Playing,2899968,8219,0,0,0,0,1,551,80,336,160,336
60532,Playing,2883584,8173,0,0,0,0,1,553,0,336,0,336
60783,Playing,2885632,8179,0,0,0,0,1,555,158,336,159,336
61032,Playing,2840576,8051,0,0,0,0,1,556,47,336,47,336
61282,Playing,2861056,8109,0,0,0,0,1,558,161,336,162,336
61535,Playing,2853888,8089,0,0,0,0,1,561,157,336,157,336
61783,Playing,2846720,8068,0,0,0,0,1,562,163,336,163,336
62035,Playing,2893824,8202,0,0,0,0,1,564,158,336,158,336
62303,Playing,2850816,8080,0,0,0,0,1,565,311,336,311,336
62552,Playing,2862080,8112,0,0,0,0,1,568,156,336,156,336
62803,Playing,2826240,8010,0,0,0,0,1,569,160,336,160,336
63056,Playing,2865152,8121,0,0,0,0,1,571,162,336,162,336
63266,Playing,2828288,8016,0,0,0,0,1,572,128,336,128,336
63507,Playing,2811904,7970,0,0,0,0,1,575,10,336,88,336
63761,Playing,2841600,8054,0,0,0,0,1,577,159,336,160,336
64008,Playing,2805760,7952,0,0,0,0,1,578,164,336,164,336
64261,Playing,2844672,8063,0,0,0,0,1,580,158,336,159,336
64506,Playing,2819072,7990,0,0,0,0,1,583,12,336,91,336
64756,Playing,2811904,7970,0,0,0,0,1,585,10,336,10,336
65003,Playing,2812928,7973,0,0,0,0,1,586,309,336,310,336
65252,Playing,2842624,8057,0,0,0,0,1,588,160,336,161,336
65507,Playing,2817024,7984,0,0,0,0,1,590,162,336,242,336
65756,Playing,2772992,7859,0,0,0,0,1,591,158,336,159,336
66003,Playing,2774016,7862,0,0,0,0,1,592,158,336,159,336
66256,Playing,2766848,7842,0,0,0,0,1,593,308,336,309,336
66577,Playing,2707456,7674,0,0,0,0,1,596,95,336,161,336
66756,Playing,2788352,7903,0,0,0,0,1,598,95,336,95,336
67004,Playing,2827264,8013,0,0,0,0,1,600,159,336,160,336
67252,Playing,2783232,7888,0,0,0,0,1,601,158,336,158,336
67502,Playing,2766848,7842,0,0,0,0,1,604,8,336,180,336
67815,Playing,2743296,7775,0,0,0,0,1,606,160,336,160,336
68002,Playing,2760704,7825,0,0,0,0,1,608,48,336,48,336
68312,Playing,2783232,7888,0,0,0,0,1,610,159,336,159,336
68560,Playing,2757632,7816,0,0,0,0,1,613,9,336,90,336
68811,Playing,2750464,7796,0,0,0,0,1,614,160,336,160,336
69060,Playing,2789376,7906,0,0,0,0,1,616,153,336,153,336
69310,Playing,2707456,7674,0,0,0,0,1,616,153,336,153,336
69557,Playing,2700288,7653,0,0,0,0,1,618,157,336,157,336
69810,Playing,2720768,7711,0,0,0,0,1,621,160,336,160,336
70057,Playing,2721792,7714,0,0,0,0,1,622,159,336,159,336
70323,Playing,2734080,7749,0,0,0,0,1,624,162,336,163,336
70511,Playing,2751488,7799,0,0,0,0,1,627,8,336,87,336
70760,Playing,2707456,7674,0,0,0,0,1,628,160,336,161,336
71010,Playing,2662400,7546,0,0,0,0,1,629,159,336,159,336
71261,Playing,2682880,7604,0,0,0,0,1,632,161,336,161,336
71510,Playing,2675712,7584,0,0,0,0,1,633,160,336,160,336
71762,Playing,2659328,7537,0,0,0,0,1,636,8,336,90,336
72014,Playing,2652160,7517,0,0,0,0,1,638,103,336,103,336
72266,Playing,2690048,7624,0,0,0,0,1,641,0,336,0,336
72515,Playing,2655232,7526,0,0,0,0,1,643,159,336,159,336
72765,Playing,2648064,7505,0,0,0,0,1,646,155,336,156,336
73023,Playing,2640896,7485,0,0,0,0,1,647,162,336,162,336
73273,Playing,2633728,7465,0,0,0,0,1,649,161,336,161,336
73520,Playing,2626560,7444,0,0,0,0,1,650,159,336,160,336
73773,Playing,2618368,7421,0,0,0,0,1,653,11,336,91,336
74033,Playing,2648064,7505,0,0,0,0,1,656,14,336,14,336
74286,Playing,2604032,7381,0,0,0,0,1,657,156,336,156,336
74535,Playing,2596864,7360,0,0,0,0,1,659,41,336,41,336
74783,Playing,2571264,7288,0,0,0,0,1,662,12,336,95,336
75035,Playing,2564096,7267,0,0,0,0,1,664,0,336,0,336
75278,Playing,2583552,7322,0,0,0,0,1,666,167,336,167,336
75541,Playing,2585600,7328,0,0,0,0,1,668,154,336,154,336
75791,Playing,2596864,7360,0,0,0,0,1,671,7,336,7,336
76040,Playing,2506752,7105,0,0,0,0,1,671,7,336,7,336
76364,Playing,2511872,7119,0,0,0,0,1,674,165,336,165,336
76507,Playing,2545664,7215,0,0,0,0,1,675,163,336,163,336
76761,Playing,2520064,7143,0,0,0,0,1,678,12,336,91,336
77015,Playing,2558976,7253,0,0,0,0,1,681,10,336,10,336
77261,Playing,2468864,6997,0,0,0,0,1,681,10,336,10,336
77510,Playing,2515968,7131,0,0,0,0,1,683,162,336,162,336
77760,Playing,2471936,7006,0,0,0,0,1,685,79,336,157,336
78045,Playing,2502656,7093,0,0,0,0,1,688,154,336,155,336
78262,Playing,2503680,7096,0,0,0,0,1,689,160,336,160,336
78530,Playing,2496512,7076,0,0,0,0,1,690,313,336,313,336
78795,Playing,2462720,6980,0,0,0,0,1,693,12,336,91,336
79041,Playing,2426880,6878,0,0,0,0,1,694,157,336,157,336
79290,Playing,2465792,6989,0,0,0,0,1,696,153,336,154,336
79544,Playing,2449408,6942,0,0,0,0,1,697,192,336,192,336
79794,Playing,2442240,6922,0,0,0,0,1,700,10,336,92,336
80081,Playing,2426880,6878,0,0,0,0,1,702,160,336,160,336
80273,Playing,2444288,6928,0,0,0,0,1,704,9,336,10,336
80566,Playing,2383872,6757,0,0,0,0,1,705,159,336,159,336
80769,Playing,2393088,6783,0,0,0,0,1,707,78,336,79,336
81019,Playing,2367488,6710,0,0,0,0,1,710,8,336,89,336
81276,Playing,2406400,6820,0,0,0,0,1,712,159,336,160,336
81540,Playing,2445312,6931,0,0,0,0,1,714,145,336,146,336
81798,Playing,2419712,6858,0,0,0,0,1,717,12,336,90,336
82053,Playing,2412544,6838,0,0,0,0,1,718,179,336,179,336
82303,Playing,2405376,6817,0,0,0,0,1,719,291,336,291,336
82552,Playing,2361344,6693,0,0,0,0,1,720,157,336,157,336
82808,Playing,2372608,6725,0,0,0,0,1,722,157,336,158,336
83056,Playing,2392064,6780,0,0,0,0,1,725,153,336,153,336
83311,Playing,2421760,6864,0,0,0,0,1,727,165,336,166,336
83557,Playing,2377728,6739,0,0,0,0,1,728,155,336,155,336
83810,Playing,2370560,6719,0,0,0,0,1,730,161,336,161,336
84057,Playing,2399232,6800,0,0,0,0,1,733,159,336,159,336
84306,Playing,2355200,6675,0,0,0,0,1,734,161,336,161,336
84560,Playing,2384896,6759,0,0,0,0,1,736,159,336,159,336
84810,Playing,2340864,6635,0,0,0,0,1,737,160,336,160,336
85056,Playing,2341888,6638,0,0,0,0,1,741,0,336,0,336
85303,Playing,2325504,6591,0,0,0,0,1,742,307,336,308,336
85556,Playing,2281472,6466,0,0,0,0,1,743,159,336,160,336
85807,Playing,2274304,6446,0,0,0,0,1,745,10,336,10,336
86057,Playing,2221056,6295,0,0,0,0,1,747,77,336,258,336
86307,Playing,2277376,6455,0,0,0,0,1,750,159,336,159,336
86557,Playing,2307072,6539,0,0,0,0,1,753,1,336,1,336
86806,Playing,2244608,6362,0,0,0,0,1,754,157,336,158,336
87053,Playing,2217984,6286,0,0,0,0,1,757,9,336,89,336
87316,Playing,2248704,6373,0,0,0,0,1,759,165,336,165,336
87522,Playing,2221056,6295,0,0,0,0,1,760,181,336,181,336
87773,Playing,2249728,6376,0,0,0,0,1,762,157,336,157,336
88023,Playing,2251776,6382,0,0,0,0,1,765,9,336,86,336
88272,Playing,2198528,6231,0,0,0,0,1,766,160,336,160,336
88522,Playing,2245632,6365,0,0,0,0,1,768,160,336,160,336
88773,Playing,2238464,6344,0,0,0,0,1,770,10,336,10,336
89019,Playing,2176000,6167,0,0,0,0,1,771,320,336,320,336
89281,Playing,2205696,6251,0,0,0,0,1,775,0,336,0,336
89540,Playing,2134016,6048,0,0,0,0,1,776,158,336,158,336
89786,Playing,2172928,6159,0,0,0,0,1,778,162,336,162,336
90036,Playing,2128896,6034,0,0,0,0,1,780,75,336,162,336
90287,Playing,2120704,6011,0,0,0,0,1,782,0,336,0,336
90541,Playing,2113536,5990,0,0,0,0,1,784,5,336,5,336
90784,Playing,2134016,6048,0,0,0,0,1,786,157,336,157,336
91033,Playing,2108416,5976,0,0,0,0,1,789,10,336,89,336
91285,Playing,2064384,5851,0,0,0,0,1,790,160,336,160,336
91535,Playing,2111488,5984,0,0,0,0,1,792,161,336,161,336
91789,Playing,2058240,5834,0,0,0,0,1,793,158,336,158,336
92036,Playing,2060288,5839,0,0,0,0,1,796,77,336,163,336
92286,Playing,2043904,5793,0,0,0,0,1,798,0,336,0,336
92535,Playing,2017280,5717,0,0,0,0,1,799,164,336,164,336
92784,Playing,2056192,5828,0,0,0,0,1,802,152,336,152,336
93035,Playing,2012160,5703,0,0,0,0,1,803,180,336,180,336
93285,Playing,2041856,5787,0,0,0,0,1,807,10,336,11,336
93533,Playing,2079744,5894,0,0,0,0,1,809,160,336,160,336
93782,Playing,2035712,5770,0,0,0,0,1,810,160,336,160,336
94031,Playing,2028544,5749,0,0,0,0,1,812,163,336,163,336
94281,Playing,2002944,5677,0,0,0,0,1,815,161,336,161,336
94530,Playing,1976320,5601,0,0,0,0,1,816,160,336,160,336
94778,Playing,2006016,5685,0,0,0,0,1,818,158,336,158,336
95026,Playing,2007040,5688,0,0,0,0,1,819,159,336,159,336
95306,Playing,2011136,5700,0,0,0,0,1,823,158,336,158,336
95555,Playing,2012160,5703,0,0,0,0,1,825,8,336,9,336
95805,Playing,2051072,5813,0,0,0,0,1,828,11,336,11,336
96052,Playing,1960960,5558,0,0,0,0,1,828,11,336,11,336
96303,Playing,1943552,5508,0,0,0,0,1,831,14,336,91,336
96553,Playing,1973248,5593,0,0,0,0,1,833,160,336,161,336
96806,Playing,1966080,5572,0,0,0,0,1,835,1,336,1,336
97003,Playing,1965056,5569,0,0,0,0,1,837,166,336,166,336
97310,Playing,1951744,5532,0,0,0,0,1,841,1,336,1,336
97515,Playing,1914880,5427,0,0,0,0,1,842,182,336,182,336
97766,Playing,1961984,5561,0,0,0,0,1,844,160,336,160,336
98015,Playing,1917952,5436,0,0,0,0,1,845,160,336,160,336
98270,Playing,1938432,5494,0,0,0,0,1,849,138,336,138,336
98513,Playing,1931264,5474,0,0,0,0,1,851,8,336,8,336
98765,Playing,1923072,5450,0,0,0,0,1,852,303,336,304,336
99016,Playing,1869824,5299,0,0,0,0,1,853,158,336,159,336
99265,Playing,1844224,5227,0,0,0,0,1,855,158,336,158,336
99519,Playing,1873920,5311,0,0,0,0,1,859,161,336,161,336
99777,Playing,1848320,5239,0,0,0,0,1,860,161,336,162,336
100115,Playing,1836032,5204,0,0,0,0,1,862,158,336,158,336
100269,Playing,1823744,5169,0,0,0,0,1,865,71,336,16,336
100518,Playing,1844224,5227,0,0,0,0,1,867,7,336,7,336
100770,Playing,1837056,5207,0,0,0,0,1,869,152,336,152,336
101020,Playing,1838080,5209,0,0,0,0,1,870,199,336,199,336
101270,Playing,1812480,5137,0,0,0,0,1,873,112,336,49,336
101522,Playing,1823744,5169,0,0,0,0,1,875,211,336,211,336
101773,Playing,1816576,5149,0,0,0,0,1,877,0,336,0,336
102024,Playing,1800192,5102,0,0,0,0,1,879,159,336,160,336
102269,Playing,1718272,4870,0,0,0,0,1,879,159,336,160,336
102551,Playing,1785856,5061,0,0,0,0,1,884,163,336,163,336
102797,Playing,1778688,5041,0,0,0,0,1,886,1,336,1,336
103047,Playing,1762304,4995,0,0,0,0,1,888,158,336,158,336
103297,Playing,1717248,4867,0,0,0,0,1,889,159,336,160,336
103548,Playing,1710080,4847,0,0,0,0,1,892,9,336,89,336
103798,Playing,1739776,4931,0,0,0,0,1,894,157,336,157,336
104048,Playing,1732608,4911,0,0,0,0,1,896,0,336,0,336
104298,Playing,1705984,4835,0,0,0,0,1,898,164,336,164,336
104548,Playing,1726464,4893,0,0,0,0,1,902,1,336,1,336
104798,Playing,1664000,4716,0,0,0,0,1,903,172,336,172,336
105045,Playing,1674240,4745,0,0,0,0,1,905,159,336,159,336
105297,Playing,1667072,4725,0,0,0,0,1,907,4,336,4,336
105545,Playing,1576960,4469,0,0,0,0,1,909,80,336,159,336
105796,Playing,1625088,4606,0,0,0,0,1,912,160,336,161,336
106044,Playing,1626112,4609,0,0,0,0,1,914,0,336,0,336
106294,Playing,1609728,4562,0,0,0,0,1,917,10,336,10,336
106544,Playing,1611776,4568,0,0,0,0,1,920,9,336,10,336
106794,Playing,1604608,4548,0,0,0,0,1,921,309,336,310,336
107043,Playing,1559552,4420,0,0,0,0,1,922,159,336,159,336
107290,Playing,1552384,4400,0,0,0,0,1,924,0,336,0,336
107540,Playing,1554432,4405,0,0,0,0,1,928,9,336,9,336
107793,Playing,1547264,4385,0,0,0,0,1,930,0,336,0,336
108041,Playing,1575936,4466,0,0,0,0,1,932,163,336,164,336
108291,Playing,1531904,4342,0,0,0,0,1,933,159,336,159,336
108544,Playing,1515520,4295,0,0,0,0,1,936,7,336,87,336
108790,Playing,1508352,4275,0,0,0,0,1,937,159,336,159,336
109039,Playing,1509376,4278,0,0,0,0,1,938,312,336,312,336
109293,Playing,1529856,4336,0,0,0,0,1,940,151,336,152,336
109538,Playing,1439744,4080,0,0,0,0,1,940,151,336,152,336
109786,Playing,1486848,4214,0,0,0,0,1,944,12,336,12,336
110047,Playing,1517568,4301,0,0,0,0,1,946,172,336,172,336
110286,Playing,1472512,4173,0,0,0,0,1,947,149,336,150,336
110507,Playing,1463296,4147,0,0,0,0,1,949,86,336,155,336
110753,Playing,1502208,4257,0,0,0,0,1,952,10,336,10,336
111007,Playing,1458176,4133,0,0,0,0,1,953,160,336,160,336
111253,Playing,1497088,4243,0,0,0,0,1,955,160,336,160,336
111507,Playing,1443840,4092,0,0,0,0,1,957,160,336,160,336
111753,Playing,1435648,4069,0,0,0,0,1,959,10,336,91,336
112007,Playing,1465344,4153,0,0,0,0,1,961,162,336,162,336
112286,Playing,1486848,4214,0,0,0,0,1,963,207,336,159,336
112535,Playing,1424384,4037,0,0,0,0,1,965,79,336,110,336
112785,Playing,1408000,3990,0,0,0,0,1,967,0,336,0,336
113035,Playing,1427456,4046,0,0,0,0,1,970,0,336,0,336
113286,Playing,1411072,3999,0,0,0,0,1,972,159,336,160,336
113539,Playing,1367040,3874,0,0,0,0,1,974,79,336,159,336
113788,Playing,1378304,3906,0,0,0,0,1,976,10,336,10,336
114039,Playing,1371136,3886,0,0,0,0,1,978,157,336,157,336
114286,Playing,1335296,3784,0,0,0,0,1,979,161,336,161,336
114535,Playing,1355776,3842,0,0,0,0,1,981,156,336,156,336
114798,Playing,1348608,3822,0,0,0,0,1,984,162,336,162,336
115051,Playing,1341440,3802,0,0,0,0,1,985,159,336,159,336
115302,Playing,1380352,3912,0,0,0,0,1,987,163,336,163,336
115552,Playing,1290240,3657,0,0,0,0,1,987,163,336,163,336
115801,Playing,1318912,3738,0,0,0,0,1,990,10,336,107,336
116049,Playing,1311744,3718,0,0,0,0,1,991,160,336,160,336
116299,Playing,1387520,3932,0,0,0,0,1,993,160,336,161,336
116548,Playing,1297408,3677,0,0,0,0,1,993,160,336,161,336
116797,Playing,1280000,3628,0,0,0,0,1,996,10,336,90,336
117048,Playing,1291264,3660,0,0,0,0,1,999,156,336,156,336
117298,Playing,1284096,3639,0,0,0,0,1,1000,160,336,160,336
117547,Playing,1294336,3668,0,0,0,0,1,1002,160,336,160,336
117801,Playing,1296384,3674,0,0,0,0,1,1005,12,336,12,336
118002,Playing,1222656,3465,0,0,0,0,1,1005,12,336,12,336
118257,Playing,1270784,3601,0,0,0,0,1,1008,178,336,178,336
118503,Playing,1235968,3503,0,0,0,0,1,1009,171,336,171,336
118769,Playing,1164288,3300,0,0,0,0,1,1011,78,336,149,336
119019,Playing,1175552,3332,0,0,0,0,1,1014,157,336,157,336
119269,Playing,1168384,3311,0,0,0,0,1,1015,160,336,160,336
119535,Playing,1207296,3422,0,0,0,0,1,1017,156,336,156,336
119785,Playing,1172480,3323,0,0,0,0,1,1021,13,336,13,336
120032,Playing,1136640,3221,0,0,0,0,1,1022,154,336,154,336
120282,Playing,1129472,3201,0,0,0,0,1,1023,162,336,162,336
120530,Playing,1168384,3311,0,0,0,0,1,1025,158,336,158,336
120780,Playing,1133568,3213,0,0,0,0,1,1028,10,336,90,336
121028,Playing,1134592,3215,0,0,0,0,1,1029,159,336,159,336
121278,Playing,1127424,3195,0,0,0,0,1,1031,0,336,0,336
121507,Playing,1063936,3015,0,0,0,0,1,1032,154,336,154,336
121759,Playing,1056768,2995,0,0,0,0,1,1033,179,336,180,336
122010,Playing,1040384,2948,0,0,0,0,1,1036,10,336,90,336
122268,Playing,1070080,3033,0,0,0,0,1,1038,184,336,184,336
122541,Playing,1082368,3067,0,0,0,0,1,1041,144,336,144,336
122790,Playing,1009664,2861,0,0,0,0,1,1043,81,336,173,336
123047,Playing,1048576,2972,0,0,0,0,1,1045,159,336,160,336
123305,Playing,1041408,2951,0,0,0,0,1,1047,153,336,153,336
123556,Playing,997376,2827,0,0,0,0,1,1048,163,336,163,336
123807,Playing,990208,2806,0,0,0,0,1,1050,158,336,159,336
124060,Playing,1010688,2864,0,0,0,0,1,1054,158,336,158,336
124260,Playing,983040,2786,0,0,0,0,1,1055,167,336,167,336
124511,Playing,1020928,2893,0,0,0,0,1,1057,167,336,167,336
124765,Playing,995328,2821,0,0,0,0,1,1059,79,336,154,336
125014,Playing,988160,2800,0,0,0,0,1,1061,7,336,8,336
125285,Playing,1018880,2887,0,0,0,0,1,1064,17,336,17,336
125543,Playing,928768,2632,0,0,0,0,1,1064,17,336,17,336
125793,Playing,958464,2716,0,0,0,0,1,1066,161,336,161,336
126043,Playing,931840,2641,0,0,0,0,1,1069,12,336,93,336
126294,Playing,943104,2673,0,0,0,0,1,1072,160,336,160,336
126539,Playing,935936,2652,0,0,0,0,1,1073,163,336,163,336
126815,Playing,902144,2557,0,0,0,0,1,1075,146,336,146,336
127014,Playing,855040,2423,0,0,0,0,1,1077,1,336,92,336
127268,Playing,866304,2455,0,0,0,0,1,1079,170,336,170,336
127523,Playing,877568,2487,0,0,0,0,1,1082,164,336,164,336
127773,Playing,870400,2467,0,0,0,0,1,1083,146,336,147,336
128055,Playing,836608,2371,0,0,0,0,1,1086,27,336,103,336
128301,Playing,866304,2455,0,0,0,0,1,1088,160,336,161,336
128549,Playing,867328,2458,0,0,0,0,1,1090,0,336,0,336
128819,Playing,787456,2232,0,0,0,0,1,1091,157,336,157,336
129006,Playing,786432,2229,0,0,0,0,1,1094,8,336,87,336
129255,Playing,779264,2208,0,0,0,0,1,1096,0,336,0,336
129508,Playing,790528,2240,0,0,0,0,1,1098,158,336,158,336
129759,Playing,791552,2243,0,0,0,0,1,1100,158,336,158,336
130007,Playing,765952,2171,0,0,0,0,1,1103,7,336,88,336
130257,Playing,712704,2020,0,0,0,0,1,1104,162,336,162,336
130506,Playing,751616,2130,0,0,0,0,1,1106,159,336,159,336
130755,Playing,715776,2028,0,0,0,0,1,1107,162,336,162,336
131007,Playing,717824,2034,0,0,0,0,1,1110,9,336,89,336
131256,Playing,719872,2040,0,0,0,0,1,1112,157,336,157,336
131505,Playing,712704,2020,0,0,0,0,1,1113,161,336,161,336
131755,Playing,713728,2023,0,0,0,0,1,1115,161,336,161,336
132006,Playing,669696,1898,0,0,0,0,1,1116,159,336,160,336
132256,Playing,634880,1799,0,0,0,0,1,1119,7,336,88,336
132506,Playing,673792,1909,0,0,0,0,1,1121,161,336,161,336
132753,Playing,674816,1912,0,0,0,0,1,1122,160,336,160,336
133005,Playing,649216,1840,0,0,0,0,1,1125,80,336,159,336
133252,Playing,678912,1924,0,0,0,0,1,1127,159,336,159,336
133506,Playing,671744,1904,0,0,0,0,1,1128,312,336,312,336
133753,Playing,618496,1753,0,0,0,0,1,1129,156,336,156,336
134004,Playing,619520,1756,0,0,0,0,1,1132,159,336,159,336
134251,Playing,621568,1761,0,0,0,0,1,1135,158,336,158,336
134502,Playing,614400,1741,0,0,0,0,1,1137,0,336,0,336
134752,Playing,588800,1668,0,0,0,0,1,1139,162,336,162,336
135001,Playing,543744,1541,0,0,0,0,1,1140,160,336,160,336
135251,Playing,527360,1494,0,0,0,0,1,1143,10,336,91,336
135502,Playing,557056,1578,0,0,0,0,1,1145,157,336,157,336
135753,Playing,576512,1634,0,0,0,0,1,1148,160,336,160,336
136006,Playing,541696,1535,0,0,0,0,1,1151,11,336,89,336
136256,Playing,506880,1436,0,0,0,0,1,1152,159,336,160,336
136521,Playing,537600,1523,0,0,0,0,1,1154,161,336,161,336
136772,Playing,510976,1448,0,0,0,0,1,1156,10,336,11,336
137022,Playing,513024,1454,0,0,0,0,1,1158,152,336,152,336
137274,Playing,505856,1433,0,0,0,0,1,1161,0,336,0,336
137524,Playing,452608,1282,0,0,0,0,1,1162,157,336,157,336
137772,Playing,499712,1416,0,0,0,0,1,1164,158,336,158,336
138024,Playing,455680,1291,0,0,0,0,1,1165,159,336,159,336
138272,Playing,430080,1219,0,0,0,0,1,1168,11,336,91,336
138521,Playing,468992,1329,0,0,0,0,1,1170,160,336,160,336
138769,Playing,470016,1332,0,0,0,0,1,1172,157,336,157,336
139017,Playing,462848,1311,0,0,0,0,1,1173,164,336,164,336
139272,Playing,446464,1265,0,0,0,0,1,1176,10,336,89,336
139535,Playing,485376,1375,0,0,0,0,1,1178,161,336,162,336
139784,Playing,432128,1224,0,0,0,0,1,1179,157,336,157,336
140034,Playing,434176,1230,0,0,0,0,1,1181,9,336,9,336
140284,Playing,444416,1259,0,0,0,0,1,1185,10,336,10,336
140532,Playing,409600,1160,0,0,0,0,1,1186,162,336,162,336
140780,Playing,448512,1271,0,0,0,0,1,1188,70,336,70,336
141028,Playing,431104,1221,0,0,0,0,1,1189,152,336,152,336
141278,Playing,423936,1201,0,0,0,0,1,1192,11,336,90,336
141529,Playing,416768,1181,0,0,0,0,1,1193,161,336,161,336
141780,Playing,455680,1291,0,0,0,0,1,1195,157,336,157,336
142030,Playing,411648,1166,0,0,0,0,1,1196,162,336,162,336
142278,Playing,366592,1039,0,0,0,0,1,1198,162,336,162,336
142535,Playing,433152,1227,0,0,0,0,1,1202,160,336,160,336
142777,Playing,379904,1076,0,0,0,0,1,1203,161,336,161,336
143057,Playing,401408,1137,0,0,0,0,1,1205,228,336,228,336
143309,Playing,385024,1091,0,0,0,0,1,1208,10,336,90,336
143560,Playing,413696,1172,0,0,0,0,1,1210,161,336,161,336
143753,Playing,404480,1146,0,0,0,0,1,1211,162,336,162,336
144058,Playing,417792,1184,0,0,0,0,1,1213,156,336,156,336
144308,Playing,327680,928,0,0,0,0,1,1213,156,336,156,336
144557,Playing,365568,1036,0,0,0,0,1,1217,9,336,9,336
144805,Playing,358400,1015,0,0,0,0,1,1219,157,336,157,336
145055,Playing,351232,995,0,0,0,0,1,1221,0,336,0,336
145315,Playing,316416,896,0,0,0,0,1,1223,158,336,158,336
145511,Playing,362496,1027,0,0,0,0,1,1227,0,336,0,336
145764,Playing,300032,850,0,0,0,0,1,1228,159,336,159,336
146014,Playing,301056,853,0,0,0,0,1,1229,160,336,160,336
146264,Playing,293888,833,0,0,0,0,1,1231,0,336,0,336
146514,Playing,268288,760,0,0,0,0,1,1234,12,336,93,336
146760,Playing,297984,844,0,0,0,0,1,1237,0,336,0,336
147009,Playing,243712,690,0,0,0,0,1,1238,160,336,160,336
147260,Playing,264192,748,0,0,0,0,1,1241,80,336,161,336
147510,Playing,201728,571,0,0,0,0,1,1242,10,336,90,336
147759,Playing,231424,655,0,0,0,0,1,1245,158,336,158,336
148007,Playing,232448,658,0,0,0,0,1,1246,159,336,160,336
148259,Playing,225280,638,0,0,0,0,1,1249,8,336,8,336
148509,Playing,245760,696,0,0,0,0,1,1252,9,336,9,336
148761,Playing,155648,441,0,0,0,0,1,1252,9,336,9,336
149011,Playing,202752,574,0,0,0,0,1,1254,158,336,158,336
149260,Playing,195584,554,0,0,0,0,1,1255,159,336,160,336
149507,Playing,179200,507,0,0,0,0,1,1258,11,336,91,336
149756,Playing,189440,536,0,0,0,0,1,1260,160,336,160,336
150006,Playing,182272,516,0,0,0,0,1,1261,159,336,160,336
150252,Playing,211968,600,0,0,0,0,1,1263,160,336,160,336
150501,Playing,195584,554,0,0,0,0,1,1266,11,336,91,336
150751,Playing,150528,426,0,0,0,0,1,1267,188,336,188,336
151064,Playing,128000,362,0,0,0,0,1,1269,160,336,160,336
151315,Playing,120832,342,0,0,0,0,1,1270,176,336,177,336
151564,Playing,149504,423,0,0,0,0,1,1273,11,336,90,336
151815,Playing,142336,403,0,0,0,0,1,1274,167,336,167,336
152066,Playing,181248,513,0,0,0,0,1,1276,157,336,157,336
152310,Playing,174080,493,0,0,0,0,1,1277,310,336,311,336
152559,Playing,165888,470,0,0,0,0,1,1280,9,336,91,336
152807,Playing,112640,319,0,0,0,0,1,1281,160,336,160,336
153060,Playing,151552,429,0,0,0,0,1,1283,161,336,161,336
153309,Playing,144384,409,0,0,0,0,1,1284,160,336,160,336
153559,Playing,126976,359,0,0,0,0,1,1287,10,336,89,336
153809,Playing,165888,470,0,0,0,0,1,1290,11,336,11,336
154059,Playing,75776,214,0,0,0,0,1,1290,11,336,11,336
154259,Playing,131072,371,0,0,0,0,1,1292,157,336,157,336
154514,Playing,114688,325,0,0,0,0,1,1295,9,336,91,336
154763,Playing,115712,327,0,0,0,0,1,1296,161,336,161,336
155011,Playing,154624,438,0,0,0,0,1,1298,161,336,161,336
155263,Playing,110592,313,0,0,0,0,1,1299,159,336,159,336
155514,Playing,84992,240,0,0,0,0,1,1301,159,336,159,336
155765,Playing,67584,191,0,0,0,0,1,1304,9,336,9,336
156060,Playing,80896,229,0,0,0,0,1,1307,106,359,106,359
156311,Playing,27648,78,0,0,0,0,1,1308,161,359,161,359
156561,Playing,20480,58,0,0,0,0,1,1311,162,359,162,359
156751,Playing,19456,55,0,0,0,0,1,1313,10,359,88,359
157001,Buffering,82944,235,1,0,0,0,1,1316,0,359,0,359
157250,Buffering,156672,444,1,0,0,0,1,1318,149,359,149,359
157514,Buffering,193536,548,1,0,0,0,1,1319,161,359,161,359
157763,Buffering,285696,809,1,0,0,0,1,1323,10,359,10,359
158018,Buffering,369664,1047,1,1,0,0,1,1325,159,359,159,359
158269,Buffering,362496,1027,1,1,0,0,1,1326,164,359,164,359
158518,Buffering,364544,1033,1,1,0,0,1,1328,165,359,165,359
158768,Buffering,375808,1065,1,1,0,0,1,1331,12,359,12,359
159019,Buffering,293888,833,1,1,0,0,1,1331,12,359,12,359
159272,Buffering,305152,864,1,1,0,0,1,1334,160,359,160,359
159521,Buffering,334848,949,1,1,0,0,1,1336,159,359,159,359
159771,Buffering,327680,928,1,1,0,0,1,1339,160,359,160,359
160021,Buffering,320512,908,1,1,0,0,1,1340,158,359,158,359
160273,Buffering,339968,963,1,1,0,0,1,1342,158,359,158,359
160523,Buffering,323584,917,1,1,0,0,1,1344,8,359,8,359
160775,Buffering,233472,661,1,1,0,0,1,1344,8,359,8,359
161023,Buffering,309248,876,1,1,0,0,1,1348,193,383,193,383
161276,Buffering,273408,774,1,1,0,0,1,1349,153,383,153,383
161526,Buffering,293888,833,1,1,0,0,1,1352,158,383,158,383
161777,Buffering,203776,577,1,1,0,0,1,1353,195,383,195,383
162026,Buffering,251904,714,1,1,0,0,1,1357,0,383,0,383
162276,Buffering,189440,536,1,1,0,0,1,1358,189,383,189,383
162525,Buffering,208896,592,1,1,0,0,1,1360,9,383,9,383
162794,Buffering,184320,522,1,1,0,0,1,1363,11,383,106,383
163040,Buffering,185344,525,1,1,0,0,1,1364,191,383,191,383
163256,Buffering,195584,554,1,1,0,0,1,1366,148,383,148,383
163539,Buffering,180224,510,1,1,0,0,1,1367,173,383,173,383
163769,Buffering,162816,461,1,1,0,0,1,1370,0,383,135,383
164022,Buffering,118784,336,1,1,0,0,1,1371,119,383,120,383
164285,Buffering,157696,446,1,1,0,0,1,1373,123,383,123,383
164540,Buffering,187392,531,1,1,0,0,1,1375,150,383,150,383
164790,Buffering,180224,510,1,1,0,0,1,1378,11,383,94,383
165039,Buffering,136192,386,1,1,0,0,1,1379,157,383,157,383
165276,Buffering,183296,519,1,1,0,0,1,1381,105,383,105,383
165540,Buffering,130048,368,1,1,0,0,1,1382,161,383,161,383
165789,Buffering,132096,374,1,1,0,0,1,1384,159,383,159,383
166038,Buffering,143360,406,1,1,0,0,1,1387,159,383,159,383
166289,Buffering,144384,409,1,1,0,0,1,1388,161,383,161,383
166538,Buffering,183296,519,1,1,0,0,1,1390,161,383,162,383
166789,Buffering,157696,446,1,1,0,0,1,1393,6,383,87,383
167038,Buffering,113664,322,1,1,0,0,1,1394,162,383,162,383
167286,Buffering,114688,325,1,1,0,0,1,1396,43,383,43,383
167535,Buffering,135168,383,1,1,0,0,1,1398,160,383,161,383
167784,Buffering,109568,310,1,1,0,0,1,1400,82,383,159,383
168048,Buffering,93184,264,1,1,0,0,1,1402,0,383,0,383
168298,Buffering,95232,269,1,1,0,0,1,1404,160,383,160,383
168546,Buffering,88064,249,1,1,0,0,1,1406,10,383,11,383
168798,Buffering,70656,200,1,1,0,0,1,1408,157,383,158,383
169045,Buffering,63488,179,1,1,0,0,1,1411,159,383,159,383
169297,Buffering,56320,159,1,1,0,0,1,1412,166,383,166,383
169547,Buffering,49152,139,1,1,0,0,1,1414,161,383,161,383
169797,Buffering,50176,142,1,1,0,0,1,1416,0,383,0,383
170046,Buffering,24576,69,1,1,0,0,1,1419,8,383,90,383
170302,Buffering,82944,235,1,1,0,0,1,1422,0,383,0,383
170548,Playing,61440,174,1,2,0,0,1,1423,161,383,161,383
170796,Playing,91136,258,1,2,0,0,1,1425,165,383,165,383
171047,Playing,82944,235,1,2,0,0,1,1428,158,383,158,383
171294,Playing,75776,214,1,2,0,0,1,1429,159,383,159,383
171547,Playing,68608,194,1,2,0,0,1,1431,2,383,2,383
171793,Playing,61440,174,1,2,0,0,1,1433,159,383,159,383
172047,Buffering,82944,235,2,2,0,0,1,1436,1,383,1,383
172294,Buffering,119808,339,2,2,0,0,1,1437,156,383,156,383
172572,Buffering,193536,548,2,2,0,0,1,1438,160,383,161,383
172764,Buffering,276480,783,2,2,0,0,1,1440,0,383,0,383
173013,Buffering,322560,914,2,2,0,0,1,1443,11,383,80,383
173264,Buffering,376832,1068,2,3,0,0,1,1445,159,383,159,383
173514,Buffering,332800,943,2,3,0,0,1,1446,160,383,161,383
173760,Buffering,379904,1076,2,3,0,0,1,1448,162,383,162,383
174011,Buffering,299008,847,2,3,0,0,1,1450,78,383,157,383
174263,Buffering,291840,827,2,3,0,0,1,1452,0,383,0,383
174535,Buffering,313344,888,2,3,0,0,1,1454,157,383,157,383
174780,Buffering,323584,917,2,3,0,0,1,1456,161,383,161,383
175029,Buffering,344064,975,2,3,0,0,1,1460,10,383,10,383
175281,Buffering,300032,850,2,3,0,0,1,1461,159,383,159,383
175527,Buffering,338944,960,2,3,0,0,1,1464,9,383,9,383
175776,Buffering,293888,833,2,3,0,0,1,1465,160,383,160,383
176027,Buffering,268288,760,2,3,0,0,1,1467,160,383,160,383
176273,Buffering,261120,740,2,3,0,0,1,1470,2,383,2,383
176534,Buffering,253952,719,2,3,0,0,1,1471,333,383,333,383
176788,Buffering,256000,725,2,3,0,0,1,1473,160,383,160,383
177057,Buffering,276480,783,2,3,0,0,1,1476,0,383,107,383
177305,Buffering,269312,763,2,3,0,0,1,1478,159,383,159,383
177559,Buffering,262144,743,2,3,0,0,1,1479,161,383,161,383
177805,Buffering,301056,853,2,3,0,0,1,1482,11,383,11,383
178056,Buffering,274432,777,2,3,0,0,1,1485,9,383,90,383
178302,Buffering,230400,653,2,3,0,0,1,1486,160,383,160,383
178552,Buffering,223232,632,2,3,0,0,1,1488,160,383,160,383
178801,Buffering,216064,612,2,3,0,0,1,1489,161,383,161,383
179051,Buffering,207872,589,2,3,0,0,1,1491,163,383,163,383
179304,Buffering,237568,673,2,3,0,0,1,1494,159,383,159,383
179551,Buffering,184320,522,2,3,0,0,1,1495,162,383,162,383
179801,Buffering,223232,632,2,3,0,0,1,1497,161,383,161,383
180051,Buffering,187392,531,2,3,0,0,1,1498,160,383,160,383
180297,Buffering,171008,484,2,3,0,0,1,1501,10,383,89,383
180547,Buffering,209920,595,2,3,0,0,1,1503,161,383,161,383
180796,Buffering,164864,467,2,3,0,0,1,1504,160,383,160,383
181048,Buffering,157696,446,2,3,0,0,1,1505,159,383,159,383
181296,Buffering,178176,505,2,3,0,0,1,1509,8,383,8,383
181546,Buffering,171008,484,2,3,0,0,1,1511,157,383,157,383
181796,Buffering,172032,487,2,3,0,0,1,1513,0,383,0,383
182046,Buffering,164864,467,2,3,0,0,1,1515,156,383,156,383
182298,Buffering,157696,446,2,3,0,0,1,1518,0,383,0,383
182546,Buffering,104448,296,2,3,0,0,1,1519,157,383,157,383
182794,Buffering,97280,275,2,3,0,0,1,1521,160,383,160,383
183043,Buffering,98304,278,2,3,0,0,1,1523,0,383,0,383
183293,Buffering,63488,179,2,3,0,0,1,1526,13,383,109,383
183539,Buffering,27648,78,2,3,0,0,1,1527,156,383,156,383
183789,Buffering,103424,293,2,3,0,0,1,1529,159,383,159,383
184038,Buffering,105472,298,2,3,0,0,1,1531,161,383,161,383
184293,Buffering,79872,226,2,3,0,0,1,1534,158,383,238,383
184539,Buffering,26624,75,2,3,0,0,1,1535,161,383,161,383
184789,Buffering,46080,130,2,3,0,0,1,1538,159,383,160,383
185039,Buffering,82944,235,2,3,0,0,1,1539,160,383,160,383
185290,Playing,92160,261,2,4,0,0,1,1542,10,383,90,383
185545,Playing,121856,345,2,4,0,0,1,1544,158,383,158,383
185793,Playing,31744,89,2,4,0,0,1,1544,158,383,158,383
186046,Playing,43008,121,2,4,0,0,1,1547,159,383,159,383
186296,Playing,16384,46,2,4,0,0,1,1549,79,383,160,383
186547,Buffering,138240,391,3,4,0,0,1,1552,153,383,153,383
186796,Buffering,221184,626,3,4,0,0,1,1553,159,383,159,383
187046,Buffering,304128,862,3,4,0,0,1,1554,310,383,311,383
187293,Buffering,352256,998,3,5,0,0,1,1557,9,383,86,383
187545,Buffering,299008,847,3,5,0,0,1,1558,160,383,160,383
187793,Buffering,337920,957,3,5,0,0,1,1560,165,383,166,383
188044,Buffering,321536,911,3,5,0,0,1,1561,153,383,153,383
188294,Buffering,304128,862,3,5,0,0,1,1564,80,383,160,383
188540,Buffering,315392,893,3,5,0,0,1,1566,160,383,161,383
188788,Buffering,345088,978,3,5,0,0,1,1568,160,383,161,383
189035,Buffering,309248,876,3,5,0,0,1,1569,159,383,159,383
189272,Buffering,301056,853,3,5,0,0,1,1571,161,383,161,383
189517,Buffering,284672,806,3,5,0,0,1,1574,13,383,13,383
189768,Buffering,286720,812,3,5,0,0,1,1576,159,383,159,383
190017,Buffering,324608,920,3,5,0,0,1,1578,159,383,159,383
190267,Buffering,299008,847,3,5,0,0,1,1581,79,383,10,383
190554,Buffering,246784,699,3,5,0,0,1,1582,161,383,240,383
190798,Buffering,294912,835,3,5,0,0,1,1584,172,383,172,383
191047,Buffering,241664,684,3,5,0,0,1,1585,159,383,159,383
191296,Buffering,279552,792,3,5,0,0,1,1587,160,383,160,383
191546,Buffering,263168,745,3,5,0,0,1,1590,162,383,162,383
191796,Buffering,256000,725,3,5,0,0,1,1592,10,383,10,383
192042,Buffering,266240,754,3,5,0,0,1,1594,161,383,161,383
192292,Buffering,212992,603,3,5,0,0,1,1595,160,383,160,383
192540,Buffering,187392,531,3,5,0,0,1,1598,9,383,90,383
192789,Buffering,217088,615,3,5,0,0,1,1600,159,383,159,383
193043,Buffering,264192,748,3,5,0,0,1,1602,140,383,140,383
193290,Buffering,247808,702,3,5,0,0,1,1604,78,383,159,383
193539,Buffering,194560,551,3,5,0,0,1,1605,161,383,240,383
193789,Buffering,224256,635,3,5,0,0,1,1607,163,383,164,383
194044,Buffering,180224,510,3,5,0,0,1,1608,155,383,156,383
194293,Buffering,227328,644,3,5,0,0,1,1610,159,383,159,383
194543,Buffering,201728,571,3,5,0,0,1,1613,12,383,87,383
194790,Buffering,194560,551,3,5,0,0,1,1614,157,383,158,383
195040,Buffering,187392,531,3,5,0,0,1,1615,311,383,311,383
195290,Buffering,234496,664,3,5,0,0,1,1617,157,383,157,383
195538,Buffering,181248,513,3,5,0,0,1,1619,8,383,181,383
195785,Buffering,210944,597,3,5,0,0,1,1622,0,383,0,383
196037,Buffering,156672,444,3,5,0,0,1,1623,162,383,162,383
196288,Buffering,195584,554,3,5,0,0,1,1625,159,383,159,383
196539,Buffering,169984,481,3,5,0,0,1,1628,9,383,88,383
196788,Buffering,125952,357,3,5,0,0,1,1629,164,383,165,383
197056,Buffering,155648,441,3,5,0,0,1,1632,11,383,11,383
197306,Buffering,93184,264,3,5,0,0,1,1633,118,383,118,383
197556,Buffering,86016,243,3,5,0,0,1,1636,78,383,160,383
197810,Buffering,97280,275,3,5,0,0,1,1638,160,383,160,383
198056,Buffering,136192,386,3,5,0,0,1,1640,160,383,160,383
198302,Buffering,91136,258,3,5,0,0,1,1641,159,383,159,383
198554,Buffering,65536,185,3,5,0,0,1,1643,159,383,159,383
198802,Buffering,104448,296,3,5,0,0,1,1646,161,383,161,383
199054,Buffering,68608,194,3,5,0,0,1,1647,161,383,161,383
199301,Buffering,107520,304,3,5,0,0,1,1649,160,383,160,383
199552,Buffering,54272,153,3,5,0,0,1,1650,160,383,160,383
199802,Buffering,74752,211,3,5,0,0,1,1654,9,383,9,383
200051,Buffering,75776,214,3,5,0,0,1,1656,159,383,160,383
200301,Buffering,31744,89,3,5,0,0,1,1657,160,383,160,383
200551,Buffering,52224,148,3,5,0,0,1,1659,158,383,158,383
200800,Buffering,54272,153,3,5,0,0,1,1662,161,383,161,383
201055,Buffering,93184,264,3,5,0,0,1,1664,161,383,162,383
201298,Buffering,48128,136,3,5,0,0,1,1665,158,383,159,383
201552,Buffering,50176,142,3,5,0,0,1,1667,158,383,158,383
201797,Buffering,61440,174,3,5,0,0,1,1670,159,383,159,383
202046,Buffering,62464,177,3,5,0,0,1,1672,7,383,7,383
202297,Buffering,82944,235,3,5,0,0,1,1674,0,383,0,383
202547,Reconnecting,0,0,3,6,0,0,1,1675,157,383,157,383
202796,Reconnecting,0,0,3,6,0,0,1,1675,157,383,157,383
203047,Reconnecting,0,0,3,6,0,0,1,1675,157,383,157,383
203297,Reconnecting,0,0,3,6,0,0,1,1675,157,383,157,383
203551,Reconnecting,0,0,3,6,0,0,1,1675,157,383,157,383
203802,Reconnecting,0,0,3,6,0,0,1,1675,157,383,157,383
204047,Reconnecting,0,0,3,6,0,0,1,1675,157,383,157,383
204297,Reconnecting,0,0,3,6,0,0,1,1675,157,383,157,383
204551,Reconnecting,0,0,3,6,0,0,1,1675,157,383,157,383
204797,Reconnecting,0,0,3,6,0,0,1,1675,157,383,157,383
205043,Reconnecting,0,0,3,6,0,0,1,1675,157,383,157,383
205293,Reconnecting,0,0,3,6,0,0,1,1675,157,383,157,383
205543,Reconnecting,0,0,3,6,0,0,1,1675,157,383,157,383
205796,Reconnecting,0,0,3,6,0,0,1,1675,157,383,157,383
206047,Reconnecting,0,0,3,6,0,0,1,1675,157,383,157,383
206293,Reconnecting,0,0,3,6,0,0,1,1675,157,383,157,383
206546,Reconnecting,0,0,3,6,0,0,1,1675,157,383,157,383
206796,Reconnecting,0,0,3,6,0,0,1,1675,157,383,157,383
207043,Reconnecting,0,0,3,6,0,0,1,1675,157,383,157,383
207291,Reconnecting,0,0,3,6,0,0,1,1675,157,383,157,383
207540,Reconnecting,0,0,3,6,0,0,2,1675,157,383,157,383
207789,Reconnecting,0,0,3,6,0,0,2,1675,157,383,157,383
208040,Reconnecting,0,0,3,6,0,0,2,1675,157,383,157,383
208292,Reconnecting,0,0,3,6,0,0,2,1675,157,383,157,383
208540,Reconnecting,0,0,3,6,0,0,2,1675,157,383,157,383
208759,Reconnecting,147456,417,3,6,0,0,2,1688,0,383,0,383
209009,Reconnecting,1087488,3082,3,6,0,0,2,1708,0,383,0,383
209259,Playing,1619968,4591,3,6,0,0,2,1720,0,383,0,383
209508,Playing,1981440,5616,3,6,0,0,2,1729,8,383,8,383
209756,Playing,2461696,6977,3,6,0,0,2,1743,9,383,9,383
210009,Playing,2942976,8341,3,6,0,0,2,1758,77,383,8,383
210258,Playing,3415040,9679,3,6,0,0,2,1772,79,383,9,383
210508,Playing,4089856,11592,3,6,0,0,2,1789,8,383,8,383
210758,Playing,4090880,11595,3,6,0,0,2,1790,159,383,160,383
211005,Playing,4074496,11549,3,6,0,0,2,1792,159,383,159,383
211254,Playing,4021248,11398,3,6,0,0,2,1794,10,383,90,383
211502,Playing,4059136,11505,3,6,0,0,2,1796,161,383,161,383
211755,Playing,4098048,11615,3,6,0,0,2,1798,159,383,159,383
212002,Playing,4044800,11464,3,6,0,0,2,1799,161,383,161,383
212250,Playing,4036608,11441,3,6,0,0,2,1802,10,383,91,383
212500,Playing,4057088,11499,3,6,0,0,2,1804,154,383,154,383
212750,Playing,4022272,11400,3,6,0,0,2,1805,160,383,161,383
213000,Playing,4061184,11511,3,6,0,0,2,1807,159,383,159,383
213256,Playing,4016128,11383,3,6,0,0,2,1809,11,383,181,383
213560,Playing,4021248,11398,3,6,0,0,2,1811,160,383,160,383
213809,Playing,4031488,11427,3,6,0,0,2,1813,162,383,162,383
214059,Playing,4024320,11406,3,6,0,0,2,1815,129,383,129,383
214308,Playing,3989504,11308,3,6,0,0,2,1818,9,383,88,383
214555,Playing,4036608,11441,3,6,0,0,2,1820,159,383,160,383
214805,Playing,3983360,11290,3,6,0,0,2,1821,162,383,162,383
215055,Playing,4022272,11400,3,6,0,0,2,1823,160,383,160,383
215309,Playing,3996672,11328,3,6,0,0,2,1826,19,383,99,383
215556,Playing,3960832,11226,3,6,0,0,2,1827,151,383,151,383
215810,Playing,3953664,11206,3,6,0,0,2,1828,159,383,160,383
216056,Playing,3992576,11316,3,6,0,0,2,1830,160,383,160,383
216306,Playing,3966976,11244,3,6,0,0,2,1833,13,383,94,383
216555,Playing,3968000,11247,3,6,0,0,2,1834,158,383,158,383
216804,Playing,3923968,11122,3,6,0,0,2,1835,162,383,162,383
217054,Playing,3962880,11232,3,6,0,0,2,1837,9,383,9,383
217302,Playing,3917824,11104,3,6,0,0,2,1840,80,383,8,383
217552,Playing,3938304,11162,3,6,0,0,2,1842,161,383,161,383
217801,Playing,3931136,11142,3,6,0,0,2,1843,158,383,158,383
218052,Playing,3970048,11252,3,6,0,0,2,1845,160,383,160,383
218305,Playing,3953664,11206,3,6,0,0,2,1848,9,383,90,383
218555,Playing,3917824,11104,3,6,0,0,2,1849,161,383,161,383
218804,Playing,3910656,11084,3,6,0,0,2,1850,159,383,159,383
219054,Playing,3949568,11194,3,6,0,0,2,1852,160,383,160,383
219304,Playing,3932160,11145,3,6,0,0,2,1854,105,383,105,383
219554,Playing,3924992,11125,3,6,0,0,2,1855,168,383,168,383
219762,Playing,3888128,11020,3,6,0,0,2,1856,158,383,158,383
220004,Playing,3927040,11131,3,6,0,0,2,1858,116,383,116,383
220255,Playing,3891200,11029,3,6,0,0,2,1859,158,383,158,383
220504,Playing,3865600,10956,3,6,0,0,2,1862,11,383,92,383
220755,Playing,3904512,11067,3,6,0,0,2,1864,195,383,195,383
221003,Playing,3851264,10916,3,6,0,0,2,1865,155,383,155,383
221252,Playing,3861504,10945,3,6,0,0,2,1867,0,383,0,383
221501,Playing,3835904,10872,3,6,0,0,2,1870,9,383,107,383
221750,Playing,3837952,10878,3,6,0,0,2,1872,0,383,0,383
222001,Playing,3793920,10753,3,6,0,0,2,1873,171,383,171,383
222251,Playing,3841024,10887,3,6,0,0,2,1876,158,383,158,383
222500,Playing,3750912,10631,3,6,0,0,2,1878,80,383,183,383
222750,Playing,3817472,10820,3,6,0,0,2,1880,164,383,164,383
223060,Playing,3821568,10832,3,6,0,0,2,1882,162,383,162,383
223309,Playing,3795968,10759,3,6,0,0,2,1883,183,383,183,383
223558,Playing,3798016,10765,3,6,0,0,2,1886,8,383,84,383
223809,Playing,3762176,10663,3,6,0,0,2,1887,156,383,156,383
224002,Playing,3808256,10794,3,6,0,0,2,1890,0,383,0,383
224306,Playing,3766272,10675,3,6,0,0,2,1892,0,383,0,383
224555,Playing,3684352,10443,3,6,0,0,2,1894,77,383,304,383
224804,Playing,3741696,10605,3,6,0,0,2,1897,160,383,160,383
225054,Playing,3688448,10454,3,6,0,0,2,1898,158,383,158,383
225303,Playing,3755008,10643,3,6,0,0,2,1901,9,383,9,383
225554,Playing,3746816,10620,3,6,0,0,2,1904,0,383,0,383
225802,Playing,3675136,10417,3,6,0,0,2,1905,159,383,159,383
226052,Playing,3714048,10527,3,6,0,0,2,1908,161,383,161,383
226301,Playing,3678208,10425,3,6,0,0,2,1909,161,383,161,383
226550,Playing,3634176,10300,3,6,0,0,2,1911,161,383,161,383
226814,Playing,3682304,10437,3,6,0,0,2,1914,158,383,158,383
227005,Playing,3645440,10332,3,6,0,0,2,1915,162,383,162,383
227255,Playing,3692544,10466,3,6,0,0,2,1917,168,383,168,383
227517,Playing,3658752,10370,3,6,0,0,2,1920,8,383,92,383
227760,Playing,3622912,10269,3,6,0,0,2,1921,158,383,158,383
228118,Playing,3620864,10263,3,6,0,0,2,1924,191,383,191,383
228333,Playing,3630080,10289,3,6,0,0,2,1926,29,383,29,383
228522,Playing,3619840,10260,3,6,0,0,2,1928,69,383,270,383
228771,Playing,3631104,10292,3,6,0,0,2,1930,157,383,157,383
229019,Playing,3678208,10425,3,6,0,0,2,1932,162,383,162,383
229266,Playing,3634176,10300,3,6,0,0,2,1933,157,383,157,383
229515,Playing,3617792,10254,3,6,0,0,2,1935,84,383,161,383
229777,Playing,3601408,10208,3,6,0,0,2,1937,12,383,12,383
230055,Playing,3586048,10164,3,6,0,0,2,1938,309,383,310,383
230268,Playing,3641344,10321,3,6,0,0,2,1940,143,383,144,383
230547,Playing,3598336,10199,3,6,0,0,2,1942,115,383,115,383
230796,Playing,3637248,10309,3,6,0,0,2,1945,159,383,159,383
231018,Playing,3601408,10208,3,6,0,0,2,1946,194,383,194,383
231273,Playing,3602432,10210,3,6,0,0,2,1948,108,383,108,383
231535,Playing,3577856,10141,3,6,0,0,2,1950,61,383,250,383
231750,Playing,3568640,10115,3,6,0,0,2,1952,5,383,5,383
232088,Playing,3528704,10001,3,6,0,0,2,1954,153,383,154,383
232281,Playing,3592192,10181,3,6,0,0,2,1956,130,383,130,383
232539,Playing,3548160,10057,3,6,0,0,2,1957,182,383,182,383
232817,Playing,3459072,9804,3,6,0,0,2,1958,168,383,168,383
233094,Playing,3499008,9917,3,6,0,0,2,1961,52,383,52,383
233314,Playing,3462144,9813,3,6,0,0,2,1962,220,383,220,383
233556,Playing,3537920,10028,3,6,0,0,2,1964,213,383,213,383
233759,Playing,3491840,9897,3,6,0,0,2,1966,12,383,37,383
234126,Playing,3452928,9787,3,6,0,0,2,1968,260,383,260,383
234289,Playing,3515392,9964,3,6,0,0,2,1970,98,383,98,383
234554,Playing,3508224,9943,3,6,0,0,2,1972,4,383,4,383
234818,Playing,3501056,9923,3,6,0,0,2,1976,11,383,11,383
235002,Playing,3481600,9868,3,6,0,0,2,1977,196,383,196,383
235305,Playing,3495936,9909,3,6,0,0,2,1979,186,383,186,383
235534,Playing,3459072,9804,3,6,0,0,2,1980,137,383,137,383
235794,Playing,3397632,9630,3,6,0,0,2,1982,1,383,317,383
236022,Playing,3406848,9656,3,6,0,0,2,1984,11,383,11,383
236262,Playing,3399680,9636,3,6,0,0,2,1986,140,383,140,383
236513,Playing,3429376,9720,3,6,0,0,2,1988,131,383,132,383
236851,Playing,3360768,9525,3,6,0,0,2,1992,9,383,72,383
237025,Playing,3332096,9444,3,6,0,0,2,1993,273,383,273,383
237342,Playing,3318784,9406,3,6,0,0,2,1996,79,383,79,383
237718,Playing,3307520,9375,3,6,0,0,2,1998,310,383,310,383
237831,Playing,3303424,9363,3,6,0,0,2,2000,14,383,94,383
238067,Playing,3304448,9366,3,6,0,0,2,2001,156,383,156,383
238275,Playing,3350528,9496,3,6,0,0,2,2004,0,383,0,383
238505,Playing,3287040,9317,3,6,0,0,2,2005,159,383,159,383
238814,Playing,3245056,9198,3,6,0,0,2,2007,89,383,160,383
239026,Playing,3235840,9171,3,6,0,0,2,2009,0,383,0,383
239267,Playing,3228672,9151,3,6,0,0,2,2010,304,383,304,383
239530,Playing,3267584,9261,3,6,0,0,2,2012,157,383,157,383
239767,Playing,3240960,9186,3,6,0,0,2,2015,10,383,90,383
240051,Playing,3271680,9273,3,6,0,0,2,2017,162,383,162,383
240277,Playing,3235840,9171,3,6,0,0,2,2018,156,383,156,383
240523,Playing,3182592,9020,3,6,0,0,2,2019,162,383,162,383
240814,Playing,3176448,9003,3,6,0,0,2,2021,11,383,11,383
241002,Playing,3194880,9055,3,6,0,0,2,2025,5,383,5,383
241393,Playing,3155968,8945,3,6,0,0,2,2027,159,383,160,383
241656,Playing,3177472,9006,3,6,0,0,2,2029,159,383,159,383
241802,Playing,3165184,8971,3,6,0,0,2,2030,163,383,163,383
242114,Playing,3169280,8983,3,6,0,0,2,2033,159,383,159,383
242338,Playing,3207168,9090,3,6,0,0,2,2036,12,383,12,383
242502,Playing,3149824,8928,3,6,0,0,2,2036,12,383,12,383
242788,Playing,3134464,8884,3,6,0,0,2,2038,0,383,0,383
243076,Playing,3110912,8817,3,6,0,0,2,2042,161,383,161,383
243255,Playing,3136512,8890,3,6,0,0,2,2044,0,383,0,383
243581,Playing,3123200,8852,3,6,0,0,2,2046,162,383,162,383
243777,Playing,3095552,8774,3,6,0,0,2,2047,157,383,157,383
244180,Playing,3066880,8692,3,6,0,0,2,2050,160,383,160,383
244331,Playing,3046400,8634,3,6,0,0,2,2051,157,383,158,383
244516,Playing,3026944,8579,3,6,0,0,2,2052,164,383,165,383
244818,Playing,3049472,8643,3,6,0,0,2,2054,159,383,160,383
245035,Playing,3031040,8591,3,6,0,0,2,2057,9,383,88,383
245334,Playing,3053568,8655,3,6,0,0,2,2059,158,383,158,383
245506,Playing,3033088,8597,3,6,0,0,2,2060,161,383,161,383
245763,Playing,3017728,8553,3,6,0,0,2,2062,0,383,0,383
246018,Playing,3001344,8507,3,6,0,0,2,2065,9,383,89,383
246264,Playing,2965504,8405,3,6,0,0,2,2066,161,383,161,383
246513,Playing,3004416,8515,3,6,0,0,2,2068,160,383,160,383
246755,Playing,2959360,8388,3,6,0,0,2,2069,162,383,162,383
247009,Playing,2933760,8315,3,6,0,0,2,2072,84,383,5,383
247263,Playing,2981888,8452,3,6,0,0,2,2074,161,383,162,383
247542,Playing,3012608,8539,3,6,0,0,2,2076,160,383,160,383
247825,Playing,2951168,8364,3,6,0,0,2,2077,160,383,160,383
248029,Playing,2941952,8338,3,6,0,0,2,2080,9,383,89,383
248322,Playing,2918400,8272,3,6,0,0,2,2081,160,383,160,383
248626,Playing,2940928,8335,3,6,0,0,2,2083,161,383,161,383
248852,Playing,2914304,8260,3,6,0,0,2,2084,154,383,154,383
249073,Playing,2941952,8338,3,6,0,0,2,2087,13,383,92,383
249380,Playing,2927616,8298,3,6,0,0,2,2089,161,383,161,383
249527,Playing,2907136,8240,3,6,0,0,2,2090,157,383,157,383
249847,Playing,2912256,8254,3,6,0,0,2,2092,157,383,158,383
250064,Playing,2884608,8176,3,6,0,0,2,2093,159,383,159,383
250264,Playing,2929664,8304,3,6,0,0,2,2097,3,383,3,383
250518,Playing,2922496,8283,3,6,0,0,2,2099,162,383,162,383
250752,Playing,2915328,8263,3,6,0,0,2,2101,154,383,154,383
251048,Playing,2881536,8167,3,6,0,0,2,2103,163,383,163,383
251285,Playing,2883584,8173,3,6,0,0,2,2106,146,383,146,383
251534,Playing,2884608,8176,3,6,0,0,2,2107,174,383,174,383
251784,Playing,2914304,8260,3,6,0,0,2,2110,2,383,2,383
252031,Playing,2851840,8083,3,6,0,0,2,2111,150,383,150,383
252285,Playing,2826240,8010,3,6,0,0,2,2114,9,383,87,383
252534,Playing,2836480,8039,3,6,0,0,2,2116,8,383,8,383
252781,Playing,2829312,8019,3,6,0,0,2,2117,311,383,311,383
253033,Playing,2840576,8051,3,6,0,0,2,2119,186,383,186,383
253280,Playing,2814976,7978,3,6,0,0,2,2122,0,383,0,383
253534,Playing,2752512,7801,3,6,0,0,2,2123,154,383,154,383
253793,Playing,2791424,7912,3,6,0,0,2,2125,145,383,145,383
254042,Playing,2792448,7915,3,6,0,0,2,2127,9,383,9,383
254292,Playing,2766848,7842,3,6,0,0,2,2129,10,383,330,383
254543,Playing,2805760,7952,3,6,0,0,2,2131,162,383,163,383
254792,Playing,2761728,7828,3,6,0,0,2,2132,160,383,161,383
255041,Playing,2763776,7833,3,6,0,0,2,2134,159,383,159,383
255288,Playing,2774016,7862,3,6,0,0,2,2138,10,383,10,383
255538,Playing,2720768,7711,3,6,0,0,2,2139,162,383,162,383
255787,Playing,2759680,7822,3,6,0,0,2,2141,160,383,160,383
256035,Playing,2760704,7825,3,6,0,0,2,2143,9,383,10,383
256301,Playing,2662400,7546,3,6,0,0,2,2144,310,383,310,383
256550,Playing,2718720,7706,3,6,0,0,2,2147,157,383,157,383
256799,Playing,2674688,7581,3,6,0,0,2,2148,159,383,159,383
257050,Playing,2713600,7691,3,6,0,0,2,2150,163,383,163,383
257300,Playing,2678784,7592,3,6,0,0,2,2153,11,383,91,383
257538,Playing,2679808,7595,3,6,0,0,2,2154,159,383,159,383
257783,Playing,2709504,7680,3,6,0,0,2,2157,8,383,8,383
258033,Playing,2710528,7682,3,6,0,0,2,2159,0,383,0,383
258283,Playing,2675712,7584,3,6,0,0,2,2162,12,383,92,383
258533,Playing,2631680,7459,3,6,0,0,2,2163,158,383,158,383
258781,Playing,2670592,7569,3,6,0,0,2,2165,161,383,161,383
259029,Playing,2625536,7441,3,6,0,0,2,2166,160,383,160,383
259284,Playing,2646016,7500,3,6,0,0,2,2169,9,383,89,383
259529,Playing,2638848,7479,3,6,0,0,2,2170,310,383,310,383
259779,Playing,2603008,7378,3,6,0,0,2,2171,159,383,159,383
260026,Playing,2605056,7383,3,6,0,0,2,2173,11,383,12,383
260279,Playing,2597888,7363,3,6,0,0,2,2175,166,383,166,383
260529,Playing,2581504,7317,3,6,0,0,2,2178,11,383,11,383
260777,Playing,2628608,7450,3,6,0,0,2,2181,158,383,158,383
261026,Playing,2575360,7299,3,6,0,0,2,2182,160,383,160,383
261275,Playing,2586624,7331,3,6,0,0,2,2185,75,383,164,383
261524,Playing,2579456,7311,3,6,0,0,2,2187,160,383,160,383
261775,Playing,2626560,7444,3,6,0,0,2,2189,160,383,160,383
262023,Playing,2582528,7320,3,6,0,0,2,2190,160,383,160,383
262275,Playing,2566144,7273,3,6,0,0,2,2192,81,383,160,383
262522,Playing,2576384,7302,3,6,0,0,2,2194,160,383,160,383
262771,Playing,2541568,7203,3,6,0,0,2,2195,161,383,161,383
263014,Playing,2580480,7314,3,6,0,0,2,2197,158,383,159,383
263267,Playing,2544640,7212,3,6,0,0,2,2198,160,383,160,383
263514,Playing,2509824,7114,3,6,0,0,2,2201,9,383,87,383
263763,Playing,2502656,7093,3,6,0,0,2,2202,160,383,160,383
264009,Playing,2549760,7227,3,6,0,0,2,2204,159,383,159,383
264262,Playing,2542592,7206,3,6,0,0,2,2205,162,383,162,383
264505,Playing,2480128,7029,3,6,0,0,2,2207,9,383,179,383
264805,Playing,2493440,7067,3,6,0,0,2,2209,187,383,187,383
265055,Playing,2540544,7201,3,6,0,0,2,2211,160,383,161,383
265304,Playing,2496512,7076,3,6,0,0,2,2212,158,383,158,383
265553,Playing,2461696,6977,3,6,0,0,2,2215,10,383,90,383
265803,Playing,2481152,7032,3,6,0,0,2,2217,160,383,160,383
266052,Playing,2501632,7090,3,6,0,0,2,2220,161,383,161,383
266301,Playing,2494464,7070,3,6,0,0,2,2221,162,383,162,383
266552,Playing,2459648,6971,3,6,0,0,2,2224,5,383,93,383
266803,Playing,2460672,6974,3,6,0,0,2,2226,159,383,159,383
267050,Playing,2453504,6954,3,6,0,0,2,2228,0,383,0,383
267301,Playing,2446336,6934,3,6,0,0,2,2230,161,383,161,383
267550,Playing,2428928,6884,3,6,0,0,2,2233,0,383,0,383
267796,Playing,2357248,6681,3,6,0,0,2,2234,160,383,160,383
268048,Playing,2350080,6661,3,6,0,0,2,2236,11,383,11,383
268295,Playing,2342912,6640,3,6,0,0,2,2238,0,383,0,383
268546,Playing,2279424,6460,3,6,0,0,2,2240,159,383,159,383
268796,Playing,2327552,6597,3,6,0,0,2,2244,0,383,0,383
269042,Playing,2255872,6394,3,6,0,0,2,2245,161,383,161,383
269293,Playing,2302976,6527,3,6,0,0,2,2247,159,383,159,383
269541,Playing,2277376,6455,3,6,0,0,2,2250,16,383,96,383
269791,Playing,2270208,6434,3,6,0,0,2,2252,157,383,157,383
270041,Playing,2263040,6414,3,6,0,0,2,2254,0,383,0,383
270293,Playing,2282496,6469,3,6,0,0,2,2256,158,383,158,383
270545,Playing,2247680,6370,3,6,0,0,2,2259,9,383,89,383
270796,Playing,2203648,6246,3,6,0,0,2,2260,160,383,160,383
271045,Playing,2242560,6356,3,6,0,0,2,2262,160,383,160,383
271296,Playing,2189312,6205,3,6,0,0,2,2263,159,383,159,383
271543,Playing,2181120,6182,3,6,0,0,2,2265,160,383,160,383
271791,Playing,2201600,6240,3,6,0,0,2,2268,160,383,160,383
272041,Playing,2157568,6115,3,6,0,0,2,2269,160,383,161,383
272291,Playing,2204672,6249,3,6,0,0,2,2271,160,383,160,383
272541,Playing,2160640,6124,3,6,0,0,2,2273,162,383,162,383
272797,Playing,2208768,6260,3,6,0,0,2,2276,160,383,160,383
273038,Playing,2155520,6109,3,6,0,0,2,2277,188,383,188,383
273289,Playing,2202624,6243,3,6,0,0,2,2279,160,383,161,383
273554,Playing,2159616,6121,3,6,0,0,2,2282,5,383,88,383
273806,Playing,2115584,5996,3,6,0,0,2,2283,157,383,157,383
274057,Playing,2162688,6130,3,6,0,0,2,2286,157,383,157,383
274308,Playing,2109440,5979,3,6,0,0,2,2287,159,383,160,383
274555,Playing,2120704,6011,3,6,0,0,2,2289,159,383,159,383
274805,Playing,2095104,5938,3,6,0,0,2,2292,0,383,0,383
275054,Playing,2059264,5836,3,6,0,0,2,2293,161,383,162,383
275304,Playing,2098176,5947,3,6,0,0,2,2295,159,383,159,383
275553,Playing,2081792,5900,3,6,0,0,2,2298,79,383,8,383
275805,Playing,2056192,5828,3,6,0,0,2,2300,159,383,159,383
276049,Playing,2057216,5831,3,6,0,0,2,2301,202,383,202,383
276301,Playing,2096128,5941,3,6,0,0,2,2303,159,383,160,383
276551,Playing,2052096,5816,3,6,0,0,2,2304,159,383,159,383
276803,Playing,2017280,5717,3,6,0,0,2,2307,8,383,89,383
277054,Playing,2018304,5720,3,6,0,0,2,2308,161,383,161,383
277304,Playing,2011136,5700,3,6,0,0,2,2309,310,383,310,383
277504,Playing,2057216,5831,3,6,0,0,2,2311,158,383,158,383
277754,Playing,2031616,5758,3,6,0,0,2,2313,160,383,240,383
278004,Playing,1995776,5656,3,6,0,0,2,2314,159,383,159,383
278252,Playing,1988608,5636,3,6,0,0,2,2316,10,383,11,383
278502,Playing,1981440,5616,3,6,0,0,2,2317,314,383,314,383
278754,Playing,1954816,5540,3,6,0,0,2,2319,160,383,160,383
279004,Playing,1993728,5651,3,6,0,0,2,2322,159,383,159,383
279254,Playing,2032640,5761,3,6,0,0,2,2324,160,383,160,383
279501,Playing,1987584,5633,3,6,0,0,2,2325,174,383,175,383
279756,Playing,1943552,5508,3,6,0,0,2,2327,171,383,145,383
280001,Playing,1964032,5566,3,6,0,0,2,2330,160,383,161,383
280259,Playing,1956864,5546,3,6,0,0,2,2331,164,383,164,383
280501,Playing,1949696,5526,3,6,0,0,2,2332,311,383,312,383
280751,Playing,1932288,5477,3,6,0,0,2,2333,312,383,312,383
281062,Playing,1918976,5439,3,6,0,0,2,2337,0,383,0,383
281310,Playing,1864704,5285,3,6,0,0,2,2338,195,383,195,383
281559,Playing,1912832,5421,3,6,0,0,2,2340,157,383,157,383
281809,Playing,1859584,5270,3,6,0,0,2,2341,339,383,339,383
282058,Playing,1852416,5250,3,6,0,0,2,2343,11,383,11,383
282308,Playing,1890304,5358,3,6,0,0,2,2345,96,383,96,383
282503,Playing,1908736,5410,3,6,0,0,2,2347,8,383,8,383
282805,Playing,1802240,5108,3,6,0,0,2,2347,8,383,8,383
283009,Playing,1829888,5186,3,6,0,0,2,2351,10,383,10,383
283262,Playing,1822720,5166,3,6,0,0,2,2352,165,383,165,383
283513,Playing,1823744,5169,3,6,0,0,2,2354,3,383,3,383
283766,Playing,1798144,5096,3,6,0,0,2,2357,151,383,151,383
284013,Playing,1763328,4998,3,6,0,0,2,2359,8,383,90,383
284267,Playing,1756160,4977,3,6,0,0,2,2361,0,383,0,383
284572,Playing,1751040,4963,3,6,0,0,2,2363,179,383,179,383
284766,Playing,1759232,4986,3,6,0,0,2,2365,149,383,149,383
285014,Playing,1779712,5044,3,6,0,0,2,2369,0,383,0,383
285263,Playing,1717248,4867,3,6,0,0,2,2370,158,383,158,383
285513,Playing,1718272,4870,3,6,0,0,2,2372,158,383,158,383
285763,Playing,1711104,4850,3,6,0,0,2,2373,159,383,159,383
286012,Playing,1676288,4751,3,6,0,0,2,2376,13,383,92,383
286259,Playing,1715200,4861,3,6,0,0,2,2378,183,383,183,383
286509,Playing,1679360,4760,3,6,0,0,2,2379,137,383,137,383
286758,Playing,1699840,4818,3,6,0,0,2,2381,67,383,68,383
287022,Playing,1637376,4641,3,6,0,0,2,2383,10,383,88,383
287275,Playing,1676288,4751,3,6,0,0,2,2385,173,383,173,383
287537,Playing,1660928,4707,3,6,0,0,2,2386,151,383,151,383
287797,Playing,1653760,4687,3,6,0,0,2,2388,162,383,162,383
288050,Playing,1628160,4614,3,6,0,0,2,2391,10,383,90,383
288305,Playing,1620992,4594,3,6,0,0,2,2392,163,383,163,383
288550,Playing,1622016,4597,3,6,0,0,2,2394,159,383,159,383
288768,Playing,1594368,4519,3,6,0,0,2,2395,165,383,165,383
289038,Playing,1588224,4501,3,6,0,0,2,2398,7,383,91,383
289296,Playing,1590272,4507,3,6,0,0,2,2400,162,383,162,383
289550,Playing,1619968,4591,3,6,0,0,2,2402,170,383,170,383
289800,Playing,1612800,4571,3,6,0,0,2,2403,149,383,150,383
290051,Playing,1541120,4368,3,6,0,0,2,2404,311,383,311,383
290268,Playing,1559552,4420,3,6,0,0,2,2407,12,383,12,383
290501,Playing,1560576,4423,3,6,0,0,2,2409,151,383,151,383
290785,Playing,1563648,4432,3,6,0,0,2,2412,143,383,144,383
291005,Playing,1537024,4356,3,6,0,0,2,2415,13,383,87,383
291267,Playing,1529856,4336,3,6,0,0,2,2417,2,383,2,383
291526,Playing,1541120,4368,3,6,0,0,2,2420,6,383,6,383
291767,Playing,1451008,4112,3,6,0,0,2,2420,6,383,6,383
292016,Playing,1452032,4115,3,6,0,0,2,2423,162,383,162,383
292266,Playing,1444864,4095,3,6,0,0,2,2426,159,383,159,383
292534,Playing,1447936,4104,3,6,0,0,2,2429,153,383,153,383
292779,Playing,1448960,4107,3,6,0,0,2,2430,160,383,161,383
293029,Playing,1386496,3929,3,6,0,0,2,2431,307,383,307,383
293278,Playing,1296384,3674,3,6,0,0,2,2431,307,383,307,383
293530,Playing,1206272,3419,3,6,0,0,2,2431,307,383,307,383
293779,Playing,1124352,3186,3,6,0,0,2,2431,307,383,307,383
294033,Playing,1310720,3715,3,6,0,0,2,2439,8,912,8,912
294288,Playing,1321984,3747,3,6,0,0,2,2442,158,912,158,912
294537,Playing,1277952,3622,3,6,0,0,2,2443,160,912,160,912
294785,Playing,1307648,3706,3,6,0,0,2,2445,160,912,160,912
295038,Playing,1299456,3683,3,6,0,0,2,2447,80,912,80,912
295289,Playing,1273856,3610,3,6,0,0,2,2449,0,912,0,912
295538,Playing,1266688,3590,3,6,0,0,2,2450,311,912,311,912
295787,Playing,1213440,3439,3,6,0,0,2,2451,158,912,159,912
296037,Playing,1214464,3442,3,6,0,0,2,2452,183,912,183,912
296288,Playing,1170432,3317,3,6,0,0,2,2453,478,912,478,912
296537,Playing,1246208,3532,3,6,0,0,2,2457,163,912,163,912
296812,Playing,1230848,3488,3,6,0,0,2,2458,157,912,157,912
297029,Playing,1249280,3541,3,6,0,0,2,2460,135,912,135,912
297268,Playing,1241088,3517,3,6,0,0,2,2463,2,912,2,912
297516,Playing,1197056,3393,3,6,0,0,2,2464,159,912,159,912
297766,Playing,1189888,3372,3,6,0,0,2,2465,161,912,161,912
298022,Playing,1182720,3352,3,6,0,0,2,2466,309,912,310,912
298264,Playing,1156096,3276,3,6,0,0,2,2469,12,912,92,912
298513,Playing,1195008,3387,3,6,0,0,2,2471,154,912,154,912
298762,Playing,1104896,3131,3,6,0,0,2,2471,154,912,154,912
299011,Playing,1152000,3265,3,6,0,0,2,2475,10,912,10,912
299262,Playing,1135616,3218,3,6,0,0,2,2478,9,912,91,912
299512,Playing,1128448,3198,3,6,0,0,2,2480,158,912,158,912
299762,Playing,1121280,3178,3,6,0,0,2,2481,160,912,160,912
300010,Playing,1122304,3181,3,6,0,0,2,2483,160,912,160,912
300258,Playing,1142784,3239,3,6,0,0,2,2487,10,912,10,912
300508,Playing,1098752,3114,3,6,0,0,2,2488,160,912,160,912
300775,Playing,1128448,3198,3,6,0,0,2,2490,164,912,164,912
301021,Playing,1084416,3073,3,6,0,0,2,2491,157,912,157,912
301271,Playing,1049600,2975,3,6,0,0,2,2492,309,912,310,912
301520,Playing,1105920,3134,3,6,0,0,2,2495,166,912,166,912
301770,Playing,1061888,3009,3,6,0,0,2,2496,151,912,151,912
302020,Playing,1091584,3094,3,6,0,0,2,2498,160,912,161,912
302272,Playing,1056768,2995,3,6,0,0,2,2501,10,912,90,912
302524,Playing,1095680,3105,3,6,0,0,2,2504,10,912,10,912
302775,Playing,1013760,2873,3,6,0,0,2,2504,10,912,10,912
303020,Playing,1052672,2983,3,6,0,0,2,2506,160,912,160,912
303270,Playing,1017856,2885,3,6,0,0,2,2508,78,912,160,912
303519,Playing,1000448,2835,3,6,0,0,2,2510,0,912,0,912
303771,Playing,1030144,2919,3,6,0,0,2,2512,166,912,166,912
304025,Playing,1022976,2899,3,6,0,0,2,2513,303,912,304,912
304262,Playing,977920,2771,3,6,0,0,2,2515,80,912,161,912
304504,Playing,952320,2699,3,6,0,0,2,2517,157,912,157,912
304753,Playing,991232,2809,3,6,0,0,2,2519,160,912,160,912
305005,Playing,992256,2812,3,6,0,0,2,2520,161,912,161,912
305251,Playing,966656,2739,3,6,0,0,2,2522,156,912,156,912
305513,Playing,977920,2771,3,6,0,0,2,2525,161,912,161,912
305753,Playing,924672,2620,3,6,0,0,2,2526,160,912,160,912
306004,Playing,971776,2754,3,6,0,0,2,2528,159,912,159,912
306254,Playing,964608,2734,3,6,0,0,2,2529,161,912,161,912
306507,Playing,929792,2635,3,6,0,0,2,2532,11,912,91,912
306753,Playing,922624,2615,3,6,0,0,2,2533,159,912,159,912
307003,Playing,969728,2748,3,6,0,0,2,2535,158,912,159,912
307253,Playing,944128,2676,3,6,0,0,2,2536,312,912,312,912
307500,Playing,900096,2551,3,6,0,0,2,2538,10,912,89,912
307750,Playing,910336,2580,3,6,0,0,2,2540,160,912,160,912
308001,Playing,958464,2716,3,6,0,0,2,2542,159,912,159,912
308311,Playing,908288,2574,3,6,0,0,2,2544,160,912,160,912
308559,Playing,909312,2577,3,6,0,0,2,2547,160,912,160,912
308807,Playing,902144,2557,3,6,0,0,2,2548,160,912,160,912
309070,Playing,894976,2536,3,6,0,0,2,2550,159,912,160,912
309275,Playing,904192,2562,3,6,0,0,2,2551,160,912,160,912
309529,Playing,887808,2516,3,6,0,0,2,2554,9,912,88,912
309776,Playing,917504,2600,3,6,0,0,2,2556,161,912,161,912
310025,Playing,890880,2525,3,6,0,0,2,2557,192,912,192,912
310275,Playing,883712,2504,3,6,0,0,2,2559,43,912,44,912
310526,Playing,876544,2484,3,6,0,0,2,2562,5,912,103,912
310775,Playing,832512,2359,3,6,0,0,2,2563,190,912,190,912
311021,Playing,879616,2493,3,6,0,0,2,2565,160,912,160,912
311274,Playing,872448,2472,3,6,0,0,2,2566,161,912,161,912
311524,Playing,819200,2321,3,6,0,0,2,2567,333,912,333,912
311775,Playing,894976,2536,3,6,0,0,2,2572,11,912,11,912
312029,Playing,850944,2411,3,6,0,0,2,2573,158,912,159,912
312279,Playing,851968,2414,3,6,0,0,2,2575,10,912,10,912
312529,Playing,854016,2420,3,6,0,0,2,2578,10,912,89,912
312755,Playing,818176,2319,3,6,0,0,2,2579,234,912,234,912
313062,Playing,822272,2330,3,6,0,0,2,2581,192,912,193,912
313312,Playing,815104,2310,3,6,0,0,2,2582,159,912,160,912
313500,Playing,795648,2255,3,6,0,0,2,2584,159,912,159,912
313751,Playing,797696,2261,3,6,0,0,2,2587,158,912,158,912
314062,Playing,820224,2324,3,6,0,0,2,2589,156,912,156,912
314250,Playing,837632,2374,3,6,0,0,2,2590,160,912,160,912
314562,Playing,787456,2232,3,6,0,0,2,2593,9,912,90,912
314812,Playing,788480,2234,3,6,0,0,2,2595,0,912,0,912
315061,Playing,735232,2083,3,6,0,0,2,2596,161,912,161,912
315309,Playing,755712,2142,3,6,0,0,2,2598,8,912,8,912
315558,Playing,720896,2043,3,6,0,0,2,2600,78,912,161,912
315808,Playing,712704,2020,3,6,0,0,2,2602,0,912,0,912
316058,Playing,705536,1999,3,6,0,0,2,2604,159,912,160,912
316309,Playing,744448,2110,3,6,0,0,2,2606,160,912,160,912
316558,Playing,727040,2060,3,6,0,0,2,2609,9,912,89,912
316808,Playing,683008,1935,3,6,0,0,2,2610,160,912,160,912
317058,Playing,721920,2046,3,6,0,0,2,2612,160,912,161,912
317308,Playing,714752,2025,3,6,0,0,2,2614,9,912,9,912
317558,Playing,688128,1950,3,6,0,0,2,2615,309,912,310,912
317805,Playing,690176,1956,3,6,0,0,2,2618,161,912,161,912
318070,Playing,646144,1831,3,6,0,0,2,2619,161,912,161,912
318259,Playing,701440,1988,3,6,0,0,2,2621,157,912,157,912
318508,Playing,693248,1964,3,6,0,0,2,2623,78,912,161,912
318758,Playing,676864,1918,3,6,0,0,2,2624,159,912,238,912
319009,Playing,669696,1898,3,6,0,0,2,2625,313,912,313,912
319264,Playing,625664,1773,3,6,0,0,2,2626,178,912,178,912
319512,Playing,672768,1906,3,6,0,0,2,2628,162,912,162,912
319757,Playing,674816,1912,3,6,0,0,2,2632,10,912,10,912
320051,Playing,614400,1741,3,6,0,0,2,2633,160,912,160,912
320257,Playing,660480,1872,3,6,0,0,2,2635,160,912,160,912
320507,Playing,624640,1770,3,6,0,0,2,2636,162,912,162,912
320756,Playing,654336,1854,3,6,0,0,2,2639,9,912,177,912
321005,Playing,610304,1729,3,6,0,0,2,2640,162,912,162,912
321253,Playing,657408,1863,3,6,0,0,2,2642,159,912,159,912
321503,Playing,604160,1712,3,6,0,0,2,2643,160,912,161,912
321753,Playing,615424,1744,3,6,0,0,2,2647,9,912,89,912
322003,Playing,608256,1724,3,6,0,0,2,2649,161,912,161,912
322254,Playing,572416,1622,3,6,0,0,2,2650,159,912,159,912
322503,Playing,611328,1732,3,6,0,0,2,2652,159,912,159,912
322753,Playing,558080,1581,3,6,0,0,2,2653,170,912,170,912
323003,Playing,532480,1509,3,6,0,0,2,2656,9,912,90,912
323252,Playing,579584,1642,3,6,0,0,2,2658,159,912,159,912
323501,Playing,618496,1753,3,6,0,0,2,2660,158,912,158,912
323811,Playing,576512,1634,3,6,0,0,2,2663,10,912,89,912
324062,Playing,569344,1613,3,6,0,0,2,2664,253,912,253,912
324250,Playing,549888,1558,3,6,0,0,2,2665,159,912,159,912
324500,Playing,588800,1668,3,6,0,0,2,2667,160,912,160,912
324809,Playing,546816,1549,3,6,0,0,2,2670,11,912,91,912
325058,Playing,539648,1529,3,6,0,0,2,2671,159,912,159,912
325307,Playing,532480,1509,3,6,0,0,2,2672,311,912,312,912
325557,Playing,543744,1541,3,6,0,0,2,2674,159,912,159,912
325807,Playing,544768,1544,3,6,0,0,2,2677,24,912,105,912
326062,Playing,537600,1523,3,6,0,0,2,2678,145,912,145,912
326250,Playing,518144,1468,3,6,0,0,2,2679,159,912,159,912
326504,Playing,520192,1474,3,6,0,0,2,2681,160,912,160,912
326781,Playing,523264,1483,3,6,0,0,2,2683,190,912,190,912
327030,Playing,497664,1410,3,6,0,0,2,2685,9,912,100,912
327280,Playing,518144,1468,3,6,0,0,2,2687,175,912,175,912
327529,Playing,473088,1340,3,6,0,0,2,2688,161,912,161,912
327779,Playing,493568,1399,3,6,0,0,2,2691,158,912,158,912
328028,Playing,467968,1326,3,6,0,0,2,2694,40,912,123,912
328283,Playing,460800,1306,3,6,0,0,2,2695,148,912,148,912
328536,Playing,472064,1338,3,6,0,0,2,2697,165,912,165,912
328786,Playing,473088,1340,3,6,0,0,2,2698,157,912,157,912
329034,Playing,410624,1163,3,6,0,0,2,2701,162,912,159,912
329286,Playing,421888,1195,3,6,0,0,2,2703,159,912,159,912
329534,Playing,460800,1306,3,6,0,0,2,2705,158,912,158,912
329786,Playing,415744,1178,3,6,0,0,2,2706,162,912,162,912
330037,Playing,436224,1236,3,6,0,0,2,2710,6,912,6,912
330282,Playing,429056,1216,3,6,0,0,2,2712,160,912,160,912
330534,Playing,421888,1195,3,6,0,0,2,2714,10,912,10,912
330782,Playing,422912,1198,3,6,0,0,2,2716,159,912,159,912
331033,Playing,415744,1178,3,6,0,0,2,2719,9,912,90,912
331282,Playing,408576,1158,3,6,0,0,2,2720,161,912,161,912
331533,Playing,355328,1007,3,6,0,0,2,2721,161,912,161,912
331782,Playing,402432,1140,3,6,0,0,2,2723,12,912,12,912
332030,Playing,376832,1068,3,6,0,0,2,2726,10,912,90,912
332279,Playing,415744,1178,3,6,0,0,2,2728,161,912,161,912
332529,Playing,333824,946,3,6,0,0,2,2728,161,912,161,912
332778,Playing,372736,1056,3,6,0,0,2,2730,160,912,160,912
333027,Playing,337920,957,3,6,0,0,2,2732,81,912,160,912
333275,Playing,357376,1012,3,6,0,0,2,2735,161,912,161,912
333525,Playing,350208,992,3,6,0,0,2,2736,161,912,162,912
333771,Playing,343040,972,3,6,0,0,2,2737,308,912,308,912
334020,Playing,334848,949,3,6,0,0,2,2740,10,912,87,912
334266,Playing,281600,798,3,6,0,0,2,2741,161,912,161,912
334517,Playing,320512,908,3,6,0,0,2,2743,159,912,159,912
334766,Playing,313344,888,3,6,0,0,2,2744,161,912,161,912
335012,Playing,286720,812,3,6,0,0,2,2746,161,912,161,912
335262,Playing,334848,949,3,6,0,0,2,2750,7,912,7,912
335509,Playing,244736,693,3,6,0,0,2,2750,7,912,7,912
335759,Playing,291840,827,3,6,0,0,2,2752,154,912,154,912
336008,Playing,321536,911,3,6,0,0,2,2755,9,912,182,912
336258,Playing,268288,760,3,6,0,0,2,2756,159,912,159,912
336507,Playing,315392,893,3,6,0,0,2,2758,161,912,161,912
336753,Playing,308224,873,3,6,0,0,2,2759,158,912,159,912
337003,Playing,282624,801,3,6,0,0,2,2760,309,912,309,912
337256,Playing,284672,806,3,6,0,0,2,2763,162,912,162,912
337503,Playing,239616,679,3,6,0,0,2,2764,157,912,157,912
337753,Playing,278528,789,3,6,0,0,2,2766,157,912,157,912
338003,Playing,271360,769,3,6,0,0,2,2767,160,912,160,912
338251,Playing,236544,670,3,6,0,0,2,2770,9,912,89,912
338562,Playing,259072,734,3,6,0,0,2,2773,10,912,10,912
338750,Playing,193536,548,3,6,0,0,2,2773,10,912,10,912
339003,Playing,223232,632,3,6,0,0,2,2777,43,912,43,912
339299,Playing,190464,539,3,6,0,0,2,2780,0,912,0,912
339545,Playing,154624,438,3,6,0,0,2,2781,161,912,161,912
339795,Playing,193536,548,3,6,0,0,2,2783,166,912,166,912
340044,Playing,167936,476,3,6,0,0,2,2785,80,912,158,912
340295,Playing,141312,400,3,6,0,0,2,2786,192,912,273,912
340541,Playing,171008,484,3,6,0,0,2,2789,0,912,0,912
340791,Playing,108544,307,3,6,0,0,2,2790,159,912,159,912
341041,Playing,109568,310,3,6,0,0,2,2792,8,912,8,912
341290,Playing,120832,342,3,6,0,0,2,2794,151,912,151,912
341541,Playing,122880,348,3,6,0,0,2,2796,160,912,160,912
341790,Playing,69632,197,3,6,0,0,2,2797,42,912,42,912
342037,Playing,125952,357,3,6,0,0,2,2799,146,912,146,912
342291,Playing,91136,258,3,6,0,0,2,2802,9,912,89,912
342538,Playing,130048,368,3,6,0,0,2,2804,161,912,161,912
342790,Playing,76800,217,3,6,0,0,2,2805,160,912,160,912
343041,Playing,105472,298,3,6,0,0,2,2808,159,912,159,912
343292,Playing,79872,226,3,6,0,0,2,2811,9,912,90,912
343540,Playing,63488,179,3,6,0,0,2,2812,159,912,159,912
343788,Buffering,82944,235,4,6,0,0,2,2814,0,912,0,912
344038,Buffering,101376,287,4,6,0,0,2,2815,158,912,158,912
344286,Buffering,165888,470,4,6,0,0,2,2817,164,912,164,912
344532,Buffering,294912,835,4,6,0,0,2,2821,159,912,159,912
344788,Buffering,340992,966,4,6,0,0,2,2822,161,912,161,912
345030,Buffering,396288,1123,4,7,0,0,2,2824,161,912,161,912
345282,Buffering,343040,972,4,7,0,0,2,2826,71,912,167,912
345532,Buffering,317440,899,4,7,0,0,2,2827,159,912,231,912
345782,Buffering,318464,902,4,7,0,0,2,2829,0,912,0,912
346028,Buffering,385024,1091,4,7,0,0,2,2831,160,912,160,912
346274,Buffering,368640,1044,4,7,0,0,2,2834,10,912,91,912
346525,Buffering,332800,943,4,7,0,0,2,2835,159,912,160,912
346774,Buffering,371712,1053,4,7,0,0,2,2837,158,912,158,912
347028,Buffering,318464,902,4,7,0,0,2,2838,160,912,160,912
347278,Buffering,311296,882,4,7,0,0,2,2839,160,912,160,912
347528,Buffering,331776,940,4,7,0,0,2,2843,9,912,9,912
347794,Buffering,315392,893,4,7,0,0,2,2845,130,912,130,912
348042,Buffering,308224,873,4,7,0,0,2,2847,0,912,0,912
348293,Buffering,290816,824,4,7,0,0,2,2849,160,912,160,912
348542,Buffering,320512,908,4,7,0,0,2,2852,160,912,161,912
348792,Buffering,276480,783,4,7,0,0,2,2853,158,912,159,912
349042,Buffering,269312,763,4,7,0,0,2,2854,160,912,161,912
349290,Buffering,270336,766,4,7,0,0,2,2855,309,912,309,912
349540,Buffering,253952,719,4,7,0,0,2,2858,12,912,92,912
349792,Buffering,283648,803,4,7,0,0,2,2860,159,912,160,912
350041,Buffering,239616,679,4,7,0,0,2,2861,162,912,162,912
350290,Buffering,268288,760,4,7,0,0,2,2864,78,912,160,912
350537,Buffering,215040,609,4,7,0,0,2,2865,9,912,88,912
350787,Buffering,235520,667,4,7,0,0,2,2868,158,912,158,912
351038,Buffering,228352,647,4,7,0,0,2,2869,164,912,164,912
351290,Buffering,247808,702,4,7,0,0,2,2871,161,912,161,912
351540,Buffering,231424,655,4,7,0,0,2,2874,0,912,0,912
351790,Buffering,141312,400,4,7,0,0,2,2874,0,912,0,912
352044,Buffering,180224,510,4,7,0,0,2,2876,156,912,156,912
352295,Buffering,209920,595,4,7,0,0,2,2878,160,912,160,912
352544,Buffering,201728,571,4,7,0,0,2,2881,159,912,159,912
352791,Buffering,194560,551,4,7,0,0,2,2882,160,912,160,912
353042,Buffering,187392,531,4,7,0,0,2,2884,162,912,162,912
353291,Buffering,151552,429,4,7,0,0,2,2885,157,912,158,912
353539,Buffering,116736,330,4,7,0,0,2,2887,81,912,159,912
353790,Buffering,137216,388,4,7,0,0,2,2890,159,912,159,912
354038,Buffering,93184,264,4,7,0,0,2,2891,165,912,165,912
354286,Buffering,140288,397,4,7,0,0,2,2893,153,912,153,912
354538,Buffering,133120,377,4,7,0,0,2,2896,12,912,93,912
354787,Buffering,79872,226,4,7,0,0,2,2897,156,912,157,912
355037,Buffering,126976,359,4,7,0,0,2,2899,160,912,160,912
355287,Buffering,156672,444,4,7,0,0,2,2901,161,912,161,912
355538,Buffering,140288,397,4,7,0,0,2,2904,9,912,9,912
355786,Buffering,96256,272,4,7,0,0,2,2905,159,912,160,912
356033,Buffering,97280,275,4,7,0,0,2,2907,162,912,162,912
356281,Buffering,90112,255,4,7,0,0,2,2908,158,912,158,912
356528,Buffering,64512,182,4,7,0,0,2,2910,159,912,159,912
356779,Buffering,120832,342,4,7,0,0,2,2913,162,912,163,912
357038,Buffering,76800,217,4,7,0,0,2,2914,158,912,159,912
357292,Buffering,69632,197,4,7,0,0,2,2915,158,912,158,912
357543,Buffering,62464,177,4,7,0,0,2,2917,157,912,157,912
357794,Buffering,82944,235,4,7,0,0,2,2921,161,912,161,912
358044,Buffering,75776,214,4,7,0,0,2,2922,249,912,250,912
358290,Buffering,76800,217,4,7,0,0,2,2923,162,912,162,912
358542,Buffering,51200,145,4,7,0,0,2,2925,160,912,160,912
358791,Buffering,90112,255,4,7,0,0,2,2928,163,912,163,912
359042,Buffering,46080,130,4,7,0,0,2,2929,156,912,156,912
359322,Buffering,30720,87,4,7,0,0,2,2931,10,912,10,912
359511,Buffering,82944,235,4,7,0,0,2,2932,349,912,350,912
359759,Playing,159744,452,4,8,0,0,2,2935,9,912,9,912
360008,Playing,69632,197,4,8,0,0,2,2935,9,912,9,912
360258,Playing,108544,307,4,8,0,0,2,2937,155,912,155,912
360509,Playing,119808,339,4,8,0,0,2,2939,170,912,170,912
360758,Playing,130048,368,4,8,0,0,2,2942,157,912,157,912
361008,Playing,122880,348,4,8,0,0,2,2943,159,912,159,912
361258,Playing,115712,327,4,8,0,0,2,2945,158,912,159,912
361509,Playing,71680,203,4,8,0,0,2,2946,158,912,158,912
361758,Playing,35840,101,4,8,0,0,2,2948,79,912,159,912
362006,Playing,83968,238,4,8,0,0,2,2951,161,912,161,912
362256,Playing,76800,217,4,8,0,0,2,2952,158,912,158,912
362506,Playing,77824,220,4,8,0,0,2,2954,160,912,160,912
362755,Playing,89088,252,4,8,0,0,2,2958,8,912,8,912
363004,Buffering,82944,235,5,8,0,0,2,2959,311,912,311,912
363253,Buffering,129024,365,5,8,0,0,2,2960,158,912,159,912
363505,Buffering,248832,705,5,8,0,0,2,2962,161,912,162,912
363750,Buffering,322560,914,5,8,0,0,2,2965,11,912,92,912
364000,Buffering,318464,902,5,9,0,0,2,2966,158,912,158,912
364311,Buffering,340992,966,5,9,0,0,2,2968,159,912,159,912
364558,Buffering,333824,946,5,9,0,0,2,2970,160,912,160,912
364807,Buffering,345088,978,5,9,0,0,2,2974,10,912,10,912
365060,Buffering,300032,850,5,9,0,0,2,2975,160,912,160,912
365311,Buffering,338944,960,5,9,0,0,2,2977,158,912,158,912
365562,Buffering,294912,835,5,9,0,0,2,2978,159,912,159,912
365750,Buffering,275456,780,5,9,0,0,2,2980,79,912,162,912
366063,Buffering,251904,714,5,9,0,0,2,2982,2,912,2,912
366254,Buffering,261120,740,5,9,0,0,2,2983,306,912,306,912
366511,Buffering,300032,850,5,9,0,0,2,2985,179,912,179,912
366757,Buffering,291840,827,5,9,0,0,2,2988,14,912,93,912
367004,Buffering,247808,702,5,9,0,0,2,2989,154,912,154,912
367253,Buffering,286720,812,5,9,0,0,2,2991,159,912,159,912
367503,Buffering,278528,789,5,9,0,0,2,2993,9,912,9,912
367752,Buffering,252928,716,5,9,0,0,2,2994,311,912,311,912
368002,Buffering,254976,722,5,9,0,0,2,2997,0,912,0,912
368253,Buffering,210944,597,5,9,0,0,2,2998,156,912,156,912
368500,Buffering,258048,731,5,9,0,0,2,3001,158,912,158,912
368813,Buffering,217088,615,5,9,0,0,2,3003,161,912,161,912
369061,Buffering,245760,696,5,9,0,0,2,3006,159,912,159,912
369310,Buffering,192512,545,5,9,0,0,2,3007,160,912,160,912
369566,Buffering,231424,655,5,9,0,0,2,3009,244,912,245,912
369809,Buffering,204800,580,5,9,0,0,2,3011,159,912,159,912
370058,Buffering,197632,560,5,9,0,0,2,3014,161,912,161,912
370307,Buffering,190464,539,5,9,0,0,2,3016,0,912,0,912
370554,Buffering,210944,597,5,9,0,0,2,3018,160,912,160,912
370803,Buffering,202752,574,5,9,0,0,2,3021,9,912,85,912
371053,Buffering,149504,423,5,9,0,0,2,3022,160,912,160,912
371257,Buffering,158720,449,5,9,0,0,2,3023,160,912,160,912
371517,Buffering,151552,429,5,9,0,0,2,3025,0,912,0,912
371774,Buffering,153600,435,5,9,0,0,2,3027,160,912,160,912
372019,Buffering,137216,388,5,9,0,0,2,3030,0,912,0,912
372268,Buffering,92160,261,5,9,0,0,2,3031,158,912,158,912
372528,Buffering,76800,217,5,9,0,0,2,3032,161,912,161,912
372771,Buffering,123904,351,5,9,0,0,2,3034,161,912,162,912
373008,Buffering,41984,119,5,9,0,0,2,3035,179,912,179,912
373283,Buffering,91136,258,5,9,0,0,2,3038,153,912,154,912
373533,Buffering,130048,368,5,9,0,0,2,3040,159,912,159,912
373783,Buffering,86016,243,5,9,0,0,2,3041,163,912,164,912
374036,Buffering,14336,40,5,9,0,0,2,3043,76,912,158,912
374288,Buffering,33792,95,5,9,0,0,2,3046,160,912,160,912
374541,Buffering,72704,206,5,9,0,0,2,3048,158,912,158,912
374787,Buffering,56320,159,5,9,0,0,2,3049,162,912,162,912
375037,Buffering,39936,113,5,9,0,0,2,3052,4,912,92,912
375286,Buffering,50176,142,5,9,0,0,2,3054,162,912,162,912
375534,Buffering,36864,104,5,9,0,0,2,3055,162,912,162,912
375784,Playing,92160,261,5,10,0,0,2,3057,161,912,161,912
376033,Playing,57344,162,5,10,0,0,2,3060,10,912,90,912
376303,Playing,50176,142,5,10,0,0,2,3061,160,912,160,912
376513,Playing,59392,168,5,10,0,0,2,3063,171,912,171,912
376808,Playing,35840,101,5,10,0,0,2,3065,17,912,17,912
377000,Buffering,9216,26,6,10,0,0,2,3067,144,912,144,912
377257,Buffering,119808,339,6,10,0,0,2,3070,158,912,158,912
377547,Buffering,175104,496,6,10,0,0,2,3071,162,912,162,912
377777,Buffering,285696,809,6,10,0,0,2,3073,146,912,146,912
378016,Buffering,310272,879,6,11,0,0,2,3075,68,912,176,912
378292,Buffering,322560,914,6,11,0,0,2,3078,170,912,170,912
378509,Buffering,340992,966,6,11,0,0,2,3080,0,912,0,912
378751,Buffering,333824,946,6,11,0,0,2,3081,306,912,306,912
379003,Buffering,288768,818,6,11,0,0,2,3082,152,912,152,912
379337,Buffering,313344,888,6,11,0,0,2,3086,159,912,160,912
379554,Buffering,276480,783,6,11,0,0,2,3087,182,912,183,912
379803,Buffering,269312,763,6,11,0,0,2,3089,0,912,0,912
380104,Buffering,254976,722,6,11,0,0,2,3092,8,912,20,912
380282,Buffering,235520,667,6,11,0,0,2,3093,188,912,188,912
380563,Buffering,201728,571,6,11,0,0,2,3095,0,912,0,912
380766,Buffering,256000,725,6,11,0,0,2,3097,164,912,164,912
381030,Buffering,194560,551,6,11,0,0,2,3098,149,912,149,912
381300,Buffering,206848,586,6,11,0,0,2,3102,4,912,4,912
381530,Buffering,197632,560,6,11,0,0,2,3103,345,912,345,912
381807,Buffering,219136,621,6,11,0,0,2,3105,188,912,188,912
382096,Buffering,140288,397,6,11,0,0,2,3107,161,912,161,912
382283,Buffering,148480,420,6,11,0,0,2,3110,23,912,99,912
382530,Buffering,187392,531,6,11,0,0,2,3112,143,912,143,912
382755,Buffering,159744,452,6,11,0,0,2,3113,153,912,153,912
383025,Buffering,144384,409,6,11,0,0,2,3115,171,912,171,912
383271,Buffering,155648,441,6,11,0,0,2,3119,8,912,8,912
383553,Buffering,94208,267,6,11,0,0,2,3120,179,912,179,912
383757,Buffering,149504,423,6,11,0,0,2,3122,171,912,171,912
384034,Buffering,134144,380,6,11,0,0,2,3123,252,912,252,912
384286,Buffering,116736,330,6,11,0,0,2,3126,14,912,87,912
384587,Buffering,93184,264,6,11,0,0,2,3127,156,912,156,912
384992,Reconnecting,0,0,6,12,0,0,2,3130,0,912,0,912
385063,Reconnecting,0,0,6,12,0,0,2,3130,0,912,0,912
385334,Reconnecting,0,0,6,12,0,0,2,3130,0,912,0,912
385588,Reconnecting,0,0,6,12,0,0,2,3130,0,912,0,912
385908,Reconnecting,0,0,6,12,0,0,2,3130,0,912,0,912
386083,Reconnecting,0,0,6,12,0,0,2,3130,0,912,0,912
386312,Reconnecting,0,0,6,12,0,0,2,3130,0,912,0,912
386574,Reconnecting,0,0,6,12,0,0,2,3130,0,912,0,912
386774,Reconnecting,0,0,6,12,0,0,2,3130,0,912,0,912
387084,Reconnecting,0,0,6,12,0,0,2,3130,0,912,0,912
387300,Reconnecting,0,0,6,12,0,0,2,3130,0,912,0,912
387508,Reconnecting,0,0,6,12,0,0,2,3130,0,912,0,912
387762,Reconnecting,0,0,6,12,0,0,2,3130,0,912,0,912
388025,Reconnecting,0,0,6,12,0,0,2,3130,0,912,0,912
388270,Reconnecting,0,0,6,12,0,0,2,3130,0,912,0,912
388557,Reconnecting,0,0,6,12,0,0,2,3130,0,912,0,912
388753,Reconnecting,0,0,6,12,0,0,2,3130,0,912,0,912
389112,Reconnecting,0,0,6,12,0,0,2,3130,0,912,0,912
389282,Reconnecting,0,0,6,12,0,0,2,3130,0,912,0,912
389588,Reconnecting,0,0,6,12,0,0,2,3130,0,912,0,912
389778,Reconnecting,0,0,6,12,0,0,2,3130,0,912,0,912
390004,Reconnecting,0,0,6,12,0,0,2,3130,0,912,0,912
390283,Reconnecting,0,0,6,12,0,0,3,3130,0,912,0,912
390629,Reconnecting,0,0,6,12,0,0,3,3130,0,912,0,912
390770,Reconnecting,0,0,6,12,0,0,3,3130,0,912,0,912
391188,Reconnecting,0,0,6,12,0,0,3,3130,0,912,0,912
391332,Reconnecting,0,0,6,12,0,0,3,3132,91,912,0,912
391550,Reconnecting,359424,1018,6,12,0,0,3,3143,1,912,1,912
391765,Reconnecting,1345536,3813,6,12,0,0,3,3163,6,912,6,912
392067,Playing,1958912,5552,6,12,0,0,3,3180,8,912,8,912
392354,Playing,2350080,6661,6,12,0,0,3,3191,88,912,88,912
392533,Playing,3205120,9084,6,12,0,0,3,3212,8,912,8,912
392783,Playing,3741696,10605,6,12,0,0,3,3225,0,912,0,912
393044,Playing,4333568,12283,6,12,0,0,3,3240,25,912,25,912
393304,Playing,4272128,12109,6,12,0,0,3,3241,138,912,138,912
393512,Playing,4327424,12265,6,12,0,0,3,3243,157,912,157,912
393760,Playing,4291584,12164,6,12,0,0,3,3245,55,912,183,912
394067,Playing,4304896,12202,6,12,0,0,3,3248,138,912,139,912
394303,Playing,4260864,12077,6,12,0,0,3,3249,178,912,178,912
394521,Playing,4224000,11972,6,12,0,0,3,3250,144,912,144,912
394778,Playing,4216832,11952,6,12,0,0,3,3251,185,912,185,912
395031,Playing,4191232,11879,6,12,0,0,3,3254,17,912,112,912
395291,Playing,4220928,11964,6,12,0,0,3,3257,147,912,147,912
395579,Playing,4160512,11792,6,12,0,0,3,3258,156,912,157,912
395996,Playing,4215808,11949,6,12,0,0,3,3263,178,912,178,912
396216,Playing,4188160,11871,6,12,0,0,3,3264,148,912,149,912
396321,Playing,4230144,11990,6,12,0,0,3,3266,7,912,8,912
396587,Playing,4176896,11839,6,12,0,0,3,3267,161,912,162,912
396821,Playing,4187136,11868,6,12,0,0,3,3269,160,912,160,912
397012,Playing,4141056,11737,6,12,0,0,3,3271,158,912,238,912
397324,Playing,4145152,11749,6,12,0,0,3,3273,159,912,159,912
397558,Playing,4192256,11882,6,12,0,0,3,3275,161,912,161,912
397754,Playing,4155392,11778,6,12,0,0,3,3276,163,912,163,912
398042,Playing,4149248,11760,6,12,0,0,3,3280,13,912,13,912
398287,Playing,4168704,11816,6,12,0,0,3,3282,161,912,162,912
398558,Playing,4153344,11772,6,12,0,0,3,3284,8,912,8,912
398828,Playing,4137984,11728,6,12,0,0,3,3286,0,912,0,912
399020,Playing,4136960,11726,6,12,0,0,3,3289,13,912,91,912
399267,Playing,4083712,11575,6,12,0,0,3,3290,157,912,157,912
399591,Playing,4079616,11563,6,12,0,0,3,3293,160,912,160,912
399803,Playing,4116480,11668,6,12,0,0,3,3295,159,912,159,912
400048,Playing,4117504,11670,6,12,0,0,3,3298,159,912,160,912
400304,Playing,4073472,11546,6,12,0,0,3,3299,160,912,160,912
400621,Playing,4078592,11560,6,12,0,0,3,3302,0,912,0,912
400779,Playing,4048896,11476,6,12,0,0,3,3303,155,912,155,912
401034,Playing,4060160,11508,6,12,0,0,3,3307,11,912,120,912
401291,Playing,3970048,11252,6,12,0,0,3,3307,11,912,120,912
401541,Playing,4045824,11467,6,12,0,0,3,3310,0,912,0,912
401783,Playing,3982336,11287,6,12,0,0,3,3311,190,912,190,912
402033,Playing,3965952,11241,6,12,0,0,3,3313,156,912,157,912
402295,Playing,4032512,11430,6,12,0,0,3,3316,9,912,9,912
402525,Playing,3950592,11197,6,12,0,0,3,3316,9,912,9,912
402766,Playing,3943424,11177,6,12,0,0,3,3318,0,912,0,912
403028,Playing,3927040,11131,6,12,0,0,3,3321,79,912,160,912
403254,Playing,3955712,11212,6,12,0,0,3,3323,160,912,161,912
403640,Playing,3944448,11180,6,12,0,0,3,3326,0,912,0,912
403825,Playing,3906560,11073,6,12,0,0,3,3327,156,912,157,912
404070,Playing,3871744,10974,6,12,0,0,3,3329,160,912,160,912
404346,Playing,3847168,10904,6,12,0,0,3,3332,10,912,10,912
404600,Playing,3858432,10936,6,12,0,0,3,3335,162,912,162,912
404800,Playing,3848192,10907,6,12,0,0,3,3336,155,912,156,912
405054,Playing,3859456,10939,6,12,0,0,3,3339,13,912,94,912
405382,Playing,3827712,10849,6,12,0,0,3,3341,163,912,164,912
405554,Playing,3845120,10898,6,12,0,0,3,3342,155,912,155,912
405808,Playing,3837952,10878,6,12,0,0,3,3344,157,912,159,912
406023,Playing,3810304,10800,6,12,0,0,3,3345,162,912,163,912
406320,Playing,3777536,10707,6,12,0,0,3,3348,19,912,94,912
406549,Playing,3824640,10840,6,12,0,0,3,3350,156,912,156,912
406817,Playing,3817472,10820,6,12,0,0,3,3351,167,912,168,912
407028,Playing,3826688,10846,6,12,0,0,3,3353,120,912,120,912
407262,Playing,3855360,10927,6,12,0,0,3,3356,103,912,103,912
407593,Playing,3732480,10579,6,12,0,0,3,3356,103,912,103,912
407791,Playing,3795968,10759,6,12,0,0,3,3358,88,912,88,912
408038,Playing,3807232,10791,6,12,0,0,3,3360,132,912,132,912
408307,Playing,3763200,10666,6,12,0,0,3,3362,1,912,97,912
408533,Playing,3810304,10800,6,12,0,0,3,3364,136,912,137,912
408778,Playing,3766272,10675,6,12,0,0,3,3365,179,912,179,912
409060,Playing,3760128,10657,6,12,0,0,3,3367,158,912,158,912
409261,Playing,3759104,10655,6,12,0,0,3,3370,11,912,90,912
409544,Playing,3818496,10823,6,12,0,0,3,3373,0,912,0,912
409794,Playing,3736576,10591,6,12,0,0,3,3373,0,912,0,912
410047,Playing,3775488,10701,6,12,0,0,3,3375,153,912,153,912
410294,Playing,3749888,10628,6,12,0,0,3,3378,8,912,34,912
410544,Playing,3659776,10373,6,12,0,0,3,3378,8,912,34,912
410794,Playing,3781632,10718,6,12,0,0,3,3381,85,912,85,912
411043,Playing,3745792,10617,6,12,0,0,3,3382,158,912,158,912
411291,Playing,3757056,10649,6,12,0,0,3,3386,11,912,11,912
411540,Playing,3713024,10524,6,12,0,0,3,3387,157,912,157,912
411788,Playing,3714048,10527,6,12,0,0,3,3389,0,912,0,912
412041,Playing,3706880,10507,6,12,0,0,3,3390,276,912,277,912
412290,Playing,3681280,10434,6,12,0,0,3,3392,186,912,186,912
412603,Playing,3667968,10396,6,12,0,0,3,3395,11,912,11,912
412783,Playing,3647488,10338,6,12,0,0,3,3396,317,912,317,912
413104,Playing,3698688,10483,6,12,0,0,3,3399,21,912,21,912
413325,Playing,3672064,10408,6,12,0,0,3,3402,5,912,8,912
413654,Playing,3677184,10422,6,12,0,0,3,3404,12,912,12,912
413891,Playing,3724288,10556,6,12,0,0,3,3406,90,912,91,912
414017,Playing,3675136,10417,6,12,0,0,3,3406,90,912,91,912
414287,Playing,3640320,10318,6,12,0,0,3,3408,31,912,31,912
414646,Playing,3647488,10338,6,12,0,0,3,3412,8,912,8,912
414752,Playing,3614720,10245,6,12,0,0,3,3412,8,912,8,912
415021,Playing,3645440,10332,6,12,0,0,3,3414,210,912,210,912
415296,Playing,3620864,10263,6,12,0,0,3,3416,174,912,95,912
415554,Playing,3604480,10216,6,12,0,0,3,3417,68,912,243,912
415832,Playing,3616768,10251,6,12,0,0,3,3419,116,912,116,912
416132,Playing,3593216,10184,6,12,0,0,3,3421,62,912,62,912
416362,Playing,3548160,10057,6,12,0,0,3,3422,190,912,190,912
416591,Playing,3640320,10318,6,12,0,0,3,3427,12,912,13,912
416882,Playing,3579904,10147,6,12,0,0,3,3428,164,912,164,912
417037,Playing,3568640,10115,6,12,0,0,3,3429,282,912,282,912
417470,Playing,3568640,10115,6,12,0,0,3,3434,0,912,1,912
417738,Playing,3516416,9967,6,12,0,0,3,3435,124,912,124,912
417803,Playing,3491840,9897,6,12,0,0,3,3435,124,912,124,912
418054,Playing,3567616,10112,6,12,0,0,3,3438,87,912,88,912
418303,Playing,3568640,10115,6,12,0,0,3,3441,48,912,48,912
418553,Playing,3570688,10120,6,12,0,0,3,3444,24,912,25,912
418803,Playing,3563520,10100,6,12,0,0,3,3446,32,912,32,912
419050,Playing,3547136,10054,6,12,0,0,3,3447,275,912,275,912
419302,Playing,3502080,9926,6,12,0,0,3,3448,161,912,162,912
419551,Playing,3485696,9880,6,12,0,0,3,3451,59,912,139,912
419800,Playing,3515392,9964,6,12,0,0,3,3453,162,912,162,912
420048,Playing,3508224,9943,6,12,0,0,3,3454,159,912,160,912
420302,Playing,3510272,9949,6,12,0,0,3,3456,160,912,160,912
420551,Playing,3492864,9900,6,12,0,0,3,3459,8,912,81,912
420799,Playing,3439616,9749,6,12,0,0,3,3460,164,912,164,912
421049,Playing,3460096,9807,6,12,0,0,3,3463,158,912,158,912
421297,Playing,3497984,9914,6,12,0,0,3,3465,162,912,162,912
421547,Playing,3490816,9894,6,12,0,0,3,3468,144,912,144,912
421801,Playing,3483648,9874,6,12,0,0,3,3469,159,912,159,912
422050,Playing,3476480,9853,6,12,0,0,3,3471,1,912,1,912
422300,Playing,3404800,9650,6,12,0,0,3,3472,156,912,156,912
422551,Playing,3378176,9575,6,12,0,0,3,3474,155,912,155,912
422801,Playing,3426304,9711,6,12,0,0,3,3478,158,912,159,912
423050,Playing,3382272,9586,6,12,0,0,3,3479,162,912,162,912
423303,Playing,3421184,9697,6,12,0,0,3,3481,170,912,172,912
423675,Playing,3428352,9717,6,12,0,0,3,3486,8,912,8,912
423846,Playing,3407872,9659,6,12,0,0,3,3487,159,912,159,912
424000,Playing,3396608,9627,6,12,0,0,3,3488,161,912,161,912
424321,Playing,3410944,9668,6,12,0,0,3,3490,162,912,162,912
424613,Playing,3377152,9572,6,12,0,0,3,3493,9,912,85,912
424783,Playing,3357696,9517,6,12,0,0,3,3494,159,912,159,912
425054,Playing,3387392,9601,6,12,0,0,3,3496,161,912,162,912
425305,Playing,3343360,9476,6,12,0,0,3,3497,155,912,155,912
425551,Playing,3326976,9430,6,12,0,0,3,3499,79,912,163,912
425800,Playing,3364864,9537,6,12,0,0,3,3501,167,912,167,912
426051,Playing,3357696,9517,6,12,0,0,3,3503,42,912,42,912
426300,Playing,3350528,9496,6,12,0,0,3,3504,278,912,278,912
426549,Playing,3306496,9372,6,12,0,0,3,3505,191,912,191,912
426799,Playing,3344384,9479,6,12,0,0,3,3509,20,912,20,912
427047,Playing,3337216,9459,6,12,0,0,3,3511,161,912,162,912
427297,Playing,3376128,9569,6,12,0,0,3,3513,159,912,159,912
427547,Playing,3322880,9418,6,12,0,0,3,3514,164,912,164,912
427797,Playing,3351552,9499,6,12,0,0,3,3519,10,912,11,912
428047,Playing,3344384,9479,6,12,0,0,3,3520,312,912,312,912
428295,Playing,3300352,9354,6,12,0,0,3,3521,158,912,159,912
428543,Playing,3311616,9386,6,12,0,0,3,3523,171,912,171,912
428794,Playing,3321856,9415,6,12,0,0,3,3526,167,912,168,912
429043,Playing,3314688,9395,6,12,0,0,3,3527,151,912,152,912
429293,Playing,3353600,9505,6,12,0,0,3,3530,8,912,8,912
429544,Playing,3263488,9250,6,12,0,0,3,3530,8,912,8,912
429792,Playing,3210240,9099,6,12,0,0,3,3532,78,912,311,912
430044,Playing,3284992,9311,6,12,0,0,3,3535,158,912,159,912
430292,Playing,3277824,9290,6,12,0,0,3,3536,160,912,161,912
430541,Playing,3289088,9322,6,12,0,0,3,3538,159,912,159,912
430789,Playing,3271680,9273,6,12,0,0,3,3542,0,912,0,912
431037,Playing,3255296,9227,6,12,0,0,3,3543,309,912,309,912
431285,Playing,3211264,9102,6,12,0,0,3,3544,159,912,159,912
431503,Playing,3257344,9232,6,12,0,0,3,3546,161,912,161,912
431754,Playing,3176448,9003,6,12,0,0,3,3548,79,912,165,912
432006,Playing,3224576,9139,6,12,0,0,3,3550,157,912,157,912
432282,Playing,3227648,9148,6,12,0,0,3,3552,159,912,159,912
432636,Playing,3206144,9087,6,12,0,0,3,3554,206,912,206,912
432793,Playing,3148800,8925,6,12,0,0,3,3555,112,912,112,912
433044,Playing,3187712,9035,6,12,0,0,3,3559,158,912,158,912
433300,Playing,3143680,8910,6,12,0,0,3,3560,160,912,160,912
433503,Playing,3198976,9067,6,12,0,0,3,3562,165,912,165,912
433806,Playing,3129344,8870,6,12,0,0,3,3564,80,912,155,912
434007,Playing,3146752,8919,6,12,0,0,3,3566,0,912,0,912
434291,Playing,3123200,8852,6,12,0,0,3,3568,160,912,160,912
434545,Playing,3162112,8962,6,12,0,0,3,3570,182,912,182,912
434815,Playing,3136512,8890,6,12,0,0,3,3573,9,912,89,912
435015,Playing,3108864,8811,6,12,0,0,3,3574,159,912,160,912
435262,Playing,3147776,8922,6,12,0,0,3,3576,163,912,163,912
435549,Playing,3132416,8878,6,12,0,0,3,3577,158,912,158,912
435775,Playing,3087360,8751,6,12,0,0,3,3578,308,912,308,912
436058,Playing,3072000,8707,6,12,0,0,3,3581,0,912,0,912
436275,Playing,3108864,8811,6,12,0,0,3,3583,160,912,155,912
436521,Playing,3083264,8739,6,12,0,0,3,3584,158,912,159,912
436774,Playing,3057664,8666,6,12,0,0,3,3586,79,912,160,912
437024,Playing,3067904,8695,6,12,0,0,3,3588,163,912,163,912
437271,Playing,3060736,8675,6,12,0,0,3,3589,172,912,173,912
437541,Playing,3091456,8762,6,12,0,0,3,3591,163,912,163,912
437795,Playing,3047424,8637,6,12,0,0,3,3592,157,912,157,912
438062,Playing,3095552,8774,6,12,0,0,3,3596,154,912,154,912
438262,Playing,3058688,8669,6,12,0,0,3,3597,161,912,161,912
438528,Playing,3060736,8675,6,12,0,0,3,3599,10,912,10,912
438791,Playing,3026944,8579,6,12,0,0,3,3601,75,912,312,912
439036,Playing,3009536,8530,6,12,0,0,3,3603,0,912,0,912
439286,Playing,3039232,8614,6,12,0,0,3,3605,158,912,158,912
439545,Playing,2985984,8463,6,12,0,0,3,3606,162,912,162,912
439757,Playing,2985984,8463,6,12,0,0,3,3608,1,912,1,912
440013,Playing,2969600,8417,6,12,0,0,3,3611,9,912,89,912
440254,Playing,2962432,8396,6,12,0,0,3,3612,160,912,160,912
440523,Playing,3001344,8507,6,12,0,0,3,3614,159,912,160,912
440778,Playing,2948096,8356,6,12,0,0,3,3615,160,912,161,912
441049,Playing,3006464,8521,6,12,0,0,3,3619,157,912,157,912
441254,Playing,2969600,8417,6,12,0,0,3,3620,162,912,162,912
441560,Playing,2946048,8350,6,12,0,0,3,3622,0,912,0,912
441753,Playing,2945024,8347,6,12,0,0,3,3623,158,912,158,912
442020,Playing,2855936,8095,6,12,0,0,3,3624,312,912,312,912
442299,Playing,2905088,8234,6,12,0,0,3,3628,157,912,157,912
442516,Playing,2914304,8260,6,12,0,0,3,3629,159,912,159,912
442808,Playing,2890752,8193,6,12,0,0,3,3631,165,912,165,912
443057,Playing,2911232,8251,6,12,0,0,3,3635,8,912,8,912
443257,Playing,2891776,8196,6,12,0,0,3,3636,159,912,159,912
443621,Playing,2880512,8164,6,12,0,0,3,3639,1,912,1,912
443774,Playing,2849792,8077,6,12,0,0,3,3640,177,912,177,912
444082,Playing,2836480,8039,6,12,0,0,3,3644,12,912,91,912
444383,Playing,2859008,8103,6,12,0,0,3,3646,162,912,162,912
444533,Playing,2846720,8068,6,12,0,0,3,3647,158,912,158,912
444887,Playing,2807808,7958,6,12,0,0,3,3650,151,912,151,912
445196,Playing,2765824,7839,6,12,0,0,3,3653,154,912,154,912
445345,Playing,2808832,7961,6,12,0,0,3,3655,4,912,4,912
445565,Playing,2763776,7833,6,12,0,0,3,3656,157,912,157,912
445814,Playing,2764800,7836,6,12,0,0,3,3658,161,912,161,912
446032,Playing,2765824,7839,6,12,0,0,3,3661,7,912,83,912
446281,Playing,2675712,7584,6,12,0,0,3,3661,7,912,83,912
446531,Playing,2741248,7769,6,12,0,0,3,3663,159,912,160,912
446786,Playing,2734080,7749,6,12,0,0,3,3664,163,912,163,912
447035,Playing,2726912,7729,6,12,0,0,3,3667,78,912,160,912
447283,Playing,2756608,7813,6,12,0,0,3,3669,164,912,164,912
447537,Playing,2795520,7923,6,12,0,0,3,3672,11,912,11,912
447791,Playing,2705408,7668,6,12,0,0,3,3672,11,912,11,912
448052,Playing,2716672,7700,6,12,0,0,3,3674,161,912,161,912
448270,Playing,2735104,7752,6,12,0,0,3,3677,162,912,162,912
448549,Playing,2719744,7709,6,12,0,0,3,3678,155,912,155,912
448819,Playing,2750464,7796,6,12,0,0,3,3680,150,912,150,912
449012,Playing,2721792,7714,6,12,0,0,3,3681,162,912,162,912
449320,Playing,2680832,7598,6,12,0,0,3,3684,27,912,100,912
449524,Playing,2690048,7624,6,12,0,0,3,3686,11,912,11,912
449758,Playing,2691072,7627,6,12,0,0,3,3687,310,912,310,912
450019,Playing,2702336,7659,6,12,0,0,3,3689,154,912,154,912
450320,Playing,2669568,7566,6,12,0,0,3,3692,0,912,0,912
450546,Playing,2698240,7648,6,12,0,0,3,3695,0,912,0,912
450799,Playing,2608128,7392,6,12,0,0,3,3695,0,912,0,912
451062,Playing,2628608,7450,6,12,0,0,3,3697,162,912,162,912
451286,Playing,2638848,7479,6,12,0,0,3,3701,0,912,0,912
451536,Playing,2556928,7247,6,12,0,0,3,3701,0,912,0,912
451943,Playing,2621440,7430,6,12,0,0,3,3704,166,912,166,912
452200,Playing,2595840,7357,6,12,0,0,3,3707,1,912,64,912
452324,Playing,2600960,7372,6,12,0,0,3,3708,161,912,161,912
452694,Playing,2552832,7235,6,12,0,0,3,3709,180,912,180,912
452807,Playing,2594816,7354,6,12,0,0,3,3710,286,912,286,912
453041,Playing,2558976,7253,6,12,0,0,3,3711,162,912,162,912
453331,Playing,2590720,7343,6,12,0,0,3,3715,0,912,0,912
453545,Playing,2563072,7264,6,12,0,0,3,3716,195,912,195,912
453770,Playing,2535424,7186,6,12,0,0,3,3717,179,912,179,912
454137,Playing,2542592,7206,6,12,0,0,3,3720,145,912,145,912
454312,Playing,2541568,7203,6,12,0,0,3,3723,8,912,80,912
454566,Playing,2534400,7183,6,12,0,0,3,3724,162,912,162,912
454760,Playing,2551808,7233,6,12,0,0,3,3726,158,912,158,912
455095,Playing,2530304,7172,6,12,0,0,3,3729,158,912,158,912
455383,Playing,2459648,6971,6,12,0,0,3,3731,9,912,91,912
455641,Playing,2489344,7055,6,12,0,0,3,3734,0,912,0,912
455842,Playing,2434048,6899,6,12,0,0,3,3735,157,912,157,912
456066,Playing,2489344,7055,6,12,0,0,3,3737,157,912,157,912
456304,Playing,2454528,6957,6,12,0,0,3,3740,15,912,73,912
456582,Playing,2439168,6913,6,12,0,0,3,3742,8,912,8,912
456753,Playing,2381824,6751,6,12,0,0,3,3742,8,912,8,912
457036,Playing,2412544,6838,6,12,0,0,3,3744,162,912,162,912
457295,Playing,2433024,6896,6,12,0,0,3,3747,10,912,179,912
457521,Playing,2387968,6768,6,12,0,0,3,3748,159,912,159,912
457778,Playing,2408448,6826,6,12,0,0,3,3751,156,912,156,912
458045,Playing,2393088,6783,6,12,0,0,3,3752,159,912,159,912
458295,Playing,2375680,6733,6,12,0,0,3,3754,162,912,162,912
458558,Playing,2360320,6690,6,12,0,0,3,3757,161,912,161,912
458775,Playing,2323456,6585,6,12,0,0,3,3758,160,912,160,912
459031,Playing,2343936,6643,6,12,0,0,3,3761,158,912,158,912
459274,Playing,2336768,6623,6,12,0,0,3,3763,158,912,158,912
459524,Playing,2356224,6678,6,12,0,0,3,3766,161,912,161,912
459836,Playing,2324480,6588,6,12,0,0,3,3767,163,912,163,912
460037,Playing,2341888,6638,6,12,0,0,3,3768,304,912,304,912
460273,Playing,2316288,6565,6,12,0,0,3,3771,78,912,13,912
460531,Playing,2318336,6571,6,12,0,0,3,3773,9,912,9,912
460762,Playing,2319360,6574,6,12,0,0,3,3774,309,912,310,912
461053,Playing,2276352,6452,6,12,0,0,3,3775,190,912,190,912
461306,Playing,2296832,6510,6,12,0,0,3,3777,155,912,155,912
461514,Playing,2223104,6301,6,12,0,0,3,3778,94,912,155,912
461795,Playing,2263040,6414,6,12,0,0,3,3781,184,912,185,912
462049,Playing,2228224,6315,6,12,0,0,3,3782,166,912,166,912
462307,Playing,2248704,6373,6,12,0,0,3,3785,85,912,85,912
462604,Playing,2188288,6202,6,12,0,0,3,3786,77,912,77,912
462761,Playing,2213888,6275,6,12,0,0,3,3787,313,912,313,912
463049,Playing,2244608,6362,6,12,0,0,3,3790,159,912,159,912
463266,Playing,2254848,6391,6,12,0,0,3,3792,160,912,160,912
463501,Playing,2228224,6315,6,12,0,0,3,3795,8,912,94,912
463754,Playing,2174976,6164,6,12,0,0,3,3796,160,912,160,912
464025,Playing,2213888,6275,6,12,0,0,3,3798,161,912,161,912
464295,Playing,2226176,6310,6,12,0,0,3,3800,161,912,161,912
464561,Playing,2210816,6266,6,12,0,0,3,3803,159,912,160,912
464811,Playing,2174976,6164,6,12,0,0,3,3804,159,912,159,912
465002,Playing,2184192,6191,6,12,0,0,3,3806,9,912,10,912
465262,Playing,2177024,6170,6,12,0,0,3,3807,310,912,310,912
465511,Playing,2132992,6045,6,12,0,0,3,3809,81,912,158,912
465757,Playing,2134016,6048,6,12,0,0,3,3811,0,912,0,912
466007,Playing,2126848,6028,6,12,0,0,3,3813,0,912,0,912
466257,Playing,2138112,6060,6,12,0,0,3,3815,161,912,161,912
466508,Playing,2121728,6013,6,12,0,0,3,3818,8,912,90,912
466786,Playing,2143232,6074,6,12,0,0,3,3820,158,912,158,912
467012,Playing,2115584,5996,6,12,0,0,3,3821,165,912,165,912
467286,Playing,2100224,5953,6,12,0,0,3,3823,161,912,161,912
467536,Playing,2065408,5854,6,12,0,0,3,3825,79,912,159,912
467783,Playing,2049024,5807,6,12,0,0,3,3827,0,912,0,912
468033,Playing,2059264,5836,6,12,0,0,3,3829,162,912,162,912
468294,Playing,2043904,5793,6,12,0,0,3,3831,0,912,0,912
468550,Playing,2009088,5694,6,12,0,0,3,3833,162,912,162,912
468774,Playing,2055168,5825,6,12,0,0,3,3837,7,912,7,912
469033,Playing,1993728,5651,6,12,0,0,3,3838,160,912,161,912
469312,Playing,1978368,5607,6,12,0,0,3,3840,158,912,158,912
469519,Playing,1987584,5633,6,12,0,0,3,3842,0,912,0,912
469769,Playing,1970176,5584,6,12,0,0,3,3845,10,912,91,912
470016,Playing,1999872,5668,6,12,0,0,3,3848,0,912,0,912
470278,Playing,2020352,5726,6,12,0,0,3,3850,164,912,164,912
470590,Playing,1933312,5479,6,12,0,0,3,3851,313,912,314,912
470774,Playing,1950720,5529,6,12,0,0,3,3854,4,912,5,912
471041,Playing,1943552,5508,6,12,0,0,3,3856,160,912,160,912
471287,Playing,1936384,5488,6,12,0,0,3,3857,159,912,159,912
471536,Playing,1938432,5494,6,12,0,0,3,3859,162,912,162,912
471790,Playing,1922048,5447,6,12,0,0,3,3862,0,912,0,912
472037,Playing,1923072,5450,6,12,0,0,3,3864,0,912,0,912
472291,Playing,1851392,5247,6,12,0,0,3,3865,158,912,158,912
472554,Playing,1872896,5308,6,12,0,0,3,3867,164,912,164,912
472757,Playing,1844224,5227,6,12,0,0,3,3869,11,912,90,912
473016,Playing,1874944,5314,6,12,0,0,3,3871,161,912,161,912
473265,Playing,1875968,5317,6,12,0,0,3,3873,152,912,152,912
473511,Playing,1831936,5192,6,12,0,0,3,3874,160,912,161,912
473802,Playing,1789952,5073,6,12,0,0,3,3877,10,912,91,912
474052,Playing,1873920,5311,6,12,0,0,3,3879,206,912,206,912
474311,Playing,1811456,5134,6,12,0,0,3,3880,161,912,161,912
474503,Playing,1802240,5108,6,12,0,0,3,3881,162,912,162,912
474777,Playing,1796096,5090,6,12,0,0,3,3885,10,912,91,912
475029,Playing,1797120,5093,6,12,0,0,3,3887,0,912,0,912
475293,Playing,1809408,5128,6,12,0,0,3,3889,160,912,161,912
475554,Playing,1765376,5003,6,12,0,0,3,3890,167,912,167,912
475774,Playing,1729536,4902,6,12,0,0,3,3892,79,912,152,912
476036,Playing,1731584,4908,6,12,0,0,3,3894,10,912,10,912
476287,Playing,1742848,4940,6,12,0,0,3,3897,159,912,159,912
476529,Playing,1743872,4942,6,12,0,0,3,3898,160,912,160,912
476819,Playing,1711104,4850,6,12,0,0,3,3901,8,912,91,912
477007,Playing,1682432,4768,6,12,0,0,3,3902,158,912,158,912
477331,Playing,1696768,4809,6,12,0,0,3,3904,157,912,158,912
477520,Playing,1714176,4858,6,12,0,0,3,3906,159,912,159,912
477795,Playing,1671168,4736,6,12,0,0,3,3908,75,912,162,912
478032,Playing,1672192,4739,6,12,0,0,3,3910,1,912,1,912
478298,Playing,1702912,4826,6,12,0,0,3,3912,163,912,163,912
478555,Playing,1695744,4806,6,12,0,0,3,3914,163,912,163,912
478799,Playing,1678336,4757,6,12,0,0,3,3917,11,912,91,912
479065,Playing,1616896,4583,6,12,0,0,3,3918,159,912,159,912
479311,Playing,1664000,4716,6,12,0,0,3,3920,160,912,160,912
479561,Playing,1629184,4617,6,12,0,0,3,3921,160,912,160,912
479753,Playing,1646592,4667,6,12,0,0,3,3923,161,912,161,912
480000,Playing,1602560,4542,6,12,0,0,3,3925,9,912,88,912
480270,Playing,1633280,4629,6,12,0,0,3,3927,159,912,160,912
480520,Playing,1634304,4632,6,12,0,0,3,3929,157,912,157,912
480765,Playing,1590272,4507,6,12,0,0,3,3930,161,912,161,912
481031,Playing,1592320,4513,6,12,0,0,3,3934,13,912,13,912
481298,Playing,1586176,4495,6,12,0,0,3,3936,158,912,158,912
481545,Playing,1615872,4580,6,12,0,0,3,3938,159,912,159,912
481791,Playing,1589248,4504,6,12,0,0,3,3940,77,912,160,912
482040,Playing,1563648,4432,6,12,0,0,3,3942,1,912,2,912
482291,Playing,1565696,4437,6,12,0,0,3,3944,159,912,159,912
482562,Playing,1558528,4417,6,12,0,0,3,3945,160,912,161,912
482750,Playing,1521664,4313,6,12,0,0,3,3946,159,912,159,912
483057,Playing,1581056,4481,6,12,0,0,3,3950,167,912,168,912
483274,Playing,1507328,4272,6,12,0,0,3,3950,167,912,168,912
483527,Playing,1546240,4382,6,12,0,0,3,3952,149,912,149,912
483765,Playing,1547264,4385,6,12,0,0,3,3953,153,912,154,912
484011,Playing,1521664,4313,6,12,0,0,3,3956,9,912,87,912
484256,Playing,1559552,4420,6,12,0,0,3,3958,157,912,158,912
484515,Playing,1507328,4272,6,12,0,0,3,3959,159,912,159,912
484868,Playing,1504256,4263,6,12,0,0,3,3962,153,912,153,912
485065,Playing,1475584,4182,6,12,0,0,3,3964,17,912,97,912
485349,Playing,1488896,4220,6,12,0,0,3,3966,168,912,169,912
485532,Playing,1469440,4165,6,12,0,0,3,3967,155,912,155,912
485799,Playing,1508352,4275,6,12,0,0,3,3969,162,912,162,912
486016,Playing,1489920,4223,6,12,0,0,3,3972,10,912,93,912
486361,Playing,1496064,4240,6,12,0,0,3,3975,167,912,167,912
486599,Playing,1442816,4089,6,12,0,0,3,3976,155,912,156,912
486882,Playing,1464320,4150,6,12,0,0,3,3978,163,912,164,912
487062,Playing,1426432,4043,6,12,0,0,3,3980,4,912,85,912
487261,Playing,1453056,4118,6,12,0,0,3,3982,156,912,156,912
487661,Playing,1434624,4066,6,12,0,0,3,3984,158,912,158,912
487804,Playing,1468416,4162,6,12,0,0,3,3985,162,912,162,912
488066,Playing,1396736,3959,6,12,0,0,3,3986,307,912,307,912
488407,Playing,1402880,3976,6,12,0,0,3,3989,157,912,157,912
488532,Playing,1408000,3990,6,12,0,0,3,3990,157,912,157,912
488864,Playing,1422336,4031,6,12,0,0,3,3992,156,912,156,912
489054,Playing,1385472,3927,6,12,0,0,3,3993,163,912,163,912
489304,Playing,1358848,3851,6,12,0,0,3,3996,10,912,87,912
489553,Playing,1370112,3883,6,12,0,0,3,3999,153,912,153,912
489800,Playing,1362944,3863,6,12,0,0,3,4000,162,912,162,912
490051,Playing,1346560,3816,6,12,0,0,3,4003,8,912,84,912
490303,Playing,1338368,3793,6,12,0,0,3,4004,163,912,163,912
490552,Playing,1368064,3877,6,12,0,0,3,4007,0,912,0,912
490800,Playing,1296384,3674,6,12,0,0,3,4008,158,912,159,912
491049,Playing,1297408,3677,6,12,0,0,3,4010,158,912,158,912
491264,Playing,1326080,3758,6,12,0,0,3,4013,160,912,160,912
491529,Playing,1318912,3738,6,12,0,0,3,4015,12,912,12,912
491799,Playing,1303552,3694,6,12,0,0,3,4017,0,912,0,912
492040,Playing,1249280,3541,6,12,0,0,3,4018,156,912,156,912
492291,Playing,1214464,3442,6,12,0,0,3,4021,9,912,91,912
492537,Playing,1243136,3523,6,12,0,0,3,4024,158,912,158,912
492787,Playing,1282048,3633,6,12,0,0,3,4026,160,912,160,912
493036,Playing,1228800,3482,6,12,0,0,3,4027,160,912,160,912
493282,Playing,1212416,3436,6,12,0,0,3,4030,12,912,89,912
493549,Playing,1242112,3520,6,12,0,0,3,4032,159,912,160,912
493756,Playing,1214464,3442,6,12,0,0,3,4033,160,912,160,912
494001,Playing,1243136,3523,6,12,0,0,3,4035,165,912,165,912
494254,Playing,1171456,3320,6,12,0,0,3,4037,13,912,96,912
494515,Playing,1156096,3276,6,12,0,0,3,4039,0,912,0,912
494769,Playing,1148928,3256,6,12,0,0,3,4042,161,912,161,912
495032,Playing,1104896,3131,6,12,0,0,3,4043,158,912,158,912
495283,Playing,1116160,3163,6,12,0,0,3,4048,10,912,10,912
495532,Playing,1126400,3192,6,12,0,0,3,4050,159,912,159,912
495778,Playing,1073152,3041,6,12,0,0,3,4051,176,912,176,912
496033,Playing,1093632,3099,6,12,0,0,3,4054,187,912,188,912
496287,Playing,1068032,3027,6,12,0,0,3,4057,9,912,90,912
496532,Playing,1060864,3006,6,12,0,0,3,4058,159,912,159,912
496778,Playing,1107968,3140,6,12,0,0,3,4061,17,912,17,912
497065,Playing,1055744,2992,6,12,0,0,3,4062,160,912,160,912
497303,Playing,993280,2815,6,12,0,0,3,4064,76,912,162,912
497545,Playing,1003520,2844,6,12,0,0,3,4067,159,912,160,912
497807,Playing,988160,2800,6,12,0,0,3,4068,161,912,161,912
498062,Playing,998400,2829,6,12,0,0,3,4070,159,912,159,912
498262,Playing,1035264,2934,6,12,0,0,3,4073,9,912,88,912
498548,Playing,1019904,2890,6,12,0,0,3,4075,162,912,162,912
498807,Playing,1004544,2847,6,12,0,0,3,4077,41,912,41,912
499053,Playing,1005568,2850,6,12,0,0,3,4079,158,912,158,912
499324,Playing,980992,2780,6,12,0,0,3,4082,11,912,91,912
499511,Playing,998400,2829,6,12,0,0,3,4083,158,912,158,912
499761,Playing,945152,2679,6,12,0,0,3,4084,161,912,161,912
500007,Playing,992256,2812,6,12,0,0,3,4086,163,912,163,912
500255,Playing,957440,2713,6,12,0,0,3,4088,160,912,160,912
500503,Playing,968704,2745,6,12,0,0,3,4091,158,912,158,912
500762,Playing,961536,2725,6,12,0,0,3,4092,159,912,159,912
501020,Playing,954368,2705,6,12,0,0,3,4094,161,912,162,912
501269,Playing,965632,2737,6,12,0,0,3,4097,9,912,85,912
501532,Playing,912384,2586,6,12,0,0,3,4098,162,912,162,912
501782,Playing,951296,2696,6,12,0,0,3,4100,159,912,161,912
502056,Playing,935936,2652,6,12,0,0,3,4102,161,912,161,912
502295,Playing,900096,2551,6,12,0,0,3,4103,157,912,157,912
502548,Playing,865280,2452,6,12,0,0,3,4106,11,912,87,912
502795,Playing,904192,2562,6,12,0,0,3,4108,157,912,158,912
503056,Playing,897024,2542,6,12,0,0,3,4109,160,912,161,912
503299,Playing,898048,2545,6,12,0,0,3,4110,309,912,309,912
503544,Playing,918528,2603,6,12,0,0,3,4114,9,912,9,912
503768,Playing,844800,2394,6,12,0,0,3,4114,9,912,9,912
504014,Playing,883712,2504,6,12,0,0,3,4116,163,912,163,912
504265,Playing,876544,2484,6,12,0,0,3,4117,158,912,158,912
504515,Playing,841728,2385,6,12,0,0,3,4120,8,912,90,912
504765,Playing,888832,2519,6,12,0,0,3,4122,159,912,159,912
505027,Playing,873472,2475,6,12,0,0,3,4124,158,912,159,912
505282,Playing,829440,2351,6,12,0,0,3,4125,159,912,160,912
505528,Playing,784384,2223,6,12,0,0,3,4127,79,912,160,912
505780,Playing,832512,2359,6,12,0,0,3,4130,158,912,158,912
506043,Playing,798720,2263,6,12,0,0,3,4131,158,912,158,912
506294,Playing,818176,2319,6,12,0,0,3,4133,159,912,159,912
506547,Playing,792576,2246,6,12,0,0,3,4136,10,912,89,912
506797,Playing,831488,2356,6,12,0,0,3,4139,159,912,160,912
507047,Playing,787456,2232,6,12,0,0,3,4140,160,912,160,912
507297,Playing,817152,2316,6,12,0,0,3,4142,161,912,161,912
507544,Playing,735232,2083,6,12,0,0,3,4142,161,912,161,912
507793,Playing,764928,2168,6,12,0,0,3,4146,8,912,8,912
508047,Playing,803840,2278,6,12,0,0,3,4148,158,912,158,912
508297,Playing,750592,2127,6,12,0,0,3,4149,161,912,161,912
508548,Playing,706560,2002,6,12,0,0,3,4150,159,912,159,912
508810,Playing,727040,2060,6,12,0,0,3,4154,9,912,9,912
509002,Playing,716800,2031,6,12,0,0,3,4155,181,912,181,912
509270,Playing,747520,2118,6,12,0,0,3,4157,160,912,161,912
509515,Playing,730112,2069,6,12,0,0,3,4159,74,912,165,912
509768,Playing,769024,2179,6,12,0,0,3,4162,156,912,157,912
510035,Playing,753664,2136,6,12,0,0,3,4163,156,912,156,912
510290,Playing,746496,2115,6,12,0,0,3,4165,165,912,165,912
510540,Playing,702464,1991,6,12,0,0,3,4168,43,912,43,912
510786,Playing,685056,1941,6,12,0,0,3,4169,161,912,205,912
511036,Playing,723968,2052,6,12,0,0,3,4171,160,912,160,912
511285,Playing,753664,2136,6,12,0,0,3,4173,161,912,161,912
511536,Playing,727040,2060,6,12,0,0,3,4176,9,912,83,912
511786,Playing,683008,1935,6,12,0,0,3,4177,163,912,163,912
512034,Playing,721920,2046,6,12,0,0,3,4179,160,912,160,912
512285,Playing,668672,1895,6,12,0,0,3,4180,160,912,160,912
512532,Playing,678912,1924,6,12,0,0,3,4182,159,912,159,912
512781,Playing,690176,1956,6,12,0,0,3,4185,160,912,160,912
513032,Playing,646144,1831,6,12,0,0,3,4186,162,912,162,912
513285,Playing,685056,1941,6,12,0,0,3,4188,162,912,162,912
513544,Playing,641024,1816,6,12,0,0,3,4189,160,912,160,912
513799,Playing,652288,1848,6,12,0,0,3,4193,0,912,0,912
514044,Playing,634880,1799,6,12,0,0,3,4194,310,912,310,912
514291,Playing,664576,1883,6,12,0,0,3,4196,158,912,159,912
514549,Playing,629760,1785,6,12,0,0,3,4197,161,912,161,912
514790,Playing,594944,1686,6,12,0,0,3,4200,13,912,95,912
515040,Playing,632832,1793,6,12,0,0,3,4202,160,912,160,912
515279,Playing,588800,1668,6,12,0,0,3,4203,160,912,160,912
515589,Playing,592896,1680,6,12,0,0,3,4205,160,912,160,912
515774,Playing,610304,1729,6,12,0,0,3,4209,10,912,10,912
516028,Playing,566272,1605,6,12,0,0,3,4210,159,912,159,912
516272,Playing,595968,1689,6,12,0,0,3,4212,159,912,159,912
516527,Playing,551936,1564,6,12,0,0,3,4213,160,912,160,912
516773,Playing,516096,1462,6,12,0,0,3,4215,80,912,158,912
517022,Playing,564224,1599,6,12,0,0,3,4218,159,912,159,912
517298,Playing,548864,1555,6,12,0,0,3,4220,162,912,162,912
517565,Playing,533504,1512,6,12,0,0,3,4221,158,912,158,912
517773,Playing,533504,1512,6,12,0,0,3,4224,11,912,92,912
518006,Playing,571392,1619,6,12,0,0,3,4226,160,912,160,912
518276,Playing,527360,1494,6,12,0,0,3,4227,159,912,159,912
518519,Playing,520192,1474,6,12,0,0,3,4228,159,912,159,912
518786,Playing,485376,1375,6,12,0,0,3,4230,82,912,310,912
519063,Playing,506880,1436,6,12,0,0,3,4233,158,912,158,912
519303,Playing,499712,1416,6,12,0,0,3,4234,162,912,163,912
519509,Playing,480256,1361,6,12,0,0,3,4235,192,912,192,912
519802,Playing,484352,1372,6,12,0,0,3,4238,175,912,240,912
520006,Playing,465920,1320,6,12,0,0,3,4240,118,912,118,912
520253,Playing,466944,1323,6,12,0,0,3,4241,226,912,227,912
520562,Playing,435200,1233,6,12,0,0,3,4243,121,912,122,912
520768,Playing,361472,1024,6,12,0,0,3,4243,121,912,122,912
521024,Playing,428032,1213,6,12,0,0,3,4246,0,912,0,912
521299,Playing,385024,1091,6,12,0,0,3,4247,93,912,93,912
521549,Playing,376832,1068,6,12,0,0,3,4248,281,912,282,912
521794,Playing,369664,1047,6,12,0,0,3,4250,0,912,0,912
522045,Playing,279552,792,6,12,0,0,3,4250,0,912,0,912
522312,Playing,346112,981,6,12,0,0,3,4253,78,912,78,912
522519,Playing,272384,772,6,12,0,0,3,4253,78,912,78,912
522819,Playing,285696,809,6,12,0,0,3,4257,88,912,85,912
523010,Playing,276480,783,6,12,0,0,3,4258,158,912,247,912
523264,Playing,269312,763,6,12,0,0,3,4259,189,912,190,912
523534,Playing,308224,873,6,12,0,0,3,4261,162,912,162,912
523793,Playing,291840,827,6,12,0,0,3,4263,12,912,13,912
524035,Playing,275456,780,6,12,0,0,3,4266,0,912,0,912
524290,Playing,277504,786,6,12,0,0,3,4268,161,912,162,912
524553,Playing,261120,740,6,12,0,0,3,4269,162,912,162,912
524801,Playing,263168,745,6,12,0,0,3,4271,160,912,160,912
525068,Playing,265216,751,6,12,0,0,3,4274,0,912,0,912
525269,Playing,228352,647,6,12,0,0,3,4275,161,912,161,912
525535,Playing,222208,629,6,12,0,0,3,4277,10,912,11,912
525784,Playing,195584,554,6,12,0,0,3,4278,318,912,318,912
526036,Playing,206848,586,6,12,0,0,3,4281,10,912,89,912
526253,Playing,253952,719,6,12,0,0,3,4283,174,912,174,912
526506,Playing,208896,592,6,12,0,0,3,4284,145,912,145,912
526752,Playing,238592,676,6,12,0,0,3,4286,162,912,162,912
527064,Playing,168960,478,6,12,0,0,3,4288,9,912,87,912
527340,Playing,199680,565,6,12,0,0,3,4290,159,912,159,912
527532,Playing,162816,461,6,12,0,0,3,4291,160,912,160,912
527781,Playing,209920,595,6,12,0,0,3,4293,158,912,158,912
528028,Playing,156672,444,6,12,0,0,3,4296,10,912,89,912
528277,Playing,149504,423,6,12,0,0,3,4298,0,912,0,912
528528,Playing,169984,481,6,12,0,0,3,4301,9,912,9,912
528774,Playing,88064,249,6,12,0,0,3,4301,9,912,9,912
529023,Playing,108544,307,6,12,0,0,3,4304,9,912,180,912
529277,Playing,101376,287,6,12,0,0,3,4305,161,912,161,912
529530,Playing,94208,267,6,12,0,0,3,4307,161,912,161,912
529778,Playing,133120,377,6,12,0,0,3,4309,160,912,160,912
530031,Playing,106496,301,6,12,0,0,3,4312,9,912,89,912
530282,Playing,99328,281,6,12,0,0,3,4313,160,912,160,912
530532,Playing,101376,287,6,12,0,0,3,4315,160,912,160,912
530785,Playing,48128,136,6,12,0,0,3,4316,160,912,160,912
531069,Playing,32768,92,6,12,0,0,3,4318,159,912,159,912
531252,Playing,68608,194,6,12,0,0,3,4321,155,912,155,912
531519,Playing,61440,174,6,12,0,0,3,4322,162,912,162,912
531766,Playing,100352,284,6,12,0,0,3,4324,158,912,159,912
532056,Playing,58368,165,6,12,0,0,3,4327,14,912,91,912
532294,Playing,22528,63,6,12,0,0,3,4328,158,912,158,912
532581,Buffering,82944,235,7,12,0,0,3,4330,167,912,167,912
532776,Buffering,129024,365,7,12,0,0,3,4331,157,912,157,912
533076,Buffering,248832,705,7,12,0,0,3,4335,10,912,86,912
533260,Buffering,331776,940,7,12,0,0,3,4336,159,912,159,912
533532,Buffering,319488,905,7,13,0,0,3,4337,160,912,160,912
533780,Buffering,321536,911,7,13,0,0,3,4339,161,912,161,912
534040,Buffering,323584,917,7,13,0,0,3,4341,163,912,163,912
534293,Buffering,334848,949,7,13,0,0,3,4344,161,912,161,912
534540,Buffering,335872,952,7,13,0,0,3,4346,0,912,0,912
534790,Buffering,310272,879,7,13,0,0,3,4348,160,912,160,912
535045,Buffering,321536,911,7,13,0,0,3,4351,11,912,88,912
535290,Buffering,231424,655,7,13,0,0,3,4351,11,912,88,912
535556,Buffering,261120,740,7,13,0,0,3,4353,160,912,160,912
535810,Buffering,253952,719,7,13,0,0,3,4355,0,912,0,912
536056,Buffering,237568,673,7,13,0,0,3,4356,263,912,263,912
536310,Buffering,258048,731,7,13,0,0,3,4360,162,912,162,912
536552,Buffering,259072,734,7,13,0,0,3,4361,158,912,158,912
536801,Buffering,288768,818,7,13,0,0,3,4364,9,912,10,912
537052,Buffering,272384,772,7,13,0,0,3,4367,10,912,88,912
537299,Buffering,190464,539,7,13,0,0,3,4367,10,912,88,912
537551,Buffering,229376,650,7,13,0,0,3,4369,159,912,159,912
537800,Buffering,222208,629,7,13,0,0,3,4370,160,912,160,912
538052,Buffering,215040,609,7,13,0,0,3,4372,160,912,160,912
538301,Buffering,235520,667,7,13,0,0,3,4376,13,912,13,912
538552,Buffering,182272,516,7,13,0,0,3,4377,156,912,156,912
538802,Buffering,229376,650,7,13,0,0,3,4380,11,912,11,912
539048,Buffering,185344,525,7,13,0,0,3,4381,158,912,158,912
539298,Buffering,205824,583,7,13,0,0,3,4385,9,912,9,912
539546,Buffering,216064,612,7,13,0,0,3,4387,10,912,10,912
539799,Buffering,208896,592,7,13,0,0,3,4388,308,912,308,912
540048,Buffering,155648,441,7,13,0,0,3,4389,161,912,161,912
540298,Buffering,139264,394,7,13,0,0,3,4392,13,912,98,912
540544,Buffering,177152,502,7,13,0,0,3,4394,158,912,158,912
540806,Buffering,161792,458,7,13,0,0,3,4396,1,912,1,912
541060,Buffering,136192,386,7,13,0,0,3,4398,159,912,159,912
541265,Buffering,107520,304,7,13,0,0,3,4399,159,912,159,912
541514,Buffering,128000,362,7,13,0,0,3,4403,18,912,18,912
541760,Buffering,120832,342,7,13,0,0,3,4405,158,912,158,912
542045,Buffering,105472,298,7,13,0,0,3,4406,159,912,159,912
542293,Buffering,79872,226,7,13,0,0,3,4409,81,912,160,912
542543,Buffering,126976,359,7,13,0,0,3,4411,167,912,167,912
542794,Buffering,119808,339,7,13,0,0,3,4413,0,912,0,912
543040,Buffering,57344,162,7,13,0,0,3,4414,173,912,173,912
543310,Buffering,41984,119,7,13,0,0,3,4416,180,912,180,912
543513,Buffering,50176,142,7,13,0,0,3,4419,9,912,9,912
543757,Buffering,52224,148,7,13,0,0,3,4421,12,912,13,912
544006,Buffering,45056,127,7,13,0,0,3,4423,0,912,0,912
544256,Buffering,55296,156,7,13,0,0,3,4425,171,912,171,912
544510,Playing,131072,371,7,14,0,0,3,4428,9,912,10,912
544755,Playing,87040,246,7,14,0,0,3,4429,164,912,164,912
545004,Playing,135168,383,7,14,0,0,3,4431,170,912,170,912
545264,Playing,81920,232,7,14,0,0,3,4432,161,912,161,912
545502,Playing,64512,182,7,14,0,0,3,4435,8,912,92,912
545751,Playing,57344,162,7,14,0,0,3,4436,162,912,162,912
546002,Playing,50176,142,7,14,0,0,3,4438,0,912,0,912
546252,Playing,69632,197,7,14,0,0,3,4440,161,912,161,912
546502,Playing,44032,124,7,14,0,0,3,4443,10,912,91,912
546756,Buffering,82944,235,8,14,0,0,3,4445,158,912,158,912
547001,Buffering,129024,365,8,14,0,0,3,4446,159,912,159,912
547255,Buffering,211968,600,8,14,0,0,3,4448,9,912,9,912
547502,Buffering,276480,783,8,14,0,0,3,4451,10,912,90,912
547799,Buffering,348160,986,8,15,0,0,3,4453,158,912,158,912
548051,Buffering,340992,966,8,15,0,0,3,4454,166,912,166,912
548306,Buffering,333824,946,8,15,0,0,3,4456,160,912,160,912
548549,Buffering,354304,1004,8,15,0,0,3,4460,10,912,10,912
548798,Buffering,318464,902,8,15,0,0,3,4461,159,912,159,912
549020,Buffering,319488,905,8,15,0,0,3,4463,162,912,162,912
549284,Buffering,312320,885,8,15,0,0,3,4464,160,912,160,912
549532,Buffering,295936,838,8,15,0,0,3,4467,14,912,96,912
549781,Buffering,325632,922,8,15,0,0,3,4469,158,912,158,912
550034,Buffering,290816,824,8,15,0,0,3,4470,162,912,162,912
550281,Buffering,328704,931,8,15,0,0,3,4473,0,912,0,912
550539,Buffering,238592,676,8,15,0,0,3,4474,311,912,311,912
550785,Buffering,249856,708,8,15,0,0,3,4477,7,912,8,912
551032,Buffering,242688,687,8,15,0,0,3,4479,160,912,160,912
551281,Buffering,262144,743,8,15,0,0,3,4482,160,912,160,912
551531,Buffering,227328,644,8,15,0,0,3,4485,9,912,91,912
551781,Buffering,220160,624,8,15,0,0,3,4487,0,912,0,912
552032,Buffering,240640,682,8,15,0,0,3,4489,159,912,159,912
552282,Buffering,158720,449,8,15,0,0,3,4489,159,912,159,912
552543,Buffering,143360,406,8,15,0,0,3,4492,151,912,151,912
552793,Buffering,162816,461,8,15,0,0,3,4495,163,912,163,912
553041,Buffering,155648,441,8,15,0,0,3,4497,0,912,0,912
553289,Buffering,185344,525,8,15,0,0,3,4499,161,912,161,912
553552,Buffering,113664,322,8,15,0,0,3,4500,308,912,308,912
553822,Buffering,153600,435,8,15,0,0,3,4504,161,912,161,912
554007,Buffering,124928,354,8,15,0,0,3,4505,160,912,160,912
554256,Buffering,125952,357,8,15,0,0,3,4506,160,912,160,912
554507,Buffering,128000,362,8,15,0,0,3,4508,158,912,158,912
554753,Buffering,130048,368,8,15,0,0,3,4511,0,912,0,912
555005,Buffering,86016,243,8,15,0,0,3,4512,160,912,160,912
555253,Buffering,87040,246,8,15,0,0,3,4514,160,912,160,912
555506,Buffering,107520,304,8,15,0,0,3,4516,164,912,164,912
555755,Buffering,100352,284,8,15,0,0,3,4519,161,912,161,912
556005,Buffering,93184,264,8,15,0,0,3,4520,161,912,162,912
556255,Buffering,132096,374,8,15,0,0,3,4522,157,912,158,912
556501,Buffering,50176,142,8,15,0,0,3,4522,157,912,158,912
556752,Buffering,6144,17,8,15,0,0,3,4524,77,912,311,912
557003,Playing,95232,269,8,16,0,0,3,4527,158,912,158,912
557252,Playing,88064,249,8,16,0,0,3,4528,160,912,160,912
557559,Playing,92160,261,8,16,0,0,3,4531,76,912,164,912
557815,Playing,38912,110,8,16,0,0,3,4532,159,912,235,912
558060,Playing,76800,217,8,16,0,0,3,4534,162,912,163,912
558253,Playing,49152,139,8,16,0,0,3,4535,158,912,159,912
558506,Playing,88064,249,8,16,0,0,3,4537,157,912,157,912
558813,Playing,9216,26,8,16,0,0,3,4540,9,912,88,912
559056,Buffering,64512,182,9,16,0,0,3,4541,170,912,170,912
559278,Buffering,165888,470,9,16,0,0,3,4544,158,912,158,912
559523,Buffering,248832,705,9,16,0,0,3,4545,159,912,160,912
559777,Buffering,331776,940,9,16,0,0,3,4548,9,912,87,912
560024,Buffering,369664,1047,9,17,0,0,3,4551,9,912,9,912
560273,Buffering,325632,922,9,17,0,0,3,4552,161,912,161,912
560522,Buffering,326656,925,9,17,0,0,3,4554,161,912,161,912
560773,Buffering,319488,905,9,17,0,0,3,4557,9,912,84,912
561076,Buffering,314368,891,9,17,0,0,3,4559,159,912,160,912
561306,Buffering,315392,893,9,17,0,0,3,4560,160,912,161,912
561523,Buffering,325632,922,9,17,0,0,3,4562,163,912,163,912
561773,Buffering,335872,952,9,17,0,0,3,4566,10,912,10,912
562025,Buffering,245760,696,9,17,0,0,3,4566,10,912,10,912
562273,Buffering,284672,806,9,17,0,0,3,4568,160,912,160,912
562530,Buffering,277504,786,9,17,0,0,3,4569,160,912,160,912
562781,Buffering,242688,687,9,17,0,0,3,4571,165,912,165,912
563026,Buffering,299008,847,9,17,0,0,3,4574,146,912,146,912
563289,Buffering,246784,699,9,17,0,0,3,4575,157,912,157,912
563522,Buffering,247808,702,9,17,0,0,3,4576,261,912,261,912
563802,Buffering,223232,632,9,17,0,0,3,4579,76,912,14,912
564043,Buffering,242688,687,9,17,0,0,3,4582,148,912,148,912
564293,Buffering,253952,719,9,17,0,0,3,4584,162,912,162,912
564539,Buffering,246784,699,9,17,0,0,3,4585,182,912,182,912
564806,Buffering,221184,626,9,17,0,0,3,4587,160,912,160,912
565026,Buffering,231424,655,9,17,0,0,3,4590,11,912,11,912
565282,Buffering,224256,635,9,17,0,0,3,4592,161,912,161,912
565527,Buffering,225280,638,9,17,0,0,3,4593,163,912,163,912
565786,Buffering,218112,618,9,17,0,0,3,4595,155,912,155,912
566047,Buffering,230400,653,9,17,0,0,3,4599,10,912,10,912
566257,Buffering,156672,444,9,17,0,0,3,4599,10,912,10,912
566531,Buffering,177152,502,9,17,0,0,3,4602,155,912,157,912
566773,Buffering,169984,481,9,17,0,0,3,4603,167,912,167,912
567023,Buffering,135168,383,9,17,0,0,3,4606,11,912,83,912
567272,Buffering,128000,362,9,17,0,0,3,4608,11,912,11,912
567518,Buffering,175104,496,9,17,0,0,3,4610,157,912,157,912
567771,Buffering,158720,449,9,17,0,0,3,4612,79,912,158,912
568021,Buffering,133120,377,9,17,0,0,3,4613,163,912,243,912
568269,Buffering,144384,409,9,17,0,0,3,4615,159,912,159,912
568518,Buffering,136192,386,9,17,0,0,3,4617,9,912,9,912
568768,Buffering,129024,365,9,17,0,0,3,4619,160,912,160,912
569017,Buffering,94208,267,9,17,0,0,3,4622,10,912,89,912
569265,Buffering,87040,246,9,17,0,0,3,4623,160,912,160,912
569515,Buffering,88064,249,9,17,0,0,3,4625,161,912,161,912
569764,Buffering,80896,229,9,17,0,0,3,4627,0,912,0,912
570015,Buffering,82944,235,9,17,0,0,3,4630,10,912,181,912
570282,Buffering,104448,296,9,17,0,0,3,4632,153,912,154,912
570536,Buffering,14336,40,9,17,0,0,3,4632,153,912,154,912
570751,Reconnecting,0,0,9,18,0,0,3,4635,156,912,157,912
571039,Reconnecting,0,0,9,18,0,0,3,4635,156,912,157,912
571289,Reconnecting,0,0,9,18,0,0,3,4635,156,912,157,912
571524,Reconnecting,0,0,9,18,0,0,3,4635,156,912,157,912
571811,Reconnecting,0,0,9,18,0,0,3,4635,156,912,157,912
572006,Reconnecting,0,0,9,18,0,0,3,4635,156,912,157,912
572277,Reconnecting,0,0,9,18,0,0,3,4635,156,912,157,912
572556,Reconnecting,0,0,9,18,0,0,3,4635,156,912,157,912
572803,Reconnecting,0,0,9,18,0,0,3,4635,156,912,157,912
573053,Reconnecting,0,0,9,18,0,0,3,4635,156,912,157,912
573309,Reconnecting,0,0,9,18,0,0,3,4635,156,912,157,912
573505,Reconnecting,0,0,9,18,0,0,3,4635,156,912,157,912
573789,Reconnecting,0,0,9,18,0,0,3,4635,156,912,157,912
574043,Reconnecting,0,0,9,18,0,0,3,4635,156,912,157,912
574293,Reconnecting,0,0,9,18,0,0,3,4635,156,912,157,912
574543,Reconnecting,0,0,9,18,0,0,3,4635,156,912,157,912
574793,Reconnecting,0,0,9,18,0,0,3,4635,156,912,157,912
575047,Reconnecting,0,0,9,18,0,0,3,4635,156,912,157,912
575293,Reconnecting,0,0,9,18,0,0,3,4635,156,912,157,912
575540,Reconnecting,0,0,9,18,0,0,3,4635,156,912,157,912
575792,Reconnecting,0,0,9,18,0,0,4,4635,156,912,157,912
576013,Reconnecting,0,0,9,18,0,0,4,4635,156,912,157,912
576285,Reconnecting,0,0,9,18,0,0,4,4635,156,912,157,912
576531,Reconnecting,0,0,9,18,0,0,4,4635,156,912,157,912
576781,Reconnecting,0,0,9,18,0,0,4,4635,156,912,157,912
577030,Reconnecting,0,0,9,18,0,0,4,4638,0,912,157,912
577285,Reconnecting,138240,391,9,18,0,0,4,4648,9,912,10,912
577536,Playing,1446912,4101,9,18,0,0,4,4676,0,912,0,912
577786,Playing,1651712,4681,9,18,0,0,4,4682,0,912,0,912
578034,Playing,2363392,6698,9,18,0,0,4,4700,0,912,0,912
578260,Playing,2834432,8034,9,18,0,0,4,4712,0,912,0,912
578519,Playing,3389440,9607,9,18,0,0,4,4728,0,912,0,912
578769,Playing,3824640,10840,9,18,0,0,4,4741,0,912,0,912
579015,Playing,3825664,10843,9,18,0,0,4,4743,8,912,8,912
579264,Playing,3818496,10823,9,18,0,0,4,4744,312,912,312,912
579578,Playing,3758080,10652,9,18,0,0,4,4746,154,912,154,912
579764,Playing,3747840,10623,9,18,0,0,4,4748,20,912,103,912
580011,Playing,3740672,10602,9,18,0,0,4,4749,150,912,150,912
580278,Playing,3807232,10791,9,18,0,0,4,4752,159,912,159,912
580556,Playing,3708928,10512,9,18,0,0,4,4752,159,912,159,912
580763,Playing,3745792,10617,9,18,0,0,4,4756,9,912,9,912
581027,Playing,3675136,10417,9,18,0,0,4,4757,163,912,163,912
581273,Playing,3593216,10184,9,18,0,0,4,4757,163,912,163,912
581522,Playing,3503104,9929,9,18,0,0,4,4757,163,912,163,912
581772,Playing,3412992,9674,9,18,0,0,4,4757,163,912,163,912
582023,Playing,3322880,9418,9,18,0,0,4,4757,163,912,163,912
582273,Playing,3240960,9186,9,18,0,0,4,4757,163,912,163,912
582528,Playing,3150848,8930,9,18,0,0,4,4757,163,912,163,912
582772,Playing,3060736,8675,9,18,0,0,4,4757,163,912,163,912
583018,Playing,2970624,8420,9,18,0,0,4,4757,163,912,163,912
583272,Playing,2880512,8164,9,18,0,0,4,4757,163,912,163,912
583551,Playing,2966528,8408,9,18,0,0,4,4761,9,2593,9,2593
583802,Playing,3134464,8884,9,18,0,0,4,4769,87,2593,87,2593
584047,Playing,3393536,9618,9,18,0,0,4,4779,0,2593,0,2593
584296,Playing,3432448,9729,9,18,0,0,4,4781,0,2593,0,2593
584547,Playing,3425280,9708,9,18,0,0,4,4783,158,2593,158,2593
584801,Playing,3408896,9662,9,18,0,0,4,4787,0,2593,0,2593
585051,Playing,3409920,9665,9,18,0,0,4,4788,309,2593,310,2593
585305,Playing,3365888,9540,9,18,0,0,4,4789,160,2593,160,2593
585548,Playing,3377152,9572,9,18,0,0,4,4791,159,2593,159,2593
585805,Playing,3369984,9552,9,18,0,0,4,4794,158,2593,158,2593
586047,Playing,3371008,9555,9,18,0,0,4,4795,162,2593,162,2593
586298,Playing,3363840,9534,9,18,0,0,4,4797,162,2593,162,2593
586506,Playing,3326976,9430,9,18,0,0,4,4798,157,2593,157,2593
586785,Playing,3283968,9308,9,18,0,0,4,4800,91,2593,159,2593
587014,Playing,3312640,9389,9,18,0,0,4,4803,176,2593,176,2593
587297,Playing,3260416,9241,9,18,0,0,4,4804,147,2593,147,2593
587522,Playing,3307520,9375,9,18,0,0,4,4806,158,2593,158,2593
587786,Playing,3272704,9276,9,18,0,0,4,4809,10,2593,86,2593
588073,Playing,3295232,9340,9,18,0,0,4,4811,159,2593,159,2593
588252,Playing,3312640,9389,9,18,0,0,4,4813,10,2593,11,2593
588518,Playing,3268608,9264,9,18,0,0,4,4814,161,2593,161,2593
588769,Playing,3224576,9139,9,18,0,0,4,4817,80,2593,10,2593
589018,Playing,3234816,9168,9,18,0,0,4,4819,159,2593,159,2593
589269,Playing,3227648,9148,9,18,0,0,4,4820,159,2593,160,2593
589531,Playing,3258368,9235,9,18,0,0,4,4822,167,2593,167,2593
589781,Playing,3231744,9160,9,18,0,0,4,4825,10,2593,91,2593
590031,Playing,3270656,9270,9,18,0,0,4,4827,159,2593,159,2593
590280,Playing,3180544,9015,9,18,0,0,4,4827,159,2593,159,2593
590539,Playing,3219456,9125,9,18,0,0,4,4829,162,2593,162,2593
590780,Playing,3183616,9023,9,18,0,0,4,4831,77,2593,162,2593
591029,Playing,3158016,8951,9,18,0,0,4,4833,0,2593,0,2593
591281,Playing,3150848,8930,9,18,0,0,4,4835,158,2593,158,2593
591531,Playing,3143680,8910,9,18,0,0,4,4836,161,2593,161,2593
591780,Playing,3144704,8913,9,18,0,0,4,4838,159,2593,159,2593
592030,Playing,3137536,8893,9,18,0,0,4,4841,160,2593,161,2593
592277,Playing,3084288,8742,9,18,0,0,4,4842,159,2593,159,2593
592526,Playing,3123200,8852,9,18,0,0,4,4844,157,2593,157,2593
592776,Playing,3133440,8881,9,18,0,0,4,4846,157,2593,158,2593
593026,Playing,3135488,8887,9,18,0,0,4,4849,160,2593,160,2593
593276,Playing,3128320,8867,9,18,0,0,4,4850,159,2593,160,2593
593527,Playing,3111936,8820,9,18,0,0,4,4851,311,2593,312,2593
593778,Playing,3085312,8745,9,18,0,0,4,4852,156,2593,156,2593
594026,Playing,3050496,8646,9,18,0,0,4,4855,14,2593,95,2593
594280,Playing,3089408,8756,9,18,0,0,4,4857,158,2593,159,2593
594586,Playing,3111936,8820,9,18,0,0,4,4859,162,2593,163,2593
594793,Playing,3075072,8716,9,18,0,0,4,4860,159,2593,159,2593
595056,Playing,3086336,8748,9,18,0,0,4,4864,8,2593,8,2593
595310,Playing,3079168,8727,9,18,0,0,4,4865,309,2593,309,2593
595559,Playing,3035136,8602,9,18,0,0,4,4866,159,2593,160,2593
595805,Playing,3055616,8661,9,18,0,0,4,4868,156,2593,156,2593
596056,Playing,3039232,8614,9,18,0,0,4,4871,162,2593,163,2593
596309,Playing,3040256,8617,9,18,0,0,4,4872,158,2593,158,2593
596555,Playing,3033088,8597,9,18,0,0,4,4873,309,2593,309,2593
596805,Playing,3044352,8629,9,18,0,0,4,4875,165,2593,166,2593
597059,Playing,3018752,8556,9,18,0,0,4,4878,0,2593,0,2593
597309,Playing,2974720,8431,9,18,0,0,4,4879,160,2593,160,2593
597556,Playing,2975744,8434,9,18,0,0,4,4880,162,2593,163,2593
597805,Playing,2968576,8414,9,18,0,0,4,4881,307,2593,307,2593
598054,Playing,2933760,8315,9,18,0,0,4,4884,13,2593,92,2593
598301,Playing,2980864,8449,9,18,0,0,4,4886,161,2593,162,2593
598572,Playing,3011584,8536,9,18,0,0,4,4888,169,2593,169,2593
598756,Playing,2982912,8454,9,18,0,0,4,4889,151,2593,151,2593
599043,Playing,2903040,8228,9,18,0,0,4,4891,79,2593,160,2593
599290,Playing,2905088,8234,9,18,0,0,4,4894,160,2593,160,2593
599542,Playing,2897920,8214,9,18,0,0,4,4895,159,2593,159,2593
599788,Playing,2898944,8216,9,18,0,0,4,4897,157,2593,157,2593
600038,Playing,2873344,8144,9,18,0,0,4,4900,10,2593,90,2593
