t_ms,state,buffered_bytes,buffered_ms,underruns,resumes,play_failures,stream_rebuilds,sessions,chunk_reads,last_chunk_ms,max_chunk_ms,last_push_gap_ms,max_push_gap_ms
57,Off,0,0,0,0,0,0,1,0,0,0,0,0
265,Off,0,0,0,0,0,0,1,0,0,0,0,0
521,Off,0,0,0,0,0,0,1,0,0,0,0,0
773,Off,0,0,0,0,0,0,1,0,0,0,0,0
1026,Off,0,0,0,0,0,0,1,0,0,0,0,0
1278,Reconnecting,0,0,0,0,0,0,1,27,0,0,0,0
1531,Reconnecting,0,0,0,0,0,0,1,27,0,0,0,0
1785,Reconnecting,0,0,0,0,0,0,1,27,0,0,0,0
2040,Reconnecting,0,0,0,0,0,0,1,27,0,0,0,0
2293,Reconnecting,0,0,0,0,0,0,1,27,0,0,0,0
2547,Reconnecting,0,0,0,0,0,0,1,27,0,0,0,0
2800,Reconnecting,0,0,0,0,0,0,1,27,0,0,0,0
3003,Reconnecting,0,0,0,0,0,0,1,27,0,0,0,0
3252,Reconnecting,0,0,0,0,0,0,1,27,0,0,0,0
3560,Reconnecting,0,0,0,0,0,0,1,27,0,0,0,0
3808,Reconnecting,0,0,0,0,0,0,1,27,0,0,0,0
4056,Reconnecting,0,0,0,0,0,0,1,27,0,0,0,0
4305,Reconnecting,0,0,0,0,0,0,1,27,0,0,0,0
4554,Reconnecting,0,0,0,0,0,0,1,27,0,0,0,0
4801,Reconnecting,0,0,0,0,0,0,1,27,0,0,0,0
5049,Reconnecting,0,0,0,0,0,0,1,27,0,0,0,0
5297,Reconnecting,0,0,0,0,0,0,1,27,0,0,0,0
5547,Reconnecting,0,0,0,0,0,0,1,27,0,0,0,0
5798,Reconnecting,0,0,0,0,0,0,1,27,0,0,0,0
6047,Reconnecting,0,0,0,0,0,0,1,27,0,0,0,0
6297,Reconnecting,0,0,0,0,0,0,2,27,0,0,0,0
6545,Reconnecting,0,0,0,0,0,0,2,27,0,0,0,0
6792,Reconnecting,0,0,0,0,0,0,2,27,0,0,0,0
7041,Reconnecting,0,0,0,0,0,0,2,27,0,0,0,0
7290,Reconnecting,0,0,0,0,0,0,2,54,0,0,0,0
7535,Reconnecting,0,0,0,0,0,0,2,54,0,0,0,0
7785,Reconnecting,0,0,0,0,0,0,2,54,0,0,0,0
8033,Reconnecting,0,0,0,0,0,0,2,54,0,0,0,0
8281,Reconnecting,0,0,0,0,0,0,2,54,0,0,0,0
8530,Reconnecting,0,0,0,0,0,0,2,54,0,0,0,0
8782,Reconnecting,0,0,0,0,0,0,2,54,0,0,0,0
9030,Reconnecting,0,0,0,0,0,0,2,54,0,0,0,0
9283,Reconnecting,0,0,0,0,0,0,2,54,0,0,0,0
9527,Reconnecting,0,0,0,0,0,0,2,54,0,0,0,0
9777,Reconnecting,0,0,0,0,0,0,2,54,0,0,0,0
10024,Reconnecting,0,0,0,0,0,0,2,54,0,0,0,0
10273,Reconnecting,0,0,0,0,0,0,2,54,0,0,0,0
10522,Reconnecting,0,0,0,0,0,0,2,54,0,0,0,0
10772,Reconnecting,0,0,0,0,0,0,2,54,0,0,0,0
11018,Reconnecting,0,0,0,0,0,0,2,54,0,0,0,0
11266,Reconnecting,0,0,0,0,0,0,2,54,0,0,0,0
11517,Reconnecting,0,0,0,0,0,0,2,54,0,0,0,0
11765,Reconnecting,0,0,0,0,0,0,2,54,0,0,0,0
12014,Reconnecting,0,0,0,0,0,0,2,54,0,0,0,0
12265,Reconnecting,0,0,0,0,0,0,3,54,0,0,0,0
12515,Reconnecting,0,0,0,0,0,0,3,54,0,0,0,0
12761,Reconnecting,0,0,0,0,0,0,3,54,0,0,0,0
13011,Reconnecting,0,0,0,0,0,0,3,54,0,0,0,0
13258,Reconnecting,0,0,0,0,0,0,3,81,0,2,0,0
13506,Reconnecting,0,0,0,0,0,0,3,81,0,2,0,0
13756,Reconnecting,0,0,0,0,0,0,3,81,0,2,0,0
14002,Reconnecting,0,0,0,0,0,0,3,81,0,2,0,0
14251,Reconnecting,0,0,0,0,0,0,3,81,0,2,0,0
14561,Reconnecting,0,0,0,0,0,0,3,81,0,2,0,0
14810,Reconnecting,0,0,0,0,0,0,3,81,0,2,0,0
15058,Reconnecting,0,0,0,0,0,0,3,81,0,2,0,0
15308,Reconnecting,0,0,0,0,0,0,3,81,0,2,0,0
15555,Reconnecting,0,0,0,0,0,0,3,81,0,2,0,0
15803,Reconnecting,0,0,0,0,0,0,3,81,0,2,0,0
16052,Reconnecting,0,0,0,0,0,0,3,81,0,2,0,0
16299,Reconnecting,0,0,0,0,0,0,3,81,0,2,0,0
16550,Reconnecting,0,0,0,0,0,0,3,81,0,2,0,0
16798,Reconnecting,0,0,0,0,0,0,3,81,0,2,0,0
17046,Reconnecting,0,0,0,0,0,0,3,81,0,2,0,0
17294,Reconnecting,0,0,0,0,0,0,3,81,0,2,0,0
17543,Reconnecting,0,0,0,0,0,0,3,81,0,2,0,0
17792,Reconnecting,0,0,0,0,0,0,3,81,0,2,0,0
18041,Reconnecting,0,0,0,0,0,0,3,81,0,2,0,0
18290,Reconnecting,0,0,0,0,0,0,4,81,0,2,0,0
18539,Reconnecting,0,0,0,0,0,0,4,81,0,2,0,0
18788,Reconnecting,0,0,0,0,0,0,4,81,0,2,0,0
19036,Reconnecting,0,0,0,0,0,0,4,90,0,2,0,0
19284,Reconnecting,0,0,0,0,0,0,4,108,155,158,0,0
19530,Reconnecting,0,0,0,0,0,0,4,108,155,158,0,0
19781,Reconnecting,0,0,0,0,0,0,4,108,155,158,0,0
20029,Reconnecting,0,0,0,0,0,0,4,108,155,158,0,0
20277,Reconnecting,0,0,0,0,0,0,4,108,155,158,0,0
20527,Reconnecting,0,0,0,0,0,0,4,108,155,158,0,0
20775,Reconnecting,0,0,0,0,0,0,4,108,155,158,0,0
21023,Reconnecting,0,0,0,0,0,0,4,108,155,158,0,0
21272,Reconnecting,0,0,0,0,0,0,4,108,155,158,0,0
21520,Reconnecting,0,0,0,0,0,0,4,108,155,158,0,0
21769,Reconnecting,0,0,0,0,0,0,4,108,155,158,0,0
22015,Reconnecting,0,0,0,0,0,0,4,108,155,158,0,0
22264,Reconnecting,0,0,0,0,0,0,4,108,155,158,0,0
22514,Reconnecting,0,0,0,0,0,0,4,108,155,158,0,0
22762,Reconnecting,0,0,0,0,0,0,4,108,155,158,0,0
23012,Reconnecting,0,0,0,0,0,0,4,108,155,158,0,0
23261,Reconnecting,0,0,0,0,0,0,4,108,155,158,0,0
23509,Reconnecting,0,0,0,0,0,0,4,108,155,158,0,0
23758,Reconnecting,0,0,0,0,0,0,4,108,155,158,0,0
24007,Reconnecting,0,0,0,0,0,0,4,108,155,158,0,0
24257,Reconnecting,0,0,0,0,0,0,5,108,155,158,0,0
24504,Reconnecting,0,0,0,0,0,0,5,108,155,158,0,0
24752,Reconnecting,0,0,0,0,0,0,5,108,155,158,0,0
25002,Reconnecting,0,0,0,0,0,0,5,108,155,158,0,0
25313,Reconnecting,552960,1567,0,0,0,0,5,139,0,166,0,166
25560,Playing,3270656,9270,0,0,0,0,5,249,0,166,0,166
25808,Playing,5401600,15310,0,0,0,0,5,339,0,166,0,166
26057,Playing,5402624,15313,0,0,0,0,5,342,0,176,0,176
26305,Playing,5367808,15214,0,0,0,0,5,344,0,176,0,176
26555,Playing,5388288,15272,0,0,0,0,5,348,176,176,176,176
26802,Playing,5416960,15354,0,0,0,0,5,352,0,176,0,176
27052,Playing,5409792,15333,0,0,0,0,5,355,171,176,171,176
27301,Playing,5430272,15391,0,0,0,0,5,359,0,176,0,176
27550,Playing,5403648,15316,0,0,0,0,5,361,13,176,13,176
27800,Playing,5396480,15296,0,0,0,0,5,364,16,176,16,176
28048,Playing,5425152,15377,0,0,0,0,5,368,0,176,0,176
28297,Playing,5390336,15278,0,0,0,0,5,370,0,176,0,176
28545,Playing,5355520,15180,0,0,0,0,5,375,1,176,1,176
28793,Playing,5384192,15261,0,0,0,0,5,379,0,176,0,176
29041,Playing,5321728,15084,0,0,0,0,5,380,174,176,174,176
29290,Playing,5342208,15142,0,0,0,0,5,384,95,176,95,176
29535,Playing,5398528,15301,0,0,0,0,5,389,15,176,15,176
29781,Playing,5391360,15281,0,0,0,0,5,392,0,177,0,177
30028,Playing,5392384,15284,0,0,0,0,5,395,94,177,94,177
30277,Playing,5357568,15185,0,0,0,0,5,397,0,177,0,177
30527,Playing,5350400,15165,0,0,0,0,5,400,95,177,95,177
30776,Playing,5379072,15246,0,0,0,0,5,404,0,177,0,177
31023,Playing,5371904,15226,0,0,0,0,5,407,96,177,96,177
31272,Playing,5392384,15284,0,0,0,0,5,414,0,177,0,177
31522,Playing,5365760,15209,0,0,0,0,5,416,0,177,0,177
31772,Playing,5358592,15188,0,0,0,0,5,419,0,177,0,177
32023,Playing,5351424,15168,0,0,0,0,5,422,0,177,0,177
32272,Playing,5371904,15226,0,0,0,0,5,426,15,177,15,177
32519,Playing,5372928,15229,0,0,0,0,5,429,94,177,94,177
32768,Playing,5365760,15209,0,0,0,0,5,432,0,177,0,177
33017,Playing,5358592,15188,0,0,0,0,5,435,175,177,175,177
33269,Playing,5387264,15270,0,0,0,0,5,439,0,177,0,177
33518,Playing,5380096,15249,0,0,0,0,5,442,0,177,0,177
33767,Playing,5345280,15151,0,0,0,0,5,444,0,177,0,177
34015,Playing,5346304,15153,0,0,0,0,5,450,0,177,0,177
34265,Playing,5339136,15133,0,0,0,0,5,453,3,177,3,177
34514,Playing,5359616,15191,0,0,0,0,5,457,94,177,94,177
34762,Playing,5305344,15037,0,0,0,0,5,458,174,177,174,177
35011,Playing,5325824,15095,0,0,0,0,5,462,174,177,174,177
35258,Playing,5346304,15153,0,0,0,0,5,466,0,177,0,177
35507,Playing,5374976,15235,0,0,0,0,5,470,0,177,0,177
35756,Playing,5340160,15136,0,0,0,0,5,472,0,177,0,177
36006,Playing,5360640,15194,0,0,0,0,5,476,0,177,0,177
36255,Playing,5334016,15119,0,0,0,0,5,478,175,177,175,177
36503,Playing,5299200,15020,0,0,0,0,5,480,12,177,12,177
36752,Playing,5319680,15078,0,0,0,0,5,484,14,177,14,177
37002,Playing,5320704,15081,0,0,0,0,5,490,1,177,1,177
37313,Playing,5288960,14991,0,0,0,0,5,493,95,177,95,177
37500,Playing,5278720,14962,0,0,0,0,5,495,0,177,0,177
37811,Playing,5310464,15052,0,0,0,0,5,500,0,255,0,255
38060,Playing,5330944,15110,0,0,0,0,5,504,94,255,94,255
38309,Playing,5296128,15011,0,0,0,0,5,506,0,255,0,255
38557,Playing,5324800,15092,0,0,0,0,5,510,0,255,0,255
38806,Playing,5317632,15072,0,0,0,0,5,513,0,255,0,255
39053,Playing,5373952,15232,0,0,0,0,5,518,0,255,0,255
39301,Playing,5283840,14976,0,0,0,0,5,518,0,255,0,255
39552,Playing,5304320,15034,0,0,0,0,5,522,0,336,0,336
39802,Playing,5297152,15014,0,0,0,0,5,528,0,336,0,336
40050,Playing,5298176,15017,0,0,0,0,5,531,94,336,94,336
40298,Playing,5263360,14918,0,0,0,0,5,533,0,336,0,336
40549,Playing,5283840,14976,0,0,0,0,5,537,0,336,0,336
40797,Playing,5284864,14979,0,0,0,0,5,540,175,336,175,336
41046,Playing,5305344,15037,0,0,0,0,5,544,0,336,0,336
41293,Playing,5270528,14939,0,0,0,0,5,546,0,336,0,336
41540,Playing,5271552,14942,0,0,0,0,5,549,174,336,174,336
41789,Playing,5292032,15000,0,0,0,0,5,553,0,336,0,336
42036,Playing,5257216,14901,0,0,0,0,5,555,12,336,12,336
42284,Playing,5285888,14982,0,0,0,0,5,559,0,336,0,336
42533,Playing,5241856,14857,0,0,0,0,5,564,0,336,0,336
42782,Playing,5234688,14837,0,0,0,0,5,567,94,336,95,336
43034,Playing,5235712,14840,0,0,0,0,5,570,0,336,0,336
43281,Playing,5228544,14820,0,0,0,0,5,573,1,336,1,336
43529,Playing,5249024,14878,0,0,0,0,5,577,15,336,15,336
43777,Playing,5250048,14881,0,0,0,0,5,580,95,336,95,336
44027,Playing,5270528,14939,0,0,0,0,5,584,0,336,0,336
44275,Playing,5235712,14840,0,0,0,0,5,586,0,336,0,336
44524,Playing,5236736,14843,0,0,0,0,5,589,0,336,0,336
44770,Playing,5257216,14901,0,0,0,0,5,593,0,336,0,336
45018,Playing,5250048,14881,0,0,0,0,5,596,0,336,0,336
45267,Playing,5241856,14857,0,0,0,0,5,602,94,336,95,336
45518,Playing,5234688,14837,0,0,0,0,5,605,93,336,94,336
45766,Playing,5199872,14738,0,0,0,0,5,607,174,336,174,336
46016,Playing,5256192,14898,0,0,0,0,5,612,0,336,0,336
46264,Playing,5249024,14878,0,0,0,0,5,615,0,336,0,336
46515,Playing,5241856,14857,0,0,0,0,5,618,93,336,94,336
46763,Playing,5234688,14837,0,0,0,0,5,621,0,336,0,336
47013,Playing,5235712,14840,0,0,0,0,5,624,0,336,0,336
47259,Playing,5228544,14820,0,0,0,0,5,627,94,336,94,336
47508,Playing,5193728,14721,0,0,0,0,5,629,0,336,0,336
47755,Playing,5222400,14802,0,0,0,0,5,633,0,336,0,336
48003,Playing,5215232,14782,0,0,0,0,5,636,101,336,101,336
48251,Playing,5234688,14837,0,0,0,0,5,643,0,336,0,336
48500,Playing,5144576,14582,0,0,0,0,5,643,0,336,0,336
48750,Playing,5192704,14718,0,0,0,0,5,648,0,336,0,336
49060,Playing,5169152,14651,0,0,0,0,5,651,97,336,97,336
49308,Playing,5189632,14709,0,0,0,0,5,655,14,336,14,336
49556,Playing,5163008,14634,0,0,0,0,5,657,0,336,0,336
49804,Playing,5155840,14614,0,0,0,0,5,660,0,336,0,336
50054,Playing,5148672,14593,0,0,0,0,5,663,0,336,0,336
50302,Playing,5204992,14753,0,0,0,0,5,668,0,336,0,336
50550,Playing,5197824,14733,0,0,0,0,5,671,0,336,0,336
50800,Playing,5163008,14634,0,0,0,0,5,673,0,336,0,336
51049,Playing,5128192,14535,0,0,0,0,5,678,0,336,0,336
51297,Playing,5156864,14616,0,0,0,0,5,682,0,336,0,336
51544,Playing,5122048,14518,0,0,0,0,5,684,0,336,0,336
51795,Playing,5142528,14576,0,0,0,0,5,688,0,336,0,336
52043,Playing,5143552,14579,0,0,0,0,5,691,95,336,95,336
52291,Playing,5164032,14637,0,0,0,0,5,695,0,336,0,336
52537,Playing,5184512,14695,0,0,0,0,5,699,0,336,0,336
52786,Playing,5185536,14698,0,0,0,0,5,702,0,336,0,336
53034,Playing,5150720,14599,0,0,0,0,5,704,0,336,0,336
53284,Playing,5171200,14657,0,0,0,0,5,708,0,336,0,336
53532,Playing,5172224,14660,0,0,0,0,5,711,0,336,0,336
53780,Playing,5165056,14640,0,0,0,0,5,717,13,336,14,336
54027,Playing,5110784,14486,0,0,0,0,5,718,175,336,175,336
54276,Playing,5131264,14544,0,0,0,0,5,722,175,336,175,336
54523,Playing,5151744,14602,0,0,0,0,5,726,0,336,0,336
54770,Playing,5180416,14683,0,0,0,0,5,730,0,336,0,336
55018,Playing,5117952,14506,0,0,0,0,5,731,178,336,178,336
55266,Playing,5138432,14564,0,0,0,0,5,735,0,336,0,336
55517,Playing,5139456,14567,0,0,0,0,5,738,94,336,95,336
55767,Playing,5159936,14625,0,0,0,0,5,742,0,336,0,336
56015,Playing,5125120,14526,0,0,0,0,5,744,0,336,0,336
56264,Playing,5126144,14529,0,0,0,0,5,747,0,336,0,336
56513,Playing,5118976,14509,0,0,0,0,5,753,0,336,13,336
56764,Playing,5139456,14567,0,0,0,0,5,757,0,336,0,336
57014,Playing,5112832,14492,0,0,0,0,5,759,0,336,0,336
57265,Playing,5105664,14471,0,0,0,0,5,762,0,336,0,336
57512,Playing,5126144,14529,0,0,0,0,5,766,0,336,0,336
57764,Playing,5118976,14509,0,0,0,0,5,769,0,336,0,336
58012,Playing,5147648,14590,0,0,0,0,5,773,95,336,95,336
58261,Playing,5085184,14413,0,0,0,0,5,774,173,336,173,336
58510,Playing,5105664,14471,0,0,0,0,5,778,173,336,173,336
58759,Playing,5134336,14553,0,0,0,0,5,782,0,336,0,336
59009,Playing,5154816,14611,0,0,0,0,5,786,0,336,0,336
59258,Playing,5092352,14434,0,0,0,0,5,787,174,336,174,336
59508,Playing,5121024,14515,0,0,0,0,5,794,0,336,0,336
59757,Playing,5086208,14416,0,0,0,0,5,796,0,336,0,336
60005,Playing,5106688,14474,0,0,0,0,5,800,103,336,103,336
60255,Playing,5071872,14376,0,0,0,0,5,802,0,336,0,336
60503,Playing,5072896,14378,0,0,0,0,5,805,96,336,96,336
60751,Playing,5093376,14437,0,0,0,0,5,809,95,336,95,336
61002,Playing,5141504,14573,0,0,0,0,5,814,14,336,15,336
61252,Playing,5087232,14419,0,0,0,0,5,815,176,336,176,336
61501,Playing,5107712,14477,0,0,0,0,5,819,0,336,0,336
61751,Playing,5100544,14457,0,0,0,0,5,822,0,336,0,336
62059,Playing,5076992,14390,0,0,0,0,5,825,91,336,91,336
62309,Playing,5069824,14370,0,0,0,0,5,831,96,336,96,336
62556,Playing,5126144,14529,0,0,0,0,5,836,12,336,12,336
62805,Playing,5036032,14274,0,0,0,0,5,836,12,336,12,336
63056,Playing,5084160,14410,0,0,0,0,5,841,0,336,0,336
63305,Playing,5085184,14413,0,0,0,0,5,844,0,336,0,336
63553,Playing,5078016,14393,0,0,0,0,5,847,94,336,94,336
63803,Playing,5043200,14294,0,0,0,0,5,849,0,336,0,336
64050,Playing,5071872,14376,0,0,0,0,5,853,0,336,0,336
64299,Playing,5092352,14434,0,0,0,0,5,857,0,336,0,336
64549,Playing,5085184,14413,0,0,0,0,5,860,0,336,0,336
64799,Playing,5058560,14338,0,0,0,0,5,862,0,336,0,336
65046,Playing,5023744,14239,0,0,0,0,5,867,95,336,95,336
65297,Playing,5044224,14297,0,0,0,0,5,871,0,336,0,336
65549,Playing,5072896,14378,0,0,0,0,5,875,0,336,0,336
65799,Playing,5038080,14280,0,0,0,0,5,877,0,336,0,336
66047,Playing,5030912,14259,0,0,0,0,5,880,1,336,1,336
66298,Playing,5051392,14318,0,0,0,0,5,884,0,336,0,336
66546,Playing,5052416,14320,0,0,0,0,5,887,96,336,96,336
66793,Playing,5017600,14222,0,0,0,0,5,889,0,336,0,336
67042,Playing,5038080,14280,0,0,0,0,5,893,0,336,0,336
67293,Playing,5066752,14361,0,0,0,0,5,897,0,336,0,336
67544,Playing,5059584,14341,0,0,0,0,5,900,0,336,0,336
67793,Playing,4997120,14164,0,0,0,0,5,901,174,336,174,336
68042,Playing,5008384,14196,0,0,0,0,5,908,0,336,0,336
68289,Playing,5009408,14199,0,0,0,0,5,911,0,336,0,336
68537,Playing,5029888,14257,0,0,0,0,5,915,0,336,0,336
68786,Playing,5030912,14259,0,0,0,0,5,918,95,336,95,336
69034,Playing,4996096,14161,0,0,0,0,5,920,0,336,0,336
69282,Playing,5016576,14219,0,0,0,0,5,924,0,336,0,336
69530,Playing,5017600,14222,0,0,0,0,5,927,0,336,0,336
69775,Playing,5010432,14201,0,0,0,0,5,930,95,336,95,336
70024,Playing,5003264,14181,0,0,0,0,5,933,2,336,2,336
70272,Playing,5031936,14262,0,0,0,0,5,937,0,336,0,336
70519,Playing,5006336,14190,0,0,0,0,5,942,0,336,13,336
70769,Playing,4953088,14039,0,0,0,0,5,944,0,336,0,336
71016,Playing,4954112,14042,0,0,0,0,5,947,174,336,174,336
71264,Playing,4974592,14100,0,0,0,0,5,951,176,336,176,336
71512,Playing,4995072,14158,0,0,0,0,5,955,0,336,0,336
71762,Playing,4940800,14004,0,0,0,0,5,956,94,336,95,336
72009,Playing,4961280,14062,0,0,0,0,5,960,176,336,176,336
72258,Playing,4981760,14120,0,0,0,0,5,964,0,336,0,336
72507,Playing,4982784,14123,0,0,0,0,5,967,1,336,1,336
72756,Playing,5003264,14181,0,0,0,0,5,971,0,336,0,336
73004,Playing,4968448,14082,0,0,0,0,5,973,0,336,0,336
73252,Playing,4969472,14085,0,0,0,0,5,976,0,336,0,336
73501,Playing,4953088,14039,0,0,0,0,5,982,95,336,95,336
73751,Playing,4918272,13940,0,0,0,0,5,984,0,336,0,336
74061,Playing,4950016,14030,0,0,0,0,5,989,0,336,0,336
74309,Playing,4915200,13931,0,0,0,0,5,991,0,336,0,336
74560,Playing,4943872,14013,0,0,0,0,5,995,0,336,0,336
74809,Playing,4936704,13992,0,0,0,0,5,998,0,336,0,336
75060,Playing,4957184,14050,0,0,0,0,5,1002,94,336,94,336
75309,Playing,4922368,13952,0,0,0,0,5,1004,0,336,0,336
75559,Playing,4951040,14033,0,0,0,0,5,1008,0,336,0,336
75806,Playing,4943872,14013,0,0,0,0,5,1011,0,336,0,336
76053,Playing,4944896,14016,0,0,0,0,5,1014,94,336,94,336
76302,Playing,4937728,13995,0,0,0,0,5,1020,0,336,0,336
76550,Playing,4930560,13975,0,0,0,0,5,1023,0,336,0,336
76798,Playing,4931584,13978,0,0,0,0,5,1026,0,336,0,336
77045,Playing,4924416,13958,0,0,0,0,5,1029,98,336,98,336
77296,Playing,4944896,14016,0,0,0,0,5,1033,0,336,0,336
77547,Playing,4882432,13839,0,0,0,0,5,1034,174,336,174,336
77796,Playing,4911104,13920,0,0,0,0,5,1038,95,336,95,336
78042,Playing,4931584,13978,0,0,0,0,5,1042,0,336,0,336
78292,Playing,4904960,13902,0,0,0,0,5,1044,0,336,0,336
78540,Playing,4925440,13960,0,0,0,0,5,1048,0,336,0,336
78791,Playing,4918272,13940,0,0,0,0,5,1051,0,336,0,336
79039,Playing,4911104,13920,0,0,0,0,5,1057,0,336,0,336
79288,Playing,4912128,13923,0,0,0,0,5,1060,96,336,96,336
79536,Playing,4877312,13824,0,0,0,0,5,1062,0,336,0,336
79782,Playing,4905984,13905,0,0,0,0,5,1066,0,336,0,336
80031,Playing,4926464,13963,0,0,0,0,5,1070,0,336,0,336
80280,Playing,4919296,13943,0,0,0,0,5,1073,0,336,0,336
80530,Playing,4884480,13844,0,0,0,0,5,1075,0,336,0,336
80778,Playing,4885504,13847,0,0,0,0,5,1078,94,336,95,336
81027,Playing,4905984,13905,0,0,0,0,5,1082,0,336,0,336
81277,Playing,4926464,13963,0,0,0,0,5,1086,0,336,0,336
81527,Playing,4899840,13888,0,0,0,0,5,1088,0,336,0,336
81775,Playing,4892672,13868,0,0,0,0,5,1091,1,336,2,336
82025,Playing,4885504,13847,0,0,0,0,5,1097,0,336,0,336
82271,Playing,4914176,13929,0,0,0,0,5,1101,0,336,0,336
82520,Playing,4851712,13752,0,0,0,0,5,1102,176,336,176,336
82768,Playing,4844544,13731,0,0,0,0,5,1105,174,336,174,336
83018,Playing,4900864,13891,0,0,0,0,5,1110,0,336,0,336
83267,Playing,4866048,13792,0,0,0,0,5,1112,95,336,95,336
83515,Playing,4858880,13772,0,0,0,0,5,1115,0,336,0,336
83762,Playing,4859904,13775,0,0,0,0,5,1118,94,336,95,336
84013,Playing,4880384,13833,0,0,0,0,5,1122,0,336,0,336
84260,Playing,4873216,13812,0,0,0,0,5,1125,93,336,93,336
84510,Playing,4838400,13714,0,0,0,0,5,1127,0,336,0,336
84758,Playing,4839424,13717,0,0,0,0,5,1133,95,336,95,336
85005,Playing,4859904,13775,0,0,0,0,5,1137,0,336,0,336
85255,Playing,4797440,13598,0,0,0,0,5,1138,92,336,92,336
85503,Playing,4853760,13757,0,0,0,0,5,1143,0,336,0,336
85751,Playing,4846592,13737,0,0,0,0,5,1146,0,336,0,336
86001,Playing,4839424,13717,0,0,0,0,5,1149,0,336,0,336
86250,Playing,4868096,13798,0,0,0,0,5,1153,93,336,93,336
86500,Playing,4833280,13699,0,0,0,0,5,1155,0,336,0,336
86809,Playing,4865024,13789,0,0,0,0,5,1160,13,336,13,336
87056,Playing,4857856,13769,0,0,0,0,5,1163,0,336,0,336
87305,Playing,4850688,13749,0,0,0,0,5,1166,0,336,0,336
87554,Playing,4851712,13752,0,0,0,0,5,1172,0,336,0,336
87802,Playing,4844544,13731,0,0,0,0,5,1175,94,336,94,336
88051,Playing,4809728,13633,0,0,0,0,5,1177,0,336,0,336
88299,Playing,4838400,13714,0,0,0,0,5,1181,0,336,0,336
88547,Playing,4858880,13772,0,0,0,0,5,1185,0,336,0,336
88797,Playing,4851712,13752,0,0,0,0,5,1188,0,336,0,336
89044,Playing,4816896,13653,0,0,0,0,5,1190,0,336,0,336
89291,Playing,4845568,13734,0,0,0,0,5,1194,0,336,0,336
89538,Playing,4838400,13714,0,0,0,0,5,1197,0,336,0,336
89788,Playing,4811776,13638,0,0,0,0,5,1199,0,336,0,336
90039,Playing,4804608,13618,0,0,0,0,5,1202,94,336,94,336
90289,Playing,4797440,13598,0,0,0,0,5,1208,95,336,95,336
90535,Playing,4817920,13656,0,0,0,0,5,1212,0,336,0,336
90783,Playing,4763648,13502,0,0,0,0,5,1213,175,336,175,336
91032,Playing,4784128,13560,0,0,0,0,5,1217,93,336,93,336
91280,Playing,4812800,13641,0,0,0,0,5,1221,0,336,0,336
91528,Playing,4805632,13621,0,0,0,0,5,1224,0,336,0,336
91776,Playing,4770816,13522,0,0,0,0,5,1226,0,336,0,336
92023,Playing,4799488,13603,0,0,0,0,5,1230,0,336,0,336
92270,Playing,4792320,13583,0,0,0,0,5,1233,94,336,94,336
92517,Playing,4765696,13508,0,0,0,0,5,1235,0,336,0,336
92766,Playing,4786176,13566,0,0,0,0,5,1239,0,336,0,336
93013,Playing,4779008,13545,0,0,0,0,5,1242,93,336,93,336
93264,Playing,4762624,13499,0,0,0,0,5,1248,0,336,0,336
93514,Playing,4763648,13502,0,0,0,0,5,1251,93,336,93,336
93765,Playing,4756480,13482,0,0,0,0,5,1254,0,336,0,336
94015,Playing,4776960,13540,0,0,0,0,5,1258,0,336,0,336
94263,Playing,4750336,13464,0,0,0,0,5,1260,96,336,96,336
94510,Playing,4743168,13444,0,0,0,0,5,1263,0,336,0,336
94761,Playing,4736000,13424,0,0,0,0,5,1266,0,336,0,336
95009,Playing,4764672,13505,0,0,0,0,5,1270,0,336,0,336
95258,Playing,4757504,13484,0,0,0,0,5,1273,93,336,93,336
95508,Playing,4722688,13386,0,0,0,0,5,1275,0,336,0,336
95756,Playing,4751360,13467,0,0,0,0,5,1279,0,336,0,336
96006,Playing,4734976,13421,0,0,0,0,5,1285,0,336,0,336
96254,Playing,4727808,13400,0,0,0,0,5,1288,0,336,0,336
96502,Playing,4701184,13325,0,0,0,0,5,1290,0,336,0,336
96812,Playing,4724736,13392,0,0,0,0,5,1295,175,336,176,336
97000,Playing,4714496,13363,0,0,0,0,5,1297,0,336,0,336
97310,Playing,4718592,13374,0,0,0,0,5,1301,14,336,14,336
97559,Playing,4739072,13432,0,0,0,0,5,1305,0,336,0,336
97808,Playing,4731904,13412,0,0,0,0,5,1308,0,336,0,336
98060,Playing,4705280,13336,0,0,0,0,5,1310,0,336,0,336
98308,Playing,4698112,13316,0,0,0,0,5,1313,93,336,93,336
98557,Playing,4718592,13374,0,0,0,0,5,1317,0,336,0,336
98805,Playing,4710400,13351,0,0,0,0,5,1323,0,336,0,336
99055,Playing,4647936,13174,0,0,0,0,5,1324,95,336,95,336
99305,Playing,4640768,13154,0,0,0,0,5,1327,93,336,93,336
99553,Playing,4669440,13235,0,0,0,0,5,1331,95,336,95,336
99798,Playing,4717568,13371,0,0,0,0,5,1336,0,336,0,336
100046,Playing,4655104,13194,0,0,0,0,5,1337,93,336,94,336
100296,Playing,4656128,13197,0,0,0,0,5,1340,95,336,96,336
100544,Playing,4676608,13255,0,0,0,0,5,1344,0,336,0,336
100792,Playing,4669440,13235,0,0,0,0,5,1347,174,336,174,336
101037,Playing,4670464,13238,0,0,0,0,5,1350,0,336,0,336
101286,Playing,4663296,13217,0,0,0,0,5,1353,89,336,89,336
101534,Playing,4664320,13220,0,0,0,0,5,1359,0,336,15,336
101784,Playing,4684800,13278,0,0,0,0,5,1363,0,336,0,336
102032,Playing,4677632,13258,0,0,0,0,5,1366,0,336,0,336
102283,Playing,4615168,13081,0,0,0,0,5,1367,175,336,175,336
102534,Playing,4671488,13241,0,0,0,0,5,1372,0,336,0,336
102781,Playing,4664320,13220,0,0,0,0,5,1375,0,336,0,336
103031,Playing,4684800,13278,0,0,0,0,5,1379,13,336,13,336
103281,Playing,4658176,13203,0,0,0,0,5,1381,0,336,0,336
103529,Playing,4651008,13183,0,0,0,0,5,1384,94,336,94,336
103778,Playing,4643840,13162,0,0,0,0,5,1387,95,336,96,336
104024,Playing,4700160,13322,0,0,0,0,5,1392,0,336,0,336
104272,Playing,4665344,13223,0,0,0,0,5,1397,0,336,14,336
104520,Playing,4638720,13148,0,0,0,0,5,1399,0,336,0,336
104769,Playing,4631552,13127,0,0,0,0,5,1402,0,336,0,336
105018,Playing,4652032,13186,0,0,0,0,5,1406,0,336,0,336
105268,Playing,4672512,13244,0,0,0,0,5,1410,0,336,0,336
105517,Playing,4618240,13090,0,0,0,0,5,1411,174,336,174,336
105766,Playing,4638720,13148,0,0,0,0,5,1415,0,336,0,336
106014,Playing,4659200,13206,0,0,0,0,5,1419,0,336,0,336
106261,Playing,4660224,13209,0,0,0,0,5,1422,0,336,0,336
106509,Playing,4625408,13110,0,0,0,0,5,1424,0,336,0,336
106759,Playing,4645888,13168,0,0,0,0,5,1428,0,336,0,336
107006,Playing,4646912,13171,0,0,0,0,5,1431,0,336,0,336
107254,Playing,4639744,13151,0,0,0,0,5,1437,95,336,95,336
107503,Playing,4613120,13075,0,0,0,0,5,1439,0,336,0,336
107752,Playing,4605952,13055,0,0,0,0,5,1442,174,336,174,336
108002,Playing,4626432,13113,0,0,0,0,5,1446,0,336,0,336
108251,Playing,4646912,13171,0,0,0,0,5,1450,0,336,0,336
108500,Playing,4592640,13017,0,0,0,0,5,1451,175,336,175,336
108808,Playing,4624384,13107,0,0,0,0,5,1456,91,336,92,336
109054,Playing,4617216,13087,0,0,0,0,5,1459,0,336,0,336
109301,Playing,4610048,13067,0,0,0,0,5,1462,97,336,97,336
109550,Playing,4638720,13148,0,0,0,0,5,1466,93,336,93,336
109800,Playing,4603904,13049,0,0,0,0,5,1468,0,336,0,336
110048,Playing,4569088,12950,0,0,0,0,5,1473,0,336,0,336
110297,Playing,4625408,13110,0,0,0,0,5,1478,0,336,0,336
110551,Playing,4618240,13090,0,0,0,0,5,1481,11,336,11,336
110798,Playing,4611072,13069,0,0,0,0,5,1484,95,336,95,336
111046,Playing,4556800,12916,0,0,0,0,5,1485,174,336,174,336
111299,Playing,4604928,13052,0,0,0,0,5,1490,0,336,0,336
111547,Playing,4597760,13032,0,0,0,0,5,1493,0,336,0,336
111796,Playing,4618240,13090,0,0,0,0,5,1497,14,336,14,336
112047,Playing,4591616,13014,0,0,0,0,5,1499,95,336,95,336
112296,Playing,4584448,12994,0,0,0,0,5,1502,175,336,175,336
112546,Playing,4604928,13052,0,0,0,0,5,1506,0,336,0,336
112797,Playing,4597760,13032,0,0,0,0,5,1512,0,336,0,336
113046,Playing,4543488,12878,0,0,0,0,5,1513,177,336,177,336
113294,Playing,4563968,12936,0,0,0,0,5,1517,0,336,0,336
113543,Playing,4556800,12916,0,0,0,0,5,1520,173,336,173,336
113793,Playing,4585472,12997,0,0,0,0,5,1524,178,336,178,336
114040,Playing,4550656,12898,0,0,0,0,5,1526,14,336,14,336
114286,Playing,4571136,12956,0,0,0,0,5,1530,0,336,0,336
114535,Playing,4572160,12959,0,0,0,0,5,1533,172,336,172,336
114784,Playing,4537344,12860,0,0,0,0,5,1535,0,336,0,336
115033,Playing,4557824,12919,0,0,0,0,5,1539,0,336,0,336
115282,Playing,4558848,12921,0,0,0,0,5,1542,0,336,0,336
115531,Playing,4570112,12953,0,0,0,0,5,1548,0,336,13,336
115779,Playing,4516864,12802,0,0,0,0,5,1550,0,336,0,336
116028,Playing,4545536,12884,0,0,0,0,5,1554,0,336,0,336
116277,Playing,4510720,12785,0,0,0,0,5,1556,95,336,95,336
116525,Playing,4531200,12843,0,0,0,0,5,1560,174,336,174,336
116774,Playing,4504576,12768,0,0,0,0,5,1562,1,336,1,336
117023,Playing,4525056,12826,0,0,0,0,5,1566,93,336,93,336
117272,Playing,4545536,12884,0,0,0,0,5,1570,14,336,14,336
117519,Playing,4546560,12887,0,0,0,0,5,1573,0,336,0,336
117768,Playing,4511744,12788,0,0,0,0,5,1575,0,336,0,336
118016,Playing,4532224,12846,0,0,0,0,5,1579,0,336,0,336
118265,Playing,4533248,12849,0,0,0,0,5,1582,0,336,0,336
118514,Playing,4516864,12802,0,0,0,0,5,1588,0,336,0,336
118765,Playing,4537344,12860,0,0,0,0,5,1592,14,336,14,336
119013,Playing,4538368,12863,0,0,0,0,5,1595,0,336,0,336
119259,Playing,4503552,12765,0,0,0,0,5,1597,0,336,0,336
119507,Playing,4524032,12823,0,0,0,0,5,1601,0,336,0,336
119757,Playing,4525056,12826,0,0,0,0,5,1604,0,336,0,336
120007,Playing,4545536,12884,0,0,0,0,5,1608,0,336,0,336
120259,Playing,4510720,12785,0,0,0,0,5,1610,0,336,0,336
120504,Playing,4511744,12788,0,0,0,0,5,1613,0,336,0,336
120751,Playing,4504576,12768,0,0,0,0,5,1616,95,336,95,336
121003,Playing,4552704,12904,0,0,0,0,5,1621,0,336,0,336
121252,Playing,4480000,12698,0,0,0,0,5,1624,0,336,15,336
121560,Playing,4485120,12712,0,0,0,0,5,1629,94,336,94,336
121810,Playing,4486144,12715,0,0,0,0,5,1632,0,336,0,336
122057,Playing,4478976,12695,0,0,0,0,5,1635,0,336,0,336
122306,Playing,4499456,12753,0,0,0,0,5,1639,0,336,0,336
122552,Playing,4500480,12756,0,0,0,0,5,1642,13,336,13,336
122801,Playing,4438016,12579,0,0,0,0,5,1643,176,336,176,336
123047,Playing,4494336,12739,0,0,0,0,5,1648,0,336,0,336
123294,Playing,4487168,12718,0,0,0,0,5,1651,0,336,0,336
123544,Playing,4507648,12776,0,0,0,0,5,1655,0,336,0,336
123793,Playing,4445184,12599,0,0,0,0,5,1656,176,336,176,336
124041,Playing,4455424,12628,0,0,0,0,5,1662,0,336,15,336
124291,Playing,4457472,12634,0,0,0,0,5,1666,0,336,0,336
124538,Playing,4430848,12559,0,0,0,0,5,1668,13,336,13,336
124786,Playing,4423680,12538,0,0,0,0,5,1671,95,336,95,336
125032,Playing,4444160,12596,0,0,0,0,5,1675,0,336,0,336
125279,Playing,4472832,12678,0,0,0,0,5,1679,0,336,0,336
125526,Playing,4410368,12501,0,0,0,0,5,1680,94,336,95,336
125776,Playing,4430848,12559,0,0,0,0,5,1684,0,336,0,336
126027,Playing,4459520,12640,0,0,0,0,5,1688,0,336,0,336
126276,Playing,4452352,12620,0,0,0,0,5,1691,0,336,0,336
126526,Playing,4472832,12678,0,0,0,0,5,1695,0,336,0,336
126773,Playing,4446208,12602,0,0,0,0,5,1697,0,336,0,336
127022,Playing,4411392,12503,0,0,0,0,5,1702,0,336,0,336
127269,Playing,4431872,12561,0,0,0,0,5,1706,0,336,0,336
127518,Playing,4377600,12408,0,0,0,0,5,1707,95,336,95,336
127767,Playing,4398080,12466,0,0,0,0,5,1711,174,336,174,336
128016,Playing,4418560,12524,0,0,0,0,5,1715,0,336,0,336
128267,Playing,4439040,12582,0,0,0,0,5,1719,0,336,0,336
128517,Playing,4440064,12585,0,0,0,0,5,1722,0,336,0,336
128765,Playing,4405248,12486,0,0,0,0,5,1724,0,336,0,336
129015,Playing,4398080,12466,0,0,0,0,5,1727,0,336,0,336
129263,Playing,4418560,12524,0,0,0,0,5,1731,0,336,0,336
129513,Playing,4419584,12527,0,0,0,0,5,1734,172,336,172,336
129765,Playing,4384768,12428,0,0,0,0,5,1739,0,336,0,336
130013,Playing,4377600,12408,0,0,0,0,5,1742,14,336,15,336
130263,Playing,4406272,12489,0,0,0,0,5,1746,0,336,0,336
130510,Playing,4343808,12312,0,0,0,0,5,1747,175,336,175,336
130757,Playing,4364288,12370,0,0,0,0,5,1751,0,336,0,336
131008,Playing,4392960,12451,0,0,0,0,5,1755,0,336,0,336
131255,Playing,4385792,12431,0,0,0,0,5,1758,0,336,0,336
131504,Playing,4378624,12411,0,0,0,0,5,1761,0,336,0,336
131755,Playing,4371456,12390,0,0,0,0,5,1764,0,336,0,336
132005,Playing,4344832,12315,0,0,0,0,5,1766,0,336,0,336
132251,Playing,4392960,12451,0,0,0,0,5,1771,0,336,0,336
132500,Playing,4393984,12454,0,0,0,0,5,1777,0,336,0,336
132811,Playing,4362240,12364,0,0,0,0,5,1780,176,336,176,336
133061,Playing,4382720,12422,0,0,0,0,5,1784,0,336,0,336
133312,Playing,4411392,12503,0,0,0,0,5,1788,0,336,0,336
133558,Playing,4321280,12248,0,0,0,0,5,1788,0,336,0,336
133808,Playing,4369408,12384,0,0,0,0,5,1793,0,336,0,336
134058,Playing,4398080,12466,0,0,0,0,5,1797,0,336,0,336
134305,Playing,4390912,12445,0,0,0,0,5,1800,0,336,0,336
134554,Playing,4328448,12268,0,0,0,0,5,1801,175,336,176,336
134801,Playing,4384768,12428,0,0,0,0,5,1806,0,336,0,336
135054,Playing,4377600,12408,0,0,0,0,5,1809,0,336,0,336
135304,Playing,4370432,12387,0,0,0,0,5,1815,0,336,0,336
135555,Playing,4316160,12234,0,0,0,0,5,1816,94,336,94,336
135803,Playing,4336640,12292,0,0,0,0,5,1820,176,336,176,336
136052,Playing,4329472,12271,0,0,0,0,5,1823,175,336,175,336
136300,Playing,4385792,12431,0,0,0,0,5,1828,0,336,0,336
136548,Playing,4323328,12254,0,0,0,0,5,1829,96,336,96,336
136799,Playing,4343808,12312,0,0,0,0,5,1833,0,336,0,336
137048,Playing,4344832,12315,0,0,0,0,5,1836,175,336,175,336
137298,Playing,4337664,12294,0,0,0,0,5,1839,0,336,0,336
137546,Playing,4385792,12431,0,0,0,0,5,1844,0,336,0,336
137795,Playing,4331520,12277,0,0,0,0,5,1845,173,336,173,336
138044,Playing,4324352,12257,0,0,0,0,5,1848,0,336,0,336
138294,Playing,4344832,12315,0,0,0,0,5,1855,0,336,0,336
138540,Playing,4345856,12318,0,0,0,0,5,1858,0,336,0,336
138789,Playing,4311040,12219,0,0,0,0,5,1860,0,336,0,336
139038,Playing,4331520,12277,0,0,0,0,5,1864,0,336,0,336
139286,Playing,4332544,12280,0,0,0,0,5,1867,95,336,95,336
139533,Playing,4297728,12181,0,0,0,0,5,1869,0,336,0,336
139782,Playing,4318208,12239,0,0,0,0,5,1873,0,336,0,336
140031,Playing,4319232,12242,0,0,0,0,5,1876,95,336,95,336
140279,Playing,4339712,12300,0,0,0,0,5,1880,0,336,0,336
140529,Playing,4332544,12280,0,0,0,0,5,1883,96,336,96,336
140775,Playing,4333568,12283,0,0,0,0,5,1886,0,336,0,336
141025,Playing,4326400,12263,0,0,0,0,5,1892,0,336,0,336
141273,Playing,4291584,12164,0,0,0,0,5,1894,94,336,94,336
141523,Playing,4312064,12222,0,0,0,0,5,1898,91,336,91,336
141772,Playing,4285440,12146,0,0,0,0,5,1900,0,336,0,336
142019,Playing,4305920,12204,0,0,0,0,5,1904,0,336,0,336
142269,Playing,4306944,12207,0,0,0,0,5,1907,0,336,0,336
142515,Playing,4327424,12265,0,0,0,0,5,1911,0,336,0,336
142762,Playing,4264960,12088,0,0,0,0,5,1912,174,336,174,336
143011,Playing,4321280,12248,0,0,0,0,5,1917,0,336,0,336
143259,Playing,4314112,12228,0,0,0,0,5,1920,0,336,0,336
143508,Playing,4306944,12207,0,0,0,0,5,1923,92,336,92,336
143756,Playing,4261888,12080,0,0,0,0,5,1927,0,336,13,336
144005,Playing,4263936,12085,0,0,0,0,5,1931,0,336,0,336
144251,Playing,4256768,12065,0,0,0,0,5,1934,176,336,176,336
144560,Playing,4260864,12077,0,0,0,0,5,1938,0,336,0,336
144808,Playing,4281344,12135,0,0,0,0,5,1942,0,336,0,336
145056,Playing,4282368,12138,0,0,0,0,5,1945,96,336,96,336
145306,Playing,4275200,12117,0,0,0,0,5,1948,0,336,0,336
145555,Playing,4268032,12097,0,0,0,0,5,1951,0,336,0,336
145804,Playing,4269056,12100,0,0,0,0,5,1954,97,336,97,336
146053,Playing,4289536,12158,0,0,0,0,5,1958,14,336,14,336
146301,Playing,4227072,11981,0,0,0,0,5,1959,176,336,176,336
146549,Playing,4246528,12036,0,0,0,0,5,1966,0,336,0,336
146796,Playing,4239360,12016,0,0,0,0,5,1969,0,336,0,336
147046,Playing,4259840,12074,0,0,0,0,5,1973,0,336,0,336
147297,Playing,4197376,11897,0,0,0,0,5,1974,176,336,176,336
147550,Playing,4226048,11978,0,0,0,0,5,1978,0,336,0,336
147799,Playing,4218880,11958,0,0,0,0,5,1981,174,336,174,336
148047,Playing,4239360,12016,0,0,0,0,5,1985,92,336,92,336
148296,Playing,4268032,12097,0,0,0,0,5,1989,0,336,0,336
148546,Playing,4205568,11920,0,0,0,0,5,1990,176,336,176,336
148793,Playing,4226048,11978,0,0,0,0,5,1994,174,336,174,336
149041,Playing,4254720,12059,0,0,0,0,5,1998,0,336,0,336
149290,Playing,4229120,11987,0,0,0,0,5,2001,0,336,0,336
149536,Playing,4203520,11914,0,0,0,0,5,2006,0,336,0,336
149786,Playing,4204544,11917,0,0,0,0,5,2009,0,336,0,336
150037,Playing,4197376,11897,0,0,0,0,5,2012,175,336,176,336
150285,Playing,4190208,11877,0,0,0,0,5,2015,0,336,0,336
150534,Playing,4191232,11879,0,0,0,0,5,2018,0,336,0,336
150780,Playing,4184064,11859,0,0,0,0,5,2021,175,336,175,336
151030,Playing,4204544,11917,0,0,0,0,5,2025,0,336,0,336
151279,Playing,4177920,11842,0,0,0,0,5,2027,0,336,0,336
151526,Playing,4198400,11900,0,0,0,0,5,2031,0,336,0,336
151777,Playing,4218880,11958,0,0,0,0,5,2035,0,336,0,336
152026,Playing,4211712,11937,0,0,0,0,5,2038,0,336,0,336
152275,Playing,4157440,11784,0,0,0,0,5,2042,0,336,0,336
152525,Playing,4150272,11763,0,0,0,0,5,2045,1,336,1,336
152773,Playing,4170752,11821,0,0,0,0,5,2049,173,336,173,336
153020,Playing,4199424,11903,0,0,0,0,5,2053,0,336,0,336
153268,Playing,4136960,11726,0,0,0,0,5,2054,94,336,94,336
153514,Playing,4137984,11728,0,0,0,0,5,2057,0,336,0,336
153765,Playing,4186112,11865,0,0,0,0,5,2062,0,336,0,336
154014,Playing,4178944,11845,0,0,0,0,5,2065,0,336,0,336
154262,Playing,4199424,11903,0,0,0,0,5,2069,93,336,93,336
154511,Playing,4172800,11827,0,0,0,0,5,2071,0,336,0,336
154761,Playing,4165632,11807,0,0,0,0,5,2074,0,336,0,336
155012,Playing,4158464,11787,0,0,0,0,5,2080,0,336,0,336
155261,Playing,4178944,11845,0,0,0,0,5,2084,0,336,0,336
155514,Playing,4124672,11691,0,0,0,0,5,2085,174,336,174,336
155762,Playing,4145152,11749,0,0,0,0,5,2089,0,336,0,336
156010,Playing,4137984,11728,0,0,0,0,5,2092,174,336,174,336
156258,Playing,4166656,11810,0,0,0,0,5,2096,0,336,0,336
156508,Playing,4131840,11711,0,0,0,0,5,2098,0,336,0,336
156755,Playing,4152320,11769,0,0,0,0,5,2102,0,336,0,336
157005,Playing,4153344,11772,0,0,0,0,5,2105,0,336,0,336
157255,Playing,4173824,11830,0,0,0,0,5,2109,0,336,0,336
157505,Playing,4194304,11888,0,0,0,0,5,2113,0,336,0,336
157754,Playing,4131840,11711,0,0,0,0,5,2114,174,336,174,336
158002,Playing,4160512,11792,0,0,0,0,5,2121,0,336,0,336
158251,Playing,4153344,11772,0,0,0,0,5,2124,0,336,0,336
158502,Playing,4118528,11673,0,0,0,0,5,2126,0,336,0,336
158752,Playing,4119552,11676,0,0,0,0,5,2129,0,336,0,336
159004,Playing,4112384,11656,0,0,0,0,5,2132,93,336,93,336
159253,Playing,4132864,11714,0,0,0,0,5,2136,91,336,91,336
159500,Playing,4098048,11615,0,0,0,0,5,2138,0,336,0,336
159809,Playing,4102144,11627,0,0,0,0,5,2142,0,336,0,336
160056,Playing,4103168,11630,0,0,0,0,5,2145,95,336,95,336
160306,Playing,4123648,11688,0,0,0,0,5,2149,0,336,0,336
160555,Playing,4107264,11641,0,0,0,0,5,2154,0,336,14,336
160803,Playing,4117504,11670,0,0,0,0,5,2158,0,336,0,336
161053,Playing,4082688,11572,0,0,0,0,5,2160,0,336,0,336
161302,Playing,4103168,11630,0,0,0,0,5,2164,0,336,0,336
161549,Playing,4104192,11633,0,0,0,0,5,2167,95,336,95,336
161800,Playing,4124672,11691,0,0,0,0,5,2171,0,336,0,336
162046,Playing,4117504,11670,0,0,0,0,5,2174,94,336,94,336
162298,Playing,4082688,11572,0,0,0,0,5,2176,0,336,0,336
162548,Playing,4111360,11653,0,0,0,0,5,2180,0,336,0,336
162797,Playing,4104192,11633,0,0,0,0,5,2183,0,336,0,336
163045,Playing,4097024,11612,0,0,0,0,5,2186,0,336,0,336
163291,Playing,4070400,11537,0,0,0,0,5,2188,94,336,94,336
163541,Playing,4063232,11517,0,0,0,0,5,2194,93,336,93,336
163788,Playing,4083712,11575,0,0,0,0,5,2198,0,336,0,336
164040,Playing,4104192,11633,0,0,0,0,5,2202,0,336,0,336
164287,Playing,4105216,11636,0,0,0,0,5,2205,0,336,0,336
164535,Playing,4070400,11537,0,0,0,0,5,2207,0,336,0,336
164781,Playing,4071424,11540,0,0,0,0,5,2210,94,336,94,336
165033,Playing,4091904,11598,0,0,0,0,5,2214,92,336,92,336
165281,Playing,4057088,11499,0,0,0,0,5,2216,0,336,0,336
165529,Playing,4058112,11502,0,0,0,0,5,2219,94,336,94,336
165778,Playing,4078592,11560,0,0,0,0,5,2223,95,336,95,336
166026,Playing,4099072,11618,0,0,0,0,5,2227,13,336,13,336
166274,Playing,4035584,11438,0,0,0,0,5,2230,0,336,15,336
166521,Playing,4065280,11522,0,0,0,0,5,2235,0,336,0,336
166769,Playing,4058112,11502,0,0,0,0,5,2238,0,336,0,336
167017,Playing,4086784,11583,0,0,0,0,5,2242,0,336,0,336
167263,Playing,4024320,11406,0,0,0,0,5,2243,174,336,174,336
167512,Playing,4044800,11464,0,0,0,0,5,2247,0,336,0,336
167760,Playing,4045824,11467,0,0,0,0,5,2250,177,336,177,336
168008,Playing,4093952,11604,0,0,0,0,5,2255,0,336,0,336
168257,Playing,4031488,11427,0,0,0,0,5,2256,174,336,174,336
168505,Playing,4060160,11508,0,0,0,0,5,2260,0,336,0,336
168753,Playing,4052992,11488,0,0,0,0,5,2263,0,336,0,336
169004,Playing,4036608,11441,0,0,0,0,5,2269,0,336,0,336
169253,Playing,4009984,11366,0,0,0,0,5,2271,0,336,0,336
169502,Playing,4002816,11345,0,0,0,0,5,2274,0,336,0,336
169752,Playing,4023296,11403,0,0,0,0,5,2278,176,336,176,336
170002,Playing,3988480,11305,0,0,0,0,5,2280,13,336,14,336
170251,Playing,3989504,11308,0,0,0,0,5,2283,14,336,14,336
170562,Playing,3985408,11296,0,0,0,0,5,2287,14,336,14,336
170811,Playing,4014080,11377,0,0,0,0,5,2291,0,336,0,336
171059,Playing,4006912,11357,0,0,0,0,5,2294,0,336,0,336
171308,Playing,3999744,11337,0,0,0,0,5,2297,175,336,175,336
171556,Playing,4000768,11340,0,0,0,0,5,2300,0,336,0,336
171802,Playing,3993600,11319,0,0,0,0,5,2303,93,336,94,336
172051,Playing,3977216,11273,0,0,0,0,5,2309,0,336,0,336
172299,Playing,3950592,11197,0,0,0,0,5,2311,0,336,0,336
172549,Playing,3943424,11177,0,0,0,0,5,2314,94,336,94,336
172796,Playing,3963904,11235,0,0,0,0,5,2318,0,336,0,336
173046,Playing,3992576,11316,0,0,0,0,5,2322,14,336,14,336
173295,Playing,3985408,11296,0,0,0,0,5,2325,96,336,96,336
173543,Playing,3978240,11276,0,0,0,0,5,2328,0,336,0,336
173795,Playing,3971072,11255,0,0,0,0,5,2331,0,336,0,336
174041,Playing,3972096,11258,0,0,0,0,5,2334,0,336,0,336
174290,Playing,3992576,11316,0,0,0,0,5,2338,0,336,0,336
174541,Playing,3930112,11139,0,0,0,0,5,2339,174,336,174,336
174788,Playing,3921920,11116,0,0,0,0,5,2345,0,336,0,336
175040,Playing,3942400,11174,0,0,0,0,5,2349,0,336,0,336
175288,Playing,3962880,11232,0,0,0,0,5,2353,0,336,0,336
175537,Playing,3963904,11235,0,0,0,0,5,2356,0,336,0,336
175787,Playing,3984384,11293,0,0,0,0,5,2360,0,336,0,336
176037,Playing,3921920,11116,0,0,0,0,5,2361,177,336,177,336
176288,Playing,3942400,11174,0,0,0,0,5,2365,0,336,0,336
176536,Playing,3943424,11177,0,0,0,0,5,2368,93,336,93,336
176785,Playing,3991552,11313,0,0,0,0,5,2373,0,336,0,336
177033,Playing,3901440,11058,0,0,0,0,5,2373,0,336,0,336
177282,Playing,3957760,11218,0,0,0,0,5,2378,0,336,0,336
177530,Playing,3895296,11041,0,0,0,0,5,2379,175,336,175,336
177779,Playing,3888128,11020,0,0,0,0,5,2385,0,336,0,336
178028,Playing,3916800,11102,0,0,0,0,5,2389,0,336,0,336
178279,Playing,3909632,11081,0,0,0,0,5,2392,95,336,96,336
178529,Playing,3902464,11061,0,0,0,0,5,2395,94,336,94,336
178777,Playing,3903488,11064,0,0,0,0,5,2398,0,336,0,336
179028,Playing,3896320,11043,0,0,0,0,5,2401,93,336,93,336
179277,Playing,3916800,11102,0,0,0,0,5,2405,0,336,0,336
179524,Playing,3917824,11104,0,0,0,0,5,2408,94,336,95,336
179773,Playing,3883008,11006,0,0,0,0,5,2410,0,336,0,336
180023,Playing,3931136,11142,0,0,0,0,5,2415,0,336,0,336
180272,Playing,3904512,11067,0,0,0,0,5,2420,0,336,13,336
180522,Playing,3897344,11046,0,0,0,0,5,2423,98,336,98,336
180770,Playing,3917824,11104,0,0,0,0,5,2427,0,336,0,336
181019,Playing,3863552,10951,0,0,0,0,5,2428,175,336,175,336
181268,Playing,3884032,11009,0,0,0,0,5,2432,0,336,0,336
181515,Playing,3904512,11067,0,0,0,0,5,2436,0,336,0,336
181767,Playing,3924992,11125,0,0,0,0,5,2440,0,336,0,336
182013,Playing,3926016,11128,0,0,0,0,5,2443,0,336,0,336
182259,Playing,3891200,11029,0,0,0,0,5,2445,0,336,0,336
182508,Playing,3892224,11032,0,0,0,0,5,2448,94,336,94,336
182758,Playing,3912704,11090,0,0,0,0,5,2452,0,336,0,336
183003,Playing,3877888,10991,0,0,0,0,5,2454,0,336,0,336
183251,Playing,3878912,10994,0,0,0,0,5,2460,0,336,0,336
183502,Playing,3871744,10974,0,0,0,0,5,2463,94,336,94,336
183813,Playing,3875840,10985,0,0,0,0,5,2467,0,336,0,336
184059,Playing,3868672,10965,0,0,0,0,5,2470,96,336,96,336
184306,Playing,3897344,11046,0,0,0,0,5,2474,15,336,15,336
184554,Playing,3862528,10948,0,0,0,0,5,2476,0,336,0,336
184804,Playing,3883008,11006,0,0,0,0,5,2480,0,336,0,336
185052,Playing,3884032,11009,0,0,0,0,5,2483,95,336,95,336
185300,Playing,3904512,11067,0,0,0,0,5,2487,15,336,15,336
185546,Playing,3869696,10968,0,0,0,0,5,2489,0,336,0,336
185796,Playing,3870720,10971,0,0,0,0,5,2492,0,336,0,336
186046,Playing,3863552,10951,0,0,0,0,5,2498,0,336,0,336
186297,Playing,3856384,10930,0,0,0,0,5,2501,0,336,0,336
186543,Playing,3829760,10855,0,0,0,0,5,2503,0,336,0,336
186792,Playing,3822592,10835,0,0,0,0,5,2506,174,336,174,336
187043,Playing,3843072,10893,0,0,0,0,5,2510,177,336,177,336
187291,Playing,3863552,10951,0,0,0,0,5,2514,0,336,0,336
187539,Playing,3836928,10875,0,0,0,0,5,2516,13,336,13,336
187790,Playing,3829760,10855,0,0,0,0,5,2519,93,336,93,336
188038,Playing,3877888,10991,0,0,0,0,5,2524,14,336,15,336
188288,Playing,3851264,10916,0,0,0,0,5,2526,94,336,94,336
188536,Playing,3871744,10974,0,0,0,0,5,2530,95,336,95,336
188785,Playing,3809280,10797,0,0,0,0,5,2534,0,336,0,336
189035,Playing,3810304,10800,0,0,0,0,5,2537,94,336,95,336
189283,Playing,3830784,10858,0,0,0,0,5,2541,96,336,96,336
189531,Playing,3851264,10916,0,0,0,0,5,2545,17,336,17,336
189779,Playing,3824640,10840,0,0,0,0,5,2547,0,336,0,336
190029,Playing,3845120,10898,0,0,0,0,5,2551,0,336,0,336
190278,Playing,3837952,10878,0,0,0,0,5,2554,0,336,0,336
190526,Playing,3866624,10959,0,0,0,0,5,2558,0,336,0,336
190774,Playing,3831808,10861,0,0,0,0,5,2560,0,336,0,336
191022,Playing,3824640,10840,0,0,0,0,5,2563,0,336,0,336
191267,Playing,3825664,10843,0,0,0,0,5,2566,93,336,93,336
191517,Playing,3790848,10745,0,0,0,0,5,2568,0,336,0,336
191765,Playing,3783680,10724,0,0,0,0,5,2574,93,336,94,336
192014,Playing,3812352,10805,0,0,0,0,5,2578,0,336,0,336
192262,Playing,3805184,10785,0,0,0,0,5,2581,0,336,0,336
192511,Playing,3770368,10686,0,0,0,0,5,2583,0,336,0,336
192758,Playing,3799040,10768,0,0,0,0,5,2587,0,336,0,336
193007,Playing,3791872,10747,0,0,0,0,5,2590,0,336,0,336
193255,Playing,3812352,10805,0,0,0,0,5,2594,95,336,95,336
193505,Playing,3785728,10730,0,0,0,0,5,2596,0,336,0,336
193753,Playing,3806208,10788,0,0,0,0,5,2600,0,336,0,336
194001,Playing,3799040,10768,0,0,0,0,5,2603,94,336,94,336
194311,Playing,3775488,10701,0,0,0,0,5,2606,93,336,93,336
194559,Playing,3759104,10655,0,0,0,0,5,2612,0,336,0,336
194811,Playing,3760128,10657,0,0,0,0,5,2615,0,336,0,336
195060,Playing,3752960,10637,0,0,0,0,5,2618,0,336,0,336
195311,Playing,3745792,10617,0,0,0,0,5,2621,94,336,94,336
195560,Playing,3766272,10675,0,0,0,0,5,2625,15,336,15,336
195808,Playing,3794944,10756,0,0,0,0,5,2629,13,336,13,336
196056,Playing,3732480,10579,0,0,0,0,5,2630,175,336,175,336
196305,Playing,3752960,10637,0,0,0,0,5,2634,0,336,1,336
196555,Playing,3781632,10718,0,0,0,0,5,2638,0,336,0,336
196803,Playing,3774464,10698,0,0,0,0,5,2641,93,336,93,336
197050,Playing,3712000,10521,0,0,0,0,5,2642,176,336,176,336
197298,Playing,3731456,10576,0,0,0,0,5,2649,0,336,0,336
197547,Playing,3724288,10556,0,0,0,0,5,2652,93,336,93,336
197796,Playing,3744768,10614,0,0,0,0,5,2656,0,336,0,336
198044,Playing,3690496,10460,0,0,0,0,5,2657,173,336,173,336
198293,Playing,3710976,10518,0,0,0,0,5,2661,91,336,91,336
198539,Playing,3731456,10576,0,0,0,0,5,2665,0,336,0,336
198789,Playing,3760128,10657,0,0,0,0,5,2669,0,336,0,336
199037,Playing,3697664,10480,0,0,0,0,5,2670,175,336,175,336
199285,Playing,3718144,10538,0,0,0,0,5,2674,0,336,0,336
199534,Playing,3719168,10541,0,0,0,0,5,2677,94,336,94,336
199781,Playing,3739648,10599,0,0,0,0,5,2681,96,336,96,336
200032,Playing,3723264,10553,0,0,0,0,5,2687,0,336,0,336
200283,Playing,3688448,10454,0,0,0,0,5,2689,94,336,94,336
200532,Playing,3689472,10457,0,0,0,0,5,2692,175,336,175,336
200780,Playing,3709952,10515,0,0,0,0,5,2696,0,336,0,336
201029,Playing,3702784,10495,0,0,0,0,5,2699,94,336,94,336
201280,Playing,3703808,10498,0,0,0,0,5,2702,1,336,1,336
201528,Playing,3696640,10478,0,0,0,0,5,2705,0,336,0,336
201777,Playing,3689472,10457,0,0,0,0,5,2708,176,336,176,336
202026,Playing,3690496,10460,0,0,0,0,5,2711,13,336,13,336
202277,Playing,3683328,10440,0,0,0,0,5,2714,0,339,0,339
202527,Playing,3703808,10498,0,0,0,0,5,2718,0,339,0,339
202775,Playing,3704832,10501,0,0,0,0,5,2724,0,339,0,339
203023,Playing,3697664,10480,0,0,0,0,5,2727,0,339,0,339
203273,Playing,3662848,10382,0,0,0,0,5,2729,0,339,0,339
203521,Playing,3683328,10440,0,0,0,0,5,2733,0,339,0,339
203770,Playing,3684352,10443,0,0,0,0,5,2736,0,339,0,339
204019,Playing,3704832,10501,0,0,0,0,5,2740,0,339,0,339
204266,Playing,3697664,10480,0,0,0,0,5,2743,0,339,0,339
204516,Playing,3671040,10405,0,0,0,0,5,2745,176,339,176,339
204762,Playing,3691520,10463,0,0,0,0,5,2749,0,339,0,339
205009,Playing,3720192,10544,0,0,0,0,5,2753,0,339,0,339
205256,Playing,3657728,10367,0,0,0,0,5,2754,176,339,176,339
205505,Playing,3650560,10347,0,0,0,0,5,2757,173,339,173,339
205754,Playing,3651584,10350,0,0,0,0,5,2763,0,339,0,339
206000,Playing,3616768,10251,0,0,0,0,5,2765,0,339,0,339
206310,Playing,3648512,10341,0,0,0,0,5,2770,175,339,175,339
206560,Playing,3613696,10242,0,0,0,0,5,2772,15,339,15,339
206810,Playing,3634176,10300,0,0,0,0,5,2776,0,339,0,339
207061,Playing,3662848,10382,0,0,0,0,5,2780,0,339,0,339
207308,Playing,3655680,10361,0,0,0,0,5,2783,0,339,0,339
207558,Playing,3648512,10341,0,0,0,0,5,2786,0,339,0,339
207806,Playing,3649536,10344,0,0,0,0,5,2789,0,339,0,339
208055,Playing,3642368,10324,0,0,0,0,5,2792,0,339,0,339
208304,Playing,3662848,10382,0,0,0,0,5,2796,0,339,0,339
208551,Playing,3608576,10228,0,0,0,0,5,2800,0,339,0,339
208799,Playing,3573760,10129,0,0,0,0,5,2802,0,339,0,339
209047,Playing,3621888,10266,0,0,0,0,5,2807,0,339,0,339
209295,Playing,3650560,10347,0,0,0,0,5,2811,0,339,0,339
209540,Playing,3588096,10170,0,0,0,0,5,2812,94,339,94,339
209789,Playing,3580928,10150,0,0,0,0,5,2815,175,339,175,339
210037,Playing,3637248,10309,0,0,0,0,5,2820,0,339,0,339
210287,Playing,3630080,10289,0,0,0,0,5,2823,0,339,0,339
210537,Playing,3650560,10347,0,0,0,0,5,2827,0,339,0,339
210787,Playing,3596288,10193,0,0,0,0,5,2828,174,339,174,339
211036,Playing,3616768,10251,0,0,0,0,5,2832,173,339,173,339
211286,Playing,3581952,10152,0,0,0,0,5,2837,176,339,176,339
211535,Playing,3582976,10155,0,0,0,0,5,2840,0,339,0,339
211785,Playing,3575808,10135,0,0,0,0,5,2843,93,339,93,339
212034,Playing,3596288,10193,0,0,0,0,5,2847,0,339,0,339
212285,Playing,3589120,10173,0,0,0,0,5,2850,176,339,176,339
212533,Playing,3562496,10097,0,0,0,0,5,2852,0,339,0,339
212780,Playing,3582976,10155,0,0,0,0,5,2856,0,339,0,339
213029,Playing,3575808,10135,0,0,0,0,5,2859,0,339,0,339
213277,Playing,3604480,10216,0,0,0,0,5,2863,172,339,172,339
213524,Playing,3624960,10274,0,0,0,0,5,2867,0,339,0,339
213772,Playing,3570688,10120,0,0,0,0,5,2868,95,339,95,339
214020,Playing,3581952,10152,0,0,0,0,5,2874,0,339,13,339
214269,Playing,3584000,10158,0,0,0,0,5,2878,0,339,0,339
214516,Playing,3529728,10004,0,0,0,0,5,2879,95,339,95,339
214764,Playing,3577856,10141,0,0,0,0,5,2884,0,339,0,339
215014,Playing,3570688,10120,0,0,0,0,5,2887,14,339,14,339
215265,Playing,3563520,10100,0,0,0,0,5,2890,90,339,90,339
215516,Playing,3536896,10025,0,0,0,0,5,2892,0,339,0,339
215764,Playing,3557376,10083,0,0,0,0,5,2896,95,339,95,339
216011,Playing,3550208,10062,0,0,0,0,5,2899,96,339,96,339
216260,Playing,3606528,10222,0,0,0,0,5,2904,12,339,12,339
216507,Playing,3516416,9967,0,0,0,0,5,2904,12,339,12,339
216758,Playing,3564544,10103,0,0,0,0,5,2909,0,339,0,339
217007,Playing,3537920,10028,0,0,0,0,5,2914,0,339,0,339
217253,Playing,3558400,10086,0,0,0,0,5,2918,0,339,0,339
217561,Playing,3562496,10097,0,0,0,0,5,2922,0,339,0,339
217751,Playing,3607552,10225,0,0,0,0,5,2926,13,339,13,339
218000,Playing,3517440,9970,0,0,0,0,5,2926,13,339,13,339
218310,Playing,3549184,10060,0,0,0,0,5,2931,0,339,0,339
218559,Playing,3542016,10039,0,0,0,0,5,2934,0,339,0,339
218808,Playing,3534848,10019,0,0,0,0,5,2937,95,339,95,339
219056,Playing,3508224,9943,0,0,0,0,5,2939,0,339,0,339
219307,Playing,3528704,10001,0,0,0,0,5,2943,0,339,0,339
219558,Playing,3549184,10060,0,0,0,0,5,2947,0,339,0,339
219808,Playing,3532800,10013,0,0,0,0,5,2953,14,339,14,339
220058,Playing,3533824,10016,0,0,0,0,5,2956,0,339,0,339
220306,Playing,3526656,9996,0,0,0,0,5,2959,95,339,95,339
220557,Playing,3519488,9975,0,0,0,0,5,2962,0,339,0,339
220807,Playing,3512320,9955,0,0,0,0,5,2965,0,339,0,339
221054,Playing,3513344,9958,0,0,0,0,5,2968,95,339,95,339
221301,Playing,3478528,9859,0,0,0,0,5,2970,0,339,0,339
221550,Playing,3507200,9941,0,0,0,0,5,2974,95,339,95,339
221800,Playing,3527680,9999,0,0,0,0,5,2978,0,339,0,339
222049,Playing,3465216,9822,0,0,0,0,5,2979,175,339,175,339
222297,Playing,3493888,9903,0,0,0,0,5,2983,0,339,0,339
222545,Playing,3477504,9856,0,0,0,0,5,2989,1,339,1,339
222793,Playing,3470336,9836,0,0,0,0,5,2992,0,339,0,339
223043,Playing,3463168,9816,0,0,0,0,5,2995,0,339,0,339
223291,Playing,3464192,9819,0,0,0,0,5,2998,0,339,0,339
223541,Playing,3457024,9798,0,0,0,0,5,3001,94,339,95,339
223793,Playing,3477504,9856,0,0,0,0,5,3005,172,339,172,339
224039,Playing,3450880,9781,0,0,0,0,5,3007,0,339,0,339
224286,Playing,3443712,9761,0,0,0,0,5,3010,0,339,0,339
224538,Playing,3464192,9819,0,0,0,0,5,3014,0,339,0,339
224786,Playing,3492864,9900,0,0,0,0,5,3018,14,339,14,339
225034,Playing,3485696,9880,0,0,0,0,5,3021,93,339,93,339
225283,Playing,3469312,9833,0,0,0,0,5,3027,1,339,1,339
225532,Playing,3462144,9813,0,0,0,0,5,3030,94,339,94,339
225781,Playing,3435520,9737,0,0,0,0,5,3032,0,339,0,339
226027,Playing,3456000,9795,0,0,0,0,5,3036,0,339,0,339
226277,Playing,3476480,9853,0,0,0,0,5,3040,0,339,0,339
226526,Playing,3477504,9856,0,0,0,0,5,3043,1,339,1,339
226775,Playing,3442688,9758,0,0,0,0,5,3045,0,339,0,339
227021,Playing,3463168,9816,0,0,0,0,5,3049,0,339,0,339
227270,Playing,3464192,9819,0,0,0,0,5,3052,0,339,0,339
227517,Playing,3484672,9877,0,0,0,0,5,3056,14,339,14,339
227768,Playing,3422208,9700,0,0,0,0,5,3057,175,339,175,339
228015,Playing,3423232,9703,0,0,0,0,5,3060,173,339,173,339
228265,Playing,3443712,9761,0,0,0,0,5,3067,0,339,0,339
228514,Playing,3464192,9819,0,0,0,0,5,3071,0,339,0,339
228760,Playing,3409920,9665,0,0,0,0,5,3072,175,339,175,339
229008,Playing,3430400,9723,0,0,0,0,5,3076,0,339,0,339
229257,Playing,3423232,9703,0,0,0,0,5,3079,0,339,0,339
229504,Playing,3451904,9784,0,0,0,0,5,3083,0,339,0,339
229755,Playing,3417088,9685,0,0,0,0,5,3085,0,339,0,339
230003,Playing,3409920,9665,0,0,0,0,5,3088,0,339,0,339
230251,Playing,3438592,9746,0,0,0,0,5,3092,0,339,0,339
230562,Playing,3434496,9734,0,0,0,0,5,3096,0,339,0,339
230811,Playing,3427328,9714,0,0,0,0,5,3099,15,339,15,339
231061,Playing,3428352,9717,0,0,0,0,5,3105,0,339,0,339
231308,Playing,3393536,9618,0,0,0,0,5,3107,0,339,0,339
231561,Playing,3386368,9598,0,0,0,0,5,3110,0,339,0,339
231806,Playing,3415040,9679,0,0,0,0,5,3114,0,339,0,339
232054,Playing,3380224,9581,0,0,0,0,5,3116,15,339,15,339
232303,Playing,3381248,9584,0,0,0,0,5,3119,94,339,94,339
232552,Playing,3401728,9642,0,0,0,0,5,3123,0,339,0,339
232799,Playing,3394560,9621,0,0,0,0,5,3126,0,339,0,339
233047,Playing,3367936,9546,0,0,0,0,5,3128,0,339,0,339
233296,Playing,3388416,9604,0,0,0,0,5,3132,14,339,15,339
233543,Playing,3408896,9662,0,0,0,0,5,3136,0,339,0,339
233789,Playing,3354624,9508,0,0,0,0,5,3137,99,339,99,339
234038,Playing,3347456,9488,0,0,0,0,5,3143,0,339,0,339
234290,Playing,3340288,9467,0,0,0,0,5,3146,94,339,94,339
234539,Playing,3360768,9525,0,0,0,0,5,3150,0,339,0,339
234787,Playing,3334144,9450,0,0,0,0,5,3152,0,339,0,339
235036,Playing,3354624,9508,0,0,0,0,5,3156,0,339,0,339
235285,Playing,3375104,9566,0,0,0,0,5,3160,0,339,1,339
235535,Playing,3376128,9569,0,0,0,0,5,3163,0,339,0,339
235783,Playing,3368960,9549,0,0,0,0,5,3166,175,339,175,339
236030,Playing,3334144,9450,0,0,0,0,5,3168,0,339,0,339
236280,Playing,3362816,9531,0,0,0,0,5,3172,0,339,0,339
236528,Playing,3346432,9485,0,0,0,0,5,3177,0,339,13,339
236777,Playing,3348480,9491,0,0,0,0,5,3181,95,339,95,339
237026,Playing,3377152,9572,0,0,0,0,5,3185,14,339,14,339
237274,Playing,3342336,9473,0,0,0,0,5,3187,93,339,93,339
237524,Playing,3362816,9531,0,0,0,0,5,3191,0,339,0,339
237771,Playing,3363840,9534,0,0,0,0,5,3194,0,339,0,339
238019,Playing,3356672,9514,0,0,0,0,5,3197,0,339,0,339
238268,Playing,3377152,9572,0,0,0,0,5,3201,92,339,92,339
238518,Playing,3322880,9418,0,0,0,0,5,3202,176,339,176,339
238766,Playing,3371008,9555,0,0,0,0,5,3207,0,339,0,339
239013,Playing,3363840,9534,0,0,0,0,5,3210,0,339,0,339
239259,Playing,3337216,9459,0,0,0,0,5,3212,0,339,0,339
239507,Playing,3330048,9438,0,0,0,0,5,3218,0,339,0,339
239755,Playing,3358720,9520,0,0,0,0,5,3222,0,339,0,339
240004,Playing,3351552,9499,0,0,0,0,5,3225,0,339,1,339
240252,Playing,3316736,9401,0,0,0,0,5,3227,0,339,0,339
240561,Playing,3293184,9334,0,0,0,0,5,3230,95,339,95,339
240808,Playing,3313664,9392,0,0,0,0,5,3234,0,339,0,339
241057,Playing,3314688,9395,0,0,0,0,5,3237,93,339,93,339
241307,Playing,3279872,9296,0,0,0,0,5,3239,0,339,0,339
241554,Playing,3300352,9354,0,0,0,0,5,3243,94,339,94,339
241801,Playing,3329024,9436,0,0,0,0,5,3247,13,339,13,339
242052,Playing,3321856,9415,0,0,0,0,5,3250,13,339,13,339
242303,Playing,3314688,9395,0,0,0,0,5,3256,95,339,95,339
242551,Playing,3343360,9476,0,0,0,0,5,3260,0,339,0,339
242800,Playing,3280896,9299,0,0,0,0,5,3261,174,339,174,339
243050,Playing,3301376,9357,0,0,0,0,5,3265,175,339,175,339
243299,Playing,3321856,9415,0,0,0,0,5,3269,0,339,0,339
243547,Playing,3322880,9418,0,0,0,0,5,3272,0,339,0,339
243796,Playing,3315712,9398,0,0,0,0,5,3275,0,339,0,339
244045,Playing,3280896,9299,0,0,0,0,5,3277,94,339,94,339
244295,Playing,3309568,9380,0,0,0,0,5,3281,0,339,0,339
244543,Playing,3302400,9360,0,0,0,0,5,3284,0,339,0,339
244792,Playing,3267584,9261,0,0,0,0,5,3286,0,339,0,339
245041,Playing,3259392,9238,0,0,0,0,5,3292,0,339,0,339
245290,Playing,3279872,9296,0,0,0,0,5,3296,0,339,0,339
245540,Playing,3272704,9276,0,0,0,0,5,3299,95,339,95,339
245788,Playing,3301376,9357,0,0,0,0,5,3303,93,339,93,339
246036,Playing,3266560,9258,0,0,0,0,5,3305,0,339,0,339
246285,Playing,3259392,9238,0,0,0,0,5,3308,94,339,94,339
246534,Playing,3288064,9319,0,0,0,0,5,3312,93,339,93,339
246782,Playing,3253248,9221,0,0,0,0,5,3314,0,339,0,339
247029,Playing,3246080,9200,0,0,0,0,5,3317,99,339,99,339
247279,Playing,3274752,9282,0,0,0,0,5,3321,0,339,0,339
247527,Playing,3322880,9418,0,0,0,0,5,3326,14,339,14,339
247777,Playing,3241984,9189,0,0,0,0,5,3329,0,339,15,339
248025,Playing,3252224,9218,0,0,0,0,5,3333,0,339,0,339
248274,Playing,3245056,9198,0,0,0,0,5,3336,0,339,0,339
248525,Playing,3210240,9099,0,0,0,0,5,3338,0,339,0,339
248773,Playing,3203072,9079,0,0,0,0,5,3341,0,339,0,339
249022,Playing,3231744,9160,0,0,0,0,5,3345,0,339,0,339
249271,Playing,3252224,9218,0,0,0,0,5,3349,0,339,0,339
249519,Playing,3189760,9041,0,0,0,0,5,3350,94,339,94,339
249769,Playing,3218432,9122,0,0,0,0,5,3354,174,339,174,339
250017,Playing,3238912,9180,0,0,0,0,5,3358,0,339,0,339
250265,Playing,3259392,9238,0,0,0,0,5,3362,0,339,0,339
250516,Playing,3241984,9189,0,0,0,0,5,3365,0,339,0,339
250762,Playing,3161088,8960,0,0,0,0,5,3368,174,339,174,339
251014,Playing,3181568,9018,0,0,0,0,5,3372,177,339,177,339
251263,Playing,3182592,9020,0,0,0,0,5,3375,0,339,0,339
251513,Playing,3230720,9157,0,0,0,0,5,3380,0,339,0,339
251761,Playing,3168256,8980,0,0,0,0,5,3381,175,339,175,339
252009,Playing,3196928,9061,0,0,0,0,5,3385,174,339,174,339
252257,Playing,3189760,9041,0,0,0,0,5,3388,172,339,172,339
252507,Playing,3210240,9099,0,0,0,0,5,3392,0,339,0,339
252755,Playing,3183616,9023,0,0,0,0,5,3394,0,339,0,339
253006,Playing,3204096,9081,0,0,0,0,5,3398,0,339,0,339
253253,Playing,3196928,9061,0,0,0,0,5,3401,94,339,94,339
253502,Playing,3189760,9041,0,0,0,0,5,3407,95,339,95,339
253750,Playing,3163136,8965,0,0,0,0,5,3409,0,339,0,339
254059,Playing,3194880,9055,0,0,0,0,5,3414,1,339,1,339
254307,Playing,3160064,8957,0,0,0,0,5,3416,0,339,0,339
254556,Playing,3180544,9015,0,0,0,0,5,3420,0,339,0,339
254804,Playing,3181568,9018,0,0,0,0,5,3423,95,339,95,339
255053,Playing,3202048,9076,0,0,0,0,5,3427,0,339,0,339
255301,Playing,3194880,9055,0,0,0,0,5,3430,94,339,94,339
255550,Playing,3168256,8980,0,0,0,0,5,3432,0,339,0,339
255798,Playing,3161088,8960,0,0,0,0,5,3435,96,339,96,339
256045,Playing,3126272,8861,0,0,0,0,5,3437,0,339,0,339
256296,Playing,3146752,8919,0,0,0,0,5,3444,0,339,0,339
256545,Playing,3147776,8922,0,0,0,0,5,3447,0,339,0,339
256794,Playing,3168256,8980,0,0,0,0,5,3451,0,339,0,339
257043,Playing,3161088,8960,0,0,0,0,5,3454,93,339,93,339
257289,Playing,3134464,8884,0,0,0,0,5,3456,0,339,0,339
257538,Playing,3127296,8864,0,0,0,0,5,3459,94,339,94,339
257785,Playing,3147776,8922,0,0,0,0,5,3463,94,339,94,339
258034,Playing,3176448,9003,0,0,0,0,5,3467,0,339,0,339
258284,Playing,3169280,8983,0,0,0,0,5,3470,96,339,96,339
258532,Playing,3134464,8884,0,0,0,0,5,3472,0,339,0,339
258784,Playing,3163136,8965,0,0,0,0,5,3476,0,339,0,339
259031,Playing,3128320,8867,0,0,0,0,5,3481,0,339,14,339
259279,Playing,3148800,8925,0,0,0,0,5,3485,0,339,0,339
259528,Playing,3122176,8849,0,0,0,0,5,3487,0,339,0,339
259776,Playing,3115008,8829,0,0,0,0,5,3490,94,339,94,339
260026,Playing,3135488,8887,0,0,0,0,5,3494,95,339,95,339
260278,Playing,3164160,8968,0,0,0,0,5,3498,8,339,8,339
260526,Playing,3129344,8870,0,0,0,0,5,3500,0,339,0,339
260776,Playing,3122176,8849,0,0,0,0,5,3503,0,339,0,339
261026,Playing,3142656,8907,0,0,0,0,5,3507,0,339,0,339
261274,Playing,3143680,8910,0,0,0,0,5,3510,93,339,93,339
261524,Playing,3136512,8890,0,0,0,0,5,3513,0,339,0,339
261773,Playing,3120128,8843,0,0,0,0,5,3518,0,339,15,339
262023,Playing,3102720,8794,0,0,0,0,5,3521,178,339,178,339
262272,Playing,3067904,8695,0,0,0,0,5,3523,0,339,0,339
262520,Playing,3060736,8675,0,0,0,0,5,3526,0,339,0,339
262769,Playing,3117056,8835,0,0,0,0,5,3531,3,339,3,339
263018,Playing,3137536,8893,0,0,0,0,5,3535,0,339,0,339
263268,Playing,3075072,8716,0,0,0,0,5,3536,175,339,175,339
263517,Playing,3076096,8719,0,0,0,0,5,3539,175,339,175,339
263768,Playing,3096576,8777,0,0,0,0,5,3543,0,339,0,339
264016,Playing,3117056,8835,0,0,0,0,5,3547,0,339,0,339
264262,Playing,3090432,8759,0,0,0,0,5,3549,0,339,0,339
264512,Playing,3083264,8739,0,0,0,0,5,3552,94,339,94,339
264760,Playing,3076096,8719,0,0,0,0,5,3558,15,339,16,339
265010,Playing,3077120,8721,0,0,0,0,5,3561,96,339,96,339
265262,Playing,3042304,8623,0,0,0,0,5,3563,0,339,0,339
265509,Playing,3062784,8681,0,0,0,0,5,3567,0,339,0,339
265757,Playing,3083264,8739,0,0,0,0,5,3571,0,339,0,339
266007,Playing,3084288,8742,0,0,0,0,5,3574,0,339,0,339
266257,Playing,3049472,8643,0,0,0,0,5,3576,0,339,0,339
266507,Playing,3069952,8701,0,0,0,0,5,3580,0,339,0,339
266756,Playing,3062784,8681,0,0,0,0,5,3583,0,339,0,339
267006,Playing,3091456,8762,0,0,0,0,5,3587,0,339,0,339
267255,Playing,3028992,8585,0,0,0,0,5,3588,94,339,94,339
267503,Playing,3040256,8617,0,0,0,0,5,3594,0,339,13,339
267755,Playing,3050496,8646,0,0,0,0,5,3598,0,339,0,339
268001,Playing,3070976,8704,0,0,0,0,5,3602,0,339,0,339
268311,Playing,3047424,8637,0,0,0,0,5,3605,0,339,0,339
268560,Playing,3067904,8695,0,0,0,0,5,3609,0,339,0,339
268812,Playing,3005440,8518,0,0,0,0,5,3610,94,339,94,339
269058,Playing,3034112,8600,0,0,0,0,5,3614,175,339,175,339
269305,Playing,3054592,8658,0,0,0,0,5,3618,0,339,0,339
269553,Playing,3083264,8739,0,0,0,0,5,3622,0,339,0,339
269799,Playing,3020800,8562,0,0,0,0,5,3623,176,339,176,339
270047,Playing,3041280,8620,0,0,0,0,5,3627,0,339,0,339
270294,Playing,3023872,8571,0,0,0,0,5,3632,0,339,13,339
270545,Playing,3025920,8576,0,0,0,0,5,3636,177,339,177,339
270794,Playing,2991104,8478,0,0,0,0,5,3638,0,339,0,339
271043,Playing,2992128,8481,0,0,0,0,5,3641,174,339,174,339
271290,Playing,3012608,8539,0,0,0,0,5,3645,0,339,0,339
271539,Playing,3033088,8597,0,0,0,0,5,3649,0,339,0,339
271788,Playing,2978816,8443,0,0,0,0,5,3650,96,339,96,339
272039,Playing,3026944,8579,0,0,0,0,5,3655,0,339,0,339
272287,Playing,3019776,8559,0,0,0,0,5,3658,0,339,0,339
272535,Playing,3020800,8562,0,0,0,0,5,3661,176,339,176,339
272782,Playing,2985984,8463,0,0,0,0,5,3663,0,339,0,339
273029,Playing,2978816,8443,0,0,0,0,5,3666,0,339,0,339
273278,Playing,2970624,8420,0,0,0,0,5,3672,175,339,175,339
273525,Playing,3018752,8556,0,0,0,0,5,3677,0,339,0,339
273775,Playing,3011584,8536,0,0,0,0,5,3680,0,339,0,339
274025,Playing,2984960,8460,0,0,0,0,5,3682,0,339,0,339
274272,Playing,3005440,8518,0,0,0,0,5,3686,0,339,0,339
274521,Playing,2998272,8498,0,0,0,0,5,3689,95,339,95,339
274772,Playing,2999296,8501,0,0,0,0,5,3692,94,339,95,339
275021,Playing,2964480,8402,0,0,0,0,5,3694,0,339,0,339
275269,Playing,2984960,8460,0,0,0,0,5,3698,0,339,0,339
275519,Playing,3013632,8542,0,0,0,0,5,3702,2,339,2,339
275767,Playing,3006464,8521,0,0,0,0,5,3705,9,339,9,339
276018,Playing,2934784,8318,0,0,0,0,5,3709,175,339,175,339
276267,Playing,2963456,8399,0,0,0,0,5,3713,0,339,0,339
276515,Playing,2956288,8379,0,0,0,0,5,3716,0,339,0,339
276765,Playing,2949120,8359,0,0,0,0,5,3719,0,339,0,339
277014,Playing,2941952,8338,0,0,0,0,5,3722,0,339,0,339
277264,Playing,2942976,8341,0,0,0,0,5,3725,175,339,175,339
277512,Playing,2963456,8399,0,0,0,0,5,3729,94,339,94,339
277761,Playing,2956288,8379,0,0,0,0,5,3732,96,339,97,339
278010,Playing,2929664,8304,0,0,0,0,5,3734,0,339,0,339
278258,Playing,2950144,8362,0,0,0,0,5,3738,0,339,0,339
278506,Playing,2970624,8420,0,0,0,0,5,3742,0,339,0,339
278754,Playing,2944000,8344,0,0,0,0,5,3747,0,339,0,339
279002,Playing,2936832,8324,0,0,0,0,5,3750,0,339,1,339
279250,Playing,2902016,8225,0,0,0,0,5,3752,177,339,177,339
279562,Playing,2906112,8237,0,0,0,0,5,3756,94,339,94,339
279811,Playing,2926592,8295,0,0,0,0,5,3760,0,339,0,339
280061,Playing,2955264,8376,0,0,0,0,5,3764,0,339,0,339
280309,Playing,2948096,8356,0,0,0,0,5,3767,15,339,15,339
280558,Playing,2913280,8257,0,0,0,0,5,3769,0,339,0,339
280807,Playing,2914304,8260,0,0,0,0,5,3772,96,339,96,339
281053,Playing,2934784,8318,0,0,0,0,5,3776,94,339,94,339
281301,Playing,2955264,8376,0,0,0,0,5,3780,0,339,0,339
281549,Playing,2900992,8222,0,0,0,0,5,3781,174,339,174,339
281798,Playing,2893824,8202,0,0,0,0,5,3787,175,339,175,339
282048,Playing,2914304,8260,0,0,0,0,5,3791,0,339,0,339
282294,Playing,2915328,8263,0,0,0,0,5,3794,93,339,93,339
282543,Playing,2880512,8164,0,0,0,0,5,3796,1,339,1,339
282791,Playing,2900992,8222,0,0,0,0,5,3800,0,339,0,339
283040,Playing,2902016,8225,0,0,0,0,5,3803,176,339,176,339
283289,Playing,2922496,8283,0,0,0,0,5,3807,93,339,93,339
283537,Playing,2887680,8185,0,0,0,0,5,3809,0,339,0,339
283786,Playing,2888704,8187,0,0,0,0,5,3812,174,339,174,339
284032,Playing,2909184,8245,0,0,0,0,5,3816,0,339,0,339
284278,Playing,2910208,8248,0,0,0,0,5,3822,0,339,13,339
284526,Playing,2847744,8071,0,0,0,0,5,3823,177,339,178,339
284775,Playing,2895872,8208,0,0,0,0,5,3828,0,339,0,339
285024,Playing,2896896,8211,0,0,0,0,5,3831,0,339,0,339
285276,Playing,2889728,8190,0,0,0,0,5,3834,96,339,96,339
285534,Playing,2854912,8092,0,0,0,0,5,3836,0,339,0,339
285775,Playing,2875392,8150,0,0,0,0,5,3840,0,339,0,339
286022,Playing,2876416,8153,0,0,0,0,5,3843,170,339,170,339
286325,Playing,2880512,8164,0,0,0,0,5,3847,0,339,0,339
286538,Playing,2917376,8269,0,0,0,0,5,3851,0,339,0,339
286787,Playing,2882560,8170,0,0,0,0,5,3853,0,339,0,339
287034,Playing,2875392,8150,0,0,0,0,5,3856,0,339,0,339
287286,Playing,2840576,8051,0,0,0,0,5,3861,97,339,97,339
287536,Playing,2841600,8054,0,0,0,0,5,3864,0,339,0,339
287786,Playing,2834432,8034,0,0,0,0,5,3867,0,339,0,339
288034,Playing,2854912,8092,0,0,0,0,5,3871,0,339,0,339
288285,Playing,2847744,8071,0,0,0,0,5,3874,176,339,176,339
288534,Playing,2821120,7996,0,0,0,0,5,3876,12,339,12,339
288782,Playing,2841600,8054,0,0,0,0,5,3880,13,339,14,339
289030,Playing,2862080,8112,0,0,0,0,5,3884,0,339,0,339
289278,Playing,2863104,8115,0,0,0,0,5,3887,0,339,0,339
289528,Playing,2855936,8095,0,0,0,0,5,3890,176,339,176,339
289777,Playing,2856960,8097,0,0,0,0,5,3893,0,339,0,339
290025,Playing,2822144,7999,0,0,0,0,5,3898,0,339,0,339
290274,Playing,2787328,7900,0,0,0,0,5,3900,0,339,0,339
290524,Playing,2788352,7903,0,0,0,0,5,3903,97,339,97,339
290772,Playing,2781184,7883,0,0,0,0,5,3906,0,339,0,339
291022,Playing,2829312,8019,0,0,0,0,5,3911,0,339,0,339
291274,Playing,2849792,8077,0,0,0,0,5,3915,0,339,0,339
291523,Playing,2850816,8080,0,0,0,0,5,3918,0,339,0,339
291771,Playing,2816000,7981,0,0,0,0,5,3920,0,339,0,339
292020,Playing,2808832,7961,0,0,0,0,5,3923,0,339,0,339
292269,Playing,2837504,8042,0,0,0,0,5,3927,0,339,0,339
292522,Playing,2857984,8100,0,0,0,0,5,3931,0,339,0,339
292774,Playing,2795520,7923,0,0,0,0,5,3932,93,339,93,339
293021,Playing,2788352,7903,0,0,0,0,5,3938,93,339,93,339
293269,Playing,2789376,7906,0,0,0,0,5,3941,175,339,175,339
293518,Playing,2809856,7964,0,0,0,0,5,3945,0,339,0,339
293764,Playing,2783232,7888,0,0,0,0,5,3947,0,339,0,339
294012,Playing,2803712,7947,0,0,0,0,5,3951,0,339,0,339
294263,Playing,2796544,7926,0,0,0,0,5,3954,0,339,0,339
294512,Playing,2825216,8007,0,0,0,0,5,3958,0,339,0,339
294761,Playing,2790400,7909,0,0,0,0,5,3960,14,339,14,339
295011,Playing,2783232,7888,0,0,0,0,5,3963,94,339,94,339
295261,Playing,2803712,7947,0,0,0,0,5,3967,0,339,0,339
295509,Playing,2813952,7976,0,0,0,0,5,3971,0,339,0,339
295757,Playing,2733056,7746,0,0,0,0,5,3974,95,339,95,339
296006,Playing,2781184,7883,0,0,0,0,5,3979,0,339,0,339
296254,Playing,2782208,7886,0,0,0,0,5,3982,0,339,0,339
296503,Playing,2747392,7787,0,0,0,0,5,3984,0,339,0,339
296753,Playing,2740224,7767,0,0,0,0,5,3987,0,339,0,339
297001,Playing,2768896,7848,0,0,0,0,5,3991,0,339,0,339
297250,Playing,2789376,7906,0,0,0,0,5,3995,0,339,0,339
297561,Playing,2765824,7839,0,0,0,0,5,3998,0,339,0,339
297809,Playing,2758656,7819,0,0,0,0,5,4001,175,339,175,339
298059,Playing,2779136,7877,0,0,0,0,5,4005,176,339,176,339
298309,Playing,2752512,7801,0,0,0,0,5,4007,0,339,0,339
298556,Playing,2708480,7677,0,0,0,0,5,4012,0,339,0,339
298803,Playing,2728960,7735,0,0,0,0,5,4016,175,339,175,339
299051,Playing,2702336,7659,0,0,0,0,5,4018,1,339,1,339
299299,Playing,2695168,7639,0,0,0,0,5,4021,0,339,0,339
299548,Playing,2743296,7775,0,0,0,0,5,4026,0,339,0,339
299796,Playing,2744320,7778,0,0,0,0,5,4029,0,339,0,339
300047,Playing,2764800,7836,0,0,0,0,5,4033,0,339,0,339
300294,Playing,2729984,7738,0,0,0,0,5,4035,13,339,13,339
300545,Playing,2731008,7740,0,0,0,0,5,4038,14,339,15,339
300794,Playing,2723840,7720,0,0,0,0,5,4041,94,339,94,339
301042,Playing,2716672,7700,0,0,0,0,5,4044,0,339,0,339
301292,Playing,2690048,7624,0,0,0,0,5,4046,94,339,94,339
301541,Playing,2701312,7656,0,0,0,0,5,4053,0,339,0,339
301789,Playing,2721792,7714,0,0,0,0,5,4057,14,339,14,339
302038,Playing,2639872,7482,0,0,0,0,5,4057,14,339,14,339
302287,Playing,2688000,7619,0,0,0,0,5,4062,0,339,0,339
302537,Playing,2708480,7677,0,0,0,0,5,4066,0,339,0,339
302786,Playing,2701312,7656,0,0,0,0,5,4069,0,339,0,339
303037,Playing,2674688,7581,0,0,0,0,5,4071,0,339,0,339
303284,Playing,2667520,7560,0,0,0,0,5,4074,94,339,94,339
303534,Playing,2660352,7540,0,0,0,0,5,4077,95,339,95,339
303782,Playing,2716672,7700,0,0,0,0,5,4082,0,339,0,339
304032,Playing,2681856,7601,0,0,0,0,5,4085,0,339,0,339
304282,Playing,2647040,7502,0,0,0,0,5,4089,95,339,95,339
304528,Playing,2648064,7505,0,0,0,0,5,4092,0,339,0,339
304777,Playing,2668544,7563,0,0,0,0,5,4096,95,339,95,339
305024,Playing,2661376,7543,0,0,0,0,5,4099,0,339,0,339
305275,Playing,2662400,7546,0,0,0,0,5,4102,0,339,0,339
305525,Playing,2655232,7526,0,0,0,0,5,4105,176,339,176,339
305772,Playing,2675712,7584,0,0,0,0,5,4109,176,339,176,339
306020,Playing,2676736,7587,0,0,0,0,5,4112,175,339,175,339
306269,Playing,2641920,7488,0,0,0,0,5,4114,0,339,0,339
306516,Playing,2662400,7546,0,0,0,0,5,4118,0,339,0,339
306765,Playing,2663424,7549,0,0,0,0,5,4121,175,339,175,339
307012,Playing,2656256,7529,0,0,0,0,5,4127,177,339,177,339
307263,Playing,2649088,7508,0,0,0,0,5,4130,0,339,0,339
307511,Playing,2622464,7433,0,0,0,0,5,4132,96,339,96,339
307757,Playing,2642944,7491,0,0,0,0,5,4136,0,339,0,339
308004,Playing,2663424,7549,0,0,0,0,5,4140,0,339,0,339
308255,Playing,2636800,7473,0,0,0,0,5,4142,0,339,0,339
308506,Playing,2629632,7453,0,0,0,0,5,4145,95,339,95,339
308753,Playing,2650112,7511,0,0,0,0,5,4149,0,339,0,339
309003,Playing,2651136,7514,0,0,0,0,5,4152,93,339,93,339
309253,Playing,2616320,7415,0,0,0,0,5,4154,0,339,0,339
309501,Playing,2636800,7473,0,0,0,0,5,4158,0,339,0,339
309810,Playing,2585600,7328,0,0,0,0,5,4163,0,339,13,339
310058,Playing,2606080,7386,0,0,0,0,5,4167,95,339,95,339
310307,Playing,2634752,7468,0,0,0,0,5,4171,0,339,0,339
310552,Playing,2627584,7447,0,0,0,0,5,4174,94,339,94,339
310801,Playing,2592768,7349,0,0,0,0,5,4176,0,339,0,339
311054,Playing,2621440,7430,0,0,0,0,5,4180,0,339,0,339
311303,Playing,2614272,7410,0,0,0,0,5,4183,0,339,0,339
311551,Playing,2634752,7468,0,0,0,0,5,4187,174,339,174,339
311799,Playing,2608128,7392,0,0,0,0,5,4189,0,339,0,339
312048,Playing,2628608,7450,0,0,0,0,5,4193,0,339,0,339
312298,Playing,2621440,7430,0,0,0,0,5,4196,0,339,0,339
312547,Playing,2622464,7433,0,0,0,0,5,4202,0,339,0,339
312798,Playing,2615296,7412,0,0,0,0,5,4205,13,339,13,339
313046,Playing,2580480,7314,0,0,0,0,5,4207,0,339,0,339
313295,Playing,2600960,7372,0,0,0,0,5,4211,0,339,0,339
313546,Playing,2601984,7375,0,0,0,0,5,4214,94,339,94,339
313793,Playing,2567168,7276,0,0,0,0,5,4216,1,339,1,339
314043,Playing,2587648,7334,0,0,0,0,5,4220,0,339,0,339
314292,Playing,2588672,7337,0,0,0,0,5,4223,93,339,94,339
314539,Playing,2636800,7473,0,0,0,0,5,4228,0,339,0,339
314787,Playing,2629632,7453,0,0,0,0,5,4231,15,339,16,339
315035,Playing,2658304,7534,0,0,0,0,5,4235,14,339,14,339
315285,Playing,2586624,7331,0,0,0,0,5,4238,0,339,13,339
315535,Playing,2588672,7337,0,0,0,0,5,4242,178,339,178,339
315783,Playing,2589696,7340,0,0,0,0,5,4245,174,339,174,339
316033,Playing,2554880,7241,0,0,0,0,5,4247,0,339,0,339
316278,Playing,2547712,7221,0,0,0,0,5,4250,176,339,176,339
316527,Playing,2604032,7381,0,0,0,0,5,4255,0,339,0,339
316775,Playing,2596864,7360,0,0,0,0,5,4258,0,339,0,339
317025,Playing,2562048,7262,0,0,0,0,5,4260,0,339,0,339
317278,Playing,2554880,7241,0,0,0,0,5,4263,0,339,0,339
317525,Playing,2583552,7322,0,0,0,0,5,4267,174,339,174,339
317774,Playing,2604032,7381,0,0,0,0,5,4271,0,339,0,339
318021,Playing,2595840,7357,0,0,0,0,5,4274,174,339,174,339
318270,Playing,2542592,7206,0,0,0,0,5,4278,0,339,0,339
318519,Playing,2535424,7186,0,0,0,0,5,4281,175,339,175,339
318767,Playing,2564096,7267,0,0,0,0,5,4285,0,339,0,339
319017,Playing,2529280,7169,0,0,0,0,5,4287,0,339,0,339
319266,Playing,2549760,7227,0,0,0,0,5,4291,0,339,0,339
319513,Playing,2570240,7285,0,0,0,0,5,4295,0,339,0,339
319762,Playing,2571264,7288,0,0,0,0,5,4298,0,339,0,339
320011,Playing,2564096,7267,0,0,0,0,5,4301,177,339,177,339
320261,Playing,2529280,7169,0,0,0,0,5,4303,0,339,0,339
320509,Playing,2557952,7250,0,0,0,0,5,4307,0,339,0,339
320758,Playing,2578432,7308,0,0,0,0,5,4311,0,339,0,339
321006,Playing,2497536,7079,0,0,0,0,5,4314,0,339,15,339
321258,Playing,2507776,7108,0,0,0,0,5,4318,173,339,173,339
321505,Playing,2528256,7166,0,0,0,0,5,4322,0,339,0,339
321754,Playing,2521088,7145,0,0,0,0,5,4325,178,339,178,339
322003,Playing,2494464,7070,0,0,0,0,5,4327,0,339,0,339
322311,Playing,2545664,7215,0,0,0,0,5,4333,0,339,0,339
322562,Playing,2491392,7061,0,0,0,0,5,4334,176,339,176,339
322811,Playing,2511872,7119,0,0,0,0,5,4338,174,339,174,339
323060,Playing,2532352,7177,0,0,0,0,5,4342,0,339,0,339
323311,Playing,2533376,7180,0,0,0,0,5,4345,0,339,0,339
323561,Playing,2553856,7238,0,0,0,0,5,4349,0,339,0,339
323807,Playing,2482176,7035,0,0,0,0,5,4353,0,339,0,339
324053,Playing,2483200,7038,0,0,0,0,5,4356,0,339,0,339
324300,Playing,2503680,7096,0,0,0,0,5,4360,174,339,174,339
324548,Playing,2468864,6997,0,0,0,0,5,4362,0,339,0,339
324796,Playing,2469888,7000,0,0,0,0,5,4365,93,339,93,339
325046,Playing,2490368,7058,0,0,0,0,5,4369,0,339,0,339
325295,Playing,2510848,7116,0,0,0,0,5,4373,0,339,0,339
325545,Playing,2456576,6963,0,0,0,0,5,4374,94,339,94,339
325794,Playing,2504704,7099,0,0,0,0,5,4379,0,339,0,339
326041,Playing,2497536,7079,0,0,0,0,5,4382,0,339,0,339
326294,Playing,2526208,7160,0,0,0,0,5,4386,0,339,0,339
326539,Playing,2463744,6983,0,0,0,0,5,4387,95,339,95,339
326787,Playing,2419712,6858,0,0,0,0,5,4392,96,339,96,339
327036,Playing,2448384,6939,0,0,0,0,5,4396,175,339,175,339
327285,Playing,2496512,7076,0,0,0,0,5,4401,0,339,0,339
327534,Playing,2434048,6899,0,0,0,0,5,4402,97,339,97,339
327783,Playing,2462720,6980,0,0,0,0,5,4406,14,339,15,339
328032,Playing,2455552,6960,0,0,0,0,5,4409,0,339,0,339
328282,Playing,2476032,7018,0,0,0,0,5,4413,0,339,0,339
328531,Playing,2441216,6919,0,0,0,0,5,4415,0,339,0,339
328778,Playing,2442240,6922,0,0,0,0,5,4418,0,339,0,339
329025,Playing,2462720,6980,0,0,0,0,5,4422,175,339,175,339
329275,Playing,2463744,6983,0,0,0,0,5,4425,176,339,176,339
329521,Playing,2401280,6806,0,0,0,0,5,4429,0,339,0,339
329771,Playing,2421760,6864,0,0,0,0,5,4433,0,339,0,339
330019,Playing,2450432,6945,0,0,0,0,5,4437,0,339,0,339
330265,Playing,2415616,6846,0,0,0,0,5,4439,0,339,0,339
330512,Playing,2436096,6905,0,0,0,0,5,4443,0,339,0,339
330761,Playing,2437120,6907,0,0,0,0,5,4446,0,340,0,340
331008,Playing,2429952,6887,0,0,0,0,5,4449,175,340,175,340
331256,Playing,2458624,6968,0,0,0,0,5,4453,0,340,0,340
331506,Playing,2396160,6791,0,0,0,0,5,4454,96,340,96,340
331754,Playing,2416640,6849,0,0,0,0,5,4458,0,340,0,340
332001,Playing,2445312,6931,0,0,0,0,5,4462,0,340,0,340
332250,Playing,2438144,6910,0,0,0,0,5,4468,0,340,0,340
332558,Playing,2414592,6844,0,0,0,0,5,4471,93,340,93,340
332807,Playing,2435072,6902,0,0,0,0,5,4475,0,340,0,340
333055,Playing,2427904,6881,0,0,0,0,5,4478,0,340,0,340
333304,Playing,2401280,6806,0,0,0,0,5,4480,0,340,0,340
333553,Playing,2421760,6864,0,0,0,0,5,4484,0,340,0,340
333799,Playing,2442240,6922,0,0,0,0,5,4488,0,340,0,340
334050,Playing,2443264,6925,0,0,0,0,5,4491,95,340,95,340
334298,Playing,2408448,6826,0,0,0,0,5,4493,0,340,0,340
334546,Playing,2401280,6806,0,0,0,0,5,4496,96,340,96,340
334794,Playing,2429952,6887,0,0,0,0,5,4500,0,340,0,340
335046,Playing,2367488,6710,0,0,0,0,5,4504,0,340,13,340
335294,Playing,2360320,6690,0,0,0,0,5,4507,176,340,176,340
335542,Playing,2380800,6748,0,0,0,0,5,4511,174,340,174,340
335799,Playing,2401280,6806,0,0,0,0,5,4515,1,340,1,340
336039,Playing,2374656,6730,0,0,0,0,5,4517,0,340,0,340
336290,Playing,2395136,6788,0,0,0,0,5,4521,0,340,0,340
336536,Playing,2396160,6791,0,0,0,0,5,4524,0,340,0,340
336791,Playing,2388992,6771,0,0,0,0,5,4527,177,340,177,340
337032,Playing,2381824,6751,0,0,0,0,5,4530,0,340,0,340
337280,Playing,2355200,6675,0,0,0,0,5,4532,174,340,174,340
337528,Playing,2375680,6733,0,0,0,0,5,4536,175,340,175,340
337776,Playing,2340864,6635,0,0,0,0,5,4538,15,340,15,340
338024,Playing,2341888,6638,0,0,0,0,5,4544,0,340,0,340
338274,Playing,2334720,6617,0,0,0,0,5,4547,94,340,94,340
338523,Playing,2382848,6754,0,0,0,0,5,4552,0,340,0,340
338773,Playing,2328576,6600,0,0,0,0,5,4553,94,340,94,340
339020,Playing,2349056,6658,0,0,0,0,5,4557,0,340,0,340
339271,Playing,2341888,6638,0,0,0,0,5,4560,96,340,96,340
339519,Playing,2370560,6719,0,0,0,0,5,4564,0,340,0,340
339767,Playing,2363392,6698,0,0,0,0,5,4567,95,340,95,340
340016,Playing,2328576,6600,0,0,0,0,5,4569,0,340,0,340
340264,Playing,2357248,6681,0,0,0,0,5,4573,0,340,0,340
340514,Playing,2350080,6661,0,0,0,0,5,4576,0,340,0,340
340766,Playing,2342912,6640,0,0,0,0,5,4582,0,340,0,340
341011,Playing,2343936,6643,0,0,0,0,5,4585,93,340,93,340
341261,Playing,2336768,6623,0,0,0,0,5,4588,0,340,0,340
341510,Playing,2329600,6603,0,0,0,0,5,4591,93,340,93,340
341758,Playing,2322432,6582,0,0,0,0,5,4594,0,340,0,340
342005,Playing,2295808,6507,0,0,0,0,5,4596,0,340,0,340
342252,Playing,2316288,6565,0,0,0,0,5,4600,174,340,174,340
342503,Playing,2336768,6623,0,0,0,0,5,4604,0,340,0,340
342752,Playing,2365440,6704,0,0,0,0,5,4608,0,340,0,340
343063,Playing,2333696,6614,0,0,0,0,5,4611,0,340,0,340
343250,Playing,2351104,6664,0,0,0,0,5,4614,0,340,0,340
343558,Playing,2272256,6440,0,0,0,0,5,4618,0,340,0,340
343808,Playing,2292736,6498,0,0,0,0,5,4622,175,340,176,340
344056,Playing,2321408,6579,0,0,0,0,5,4626,0,340,0,340
344306,Playing,2341888,6638,0,0,0,0,5,4630,0,340,0,340
344554,Playing,2334720,6617,0,0,0,0,5,4633,0,340,0,340
344802,Playing,2308096,6542,0,0,0,0,5,4635,0,340,0,340
345050,Playing,2300928,6521,0,0,0,0,5,4638,174,340,174,340
345302,Playing,2321408,6579,0,0,0,0,5,4642,0,340,0,340
345549,Playing,2350080,6661,0,0,0,0,5,4646,0,340,0,340
345800,Playing,2287616,6484,0,0,0,0,5,4647,173,340,173,340
346047,Playing,2280448,6463,0,0,0,0,5,4650,176,340,176,340
346297,Playing,2299904,6519,0,0,0,0,5,4657,0,340,0,340
346545,Playing,2265088,6420,0,0,0,0,5,4659,0,340,0,340
346794,Playing,2257920,6400,0,0,0,0,5,4662,14,340,14,340
347044,Playing,2286592,6481,0,0,0,0,5,4666,2,340,2,340
347291,Playing,2279424,6460,0,0,0,0,5,4669,97,340,97,340
347542,Playing,2244608,6362,0,0,0,0,5,4671,0,340,0,340
347790,Playing,2265088,6420,0,0,0,0,5,4675,0,340,0,340
348040,Playing,2266112,6423,0,0,0,0,5,4678,98,340,98,340
348287,Playing,2286592,6481,0,0,0,0,5,4682,0,340,0,340
348537,Playing,2224128,6304,0,0,0,0,5,4683,94,340,94,340
348785,Playing,2280448,6463,0,0,0,0,5,4688,14,340,14,340
349032,Playing,2254848,6391,0,0,0,0,5,4693,0,340,13,340
349279,Playing,2256896,6397,0,0,0,0,5,4697,1,340,1,340
349527,Playing,2257920,6400,0,0,0,0,5,4700,0,340,0,340
349777,Playing,2223104,6301,0,0,0,0,5,4702,0,340,0,340
350025,Playing,2215936,6280,0,0,0,0,5,4705,95,340,95,340
350274,Playing,2244608,6362,0,0,0,0,5,4709,0,340,0,340
350522,Playing,2209792,6263,0,0,0,0,5,4711,0,340,0,340
350773,Playing,2230272,6321,0,0,0,0,5,4715,0,340,0,340
351022,Playing,2231296,6324,0,0,0,0,5,4718,94,340,94,340
351270,Playing,2251776,6382,0,0,0,0,5,4722,0,340,0,340
351520,Playing,2216960,6283,0,0,0,0,5,4724,0,340,0,340
351771,Playing,2209792,6263,0,0,0,0,5,4727,0,340,0,340
352022,Playing,2201600,6240,0,0,0,0,5,4733,0,340,0,340
352271,Playing,2194432,6220,0,0,0,0,5,4736,96,340,96,340
352519,Playing,2214912,6278,0,0,0,0,5,4740,95,340,95,340
352765,Playing,2243584,6359,0,0,0,0,5,4744,0,340,0,340
353011,Playing,2181120,6182,0,0,0,0,5,4745,174,340,174,340
353260,Playing,2237440,6341,0,0,0,0,5,4750,0,340,0,340
353509,Playing,2230272,6321,0,0,0,0,5,4753,0,340,0,340
353758,Playing,2195456,6222,0,0,0,0,5,4755,0,340,0,340
354007,Playing,2215936,6280,0,0,0,0,5,4759,0,340,0,340
354259,Playing,2216960,6283,0,0,0,0,5,4762,2,340,2,340
354508,Playing,2209792,6263,0,0,0,0,5,4765,95,340,95,340
354756,Playing,2147328,6086,0,0,0,0,5,4769,0,340,14,340
355003,Playing,2176000,6167,0,0,0,0,5,4773,95,340,95,340
355250,Playing,2196480,6225,0,0,0,0,5,4777,0,340,0,340
355502,Playing,2216960,6283,0,0,0,0,5,4781,13,340,13,340
355753,Playing,2126848,6028,0,0,0,0,5,4781,13,340,13,340
356002,Playing,2183168,6188,0,0,0,0,5,4786,0,340,0,340
356252,Playing,2176000,6167,0,0,0,0,5,4789,0,340,0,340
356500,Playing,2168832,6147,0,0,0,0,5,4792,0,340,0,340
356810,Playing,2200576,6237,0,0,0,0,5,4797,0,340,0,340
357059,Playing,2138112,6060,0,0,0,0,5,4798,96,340,96,340
357308,Playing,2166784,6141,0,0,0,0,5,4802,95,340,95,340
357556,Playing,2159616,6121,0,0,0,0,5,4808,0,340,0,340
357807,Playing,2152448,6101,0,0,0,0,5,4811,174,340,174,340
358056,Playing,2125824,6025,0,0,0,0,5,4813,0,340,0,340
358302,Playing,2146304,6083,0,0,0,0,5,4817,0,340,0,340
358549,Playing,2139136,6063,0,0,0,0,5,4820,93,340,93,340
358798,Playing,2167808,6144,0,0,0,0,5,4824,175,340,175,340
359046,Playing,2132992,6045,0,0,0,0,5,4826,0,340,0,340
359294,Playing,2125824,6025,0,0,0,0,5,4829,94,340,94,340
359541,Playing,2154496,6106,0,0,0,0,5,4833,0,340,0,340
359788,Playing,2174976,6164,0,0,0,0,5,4837,0,340,0,340
360036,Playing,2148352,6089,0,0,0,0,5,4839,0,340,0,340
360286,Playing,2141184,6069,0,0,0,0,5,4842,0,340,0,340
360533,Playing,2134016,6048,0,0,0,0,5,4848,14,340,14,340
360784,Playing,2107392,5973,0,0,0,0,5,4850,0,340,0,340
361034,Playing,2100224,5953,0,0,0,0,5,4853,0,340,0,340
361282,Playing,2120704,6011,0,0,0,0,5,4857,0,340,0,340
361532,Playing,2113536,5990,0,0,0,0,5,4860,0,340,0,340
361778,Playing,2142208,6072,0,0,0,0,5,4864,0,340,0,340
362027,Playing,2079744,5894,0,0,0,0,5,4865,174,340,174,340
362277,Playing,2127872,6031,0,0,0,0,5,4870,0,340,0,340
362528,Playing,2128896,6034,0,0,0,0,5,4873,0,340,0,340
362774,Playing,2149376,6092,0,0,0,0,5,4877,0,340,0,340
363026,Playing,2114560,5993,0,0,0,0,5,4879,0,340,0,340
363275,Playing,2087936,5918,0,0,0,0,5,4884,0,340,0,340
363527,Playing,2108416,5976,0,0,0,0,5,4888,0,340,0,340
363777,Playing,2128896,6034,0,0,0,0,5,4892,16,340,16,340
364026,Playing,2121728,6013,0,0,0,0,5,4895,0,340,0,340
364271,Playing,2122752,6016,0,0,0,0,5,4898,95,340,95,340
364520,Playing,2087936,5918,0,0,0,0,5,4900,0,340,0,340
364769,Playing,2108416,5976,0,0,0,0,5,4904,0,340,0,340
365018,Playing,2137088,6057,0,0,0,0,5,4908,0,340,0,340
365266,Playing,2129920,6037,0,0,0,0,5,4911,95,340,95,340
365513,Playing,2067456,5860,0,0,0,0,5,4912,177,340,177,340
365761,Playing,2096128,5941,0,0,0,0,5,4916,95,340,95,340
366008,Playing,2088960,5921,0,0,0,0,5,4922,0,340,0,340
366259,Playing,2109440,5979,0,0,0,0,5,4926,0,340,0,340
366507,Playing,2110464,5982,0,0,0,0,5,4929,93,340,94,340
366756,Playing,2103296,5961,0,0,0,0,5,4932,0,340,0,340
367004,Playing,2068480,5863,0,0,0,0,5,4934,95,340,95,340
367252,Playing,2097152,5944,0,0,0,0,5,4938,95,340,95,340
367500,Playing,2062336,5845,0,0,0,0,5,4940,0,340,0,340
367812,Playing,2066432,5857,0,0,0,0,5,4944,0,340,0,340
368059,Playing,2059264,5836,0,0,0,0,5,4947,97,340,97,340
368307,Playing,2107392,5973,0,0,0,0,5,4952,1,340,1,340
368557,Playing,2053120,5819,0,0,0,0,5,4953,170,340,170,340
368806,Playing,2036736,5773,0,0,0,0,5,4958,0,340,15,340
369058,Playing,2038784,5778,0,0,0,0,5,4962,4,340,4,340
369306,Playing,2067456,5860,0,0,0,0,5,4966,0,340,0,340
369556,Playing,2060288,5839,0,0,0,0,5,4969,91,340,91,340
369805,Playing,2025472,5741,0,0,0,0,5,4971,0,340,0,340
370053,Playing,2018304,5720,0,0,0,0,5,4974,95,340,95,340
370302,Playing,2074624,5880,0,0,0,0,5,4979,0,340,0,340
370548,Playing,2012160,5703,0,0,0,0,5,4980,176,340,176,340
370800,Playing,2040832,5784,0,0,0,0,5,4984,0,340,0,340
371048,Playing,2033664,5764,0,0,0,0,5,4987,2,340,2,340
371299,Playing,2054144,5822,0,0,0,0,5,4991,0,340,1,340
371555,Playing,2028544,5749,0,0,0,0,5,4996,0,340,14,340
371797,Playing,1983488,5622,0,0,0,0,5,4998,0,340,0,340
372045,Playing,2003968,5680,0,0,0,0,5,5002,0,340,0,340
372296,Playing,2024448,5738,0,0,0,0,5,5006,0,340,0,340
372544,Playing,2025472,5741,0,0,0,0,5,5009,0,340,0,340
372763,Playing,2054144,5822,0,0,0,0,5,5013,1,340,1,340
373012,Playing,2027520,5746,0,0,0,0,5,5015,0,340,0,340
373291,Playing,2012160,5703,0,0,0,0,5,5018,0,340,0,340
373540,Playing,2032640,5761,0,0,0,0,5,5022,1,340,1,340
373791,Playing,2025472,5741,0,0,0,0,5,5025,91,340,91,340
374040,Playing,1990656,5642,0,0,0,0,5,5027,0,340,0,340
374288,Playing,2019328,5723,0,0,0,0,5,5031,0,340,0,340
374536,Playing,2002944,5677,0,0,0,0,5,5037,0,340,0,340
374785,Playing,1995776,5656,0,0,0,0,5,5040,0,340,0,340
375036,Playing,1988608,5636,0,0,0,0,5,5043,94,340,94,340
375286,Playing,1989632,5639,0,0,0,0,5,5046,0,340,0,340
375535,Playing,1982464,5619,0,0,0,0,5,5049,0,340,0,340
375783,Playing,2002944,5677,0,0,0,0,5,5053,0,340,0,340
376033,Playing,1976320,5601,0,0,0,0,5,5055,0,340,0,340
376282,Playing,1969152,5581,0,0,0,0,5,5058,0,340,0,340
376531,Playing,1989632,5639,0,0,0,0,5,5062,0,340,0,340
376779,Playing,1990656,5642,0,0,0,0,5,5065,0,340,0,340
377028,Playing,1955840,5543,0,0,0,0,5,5067,0,340,0,340
377274,Playing,1939456,5497,0,0,0,0,5,5073,0,340,0,340
377522,Playing,1968128,5578,0,0,0,0,5,5077,0,340,0,340
377769,Playing,1960960,5558,0,0,0,0,5,5080,0,340,0,340
378017,Playing,1953792,5537,0,0,0,0,5,5083,96,340,96,340
378264,Playing,1927168,5462,0,0,0,0,5,5085,0,340,0,340
378514,Playing,1947648,5520,0,0,0,0,5,5089,0,340,0,340
378761,Playing,1976320,5601,0,0,0,0,5,5093,0,340,0,340
379012,Playing,1996800,5659,0,0,0,0,5,5097,0,340,0,340
379263,Playing,1989632,5639,0,0,0,0,5,5100,14,340,14,340
379513,Playing,1954816,5540,0,0,0,0,5,5102,0,340,0,340
379761,Playing,1955840,5543,0,0,0,0,5,5105,93,340,93,340
380011,Playing,1948672,5523,0,0,0,0,5,5111,0,340,0,340
380261,Playing,1941504,5503,0,0,0,0,5,5114,96,340,96,340
380508,Playing,1914880,5427,0,0,0,0,5,5116,0,340,0,340
380756,Playing,1935360,5485,0,0,0,0,5,5120,174,340,174,340
381006,Playing,1955840,5543,0,0,0,0,5,5124,0,340,0,340
381253,Playing,1956864,5546,0,0,0,0,5,5127,0,340,0,340
381503,Playing,1922048,5447,0,0,0,0,5,5129,0,340,0,340
381811,Playing,1953792,5537,0,0,0,0,5,5134,96,340,96,340
382000,Playing,1943552,5508,0,0,0,0,5,5136,0,340,0,340
382311,Playing,1939456,5497,0,0,0,0,5,5140,94,340,94,340
382500,Playing,1929216,5468,0,0,0,0,5,5142,0,340,0,340
382811,Playing,1905664,5401,0,0,0,0,5,5145,176,340,176,340
383060,Playing,1926144,5459,0,0,0,0,5,5152,0,340,0,340
383310,Playing,1899520,5384,0,0,0,0,5,5154,177,340,177,340
383557,Playing,1920000,5442,0,0,0,0,5,5158,94,340,94,340
383807,Playing,1912832,5421,0,0,0,0,5,5161,94,340,94,340
384054,Playing,1913856,5424,0,0,0,0,5,5164,0,340,0,340
384302,Playing,1906688,5404,0,0,0,0,5,5167,176,340,176,340
384551,Playing,1927168,5462,0,0,0,0,5,5171,0,340,0,340
384798,Playing,1872896,5308,0,0,0,0,5,5172,174,340,174,340
385048,Playing,1893376,5366,0,0,0,0,5,5176,174,340,174,340
385295,Playing,1913856,5424,0,0,0,0,5,5180,0,340,0,340
385545,Playing,1914880,5427,0,0,0,0,5,5184,0,340,0,340
385795,Playing,1880064,5328,0,0,0,0,5,5188,0,340,0,340
386044,Playing,1872896,5308,0,0,0,0,5,5191,1,340,1,340
386293,Playing,1865728,5288,0,0,0,0,5,5194,175,340,175,340
386541,Playing,1866752,5291,0,0,0,0,5,5197,0,340,0,340
386790,Playing,1859584,5270,0,0,0,0,5,5200,0,340,0,340
387039,Playing,1852416,5250,0,0,0,0,5,5203,176,340,176,340
387289,Playing,1908736,5410,0,0,0,0,5,5208,0,340,0,340
387537,Playing,1901568,5389,0,0,0,0,5,5211,0,340,0,340
387785,Playing,1866752,5291,0,0,0,0,5,5213,0,340,0,340
388035,Playing,1867776,5294,0,0,0,0,5,5216,0,340,1,340
388284,Playing,1888256,5352,0,0,0,0,5,5220,0,340,0,340
388532,Playing,1825792,5175,0,0,0,0,5,5224,0,340,0,340
388781,Playing,1854464,5256,0,0,0,0,5,5228,0,340,0,340
389029,Playing,1847296,5236,0,0,0,0,5,5231,0,340,0,340
389278,Playing,1867776,5294,0,0,0,0,5,5235,15,340,15,340
389526,Playing,1868800,5297,0,0,0,0,5,5238,0,340,0,340
389775,Playing,1889280,5355,0,0,0,0,5,5242,13,340,13,340
390025,Playing,1826816,5178,0,0,0,0,5,5243,174,340,174,340
390271,Playing,1883136,5337,0,0,0,0,5,5248,0,340,0,340
390518,Playing,1848320,5239,0,0,0,0,5,5250,95,340,95,340
390767,Playing,1868800,5297,0,0,0,0,5,5254,94,340,94,340
391015,Playing,1842176,5221,0,0,0,0,5,5256,0,340,0,340
391265,Playing,1835008,5201,0,0,0,0,5,5262,0,340,0,340
391512,Playing,1855488,5259,0,0,0,0,5,5266,0,340,0,340
391762,Playing,1884160,5340,0,0,0,0,5,5270,0,340,0,340
392012,Playing,1849344,5241,0,0,0,0,5,5272,95,340,95,340
392261,Playing,1842176,5221,0,0,0,0,5,5275,0,340,0,340
392511,Playing,1835008,5201,0,0,0,0,5,5278,0,340,0,340
392759,Playing,1863680,5282,0,0,0,0,5,5282,14,340,14,340
393010,Playing,1828864,5183,0,0,0,0,5,5284,0,340,0,340
393258,Playing,1821696,5163,0,0,0,0,5,5287,0,340,0,340
393508,Playing,1850368,5244,0,0,0,0,5,5291,95,340,95,340
393756,Playing,1870848,5302,0,0,0,0,5,5295,0,340,0,340
394003,Playing,1808384,5125,0,0,0,0,5,5296,175,340,175,340
394251,Playing,1809408,5128,0,0,0,0,5,5302,0,340,0,340
394500,Playing,1829888,5186,0,0,0,0,5,5306,0,340,0,340
394809,Playing,1806336,5120,0,0,0,0,5,5309,0,340,0,340
395059,Playing,1826816,5178,0,0,0,0,5,5313,0,340,0,340
395308,Playing,1847296,5236,0,0,0,0,5,5317,0,340,0,340
395557,Playing,1793024,5082,0,0,0,0,5,5318,172,340,172,340
395808,Playing,1813504,5140,0,0,0,0,5,5322,0,340,0,340
396056,Playing,1833984,5198,0,0,0,0,5,5326,0,340,0,340
396304,Playing,1799168,5099,0,0,0,0,5,5328,0,340,0,340
396553,Playing,1800192,5102,0,0,0,0,5,5331,0,340,0,340
396803,Playing,1793024,5082,0,0,0,0,5,5334,93,340,93,340
397053,Playing,1776640,5035,0,0,0,0,5,5340,97,340,97,340
397302,Playing,1750016,4960,0,0,0,0,5,5342,0,340,0,340
397551,Playing,1742848,4940,0,0,0,0,5,5345,96,340,96,340
397800,Playing,1763328,4998,0,0,0,0,5,5349,0,340,0,340
398046,Playing,1819648,5157,0,0,0,0,5,5354,14,340,14,340
398293,Playing,1729536,4902,0,0,0,0,5,5354,14,340,14,340
398541,Playing,1777664,5038,0,0,0,0,5,5359,0,340,0,340
398790,Playing,1778688,5041,0,0,0,0,5,5362,0,340,0,340
399039,Playing,1771520,5021,0,0,0,0,5,5365,94,340,94,340
399287,Playing,1792000,5079,0,0,0,0,5,5369,92,340,92,340
399535,Playing,1765376,5003,0,0,0,0,5,5371,0,340,0,340
399785,Playing,1748992,4957,0,0,0,0,5,5377,0,340,0,340
400032,Playing,1741824,4937,0,0,0,0,5,5380,0,340,0,340
400281,Playing,1770496,5018,0,0,0,0,5,5384,0,340,0,340
400532,Playing,1763328,4998,0,0,0,0,5,5387,95,340,95,340
400783,Playing,1728512,4899,0,0,0,0,5,5389,0,340,0,340
401031,Playing,1748992,4957,0,0,0,0,5,5393,0,340,0,340
401282,Playing,1750016,4960,0,0,0,0,5,5396,94,340,94,340
401531,Playing,1715200,4861,0,0,0,0,5,5398,0,340,0,340
401779,Playing,1708032,4841,0,0,0,0,5,5401,95,340,95,340
402031,Playing,1756160,4977,0,0,0,0,5,5406,0,340,0,340
402281,Playing,1757184,4980,0,0,0,0,5,5409,0,340,0,340
402529,Playing,1694720,4803,0,0,0,0,5,5410,178,340,178,340
402779,Playing,1705984,4835,0,0,0,0,5,5417,0,340,0,340
403027,Playing,1707008,4838,0,0,0,0,5,5420,0,340,0,340
403276,Playing,1699840,4818,0,0,0,0,5,5423,95,340,95,340
403523,Playing,1692672,4797,0,0,0,0,5,5426,0,340,0,340
403772,Playing,1693696,4800,0,0,0,0,5,5429,95,340,95,340
404022,Playing,1686528,4780,0,0,0,0,5,5432,176,340,176,340
404271,Playing,1707008,4838,0,0,0,0,5,5436,94,340,94,340
404519,Playing,1735680,4919,0,0,0,0,5,5440,0,340,0,340
404770,Playing,1700864,4821,0,0,0,0,5,5442,95,340,95,340
405022,Playing,1721344,4879,0,0,0,0,5,5446,0,340,0,340
405270,Playing,1686528,4780,0,0,0,0,5,5451,0,340,13,340
405518,Playing,1687552,4783,0,0,0,0,5,5454,92,340,92,340
405766,Playing,1680384,4762,0,0,0,0,5,5457,0,340,0,340
406016,Playing,1673216,4742,0,0,0,0,5,5460,2,340,2,340
406265,Playing,1701888,4823,0,0,0,0,5,5464,0,340,0,340
406516,Playing,1694720,4803,0,0,0,0,5,5467,0,340,0,340
406765,Playing,1659904,4704,0,0,0,0,5,5469,0,340,0,340
407015,Playing,1680384,4762,0,0,0,0,5,5473,0,340,0,340
407264,Playing,1709056,4844,0,0,0,0,5,5477,0,340,0,340
407513,Playing,1701888,4823,0,0,0,0,5,5480,0,340,0,340
407763,Playing,1694720,4803,0,0,0,0,5,5483,95,340,95,340
408010,Playing,1668096,4728,0,0,0,0,5,5485,0,340,0,340
408259,Playing,1660928,4707,0,0,0,0,5,5491,96,340,96,340
408509,Playing,1653760,4687,0,0,0,0,5,5494,0,340,0,340
408757,Playing,1710080,4847,0,0,0,0,5,5499,0,340,0,340
409004,Playing,1647616,4670,0,0,0,0,5,5500,174,340,174,340
409254,Playing,1668096,4728,0,0,0,0,5,5504,1,340,1,340
409502,Playing,1669120,4731,0,0,0,0,5,5507,0,340,0,340
409750,Playing,1661952,4710,0,0,0,0,5,5510,93,340,93,340
410063,Playing,1610752,4565,0,0,0,0,5,5512,0,340,0,340
410250,Playing,1655808,4693,0,0,0,0,5,5516,95,340,95,340
410500,Playing,1676288,4751,0,0,0,0,5,5520,0,340,0,340
410812,Playing,1652736,4684,0,0,0,0,5,5523,96,340,96,340
411061,Playing,1645568,4664,0,0,0,0,5,5529,0,340,0,340
411309,Playing,1638400,4643,0,0,0,0,5,5532,0,340,0,340
411559,Playing,1611776,4568,0,0,0,0,5,5534,0,340,0,340
411809,Playing,1632256,4626,0,0,0,0,5,5538,94,340,94,340
412061,Playing,1597440,4527,0,0,0,0,5,5540,0,340,0,340
412307,Playing,1617920,4585,0,0,0,0,5,5544,0,340,0,340
412556,Playing,1618944,4588,0,0,0,0,5,5547,94,340,94,340
412803,Playing,1639424,4646,0,0,0,0,5,5551,13,340,13,340
413050,Playing,1640448,4649,0,0,0,0,5,5554,0,340,0,340
413301,Playing,1605632,4551,0,0,0,0,5,5556,0,340,0,340
413550,Playing,1626112,4609,0,0,0,0,5,5560,0,340,0,340
413799,Playing,1618944,4588,0,0,0,0,5,5566,0,340,0,340
414047,Playing,1592320,4513,0,0,0,0,5,5568,95,340,95,340
414295,Playing,1585152,4493,0,0,0,0,5,5571,0,340,0,340
414543,Playing,1586176,4495,0,0,0,0,5,5574,96,340,96,340
414793,Playing,1606656,4554,0,0,0,0,5,5578,0,340,0,340
415042,Playing,1599488,4533,0,0,0,0,5,5581,92,340,92,340
415287,Playing,1655808,4693,0,0,0,0,5,5586,0,340,0,340
415538,Playing,1620992,4594,0,0,0,0,5,5588,96,340,96,340
415785,Playing,1613824,4574,0,0,0,0,5,5591,0,340,0,340
416034,Playing,1614848,4577,0,0,0,0,5,5594,3,340,3,340
416282,Playing,1607680,4556,0,0,0,0,5,5597,94,340,94,340
416530,Playing,1591296,4510,0,0,0,0,5,5602,0,340,14,340
416777,Playing,1573888,4461,0,0,0,0,5,5605,0,340,0,340
417026,Playing,1594368,4519,0,0,0,0,5,5609,95,340,95,340
417276,Playing,1614848,4577,0,0,0,0,5,5613,0,340,0,340
417523,Playing,1560576,4423,0,0,0,0,5,5614,176,340,176,340
417770,Playing,1581056,4481,0,0,0,0,5,5618,0,340,0,340
418021,Playing,1601536,4539,0,0,0,0,5,5622,0,340,0,340
418271,Playing,1594368,4519,0,0,0,0,5,5625,0,340,0,340
418520,Playing,1567744,4443,0,0,0,0,5,5627,0,340,0,340
418769,Playing,1560576,4423,0,0,0,0,5,5630,93,340,93,340
419020,Playing,1581056,4481,0,0,0,0,5,5634,94,340,94,340
419268,Playing,1582080,4484,0,0,0,0,5,5637,95,340,95,340
419516,Playing,1602560,4542,0,0,0,0,5,5644,0,340,0,340
419765,Playing,1540096,4365,0,0,0,0,5,5645,176,340,176,340
420014,Playing,1560576,4423,0,0,0,0,5,5649,0,340,0,340
420262,Playing,1561600,4426,0,0,0,0,5,5652,0,340,0,340
420510,Playing,1582080,4484,0,0,0,0,5,5656,0,340,0,340
420761,Playing,1519616,4307,0,0,0,0,5,5657,174,340,174,340
421012,Playing,1548288,4388,0,0,0,0,5,5661,96,340,96,340
421260,Playing,1541120,4368,0,0,0,0,5,5664,0,340,0,340
421510,Playing,1533952,4347,0,0,0,0,5,5667,0,340,0,340
421757,Playing,1534976,4350,0,0,0,0,5,5670,94,340,94,340
422005,Playing,1583104,4487,0,0,0,0,5,5675,0,340,0,340
422255,Playing,1539072,4362,0,0,0,0,5,5680,13,340,13,340
422507,Playing,1531904,4342,0,0,0,0,5,5683,95,340,95,340
422755,Playing,1505280,4266,0,0,0,0,5,5685,0,340,0,340
423003,Playing,1525760,4324,0,0,0,0,5,5689,0,340,0,340
423254,Playing,1518592,4304,0,0,0,0,5,5692,94,340,94,340
423503,Playing,1547264,4385,0,0,0,0,5,5696,0,340,0,340
423755,Playing,1567744,4443,0,0,0,0,5,5700,14,340,14,340
424006,Playing,1505280,4266,0,0,0,0,5,5701,176,340,176,340
424255,Playing,1525760,4324,0,0,0,0,5,5705,0,340,0,340
424506,Playing,1554432,4405,0,0,0,0,5,5709,0,340,0,340
424756,Playing,1547264,4385,0,0,0,0,5,5712,0,340,0,340
425005,Playing,1494016,4234,0,0,0,0,5,5716,0,340,15,340
425254,Playing,1496064,4240,0,0,0,0,5,5720,0,340,0,340
425505,Playing,1497088,4243,0,0,0,0,5,5723,176,340,176,340
425755,Playing,1517568,4301,0,0,0,0,5,5727,0,340,0,340
426003,Playing,1455104,4124,0,0,0,0,5,5728,96,340,96,340
426251,Playing,1483776,4205,0,0,0,0,5,5732,174,340,174,340
426562,Playing,1479680,4194,0,0,0,0,5,5736,0,340,0,340
426810,Playing,1480704,4197,0,0,0,0,5,5739,0,340,0,340
427057,Playing,1501184,4255,0,0,0,0,5,5743,1,340,2,340
427306,Playing,1521664,4313,0,0,0,0,5,5747,0,340,0,340
427555,Playing,1495040,4237,0,0,0,0,5,5749,95,340,95,340
427804,Playing,1469440,4165,0,0,0,0,5,5754,0,340,13,340
428051,Playing,1471488,4170,0,0,0,0,5,5758,0,340,0,340
428300,Playing,1444864,4095,0,0,0,0,5,5760,14,340,14,340
428549,Playing,1437696,4075,0,0,0,0,5,5763,0,340,0,340
428798,Playing,1458176,4133,0,0,0,0,5,5767,0,340,0,340
429049,Playing,1451008,4112,0,0,0,0,5,5770,0,340,0,340
429299,Playing,1452032,4115,0,0,0,0,5,5773,0,340,0,340
429547,Playing,1444864,4095,0,0,0,0,5,5776,1,340,1,340
429797,Playing,1437696,4075,0,0,0,0,5,5779,177,340,177,340
430047,Playing,1485824,4211,0,0,0,0,5,5784,0,340,0,340
430295,Playing,1486848,4214,0,0,0,0,5,5787,0,340,0,340
430543,Playing,1424384,4037,0,0,0,0,5,5788,175,340,175,340
430792,Playing,1444864,4095,0,0,0,0,5,5795,1,340,1,340
431040,Playing,1445888,4098,0,0,0,0,5,5798,0,340,0,340
431289,Playing,1438720,4078,0,0,0,0,5,5801,94,340,94,340
431541,Playing,1403904,3979,0,0,0,0,5,5803,0,340,0,340
431790,Playing,1432576,4060,0,0,0,0,5,5807,0,340,0,340
432039,Playing,1425408,4040,0,0,0,0,5,5810,175,340,175,340
432285,Playing,1445888,4098,0,0,0,0,5,5814,0,340,0,340
432534,Playing,1419264,4022,0,0,0,0,5,5816,94,340,94,340
432784,Playing,1439744,4080,0,0,0,0,5,5820,0,340,0,340
433032,Playing,1432576,4060,0,0,0,0,5,5823,0,340,0,340
433281,Playing,1433600,4063,0,0,0,0,5,5826,94,340,94,340
433533,Playing,1398784,3964,0,0,0,0,5,5831,0,340,0,340
433783,Playing,1391616,3944,0,0,0,0,5,5834,177,340,177,340
434031,Playing,1384448,3924,0,0,0,0,5,5837,0,340,0,340
434280,Playing,1440768,4083,0,0,0,0,5,5842,0,341,0,341
434527,Playing,1378304,3906,0,0,0,0,5,5843,176,341,176,341
434777,Playing,1398784,3964,0,0,0,0,5,5847,0,341,0,341
435027,Playing,1399808,3967,0,0,0,0,5,5850,92,341,92,341
435277,Playing,1420288,4025,0,0,0,0,5,5854,94,341,94,341
435505,Playing,1393664,3950,0,0,0,0,5,5856,0,341,0,341
435756,Playing,1414144,4008,0,0,0,0,5,5860,0,341,0,341
436004,Playing,1415168,4011,0,0,0,0,5,5863,94,341,94,341
436257,Playing,1408000,3990,0,0,0,0,5,5869,0,341,0,341
436505,Playing,1345536,3813,0,0,0,0,5,5870,175,341,175,341
436752,Playing,1366016,3871,0,0,0,0,5,5874,175,341,175,341
437002,Playing,1394688,3953,0,0,0,0,5,5878,0,341,0,341
437252,Playing,1415168,4011,0,0,0,0,5,5882,0,341,0,341
437500,Playing,1352704,3834,0,0,0,0,5,5883,175,341,175,341
437810,Playing,1412096,4002,0,0,0,0,5,5889,0,341,0,341
438060,Playing,1404928,3982,0,0,0,0,5,5892,0,341,0,341
438310,Playing,1370112,3883,0,0,0,0,5,5894,0,341,0,341
438560,Playing,1398784,3964,0,0,0,0,5,5898,0,341,0,341
438807,Playing,1419264,4022,0,0,0,0,5,5902,0,341,0,341
439055,Playing,1356800,3845,0,0,0,0,5,5906,95,341,95,341
439307,Playing,1349632,3825,0,0,0,0,5,5909,0,341,0,341
439554,Playing,1350656,3828,0,0,0,0,5,5912,95,341,95,341
439804,Playing,1371136,3886,0,0,0,0,5,5916,0,341,0,341
440050,Playing,1363968,3866,0,0,0,0,5,5919,96,341,96,341
440298,Playing,1337344,3790,0,0,0,0,5,5921,0,341,0,341
440546,Playing,1357824,3848,0,0,0,0,5,5925,176,341,176,341
440795,Playing,1378304,3906,0,0,0,0,5,5929,0,341,0,341
441045,Playing,1324032,3752,0,0,0,0,5,5930,175,341,175,341
441293,Playing,1344512,3810,0,0,0,0,5,5934,0,341,0,341
441541,Playing,1364992,3869,0,0,0,0,5,5938,0,341,0,341
441790,Playing,1356800,3845,0,0,0,0,5,5943,0,341,13,341
442037,Playing,1331200,3773,0,0,0,0,5,5946,0,341,0,341
442290,Playing,1296384,3674,0,0,0,0,5,5948,174,341,175,341
442538,Playing,1316864,3732,0,0,0,0,5,5952,175,341,175,341
442787,Playing,1345536,3813,0,0,0,0,5,5956,0,341,0,341
443035,Playing,1283072,3636,0,0,0,0,5,5957,92,341,92,341
443284,Playing,1303552,3694,0,0,0,0,5,5961,176,341,176,341
443533,Playing,1332224,3776,0,0,0,0,5,5965,0,341,0,341
443782,Playing,1325056,3755,0,0,0,0,5,5968,0,341,0,341
444029,Playing,1353728,3837,0,0,0,0,5,5972,94,341,94,341
444279,Playing,1318912,3738,0,0,0,0,5,5974,0,341,0,341
444525,Playing,1311744,3718,0,0,0,0,5,5977,174,341,174,341
444772,Playing,1312768,3720,0,0,0,0,5,5983,174,341,174,341
445019,Playing,1277952,3622,0,0,0,0,5,5985,1,341,2,341
445267,Playing,1298432,3680,0,0,0,0,5,5989,0,341,0,341
445516,Playing,1299456,3683,0,0,0,0,5,5992,0,341,0,341
445764,Playing,1319936,3741,0,0,0,0,5,5996,0,341,0,341
446011,Playing,1285120,3642,0,0,0,0,5,5998,0,341,0,341
446258,Playing,1313792,3723,0,0,0,0,5,6002,0,341,0,341
446503,Playing,1306624,3703,0,0,0,0,5,6005,0,341,0,341
446752,Playing,1271808,3604,0,0,0,0,5,6007,0,341,0,341
447001,Playing,1272832,3607,0,0,0,0,5,6010,0,341,0,341
447309,Playing,1332224,3776,0,0,0,0,5,6016,0,341,0,341
447555,Playing,1251328,3546,0,0,0,0,5,6019,0,341,13,341
447802,Playing,1253376,3552,0,0,0,0,5,6023,0,341,0,341
448053,Playing,1282048,3633,0,0,0,0,5,6027,0,341,0,341
448302,Playing,1247232,3535,0,0,0,0,5,6029,0,341,0,341
448552,Playing,1240064,3514,0,0,0,0,5,6032,0,341,0,341
448800,Playing,1241088,3517,0,0,0,0,5,6035,94,341,94,341
449049,Playing,1261568,3575,0,0,0,0,5,6039,175,341,175,341
449297,Playing,1226752,3477,0,0,0,0,5,6041,0,341,0,341
449546,Playing,1227776,3480,0,0,0,0,5,6044,93,341,93,341
449794,Playing,1248256,3538,0,0,0,0,5,6048,93,341,93,341
450044,Playing,1268736,3596,0,0,0,0,5,6052,0,341,0,341
450293,Playing,1243136,3523,0,0,0,0,5,6055,175,341,175,341
450541,Playing,1225728,3474,0,0,0,0,5,6060,0,341,0,341
450791,Playing,1218560,3453,0,0,0,0,5,6063,0,341,0,341
451038,Playing,1211392,3433,0,0,0,0,5,6066,174,341,174,341
451286,Playing,1212416,3436,0,0,0,0,5,6069,0,341,0,341
451537,Playing,1205248,3416,0,0,0,0,5,6072,0,341,0,341
451786,Playing,1225728,3474,0,0,0,0,5,6076,0,341,0,341
452046,Playing,1218560,3453,0,0,0,0,5,6079,0,341,0,341
452297,Playing,1239040,3512,0,0,0,0,5,6083,0,341,0,341
452547,Playing,1176576,3334,0,0,0,0,5,6084,95,341,95,341
452796,Playing,1232896,3494,0,0,0,0,5,6089,0,341,0,341
453044,Playing,1225728,3474,0,0,0,0,5,6092,0,341,0,341
453297,Playing,1209344,3427,0,0,0,0,5,6098,0,341,0,341
453547,Playing,1146880,3250,0,0,0,0,5,6099,93,341,93,341
453797,Playing,1175552,3332,0,0,0,0,5,6103,0,341,0,341
454045,Playing,1168384,3311,0,0,0,0,5,6106,96,341,96,341
454293,Playing,1216512,3448,0,0,0,0,5,6111,0,341,0,341
454541,Playing,1162240,3294,0,0,0,0,5,6112,95,341,95,341
454790,Playing,1182720,3352,0,0,0,0,5,6116,0,341,0,341
455041,Playing,1175552,3332,0,0,0,0,5,6119,98,341,98,341
455291,Playing,1196032,3390,0,0,0,0,5,6123,175,341,175,341
455539,Playing,1197056,3393,0,0,0,0,5,6126,177,341,177,341
455788,Playing,1162240,3294,0,0,0,0,5,6128,0,341,0,341
456035,Playing,1155072,3274,0,0,0,0,5,6134,95,341,95,341
456282,Playing,1183744,3355,0,0,0,0,5,6138,0,341,0,341
456531,Playing,1148928,3256,0,0,0,0,5,6140,0,341,0,341
456781,Playing,1141760,3236,0,0,0,0,5,6143,0,341,0,341
457027,Playing,1170432,3317,0,0,0,0,5,6147,13,341,13,341
457274,Playing,1163264,3297,0,0,0,0,5,6150,92,341,93,341
457522,Playing,1164288,3300,0,0,0,0,5,6153,0,341,0,341
457772,Playing,1157120,3279,0,0,0,0,5,6156,0,341,0,341
458022,Playing,1177600,3337,0,0,0,0,5,6160,0,341,0,341
458271,Playing,1170432,3317,0,0,0,0,5,6163,0,341,0,341
458519,Playing,1143808,3242,0,0,0,0,5,6165,0,341,0,341
458767,Playing,1136640,3221,0,0,0,0,5,6168,96,341,96,341
459018,Playing,1157120,3279,0,0,0,0,5,6175,0,341,0,341
459267,Playing,1158144,3282,0,0,0,0,5,6178,0,341,0,341
459518,Playing,1123328,3184,0,0,0,0,5,6180,0,341,0,341
459766,Playing,1116160,3163,0,0,0,0,5,6183,0,341,0,341
460015,Playing,1108992,3143,0,0,0,0,5,6186,93,341,93,341
460265,Playing,1165312,3303,0,0,0,0,5,6191,0,341,0,341
460513,Playing,1102848,3125,0,0,0,0,5,6192,93,341,93,341
460763,Playing,1095680,3105,0,0,0,0,5,6195,0,341,0,341
461012,Playing,1152000,3265,0,0,0,0,5,6200,0,341,0,341
461259,Playing,1144832,3244,0,0,0,0,5,6203,0,341,0,341
461506,Playing,1145856,3247,0,0,0,0,5,6207,0,341,0,341
461755,Playing,1111040,3149,0,0,0,0,5,6211,0,341,0,341
462006,Playing,1103872,3128,0,0,0,0,5,6214,95,341,95,341
462255,Playing,1124352,3186,0,0,0,0,5,6218,0,341,0,341
462503,Playing,1153024,3268,0,0,0,0,5,6222,0,341,0,341
462752,Playing,1090560,3091,0,0,0,0,5,6223,174,341,174,341
463001,Playing,1111040,3149,0,0,0,0,5,6227,0,341,0,341
463251,Playing,1139712,3230,0,0,0,0,5,6231,0,341,0,341
463501,Playing,1132544,3210,0,0,0,0,5,6234,0,341,0,341
463750,Playing,1097728,3111,0,0,0,0,5,6236,0,341,0,341
464059,Playing,1157120,3279,0,0,0,0,5,6242,0,341,0,341
464307,Playing,1113088,3155,0,0,0,0,5,6244,90,341,90,341
464555,Playing,1095680,3105,0,0,0,0,5,6249,0,341,0,341
464806,Playing,1116160,3163,0,0,0,0,5,6253,0,341,0,341
465053,Playing,1108992,3143,0,0,0,0,5,6256,0,341,0,341
465302,Playing,1082368,3067,0,0,0,0,5,6258,0,341,0,341
465549,Playing,1102848,3125,0,0,0,0,5,6262,0,341,0,341
465799,Playing,1068032,3027,0,0,0,0,5,6264,0,341,0,341
466047,Playing,1124352,3186,0,0,0,0,5,6269,0,341,0,341
466295,Playing,1089536,3088,0,0,0,0,5,6271,94,341,94,341
466543,Playing,1082368,3067,0,0,0,0,5,6274,173,341,173,341
466792,Playing,1083392,3070,0,0,0,0,5,6277,173,341,173,341
467041,Playing,1122304,3181,0,0,0,0,5,6284,0,341,15,341
467293,Playing,1069056,3030,0,0,0,0,5,6286,0,341,0,341
467542,Playing,1061888,3009,0,0,0,0,5,6289,0,341,0,341
467789,Playing,1062912,3012,0,0,0,0,5,6292,177,341,177,341
468038,Playing,1083392,3070,0,0,0,0,5,6296,174,341,174,341
468288,Playing,1048576,2972,0,0,0,0,5,6298,0,341,0,341
468537,Playing,1077248,3053,0,0,0,0,5,6302,0,341,0,341
468785,Playing,1070080,3033,0,0,0,0,5,6305,176,341,176,341
469033,Playing,1090560,3091,0,0,0,0,5,6309,0,341,0,341
469284,Playing,1063936,3015,0,0,0,0,5,6311,0,341,0,341
469532,Playing,1056768,2995,0,0,0,0,5,6314,0,341,0,341
469780,Playing,1077248,3053,0,0,0,0,5,6318,0,341,0,341
470031,Playing,1050624,2977,0,0,0,0,5,6323,0,341,0,341
470282,Playing,1043456,2957,0,0,0,0,5,6326,0,341,0,341
470530,Playing,1036288,2937,0,0,0,0,5,6329,0,341,0,341
470778,Playing,1056768,2995,0,0,0,0,5,6333,0,341,0,341
471026,Playing,1057792,2998,0,0,0,0,5,6336,0,341,0,341
471276,Playing,1022976,2899,0,0,0,0,5,6338,0,341,0,341
471525,Playing,1015808,2879,0,0,0,0,5,6341,175,341,175,341
471774,Playing,1072128,3038,0,0,0,0,5,6346,0,341,0,341
472023,Playing,1064960,3018,0,0,0,0,5,6349,0,341,0,341
472272,Playing,1030144,2919,0,0,0,0,5,6351,0,341,0,341
472520,Playing,1031168,2922,0,0,0,0,5,6354,93,341,93,341
472768,Playing,1024000,2902,0,0,0,0,5,6357,175,341,175,341
473018,Playing,1035264,2934,0,0,0,0,5,6364,2,341,2,341
473267,Playing,980992,2780,0,0,0,0,5,6365,173,341,173,341
473517,Playing,973824,2760,0,0,0,0,5,6368,0,341,0,341
473767,Playing,1021952,2896,0,0,0,0,5,6373,0,341,0,341
474018,Playing,1014784,2876,0,0,0,0,5,6376,0,341,0,341
474265,Playing,1043456,2957,0,0,0,0,5,6380,93,341,93,341
474515,Playing,1008640,2858,0,0,0,0,5,6382,0,341,0,341
474763,Playing,1001472,2838,0,0,0,0,5,6385,176,341,176,341
475015,Playing,1030144,2919,0,0,0,0,5,6389,0,341,0,341
475263,Playing,1050624,2977,0,0,0,0,5,6393,0,341,0,341
475512,Playing,988160,2800,0,0,0,0,5,6394,175,341,175,341
475762,Playing,1007616,2856,0,0,0,0,5,6401,0,341,0,341
476010,Playing,972800,2757,0,0,0,0,5,6403,175,341,175,341
476259,Playing,965632,2737,0,0,0,0,5,6406,0,341,0,341
476505,Playing,966656,2739,0,0,0,0,5,6409,0,341,0,341
476760,Playing,959488,2719,0,0,0,0,5,6412,177,341,177,341
477008,Playing,979968,2777,0,0,0,0,5,6416,176,341,176,341
477256,Playing,1000448,2835,0,0,0,0,5,6420,0,341,0,341
477506,Playing,973824,2760,0,0,0,0,5,6422,0,341,0,341
477755,Playing,994304,2818,0,0,0,0,5,6426,0,341,0,341
478002,Playing,987136,2798,0,0,0,0,5,6429,0,341,0,341
478253,Playing,988160,2800,0,0,0,0,5,6432,0,341,0,341
478502,Playing,944128,2676,0,0,0,0,5,6437,0,341,0,341
478750,Playing,936960,2655,0,0,0,0,5,6440,0,341,0,341
479062,Playing,913408,2589,0,0,0,0,5,6443,176,341,176,341
479311,Playing,933888,2647,0,0,0,0,5,6447,175,341,175,341
479557,Playing,962560,2728,0,0,0,0,5,6451,0,341,0,341
479803,Playing,955392,2708,0,0,0,0,5,6454,95,341,95,341
480051,Playing,920576,2609,0,0,0,0,5,6456,0,341,0,341
480300,Playing,949248,2690,0,0,0,0,5,6460,0,341,0,341
480549,Playing,942080,2670,0,0,0,0,5,6463,94,341,94,341
480799,Playing,962560,2728,0,0,0,0,5,6467,0,341,0,341
481048,Playing,963584,2731,0,0,0,0,5,6470,94,341,94,341
481295,Playing,901120,2554,0,0,0,0,5,6474,0,341,13,341
481545,Playing,921600,2612,0,0,0,0,5,6478,0,341,0,341
481794,Playing,950272,2693,0,0,0,0,5,6482,0,341,0,341
482040,Playing,915456,2594,0,0,0,0,5,6484,0,341,0,341
482289,Playing,908288,2574,0,0,0,0,5,6487,0,341,0,341
482539,Playing,936960,2655,0,0,0,0,5,6491,0,341,0,341
482787,Playing,929792,2635,0,0,0,0,5,6494,0,341,0,341
483035,Playing,894976,2536,0,0,0,0,5,6496,15,341,15,341
483285,Playing,887808,2516,0,0,0,0,5,6499,172,341,173,341
483533,Playing,916480,2597,0,0,0,0,5,6503,176,341,176,341
483781,Playing,936960,2655,0,0,0,0,5,6507,0,341,0,341
484030,Playing,902144,2557,0,0,0,0,5,6509,0,341,0,341
484280,Playing,903168,2560,0,0,0,0,5,6515,0,341,0,341
484530,Playing,896000,2539,0,0,0,0,5,6518,14,341,14,341
484778,Playing,861184,2440,0,0,0,0,5,6520,0,341,0,341
485029,Playing,889856,2522,0,0,0,0,5,6524,0,341,0,341
485280,Playing,882688,2501,0,0,0,0,5,6527,0,341,0,341
485528,Playing,903168,2560,0,0,0,0,5,6531,0,341,0,341
485778,Playing,896000,2539,0,0,0,0,5,6534,175,341,175,341
486027,Playing,869376,2464,0,0,0,0,5,6536,0,341,0,341
486275,Playing,862208,2443,0,0,0,0,5,6539,176,341,176,341
486523,Playing,910336,2580,0,0,0,0,5,6544,0,341,0,341
486772,Playing,911360,2583,0,0,0,0,5,6547,0,341,0,341
487022,Playing,848896,2406,0,0,0,0,5,6551,0,341,0,341
487270,Playing,869376,2464,0,0,0,0,5,6555,0,341,0,341
487519,Playing,870400,2467,0,0,0,0,5,6558,0,341,0,341
487769,Playing,863232,2446,0,0,0,0,5,6561,179,341,179,341
488018,Playing,828416,2348,0,0,0,0,5,6563,0,341,0,341
488267,Playing,857088,2429,0,0,0,0,5,6567,176,341,176,341
488516,Playing,877568,2487,0,0,0,0,5,6571,0,341,0,341
488765,Playing,870400,2467,0,0,0,0,5,6574,0,341,0,341
489014,Playing,843776,2391,0,0,0,0,5,6576,0,341,0,341
489261,Playing,864256,2449,0,0,0,0,5,6580,14,341,14,341
489506,Playing,857088,2429,0,0,0,0,5,6583,93,341,93,341
489756,Playing,858112,2432,0,0,0,0,5,6589,0,341,0,341
490003,Playing,795648,2255,0,0,0,0,5,6590,173,341,173,341
490250,Playing,824320,2336,0,0,0,0,5,6594,96,341,96,341
490561,Playing,820224,2324,0,0,0,0,5,6598,93,341,93,341
490810,Playing,840704,2382,0,0,0,0,5,6602,0,341,0,341
491060,Playing,841728,2385,0,0,0,0,5,6605,0,341,0,341
491307,Playing,834560,2365,0,0,0,0,5,6608,0,341,0,341
491554,Playing,882688,2501,0,0,0,0,5,6613,0,341,0,341
491804,Playing,828416,2348,0,0,0,0,5,6614,176,341,176,341
492053,Playing,848896,2406,0,0,0,0,5,6618,177,341,177,341
492301,Playing,877568,2487,0,0,0,0,5,6622,0,341,0,341
492549,Playing,805888,2284,0,0,0,0,5,6625,0,341,14,341
492798,Playing,835584,2368,0,0,0,0,5,6630,0,341,0,341
493047,Playing,828416,2348,0,0,0,0,5,6633,0,341,0,341
493298,Playing,829440,2351,0,0,0,0,5,6636,93,341,93,341
493547,Playing,822272,2330,0,0,0,0,5,6639,0,341,0,341
493795,Playing,815104,2310,0,0,0,0,5,6642,0,341,0,341
494045,Playing,816128,2313,0,0,0,0,5,6645,0,341,0,341
494293,Playing,836608,2371,0,0,0,0,5,6649,0,341,0,341
494543,Playing,801792,2272,0,0,0,0,5,6651,0,341,0,341
494792,Playing,822272,2330,0,0,0,0,5,6655,0,341,0,341
495040,Playing,850944,2411,0,0,0,0,5,6659,0,341,0,341
495288,Playing,816128,2313,0,0,0,0,5,6664,0,341,0,341
495535,Playing,761856,2159,0,0,0,0,5,6665,176,341,176,341
495783,Playing,782336,2217,0,0,0,0,5,6669,0,341,0,341
496031,Playing,802816,2275,0,0,0,0,5,6673,175,341,175,341
496279,Playing,776192,2200,0,0,0,0,5,6675,14,341,14,341
496529,Playing,769024,2179,0,0,0,0,5,6678,0,341,0,341
496780,Playing,789504,2237,0,0,0,0,5,6682,175,341,175,341
497027,Playing,809984,2295,0,0,0,0,5,6686,0,341,0,341
497276,Playing,811008,2298,0,0,0,0,5,6689,0,341,0,341
497524,Playing,776192,2200,0,0,0,0,5,6691,0,341,0,341
497773,Playing,796672,2258,0,0,0,0,5,6695,0,341,0,341
498024,Playing,797696,2261,0,0,0,0,5,6698,0,341,0,341
498273,Playing,781312,2214,0,0,0,0,5,6704,176,341,176,341
498522,Playing,746496,2115,0,0,0,0,5,6706,0,341,0,341
498771,Playing,747520,2118,0,0,0,0,5,6709,0,341,0,341
499022,Playing,768000,2176,0,0,0,0,5,6713,0,341,0,341
499270,Playing,788480,2234,0,0,0,0,5,6717,0,341,0,341
499519,Playing,734208,2081,0,0,0,0,5,6718,95,341,95,341
499767,Playing,782336,2217,0,0,0,0,5,6723,0,341,0,341
500015,Playing,775168,2197,0,0,0,0,5,6726,0,341,0,341
500263,Playing,776192,2200,0,0,0,0,5,6729,0,341,0,341
500513,Playing,741376,2101,0,0,0,0,5,6731,0,341,0,341
500760,Playing,761856,2159,0,0,0,0,5,6735,0,341,0,341
501011,Playing,717824,2034,0,0,0,0,5,6740,0,341,0,341
501259,Playing,774144,2194,0,0,0,0,5,6745,0,341,0,341
501507,Playing,711680,2017,0,0,0,0,5,6746,94,341,94,341
501756,Playing,712704,2020,0,0,0,0,5,6749,14,341,14,341
502006,Playing,733184,2078,0,0,0,0,5,6753,15,341,15,341
502255,Playing,726016,2057,0,0,0,0,5,6756,95,341,95,341
502504,Playing,691200,1959,0,0,0,0,5,6758,0,341,0,341
502755,Playing,719872,2040,0,0,0,0,5,6762,0,341,0,341
503003,Playing,740352,2098,0,0,0,0,5,6766,0,341,0,341
503251,Playing,677888,1921,0,0,0,0,5,6767,94,341,94,341
503500,Playing,706560,2002,0,0,0,0,5,6771,0,341,0,341
503810,Playing,684032,1938,0,0,0,0,5,6775,173,341,173,341
504060,Playing,694272,1967,0,0,0,0,5,6781,0,341,0,341
504307,Playing,687104,1947,0,0,0,0,5,6784,0,341,0,341
504556,Playing,679936,1927,0,0,0,0,5,6787,174,341,174,341
504803,Playing,680960,1930,0,0,0,0,5,6790,0,341,0,341
505053,Playing,673792,1909,0,0,0,0,5,6793,0,341,0,341
505302,Playing,666624,1889,0,0,0,0,5,6796,177,341,177,341
505551,Playing,722944,2049,0,0,0,0,5,6801,0,341,0,341
505798,Playing,715776,2028,0,0,0,0,5,6804,0,341,0,341
506046,Playing,680960,1930,0,0,0,0,5,6806,13,341,13,341
506294,Playing,709632,2011,0,0,0,0,5,6810,0,341,0,341
506542,Playing,674816,1912,0,0,0,0,5,6815,0,341,13,341
506788,Playing,695296,1970,0,0,0,0,5,6819,0,341,0,341
507036,Playing,696320,1973,0,0,0,0,5,6822,0,341,0,341
507286,Playing,633856,1796,0,0,0,0,5,6823,14,341,14,341
507532,Playing,681984,1933,0,0,0,0,5,6828,0,341,0,341
507782,Playing,710656,2014,0,0,0,0,5,6832,0,341,0,341
508032,Playing,703488,1994,0,0,0,0,5,6835,0,341,0,341
508282,Playing,641024,1816,0,0,0,0,5,6836,175,341,175,341
508528,Playing,669696,1898,0,0,0,0,5,6840,93,341,93,341
508775,Playing,662528,1877,0,0,0,0,5,6843,95,341,95,341
509026,Playing,710656,2014,0,0,0,0,5,6848,0,341,0,341
509274,Playing,656384,1860,0,0,0,0,5,6849,175,341,175,341
509523,Playing,649216,1840,0,0,0,0,5,6855,175,341,175,341
509772,Playing,642048,1819,0,0,0,0,5,6858,0,341,0,341
510018,Playing,615424,1744,0,0,0,0,5,6860,0,341,0,341
510267,Playing,635904,1802,0,0,0,0,5,6864,0,341,0,341
510513,Playing,656384,1860,0,0,0,0,5,6868,0,341,0,341
510759,Playing,657408,1863,0,0,0,0,5,6871,0,341,0,341
511006,Playing,622592,1764,0,0,0,0,5,6873,0,341,0,341
511257,Playing,615424,1744,0,0,0,0,5,6876,176,341,177,341
511503,Playing,644096,1825,0,0,0,0,5,6880,177,341,177,341
511751,Playing,664576,1883,0,0,0,0,5,6884,0,341,0,341
512063,Playing,641024,1816,0,0,0,0,5,6887,0,341,0,341
512251,Playing,603136,1709,0,0,0,0,5,6891,0,341,13,341
512500,Playing,623616,1767,0,0,0,0,5,6895,0,341,0,341
512810,Playing,600064,1700,0,0,0,0,5,6898,172,341,172,341
513058,Playing,620544,1758,0,0,0,0,5,6902,0,341,0,341
513308,Playing,641024,1816,0,0,0,0,5,6906,0,341,0,341
513557,Playing,669696,1898,0,0,0,0,5,6910,0,341,0,341
513806,Playing,607232,1721,0,0,0,0,5,6911,176,341,176,341
514056,Playing,627712,1779,0,0,0,0,5,6915,0,341,0,341
514305,Playing,628736,1782,0,0,0,0,5,6918,0,341,0,341
514553,Playing,649216,1840,0,0,0,0,5,6922,0,341,0,341
514800,Playing,614400,1741,0,0,0,0,5,6924,0,341,0,341
515051,Playing,579584,1642,0,0,0,0,5,6929,0,341,0,341
515297,Playing,608256,1724,0,0,0,0,5,6933,177,341,177,341
515544,Playing,573440,1625,0,0,0,0,5,6935,0,341,0,341
515793,Playing,574464,1628,0,0,0,0,5,6938,175,341,175,341
516042,Playing,594944,1686,0,0,0,0,5,6942,0,341,0,341
516289,Playing,615424,1744,0,0,0,0,5,6946,0,341,0,341
516539,Playing,588800,1668,0,0,0,0,5,6948,0,341,0,341
516788,Playing,609280,1726,0,0,0,0,5,6952,13,341,13,341
517038,Playing,602112,1706,0,0,0,0,5,6955,0,341,0,341
517287,Playing,594944,1686,0,0,0,0,5,6958,174,341,174,341
517531,Playing,568320,1610,0,0,0,0,5,6960,0,341,0,341
517780,Playing,561152,1590,0,0,0,0,5,6963,94,341,94,341
518027,Playing,562176,1593,0,0,0,0,5,6969,94,341,94,341
518277,Playing,527360,1494,0,0,0,0,5,6971,0,341,0,341
518525,Playing,547840,1552,0,0,0,0,5,6975,0,341,0,341
518773,Playing,548864,1555,0,0,0,0,5,6978,94,341,94,341
519022,Playing,569344,1613,0,0,0,0,5,6982,0,341,0,341
519272,Playing,534528,1515,0,0,0,0,5,6984,0,341,0,341
519520,Playing,555008,1573,0,0,0,0,5,6988,0,341,0,341
519769,Playing,556032,1576,0,0,0,0,5,6991,0,341,0,341
520018,Playing,576512,1634,0,0,0,0,5,6995,0,341,0,341
520268,Playing,596992,1692,0,0,0,0,5,6999,0,341,0,341
520517,Playing,542720,1538,0,0,0,0,5,7000,94,341,95,341
520764,Playing,535552,1518,0,0,0,0,5,7006,0,341,0,341
521017,Playing,556032,1576,0,0,0,0,5,7010,0,341,0,341
521264,Playing,501760,1422,0,0,0,0,5,7011,175,341,175,341
521514,Playing,522240,1480,0,0,0,0,5,7015,0,341,0,341
521764,Playing,542720,1538,0,0,0,0,5,7019,0,341,0,341
522012,Playing,535552,1518,0,0,0,0,5,7022,14,341,15,341
522260,Playing,564224,1599,0,0,0,0,5,7026,15,341,15,341
522509,Playing,557056,1578,0,0,0,0,5,7029,0,341,0,341
522759,Playing,577536,1637,0,0,0,0,5,7033,0,341,0,341
523008,Playing,550912,1561,0,0,0,0,5,7035,0,341,0,341
523258,Playing,571392,1619,0,0,0,0,5,7039,0,341,0,341
523506,Playing,527360,1494,0,0,0,0,5,7044,0,341,0,341
523754,Playing,500736,1419,0,0,0,0,5,7046,0,341,0,341
524002,Playing,493568,1399,0,0,0,0,5,7049,0,341,0,341
524251,Playing,514048,1457,0,0,0,0,5,7053,0,341,0,341
524561,Playing,518144,1468,0,0,0,0,5,7057,0,341,0,341
524812,Playing,538624,1526,0,0,0,0,5,7061,0,341,0,341
525061,Playing,531456,1506,0,0,0,0,5,7064,0,341,0,341
525308,Playing,504832,1430,0,0,0,0,5,7066,0,341,0,341
525559,Playing,497664,1410,0,0,0,0,5,7069,0,341,0,341
525808,Playing,518144,1468,0,0,0,0,5,7073,0,341,0,341
526055,Playing,491520,1393,0,0,0,0,5,7075,0,341,0,341
526304,Playing,465920,1320,0,0,0,0,5,7080,0,341,14,341
526551,Playing,467968,1326,0,0,0,0,5,7084,94,341,94,341
526801,Playing,496640,1407,0,0,0,0,5,7088,0,341,0,341
527050,Playing,434176,1230,0,0,0,0,5,7089,176,341,176,341
527300,Playing,454656,1288,0,0,0,0,5,7093,0,341,0,341
527547,Playing,475136,1346,0,0,0,0,5,7097,0,341,0,341
527798,Playing,476160,1349,0,0,0,0,5,7100,95,341,95,341
528044,Playing,441344,1250,0,0,0,0,5,7102,0,341,0,341
528294,Playing,461824,1309,0,0,0,0,5,7106,0,341,0,341
528544,Playing,462848,1311,0,0,0,0,5,7109,94,341,94,341
528793,Playing,483328,1369,0,0,0,0,5,7113,0,341,0,341
529043,Playing,420864,1192,0,0,0,0,5,7114,95,341,95,341
529293,Playing,404480,1146,0,0,0,0,5,7120,94,341,94,341
529541,Playing,460800,1306,0,0,0,0,5,7125,0,341,0,341
529788,Playing,453632,1285,0,0,0,0,5,7128,0,341,0,341
530036,Playing,418816,1187,0,0,0,0,5,7130,0,341,0,341
530284,Playing,419840,1190,0,0,0,0,5,7133,0,341,0,341
530534,Playing,412672,1169,0,0,0,0,5,7136,95,341,95,341
530785,Playing,433152,1227,0,0,0,0,5,7140,174,341,174,341
531031,Playing,406528,1152,0,0,0,0,5,7142,0,341,0,341
531283,Playing,427008,1210,0,0,0,0,5,7146,95,341,95,341
531530,Playing,447488,1268,0,0,0,0,5,7150,0,341,0,341
531777,Playing,448512,1271,0,0,0,0,5,7153,0,341,0,341
532027,Playing,386048,1094,0,0,0,0,5,7157,0,341,0,341
532276,Playing,406528,1152,0,0,0,0,5,7161,0,341,0,341
532525,Playing,399360,1131,0,0,0,0,5,7164,15,341,15,341
532774,Playing,428032,1213,0,0,0,0,5,7168,93,341,93,341
533022,Playing,393216,1114,0,0,0,0,5,7170,0,341,0,341
533270,Playing,386048,1094,0,0,0,0,5,7173,94,341,94,341
533518,Playing,414720,1175,0,0,0,0,5,7177,0,341,0,341
533766,Playing,435200,1233,0,0,0,0,5,7181,0,341,0,341
534013,Playing,372736,1056,0,0,0,0,5,7182,174,341,174,341
534263,Playing,429056,1216,0,0,0,0,5,7187,0,341,0,341
534514,Playing,421888,1195,0,0,0,0,5,7190,14,341,14,341
534766,Playing,387072,1097,0,0,0,0,5,7195,95,341,95,341
535013,Playing,415744,1178,0,0,0,0,5,7199,14,341,14,341
535262,Playing,380928,1079,0,0,0,0,5,7201,0,341,0,341
535509,Playing,373760,1059,0,0,0,0,5,7204,176,341,176,341
535757,Playing,430080,1219,0,0,0,0,5,7209,0,341,0,341
536013,Playing,422912,1198,0,0,0,0,5,7212,0,341,0,341
536259,Playing,388096,1100,0,0,0,0,5,7214,0,341,0,341
536508,Playing,380928,1079,0,0,0,0,5,7217,0,341,0,341
536758,Playing,373760,1059,0,0,0,0,5,7220,91,341,91,341
537014,Playing,421888,1195,0,0,0,0,5,7225,15,341,15,341
537268,Playing,414720,1175,0,0,0,0,5,7228,0,341,0,341
537538,Playing,352256,998,0,0,0,0,5,7229,173,341,173,341
537755,Playing,380928,1079,0,0,0,0,5,7236,0,341,0,341
538000,Playing,381952,1082,0,0,0,0,5,7239,0,341,0,341
538251,Playing,347136,983,0,0,0,0,5,7241,0,341,0,341
538506,Playing,367616,1041,0,0,0,0,5,7245,0,341,0,341
538806,Playing,344064,975,0,0,0,0,5,7248,0,341,0,341
539057,Playing,372736,1056,0,0,0,0,5,7252,0,341,0,341
539306,Playing,365568,1036,0,0,0,0,5,7255,93,341,93,341
539555,Playing,386048,1094,0,0,0,0,5,7259,15,341,15,341
539800,Playing,359424,1018,0,0,0,0,5,7261,0,341,0,341
540051,Playing,352256,998,0,0,0,0,5,7264,0,341,0,341
540299,Playing,345088,978,0,0,0,0,5,7270,0,341,0,341
540546,Playing,373760,1059,0,0,0,0,5,7274,0,341,0,341
540796,Playing,338944,960,0,0,0,0,5,7276,0,341,0,341
541044,Playing,331776,940,0,0,0,0,5,7279,0,341,0,341
541295,Playing,352256,998,0,0,0,0,5,7283,0,341,0,341
541542,Playing,353280,1001,0,0,0,0,5,7286,0,341,0,341
541792,Playing,318464,902,0,0,0,0,5,7288,0,341,0,341
542041,Playing,338944,960,0,0,0,0,5,7292,0,341,0,341
542289,Playing,367616,1041,0,0,0,0,5,7296,0,341,0,341
542537,Playing,332800,943,0,0,0,0,5,7298,94,341,94,341
542784,Playing,325632,922,0,0,0,0,5,7301,0,341,0,341
543033,Playing,326656,925,0,0,0,0,5,7304,96,341,96,341
543284,Playing,319488,905,0,0,0,0,5,7310,92,341,92,341
543531,Playing,339968,963,0,0,0,0,5,7314,0,341,0,341
543780,Playing,277504,786,0,0,0,0,5,7315,174,341,174,341
544031,Playing,333824,946,0,0,0,0,5,7320,0,341,0,341
544278,Playing,326656,925,0,0,0,0,5,7323,15,341,15,341
544526,Playing,319488,905,0,0,0,0,5,7326,93,341,94,341
544776,Playing,320512,908,0,0,0,0,5,7329,0,341,0,341
545022,Playing,313344,888,0,0,0,0,5,7332,0,341,0,341
545270,Playing,333824,946,0,0,0,0,5,7336,0,341,0,341
545523,Playing,326656,925,0,0,0,0,5,7339,94,341,94,341
545772,Playing,272384,772,0,0,0,0,5,7340,176,341,176,341
546020,Playing,292864,830,0,0,0,0,5,7347,0,341,0,341
546268,Playing,285696,809,0,0,0,0,5,7350,0,341,0,341
546515,Playing,314368,891,0,0,0,0,5,7354,0,341,0,341
546765,Playing,251904,714,0,0,0,0,5,7355,175,341,175,341
547015,Playing,300032,850,0,0,0,0,5,7360,0,341,0,341
547263,Playing,301056,853,0,0,0,0,5,7363,0,341,0,341
547513,Playing,293888,833,0,0,0,0,5,7366,95,341,95,341
547761,Playing,259072,734,0,0,0,0,5,7368,0,341,0,341
548011,Playing,279552,792,0,0,0,0,5,7372,0,341,0,341
548260,Playing,280576,795,0,0,0,0,5,7375,94,341,94,341
548508,Playing,328704,931,0,0,0,0,5,7380,0,341,0,341
548758,Playing,247808,702,0,0,0,0,5,7383,0,341,14,341
549007,Playing,258048,731,0,0,0,0,5,7387,0,341,0,341
549256,Playing,250880,711,0,0,0,0,5,7390,94,341,94,341
549503,Playing,243712,690,0,0,0,0,5,7393,94,341,94,341
549751,Playing,244736,693,0,0,0,0,5,7396,0,341,0,341
550000,Playing,237568,673,0,0,0,0,5,7399,179,341,179,341
550309,Playing,214016,606,0,0,0,0,5,7402,0,341,0,341
550561,Playing,262144,743,0,0,0,0,5,7407,13,341,13,341
550809,Playing,254976,722,0,0,0,0,5,7410,15,341,16,341
551058,Playing,283648,803,0,0,0,0,5,7414,0,341,0,341
551305,Playing,221184,626,0,0,0,0,5,7415,174,341,174,341
551555,Playing,223232,632,0,0,0,0,5,7421,0,341,15,341
551807,Playing,225280,638,0,0,0,0,5,7425,0,341,0,341
552053,Playing,253952,719,0,0,0,0,5,7429,0,341,0,341
552300,Playing,191488,542,0,0,0,0,5,7430,172,341,172,341
552549,Playing,211968,600,0,0,0,0,5,7434,0,341,0,341
552800,Playing,212992,603,0,0,0,0,5,7437,96,341,96,341
553048,Playing,233472,661,0,0,0,0,5,7441,0,341,0,341
553298,Playing,226304,641,0,0,0,0,5,7444,93,341,94,341
553547,Playing,199680,565,0,0,0,0,5,7446,0,341,0,341
553796,Playing,220160,624,0,0,0,0,5,7450,0,341,0,341
554045,Playing,240640,682,0,0,0,0,5,7454,14,341,14,341
554295,Playing,178176,505,0,0,0,0,5,7455,175,341,175,341
554542,Playing,169984,481,0,0,0,0,5,7461,177,341,177,341
554791,Playing,190464,539,0,0,0,0,5,7465,0,341,0,341
555043,Playing,183296,519,0,0,0,0,5,7468,92,341,92,341
555292,Playing,184320,522,0,0,0,0,5,7471,0,341,0,341
555542,Playing,177152,502,0,0,0,0,5,7474,0,341,0,341
555788,Playing,169984,481,0,0,0,0,5,7477,95,341,95,341
556036,Playing,198656,563,0,0,0,0,5,7481,95,341,95,341
556284,Playing,219136,621,0,0,0,0,5,7485,0,341,0,341
556535,Playing,156672,444,0,0,0,0,5,7486,178,341,178,341
556784,Playing,185344,525,0,0,0,0,5,7490,0,341,0,341
557034,Playing,205824,583,0,0,0,0,5,7494,0,341,0,341
557284,Playing,143360,406,0,0,0,0,5,7498,0,341,0,341
557534,Playing,163840,464,0,0,0,0,5,7502,0,341,0,341
557783,Playing,164864,467,0,0,0,0,5,7505,0,341,0,341
558031,Playing,157696,446,0,0,0,0,5,7508,0,341,0,341
558282,Playing,122880,348,0,0,0,0,5,7510,0,341,0,341
558531,Playing,123904,351,0,0,0,0,5,7513,178,341,178,341
558780,Playing,172032,487,0,0,0,0,5,7518,0,341,0,341
559027,Playing,164864,467,0,0,0,0,5,7521,0,341,0,341
559280,Playing,185344,525,0,0,0,0,5,7525,0,341,0,341
559527,Playing,131072,371,0,0,0,0,5,7526,170,341,170,341
559776,Playing,151552,429,0,0,0,0,5,7530,0,341,0,341
560023,Playing,116736,330,0,0,0,0,5,7535,0,341,13,341
560274,Playing,145408,412,0,0,0,0,5,7539,94,341,94,341
560523,Playing,110592,313,0,0,0,0,5,7541,0,341,0,341
560773,Playing,103424,293,0,0,0,0,5,7544,176,341,176,341
561024,Playing,132096,374,0,0,0,0,5,7548,173,341,173,341
561273,Playing,97280,275,0,0,0,0,5,7550,0,341,0,341
561519,Playing,117760,333,0,0,0,0,5,7554,0,341,0,341
561767,Playing,146432,415,0,0,0,0,5,7558,0,341,0,341
562015,Playing,139264,394,0,0,0,0,5,7561,0,341,0,341
562266,Playing,104448,296,0,0,0,0,5,7563,0,341,0,341
562513,Playing,133120,377,0,0,0,0,5,7567,14,341,14,341
562763,Playing,125952,357,0,0,0,0,5,7570,0,341,0,341
563008,Playing,91136,258,0,0,0,0,5,7575,94,341,94,341
563256,Playing,64512,182,0,0,0,0,5,7577,0,341,0,341
563506,Playing,84992,240,0,0,0,0,5,7581,0,341,0,341
563753,Playing,105472,298,0,0,0,0,5,7585,0,341,0,341
564002,Playing,51200,145,0,0,0,0,5,7586,175,341,176,341
564251,Playing,71680,203,0,0,0,0,5,7590,95,341,95,341
564561,Playing,131072,371,0,0,0,0,5,7596,0,341,0,341
564812,Playing,68608,194,0,0,0,0,5,7597,95,341,95,341
565000,Playing,113664,322,0,0,0,0,5,7601,95,341,95,341
565310,Playing,109568,310,0,0,0,0,5,7605,0,341,0,341
565559,Playing,101376,287,0,0,0,0,5,7610,0,341,13,341
565807,Playing,48128,136,0,0,0,0,5,7612,0,341,1,341
566014,Playing,84992,240,0,0,0,0,5,7616,13,341,13,341
566255,Playing,86016,243,0,0,0,0,5,7619,15,341,15,341
566506,Playing,106496,301,0,0,0,0,5,7623,0,341,0,341
566754,Playing,71680,203,0,0,0,0,5,7625,0,341,0,341
567002,Playing,72704,206,0,0,0,0,5,7628,92,341,92,341
567250,Playing,65536,185,0,0,0,0,5,7631,94,341,94,341
567500,Playing,58368,165,0,0,0,0,5,7634,0,341,0,341
567811,Playing,34816,98,0,0,0,0,5,7637,97,341,97,341
568061,Playing,55296,156,0,0,0,0,5,7641,0,341,0,341
568309,Playing,83968,238,0,0,0,0,5,7645,0,341,0,341
568558,Playing,49152,139,0,0,0,0,5,7650,0,341,0,341
568805,Playing,41984,119,0,0,0,0,5,7653,0,341,0,341
569055,Playing,43008,121,0,0,0,0,5,7656,0,341,0,341
569304,Playing,35840,101,0,0,0,0,5,7659,95,341,95,341
569551,Playing,56320,159,0,0,0,0,5,7663,0,341,0,341
569800,Playing,29696,84,0,0,0,0,5,7665,0,341,0,341
570047,Playing,22528,63,0,0,0,0,5,7668,96,341,96,341
570297,Playing,43008,121,0,0,0,0,5,7672,0,341,0,341
570547,Playing,63488,179,0,0,0,0,5,7676,0,341,0,341
570796,Playing,9216,26,0,0,0,0,5,7677,173,341,174,341
571044,Playing,29696,84,0,0,0,0,5,7681,1,341,1,341
571293,Playing,13312,37,0,0,0,0,5,7686,0,341,13,341
571542,Buffering,92160,261,1,0,0,0,5,7690,94,341,94,341
571789,Buffering,202752,574,1,0,0,0,5,7694,14,341,14,341
572038,Buffering,313344,888,1,0,0,0,5,7698,15,341,15,341
572285,Buffering,340992,966,1,0,0,0,5,7699,174,341,174,341
572534,Buffering,369664,1047,1,1,0,0,5,7703,0,341,0,341
572781,Buffering,362496,1027,1,1,0,0,5,7706,96,341,96,341
573030,Buffering,391168,1108,1,1,0,0,5,7710,94,341,94,341
573280,Buffering,356352,1010,1,1,0,0,5,7712,0,341,0,341
573529,Buffering,349184,989,1,1,0,0,5,7715,175,341,175,341
573779,Buffering,377856,1071,1,1,0,0,5,7719,93,341,94,341
574027,Buffering,343040,972,1,1,0,0,5,7721,0,341,0,341
574278,Buffering,326656,925,1,1,0,0,5,7727,0,341,0,341
574526,Buffering,355328,1007,1,1,0,0,5,7731,0,341,0,341
574775,Buffering,348160,986,1,1,0,0,5,7734,0,341,0,341
575025,Buffering,368640,1044,1,1,0,0,5,7738,0,341,0,341
575275,Buffering,333824,946,1,1,0,0,5,7740,0,341,0,341
575523,Buffering,334848,949,1,1,0,0,5,7743,0,341,0,341
575771,Buffering,355328,1007,1,1,0,0,5,7747,15,341,15,341
576021,Buffering,292864,830,1,1,0,0,5,7748,174,341,174,341
576270,Buffering,321536,911,1,1,0,0,5,7752,94,341,94,341
576519,Buffering,342016,969,1,1,0,0,5,7756,2,341,2,341
576770,Buffering,344064,975,1,1,0,0,5,7762,0,341,14,341
577023,Buffering,318464,902,1,1,0,0,5,7765,0,341,0,341
577271,Buffering,291840,827,1,1,0,0,5,7767,0,341,0,341
577519,Buffering,284672,806,1,1,0,0,5,7770,2,341,2,341
577768,Buffering,305152,864,1,1,0,0,5,7774,0,341,0,341
578016,Buffering,333824,946,1,1,0,0,5,7778,0,341,0,341
578267,Buffering,271360,769,1,1,0,0,5,7779,174,341,174,341
578516,Buffering,291840,827,1,1,0,0,5,7783,0,341,0,341
578764,Buffering,320512,908,1,1,0,0,5,7787,0,341,0,341
579013,Buffering,313344,888,1,1,0,0,5,7790,0,341,0,341
579261,Buffering,306176,867,1,1,0,0,5,7793,94,341,95,341
579508,Buffering,307200,870,1,1,0,0,5,7796,0,341,0,341
579758,Buffering,263168,745,1,1,0,0,5,7801,0,341,0,341
580007,Buffering,291840,827,1,1,0,0,5,7805,0,341,0,341
580257,Buffering,229376,650,1,1,0,0,5,7806,174,341,174,341
580508,Buffering,249856,708,1,1,0,0,5,7810,175,341,175,341
580755,Buffering,270336,766,1,1,0,0,5,7814,0,341,0,341
581004,Buffering,299008,847,1,1,0,0,5,7818,0,341,0,341
581252,Buffering,264192,748,1,1,0,0,5,7820,0,341,0,341
581501,Buffering,257024,728,1,1,0,0,5,7823,0,341,0,341
581810,Buffering,233472,661,1,1,0,0,5,7826,91,341,91,341
582058,Buffering,253952,719,1,1,0,0,5,7830,95,341,95,341
582308,Buffering,282624,801,1,1,0,0,5,7834,0,341,0,341
582558,Buffering,275456,780,1,1,0,0,5,7840,0,341,0,341
582806,Buffering,268288,760,1,1,0,0,5,7843,0,341,0,341
583056,Buffering,214016,606,1,1,0,0,5,7844,177,341,177,341
583304,Buffering,234496,664,1,1,0,0,5,7848,176,341,176,341
583552,Buffering,227328,644,1,1,0,0,5,7851,175,341,175,341
583804,Buffering,228352,647,1,1,0,0,5,7854,0,341,0,341
584053,Buffering,221184,626,1,1,0,0,5,7857,0,341,0,341
584301,Buffering,241664,684,1,1,0,0,5,7861,0,341,0,341
584550,Buffering,242688,687,1,1,0,0,5,7864,173,341,173,341
584796,Buffering,207872,589,1,1,0,0,5,7866,13,341,13,341
585043,Buffering,228352,647,1,1,0,0,5,7870,14,341,14,341
585293,Buffering,229376,650,1,1,0,0,5,7876,0,341,16,341
585542,Buffering,222208,629,1,1,0,0,5,7879,95,341,95,341
585790,Buffering,242688,687,1,1,0,0,5,7883,95,341,95,341
586041,Buffering,207872,589,1,1,0,0,5,7885,0,341,0,341
586288,Buffering,208896,592,1,1,0,0,5,7888,176,341,176,341
586537,Buffering,229376,650,1,1,0,0,5,7892,0,341,0,341
586785,Buffering,258048,731,1,1,0,0,5,7896,0,341,0,341
587033,Buffering,195584,554,1,1,0,0,5,7897,174,341,174,341
587282,Buffering,216064,612,1,1,0,0,5,7901,0,341,0,341
587529,Buffering,244736,693,1,1,0,0,5,7905,0,341,0,341
587779,Buffering,237568,673,1,1,0,0,5,7908,0,341,0,341
588029,Buffering,202752,574,1,1,0,0,5,7910,0,341,0,341
588278,Buffering,167936,476,1,1,0,0,5,7915,96,341,96,341
588526,Buffering,196608,557,1,1,0,0,5,7919,175,341,175,341
588775,Buffering,217088,615,1,1,0,0,5,7923,0,341,0,341
589023,Buffering,154624,438,1,1,0,0,5,7924,97,341,97,341
589270,Buffering,183296,519,1,1,0,0,5,7928,175,341,175,341
589517,Buffering,203776,577,1,1,0,0,5,7932,0,341,0,341
589765,Buffering,196608,557,1,1,0,0,5,7935,0,341,0,341
590014,Buffering,197632,560,1,1,0,0,5,7938,0,341,0,341
590263,Buffering,190464,539,1,1,0,0,5,7941,0,341,0,341
590511,Buffering,183296,519,1,1,0,0,5,7944,175,341,175,341
590759,Buffering,211968,600,1,1,0,0,5,7948,0,341,0,341
591008,Buffering,149504,423,1,1,0,0,5,7952,0,341,0,341
591256,Buffering,142336,403,1,1,0,0,5,7955,174,341,174,341
591504,Buffering,162816,461,1,1,0,0,5,7959,0,341,0,341
591751,Buffering,136192,386,1,1,0,0,5,7961,15,341,15,341
592001,Buffering,156672,444,1,1,0,0,5,7965,0,341,0,341
592250,Buffering,177152,502,1,1,0,0,5,7969,14,341,14,341
592500,Buffering,178176,505,1,1,0,0,5,7972,15,341,15,341
592807,Buffering,118784,336,1,1,0,0,5,7974,0,341,0,341
593054,Buffering,202752,574,1,1,0,0,5,7980,0,341,0,341
593304,Buffering,140288,397,1,1,0,0,5,7981,175,341,175,341
593552,Buffering,160768,455,1,1,0,0,5,7985,0,341,0,341
593800,Buffering,161792,458,1,1,0,0,5,7991,0,341,0,341
594051,Buffering,154624,438,1,1,0,0,5,7994,0,341,0,341
594299,Buffering,119808,339,1,1,0,0,5,7996,0,341,0,341
594549,Buffering,112640,319,1,1,0,0,5,7999,0,341,0,341
594798,Buffering,141312,400,1,1,0,0,5,8003,175,341,175,341
595045,Buffering,161792,458,1,1,0,0,5,8007,0,341,0,341
595293,Buffering,99328,281,1,1,0,0,5,8008,174,341,174,341
595541,Buffering,128000,362,1,1,0,0,5,8012,176,341,176,341
595792,Buffering,148480,420,1,1,0,0,5,8016,0,341,0,341
596044,Buffering,141312,400,1,1,0,0,5,8019,95,341,95,341
596291,Buffering,106496,301,1,1,0,0,5,8021,0,341,0,341
596543,Buffering,117760,333,1,1,0,0,5,8027,0,341,13,341
596792,Buffering,100352,284,1,1,0,0,5,8030,176,341,176,341
597042,Buffering,120832,342,1,1,0,0,5,8034,175,341,175,341
597315,Buffering,77824,220,1,1,0,0,5,8036,27,341,27,341
597555,Buffering,78848,223,1,1,0,0,5,8039,0,341,0,341
597803,Buffering,99328,281,1,1,0,0,5,8043,0,341,0,341
598051,Buffering,128000,362,1,1,0,0,5,8047,0,341,0,341
598321,Buffering,84992,240,1,1,0,0,5,8049,13,341,13,341
598502,Buffering,102400,290,1,1,0,0,5,8052,0,341,0,341
598785,Buffering,114688,325,1,1,0,0,5,8056,0,341,0,341
599048,Buffering,107520,304,1,1,0,0,5,8059,0,341,0,341
599294,Buffering,72704,206,1,1,0,0,5,8061,0,341,0,341
599546,Buffering,56320,159,1,1,0,0,5,8067,0,341,0,341
599796,Buffering,49152,139,1,1,0,0,5,8070,98,341,98,341
600043,Buffering,77824,220,1,1,0,0,5,8074,15,341,15,341
