t_ms,state,buffered_bytes,buffered_ms,underruns,resumes,play_failures,stream_rebuilds,sessions,chunk_reads,last_chunk_ms,max_chunk_ms,last_push_gap_ms,max_push_gap_ms
51,Off,0,0,0,0,0,0,1,0,0,0,0,0
253,Off,0,0,0,0,0,0,1,0,0,0,0,0
507,Off,0,0,0,0,0,0,1,0,0,0,0,0
760,Off,0,0,0,0,0,0,1,0,0,0,0,0
1012,Off,46080,130,0,0,0,0,1,5,0,0,0,0
1267,Off,1179648,3343,0,0,0,0,1,21,0,185,0,185
1519,Playing,2715648,7697,0,0,0,0,1,34,0,185,0,185
1773,Playing,3639296,10315,0,0,0,0,1,42,0,185,0,185
2027,Playing,3687424,10451,0,0,0,0,1,43,267,267,267,267
2280,Playing,3605504,10219,0,0,0,0,1,43,267,267,267,267
2533,Playing,3653632,10356,0,0,0,0,1,44,540,540,540,540
2786,Playing,3563520,10100,0,0,0,0,1,44,540,540,540,540
3040,Playing,3611648,10237,0,0,0,0,1,45,440,540,440,540
3288,Playing,3521536,9981,0,0,0,0,1,45,440,540,440,540
3536,Playing,3531776,10010,0,0,0,0,1,47,1,548,2,549
3785,Playing,3441664,9755,0,0,0,0,1,47,1,548,2,549
4031,Playing,3499008,9917,0,0,0,0,1,48,441,548,441,549
4281,Playing,3417088,9685,0,0,0,0,1,48,441,548,441,549
4528,Playing,3474432,9848,0,0,0,0,1,49,603,603,603,603
4776,Playing,3384320,9592,0,0,0,0,1,49,603,603,603,603
5026,Playing,3449856,9778,0,0,0,0,1,50,441,603,441,603
5276,Playing,3359744,9523,0,0,0,0,1,50,441,603,441,603
5526,Playing,3269632,9267,0,0,0,0,1,50,441,603,441,603
5775,Playing,3326976,9430,0,0,0,0,1,51,661,661,662,662
6024,Playing,3392512,9615,0,0,0,0,1,52,440,661,441,662
6272,Playing,3302400,9360,0,0,0,0,1,52,440,661,441,662
6521,Playing,3212288,9105,0,0,0,0,1,52,440,661,441,662
6769,Playing,3277824,9290,0,0,0,0,1,53,636,661,636,662
7017,Playing,3187712,9035,0,0,0,0,1,53,636,661,636,662
7263,Playing,3217408,9119,0,0,0,0,1,55,0,661,0,662
7512,Playing,3135488,8887,0,0,0,0,1,55,0,661,0,662
7761,Playing,3165184,8971,0,0,0,0,1,57,0,661,0,662
8009,Playing,3075072,8716,0,0,0,0,1,57,0,661,0,662
8258,Playing,3131392,8875,0,0,0,0,1,58,463,661,463,662
8509,Playing,3041280,8620,0,0,0,0,1,58,463,661,463,662
8758,Playing,3089408,8756,0,0,0,0,1,59,501,661,501,662
9007,Playing,3154944,8942,0,0,0,0,1,60,459,661,459,662
9255,Playing,3064832,8687,0,0,0,0,1,60,459,661,459,662
9504,Playing,2974720,8431,0,0,0,0,1,60,459,661,459,662
9752,Playing,3031040,8591,0,0,0,0,1,61,642,661,643,662
10001,Playing,2940928,8335,0,0,0,0,1,61,642,661,643,662
10313,Playing,2964480,8402,0,0,0,0,1,62,455,661,456,662
10560,Playing,2882560,8170,0,0,0,0,1,62,455,661,456,662
10806,Playing,2930688,8306,0,0,0,0,1,63,566,661,566,662
11056,Playing,2848768,8074,0,0,0,0,1,63,566,661,566,662
11307,Playing,2896896,8211,0,0,0,0,1,64,446,661,446,662
11554,Playing,2935808,8321,0,0,0,0,1,65,449,661,449,662
11807,Playing,2845696,8066,0,0,0,0,1,65,449,661,449,662
12055,Playing,2902016,8225,0,0,0,0,1,66,444,661,444,662
12303,Playing,2811904,7970,0,0,0,0,1,66,444,661,444,662
12551,Playing,2860032,8106,0,0,0,0,1,67,475,661,475,662
12799,Playing,2778112,7874,0,0,0,0,1,67,475,661,475,662
13047,Playing,2826240,8010,0,0,0,0,1,68,461,661,461,662
13295,Playing,2736128,7755,0,0,0,0,1,68,461,661,461,662
13544,Playing,2792448,7915,0,0,0,0,1,69,506,661,506,662
13791,Playing,2702336,7659,0,0,0,0,1,69,506,661,506,662
14040,Playing,2713600,7691,0,0,0,0,1,71,1,661,1,662
14289,Playing,2631680,7459,0,0,0,0,1,71,1,661,1,662
14538,Playing,2670592,7569,0,0,0,0,1,72,545,661,545,662
14786,Playing,2580480,7314,0,0,0,0,1,72,545,661,545,662
15034,Playing,2609152,7395,0,0,0,0,1,73,444,661,444,662
15283,Playing,2519040,7140,0,0,0,0,1,73,444,661,444,662
15532,Playing,2548736,7224,0,0,0,0,1,74,549,661,549,662
15780,Playing,2466816,6992,0,0,0,0,1,74,549,661,549,662
16027,Playing,2496512,7076,0,0,0,0,1,75,465,661,465,662
16278,Playing,2406400,6820,0,0,0,0,1,75,465,661,465,662
16526,Playing,2444288,6928,0,0,0,0,1,76,512,661,513,662
16773,Playing,2354176,6672,0,0,0,0,1,76,512,661,513,662
17022,Playing,2383872,6757,0,0,0,0,1,77,456,661,457,662
17272,Playing,2301952,6524,0,0,0,0,1,77,456,661,457,662
17520,Playing,2331648,6608,0,0,0,0,1,78,572,661,572,662
17769,Playing,2241536,6353,0,0,0,0,1,78,572,661,572,662
18018,Playing,2279424,6460,0,0,0,0,1,79,448,661,448,662
18266,Playing,2189312,6205,0,0,0,0,1,79,448,661,448,662
18515,Playing,2219008,6289,0,0,0,0,1,80,560,661,560,662
18763,Playing,2137088,6057,0,0,0,0,1,80,560,661,560,662
19012,Playing,2157568,6115,0,0,0,0,1,81,474,661,474,662
19260,Playing,2067456,5860,0,0,0,0,1,81,474,661,474,662
19509,Playing,1985536,5627,0,0,0,0,1,81,474,661,474,662
19757,Playing,2006016,5685,0,0,0,0,1,82,638,661,639,662
20006,Playing,1915904,5430,0,0,0,0,1,82,638,661,639,662
20255,Playing,1927168,5462,0,0,0,0,1,83,459,661,460,662
20502,Playing,1955840,5543,0,0,0,0,1,84,472,661,472,662
20751,Playing,1865728,5288,0,0,0,0,1,84,472,661,472,662
21061,Playing,1869824,5299,0,0,0,0,1,85,342,661,342,662
21310,Playing,1779712,5044,0,0,0,0,1,85,342,661,342,662
21558,Playing,1808384,5125,0,0,0,0,1,86,496,661,497,662
21804,Playing,1718272,4870,0,0,0,0,1,86,496,661,497,662
22055,Playing,1747968,4954,0,0,0,0,1,87,621,661,621,662
22303,Playing,1657856,4699,0,0,0,0,1,87,621,661,621,662
22554,Playing,1686528,4780,0,0,0,0,1,88,480,661,480,662
22802,Playing,1596416,4524,0,0,0,0,1,88,480,661,480,662
23051,Playing,1616896,4583,0,0,0,0,1,89,453,661,453,662
23297,Playing,1534976,4350,0,0,0,0,1,89,453,661,453,662
23547,Playing,1546240,4382,0,0,0,0,1,90,538,661,538,662
23797,Playing,1456128,4127,0,0,0,0,1,90,538,661,538,662
24045,Playing,1484800,4208,0,0,0,0,1,91,412,661,412,662
24293,Playing,1394688,3953,0,0,0,0,1,91,412,661,412,662
24541,Playing,1405952,3985,0,0,0,0,1,92,496,661,497,662
24791,Playing,1324032,3752,0,0,0,0,1,92,496,661,497,662
25041,Playing,1353728,3837,0,0,0,0,1,93,521,661,521,662
25287,Playing,1263616,3581,0,0,0,0,1,93,521,661,521,662
25536,Playing,1301504,3689,0,0,0,0,1,94,566,661,566,662
25784,Playing,1211392,3433,0,0,0,0,1,94,566,661,566,662
26034,Playing,1231872,3491,0,0,0,0,1,95,445,661,445,662
26282,Playing,1149952,3259,0,0,0,0,1,95,445,661,445,662
26531,Playing,1170432,3317,0,0,0,0,1,96,634,661,634,662
26780,Playing,1080320,3062,0,0,0,0,1,96,634,661,634,662
27028,Playing,1108992,3143,0,0,0,0,1,97,337,661,337,662
27278,Playing,1018880,2887,0,0,0,0,1,97,337,661,337,662
27526,Playing,1039360,2946,0,0,0,0,1,98,496,661,497,662
27775,Playing,957440,2713,0,0,0,0,1,98,496,661,497,662
28024,Playing,977920,2771,0,0,0,0,1,99,541,661,541,662
28273,Playing,887808,2516,0,0,0,0,1,99,541,661,541,662
28520,Playing,916480,2597,0,0,0,0,1,100,576,661,576,662
28769,Playing,826368,2342,0,0,0,0,1,100,576,661,576,662
29016,Playing,856064,2426,0,0,0,0,1,101,454,661,454,662
29261,Playing,774144,2194,0,0,0,0,1,101,454,661,454,662
29510,Playing,794624,2252,0,0,0,0,1,102,438,661,438,662
29755,Playing,712704,2020,0,0,0,0,1,102,438,661,438,662
30006,Playing,723968,2052,0,0,0,0,1,103,495,661,496,662
30255,Playing,633856,1796,0,0,0,0,1,103,495,661,496,662
30503,Playing,662528,1877,0,0,0,0,1,104,534,661,534,662
30750,Playing,572416,1622,0,0,0,0,1,104,534,661,534,662
31000,Playing,592896,1680,0,0,0,0,1,105,483,661,484,662
31311,Playing,486400,1378,0,0,0,0,1,105,483,661,484,662
31500,Playing,420864,1192,0,0,0,0,1,105,483,661,484,662
31750,Playing,450560,1277,0,0,0,0,1,106,681,681,681,681
32062,Playing,463872,1314,0,0,0,0,1,107,450,681,451,681
32309,Playing,373760,1059,0,0,0,0,1,107,450,681,451,681
32558,Playing,393216,1114,0,0,0,0,1,109,0,681,0,681
32809,Playing,303104,859,0,0,0,0,1,109,0,681,0,681
33059,Playing,323584,917,0,0,0,0,1,110,494,681,494,681
33309,Playing,233472,661,0,0,0,0,1,110,494,681,494,681
33558,Playing,271360,769,0,0,0,0,1,111,624,681,624,681
33805,Playing,181248,513,0,0,0,0,1,111,624,681,624,681
34054,Playing,210944,597,0,0,0,0,1,112,431,681,432,681
34303,Playing,129024,365,0,0,0,0,1,112,431,681,432,681
34553,Playing,149504,423,0,0,0,0,1,113,612,681,613,681
34799,Playing,59392,168,0,0,0,0,1,113,612,681,613,681
35048,Playing,97280,275,0,0,0,0,1,114,433,681,433,681
35297,Playing,7168,20,0,0,0,0,1,114,433,681,433,681
35546,Buffering,119808,339,1,0,0,0,1,115,403,681,403,681
35798,Buffering,119808,339,1,0,0,0,1,115,403,681,403,681
36044,Buffering,221184,626,1,0,0,0,1,117,0,681,0,681
36293,Buffering,221184,626,1,0,0,0,1,117,0,681,0,681
36543,Buffering,221184,626,1,0,0,0,1,117,0,681,0,681
36791,Buffering,340992,966,1,0,0,0,1,118,716,716,716,716
37040,Buffering,340992,966,1,0,0,0,1,118,716,716,716,716
37289,Buffering,378880,1073,1,1,0,0,1,119,471,716,471,716
37538,Buffering,288768,818,1,1,0,0,1,119,471,716,471,716
37787,Buffering,309248,876,1,1,0,0,1,120,542,716,542,716
38036,Buffering,338944,960,1,1,0,0,1,121,276,716,276,716
38284,Buffering,257024,728,1,1,0,0,1,121,276,716,276,716
38535,Buffering,286720,812,1,1,0,0,1,122,496,716,496,716
38781,Buffering,204800,580,1,1,0,0,1,122,496,716,496,716
39030,Buffering,243712,690,1,1,0,0,1,123,582,716,582,716
39279,Buffering,153600,435,1,1,0,0,1,123,582,716,582,716
39529,Buffering,63488,179,1,1,0,0,1,123,582,716,582,716
39777,Buffering,110592,313,1,1,0,0,1,124,670,716,670,716
40026,Buffering,20480,58,1,1,0,0,1,124,670,716,670,716
40276,Buffering,50176,142,1,1,0,0,1,125,449,716,450,716
40526,Buffering,0,0,1,1,0,0,1,125,449,716,450,716
40773,Playing,28672,81,1,2,0,0,1,126,455,716,455,716
41019,Buffering,119808,339,2,2,0,0,1,127,449,716,449,716
41268,Buffering,119808,339,2,2,0,0,1,127,449,716,449,716
41516,Buffering,211968,600,2,2,0,0,1,129,0,716,0,716
41764,Buffering,211968,600,2,2,0,0,1,129,0,716,0,716
42012,Buffering,340992,966,2,2,0,0,1,130,449,716,449,716
42261,Buffering,340992,966,2,2,0,0,1,130,449,716,449,716
42510,Buffering,340992,966,2,2,0,0,1,130,449,716,449,716
42759,Buffering,379904,1076,2,3,0,0,1,131,599,716,599,716
43009,Buffering,427008,1210,2,3,0,0,1,132,450,716,451,716
43255,Buffering,336896,954,2,3,0,0,1,132,450,716,451,716
43505,Buffering,357376,1012,2,3,0,0,1,133,489,716,490,716
43754,Buffering,275456,780,2,3,0,0,1,133,489,716,490,716
44002,Buffering,305152,864,2,3,0,0,1,134,450,716,450,716
44251,Buffering,215040,609,2,3,0,0,1,134,450,716,450,716
44560,Buffering,228352,647,2,3,0,0,1,135,501,716,501,716
44809,Buffering,138240,391,2,3,0,0,1,135,501,716,501,716
45059,Buffering,185344,525,2,3,0,0,1,136,485,716,485,716
45306,Buffering,95232,269,2,3,0,0,1,136,485,716,485,716
45556,Buffering,5120,14,2,3,0,0,1,136,485,716,485,716
45806,Buffering,43008,121,2,3,0,0,1,137,664,716,664,716
46054,Playing,103424,293,2,4,0,0,1,138,450,716,450,716
46302,Playing,13312,37,2,4,0,0,1,138,450,716,450,716
46553,Playing,0,0,2,4,0,0,1,138,450,716,450,716
46802,Buffering,119808,339,3,4,0,0,1,139,546,716,546,716
47048,Buffering,230400,653,3,4,0,0,1,140,453,716,453,716
47296,Buffering,230400,653,3,4,0,0,1,140,453,716,453,716
47544,Buffering,230400,653,3,4,0,0,1,140,453,716,453,716
47792,Buffering,313344,888,3,4,0,0,1,142,0,716,0,716
48042,Buffering,313344,888,3,4,0,0,1,142,0,716,0,716
48290,Buffering,342016,969,3,5,0,0,1,143,446,716,446,716
48540,Buffering,251904,714,3,5,0,0,1,143,446,716,446,716
48787,Buffering,280576,795,3,5,0,0,1,144,599,716,600,716
49035,Buffering,190464,539,3,5,0,0,1,144,599,716,600,716
49284,Buffering,201728,571,3,5,0,0,1,145,453,716,453,716
49532,Buffering,119808,339,3,5,0,0,1,145,453,716,453,716
49782,Buffering,131072,371,3,5,0,0,1,146,483,716,484,716
50029,Buffering,40960,116,3,5,0,0,1,146,483,716,484,716
50278,Buffering,60416,171,3,5,0,0,1,147,455,716,455,716
50529,Buffering,0,0,3,5,0,0,1,147,455,716,455,716
50776,Buffering,101376,287,3,5,0,0,1,148,505,716,505,716
51024,Buffering,193536,548,3,5,0,0,1,149,455,716,455,716
51272,Buffering,193536,548,3,5,0,0,1,149,455,716,455,716
51522,Buffering,193536,548,3,5,0,0,1,149,455,716,455,716
51772,Reconnecting,0,0,3,6,0,0,1,150,700,716,700,716
52018,Reconnecting,0,0,3,6,0,0,1,150,700,716,700,716
52263,Reconnecting,0,0,3,6,0,0,1,150,700,716,700,716
52514,Reconnecting,0,0,3,6,0,0,1,150,700,716,700,716
52762,Reconnecting,0,0,3,6,0,0,1,150,700,716,700,716
53011,Reconnecting,0,0,3,6,0,0,1,150,700,716,700,716
53259,Reconnecting,0,0,3,6,0,0,1,150,700,716,700,716
53506,Reconnecting,0,0,3,6,0,0,1,150,700,716,700,716
53755,Reconnecting,0,0,3,6,0,0,1,150,700,716,700,716
54003,Reconnecting,0,0,3,6,0,0,1,150,700,716,700,716
54250,Reconnecting,0,0,3,6,0,0,1,150,700,716,700,716
54565,Reconnecting,0,0,3,6,0,0,1,150,700,716,700,716
54807,Reconnecting,0,0,3,6,0,0,1,150,700,716,700,716
55055,Reconnecting,0,0,3,6,0,0,1,150,700,716,700,716
55306,Reconnecting,0,0,3,6,0,0,1,150,700,716,700,716
55557,Reconnecting,0,0,3,6,0,0,1,150,700,716,700,716
55805,Reconnecting,0,0,3,6,0,0,1,150,700,716,700,716
56055,Reconnecting,0,0,3,6,0,0,1,150,700,716,700,716
56304,Reconnecting,0,0,3,6,0,0,1,150,700,716,700,716
56555,Reconnecting,0,0,3,6,0,0,1,150,700,716,700,716
56806,Reconnecting,0,0,3,6,0,0,2,150,700,716,700,716
57053,Reconnecting,0,0,3,6,0,0,2,150,700,716,700,716
57305,Reconnecting,405504,1149,3,6,0,0,2,160,0,716,0,716
57554,Reconnecting,764928,2168,3,6,0,0,2,163,0,716,0,716
57802,Playing,1378304,3906,3,6,0,0,2,170,0,716,0,716
58051,Playing,2927616,8298,3,6,0,0,2,182,0,716,0,716
58299,Playing,3731456,10576,3,6,0,0,2,190,0,716,0,716
58550,Playing,3733504,10582,3,6,0,0,2,192,0,716,0,716
58799,Playing,3651584,10350,3,6,0,0,2,192,0,716,0,716
59048,Playing,3681280,10434,3,6,0,0,2,193,456,716,457,716
59298,Playing,3591168,10179,3,6,0,0,2,193,456,716,457,716
59547,Playing,3501056,9923,3,6,0,0,2,193,456,716,457,716
59795,Playing,3538944,10031,3,6,0,0,2,194,588,716,589,716
60044,Playing,3568640,10115,3,6,0,0,2,195,455,716,456,716
60293,Playing,3478528,9859,3,6,0,0,2,195,455,716,456,716
60543,Playing,3396608,9627,3,6,0,0,2,195,455,716,456,716
60793,Playing,3417088,9685,3,6,0,0,2,196,596,716,596,716
61042,Playing,3326976,9430,3,6,0,0,2,196,596,716,596,716
61292,Playing,3347456,9488,3,6,0,0,2,197,457,716,458,716
61538,Playing,3265536,9256,3,6,0,0,2,197,457,716,458,716
61787,Playing,3286016,9314,3,6,0,0,2,198,479,716,480,716
62036,Playing,3314688,9395,3,6,0,0,2,199,455,716,455,716
62284,Playing,3224576,9139,3,6,0,0,2,199,455,716,455,716
62533,Playing,3134464,8884,3,6,0,0,2,199,455,716,455,716
62783,Playing,3154944,8942,3,6,0,0,2,200,658,716,659,716
63032,Playing,3073024,8710,3,6,0,0,2,200,658,716,659,716
63281,Playing,3093504,8768,3,6,0,0,2,201,491,716,491,716
63530,Playing,3003392,8513,3,6,0,0,2,201,491,716,491,716
63778,Playing,3022848,8568,3,6,0,0,2,202,497,716,497,716
64028,Playing,2932736,8312,3,6,0,0,2,202,497,716,497,716
64277,Playing,2925568,8292,3,6,0,0,2,204,0,716,1,716
64526,Playing,2843648,8060,3,6,0,0,2,204,0,716,1,716
64774,Playing,2845696,8066,3,6,0,0,2,205,495,716,495,716
65024,Playing,2755584,7810,3,6,0,0,2,205,495,716,495,716
65276,Playing,2738176,7761,3,6,0,0,2,207,1,716,1,716
65526,Playing,2648064,7505,3,6,0,0,2,207,1,716,1,716
65775,Playing,2650112,7511,3,6,0,0,2,208,495,716,495,716
66025,Playing,2560000,7256,3,6,0,0,2,208,495,716,495,716
66273,Playing,2570240,7285,3,6,0,0,2,209,495,716,495,716
66521,Playing,2480128,7029,3,6,0,0,2,209,495,716,495,716
66768,Playing,2490368,7058,3,6,0,0,2,210,495,716,495,716
67022,Playing,2400256,6803,3,6,0,0,2,210,495,716,495,716
67271,Playing,2374656,6730,3,6,0,0,2,212,0,716,0,716
67521,Playing,2284544,6475,3,6,0,0,2,212,0,716,0,716
67769,Playing,2285568,6478,3,6,0,0,2,213,494,716,495,716
68016,Playing,2195456,6222,3,6,0,0,2,213,494,716,495,716
68264,Playing,2188288,6202,3,6,0,0,2,214,497,716,497,716
68514,Playing,2106368,5970,3,6,0,0,2,214,497,716,497,716
68761,Playing,2108416,5976,3,6,0,0,2,215,495,716,495,716
69008,Playing,2018304,5720,3,6,0,0,2,215,495,716,495,716
69255,Playing,2019328,5723,3,6,0,0,2,216,495,716,495,716
69503,Playing,1929216,5468,3,6,0,0,2,216,495,716,495,716
69751,Playing,1930240,5471,3,6,0,0,2,217,497,716,497,716
70061,Playing,1815552,5146,3,6,0,0,2,217,497,716,497,716
70309,Playing,1816576,5149,3,6,0,0,2,218,495,716,495,716
70558,Playing,1726464,4893,3,6,0,0,2,218,495,716,495,716
70807,Playing,1719296,4873,3,6,0,0,2,219,506,716,506,716
71052,Playing,1637376,4641,3,6,0,0,2,219,506,716,506,716
71301,Playing,1620992,4594,3,6,0,0,2,220,486,716,486,716
71550,Playing,1530880,4339,3,6,0,0,2,220,486,716,486,716
71799,Playing,1514496,4292,3,6,0,0,2,221,495,716,495,716
72047,Playing,1432576,4060,3,6,0,0,2,221,495,716,495,716
72298,Playing,1416192,4014,3,6,0,0,2,222,496,716,496,716
72547,Playing,1326080,3758,3,6,0,0,2,222,496,716,496,716
72793,Playing,1317888,3735,3,6,0,0,2,223,501,716,501,716
73042,Playing,1292288,3662,3,6,0,0,2,224,464,716,465,716
73291,Playing,1202176,3407,3,6,0,0,2,224,464,716,465,716
73541,Playing,1120256,3175,3,6,0,0,2,224,464,716,465,716
73788,Playing,1094656,3102,3,6,0,0,2,225,519,716,519,716
74037,Playing,1069056,3030,3,6,0,0,2,226,474,716,474,716
74287,Playing,987136,2798,3,6,0,0,2,226,474,716,474,716
74536,Playing,961536,2725,3,6,0,0,2,227,493,716,493,716
74788,Playing,871424,2470,3,6,0,0,2,227,493,716,493,716
75037,Playing,844800,2394,3,6,0,0,2,228,495,716,496,716
75286,Playing,754688,2139,3,6,0,0,2,228,495,716,496,716
75533,Playing,719872,2040,3,6,0,0,2,229,497,716,497,716
75780,Playing,637952,1808,3,6,0,0,2,229,497,716,497,716
76028,Playing,603136,1709,3,6,0,0,2,230,495,716,495,716
76276,Playing,513024,1454,3,6,0,0,2,230,495,716,495,716
76525,Playing,486400,1378,3,6,0,0,2,231,497,716,497,716
76773,Playing,396288,1123,3,6,0,0,2,231,497,716,497,716
77025,Playing,361472,1024,3,6,0,0,2,232,495,716,495,716
77274,Playing,279552,792,3,6,0,0,2,232,495,716,495,716
77523,Playing,253952,719,3,6,0,0,2,233,495,716,495,716
77771,Playing,163840,464,3,6,0,0,2,233,495,716,495,716
78021,Playing,129024,365,3,6,0,0,2,234,496,716,496,716
78270,Playing,47104,133,3,6,0,0,2,234,496,716,496,716
78518,Buffering,138240,391,4,6,0,0,2,235,496,716,497,716
78767,Buffering,138240,391,4,6,0,0,2,235,496,716,497,716
79015,Buffering,258048,731,4,6,0,0,2,236,495,716,495,716
79263,Buffering,258048,731,4,6,0,0,2,236,495,716,495,716
79509,Buffering,340992,966,4,6,0,0,2,238,0,716,1,716
79758,Buffering,340992,966,4,6,0,0,2,238,0,716,1,716
80008,Buffering,452608,1282,4,7,0,0,2,239,495,716,496,716
80257,Buffering,370688,1050,4,7,0,0,2,239,495,716,496,716
80507,Buffering,400384,1134,4,7,0,0,2,240,495,716,496,716
80755,Buffering,310272,879,4,7,0,0,2,240,495,716,496,716
81006,Buffering,293888,833,4,7,0,0,2,242,0,716,1,716
81254,Buffering,211968,600,4,7,0,0,2,242,0,716,1,716
81504,Buffering,241664,684,4,7,0,0,2,243,496,716,497,716
81752,Buffering,151552,429,4,7,0,0,2,243,496,716,497,716
82062,Buffering,164864,467,4,7,0,0,2,244,494,716,495,716
82309,Buffering,74752,211,4,7,0,0,2,244,494,716,495,716
82558,Buffering,103424,293,4,7,0,0,2,245,469,716,469,716
82807,Buffering,13312,37,4,7,0,0,2,245,469,716,469,716
83057,Buffering,119808,339,4,7,0,0,2,246,495,716,496,716
83304,Buffering,119808,339,4,7,0,0,2,246,495,716,496,716
83552,Buffering,239616,679,4,7,0,0,2,247,496,716,496,716
83800,Buffering,239616,679,4,7,0,0,2,247,496,716,496,716
84051,Buffering,318464,902,4,8,0,0,2,248,495,716,495,716
84300,Buffering,236544,670,4,8,0,0,2,248,495,716,495,716
84546,Buffering,210944,597,4,8,0,0,2,250,0,716,0,716
84796,Buffering,120832,342,4,8,0,0,2,250,0,716,0,716
85046,Buffering,158720,449,4,8,0,0,2,251,497,716,497,716
85291,Buffering,68608,194,4,8,0,0,2,251,497,716,497,716
85543,Buffering,98304,278,4,8,0,0,2,252,495,716,495,716
85791,Buffering,16384,46,4,8,0,0,2,252,495,716,495,716
86040,Playing,78848,223,4,9,0,0,2,253,495,716,495,716
86290,Playing,0,0,4,9,0,0,2,253,495,716,495,716
86536,Buffering,119808,339,5,9,0,0,2,254,496,716,496,716
86784,Buffering,119808,339,5,9,0,0,2,254,496,716,496,716
87032,Buffering,239616,679,5,9,0,0,2,255,495,716,496,716
87282,Buffering,239616,679,5,9,0,0,2,255,495,716,496,716
87529,Buffering,318464,902,5,10,0,0,2,256,495,716,495,716
87777,Buffering,228352,647,5,10,0,0,2,256,495,716,495,716
88027,Buffering,258048,731,5,10,0,0,2,257,496,716,496,716
88275,Buffering,176128,499,5,10,0,0,2,257,496,716,496,716
88522,Buffering,205824,583,5,10,0,0,2,258,496,716,496,716
88771,Buffering,115712,327,5,10,0,0,2,258,496,716,496,716
89018,Buffering,153600,435,5,10,0,0,2,259,496,716,496,716
89266,Buffering,63488,179,5,10,0,0,2,259,496,716,496,716
89516,Buffering,93184,264,5,10,0,0,2,260,496,716,496,716
89766,Buffering,11264,31,5,10,0,0,2,260,496,716,496,716
90015,Buffering,119808,339,5,10,0,0,2,261,495,716,496,716
90263,Buffering,119808,339,5,10,0,0,2,261,495,716,496,716
90509,Buffering,239616,679,5,10,0,0,2,262,494,716,494,716
90759,Buffering,239616,679,5,10,0,0,2,262,494,716,494,716
91007,Buffering,310272,879,5,11,0,0,2,263,497,716,497,716
91256,Buffering,228352,647,5,11,0,0,2,263,497,716,497,716
91502,Buffering,230400,653,5,11,0,0,2,265,0,716,0,716
91750,Buffering,140288,397,5,11,0,0,2,265,0,716,0,716
92059,Buffering,153600,435,5,11,0,0,2,266,495,716,496,716
92307,Buffering,71680,203,5,11,0,0,2,266,495,716,496,716
92555,Buffering,110592,313,5,11,0,0,2,267,496,716,496,716
92805,Buffering,20480,58,5,11,0,0,2,267,496,716,496,716
93055,Buffering,59392,168,5,11,0,0,2,268,495,716,495,716
93305,Buffering,0,0,5,11,0,0,2,268,495,716,495,716
93555,Playing,55296,156,5,12,0,0,2,269,496,716,496,716
93804,Playing,0,0,5,12,0,0,2,269,496,716,496,716
94052,Buffering,129024,365,6,12,0,0,2,270,495,716,495,716
94301,Buffering,129024,365,6,12,0,0,2,270,495,716,495,716
94549,Buffering,258048,731,6,12,0,0,2,271,497,716,497,716
94800,Buffering,258048,731,6,12,0,0,2,271,497,716,497,716
95050,Buffering,313344,888,6,13,0,0,2,272,495,716,495,716
95298,Buffering,223232,632,6,13,0,0,2,272,495,716,495,716
95547,Buffering,262144,743,6,13,0,0,2,273,495,716,496,716
95795,Buffering,180224,510,6,13,0,0,2,273,495,716,496,716
96043,Buffering,228352,647,6,13,0,0,2,274,498,716,498,716
96291,Buffering,146432,415,6,13,0,0,2,274,498,716,498,716
96539,Buffering,194560,551,6,13,0,0,2,275,493,716,494,716
96789,Buffering,104448,296,6,13,0,0,2,275,493,716,494,716
97037,Buffering,152576,432,6,13,0,0,2,276,496,716,496,716
97287,Buffering,70656,200,6,13,0,0,2,276,496,716,496,716
97536,Buffering,91136,258,6,13,0,0,2,278,1,716,1,716
97787,Buffering,1024,2,6,13,0,0,2,278,1,716,1,716
98035,Buffering,57344,162,6,13,0,0,2,279,493,716,494,716
98285,Buffering,0,0,6,13,0,0,2,279,493,716,494,716
98532,Buffering,138240,391,6,13,0,0,2,280,495,716,496,716
98783,Buffering,138240,391,6,13,0,0,2,280,495,716,496,716
99032,Buffering,276480,783,6,13,0,0,2,281,496,716,497,716
99281,Buffering,276480,783,6,13,0,0,2,281,496,716,497,716
99525,Buffering,342016,969,6,14,0,0,2,282,495,716,496,716
99775,Buffering,251904,714,6,14,0,0,2,282,495,716,496,716
100023,Buffering,309248,876,6,14,0,0,2,283,495,716,495,716
100271,Buffering,227328,644,6,14,0,0,2,283,495,716,495,716
100517,Buffering,284672,806,6,14,0,0,2,284,496,716,497,716
100765,Buffering,194560,551,6,14,0,0,2,284,496,716,497,716
101013,Buffering,260096,737,6,14,0,0,2,285,495,716,496,716
101262,Buffering,169984,481,6,14,0,0,2,285,495,716,496,716
101510,Buffering,227328,644,6,14,0,0,2,286,495,716,496,716
101761,Buffering,145408,412,6,14,0,0,2,286,495,716,496,716
102011,Buffering,202752,574,6,14,0,0,2,287,496,716,496,716
102261,Buffering,112640,319,6,14,0,0,2,287,496,716,496,716
102510,Buffering,178176,505,6,14,0,0,2,288,495,716,495,716
102758,Buffering,88064,249,6,14,0,0,2,288,495,716,495,716
103008,Buffering,145408,412,6,14,0,0,2,289,495,716,496,716
103257,Buffering,63488,179,6,14,0,0,2,289,495,716,496,716
103506,Buffering,111616,316,6,14,0,0,2,290,497,716,498,716
103752,Buffering,21504,60,6,14,0,0,2,290,497,716,498,716
104000,Buffering,77824,220,6,14,0,0,2,291,494,716,494,716
104310,Reconnecting,0,0,6,15,0,0,2,292,495,716,496,716
104559,Reconnecting,0,0,6,15,0,0,2,292,495,716,496,716
104808,Reconnecting,0,0,6,15,0,0,2,292,495,716,496,716
105058,Reconnecting,0,0,6,15,0,0,2,292,495,716,496,716
105306,Reconnecting,0,0,6,15,0,0,2,292,495,716,496,716
105554,Reconnecting,0,0,6,15,0,0,2,292,495,716,496,716
105803,Reconnecting,0,0,6,15,0,0,2,292,495,716,496,716
106050,Reconnecting,0,0,6,15,0,0,2,292,495,716,496,716
106300,Reconnecting,0,0,6,15,0,0,2,292,495,716,496,716
106547,Reconnecting,0,0,6,15,0,0,2,292,495,716,496,716
106795,Reconnecting,0,0,6,15,0,0,2,292,495,716,496,716
107043,Reconnecting,0,0,6,15,0,0,2,292,495,716,496,716
107294,Reconnecting,0,0,6,15,0,0,2,292,495,716,496,716
107543,Reconnecting,0,0,6,15,0,0,2,292,495,716,496,716
107792,Reconnecting,0,0,6,15,0,0,2,292,495,716,496,716
108040,Reconnecting,0,0,6,15,0,0,2,292,495,716,496,716
108288,Reconnecting,0,0,6,15,0,0,2,292,495,716,496,716
108533,Reconnecting,0,0,6,15,0,0,2,292,495,716,496,716
108780,Reconnecting,0,0,6,15,0,0,2,292,495,716,496,716
109028,Reconnecting,0,0,6,15,0,0,2,292,495,716,496,716
109277,Reconnecting,0,0,6,15,0,0,3,292,495,716,496,716
109527,Reconnecting,0,0,6,15,0,0,3,292,495,716,496,716
109776,Reconnecting,129024,365,6,15,0,0,3,295,0,716,0,716
110040,Reconnecting,423936,1201,6,15,0,0,3,300,0,716,0,716
110279,Playing,2691072,7627,6,15,0,0,3,322,0,716,0,716
110526,Playing,2932736,8312,6,15,0,0,3,328,0,716,0,716
110775,Playing,2924544,8289,6,15,0,0,3,329,194,716,194,716
111027,Playing,2908160,8243,6,15,0,0,3,330,358,716,358,716
111276,Playing,2818048,7987,6,15,0,0,3,330,358,716,358,716
111524,Playing,2727936,7732,6,15,0,0,3,330,358,716,358,716
111774,Playing,2719744,7709,6,15,0,0,3,331,639,716,639,716
112023,Playing,2629632,7453,6,15,0,0,3,331,639,716,639,716
112275,Playing,2613248,7407,6,15,0,0,3,332,456,716,456,716
112523,Playing,2531328,7174,6,15,0,0,3,332,456,716,456,716
112774,Playing,2514944,7128,6,15,0,0,3,333,459,716,459,716
113021,Playing,2498560,7082,6,15,0,0,3,334,460,716,460,716
113269,Playing,2416640,6849,6,15,0,0,3,334,460,716,460,716
113520,Playing,2391040,6777,6,15,0,0,3,335,462,716,462,716
113766,Playing,2300928,6521,6,15,0,0,3,335,462,716,462,716
114013,Playing,2283520,6472,6,15,0,0,3,336,459,716,460,716
114262,Playing,2193408,6217,6,15,0,0,3,336,459,716,460,716
114510,Playing,2167808,6144,6,15,0,0,3,337,459,716,459,716
114762,Playing,2077696,5889,6,15,0,0,3,337,459,716,459,716
115009,Playing,2060288,5839,6,15,0,0,3,338,472,716,472,716
115259,Playing,1970176,5584,6,15,0,0,3,338,472,716,472,716
115507,Playing,1952768,5535,6,15,0,0,3,339,501,716,502,716
115756,Playing,1862656,5279,6,15,0,0,3,339,501,716,502,716
116004,Playing,1837056,5207,6,15,0,0,3,340,488,716,489,716
116252,Playing,1755136,4974,6,15,0,0,3,340,488,716,489,716
116502,Playing,1729536,4902,6,15,0,0,3,341,498,716,498,716
116750,Playing,1639424,4646,6,15,0,0,3,341,498,716,498,716
117000,Playing,1604608,4548,6,15,0,0,3,342,493,716,493,716
117309,Playing,1498112,4246,6,15,0,0,3,342,493,716,493,716
117558,Playing,1463296,4147,6,15,0,0,3,343,507,716,507,716
117806,Playing,1381376,3915,6,15,0,0,3,343,507,716,507,716
118056,Playing,1346560,3816,6,15,0,0,3,344,484,716,484,716
118305,Playing,1256448,3561,6,15,0,0,3,344,484,716,484,716
118554,Playing,1220608,3459,6,15,0,0,3,345,530,716,530,716
118802,Playing,1130496,3204,6,15,0,0,3,345,530,716,530,716
119048,Playing,1160192,3288,6,15,0,0,3,346,454,716,454,716
119298,Playing,1078272,3056,6,15,0,0,3,346,454,716,454,716
119547,Playing,1107968,3140,6,15,0,0,3,347,611,716,611,716
119798,Playing,1017856,2885,6,15,0,0,3,347,611,716,611,716
120045,Playing,1055744,2992,6,15,0,0,3,348,453,716,453,716
120292,Playing,965632,2737,6,15,0,0,3,348,453,716,453,716
120543,Playing,995328,2821,6,15,0,0,3,349,549,716,550,716
120793,Playing,913408,2589,6,15,0,0,3,349,549,716,550,716
121041,Playing,943104,2673,6,15,0,0,3,350,456,716,456,716
121288,Playing,852992,2417,6,15,0,0,3,350,456,716,456,716
121536,Playing,890880,2525,6,15,0,0,3,351,528,716,529,716
121785,Playing,800768,2269,6,15,0,0,3,351,528,716,529,716
122033,Playing,839680,2380,6,15,0,0,3,352,456,716,456,716
122280,Playing,757760,2147,6,15,0,0,3,352,456,716,456,716
122527,Playing,796672,2258,6,15,0,0,3,353,547,716,548,716
122773,Playing,706560,2002,6,15,0,0,3,353,547,716,548,716
123025,Playing,744448,2110,6,15,0,0,3,354,441,716,441,716
123271,Playing,654336,1854,6,15,0,0,3,354,441,716,441,716
123521,Playing,684032,1938,6,15,0,0,3,355,568,716,568,716
123769,Playing,602112,1706,6,15,0,0,3,355,568,716,568,716
124018,Playing,631808,1790,6,15,0,0,3,356,442,716,442,716
124265,Playing,541696,1535,6,15,0,0,3,356,442,716,442,716
124513,Playing,588800,1668,6,15,0,0,3,357,440,716,440,716
124759,Playing,498688,1413,6,15,0,0,3,357,440,716,440,716
125006,Playing,528384,1497,6,15,0,0,3,358,441,716,441,716
125255,Playing,566272,1605,6,15,0,0,3,359,490,716,491,716
125503,Playing,476160,1349,6,15,0,0,3,359,490,716,491,716
125755,Playing,505856,1433,6,15,0,0,3,360,496,716,497,716
126006,Playing,423936,1201,6,15,0,0,3,360,496,716,497,716
126253,Playing,453632,1285,6,15,0,0,3,361,495,716,495,716
126500,Playing,363520,1030,6,15,0,0,3,361,495,716,495,716
126750,Playing,401408,1137,6,15,0,0,3,362,495,716,496,716
127060,Playing,286720,812,6,15,0,0,3,362,495,716,496,716
127307,Playing,324608,920,6,15,0,0,3,363,496,716,496,716
127558,Playing,234496,664,6,15,0,0,3,363,496,716,496,716
127808,Playing,254976,722,6,15,0,0,3,364,471,716,471,716
128056,Playing,173056,490,6,15,0,0,3,364,471,716,471,716
128306,Playing,202752,574,6,15,0,0,3,365,494,716,494,716
128556,Playing,112640,319,6,15,0,0,3,365,494,716,494,716
128804,Playing,142336,403,6,15,0,0,3,366,496,716,496,716
129054,Playing,60416,171,6,15,0,0,3,366,496,716,496,716
129304,Playing,90112,255,6,15,0,0,3,367,496,716,497,716
129555,Playing,0,0,6,15,0,0,3,367,496,716,497,716
129803,Buffering,119808,339,7,15,0,0,3,368,494,716,495,716
130054,Buffering,119808,339,7,15,0,0,3,368,494,716,495,716
130299,Buffering,239616,679,7,15,0,0,3,369,496,716,497,716
130548,Buffering,239616,679,7,15,0,0,3,369,496,716,497,716
130797,Buffering,326656,925,7,16,0,0,3,370,497,716,497,716
131045,Buffering,236544,670,7,16,0,0,3,370,497,716,497,716
131296,Buffering,266240,754,7,16,0,0,3,371,494,716,494,716
131544,Buffering,184320,522,7,16,0,0,3,371,494,716,494,716
131793,Buffering,214016,606,7,16,0,0,3,372,496,716,496,716
132042,Buffering,123904,351,7,16,0,0,3,372,496,716,496,716
132291,Buffering,171008,484,7,16,0,0,3,373,495,716,496,716
132537,Buffering,80896,229,7,16,0,0,3,373,495,716,496,716
132789,Buffering,110592,313,7,16,0,0,3,374,497,716,498,716
133039,Buffering,20480,58,7,16,0,0,3,374,497,716,498,716
133286,Buffering,119808,339,7,16,0,0,3,375,494,716,495,716
133536,Buffering,119808,339,7,16,0,0,3,375,494,716,495,716
133784,Buffering,248832,705,7,16,0,0,3,376,495,716,495,716
134033,Buffering,248832,705,7,16,0,0,3,376,495,716,495,716
134281,Buffering,346112,981,7,17,0,0,3,377,495,716,495,716
134530,Buffering,264192,748,7,17,0,0,3,377,495,716,495,716
134781,Buffering,303104,859,7,17,0,0,3,378,497,716,497,716
135032,Buffering,212992,603,7,17,0,0,3,378,497,716,497,716
135283,Buffering,251904,714,7,17,0,0,3,379,495,716,495,716
135530,Buffering,169984,481,7,17,0,0,3,379,495,716,495,716
135779,Buffering,208896,592,7,17,0,0,3,380,495,716,495,716
136028,Buffering,118784,336,7,17,0,0,3,380,495,716,495,716
136276,Buffering,165888,470,7,17,0,0,3,381,496,716,496,716
136526,Buffering,75776,214,7,17,0,0,3,381,496,716,496,716
136775,Buffering,114688,325,7,17,0,0,3,382,495,716,495,716
137026,Buffering,32768,92,7,17,0,0,3,382,495,716,495,716
137273,Buffering,71680,203,7,17,0,0,3,383,472,716,473,716
137522,Buffering,0,0,7,17,0,0,3,383,472,716,473,716
137774,Playing,62464,177,7,18,0,0,3,385,0,716,0,716
138019,Playing,0,0,7,18,0,0,3,385,0,716,0,716
138268,Buffering,147456,417,8,18,0,0,3,386,497,716,497,716
138517,Buffering,147456,417,8,18,0,0,3,386,497,716,497,716
138766,Buffering,294912,835,8,18,0,0,3,387,495,716,496,716
139013,Buffering,294912,835,8,18,0,0,3,387,495,716,496,716
139260,Buffering,385024,1091,8,19,0,0,3,388,495,716,496,716
139509,Buffering,294912,835,8,19,0,0,3,388,495,716,496,716
139758,Buffering,352256,998,8,19,0,0,3,389,513,716,514,716
140008,Buffering,270336,766,8,19,0,0,3,389,513,716,514,716
140255,Buffering,327680,928,8,19,0,0,3,390,477,716,478,716
140503,Buffering,237568,673,8,19,0,0,3,390,477,716,478,716
140752,Buffering,303104,859,8,19,0,0,3,391,495,716,496,716
141062,Buffering,188416,534,8,19,0,0,3,391,495,716,496,716
141250,Buffering,279552,792,8,19,0,0,3,392,523,716,524,716
141562,Buffering,173056,490,8,19,0,0,3,392,523,716,524,716
141809,Buffering,239616,679,8,19,0,0,3,393,571,716,571,716
142057,Buffering,149504,423,8,19,0,0,3,393,571,716,571,716
142304,Buffering,215040,609,8,19,0,0,3,394,444,716,444,716
142553,Buffering,124928,354,8,19,0,0,3,394,444,716,444,716
142800,Buffering,182272,516,8,19,0,0,3,395,471,716,471,716
143049,Buffering,100352,284,8,19,0,0,3,395,471,716,471,716
143298,Buffering,148480,420,8,19,0,0,3,396,469,716,469,716
143545,Buffering,66560,188,8,19,0,0,3,396,469,716,469,716
143793,Buffering,114688,325,8,19,0,0,3,397,496,716,496,716
144039,Buffering,24576,69,8,19,0,0,3,397,496,716,496,716
144287,Buffering,80896,229,8,19,0,0,3,398,496,716,496,716
144537,Buffering,0,0,8,19,0,0,3,398,496,716,496,716
144784,Playing,56320,159,8,20,0,0,3,399,495,716,495,716
145031,Playing,0,0,8,20,0,0,3,399,495,716,495,716
145283,Buffering,129024,365,9,20,0,0,3,400,495,716,496,716
145531,Buffering,129024,365,9,20,0,0,3,400,495,716,496,716
145780,Buffering,258048,731,9,20,0,0,3,401,516,716,516,716
146029,Buffering,258048,731,9,20,0,0,3,401,516,716,516,716
146276,Buffering,305152,864,9,21,0,0,3,402,476,716,476,716
146525,Buffering,223232,632,9,21,0,0,3,402,476,716,476,716
146773,Buffering,234496,664,9,21,0,0,3,404,0,716,1,716
147026,Buffering,144384,409,9,21,0,0,3,404,0,716,1,716
147278,Buffering,183296,519,9,21,0,0,3,405,443,716,443,716
147526,Buffering,101376,287,9,21,0,0,3,405,443,716,443,716
147774,Buffering,112640,319,9,21,0,0,3,407,0,716,0,716
148023,Buffering,22528,63,9,21,0,0,3,407,0,716,0,716
148272,Buffering,61440,174,9,21,0,0,3,408,444,716,444,716
148520,Buffering,0,0,9,21,0,0,3,408,444,716,444,716
148768,Buffering,92160,261,9,21,0,0,3,410,1,716,2,716
149018,Buffering,92160,261,9,21,0,0,3,410,1,716,2,716
149263,Buffering,211968,600,9,21,0,0,3,411,439,716,440,716
149515,Buffering,211968,600,9,21,0,0,3,411,439,716,440,716
149765,Buffering,331776,940,9,21,0,0,3,412,547,716,547,716
150013,Buffering,331776,940,9,21,0,0,3,412,547,716,547,716
150260,Buffering,361472,1024,9,22,0,0,3,413,435,716,435,716
150508,Buffering,271360,769,9,22,0,0,3,413,435,716,435,716
150756,Buffering,309248,876,9,22,0,0,3,414,610,716,611,716
151005,Buffering,219136,621,9,22,0,0,3,414,610,716,611,716
151254,Buffering,248832,705,9,22,0,0,3,415,443,716,443,716
151504,Buffering,166912,473,9,22,0,0,3,415,443,716,443,716
151754,Buffering,196608,557,9,22,0,0,3,416,494,716,494,716
152002,Buffering,106496,301,9,22,0,0,3,416,494,716,494,716
152252,Buffering,135168,383,9,22,0,0,3,417,455,716,455,716
152500,Buffering,45056,127,9,22,0,0,3,417,455,716,455,716
152809,Buffering,39936,113,9,22,0,0,3,418,515,716,516,716
153058,Reconnecting,0,0,9,23,0,0,3,419,457,716,457,716
153305,Reconnecting,0,0,9,23,0,0,3,419,457,716,457,716
153554,Reconnecting,0,0,9,23,0,0,3,419,457,716,457,716
153803,Reconnecting,0,0,9,23,0,0,3,419,457,716,457,716
154052,Reconnecting,0,0,9,23,0,0,3,419,457,716,457,716
154304,Reconnecting,0,0,9,23,0,0,3,419,457,716,457,716
154552,Reconnecting,0,0,9,23,0,0,3,419,457,716,457,716
154801,Reconnecting,0,0,9,23,0,0,3,419,457,716,457,716
155054,Reconnecting,0,0,9,23,0,0,3,419,457,716,457,716
155304,Reconnecting,0,0,9,23,0,0,3,419,457,716,457,716
155552,Reconnecting,0,0,9,23,0,0,3,419,457,716,457,716
155800,Reconnecting,0,0,9,23,0,0,3,419,457,716,457,716
156049,Reconnecting,0,0,9,23,0,0,3,419,457,716,457,716
156297,Reconnecting,0,0,9,23,0,0,3,419,457,716,457,716
156544,Reconnecting,0,0,9,23,0,0,3,419,457,716,457,716
156795,Reconnecting,0,0,9,23,0,0,3,419,457,716,457,716
157044,Reconnecting,0,0,9,23,0,0,3,419,457,716,457,716
157295,Reconnecting,0,0,9,23,0,0,3,419,457,716,457,716
157543,Reconnecting,0,0,9,23,0,0,3,419,457,716,457,716
157793,Reconnecting,0,0,9,23,0,0,3,419,457,716,457,716
158044,Reconnecting,0,0,9,23,0,0,4,419,457,716,457,716
158291,Reconnecting,0,0,9,23,0,0,4,419,457,716,457,716
158544,Reconnecting,0,0,9,23,0,0,4,422,0,716,457,716
158793,Reconnecting,0,0,9,23,0,0,4,425,0,716,457,716
159043,Reconnecting,0,0,9,23,0,0,4,425,0,716,457,716
159289,Reconnecting,0,0,9,23,0,0,4,425,0,716,457,716
159537,Reconnecting,0,0,9,23,0,0,4,425,0,716,457,716
159783,Reconnecting,0,0,9,23,0,0,4,425,0,716,457,716
160033,Reconnecting,0,0,9,23,0,0,4,425,0,716,457,716
160282,Reconnecting,0,0,9,23,0,0,4,425,0,716,457,716
160530,Reconnecting,0,0,9,23,0,0,4,425,0,716,457,716
160781,Reconnecting,0,0,9,23,0,0,4,425,0,716,457,716
161029,Reconnecting,0,0,9,23,0,0,4,425,0,716,457,716
161278,Reconnecting,0,0,9,23,0,0,4,425,0,716,457,716
161527,Reconnecting,0,0,9,23,0,0,4,425,0,716,457,716
161776,Reconnecting,0,0,9,23,0,0,4,425,0,716,457,716
162026,Reconnecting,0,0,9,23,0,0,4,425,0,716,457,716
162274,Reconnecting,0,0,9,23,0,0,4,425,0,716,457,716
162524,Reconnecting,0,0,9,23,0,0,4,425,0,716,457,716
162771,Reconnecting,0,0,9,23,0,0,4,425,0,716,457,716
163020,Reconnecting,0,0,9,23,0,0,4,425,0,716,457,716
163268,Reconnecting,0,0,9,23,0,0,4,425,0,716,457,716
163517,Reconnecting,0,0,9,23,0,0,4,425,0,716,457,716
163767,Reconnecting,0,0,9,23,0,0,5,425,0,716,457,716
164016,Reconnecting,0,0,9,23,0,0,5,429,0,716,457,716
164262,Reconnecting,0,0,9,23,0,0,5,435,0,716,457,716
164509,Reconnecting,0,0,9,23,0,0,5,435,0,716,457,716
164761,Reconnecting,0,0,9,23,0,0,5,435,0,716,457,716
165008,Reconnecting,0,0,9,23,0,0,5,435,0,716,457,716
165256,Reconnecting,0,0,9,23,0,0,5,435,0,716,457,716
165505,Reconnecting,0,0,9,23,0,0,5,435,0,716,457,716
165753,Reconnecting,0,0,9,23,0,0,5,435,0,716,457,716
166000,Reconnecting,0,0,9,23,0,0,5,435,0,716,457,716
166310,Reconnecting,0,0,9,23,0,0,5,435,0,716,457,716
166559,Reconnecting,0,0,9,23,0,0,5,435,0,716,457,716
166804,Reconnecting,0,0,9,23,0,0,5,435,0,716,457,716
167052,Reconnecting,0,0,9,23,0,0,5,435,0,716,457,716
167302,Reconnecting,0,0,9,23,0,0,5,435,0,716,457,716
167549,Reconnecting,0,0,9,23,0,0,5,435,0,716,457,716
167799,Reconnecting,0,0,9,23,0,0,5,435,0,716,457,716
168047,Reconnecting,0,0,9,23,0,0,5,435,0,716,457,716
168294,Reconnecting,0,0,9,23,0,0,5,435,0,716,457,716
168544,Reconnecting,0,0,9,23,0,0,5,435,0,716,457,716
168793,Reconnecting,0,0,9,23,0,0,5,435,0,716,457,716
169043,Reconnecting,0,0,9,23,0,0,5,435,0,716,457,716
169293,Reconnecting,0,0,9,23,0,0,6,435,0,716,457,716
169541,Reconnecting,0,0,9,23,0,0,6,435,0,716,457,716
169793,Reconnecting,0,0,9,23,0,0,6,439,0,716,457,716
170040,Reconnecting,0,0,9,23,0,0,6,443,0,716,457,716
170288,Reconnecting,0,0,9,23,0,0,6,443,0,716,457,716
170538,Reconnecting,0,0,9,23,0,0,6,443,0,716,457,716
170786,Reconnecting,0,0,9,23,0,0,6,443,0,716,457,716
171035,Reconnecting,0,0,9,23,0,0,6,443,0,716,457,716
171284,Reconnecting,0,0,9,23,0,0,6,443,0,716,457,716
171530,Reconnecting,0,0,9,23,0,0,6,443,0,716,457,716
171778,Reconnecting,0,0,9,23,0,0,6,443,0,716,457,716
172027,Reconnecting,0,0,9,23,0,0,6,443,0,716,457,716
172276,Reconnecting,0,0,9,23,0,0,6,443,0,716,457,716
172524,Reconnecting,0,0,9,23,0,0,6,443,0,716,457,716
172773,Reconnecting,0,0,9,23,0,0,6,443,0,716,457,716
173023,Reconnecting,0,0,9,23,0,0,6,443,0,716,457,716
173271,Reconnecting,0,0,9,23,0,0,6,443,0,716,457,716
173521,Reconnecting,0,0,9,23,0,0,6,443,0,716,457,716
173768,Reconnecting,0,0,9,23,0,0,6,443,0,716,457,716
174018,Reconnecting,0,0,9,23,0,0,6,443,0,716,457,716
174269,Reconnecting,0,0,9,23,0,0,6,443,0,716,457,716
174516,Reconnecting,0,0,9,23,0,0,6,443,0,716,457,716
174767,Reconnecting,0,0,9,23,0,0,6,443,0,716,457,716
175017,Reconnecting,0,0,9,23,0,0,7,443,0,716,457,716
175266,Reconnecting,0,0,9,23,0,0,7,443,0,716,457,716
175513,Reconnecting,0,0,9,23,0,0,7,451,0,716,457,716
175765,Reconnecting,0,0,9,23,0,0,7,451,0,716,457,716
176016,Reconnecting,0,0,9,23,0,0,7,451,0,716,457,716
176265,Reconnecting,0,0,9,23,0,0,7,451,0,716,457,716
176513,Reconnecting,0,0,9,23,0,0,7,451,0,716,457,716
176761,Reconnecting,0,0,9,23,0,0,7,451,0,716,457,716
177008,Reconnecting,0,0,9,23,0,0,7,451,0,716,457,716
177258,Reconnecting,0,0,9,23,0,0,7,451,0,716,457,716
177507,Reconnecting,0,0,9,23,0,0,7,451,0,716,457,716
177757,Reconnecting,0,0,9,23,0,0,7,451,0,716,457,716
178008,Reconnecting,0,0,9,23,0,0,7,451,0,716,457,716
178256,Reconnecting,0,0,9,23,0,0,7,451,0,716,457,716
178506,Reconnecting,0,0,9,23,0,0,7,451,0,716,457,716
178755,Reconnecting,0,0,9,23,0,0,7,451,0,716,457,716
179005,Reconnecting,0,0,9,23,0,0,7,451,0,716,457,716
179252,Reconnecting,0,0,9,23,0,0,7,451,0,716,457,716
179500,Reconnecting,0,0,9,23,0,0,7,451,0,716,457,716
179811,Reconnecting,0,0,9,23,0,0,7,451,0,716,457,716
180000,Reconnecting,0,0,9,23,0,0,7,451,0,716,457,716
180310,Reconnecting,0,0,9,23,0,0,7,451,0,716,457,716
180558,Reconnecting,0,0,9,23,0,0,8,451,0,716,457,716
180809,Reconnecting,0,0,9,23,0,0,8,451,0,716,457,716
181055,Reconnecting,0,0,9,23,0,0,8,459,0,716,457,716
181307,Reconnecting,0,0,9,23,0,0,8,459,0,716,457,716
181555,Reconnecting,0,0,9,23,0,0,8,459,0,716,457,716
181801,Reconnecting,0,0,9,23,0,0,8,459,0,716,457,716
182049,Reconnecting,0,0,9,23,0,0,8,459,0,716,457,716
182299,Reconnecting,0,0,9,23,0,0,8,459,0,716,457,716
182545,Reconnecting,0,0,9,23,0,0,8,459,0,716,457,716
182793,Reconnecting,0,0,9,23,0,0,8,459,0,716,457,716
183041,Reconnecting,0,0,9,23,0,0,8,459,0,716,457,716
183290,Reconnecting,0,0,9,23,0,0,8,459,0,716,457,716
183541,Reconnecting,0,0,9,23,0,0,8,459,0,716,457,716
183786,Reconnecting,0,0,9,23,0,0,8,459,0,716,457,716
184033,Reconnecting,0,0,9,23,0,0,8,459,0,716,457,716
184283,Reconnecting,0,0,9,23,0,0,8,459,0,716,457,716
184531,Reconnecting,0,0,9,23,0,0,8,459,0,716,457,716
184778,Reconnecting,0,0,9,23,0,0,8,459,0,716,457,716
185026,Reconnecting,0,0,9,23,0,0,8,459,0,716,457,716
185274,Reconnecting,0,0,9,23,0,0,8,459,0,716,457,716
185524,Reconnecting,0,0,9,23,0,0,8,459,0,716,457,716
185774,Reconnecting,0,0,9,23,0,0,8,459,0,716,457,716
186022,Reconnecting,0,0,9,23,0,0,8,459,0,716,457,716
186269,Reconnecting,0,0,9,23,0,0,9,459,0,716,457,716
186520,Reconnecting,0,0,9,23,0,0,9,459,0,716,457,716
186770,Reconnecting,55296,156,9,23,0,0,9,471,0,716,0,716
187020,Reconnecting,1022976,2899,9,23,0,0,9,478,0,716,0,716
187267,Playing,2753536,7804,9,23,0,0,9,494,0,716,0,716
187517,Playing,3169280,8983,9,23,0,0,9,502,187,716,188,716
187765,Playing,3079168,8727,9,23,0,0,9,502,187,716,188,716
188016,Playing,2989056,8472,9,23,0,0,9,502,187,716,188,716
188265,Playing,3037184,8608,9,23,0,0,9,503,661,716,661,716
188513,Playing,2955264,8376,9,23,0,0,9,503,661,716,661,716
188762,Playing,3003392,8513,9,23,0,0,9,504,441,716,441,716
189009,Playing,2913280,8257,9,23,0,0,9,504,441,716,441,716
189259,Playing,2969600,8417,9,23,0,0,9,505,614,716,615,716
189508,Playing,2879488,8161,9,23,0,0,9,505,614,716,615,716
189756,Playing,2927616,8298,9,23,0,0,9,506,441,716,441,716
190006,Playing,2845696,8066,9,23,0,0,9,506,441,716,441,716
190253,Playing,2884608,8176,9,23,0,0,9,507,512,716,512,716
190501,Playing,2794496,7920,9,23,0,0,9,507,512,716,512,716
190809,Playing,2817024,7984,9,23,0,0,9,508,442,716,442,716
191056,Playing,2735104,7752,9,23,0,0,9,508,442,716,442,716
191306,Playing,2774016,7862,9,23,0,0,9,509,562,716,563,716
191555,Playing,2683904,7607,9,23,0,0,9,509,562,716,563,716
191804,Playing,2722816,7717,9,23,0,0,9,510,441,716,442,716
192054,Playing,2640896,7485,9,23,0,0,9,510,441,716,442,716
192299,Playing,2679808,7595,9,23,0,0,9,511,654,716,654,716
192547,Playing,2597888,7363,9,23,0,0,9,511,654,716,654,716
192796,Playing,2627584,7447,9,23,0,0,9,512,285,716,286,716
193045,Playing,2657280,7531,9,23,0,0,9,513,468,716,469,716
193295,Playing,2567168,7276,9,23,0,0,9,513,468,716,469,716
193543,Playing,2485248,7044,9,23,0,0,9,513,468,716,469,716
193791,Playing,2478080,7024,9,23,0,0,9,515,0,716,0,716
194038,Playing,2396160,6791,9,23,0,0,9,515,0,716,0,716
194289,Playing,2416640,6849,9,23,0,0,9,516,444,716,444,716
194538,Playing,2437120,6907,9,23,0,0,9,517,470,716,470,716
194788,Playing,2347008,6652,9,23,0,0,9,517,470,716,470,716
195040,Playing,2375680,6733,9,23,0,0,9,518,496,716,496,716
195287,Playing,2285568,6478,9,23,0,0,9,518,496,716,496,716
195535,Playing,2306048,6536,9,23,0,0,9,519,497,716,497,716
195784,Playing,2224128,6304,9,23,0,0,9,519,497,716,497,716
196032,Playing,2226176,6310,9,23,0,0,9,521,0,716,1,716
196282,Playing,2136064,6054,9,23,0,0,9,521,0,716,1,716
196531,Playing,2156544,6112,9,23,0,0,9,522,494,716,495,716
196777,Playing,2074624,5880,9,23,0,0,9,522,494,716,495,716
197026,Playing,2085888,5912,9,23,0,0,9,523,496,716,496,716
197275,Playing,1995776,5656,9,23,0,0,9,523,496,716,496,716
197523,Playing,2024448,5738,9,23,0,0,9,524,495,716,495,716
197772,Playing,1934336,5482,9,23,0,0,9,524,495,716,495,716
198020,Playing,1945600,5514,9,23,0,0,9,525,495,716,495,716
198267,Playing,1863680,5282,9,23,0,0,9,525,495,716,495,716
198516,Playing,1874944,5314,9,23,0,0,9,526,498,716,499,716
198764,Playing,1784832,5059,9,23,0,0,9,526,498,716,499,716
199013,Playing,1804288,5114,9,23,0,0,9,527,493,716,494,716
199261,Playing,1714176,4858,9,23,0,0,9,527,493,716,494,716
199510,Playing,1725440,4890,9,23,0,0,9,528,496,716,496,716
199762,Playing,1643520,4658,9,23,0,0,9,528,496,716,496,716
200012,Playing,1654784,4690,9,23,0,0,9,529,495,716,496,716
200259,Playing,1564672,4435,9,23,0,0,9,529,495,716,496,716
200507,Playing,1574912,4464,9,23,0,0,9,530,495,716,496,716
200757,Playing,1484800,4208,9,23,0,0,9,530,495,716,496,716
201007,Playing,1486848,4214,9,23,0,0,9,531,496,716,496,716
201255,Playing,1404928,3982,9,23,0,0,9,531,496,716,496,716
201504,Playing,1406976,3988,9,23,0,0,9,532,496,716,496,716
201754,Playing,1316864,3732,9,23,0,0,9,532,496,716,496,716
202004,Playing,1318912,3738,9,23,0,0,9,533,469,716,469,716
202255,Playing,1236992,3506,9,23,0,0,9,533,469,716,469,716
202500,Playing,1229824,3485,9,23,0,0,9,534,495,716,496,716
202751,Playing,1139712,3230,9,23,0,0,9,534,495,716,496,716
203001,Playing,1140736,3233,9,23,0,0,9,535,496,716,497,716
203311,Playing,1026048,2908,9,23,0,0,9,535,496,716,497,716
203559,Playing,1027072,2911,9,23,0,0,9,536,495,716,495,716
203808,Playing,936960,2655,9,23,0,0,9,536,495,716,495,716
204057,Playing,929792,2635,9,23,0,0,9,537,495,716,495,716
204305,Playing,847872,2403,9,23,0,0,9,537,495,716,495,716
204550,Playing,831488,2356,9,23,0,0,9,538,497,716,497,716
204799,Playing,741376,2101,9,23,0,0,9,538,497,716,497,716
205047,Playing,733184,2078,9,23,0,0,9,539,495,716,496,716
205295,Playing,643072,1822,9,23,0,0,9,539,495,716,496,716
205543,Playing,626688,1776,9,23,0,0,9,540,495,716,495,716
205789,Playing,544768,1544,9,23,0,0,9,540,495,716,495,716
206037,Playing,528384,1497,9,23,0,0,9,541,495,716,496,716
206287,Playing,438272,1242,9,23,0,0,9,541,495,716,496,716
206539,Playing,430080,1219,9,23,0,0,9,542,496,716,496,716
206788,Playing,339968,963,9,23,0,0,9,542,496,716,496,716
207036,Playing,323584,917,9,23,0,0,9,543,495,716,495,716
207285,Playing,241664,684,9,23,0,0,9,543,495,716,495,716
207533,Playing,225280,638,9,23,0,0,9,544,538,716,539,716
207783,Playing,135168,383,9,23,0,0,9,544,538,716,539,716
208032,Playing,117760,333,9,23,0,0,9,545,456,716,456,716
208279,Playing,27648,78,9,23,0,0,9,545,456,716,456,716
208528,Buffering,64512,182,10,23,0,0,9,546,523,716,523,716
208774,Buffering,64512,182,10,23,0,0,9,546,523,716,523,716
209020,Buffering,129024,365,10,23,0,0,9,547,466,716,466,716
209267,Buffering,129024,365,10,23,0,0,9,547,466,716,466,716
209516,Buffering,193536,548,10,23,0,0,9,548,535,716,535,716
209764,Buffering,193536,548,10,23,0,0,9,548,535,716,535,716
210013,Buffering,258048,731,10,23,0,0,9,549,457,716,457,716
210264,Buffering,258048,731,10,23,0,0,9,549,457,716,457,716
210514,Buffering,322560,914,10,23,0,0,9,550,589,716,589,716
210763,Buffering,322560,914,10,23,0,0,9,550,589,716,589,716
211014,Buffering,354304,1004,10,24,0,0,9,551,442,716,442,716
211263,Buffering,264192,748,10,24,0,0,9,551,442,716,442,716
211513,Buffering,220160,624,10,24,0,0,9,552,536,716,536,716
211761,Buffering,130048,368,10,24,0,0,9,552,536,716,536,716
212012,Buffering,167936,476,10,24,0,0,9,553,433,716,433,716
212260,Buffering,77824,220,10,24,0,0,9,553,433,716,433,716
212507,Buffering,107520,304,10,24,0,0,9,554,487,716,487,716
212756,Buffering,25600,72,10,24,0,0,9,554,487,716,487,716
213004,Buffering,55296,156,10,24,0,0,9,555,464,716,464,716
213251,Buffering,0,0,10,24,0,0,9,555,464,716,464,716
213560,Buffering,119808,339,10,24,0,0,9,556,563,716,563,716
213810,Buffering,119808,339,10,24,0,0,9,556,563,716,563,716
214058,Playing,165888,470,10,25,0,0,9,557,457,716,457,716
214306,Playing,75776,214,10,25,0,0,9,557,457,716,457,716
214554,Playing,105472,298,10,25,0,0,9,558,516,716,517,716
214803,Playing,23552,66,10,25,0,0,9,558,516,716,517,716
215055,Playing,53248,150,10,25,0,0,9,559,457,716,457,716
215306,Playing,0,0,10,25,0,0,9,559,457,716,457,716
215553,Buffering,119808,339,11,25,0,0,9,560,520,716,520,716
215802,Buffering,239616,679,11,25,0,0,9,561,458,716,458,716
216048,Buffering,239616,679,11,25,0,0,9,561,458,716,458,716
216299,Buffering,239616,679,11,25,0,0,9,561,458,716,458,716
216548,Buffering,318464,902,11,26,0,0,9,562,626,716,626,716
216795,Buffering,228352,647,11,26,0,0,9,562,626,716,626,716
217040,Buffering,266240,754,11,26,0,0,9,563,443,716,443,716
217291,Buffering,176128,499,11,26,0,0,9,563,443,716,443,716
217541,Buffering,205824,583,11,26,0,0,9,564,528,716,528,716
217789,Buffering,115712,327,11,26,0,0,9,564,528,716,528,716
218037,Buffering,153600,435,11,26,0,0,9,565,442,716,442,716
218287,Buffering,63488,179,11,26,0,0,9,565,442,716,442,716
218535,Buffering,93184,264,11,26,0,0,9,566,520,716,520,716
218784,Buffering,11264,31,11,26,0,0,9,566,520,716,520,716
219035,Buffering,40960,116,11,26,0,0,9,567,442,716,443,716
219287,Buffering,0,0,11,26,0,0,9,567,442,716,443,716
219537,Buffering,119808,339,11,26,0,0,9,568,566,716,566,716
219786,Buffering,119808,339,11,26,0,0,9,568,566,716,566,716
220034,Buffering,239616,679,11,26,0,0,9,569,455,716,455,716
220285,Buffering,239616,679,11,26,0,0,9,569,455,716,455,716
220534,Buffering,302080,856,11,27,0,0,9,570,532,716,533,716
220780,Buffering,211968,600,11,27,0,0,9,570,532,716,533,716
221027,Buffering,249856,708,11,27,0,0,9,571,455,716,455,716
221278,Buffering,159744,452,11,27,0,0,9,571,455,716,455,716
221528,Buffering,198656,563,11,27,0,0,9,572,615,716,615,716
221776,Buffering,108544,307,11,27,0,0,9,572,615,716,615,716
222024,Buffering,146432,415,11,27,0,0,9,573,456,716,457,716
222272,Buffering,56320,159,11,27,0,0,9,573,456,716,457,716
222521,Buffering,86016,243,11,27,0,0,9,574,457,716,457,716
222771,Buffering,4096,11,11,27,0,0,9,574,457,716,457,716
223019,Playing,46080,130,11,28,0,0,9,575,457,716,457,716
223270,Playing,0,0,11,28,0,0,9,575,457,716,457,716
223520,Buffering,119808,339,12,28,0,0,9,576,537,716,538,716
223766,Buffering,119808,339,12,28,0,0,9,576,537,716,538,716
224017,Buffering,239616,679,12,28,0,0,9,577,456,716,456,716
224264,Buffering,239616,679,12,28,0,0,9,577,456,716,456,716
224512,Buffering,326656,925,12,29,0,0,9,578,606,716,606,716
224761,Buffering,236544,670,12,29,0,0,9,578,606,716,606,716
225009,Buffering,274432,777,12,29,0,0,9,579,441,716,442,716
225258,Buffering,184320,522,12,29,0,0,9,579,441,716,442,716
225508,Buffering,214016,606,12,29,0,0,9,580,529,716,530,716
225755,Buffering,132096,374,12,29,0,0,9,580,529,716,530,716
226004,Buffering,161792,458,12,29,0,0,9,581,442,716,443,716
226254,Buffering,71680,203,12,29,0,0,9,581,442,716,443,716
226501,Buffering,101376,287,12,29,0,0,9,582,448,716,448,716
226811,Buffering,114688,325,12,29,0,0,9,583,442,716,442,716
227059,Buffering,24576,69,12,29,0,0,9,583,442,716,442,716
227308,Buffering,119808,339,12,29,0,0,9,584,476,716,476,716
227555,Buffering,119808,339,12,29,0,0,9,584,476,716,476,716
227806,Buffering,239616,679,12,29,0,0,9,585,496,716,496,716
228055,Buffering,239616,679,12,29,0,0,9,585,496,716,496,716
228302,Buffering,318464,902,12,30,0,0,9,586,496,716,496,716
228550,Buffering,228352,647,12,30,0,0,9,586,496,716,496,716
228798,Buffering,275456,780,12,30,0,0,9,587,495,716,495,716
229045,Buffering,185344,525,12,30,0,0,9,587,495,716,495,716
229294,Buffering,224256,635,12,30,0,0,9,588,496,716,497,716
229544,Buffering,142336,403,12,30,0,0,9,588,496,716,497,716
229791,Buffering,181248,513,12,30,0,0,9,589,495,716,495,716
230040,Buffering,91136,258,12,30,0,0,9,589,495,716,495,716
230288,Buffering,138240,391,12,30,0,0,9,590,470,716,470,716
230539,Buffering,48128,136,12,30,0,0,9,590,470,716,470,716
230788,Buffering,96256,272,12,30,0,0,9,591,495,716,495,716
231036,Buffering,14336,40,12,30,0,0,9,591,495,716,495,716
231286,Reconnecting,0,0,12,31,0,0,9,592,496,716,497,716
231534,Reconnecting,0,0,12,31,0,0,9,592,496,716,497,716
231783,Reconnecting,0,0,12,31,0,0,9,592,496,716,497,716
232031,Reconnecting,0,0,12,31,0,0,9,592,496,716,497,716
232278,Reconnecting,0,0,12,31,0,0,9,592,496,716,497,716
232527,Reconnecting,0,0,12,31,0,0,9,592,496,716,497,716
232774,Reconnecting,0,0,12,31,0,0,9,592,496,716,497,716
233022,Reconnecting,0,0,12,31,0,0,9,592,496,716,497,716
233268,Reconnecting,0,0,12,31,0,0,9,592,496,716,497,716
233516,Reconnecting,0,0,12,31,0,0,9,592,496,716,497,716
233767,Reconnecting,0,0,12,31,0,0,9,592,496,716,497,716
234017,Reconnecting,0,0,12,31,0,0,9,592,496,716,497,716
234266,Reconnecting,0,0,12,31,0,0,9,592,496,716,497,716
234515,Reconnecting,0,0,12,31,0,0,9,592,496,716,497,716
234764,Reconnecting,0,0,12,31,0,0,9,592,496,716,497,716
235012,Reconnecting,0,0,12,31,0,0,9,592,496,716,497,716
235262,Reconnecting,0,0,12,31,0,0,9,592,496,716,497,716
235511,Reconnecting,0,0,12,31,0,0,9,592,496,716,497,716
235758,Reconnecting,0,0,12,31,0,0,9,592,496,716,497,716
236007,Reconnecting,0,0,12,31,0,0,9,592,496,716,497,716
236254,Reconnecting,0,0,12,31,0,0,10,592,496,716,497,716
236504,Reconnecting,0,0,12,31,0,0,10,592,496,716,497,716
236753,Reconnecting,0,0,12,31,0,0,10,595,0,716,497,716
237002,Reconnecting,175104,496,12,31,0,0,10,601,0,716,0,716
237251,Playing,1521664,4313,12,31,0,0,10,617,0,716,0,716
237560,Playing,3065856,8690,12,31,0,0,10,632,0,716,0,716
237808,Playing,3030016,8588,12,31,0,0,10,634,0,716,0,716
238057,Playing,3068928,8698,12,31,0,0,10,635,261,716,261,716
238308,Playing,2978816,8443,12,31,0,0,10,635,261,716,261,716
238555,Playing,3016704,8550,12,31,0,0,10,636,444,716,445,716
238800,Playing,3046400,8634,12,31,0,0,10,637,444,716,444,716
239050,Playing,2956288,8379,12,31,0,0,10,637,444,716,444,716
239296,Playing,2874368,8147,12,31,0,0,10,637,444,716,444,716
239545,Playing,2913280,8257,12,31,0,0,10,638,576,716,576,716
239794,Playing,2952192,8367,12,31,0,0,10,639,444,716,444,716
240042,Playing,2870272,8135,12,31,0,0,10,639,444,716,444,716
240288,Playing,2780160,7880,12,31,0,0,10,639,444,716,444,716
240537,Playing,2809856,7964,12,31,0,0,10,640,577,716,578,716
240785,Playing,2727936,7732,12,31,0,0,10,640,577,716,578,716
241033,Playing,2757632,7816,12,31,0,0,10,641,444,716,444,716
241280,Playing,2675712,7584,12,31,0,0,10,641,444,716,444,716
241529,Playing,2686976,7616,12,31,0,0,10,643,0,716,0,716
241781,Playing,2596864,7360,12,31,0,0,10,643,0,716,0,716
242030,Playing,2635776,7471,12,31,0,0,10,644,496,716,496,716
242278,Playing,2553856,7238,12,31,0,0,10,644,496,716,496,716
242528,Playing,2500608,7087,12,31,0,0,10,646,2,716,2,716
242777,Playing,2410496,6832,12,31,0,0,10,646,2,716,2,716
243026,Playing,2449408,6942,12,31,0,0,10,647,483,716,484,716
243275,Playing,2367488,6710,12,31,0,0,10,647,483,716,484,716
243524,Playing,2415616,6846,12,31,0,0,10,648,583,716,583,716
243773,Playing,2325504,6591,12,31,0,0,10,648,583,716,583,716
244022,Playing,2381824,6751,12,31,0,0,10,649,444,716,444,716
244271,Playing,2291712,6495,12,31,0,0,10,649,444,716,444,716
244519,Playing,2339840,6632,12,31,0,0,10,650,498,716,499,716
244769,Playing,2257920,6400,12,31,0,0,10,650,498,716,499,716
245019,Playing,2306048,6536,12,31,0,0,10,651,457,716,458,716
245267,Playing,2215936,6280,12,31,0,0,10,651,457,716,458,716
245516,Playing,2272256,6440,12,31,0,0,10,652,495,716,495,716
245765,Playing,2182144,6185,12,31,0,0,10,652,495,716,495,716
246012,Playing,2230272,6321,12,31,0,0,10,653,495,716,496,716
246261,Playing,2148352,6089,12,31,0,0,10,653,495,716,496,716
246510,Playing,2196480,6225,12,31,0,0,10,654,498,716,499,716
246758,Playing,2106368,5970,12,31,0,0,10,654,498,716,499,716
247006,Playing,2171904,6156,12,31,0,0,10,655,493,716,493,716
247254,Playing,2081792,5900,12,31,0,0,10,655,493,716,493,716
247505,Playing,2139136,6063,12,31,0,0,10,656,495,716,496,716
247752,Playing,2057216,5831,12,31,0,0,10,656,495,716,496,716
248002,Playing,2114560,5993,12,31,0,0,10,657,497,716,497,716
248253,Playing,2024448,5738,12,31,0,0,10,657,497,716,497,716
248500,Playing,2081792,5900,12,31,0,0,10,658,494,716,494,716
248750,Playing,1999872,5668,12,31,0,0,10,658,494,716,494,716
249060,Playing,2032640,5761,12,31,0,0,10,659,495,716,496,716
249308,Playing,2070528,5868,12,31,0,0,10,661,4,716,4,716
249558,Playing,1980416,5613,12,31,0,0,10,661,4,716,4,716
249807,Playing,2037760,5775,12,31,0,0,10,662,490,716,491,716
250057,Playing,1955840,5543,12,31,0,0,10,662,490,716,491,716
250305,Playing,2013184,5706,12,31,0,0,10,663,495,716,495,716
250555,Playing,1923072,5450,12,31,0,0,10,663,495,716,495,716
250805,Playing,1971200,5587,12,31,0,0,10,664,496,716,497,716
251053,Playing,1889280,5355,12,31,0,0,10,664,496,716,497,716
251303,Playing,1937408,5491,12,31,0,0,10,665,495,716,495,716
251550,Playing,1847296,5236,12,31,0,0,10,665,495,716,495,716
251799,Playing,1903616,5395,12,31,0,0,10,666,495,716,495,716
252048,Playing,1813504,5140,12,31,0,0,10,666,495,716,495,716
252296,Playing,1861632,5276,12,31,0,0,10,667,496,716,497,716
252546,Playing,1779712,5044,12,31,0,0,10,667,496,716,497,716
252794,Playing,1827840,5180,12,31,0,0,10,668,497,716,497,716
253042,Playing,1745920,4948,12,31,0,0,10,668,497,716,497,716
253292,Playing,1794048,5085,12,31,0,0,10,669,494,716,494,716
253540,Playing,1703936,4829,12,31,0,0,10,669,494,716,494,716
253787,Playing,1769472,5015,12,31,0,0,10,670,497,716,497,716
254034,Playing,1679360,4760,12,31,0,0,10,670,497,716,497,716
254284,Playing,1736704,4922,12,31,0,0,10,671,495,716,495,716
254532,Playing,1654784,4690,12,31,0,0,10,671,495,716,495,716
254781,Playing,1666048,4722,12,31,0,0,10,673,0,716,0,716
255028,Playing,1575936,4466,12,31,0,0,10,673,0,716,0,716
255277,Playing,1623040,4600,12,31,0,0,10,674,497,716,497,716
255525,Playing,1532928,4345,12,31,0,0,10,674,497,716,497,716
255772,Playing,1581056,4481,12,31,0,0,10,675,494,716,495,716
256024,Playing,1490944,4226,12,31,0,0,10,675,494,716,495,716
256273,Playing,1528832,4333,12,31,0,0,10,676,469,716,470,716
256521,Playing,1438720,4078,12,31,0,0,10,676,469,716,470,716
256770,Playing,1468416,4162,12,31,0,0,10,677,495,716,495,716
257016,Playing,1386496,3929,12,31,0,0,10,677,495,716,495,716
257265,Playing,1416192,4014,12,31,0,0,10,678,497,716,497,716
257512,Playing,1326080,3758,12,31,0,0,10,678,497,716,497,716
257761,Playing,1373184,3892,12,31,0,0,10,679,495,716,495,716
258011,Playing,1283072,3636,12,31,0,0,10,679,495,716,495,716
258259,Playing,1303552,3694,12,31,0,0,10,680,495,716,496,716
258511,Playing,1221632,3462,12,31,0,0,10,680,495,716,496,716
258758,Playing,1214464,3442,12,31,0,0,10,682,0,716,0,716
259007,Playing,1124352,3186,12,31,0,0,10,682,0,716,0,716
259256,Playing,1162240,3294,12,31,0,0,10,683,494,716,495,716
259504,Playing,1072128,3038,12,31,0,0,10,683,494,716,495,716
259755,Playing,1092608,3096,12,31,0,0,10,684,495,716,495,716
260005,Playing,1002496,2841,12,31,0,0,10,684,495,716,495,716
260256,Playing,1040384,2948,12,31,0,0,10,685,506,716,507,716
260504,Playing,950272,2693,12,31,0,0,10,685,506,716,507,716
260753,Playing,970752,2751,12,31,0,0,10,686,485,716,485,716
261002,Playing,888832,2519,12,31,0,0,10,686,485,716,485,716
261252,Playing,918528,2603,12,31,0,0,10,687,517,716,518,716
261501,Playing,828416,2348,12,31,0,0,10,687,517,716,518,716
261750,Playing,847872,2403,12,31,0,0,10,688,475,716,475,716
262061,Playing,733184,2078,12,31,0,0,10,688,475,716,475,716
262310,Playing,761856,2159,12,31,0,0,10,689,536,716,536,716
262559,Playing,671744,1904,12,31,0,0,10,689,536,716,536,716
262808,Playing,683008,1935,12,31,0,0,10,690,455,716,455,716
263058,Playing,592896,1680,12,31,0,0,10,690,455,716,455,716
263307,Playing,612352,1735,12,31,0,0,10,691,523,716,523,716
263557,Playing,522240,1480,12,31,0,0,10,691,523,716,523,716
263804,Playing,542720,1538,12,31,0,0,10,692,469,716,469,716
264053,Playing,460800,1306,12,31,0,0,10,692,469,716,469,716
264301,Playing,472064,1338,12,31,0,0,10,693,562,716,563,716
264551,Playing,381952,1082,12,31,0,0,10,693,562,716,563,716
264802,Playing,401408,1137,12,31,0,0,10,694,441,716,442,716
265051,Playing,311296,882,12,31,0,0,10,694,441,716,442,716
265298,Playing,313344,888,12,31,0,0,10,695,533,716,533,716
265546,Playing,231424,655,12,31,0,0,10,695,533,716,533,716
265797,Playing,233472,661,12,31,0,0,10,696,438,716,439,716
266046,Playing,143360,406,12,31,0,0,10,696,438,716,439,716
266296,Playing,136192,386,12,31,0,0,10,697,478,716,478,716
266546,Playing,54272,153,12,31,0,0,10,697,478,716,478,716
266796,Playing,47104,133,12,31,0,0,10,698,537,716,537,716
267044,Playing,0,0,12,31,0,0,10,698,537,716,537,716
267294,Buffering,92160,261,13,31,0,0,10,699,454,716,454,716
267542,Buffering,92160,261,13,31,0,0,10,699,454,716,454,716
267791,Buffering,175104,496,13,31,0,0,10,700,520,716,520,716
268040,Buffering,175104,496,13,31,0,0,10,700,520,716,520,716
268288,Buffering,258048,731,13,31,0,0,10,701,471,716,471,716
268538,Buffering,258048,731,13,31,0,0,10,701,471,716,471,716
268785,Buffering,331776,940,13,31,0,0,10,702,532,716,532,716
269033,Buffering,331776,940,13,31,0,0,10,702,532,716,532,716
269279,Buffering,339968,963,13,32,0,0,10,703,458,716,458,716
269526,Buffering,249856,708,13,32,0,0,10,703,458,716,458,716
269775,Buffering,233472,661,13,32,0,0,10,704,527,716,527,716
270022,Buffering,151552,429,13,32,0,0,10,704,527,716,527,716
270273,Buffering,144384,409,13,32,0,0,10,705,580,716,580,716
270522,Buffering,54272,153,13,32,0,0,10,705,580,716,580,716
270769,Buffering,46080,130,13,32,0,0,10,706,456,716,456,716
271018,Buffering,0,0,13,32,0,0,10,706,456,716,456,716
271267,Buffering,73728,208,13,32,0,0,10,707,574,716,574,716
271517,Buffering,73728,208,13,32,0,0,10,707,574,716,574,716
271767,Buffering,147456,417,13,32,0,0,10,708,440,716,441,716
272015,Buffering,147456,417,13,32,0,0,10,708,440,716,441,716
272262,Playing,195584,554,13,33,0,0,10,709,562,716,562,716
272509,Playing,113664,322,13,33,0,0,10,709,562,716,562,716
272755,Playing,97280,275,13,33,0,0,10,710,417,716,417,716
273005,Playing,15360,43,13,33,0,0,10,710,417,716,417,716
273253,Buffering,64512,182,14,33,0,0,10,711,574,716,574,716
273502,Buffering,64512,182,14,33,0,0,10,711,574,716,574,716
273753,Buffering,138240,391,14,33,0,0,10,712,438,716,438,716
274062,Buffering,138240,391,14,33,0,0,10,712,438,716,438,716
274312,Buffering,138240,391,14,33,0,0,10,712,438,716,438,716
274562,Buffering,202752,574,14,33,0,0,10,713,716,716,716,716
274811,Buffering,202752,574,14,33,0,0,10,713,716,716,716,716
275059,Buffering,267264,757,14,33,0,0,10,714,459,716,459,716
275309,Buffering,331776,940,14,33,0,0,10,715,456,716,456,716
275558,Buffering,331776,940,14,33,0,0,10,715,456,716,456,716
275808,Buffering,427008,1210,14,34,0,0,10,716,457,716,457,716
276057,Buffering,345088,978,14,34,0,0,10,716,457,716,457,716
276307,Buffering,384000,1088,14,34,0,0,10,717,540,716,541,716
276553,Buffering,293888,833,14,34,0,0,10,717,540,716,541,716
276805,Buffering,332800,943,14,34,0,0,10,718,450,716,451,716
277053,Buffering,250880,711,14,34,0,0,10,718,450,716,451,716
277302,Buffering,280576,795,14,34,0,0,10,719,449,716,450,716
277551,Buffering,190464,539,14,34,0,0,10,719,449,716,450,716
277800,Buffering,228352,647,14,34,0,0,10,720,435,716,435,716
278048,Buffering,138240,391,14,34,0,0,10,720,435,716,435,716
278296,Buffering,167936,476,14,34,0,0,10,721,436,716,436,716
278541,Buffering,205824,583,14,34,0,0,10,722,435,716,436,716
278791,Buffering,115712,327,14,34,0,0,10,722,435,716,436,716
279040,Buffering,145408,412,14,34,0,0,10,723,485,716,485,716
279289,Buffering,63488,179,14,34,0,0,10,723,485,716,485,716
279538,Playing,95232,269,14,35,0,0,10,724,495,716,496,716
279788,Playing,5120,14,14,35,0,0,10,724,495,716,496,716
280036,Buffering,119808,339,15,35,0,0,10,725,497,716,497,716
280285,Buffering,119808,339,15,35,0,0,10,725,497,716,497,716
280534,Buffering,193536,548,15,35,0,0,10,727,1,716,1,716
280780,Buffering,193536,548,15,35,0,0,10,727,1,716,1,716
281029,Buffering,258048,731,15,35,0,0,10,730,1,716,1,716
281278,Buffering,258048,731,15,35,0,0,10,730,1,716,1,716
281525,Buffering,353280,1001,15,36,0,0,10,731,496,716,496,716
281773,Buffering,263168,745,15,36,0,0,10,731,496,716,496,716
282022,Buffering,292864,830,15,36,0,0,10,732,495,716,495,716
282269,Buffering,210944,597,15,36,0,0,10,732,495,716,495,716
282519,Buffering,240640,682,15,36,0,0,10,733,495,716,495,716
282768,Buffering,150528,426,15,36,0,0,10,733,495,716,495,716
283016,Buffering,188416,534,15,36,0,0,10,734,495,716,496,716
283265,Buffering,98304,278,15,36,0,0,10,734,495,716,496,716
283512,Buffering,136192,386,15,36,0,0,10,735,496,716,497,716
283759,Buffering,46080,130,15,36,0,0,10,735,496,716,497,716
284007,Buffering,110592,313,15,36,0,0,10,736,495,716,496,716
284254,Buffering,110592,313,15,36,0,0,10,736,495,716,496,716
284510,Buffering,221184,626,15,36,0,0,10,737,470,716,470,716
284762,Buffering,221184,626,15,36,0,0,10,737,470,716,470,716
285004,Buffering,340992,966,15,36,0,0,10,738,496,716,496,716
285274,Buffering,340992,966,15,36,0,0,10,738,496,716,496,716
285532,Buffering,436224,1236,15,37,0,0,10,739,551,716,551,716
285782,Buffering,346112,981,15,37,0,0,10,739,551,716,551,716
286043,Buffering,375808,1065,15,37,0,0,10,740,442,716,442,716
286253,Buffering,302080,856,15,37,0,0,10,740,442,716,442,716
286560,Buffering,315392,893,15,37,0,0,10,741,494,716,494,716
286811,Buffering,225280,638,15,37,0,0,10,741,494,716,494,716
287061,Buffering,254976,722,15,37,0,0,10,742,496,716,496,716
287311,Buffering,164864,467,15,37,0,0,10,742,496,716,496,716
287559,Buffering,202752,574,15,37,0,0,10,743,494,716,494,716
287808,Buffering,112640,319,15,37,0,0,10,743,494,716,494,716
288058,Buffering,142336,403,15,37,0,0,10,744,497,716,497,716
288308,Buffering,52224,148,15,37,0,0,10,744,497,716,497,716
288557,Buffering,90112,255,15,37,0,0,10,745,568,716,568,716
288804,Buffering,0,0,15,37,0,0,10,745,568,716,568,716
289053,Reconnecting,0,0,15,38,0,0,10,746,445,716,445,716
289302,Reconnecting,0,0,15,38,0,0,10,746,445,716,445,716
289550,Reconnecting,0,0,15,38,0,0,10,746,445,716,445,716
289801,Reconnecting,0,0,15,38,0,0,10,746,445,716,445,716
290048,Reconnecting,0,0,15,38,0,0,10,746,445,716,445,716
290298,Reconnecting,0,0,15,38,0,0,10,746,445,716,445,716
290546,Reconnecting,0,0,15,38,0,0,10,746,445,716,445,716
290798,Reconnecting,0,0,15,38,0,0,10,746,445,716,445,716
291048,Reconnecting,0,0,15,38,0,0,10,746,445,716,445,716
291297,Reconnecting,0,0,15,38,0,0,10,746,445,716,445,716
291546,Reconnecting,0,0,15,38,0,0,10,746,445,716,445,716
291794,Reconnecting,0,0,15,38,0,0,10,746,445,716,445,716
292045,Reconnecting,0,0,15,38,0,0,10,746,445,716,445,716
292298,Reconnecting,0,0,15,38,0,0,10,746,445,716,445,716
292548,Reconnecting,0,0,15,38,0,0,10,746,445,716,445,716
292796,Reconnecting,0,0,15,38,0,0,10,746,445,716,445,716
293042,Reconnecting,0,0,15,38,0,0,10,746,445,716,445,716
293290,Reconnecting,0,0,15,38,0,0,10,746,445,716,445,716
293538,Reconnecting,0,0,15,38,0,0,10,746,445,716,445,716
293786,Reconnecting,0,0,15,38,0,0,10,746,445,716,445,716
294036,Reconnecting,0,0,15,38,0,0,11,746,445,716,445,716
294286,Reconnecting,0,0,15,38,0,0,11,746,445,716,445,716
294536,Reconnecting,423936,1201,15,38,0,0,11,757,0,716,0,716
294787,Reconnecting,820224,2324,15,38,0,0,11,762,0,716,0,716
295034,Playing,1534976,4350,15,38,0,0,11,769,0,716,0,716
295283,Playing,2661376,7543,15,38,0,0,11,782,0,716,0,716
295531,Playing,3142656,8907,15,38,0,0,11,787,192,716,193,716
295779,Playing,3060736,8675,15,38,0,0,11,787,192,716,193,716
296027,Playing,3090432,8759,15,38,0,0,11,788,385,716,386,716
296278,Playing,3000320,8504,15,38,0,0,11,788,385,716,386,716
296528,Playing,2918400,8272,15,38,0,0,11,788,385,716,386,716
296775,Playing,2948096,8356,15,38,0,0,11,789,654,716,654,716
297024,Playing,2977792,8440,15,38,0,0,11,790,441,716,442,716
297273,Playing,2895872,8208,15,38,0,0,11,790,441,716,442,716
297523,Playing,2925568,8292,15,38,0,0,11,791,521,716,522,716
297771,Playing,2835456,8037,15,38,0,0,11,791,521,716,522,716
298020,Playing,2873344,8144,15,38,0,0,11,792,457,716,458,716
298268,Playing,2783232,7888,15,38,0,0,11,792,457,716,458,716
298515,Playing,2812928,7973,15,38,0,0,11,793,494,716,494,716
298762,Playing,2731008,7740,15,38,0,0,11,793,494,716,494,716
299012,Playing,2742272,7772,15,38,0,0,11,795,0,716,0,716
299259,Playing,2652160,7517,15,38,0,0,11,795,0,716,0,716
299509,Playing,2690048,7624,15,38,0,0,11,796,596,716,596,716
299758,Playing,2599936,7369,15,38,0,0,11,796,596,716,596,716
300006,Playing,2629632,7453,15,38,0,0,11,797,495,716,495,716
300256,Playing,2547712,7221,15,38,0,0,11,797,495,716,495,716
300506,Playing,2577408,7305,15,38,0,0,11,798,498,716,499,716
300754,Playing,2487296,7050,15,38,0,0,11,798,498,716,499,716
301005,Playing,2534400,7183,15,38,0,0,11,799,493,716,493,716
301252,Playing,2444288,6928,15,38,0,0,11,799,493,716,493,716
301502,Playing,2483200,7038,15,38,0,0,11,800,496,716,496,716
301812,Playing,2376704,6736,15,38,0,0,11,800,496,716,496,716
302063,Playing,2415616,6846,15,38,0,0,11,801,496,716,496,716
302310,Playing,2325504,6591,15,38,0,0,11,801,496,716,496,716
302561,Playing,2372608,6725,15,38,0,0,11,802,495,716,496,716
302811,Playing,2282496,6469,15,38,0,0,11,802,495,716,496,716
303058,Playing,2321408,6579,15,38,0,0,11,803,495,716,495,716
303308,Playing,2239488,6347,15,38,0,0,11,803,495,716,495,716
303556,Playing,2278400,6458,15,38,0,0,11,804,495,716,496,716
303806,Playing,2188288,6202,15,38,0,0,11,804,495,716,496,716
304055,Playing,2235392,6336,15,38,0,0,11,805,496,716,496,716
304303,Playing,2145280,6080,15,38,0,0,11,805,496,716,496,716
304552,Playing,2193408,6217,15,38,0,0,11,806,497,716,497,716
304800,Playing,2111488,5984,15,38,0,0,11,806,497,716,497,716
305050,Playing,2159616,6121,15,38,0,0,11,807,467,716,468,716
305299,Playing,2069504,5865,15,38,0,0,11,807,467,716,468,716
305546,Playing,2135040,6051,15,38,0,0,11,808,533,716,533,716
305793,Playing,2044928,5796,15,38,0,0,11,808,533,716,533,716
306042,Playing,2102272,5958,15,38,0,0,11,809,458,716,459,716
306290,Playing,2020352,5726,15,38,0,0,11,809,458,716,459,716
306537,Playing,1930240,5471,15,38,0,0,11,809,458,716,459,716
306788,Playing,1987584,5633,15,38,0,0,11,810,610,716,610,716
307035,Playing,2053120,5819,15,38,0,0,11,811,454,716,454,716
307283,Playing,1963008,5564,15,38,0,0,11,811,454,716,454,716
307532,Playing,1872896,5308,15,38,0,0,11,811,454,716,454,716
307779,Playing,1938432,5494,15,38,0,0,11,812,544,716,545,716
308030,Playing,2004992,5683,15,38,0,0,11,813,431,716,431,716
308278,Playing,1914880,5427,15,38,0,0,11,813,431,716,431,716
308527,Playing,1832960,5195,15,38,0,0,11,813,431,716,431,716
308777,Playing,1890304,5358,15,38,0,0,11,814,624,716,624,716
309027,Playing,1800192,5102,15,38,0,0,11,814,624,716,624,716
309274,Playing,1865728,5288,15,38,0,0,11,815,456,716,457,716
309522,Playing,1775616,5032,15,38,0,0,11,815,456,716,457,716
309771,Playing,1832960,5195,15,38,0,0,11,816,550,716,550,716
310019,Playing,1751040,4963,15,38,0,0,11,816,550,716,550,716
310264,Playing,1808384,5125,15,38,0,0,11,817,455,716,456,716
310514,Playing,1718272,4870,15,38,0,0,11,817,455,716,456,716
310766,Playing,1775616,5032,15,38,0,0,11,818,462,716,462,716
311015,Playing,1841152,5218,15,38,0,0,11,819,441,716,441,716
311261,Playing,1751040,4963,15,38,0,0,11,819,441,716,441,716
311511,Playing,1799168,5099,15,38,0,0,11,820,441,716,441,716
311759,Playing,1717248,4867,15,38,0,0,11,820,441,716,441,716
312010,Playing,1765376,5003,15,38,0,0,11,821,478,716,478,716
312259,Playing,1675264,4748,15,38,0,0,11,821,478,716,478,716
312509,Playing,1722368,4881,15,38,0,0,11,822,495,716,496,716
312759,Playing,1632256,4626,15,38,0,0,11,822,495,716,496,716
313007,Playing,1671168,4736,15,38,0,0,11,823,496,716,497,716
313256,Playing,1581056,4481,15,38,0,0,11,823,496,716,497,716
313506,Playing,1628160,4614,15,38,0,0,11,824,576,716,576,716
313756,Playing,1538048,4359,15,38,0,0,11,824,576,716,576,716
314002,Playing,1576960,4469,15,38,0,0,11,825,454,716,455,716
314250,Playing,1495040,4237,15,38,0,0,11,825,454,716,455,716
314560,Playing,1517568,4301,15,38,0,0,11,826,509,716,509,716
314811,Playing,1427456,4046,15,38,0,0,11,826,509,716,509,716
315058,Playing,1466368,4156,15,38,0,0,11,827,455,716,455,716
315309,Playing,1376256,3900,15,38,0,0,11,827,455,716,455,716
315557,Playing,1423360,4034,15,38,0,0,11,828,585,716,585,716
315804,Playing,1333248,3779,15,38,0,0,11,828,585,716,585,716
316052,Playing,1371136,3886,15,38,0,0,11,829,454,716,455,716
316301,Playing,1281024,3631,15,38,0,0,11,829,454,716,455,716
316550,Playing,1310720,3715,15,38,0,0,11,830,526,716,526,716
316800,Playing,1220608,3459,15,38,0,0,11,830,526,716,526,716
317052,Playing,1258496,3567,15,38,0,0,11,831,455,716,455,716
317299,Playing,1168384,3311,15,38,0,0,11,831,455,716,455,716
317547,Playing,1198080,3395,15,38,0,0,11,832,501,716,501,716
317796,Playing,1116160,3163,15,38,0,0,11,832,501,716,501,716
318044,Playing,1145856,3247,15,38,0,0,11,833,457,716,457,716
318292,Playing,1055744,2992,15,38,0,0,11,833,457,716,457,716
318542,Playing,1093632,3099,15,38,0,0,11,834,553,716,554,716
318792,Playing,1003520,2844,15,38,0,0,11,834,553,716,554,716
319039,Playing,1033216,2928,15,38,0,0,11,835,441,716,441,716
319287,Playing,951296,2696,15,38,0,0,11,835,441,716,441,716
319536,Playing,980992,2780,15,38,0,0,11,836,547,716,547,716
319785,Playing,890880,2525,15,38,0,0,11,836,547,716,547,716
320035,Playing,920576,2609,15,38,0,0,11,837,440,716,440,716
320284,Playing,838656,2377,15,38,0,0,11,837,440,716,440,716
320531,Playing,849920,2409,15,38,0,0,11,838,535,716,535,716
320781,Playing,759808,2153,15,38,0,0,11,838,535,716,535,716
321031,Playing,779264,2208,15,38,0,0,11,839,442,716,442,716
321280,Playing,689152,1953,15,38,0,0,11,839,442,716,442,716
321528,Playing,708608,2008,15,38,0,0,11,840,691,716,691,716
321775,Playing,618496,1753,15,38,0,0,11,840,691,716,691,716
322023,Playing,629760,1785,15,38,0,0,11,841,457,716,457,716
322273,Playing,547840,1552,15,38,0,0,11,841,457,716,457,716
322523,Playing,559104,1584,15,38,0,0,11,842,463,716,463,716
322773,Playing,468992,1329,15,38,0,0,11,842,463,716,463,716
323024,Playing,471040,1335,15,38,0,0,11,843,455,716,455,716
323271,Playing,389120,1102,15,38,0,0,11,843,455,716,455,716
323517,Playing,400384,1134,15,38,0,0,11,844,537,716,537,716
323764,Playing,318464,902,15,38,0,0,11,844,537,716,537,716
324012,Playing,320512,908,15,38,0,0,11,846,0,716,1,716
324260,Playing,230400,653,15,38,0,0,11,846,0,716,1,716
324508,Playing,240640,682,15,38,0,0,11,848,1,716,1,716
324758,Playing,150528,426,15,38,0,0,11,848,1,716,1,716
325006,Playing,152576,432,15,38,0,0,11,849,438,716,438,716
325256,Playing,62464,177,15,38,0,0,11,849,438,716,438,716
325506,Playing,72704,206,15,38,0,0,11,850,563,716,564,716
325755,Playing,0,0,15,38,0,0,11,850,563,716,564,716
326006,Buffering,92160,261,16,38,0,0,11,851,440,716,441,716
326251,Buffering,92160,261,16,38,0,0,11,851,440,716,441,716
326562,Buffering,175104,496,16,38,0,0,11,852,452,716,452,716
326811,Buffering,258048,731,16,38,0,0,11,853,494,716,494,716
327060,Buffering,258048,731,16,38,0,0,11,853,494,716,494,716
327308,Buffering,258048,731,16,38,0,0,11,853,494,716,494,716
327556,Buffering,350208,992,16,38,0,0,11,854,712,716,712,716
327805,Buffering,350208,992,16,38,0,0,11,854,712,716,712,716
328055,Buffering,375808,1065,16,39,0,0,11,855,447,716,447,716
328303,Buffering,293888,833,16,39,0,0,11,855,447,716,447,716
328550,Buffering,286720,812,16,39,0,0,11,856,457,716,457,716
328799,Buffering,196608,557,16,39,0,0,11,856,457,716,457,716
329048,Buffering,197632,560,16,39,0,0,11,857,448,716,448,716
329296,Buffering,190464,539,16,39,0,0,11,858,448,716,449,716
329544,Buffering,100352,284,16,39,0,0,11,858,448,716,449,716
329790,Buffering,82944,235,16,39,0,0,11,859,448,716,448,716
330040,Buffering,0,0,16,39,0,0,11,859,448,716,448,716
330285,Buffering,64512,182,16,39,0,0,11,860,484,716,484,716
330535,Buffering,64512,182,16,39,0,0,11,860,484,716,484,716
330782,Buffering,129024,365,16,39,0,0,11,861,495,716,495,716
331031,Buffering,129024,365,16,39,0,0,11,861,495,716,495,716
331279,Playing,160768,455,16,40,0,0,11,862,496,716,496,716
331527,Playing,70656,200,16,40,0,0,11,862,496,716,496,716
331774,Playing,53248,150,16,40,0,0,11,863,496,716,496,716
332022,Playing,0,0,16,40,0,0,11,863,496,716,496,716
332270,Buffering,64512,182,17,40,0,0,11,864,496,716,496,716
332517,Buffering,64512,182,17,40,0,0,11,864,496,716,496,716
332767,Buffering,129024,365,17,40,0,0,11,865,496,716,497,716
333017,Buffering,129024,365,17,40,0,0,11,865,496,716,497,716
333266,Buffering,184320,522,17,40,0,0,11,866,495,716,495,716
333511,Buffering,184320,522,17,40,0,0,11,866,495,716,495,716
333762,Buffering,239616,679,17,40,0,0,11,867,496,716,496,716
334010,Buffering,239616,679,17,40,0,0,11,867,496,716,496,716
334258,Buffering,294912,835,17,40,0,0,11,868,495,716,495,716
334508,Buffering,294912,835,17,40,0,0,11,868,495,716,495,716
334758,Buffering,350208,992,17,40,0,0,11,869,500,716,500,716
335007,Buffering,350208,992,17,40,0,0,11,869,500,716,500,716
335255,Buffering,372736,1056,17,41,0,0,11,870,492,716,492,716
335503,Buffering,290816,824,17,41,0,0,11,870,492,716,492,716
335752,Buffering,256000,725,17,41,0,0,11,871,495,716,495,716
336001,Buffering,165888,470,17,41,0,0,11,871,495,716,495,716
336308,Buffering,114688,325,17,41,0,0,11,872,497,716,497,716
336557,Buffering,24576,69,17,41,0,0,11,872,497,716,497,716
336806,Buffering,119808,339,17,41,0,0,11,873,495,716,496,716
337053,Buffering,119808,339,17,41,0,0,11,873,495,716,496,716
337300,Buffering,239616,679,17,41,0,0,11,874,495,716,496,716
337549,Buffering,239616,679,17,41,0,0,11,874,495,716,496,716
337799,Buffering,302080,856,17,42,0,0,11,875,496,716,496,716
338048,Buffering,211968,600,17,42,0,0,11,875,496,716,496,716
338298,Buffering,241664,684,17,42,0,0,11,876,495,716,496,716
338544,Buffering,159744,452,17,42,0,0,11,876,495,716,496,716
338796,Buffering,189440,536,17,42,0,0,11,877,495,716,495,716
339043,Buffering,99328,281,17,42,0,0,11,877,495,716,495,716
339293,Buffering,128000,362,17,42,0,0,11,878,471,716,471,716
339541,Buffering,37888,107,17,42,0,0,11,878,471,716,471,716
339790,Buffering,67584,191,17,42,0,0,11,879,495,716,495,716
340038,Buffering,0,0,17,42,0,0,11,879,495,716,495,716
340289,Playing,54272,153,17,43,0,0,11,880,495,716,495,716
340538,Playing,0,0,17,43,0,0,11,880,495,716,495,716
340785,Buffering,119808,339,18,43,0,0,11,881,495,716,495,716
341036,Buffering,119808,339,18,43,0,0,11,881,495,716,495,716
341283,Buffering,239616,679,18,43,0,0,11,882,498,716,498,716
341532,Buffering,239616,679,18,43,0,0,11,882,498,716,498,716
341777,Buffering,293888,833,18,44,0,0,11,883,494,716,494,716
342028,Buffering,203776,577,18,44,0,0,11,883,494,716,494,716
342277,Buffering,233472,661,18,44,0,0,11,884,495,716,496,716
342525,Buffering,151552,429,18,44,0,0,11,884,495,716,496,716
342776,Buffering,181248,513,18,44,0,0,11,885,496,716,496,716
343024,Buffering,91136,258,18,44,0,0,11,885,496,716,496,716
343272,Buffering,129024,365,18,44,0,0,11,886,496,716,497,716
343522,Buffering,38912,110,18,44,0,0,11,886,496,716,497,716
343769,Buffering,68608,194,18,44,0,0,11,887,494,716,495,716
344017,Buffering,0,0,18,44,0,0,11,887,494,716,495,716
344265,Buffering,119808,339,18,44,0,0,11,888,498,716,498,716
344513,Buffering,119808,339,18,44,0,0,11,888,498,716,498,716
344763,Buffering,239616,679,18,44,0,0,11,889,494,716,494,716
345014,Buffering,239616,679,18,44,0,0,11,889,494,716,494,716
345261,Buffering,285696,809,18,45,0,0,11,890,496,716,497,716
345512,Buffering,195584,554,18,45,0,0,11,890,496,716,497,716
345759,Buffering,233472,661,18,45,0,0,11,891,495,716,495,716
346008,Buffering,143360,406,18,45,0,0,11,891,495,716,495,716
346257,Buffering,173056,490,18,45,0,0,11,892,495,716,495,716
346506,Buffering,91136,258,18,45,0,0,11,892,495,716,495,716
346754,Buffering,120832,342,18,45,0,0,11,893,495,716,496,716
347003,Buffering,30720,87,18,45,0,0,11,893,495,716,496,716
347254,Buffering,68608,194,18,45,0,0,11,894,496,716,497,716
347502,Buffering,0,0,18,45,0,0,11,894,496,716,497,716
347750,Reconnecting,0,0,18,46,0,0,11,895,495,716,495,716
348000,Reconnecting,0,0,18,46,0,0,11,895,495,716,495,716
348312,Reconnecting,0,0,18,46,0,0,11,895,495,716,495,716
348558,Reconnecting,0,0,18,46,0,0,11,895,495,716,495,716
348804,Reconnecting,0,0,18,46,0,0,11,895,495,716,495,716
349054,Reconnecting,0,0,18,46,0,0,11,895,495,716,495,716
349301,Reconnecting,0,0,18,46,0,0,11,895,495,716,495,716
349550,Reconnecting,0,0,18,46,0,0,11,895,495,716,495,716
349800,Reconnecting,0,0,18,46,0,0,11,895,495,716,495,716
350048,Reconnecting,0,0,18,46,0,0,11,895,495,716,495,716
350297,Reconnecting,0,0,18,46,0,0,11,895,495,716,495,716
350547,Reconnecting,0,0,18,46,0,0,11,895,495,716,495,716
350796,Reconnecting,0,0,18,46,0,0,11,895,495,716,495,716
351046,Reconnecting,0,0,18,46,0,0,11,895,495,716,495,716
351294,Reconnecting,0,0,18,46,0,0,11,895,495,716,495,716
351548,Reconnecting,0,0,18,46,0,0,11,895,495,716,495,716
351797,Reconnecting,0,0,18,46,0,0,11,895,495,716,495,716
352045,Reconnecting,0,0,18,46,0,0,11,895,495,716,495,716
352291,Reconnecting,0,0,18,46,0,0,11,895,495,716,495,716
352538,Reconnecting,0,0,18,46,0,0,11,895,495,716,495,716
352786,Reconnecting,0,0,18,46,0,0,12,895,495,716,495,716
353035,Reconnecting,0,0,18,46,0,0,12,895,495,716,495,716
353286,Reconnecting,0,0,18,46,0,0,12,895,495,716,495,716
353532,Reconnecting,36864,104,18,46,0,0,12,898,0,716,0,716
353782,Reconnecting,138240,391,18,46,0,0,12,905,0,716,0,716
354036,Playing,1983488,5622,18,46,0,0,12,925,0,716,0,716
354282,Playing,2870272,8135,18,46,0,0,12,934,0,716,0,716
354529,Playing,2862080,8112,18,46,0,0,12,935,185,716,185,716
354776,Playing,2771968,7857,18,46,0,0,12,935,185,716,185,716
355024,Playing,2772992,7859,18,46,0,0,12,936,441,716,441,716
355278,Playing,2756608,7813,18,46,0,0,12,937,461,716,461,716
355527,Playing,2666496,7558,18,46,0,0,12,937,461,716,461,716
355776,Playing,2640896,7485,18,46,0,0,12,938,453,716,453,716
356025,Playing,2558976,7253,18,46,0,0,12,938,453,716,453,716
356274,Playing,2468864,6997,18,46,0,0,12,938,453,716,453,716
356522,Playing,2443264,6925,18,46,0,0,12,939,569,716,569,716
356773,Playing,2416640,6849,18,46,0,0,12,940,453,716,453,716
357021,Playing,2326528,6594,18,46,0,0,12,940,453,716,453,716
357268,Playing,2291712,6495,18,46,0,0,12,941,464,716,464,716
357520,Playing,2209792,6263,18,46,0,0,12,941,464,716,464,716
357767,Playing,2174976,6164,18,46,0,0,12,942,443,716,443,716
358013,Playing,2084864,5909,18,46,0,0,12,942,443,716,443,716
358261,Playing,2058240,5834,18,46,0,0,12,943,541,716,542,716
358508,Playing,1968128,5578,18,46,0,0,12,943,541,716,542,716
358758,Playing,1933312,5479,18,46,0,0,12,944,467,716,467,716
359006,Playing,1851392,5247,18,46,0,0,12,944,467,716,467,716
359253,Playing,1816576,5149,18,46,0,0,12,945,518,716,518,716
359561,Playing,1710080,4847,18,46,0,0,12,945,518,716,518,716
359809,Playing,1675264,4748,18,46,0,0,12,946,474,716,474,716
360058,Playing,1593344,4516,18,46,0,0,12,946,474,716,474,716
360311,Playing,1623040,4600,18,46,0,0,12,947,496,716,496,716
360559,Playing,1532928,4345,18,46,0,0,12,947,496,716,496,716
360807,Playing,1562624,4429,18,46,0,0,12,948,494,716,495,716
361056,Playing,1480704,4197,18,46,0,0,12,948,494,716,495,716
361305,Playing,1510400,4281,18,46,0,0,12,949,495,716,495,716
361551,Playing,1420288,4025,18,46,0,0,12,949,495,716,495,716
361802,Playing,1458176,4133,18,46,0,0,12,950,496,716,496,716
362054,Playing,1368064,3877,18,46,0,0,12,950,496,716,496,716
362299,Playing,1397760,3961,18,46,0,0,12,951,497,716,497,716
362552,Playing,1307648,3706,18,46,0,0,12,951,497,716,497,716
362799,Playing,1345536,3813,18,46,0,0,12,952,494,716,494,716
363051,Playing,1255424,3558,18,46,0,0,12,952,494,716,494,716
363302,Playing,1285120,3642,18,46,0,0,12,953,496,716,497,716
363551,Playing,1195008,3387,18,46,0,0,12,953,496,716,497,716
363797,Playing,1242112,3520,18,46,0,0,12,954,495,716,495,716
364046,Playing,1152000,3265,18,46,0,0,12,954,495,716,495,716
364293,Playing,1189888,3372,18,46,0,0,12,955,496,716,497,716
364544,Playing,1099776,3117,18,46,0,0,12,955,496,716,497,716
364792,Playing,1129472,3201,18,46,0,0,12,956,495,716,495,716
365039,Playing,1047552,2969,18,46,0,0,12,956,495,716,495,716
365286,Playing,1068032,3027,18,46,0,0,12,957,531,716,531,716
365535,Playing,977920,2771,18,46,0,0,12,957,531,716,531,716
365783,Playing,1015808,2879,18,46,0,0,12,958,443,716,444,716
366032,Playing,925696,2623,18,46,0,0,12,958,443,716,444,716
366281,Playing,955392,2708,18,46,0,0,12,959,633,716,633,716
366530,Playing,873472,2475,18,46,0,0,12,959,633,716,633,716
366777,Playing,903168,2560,18,46,0,0,12,960,444,716,444,716
367026,Playing,813056,2304,18,46,0,0,12,960,444,716,444,716
367275,Playing,842752,2388,18,46,0,0,12,961,554,716,554,716
367524,Playing,760832,2156,18,46,0,0,12,961,554,716,554,716
367769,Playing,790528,2240,18,46,0,0,12,962,441,716,442,716
368019,Playing,700416,1985,18,46,0,0,12,962,441,716,442,716
368269,Playing,738304,2092,18,46,0,0,12,963,535,716,535,716
368518,Playing,648192,1837,18,46,0,0,12,963,535,716,535,716
368770,Playing,677888,1921,18,46,0,0,12,965,0,716,0,716
369017,Playing,595968,1689,18,46,0,0,12,965,0,716,0,716
369268,Playing,625664,1773,18,46,0,0,12,966,533,716,534,716
369516,Playing,535552,1518,18,46,0,0,12,966,533,716,534,716
369765,Playing,573440,1625,18,46,0,0,12,967,458,716,458,716
370011,Playing,483328,1369,18,46,0,0,12,967,458,716,458,716
370260,Playing,513024,1454,18,46,0,0,12,968,519,716,519,716
370511,Playing,431104,1221,18,46,0,0,12,968,519,716,519,716
370761,Playing,460800,1306,18,46,0,0,12,969,452,716,453,716
371012,Playing,370688,1050,18,46,0,0,12,969,452,716,453,716
371260,Playing,400384,1134,18,46,0,0,12,970,544,716,545,716
371510,Playing,318464,902,18,46,0,0,12,970,544,716,545,716
371756,Playing,348160,986,18,46,0,0,12,971,440,716,440,716
372007,Playing,258048,731,18,46,0,0,12,971,440,716,440,716
372256,Playing,295936,838,18,46,0,0,12,972,504,716,504,716
372544,Playing,189440,536,18,46,0,0,12,972,504,716,504,716
372786,Playing,227328,644,18,46,0,0,12,973,443,716,443,716
373019,Playing,145408,412,18,46,0,0,12,973,443,716,443,716
373256,Playing,183296,519,18,46,0,0,12,974,614,716,615,716
373503,Playing,93184,264,18,46,0,0,12,974,614,716,615,716
373751,Playing,122880,348,18,46,0,0,12,975,459,716,459,716
374062,Playing,16384,46,18,46,0,0,12,975,459,716,459,716
374310,Buffering,119808,339,19,46,0,0,12,976,570,716,570,716
374562,Buffering,119808,339,19,46,0,0,12,976,570,716,570,716
374810,Buffering,239616,679,19,46,0,0,12,977,459,716,459,716
375060,Buffering,239616,679,19,46,0,0,12,977,459,716,459,716
375309,Buffering,239616,679,19,46,0,0,12,977,459,716,459,716
375557,Buffering,327680,928,19,47,0,0,12,978,759,759,760,760
375807,Buffering,237568,673,19,47,0,0,12,978,759,759,760,760
376057,Buffering,276480,783,19,47,0,0,12,979,457,759,457,760
376306,Buffering,186368,528,19,47,0,0,12,979,457,759,457,760
376554,Buffering,242688,687,19,47,0,0,12,980,455,759,456,760
376800,Buffering,281600,798,19,47,0,0,12,981,453,759,454,760
377047,Buffering,199680,565,19,47,0,0,12,981,453,759,454,760
377294,Buffering,238592,676,19,47,0,0,12,982,454,759,454,760
377543,Buffering,148480,420,19,47,0,0,12,982,454,759,454,760
377791,Buffering,195584,554,19,47,0,0,12,983,429,759,429,760
378040,Buffering,105472,298,19,47,0,0,12,983,429,759,429,760
378287,Buffering,153600,435,19,47,0,0,12,984,454,759,454,760
378536,Buffering,71680,203,19,47,0,0,12,984,454,759,454,760
378789,Buffering,119808,339,19,47,0,0,12,985,451,759,451,760
379037,Buffering,167936,476,19,47,0,0,12,986,445,759,445,760
379288,Buffering,77824,220,19,47,0,0,12,986,445,759,445,760
379537,Buffering,134144,380,19,47,0,0,12,987,454,759,454,760
379785,Buffering,44032,124,19,47,0,0,12,987,454,759,454,760
380035,Playing,105472,298,19,48,0,0,12,988,465,759,465,760
380282,Playing,23552,66,19,48,0,0,12,988,465,759,465,760
380532,Buffering,138240,391,20,48,0,0,12,989,498,759,498,760
380779,Buffering,138240,391,20,48,0,0,12,989,498,759,498,760
381027,Buffering,276480,783,20,48,0,0,12,990,494,759,494,760
381275,Buffering,276480,783,20,48,0,0,12,990,494,759,494,760
381523,Buffering,399360,1131,20,49,0,0,12,991,495,759,496,760
381771,Buffering,309248,876,20,49,0,0,12,991,495,759,496,760
382026,Buffering,366592,1039,20,49,0,0,12,992,496,759,496,760
382272,Buffering,276480,783,20,49,0,0,12,992,496,759,496,760
382524,Buffering,342016,969,20,49,0,0,12,993,497,759,497,760
382772,Buffering,251904,714,20,49,0,0,12,993,497,759,497,760
383021,Buffering,309248,876,20,49,0,0,12,994,494,759,494,760
383269,Buffering,227328,644,20,49,0,0,12,994,494,759,494,760
383519,Buffering,284672,806,20,49,0,0,12,995,496,759,497,760
383765,Buffering,194560,551,20,49,0,0,12,995,496,759,497,760
384014,Buffering,260096,737,20,49,0,0,12,996,495,759,495,760
384262,Buffering,169984,481,20,49,0,0,12,996,495,759,495,760
384510,Buffering,227328,644,20,49,0,0,12,997,520,759,520,760
384759,Buffering,145408,412,20,49,0,0,12,997,520,759,520,760
385007,Buffering,202752,574,20,49,0,0,12,998,472,759,472,760
385258,Buffering,112640,319,20,49,0,0,12,998,472,759,472,760
385506,Buffering,168960,478,20,49,0,0,12,999,496,759,496,760
385756,Buffering,78848,223,20,49,0,0,12,999,496,759,496,760
386006,Buffering,126976,359,20,49,0,0,12,1000,494,759,495,760
386253,Buffering,45056,127,20,49,0,0,12,1000,494,759,495,760
386502,Playing,130048,368,20,50,0,0,12,1001,559,759,559,760
386751,Playing,39936,113,20,50,0,0,12,1001,559,759,559,760
387000,Buffering,138240,391,21,50,0,0,12,1002,432,759,433,760
387311,Buffering,138240,391,21,50,0,0,12,1002,432,759,433,760
387560,Buffering,276480,783,21,50,0,0,12,1003,568,759,568,760
387809,Buffering,276480,783,21,50,0,0,12,1003,568,759,568,760
388058,Buffering,365568,1036,21,51,0,0,12,1004,445,759,445,760
388305,Buffering,275456,780,21,51,0,0,12,1004,445,759,445,760
388554,Buffering,331776,940,21,51,0,0,12,1005,474,759,474,760
388802,Buffering,241664,684,21,51,0,0,12,1005,474,759,474,760
389052,Buffering,280576,795,21,51,0,0,12,1006,495,759,496,760
389300,Buffering,198656,563,21,51,0,0,12,1006,495,759,496,760
389550,Buffering,237568,673,21,51,0,0,12,1007,530,759,530,760
389798,Buffering,147456,417,21,51,0,0,12,1007,530,759,530,760
390043,Buffering,185344,525,21,51,0,0,12,1008,445,759,445,760
390293,Buffering,95232,269,21,51,0,0,12,1008,445,759,445,760
390540,Buffering,124928,354,21,51,0,0,12,1009,603,759,604,760
390790,Buffering,43008,121,21,51,0,0,12,1009,603,759,604,760
391039,Buffering,119808,339,21,51,0,0,12,1010,445,759,445,760
391287,Buffering,119808,339,21,51,0,0,12,1010,445,759,445,760
391536,Buffering,239616,679,21,51,0,0,12,1011,448,759,448,760
391786,Buffering,239616,679,21,51,0,0,12,1011,448,759,448,760
392037,Buffering,285696,809,21,52,0,0,12,1012,476,759,476,760
392285,Buffering,195584,554,21,52,0,0,12,1012,476,759,476,760
392533,Buffering,224256,635,21,52,0,0,12,1013,495,759,496,760
392783,Buffering,134144,380,21,52,0,0,12,1013,495,759,496,760
393032,Buffering,154624,438,21,52,0,0,12,1014,496,759,496,760
393282,Buffering,72704,206,21,52,0,0,12,1014,496,759,496,760
393529,Buffering,93184,264,21,52,0,0,12,1015,579,759,580,760
393777,Buffering,3072,8,21,52,0,0,12,1015,579,759,580,760
394026,Reconnecting,0,0,21,53,0,0,12,1016,462,759,462,760
394273,Reconnecting,0,0,21,53,0,0,12,1016,462,759,462,760
394523,Reconnecting,0,0,21,53,0,0,12,1016,462,759,462,760
394771,Reconnecting,0,0,21,53,0,0,12,1016,462,759,462,760
395021,Reconnecting,0,0,21,53,0,0,12,1016,462,759,462,760
395269,Reconnecting,0,0,21,53,0,0,12,1016,462,759,462,760
395520,Reconnecting,0,0,21,53,0,0,12,1016,462,759,462,760
395767,Reconnecting,0,0,21,53,0,0,12,1016,462,759,462,760
396015,Reconnecting,0,0,21,53,0,0,12,1016,462,759,462,760
396266,Reconnecting,0,0,21,53,0,0,12,1016,462,759,462,760
396515,Reconnecting,0,0,21,53,0,0,12,1016,462,759,462,760
396765,Reconnecting,0,0,21,53,0,0,12,1016,462,759,462,760
397013,Reconnecting,0,0,21,53,0,0,12,1016,462,759,462,760
397262,Reconnecting,0,0,21,53,0,0,12,1016,462,759,462,760
397512,Reconnecting,0,0,21,53,0,0,12,1016,462,759,462,760
397758,Reconnecting,0,0,21,53,0,0,12,1016,462,759,462,760
398005,Reconnecting,0,0,21,53,0,0,12,1016,462,759,462,760
398253,Reconnecting,0,0,21,53,0,0,12,1016,462,759,462,760
398502,Reconnecting,0,0,21,53,0,0,12,1016,462,759,462,760
398751,Reconnecting,0,0,21,53,0,0,12,1016,462,759,462,760
399060,Reconnecting,0,0,21,53,0,0,13,1016,462,759,462,760
399311,Reconnecting,0,0,21,53,0,0,13,1019,1,759,462,760
399559,Reconnecting,0,0,21,53,0,0,13,1024,0,759,462,760
399806,Reconnecting,0,0,21,53,0,0,13,1024,0,759,462,760
400057,Reconnecting,0,0,21,53,0,0,13,1024,0,759,462,760
400307,Reconnecting,0,0,21,53,0,0,13,1024,0,759,462,760
400556,Reconnecting,0,0,21,53,0,0,13,1024,0,759,462,760
400806,Reconnecting,0,0,21,53,0,0,13,1024,0,759,462,760
401055,Reconnecting,0,0,21,53,0,0,13,1024,0,759,462,760
401305,Reconnecting,0,0,21,53,0,0,13,1024,0,759,462,760
401556,Reconnecting,0,0,21,53,0,0,13,1024,0,759,462,760
401806,Reconnecting,0,0,21,53,0,0,13,1024,0,759,462,760
402055,Reconnecting,0,0,21,53,0,0,13,1024,0,759,462,760
402303,Reconnecting,0,0,21,53,0,0,13,1024,0,759,462,760
402552,Reconnecting,0,0,21,53,0,0,13,1024,0,759,462,760
402802,Reconnecting,0,0,21,53,0,0,13,1024,0,759,462,760
403049,Reconnecting,0,0,21,53,0,0,13,1024,0,759,462,760
403297,Reconnecting,0,0,21,53,0,0,13,1024,0,759,462,760
403547,Reconnecting,0,0,21,53,0,0,13,1024,0,759,462,760
403795,Reconnecting,0,0,21,53,0,0,13,1024,0,759,462,760
404044,Reconnecting,0,0,21,53,0,0,13,1024,0,759,462,760
404294,Reconnecting,0,0,21,53,0,0,13,1024,0,759,462,760
404547,Reconnecting,0,0,21,53,0,0,14,1024,0,759,462,760
404794,Reconnecting,0,0,21,53,0,0,14,1024,0,759,462,760
405044,Reconnecting,0,0,21,53,0,0,14,1027,0,759,462,760
405293,Reconnecting,0,0,21,53,0,0,14,1030,0,759,462,760
405541,Reconnecting,0,0,21,53,0,0,14,1030,0,759,462,760
405791,Reconnecting,0,0,21,53,0,0,14,1030,0,759,462,760
406041,Reconnecting,0,0,21,53,0,0,14,1030,0,759,462,760
406291,Reconnecting,0,0,21,53,0,0,14,1030,0,759,462,760
406539,Reconnecting,0,0,21,53,0,0,14,1030,0,759,462,760
406788,Reconnecting,0,0,21,53,0,0,14,1030,0,759,462,760
407037,Reconnecting,0,0,21,53,0,0,14,1030,0,759,462,760
407287,Reconnecting,0,0,21,53,0,0,14,1030,0,759,462,760
407535,Reconnecting,0,0,21,53,0,0,14,1030,0,759,462,760
407784,Reconnecting,0,0,21,53,0,0,14,1030,0,759,462,760
408034,Reconnecting,0,0,21,53,0,0,14,1030,0,759,462,760
408282,Reconnecting,0,0,21,53,0,0,14,1030,0,759,462,760
408530,Reconnecting,0,0,21,53,0,0,14,1030,0,759,462,760
408780,Reconnecting,0,0,21,53,0,0,14,1030,0,759,462,760
409030,Reconnecting,0,0,21,53,0,0,14,1030,0,759,462,760
409276,Reconnecting,0,0,21,53,0,0,14,1030,0,759,462,760
409523,Reconnecting,0,0,21,53,0,0,14,1030,0,759,462,760
409774,Reconnecting,0,0,21,53,0,0,14,1030,0,759,462,760
410024,Reconnecting,0,0,21,53,0,0,14,1030,0,759,462,760
410275,Reconnecting,0,0,21,53,0,0,15,1030,0,759,462,760
410524,Reconnecting,0,0,21,53,0,0,15,1033,0,759,462,760
410773,Reconnecting,119808,339,21,53,0,0,15,1038,0,759,0,760
411022,Reconnecting,967680,2742,21,53,0,0,15,1046,0,759,0,760
411272,Playing,3049472,8643,21,53,0,0,15,1068,0,759,0,760
411522,Playing,3033088,8597,21,53,0,0,15,1069,186,759,186,760
411773,Playing,2942976,8341,21,53,0,0,15,1069,186,759,186,760
412019,Playing,2925568,8292,21,53,0,0,15,1070,373,759,373,760
412267,Playing,2835456,8037,21,53,0,0,15,1070,373,759,373,760
412515,Playing,2818048,7987,21,53,0,0,15,1071,540,759,540,760
412765,Playing,2727936,7732,21,53,0,0,15,1071,540,759,540,760
413013,Playing,2702336,7659,21,53,0,0,15,1072,447,759,447,760
413262,Playing,2620416,7427,21,53,0,0,15,1072,447,759,447,760
413510,Playing,2594816,7354,21,53,0,0,15,1073,572,759,573,760
413760,Playing,2504704,7099,21,53,0,0,15,1073,572,759,573,760
414007,Playing,2478080,7024,21,53,0,0,15,1074,451,759,451,760
414255,Playing,2387968,6768,21,53,0,0,15,1074,451,759,451,760
414505,Playing,2353152,6669,21,53,0,0,15,1075,532,759,532,760
414753,Playing,2271232,6437,21,53,0,0,15,1075,532,759,532,760
415062,Playing,2211840,6269,21,53,0,0,15,1076,447,759,447,760
415312,Playing,2129920,6037,21,53,0,0,15,1076,447,759,447,760
415560,Playing,2095104,5938,21,53,0,0,15,1077,532,759,532,760
415807,Playing,2051072,5813,21,53,0,0,15,1078,454,759,454,760
416056,Playing,1969152,5581,21,53,0,0,15,1078,454,759,454,760
416304,Playing,1879040,5326,21,53,0,0,15,1078,454,759,454,760
416552,Playing,1908736,5410,21,53,0,0,15,1079,626,759,627,760
416801,Playing,1826816,5178,21,53,0,0,15,1079,626,759,627,760
417049,Playing,1856512,5262,21,53,0,0,15,1080,455,759,455,760
417297,Playing,1766400,5006,21,53,0,0,15,1080,455,759,455,760
417545,Playing,1758208,4983,21,53,0,0,15,1082,0,759,0,760
417795,Playing,1668096,4728,21,53,0,0,15,1082,0,759,0,760
418045,Playing,1697792,4812,21,53,0,0,15,1083,440,759,441,760
418294,Playing,1607680,4556,21,53,0,0,15,1083,440,759,441,760
418544,Playing,1645568,4664,21,53,0,0,15,1084,486,759,486,760
418793,Playing,1555456,4408,21,53,0,0,15,1084,486,759,486,760
419040,Playing,1585152,4493,21,53,0,0,15,1085,439,759,439,760
419291,Playing,1503232,4260,21,53,0,0,15,1085,439,759,439,760
419540,Playing,1532928,4345,21,53,0,0,15,1086,520,759,520,760
419787,Playing,1442816,4089,21,53,0,0,15,1086,520,759,520,760
420036,Playing,1472512,4173,21,53,0,0,15,1087,439,759,439,760
420285,Playing,1390592,3941,21,53,0,0,15,1087,439,759,439,760
420536,Playing,1420288,4025,21,53,0,0,15,1088,533,759,533,760
420786,Playing,1330176,3770,21,53,0,0,15,1088,533,759,533,760
421035,Playing,1368064,3877,21,53,0,0,15,1089,452,759,452,760
421284,Playing,1277952,3622,21,53,0,0,15,1089,452,759,452,760
421531,Playing,1307648,3706,21,53,0,0,15,1090,570,759,570,760
421780,Playing,1225728,3474,21,53,0,0,15,1090,570,759,570,760
422031,Playing,1264640,3584,21,53,0,0,15,1091,452,759,453,760
422281,Playing,1174528,3329,21,53,0,0,15,1091,452,759,453,760
422530,Playing,1204224,3413,21,53,0,0,15,1092,567,759,568,760
422780,Playing,1122304,3181,21,53,0,0,15,1092,567,759,568,760
423028,Playing,1161216,3291,21,53,0,0,15,1093,429,759,430,760
423277,Playing,1071104,3036,21,53,0,0,15,1093,429,759,430,760
423531,Playing,1100800,3120,21,53,0,0,15,1094,491,759,492,760
423780,Playing,1018880,2887,21,53,0,0,15,1094,491,759,492,760
424029,Playing,1048576,2972,21,53,0,0,15,1095,456,759,456,760
424281,Playing,958464,2716,21,53,0,0,15,1095,456,759,456,760
424531,Playing,988160,2800,21,53,0,0,15,1096,624,759,624,760
424780,Playing,906240,2568,21,53,0,0,15,1096,624,759,624,760
425028,Playing,926720,2626,21,53,0,0,15,1097,456,759,456,760
425280,Playing,836608,2371,21,53,0,0,15,1097,456,759,456,760
425528,Playing,865280,2452,21,53,0,0,15,1098,521,759,521,760
425777,Playing,775168,2197,21,53,0,0,15,1098,521,759,521,760
426026,Playing,804864,2281,21,53,0,0,15,1099,442,759,442,760
426274,Playing,722944,2049,21,53,0,0,15,1099,442,759,442,760
426521,Playing,752640,2133,21,53,0,0,15,1100,571,759,571,760
426770,Playing,662528,1877,21,53,0,0,15,1100,571,759,571,760
427018,Playing,700416,1985,21,53,0,0,15,1101,441,759,442,760
427267,Playing,610304,1729,21,53,0,0,15,1101,441,759,442,760
427515,Playing,640000,1814,21,53,0,0,15,1102,445,759,445,760
427763,Playing,687104,1947,21,53,0,0,15,1103,441,759,442,760
428012,Playing,596992,1692,21,53,0,0,15,1103,441,759,442,760
428263,Playing,626688,1776,21,53,0,0,15,1104,447,759,447,760
428512,Playing,536576,1520,21,53,0,0,15,1104,447,759,447,760
428761,Playing,574464,1628,21,53,0,0,15,1105,464,759,464,760
429010,Playing,484352,1372,21,53,0,0,15,1105,464,759,464,760
429259,Playing,514048,1457,21,53,0,0,15,1106,495,759,495,760
429510,Playing,432128,1224,21,53,0,0,15,1106,495,759,495,760
429759,Playing,461824,1309,21,53,0,0,15,1107,496,759,496,760
430007,Playing,371712,1053,21,53,0,0,15,1107,496,759,496,760
430255,Playing,409600,1160,21,53,0,0,15,1108,495,759,496,760
430505,Playing,319488,905,21,53,0,0,15,1108,495,759,496,760
430752,Playing,349184,989,21,53,0,0,15,1109,495,759,495,760
431002,Playing,259072,734,21,53,0,0,15,1109,495,759,495,760
431252,Playing,296960,841,21,53,0,0,15,1110,495,759,496,760
431502,Playing,206848,586,21,53,0,0,15,1110,495,759,496,760
431751,Playing,245760,696,21,53,0,0,15,1111,497,759,497,760
432059,Playing,139264,394,21,53,0,0,15,1111,497,759,497,760
432308,Playing,178176,505,21,53,0,0,15,1112,494,759,495,760
432558,Playing,96256,272,21,53,0,0,15,1112,494,759,495,760
432807,Playing,135168,383,21,53,0,0,15,1113,497,759,497,760
433057,Playing,45056,127,21,53,0,0,15,1113,497,759,497,760
433307,Playing,83968,238,21,53,0,0,15,1114,496,759,496,760
433557,Playing,2048,5,21,53,0,0,15,1114,496,759,496,760
433806,Buffering,129024,365,22,53,0,0,15,1115,494,759,495,760
434056,Buffering,129024,365,22,53,0,0,15,1115,494,759,495,760
434303,Buffering,258048,731,22,53,0,0,15,1116,469,759,469,760
434556,Buffering,258048,731,22,53,0,0,15,1116,469,759,469,760
434802,Buffering,322560,914,22,54,0,0,15,1117,497,759,498,760
435071,Buffering,224256,635,22,54,0,0,15,1117,497,759,498,760
435283,Buffering,307200,870,22,54,0,0,15,1118,495,759,495,760
435529,Buffering,225280,638,22,54,0,0,15,1118,495,759,495,760
435780,Buffering,291840,827,22,54,0,0,15,1119,494,759,495,760
436030,Buffering,201728,571,22,54,0,0,15,1119,494,759,495,760
436278,Buffering,259072,734,22,54,0,0,15,1120,496,759,496,760
436529,Buffering,168960,478,22,54,0,0,15,1120,496,759,496,760
436778,Buffering,234496,664,22,54,0,0,15,1121,496,759,496,760
437026,Buffering,144384,409,22,54,0,0,15,1121,496,759,496,760
437274,Buffering,201728,571,22,54,0,0,15,1122,495,759,495,760
437521,Buffering,119808,339,22,54,0,0,15,1122,495,759,495,760
437773,Buffering,177152,502,22,54,0,0,15,1123,497,759,498,760
438023,Buffering,87040,246,22,54,0,0,15,1123,497,759,498,760
438272,Buffering,144384,409,22,54,0,0,15,1124,494,759,494,760
438519,Buffering,62464,177,22,54,0,0,15,1124,494,759,494,760
438768,Buffering,129024,365,22,54,0,0,15,1125,523,759,523,760
439015,Buffering,47104,133,22,54,0,0,15,1125,523,759,523,760
439266,Buffering,113664,322,22,54,0,0,15,1126,495,759,495,760
439516,Buffering,23552,66,22,54,0,0,15,1126,495,759,495,760
439762,Buffering,80896,229,22,54,0,0,15,1127,495,759,495,760
440010,Buffering,0,0,22,54,0,0,15,1127,495,759,495,760
440259,Playing,72704,206,22,55,0,0,15,1128,495,759,495,760
440507,Playing,0,0,22,55,0,0,15,1128,495,759,495,760
440757,Buffering,138240,391,23,55,0,0,15,1129,470,759,470,760
441006,Buffering,138240,391,23,55,0,0,15,1129,470,759,470,760
441255,Buffering,276480,783,23,55,0,0,15,1130,495,759,495,760
441501,Buffering,276480,783,23,55,0,0,15,1130,495,759,495,760
441812,Buffering,316416,896,23,56,0,0,15,1131,495,759,496,760
442001,Buffering,250880,711,23,56,0,0,15,1131,495,759,496,760
442250,Buffering,299008,847,23,56,0,0,15,1132,496,759,496,760
442560,Buffering,321536,911,23,56,0,0,15,1133,496,759,497,760
442809,Buffering,231424,655,23,56,0,0,15,1133,496,759,497,760
443057,Buffering,287744,815,23,56,0,0,15,1134,494,759,494,760
443307,Buffering,197632,560,23,56,0,0,15,1134,494,759,494,760
443555,Buffering,236544,670,23,56,0,0,15,1135,499,759,499,760
443805,Buffering,154624,438,23,56,0,0,15,1135,499,759,499,760
444052,Buffering,193536,548,23,56,0,0,15,1136,492,759,492,760
444298,Buffering,103424,293,23,56,0,0,15,1136,492,759,492,760
444547,Buffering,150528,426,23,56,0,0,15,1137,495,759,496,760
444793,Buffering,60416,171,23,56,0,0,15,1137,495,759,496,760
445041,Buffering,138240,391,23,56,0,0,15,1138,496,759,496,760
445290,Buffering,138240,391,23,56,0,0,15,1138,496,759,496,760
445536,Buffering,267264,757,23,56,0,0,15,1139,496,759,497,760
445785,Buffering,267264,757,23,56,0,0,15,1139,496,759,497,760
446032,Buffering,378880,1073,23,57,0,0,15,1140,494,759,494,760
446278,Buffering,288768,818,23,57,0,0,15,1140,494,759,494,760
446526,Buffering,326656,925,23,57,0,0,15,1141,495,759,496,760
446774,Buffering,236544,670,23,57,0,0,15,1141,495,759,496,760
447019,Buffering,266240,754,23,57,0,0,15,1142,497,759,498,760
447266,Buffering,184320,522,23,57,0,0,15,1142,497,759,498,760
447515,Buffering,214016,606,23,57,0,0,15,1143,500,759,500,760
447765,Buffering,123904,351,23,57,0,0,15,1143,500,759,500,760
448015,Buffering,161792,458,23,57,0,0,15,1144,489,759,490,760
448265,Buffering,71680,203,23,57,0,0,15,1144,489,759,490,760
448512,Playing,103424,293,23,58,0,0,15,1145,497,759,497,760
448761,Playing,21504,60,23,58,0,0,15,1145,497,759,497,760
449009,Buffering,129024,365,24,58,0,0,15,1146,495,759,495,760
449258,Buffering,129024,365,24,58,0,0,15,1146,495,759,495,760
449505,Buffering,230400,653,24,58,0,0,15,1147,469,759,469,760
449755,Buffering,230400,653,24,58,0,0,15,1147,469,759,469,760
450007,Buffering,331776,940,24,58,0,0,15,1148,496,759,496,760
450253,Buffering,331776,940,24,58,0,0,15,1148,496,759,496,760
450502,Buffering,408576,1158,24,59,0,0,15,1149,495,759,496,760
450751,Buffering,318464,902,24,59,0,0,15,1149,495,759,496,760
451061,Buffering,313344,888,24,59,0,0,15,1150,495,759,495,760
451310,Buffering,223232,632,24,59,0,0,15,1150,495,759,495,760
451561,Buffering,234496,664,24,59,0,0,15,1151,531,759,531,760
451752,Buffering,168960,478,24,59,0,0,15,1151,531,759,531,760
452057,Buffering,163840,464,24,59,0,0,15,1152,460,759,461,760
452305,Buffering,73728,208,24,59,0,0,15,1152,460,759,461,760
452554,Buffering,93184,264,24,59,0,0,15,1153,606,759,606,760
452805,Buffering,3072,8,24,59,0,0,15,1153,606,759,606,760
453056,Buffering,92160,261,24,59,0,0,15,1154,444,759,444,760
453306,Buffering,92160,261,24,59,0,0,15,1154,444,759,444,760
453555,Buffering,92160,261,24,59,0,0,15,1154,444,759,444,760
453803,Buffering,184320,522,24,59,0,0,15,1155,724,759,724,760
454051,Buffering,184320,522,24,59,0,0,15,1155,724,759,724,760
454300,Reconnecting,0,0,24,60,0,0,15,1156,442,759,442,760
454549,Reconnecting,0,0,24,60,0,0,15,1156,442,759,442,760
454800,Reconnecting,0,0,24,60,0,0,15,1156,442,759,442,760
455048,Reconnecting,0,0,24,60,0,0,15,1156,442,759,442,760
455297,Reconnecting,0,0,24,60,0,0,15,1156,442,759,442,760
455547,Reconnecting,0,0,24,60,0,0,15,1156,442,759,442,760
455793,Reconnecting,0,0,24,60,0,0,15,1156,442,759,442,760
456042,Reconnecting,0,0,24,60,0,0,15,1156,442,759,442,760
456289,Reconnecting,0,0,24,60,0,0,15,1156,442,759,442,760
456538,Reconnecting,0,0,24,60,0,0,15,1156,442,759,442,760
456785,Reconnecting,0,0,24,60,0,0,15,1156,442,759,442,760
457032,Reconnecting,0,0,24,60,0,0,15,1156,442,759,442,760
457282,Reconnecting,0,0,24,60,0,0,15,1156,442,759,442,760
457531,Reconnecting,0,0,24,60,0,0,15,1156,442,759,442,760
457781,Reconnecting,0,0,24,60,0,0,15,1156,442,759,442,760
458029,Reconnecting,0,0,24,60,0,0,15,1156,442,759,442,760
458277,Reconnecting,0,0,24,60,0,0,15,1156,442,759,442,760
458528,Reconnecting,0,0,24,60,0,0,15,1156,442,759,442,760
458777,Reconnecting,0,0,24,60,0,0,15,1156,442,759,442,760
459026,Reconnecting,0,0,24,60,0,0,15,1156,442,759,442,760
459276,Reconnecting,0,0,24,60,0,0,16,1156,442,759,442,760
459525,Reconnecting,0,0,24,60,0,0,16,1156,442,759,442,760
459773,Reconnecting,276480,783,24,60,0,0,16,1165,0,759,0,760
460023,Reconnecting,525312,1488,24,60,0,0,16,1168,0,759,0,760
460272,Reconnecting,1133568,3213,24,60,0,0,16,1175,0,759,0,760
460521,Playing,3207168,9090,24,60,0,0,16,1194,0,759,0,760
460769,Playing,3512320,9955,24,60,0,0,16,1197,0,759,0,760
461016,Playing,3542016,10039,24,60,0,0,16,1198,317,759,317,760
461264,Playing,3451904,9784,24,60,0,0,16,1198,317,759,317,760
461514,Playing,3489792,9891,24,60,0,0,16,1199,582,759,582,760
461764,Playing,3399680,9636,24,60,0,0,16,1199,582,759,582,760
462013,Playing,3429376,9720,24,60,0,0,16,1200,452,759,453,760
462261,Playing,3347456,9488,24,60,0,0,16,1200,452,759,453,760
462510,Playing,3367936,9546,24,60,0,0,16,1201,578,759,578,760
462759,Playing,3277824,9290,24,60,0,0,16,1201,578,759,578,760
463009,Playing,3289088,9322,24,60,0,0,16,1202,453,759,453,760
463259,Playing,3207168,9090,24,60,0,0,16,1202,453,759,453,760
463508,Playing,3117056,8835,24,60,0,0,16,1202,453,759,453,760
463755,Playing,3136512,8890,24,60,0,0,16,1203,685,759,685,760
464005,Playing,3046400,8634,24,60,0,0,16,1203,685,759,685,760
464251,Playing,3057664,8666,24,60,0,0,16,1204,458,759,458,760
464501,Playing,2967552,8411,24,60,0,0,16,1204,458,759,458,760
464811,Playing,2962432,8396,24,60,0,0,16,1205,458,759,458,760
465060,Playing,2880512,8164,24,60,0,0,16,1205,458,759,458,760
465309,Playing,2882560,8170,24,60,0,0,16,1207,0,759,1,760
465557,Playing,2792448,7915,24,60,0,0,16,1207,0,759,1,760
465805,Playing,2811904,7970,24,60,0,0,16,1208,495,759,496,760
466053,Playing,2721792,7714,24,60,0,0,16,1208,495,759,496,760
466302,Playing,2733056,7746,24,60,0,0,16,1209,495,759,495,760
466552,Playing,2642944,7491,24,60,0,0,16,1209,495,759,495,760
466800,Playing,2653184,7520,24,60,0,0,16,1210,495,759,495,760
467051,Playing,2563072,7264,24,60,0,0,16,1210,495,759,495,760
467300,Playing,2565120,7270,24,60,0,0,16,1211,497,759,497,760
467548,Playing,2483200,7038,24,60,0,0,16,1211,497,759,497,760
467795,Playing,2485248,7044,24,60,0,0,16,1212,495,759,495,760
468046,Playing,2395136,6788,24,60,0,0,16,1212,495,759,495,760
468295,Playing,2405376,6817,24,60,0,0,16,1213,497,759,497,760
468542,Playing,2398208,6797,24,60,0,0,16,1214,468,759,468,760
468793,Playing,2308096,6542,24,60,0,0,16,1214,468,759,468,760
469042,Playing,2309120,6545,24,60,0,0,16,1215,496,759,496,760
469291,Playing,2219008,6289,24,60,0,0,16,1215,496,759,496,760
469538,Playing,2211840,6269,24,60,0,0,16,1216,495,759,495,760
469791,Playing,2129920,6037,24,60,0,0,16,1216,495,759,495,760
470039,Playing,2113536,5990,24,60,0,0,16,1217,495,759,495,760
470288,Playing,2023424,5735,24,60,0,0,16,1217,495,759,495,760
470536,Playing,2015232,5712,24,60,0,0,16,1218,496,759,497,760
470786,Playing,1925120,5456,24,60,0,0,16,1218,496,759,497,760
471035,Playing,1908736,5410,24,60,0,0,16,1219,495,759,495,760
471284,Playing,1818624,5154,24,60,0,0,16,1219,495,759,495,760
471532,Playing,1810432,5131,24,60,0,0,16,1220,495,759,496,760
471780,Playing,1720320,4876,24,60,0,0,16,1220,495,759,496,760
472031,Playing,1703936,4829,24,60,0,0,16,1221,496,759,497,760
472280,Playing,1622016,4597,24,60,0,0,16,1221,496,759,497,760
472528,Playing,1605632,4551,24,60,0,0,16,1222,495,759,496,760
472776,Playing,1515520,4295,24,60,0,0,16,1222,495,759,496,760
473027,Playing,1479680,4194,24,60,0,0,16,1224,3,759,3,760
473276,Playing,1389568,3938,24,60,0,0,16,1224,3,759,3,760
473526,Playing,1363968,3866,24,60,0,0,16,1225,493,759,493,760
473776,Playing,1273856,3610,24,60,0,0,16,1225,493,759,493,760
474025,Playing,1256448,3561,24,60,0,0,16,1226,495,759,496,760
474272,Playing,1166336,3305,24,60,0,0,16,1226,495,759,496,760
474522,Playing,1148928,3256,24,60,0,0,16,1227,495,759,495,760
474772,Playing,1058816,3001,24,60,0,0,16,1227,495,759,495,760
475022,Playing,1033216,2928,24,60,0,0,16,1228,497,759,497,760
475271,Playing,943104,2673,24,60,0,0,16,1228,497,759,497,760
475519,Playing,925696,2623,24,60,0,0,16,1229,495,759,495,760
475767,Playing,835584,2368,24,60,0,0,16,1229,495,759,495,760
476016,Playing,809984,2295,24,60,0,0,16,1230,496,759,496,760
476267,Playing,728064,2063,24,60,0,0,16,1230,496,759,496,760
476519,Playing,739328,2095,24,60,0,0,16,1232,0,759,1,760
476767,Playing,649216,1840,24,60,0,0,16,1232,0,759,1,760
477015,Playing,631808,1790,24,60,0,0,16,1233,493,759,494,760
477265,Playing,541696,1535,24,60,0,0,16,1233,493,759,494,760
477513,Playing,506880,1436,24,60,0,0,16,1234,497,759,497,760
477761,Playing,416768,1181,24,60,0,0,16,1234,497,759,497,760
478011,Playing,380928,1079,24,60,0,0,16,1235,467,759,467,760
478259,Playing,290816,824,24,60,0,0,16,1235,467,759,467,760
478509,Playing,320512,908,24,60,0,0,16,1236,496,759,497,760
478759,Playing,238592,676,24,60,0,0,16,1236,496,759,497,760
479008,Playing,268288,760,24,60,0,0,16,1237,495,759,495,760
479252,Playing,178176,505,24,60,0,0,16,1237,495,759,495,760
479562,Playing,191488,542,24,60,0,0,16,1238,495,759,495,760
479810,Playing,101376,287,24,60,0,0,16,1238,495,759,495,760
480058,Playing,139264,394,24,60,0,0,16,1239,497,759,497,760
480309,Playing,49152,139,24,60,0,0,16,1239,497,759,497,760
480559,Playing,78848,223,24,60,0,0,16,1240,495,759,495,760
480807,Playing,0,0,24,60,0,0,16,1240,495,759,495,760
481055,Buffering,119808,339,25,60,0,0,16,1241,495,759,496,760
481305,Buffering,119808,339,25,60,0,0,16,1241,495,759,496,760
481552,Buffering,239616,679,25,60,0,0,16,1242,496,759,496,760
481798,Buffering,239616,679,25,60,0,0,16,1242,496,759,496,760
482049,Buffering,310272,879,25,61,0,0,16,1243,496,759,497,760
482297,Buffering,228352,647,25,61,0,0,16,1243,496,759,497,760
482545,Buffering,258048,731,25,61,0,0,16,1244,496,759,496,760
482797,Buffering,167936,476,25,61,0,0,16,1244,496,759,496,760
483043,Buffering,205824,583,25,61,0,0,16,1245,494,759,495,760
483291,Buffering,115712,327,25,61,0,0,16,1245,494,759,495,760
483540,Buffering,145408,412,25,61,0,0,16,1246,495,759,495,760
483788,Buffering,63488,179,25,61,0,0,16,1246,495,759,495,760
484039,Buffering,93184,264,25,61,0,0,16,1247,497,759,497,760
484289,Buffering,3072,8,25,61,0,0,16,1247,497,759,497,760
484539,Buffering,119808,339,25,61,0,0,16,1248,496,759,496,760
484790,Buffering,119808,339,25,61,0,0,16,1248,496,759,496,760
485039,Buffering,239616,679,25,61,0,0,16,1249,494,759,495,760
485288,Buffering,239616,679,25,61,0,0,16,1249,494,759,495,760
485537,Buffering,302080,856,25,62,0,0,16,1250,495,759,495,760
485785,Buffering,220160,624,25,62,0,0,16,1250,495,759,495,760
486034,Buffering,249856,708,25,62,0,0,16,1251,496,759,496,760
486282,Buffering,159744,452,25,62,0,0,16,1251,496,759,496,760
486532,Buffering,197632,560,25,62,0,0,16,1252,497,759,497,760
486781,Buffering,107520,304,25,62,0,0,16,1252,497,759,497,760
487027,Buffering,128000,362,25,62,0,0,16,1253,495,759,495,760
487277,Buffering,46080,130,25,62,0,0,16,1253,495,759,495,760
487528,Buffering,75776,214,25,62,0,0,16,1254,469,759,469,760
487778,Buffering,0,0,25,62,0,0,16,1254,469,759,469,760
488026,Playing,54272,153,25,63,0,0,16,1255,495,759,496,760
488276,Playing,0,0,25,63,0,0,16,1255,495,759,496,760
488522,Buffering,119808,339,26,63,0,0,16,1256,495,759,495,760
488770,Buffering,119808,339,26,63,0,0,16,1256,495,759,495,760
489018,Buffering,239616,679,26,63,0,0,16,1257,496,759,496,760
489265,Buffering,239616,679,26,63,0,0,16,1257,496,759,496,760
489515,Buffering,293888,833,26,64,0,0,16,1258,495,759,495,760
489761,Buffering,203776,577,26,64,0,0,16,1258,495,759,495,760
490010,Buffering,233472,661,26,64,0,0,16,1259,496,759,496,760
490256,Buffering,151552,429,26,64,0,0,16,1259,496,759,496,760
490506,Buffering,181248,513,26,64,0,0,16,1260,496,759,496,760
490756,Buffering,91136,258,26,64,0,0,16,1260,496,759,496,760
491004,Buffering,64512,182,26,64,0,0,16,1262,2,759,2,760
491251,Buffering,0,0,26,64,0,0,16,1262,2,759,2,760
491500,Buffering,129024,365,26,64,0,0,16,1263,492,759,492,760
491810,Buffering,129024,365,26,64,0,0,16,1263,492,759,492,760
492059,Buffering,248832,705,26,64,0,0,16,1264,496,759,496,760
492309,Buffering,248832,705,26,64,0,0,16,1264,496,759,496,760
492557,Buffering,278528,789,26,65,0,0,16,1265,496,759,497,760
492807,Buffering,308224,873,26,65,0,0,16,1266,494,759,495,760
493057,Buffering,226304,641,26,65,0,0,16,1266,494,759,495,760
493306,Buffering,256000,725,26,65,0,0,16,1267,495,759,496,760
493555,Buffering,165888,470,26,65,0,0,16,1267,495,759,496,760
493803,Buffering,195584,554,26,65,0,0,16,1268,496,759,496,760
494052,Buffering,113664,322,26,65,0,0,16,1268,496,759,496,760
494301,Buffering,143360,406,26,65,0,0,16,1269,495,759,496,760
494549,Buffering,53248,150,26,65,0,0,16,1269,495,759,496,760
494799,Playing,129024,365,26,66,0,0,16,1270,495,759,496,760
495045,Playing,38912,110,26,66,0,0,16,1270,495,759,496,760
495294,Buffering,138240,391,27,66,0,0,16,1271,496,759,497,760
495542,Buffering,138240,391,27,66,0,0,16,1271,496,759,497,760
495790,Buffering,267264,757,27,66,0,0,16,1272,495,759,495,760
496038,Buffering,267264,757,27,66,0,0,16,1272,495,759,495,760
496288,Buffering,388096,1100,27,67,0,0,16,1273,469,759,469,760
496538,Buffering,297984,844,27,67,0,0,16,1273,469,759,469,760
496786,Buffering,309248,876,27,67,0,0,16,1275,0,759,0,760
497034,Buffering,227328,644,27,67,0,0,16,1275,0,759,0,760
497282,Buffering,247808,702,27,67,0,0,16,1277,1,759,1,760
497532,Buffering,165888,470,27,67,0,0,16,1277,1,759,1,760
497783,Buffering,214016,606,27,67,0,0,16,1278,494,759,494,760
498032,Buffering,123904,351,27,67,0,0,16,1278,494,759,494,760
498280,Buffering,181248,513,27,67,0,0,16,1279,494,759,494,760
498531,Buffering,99328,281,27,67,0,0,16,1279,494,759,494,760
498779,Buffering,156672,444,27,67,0,0,16,1280,495,759,496,760
499029,Buffering,66560,188,27,67,0,0,16,1280,495,759,496,760
499276,Buffering,86016,243,27,67,0,0,16,1282,0,759,0,760
499525,Buffering,0,0,27,67,0,0,16,1282,0,759,0,760
499775,Buffering,147456,417,27,67,0,0,16,1283,497,759,497,760
500021,Buffering,147456,417,27,67,0,0,16,1283,497,759,497,760
500271,Buffering,294912,835,27,67,0,0,16,1284,495,759,496,760
500520,Buffering,294912,835,27,67,0,0,16,1284,495,759,496,760
500769,Buffering,425984,1207,27,68,0,0,16,1285,494,759,494,760
501017,Buffering,335872,952,27,68,0,0,16,1285,494,759,494,760
501267,Buffering,393216,1114,27,68,0,0,16,1286,497,759,497,760
501514,Buffering,303104,859,27,68,0,0,16,1286,497,759,497,760
501765,Buffering,377856,1071,27,68,0,0,16,1287,520,759,521,760
502013,Buffering,287744,815,27,68,0,0,16,1287,520,759,521,760
502263,Buffering,345088,978,27,68,0,0,16,1288,495,759,495,760
502514,Buffering,254976,722,27,68,0,0,16,1288,495,759,495,760
502762,Buffering,311296,882,27,68,0,0,16,1289,470,759,471,760
503011,Buffering,221184,626,27,68,0,0,16,1289,470,759,471,760
503259,Buffering,269312,763,27,68,0,0,16,1290,495,759,495,760
503506,Buffering,187392,531,27,68,0,0,16,1290,495,759,495,760
503756,Buffering,235520,667,27,68,0,0,16,1291,495,759,495,760
504004,Buffering,145408,412,27,68,0,0,16,1291,495,759,495,760
504252,Buffering,201728,571,27,68,0,0,16,1292,496,759,497,760
504500,Buffering,111616,316,27,68,0,0,16,1292,496,759,497,760
504811,Buffering,143360,406,27,68,0,0,16,1293,495,759,495,760
505062,Buffering,53248,150,27,68,0,0,16,1293,495,759,495,760
505309,Buffering,110592,313,27,68,0,0,16,1294,495,759,496,760
505556,Buffering,28672,81,27,68,0,0,16,1294,495,759,496,760
505805,Reconnecting,0,0,27,69,0,0,16,1295,497,759,497,760
506054,Reconnecting,0,0,27,69,0,0,16,1295,497,759,497,760
506301,Reconnecting,0,0,27,69,0,0,16,1295,497,759,497,760
506546,Reconnecting,0,0,27,69,0,0,16,1295,497,759,497,760
506794,Reconnecting,0,0,27,69,0,0,16,1295,497,759,497,760
507043,Reconnecting,0,0,27,69,0,0,16,1295,497,759,497,760
507292,Reconnecting,0,0,27,69,0,0,16,1295,497,759,497,760
507540,Reconnecting,0,0,27,69,0,0,16,1295,497,759,497,760
507790,Reconnecting,0,0,27,69,0,0,16,1295,497,759,497,760
508039,Reconnecting,0,0,27,69,0,0,16,1295,497,759,497,760
508285,Reconnecting,0,0,27,69,0,0,16,1295,497,759,497,760
508534,Reconnecting,0,0,27,69,0,0,16,1295,497,759,497,760
508784,Reconnecting,0,0,27,69,0,0,16,1295,497,759,497,760
509033,Reconnecting,0,0,27,69,0,0,16,1295,497,759,497,760
509282,Reconnecting,0,0,27,69,0,0,16,1295,497,759,497,760
509529,Reconnecting,0,0,27,69,0,0,16,1295,497,759,497,760
509776,Reconnecting,0,0,27,69,0,0,16,1295,497,759,497,760
510025,Reconnecting,0,0,27,69,0,0,16,1295,497,759,497,760
510270,Reconnecting,0,0,27,69,0,0,16,1295,497,759,497,760
510517,Reconnecting,0,0,27,69,0,0,16,1295,497,759,497,760
510765,Reconnecting,0,0,27,69,0,0,16,1295,497,759,497,760
511014,Reconnecting,0,0,27,69,0,0,17,1295,497,759,497,760
511260,Reconnecting,0,0,27,69,0,0,17,1300,0,759,497,760
511509,Reconnecting,0,0,27,69,0,0,17,1305,0,759,497,760
511759,Reconnecting,0,0,27,69,0,0,17,1305,0,759,497,760
512009,Reconnecting,0,0,27,69,0,0,17,1305,0,759,497,760
512257,Reconnecting,0,0,27,69,0,0,17,1305,0,759,497,760
512506,Reconnecting,0,0,27,69,0,0,17,1305,0,759,497,760
512755,Reconnecting,0,0,27,69,0,0,17,1305,0,759,497,760
513004,Reconnecting,0,0,27,69,0,0,17,1305,0,759,497,760
513255,Reconnecting,0,0,27,69,0,0,17,1305,0,759,497,760
513504,Reconnecting,0,0,27,69,0,0,17,1305,0,759,497,760
513753,Reconnecting,0,0,27,69,0,0,17,1305,0,759,497,760
514001,Reconnecting,0,0,27,69,0,0,17,1305,0,759,497,760
514311,Reconnecting,0,0,27,69,0,0,17,1305,0,759,497,760
514560,Reconnecting,0,0,27,69,0,0,17,1305,0,759,497,760
514806,Reconnecting,0,0,27,69,0,0,17,1305,0,759,497,760
515055,Reconnecting,0,0,27,69,0,0,17,1305,0,759,497,760
515303,Reconnecting,0,0,27,69,0,0,17,1305,0,759,497,760
515551,Reconnecting,0,0,27,69,0,0,17,1305,0,759,497,760
515800,Reconnecting,0,0,27,69,0,0,17,1305,0,759,497,760
516048,Reconnecting,0,0,27,69,0,0,17,1305,0,759,497,760
516297,Reconnecting,0,0,27,69,0,0,17,1305,0,759,497,760
516546,Reconnecting,0,0,27,69,0,0,18,1305,0,759,497,760
516797,Reconnecting,0,0,27,69,0,0,18,1310,0,759,497,760
517042,Reconnecting,0,0,27,69,0,0,18,1315,0,759,497,760
517289,Reconnecting,0,0,27,69,0,0,18,1315,0,759,497,760
517537,Reconnecting,0,0,27,69,0,0,18,1315,0,759,497,760
517787,Reconnecting,0,0,27,69,0,0,18,1315,0,759,497,760
518035,Reconnecting,0,0,27,69,0,0,18,1315,0,759,497,760
518283,Reconnecting,0,0,27,69,0,0,18,1315,0,759,497,760
518531,Reconnecting,0,0,27,69,0,0,18,1315,0,759,497,760
518779,Reconnecting,0,0,27,69,0,0,18,1315,0,759,497,760
519030,Reconnecting,0,0,27,69,0,0,18,1315,0,759,497,760
519279,Reconnecting,0,0,27,69,0,0,18,1315,0,759,497,760
519527,Reconnecting,0,0,27,69,0,0,18,1315,0,759,497,760
519777,Reconnecting,0,0,27,69,0,0,18,1315,0,759,497,760
520027,Reconnecting,0,0,27,69,0,0,18,1315,0,759,497,760
520275,Reconnecting,0,0,27,69,0,0,18,1315,0,759,497,760
520526,Reconnecting,0,0,27,69,0,0,18,1315,0,759,497,760
520775,Reconnecting,0,0,27,69,0,0,18,1315,0,759,497,760
521022,Reconnecting,0,0,27,69,0,0,18,1315,0,759,497,760
521275,Reconnecting,0,0,27,69,0,0,18,1315,0,759,497,760
521522,Reconnecting,0,0,27,69,0,0,18,1315,0,759,497,760
521769,Reconnecting,0,0,27,69,0,0,18,1315,0,759,497,760
522018,Reconnecting,0,0,27,69,0,0,19,1315,0,759,497,760
522269,Reconnecting,0,0,27,69,0,0,19,1315,0,759,497,760
522516,Reconnecting,147456,417,27,69,0,0,19,1319,0,759,0,760
522766,Playing,1419264,4022,27,69,0,0,19,1334,0,759,0,760
523016,Playing,2600960,7372,27,69,0,0,19,1346,0,759,0,760
523265,Playing,3174400,8997,27,69,0,0,19,1357,0,759,0,760
523512,Playing,3092480,8765,27,69,0,0,19,1358,162,759,162,760
523761,Playing,3122176,8849,27,69,0,0,19,1359,318,759,319,760
524010,Playing,3032064,8594,27,69,0,0,19,1359,318,759,319,760
524257,Playing,3069952,8701,27,69,0,0,19,1360,532,759,533,760
524507,Playing,2979840,8446,27,69,0,0,19,1360,532,759,533,760
524757,Playing,3009536,8530,27,69,0,0,19,1361,456,759,456,760
525005,Playing,2919424,8275,27,69,0,0,19,1361,456,759,456,760
525255,Playing,2957312,8382,27,69,0,0,19,1362,511,759,512,760
525504,Playing,2867200,8126,27,69,0,0,19,1362,511,759,512,760
525752,Playing,2896896,8211,27,69,0,0,19,1363,459,759,459,760
526000,Playing,2814976,7978,27,69,0,0,19,1363,459,759,459,760
526310,Playing,2820096,7993,27,69,0,0,19,1364,611,759,611,760
526560,Playing,2729984,7738,27,69,0,0,19,1364,611,759,611,760
526808,Playing,2767872,7845,27,69,0,0,19,1365,458,759,458,760
527059,Playing,2677760,7590,27,69,0,0,19,1365,458,759,458,760
527306,Playing,2587648,7334,27,69,0,0,19,1365,458,759,458,760
527555,Playing,2625536,7441,27,69,0,0,19,1366,691,759,691,760
527804,Playing,2535424,7186,27,69,0,0,19,1366,691,759,691,760
528052,Playing,2555904,7244,27,69,0,0,19,1367,605,759,605,760
528303,Playing,2473984,7012,27,69,0,0,19,1367,605,759,605,760
528552,Playing,2503680,7096,27,69,0,0,19,1368,496,759,497,760
528803,Playing,2413568,6841,27,69,0,0,19,1368,496,759,497,760
529051,Playing,2451456,6948,27,69,0,0,19,1369,495,759,496,760
529298,Playing,2361344,6693,27,69,0,0,19,1369,495,759,496,760
529546,Playing,2391040,6777,27,69,0,0,19,1370,495,759,495,760
529794,Playing,2309120,6545,27,69,0,0,19,1370,495,759,495,760
530043,Playing,2338816,6629,27,69,0,0,19,1371,496,759,497,760
530293,Playing,2248704,6373,27,69,0,0,19,1371,496,759,497,760
530542,Playing,2278400,6458,27,69,0,0,19,1372,495,759,495,760
530792,Playing,2196480,6225,27,69,0,0,19,1372,495,759,495,760
531041,Playing,2226176,6310,27,69,0,0,19,1373,495,759,496,760
531288,Playing,2136064,6054,27,69,0,0,19,1373,495,759,496,760
531537,Playing,2173952,6161,27,69,0,0,19,1374,496,759,496,760
531786,Playing,2083840,5906,27,69,0,0,19,1374,496,759,496,760
532034,Playing,2113536,5990,27,69,0,0,19,1375,495,759,496,760
532284,Playing,2031616,5758,27,69,0,0,19,1375,495,759,496,760
532532,Playing,2061312,5842,27,69,0,0,19,1376,496,759,496,760
532780,Playing,1971200,5587,27,69,0,0,19,1376,496,759,496,760
533028,Playing,2009088,5694,27,69,0,0,19,1377,495,759,496,760
533276,Playing,1918976,5439,27,69,0,0,19,1377,495,759,496,760
533524,Playing,1948672,5523,27,69,0,0,19,1378,496,759,497,760
533773,Playing,1866752,5291,27,69,0,0,19,1378,496,759,497,760
534022,Playing,1896448,5375,27,69,0,0,19,1379,494,759,494,760
534274,Playing,1806336,5120,27,69,0,0,19,1379,494,759,494,760
534523,Playing,1836032,5204,27,69,0,0,19,1380,497,759,497,760
534771,Playing,1754112,4971,27,69,0,0,19,1380,497,759,497,760
535019,Playing,1783808,5056,27,69,0,0,19,1381,495,759,496,760
535267,Playing,1693696,4800,27,69,0,0,19,1381,495,759,496,760
535517,Playing,1731584,4908,27,69,0,0,19,1382,495,759,495,760
535768,Playing,1641472,4652,27,69,0,0,19,1382,495,759,495,760
536025,Playing,1671168,4736,27,69,0,0,19,1383,496,759,497,760
536267,Playing,1581056,4481,27,69,0,0,19,1383,496,759,497,760
536515,Playing,1618944,4588,27,69,0,0,19,1384,495,759,495,760
536777,Playing,1520640,4310,27,69,0,0,19,1384,495,759,495,760
537025,Playing,1558528,4417,27,69,0,0,19,1385,495,759,496,760
537317,Playing,1452032,4115,27,69,0,0,19,1385,495,759,496,760
537509,Playing,1506304,4269,27,69,0,0,19,1386,471,759,471,760
537759,Playing,1416192,4014,27,69,0,0,19,1386,471,759,471,760
538009,Playing,1372160,3889,27,69,0,0,19,1388,1,759,1,760
538270,Playing,1282048,3633,27,69,0,0,19,1388,1,759,1,760
538518,Playing,1329152,3767,27,69,0,0,19,1389,495,759,495,760
538771,Playing,1239040,3512,27,69,0,0,19,1389,495,759,495,760
539018,Playing,1277952,3622,27,69,0,0,19,1390,494,759,495,760
539265,Playing,1196032,3390,27,69,0,0,19,1390,494,759,495,760
539512,Playing,1234944,3500,27,69,0,0,19,1391,496,759,497,760
539763,Playing,1144832,3244,27,69,0,0,19,1391,496,759,497,760
540009,Playing,1191936,3378,27,69,0,0,19,1392,495,759,495,760
540258,Playing,1101824,3123,27,69,0,0,19,1392,495,759,495,760
540508,Playing,1149952,3259,27,69,0,0,19,1393,495,759,496,760
540756,Playing,1059840,3004,27,69,0,0,19,1393,495,759,496,760
541007,Playing,1116160,3163,27,69,0,0,19,1394,497,759,497,760
541256,Playing,1026048,2908,27,69,0,0,19,1394,497,759,497,760
541505,Playing,1074176,3044,27,69,0,0,19,1395,494,759,494,760
541753,Playing,992256,2812,27,69,0,0,19,1395,494,759,494,760
542001,Playing,1012736,2870,27,69,0,0,19,1397,2,759,2,760
542312,Playing,906240,2568,27,69,0,0,19,1397,2,759,2,760
542558,Playing,954368,2705,27,69,0,0,19,1398,493,759,494,760
542809,Playing,864256,2449,27,69,0,0,19,1398,493,759,494,760
543058,Playing,912384,2586,27,69,0,0,19,1399,495,759,496,760
543306,Playing,830464,2353,27,69,0,0,19,1399,495,759,496,760
543556,Playing,878592,2490,27,69,0,0,19,1400,495,759,495,760
543804,Playing,788480,2234,27,69,0,0,19,1400,495,759,495,760
544052,Playing,854016,2420,27,69,0,0,19,1401,497,759,498,760
544301,Playing,763904,2165,27,69,0,0,19,1401,497,759,498,760
544548,Playing,821248,2327,27,69,0,0,19,1402,494,759,494,760
544796,Playing,739328,2095,27,69,0,0,19,1402,494,759,494,760
545048,Playing,805888,2284,27,69,0,0,19,1403,495,759,496,760
545297,Playing,715776,2028,27,69,0,0,19,1403,495,759,496,760
545546,Playing,773120,2191,27,69,0,0,19,1404,496,759,496,760
545794,Playing,691200,1959,27,69,0,0,19,1404,496,759,496,760
546042,Playing,748544,2121,27,69,0,0,19,1405,495,759,496,760
546289,Playing,666624,1889,27,69,0,0,19,1405,495,759,496,760
546540,Playing,723968,2052,27,69,0,0,19,1406,495,759,495,760
546787,Playing,633856,1796,27,69,0,0,19,1406,495,759,495,760
547037,Playing,708608,2008,27,69,0,0,19,1407,496,759,497,760
547286,Playing,618496,1753,27,69,0,0,19,1407,496,759,497,760
547535,Playing,675840,1915,27,69,0,0,19,1408,495,759,495,760
547785,Playing,585728,1660,27,69,0,0,19,1408,495,759,495,760
548034,Playing,642048,1819,27,69,0,0,19,1409,495,759,496,760
548283,Playing,551936,1564,27,69,0,0,19,1409,495,759,496,760
548533,Playing,600064,1700,27,69,0,0,19,1410,496,759,497,760
548781,Playing,518144,1468,27,69,0,0,19,1410,496,759,497,760
549028,Playing,566272,1605,27,69,0,0,19,1411,495,759,495,760
549276,Playing,476160,1349,27,69,0,0,19,1411,495,759,495,760
549525,Playing,532480,1509,27,69,0,0,19,1412,497,759,497,760
549773,Playing,442368,1253,27,69,0,0,19,1412,497,759,497,760
550024,Playing,490496,1390,27,69,0,0,19,1413,493,759,494,760
550272,Playing,400384,1134,27,69,0,0,19,1413,493,759,494,760
550521,Playing,465920,1320,27,69,0,0,19,1414,496,759,497,760
550769,Playing,375808,1065,27,69,0,0,19,1414,496,759,497,760
551017,Playing,423936,1201,27,69,0,0,19,1415,495,759,495,760
551267,Playing,342016,969,27,69,0,0,19,1415,495,759,495,760
551518,Playing,390144,1105,27,69,0,0,19,1416,495,759,496,760
551765,Playing,300032,850,27,69,0,0,19,1416,495,759,496,760
552012,Playing,347136,983,27,69,0,0,19,1417,496,759,496,760
552261,Playing,257024,728,27,69,0,0,19,1417,496,759,496,760
552513,Playing,305152,864,27,69,0,0,19,1418,495,759,496,760
552760,Playing,343040,972,27,69,0,0,19,1419,469,759,469,760
553010,Playing,252928,716,27,69,0,0,19,1419,469,759,469,760
553259,Playing,282624,801,27,69,0,0,19,1420,496,759,497,760
553508,Playing,192512,545,27,69,0,0,19,1420,496,759,497,760
553756,Playing,230400,653,27,69,0,0,19,1421,495,759,496,760
554006,Playing,140288,397,27,69,0,0,19,1421,495,759,496,760
554254,Playing,179200,507,27,69,0,0,19,1422,495,759,495,760
554503,Playing,97280,275,27,69,0,0,19,1422,495,759,495,760
554754,Playing,126976,359,27,69,0,0,19,1423,496,759,496,760
555003,Playing,36864,104,27,69,0,0,19,1423,496,759,496,760
555252,Buffering,110592,313,28,69,0,0,19,1424,496,759,496,760
555500,Buffering,110592,313,28,69,0,0,19,1424,496,759,496,760
555811,Buffering,221184,626,28,69,0,0,19,1425,495,759,496,760
556059,Buffering,221184,626,28,69,0,0,19,1425,495,759,496,760
556309,Buffering,331776,940,28,69,0,0,19,1426,496,759,496,760
556557,Buffering,331776,940,28,69,0,0,19,1426,496,759,496,760
556809,Buffering,409600,1160,28,70,0,0,19,1427,495,759,495,760
557059,Buffering,319488,905,28,70,0,0,19,1427,495,759,495,760
557308,Buffering,339968,963,28,70,0,0,19,1428,497,759,497,760
557557,Buffering,258048,731,28,70,0,0,19,1428,497,759,497,760
557805,Buffering,278528,789,28,70,0,0,19,1429,496,759,496,760
558056,Buffering,188416,534,28,70,0,0,19,1429,496,759,496,760
558304,Buffering,207872,589,28,70,0,0,19,1430,501,759,501,760
558554,Buffering,117760,333,28,70,0,0,19,1430,501,759,501,760
558804,Buffering,138240,391,28,70,0,0,19,1431,488,759,488,760
559054,Buffering,48128,136,28,70,0,0,19,1431,488,759,488,760
559300,Buffering,101376,287,28,70,0,0,19,1432,496,759,497,760
559550,Buffering,101376,287,28,70,0,0,19,1432,496,759,497,760
559800,Buffering,202752,574,28,70,0,0,19,1433,495,759,496,760
560049,Buffering,202752,574,28,70,0,0,19,1433,495,759,496,760
560297,Buffering,304128,862,28,70,0,0,19,1434,495,759,495,760
560547,Buffering,304128,862,28,70,0,0,19,1434,495,759,495,760
560798,Buffering,364544,1033,28,71,0,0,19,1435,496,759,496,760
561045,Buffering,282624,801,28,71,0,0,19,1435,496,759,496,760
561292,Buffering,293888,833,28,71,0,0,19,1436,496,759,496,760
561540,Buffering,211968,600,28,71,0,0,19,1436,496,759,496,760
561789,Buffering,223232,632,28,71,0,0,19,1437,495,759,495,760
562040,Buffering,133120,377,28,71,0,0,19,1437,495,759,495,760
562287,Buffering,125952,357,28,71,0,0,19,1438,469,759,470,760
562535,Buffering,44032,124,28,71,0,0,19,1438,469,759,470,760
562783,Buffering,36864,104,28,71,0,0,19,1439,496,759,496,760
563030,Buffering,0,0,28,71,0,0,19,1439,496,759,496,760
563279,Buffering,82944,235,28,71,0,0,19,1440,495,759,496,760
563526,Buffering,82944,235,28,71,0,0,19,1440,495,759,496,760
563776,Playing,134144,380,28,72,0,0,19,1441,496,759,496,760
564025,Playing,44032,124,28,72,0,0,19,1441,496,759,496,760
564274,Playing,36864,104,28,72,0,0,19,1442,496,759,496,760
564526,Playing,0,0,28,72,0,0,19,1442,496,759,496,760
564774,Buffering,82944,235,29,72,0,0,19,1443,496,759,496,760
565022,Buffering,82944,235,29,72,0,0,19,1443,496,759,496,760
565270,Buffering,156672,444,29,72,0,0,19,1444,494,759,495,760
565519,Buffering,156672,444,29,72,0,0,19,1444,494,759,495,760
565781,Buffering,230400,653,29,72,0,0,19,1445,497,759,497,760
566030,Buffering,230400,653,29,72,0,0,19,1445,497,759,497,760
566279,Buffering,304128,862,29,72,0,0,19,1446,495,759,495,760
566527,Buffering,304128,862,29,72,0,0,19,1446,495,759,495,760
566777,Buffering,320512,908,29,73,0,0,19,1447,495,759,495,760
567024,Buffering,230400,653,29,73,0,0,19,1447,495,759,495,760
567274,Buffering,223232,632,29,73,0,0,19,1448,498,759,498,760
567524,Buffering,141312,400,29,73,0,0,19,1448,498,759,498,760
567772,Buffering,124928,354,29,73,0,0,19,1449,494,759,494,760
568020,Buffering,34816,98,29,73,0,0,19,1449,494,759,494,760
568270,Buffering,18432,52,29,73,0,0,19,1450,495,759,495,760
568519,Buffering,0,0,29,73,0,0,19,1450,495,759,495,760
568767,Buffering,101376,287,29,73,0,0,19,1452,0,759,0,760
569014,Buffering,101376,287,29,73,0,0,19,1452,0,759,0,760
569262,Buffering,165888,470,29,73,0,0,19,1453,495,759,495,760
569512,Buffering,165888,470,29,73,0,0,19,1453,495,759,495,760
569760,Buffering,230400,653,29,73,0,0,19,1454,495,759,495,760
570009,Buffering,230400,653,29,73,0,0,19,1454,495,759,495,760
570259,Playing,237568,673,29,74,0,0,19,1455,496,759,497,760
570508,Playing,147456,417,29,74,0,0,19,1455,496,759,497,760
570755,Playing,130048,368,29,74,0,0,19,1456,495,759,495,760
571005,Playing,39936,113,29,74,0,0,19,1456,495,759,495,760
571254,Playing,5120,14,29,74,0,0,19,1457,496,759,496,760
571501,Playing,0,0,29,74,0,0,19,1457,496,759,496,760
571751,Buffering,64512,182,30,74,0,0,19,1458,469,759,469,760
572060,Buffering,119808,339,30,74,0,0,19,1459,496,759,496,760
572307,Buffering,119808,339,30,74,0,0,19,1459,496,759,496,760
572556,Buffering,239616,679,30,74,0,0,19,1460,496,759,496,760
572806,Buffering,239616,679,30,74,0,0,19,1460,496,759,496,760
573054,Buffering,359424,1018,30,75,0,0,19,1461,496,759,496,760
573304,Buffering,269312,763,30,75,0,0,19,1461,496,759,496,760
573553,Buffering,307200,870,30,75,0,0,19,1462,495,759,495,760
573802,Buffering,217088,615,30,75,0,0,19,1462,495,759,495,760
574050,Buffering,246784,699,30,75,0,0,19,1463,495,759,496,760
574301,Buffering,156672,444,30,75,0,0,19,1463,495,759,496,760
574549,Buffering,203776,577,30,75,0,0,19,1464,495,759,495,760
574800,Buffering,113664,322,30,75,0,0,19,1464,495,759,495,760
575049,Buffering,152576,432,30,75,0,0,19,1465,496,759,496,760
575296,Buffering,70656,200,30,75,0,0,19,1465,496,759,496,760
575544,Buffering,119808,339,30,75,0,0,19,1466,496,759,497,760
575793,Buffering,119808,339,30,75,0,0,19,1466,496,759,497,760
576046,Buffering,239616,679,30,75,0,0,19,1467,494,759,494,760
576294,Buffering,239616,679,30,75,0,0,19,1467,494,759,494,760
576546,Buffering,360448,1021,30,76,0,0,19,1468,496,759,497,760
576797,Buffering,270336,766,30,76,0,0,19,1468,496,759,497,760
577045,Buffering,308224,873,30,76,0,0,19,1469,495,759,496,760
577294,Buffering,218112,618,30,76,0,0,19,1469,495,759,496,760
577542,Buffering,247808,702,30,76,0,0,19,1470,495,759,495,760
577792,Buffering,157696,446,30,76,0,0,19,1470,495,759,495,760
578042,Buffering,195584,554,30,76,0,0,19,1471,496,759,496,760
578290,Buffering,105472,298,30,76,0,0,19,1471,496,759,496,760
578540,Buffering,135168,383,30,76,0,0,19,1472,495,759,495,760
578787,Buffering,53248,150,30,76,0,0,19,1472,495,759,495,760
579035,Buffering,82944,235,30,76,0,0,19,1475,1,759,1,760
579284,Buffering,82944,235,30,76,0,0,19,1475,1,759,1,760
579532,Reconnecting,0,0,30,77,0,0,19,1476,494,759,494,760
579780,Reconnecting,0,0,30,77,0,0,19,1476,494,759,494,760
580032,Reconnecting,0,0,30,77,0,0,19,1476,494,759,494,760
580280,Reconnecting,0,0,30,77,0,0,19,1476,494,759,494,760
580530,Reconnecting,0,0,30,77,0,0,19,1476,494,759,494,760
580778,Reconnecting,0,0,30,77,0,0,19,1476,494,759,494,760
581027,Reconnecting,0,0,30,77,0,0,19,1476,494,759,494,760
581274,Reconnecting,0,0,30,77,0,0,19,1476,494,759,494,760
581521,Reconnecting,0,0,30,77,0,0,19,1476,494,759,494,760
581770,Reconnecting,0,0,30,77,0,0,19,1476,494,759,494,760
582021,Reconnecting,0,0,30,77,0,0,19,1476,494,759,494,760
582269,Reconnecting,0,0,30,77,0,0,19,1476,494,759,494,760
582518,Reconnecting,0,0,30,77,0,0,19,1476,494,759,494,760
582768,Reconnecting,0,0,30,77,0,0,19,1476,494,759,494,760
583016,Reconnecting,0,0,30,77,0,0,19,1476,494,759,494,760
583265,Reconnecting,0,0,30,77,0,0,19,1476,494,759,494,760
583516,Reconnecting,0,0,30,77,0,0,19,1476,494,759,494,760
583765,Reconnecting,0,0,30,77,0,0,19,1476,494,759,494,760
584014,Reconnecting,0,0,30,77,0,0,19,1476,494,759,494,760
584262,Reconnecting,0,0,30,77,0,0,19,1476,494,759,494,760
584507,Reconnecting,0,0,30,77,0,0,19,1476,494,759,494,760
584756,Reconnecting,0,0,30,77,0,0,20,1476,494,759,494,760
585005,Reconnecting,0,0,30,77,0,0,20,1479,0,759,494,760
585254,Reconnecting,0,0,30,77,0,0,20,1484,0,759,494,760
585502,Reconnecting,0,0,30,77,0,0,20,1484,0,759,494,760
585752,Reconnecting,0,0,30,77,0,0,20,1484,0,759,494,760
586000,Reconnecting,0,0,30,77,0,0,20,1484,0,759,494,760
586310,Reconnecting,0,0,30,77,0,0,20,1484,0,759,494,760
586559,Reconnecting,0,0,30,77,0,0,20,1484,0,759,494,760
586807,Reconnecting,0,0,30,77,0,0,20,1484,0,759,494,760
587056,Reconnecting,0,0,30,77,0,0,20,1484,0,759,494,760
587304,Reconnecting,0,0,30,77,0,0,20,1484,0,759,494,760
587554,Reconnecting,0,0,30,77,0,0,20,1484,0,759,494,760
587803,Reconnecting,0,0,30,77,0,0,20,1484,0,759,494,760
588051,Reconnecting,0,0,30,77,0,0,20,1484,0,759,494,760
588301,Reconnecting,0,0,30,77,0,0,20,1484,0,759,494,760
588549,Reconnecting,0,0,30,77,0,0,20,1484,0,759,494,760
588796,Reconnecting,0,0,30,77,0,0,20,1484,0,759,494,760
589042,Reconnecting,0,0,30,77,0,0,20,1484,0,759,494,760
589291,Reconnecting,0,0,30,77,0,0,20,1484,0,759,494,760
589538,Reconnecting,0,0,30,77,0,0,20,1484,0,759,494,760
589789,Reconnecting,0,0,30,77,0,0,20,1484,0,759,494,760
590037,Reconnecting,0,0,30,77,0,0,20,1484,0,759,494,760
590285,Reconnecting,0,0,30,77,0,0,21,1484,0,759,494,760
590533,Reconnecting,0,0,30,77,0,0,21,1484,0,759,494,760
590781,Reconnecting,0,0,30,77,0,0,21,1492,0,759,494,760
591029,Reconnecting,0,0,30,77,0,0,21,1492,0,759,494,760
591277,Reconnecting,0,0,30,77,0,0,21,1492,0,759,494,760
591525,Reconnecting,0,0,30,77,0,0,21,1492,0,759,494,760
591777,Reconnecting,0,0,30,77,0,0,21,1492,0,759,494,760
592025,Reconnecting,0,0,30,77,0,0,21,1492,0,759,494,760
592272,Reconnecting,0,0,30,77,0,0,21,1492,0,759,494,760
592519,Reconnecting,0,0,30,77,0,0,21,1492,0,759,494,760
592766,Reconnecting,0,0,30,77,0,0,21,1492,0,759,494,760
593016,Reconnecting,0,0,30,77,0,0,21,1492,0,759,494,760
593263,Reconnecting,0,0,30,77,0,0,21,1492,0,759,494,760
593514,Reconnecting,0,0,30,77,0,0,21,1492,0,759,494,760
593762,Reconnecting,0,0,30,77,0,0,21,1492,0,759,494,760
594013,Reconnecting,0,0,30,77,0,0,21,1492,0,759,494,760
594262,Reconnecting,0,0,30,77,0,0,21,1492,0,759,494,760
594509,Reconnecting,0,0,30,77,0,0,21,1492,0,759,494,760
594756,Reconnecting,0,0,30,77,0,0,21,1492,0,759,494,760
595004,Reconnecting,0,0,30,77,0,0,21,1492,0,759,494,760
595254,Reconnecting,0,0,30,77,0,0,21,1492,0,759,494,760
595505,Reconnecting,0,0,30,77,0,0,21,1492,0,759,494,760
595756,Reconnecting,0,0,30,77,0,0,21,1492,0,759,494,760
596005,Reconnecting,0,0,30,77,0,0,22,1492,0,759,494,760
596255,Reconnecting,0,0,30,77,0,0,22,1492,0,759,494,760
596505,Reconnecting,258048,731,30,77,0,0,22,1502,0,759,0,760
596756,Reconnecting,1198080,3395,30,77,0,0,22,1510,38,759,38,760
597019,Playing,2291712,6495,30,77,0,0,22,1524,19,759,19,760
597267,Playing,3113984,8826,30,77,0,0,22,1531,0,759,0,760
597519,Playing,3143680,8910,30,77,0,0,22,1532,329,759,330,760
597765,Playing,3061760,8678,30,77,0,0,22,1532,329,759,330,760
598039,Playing,3083264,8739,30,77,0,0,22,1533,441,759,441,760
598278,Playing,3001344,8507,30,77,0,0,22,1533,441,759,441,760
598521,Playing,3031040,8591,30,77,0,0,22,1534,570,759,570,760
598760,Playing,2949120,8359,30,77,0,0,22,1534,570,759,570,760
599006,Playing,2988032,8469,30,77,0,0,22,1535,441,759,441,760
599256,Playing,2906112,8237,30,77,0,0,22,1535,441,759,441,760
599508,Playing,2945024,8347,30,77,0,0,22,1536,549,759,549,760
599756,Playing,2854912,8092,30,77,0,0,22,1536,549,759,549,760
600003,Playing,2892800,8199,30,77,0,0,22,1537,440,759,441,760
