t_ms,state,buffered_bytes,buffered_ms,underruns,resumes,play_failures,stream_rebuilds,sessions,chunk_reads,last_chunk_ms,max_chunk_ms,last_push_gap_ms,max_push_gap_ms
50,Off,0,0,0,0,0,0,1,0,0,0,0,0
252,Off,0,0,0,0,0,0,1,0,0,0,0,0
505,Off,0,0,0,0,0,0,1,0,0,0,0,0
757,Off,0,0,0,0,0,0,1,0,0,0,0,0
1014,Off,0,0,0,0,0,0,1,0,0,0,0,0
1266,Off,0,0,0,0,0,0,1,0,0,0,0,0
1518,Off,0,0,0,0,0,0,1,6,0,0,0,0
1772,Reconnecting,0,0,0,0,0,0,1,17,0,192,0,0
2026,Reconnecting,0,0,0,0,0,0,1,17,0,192,0,0
2278,Reconnecting,0,0,0,0,0,0,1,17,0,192,0,0
2530,Reconnecting,0,0,0,0,0,0,1,17,0,192,0,0
2784,Reconnecting,0,0,0,0,0,0,1,17,0,192,0,0
3010,Reconnecting,0,0,0,0,0,0,1,17,0,192,0,0
3256,Reconnecting,0,0,0,0,0,0,1,17,0,192,0,0
3504,Reconnecting,0,0,0,0,0,0,1,17,0,192,0,0
3752,Reconnecting,0,0,0,0,0,0,1,17,0,192,0,0
4000,Reconnecting,0,0,0,0,0,0,1,17,0,192,0,0
4250,Reconnecting,0,0,0,0,0,0,1,17,0,192,0,0
4558,Reconnecting,0,0,0,0,0,0,1,17,0,192,0,0
4805,Reconnecting,0,0,0,0,0,0,1,17,0,192,0,0
5056,Reconnecting,0,0,0,0,0,0,1,17,0,192,0,0
5306,Reconnecting,0,0,0,0,0,0,1,17,0,192,0,0
5555,Reconnecting,0,0,0,0,0,0,1,17,0,192,0,0
5804,Reconnecting,0,0,0,0,0,0,1,17,0,192,0,0
6054,Reconnecting,0,0,0,0,0,0,1,17,0,192,0,0
6303,Reconnecting,0,0,0,0,0,0,1,17,0,192,0,0
6550,Reconnecting,0,0,0,0,0,0,1,17,0,192,0,0
6799,Reconnecting,0,0,0,0,0,0,2,17,0,192,0,0
7047,Reconnecting,0,0,0,0,0,0,2,17,0,192,0,0
7293,Reconnecting,0,0,0,0,0,0,2,17,0,192,0,0
7542,Reconnecting,0,0,0,0,0,0,2,17,0,192,0,0
7790,Reconnecting,0,0,0,0,0,0,2,17,0,192,0,0
8039,Reconnecting,0,0,0,0,0,0,2,20,0,192,0,0
8289,Reconnecting,0,0,0,0,0,0,2,33,0,192,0,0
8540,Reconnecting,0,0,0,0,0,0,2,33,0,192,0,0
8788,Reconnecting,0,0,0,0,0,0,2,33,0,192,0,0
9037,Reconnecting,0,0,0,0,0,0,2,33,0,192,0,0
9284,Reconnecting,0,0,0,0,0,0,2,33,0,192,0,0
9535,Reconnecting,0,0,0,0,0,0,2,33,0,192,0,0
9782,Reconnecting,0,0,0,0,0,0,2,33,0,192,0,0
10031,Reconnecting,0,0,0,0,0,0,2,33,0,192,0,0
10279,Reconnecting,0,0,0,0,0,0,2,33,0,192,0,0
10529,Reconnecting,0,0,0,0,0,0,2,33,0,192,0,0
10774,Reconnecting,0,0,0,0,0,0,2,33,0,192,0,0
11022,Reconnecting,0,0,0,0,0,0,2,33,0,192,0,0
11274,Reconnecting,0,0,0,0,0,0,2,33,0,192,0,0
11522,Reconnecting,0,0,0,0,0,0,2,33,0,192,0,0
11775,Reconnecting,0,0,0,0,0,0,2,33,0,192,0,0
12022,Reconnecting,0,0,0,0,0,0,2,33,0,192,0,0
12272,Reconnecting,0,0,0,0,0,0,2,33,0,192,0,0
12518,Reconnecting,0,0,0,0,0,0,2,33,0,192,0,0
12768,Reconnecting,0,0,0,0,0,0,2,33,0,192,0,0
13015,Reconnecting,0,0,0,0,0,0,2,33,0,192,0,0
13263,Reconnecting,0,0,0,0,0,0,3,33,0,192,0,0
13513,Reconnecting,0,0,0,0,0,0,3,33,0,192,0,0
13759,Reconnecting,0,0,0,0,0,0,3,33,0,192,0,0
14009,Reconnecting,0,0,0,0,0,0,3,33,0,192,0,0
14257,Reconnecting,0,0,0,0,0,0,3,33,0,192,0,0
14505,Reconnecting,0,0,0,0,0,0,3,49,0,192,0,0
14753,Reconnecting,0,0,0,0,0,0,3,49,0,192,0,0
15003,Reconnecting,0,0,0,0,0,0,3,49,0,192,0,0
15250,Reconnecting,0,0,0,0,0,0,3,49,0,192,0,0
15562,Reconnecting,0,0,0,0,0,0,3,49,0,192,0,0
15809,Reconnecting,0,0,0,0,0,0,3,49,0,192,0,0
16058,Reconnecting,0,0,0,0,0,0,3,49,0,192,0,0
16307,Reconnecting,0,0,0,0,0,0,3,49,0,192,0,0
16556,Reconnecting,0,0,0,0,0,0,3,49,0,192,0,0
16804,Reconnecting,0,0,0,0,0,0,3,49,0,192,0,0
17052,Reconnecting,0,0,0,0,0,0,3,49,0,192,0,0
17302,Reconnecting,0,0,0,0,0,0,3,49,0,192,0,0
17550,Reconnecting,0,0,0,0,0,0,3,49,0,192,0,0
17799,Reconnecting,0,0,0,0,0,0,3,49,0,192,0,0
18048,Reconnecting,0,0,0,0,0,0,3,49,0,192,0,0
18295,Reconnecting,0,0,0,0,0,0,3,49,0,192,0,0
18545,Reconnecting,0,0,0,0,0,0,3,49,0,192,0,0
18793,Reconnecting,0,0,0,0,0,0,3,49,0,192,0,0
19042,Reconnecting,0,0,0,0,0,0,3,49,0,192,0,0
19290,Reconnecting,0,0,0,0,0,0,3,49,0,192,0,0
19539,Reconnecting,0,0,0,0,0,0,3,49,0,192,0,0
19786,Reconnecting,0,0,0,0,0,0,4,49,0,192,0,0
20036,Reconnecting,0,0,0,0,0,0,4,49,0,192,0,0
20284,Reconnecting,0,0,0,0,0,0,4,49,0,192,0,0
20532,Reconnecting,0,0,0,0,0,0,4,49,0,192,0,0
20781,Reconnecting,0,0,0,0,0,0,4,49,0,192,0,0
21030,Reconnecting,0,0,0,0,0,0,4,55,0,192,0,0
21278,Reconnecting,1225728,3192,0,0,0,0,4,94,0,192,0,187
21526,Reconnecting,1225728,3192,0,0,0,0,4,94,0,192,0,187
21772,Reconnecting,1281024,3336,0,0,0,0,4,97,0,313,0,314
22023,Reconnecting,1336320,3480,0,0,0,0,4,100,0,348,0,348
22271,Reconnecting,1336320,3480,0,0,0,0,4,100,0,348,0,348
22520,Reconnecting,1391616,3624,0,0,0,0,4,103,0,348,0,348
22770,Reconnecting,1446912,3768,0,0,0,0,4,106,0,348,0,348
23018,Reconnecting,1511424,3936,0,0,0,0,4,109,0,353,0,353
23266,Reconnecting,1511424,3936,0,0,0,0,4,109,0,353,0,353
23516,Playing,1495392,3894,0,0,0,0,4,112,0,353,0,353
23765,Playing,1452608,3782,0,0,0,0,4,115,0,353,0,353
24014,Playing,1391088,3622,0,0,0,0,4,117,0,353,0,353
24261,Playing,1293008,3367,0,0,0,0,4,117,0,353,0,353
24510,Playing,1333168,3471,0,0,0,0,4,122,0,353,0,353
24760,Playing,1299296,3383,0,0,0,0,4,123,353,353,353,353
25009,Playing,1201216,3128,0,0,0,0,4,123,353,353,353,353
25254,Playing,1176864,3064,0,0,0,0,4,126,0,353,0,353
25503,Playing,1198288,3120,0,0,0,0,4,131,0,353,0,353
25752,Playing,1146288,2985,0,0,0,0,4,132,339,353,339,353
26001,Playing,1048208,2729,0,0,0,0,4,132,339,353,339,353
26250,Playing,1032768,2689,0,0,0,0,4,135,0,353,0,353
26561,Playing,963240,2508,0,0,0,0,4,138,0,353,0,353
26810,Playing,938584,2444,0,0,0,0,4,141,0,353,0,353
27058,Playing,840504,2188,0,0,0,0,4,141,0,353,0,353
27308,Playing,779288,2029,0,0,0,0,4,144,0,353,0,353
27557,Playing,828360,2157,0,0,0,0,4,147,0,353,0,353
27805,Playing,730280,1901,0,0,0,0,4,147,0,353,0,353
28055,Playing,678280,1766,0,0,0,0,4,150,0,354,0,354
28302,Playing,672056,1750,0,0,0,0,4,153,0,354,0,354
28550,Playing,620056,1614,0,0,0,0,4,156,0,354,0,354
28799,Playing,521976,1359,0,0,0,0,4,156,0,354,0,354
29045,Playing,543400,1415,0,0,0,0,4,159,0,361,0,361
29291,Playing,500616,1303,0,0,0,0,4,162,0,361,0,361
29540,Playing,476264,1240,0,0,0,0,4,165,0,361,0,361
29786,Playing,387104,1008,0,0,0,0,4,165,0,361,0,361
30036,Playing,344312,896,0,0,0,0,4,168,0,361,0,361
30285,Playing,329176,857,0,0,0,0,4,171,0,361,0,361
30533,Playing,240016,625,0,0,0,0,4,171,0,361,0,361
30780,Playing,206448,537,0,0,0,0,4,174,0,361,0,361
31030,Playing,163656,426,0,0,0,0,4,177,0,361,0,361
31279,Playing,129792,338,0,0,0,0,4,180,0,361,0,361
31530,Playing,31712,82,0,0,0,0,4,180,0,361,0,361
31780,Playing,0,0,0,0,0,0,4,183,0,361,0,361
32029,Buffering,55296,144,1,0,0,0,4,186,0,361,0,361
32277,Buffering,55296,144,1,0,0,0,4,186,0,361,0,361
32527,Buffering,92160,240,1,0,0,0,4,188,0,361,0,361
32775,Buffering,175104,456,1,0,0,0,4,191,0,361,0,361
33025,Buffering,294912,768,1,0,0,0,4,196,0,361,0,361
33275,Buffering,294912,768,1,0,0,0,4,196,0,361,0,361
33525,Buffering,340992,888,1,0,0,0,4,197,343,361,343,361
33773,Buffering,379056,987,1,1,0,0,4,200,0,361,0,361
34022,Buffering,391568,1019,1,1,0,0,4,205,0,361,0,361
34271,Buffering,302400,787,1,1,0,0,4,205,0,361,0,361
34521,Buffering,250400,652,1,1,0,0,4,206,340,361,341,361
34767,Buffering,226048,588,1,1,0,0,4,209,0,361,0,361
35016,Buffering,136880,356,1,1,0,0,4,209,0,361,0,361
35266,Buffering,112528,293,1,1,0,0,4,212,0,361,0,361
35514,Buffering,97392,253,1,1,0,0,4,215,0,361,0,361
35765,Buffering,54608,142,1,1,0,0,4,218,0,361,0,361
36013,Buffering,0,0,1,1,0,0,4,218,0,361,0,361
36261,Buffering,119808,312,1,1,0,0,4,221,0,361,0,361
36511,Buffering,165888,432,1,1,0,0,4,224,0,361,0,361
36759,Buffering,165888,432,1,1,0,0,4,224,0,361,0,361
37008,Buffering,230400,600,1,1,0,0,4,227,0,361,0,361
37258,Playing,305928,796,1,2,0,0,4,232,0,361,0,361
37506,Playing,253624,660,1,2,0,0,4,233,365,365,365,365
37756,Playing,155544,405,1,2,0,0,4,233,365,365,365,365
38005,Playing,121976,317,1,2,0,0,4,236,0,365,0,365
38253,Playing,88112,229,1,2,0,0,4,239,0,365,0,365
38501,Playing,0,0,1,2,0,0,4,239,0,365,0,365
38811,Buffering,55296,144,2,2,0,0,4,242,0,365,0,365
39060,Buffering,129024,336,2,2,0,0,4,245,0,365,0,365
39311,Buffering,202752,528,2,2,0,0,4,248,0,365,0,365
39559,Buffering,276480,720,2,2,0,0,4,251,0,365,0,365
39808,Buffering,276480,720,2,2,0,0,4,251,0,365,0,365
40057,Buffering,331776,864,2,2,0,0,4,254,0,365,0,365
40306,Buffering,360616,939,2,3,0,0,4,257,0,365,0,365
40557,Buffering,271456,706,2,3,0,0,4,257,0,365,0,365
40802,Buffering,247104,643,2,3,0,0,4,260,0,365,0,365
41050,Buffering,213536,556,2,3,0,0,4,263,0,365,0,365
41297,Buffering,152016,395,2,3,0,0,4,265,0,365,0,365
41547,Buffering,53936,140,2,3,0,0,4,265,0,365,0,365
41794,Buffering,112224,292,2,3,0,0,4,270,0,365,0,365
42042,Buffering,69440,180,2,3,0,0,4,271,346,365,347,365
42292,Buffering,0,0,2,3,0,0,4,271,346,365,347,365
42540,Buffering,82944,216,2,3,0,0,4,274,0,365,0,365
42790,Buffering,202752,528,2,3,0,0,4,279,0,365,0,365
43038,Buffering,258048,672,2,3,0,0,4,280,344,365,344,365
43286,Buffering,258048,672,2,3,0,0,4,280,344,365,344,365
43536,Buffering,322560,840,2,3,0,0,4,283,0,365,0,365
43784,Buffering,415920,1083,2,4,0,0,4,286,0,365,0,365
44032,Buffering,382352,995,2,4,0,0,4,289,0,365,0,365
44281,Buffering,293184,763,2,4,0,0,4,289,0,365,0,365
44528,Buffering,231968,604,2,4,0,0,4,292,0,365,0,365
44776,Buffering,272128,708,2,4,0,0,4,295,0,365,0,365
45026,Buffering,182960,476,2,4,0,0,4,295,0,365,0,365
45275,Buffering,140176,365,2,4,0,0,4,298,0,365,0,365
45523,Buffering,115824,301,2,4,0,0,4,301,0,365,0,365
45775,Buffering,109600,285,2,4,0,0,4,304,0,365,0,365
46022,Buffering,11520,30,2,4,0,0,4,304,0,365,0,365
46271,Playing,30048,78,2,5,0,0,4,307,0,365,0,365
46521,Buffering,64512,168,3,5,0,0,4,310,0,365,0,365
46770,Buffering,64512,168,3,5,0,0,4,310,0,365,0,365
47017,Buffering,147456,384,3,5,0,0,4,313,0,365,0,365
47264,Buffering,211968,552,3,5,0,0,4,316,0,365,0,365
47512,Buffering,276480,720,3,5,0,0,4,319,0,365,0,365
47761,Buffering,276480,720,3,5,0,0,4,319,0,365,0,365
48009,Buffering,350208,912,3,5,0,0,4,322,0,365,0,365
48258,Buffering,379056,987,3,6,0,0,4,325,0,365,0,365
48507,Buffering,280976,731,3,6,0,0,4,325,0,365,0,365
48756,Buffering,274760,715,3,6,0,0,4,328,0,365,0,365
49003,Buffering,259616,676,3,6,0,0,4,331,0,365,0,365
49251,Buffering,235264,612,3,6,0,0,4,334,0,365,0,365
49500,Buffering,146104,380,3,6,0,0,4,334,0,365,0,365
49812,Buffering,76568,199,3,6,0,0,4,337,0,365,0,365
50060,Buffering,24264,63,3,6,0,0,4,339,0,365,0,365
50307,Buffering,92160,240,3,6,0,0,4,342,0,365,0,365
50558,Buffering,92160,240,3,6,0,0,4,342,0,365,0,365
50806,Buffering,175104,456,3,6,0,0,4,345,0,365,0,365
51054,Buffering,239616,624,3,6,0,0,4,348,0,365,0,365
51303,Buffering,359424,936,3,6,0,0,4,353,0,365,0,365
51552,Buffering,359424,936,3,6,0,0,4,353,0,365,0,365
51802,Buffering,352304,917,3,7,0,0,4,354,349,365,349,365
52048,Buffering,337168,878,3,7,0,0,4,357,0,365,0,365
52293,Buffering,248000,645,3,7,0,0,4,357,0,365,0,365
52544,Buffering,223648,582,3,7,0,0,4,360,0,365,0,365
52792,Buffering,208512,543,3,7,0,0,4,363,0,365,0,365
53041,Buffering,147296,383,3,7,0,0,4,366,0,365,0,365
53289,Buffering,58128,151,3,7,0,0,4,366,0,365,0,365
53536,Buffering,79856,207,3,7,0,0,4,369,0,365,0,365
53784,Buffering,45992,119,3,7,0,0,4,372,0,365,0,365
54033,Buffering,0,0,3,7,0,0,4,372,0,365,0,365
54280,Buffering,64512,168,3,7,0,0,4,375,0,365,0,365
54533,Reconnecting,0,0,3,8,0,0,4,376,346,365,346,365
54775,Reconnecting,0,0,3,8,0,0,4,376,346,365,346,365
55022,Reconnecting,0,0,3,8,0,0,4,376,346,365,346,365
55274,Reconnecting,0,0,3,8,0,0,4,376,346,365,346,365
55525,Reconnecting,0,0,3,8,0,0,4,376,346,365,346,365
55773,Reconnecting,0,0,3,8,0,0,4,376,346,365,346,365
56021,Reconnecting,0,0,3,8,0,0,4,376,346,365,346,365
56270,Reconnecting,0,0,3,8,0,0,4,376,346,365,346,365
56523,Reconnecting,0,0,3,8,0,0,4,376,346,365,346,365
56774,Reconnecting,0,0,3,8,0,0,4,376,346,365,346,365
57022,Reconnecting,0,0,3,8,0,0,4,376,346,365,346,365
57271,Reconnecting,0,0,3,8,0,0,4,376,346,365,346,365
57522,Reconnecting,0,0,3,8,0,0,4,376,346,365,346,365
57769,Reconnecting,0,0,3,8,0,0,4,376,346,365,346,365
58019,Reconnecting,0,0,3,8,0,0,4,376,346,365,346,365
58267,Reconnecting,0,0,3,8,0,0,4,376,346,365,346,365
58518,Reconnecting,0,0,3,8,0,0,4,376,346,365,346,365
58767,Reconnecting,0,0,3,8,0,0,4,376,346,365,346,365
59015,Reconnecting,0,0,3,8,0,0,4,376,346,365,346,365
59265,Reconnecting,0,0,3,8,0,0,4,376,346,365,346,365
59516,Reconnecting,0,0,3,8,0,0,5,376,346,365,346,365
59763,Reconnecting,0,0,3,8,0,0,5,376,346,365,346,365
60011,Reconnecting,0,0,3,8,0,0,5,376,346,365,346,365
60261,Reconnecting,0,0,3,8,0,0,5,376,346,365,346,365
60509,Reconnecting,0,0,3,8,0,0,5,376,346,365,346,365
60759,Reconnecting,0,0,3,8,0,0,5,376,346,365,346,365
61009,Reconnecting,0,0,3,8,0,0,5,392,0,365,346,365
61259,Reconnecting,0,0,3,8,0,0,5,392,0,365,346,365
61507,Reconnecting,0,0,3,8,0,0,5,392,0,365,346,365
61754,Reconnecting,0,0,3,8,0,0,5,392,0,365,346,365
62004,Reconnecting,0,0,3,8,0,0,5,392,0,365,346,365
62252,Reconnecting,0,0,3,8,0,0,5,392,0,365,346,365
62500,Reconnecting,0,0,3,8,0,0,5,392,0,365,346,365
62751,Reconnecting,0,0,3,8,0,0,5,392,0,365,346,365
63000,Reconnecting,0,0,3,8,0,0,5,392,0,365,346,365
63311,Reconnecting,0,0,3,8,0,0,5,392,0,365,346,365
63560,Reconnecting,0,0,3,8,0,0,5,392,0,365,346,365
63808,Reconnecting,0,0,3,8,0,0,5,392,0,365,346,365
64058,Reconnecting,0,0,3,8,0,0,5,392,0,365,346,365
64307,Reconnecting,0,0,3,8,0,0,5,392,0,365,346,365
64556,Reconnecting,0,0,3,8,0,0,5,392,0,365,346,365
64804,Reconnecting,0,0,3,8,0,0,5,392,0,365,346,365
65054,Reconnecting,0,0,3,8,0,0,5,392,0,365,346,365
65307,Reconnecting,0,0,3,8,0,0,5,392,0,365,346,365
65556,Reconnecting,0,0,3,8,0,0,5,392,0,365,346,365
65805,Reconnecting,0,0,3,8,0,0,5,392,0,365,346,365
66055,Reconnecting,0,0,3,8,0,0,6,392,0,365,346,365
66303,Reconnecting,0,0,3,8,0,0,6,392,0,365,346,365
66550,Reconnecting,0,0,3,8,0,0,6,392,0,365,346,365
66799,Reconnecting,0,0,3,8,0,0,6,392,0,365,346,365
67052,Reconnecting,0,0,3,8,0,0,6,392,0,365,346,365
67300,Reconnecting,0,0,3,8,0,0,6,398,0,365,346,365
67550,Reconnecting,0,0,3,8,0,0,6,409,0,365,346,365
67798,Reconnecting,0,0,3,8,0,0,6,409,0,365,346,365
68046,Reconnecting,0,0,3,8,0,0,6,409,0,365,346,365
68294,Reconnecting,0,0,3,8,0,0,6,409,0,365,346,365
68544,Reconnecting,0,0,3,8,0,0,6,409,0,365,346,365
68790,Reconnecting,0,0,3,8,0,0,6,409,0,365,346,365
69038,Reconnecting,0,0,3,8,0,0,6,409,0,365,346,365
69285,Reconnecting,0,0,3,8,0,0,6,409,0,365,346,365
69533,Reconnecting,0,0,3,8,0,0,6,409,0,365,346,365
69781,Reconnecting,0,0,3,8,0,0,6,409,0,365,346,365
70028,Reconnecting,0,0,3,8,0,0,6,409,0,365,346,365
70277,Reconnecting,0,0,3,8,0,0,6,409,0,365,346,365
70526,Reconnecting,0,0,3,8,0,0,6,409,0,365,346,365
70775,Reconnecting,0,0,3,8,0,0,6,409,0,365,346,365
71021,Reconnecting,0,0,3,8,0,0,6,409,0,365,346,365
71269,Reconnecting,0,0,3,8,0,0,6,409,0,365,346,365
71519,Reconnecting,0,0,3,8,0,0,6,409,0,365,346,365
71768,Reconnecting,0,0,3,8,0,0,6,409,0,365,346,365
72015,Reconnecting,0,0,3,8,0,0,6,409,0,365,346,365
72266,Reconnecting,0,0,3,8,0,0,6,409,0,365,346,365
72514,Reconnecting,0,0,3,8,0,0,6,409,0,365,346,365
72761,Reconnecting,0,0,3,8,0,0,7,409,0,365,346,365
73009,Reconnecting,0,0,3,8,0,0,7,409,0,365,346,365
73259,Reconnecting,0,0,3,8,0,0,7,409,0,365,346,365
73508,Reconnecting,0,0,3,8,0,0,7,409,0,365,346,365
73756,Reconnecting,0,0,3,8,0,0,7,409,0,365,346,365
74005,Reconnecting,0,0,3,8,0,0,7,415,0,365,346,365
74255,Reconnecting,0,0,3,8,0,0,7,426,0,365,346,365
74504,Reconnecting,0,0,3,8,0,0,7,426,0,365,346,365
74756,Reconnecting,0,0,3,8,0,0,7,426,0,365,346,365
75004,Reconnecting,0,0,3,8,0,0,7,426,0,365,346,365
75254,Reconnecting,0,0,3,8,0,0,7,426,0,365,346,365
75502,Reconnecting,0,0,3,8,0,0,7,426,0,365,346,365
75810,Reconnecting,0,0,3,8,0,0,7,426,0,365,346,365
76059,Reconnecting,0,0,3,8,0,0,7,426,0,365,346,365
76306,Reconnecting,0,0,3,8,0,0,7,426,0,365,346,365
76555,Reconnecting,0,0,3,8,0,0,7,426,0,365,346,365
76804,Reconnecting,0,0,3,8,0,0,7,426,0,365,346,365
77055,Reconnecting,0,0,3,8,0,0,7,426,0,365,346,365
77305,Reconnecting,0,0,3,8,0,0,7,426,0,365,346,365
77553,Reconnecting,0,0,3,8,0,0,7,426,0,365,346,365
77802,Reconnecting,0,0,3,8,0,0,7,426,0,365,346,365
78052,Reconnecting,0,0,3,8,0,0,7,426,0,365,346,365
78300,Reconnecting,0,0,3,8,0,0,7,426,0,365,346,365
78548,Reconnecting,0,0,3,8,0,0,7,426,0,365,346,365
78797,Reconnecting,0,0,3,8,0,0,7,426,0,365,346,365
79045,Reconnecting,0,0,3,8,0,0,8,426,0,365,346,365
79292,Reconnecting,0,0,3,8,0,0,8,426,0,365,346,365
79539,Reconnecting,0,0,3,8,0,0,8,426,0,365,346,365
79789,Reconnecting,0,0,3,8,0,0,8,426,0,365,346,365
80038,Reconnecting,0,0,3,8,0,0,8,426,0,365,346,365
80288,Reconnecting,147456,384,3,8,0,0,8,432,0,365,0,365
80536,Reconnecting,589824,1536,3,8,0,0,8,444,0,365,0,365
80785,Reconnecting,1474560,3840,3,8,0,0,8,469,0,365,0,365
81037,Playing,1458832,3799,3,8,0,0,8,472,0,365,0,365
81284,Playing,1425256,3711,3,8,0,0,8,475,0,365,0,365
81534,Playing,1373256,3576,3,8,0,0,8,478,0,365,0,365
81782,Playing,1376256,3584,3,8,0,0,8,481,0,365,0,365
82029,Playing,1278176,3328,3,8,0,0,8,481,0,365,0,365
82277,Playing,1226168,3193,3,8,0,0,8,484,0,365,0,365
82526,Playing,1229168,3200,3,8,0,0,8,487,0,365,0,365
82778,Playing,1158736,3017,3,8,0,0,8,489,0,365,0,365
83023,Playing,1060656,2762,3,8,0,0,8,489,0,365,0,365
83273,Playing,1063648,2769,3,8,0,0,8,492,0,365,0,365
83519,Playing,1039296,2706,3,8,0,0,8,495,0,365,0,365
83770,Playing,987296,2571,3,8,0,0,8,498,0,365,0,365
84019,Playing,953728,2483,3,8,0,0,8,501,0,365,0,365
84269,Playing,864560,2251,3,8,0,0,8,501,0,365,0,365
84515,Playing,849424,2212,3,8,0,0,8,504,0,365,0,365
84764,Playing,815856,2124,3,8,0,0,8,507,0,365,0,365
85013,Playing,754336,1964,3,8,0,0,8,509,0,365,0,365
85261,Playing,803712,2093,3,8,0,0,8,514,0,365,0,365
85511,Playing,705632,1837,3,8,0,0,8,514,0,365,0,365
85759,Playing,671760,1749,3,8,0,0,8,515,312,365,312,365
86008,Playing,610544,1589,3,8,0,0,8,517,0,365,0,365
86257,Playing,613840,1598,3,8,0,0,8,520,0,365,0,365
86504,Playing,607616,1582,3,8,0,0,8,523,0,365,0,365
86752,Playing,509536,1326,3,8,0,0,8,523,0,365,0,365
87000,Playing,466752,1215,3,8,0,0,8,526,0,365,0,365
87250,Playing,405240,1055,3,8,0,0,8,528,0,365,0,365
87559,Playing,437080,1138,3,8,0,0,8,533,0,365,0,365
87808,Playing,403208,1050,3,8,0,0,8,534,312,365,312,365
88056,Playing,369640,962,3,8,0,0,8,537,0,365,0,365
88304,Playing,271560,707,3,8,0,0,8,537,0,365,0,365
88552,Playing,311416,810,3,8,0,0,8,540,0,365,0,365
88802,Playing,259416,675,3,8,0,0,8,543,0,365,0,365
89048,Playing,235064,612,3,8,0,0,8,545,0,365,0,365
89297,Playing,238064,619,3,8,0,0,8,548,0,365,0,365
89546,Playing,139976,364,3,8,0,0,8,548,0,365,0,365
89796,Playing,97192,253,3,8,0,0,8,551,0,365,0,365
90045,Playing,26760,69,3,8,0,0,8,553,0,365,0,365
90293,Buffering,73728,192,4,8,0,0,8,556,0,365,0,365
90540,Buffering,193536,504,4,8,0,0,8,559,0,365,0,365
90789,Buffering,193536,504,4,8,0,0,8,559,0,365,0,365
91037,Buffering,248832,648,4,8,0,0,8,562,0,365,0,365
91286,Buffering,322560,840,4,8,0,0,8,565,0,365,0,365
91533,Buffering,396888,1033,4,9,0,0,8,568,0,365,0,365
91780,Buffering,298808,778,4,9,0,0,8,568,0,365,0,365
92028,Buffering,283672,738,4,9,0,0,8,571,0,365,0,365
92275,Buffering,259016,674,4,9,0,0,8,574,0,365,0,365
92523,Buffering,188584,491,4,9,0,0,8,576,0,365,0,365
92772,Buffering,173448,451,4,9,0,0,8,579,0,365,0,365
93024,Buffering,84288,219,4,9,0,0,8,579,0,365,0,365
93272,Buffering,41496,108,4,9,0,0,8,582,0,365,0,365
93523,Buffering,0,0,4,9,0,0,8,584,0,365,0,365
93773,Buffering,82944,216,4,9,0,0,8,587,0,365,0,365
94019,Buffering,138240,360,4,9,0,0,8,590,0,365,0,365
94269,Buffering,138240,360,4,9,0,0,8,590,0,365,0,365
94517,Buffering,211968,552,4,9,0,0,8,593,0,365,0,365
94767,Buffering,248832,648,4,9,0,0,8,595,0,365,0,365
95017,Buffering,340992,888,4,9,0,0,8,598,0,365,0,365
95266,Playing,396888,1033,4,10,0,0,8,601,0,365,0,365
95515,Playing,307720,801,4,10,0,0,8,601,0,365,0,365
95764,Playing,255720,665,4,10,0,0,8,604,0,365,0,365
96011,Playing,222152,578,4,10,0,0,8,607,0,365,0,365
96260,Playing,215936,562,4,10,0,0,8,610,0,365,0,365
96507,Playing,191576,498,4,10,0,0,8,613,0,365,0,365
96758,Playing,93496,243,4,10,0,0,8,613,0,365,0,365
97005,Playing,41200,107,4,10,0,0,8,615,0,365,0,365
97255,Playing,90576,235,4,10,0,0,8,620,0,365,0,365
97503,Playing,47784,124,4,10,0,0,8,621,313,365,313,365
97756,Buffering,55296,144,5,10,0,0,8,624,0,365,0,365
98003,Buffering,55296,144,5,10,0,0,8,624,0,365,0,365
98252,Buffering,184320,480,5,10,0,0,8,627,0,365,0,365
98500,Buffering,230400,600,5,10,0,0,8,630,0,365,0,365
98750,Buffering,304128,792,5,10,0,0,8,633,0,365,0,365
99000,Buffering,378160,984,5,11,0,0,8,636,0,365,0,365
99310,Buffering,299104,778,5,11,0,0,8,638,0,365,0,365
99555,Buffering,201024,523,5,11,0,0,8,638,0,365,0,365
99804,Buffering,204024,531,5,11,0,0,8,641,0,365,0,365
100052,Buffering,152016,395,5,11,0,0,8,644,0,365,0,365
100301,Buffering,146096,380,5,11,0,0,8,647,0,365,0,365
100556,Buffering,48016,125,5,11,0,0,8,647,0,365,0,365
100795,Buffering,23368,60,5,11,0,0,8,650,0,365,0,365
101044,Buffering,64512,168,5,11,0,0,8,653,0,365,0,365
101292,Buffering,147456,384,5,11,0,0,8,656,0,365,0,365
101540,Buffering,221184,576,5,11,0,0,8,659,0,365,0,365
101791,Buffering,221184,576,5,11,0,0,8,659,0,365,0,365
102042,Buffering,294912,768,5,11,0,0,8,662,0,365,0,365
102291,Buffering,331776,864,5,11,0,0,8,664,0,365,0,365
102540,Buffering,379360,987,5,12,0,0,8,667,0,365,0,365
102789,Buffering,364216,948,5,12,0,0,8,670,0,365,0,365
103038,Buffering,275056,716,5,12,0,0,8,670,0,365,0,365
103286,Buffering,232272,604,5,12,0,0,8,673,0,365,0,365
103536,Buffering,180272,469,5,12,0,0,8,674,312,365,312,365
103781,Buffering,164832,429,5,12,0,0,8,677,0,365,0,365
104031,Buffering,140480,365,5,12,0,0,8,680,0,365,0,365
104278,Buffering,51312,133,5,12,0,0,8,680,0,365,0,365
104527,Buffering,0,0,5,12,0,0,8,683,0,365,0,365
104776,Buffering,73728,192,5,12,0,0,8,686,0,365,0,365
105025,Playing,130216,339,5,13,0,0,8,690,0,365,0,365
105274,Playing,105568,274,5,13,0,0,8,693,0,365,0,365
105523,Playing,7488,19,5,13,0,0,8,693,0,365,0,365
105771,Buffering,46080,120,6,13,0,0,8,694,312,365,312,365
106019,Buffering,129024,336,6,13,0,0,8,697,0,365,0,365
106267,Buffering,202752,528,6,13,0,0,8,700,0,365,0,365
106516,Buffering,258048,672,6,13,0,0,8,703,0,365,0,365
106763,Buffering,258048,672,6,13,0,0,8,703,0,365,0,365
107011,Buffering,331776,864,6,13,0,0,8,706,0,365,0,365
107263,Buffering,407296,1060,6,14,0,0,8,709,0,365,0,365
107510,Buffering,391864,1020,6,14,0,0,8,712,0,365,0,365
107760,Buffering,422808,1101,6,14,0,0,8,715,0,365,0,365
108010,Buffering,324720,845,6,14,0,0,8,715,0,365,0,365
108256,Buffering,290856,757,6,14,0,0,8,718,0,365,0,365
108503,Buffering,248072,646,6,14,0,0,8,719,312,365,312,365
108810,Buffering,205888,536,6,14,0,0,8,722,0,365,0,365
109058,Buffering,181528,472,6,14,0,0,8,725,0,365,0,365
109308,Buffering,83448,217,6,14,0,0,8,725,0,365,0,365
109557,Buffering,31152,81,6,14,0,0,8,727,0,365,0,365
109806,Buffering,34448,89,6,14,0,0,8,730,0,365,0,365
110069,Buffering,73728,192,6,14,0,0,8,733,0,365,0,365
110309,Buffering,138240,360,6,14,0,0,8,736,0,365,0,365
110556,Buffering,138240,360,6,14,0,0,8,736,0,365,0,365
110805,Reconnecting,0,0,6,15,0,0,8,737,313,365,313,365
111057,Reconnecting,0,0,6,15,0,0,8,737,313,365,313,365
111306,Reconnecting,0,0,6,15,0,0,8,737,313,365,313,365
111555,Reconnecting,0,0,6,15,0,0,8,737,313,365,313,365
111804,Reconnecting,0,0,6,15,0,0,8,737,313,365,313,365
112053,Reconnecting,0,0,6,15,0,0,8,737,313,365,313,365
112305,Reconnecting,0,0,6,15,0,0,8,737,313,365,313,365
112554,Reconnecting,0,0,6,15,0,0,8,737,313,365,313,365
112804,Reconnecting,0,0,6,15,0,0,8,737,313,365,313,365
113051,Reconnecting,0,0,6,15,0,0,8,737,313,365,313,365
113300,Reconnecting,0,0,6,15,0,0,8,737,313,365,313,365
113549,Reconnecting,0,0,6,15,0,0,8,737,313,365,313,365
113796,Reconnecting,0,0,6,15,0,0,8,737,313,365,313,365
114044,Reconnecting,0,0,6,15,0,0,8,737,313,365,313,365
114292,Reconnecting,0,0,6,15,0,0,8,737,313,365,313,365
114540,Reconnecting,0,0,6,15,0,0,8,737,313,365,313,365
114791,Reconnecting,0,0,6,15,0,0,8,737,313,365,313,365
115040,Reconnecting,0,0,6,15,0,0,8,737,313,365,313,365
115289,Reconnecting,0,0,6,15,0,0,8,737,313,365,313,365
115537,Reconnecting,0,0,6,15,0,0,8,737,313,365,313,365
115786,Reconnecting,0,0,6,15,0,0,9,737,313,365,313,365
116034,Reconnecting,0,0,6,15,0,0,9,737,313,365,313,365
116282,Reconnecting,0,0,6,15,0,0,9,737,313,365,313,365
116532,Reconnecting,0,0,6,15,0,0,9,737,313,365,313,365
116780,Reconnecting,0,0,6,15,0,0,9,737,313,365,313,365
117029,Reconnecting,156672,408,6,15,0,0,9,755,0,365,0,365
117277,Reconnecting,1041408,2712,6,15,0,0,9,783,0,365,0,365
117526,Reconnecting,1069056,2784,6,15,0,0,9,785,0,365,0,365
117774,Reconnecting,1207296,3144,6,15,0,0,9,790,0,365,0,365
118024,Reconnecting,1207296,3144,6,15,0,0,9,790,0,365,0,365
118272,Reconnecting,1271808,3312,6,15,0,0,9,791,310,365,310,365
118522,Reconnecting,1345536,3504,6,15,0,0,9,794,0,365,0,365
118770,Reconnecting,1400832,3648,6,15,0,0,9,797,0,365,0,365
119015,Reconnecting,1437696,3744,6,15,0,0,9,799,0,365,0,365
119264,Reconnecting,1437696,3744,6,15,0,0,9,799,0,365,0,365
119515,Reconnecting,1529856,3984,6,15,0,0,9,802,0,365,0,365
119766,Playing,1522736,3965,6,15,0,0,9,805,0,365,0,365
120014,Playing,1488864,3877,6,15,0,0,9,808,0,365,0,365
120260,Playing,1427648,3717,6,15,0,0,9,810,0,365,0,365
120510,Playing,1329568,3462,6,15,0,0,9,810,0,365,0,365
120761,Playing,1314128,3422,6,15,0,0,9,813,0,365,0,365
121009,Playing,1280560,3334,6,15,0,0,9,816,0,365,0,365
121256,Playing,1256208,3271,6,15,0,0,9,819,0,365,0,365
121505,Playing,1222336,3183,6,15,0,0,9,822,0,365,0,365
121752,Playing,1124256,2927,6,15,0,0,9,822,0,365,0,365
122001,Playing,1081472,2816,6,15,0,0,9,825,0,365,0,365
122310,Playing,1020856,2658,6,15,0,0,9,828,0,365,0,365
122557,Playing,968552,2522,6,15,0,0,9,830,0,365,0,365
122803,Playing,953416,2482,6,15,0,0,9,833,0,365,0,365
123054,Playing,929064,2419,6,15,0,0,9,836,0,365,0,365
123301,Playing,830984,2164,6,15,0,0,9,836,0,365,0,365
123550,Playing,778680,2027,6,15,0,0,9,839,0,365,0,365
123799,Playing,745112,1940,6,15,0,0,9,842,0,365,0,365
124048,Playing,720760,1876,6,15,0,0,9,845,0,365,0,365
124296,Playing,696112,1812,6,15,0,0,9,848,0,365,0,365
124543,Playing,598024,1557,6,15,0,0,9,848,0,365,0,365
124790,Playing,591808,1541,6,15,0,0,9,851,0,365,0,365
125037,Playing,521376,1357,6,15,0,0,9,853,0,365,0,365
125285,Playing,469376,1222,6,15,0,0,9,854,310,365,311,365
125533,Playing,481584,1254,6,15,0,0,9,857,0,365,0,365
125785,Playing,383504,998,6,15,0,0,9,857,0,365,0,365
126036,Playing,340720,887,6,15,0,0,9,860,0,365,0,365
126283,Playing,325280,847,6,15,0,0,9,863,0,365,0,365
126529,Playing,282496,735,6,15,0,0,9,866,0,365,0,365
126779,Playing,212064,552,6,15,0,0,9,868,0,365,0,365
127028,Playing,122896,320,6,15,0,0,9,868,0,365,0,365
127275,Playing,107760,280,6,15,0,0,9,871,0,365,0,365
127526,Playing,64976,169,6,15,0,0,9,874,0,365,0,365
127776,Buffering,55296,144,7,15,0,0,9,877,0,365,0,365
128024,Buffering,82944,216,7,15,0,0,9,879,0,365,0,365
128274,Buffering,82944,216,7,15,0,0,9,879,0,365,0,365
128522,Buffering,165888,432,7,15,0,0,9,882,0,365,0,365
128772,Buffering,230400,600,7,15,0,0,9,885,0,365,0,365
129021,Buffering,285696,744,7,15,0,0,9,888,0,365,0,365
129270,Buffering,313344,816,7,15,0,0,9,890,0,365,0,365
129523,Buffering,313344,816,7,15,0,0,9,890,0,365,0,365
129771,Buffering,334176,870,7,16,0,0,9,893,0,365,0,365
130021,Buffering,272960,710,7,16,0,0,9,896,0,365,0,365
130268,Buffering,257816,671,7,16,0,0,9,899,0,365,0,365
130515,Buffering,214736,559,7,16,0,0,9,902,0,365,0,365
130765,Buffering,116656,303,7,16,0,0,9,902,0,365,0,365
131013,Buffering,92304,240,7,16,0,0,9,905,0,365,0,365
131264,Buffering,86080,224,7,16,0,0,9,908,0,365,0,365
131513,Buffering,24864,64,7,16,0,0,9,910,0,365,0,365
131761,Buffering,156672,408,7,16,0,0,9,915,0,365,0,365
132009,Buffering,156672,408,7,16,0,0,9,915,0,365,0,365
132258,Buffering,202752,528,7,16,0,0,9,916,308,365,308,365
132506,Buffering,230400,600,7,16,0,0,9,918,0,365,0,365
132756,Buffering,313344,816,7,16,0,0,9,921,0,365,0,365
133007,Playing,368640,960,7,17,0,0,9,924,0,365,0,365
133254,Playing,270560,704,7,17,0,0,9,924,0,365,0,365
133504,Playing,246208,641,7,17,0,0,9,927,0,365,0,365
133753,Playing,184688,480,7,17,0,0,9,929,0,365,0,365
134001,Playing,169552,441,7,17,0,0,9,932,0,365,0,365
134311,Playing,136584,355,7,17,0,0,9,935,0,365,0,365
134560,Playing,75368,196,7,17,0,0,9,938,0,365,0,365
134811,Playing,0,0,7,17,0,0,9,938,0,365,0,365
135062,Buffering,64512,168,8,17,0,0,9,941,0,365,0,365
135250,Buffering,156672,408,8,17,0,0,9,944,0,365,0,365
135561,Buffering,230400,600,8,17,0,0,9,947,0,365,0,365
135810,Buffering,267264,696,8,17,0,0,9,949,0,365,0,365
136057,Buffering,267264,696,8,17,0,0,9,949,0,365,0,365
136307,Buffering,325264,847,8,18,0,0,9,954,0,365,0,365
136556,Buffering,282176,734,8,18,0,0,9,955,310,365,310,365
136805,Buffering,257824,671,8,18,0,0,9,958,0,365,0,365
137056,Buffering,187392,488,8,18,0,0,9,960,0,365,0,365
137303,Buffering,89312,232,8,18,0,0,9,960,0,365,0,365
137552,Buffering,83088,216,8,18,0,0,9,963,0,365,0,365
137803,Buffering,40304,104,8,18,0,0,9,966,0,365,0,365
138049,Buffering,27648,72,8,18,0,0,9,968,0,365,0,365
138298,Buffering,175104,456,8,18,0,0,9,973,0,365,0,365
138547,Buffering,175104,456,8,18,0,0,9,973,0,365,0,365
138796,Buffering,221184,576,8,18,0,0,9,974,310,365,310,365
139043,Buffering,276480,720,8,18,0,0,9,977,0,365,0,365
139290,Buffering,369544,962,8,19,0,0,9,980,0,365,0,365
139541,Buffering,289896,754,8,19,0,0,9,982,0,365,0,365
139788,Buffering,200728,522,8,19,0,0,9,982,0,365,0,365
140038,Buffering,185592,483,8,19,0,0,9,985,0,365,0,365
140285,Buffering,152024,395,8,19,0,0,9,988,0,365,0,365
140533,Buffering,136584,355,8,19,0,0,9,991,0,365,0,365
140782,Buffering,75368,196,8,19,0,0,9,993,0,365,0,365
141029,Buffering,0,0,8,19,0,0,9,993,0,365,0,365
141280,Buffering,73728,192,8,19,0,0,9,996,0,365,0,365
141530,Playing,140032,364,8,20,0,0,9,999,0,365,0,365
141777,Playing,97248,253,8,20,0,0,9,1002,0,365,0,365
142026,Playing,72600,189,8,20,0,0,9,1005,0,365,0,365
142272,Playing,0,0,8,20,0,0,9,1005,0,365,0,365
142520,Buffering,73728,192,9,20,0,0,9,1008,0,365,0,365
142769,Buffering,138240,360,9,20,0,0,9,1011,0,365,0,365
143016,Buffering,193536,504,9,20,0,0,9,1014,0,365,0,365
143264,Buffering,193536,504,9,20,0,0,9,1014,0,365,0,365
143513,Buffering,230400,600,9,20,0,0,9,1016,0,365,0,365
143761,Buffering,313344,816,9,20,0,0,9,1019,0,365,0,365
144007,Buffering,359424,936,9,20,0,0,9,1022,0,365,0,365
144256,Buffering,415320,1081,9,21,0,0,9,1025,0,365,0,365
144504,Buffering,317240,826,9,21,0,0,9,1025,0,365,0,365
144752,Buffering,292888,762,9,21,0,0,9,1028,0,365,0,365
145000,Buffering,259016,674,9,21,0,0,9,1031,0,365,0,365
145250,Buffering,188584,491,9,21,0,0,9,1033,0,365,0,365
145561,Buffering,155616,405,9,21,0,0,9,1036,0,365,0,365
145811,Buffering,131264,341,9,21,0,0,9,1039,0,365,0,365
146058,Buffering,33184,86,9,21,0,0,9,1039,0,365,0,365
146306,Buffering,17744,46,9,21,0,0,9,1042,0,365,0,365
146555,Buffering,27648,72,9,21,0,0,9,1044,0,365,0,365
146803,Buffering,110592,288,9,21,0,0,9,1047,0,365,0,365
147057,Buffering,175104,456,9,21,0,0,9,1050,0,365,0,365
147308,Buffering,175104,456,9,21,0,0,9,1050,0,365,0,365
147556,Buffering,230400,600,9,21,0,0,9,1053,0,365,0,365
147804,Reconnecting,0,0,9,22,0,0,9,1054,310,365,311,365
148053,Reconnecting,0,0,9,22,0,0,9,1054,310,365,311,365
148302,Reconnecting,0,0,9,22,0,0,9,1054,310,365,311,365
148549,Reconnecting,0,0,9,22,0,0,9,1054,310,365,311,365
148798,Reconnecting,0,0,9,22,0,0,9,1054,310,365,311,365
149048,Reconnecting,0,0,9,22,0,0,9,1054,310,365,311,365
149293,Reconnecting,0,0,9,22,0,0,9,1054,310,365,311,365
149545,Reconnecting,0,0,9,22,0,0,9,1054,310,365,311,365
149795,Reconnecting,0,0,9,22,0,0,9,1054,310,365,311,365
150044,Reconnecting,0,0,9,22,0,0,9,1054,310,365,311,365
150291,Reconnecting,0,0,9,22,0,0,9,1054,310,365,311,365
150538,Reconnecting,0,0,9,22,0,0,9,1054,310,365,311,365
150787,Reconnecting,0,0,9,22,0,0,9,1054,310,365,311,365
151035,Reconnecting,0,0,9,22,0,0,9,1054,310,365,311,365
151284,Reconnecting,0,0,9,22,0,0,9,1054,310,365,311,365
151535,Reconnecting,0,0,9,22,0,0,9,1054,310,365,311,365
151784,Reconnecting,0,0,9,22,0,0,9,1054,310,365,311,365
152033,Reconnecting,0,0,9,22,0,0,9,1054,310,365,311,365
152282,Reconnecting,0,0,9,22,0,0,9,1054,310,365,311,365
152530,Reconnecting,0,0,9,22,0,0,9,1054,310,365,311,365
152777,Reconnecting,0,0,9,22,0,0,10,1054,310,365,311,365
153024,Reconnecting,0,0,9,22,0,0,10,1054,310,365,311,365
153273,Reconnecting,0,0,9,22,0,0,10,1054,310,365,311,365
153522,Reconnecting,0,0,9,22,0,0,10,1054,310,365,311,365
153772,Reconnecting,0,0,9,22,0,0,10,1054,310,365,311,365
154020,Reconnecting,55296,144,9,22,0,0,10,1057,0,365,0,365
154271,Reconnecting,626688,1632,9,22,0,0,10,1073,0,365,0,365
154520,Reconnecting,1492992,3888,9,22,0,0,10,1098,0,365,0,365
154769,Playing,1521536,3962,9,22,0,0,10,1101,0,365,0,365
155020,Playing,1423456,3706,9,22,0,0,10,1101,0,365,0,365
155271,Playing,1389888,3619,9,22,0,0,10,1104,0,365,0,365
155519,Playing,1383664,3603,9,22,0,0,10,1107,0,365,0,365
155767,Playing,1350096,3515,9,22,0,0,10,1110,0,365,0,365
156016,Playing,1252016,3260,9,22,0,0,10,1110,0,365,0,365
156265,Playing,1227368,3196,9,22,0,0,10,1113,0,365,0,365
156512,Playing,1184576,3084,9,22,0,0,10,1116,0,365,0,365
156762,Playing,1086496,2829,9,22,0,0,10,1116,0,365,0,365
157012,Playing,1052632,2741,9,22,0,0,10,1119,0,365,0,365
157264,Playing,1009848,2629,9,22,0,0,10,1122,0,365,0,365
157511,Playing,967056,2518,9,22,0,0,10,1125,2,365,2,365
157762,Playing,868976,2262,9,22,0,0,10,1125,2,365,2,365
158011,Playing,853544,2222,9,22,0,0,10,1128,0,365,0,365
158258,Playing,829192,2159,9,22,0,0,10,1131,0,365,0,365
158512,Playing,786400,2047,9,22,0,0,10,1134,0,365,0,365
158761,Playing,688320,1792,9,22,0,0,10,1134,0,365,0,365
159012,Playing,654456,1704,9,22,0,0,10,1137,0,365,0,365
159258,Playing,584024,1520,9,22,0,0,10,1139,0,365,0,365
159505,Playing,485936,1265,9,22,0,0,10,1139,0,365,0,365
159751,Playing,479720,1249,9,22,0,0,10,1142,0,365,0,365
160001,Playing,492232,1281,9,22,0,0,10,1147,0,365,0,365
160250,Playing,467880,1218,9,22,0,0,10,1150,0,365,0,365
160561,Playing,351960,916,9,22,0,0,10,1150,0,365,0,365
160811,Playing,281528,733,9,22,0,0,10,1152,0,365,0,365
161059,Playing,284528,740,9,22,0,0,10,1155,0,365,0,365
161309,Playing,241736,629,9,22,0,0,10,1158,0,365,0,365
161557,Playing,143656,374,9,22,0,0,10,1158,0,365,0,365
161807,Playing,128224,333,9,22,0,0,10,1161,0,365,0,365
162056,Playing,94656,246,9,22,0,0,10,1164,0,365,0,365
162305,Playing,0,0,9,22,0,0,10,1164,0,365,0,365
162553,Buffering,64512,168,10,22,0,0,10,1167,0,365,0,365
162801,Buffering,101376,264,10,22,0,0,10,1170,0,365,0,365
163050,Buffering,221184,576,10,22,0,0,10,1173,0,365,0,365
163297,Buffering,221184,576,10,22,0,0,10,1173,0,365,0,365
163548,Buffering,285696,744,10,22,0,0,10,1176,0,365,0,365
163798,Buffering,340992,888,10,22,0,0,10,1179,0,365,0,365
164045,Buffering,340992,888,10,22,0,0,10,1179,0,365,0,365
164292,Buffering,371640,967,10,23,0,0,10,1182,0,365,0,365
164539,Buffering,291992,760,10,23,0,0,10,1184,0,365,0,365
164791,Buffering,276848,720,10,23,0,0,10,1187,0,365,0,365
165038,Buffering,187688,488,10,23,0,0,10,1187,0,365,0,365
165286,Buffering,144904,377,10,23,0,0,10,1190,0,365,0,365
165534,Buffering,102120,265,10,23,0,0,10,1193,0,365,0,365
165783,Buffering,68248,177,10,23,0,0,10,1196,0,365,0,365
166030,Buffering,0,0,10,23,0,0,10,1196,0,365,0,365
166279,Buffering,55296,144,10,23,0,0,10,1199,0,365,0,365
166528,Buffering,110592,288,10,23,0,0,10,1202,0,365,0,365
166772,Buffering,110592,288,10,23,0,0,10,1202,0,365,0,365
167019,Buffering,165888,432,10,23,0,0,10,1205,2,365,2,365
167269,Buffering,221184,576,10,23,0,0,10,1208,0,365,0,365
167516,Playing,267560,696,10,24,0,0,10,1211,0,365,0,365
167767,Playing,169480,441,10,24,0,0,10,1211,0,365,0,365
168016,Playing,135616,353,10,24,0,0,10,1214,0,365,0,365
168262,Playing,92824,241,10,24,0,0,10,1217,0,365,0,365
168512,Playing,0,0,10,24,0,0,10,1217,0,365,0,365
168762,Buffering,73728,192,11,24,0,0,10,1220,0,365,0,365
169011,Buffering,138240,360,11,24,0,0,10,1223,0,365,0,365
169261,Buffering,165888,432,11,24,0,0,10,1225,0,365,0,365
169509,Buffering,165888,432,11,24,0,0,10,1225,0,365,0,365
169761,Buffering,304128,792,11,24,0,0,10,1230,0,365,0,365
170008,Buffering,350208,912,11,24,0,0,10,1231,346,365,346,365
170257,Buffering,350208,912,11,24,0,0,10,1231,346,365,346,365
170506,Buffering,343688,895,11,25,0,0,10,1234,0,365,0,365
170755,Buffering,300904,783,11,25,0,0,10,1237,0,365,0,365
171003,Buffering,258112,672,11,25,0,0,10,1240,0,365,0,365
171251,Buffering,168952,439,11,25,0,0,10,1240,0,365,0,365
171560,Buffering,80984,210,11,25,0,0,10,1243,0,365,0,365
171809,Buffering,111624,290,11,25,0,0,10,1246,0,365,0,365
172058,Buffering,78056,203,11,25,0,0,10,1249,0,365,0,365
172306,Buffering,0,0,11,25,0,0,10,1249,0,365,0,365
172554,Buffering,27648,72,11,25,0,0,10,1251,0,365,0,365
172803,Buffering,110592,288,11,25,0,0,10,1254,0,365,0,365
173053,Buffering,202752,528,11,25,0,0,10,1257,0,365,0,365
173302,Buffering,202752,528,11,25,0,0,10,1257,0,365,0,365
173551,Buffering,294912,768,11,25,0,0,10,1260,0,365,0,365
173799,Playing,314248,818,11,26,0,0,10,1263,0,365,0,365
174047,Playing,225080,586,11,26,0,0,10,1263,0,365,0,365
174299,Playing,219160,570,11,26,0,0,10,1266,0,365,0,365
174546,Playing,185592,483,11,26,0,0,10,1269,0,365,0,365
174796,Playing,142808,371,11,26,0,0,10,1272,0,365,0,365
175048,Playing,53640,139,11,26,0,0,10,1272,0,365,0,365
175296,Playing,56936,148,11,26,0,0,10,1275,0,365,0,365
175544,Buffering,64512,168,12,26,0,0,10,1278,0,365,0,365
175795,Buffering,64512,168,12,26,0,0,10,1278,0,365,0,365
176046,Buffering,138240,360,12,26,0,0,10,1281,0,365,0,365
176295,Buffering,175104,456,12,26,0,0,10,1283,0,365,0,365
176543,Buffering,304128,792,12,26,0,0,10,1288,0,365,0,365
176791,Buffering,304128,792,12,26,0,0,10,1288,0,365,0,365
177038,Buffering,340992,888,12,26,0,0,10,1289,333,365,333,365
177289,Buffering,369840,963,12,27,0,0,10,1292,0,365,0,365
177537,Buffering,280672,730,12,27,0,0,10,1292,0,365,0,365
177786,Buffering,237888,619,12,27,0,0,10,1295,0,365,0,365
178038,Buffering,204320,532,12,27,0,0,10,1298,0,365,0,365
178285,Buffering,207312,539,12,27,0,0,10,1301,0,365,0,365
178536,Buffering,109232,284,12,27,0,0,10,1301,0,365,0,365
178785,Buffering,57232,149,12,27,0,0,10,1304,0,365,0,365
179035,Buffering,41792,108,12,27,0,0,10,1307,0,365,0,365
179282,Buffering,0,0,12,27,0,0,10,1307,0,365,0,365
179531,Buffering,46080,120,12,27,0,0,10,1310,0,365,0,365
179779,Buffering,165888,432,12,27,0,0,10,1313,0,365,0,365
180030,Buffering,211968,552,12,27,0,0,10,1316,0,365,0,365
180278,Buffering,211968,552,12,27,0,0,10,1316,0,365,0,365
180527,Buffering,285696,744,12,27,0,0,10,1319,0,365,0,365
180776,Reconnecting,0,0,12,28,0,0,10,1320,346,365,346,365
181024,Reconnecting,0,0,12,28,0,0,10,1320,346,365,346,365
181276,Reconnecting,0,0,12,28,0,0,10,1320,346,365,346,365
181523,Reconnecting,0,0,12,28,0,0,10,1320,346,365,346,365
181770,Reconnecting,0,0,12,28,0,0,10,1320,346,365,346,365
182017,Reconnecting,0,0,12,28,0,0,10,1320,346,365,346,365
182265,Reconnecting,0,0,12,28,0,0,10,1320,346,365,346,365
182514,Reconnecting,0,0,12,28,0,0,10,1320,346,365,346,365
182761,Reconnecting,0,0,12,28,0,0,10,1320,346,365,346,365
183009,Reconnecting,0,0,12,28,0,0,10,1320,346,365,346,365
183258,Reconnecting,0,0,12,28,0,0,10,1320,346,365,346,365
183509,Reconnecting,0,0,12,28,0,0,10,1320,346,365,346,365
183754,Reconnecting,0,0,12,28,0,0,10,1320,346,365,346,365
184002,Reconnecting,0,0,12,28,0,0,10,1320,346,365,346,365
184251,Reconnecting,0,0,12,28,0,0,10,1320,346,365,346,365
184501,Reconnecting,0,0,12,28,0,0,10,1320,346,365,346,365
184809,Reconnecting,0,0,12,28,0,0,10,1320,346,365,346,365
185056,Reconnecting,0,0,12,28,0,0,10,1320,346,365,346,365
185303,Reconnecting,0,0,12,28,0,0,10,1320,346,365,346,365
185554,Reconnecting,0,0,12,28,0,0,10,1320,346,365,346,365
185803,Reconnecting,0,0,12,28,0,0,11,1320,346,365,346,365
186052,Reconnecting,0,0,12,28,0,0,11,1320,346,365,346,365
186299,Reconnecting,0,0,12,28,0,0,11,1320,346,365,346,365
186551,Reconnecting,0,0,12,28,0,0,11,1320,346,365,346,365
186799,Reconnecting,0,0,12,28,0,0,11,1320,346,365,346,365
187050,Reconnecting,0,0,12,28,0,0,11,1324,0,365,346,365
187298,Reconnecting,940032,2448,12,28,0,0,11,1364,0,365,0,365
187547,Reconnecting,1022976,2664,12,28,0,0,11,1367,0,365,0,365
187796,Reconnecting,1022976,2664,12,28,0,0,11,1367,0,365,0,365
188045,Reconnecting,1078272,2808,12,28,0,0,11,1370,0,365,0,365
188294,Reconnecting,1133568,2952,12,28,0,0,11,1373,0,365,0,365
188544,Reconnecting,1161216,3024,12,28,0,0,11,1375,0,365,0,365
188792,Reconnecting,1198080,3120,12,28,0,0,11,1376,296,365,296,365
189039,Reconnecting,1262592,3288,12,28,0,0,11,1379,0,365,0,365
189289,Reconnecting,1262592,3288,12,28,0,0,11,1379,0,365,0,365
189539,Reconnecting,1317888,3432,12,28,0,0,11,1382,0,365,0,365
189786,Reconnecting,1317888,3432,12,28,0,0,11,1382,0,365,0,365
190036,Reconnecting,1317888,3432,12,28,0,0,11,1382,0,365,0,365
190284,Reconnecting,1345536,3504,12,28,0,0,11,1384,0,865,0,865
190532,Playing,1549184,4034,12,28,0,0,11,1391,4,865,4,865
190778,Playing,1497184,3898,12,28,0,0,11,1394,0,865,0,865
191024,Playing,1408024,3666,12,28,0,0,11,1394,0,865,0,865
191274,Playing,1374448,3579,12,28,0,0,11,1397,0,865,0,865
191523,Playing,1368232,3563,12,28,0,0,11,1400,0,865,0,865
191772,Playing,1334664,3475,12,28,0,0,11,1403,0,865,0,865
192020,Playing,1264232,3292,12,28,0,0,11,1405,1,865,1,865
192268,Playing,1248792,3252,12,28,0,0,11,1408,0,865,0,865
192515,Playing,1150712,2996,12,28,0,0,11,1408,0,865,0,865
192764,Playing,1135576,2957,12,28,0,0,11,1411,0,865,0,865
193013,Playing,1110920,2893,12,28,0,0,11,1414,0,865,0,865
193262,Playing,1058920,2757,12,28,0,0,11,1417,0,865,0,865
193511,Playing,1043784,2718,12,28,0,0,11,1420,0,865,0,865
193759,Playing,945704,2462,12,28,0,0,11,1420,0,865,0,865
194006,Playing,911832,2374,12,28,0,0,11,1423,0,865,0,865
194256,Playing,841400,2191,12,28,0,0,11,1425,0,865,0,865
194505,Playing,816744,2126,12,28,0,0,11,1428,0,865,0,865
194756,Playing,792392,2063,12,28,0,0,11,1431,0,865,0,865
195007,Playing,740392,1928,12,28,0,0,11,1434,0,865,0,865
195255,Playing,642312,1672,12,28,0,0,11,1434,0,865,0,865
195503,Playing,626872,1632,12,28,0,0,11,1437,0,865,0,865
195752,Playing,593304,1545,12,28,0,0,11,1440,0,865,0,865
196000,Playing,522872,1361,12,28,0,0,11,1442,0,865,0,865
196312,Playing,489904,1275,12,28,0,0,11,1445,0,865,0,865
196561,Playing,437904,1140,12,28,0,0,11,1448,0,865,0,865
196807,Playing,422464,1100,12,28,0,0,11,1451,2,865,2,865
197056,Playing,324384,844,12,28,0,0,11,1451,2,865,2,865
197305,Playing,253952,661,12,28,0,0,11,1453,0,865,0,865
197553,Playing,229600,597,12,28,0,0,11,1456,0,865,0,865
197802,Playing,214160,557,12,28,0,0,11,1459,0,865,0,865
198050,Playing,171376,446,12,28,0,0,11,1462,1,865,1,865
198297,Playing,110160,286,12,28,0,0,11,1465,0,865,0,865
198546,Playing,20992,54,12,28,0,0,11,1465,0,865,0,865
198795,Playing,0,0,12,28,0,0,11,1466,305,865,305,865
199043,Buffering,64512,168,13,28,0,0,11,1469,0,865,0,865
199292,Buffering,119808,312,13,28,0,0,11,1472,0,865,0,865
199541,Buffering,156672,408,13,28,0,0,11,1475,0,865,0,865
199792,Buffering,221184,576,13,28,0,0,11,1478,0,865,0,865
200042,Buffering,221184,576,13,28,0,0,11,1478,0,865,0,865
200289,Buffering,267264,696,13,28,0,0,11,1479,315,865,315,865
200537,Buffering,333576,868,13,29,0,0,11,1484,0,865,0,865
200787,Buffering,281272,732,13,29,0,0,11,1485,290,865,290,865
201037,Buffering,238488,621,13,29,0,0,11,1488,3,865,3,865
201285,Buffering,140408,365,13,29,0,0,11,1488,3,865,3,865
201534,Buffering,116056,302,13,29,0,0,11,1491,0,865,0,865
201785,Buffering,72968,190,13,29,0,0,11,1494,0,865,0,865
202034,Buffering,67048,174,13,29,0,0,11,1497,0,865,0,865
202285,Buffering,33480,87,13,29,0,0,11,1500,0,865,0,865
202531,Buffering,27648,72,13,29,0,0,11,1502,0,865,0,865
202781,Buffering,27648,72,13,29,0,0,11,1502,0,865,0,865
203030,Buffering,101376,264,13,29,0,0,11,1505,0,865,0,865
203279,Buffering,202752,528,13,29,0,0,11,1508,0,865,0,865
203527,Buffering,267264,696,13,29,0,0,11,1511,0,865,0,865
203776,Buffering,322560,840,13,29,0,0,11,1514,0,865,0,865
204025,Playing,359720,936,13,30,0,0,11,1515,291,865,291,865
204273,Playing,270560,704,13,30,0,0,11,1515,291,865,291,865
204519,Playing,218560,569,13,30,0,0,11,1518,0,865,0,865
204766,Playing,249200,648,13,30,0,0,11,1521,0,865,0,865
205015,Playing,206416,537,13,30,0,0,11,1524,0,865,0,865
205263,Playing,172848,450,13,30,0,0,11,1527,0,865,0,865
205512,Playing,83680,217,13,30,0,0,11,1527,0,865,0,865
205758,Playing,59328,154,13,30,0,0,11,1530,0,865,0,865
206005,Playing,44192,115,13,30,0,0,11,1533,0,865,0,865
206255,Playing,0,0,13,30,0,0,11,1535,0,865,0,865
206505,Buffering,101376,264,14,30,0,0,11,1538,0,865,0,865
206756,Buffering,147456,384,14,30,0,0,11,1541,0,865,0,865
207004,Buffering,147456,384,14,30,0,0,11,1541,0,865,0,865
207252,Buffering,230400,600,14,30,0,0,11,1544,2,865,2,865
207502,Buffering,258048,672,14,30,0,0,11,1546,0,865,0,865
207750,Buffering,350208,912,14,30,0,0,11,1549,0,865,0,865
208000,Buffering,406408,1058,14,31,0,0,11,1552,0,865,0,865
208309,Buffering,373432,972,14,31,0,0,11,1555,0,865,0,865
208557,Buffering,321432,837,14,31,0,0,11,1558,0,865,0,865
208803,Buffering,223352,581,14,31,0,0,11,1558,0,865,0,865
209050,Buffering,207920,541,14,31,0,0,11,1561,0,865,0,865
209297,Buffering,137480,358,14,31,0,0,11,1563,0,865,0,865
209546,Buffering,122344,318,14,31,0,0,11,1566,0,865,0,865
209794,Buffering,88480,230,14,31,0,0,11,1569,0,865,0,865
210044,Buffering,0,0,14,31,0,0,11,1569,0,865,0,865
210295,Buffering,0,0,14,31,0,0,11,1569,0,865,0,865
210544,Buffering,36864,96,14,31,0,0,11,1571,0,865,0,865
210794,Buffering,36864,96,14,31,0,0,11,1571,0,865,0,865
211044,Buffering,248832,648,14,31,0,0,11,1576,0,865,0,865
211293,Buffering,350208,912,14,31,0,0,11,1579,0,865,0,865
211543,Buffering,342792,892,14,32,0,0,11,1582,0,865,0,865
211791,Buffering,281576,733,14,32,0,0,11,1583,299,865,299,865
212042,Buffering,303296,789,14,32,0,0,11,1588,0,865,0,865
212289,Buffering,214136,557,14,32,0,0,11,1588,0,865,0,865
212537,Buffering,162136,422,14,32,0,0,11,1589,300,865,300,865
212787,Buffering,119352,310,14,32,0,0,11,1592,0,865,0,865
213034,Buffering,103912,270,14,32,0,0,11,1595,0,865,0,865
213282,Buffering,125640,327,14,32,0,0,11,1598,0,865,0,865
213529,Buffering,91768,238,14,32,0,0,11,1601,0,865,0,865
213778,Buffering,0,0,14,32,0,0,11,1601,0,865,0,865
214026,Buffering,46080,120,14,32,0,0,11,1602,299,865,300,865
214274,Playing,48176,125,14,33,0,0,11,1605,0,865,0,865
214522,Buffering,73728,192,15,33,0,0,11,1608,2,865,2,865
214772,Buffering,119808,312,15,33,0,0,11,1611,0,865,0,865
215024,Buffering,184320,480,15,33,0,0,11,1614,0,865,0,865
215273,Buffering,184320,480,15,33,0,0,11,1614,0,865,0,865
215522,Buffering,276480,720,15,33,0,0,11,1617,0,865,0,865
215769,Buffering,350208,912,15,33,0,0,11,1620,0,865,0,865
216017,Buffering,351408,915,15,34,0,0,11,1622,0,865,0,865
216267,Buffering,345488,899,15,34,0,0,11,1625,5,865,5,865
216515,Buffering,247408,644,15,34,0,0,11,1625,5,865,5,865
216762,Buffering,213536,556,15,34,0,0,11,1628,0,865,0,865
217009,Buffering,189184,492,15,34,0,0,11,1631,0,865,0,865
217256,Buffering,174048,453,15,34,0,0,11,1634,0,865,0,865
217509,Buffering,149392,389,15,34,0,0,11,1637,0,865,0,865
217757,Buffering,88176,229,15,34,0,0,11,1639,0,865,0,865
218005,Buffering,0,0,15,34,0,0,11,1639,0,865,0,865
218255,Buffering,46080,120,15,34,0,0,11,1640,299,865,299,865
218504,Buffering,110592,288,15,34,0,0,11,1643,0,865,0,865
218752,Buffering,175104,456,15,34,0,0,11,1646,0,865,0,865
219002,Buffering,248832,648,15,34,0,0,11,1649,0,865,0,865
219253,Buffering,294912,768,15,34,0,0,11,1651,0,865,0,865
219503,Buffering,294912,768,15,34,0,0,11,1651,0,865,0,865
219754,Reconnecting,0,0,15,35,0,0,11,1652,296,865,296,865
220001,Reconnecting,0,0,15,35,0,0,11,1652,296,865,296,865
220253,Reconnecting,0,0,15,35,0,0,11,1652,296,865,296,865
220503,Reconnecting,0,0,15,35,0,0,11,1652,296,865,296,865
220810,Reconnecting,0,0,15,35,0,0,11,1652,296,865,296,865
221058,Reconnecting,0,0,15,35,0,0,11,1652,296,865,296,865
221309,Reconnecting,0,0,15,35,0,0,11,1652,296,865,296,865
221557,Reconnecting,0,0,15,35,0,0,11,1652,296,865,296,865
221806,Reconnecting,0,0,15,35,0,0,11,1652,296,865,296,865
222055,Reconnecting,0,0,15,35,0,0,11,1652,296,865,296,865
222303,Reconnecting,0,0,15,35,0,0,11,1652,296,865,296,865
222551,Reconnecting,0,0,15,35,0,0,11,1652,296,865,296,865
222800,Reconnecting,0,0,15,35,0,0,11,1652,296,865,296,865
223048,Reconnecting,0,0,15,35,0,0,11,1652,296,865,296,865
223300,Reconnecting,0,0,15,35,0,0,11,1652,296,865,296,865
223550,Reconnecting,0,0,15,35,0,0,11,1652,296,865,296,865
223796,Reconnecting,0,0,15,35,0,0,11,1652,296,865,296,865
224047,Reconnecting,0,0,15,35,0,0,11,1652,296,865,296,865
224295,Reconnecting,0,0,15,35,0,0,11,1652,296,865,296,865
224543,Reconnecting,0,0,15,35,0,0,12,1652,296,865,296,865
224791,Reconnecting,0,0,15,35,0,0,12,1652,296,865,296,865
225040,Reconnecting,0,0,15,35,0,0,12,1652,296,865,296,865
225289,Reconnecting,0,0,15,35,0,0,12,1652,296,865,296,865
225538,Reconnecting,0,0,15,35,0,0,12,1652,296,865,296,865
225785,Reconnecting,0,0,15,35,0,0,12,1658,0,865,296,865
226034,Reconnecting,423936,1104,15,35,0,0,12,1670,0,865,0,865
226284,Reconnecting,1373184,3576,15,35,0,0,12,1699,0,865,0,865
226531,Reconnecting,1419264,3696,15,35,0,0,12,1700,239,865,239,865
226779,Reconnecting,1465344,3816,15,35,0,0,12,1703,0,865,0,865
227028,Reconnecting,1529856,3984,15,35,0,0,12,1706,0,865,0,865
227275,Reconnecting,1529856,3984,15,35,0,0,12,1706,0,865,0,865
227524,Playing,1523640,3967,15,35,0,0,12,1709,0,865,0,865
227773,Playing,1498984,3903,15,35,0,0,12,1712,0,865,0,865
228022,Playing,1428552,3720,15,35,0,0,12,1714,0,865,0,865
228270,Playing,1468712,3824,15,35,0,0,12,1719,0,865,0,865
228518,Playing,1379552,3592,15,35,0,0,12,1719,0,865,0,865
228766,Playing,1336760,3481,15,35,0,0,12,1720,309,865,309,865
229013,Playing,1293976,3369,15,35,0,0,12,1723,0,865,0,865
229263,Playing,1324624,3449,15,35,0,0,12,1726,0,865,0,865
229513,Playing,1272624,3314,15,35,0,0,12,1729,0,865,0,865
229760,Playing,1174536,3058,15,35,0,0,12,1729,0,865,0,865
230009,Playing,1149888,2994,15,35,0,0,12,1732,0,865,0,865
230257,Playing,1134752,2955,15,35,0,0,12,1735,0,865,0,865
230506,Playing,1091968,2843,15,35,0,0,12,1738,0,865,0,865
230756,Playing,1021528,2660,15,35,0,0,12,1740,0,865,0,865
231003,Playing,932368,2428,15,35,0,0,12,1740,0,865,0,865
231256,Playing,926448,2412,15,35,0,0,12,1743,0,865,0,865
231501,Playing,874144,2276,15,35,0,0,12,1745,0,865,0,865
231813,Playing,832256,2167,15,35,0,0,12,1748,0,865,0,865
232061,Playing,789472,2055,15,35,0,0,12,1751,0,865,0,865
232308,Playing,755608,1967,15,35,0,0,12,1754,0,865,0,865
232557,Playing,657520,1712,15,35,0,0,12,1754,0,865,0,865
232804,Playing,632872,1648,15,35,0,0,12,1757,0,865,0,865
233052,Playing,562440,1464,15,35,0,0,12,1759,0,865,0,865
233298,Playing,528872,1377,15,35,0,0,12,1762,0,865,0,865
233546,Playing,559512,1457,15,35,0,0,12,1765,0,865,0,865
233798,Playing,461432,1201,15,35,0,0,12,1765,0,865,0,865
234047,Playing,418648,1090,15,35,0,0,12,1768,0,865,0,865
234296,Playing,385080,1002,15,35,0,0,12,1771,0,865,0,865
234545,Playing,378856,986,15,35,0,0,12,1774,0,865,0,865
234794,Playing,345288,899,15,35,0,0,12,1777,0,865,0,865
235043,Playing,247208,643,15,35,0,0,12,1777,0,865,0,865
235292,Playing,185688,483,15,35,0,0,12,1779,0,865,0,865
235540,Playing,152120,396,15,35,0,0,12,1782,0,865,0,865
235789,Playing,183064,476,15,35,0,0,12,1785,0,865,0,865
236038,Playing,149192,388,15,35,0,0,12,1788,0,865,0,865
236284,Playing,51112,133,15,35,0,0,12,1788,0,865,0,865
236534,Playing,17544,45,15,35,0,0,12,1791,0,865,0,865
236784,Buffering,92160,240,16,35,0,0,12,1794,0,865,0,865
237032,Buffering,165888,432,16,35,0,0,12,1797,0,865,0,865
237281,Buffering,248832,648,16,35,0,0,12,1800,0,865,0,865
237528,Buffering,248832,648,16,35,0,0,12,1800,0,865,0,865
237776,Buffering,276480,720,16,35,0,0,12,1802,0,865,0,865
238026,Buffering,350208,912,16,35,0,0,12,1805,0,865,0,865
238276,Buffering,397784,1035,16,36,0,0,12,1808,0,865,0,865
238523,Buffering,355000,924,16,36,0,0,12,1811,0,865,0,865
238769,Buffering,256920,669,16,36,0,0,12,1811,0,865,0,865
239017,Buffering,232264,604,16,36,0,0,12,1814,0,865,0,865
239265,Buffering,207912,541,16,36,0,0,12,1817,0,865,0,865
239513,Buffering,174344,454,16,36,0,0,12,1820,0,865,0,865
239761,Buffering,168120,437,16,36,0,0,12,1823,0,865,0,865
240009,Buffering,70040,182,16,36,0,0,12,1823,0,865,0,865
240256,Buffering,36176,94,16,36,0,0,12,1826,0,865,0,865
240504,Buffering,0,0,16,36,0,0,12,1829,0,865,0,865
240753,Buffering,73728,192,16,36,0,0,12,1832,0,865,0,865
241003,Buffering,101376,264,16,36,0,0,12,1834,0,865,0,865
241250,Buffering,101376,264,16,36,0,0,12,1834,0,865,0,865
241559,Buffering,193536,504,16,36,0,0,12,1837,0,865,0,865
241811,Buffering,267264,696,16,36,0,0,12,1840,0,865,0,865
242060,Playing,232792,606,16,37,0,0,12,1843,0,865,0,865
242308,Playing,208440,542,16,37,0,0,12,1846,0,865,0,865
242559,Playing,239088,622,16,37,0,0,12,1849,0,865,0,865
242807,Playing,141008,367,16,37,0,0,12,1849,0,865,0,865
243056,Playing,107432,279,16,37,0,0,12,1852,0,865,0,865
243305,Playing,55136,143,16,37,0,0,12,1853,309,865,309,865
243554,Playing,95296,248,16,37,0,0,12,1858,0,865,0,865
243802,Playing,43296,112,16,37,0,0,12,1859,309,865,310,865
244052,Buffering,64512,168,17,37,0,0,12,1862,0,865,0,865
244301,Buffering,64512,168,17,37,0,0,12,1862,0,865,0,865
244549,Buffering,119808,312,17,37,0,0,12,1865,0,865,0,865
244798,Buffering,202752,528,17,37,0,0,12,1868,0,865,0,865
245049,Buffering,267264,696,17,37,0,0,12,1871,0,865,0,865
245297,Buffering,304128,792,17,37,0,0,12,1873,0,865,0,865
245547,Buffering,304128,792,17,37,0,0,12,1873,0,865,0,865
245794,Buffering,315736,822,17,38,0,0,12,1876,0,865,0,865
246042,Buffering,282168,734,17,38,0,0,12,1879,0,865,0,865
246293,Buffering,220952,575,17,38,0,0,12,1882,0,865,0,865
246539,Buffering,196304,511,17,38,0,0,12,1885,0,865,0,865
246787,Buffering,98216,255,17,38,0,0,12,1885,0,865,0,865
247036,Buffering,83080,216,17,38,0,0,12,1888,0,865,0,865
247285,Buffering,58432,152,17,38,0,0,12,1891,0,865,0,865
247535,Buffering,36864,96,17,38,0,0,12,1893,0,865,0,865
247783,Buffering,184320,480,17,38,0,0,12,1898,0,865,0,865
248032,Buffering,184320,480,17,38,0,0,12,1898,0,865,0,865
248282,Buffering,239616,624,17,38,0,0,12,1899,309,865,309,865
248531,Buffering,276480,720,17,38,0,0,12,1901,0,865,0,865
248780,Buffering,368640,960,17,38,0,0,12,1904,0,865,0,865
249028,Buffering,415024,1080,17,39,0,0,12,1907,0,865,0,865
249276,Buffering,316944,825,17,39,0,0,12,1907,0,865,0,865
249526,Buffering,292592,761,17,39,0,0,12,1910,0,865,0,865
249775,Buffering,240288,625,17,39,0,0,12,1912,0,865,0,865
250025,Buffering,289664,754,17,39,0,0,12,1917,0,865,0,865
250273,Buffering,237664,618,17,39,0,0,12,1918,309,865,309,865
250522,Buffering,148496,386,17,39,0,0,12,1918,309,865,309,865
250773,Buffering,105712,275,17,39,0,0,12,1921,0,865,0,865
251021,Buffering,136656,355,17,39,0,0,12,1924,0,865,0,865
251270,Buffering,65920,171,17,39,0,0,12,1926,0,865,0,865
251518,Buffering,82944,216,17,39,0,0,12,1929,0,865,0,865
251767,Buffering,82944,216,17,39,0,0,12,1929,0,865,0,865
252016,Playing,30344,79,17,40,0,0,12,1931,0,865,0,865
252264,Buffering,92160,240,18,40,0,0,12,1934,0,865,0,865
252513,Buffering,147456,384,18,40,0,0,12,1937,0,865,0,865
252763,Buffering,193536,504,18,40,0,0,12,1940,0,865,0,865
253011,Buffering,193536,504,18,40,0,0,12,1940,0,865,0,865
253260,Buffering,267264,696,18,40,0,0,12,1943,0,865,0,865
253508,Buffering,350208,912,18,40,0,0,12,1946,0,865,0,865
253755,Buffering,388272,1011,18,41,0,0,12,1949,0,865,0,865
254003,Buffering,317840,827,18,41,0,0,12,1951,0,865,0,865
254251,Buffering,228680,595,18,41,0,0,12,1951,0,865,0,865
254562,Buffering,242088,630,18,41,0,0,12,1955,0,865,0,865
254811,Buffering,199000,518,18,41,0,0,12,1956,307,865,307,865
255058,Buffering,165432,430,18,41,0,0,12,1959,0,865,0,865
255307,Buffering,205592,535,18,41,0,0,12,1962,0,865,0,865
255555,Buffering,144072,375,18,41,0,0,12,1964,0,865,0,865
255802,Buffering,45992,119,18,41,0,0,12,1964,0,865,0,865
256054,Buffering,49288,128,18,41,0,0,12,1967,0,865,0,865
256303,Buffering,0,0,18,41,0,0,12,1969,0,865,0,865
256552,Buffering,156672,408,18,41,0,0,12,1974,0,865,0,865
256800,Buffering,202752,528,18,41,0,0,12,1975,309,865,309,865
257047,Buffering,202752,528,18,41,0,0,12,1975,309,865,309,865
257295,Buffering,267264,696,18,41,0,0,12,1978,0,865,0,865
257542,Reconnecting,0,0,18,42,0,0,12,1979,309,865,309,865
257791,Reconnecting,0,0,18,42,0,0,12,1979,309,865,309,865
258041,Reconnecting,0,0,18,42,0,0,12,1979,309,865,309,865
258289,Reconnecting,0,0,18,42,0,0,12,1979,309,865,309,865
258541,Reconnecting,0,0,18,42,0,0,12,1979,309,865,309,865
258788,Reconnecting,0,0,18,42,0,0,12,1979,309,865,309,865
259037,Reconnecting,0,0,18,42,0,0,12,1979,309,865,309,865
259285,Reconnecting,0,0,18,42,0,0,12,1979,309,865,309,865
259534,Reconnecting,0,0,18,42,0,0,12,1979,309,865,309,865
259786,Reconnecting,0,0,18,42,0,0,12,1979,309,865,309,865
260036,Reconnecting,0,0,18,42,0,0,12,1979,309,865,309,865
260287,Reconnecting,0,0,18,42,0,0,12,1979,309,865,309,865
260534,Reconnecting,0,0,18,42,0,0,12,1979,309,865,309,865
260784,Reconnecting,0,0,18,42,0,0,12,1979,309,865,309,865
261032,Reconnecting,0,0,18,42,0,0,12,1979,309,865,309,865
261282,Reconnecting,0,0,18,42,0,0,12,1979,309,865,309,865
261531,Reconnecting,0,0,18,42,0,0,12,1979,309,865,309,865
261780,Reconnecting,0,0,18,42,0,0,12,1979,309,865,309,865
262029,Reconnecting,0,0,18,42,0,0,12,1979,309,865,309,865
262278,Reconnecting,0,0,18,42,0,0,12,1979,309,865,309,865
262527,Reconnecting,0,0,18,42,0,0,13,1979,309,865,309,865
262776,Reconnecting,0,0,18,42,0,0,13,1979,309,865,309,865
263026,Reconnecting,0,0,18,42,0,0,13,1979,309,865,309,865
263274,Reconnecting,0,0,18,42,0,0,13,1979,309,865,309,865
263524,Reconnecting,0,0,18,42,0,0,13,1979,309,865,309,865
263773,Reconnecting,0,0,18,42,0,0,13,1979,309,865,309,865
264021,Reconnecting,0,0,18,42,0,0,13,1979,309,865,309,865
264271,Reconnecting,0,0,18,42,0,0,13,1979,309,865,309,865
264519,Reconnecting,0,0,18,42,0,0,13,1979,309,865,309,865
264770,Reconnecting,0,0,18,42,0,0,13,1979,309,865,309,865
265019,Reconnecting,0,0,18,42,0,0,13,1979,309,865,309,865
265266,Reconnecting,0,0,18,42,0,0,13,1979,309,865,309,865
265515,Reconnecting,0,0,18,42,0,0,13,1984,0,865,309,865
265765,Reconnecting,340992,888,18,42,0,0,13,1998,0,865,0,865
266015,Reconnecting,1133568,2952,18,42,0,0,13,2023,0,865,0,865
266264,Reconnecting,1262592,3288,18,42,0,0,13,2026,0,865,0,865
266514,Reconnecting,1336320,3480,18,42,0,0,13,2029,0,865,0,865
266763,Reconnecting,1336320,3480,18,42,0,0,13,2029,0,865,0,865
267011,Reconnecting,1373184,3576,18,42,0,0,13,2032,0,865,0,865
267261,Reconnecting,1437696,3744,18,42,0,0,13,2035,0,865,0,865
267512,Playing,1530752,3986,18,42,0,0,13,2038,0,865,0,865
267759,Playing,1441584,3754,18,42,0,0,13,2038,0,865,0,865
268006,Playing,1408016,3666,18,42,0,0,13,2041,0,865,0,865
268256,Playing,1392880,3627,18,42,0,0,13,2044,0,865,0,865
268507,Playing,1368232,3563,18,42,0,0,13,2047,0,865,0,865
268753,Playing,1270144,3307,18,42,0,0,13,2047,0,865,0,865
269001,Playing,1254712,3267,18,42,0,0,13,2050,0,865,0,865
269309,Playing,1185176,3086,18,42,0,0,13,2053,0,865,0,865
269556,Playing,1169736,3046,18,42,0,0,13,2056,0,865,0,865
269805,Playing,1071656,2790,18,42,0,0,13,2056,0,865,0,865
270053,Playing,1028872,2679,18,42,0,0,13,2059,0,865,0,865
270303,Playing,1013440,2639,18,42,0,0,13,2062,0,865,0,865
270551,Playing,998296,2599,18,42,0,0,13,2065,0,865,0,865
270799,Playing,900216,2344,18,42,0,0,13,2065,0,865,0,865
271048,Playing,838704,2184,18,42,0,0,13,2067,0,865,0,865
271297,Playing,832784,2168,18,42,0,0,13,2070,0,865,0,865
271547,Playing,799216,2081,18,42,0,0,13,2073,0,865,0,865
271796,Playing,701128,1825,18,42,0,0,13,2073,0,865,0,865
272044,Playing,694912,1809,18,42,0,0,13,2076,0,865,0,865
272292,Playing,679776,1770,18,42,0,0,13,2079,0,865,0,865
272540,Playing,590608,1538,18,42,0,0,13,2079,0,865,0,865
272786,Playing,547824,1426,18,42,0,0,13,2082,0,865,0,865
273034,Playing,532688,1387,18,42,0,0,13,2085,0,865,0,865
273284,Playing,526464,1371,18,42,0,0,13,2088,0,865,0,865
273532,Playing,428384,1115,18,42,0,0,13,2088,0,865,0,865
273782,Playing,376384,980,18,42,0,0,13,2091,0,865,0,865
274030,Playing,407024,1059,18,42,0,0,13,2094,0,865,0,865
274278,Playing,382672,996,18,42,0,0,13,2097,0,865,0,865
274529,Playing,284592,741,18,42,0,0,13,2097,0,865,0,865
274778,Playing,232296,604,18,42,0,0,13,2099,0,865,0,865
275027,Playing,281664,733,18,42,0,0,13,2104,0,865,0,865
275276,Playing,220448,574,18,42,0,0,13,2105,334,865,334,865
275525,Playing,122368,318,18,42,0,0,13,2105,334,865,334,865
275775,Playing,88504,230,18,42,0,0,13,2108,0,865,0,865
276023,Playing,91792,239,18,42,0,0,13,2111,0,865,0,865
276273,Playing,0,0,18,42,0,0,13,2111,0,865,0,865
276521,Buffering,64512,168,19,42,0,0,13,2114,0,865,0,865
276773,Buffering,119808,312,19,42,0,0,13,2117,0,865,0,865
277021,Buffering,184320,480,19,42,0,0,13,2120,0,865,0,865
277270,Buffering,184320,480,19,42,0,0,13,2120,0,865,0,865
277519,Buffering,304128,792,19,42,0,0,13,2123,0,865,0,865
277767,Buffering,368640,960,19,42,0,0,13,2126,0,865,0,865
278016,Buffering,415320,1081,19,43,0,0,13,2129,0,865,0,865
278264,Buffering,326152,849,19,43,0,0,13,2129,0,865,0,865
278510,Buffering,347880,905,19,43,0,0,13,2132,0,865,0,865
278759,Buffering,332448,865,19,43,0,0,13,2135,0,865,0,865
279007,Buffering,234368,610,19,43,0,0,13,2135,0,865,0,865
279257,Buffering,182360,474,19,43,0,0,13,2138,0,865,0,865
279506,Buffering,167224,435,19,43,0,0,13,2141,0,865,0,865
279756,Buffering,151792,395,19,43,0,0,13,2144,0,865,0,865
280004,Buffering,53712,139,19,43,0,0,13,2144,0,865,0,865
280253,Buffering,20136,52,19,43,0,0,13,2147,0,865,0,865
280502,Buffering,55296,144,19,43,0,0,13,2150,0,865,0,865
280810,Buffering,129024,336,19,43,0,0,13,2153,0,865,0,865
281059,Buffering,165888,432,19,43,0,0,13,2155,0,865,0,865
281308,Buffering,165888,432,19,43,0,0,13,2155,0,865,0,865
281555,Playing,186416,485,19,44,0,0,13,2158,0,865,0,865
281806,Playing,162064,422,19,44,0,0,13,2161,0,865,0,865
282052,Playing,63984,166,19,44,0,0,13,2161,0,865,0,865
282300,Playing,48544,126,19,44,0,0,13,2164,0,865,0,865
282549,Playing,14976,39,19,44,0,0,13,2167,0,865,0,865
282797,Buffering,73728,192,20,44,0,0,13,2170,0,865,0,865
283046,Buffering,73728,192,20,44,0,0,13,2170,0,865,0,865
283295,Buffering,101376,264,20,44,0,0,13,2172,0,865,0,865
283542,Buffering,193536,504,20,44,0,0,13,2175,0,865,0,865
283789,Buffering,294912,768,20,44,0,0,13,2178,0,865,0,865
284040,Buffering,294912,768,20,44,0,0,13,2178,0,865,0,865
284284,Buffering,350208,912,20,44,0,0,13,2181,0,865,0,865
284535,Buffering,415616,1082,20,45,0,0,13,2184,0,865,0,865
284789,Buffering,317536,826,20,45,0,0,13,2184,0,865,0,865
285035,Buffering,283968,739,20,45,0,0,13,2187,0,865,0,865
285290,Buffering,259616,676,20,45,0,0,13,2190,0,865,0,865
285546,Buffering,235264,612,20,45,0,0,13,2193,0,865,0,865
285796,Buffering,146096,380,20,45,0,0,13,2193,0,865,0,865
286059,Buffering,103608,269,20,45,0,0,13,2196,0,865,0,865
286267,Buffering,87872,228,20,45,0,0,13,2199,0,865,0,865
286511,Buffering,44792,116,20,45,0,0,13,2202,0,865,0,865
286764,Buffering,0,0,20,45,0,0,13,2202,0,865,0,865
287014,Buffering,119808,312,20,45,0,0,13,2205,0,865,0,865
287263,Buffering,138240,360,20,45,0,0,13,2207,0,865,0,865
287513,Buffering,230400,600,20,45,0,0,13,2210,0,865,0,865
287761,Buffering,230400,600,20,45,0,0,13,2210,0,865,0,865
288010,Playing,204848,533,20,46,0,0,13,2213,0,865,0,865
288260,Playing,235488,613,20,46,0,0,13,2216,0,865,0,865
288509,Playing,137408,357,20,46,0,0,13,2216,0,865,0,865
288757,Playing,122272,318,20,46,0,0,13,2219,0,865,0,865
289005,Playing,88408,230,20,46,0,0,13,2222,0,865,0,865
289255,Playing,64048,166,20,46,0,0,13,2225,0,865,0,865
289502,Playing,0,0,20,46,0,0,13,2225,0,865,0,865
289752,Buffering,64512,168,21,46,0,0,13,2228,0,865,0,865
290001,Buffering,119808,312,21,46,0,0,13,2231,0,865,0,865
290251,Buffering,184320,480,21,46,0,0,13,2234,0,865,0,865
290561,Buffering,184320,480,21,46,0,0,13,2234,0,865,0,865
290750,Buffering,239616,624,21,46,0,0,13,2237,0,865,0,865
291001,Buffering,304128,792,21,46,0,0,13,2240,0,865,0,865
291250,Buffering,304128,792,21,46,0,0,13,2240,0,865,0,865
291561,Buffering,308024,802,21,47,0,0,13,2243,0,865,0,865
291809,Buffering,265240,690,21,47,0,0,13,2246,0,865,0,865
292059,Buffering,259016,674,21,47,0,0,13,2249,0,865,0,865
292250,Buffering,178768,465,21,47,0,0,13,2249,0,865,0,865
292501,Buffering,154112,401,21,47,0,0,13,2252,0,865,0,865
292811,Buffering,103016,268,21,47,0,0,13,2255,0,865,0,865
293056,Buffering,59928,156,21,47,0,0,13,2258,0,865,0,865
293304,Buffering,82944,216,21,47,0,0,13,2261,0,865,0,865
293553,Buffering,82944,216,21,47,0,0,13,2261,0,865,0,865
293801,Buffering,138240,360,21,47,0,0,13,2264,0,865,0,865
294051,Buffering,211968,552,21,47,0,0,13,2267,0,865,0,865
294301,Buffering,211968,552,21,47,0,0,13,2267,0,865,0,865
294550,Buffering,267264,696,21,47,0,0,13,2270,0,865,0,865
294802,Reconnecting,0,0,21,48,0,0,13,2271,340,865,340,865
295050,Reconnecting,0,0,21,48,0,0,13,2271,340,865,340,865
295298,Reconnecting,0,0,21,48,0,0,13,2271,340,865,340,865
295546,Reconnecting,0,0,21,48,0,0,13,2271,340,865,340,865
295794,Reconnecting,0,0,21,48,0,0,13,2271,340,865,340,865
296041,Reconnecting,0,0,21,48,0,0,13,2271,340,865,340,865
296292,Reconnecting,0,0,21,48,0,0,13,2271,340,865,340,865
296541,Reconnecting,0,0,21,48,0,0,13,2271,340,865,340,865
296790,Reconnecting,0,0,21,48,0,0,13,2271,340,865,340,865
297039,Reconnecting,0,0,21,48,0,0,13,2271,340,865,340,865
297287,Reconnecting,0,0,21,48,0,0,13,2271,340,865,340,865
297537,Reconnecting,0,0,21,48,0,0,13,2271,340,865,340,865
297786,Reconnecting,0,0,21,48,0,0,13,2271,340,865,340,865
298034,Reconnecting,0,0,21,48,0,0,13,2271,340,865,340,865
298282,Reconnecting,0,0,21,48,0,0,13,2271,340,865,340,865
298530,Reconnecting,0,0,21,48,0,0,13,2271,340,865,340,865
298777,Reconnecting,0,0,21,48,0,0,13,2271,340,865,340,865
299026,Reconnecting,0,0,21,48,0,0,13,2271,340,865,340,865
299274,Reconnecting,0,0,21,48,0,0,13,2271,340,865,340,865
299523,Reconnecting,0,0,21,48,0,0,13,2271,340,865,340,865
299773,Reconnecting,0,0,21,48,0,0,14,2271,340,865,340,865
300021,Reconnecting,0,0,21,48,0,0,14,2271,340,865,340,865
300271,Reconnecting,0,0,21,48,0,0,14,2271,340,865,340,865
300521,Reconnecting,0,0,21,48,0,0,14,2271,340,865,340,865
300769,Reconnecting,0,0,21,48,0,0,14,2271,340,865,340,865
301019,Reconnecting,0,0,21,48,0,0,14,2276,0,865,340,865
301267,Reconnecting,0,0,21,48,0,0,14,2287,0,865,340,865
301516,Reconnecting,0,0,21,48,0,0,14,2287,0,865,340,865
301764,Reconnecting,0,0,21,48,0,0,14,2287,0,865,340,865
302013,Reconnecting,0,0,21,48,0,0,14,2287,0,865,340,865
302263,Reconnecting,0,0,21,48,0,0,14,2287,0,865,340,865
302513,Reconnecting,0,0,21,48,0,0,14,2287,0,865,340,865
302764,Reconnecting,0,0,21,48,0,0,14,2287,0,865,340,865
303011,Reconnecting,0,0,21,48,0,0,14,2287,0,865,340,865
303260,Reconnecting,0,0,21,48,0,0,14,2287,0,865,340,865
303509,Reconnecting,0,0,21,48,0,0,14,2287,0,865,340,865
303758,Reconnecting,0,0,21,48,0,0,14,2287,0,865,340,865
304009,Reconnecting,0,0,21,48,0,0,14,2287,0,865,340,865
304255,Reconnecting,0,0,21,48,0,0,14,2287,0,865,340,865
304504,Reconnecting,0,0,21,48,0,0,14,2287,0,865,340,865
304752,Reconnecting,0,0,21,48,0,0,14,2287,0,865,340,865
305002,Reconnecting,0,0,21,48,0,0,14,2287,0,865,340,865
305252,Reconnecting,0,0,21,48,0,0,14,2287,0,865,340,865
305561,Reconnecting,0,0,21,48,0,0,14,2287,0,865,340,865
305808,Reconnecting,0,0,21,48,0,0,14,2287,0,865,340,865
306057,Reconnecting,0,0,21,48,0,0,14,2287,0,865,340,865
306305,Reconnecting,0,0,21,48,0,0,15,2287,0,865,340,865
306552,Reconnecting,0,0,21,48,0,0,15,2287,0,865,340,865
306803,Reconnecting,0,0,21,48,0,0,15,2287,0,865,340,865
307050,Reconnecting,0,0,21,48,0,0,15,2287,0,865,340,865
307298,Reconnecting,0,0,21,48,0,0,15,2287,0,865,340,865
307546,Reconnecting,0,0,21,48,0,0,15,2293,0,865,340,865
307794,Reconnecting,995328,2592,21,48,0,0,15,2332,0,865,0,865
308044,Reconnecting,1050624,2736,21,48,0,0,15,2335,0,865,0,865
308293,Reconnecting,1050624,2736,21,48,0,0,15,2335,0,865,0,865
308542,Reconnecting,1115136,2904,21,48,0,0,15,2338,0,865,0,865
308791,Reconnecting,1198080,3120,21,48,0,0,15,2341,0,865,0,865
309041,Reconnecting,1262592,3288,21,48,0,0,15,2344,0,865,0,865
309289,Reconnecting,1262592,3288,21,48,0,0,15,2344,0,865,0,865
309536,Reconnecting,1336320,3480,21,48,0,0,15,2347,0,865,0,865
309785,Reconnecting,1391616,3624,21,48,0,0,15,2350,0,865,0,865
310034,Reconnecting,1428480,3720,21,48,0,0,15,2352,0,865,0,865
310279,Reconnecting,1428480,3720,21,48,0,0,15,2352,0,865,0,865
310529,Reconnecting,1529856,3984,21,48,0,0,15,2355,0,865,0,865
310780,Playing,1550088,4036,21,48,0,0,15,2358,0,865,0,865
311029,Playing,1525736,3973,21,48,0,0,15,2361,0,865,0,865
311276,Playing,1436568,3741,21,48,0,0,15,2361,0,865,0,865
311525,Playing,1384568,3605,21,48,0,0,15,2364,0,865,0,865
311773,Playing,1351000,3518,21,48,0,0,15,2367,0,865,0,865
312025,Playing,1335864,3478,21,48,0,0,15,2370,0,865,0,865
312274,Playing,1311208,3414,21,48,0,0,15,2373,0,865,0,865
312523,Playing,1213128,3159,21,48,0,0,15,2373,0,865,0,865
312773,Playing,1142696,2975,21,48,0,0,15,2375,0,865,0,865
313022,Playing,1200984,3127,21,48,0,0,15,2380,0,865,0,865
313271,Playing,1148984,2992,21,48,0,0,15,2381,324,865,324,865
313521,Playing,1050904,2736,21,48,0,0,15,2381,324,865,324,865
313771,Playing,1044688,2720,21,48,0,0,15,2384,0,865,0,865
314017,Playing,1001896,2609,21,48,0,0,15,2387,0,865,0,865
314265,Playing,986760,2569,21,48,0,0,15,2390,0,865,0,865
314512,Playing,897600,2337,21,48,0,0,15,2390,0,865,0,865
314763,Playing,836384,2178,21,48,0,0,15,2392,0,865,0,865
315011,Playing,839672,2186,21,48,0,0,15,2395,0,865,0,865
315262,Playing,851888,2218,21,48,0,0,15,2398,0,865,0,865
315510,Playing,753808,1963,21,48,0,0,15,2398,0,865,0,865
315758,Playing,738672,1923,21,48,0,0,15,2401,0,865,0,865
316004,Playing,704800,1835,21,48,0,0,15,2404,0,865,0,865
316253,Playing,606720,1580,21,48,0,0,15,2404,0,865,0,865
316503,Playing,554720,1444,21,48,0,0,15,2406,0,865,0,865
316753,Playing,622224,1620,21,48,0,0,15,2411,0,865,0,865
317004,Playing,524144,1364,21,48,0,0,15,2411,0,865,0,865
317252,Playing,499792,1301,21,48,0,0,15,2414,0,865,0,865
317500,Playing,530736,1382,21,48,0,0,15,2417,0,865,0,865
317810,Playing,470120,1224,21,48,0,0,15,2420,0,865,0,865
318059,Playing,500760,1304,21,48,0,0,15,2423,0,865,0,865
318307,Playing,402680,1048,21,48,0,0,15,2423,0,865,0,865
318556,Playing,359896,937,21,48,0,0,15,2426,0,865,0,865
318806,Playing,344760,897,21,48,0,0,15,2429,0,865,0,865
319054,Playing,283240,737,21,48,0,0,15,2431,0,865,0,865
319301,Playing,185160,482,21,48,0,0,15,2431,0,865,0,865
319551,Playing,188456,490,21,48,0,0,15,2434,0,865,0,865
319800,Playing,173016,450,21,48,0,0,15,2437,0,865,0,865
320050,Playing,130232,339,21,48,0,0,15,2440,0,865,0,865
320298,Playing,142744,371,21,48,0,0,15,2443,0,865,0,865
320546,Playing,53576,139,21,48,0,0,15,2443,0,865,0,865
320796,Playing,10792,28,21,48,0,0,15,2446,0,865,0,865
321046,Buffering,64512,168,22,48,0,0,15,2449,0,865,0,865
321294,Buffering,147456,384,22,48,0,0,15,2452,0,865,0,865
321543,Buffering,147456,384,22,48,0,0,15,2452,0,865,0,865
321790,Buffering,202752,528,22,48,0,0,15,2455,0,865,0,865
322037,Buffering,276480,720,22,48,0,0,15,2458,0,865,0,865
322288,Buffering,313344,816,22,48,0,0,15,2460,0,865,0,865
322538,Buffering,313344,816,22,48,0,0,15,2460,0,865,0,865
322787,Buffering,334480,871,22,49,0,0,15,2463,0,865,0,865
323038,Buffering,291688,759,22,49,0,0,15,2466,0,865,0,865
323286,Buffering,239688,624,22,49,0,0,15,2469,0,865,0,865
323532,Buffering,150528,392,22,49,0,0,15,2469,0,865,0,865
323779,Buffering,190688,496,22,49,0,0,15,2472,0,865,0,865
324027,Buffering,147896,385,22,49,0,0,15,2475,0,865,0,865
324274,Buffering,123248,320,22,49,0,0,15,2478,0,865,0,865
324523,Buffering,25168,65,22,49,0,0,15,2478,0,865,0,865
324773,Buffering,10032,26,22,49,0,0,15,2481,0,865,0,865
325021,Buffering,55296,144,22,49,0,0,15,2484,0,865,0,865
325271,Buffering,119808,312,22,49,0,0,15,2487,0,865,0,865
325520,Buffering,147456,384,22,49,0,0,15,2489,0,865,0,865
325769,Buffering,147456,384,22,49,0,0,15,2489,0,865,0,865
326021,Playing,175400,456,22,50,0,0,15,2490,481,865,482,865
326266,Playing,77320,201,22,50,0,0,15,2490,481,865,482,865
326514,Playing,145128,377,22,50,0,0,15,2495,0,865,0,865
326764,Playing,138904,361,22,50,0,0,15,2498,0,865,0,865
327011,Playing,96120,250,22,50,0,0,15,2501,0,865,0,865
327260,Playing,0,0,22,50,0,0,15,2501,0,865,0,865
327509,Buffering,27648,72,23,50,0,0,15,2503,0,865,0,865
327758,Buffering,119808,312,23,50,0,0,15,2506,2,865,2,865
328008,Buffering,193536,504,23,50,0,0,15,2509,0,865,0,865
328256,Buffering,258048,672,23,50,0,0,15,2512,0,865,0,865
328503,Buffering,258048,672,23,50,0,0,15,2512,0,865,0,865
328752,Buffering,294912,768,23,50,0,0,15,2515,0,865,0,865
329001,Buffering,368640,960,23,50,0,0,15,2518,0,865,0,865
329311,Buffering,462000,1203,23,51,0,0,15,2521,0,865,0,865
329558,Buffering,437344,1138,23,51,0,0,15,2524,0,865,0,865
329805,Buffering,339264,883,23,51,0,0,15,2524,0,865,0,865
330055,Buffering,287264,748,23,51,0,0,15,2525,325,865,325,865
330300,Buffering,327120,851,23,51,0,0,15,2530,0,865,0,865
330550,Buffering,275120,716,23,51,0,0,15,2531,324,865,325,865
330797,Buffering,185960,484,23,51,0,0,15,2531,324,865,325,865
331046,Buffering,161600,420,23,51,0,0,15,2534,0,865,0,865
331294,Buffering,118816,309,23,51,0,0,15,2537,0,865,0,865
331542,Buffering,103384,269,23,51,0,0,15,2540,0,865,0,865
331789,Buffering,5304,13,23,51,0,0,15,2540,0,865,0,865
332037,Buffering,55296,144,23,51,0,0,15,2543,0,865,0,865
332284,Buffering,119808,312,23,51,0,0,15,2546,0,865,0,865
332532,Playing,185216,482,23,52,0,0,15,2549,0,865,0,865
332782,Playing,87136,226,23,52,0,0,15,2549,0,865,0,865
333032,Playing,62480,162,23,52,0,0,15,2552,0,865,0,865
333280,Playing,28912,75,23,52,0,0,15,2555,0,865,0,865
333526,Buffering,64512,168,24,52,0,0,15,2558,0,865,0,865
333776,Buffering,64512,168,24,52,0,0,15,2558,0,865,0,865
334024,Buffering,92160,240,24,52,0,0,15,2560,0,865,0,865
334272,Buffering,184320,480,24,52,0,0,15,2563,0,865,0,865
334522,Buffering,276480,720,24,52,0,0,15,2566,0,865,0,865
334773,Buffering,322560,840,24,52,0,0,15,2569,0,865,0,865
335022,Buffering,322560,840,24,52,0,0,15,2569,0,865,0,865
335269,Buffering,359424,936,24,52,0,0,15,2570,325,865,325,865
335518,Buffering,397488,1035,24,53,0,0,15,2573,0,865,0,865
335766,Buffering,299408,779,24,53,0,0,15,2573,0,865,0,865
336016,Buffering,210248,547,24,53,0,0,15,2573,0,865,0,865
336262,Buffering,167456,436,24,53,0,0,15,2576,0,865,0,865
336509,Buffering,69376,180,24,53,0,0,15,2576,0,865,0,865
336758,Buffering,182968,476,24,53,0,0,15,2583,1,865,1,865
337005,Buffering,130968,341,24,53,0,0,15,2586,0,865,0,865
337252,Buffering,115824,301,24,53,0,0,15,2589,0,865,0,865
337502,Buffering,26664,69,24,53,0,0,15,2589,0,865,0,865
337752,Buffering,0,0,24,53,0,0,15,2592,0,865,0,865
338000,Buffering,110592,288,24,53,0,0,15,2595,0,865,0,865
338250,Buffering,156672,408,24,53,0,0,15,2598,0,865,0,865
338558,Reconnecting,0,0,24,54,0,0,15,2599,326,865,326,865
338810,Reconnecting,0,0,24,54,0,0,15,2599,326,865,326,865
339058,Reconnecting,0,0,24,54,0,0,15,2599,326,865,326,865
339308,Reconnecting,0,0,24,54,0,0,15,2599,326,865,326,865
339556,Reconnecting,0,0,24,54,0,0,15,2599,326,865,326,865
339804,Reconnecting,0,0,24,54,0,0,15,2599,326,865,326,865
340052,Reconnecting,0,0,24,54,0,0,15,2599,326,865,326,865
340304,Reconnecting,0,0,24,54,0,0,15,2599,326,865,326,865
340553,Reconnecting,0,0,24,54,0,0,15,2599,326,865,326,865
340800,Reconnecting,0,0,24,54,0,0,15,2599,326,865,326,865
341050,Reconnecting,0,0,24,54,0,0,15,2599,326,865,326,865
341297,Reconnecting,0,0,24,54,0,0,15,2599,326,865,326,865
341546,Reconnecting,0,0,24,54,0,0,15,2599,326,865,326,865
341792,Reconnecting,0,0,24,54,0,0,15,2599,326,865,326,865
342042,Reconnecting,0,0,24,54,0,0,15,2599,326,865,326,865
342292,Reconnecting,0,0,24,54,0,0,15,2599,326,865,326,865
342539,Reconnecting,0,0,24,54,0,0,15,2599,326,865,326,865
342791,Reconnecting,0,0,24,54,0,0,15,2599,326,865,326,865
343039,Reconnecting,0,0,24,54,0,0,15,2599,326,865,326,865
343286,Reconnecting,0,0,24,54,0,0,15,2599,326,865,326,865
343537,Reconnecting,0,0,24,54,0,0,16,2599,326,865,326,865
343783,Reconnecting,0,0,24,54,0,0,16,2599,326,865,326,865
344032,Reconnecting,0,0,24,54,0,0,16,2599,326,865,326,865
344280,Reconnecting,0,0,24,54,0,0,16,2599,326,865,326,865
344528,Reconnecting,0,0,24,54,0,0,16,2599,326,865,326,865
344777,Reconnecting,0,0,24,54,0,0,16,2605,0,865,326,865
345029,Reconnecting,359424,936,24,54,0,0,16,2617,0,865,0,865
345276,Reconnecting,1281024,3336,24,54,0,0,16,2644,0,865,0,865
345526,Reconnecting,1363968,3552,24,54,0,0,16,2647,0,865,0,865
345773,Reconnecting,1419264,3696,24,54,0,0,16,2650,0,865,0,865
346023,Reconnecting,1446912,3768,24,54,0,0,16,2652,0,865,0,865
346272,Reconnecting,1446912,3768,24,54,0,0,16,2652,0,865,0,865
346521,Playing,1458824,3799,24,54,0,0,16,2655,0,865,0,865
346769,Playing,1424952,3710,24,54,0,0,16,2658,0,865,0,865
347018,Playing,1363736,3551,24,54,0,0,16,2661,0,865,0,865
347268,Playing,1330168,3463,24,54,0,0,16,2664,0,865,0,865
347517,Playing,1232088,3208,24,54,0,0,16,2664,0,865,0,865
347764,Playing,1225864,3192,24,54,0,0,16,2667,0,865,0,865
348014,Playing,1210728,3152,24,54,0,0,16,2670,0,865,0,865
348264,Playing,1140296,2969,24,54,0,0,16,2672,0,865,0,865
348512,Playing,1189368,3097,24,54,0,0,16,2677,0,865,0,865
348757,Playing,1091288,2841,24,54,0,0,16,2677,0,865,0,865
349005,Playing,1048208,2729,24,54,0,0,16,2678,296,865,296,865
349254,Playing,986984,2570,24,54,0,0,16,2680,0,865,0,865
349504,Playing,971848,2530,24,54,0,0,16,2683,0,865,0,865
349751,Playing,937984,2442,24,54,0,0,16,2686,0,865,0,865
350000,Playing,839904,2187,24,54,0,0,16,2686,0,865,0,865
350311,Playing,779280,2029,24,54,0,0,16,2689,0,865,0,865
350500,Playing,726680,1892,24,54,0,0,16,2691,0,865,0,865
350750,Playing,738896,1924,24,54,0,0,16,2694,0,865,0,865
351060,Playing,697008,1815,24,54,0,0,16,2697,0,865,0,865
351308,Playing,663136,1726,24,54,0,0,16,2700,0,865,0,865
351562,Playing,565056,1471,24,54,0,0,16,2700,0,865,0,865
351812,Playing,540704,1408,24,54,0,0,16,2703,0,865,0,865
352060,Playing,525568,1368,24,54,0,0,16,2706,0,865,0,865
352305,Playing,491696,1280,24,54,0,0,16,2709,0,865,0,865
352552,Playing,458128,1193,24,54,0,0,16,2712,0,865,0,865
352800,Playing,368968,960,24,54,0,0,16,2712,0,865,0,865
353049,Playing,335392,873,24,54,0,0,16,2715,0,865,0,865
353301,Playing,264960,690,24,54,0,0,16,2717,0,865,0,865
353547,Playing,267960,697,24,54,0,0,16,2720,0,865,0,865
353797,Playing,252824,658,24,54,0,0,16,2723,0,865,0,865
354050,Playing,154736,402,24,54,0,0,16,2723,0,865,0,865
354297,Playing,84304,219,24,54,0,0,16,2725,0,865,0,865
354544,Playing,87304,227,24,54,0,0,16,2728,0,865,0,865
354791,Playing,44520,115,24,54,0,0,16,2731,0,865,0,865
355039,Buffering,64512,168,25,54,0,0,16,2734,0,865,0,865
355292,Buffering,64512,168,25,54,0,0,16,2734,0,865,0,865
355541,Buffering,92160,240,25,54,0,0,16,2736,0,865,0,865
355791,Buffering,156672,408,25,54,0,0,16,2739,0,865,0,865
356039,Buffering,221184,576,25,54,0,0,16,2742,0,865,0,865
356289,Buffering,350208,912,25,54,0,0,16,2745,0,865,0,865
356537,Buffering,350208,912,25,54,0,0,16,2745,0,865,0,865
356787,Buffering,334176,870,25,55,0,0,16,2748,0,865,0,865
357036,Buffering,319040,830,25,55,0,0,16,2751,0,865,0,865
357283,Buffering,303904,791,25,55,0,0,16,2754,0,865,0,865
357534,Buffering,242384,631,25,55,0,0,16,2756,0,865,0,865
357781,Buffering,144304,375,25,55,0,0,16,2756,0,865,0,865
358027,Buffering,147600,384,25,55,0,0,16,2759,0,865,0,865
358275,Buffering,132160,344,25,55,0,0,16,2762,0,865,0,865
358523,Buffering,70944,184,25,55,0,0,16,2764,0,865,0,865
358772,Buffering,92160,240,25,55,0,0,16,2767,0,865,0,865
359021,Buffering,92160,240,25,55,0,0,16,2767,0,865,0,865
359268,Buffering,156672,408,25,55,0,0,16,2770,0,865,0,865
359513,Buffering,221184,576,25,55,0,0,16,2773,0,865,0,865
359762,Buffering,248832,648,25,55,0,0,16,2775,0,865,0,865
360012,Buffering,331776,864,25,55,0,0,16,2778,0,865,0,865
360263,Buffering,331776,864,25,55,0,0,16,2778,0,865,0,865
360512,Playing,315736,822,25,56,0,0,16,2781,0,865,0,865
360760,Playing,254520,662,25,56,0,0,16,2784,0,865,0,865
361009,Playing,220952,575,25,56,0,0,16,2787,0,865,0,865
361259,Playing,205512,535,25,56,0,0,16,2790,0,865,0,865
361504,Playing,107432,279,25,56,0,0,16,2790,0,865,0,865
361754,Playing,83080,216,25,56,0,0,16,2793,0,865,0,865
362004,Playing,49216,128,25,56,0,0,16,2796,0,865,0,865
362252,Buffering,27648,72,26,56,0,0,16,2798,0,865,0,865
362502,Buffering,110592,288,26,56,0,0,16,2801,0,865,0,865
362752,Buffering,110592,288,26,56,0,0,16,2801,0,865,0,865
363002,Buffering,165888,432,26,56,0,0,16,2804,0,865,0,865
363253,Buffering,193536,504,26,56,0,0,16,2806,0,865,0,865
363504,Buffering,276480,720,26,56,0,0,16,2809,0,865,0,865
363750,Buffering,331776,864,26,56,0,0,16,2812,0,865,0,865
364060,Buffering,378152,984,26,57,0,0,16,2815,0,865,0,865
364307,Buffering,288992,752,26,57,0,0,16,2815,0,865,0,865
364558,Buffering,218552,569,26,57,0,0,16,2817,0,865,0,865
364806,Buffering,203416,529,26,57,0,0,16,2820,0,865,0,865
365054,Buffering,169552,441,26,57,0,0,16,2823,0,865,0,865
365301,Buffering,117552,306,26,57,0,0,16,2826,0,865,0,865
365549,Buffering,19464,50,26,57,0,0,16,2826,0,865,0,865
365798,Buffering,4032,10,26,57,0,0,16,2829,0,865,0,865
366046,Buffering,73728,192,26,57,0,0,16,2832,0,865,0,865
366296,Buffering,129024,336,26,57,0,0,16,2835,0,865,0,865
366545,Buffering,156672,408,26,57,0,0,16,2837,0,865,0,865
366792,Buffering,156672,408,26,57,0,0,16,2837,0,865,0,865
367040,Buffering,239616,624,26,57,0,0,16,2840,0,865,0,865
367289,Buffering,313344,816,26,57,0,0,16,2844,0,865,0,865
367538,Playing,323456,842,26,58,0,0,16,2845,310,865,310,865
367784,Playing,280672,730,26,58,0,0,16,2848,0,865,0,865
368034,Playing,191512,498,26,58,0,0,16,2848,0,865,0,865
368283,Playing,148720,387,26,58,0,0,16,2851,0,865,0,865
368533,Playing,105936,275,26,58,0,0,16,2854,0,865,0,865
368785,Playing,35504,92,26,58,0,0,16,2856,0,865,0,865
369032,Buffering,64512,168,27,58,0,0,16,2859,0,865,0,865
369282,Buffering,64512,168,27,58,0,0,16,2859,0,865,0,865
369531,Buffering,175104,456,27,58,0,0,16,2862,0,865,0,865
369780,Buffering,230400,600,27,58,0,0,16,2865,0,865,0,865
370025,Buffering,294912,768,27,58,0,0,16,2868,0,865,0,865
370275,Buffering,396592,1032,27,59,0,0,16,2871,0,865,0,865
370525,Buffering,307424,800,27,59,0,0,16,2871,0,865,0,865
370775,Buffering,255424,665,27,59,0,0,16,2874,0,865,0,865
371027,Buffering,221856,577,27,59,0,0,16,2877,0,865,0,865
371275,Buffering,206424,537,27,59,0,0,16,2880,0,865,0,865
371525,Buffering,163632,426,27,59,0,0,16,2883,0,865,0,865
371771,Buffering,65552,170,27,59,0,0,16,2883,0,865,0,865
372022,Buffering,41200,107,27,59,0,0,16,2886,0,865,0,865
372270,Buffering,0,0,27,59,0,0,16,2889,0,865,0,865
372559,Buffering,73728,192,27,59,0,0,16,2892,0,865,0,865
372800,Buffering,101376,264,27,59,0,0,16,2894,0,865,0,865
373033,Buffering,101376,264,27,59,0,0,16,2894,0,865,0,865
373270,Buffering,165888,432,27,59,0,0,16,2897,0,865,0,865
373517,Buffering,276480,720,27,59,0,0,16,2900,0,865,0,865
373766,Buffering,322560,840,27,59,0,0,16,2903,0,865,0,865
374014,Buffering,387072,1008,27,60,0,0,16,2906,0,865,0,865
374263,Buffering,288992,752,27,60,0,0,16,2906,0,865,0,865
374514,Buffering,301504,785,27,60,0,0,16,2909,0,865,0,865
374762,Buffering,276848,720,27,60,0,0,16,2912,0,865,0,865
375012,Buffering,261712,681,27,60,0,0,16,2915,0,865,0,865
375260,Buffering,200496,522,27,60,0,0,16,2917,0,865,0,865
375510,Buffering,102416,266,27,60,0,0,16,2917,0,865,0,865
375760,Buffering,86976,226,27,60,0,0,16,2920,0,865,0,865
376009,Buffering,71840,187,27,60,0,0,16,2923,0,865,0,865
376258,Buffering,19840,51,27,60,0,0,16,2926,0,865,0,865
376505,Buffering,82944,216,27,60,0,0,16,2929,0,865,0,865
376754,Buffering,82944,216,27,60,0,0,16,2929,0,865,0,865
377000,Reconnecting,0,0,27,61,0,0,16,2930,310,865,311,865
377309,Reconnecting,0,0,27,61,0,0,16,2930,310,865,311,865
377558,Reconnecting,0,0,27,61,0,0,16,2930,310,865,311,865
377805,Reconnecting,0,0,27,61,0,0,16,2930,310,865,311,865
378054,Reconnecting,0,0,27,61,0,0,16,2930,310,865,311,865
378302,Reconnecting,0,0,27,61,0,0,16,2930,310,865,311,865
378550,Reconnecting,0,0,27,61,0,0,16,2930,310,865,311,865
378804,Reconnecting,0,0,27,61,0,0,16,2930,310,865,311,865
379052,Reconnecting,0,0,27,61,0,0,16,2930,310,865,311,865
379302,Reconnecting,0,0,27,61,0,0,16,2930,310,865,311,865
379552,Reconnecting,0,0,27,61,0,0,16,2930,310,865,311,865
379800,Reconnecting,0,0,27,61,0,0,16,2930,310,865,311,865
380049,Reconnecting,0,0,27,61,0,0,16,2930,310,865,311,865
380297,Reconnecting,0,0,27,61,0,0,16,2930,310,865,311,865
380546,Reconnecting,0,0,27,61,0,0,16,2930,310,865,311,865
380794,Reconnecting,0,0,27,61,0,0,16,2930,310,865,311,865
381042,Reconnecting,0,0,27,61,0,0,16,2930,310,865,311,865
381289,Reconnecting,0,0,27,61,0,0,16,2930,310,865,311,865
381537,Reconnecting,0,0,27,61,0,0,16,2930,310,865,311,865
381785,Reconnecting,0,0,27,61,0,0,16,2930,310,865,311,865
382041,Reconnecting,0,0,27,61,0,0,17,2930,310,865,311,865
382287,Reconnecting,0,0,27,61,0,0,17,2930,310,865,311,865
382539,Reconnecting,0,0,27,61,0,0,17,2930,310,865,311,865
382787,Reconnecting,0,0,27,61,0,0,17,2930,310,865,311,865
383035,Reconnecting,0,0,27,61,0,0,17,2930,310,865,311,865
383284,Reconnecting,0,0,27,61,0,0,17,2933,0,865,311,865
383534,Reconnecting,0,0,27,61,0,0,17,2946,0,865,311,865
383780,Reconnecting,0,0,27,61,0,0,17,2946,0,865,311,865
384029,Reconnecting,0,0,27,61,0,0,17,2946,0,865,311,865
384276,Reconnecting,0,0,27,61,0,0,17,2946,0,865,311,865
384525,Reconnecting,0,0,27,61,0,0,17,2946,0,865,311,865
384774,Reconnecting,0,0,27,61,0,0,17,2946,0,865,311,865
385022,Reconnecting,0,0,27,61,0,0,17,2946,0,865,311,865
385273,Reconnecting,0,0,27,61,0,0,17,2946,0,865,311,865
385521,Reconnecting,0,0,27,61,0,0,17,2946,0,865,311,865
385770,Reconnecting,0,0,27,61,0,0,17,2946,0,865,311,865
386020,Reconnecting,0,0,27,61,0,0,17,2946,0,865,311,865
386268,Reconnecting,0,0,27,61,0,0,17,2946,0,865,311,865
386516,Reconnecting,0,0,27,61,0,0,17,2946,0,865,311,865
386766,Reconnecting,0,0,27,61,0,0,17,2946,0,865,311,865
387015,Reconnecting,0,0,27,61,0,0,17,2946,0,865,311,865
387264,Reconnecting,0,0,27,61,0,0,17,2946,0,865,311,865
387511,Reconnecting,0,0,27,61,0,0,17,2946,0,865,311,865
387762,Reconnecting,0,0,27,61,0,0,17,2946,0,865,311,865
388010,Reconnecting,0,0,27,61,0,0,17,2946,0,865,311,865
388257,Reconnecting,0,0,27,61,0,0,17,2946,0,865,311,865
388506,Reconnecting,0,0,27,61,0,0,18,2946,0,865,311,865
388754,Reconnecting,0,0,27,61,0,0,18,2946,0,865,311,865
389004,Reconnecting,0,0,27,61,0,0,18,2946,0,865,311,865
389253,Reconnecting,0,0,27,61,0,0,18,2946,0,865,311,865
389501,Reconnecting,0,0,27,61,0,0,18,2946,0,865,311,865
389751,Reconnecting,0,0,27,61,0,0,18,2962,0,865,311,865
390058,Reconnecting,0,0,27,61,0,0,18,2962,0,865,311,865
390307,Reconnecting,0,0,27,61,0,0,18,2962,0,865,311,865
390555,Reconnecting,0,0,27,61,0,0,18,2962,0,865,311,865
390804,Reconnecting,0,0,27,61,0,0,18,2962,0,865,311,865
391053,Reconnecting,0,0,27,61,0,0,18,2962,0,865,311,865
391302,Reconnecting,0,0,27,61,0,0,18,2962,0,865,311,865
391551,Reconnecting,0,0,27,61,0,0,18,2962,0,865,311,865
391800,Reconnecting,0,0,27,61,0,0,18,2962,0,865,311,865
392052,Reconnecting,0,0,27,61,0,0,18,2962,0,865,311,865
392300,Reconnecting,0,0,27,61,0,0,18,2962,0,865,311,865
392548,Reconnecting,0,0,27,61,0,0,18,2962,0,865,311,865
392798,Reconnecting,0,0,27,61,0,0,18,2962,0,865,311,865
393047,Reconnecting,0,0,27,61,0,0,18,2962,0,865,311,865
393296,Reconnecting,0,0,27,61,0,0,18,2962,0,865,311,865
393544,Reconnecting,0,0,27,61,0,0,18,2962,0,865,311,865
393792,Reconnecting,0,0,27,61,0,0,18,2962,0,865,311,865
394041,Reconnecting,0,0,27,61,0,0,18,2962,0,865,311,865
394288,Reconnecting,0,0,27,61,0,0,18,2962,0,865,311,865
394537,Reconnecting,0,0,27,61,0,0,18,2962,0,865,311,865
394786,Reconnecting,0,0,27,61,0,0,18,2962,0,865,311,865
395035,Reconnecting,0,0,27,61,0,0,19,2962,0,865,311,865
395284,Reconnecting,0,0,27,61,0,0,19,2962,0,865,311,865
395534,Reconnecting,0,0,27,61,0,0,19,2962,0,865,311,865
395782,Reconnecting,0,0,27,61,0,0,19,2962,0,865,311,865
396030,Reconnecting,0,0,27,61,0,0,19,2962,0,865,311,865
396280,Reconnecting,672768,1752,27,61,0,0,19,2981,0,865,0,865
396530,Reconnecting,1492992,3888,27,61,0,0,19,3006,0,865,0,865
396780,Playing,1530752,3986,27,61,0,0,19,3009,0,865,0,865
397028,Playing,1432672,3730,27,61,0,0,19,3009,0,865,0,865
397277,Playing,1426448,3714,27,61,0,0,19,3012,0,865,0,865
397527,Playing,1383664,3603,27,61,0,0,19,3015,0,865,0,865
397773,Playing,1359016,3539,27,61,0,0,19,3018,0,865,0,865
398020,Playing,1288576,3355,27,61,0,0,19,3020,0,865,0,865
398268,Playing,1190496,3100,27,61,0,0,19,3020,0,865,0,865
398517,Playing,1193496,3108,27,61,0,0,19,3023,0,865,0,865
398765,Playing,1159928,3020,27,61,0,0,19,3026,0,865,0,865
399013,Playing,1144784,2981,27,61,0,0,19,3029,0,865,0,865
399262,Playing,1055624,2749,27,61,0,0,19,3029,0,865,0,865
399512,Playing,1031272,2685,27,61,0,0,19,3032,0,865,0,865
399759,Playing,988488,2574,27,61,0,0,19,3035,0,865,0,865
400008,Playing,973048,2533,27,61,0,0,19,3038,0,865,0,865
400259,Playing,874968,2278,27,61,0,0,19,3038,0,865,0,865
400509,Playing,859832,2239,27,61,0,0,19,3041,0,865,0,865
400758,Playing,863128,2247,27,61,0,0,19,3044,0,865,0,865
401009,Playing,838472,2183,27,61,0,0,19,3047,0,865,0,865
401258,Playing,740392,1928,27,61,0,0,19,3047,0,865,0,865
401507,Playing,725256,1888,27,61,0,0,19,3050,0,865,0,865
401757,Playing,691688,1801,27,61,0,0,19,3053,0,865,0,865
402007,Playing,630168,1641,27,61,0,0,19,3055,0,865,0,865
402255,Playing,532088,1385,27,61,0,0,19,3055,0,865,0,865
402505,Playing,507736,1322,27,61,0,0,19,3058,0,865,0,865
402753,Playing,519944,1354,27,61,0,0,19,3061,0,865,0,865
403002,Playing,541672,1410,27,61,0,0,19,3064,0,865,0,865
403311,Playing,471840,1228,27,61,0,0,19,3067,0,865,0,865
403562,Playing,373760,973,27,61,0,0,19,3067,0,865,0,865
403810,Playing,349408,909,27,61,0,0,19,3070,0,865,0,865
404059,Playing,343184,893,27,61,0,0,19,3073,0,865,0,865
404309,Playing,328048,854,27,61,0,0,19,3076,0,865,0,865
404562,Playing,303696,790,27,61,0,0,19,3079,0,865,0,865
404808,Playing,205616,535,27,61,0,0,19,3079,0,865,0,865
405058,Playing,190176,495,27,61,0,0,19,3082,0,865,0,865
405307,Playing,128960,335,27,61,0,0,19,3084,0,865,0,865
405556,Playing,123040,320,27,61,0,0,19,3087,0,865,0,865
405805,Playing,33872,88,27,61,0,0,19,3087,0,865,0,865
406056,Playing,18736,48,27,61,0,0,19,3090,0,865,0,865
406305,Buffering,73728,192,28,61,0,0,19,3093,0,865,0,865
406554,Buffering,129024,336,28,61,0,0,19,3096,0,865,0,865
406803,Buffering,129024,336,28,61,0,0,19,3096,0,865,0,865
407052,Buffering,258048,672,28,61,0,0,19,3099,0,865,0,865
407301,Buffering,285696,744,28,61,0,0,19,3101,0,865,0,865
407550,Buffering,377856,984,28,61,0,0,19,3104,0,865,0,865
407799,Buffering,377856,984,28,61,0,0,19,3104,0,865,0,865
408049,Buffering,362416,943,28,62,0,0,19,3107,0,865,0,865
408296,Buffering,346984,903,28,62,0,0,19,3110,0,865,0,865
408545,Buffering,331840,864,28,62,0,0,19,3113,0,865,0,865
408794,Buffering,233760,608,28,62,0,0,19,3113,0,865,0,865
409044,Buffering,172248,448,28,62,0,0,19,3115,0,865,0,865
409291,Buffering,230840,601,28,62,0,0,19,3120,0,865,0,865
409538,Buffering,178832,465,28,62,0,0,19,3121,321,865,321,865
409789,Buffering,172616,449,28,62,0,0,19,3124,0,865,0,865
410038,Buffering,74536,194,28,62,0,0,19,3124,0,865,0,865
410289,Buffering,50184,130,28,62,0,0,19,3127,0,865,0,865
410538,Buffering,36864,96,28,62,0,0,19,3129,0,865,0,865
410788,Buffering,129024,336,28,62,0,0,19,3132,0,865,0,865
411037,Buffering,129024,336,28,62,0,0,19,3132,0,865,0,865
411287,Buffering,202752,528,28,62,0,0,19,3135,0,865,0,865
411537,Playing,222680,579,28,63,0,0,19,3138,0,865,0,865
411788,Playing,189112,492,28,63,0,0,19,3141,0,865,0,865
412033,Playing,91032,237,28,63,0,0,19,3141,0,865,0,865
412282,Playing,75592,196,28,63,0,0,19,3144,0,865,0,865
412530,Playing,51240,133,28,63,0,0,19,3147,0,865,0,865
412780,Buffering,36864,96,29,63,0,0,19,3149,0,865,0,865
413028,Buffering,36864,96,29,63,0,0,19,3149,0,865,0,865
413276,Buffering,119808,312,29,63,0,0,19,3152,0,865,0,865
413525,Buffering,193536,504,29,63,0,0,19,3155,0,865,0,865
413774,Buffering,248832,648,29,63,0,0,19,3158,0,865,0,865
414021,Buffering,248832,648,29,63,0,0,19,3158,0,865,0,865
414270,Buffering,313344,816,29,63,0,0,19,3161,0,865,0,865
414520,Buffering,333872,869,29,64,0,0,19,3164,0,865,0,865
414767,Buffering,309216,805,29,64,0,0,19,3167,0,865,0,865
415014,Buffering,211136,549,29,64,0,0,19,3167,0,865,0,865
415264,Buffering,186784,486,29,64,0,0,19,3170,0,865,0,865
415512,Buffering,162128,422,29,64,0,0,19,3173,0,865,0,865
415760,Buffering,128560,334,29,64,0,0,19,3176,0,865,0,865
416008,Buffering,58128,151,29,64,0,0,19,3178,0,865,0,865
416257,Buffering,0,0,29,64,0,0,19,3178,0,865,0,865
416504,Buffering,92160,240,29,64,0,0,19,3181,0,865,0,865
416753,Buffering,175104,456,29,64,0,0,19,3184,0,865,0,865
417002,Buffering,239616,624,29,64,0,0,19,3187,0,865,0,865
417250,Buffering,239616,624,29,64,0,0,19,3187,0,865,0,865
417560,Buffering,276480,720,29,64,0,0,19,3188,326,865,326,865
417810,Buffering,352600,918,29,65,0,0,19,3193,0,865,0,865
418059,Buffering,291384,758,29,65,0,0,19,3194,326,865,326,865
418308,Buffering,285168,742,29,65,0,0,19,3197,0,865,0,865
418559,Buffering,187080,487,29,65,0,0,19,3197,0,865,0,865
418807,Buffering,153512,399,29,65,0,0,19,3200,0,865,0,865
419055,Buffering,138080,359,29,65,0,0,19,3203,0,865,0,865
419305,Buffering,104512,272,29,65,0,0,19,3206,0,865,0,865
419555,Buffering,6424,16,29,65,0,0,19,3206,0,865,0,865
419803,Buffering,64512,168,29,65,0,0,19,3209,0,865,0,865
420051,Playing,176600,459,29,66,0,0,19,3214,0,865,0,865
420300,Playing,124600,324,29,66,0,0,19,3215,327,865,327,865
420551,Playing,26520,69,29,66,0,0,19,3215,327,865,327,865
420800,Playing,11384,29,29,66,0,0,19,3218,0,865,0,865
421049,Buffering,55296,144,30,66,0,0,19,3221,0,865,0,865
421298,Buffering,101376,264,30,66,0,0,19,3224,0,865,0,865
421546,Buffering,101376,264,30,66,0,0,19,3224,0,865,0,865
421795,Buffering,175104,456,30,66,0,0,19,3227,0,865,0,865
422046,Buffering,258048,672,30,66,0,0,19,3230,0,865,0,865
422296,Buffering,322560,840,30,66,0,0,19,3233,0,865,0,865
422544,Buffering,387376,1008,30,67,0,0,19,3236,0,865,0,865
422794,Buffering,298208,776,30,67,0,0,19,3236,0,865,0,865
423043,Buffering,236992,617,30,67,0,0,19,3238,0,865,0,865
423291,Buffering,286368,745,30,67,0,0,19,3243,0,865,0,865
423545,Buffering,234368,610,30,67,0,0,19,3244,326,865,326,865
423795,Buffering,145200,378,30,67,0,0,19,3244,326,865,326,865
424043,Buffering,130064,338,30,67,0,0,19,3247,0,865,0,865
424296,Buffering,105712,275,30,67,0,0,19,3250,0,865,0,865
424546,Buffering,62928,163,30,67,0,0,19,3253,0,865,0,865
424794,Buffering,0,0,30,67,0,0,19,3253,0,865,0,865
425043,Buffering,36864,96,30,67,0,0,19,3255,0,865,0,865
425294,Buffering,119808,312,30,67,0,0,19,3258,0,865,0,865
425543,Buffering,175104,456,30,67,0,0,19,3261,0,865,0,865
425792,Buffering,175104,456,30,67,0,0,19,3261,0,865,0,865
426040,Buffering,230400,600,30,67,0,0,19,3264,0,865,0,865
426288,Reconnecting,0,0,30,68,0,0,19,3265,326,865,327,865
426536,Reconnecting,0,0,30,68,0,0,19,3265,326,865,327,865
426785,Reconnecting,0,0,30,68,0,0,19,3265,326,865,327,865
427032,Reconnecting,0,0,30,68,0,0,19,3265,326,865,327,865
427282,Reconnecting,0,0,30,68,0,0,19,3265,326,865,327,865
427529,Reconnecting,0,0,30,68,0,0,19,3265,326,865,327,865
427778,Reconnecting,0,0,30,68,0,0,19,3265,326,865,327,865
428026,Reconnecting,0,0,30,68,0,0,19,3265,326,865,327,865
428278,Reconnecting,0,0,30,68,0,0,19,3265,326,865,327,865
428526,Reconnecting,0,0,30,68,0,0,19,3265,326,865,327,865
428776,Reconnecting,0,0,30,68,0,0,19,3265,326,865,327,865
429025,Reconnecting,0,0,30,68,0,0,19,3265,326,865,327,865
429273,Reconnecting,0,0,30,68,0,0,19,3265,326,865,327,865
429524,Reconnecting,0,0,30,68,0,0,19,3265,326,865,327,865
429773,Reconnecting,0,0,30,68,0,0,19,3265,326,865,327,865
430021,Reconnecting,0,0,30,68,0,0,19,3265,326,865,327,865
430270,Reconnecting,0,0,30,68,0,0,19,3265,326,865,327,865
430519,Reconnecting,0,0,30,68,0,0,19,3265,326,865,327,865
430767,Reconnecting,0,0,30,68,0,0,19,3265,326,865,327,865
431017,Reconnecting,0,0,30,68,0,0,19,3265,326,865,327,865
431267,Reconnecting,0,0,30,68,0,0,20,3265,326,865,327,865
431516,Reconnecting,0,0,30,68,0,0,20,3265,326,865,327,865
431765,Reconnecting,0,0,30,68,0,0,20,3265,326,865,327,865
432011,Reconnecting,0,0,30,68,0,0,20,3265,326,865,327,865
432260,Reconnecting,0,0,30,68,0,0,20,3265,326,865,327,865
432511,Reconnecting,0,0,30,68,0,0,20,3265,326,865,327,865
432759,Reconnecting,0,0,30,68,0,0,20,3270,0,865,327,865
433009,Reconnecting,0,0,30,68,0,0,20,3281,0,865,327,865
433260,Reconnecting,0,0,30,68,0,0,20,3281,0,865,327,865
433509,Reconnecting,0,0,30,68,0,0,20,3281,0,865,327,865
433758,Reconnecting,0,0,30,68,0,0,20,3281,0,865,327,865
434006,Reconnecting,0,0,30,68,0,0,20,3281,0,865,327,865
434255,Reconnecting,0,0,30,68,0,0,20,3281,0,865,327,865
434508,Reconnecting,0,0,30,68,0,0,20,3281,0,865,327,865
434754,Reconnecting,0,0,30,68,0,0,20,3281,0,865,327,865
435001,Reconnecting,0,0,30,68,0,0,20,3281,0,865,327,865
435297,Reconnecting,0,0,30,68,0,0,20,3281,0,865,327,865
435544,Reconnecting,0,0,30,68,0,0,20,3281,0,865,327,865
435795,Reconnecting,0,0,30,68,0,0,20,3281,0,865,327,865
436045,Reconnecting,0,0,30,68,0,0,20,3281,0,865,327,865
436292,Reconnecting,0,0,30,68,0,0,20,3281,0,865,327,865
436544,Reconnecting,0,0,30,68,0,0,20,3281,0,865,327,865
436793,Reconnecting,0,0,30,68,0,0,20,3281,0,865,327,865
437039,Reconnecting,0,0,30,68,0,0,20,3281,0,865,327,865
437289,Reconnecting,0,0,30,68,0,0,20,3281,0,865,327,865
437536,Reconnecting,0,0,30,68,0,0,20,3281,0,865,327,865
437787,Reconnecting,0,0,30,68,0,0,21,3281,0,865,327,865
438038,Reconnecting,0,0,30,68,0,0,21,3281,0,865,327,865
438286,Reconnecting,0,0,30,68,0,0,21,3281,0,865,327,865
438534,Reconnecting,0,0,30,68,0,0,21,3281,0,865,327,865
438782,Reconnecting,0,0,30,68,0,0,21,3281,0,865,327,865
439030,Reconnecting,0,0,30,68,0,0,21,3281,0,865,327,865
439280,Reconnecting,608256,1584,30,68,0,0,21,3300,0,865,0,865
439530,Reconnecting,1419264,3696,30,68,0,0,21,3325,0,865,0,865
439776,Reconnecting,1492992,3888,30,68,0,0,21,3328,0,865,0,865
440025,Reconnecting,1492992,3888,30,68,0,0,21,3328,0,865,0,865
440273,Reconnecting,1520640,3960,30,68,0,0,21,3330,0,865,0,865
440522,Playing,1568216,4083,30,68,0,0,21,3333,0,865,0,865
440772,Playing,1534344,3995,30,68,0,0,21,3336,0,865,0,865
441021,Playing,1436264,3740,30,68,0,0,21,3336,0,865,0,865
441269,Playing,1421128,3700,30,68,0,0,21,3339,0,865,0,865
441516,Playing,1396472,3636,30,68,0,0,21,3342,0,865,0,865
441764,Playing,1372120,3573,30,68,0,0,21,3345,0,865,0,865
442016,Playing,1274040,3317,30,68,0,0,21,3345,0,865,0,865
442265,Playing,1249688,3254,30,68,0,0,21,3348,0,865,0,865
442514,Playing,1197384,3118,30,68,0,0,21,3350,0,865,0,865
442762,Playing,1099304,2862,30,68,0,0,21,3350,0,865,0,865
443011,Playing,1084168,2823,30,68,0,0,21,3353,0,865,0,865
443259,Playing,1059520,2759,30,68,0,0,21,3356,0,865,0,865
443507,Playing,1025944,2671,30,68,0,0,21,3359,0,865,0,865
443757,Playing,927864,2416,30,68,0,0,21,3359,0,865,0,865
444005,Playing,875568,2280,30,68,0,0,21,3362,0,865,0,865
444250,Playing,777488,2024,30,68,0,0,21,3362,0,865,0,865
444562,Playing,661568,1722,30,68,0,0,21,3362,0,865,0,865
444807,Playing,628000,1635,30,68,0,0,21,3365,0,865,0,865
445056,Playing,751104,1956,30,68,0,0,21,3372,0,865,0,865
445305,Playing,735672,1915,30,68,0,0,21,3375,3,865,3,865
445550,Playing,637584,1660,30,68,0,0,21,3375,3,865,3,865
445800,Playing,604016,1572,30,68,0,0,21,3378,1,865,1,865
446046,Playing,579368,1508,30,68,0,0,21,3381,0,865,0,865
446292,Playing,545800,1421,30,68,0,0,21,3384,0,865,0,865
446541,Playing,456632,1189,30,68,0,0,21,3384,0,865,0,865
446789,Playing,423064,1101,30,68,0,0,21,3387,1,865,2,865
447034,Playing,361848,942,30,68,0,0,21,3389,0,865,0,865
447280,Playing,364840,950,30,68,0,0,21,3392,0,865,0,865
447529,Playing,266760,694,30,68,0,0,21,3392,0,865,0,865
447779,Playing,223976,583,30,68,0,0,21,3395,0,865,0,865
448030,Playing,162456,423,30,68,0,0,21,3397,0,865,0,865
448279,Playing,202616,527,30,68,0,0,21,3402,0,865,0,865
448527,Playing,104536,272,30,68,0,0,21,3402,0,865,0,865
448775,Playing,89096,232,30,68,0,0,21,3405,0,865,0,865
449024,Playing,18664,48,30,68,0,0,21,3407,0,865,0,865
449272,Buffering,73728,192,31,68,0,0,21,3410,0,865,0,865
449520,Buffering,73728,192,31,68,0,0,21,3410,0,865,0,865
449770,Buffering,184320,480,31,68,0,0,21,3413,3,865,3,865
450022,Buffering,239616,624,31,68,0,0,21,3416,0,865,0,865
450267,Buffering,294912,768,31,68,0,0,21,3419,0,865,0,865
450516,Buffering,294912,768,31,68,0,0,21,3419,0,865,0,865
450765,Buffering,343384,894,31,69,0,0,21,3422,0,865,0,865
451013,Buffering,300304,782,31,69,0,0,21,3425,0,865,0,865
451264,Buffering,322032,838,31,69,0,0,21,3428,0,865,0,865
451514,Buffering,223944,583,31,69,0,0,21,3428,0,865,0,865
451767,Buffering,171944,447,31,69,0,0,21,3431,0,865,0,865
452009,Buffering,174944,455,31,69,0,0,21,3434,0,865,0,865
452258,Buffering,76864,200,31,69,0,0,21,3434,0,865,0,865
452507,Buffering,34072,88,31,69,0,0,21,3437,0,865,0,865
452756,Buffering,82944,216,31,69,0,0,21,3440,0,865,0,865
453008,Buffering,147456,384,31,69,0,0,21,3443,0,865,0,865
453258,Buffering,147456,384,31,69,0,0,21,3443,0,865,0,865
453507,Buffering,221184,576,31,69,0,0,21,3446,0,865,1,865
453756,Buffering,258048,672,31,69,0,0,21,3449,0,865,0,865
454004,Buffering,368640,960,31,69,0,0,21,3452,0,865,0,865
454251,Buffering,368640,960,31,69,0,0,21,3452,0,865,0,865
454500,Playing,334472,871,31,70,0,0,21,3455,0,865,0,865
454753,Playing,291688,759,31,70,0,0,21,3456,345,865,345,865
455001,Playing,322632,840,31,70,0,0,21,3461,0,865,0,865
455250,Playing,224552,584,31,70,0,0,21,3461,0,865,0,865
455561,Playing,154720,402,31,70,0,0,21,3462,314,865,314,865
455808,Playing,139584,363,31,70,0,0,21,3465,0,865,0,865
456057,Playing,179440,467,31,70,0,0,21,3470,0,865,0,865
456304,Playing,81360,211,31,70,0,0,21,3470,0,865,0,865
456552,Playing,38576,100,31,70,0,0,21,3471,327,865,327,865
456800,Playing,23136,60,31,70,0,0,21,3474,0,865,0,865
457047,Playing,0,0,31,70,0,0,21,3474,0,865,0,865
457297,Buffering,27648,72,32,70,0,0,21,3476,0,865,0,865
457546,Buffering,175104,456,32,70,0,0,21,3479,19,865,19,865
457796,Buffering,175104,456,32,70,0,0,21,3479,19,865,19,865
458044,Buffering,258048,672,32,70,0,0,21,3482,1,865,1,865
458292,Buffering,313344,816,32,70,0,0,21,3485,0,865,0,865
458543,Buffering,377856,984,32,70,0,0,21,3488,0,865,0,865
458792,Buffering,377856,984,32,70,0,0,21,3488,0,865,0,865
459041,Buffering,335072,872,32,71,0,0,21,3491,0,865,0,865
459291,Buffering,384144,1000,32,71,0,0,21,3494,1,865,1,865
459540,Buffering,341360,888,32,71,0,0,21,3497,0,865,0,865
459788,Buffering,243280,633,32,71,0,0,21,3497,0,865,0,865
460038,Buffering,237064,617,32,71,0,0,21,3500,0,865,0,865
460286,Buffering,203488,529,32,71,0,0,21,3503,0,865,0,865
460536,Buffering,225216,586,32,71,0,0,21,3506,0,865,0,865
460784,Buffering,136056,354,32,71,0,0,21,3506,0,865,0,865
461031,Buffering,102488,266,32,71,0,0,21,3509,0,865,0,865
461279,Buffering,124208,323,32,71,0,0,21,3512,1,865,1,865
461528,Buffering,81128,211,32,71,0,0,21,3515,0,865,0,865
461779,Buffering,0,0,32,71,0,0,21,3515,0,865,0,865
462028,Buffering,92160,240,32,71,0,0,21,3518,0,865,0,865
462275,Buffering,129024,336,32,71,0,0,21,3520,0,865,0,865
462524,Playing,267560,696,32,72,0,0,21,3525,0,865,0,865
462774,Playing,169480,441,32,72,0,0,21,3525,0,865,0,865
463024,Playing,117480,305,32,72,0,0,21,3526,336,865,336,865
463273,Playing,92824,241,32,72,0,0,21,3529,0,865,0,865
463522,Playing,68472,178,32,72,0,0,21,3532,0,865,0,865
463769,Playing,0,0,32,72,0,0,21,3532,0,865,0,865
464020,Buffering,55296,144,33,72,0,0,21,3535,0,865,0,865
464266,Buffering,82944,216,33,72,0,0,21,3537,0,865,0,865
464515,Buffering,221184,576,33,72,0,0,21,3540,0,865,0,865
464764,Buffering,221184,576,33,72,0,0,21,3540,0,865,0,865
465013,Buffering,304128,792,33,72,0,0,21,3543,0,865,0,865
465261,Buffering,350208,912,33,72,0,0,21,3546,0,865,0,865
465510,Buffering,350208,912,33,72,0,0,21,3546,0,865,0,865
465757,Buffering,334768,871,33,73,0,0,21,3549,0,865,0,865
466006,Buffering,300904,783,33,73,0,0,21,3552,0,865,0,865
466255,Buffering,258120,672,33,73,0,0,21,3555,0,865,0,865
466504,Buffering,160032,416,33,73,0,0,21,3555,0,865,0,865
466751,Buffering,107736,280,33,73,0,0,21,3557,0,865,0,865
467003,Buffering,166328,433,33,73,0,0,21,3562,0,865,0,865
467252,Buffering,151192,393,33,73,0,0,21,3565,0,865,0,865
467500,Buffering,53104,138,33,73,0,0,21,3565,0,865,0,865
467810,Buffering,0,0,33,73,0,0,21,3567,0,865,0,865
468061,Buffering,147456,384,33,73,0,0,21,3572,0,865,0,865
468309,Buffering,193536,504,33,73,0,0,21,3573,329,865,329,865
468557,Buffering,248832,648,33,73,0,0,21,3576,0,865,0,865
468807,Buffering,248832,648,33,73,0,0,21,3576,0,865,0,865
469057,Reconnecting,0,0,33,74,0,0,21,3577,355,865,355,865
469305,Reconnecting,0,0,33,74,0,0,21,3577,355,865,355,865
469553,Reconnecting,0,0,33,74,0,0,21,3577,355,865,355,865
469805,Reconnecting,0,0,33,74,0,0,21,3577,355,865,355,865
470054,Reconnecting,0,0,33,74,0,0,21,3577,355,865,355,865
470303,Reconnecting,0,0,33,74,0,0,21,3577,355,865,355,865
470550,Reconnecting,0,0,33,74,0,0,21,3577,355,865,355,865
470800,Reconnecting,0,0,33,74,0,0,21,3577,355,865,355,865
471049,Reconnecting,0,0,33,74,0,0,21,3577,355,865,355,865
471299,Reconnecting,0,0,33,74,0,0,21,3577,355,865,355,865
471547,Reconnecting,0,0,33,74,0,0,21,3577,355,865,355,865
471795,Reconnecting,0,0,33,74,0,0,21,3577,355,865,355,865
472046,Reconnecting,0,0,33,74,0,0,21,3577,355,865,355,865
472294,Reconnecting,0,0,33,74,0,0,21,3577,355,865,355,865
472542,Reconnecting,0,0,33,74,0,0,21,3577,355,865,355,865
472791,Reconnecting,0,0,33,74,0,0,21,3577,355,865,355,865
473041,Reconnecting,0,0,33,74,0,0,21,3577,355,865,355,865
473290,Reconnecting,0,0,33,74,0,0,21,3577,355,865,355,865
473541,Reconnecting,0,0,33,74,0,0,21,3577,355,865,355,865
473791,Reconnecting,0,0,33,74,0,0,21,3577,355,865,355,865
474040,Reconnecting,0,0,33,74,0,0,22,3577,355,865,355,865
474287,Reconnecting,0,0,33,74,0,0,22,3577,355,865,355,865
474537,Reconnecting,0,0,33,74,0,0,22,3577,355,865,355,865
474786,Reconnecting,0,0,33,74,0,0,22,3577,355,865,355,865
475037,Reconnecting,0,0,33,74,0,0,22,3577,355,865,355,865
475286,Reconnecting,0,0,33,74,0,0,22,3593,0,865,355,865
475534,Reconnecting,0,0,33,74,0,0,22,3593,0,865,355,865
475781,Reconnecting,0,0,33,74,0,0,22,3593,0,865,355,865
476030,Reconnecting,0,0,33,74,0,0,22,3593,0,865,355,865
476282,Reconnecting,0,0,33,74,0,0,22,3593,0,865,355,865
476533,Reconnecting,0,0,33,74,0,0,22,3593,0,865,355,865
476782,Reconnecting,0,0,33,74,0,0,22,3593,0,865,355,865
477030,Reconnecting,0,0,33,74,0,0,22,3593,0,865,355,865
477279,Reconnecting,0,0,33,74,0,0,22,3593,0,865,355,865
477528,Reconnecting,0,0,33,74,0,0,22,3593,0,865,355,865
477776,Reconnecting,0,0,33,74,0,0,22,3593,0,865,355,865
478026,Reconnecting,0,0,33,74,0,0,22,3593,0,865,355,865
478274,Reconnecting,0,0,33,74,0,0,22,3593,0,865,355,865
478523,Reconnecting,0,0,33,74,0,0,22,3593,0,865,355,865
478773,Reconnecting,0,0,33,74,0,0,22,3593,0,865,355,865
479022,Reconnecting,0,0,33,74,0,0,22,3593,0,865,355,865
479267,Reconnecting,0,0,33,74,0,0,22,3593,0,865,355,865
479513,Reconnecting,0,0,33,74,0,0,22,3593,0,865,355,865
479762,Reconnecting,0,0,33,74,0,0,22,3593,0,865,355,865
480011,Reconnecting,0,0,33,74,0,0,22,3593,0,865,355,865
480261,Reconnecting,0,0,33,74,0,0,23,3593,0,865,355,865
480509,Reconnecting,0,0,33,74,0,0,23,3593,0,865,355,865
480759,Reconnecting,0,0,33,74,0,0,23,3593,0,865,355,865
481006,Reconnecting,0,0,33,74,0,0,23,3593,0,865,355,865
481256,Reconnecting,0,0,33,74,0,0,23,3593,0,865,355,865
481504,Reconnecting,0,0,33,74,0,0,23,3593,0,865,355,865
481751,Reconnecting,350208,912,33,74,0,0,23,3612,0,865,0,865
482000,Reconnecting,1188864,3096,33,74,0,0,23,3637,0,865,0,865
482250,Reconnecting,1244160,3240,33,74,0,0,23,3640,0,865,0,865
482560,Reconnecting,1317888,3432,33,74,0,0,23,3643,0,865,0,865
482812,Reconnecting,1317888,3432,33,74,0,0,23,3643,0,865,0,865
483057,Reconnecting,1391616,3624,33,74,0,0,23,3646,0,865,0,865
483306,Reconnecting,1446912,3768,33,74,0,0,23,3649,0,865,0,865
483554,Reconnecting,1511424,3936,33,74,0,0,23,3652,0,865,0,865
483802,Reconnecting,1511424,3936,33,74,0,0,23,3652,0,865,0,865
484054,Playing,1477552,3847,33,74,0,0,23,3655,0,865,0,865
484303,Playing,1434768,3736,33,74,0,0,23,3658,0,865,0,865
484553,Playing,1364336,3552,33,74,0,0,23,3660,0,865,0,865
484805,Playing,1349200,3513,33,74,0,0,23,3663,0,865,0,865
485053,Playing,1260032,3281,33,74,0,0,23,3663,0,865,0,865
485302,Playing,1235680,3217,33,74,0,0,23,3666,1,865,1,865
485551,Playing,1192896,3106,33,74,0,0,23,3669,0,865,0,865
485800,Playing,1140592,2970,33,74,0,0,23,3672,0,865,0,865
486049,Playing,1042512,2714,33,74,0,0,23,3672,0,865,0,865
486297,Playing,1064240,2771,33,74,0,0,23,3675,0,865,0,865
486547,Playing,984592,2564,33,74,0,0,23,3677,0,865,0,865
486796,Playing,978368,2547,33,74,0,0,23,3680,0,865,0,865
487041,Playing,880288,2292,33,74,0,0,23,3680,0,865,0,865
487292,Playing,855640,2228,33,74,0,0,23,3683,0,865,0,865
487542,Playing,822064,2140,33,74,0,0,23,3686,0,865,0,865
487793,Playing,779280,2029,33,74,0,0,23,3689,0,865,0,865
488040,Playing,681200,1773,33,74,0,0,23,3689,0,865,0,865
488291,Playing,619688,1613,33,74,0,0,23,3691,0,865,0,865
488537,Playing,659840,1718,33,74,0,0,23,3696,0,865,0,865
488785,Playing,616760,1606,33,74,0,0,23,3697,329,865,329,865
489032,Playing,518680,1350,33,74,0,0,23,3697,329,865,329,865
489280,Playing,494328,1287,33,74,0,0,23,3700,0,865,0,865
489529,Playing,460456,1199,33,74,0,0,23,3703,0,865,0,865
489775,Playing,399240,1039,33,74,0,0,23,3706,0,865,0,865
490024,Playing,301160,784,33,74,0,0,23,3706,0,865,0,865
490271,Playing,276504,720,33,74,0,0,23,3709,0,865,0,865
490520,Playing,252152,656,33,74,0,0,23,3712,0,865,0,865
490770,Playing,209368,545,33,74,0,0,23,3715,0,865,0,865
491018,Playing,120200,313,33,74,0,0,23,3715,0,865,0,865
491265,Playing,77416,201,33,74,0,0,23,3718,0,865,0,865
491515,Playing,6984,18,33,74,0,0,23,3720,0,865,0,865
491763,Buffering,138240,360,34,74,0,0,23,3725,0,865,0,865
492011,Buffering,138240,360,34,74,0,0,23,3725,0,865,0,865
492260,Buffering,184320,480,34,74,0,0,23,3726,328,865,328,865
492509,Buffering,258048,672,34,74,0,0,23,3729,0,865,0,865
492759,Buffering,313344,816,34,74,0,0,23,3732,0,865,0,865
493009,Buffering,313344,816,34,74,0,0,23,3732,0,865,0,865
493257,Buffering,368640,960,34,74,0,0,23,3735,0,865,0,865
493507,Buffering,343088,893,34,75,0,0,23,3738,0,865,0,865
493755,Buffering,309520,806,34,75,0,0,23,3741,0,865,0,865
494004,Buffering,340464,886,34,75,0,0,23,3744,0,865,0,865
494254,Buffering,251296,654,34,75,0,0,23,3744,0,865,0,865
494503,Buffering,208512,543,34,75,0,0,23,3746,0,865,0,865
494752,Buffering,193376,503,34,75,0,0,23,3749,0,865,0,865
495060,Buffering,132760,345,34,75,0,0,23,3752,0,865,0,865
495308,Buffering,34680,90,34,75,0,0,23,3752,0,865,0,865
495556,Buffering,19240,50,34,75,0,0,23,3755,0,865,0,865
495805,Buffering,27648,72,34,75,0,0,23,3757,0,865,0,865
496052,Buffering,110592,288,34,75,0,0,23,3760,0,865,0,865
496303,Buffering,110592,288,34,75,0,0,23,3760,0,865,0,865
496553,Buffering,165888,432,34,75,0,0,23,3763,0,865,0,865
496800,Buffering,221184,576,34,75,0,0,23,3766,0,865,0,865
497049,Playing,332672,866,34,76,0,0,23,3769,0,865,0,865
497297,Playing,299104,778,34,76,0,0,23,3772,0,865,0,865
497546,Playing,209936,546,34,76,0,0,23,3772,0,865,0,865
497798,Playing,148720,387,34,76,0,0,23,3775,0,865,0,865
498046,Playing,115152,299,34,76,0,0,23,3778,0,865,0,865
498295,Playing,90800,236,34,76,0,0,23,3781,0,865,0,865
498545,Playing,1632,4,34,76,0,0,23,3781,0,865,0,865
498794,Buffering,55296,144,35,76,0,0,23,3784,0,865,0,865
499044,Buffering,82944,216,35,76,0,0,23,3786,0,865,0,865
499291,Buffering,221184,576,35,76,0,0,23,3791,0,865,0,865
499540,Buffering,221184,576,35,76,0,0,23,3791,0,865,0,865
499790,Buffering,294912,768,35,76,0,0,23,3794,0,865,0,865
500036,Buffering,322560,840,35,76,0,0,23,3796,0,865,0,865
500286,Buffering,405800,1056,35,77,0,0,23,3799,0,865,0,865
500534,Buffering,307720,801,35,77,0,0,23,3799,0,865,0,865
500783,Buffering,273848,713,35,77,0,0,23,3802,0,865,0,865
501032,Buffering,221848,577,35,77,0,0,23,3805,0,865,0,865
501281,Buffering,243576,634,35,77,0,0,23,3808,0,865,0,865
501529,Buffering,145496,378,35,77,0,0,23,3808,0,865,0,865
501779,Buffering,102408,266,35,77,0,0,23,3811,0,865,0,865
502028,Buffering,68840,179,35,77,0,0,23,3814,0,865,0,865
502278,Buffering,73728,192,35,77,0,0,23,3817,0,865,0,865
502528,Buffering,73728,192,35,77,0,0,23,3817,0,865,0,865
502777,Buffering,129024,336,35,77,0,0,23,3820,0,865,0,865
503025,Buffering,202752,528,35,77,0,0,23,3823,0,865,0,865
503273,Buffering,258048,672,35,77,0,0,23,3826,0,865,0,865
503521,Buffering,258048,672,35,77,0,0,23,3826,0,865,0,865
503771,Buffering,322560,840,35,77,0,0,23,3829,0,865,0,865
504019,Playing,287792,749,35,78,0,0,23,3831,0,865,0,865
504267,Playing,281576,733,35,78,0,0,23,3834,0,865,0,865
504515,Playing,183488,477,35,78,0,0,23,3834,0,865,0,865
504763,Playing,140704,366,35,78,0,0,23,3837,0,865,0,865
505013,Playing,134488,350,35,78,0,0,23,3840,0,865,0,865
505261,Playing,73272,190,35,78,0,0,23,3842,0,865,0,865
505508,Playing,0,0,35,78,0,0,23,3842,0,865,0,865
505757,Buffering,82944,216,36,78,0,0,23,3845,0,865,0,865
506004,Buffering,138240,360,36,78,0,0,23,3848,0,865,0,865
506269,Buffering,193536,504,36,78,0,0,23,3851,1,865,1,865
506514,Buffering,248832,648,36,78,0,0,23,3854,0,865,0,865
506762,Buffering,248832,648,36,78,0,0,23,3854,0,865,0,865
507012,Buffering,322560,840,36,78,0,0,23,3857,0,865,0,865
507260,Buffering,360624,939,36,79,0,0,23,3860,0,865,0,865
507509,Buffering,299112,778,36,79,0,0,23,3862,0,865,0,865
507759,Buffering,201032,523,36,79,0,0,23,3862,0,865,0,865
508009,Buffering,259616,676,36,79,0,0,23,3867,0,865,0,865
508253,Buffering,225752,587,36,79,0,0,23,3868,317,865,317,865
508502,Buffering,192184,500,36,79,0,0,23,3871,0,865,0,865
508752,Buffering,94104,245,36,79,0,0,23,3871,0,865,0,865
509000,Buffering,87880,228,36,79,0,0,23,3874,0,865,0,865
509250,Buffering,45096,117,36,79,0,0,23,3877,0,865,0,865
509558,Buffering,55296,144,36,79,0,0,23,3880,0,865,0,865
509807,Buffering,138240,360,36,79,0,0,23,3883,0,865,0,865
510054,Buffering,138240,360,36,79,0,0,23,3883,0,865,0,865
510299,Buffering,221184,576,36,79,0,0,23,3886,0,865,0,865
510546,Buffering,267264,696,36,79,0,0,23,3889,0,865,0,865
510795,Reconnecting,0,0,36,80,0,0,23,3890,329,865,329,865
511044,Reconnecting,0,0,36,80,0,0,23,3890,329,865,329,865
511290,Reconnecting,0,0,36,80,0,0,23,3890,329,865,329,865
511538,Reconnecting,0,0,36,80,0,0,23,3890,329,865,329,865
511790,Reconnecting,0,0,36,80,0,0,23,3890,329,865,329,865
512039,Reconnecting,0,0,36,80,0,0,23,3890,329,865,329,865
512288,Reconnecting,0,0,36,80,0,0,23,3890,329,865,329,865
512536,Reconnecting,0,0,36,80,0,0,23,3890,329,865,329,865
512786,Reconnecting,0,0,36,80,0,0,23,3890,329,865,329,865
513034,Reconnecting,0,0,36,80,0,0,23,3890,329,865,329,865
513284,Reconnecting,0,0,36,80,0,0,23,3890,329,865,329,865
513534,Reconnecting,0,0,36,80,0,0,23,3890,329,865,329,865
513784,Reconnecting,0,0,36,80,0,0,23,3890,329,865,329,865
514031,Reconnecting,0,0,36,80,0,0,23,3890,329,865,329,865
514279,Reconnecting,0,0,36,80,0,0,23,3890,329,865,329,865
514528,Reconnecting,0,0,36,80,0,0,23,3890,329,865,329,865
514775,Reconnecting,0,0,36,80,0,0,23,3890,329,865,329,865
515024,Reconnecting,0,0,36,80,0,0,23,3890,329,865,329,865
515271,Reconnecting,0,0,36,80,0,0,23,3890,329,865,329,865
515519,Reconnecting,0,0,36,80,0,0,23,3890,329,865,329,865
515767,Reconnecting,0,0,36,80,0,0,23,3890,329,865,329,865
516015,Reconnecting,0,0,36,80,0,0,24,3890,329,865,329,865
516265,Reconnecting,0,0,36,80,0,0,24,3890,329,865,329,865
516515,Reconnecting,0,0,36,80,0,0,24,3890,329,865,329,865
516766,Reconnecting,0,0,36,80,0,0,24,3890,329,865,329,865
517012,Reconnecting,73728,192,36,80,0,0,24,3893,0,865,0,865
517257,Reconnecting,663552,1728,36,80,0,0,24,3909,0,865,0,865
517506,Reconnecting,1511424,3936,36,80,0,0,24,3934,0,865,0,865
517755,Playing,1513520,3941,36,80,0,0,24,3937,0,865,0,865
518003,Playing,1498384,3902,36,80,0,0,24,3940,0,865,0,865
518251,Playing,1483248,3862,36,80,0,0,24,3943,0,865,0,865
518562,Playing,1394976,3632,36,80,0,0,24,3945,0,865,0,865
518810,Playing,1453568,3785,36,80,0,0,24,3950,0,865,0,865
519061,Playing,1355488,3529,36,80,0,0,24,3950,0,865,0,865
519309,Playing,1321624,3441,36,80,0,0,24,3951,297,865,297,865
519557,Playing,1288048,3354,36,80,0,0,24,3954,0,865,0,865
519807,Playing,1328208,3458,36,80,0,0,24,3957,0,865,0,865
520058,Playing,1266696,3298,36,80,0,0,24,3959,0,865,0,865
520305,Playing,1168616,3043,36,80,0,0,24,3959,0,865,0,865
520556,Playing,1162688,3027,36,80,0,0,24,3962,0,865,0,865
520805,Playing,1110392,2891,36,80,0,0,24,3964,0,865,0,865
521052,Playing,1159768,3020,36,80,0,0,24,3969,0,865,0,865
521306,Playing,1107768,2884,36,80,0,0,24,3970,301,865,301,865
521552,Playing,1046552,2725,36,80,0,0,24,3972,0,865,0,865
521800,Playing,957384,2493,36,80,0,0,24,3972,0,865,0,865
522049,Playing,951464,2477,36,80,0,0,24,3975,0,865,0,865
522299,Playing,917896,2390,36,80,0,0,24,3978,0,865,0,865
522546,Playing,856376,2230,36,80,0,0,24,3980,0,865,0,865
522796,Playing,841240,2190,36,80,0,0,24,3983,0,865,0,865
523046,Playing,807672,2103,36,80,0,0,24,3986,0,865,0,865
523295,Playing,718504,1871,36,80,0,0,24,3986,0,865,0,865
523543,Playing,675720,1759,36,80,0,0,24,3989,0,865,0,865
523791,Playing,679016,1768,36,80,0,0,24,3992,0,865,0,865
524040,Playing,654360,1704,36,80,0,0,24,3995,0,865,0,865
524287,Playing,630008,1640,36,80,0,0,24,3998,0,865,0,865
524537,Playing,559576,1457,36,80,0,0,24,4000,0,865,0,865
524786,Playing,470416,1225,36,80,0,0,24,4000,0,865,0,865
525035,Playing,455272,1185,36,80,0,0,24,4003,0,865,0,865
525285,Playing,412488,1074,36,80,0,0,24,4006,0,865,0,865
525534,Playing,388136,1010,36,80,0,0,24,4009,0,865,0,865
525781,Playing,345056,898,36,80,0,0,24,4012,0,865,0,865
526030,Playing,246968,643,36,80,0,0,24,4012,0,865,0,865
526279,Playing,203888,530,36,80,0,0,24,4013,301,865,301,865
526529,Playing,161104,419,36,80,0,0,24,4016,0,865,0,865
526777,Playing,173616,452,36,80,0,0,24,4019,0,865,0,865
527027,Playing,140040,364,36,80,0,0,24,4022,0,865,0,865
527274,Playing,87744,228,36,80,0,0,24,4023,301,865,302,865
527524,Playing,0,0,36,80,0,0,24,4023,301,865,302,865
527771,Buffering,73728,192,37,80,0,0,24,4026,0,865,0,865
528021,Buffering,156672,408,37,80,0,0,24,4029,0,865,0,865
528270,Buffering,202752,528,37,80,0,0,24,4032,0,865,0,865
528519,Buffering,267264,696,37,80,0,0,24,4035,0,865,0,865
528770,Buffering,378152,984,37,81,0,0,24,4038,0,865,0,865
529019,Buffering,288992,752,37,81,0,0,24,4038,0,865,0,865
529267,Buffering,236984,617,37,81,0,0,24,4041,0,865,0,865
529514,Buffering,184984,481,37,81,0,0,24,4042,301,865,301,865
529763,Buffering,160336,417,37,81,0,0,24,4045,0,865,0,865
530011,Buffering,117552,306,37,81,0,0,24,4048,0,865,0,865
530260,Buffering,19464,50,37,81,0,0,24,4048,0,865,0,865
530510,Buffering,0,0,37,81,0,0,24,4051,0,865,0,865
530758,Buffering,64512,168,37,81,0,0,24,4054,0,865,0,865
531010,Buffering,156672,408,37,81,0,0,24,4057,0,865,0,865
531256,Buffering,239616,624,37,81,0,0,24,4060,0,865,0,865
531506,Buffering,276480,720,37,81,0,0,24,4062,0,865,0,865
531754,Buffering,276480,720,37,81,0,0,24,4062,0,865,0,865
532002,Buffering,368640,960,37,81,0,0,24,4065,0,865,0,865
532251,Buffering,352304,917,37,82,0,0,24,4068,0,865,0,865
532500,Buffering,346384,902,37,82,0,0,24,4071,0,865,0,865
532810,Buffering,267336,696,37,82,0,0,24,4074,0,865,0,865
533059,Buffering,252200,656,37,82,0,0,24,4077,0,865,0,865
533306,Buffering,190984,497,37,82,0,0,24,4079,0,865,0,865
533554,Buffering,101816,265,37,82,0,0,24,4079,0,865,0,865
533803,Buffering,95896,249,37,82,0,0,24,4082,0,865,0,865
534052,Buffering,25464,66,37,82,0,0,24,4084,0,865,0,865
534304,Playing,56792,147,37,83,0,0,24,4087,0,865,0,865
534553,Buffering,73728,192,38,83,0,0,24,4090,0,865,0,865
534801,Buffering,73728,192,38,83,0,0,24,4090,0,865,0,865
535049,Buffering,110592,288,38,83,0,0,24,4092,0,865,0,865
535298,Buffering,202752,528,38,83,0,0,24,4095,0,865,0,865
535546,Buffering,276480,720,38,83,0,0,24,4098,0,865,0,865
535799,Buffering,340992,888,38,83,0,0,24,4101,0,865,0,865
536053,Buffering,415024,1080,38,84,0,0,24,4104,0,865,0,865
536298,Buffering,325856,848,38,84,0,0,24,4104,0,865,0,865
536546,Buffering,301504,785,38,84,0,0,24,4107,0,865,0,865
536754,Buffering,285768,744,38,84,0,0,24,4110,0,865,0,865
537057,Buffering,206720,538,38,84,0,0,24,4112,0,865,0,865
537271,Buffering,190984,497,38,84,0,0,24,4115,0,865,0,865
537540,Buffering,176144,458,38,84,0,0,24,4118,0,865,0,865
537790,Buffering,78064,203,38,84,0,0,24,4118,0,865,0,865
538037,Buffering,44200,115,38,84,0,0,24,4121,0,865,0,865
538285,Buffering,38272,99,38,84,0,0,24,4124,0,865,0,865
538533,Buffering,73728,192,38,84,0,0,24,4127,0,865,0,865
538785,Buffering,110592,288,38,84,0,0,24,4129,0,865,0,865
539033,Buffering,110592,288,38,84,0,0,24,4129,0,865,0,865
539280,Buffering,184320,480,38,84,0,0,24,4132,0,865,0,865
539527,Buffering,313344,816,38,84,0,0,24,4135,0,865,0,865
539777,Playing,287488,748,38,85,0,0,24,4137,0,865,0,865
540024,Playing,281272,732,38,85,0,0,24,4140,0,865,0,865
540273,Playing,220056,573,38,85,0,0,24,4142,0,865,0,865
540523,Playing,121968,317,38,85,0,0,24,4142,0,865,0,865
540771,Playing,116048,302,38,85,0,0,24,4145,0,865,0,865
541022,Playing,82184,214,38,85,0,0,24,4148,0,865,0,865
541270,Playing,20968,54,38,85,0,0,24,4151,0,865,0,865
541519,Buffering,73728,192,39,85,0,0,24,4154,0,865,0,865
541767,Buffering,156672,408,39,85,0,0,24,4157,0,865,0,865
542015,Buffering,156672,408,39,85,0,0,24,4157,0,865,0,865
542264,Buffering,230400,600,39,85,0,0,24,4160,0,865,0,865
542510,Buffering,267264,696,39,85,0,0,24,4162,0,865,0,865
542760,Buffering,359424,936,39,85,0,0,24,4165,0,865,0,865
543011,Buffering,406104,1057,39,86,0,0,24,4168,0,865,0,865
543257,Buffering,308016,802,39,86,0,0,24,4168,0,865,0,865
543507,Buffering,246504,641,39,86,0,0,24,4170,0,865,0,865
543757,Buffering,240584,626,39,86,0,0,24,4173,0,865,0,865
544005,Buffering,216232,563,39,86,0,0,24,4176,0,865,0,865
544253,Buffering,191576,498,39,86,0,0,24,4179,0,865,0,865
544502,Buffering,130360,339,39,86,0,0,24,4181,0,865,0,865
544810,Buffering,97392,253,39,86,0,0,24,4184,0,865,0,865
545062,Buffering,0,0,39,86,0,0,24,4184,0,865,0,865
545311,Buffering,36864,96,39,86,0,0,24,4186,0,865,0,865
545560,Buffering,119808,312,39,86,0,0,24,4189,0,865,0,865
545808,Buffering,184320,480,39,86,0,0,24,4192,0,865,0,865
546056,Buffering,258048,672,39,86,0,0,24,4195,0,865,0,865
546304,Buffering,294912,768,39,86,0,0,24,4197,0,865,0,865
546555,Buffering,294912,768,39,86,0,0,24,4197,0,865,0,865
546802,Reconnecting,0,0,39,87,0,0,24,4198,299,865,299,865
547052,Reconnecting,0,0,39,87,0,0,24,4198,299,865,299,865
547301,Reconnecting,0,0,39,87,0,0,24,4198,299,865,299,865
547549,Reconnecting,0,0,39,87,0,0,24,4198,299,865,299,865
547800,Reconnecting,0,0,39,87,0,0,24,4198,299,865,299,865
548049,Reconnecting,0,0,39,87,0,0,24,4198,299,865,299,865
548297,Reconnecting,0,0,39,87,0,0,24,4198,299,865,299,865
548547,Reconnecting,0,0,39,87,0,0,24,4198,299,865,299,865
548796,Reconnecting,0,0,39,87,0,0,24,4198,299,865,299,865
549043,Reconnecting,0,0,39,87,0,0,24,4198,299,865,299,865
549291,Reconnecting,0,0,39,87,0,0,24,4198,299,865,299,865
549540,Reconnecting,0,0,39,87,0,0,24,4198,299,865,299,865
549788,Reconnecting,0,0,39,87,0,0,24,4198,299,865,299,865
550038,Reconnecting,0,0,39,87,0,0,24,4198,299,865,299,865
550287,Reconnecting,0,0,39,87,0,0,24,4198,299,865,299,865
550536,Reconnecting,0,0,39,87,0,0,24,4198,299,865,299,865
550784,Reconnecting,0,0,39,87,0,0,24,4198,299,865,299,865
551031,Reconnecting,0,0,39,87,0,0,24,4198,299,865,299,865
551282,Reconnecting,0,0,39,87,0,0,24,4198,299,865,299,865
551533,Reconnecting,0,0,39,87,0,0,24,4198,299,865,299,865
551780,Reconnecting,0,0,39,87,0,0,25,4198,299,865,299,865
552026,Reconnecting,0,0,39,87,0,0,25,4198,299,865,299,865
552276,Reconnecting,0,0,39,87,0,0,25,4198,299,865,299,865
552528,Reconnecting,0,0,39,87,0,0,25,4198,299,865,299,865
552775,Reconnecting,175104,456,39,87,0,0,25,4203,0,865,0,865
553025,Reconnecting,672768,1752,39,87,0,0,25,4217,0,865,0,865
553273,Reconnecting,1502208,3912,39,87,0,0,25,4242,0,865,0,865
553523,Playing,1504008,3916,39,87,0,0,25,4245,0,865,0,865
553770,Playing,1488576,3876,39,87,0,0,25,4248,0,865,0,865
554021,Playing,1390488,3621,39,87,0,0,25,4248,0,865,0,865
554268,Playing,1320056,3437,39,87,0,0,25,4250,0,865,0,865
554518,Playing,1323352,3446,39,87,0,0,25,4253,0,865,0,865
554768,Playing,1317136,3430,39,87,0,0,25,4257,0,865,0,865
555017,Playing,1265136,3294,39,87,0,0,25,4260,0,865,0,865
555267,Playing,1167048,3039,39,87,0,0,25,4260,0,865,0,865
555514,Playing,1151616,2999,39,87,0,0,25,4263,0,865,0,865
555764,Playing,1108832,2887,39,87,0,0,25,4266,0,865,0,865
556011,Playing,1084480,2824,39,87,0,0,25,4269,0,865,0,865
556261,Playing,1069040,2783,39,87,0,0,25,4272,0,865,0,865
556509,Playing,970960,2528,39,87,0,0,25,4272,0,865,0,865
556761,Playing,909744,2369,39,87,0,0,25,4274,0,865,0,865
557010,Playing,903824,2353,39,87,0,0,25,4277,0,865,0,865
557260,Playing,879168,2289,39,87,0,0,25,4280,0,865,0,865
557509,Playing,827168,2154,39,87,0,0,25,4283,0,865,0,865
557757,Playing,784384,2042,39,87,0,0,25,4286,0,865,0,865
558008,Playing,695216,1810,39,87,0,0,25,4286,0,865,0,865
558257,Playing,689296,1795,39,87,0,0,25,4289,0,865,0,865
558506,Playing,655728,1707,39,87,0,0,25,4292,0,865,0,865
558754,Playing,603424,1571,39,87,0,0,25,4294,0,865,0,865
559007,Playing,597504,1556,39,87,0,0,25,4297,0,865,0,865
559253,Playing,499424,1300,39,87,0,0,25,4297,0,865,0,865
559502,Playing,475072,1237,39,87,0,0,25,4300,2,865,2,865
559750,Playing,413552,1076,39,87,0,0,25,4302,0,865,0,865
560000,Playing,398416,1037,39,87,0,0,25,4305,0,865,0,865
560312,Playing,347016,903,39,87,0,0,25,4308,0,865,0,865
560500,Playing,275680,717,39,87,0,0,25,4308,0,865,0,865
560751,Playing,242112,630,39,87,0,0,25,4311,0,865,0,865
561060,Playing,153848,400,39,87,0,0,25,4313,0,865,0,865
561307,Playing,147928,385,39,87,0,0,25,4316,0,865,0,865
561555,Playing,123576,321,39,87,0,0,25,4319,0,865,0,865
561804,Playing,62056,161,39,87,0,0,25,4321,0,865,0,865
562055,Playing,0,0,39,87,0,0,25,4321,0,865,0,865
562301,Buffering,101376,264,40,87,0,0,25,4324,0,865,0,865
562549,Buffering,165888,432,40,87,0,0,25,4327,0,865,0,865
562797,Buffering,221184,576,40,87,0,0,25,4330,0,865,0,865
563045,Buffering,248832,648,40,87,0,0,25,4332,0,865,0,865
563293,Buffering,248832,648,40,87,0,0,25,4332,0,865,0,865
563541,Buffering,322560,840,40,87,0,0,25,4335,0,865,0,865
563791,Buffering,322560,840,40,87,0,0,25,4335,0,865,0,865
564040,Buffering,322560,840,40,87,0,0,25,4335,0,865,0,865
564289,Buffering,322560,840,40,87,0,0,25,4335,0,865,0,865
564540,Buffering,627584,1634,40,88,0,0,25,4344,0,1127,0,1127
564789,Buffering,529504,1378,40,88,0,0,25,4344,0,1127,0,1127
565036,Buffering,514072,1338,40,88,0,0,25,4347,0,1127,0,1127
565285,Buffering,452848,1179,40,88,0,0,25,4349,0,1127,0,1127
565534,Buffering,428496,1115,40,88,0,0,25,4352,0,1127,0,1127
565795,Buffering,441008,1148,40,88,0,0,25,4355,0,1127,0,1127
566045,Buffering,407144,1060,40,88,0,0,25,4358,0,1127,0,1127
566294,Buffering,309056,804,40,88,0,0,25,4358,0,1127,0,1127
566542,Buffering,321568,837,40,88,0,0,25,4361,0,1127,0,1127
566791,Buffering,287704,749,40,88,0,0,25,4364,0,1127,0,1127
567039,Buffering,254136,661,40,88,0,0,25,4367,0,1127,0,1127
567289,Buffering,229776,598,40,88,0,0,25,4370,0,1127,0,1127
567539,Buffering,131696,342,40,88,0,0,25,4370,0,1127,0,1127
567787,Buffering,107048,278,40,88,0,0,25,4373,0,1127,0,1127
568035,Buffering,36616,95,40,88,0,0,25,4375,0,1127,0,1127
568285,Buffering,64512,168,40,88,0,0,25,4378,0,1127,0,1127
568533,Playing,120408,313,40,89,0,0,25,4381,0,1127,0,1127
568781,Playing,22320,58,40,89,0,0,25,4381,0,1127,0,1127
569029,Playing,0,0,40,89,0,0,25,4384,0,1127,0,1127
569277,Buffering,46080,120,41,89,0,0,25,4387,0,1127,0,1127
569527,Buffering,82944,216,41,89,0,0,25,4388,309,1127,309,1127
569775,Buffering,211968,552,41,89,0,0,25,4393,0,1127,0,1127
570023,Buffering,211968,552,41,89,0,0,25,4393,0,1127,0,1127
570273,Buffering,248832,648,41,89,0,0,25,4394,310,1127,310,1127
570523,Buffering,313344,816,41,89,0,0,25,4397,0,1127,0,1127
570770,Buffering,359424,936,41,89,0,0,25,4398,311,1127,312,1127
571019,Buffering,470920,1226,41,90,0,0,25,4403,0,1127,0,1127
571268,Buffering,418920,1090,41,90,0,0,25,4404,309,1127,309,1127
571516,Buffering,329752,858,41,90,0,0,25,4404,309,1127,309,1127
571765,Buffering,286968,747,41,90,0,0,25,4407,0,1127,0,1127
572012,Buffering,299480,779,41,90,0,0,25,4410,0,1127,0,1127
572260,Buffering,256392,667,41,90,0,0,25,4413,0,1127,0,1127
572508,Buffering,158312,412,41,90,0,0,25,4413,0,1127,0,1127
572758,Buffering,124744,324,41,90,0,0,25,4416,0,1127,0,1127
573006,Buffering,118520,308,41,90,0,0,25,4419,0,1127,0,1127
573255,Buffering,75736,197,41,90,0,0,25,4422,0,1127,0,1127
573505,Buffering,14520,37,41,90,0,0,25,4424,0,1127,0,1127
573755,Buffering,0,0,41,90,0,0,25,4424,0,1127,0,1127
574003,Buffering,0,0,41,90,0,0,25,4424,0,1127,0,1127
574252,Buffering,0,0,41,90,0,0,25,4424,0,1127,0,1127
574502,Buffering,73728,192,41,90,0,0,25,4427,0,1127,0,1127
574750,Playing,250024,651,41,91,0,0,25,4434,1,1127,1,1127
575001,Playing,216456,563,41,91,0,0,25,4437,0,1127,0,1127
575250,Playing,238184,620,41,91,0,0,25,4440,10,1127,10,1127
575558,Playing,186784,486,41,91,0,0,25,4443,0,1127,0,1127
575808,Playing,171648,447,41,91,0,0,25,4446,0,1127,0,1127
576060,Playing,82480,214,41,91,0,0,25,4446,0,1127,0,1127
576308,Playing,21264,55,41,91,0,0,25,4449,0,1127,0,1127
576560,Buffering,73728,192,42,91,0,0,25,4452,0,1127,0,1127
576812,Buffering,138240,360,42,91,0,0,25,4455,0,1127,0,1127
577060,Buffering,165888,432,42,91,0,0,25,4457,0,1127,0,1127
577308,Buffering,165888,432,42,91,0,0,25,4457,0,1127,0,1127
577557,Buffering,258048,672,42,91,0,0,25,4460,0,1127,0,1127
577806,Buffering,331776,864,42,91,0,0,25,4463,0,1127,0,1127
578056,Buffering,351704,915,42,92,0,0,25,4466,0,1127,0,1127
578304,Buffering,318136,828,42,92,0,0,25,4469,0,1127,0,1127
578554,Buffering,220056,573,42,92,0,0,25,4469,0,1127,0,1127
578801,Buffering,223048,580,42,92,0,0,25,4472,0,1127,0,1127
579050,Buffering,171048,445,42,92,0,0,25,4474,0,1127,0,1127
579298,Buffering,164832,429,42,92,0,0,25,4477,3,1127,3,1127
579547,Buffering,140480,365,42,92,0,0,25,4480,0,1127,0,1127
579795,Buffering,42392,110,42,92,0,0,25,4480,0,1127,0,1127
580047,Buffering,8528,22,42,92,0,0,25,4483,0,1127,0,1127
580295,Buffering,92160,240,42,92,0,0,25,4486,0,1127,0,1127
580544,Buffering,129024,336,42,92,0,0,25,4489,0,1127,0,1127
580793,Buffering,202752,528,42,92,0,0,25,4492,0,1127,0,1127
581041,Buffering,202752,528,42,92,0,0,25,4492,0,1127,0,1127
581289,Buffering,258048,672,42,92,0,0,25,4495,0,1127,0,1127
581535,Buffering,294912,768,42,92,0,0,25,4497,0,1127,0,1127
581785,Reconnecting,0,0,42,93,0,0,25,4498,312,1127,312,1127
582036,Reconnecting,0,0,42,93,0,0,25,4498,312,1127,312,1127
582284,Reconnecting,0,0,42,93,0,0,25,4498,312,1127,312,1127
582532,Reconnecting,0,0,42,93,0,0,25,4498,312,1127,312,1127
582782,Reconnecting,0,0,42,93,0,0,25,4498,312,1127,312,1127
583031,Reconnecting,0,0,42,93,0,0,25,4498,312,1127,312,1127
583279,Reconnecting,0,0,42,93,0,0,25,4498,312,1127,312,1127
583531,Reconnecting,0,0,42,93,0,0,25,4498,312,1127,312,1127
583779,Reconnecting,0,0,42,93,0,0,25,4498,312,1127,312,1127
584028,Reconnecting,0,0,42,93,0,0,25,4498,312,1127,312,1127
584276,Reconnecting,0,0,42,93,0,0,25,4498,312,1127,312,1127
584521,Reconnecting,0,0,42,93,0,0,25,4498,312,1127,312,1127
584770,Reconnecting,0,0,42,93,0,0,25,4498,312,1127,312,1127
585020,Reconnecting,0,0,42,93,0,0,25,4498,312,1127,312,1127
585269,Reconnecting,0,0,42,93,0,0,25,4498,312,1127,312,1127
585517,Reconnecting,0,0,42,93,0,0,25,4498,312,1127,312,1127
585767,Reconnecting,0,0,42,93,0,0,25,4498,312,1127,312,1127
586015,Reconnecting,0,0,42,93,0,0,25,4498,312,1127,312,1127
586264,Reconnecting,0,0,42,93,0,0,25,4498,312,1127,312,1127
586511,Reconnecting,0,0,42,93,0,0,25,4498,312,1127,312,1127
586759,Reconnecting,0,0,42,93,0,0,26,4498,312,1127,312,1127
587009,Reconnecting,0,0,42,93,0,0,26,4498,312,1127,312,1127
587256,Reconnecting,0,0,42,93,0,0,26,4498,312,1127,312,1127
587506,Reconnecting,0,0,42,93,0,0,26,4498,312,1127,312,1127
587755,Reconnecting,0,0,42,93,0,0,26,4498,312,1127,312,1127
588005,Reconnecting,0,0,42,93,0,0,26,4503,0,1127,312,1127
588252,Reconnecting,442368,1152,42,93,0,0,26,4517,0,1127,0,1127
588501,Reconnecting,1271808,3312,42,93,0,0,26,4542,0,1127,0,1127
588811,Reconnecting,1327104,3456,42,93,0,0,26,4545,0,1127,0,1127
589057,Reconnecting,1354752,3528,42,93,0,0,26,4547,0,1127,0,1127
589305,Reconnecting,1354752,3528,42,93,0,0,26,4547,0,1127,0,1127
589552,Reconnecting,1492992,3888,42,93,0,0,26,4552,0,1127,0,1127
589803,Playing,1494496,3891,42,93,0,0,26,4553,345,1127,345,1127
590052,Playing,1488272,3875,42,93,0,0,26,4556,0,1127,0,1127
590300,Playing,1390192,3620,42,93,0,0,26,4556,0,1127,0,1127
590548,Playing,1421136,3700,42,93,0,0,26,4561,0,1127,0,1127
590795,Playing,1396480,3636,42,93,0,0,26,4564,0,1127,0,1127
591043,Playing,1298400,3381,42,93,0,0,26,4564,0,1127,0,1127
591292,Playing,1227968,3197,42,93,0,0,26,4566,0,1127,0,1127
591540,Playing,1222048,3182,42,93,0,0,26,4569,0,1127,0,1127
591791,Playing,1206608,3142,42,93,0,0,26,4572,0,1127,0,1127
592040,Playing,1108528,2886,42,93,0,0,26,4572,0,1127,0,1127
592286,Playing,1093392,2847,42,93,0,0,26,4575,0,1127,0,1127
592533,Playing,1077952,2807,42,93,0,0,26,4578,0,1127,0,1127
592780,Playing,979872,2551,42,93,0,0,26,4578,0,1127,0,1127
593030,Playing,946304,2464,42,93,0,0,26,4581,0,1127,0,1127
593278,Playing,903216,2352,42,93,0,0,26,4584,0,1127,0,1127
593528,Playing,934160,2432,42,93,0,0,26,4587,0,1127,0,1127
593777,Playing,836080,2177,42,93,0,0,26,4587,0,1127,0,1127
594027,Playing,784080,2041,42,93,0,0,26,4590,0,1127,0,1127
594276,Playing,759424,1977,42,93,0,0,26,4593,0,1127,0,1127
594523,Playing,661344,1722,42,93,0,0,26,4593,0,1127,0,1127
594771,Playing,646208,1682,42,93,0,0,26,4596,0,1127,0,1127
595019,Playing,649208,1690,42,93,0,0,26,4599,0,1127,0,1127
595269,Playing,615632,1603,42,93,0,0,26,4602,0,1127,0,1127
595519,Playing,517552,1347,42,93,0,0,26,4602,0,1127,0,1127
595770,Playing,493200,1284,42,93,0,0,26,4605,0,1127,0,1127
596020,Playing,477768,1244,42,93,0,0,26,4608,0,1127,0,1127
596270,Playing,453408,1180,42,93,0,0,26,4611,0,1127,0,1127
596519,Playing,355328,925,42,93,0,0,26,4611,0,1127,0,1127
596771,Playing,330976,861,42,93,0,0,26,4614,0,1127,0,1127
597034,Playing,297408,774,42,93,0,0,26,4617,0,1127,0,1127
597281,Playing,199328,519,42,93,0,0,26,4617,0,1127,0,1127
597535,Playing,165760,431,42,93,0,0,26,4620,0,1127,0,1127
597779,Playing,159536,415,42,93,0,0,26,4623,0,1127,0,1127
598053,Playing,126272,328,42,93,0,0,26,4626,0,1127,0,1127
598293,Playing,37104,96,42,93,0,0,26,4626,0,1127,0,1127
598535,Playing,12752,33,42,93,0,0,26,4629,0,1127,0,1127
598774,Buffering,27648,72,43,93,0,0,26,4631,0,1127,0,1127
599021,Buffering,27648,72,43,93,0,0,26,4631,0,1127,0,1127
599270,Buffering,175104,456,43,93,0,0,26,4636,0,1127,0,1127
599522,Buffering,221184,576,43,93,0,0,26,4637,344,1127,344,1127
599770,Buffering,294912,768,43,93,0,0,26,4640,0,1127,0,1127
600017,Buffering,294912,768,43,93,0,0,26,4640,0,1127,0,1127
