t_ms,state,buffered_bytes,buffered_ms,underruns,resumes,play_failures,stream_rebuilds,sessions,chunk_reads,last_chunk_ms,max_chunk_ms,last_push_gap_ms,max_push_gap_ms
51,Off,0,0,0,0,0,0,1,0,0,0,0,0
255,Off,0,0,0,0,0,0,1,0,0,0,0,0
508,Off,0,0,0,0,0,0,1,0,0,0,0,0
761,Off,0,0,0,0,0,0,1,0,0,0,0,0
1014,Off,0,0,0,0,0,0,1,0,0,0,0,0
1266,Off,1354752,3840,0,0,0,0,1,79,0,156,0,156
1518,Playing,5132288,14547,0,0,0,0,1,231,0,156,0,156
1771,Playing,5152768,14605,0,0,0,0,1,235,175,175,175,175
2025,Playing,5117952,14506,0,0,0,0,1,237,0,175,0,175
2279,Playing,5146624,14587,0,0,0,0,1,241,0,178,0,178
2531,Playing,5139456,14567,0,0,0,0,1,244,0,178,0,178
2784,Playing,5159936,14625,0,0,0,0,1,248,0,178,0,178
3017,Playing,5133312,14550,0,0,0,0,1,250,17,178,17,178
3263,Playing,5153792,14608,0,0,0,0,1,254,0,178,0,178
3511,Playing,5154816,14611,0,0,0,0,1,257,1,178,1,178
3759,Playing,5120000,14512,0,0,0,0,1,259,0,178,0,178
4007,Playing,5112832,14492,0,0,0,0,1,262,95,178,95,178
4257,Playing,5113856,14495,0,0,0,0,1,268,0,178,0,178
4503,Playing,5106688,14474,0,0,0,0,1,271,93,178,93,178
4752,Playing,5154816,14611,0,0,0,0,1,276,14,178,14,178
5000,Playing,5155840,14614,0,0,0,0,1,279,0,178,0,178
5313,Playing,5096448,14445,0,0,0,0,1,281,0,178,0,178
5501,Playing,5113856,14495,0,0,0,0,1,284,0,178,0,178
5750,Playing,5106688,14474,0,0,0,0,1,287,0,178,0,178
6062,Playing,5138432,14564,0,0,0,0,1,292,0,254,0,254
6310,Playing,5075968,14387,0,0,0,0,1,293,95,254,95,254
6557,Playing,5104640,14468,0,0,0,0,1,297,0,254,0,254
6806,Playing,5125120,14526,0,0,0,0,1,301,0,254,0,254
7054,Playing,5090304,14428,0,0,0,0,1,306,0,254,0,254
7301,Playing,5063680,14352,0,0,0,0,1,308,0,254,0,254
7550,Playing,5084160,14410,0,0,0,0,1,312,13,254,13,254
7797,Playing,5104640,14468,0,0,0,0,1,316,0,254,0,254
8046,Playing,5105664,14471,0,0,0,0,1,319,175,254,175,254
8296,Playing,5070848,14373,0,0,0,0,1,321,0,254,0,254
8547,Playing,5091328,14431,0,0,0,0,1,325,0,254,0,254
8795,Playing,5092352,14434,0,0,0,0,1,328,0,254,0,254
9044,Playing,5112832,14492,0,0,0,0,1,332,0,254,0,254
9292,Playing,5050368,14315,0,0,0,0,1,333,94,254,94,254
9542,Playing,5098496,14451,0,0,0,0,1,338,14,254,14,254
9789,Playing,5071872,14376,0,0,0,0,1,343,0,254,0,254
10038,Playing,5037056,14277,0,0,0,0,1,345,0,254,0,254
10286,Playing,5038080,14280,0,0,0,0,1,348,92,254,92,254
10536,Playing,5058560,14338,0,0,0,0,1,352,0,254,0,254
10782,Playing,5051392,14318,0,0,0,0,1,355,95,254,95,254
11029,Playing,5024768,14242,0,0,0,0,1,357,0,254,0,254
11282,Playing,5072896,14378,0,0,0,0,1,362,0,254,0,254
11530,Playing,5065728,14358,0,0,0,0,1,365,0,254,0,254
11782,Playing,5058560,14338,0,0,0,0,1,368,176,254,176,254
12029,Playing,5059584,14341,0,0,0,0,1,371,0,254,0,254
12279,Playing,5052416,14320,0,0,0,0,1,374,0,254,0,254
12525,Playing,5036032,14274,0,0,0,0,1,379,0,254,15,254
12775,Playing,5046272,14303,0,0,0,0,1,383,94,254,94,254
13022,Playing,5011456,14204,0,0,0,0,1,385,0,254,0,254
13270,Playing,5004288,14184,0,0,0,0,1,388,93,254,93,254
13520,Playing,5060608,14344,0,0,0,0,1,393,0,254,0,254
13766,Playing,5053440,14323,0,0,0,0,1,396,0,254,0,254
14016,Playing,5018624,14225,0,0,0,0,1,398,0,254,0,254
14264,Playing,5047296,14306,0,0,0,0,1,402,0,254,0,254
14512,Playing,5040128,14286,0,0,0,0,1,405,15,254,16,254
14761,Playing,5068800,14367,0,0,0,0,1,409,0,254,0,254
15010,Playing,5061632,14347,0,0,0,0,1,412,15,254,15,254
15257,Playing,5045248,14300,0,0,0,0,1,417,0,254,14,254
15506,Playing,5019648,14228,0,0,0,0,1,420,0,254,0,254
15755,Playing,5020672,14230,0,0,0,0,1,423,0,254,0,254
16003,Playing,5041152,14288,0,0,0,0,1,427,0,254,0,254
16253,Playing,5061632,14347,0,0,0,0,1,431,0,254,0,254
16501,Playing,5007360,14193,0,0,0,0,1,432,176,254,176,254
16811,Playing,5058560,14338,0,0,0,0,1,438,17,254,17,254
17060,Playing,5004288,14184,0,0,0,0,1,439,175,254,175,254
17309,Playing,5052416,14320,0,0,0,0,1,444,0,254,0,254
17557,Playing,5045248,14300,0,0,0,0,1,447,0,254,0,254
17806,Playing,5018624,14225,0,0,0,0,1,449,0,254,0,254
18055,Playing,5011456,14204,0,0,0,0,1,452,0,254,0,254
18303,Playing,4967424,14080,0,0,0,0,1,457,93,254,93,254
18552,Playing,4996096,14161,0,0,0,0,1,461,92,254,92,254
18800,Playing,4961280,14062,0,0,0,0,1,463,0,254,0,254
19049,Playing,4981760,14120,0,0,0,0,1,467,0,254,0,254
19297,Playing,5010432,14201,0,0,0,0,1,471,0,254,0,254
19546,Playing,5003264,14181,0,0,0,0,1,474,0,254,0,254
19793,Playing,4968448,14082,0,0,0,0,1,476,0,254,0,254
20043,Playing,4997120,14164,0,0,0,0,1,480,0,254,0,254
20292,Playing,4989952,14143,0,0,0,0,1,483,94,254,95,254
20539,Playing,5010432,14201,0,0,0,0,1,487,179,254,179,254
20788,Playing,4983808,14126,0,0,0,0,1,489,0,254,0,254
21037,Playing,4939776,14001,0,0,0,0,1,494,0,254,0,254
21285,Playing,4960256,14059,0,0,0,0,1,498,0,254,0,254
21533,Playing,4905984,13905,0,0,0,0,1,499,95,254,95,254
21779,Playing,4926464,13963,0,0,0,0,1,503,0,254,0,254
22031,Playing,4946944,14021,0,0,0,0,1,507,0,254,0,254
22278,Playing,4975616,14103,0,0,0,0,1,511,0,254,0,254
22527,Playing,4968448,14082,0,0,0,0,1,514,0,254,0,254
22777,Playing,4933632,13984,0,0,0,0,1,516,0,254,0,254
23025,Playing,4934656,13987,0,0,0,0,1,519,15,254,16,254
23273,Playing,4955136,14045,0,0,0,0,1,523,175,254,175,254
23523,Playing,4920320,13946,0,0,0,0,1,525,0,254,0,254
23772,Playing,4922368,13952,0,0,0,0,1,531,0,254,13,254
24021,Playing,4904960,13902,0,0,0,0,1,534,95,254,95,254
24268,Playing,4925440,13960,0,0,0,0,1,538,0,254,0,254
24517,Playing,4871168,13807,0,0,0,0,1,539,174,254,174,254
24767,Playing,4919296,13943,0,0,0,0,1,544,0,254,0,254
25016,Playing,4912128,13923,0,0,0,0,1,547,0,254,0,254
25262,Playing,4940800,14004,0,0,0,0,1,551,0,254,0,254
25510,Playing,4905984,13905,0,0,0,0,1,553,0,254,0,254
25759,Playing,4871168,13807,0,0,0,0,1,555,95,254,95,254
26008,Playing,4927488,13966,0,0,0,0,1,560,0,254,0,254
26257,Playing,4947968,14024,0,0,0,0,1,564,0,254,0,254
26506,Playing,4885504,13847,0,0,0,0,1,565,95,254,95,254
26754,Playing,4886528,13850,0,0,0,0,1,571,0,254,0,254
27003,Playing,4907008,13908,0,0,0,0,1,575,0,254,0,254
27252,Playing,4872192,13810,0,0,0,0,1,577,177,254,177,254
27502,Playing,4873216,13812,0,0,0,0,1,580,0,254,0,254
27750,Playing,4866048,13792,0,0,0,0,1,583,0,254,0,254
28062,Playing,4870144,13804,0,0,0,0,1,587,95,254,95,254
28310,Playing,4890624,13862,0,0,0,0,1,591,0,254,0,254
28557,Playing,4883456,13841,0,0,0,0,1,594,0,254,0,254
28806,Playing,4912128,13923,0,0,0,0,1,598,0,254,0,254
29053,Playing,4877312,13824,0,0,0,0,1,600,0,254,0,254
29299,Playing,4878336,13827,0,0,0,0,1,603,14,254,14,254
29547,Playing,4871168,13807,0,0,0,0,1,609,97,254,97,254
29793,Playing,4891648,13865,0,0,0,0,1,613,0,254,0,254
30043,Playing,4892672,13868,0,0,0,0,1,616,0,254,0,254
30292,Playing,4857856,13769,0,0,0,0,1,618,0,254,0,254
30540,Playing,4878336,13827,0,0,0,0,1,622,0,254,0,254
30787,Playing,4879360,13830,0,0,0,0,1,625,95,254,95,254
31037,Playing,4872192,13810,0,0,0,0,1,628,91,254,91,254
31286,Playing,4837376,13711,0,0,0,0,1,630,0,254,0,254
31537,Playing,4866048,13792,0,0,0,0,1,634,0,254,0,254
31787,Playing,4886528,13850,0,0,0,0,1,638,0,254,0,254
32036,Playing,4879360,13830,0,0,0,0,1,641,0,254,0,254
32284,Playing,4825088,13676,0,0,0,0,1,642,175,254,175,254
32534,Playing,4845568,13734,0,0,0,0,1,649,0,254,1,254
32782,Playing,4866048,13792,0,0,0,0,1,653,0,254,0,254
33032,Playing,4775936,13537,0,0,0,0,1,653,0,254,0,254
33282,Playing,4804608,13618,0,0,0,0,1,657,95,339,95,339
33532,Playing,4825088,13676,0,0,0,0,1,661,94,339,94,339
33781,Playing,4845568,13734,0,0,0,0,1,665,0,339,0,339
34029,Playing,4874240,13815,0,0,0,0,1,669,14,339,14,339
34278,Playing,4894720,13873,0,0,0,0,1,673,0,339,0,339
34528,Playing,4887552,13853,0,0,0,0,1,676,0,339,0,339
34775,Playing,4860928,13778,0,0,0,0,1,678,0,339,0,339
35023,Playing,4826112,13679,0,0,0,0,1,683,0,339,0,339
35273,Playing,4818944,13659,0,0,0,0,1,686,94,339,94,339
35521,Playing,4847616,13740,0,0,0,0,1,690,90,339,90,339
35772,Playing,4812800,13641,0,0,0,0,1,692,177,339,177,339
36020,Playing,4833280,13699,0,0,0,0,1,696,92,339,92,339
36268,Playing,4834304,13702,0,0,0,0,1,699,91,339,92,339
36518,Playing,4827136,13682,0,0,0,0,1,702,93,339,93,339
36766,Playing,4819968,13662,0,0,0,0,1,705,0,339,0,339
37015,Playing,4848640,13743,0,0,0,0,1,709,0,339,0,339
37265,Playing,4841472,13722,0,0,0,0,1,712,0,339,0,339
37513,Playing,4834304,13702,0,0,0,0,1,715,94,339,94,339
37763,Playing,4826112,13679,0,0,0,0,1,720,0,339,11,339
38012,Playing,4800512,13606,0,0,0,0,1,723,0,339,0,339
38260,Playing,4820992,13664,0,0,0,0,1,727,0,339,0,339
38509,Playing,4766720,13511,0,0,0,0,1,728,173,339,173,339
38756,Playing,4787200,13569,0,0,0,0,1,732,0,339,0,339
39004,Playing,4807680,13627,0,0,0,0,1,736,0,339,0,339
39254,Playing,4836352,13708,0,0,0,0,1,740,0,339,0,339
39504,Playing,4773888,13531,0,0,0,0,1,741,175,339,175,339
39753,Playing,4794368,13589,0,0,0,0,1,745,0,339,0,339
40001,Playing,4787200,13569,0,0,0,0,1,748,176,339,176,339
40251,Playing,4815872,13650,0,0,0,0,1,752,175,339,176,339
40500,Playing,4781056,13551,0,0,0,0,1,754,0,339,0,339
40810,Playing,4785152,13563,0,0,0,0,1,761,176,339,176,339
41057,Playing,4750336,13464,0,0,0,0,1,763,0,339,0,339
41305,Playing,4743168,13444,0,0,0,0,1,766,95,339,95,339
41554,Playing,4771840,13525,0,0,0,0,1,770,172,339,172,339
41801,Playing,4764672,13505,0,0,0,0,1,773,0,339,0,339
42049,Playing,4757504,13484,0,0,0,0,1,776,0,339,1,339
42299,Playing,4758528,13487,0,0,0,0,1,779,174,339,174,339
42547,Playing,4779008,13545,0,0,0,0,1,783,175,339,175,339
42797,Playing,4799488,13603,0,0,0,0,1,787,0,339,0,339
43045,Playing,4772864,13528,0,0,0,0,1,789,0,339,0,339
43293,Playing,4765696,13508,0,0,0,0,1,792,0,339,0,339
43543,Playing,4749312,13461,0,0,0,0,1,798,0,339,0,339
43791,Playing,4750336,13464,0,0,0,0,1,801,175,339,175,339
44039,Playing,4687872,13287,0,0,0,0,1,802,95,339,95,339
44288,Playing,4736000,13424,0,0,0,0,1,807,1,339,1,339
44535,Playing,4737024,13426,0,0,0,0,1,810,175,339,175,339
44783,Playing,4757504,13484,0,0,0,0,1,814,0,339,0,339
45033,Playing,4695040,13307,0,0,0,0,1,815,177,339,177,339
45283,Playing,4723712,13389,0,0,0,0,1,819,174,339,174,339
45530,Playing,4771840,13525,0,0,0,0,1,824,0,339,0,339
45782,Playing,4764672,13505,0,0,0,0,1,827,1,339,1,339
46029,Playing,4710400,13351,0,0,0,0,1,828,94,339,94,339
46278,Playing,4712448,13357,0,0,0,0,1,834,0,339,14,339
46528,Playing,4686848,13284,0,0,0,0,1,837,175,339,175,339
46777,Playing,4715520,13365,0,0,0,0,1,841,174,339,174,339
47024,Playing,4680704,13267,0,0,0,0,1,843,0,339,0,339
47271,Playing,4701184,13325,0,0,0,0,1,847,0,339,0,339
47519,Playing,4702208,13328,0,0,0,0,1,850,173,339,173,339
47768,Playing,4722688,13386,0,0,0,0,1,854,0,339,0,339
48016,Playing,4687872,13287,0,0,0,0,1,856,8,339,8,339
48265,Playing,4716544,13368,0,0,0,0,1,860,0,339,0,339
48514,Playing,4709376,13348,0,0,0,0,1,863,0,339,0,339
48764,Playing,4729856,13406,0,0,0,0,1,867,0,339,0,339
49010,Playing,4703232,13331,0,0,0,0,1,869,0,339,1,339
49259,Playing,4659200,13206,0,0,0,0,1,874,0,339,0,339
49507,Playing,4679680,13264,0,0,0,0,1,878,0,339,0,339
49757,Playing,4680704,13267,0,0,0,0,1,881,0,339,0,339
50005,Playing,4645888,13168,0,0,0,0,1,883,0,339,0,339
50253,Playing,4666368,13226,0,0,0,0,1,887,16,339,16,339
50503,Playing,4686848,13284,0,0,0,0,1,891,0,339,0,339
50752,Playing,4687872,13287,0,0,0,0,1,894,0,339,0,339
51061,Playing,4683776,13276,0,0,0,0,1,898,0,339,0,339
51310,Playing,4712448,13357,0,0,0,0,1,902,0,339,0,339
51559,Playing,4649984,13180,0,0,0,0,1,903,94,339,94,339
51809,Playing,4670464,13238,0,0,0,0,1,907,15,339,15,339
52055,Playing,4671488,13241,0,0,0,0,1,913,0,339,0,339
52300,Playing,4664320,13220,0,0,0,0,1,916,0,339,0,339
52551,Playing,4629504,13122,0,0,0,0,1,918,0,339,0,339
52799,Playing,4630528,13125,0,0,0,0,1,921,0,339,0,339
53048,Playing,4651008,13183,0,0,0,0,1,925,0,339,0,339
53296,Playing,4671488,13241,0,0,0,0,1,929,16,339,16,339
53543,Playing,4644864,13165,0,0,0,0,1,931,94,339,94,339
53791,Playing,4637696,13145,0,0,0,0,1,934,174,339,174,339
54040,Playing,4658176,13203,0,0,0,0,1,938,0,339,0,339
54287,Playing,4659200,13206,0,0,0,0,1,941,0,339,0,339
54541,Playing,4624384,13107,0,0,0,0,1,943,0,339,0,339
54782,Playing,4625408,13110,0,0,0,0,1,949,0,339,0,339
55029,Playing,4618240,13090,0,0,0,0,1,952,174,339,174,339
55281,Playing,4583424,12991,0,0,0,0,1,954,0,339,0,339
55532,Playing,4603904,13049,0,0,0,0,1,958,12,339,13,339
55780,Playing,4604928,13052,0,0,0,0,1,961,93,339,93,339
56028,Playing,4625408,13110,0,0,0,0,1,965,0,339,0,339
56277,Playing,4598784,13035,0,0,0,0,1,967,0,339,0,339
56530,Playing,4619264,13093,0,0,0,0,1,971,1,339,1,339
56781,Playing,4612096,13072,0,0,0,0,1,974,0,339,0,339
57029,Playing,4604928,13052,0,0,0,0,1,977,173,339,173,339
57278,Playing,4633600,13133,0,0,0,0,1,981,172,339,172,339
57529,Playing,4598784,13035,0,0,0,0,1,983,0,339,0,339
57776,Playing,4563968,12936,0,0,0,0,1,988,95,339,95,339
58026,Playing,4612096,13072,0,0,0,0,1,993,0,339,0,339
58274,Playing,4557824,12919,0,0,0,0,1,994,175,339,175,339
58525,Playing,4578304,12977,0,0,0,0,1,998,0,339,0,339
58774,Playing,4598784,13035,0,0,0,0,1,1002,0,339,0,339
59022,Playing,4599808,13038,0,0,0,0,1,1005,15,339,15,339
59273,Playing,4592640,13017,0,0,0,0,1,1008,95,339,95,339
59523,Playing,4585472,12997,0,0,0,0,1,1011,0,339,0,339
59770,Playing,4586496,13000,0,0,0,0,1,1014,0,339,0,339
60019,Playing,4606976,13058,0,0,0,0,1,1018,0,339,0,339
60268,Playing,4590592,13011,0,0,0,0,1,1023,0,339,13,339
60516,Playing,4517888,12805,0,0,0,0,1,1024,175,339,175,339
60766,Playing,4593664,13020,0,0,0,0,1,1030,95,339,95,339
61016,Playing,4586496,13000,0,0,0,0,1,1033,0,339,0,339
61266,Playing,4579328,12979,0,0,0,0,1,1036,0,339,0,339
61514,Playing,4608000,13061,0,0,0,0,1,1040,0,339,0,339
61761,Playing,4600832,13040,0,0,0,0,1,1043,1,339,2,339
62011,Playing,4566016,12942,0,0,0,0,1,1045,0,339,0,339
62259,Playing,4594688,13023,0,0,0,0,1,1049,0,339,0,339
62507,Playing,4587520,13003,0,0,0,0,1,1052,0,339,0,339
62758,Playing,4608000,13061,0,0,0,0,1,1056,0,339,0,339
63007,Playing,4581376,12985,0,0,0,0,1,1058,0,339,0,339
63256,Playing,4546560,12887,0,0,0,0,1,1063,0,339,0,339
63505,Playing,4539392,12866,0,0,0,0,1,1066,174,339,174,339
63753,Playing,4540416,12869,0,0,0,0,1,1069,0,339,0,339
64002,Playing,4533248,12849,0,0,0,0,1,1072,0,339,0,339
64252,Playing,4553728,12907,0,0,0,0,1,1076,0,339,0,339
64501,Playing,4554752,12910,0,0,0,0,1,1079,175,339,175,339
64811,Playing,4550656,12898,0,0,0,0,1,1083,0,339,0,339
65061,Playing,4551680,12901,0,0,0,0,1,1086,95,339,95,339
65252,Playing,4560896,12927,0,0,0,0,1,1089,0,339,0,339
65501,Playing,4561920,12930,0,0,0,0,1,1092,0,339,0,339
65813,Playing,4557824,12919,0,0,0,0,1,1096,0,339,0,339
66000,Playing,4510720,12785,0,0,0,0,1,1099,0,339,12,339
66310,Playing,4496384,12744,0,0,0,0,1,1103,93,339,93,339
66557,Playing,4489216,12724,0,0,0,0,1,1106,95,339,95,339
66806,Playing,4545536,12884,0,0,0,0,1,1111,0,339,0,339
67059,Playing,4538368,12863,0,0,0,0,1,1114,0,339,0,339
67308,Playing,4503552,12765,0,0,0,0,1,1116,0,339,0,339
67558,Playing,4524032,12823,0,0,0,0,1,1120,3,339,3,339
67805,Playing,4525056,12826,0,0,0,0,1,1123,0,339,0,339
68053,Playing,4517888,12805,0,0,0,0,1,1126,174,339,174,339
68302,Playing,4546560,12887,0,0,0,0,1,1130,0,339,0,339
68551,Playing,4511744,12788,0,0,0,0,1,1132,0,339,0,339
68797,Playing,4495360,12741,0,0,0,0,1,1138,0,339,0,339
69045,Playing,4524032,12823,0,0,0,0,1,1142,0,339,0,339
69292,Playing,4461568,12646,0,0,0,0,1,1143,93,339,93,339
69540,Playing,4482048,12704,0,0,0,0,1,1147,0,339,0,339
69788,Playing,4483072,12707,0,0,0,0,1,1150,0,339,0,339
70036,Playing,4503552,12765,0,0,0,0,1,1154,175,339,175,339
70284,Playing,4468736,12666,0,0,0,0,1,1156,0,339,0,339
70533,Playing,4497408,12747,0,0,0,0,1,1160,13,339,13,339
70782,Playing,4490240,12727,0,0,0,0,1,1163,94,339,94,339
71028,Playing,4518912,12808,0,0,0,0,1,1167,0,339,0,339
71276,Playing,4456448,12631,0,0,0,0,1,1168,97,339,97,339
71526,Playing,4486144,12715,0,0,0,0,1,1175,0,339,15,339
71775,Playing,4460544,12643,0,0,0,0,1,1178,0,339,0,339
72023,Playing,4461568,12646,0,0,0,0,1,1181,174,339,174,339
72273,Playing,4426752,12547,0,0,0,0,1,1183,0,339,0,339
72521,Playing,4447232,12605,0,0,0,0,1,1187,0,339,0,339
72769,Playing,4448256,12608,0,0,0,0,1,1190,175,339,175,339
73017,Playing,4468736,12666,0,0,0,0,1,1194,0,339,0,339
73266,Playing,4406272,12489,0,0,0,0,1,1195,95,339,95,339
73515,Playing,4434944,12570,0,0,0,0,1,1199,177,339,177,339
73764,Playing,4483072,12707,0,0,0,0,1,1204,1,339,1,339
74012,Playing,4484096,12710,0,0,0,0,1,1207,0,339,0,339
74262,Playing,4421632,12532,0,0,0,0,1,1208,96,339,96,339
74511,Playing,4405248,12486,0,0,0,0,1,1214,0,339,0,339
74764,Playing,4398080,12466,0,0,0,0,1,1217,93,339,93,339
75011,Playing,4426752,12547,0,0,0,0,1,1221,173,339,173,339
75261,Playing,4391936,12448,0,0,0,0,1,1223,0,339,0,339
75509,Playing,4412416,12506,0,0,0,0,1,1227,0,339,0,339
75756,Playing,4413440,12509,0,0,0,0,1,1230,96,339,96,339
76005,Playing,4433920,12567,0,0,0,0,1,1234,0,339,0,339
76252,Playing,4426752,12547,0,0,0,0,1,1237,93,339,93,339
76500,Playing,4400128,12472,0,0,0,0,1,1239,0,339,0,339
76811,Playing,4451328,12617,0,0,0,0,1,1245,0,339,0,339
77062,Playing,4397056,12463,0,0,0,0,1,1246,95,339,95,339
77250,Playing,4414464,12512,0,0,0,0,1,1252,96,339,96,339
77560,Playing,4410368,12501,0,0,0,0,1,1256,0,339,0,339
77809,Playing,4383744,12425,0,0,0,0,1,1258,0,339,0,339
78060,Playing,4404224,12483,0,0,0,0,1,1262,0,339,0,339
78307,Playing,4397056,12463,0,0,0,0,1,1265,0,339,0,339
78555,Playing,4398080,12466,0,0,0,0,1,1268,171,339,171,339
78804,Playing,4418560,12524,0,0,0,0,1,1272,175,339,175,339
79052,Playing,4383744,12425,0,0,0,0,1,1274,0,339,0,339
79299,Playing,4384768,12428,0,0,0,0,1,1277,174,339,174,339
79546,Playing,4405248,12486,0,0,0,0,1,1281,0,339,0,339
79796,Playing,4425728,12544,0,0,0,0,1,1285,0,339,0,339
80045,Playing,4371456,12390,0,0,0,0,1,1289,0,339,15,339
80295,Playing,4364288,12370,0,0,0,0,1,1292,0,339,0,339
80544,Playing,4357120,12350,0,0,0,0,1,1295,94,339,94,339
80792,Playing,4358144,12353,0,0,0,0,1,1298,0,339,0,339
81044,Playing,4350976,12332,0,0,0,0,1,1301,0,339,0,339
81291,Playing,4371456,12390,0,0,0,0,1,1305,0,339,0,339
81541,Playing,4391936,12448,0,0,0,0,1,1309,0,339,0,339
81789,Playing,4420608,12530,0,0,0,0,1,1313,0,339,0,339
82036,Playing,4358144,12353,0,0,0,0,1,1314,175,339,175,339
82284,Playing,4378624,12411,0,0,0,0,1,1318,16,339,16,339
82534,Playing,4379648,12413,0,0,0,0,1,1321,3,339,3,339
82785,Playing,4372480,12393,0,0,0,0,1,1324,9,339,9,339
83030,Playing,4337664,12294,0,0,0,0,1,1329,0,339,0,339
83280,Playing,4338688,12297,0,0,0,0,1,1332,95,339,95,339
83527,Playing,4386816,12434,0,0,0,0,1,1337,0,339,0,339
83777,Playing,4324352,12257,0,0,0,0,1,1338,93,339,93,339
84026,Playing,4317184,12236,0,0,0,0,1,1341,95,339,95,339
84276,Playing,4345856,12318,0,0,0,0,1,1345,0,339,0,339
84522,Playing,4366336,12376,0,0,0,0,1,1349,0,339,0,339
84771,Playing,4331520,12277,0,0,0,0,1,1351,0,339,0,339
85020,Playing,4360192,12358,0,0,0,0,1,1355,0,339,0,339
85268,Playing,4353024,12338,0,0,0,0,1,1358,177,339,177,339
85518,Playing,4364288,12370,0,0,0,0,1,1364,0,339,14,339
85766,Playing,4291584,12164,0,0,0,0,1,1365,95,339,95,339
86016,Playing,4312064,12222,0,0,0,0,1,1369,0,339,0,339
86264,Playing,4304896,12202,0,0,0,0,1,1372,93,339,93,339
86511,Playing,4361216,12361,0,0,0,0,1,1377,1,339,1,339
86759,Playing,4298752,12184,0,0,0,0,1,1378,94,339,94,339
87008,Playing,4291584,12164,0,0,0,0,1,1381,0,339,0,339
87257,Playing,4320256,12245,0,0,0,0,1,1385,92,339,93,339
87505,Playing,4313088,12225,0,0,0,0,1,1388,178,339,178,339
87753,Playing,4305920,12204,0,0,0,0,1,1391,0,339,0,339
88002,Playing,4306944,12207,0,0,0,0,1,1394,94,339,94,339
88250,Playing,4327424,12265,0,0,0,0,1,1398,173,339,173,339
88559,Playing,4276224,12120,0,0,0,0,1,1403,0,339,0,339
88809,Playing,4296704,12178,0,0,0,0,1,1407,0,339,0,339
89055,Playing,4289536,12158,0,0,0,0,1,1410,174,339,174,339
89304,Playing,4290560,12161,0,0,0,0,1,1413,0,339,0,339
89553,Playing,4283392,12141,0,0,0,0,1,1416,92,339,92,339
89803,Playing,4276224,12120,0,0,0,0,1,1419,172,339,172,339
90053,Playing,4296704,12178,0,0,0,0,1,1423,0,339,0,339
90300,Playing,4270080,12103,0,0,0,0,1,1425,1,339,1,339
90547,Playing,4290560,12161,0,0,0,0,1,1429,0,339,0,339
90796,Playing,4319232,12242,0,0,0,0,1,1433,0,339,0,339
91044,Playing,4312064,12222,0,0,0,0,1,1436,0,339,0,339
91293,Playing,4268032,12097,0,0,0,0,1,1440,0,339,12,339
91540,Playing,4250624,12048,0,0,0,0,1,1443,92,339,92,339
91787,Playing,4271104,12106,0,0,0,0,1,1447,0,339,0,339
92035,Playing,4299776,12187,0,0,0,0,1,1451,0,339,0,339
92282,Playing,4237312,12010,0,0,0,0,1,1452,95,339,95,339
92531,Playing,4257792,12068,0,0,0,0,1,1456,95,339,95,339
92779,Playing,4314112,12228,0,0,0,0,1,1461,13,339,13,339
93031,Playing,4279296,12129,0,0,0,0,1,1463,94,339,94,339
93279,Playing,4299776,12187,0,0,0,0,1,1467,0,339,0,339
93530,Playing,4264960,12088,0,0,0,0,1,1469,0,339,0,339
93780,Playing,4265984,12091,0,0,0,0,1,1472,0,339,0,339
94027,Playing,4268032,12097,0,0,0,0,1,1478,0,339,16,339
94276,Playing,4270080,12103,0,0,0,0,1,1482,0,339,0,339
94524,Playing,4215808,11949,0,0,0,0,1,1483,176,339,176,339
94774,Playing,4236288,12007,0,0,0,0,1,1487,0,339,0,339
95024,Playing,4256768,12065,0,0,0,0,1,1491,0,339,0,339
95273,Playing,4257792,12068,0,0,0,0,1,1494,0,339,0,339
95522,Playing,4278272,12126,0,0,0,0,1,1498,95,339,96,339
95771,Playing,4243456,12027,0,0,0,0,1,1500,0,339,0,339
96018,Playing,4244480,12030,0,0,0,0,1,1503,94,339,94,339
96267,Playing,4209664,11932,0,0,0,0,1,1505,0,339,0,339
96515,Playing,4230144,11990,0,0,0,0,1,1509,0,339,0,339
96766,Playing,4222976,11969,0,0,0,0,1,1512,95,339,95,339
97012,Playing,4242432,12025,0,0,0,0,1,1519,0,339,0,339
97262,Playing,4235264,12004,0,0,0,0,1,1522,0,339,0,339
97510,Playing,4200448,11906,0,0,0,0,1,1524,1,339,1,339
97763,Playing,4201472,11908,0,0,0,0,1,1527,0,339,0,339
98010,Playing,4221952,11966,0,0,0,0,1,1531,0,339,1,339
98259,Playing,4214784,11946,0,0,0,0,1,1534,93,339,93,339
98507,Playing,4188160,11871,0,0,0,0,1,1536,0,339,0,339
98758,Playing,4180992,11850,0,0,0,0,1,1539,1,339,1,339
99007,Playing,4229120,11987,0,0,0,0,1,1544,0,339,0,339
99256,Playing,4174848,11833,0,0,0,0,1,1545,95,339,95,339
99501,Playing,4195328,11891,0,0,0,0,1,1549,0,339,0,339
99750,Playing,4178944,11845,0,0,0,0,1,1555,0,339,0,339
100060,Playing,4155392,11778,0,0,0,0,1,1558,0,339,0,339
100309,Playing,4175872,11836,0,0,0,0,1,1562,0,339,0,339
100555,Playing,4204544,11917,0,0,0,0,1,1566,0,339,0,339
100802,Playing,4142080,11740,0,0,0,0,1,1567,95,339,95,339
101051,Playing,4162560,11798,0,0,0,0,1,1571,0,339,0,339
101299,Playing,4163584,11801,0,0,0,0,1,1574,0,339,0,339
101547,Playing,4184064,11859,0,0,0,0,1,1578,0,339,0,339
101798,Playing,4149248,11760,0,0,0,0,1,1580,0,339,0,339
102049,Playing,4177920,11842,0,0,0,0,1,1584,13,339,13,339
102299,Playing,4170752,11821,0,0,0,0,1,1587,0,339,0,339
102547,Playing,4135936,11723,0,0,0,0,1,1592,0,339,14,339
102796,Playing,4109312,11647,0,0,0,0,1,1594,0,339,0,339
103045,Playing,4129792,11705,0,0,0,0,1,1598,0,339,0,339
103294,Playing,4150272,11763,0,0,0,0,1,1602,0,339,0,339
103543,Playing,4178944,11845,0,0,0,0,1,1606,0,339,0,339
103788,Playing,4171776,11824,0,0,0,0,1,1609,0,339,1,339
104038,Playing,4164608,11804,0,0,0,0,1,1612,95,339,95,339
104285,Playing,4137984,11728,0,0,0,0,1,1614,0,339,0,339
104534,Playing,4158464,11787,0,0,0,0,1,1618,0,339,0,339
104783,Playing,4178944,11845,0,0,0,0,1,1622,15,339,15,339
105032,Playing,4207616,11926,0,0,0,0,1,1626,0,339,0,339
105281,Playing,4145152,11749,0,0,0,0,1,1627,173,339,173,339
105530,Playing,4137984,11728,0,0,0,0,1,1633,0,339,0,339
105778,Playing,4139008,11731,0,0,0,0,1,1636,0,339,0,339
106026,Playing,4159488,11789,0,0,0,0,1,1640,0,339,0,339
106275,Playing,4124672,11691,0,0,0,0,1,1642,0,339,0,339
106523,Playing,4125696,11694,0,0,0,0,1,1645,0,339,0,339
106770,Playing,4146176,11752,0,0,0,0,1,1649,95,339,95,339
107019,Playing,4139008,11731,0,0,0,0,1,1652,93,339,93,339
107270,Playing,4112384,11656,0,0,0,0,1,1654,0,339,0,339
107517,Playing,4132864,11714,0,0,0,0,1,1658,0,339,0,339
107767,Playing,4153344,11772,0,0,0,0,1,1662,0,339,0,339
108017,Playing,4154368,11775,0,0,0,0,1,1665,0,339,0,339
108263,Playing,4091904,11598,0,0,0,0,1,1669,0,339,0,339
108510,Playing,4112384,11656,0,0,0,0,1,1673,0,339,0,339
108756,Playing,4113408,11659,0,0,0,0,1,1676,174,339,175,339
109004,Playing,4078592,11560,0,0,0,0,1,1678,0,339,0,339
109252,Playing,4079616,11563,0,0,0,0,1,1681,176,339,176,339
109502,Playing,4100096,11621,0,0,0,0,1,1685,175,339,175,339
109750,Playing,4120576,11679,0,0,0,0,1,1689,0,339,0,339
110001,Playing,4085760,11580,0,0,0,0,1,1691,0,339,0,339
110254,Playing,4106240,11639,0,0,0,0,1,1695,0,339,0,339
110501,Playing,4107264,11641,0,0,0,0,1,1698,0,339,0,339
110750,Playing,4100096,11621,0,0,0,0,1,1701,175,339,175,339
111002,Playing,4065280,11522,0,0,0,0,1,1706,0,339,0,339
111250,Playing,4066304,11525,0,0,0,0,1,1709,0,339,0,339
111562,Playing,4117504,11670,0,0,0,0,1,1715,0,339,0,339
111811,Playing,4090880,11595,0,0,0,0,1,1717,0,339,0,339
112060,Playing,4056064,11496,0,0,0,0,1,1719,176,339,176,339
112312,Playing,4076544,11554,0,0,0,0,1,1723,95,339,95,339
112561,Playing,4069376,11534,0,0,0,0,1,1726,0,339,0,339
112811,Playing,4070400,11537,0,0,0,0,1,1729,0,339,0,339
113059,Playing,4063232,11517,0,0,0,0,1,1732,95,339,95,339
113307,Playing,4083712,11575,0,0,0,0,1,1736,93,339,93,339
113556,Playing,4084736,11578,0,0,0,0,1,1739,95,339,95,339
113804,Playing,4040704,11453,0,0,0,0,1,1743,0,339,14,339
114051,Playing,4042752,11459,0,0,0,0,1,1747,0,339,0,339
114299,Playing,4071424,11540,0,0,0,0,1,1751,0,339,0,339
114547,Playing,4064256,11520,0,0,0,0,1,1754,0,339,0,339
114798,Playing,4029440,11421,0,0,0,0,1,1756,1,339,1,339
115047,Playing,4030464,11424,0,0,0,0,1,1759,174,339,174,339
115296,Playing,4050944,11482,0,0,0,0,1,1763,175,339,175,339
115544,Playing,4071424,11540,0,0,0,0,1,1767,0,339,0,339
115793,Playing,4017152,11386,0,0,0,0,1,1768,96,339,96,339
116041,Playing,4065280,11522,0,0,0,0,1,1773,0,339,0,339
116290,Playing,4085760,11580,0,0,0,0,1,1777,0,339,0,339
116539,Playing,4049920,11479,0,0,0,0,1,1781,0,339,15,339
116788,Playing,3996672,11328,0,0,0,0,1,1783,0,339,0,339
117036,Playing,4017152,11386,0,0,0,0,1,1787,16,339,16,339
117284,Playing,4018176,11389,0,0,0,0,1,1790,95,339,95,339
117533,Playing,4011008,11369,0,0,0,0,1,1793,0,339,0,339
117781,Playing,4003840,11348,0,0,0,0,1,1796,0,339,0,339
118031,Playing,4032512,11430,0,0,0,0,1,1800,95,339,95,339
118280,Playing,4025344,11409,0,0,0,0,1,1803,16,339,16,339
118530,Playing,4045824,11467,0,0,0,0,1,1807,0,339,0,339
118777,Playing,3991552,11313,0,0,0,0,1,1808,172,339,172,339
119023,Playing,4039680,11450,0,0,0,0,1,1813,0,339,0,339
119272,Playing,4032512,11430,0,0,0,0,1,1816,0,339,0,339
119522,Playing,4024320,11406,0,0,0,0,1,1822,1,339,2,339
119774,Playing,3961856,11229,0,0,0,0,1,1823,172,339,172,339
120021,Playing,3982336,11287,0,0,0,0,1,1827,0,339,0,339
120267,Playing,4011008,11369,0,0,0,0,1,1831,0,339,0,339
120517,Playing,4031488,11427,0,0,0,0,1,1835,0,339,0,339
120768,Playing,4024320,11406,0,0,0,0,1,1838,0,339,0,339
121016,Playing,3997696,11331,0,0,0,0,1,1840,0,339,0,339
121263,Playing,3990528,11311,0,0,0,0,1,1843,0,339,0,339
121512,Playing,3983360,11290,0,0,0,0,1,1846,1,339,1,339
121759,Playing,3984384,11293,0,0,0,0,1,1849,0,339,0,339
122009,Playing,3977216,11273,0,0,0,0,1,1852,0,339,0,339
122254,Playing,3960832,11226,0,0,0,0,1,1858,94,339,94,339
122502,Playing,3989504,11308,0,0,0,0,1,1862,0,339,0,339
122810,Playing,3965952,11241,0,0,0,0,1,1865,0,339,0,339
123061,Playing,3958784,11221,0,0,0,0,1,1868,0,339,0,339
123309,Playing,3951616,11200,0,0,0,0,1,1871,0,339,0,339
123558,Playing,3944448,11180,0,0,0,0,1,1874,95,339,95,339
123806,Playing,3973120,11261,0,0,0,0,1,1878,174,339,174,339
124055,Playing,3938304,11162,0,0,0,0,1,1880,0,339,0,339
124303,Playing,3939328,11165,0,0,0,0,1,1883,96,339,96,339
124550,Playing,3987456,11302,0,0,0,0,1,1888,1,339,1,339
124797,Playing,3980288,11281,0,0,0,0,1,1891,0,339,0,339
125044,Playing,3935232,11154,0,0,0,0,1,1895,0,339,13,339
125292,Playing,3937280,11160,0,0,0,0,1,1899,0,339,0,339
125540,Playing,3930112,11139,0,0,0,0,1,1902,1,339,1,340
125792,Playing,3922944,11119,0,0,0,0,1,1905,0,339,0,340
126043,Playing,3896320,11043,0,0,0,0,1,1907,0,339,0,340
126290,Playing,3916800,11102,0,0,0,0,1,1911,0,339,0,340
126537,Playing,3945472,11183,0,0,0,0,1,1915,0,339,0,340
126786,Playing,3965952,11241,0,0,0,0,1,1919,0,339,0,340
127035,Playing,3958784,11221,0,0,0,0,1,1922,5,339,5,340
127282,Playing,3932160,11145,0,0,0,0,1,1924,2,339,2,340
127534,Playing,3924992,11125,0,0,0,0,1,1927,0,339,0,340
127783,Playing,3917824,11104,0,0,0,0,1,1933,0,339,15,340
128031,Playing,3855360,10927,0,0,0,0,1,1934,97,339,97,340
128281,Playing,3884032,11009,0,0,0,0,1,1938,0,339,0,340
128530,Playing,3876864,10988,0,0,0,0,1,1941,94,339,94,340
128780,Playing,3924992,11125,0,0,0,0,1,1946,0,339,0,340
129028,Playing,3870720,10971,0,0,0,0,1,1947,95,339,95,340
129278,Playing,3891200,11029,0,0,0,0,1,1951,0,339,0,340
129530,Playing,3911680,11087,0,0,0,0,1,1955,0,339,0,340
129778,Playing,3904512,11067,0,0,0,0,1,1958,0,339,0,340
130028,Playing,3869696,10968,0,0,0,0,1,1960,0,339,0,340
130275,Playing,3898368,11049,0,0,0,0,1,1964,0,339,0,340
130522,Playing,3891200,11029,0,0,0,0,1,1967,2,339,2,340
130772,Playing,3864576,10954,0,0,0,0,1,1972,97,339,97,340
131020,Playing,3829760,10855,0,0,0,0,1,1974,0,339,0,340
131271,Playing,3850240,10913,0,0,0,0,1,1978,0,339,0,340
131520,Playing,3870720,10971,0,0,0,0,1,1982,0,339,0,340
131768,Playing,3899392,11052,0,0,0,0,1,1986,1,339,1,340
132016,Playing,3892224,11032,0,0,0,0,1,1989,96,339,96,340
132265,Playing,3920896,11113,0,0,0,0,1,1993,14,339,14,340
132514,Playing,3858432,10936,0,0,0,0,1,1994,180,339,180,340
132763,Playing,3878912,10994,0,0,0,0,1,1998,0,339,0,340
133014,Playing,3871744,10974,0,0,0,0,1,2001,94,339,94,340
133261,Playing,3928064,11133,0,0,0,0,1,2006,0,339,0,340
133511,Playing,3837952,10878,0,0,0,0,1,2009,0,339,14,340
133760,Playing,3858432,10936,0,0,0,0,1,2013,0,339,0,340
134008,Playing,3859456,10939,0,0,0,0,1,2016,93,339,93,340
134256,Playing,3879936,10997,0,0,0,0,1,2020,0,339,0,340
134503,Playing,3853312,10922,0,0,0,0,1,2022,0,339,0,340
134756,Playing,3846144,10901,0,0,0,0,1,2025,0,339,0,340
135006,Playing,3866624,10959,0,0,0,0,1,2029,174,339,174,340
135257,Playing,3887104,11017,0,0,0,0,1,2033,0,339,0,340
135505,Playing,3832832,10864,0,0,0,0,1,2034,172,339,172,340
135754,Playing,3880960,11000,0,0,0,0,1,2039,0,339,0,340
136003,Playing,3873792,10980,0,0,0,0,1,2042,0,339,0,340
136251,Playing,3811328,10803,0,0,0,0,1,2043,175,339,175,340
136500,Playing,3840000,10884,0,0,0,0,1,2050,1,339,1,340
136751,Playing,3832832,10864,0,0,0,0,1,2053,0,339,0,340
137001,Playing,3853312,10922,0,0,0,0,1,2057,0,339,0,340
137310,Playing,3829760,10855,0,0,0,0,1,2060,0,339,0,340
137560,Playing,3850240,10913,0,0,0,0,1,2064,0,339,0,340
137811,Playing,3795968,10759,0,0,0,0,1,2065,174,339,174,340
138056,Playing,3844096,10895,0,0,0,0,1,2070,0,339,0,340
138305,Playing,3836928,10875,0,0,0,0,1,2073,0,339,0,340
138554,Playing,3810304,10800,0,0,0,0,1,2075,0,339,0,340
138803,Playing,3803136,10779,0,0,0,0,1,2078,95,339,95,340
139050,Playing,3795968,10759,0,0,0,0,1,2081,91,339,91,340
139297,Playing,3769344,10684,0,0,0,0,1,2086,0,339,0,340
139548,Playing,3762176,10663,0,0,0,0,1,2089,95,339,95,340
139795,Playing,3763200,10666,0,0,0,0,1,2092,0,339,0,340
140045,Playing,3811328,10803,0,0,0,0,1,2097,0,339,0,340
140292,Playing,3804160,10782,0,0,0,0,1,2100,0,339,0,340
140540,Playing,3805184,10785,0,0,0,0,1,2103,0,339,0,340
140790,Playing,3770368,10686,0,0,0,0,1,2105,94,339,95,340
141036,Playing,3790848,10745,0,0,0,0,1,2109,94,339,94,340
141287,Playing,3783680,10724,0,0,0,0,1,2112,0,339,0,340
141537,Playing,3784704,10727,0,0,0,0,1,2115,13,339,13,340
141784,Playing,3777536,10707,0,0,0,0,1,2118,93,339,93,340
142033,Playing,3770368,10686,0,0,0,0,1,2124,0,339,1,340
142279,Playing,3771392,10689,0,0,0,0,1,2127,95,339,95,340
142527,Playing,3736576,10591,0,0,0,0,1,2129,0,339,0,340
142776,Playing,3757056,10649,0,0,0,0,1,2133,0,339,0,340
143023,Playing,3785728,10730,0,0,0,0,1,2137,0,339,0,340
143271,Playing,3778560,10710,0,0,0,0,1,2140,0,339,0,340
143520,Playing,3799040,10768,0,0,0,0,1,2144,14,339,14,340
143768,Playing,3827712,10849,0,0,0,0,1,2148,0,339,0,340
144014,Playing,3765248,10672,0,0,0,0,1,2149,175,339,175,340
144263,Playing,3785728,10730,0,0,0,0,1,2153,0,339,0,340
144511,Playing,3814400,10811,0,0,0,0,1,2157,0,339,0,340
144759,Playing,3742720,10608,0,0,0,0,1,2161,0,339,0,340
145007,Playing,3743744,10611,0,0,0,0,1,2164,0,339,0,340
145257,Playing,3736576,10591,0,0,0,0,1,2167,95,339,95,340
145506,Playing,3757056,10649,0,0,0,0,1,2171,0,339,0,340
145755,Playing,3785728,10730,0,0,0,0,1,2175,0,339,0,340
146004,Playing,3750912,10631,0,0,0,0,1,2177,0,339,0,340
146251,Playing,3743744,10611,0,0,0,0,1,2180,93,339,93,340
146500,Playing,3772416,10692,0,0,0,0,1,2184,0,339,0,340
146811,Playing,3740672,10602,0,0,0,0,1,2187,177,339,177,340
147000,Playing,3730432,10573,0,0,0,0,1,2189,0,339,0,340
147252,Playing,3750912,10631,0,0,0,0,1,2193,0,339,0,340
147502,Playing,3725312,10559,0,0,0,0,1,2198,0,339,13,340
147812,Playing,3710976,10518,0,0,0,0,1,2202,94,339,94,340
148060,Playing,3656704,10364,0,0,0,0,1,2203,177,339,177,340
148309,Playing,3677184,10422,0,0,0,0,1,2207,95,339,95,340
148556,Playing,3725312,10559,0,0,0,0,1,2212,0,339,0,340
148806,Playing,3718144,10538,0,0,0,0,1,2215,0,339,0,340
149055,Playing,3719168,10541,0,0,0,0,1,2218,14,339,14,340
149300,Playing,3739648,10599,0,0,0,0,1,2222,95,339,95,340
149552,Playing,3732480,10579,0,0,0,0,1,2225,92,339,93,340
149802,Playing,3705856,10504,0,0,0,0,1,2227,176,339,176,340
150051,Playing,3726336,10562,0,0,0,0,1,2231,0,339,0,340
150298,Playing,3709952,10515,0,0,0,0,1,2237,0,339,0,340
150545,Playing,3655680,10361,0,0,0,0,1,2238,175,339,175,340
150794,Playing,3703808,10498,0,0,0,0,1,2243,2,339,3,340
151042,Playing,3677184,10422,0,0,0,0,1,2245,95,339,95,340
151291,Playing,3697664,10480,0,0,0,0,1,2249,92,339,92,340
151542,Playing,3662848,10382,0,0,0,0,1,2251,0,339,0,340
151792,Playing,3683328,10440,0,0,0,0,1,2255,0,339,0,340
152041,Playing,3684352,10443,0,0,0,0,1,2258,176,339,176,340
152289,Playing,3704832,10501,0,0,0,0,1,2262,0,339,0,340
152537,Playing,3642368,10324,0,0,0,0,1,2263,177,339,178,340
152784,Playing,3698688,10483,0,0,0,0,1,2268,0,339,0,340
153031,Playing,3691520,10463,0,0,0,0,1,2271,0,339,0,340
153280,Playing,3629056,10286,0,0,0,0,1,2275,0,339,0,340
153529,Playing,3657728,10367,0,0,0,0,1,2279,0,339,0,340
153779,Playing,3650560,10347,0,0,0,0,1,2282,14,339,14,340
154027,Playing,3671040,10405,0,0,0,0,1,2286,0,339,0,340
154278,Playing,3608576,10228,0,0,0,0,1,2287,96,339,96,340
154527,Playing,3637248,10309,0,0,0,0,1,2291,95,339,95,340
154776,Playing,3657728,10367,0,0,0,0,1,2295,0,339,0,340
155028,Playing,3650560,10347,0,0,0,0,1,2298,0,339,0,340
155278,Playing,3623936,10271,0,0,0,0,1,2300,0,339,0,340
155526,Playing,3644416,10329,0,0,0,0,1,2304,1,339,1,340
155774,Playing,3637248,10309,0,0,0,0,1,2307,0,339,0,340
156023,Playing,3630080,10289,0,0,0,0,1,2313,0,339,0,340
156272,Playing,3631104,10292,0,0,0,0,1,2316,96,339,96,340
156519,Playing,3596288,10193,0,0,0,0,1,2318,0,339,0,340
156769,Playing,3616768,10251,0,0,0,0,1,2322,95,339,95,340
157019,Playing,3645440,10332,0,0,0,0,1,2326,0,339,0,340
157271,Playing,3582976,10155,0,0,0,0,1,2327,176,339,176,340
157518,Playing,3603456,10213,0,0,0,0,1,2331,0,339,0,340
157769,Playing,3632128,10295,0,0,0,0,1,2335,0,339,0,340
158018,Playing,3624960,10274,0,0,0,0,1,2338,94,339,94,340
158265,Playing,3562496,10097,0,0,0,0,1,2339,176,339,176,340
158519,Playing,3610624,10234,0,0,0,0,1,2344,0,339,0,340
158768,Playing,3611648,10237,0,0,0,0,1,2347,92,339,92,340
159019,Playing,3604480,10216,0,0,0,0,1,2353,0,339,0,340
159265,Playing,3542016,10039,0,0,0,0,1,2354,175,339,175,340
159512,Playing,3570688,10120,0,0,0,0,1,2358,96,339,96,340
159758,Playing,3591168,10179,0,0,0,0,1,2362,0,339,0,340
160008,Playing,3611648,10237,0,0,0,0,1,2366,0,339,0,340
160257,Playing,3612672,10240,0,0,0,0,1,2369,13,339,13,340
160506,Playing,3633152,10298,0,0,0,0,1,2373,0,339,0,340
160756,Playing,3625984,10277,0,0,0,0,1,2376,0,339,0,340
161005,Playing,3599360,10202,0,0,0,0,1,2378,0,339,0,340
161252,Playing,3592192,10181,0,0,0,0,1,2381,175,339,175,340
161502,Playing,3612672,10240,0,0,0,0,1,2388,0,339,0,340
161814,Playing,3589120,10173,0,0,0,0,1,2391,0,339,0,340
162001,Playing,3578880,10144,0,0,0,0,1,2393,0,339,0,340
162250,Playing,3571712,10123,0,0,0,0,1,2396,0,339,0,340
162560,Playing,3575808,10135,0,0,0,0,1,2400,0,339,0,340
162809,Playing,3568640,10115,0,0,0,0,1,2403,95,339,95,340
163057,Playing,3616768,10251,0,0,0,0,1,2408,0,339,0,340
163304,Playing,3617792,10254,0,0,0,0,1,2411,0,339,0,340
163555,Playing,3582976,10155,0,0,0,0,1,2413,0,339,0,340
163805,Playing,3575808,10135,0,0,0,0,1,2416,93,339,93,340
164052,Playing,3604480,10216,0,0,0,0,1,2420,0,339,0,340
164299,Playing,3569664,10118,0,0,0,0,1,2422,0,339,0,340
164546,Playing,3543040,10042,0,0,0,0,1,2427,0,339,0,340
164798,Playing,3563520,10100,0,0,0,0,1,2431,93,339,93,340
165045,Playing,3556352,10080,0,0,0,0,1,2434,96,339,96,340
165293,Playing,3549184,10060,0,0,0,0,1,2437,0,339,0,340
165542,Playing,3550208,10062,0,0,0,0,1,2440,0,339,0,340
165790,Playing,3570688,10120,0,0,0,0,1,2444,0,339,0,340
166038,Playing,3563520,10100,0,0,0,0,1,2447,94,339,94,340
166286,Playing,3564544,10103,0,0,0,0,1,2450,94,339,94,340
166535,Playing,3557376,10083,0,0,0,0,1,2453,0,339,0,340
166779,Playing,3550208,10062,0,0,0,0,1,2456,93,339,93,340
167027,Playing,3578880,10144,0,0,0,0,1,2460,0,339,0,340
167276,Playing,3571712,10123,0,0,0,0,1,2466,0,339,0,340
167523,Playing,3536896,10025,0,0,0,0,1,2468,0,339,0,340
167774,Playing,3537920,10028,0,0,0,0,1,2471,0,339,0,340
168023,Playing,3558400,10086,0,0,0,0,1,2475,0,339,0,340
168269,Playing,3551232,10065,0,0,0,0,1,2478,95,339,95,340
168519,Playing,3524608,9990,0,0,0,0,1,2480,0,339,0,340
168769,Playing,3517440,9970,0,0,0,0,1,2483,176,339,176,340
169018,Playing,3537920,10028,0,0,0,0,1,2487,0,339,0,340
169268,Playing,3511296,9952,0,0,0,0,1,2489,0,339,0,340
169516,Playing,3504128,9932,0,0,0,0,1,2492,179,339,179,340
169768,Playing,3552256,10068,0,0,0,0,1,2497,0,339,0,340
170015,Playing,3508224,9943,0,0,0,0,1,2502,0,339,0,340
170264,Playing,3481600,9868,0,0,0,0,1,2504,1,339,1,340
170513,Playing,3474432,9848,0,0,0,0,1,2507,0,339,0,340
170762,Playing,3494912,9906,0,0,0,0,1,2511,0,339,0,340
171010,Playing,3495936,9909,0,0,0,0,1,2514,177,339,177,340
171259,Playing,3488768,9888,0,0,0,0,1,2517,1,339,1,340
171505,Playing,3481600,9868,0,0,0,0,1,2520,93,339,93,340
171753,Playing,3482624,9871,0,0,0,0,1,2523,94,339,94,340
172002,Playing,3447808,9772,0,0,0,0,1,2525,0,339,0,340
172251,Playing,3468288,9830,0,0,0,0,1,2529,91,339,91,340
172561,Playing,3527680,9999,0,0,0,0,1,2535,0,339,0,340
172810,Playing,3474432,9848,0,0,0,0,1,2539,0,339,11,340
173060,Playing,3429376,9720,0,0,0,0,1,2541,92,339,92,340
173309,Playing,3477504,9856,0,0,0,0,1,2546,0,339,0,340
173558,Playing,3470336,9836,0,0,0,0,1,2549,0,339,0,340
173806,Playing,3435520,9737,0,0,0,0,1,2551,0,339,0,340
174055,Playing,3436544,9740,0,0,0,0,1,2554,94,339,94,340
174306,Playing,3484672,9877,0,0,0,0,1,2559,2,339,2,340
174553,Playing,3449856,9778,0,0,0,0,1,2561,177,339,177,340
174803,Playing,3450880,9781,0,0,0,0,1,2564,0,339,0,340
175055,Playing,3443712,9761,0,0,0,0,1,2567,92,339,92,340
175304,Playing,3464192,9819,0,0,0,0,1,2571,0,339,0,340
175551,Playing,3465216,9822,0,0,0,0,1,2574,175,339,175,340
175802,Playing,3393536,9618,0,0,0,0,1,2578,0,339,0,340
176053,Playing,3414016,9676,0,0,0,0,1,2582,93,339,93,340
176302,Playing,3406848,9656,0,0,0,0,1,2585,0,339,0,340
176550,Playing,3435520,9737,0,0,0,0,1,2589,0,339,0,340
176798,Playing,3400704,9639,0,0,0,0,1,2591,0,339,0,340
177046,Playing,3421184,9697,0,0,0,0,1,2595,0,339,0,340
177296,Playing,3422208,9700,0,0,0,0,1,2598,0,339,0,340
177544,Playing,3442688,9758,0,0,0,0,1,2602,0,339,0,340
177793,Playing,3380224,9581,0,0,0,0,1,2603,95,339,95,340
178045,Playing,3400704,9639,0,0,0,0,1,2607,0,339,0,340
178292,Playing,3429376,9720,0,0,0,0,1,2611,0,339,0,340
178543,Playing,3422208,9700,0,0,0,0,1,2617,0,339,0,340
178792,Playing,3359744,9523,0,0,0,0,1,2618,95,339,95,340
179042,Playing,3388416,9604,0,0,0,0,1,2622,0,339,0,340
179289,Playing,3381248,9584,0,0,0,0,1,2625,15,339,15,340
179538,Playing,3401728,9642,0,0,0,0,1,2629,13,339,13,340
179786,Playing,3430400,9723,0,0,0,0,1,2633,11,339,11,340
180037,Playing,3423232,9703,0,0,0,0,1,2636,0,339,0,340
180285,Playing,3388416,9604,0,0,0,0,1,2638,0,339,0,340
180534,Playing,3417088,9685,0,0,0,0,1,2642,0,339,0,340
180783,Playing,3409920,9665,0,0,0,0,1,2645,0,339,0,340
181031,Playing,3430400,9723,0,0,0,0,1,2649,0,339,0,340
181283,Playing,3376128,9569,0,0,0,0,1,2653,0,339,12,340
181531,Playing,3368960,9549,0,0,0,0,1,2656,0,339,0,340
181777,Playing,3389440,9607,0,0,0,0,1,2660,0,339,0,340
182024,Playing,3418112,9688,0,0,0,0,1,2664,0,339,0,340
182273,Playing,3355648,9511,0,0,0,0,1,2665,179,339,179,340
182521,Playing,3384320,9592,0,0,0,0,1,2669,0,339,0,340
182768,Playing,3404800,9650,0,0,0,0,1,2673,0,339,0,340
183016,Playing,3342336,9473,0,0,0,0,1,2674,92,339,92,340
183265,Playing,3343360,9476,0,0,0,0,1,2677,178,339,178,340
183516,Playing,3391488,9613,0,0,0,0,1,2682,0,339,0,340
183761,Playing,3384320,9592,0,0,0,0,1,2685,1,339,1,340
184009,Playing,3357696,9517,0,0,0,0,1,2687,0,339,0,340
184258,Playing,3322880,9418,0,0,0,0,1,2692,93,339,93,340
184508,Playing,3343360,9476,0,0,0,0,1,2696,16,339,16,340
184754,Playing,3344384,9479,0,0,0,0,1,2699,93,339,93,340
185002,Playing,3309568,9380,0,0,0,0,1,2701,1,339,1,340
185310,Playing,3368960,9549,0,0,0,0,1,2707,0,339,0,340
185561,Playing,3334144,9450,0,0,0,0,1,2709,0,339,0,340
185810,Playing,3326976,9430,0,0,0,0,1,2712,0,339,0,340
186059,Playing,3355648,9511,0,0,0,0,1,2716,174,339,174,340
186306,Playing,3348480,9491,0,0,0,0,1,2719,182,339,182,340
186558,Playing,3313664,9392,0,0,0,0,1,2721,0,339,0,340
186806,Playing,3342336,9473,0,0,0,0,1,2725,177,339,177,340
187057,Playing,3335168,9453,0,0,0,0,1,2731,0,339,0,340
187305,Playing,3328000,9433,0,0,0,0,1,2734,96,339,96,340
187554,Playing,3320832,9412,0,0,0,0,1,2737,0,339,0,340
187803,Playing,3321856,9415,0,0,0,0,1,2740,0,339,0,340
188052,Playing,3314688,9395,0,0,0,0,1,2743,0,339,0,340
188301,Playing,3335168,9453,0,0,0,0,1,2747,174,339,174,340
188551,Playing,3363840,9534,0,0,0,0,1,2751,0,339,0,340
188799,Playing,3301376,9357,0,0,0,0,1,2752,175,339,175,340
189046,Playing,3349504,9494,0,0,0,0,1,2757,0,339,0,340
189296,Playing,3350528,9496,0,0,0,0,1,2760,0,339,0,340
189546,Playing,3343360,9476,0,0,0,0,1,2763,93,339,93,340
189793,Playing,3308544,9377,0,0,0,0,1,2768,0,339,0,340
190043,Playing,3309568,9380,0,0,0,0,1,2771,0,339,0,340
190291,Playing,3302400,9360,0,0,0,0,1,2774,176,339,176,340
190539,Playing,3322880,9418,0,0,0,0,1,2778,0,339,0,340
190785,Playing,3296256,9343,0,0,0,0,1,2780,0,339,0,340
191031,Playing,3316736,9401,0,0,0,0,1,2784,0,339,0,340
191281,Playing,3337216,9459,0,0,0,0,1,2788,0,339,0,340
191530,Playing,3338240,9462,0,0,0,0,1,2791,0,339,0,340
191779,Playing,3303424,9363,0,0,0,0,1,2793,0,339,0,340
192028,Playing,3296256,9343,0,0,0,0,1,2796,0,339,0,340
192275,Playing,3297280,9346,0,0,0,0,1,2799,176,339,176,340
192522,Playing,3280896,9299,0,0,0,0,1,2802,181,339,181,340
192771,Playing,3263488,9250,0,0,0,0,1,2807,0,339,0,340
193021,Playing,3283968,9308,0,0,0,0,1,2811,174,339,174,340
193270,Playing,3304448,9366,0,0,0,0,1,2815,0,339,0,340
193518,Playing,3241984,9189,0,0,0,0,1,2816,95,339,95,340
193767,Playing,3270656,9270,0,0,0,0,1,2820,0,339,0,340
194013,Playing,3263488,9250,0,0,0,0,1,2823,94,339,94,340
194263,Playing,3283968,9308,0,0,0,0,1,2827,0,339,0,340
194512,Playing,3284992,9311,0,0,0,0,1,2830,175,339,175,340
194763,Playing,3277824,9290,0,0,0,0,1,2833,0,339,0,340
195014,Playing,3270656,9270,0,0,0,0,1,2836,14,339,14,340
195262,Playing,3280896,9299,0,0,0,0,1,2842,0,339,12,340
195510,Playing,3282944,9305,0,0,0,0,1,2846,0,339,0,340
195759,Playing,3275776,9285,0,0,0,0,1,2849,0,339,0,340
196008,Playing,3221504,9131,0,0,0,0,1,2850,175,339,175,340
196257,Playing,3269632,9267,0,0,0,0,1,2855,0,339,0,340
196506,Playing,3234816,9168,0,0,0,0,1,2857,0,339,0,340
196751,Playing,3235840,9171,0,0,0,0,1,2860,0,339,0,340
197001,Playing,3228672,9151,0,0,0,0,1,2863,95,339,95,340
197250,Playing,3249152,9209,0,0,0,0,1,2867,95,339,96,340
197560,Playing,3225600,9142,0,0,0,0,1,2870,177,339,177,340
197809,Playing,3273728,9279,0,0,0,0,1,2875,0,339,0,340
198057,Playing,3238912,9180,0,0,0,0,1,2877,176,339,176,340
198304,Playing,3203072,9079,0,0,0,0,1,2882,0,339,0,340
198553,Playing,3195904,9058,0,0,0,0,1,2885,0,339,0,340
198802,Playing,3196928,9061,0,0,0,0,1,2888,176,339,176,340
199050,Playing,3189760,9041,0,0,0,0,1,2891,0,339,0,340
199299,Playing,3210240,9099,0,0,0,0,1,2895,0,339,0,340
199548,Playing,3203072,9079,0,0,0,0,1,2898,94,339,94,340
199799,Playing,3231744,9160,0,0,0,0,1,2902,0,339,0,340
200050,Playing,3224576,9139,0,0,0,0,1,2905,0,339,0,340
200296,Playing,3217408,9119,0,0,0,0,1,2908,0,339,0,340
200544,Playing,3190784,9044,0,0,0,0,1,2910,92,339,92,340
200794,Playing,3211264,9102,0,0,0,0,1,2914,0,339,0,340
201044,Playing,3194880,9055,0,0,0,0,1,2920,96,339,96,340
201292,Playing,3140608,8901,0,0,0,0,1,2921,174,339,175,340
201541,Playing,3161088,8960,0,0,0,0,1,2925,95,339,95,340
201792,Playing,3181568,9018,0,0,0,0,1,2929,12,339,12,340
202041,Playing,3202048,9076,0,0,0,0,1,2933,0,339,0,340
202292,Playing,3203072,9079,0,0,0,0,1,2936,0,339,0,340
202538,Playing,3168256,8980,0,0,0,0,1,2938,0,339,0,340
202788,Playing,3161088,8960,0,0,0,0,1,2941,0,339,0,340
203037,Playing,3189760,9041,0,0,0,0,1,2945,91,339,91,340
203286,Playing,3154944,8942,0,0,0,0,1,2947,0,339,0,340
203535,Playing,3147776,8922,0,0,0,0,1,2950,94,339,94,340
203783,Playing,3148800,8925,0,0,0,0,1,2956,0,339,14,340
204032,Playing,3169280,8983,0,0,0,0,1,2960,0,339,0,340
204280,Playing,3106816,8806,0,0,0,0,1,2961,177,339,177,340
204526,Playing,3135488,8887,0,0,0,0,1,2965,0,339,0,340
204773,Playing,3155968,8945,0,0,0,0,1,2969,0,339,0,340
205022,Playing,3148800,8925,0,0,0,0,1,2972,94,339,94,340
205270,Playing,3122176,8849,0,0,0,0,1,2974,1,339,1,340
205519,Playing,3142656,8907,0,0,0,0,1,2978,0,339,0,340
205765,Playing,3143680,8910,0,0,0,0,1,2981,94,339,94,340
206012,Playing,3164160,8968,0,0,0,0,1,2985,0,339,0,340
206262,Playing,3156992,8948,0,0,0,0,1,2988,94,339,95,340
206512,Playing,3158016,8951,0,0,0,0,1,2991,0,339,0,340
206763,Playing,3123200,8852,0,0,0,0,1,2996,0,339,0,340
207012,Playing,3143680,8910,0,0,0,0,1,3000,2,339,2,340
207259,Playing,3144704,8913,0,0,0,0,1,3003,94,339,94,340
207509,Playing,3165184,8971,0,0,0,0,1,3007,14,339,14,340
207757,Playing,3102720,8794,0,0,0,0,1,3008,176,339,177,340
208007,Playing,3123200,8852,0,0,0,0,1,3012,173,339,173,340
208254,Playing,3151872,8933,0,0,0,0,1,3016,0,339,0,340
208501,Playing,3172352,8991,0,0,0,0,1,3020,0,339,0,340
208811,Playing,3148800,8925,0,0,0,0,1,3023,95,339,95,340
209057,Playing,3113984,8826,0,0,0,0,1,3025,0,339,0,340
209304,Playing,3115008,8829,0,0,0,0,1,3028,93,339,93,340
209553,Playing,3107840,8809,0,0,0,0,1,3034,0,339,0,340
209801,Playing,3108864,8811,0,0,0,0,1,3037,92,339,92,340
210051,Playing,3156992,8948,0,0,0,0,1,3042,0,339,0,340
210302,Playing,3122176,8849,0,0,0,0,1,3044,0,339,0,340
210551,Playing,3115008,8829,0,0,0,0,1,3047,0,339,0,340
210801,Playing,3116032,8832,0,0,0,0,1,3050,93,339,93,340
211051,Playing,3136512,8890,0,0,0,0,1,3054,0,339,0,340
211300,Playing,3101696,8791,0,0,0,0,1,3056,0,339,0,340
211550,Playing,3122176,8849,0,0,0,0,1,3060,0,339,0,340
211799,Playing,3123200,8852,0,0,0,0,1,3063,97,339,97,340
212049,Playing,3134464,8884,0,0,0,0,1,3069,0,339,13,340
212296,Playing,3081216,8733,0,0,0,0,1,3071,0,339,0,340
212544,Playing,3082240,8736,0,0,0,0,1,3074,0,339,0,340
212794,Playing,3102720,8794,0,0,0,0,1,3078,0,339,0,340
213042,Playing,3095552,8774,0,0,0,0,1,3081,0,339,0,340
213289,Playing,3096576,8777,0,0,0,0,1,3084,0,339,0,340
213536,Playing,3089408,8756,0,0,0,0,1,3087,0,339,0,340
213785,Playing,3082240,8736,0,0,0,0,1,3090,177,339,177,340
214033,Playing,3055616,8661,0,0,0,0,1,3092,13,339,13,340
214281,Playing,3076096,8719,0,0,0,0,1,3096,0,339,0,340
214529,Playing,3077120,8721,0,0,0,0,1,3099,177,339,177,340
214779,Playing,3125248,8858,0,0,0,0,1,3104,0,339,0,340
215031,Playing,3053568,8655,0,0,0,0,1,3107,0,339,12,340
215280,Playing,3055616,8661,0,0,0,0,1,3111,14,339,15,340
215529,Playing,3056640,8663,0,0,0,0,1,3114,14,339,14,340
215776,Playing,3077120,8721,0,0,0,0,1,3118,1,339,1,340
216024,Playing,3042304,8623,0,0,0,0,1,3120,2,339,2,340
216274,Playing,3035136,8602,0,0,0,0,1,3123,95,339,95,340
216522,Playing,3063808,8684,0,0,0,0,1,3127,95,339,95,340
216769,Playing,3084288,8742,0,0,0,0,1,3131,0,339,0,340
217016,Playing,3030016,8588,0,0,0,0,1,3132,174,339,174,340
217263,Playing,3050496,8646,0,0,0,0,1,3136,0,339,0,340
217516,Playing,3043328,8626,0,0,0,0,1,3139,0,339,0,340
217764,Playing,3008512,8527,0,0,0,0,1,3141,0,339,0,340
218012,Playing,3037184,8608,0,0,0,0,1,3148,0,339,0,340
218262,Playing,3030016,8588,0,0,0,0,1,3151,0,339,0,340
218511,Playing,2995200,8489,0,0,0,0,1,3153,0,339,0,340
218759,Playing,2996224,8492,0,0,0,0,1,3156,0,339,0,340
219010,Playing,2989056,8472,0,0,0,0,1,3159,96,339,96,340
219260,Playing,3037184,8608,0,0,0,0,1,3164,0,339,0,340
219510,Playing,3038208,8611,0,0,0,0,1,3167,0,339,0,340
219761,Playing,3058688,8669,0,0,0,0,1,3171,0,339,0,340
220008,Playing,2996224,8492,0,0,0,0,1,3172,176,339,177,340
220260,Playing,3016704,8550,0,0,0,0,1,3176,0,339,0,340
220510,Playing,3017728,8553,0,0,0,0,1,3179,94,339,94,340
220755,Playing,3001344,8507,0,0,0,0,1,3185,0,339,0,340
221002,Playing,2974720,8431,0,0,0,0,1,3187,0,339,0,340
221252,Playing,2995200,8489,0,0,0,0,1,3191,95,339,95,340
221503,Playing,3015680,8547,0,0,0,0,1,3195,0,339,0,340
221751,Playing,3008512,8527,0,0,0,0,1,3198,0,339,0,340
222000,Playing,2981888,8452,0,0,0,0,1,3200,0,339,0,340
222310,Playing,3005440,8518,0,0,0,0,1,3205,0,339,0,340
222558,Playing,2978816,8443,0,0,0,0,1,3207,0,339,0,340
222808,Playing,2999296,8501,0,0,0,0,1,3211,0,339,0,340
223055,Playing,3019776,8559,0,0,0,0,1,3215,0,339,0,340
223307,Playing,3020800,8562,0,0,0,0,1,3218,0,339,0,340
223557,Playing,2976768,8437,0,0,0,0,1,3223,94,339,94,340
223803,Playing,2941952,8338,0,0,0,0,1,3225,0,339,0,340
224054,Playing,2970624,8420,0,0,0,0,1,3229,0,339,0,340
224302,Playing,2991104,8478,0,0,0,0,1,3233,0,339,0,340
224550,Playing,2956288,8379,0,0,0,0,1,3235,0,339,0,340
224798,Playing,2957312,8382,0,0,0,0,1,3238,0,339,0,340
225047,Playing,2950144,8362,0,0,0,0,1,3241,176,339,176,340
225296,Playing,2998272,8498,0,0,0,0,1,3246,0,339,0,340
225545,Playing,2991104,8478,0,0,0,0,1,3249,0,339,0,340
225792,Playing,2936832,8324,0,0,0,0,1,3250,175,339,175,340
226041,Playing,2984960,8460,0,0,0,0,1,3255,3,339,3,340
226291,Playing,2940928,8335,0,0,0,0,1,3260,0,339,0,340
226539,Playing,2914304,8260,0,0,0,0,1,3262,0,339,0,340
226786,Playing,2907136,8240,0,0,0,0,1,3265,0,339,0,340
227035,Playing,2927616,8298,0,0,0,0,1,3269,0,339,0,340
227282,Playing,2928640,8301,0,0,0,0,1,3272,178,339,178,340
227531,Playing,2893824,8202,0,0,0,0,1,3274,0,339,0,340
227780,Playing,2914304,8260,0,0,0,0,1,3278,176,339,176,340
228030,Playing,2942976,8341,0,0,0,0,1,3282,0,339,0,340
228277,Playing,2935808,8321,0,0,0,0,1,3285,0,339,0,340
228525,Playing,2928640,8301,0,0,0,0,1,3288,0,339,0,340
228773,Playing,2929664,8304,0,0,0,0,1,3291,0,339,0,340
229021,Playing,2922496,8283,0,0,0,0,1,3294,0,339,0,340
229270,Playing,2887680,8185,0,0,0,0,1,3299,0,339,0,340
229520,Playing,2888704,8187,0,0,0,0,1,3302,0,341,0,341
229767,Playing,2881536,8167,0,0,0,0,1,3305,177,341,177,341
230016,Playing,2902016,8225,0,0,0,0,1,3309,0,341,0,341
230264,Playing,2930688,8306,0,0,0,0,1,3313,0,341,0,341
230513,Playing,2895872,8208,0,0,0,0,1,3315,1,341,1,341
230763,Playing,2916352,8266,0,0,0,0,1,3319,0,341,0,341
231010,Playing,2889728,8190,0,0,0,0,1,3321,175,341,175,341
231263,Playing,2937856,8327,0,0,0,0,1,3326,0,341,0,341
231508,Playing,2958336,8385,0,0,0,0,1,3330,0,341,0,341
231756,Playing,2904064,8231,0,0,0,0,1,3331,174,341,174,341
232005,Playing,2896896,8211,0,0,0,0,1,3337,0,341,0,341
232254,Playing,2917376,8269,0,0,0,0,1,3341,0,341,0,341
232501,Playing,2863104,8115,0,0,0,0,1,3342,94,341,94,341
232750,Playing,2883584,8173,0,0,0,0,1,3346,0,341,0,341
233059,Playing,2887680,8185,0,0,0,0,1,3350,95,341,95,341
233305,Playing,2880512,8164,0,0,0,0,1,3353,176,341,176,341
233553,Playing,2900992,8222,0,0,0,0,1,3357,0,341,0,341
233805,Playing,2902016,8225,0,0,0,0,1,3360,0,341,0,341
234054,Playing,2867200,8126,0,0,0,0,1,3362,1,341,1,341
234303,Playing,2887680,8185,0,0,0,0,1,3366,0,341,0,341
234552,Playing,2888704,8187,0,0,0,0,1,3369,0,341,0,341
234801,Playing,2881536,8167,0,0,0,0,1,3375,1,341,1,341
235050,Playing,2846720,8068,0,0,0,0,1,3377,0,341,0,341
235300,Playing,2839552,8048,0,0,0,0,1,3380,177,341,177,341
235548,Playing,2840576,8051,0,0,0,0,1,3383,175,341,175,341
235796,Playing,2888704,8187,0,0,0,0,1,3388,0,341,0,341
236045,Playing,2826240,8010,0,0,0,0,1,3389,177,341,177,341
236292,Playing,2854912,8092,0,0,0,0,1,3393,0,341,0,341
236541,Playing,2875392,8150,0,0,0,0,1,3397,0,341,0,341
236791,Playing,2868224,8129,0,0,0,0,1,3400,175,341,175,341
237039,Playing,2869248,8132,0,0,0,0,1,3403,0,341,0,341
237288,Playing,2834432,8034,0,0,0,0,1,3405,0,341,0,341
237535,Playing,2835456,8037,0,0,0,0,1,3411,94,341,94,341
237784,Playing,2855936,8095,0,0,0,0,1,3415,0,341,0,341
238033,Playing,2793472,7918,0,0,0,0,1,3416,174,341,174,341
238283,Playing,2813952,7976,0,0,0,0,1,3420,176,341,176,341
238530,Playing,2842624,8057,0,0,0,0,1,3424,0,341,0,341
238776,Playing,2835456,8037,0,0,0,0,1,3427,94,341,94,341
239024,Playing,2808832,7961,0,0,0,0,1,3429,0,341,0,341
239272,Playing,2829312,8019,0,0,0,0,1,3433,0,341,0,341
239520,Playing,2822144,7999,0,0,0,0,1,3436,95,341,95,341
239769,Playing,2850816,8080,0,0,0,0,1,3440,95,341,95,341
240017,Playing,2816000,7981,0,0,0,0,1,3442,0,341,0,341
240263,Playing,2827264,8013,0,0,0,0,1,3448,0,341,13,341
240512,Playing,2809856,7964,0,0,0,0,1,3451,0,341,0,341
240760,Playing,2830336,8022,0,0,0,0,1,3455,0,341,0,341
241010,Playing,2767872,7845,0,0,0,0,1,3456,95,341,95,341
241257,Playing,2796544,7926,0,0,0,0,1,3460,0,341,0,341
241504,Playing,2817024,7984,0,0,0,0,1,3464,0,341,0,341
241754,Playing,2809856,7964,0,0,0,0,1,3467,0,341,0,341
242006,Playing,2783232,7888,0,0,0,0,1,3469,0,341,0,341
242254,Playing,2776064,7868,0,0,0,0,1,3472,176,341,177,341
242503,Playing,2796544,7926,0,0,0,0,1,3476,176,341,176,341
242753,Playing,2825216,8007,0,0,0,0,1,3480,0,341,0,341
243002,Playing,2790400,7909,0,0,0,0,1,3482,0,341,0,341
243250,Playing,2783232,7888,0,0,0,0,1,3488,0,341,0,341
243561,Playing,2759680,7822,0,0,0,0,1,3491,0,341,0,341
243809,Playing,2752512,7801,0,0,0,0,1,3494,0,341,0,341
244059,Playing,2800640,7938,0,0,0,0,1,3499,0,341,0,341
244308,Playing,2801664,7941,0,0,0,0,1,3502,1,341,1,341
244556,Playing,2822144,7999,0,0,0,0,1,3506,0,341,0,341
244806,Playing,2787328,7900,0,0,0,0,1,3508,0,341,0,341
245056,Playing,2788352,7903,0,0,0,0,1,3511,0,341,0,341
245304,Playing,2808832,7961,0,0,0,0,1,3515,0,341,0,341
245554,Playing,2801664,7941,0,0,0,0,1,3518,94,341,94,341
245801,Playing,2775040,7865,0,0,0,0,1,3520,0,341,0,341
246049,Playing,2731008,7740,0,0,0,0,1,3525,175,341,175,341
246300,Playing,2751488,7799,0,0,0,0,1,3529,0,341,0,341
246546,Playing,2724864,7723,0,0,0,0,1,3531,0,341,0,341
246795,Playing,2717696,7703,0,0,0,0,1,3534,176,341,176,341
247043,Playing,2765824,7839,0,0,0,0,1,3539,0,341,0,341
247292,Playing,2766848,7842,0,0,0,0,1,3542,0,341,0,341
247542,Playing,2732032,7743,0,0,0,0,1,3544,16,341,16,341
247790,Playing,2752512,7801,0,0,0,0,1,3548,14,341,14,341
248039,Playing,2753536,7804,0,0,0,0,1,3551,0,341,0,341
248290,Playing,2774016,7862,0,0,0,0,1,3555,14,341,14,341
248538,Playing,2766848,7842,0,0,0,0,1,3558,0,341,0,341
248787,Playing,2712576,7688,0,0,0,0,1,3559,177,341,177,341
249035,Playing,2723840,7720,0,0,0,0,1,3566,0,341,0,341
249284,Playing,2744320,7778,0,0,0,0,1,3570,0,341,0,341
249533,Playing,2745344,7781,0,0,0,0,1,3573,14,341,14,341
249782,Playing,2710528,7682,0,0,0,0,1,3575,0,341,0,341
250032,Playing,2703360,7662,0,0,0,0,1,3578,91,341,91,341
250280,Playing,2696192,7642,0,0,0,0,1,3581,0,341,0,341
250529,Playing,2697216,7645,0,0,0,0,1,3584,0,341,0,341
250780,Playing,2690048,7624,0,0,0,0,1,3587,95,341,95,341
251028,Playing,2710528,7682,0,0,0,0,1,3591,93,341,93,341
251277,Playing,2739200,7764,0,0,0,0,1,3595,14,341,14,341
251525,Playing,2713600,7691,0,0,0,0,1,3600,0,341,13,341
251774,Playing,2660352,7540,0,0,0,0,1,3602,1,341,1,341
252023,Playing,2689024,7621,0,0,0,0,1,3606,0,341,0,341
252272,Playing,2681856,7601,0,0,0,0,1,3609,95,341,95,341
252520,Playing,2702336,7659,0,0,0,0,1,3613,89,341,89,341
252770,Playing,2703360,7662,0,0,0,0,1,3616,95,341,95,341
253018,Playing,2696192,7642,0,0,0,0,1,3619,0,341,0,341
253268,Playing,2689024,7621,0,0,0,0,1,3622,0,341,0,341
253516,Playing,2717696,7703,0,0,0,0,1,3626,0,341,0,341
253762,Playing,2710528,7682,0,0,0,0,1,3629,0,341,0,341
254010,Playing,2675712,7584,0,0,0,0,1,3631,0,341,0,341
254258,Playing,2704384,7665,0,0,0,0,1,3635,0,341,0,341
254506,Playing,2669568,7566,0,0,0,0,1,3640,0,341,0,341
254756,Playing,2634752,7468,0,0,0,0,1,3642,0,341,0,341
255004,Playing,2635776,7471,0,0,0,0,1,3645,175,341,175,341
255252,Playing,2656256,7529,0,0,0,0,1,3649,175,341,175,341
255500,Playing,2676736,7587,0,0,0,0,1,3653,0,341,0,341
255809,Playing,2680832,7598,0,0,0,0,1,3657,0,341,0,341
256061,Playing,2673664,7578,0,0,0,0,1,3660,96,341,96,341
256310,Playing,2694144,7636,0,0,0,0,1,3664,0,341,0,341
256559,Playing,2639872,7482,0,0,0,0,1,3665,174,341,174,341
256807,Playing,2660352,7540,0,0,0,0,1,3669,95,341,95,341
257054,Playing,2680832,7598,0,0,0,0,1,3676,0,341,14,341
257303,Playing,2626560,7444,0,0,0,0,1,3677,175,341,176,341
257549,Playing,2619392,7424,0,0,0,0,1,3680,176,341,176,341
257798,Playing,2648064,7505,0,0,0,0,1,3684,0,341,0,341
258048,Playing,2640896,7485,0,0,0,0,1,3687,0,341,0,341
258296,Playing,2633728,7465,0,0,0,0,1,3690,0,341,1,341
258548,Playing,2626560,7444,0,0,0,0,1,3693,0,341,0,341
258795,Playing,2655232,7526,0,0,0,0,1,3697,0,341,0,341
259045,Playing,2675712,7584,0,0,0,0,1,3701,0,341,0,341
259292,Playing,2613248,7407,0,0,0,0,1,3702,169,341,169,341
259541,Playing,2614272,7410,0,0,0,0,1,3705,174,341,174,341
259793,Playing,2662400,7546,0,0,0,0,1,3710,0,341,0,341
260043,Playing,2599936,7369,0,0,0,0,1,3712,176,341,176,341
260294,Playing,2592768,7349,0,0,0,0,1,3717,0,341,0,341
260541,Playing,2593792,7352,0,0,0,0,1,3720,176,341,176,341
260791,Playing,2614272,7410,0,0,0,0,1,3724,170,341,170,341
261039,Playing,2579456,7311,0,0,0,0,1,3726,1,341,2,341
261289,Playing,2580480,7314,0,0,0,0,1,3729,12,341,12,341
261538,Playing,2600960,7372,0,0,0,0,1,3733,91,341,91,341
261787,Playing,2621440,7430,0,0,0,0,1,3737,0,341,0,341
262036,Playing,2594816,7354,0,0,0,0,1,3739,0,341,0,341
262285,Playing,2587648,7334,0,0,0,0,1,3742,95,341,95,341
262534,Playing,2608128,7392,0,0,0,0,1,3746,0,341,0,341
262783,Playing,2599936,7369,0,0,0,0,1,3751,0,341,16,341
263033,Playing,2601984,7375,0,0,0,0,1,3755,0,341,0,341
263281,Playing,2567168,7276,0,0,0,0,1,3757,0,341,0,341
263531,Playing,2560000,7256,0,0,0,0,1,3760,94,341,94,341
263780,Playing,2588672,7337,0,0,0,0,1,3764,95,341,95,341
264028,Playing,2609152,7395,0,0,0,0,1,3768,0,341,0,341
264278,Playing,2546688,7218,0,0,0,0,1,3769,175,341,175,341
264526,Playing,2575360,7299,0,0,0,0,1,3773,0,341,0,341
264777,Playing,2595840,7357,0,0,0,0,1,3777,0,341,0,341
265026,Playing,2588672,7337,0,0,0,0,1,3780,94,341,94,341
265273,Playing,2589696,7340,0,0,0,0,1,3783,0,341,0,341
265522,Playing,2554880,7241,0,0,0,0,1,3785,94,341,94,341
265772,Playing,2575360,7299,0,0,0,0,1,3792,0,341,0,341
266022,Playing,2568192,7279,0,0,0,0,1,3795,0,341,0,341
266271,Playing,2513920,7125,0,0,0,0,1,3796,173,341,173,341
266521,Playing,2562048,7262,0,0,0,0,1,3801,0,341,0,341
266770,Playing,2582528,7320,0,0,0,0,1,3805,0,341,0,341
267019,Playing,2583552,7322,0,0,0,0,1,3808,0,341,0,341
267268,Playing,2576384,7302,0,0,0,0,1,3811,94,341,94,341
267519,Playing,2541568,7203,0,0,0,0,1,3813,0,341,0,341
267766,Playing,2542592,7206,0,0,0,0,1,3816,95,341,95,341
268013,Playing,2590720,7343,0,0,0,0,1,3821,14,341,14,341
268263,Playing,2583552,7322,0,0,0,0,1,3824,0,341,0,341
268514,Playing,2529280,7169,0,0,0,0,1,3828,0,341,0,341
268760,Playing,2549760,7227,0,0,0,0,1,3832,0,341,0,341
269008,Playing,2542592,7206,0,0,0,0,1,3835,0,341,0,341
269256,Playing,2543616,7209,0,0,0,0,1,3838,95,341,95,341
269501,Playing,2536448,7189,0,0,0,0,1,3841,0,341,0,341
269812,Playing,2568192,7279,0,0,0,0,1,3846,15,341,15,341
270060,Playing,2505728,7102,0,0,0,0,1,3847,175,341,175,341
270310,Playing,2534400,7183,0,0,0,0,1,3851,1,341,1,341
270559,Playing,2554880,7241,0,0,0,0,1,3855,0,341,0,341
270806,Playing,2575360,7299,0,0,0,0,1,3859,14,341,14,341
271055,Playing,2548736,7224,0,0,0,0,1,3861,0,341,0,341
271304,Playing,2504704,7099,0,0,0,0,1,3866,0,341,0,341
271554,Playing,2525184,7157,0,0,0,0,1,3870,0,341,0,341
271803,Playing,2462720,6980,0,0,0,0,1,3871,95,341,95,341
272052,Playing,2491392,7061,0,0,0,0,1,3875,0,341,0,341
272299,Playing,2484224,7041,0,0,0,0,1,3878,175,341,175,341
272547,Playing,2532352,7177,0,0,0,0,1,3883,0,341,0,341
272794,Playing,2478080,7024,0,0,0,0,1,3884,95,341,96,341
273042,Playing,2498560,7082,0,0,0,0,1,3888,0,341,0,341
273291,Playing,2499584,7084,0,0,0,0,1,3891,175,341,175,341
273540,Playing,2492416,7064,0,0,0,0,1,3894,174,341,174,341
273789,Playing,2485248,7044,0,0,0,0,1,3897,0,341,0,341
274037,Playing,2478080,7024,0,0,0,0,1,3900,0,341,0,341
274285,Playing,2469888,7000,0,0,0,0,1,3906,172,341,172,341
274536,Playing,2490368,7058,0,0,0,0,1,3910,0,341,0,341
274785,Playing,2427904,6881,0,0,0,0,1,3911,92,341,92,341
275034,Playing,2484224,7041,0,0,0,0,1,3916,2,341,2,341
275283,Playing,2477056,7021,0,0,0,0,1,3919,0,341,0,341
275532,Playing,2469888,7000,0,0,0,0,1,3922,0,341,0,341
275782,Playing,2498560,7082,0,0,0,0,1,3926,89,341,89,341
276030,Playing,2463744,6983,0,0,0,0,1,3928,0,341,0,341
276280,Playing,2456576,6963,0,0,0,0,1,3931,173,341,173,341
276528,Playing,2485248,7044,0,0,0,0,1,3935,1,341,1,341
276781,Playing,2487296,7050,0,0,0,0,1,3939,0,341,0,341
277028,Playing,2434048,6899,0,0,0,0,1,3943,0,341,0,341
277277,Playing,2426880,6878,0,0,0,0,1,3946,0,341,0,341
277526,Playing,2427904,6881,0,0,0,0,1,3949,0,341,0,341
277774,Playing,2420736,6861,0,0,0,0,1,3952,0,341,0,341
278023,Playing,2413568,6841,0,0,0,0,1,3955,0,341,0,341
278271,Playing,2442240,6922,0,0,0,0,1,3959,0,341,0,341
278517,Playing,2435072,6902,0,0,0,0,1,3962,177,341,177,341
278766,Playing,2400256,6803,0,0,0,0,1,3964,0,341,0,341
279014,Playing,2401280,6806,0,0,0,0,1,3967,95,341,95,341
279264,Playing,2449408,6942,0,0,0,0,1,3972,16,341,16,341
279513,Playing,2442240,6922,0,0,0,0,1,3975,0,341,0,341
279763,Playing,2415616,6846,0,0,0,0,1,3980,95,341,95,341
280012,Playing,2436096,6905,0,0,0,0,1,3984,0,341,0,341
280260,Playing,2401280,6806,0,0,0,0,1,3986,0,341,0,341
280509,Playing,2402304,6809,0,0,0,0,1,3989,95,341,95,341
280755,Playing,2422784,6867,0,0,0,0,1,3993,96,341,96,341
281004,Playing,2415616,6846,0,0,0,0,1,3996,93,341,93,341
281251,Playing,2416640,6849,0,0,0,0,1,3999,0,341,0,341
281500,Playing,2409472,6829,0,0,0,0,1,4002,0,341,0,341
281751,Playing,2429952,6887,0,0,0,0,1,4006,3,341,3,341
282059,Playing,2406400,6820,0,0,0,0,1,4009,94,341,94,341
282307,Playing,2407424,6823,0,0,0,0,1,4012,0,341,0,341
282556,Playing,2372608,6725,0,0,0,0,1,4017,0,341,14,341
282804,Playing,2393088,6783,0,0,0,0,1,4021,0,341,0,341
283053,Playing,2358272,6684,0,0,0,0,1,4023,95,341,95,341
283302,Playing,2359296,6687,0,0,0,0,1,4026,0,341,0,341
283549,Playing,2379776,6745,0,0,0,0,1,4030,0,341,0,341
283796,Playing,2408448,6826,0,0,0,0,1,4034,14,341,15,341
284047,Playing,2401280,6806,0,0,0,0,1,4037,0,341,0,341
284291,Playing,2366464,6707,0,0,0,0,1,4039,0,341,0,341
284542,Playing,2367488,6710,0,0,0,0,1,4042,92,341,92,341
284795,Playing,2387968,6768,0,0,0,0,1,4046,0,341,0,341
285042,Playing,2380800,6748,0,0,0,0,1,4049,95,341,95,341
285297,Playing,2345984,6649,0,0,0,0,1,4051,0,341,0,341
285553,Playing,2338816,6629,0,0,0,0,1,4057,84,341,85,341
285803,Playing,2359296,6687,0,0,0,0,1,4061,0,341,0,341
286066,Playing,2352128,6667,0,0,0,0,1,4064,0,341,0,341
286274,Playing,2361344,6693,0,0,0,0,1,4067,3,341,3,341
286518,Playing,2362368,6696,0,0,0,0,1,4070,0,341,0,341
286771,Playing,2355200,6675,0,0,0,0,1,4073,0,341,0,341
287021,Playing,2375680,6733,0,0,0,0,1,4077,91,341,91,341
287270,Playing,2340864,6635,0,0,0,0,1,4079,1,341,1,341
287520,Playing,2341888,6638,0,0,0,0,1,4082,95,341,95,341
287768,Playing,2390016,6774,0,0,0,0,1,4087,0,341,0,341
288017,Playing,2373632,6727,0,0,0,0,1,4092,0,341,15,341
288268,Playing,2348032,6655,0,0,0,0,1,4095,0,341,0,341
288516,Playing,2349056,6658,0,0,0,0,1,4098,0,341,0,341
288764,Playing,2341888,6638,0,0,0,0,1,4101,1,341,1,341
289012,Playing,2362368,6696,0,0,0,0,1,4105,0,341,0,341
289262,Playing,2308096,6542,0,0,0,0,1,4106,176,341,176,341
289509,Playing,2328576,6600,0,0,0,0,1,4110,1,341,1,341
289760,Playing,2349056,6658,0,0,0,0,1,4114,0,341,0,341
290008,Playing,2350080,6661,0,0,0,0,1,4117,0,341,0,341
290258,Playing,2315264,6562,0,0,0,0,1,4119,0,341,0,341
290506,Playing,2335744,6620,0,0,0,0,1,4123,0,341,0,341
290757,Playing,2336768,6623,0,0,0,0,1,4126,0,341,0,341
291008,Playing,2329600,6603,0,0,0,0,1,4132,0,341,0,341
291257,Playing,2322432,6582,0,0,0,0,1,4135,93,341,93,341
291506,Playing,2287616,6484,0,0,0,0,1,4137,0,341,0,341
291754,Playing,2316288,6565,0,0,0,0,1,4141,177,341,177,341
292004,Playing,2336768,6623,0,0,0,0,1,4145,0,341,0,341
292257,Playing,2329600,6603,0,0,0,0,1,4148,0,341,0,341
292508,Playing,2294784,6504,0,0,0,0,1,4150,0,341,0,341
292755,Playing,2323456,6585,0,0,0,0,1,4154,0,341,0,341
293001,Playing,2316288,6565,0,0,0,0,1,4157,176,341,176,341
293250,Playing,2289664,6489,0,0,0,0,1,4159,0,341,0,341
293561,Playing,2340864,6635,0,0,0,0,1,4165,0,341,0,341
293808,Playing,2286592,6481,0,0,0,0,1,4169,0,341,0,341
294058,Playing,2279424,6460,0,0,0,0,1,4172,0,341,0,341
294308,Playing,2272256,6440,0,0,0,0,1,4175,177,341,177,341
294557,Playing,2300928,6521,0,0,0,0,1,4179,94,341,94,341
294809,Playing,2293760,6501,0,0,0,0,1,4182,94,341,94,341
295056,Playing,2286592,6481,0,0,0,0,1,4185,0,341,0,341
295305,Playing,2279424,6460,0,0,0,0,1,4188,175,341,175,341
295553,Playing,2308096,6542,0,0,0,0,1,4192,0,341,0,341
295801,Playing,2245632,6365,0,0,0,0,1,4193,94,341,94,341
296048,Playing,2266112,6423,0,0,0,0,1,4197,0,341,0,341
296300,Playing,2294784,6504,0,0,0,0,1,4201,0,341,0,341
296549,Playing,2278400,6458,0,0,0,0,1,4207,0,341,0,341
296797,Playing,2243584,6359,0,0,0,0,1,4209,0,341,0,341
297046,Playing,2244608,6362,0,0,0,0,1,4212,13,341,13,341
297294,Playing,2237440,6341,0,0,0,0,1,4215,92,341,92,341
297545,Playing,2202624,6243,0,0,0,0,1,4217,0,341,0,341
297793,Playing,2231296,6324,0,0,0,0,1,4221,0,341,0,341
298042,Playing,2224128,6304,0,0,0,0,1,4224,95,341,95,341
298289,Playing,2244608,6362,0,0,0,0,1,4228,175,341,175,341
298537,Playing,2190336,6208,0,0,0,0,1,4229,96,341,96,341
298784,Playing,2238464,6344,0,0,0,0,1,4234,0,341,0,341
299033,Playing,2231296,6324,0,0,0,0,1,4237,0,341,0,341
299281,Playing,2259968,6405,0,0,0,0,1,4241,0,341,0,341
299531,Playing,2188288,6202,0,0,0,0,1,4245,0,341,0,341
299780,Playing,2208768,6260,0,0,0,0,1,4249,0,341,0,341
300028,Playing,2209792,6263,0,0,0,0,1,4252,0,341,0,341
300278,Playing,2230272,6321,0,0,0,0,1,4256,0,341,0,341
300528,Playing,2223104,6301,0,0,0,0,1,4259,0,341,0,341
300776,Playing,2251776,6382,0,0,0,0,1,4263,15,341,15,341
301026,Playing,2189312,6205,0,0,0,0,1,4264,173,341,173,341
301274,Playing,2237440,6341,0,0,0,0,1,4269,0,341,0,341
301523,Playing,2210816,6266,0,0,0,0,1,4271,95,341,95,341
301771,Playing,2203648,6246,0,0,0,0,1,4274,0,341,0,341
302021,Playing,2196480,6225,0,0,0,0,1,4277,94,341,94,341
302270,Playing,2180096,6179,0,0,0,0,1,4283,0,341,0,341
302520,Playing,2181120,6182,0,0,0,0,1,4286,93,341,93,341
302771,Playing,2201600,6240,0,0,0,0,1,4290,0,341,0,341
303018,Playing,2194432,6220,0,0,0,0,1,4293,94,341,94,341
303267,Playing,2195456,6222,0,0,0,0,1,4296,0,341,0,341
303516,Playing,2188288,6202,0,0,0,0,1,4299,0,341,0,341
303766,Playing,2208768,6260,0,0,0,0,1,4303,0,341,0,341
304016,Playing,2201600,6240,0,0,0,0,1,4306,93,341,93,341
304262,Playing,2174976,6164,0,0,0,0,1,4308,0,341,0,341
304511,Playing,2195456,6222,0,0,0,0,1,4312,0,341,0,341
304759,Playing,2224128,6304,0,0,0,0,1,4316,0,341,0,341
305009,Playing,2189312,6205,0,0,0,0,1,4321,0,341,0,341
305259,Playing,2154496,6106,0,0,0,0,1,4323,0,341,0,341
305505,Playing,2183168,6188,0,0,0,0,1,4327,0,341,0,341
305754,Playing,2176000,6167,0,0,0,0,1,4330,0,341,0,341
306003,Playing,2168832,6147,0,0,0,0,1,4333,0,341,0,341
306250,Playing,2142208,6072,0,0,0,0,1,4335,0,341,0,341
306559,Playing,2138112,6060,0,0,0,0,1,4339,94,341,94,341
306810,Playing,2166784,6141,0,0,0,0,1,4343,0,341,0,341
307057,Playing,2187264,6199,0,0,0,0,1,4347,5,341,5,341
307305,Playing,2124800,6022,0,0,0,0,1,4348,166,341,167,341
307553,Playing,2153472,6103,0,0,0,0,1,4352,0,341,0,341
307801,Playing,2146304,6083,0,0,0,0,1,4355,0,341,0,341
308051,Playing,2139136,6063,0,0,0,0,1,4361,0,341,0,341
308300,Playing,2112512,5987,0,0,0,0,1,4363,0,341,0,341
308549,Playing,2105344,5967,0,0,0,0,1,4366,94,341,94,341
308799,Playing,2125824,6025,0,0,0,0,1,4370,0,341,0,341
309048,Playing,2146304,6083,0,0,0,0,1,4374,0,341,0,341
309296,Playing,2147328,6086,0,0,0,0,1,4377,0,341,0,341
309543,Playing,2112512,5987,0,0,0,0,1,4379,0,341,0,341
309792,Playing,2141184,6069,0,0,0,0,1,4383,0,341,0,341
310041,Playing,2134016,6048,0,0,0,0,1,4386,0,341,0,341
310286,Playing,2099200,5950,0,0,0,0,1,4388,0,341,0,341
310536,Playing,2127872,6031,0,0,0,0,1,4392,0,341,0,341
310788,Playing,2093056,5932,0,0,0,0,1,4397,95,341,95,341
311037,Playing,2113536,5990,0,0,0,0,1,4401,0,341,0,341
311283,Playing,2142208,6072,0,0,0,0,1,4405,13,341,13,341
311532,Playing,2135040,6051,0,0,0,0,1,4408,1,341,1,341
311781,Playing,2100224,5953,0,0,0,0,1,4410,0,341,0,341
312032,Playing,2120704,6011,0,0,0,0,1,4414,0,341,0,341
312281,Playing,2121728,6013,0,0,0,0,1,4417,174,341,174,341
312531,Playing,2086912,5915,0,0,0,0,1,4419,14,341,14,341
312781,Playing,2079744,5894,0,0,0,0,1,4422,175,341,175,341
313029,Playing,2108416,5976,0,0,0,0,1,4426,0,341,0,341
313278,Playing,2128896,6034,0,0,0,0,1,4430,0,341,0,341
313528,Playing,2066432,5857,0,0,0,0,1,4434,0,341,0,341
313778,Playing,2067456,5860,0,0,0,0,1,4437,94,341,95,341
314024,Playing,2087936,5918,0,0,0,0,1,4441,0,341,0,341
314272,Playing,2080768,5897,0,0,0,0,1,4444,0,341,0,341
314519,Playing,2081792,5900,0,0,0,0,1,4447,0,341,0,341
314770,Playing,2074624,5880,0,0,0,0,1,4450,14,341,14,341
315018,Playing,2067456,5860,0,0,0,0,1,4453,94,341,94,341
315269,Playing,2096128,5941,0,0,0,0,1,4457,173,341,173,341
315517,Playing,2061312,5842,0,0,0,0,1,4459,0,341,0,341
315765,Playing,2081792,5900,0,0,0,0,1,4463,0,341,0,341
316012,Playing,2082816,5903,0,0,0,0,1,4466,0,341,0,341
316260,Playing,2075648,5883,0,0,0,0,1,4472,0,341,0,341
316510,Playing,2040832,5784,0,0,0,0,1,4474,0,341,0,341
316760,Playing,2069504,5865,0,0,0,0,1,4478,0,341,0,341
317011,Playing,2062336,5845,0,0,0,0,1,4481,0,341,0,341
317260,Playing,2082816,5903,0,0,0,0,1,4485,0,341,0,341
317507,Playing,2020352,5726,0,0,0,0,1,4486,95,341,95,341
317756,Playing,2049024,5807,0,0,0,0,1,4490,92,341,92,341
318004,Playing,2069504,5865,0,0,0,0,1,4494,0,341,0,341
318253,Playing,2089984,5923,0,0,0,0,1,4498,0,341,0,341
318501,Playing,2035712,5770,0,0,0,0,1,4499,90,341,90,341
318750,Playing,2056192,5828,0,0,0,0,1,4503,0,341,0,341
319061,Playing,2051072,5813,0,0,0,0,1,4507,95,341,95,341
319309,Playing,2025472,5741,0,0,0,0,1,4512,0,341,0,341
319558,Playing,2018304,5720,0,0,0,0,1,4515,177,341,177,341
319807,Playing,2074624,5880,0,0,0,0,1,4520,0,341,0,341
320057,Playing,2067456,5860,0,0,0,0,1,4523,0,341,0,341
320305,Playing,2032640,5761,0,0,0,0,1,4525,0,341,0,341
320553,Playing,2033664,5764,0,0,0,0,1,4528,0,341,0,341
320803,Playing,2054144,5822,0,0,0,0,1,4532,88,341,88,341
321053,Playing,2074624,5880,0,0,0,0,1,4536,0,341,0,341
321301,Playing,2020352,5726,0,0,0,0,1,4537,175,341,175,341
321550,Playing,2040832,5784,0,0,0,0,1,4541,0,341,0,341
321797,Playing,2042880,5790,0,0,0,0,1,4547,0,341,13,341
322044,Playing,1970176,5584,0,0,0,0,1,4548,97,341,97,341
322295,Playing,1990656,5642,0,0,0,0,1,4552,0,341,0,341
322545,Playing,1983488,5622,0,0,0,0,1,4555,95,341,95,341
322794,Playing,2012160,5703,0,0,0,0,1,4559,175,341,175,341
323045,Playing,1977344,5604,0,0,0,0,1,4561,0,341,0,341
323293,Playing,1997824,5662,0,0,0,0,1,4565,0,341,0,341
323539,Playing,1998848,5665,0,0,0,0,1,4568,94,341,94,341
323786,Playing,2019328,5723,0,0,0,0,1,4572,0,341,0,341
324034,Playing,1956864,5546,0,0,0,0,1,4573,95,341,95,341
324282,Playing,1985536,5627,0,0,0,0,1,4577,95,341,95,341
324530,Playing,2006016,5685,0,0,0,0,1,4581,15,341,15,341
324780,Playing,1952768,5535,0,0,0,0,1,4583,175,341,175,341
325028,Playing,1935360,5485,0,0,0,0,1,4588,91,341,92,341
325278,Playing,1955840,5543,0,0,0,0,1,4592,0,341,0,341
325527,Playing,1948672,5523,0,0,0,0,1,4595,94,341,94,341
325776,Playing,1977344,5604,0,0,0,0,1,4599,93,341,93,341
326028,Playing,1942528,5506,0,0,0,0,1,4601,0,341,0,341
326273,Playing,1963008,5564,0,0,0,0,1,4605,0,341,0,341
326521,Playing,1964032,5566,0,0,0,0,1,4608,95,341,95,341
326771,Playing,1984512,5625,0,0,0,0,1,4612,15,341,15,341
327018,Playing,1977344,5604,0,0,0,0,1,4615,96,341,96,341
327268,Playing,2006016,5685,0,0,0,0,1,4619,0,341,0,341
327516,Playing,1952768,5535,0,0,0,0,1,4623,1,341,18,341
327765,Playing,1927168,5462,0,0,0,0,1,4626,0,341,0,341
328015,Playing,1947648,5520,0,0,0,0,1,4630,0,341,0,341
328263,Playing,1976320,5601,0,0,0,0,1,4634,0,341,0,341
328510,Playing,1913856,5424,0,0,0,0,1,4635,176,341,176,341
328759,Playing,1961984,5561,0,0,0,0,1,4640,0,341,0,341
329008,Playing,1963008,5564,0,0,0,0,1,4643,0,341,0,341
329255,Playing,1955840,5543,0,0,0,0,1,4646,0,341,0,341
329504,Playing,1929216,5468,0,0,0,0,1,4648,0,341,0,341
329750,Playing,1922048,5447,0,0,0,0,1,4651,175,341,175,341
330062,Playing,1926144,5459,0,0,0,0,1,4655,94,341,95,341
330307,Playing,1918976,5439,0,0,0,0,1,4661,0,341,14,341
330557,Playing,1939456,5497,0,0,0,0,1,4665,0,341,0,341
330804,Playing,1940480,5500,0,0,0,0,1,4668,0,341,0,341
331053,Playing,1905664,5401,0,0,0,0,1,4670,0,341,0,341
331301,Playing,1898496,5381,0,0,0,0,1,4673,175,341,175,341
331549,Playing,1927168,5462,0,0,0,0,1,4677,94,341,94,341
331796,Playing,1892352,5363,0,0,0,0,1,4679,1,341,1,341
332044,Playing,1893376,5366,0,0,0,0,1,4682,173,341,173,341
332291,Playing,1941504,5503,0,0,0,0,1,4687,1,341,1,341
332539,Playing,1961984,5561,0,0,0,0,1,4691,0,341,0,341
332789,Playing,1880064,5328,0,0,0,0,1,4691,0,341,0,341
333039,Playing,1928192,5465,0,0,0,0,1,4696,0,341,0,341
333287,Playing,1893376,5366,0,0,0,0,1,4701,0,341,0,341
333533,Playing,1894400,5369,0,0,0,0,1,4704,0,341,0,341
333783,Playing,1859584,5270,0,0,0,0,1,4706,0,341,0,341
334032,Playing,1880064,5328,0,0,0,0,1,4710,173,341,173,341
334279,Playing,1881088,5331,0,0,0,0,1,4713,175,341,175,341
334529,Playing,1929216,5468,0,0,0,0,1,4718,0,341,0,341
334780,Playing,1866752,5291,0,0,0,0,1,4719,177,341,177,341
335029,Playing,1887232,5349,0,0,0,0,1,4723,0,341,0,341
335276,Playing,1888256,5352,0,0,0,0,1,4726,0,341,0,341
335525,Playing,1881088,5331,0,0,0,0,1,4729,14,341,14,341
335773,Playing,1873920,5311,0,0,0,0,1,4732,0,341,0,341
336023,Playing,1847296,5236,0,0,0,0,1,4737,0,341,14,341
336269,Playing,1867776,5294,0,0,0,0,1,4741,0,341,0,341
336516,Playing,1832960,5195,0,0,0,0,1,4743,0,341,0,341
336765,Playing,1833984,5198,0,0,0,0,1,4746,95,341,95,341
337013,Playing,1854464,5256,0,0,0,0,1,4750,95,341,95,341
337260,Playing,1874944,5314,0,0,0,0,1,4754,1,341,1,341
337509,Playing,1848320,5239,0,0,0,0,1,4756,0,341,0,341
337759,Playing,1841152,5218,0,0,0,0,1,4759,0,341,0,341
338007,Playing,1861632,5276,0,0,0,0,1,4763,0,341,0,341
338257,Playing,1862656,5279,0,0,0,0,1,4766,96,341,96,341
338505,Playing,1827840,5180,0,0,0,0,1,4768,0,341,0,341
338754,Playing,1839104,5212,0,0,0,0,1,4774,0,341,14,341
339004,Playing,1813504,5140,0,0,0,0,1,4777,96,341,96,341
339253,Playing,1869824,5299,0,0,0,0,1,4782,0,341,0,341
339501,Playing,1779712,5044,0,0,0,0,1,4782,0,341,0,341
339811,Playing,1839104,5212,0,0,0,0,1,4788,175,341,175,341
340059,Playing,1804288,5114,0,0,0,0,1,4790,0,341,0,341
340311,Playing,1824768,5172,0,0,0,0,1,4794,0,341,0,341
340560,Playing,1825792,5175,0,0,0,0,1,4797,14,341,14,341
340807,Playing,1846272,5233,0,0,0,0,1,4801,0,341,0,341
341058,Playing,1866752,5291,0,0,0,0,1,4805,0,341,0,341
341304,Playing,1867776,5294,0,0,0,0,1,4808,14,341,14,341
341553,Playing,1823744,5169,0,0,0,0,1,4812,0,341,13,341
341799,Playing,1825792,5175,0,0,0,0,1,4816,0,341,0,341
342049,Playing,1826816,5178,0,0,0,0,1,4819,176,341,176,341
342299,Playing,1764352,5000,0,0,0,0,1,4820,91,341,91,341
342546,Playing,1784832,5059,0,0,0,0,1,4824,173,341,173,341
342798,Playing,1805312,5117,0,0,0,0,1,4828,172,341,172,341
343046,Playing,1833984,5198,0,0,0,0,1,4832,0,341,0,341
343294,Playing,1854464,5256,0,0,0,0,1,4836,0,341,0,341
343544,Playing,1819648,5157,0,0,0,0,1,4838,0,341,0,341
343790,Playing,1820672,5160,0,0,0,0,1,4841,0,341,0,341
344039,Playing,1813504,5140,0,0,0,0,1,4844,93,341,93,341
344287,Playing,1832960,5195,0,0,0,0,1,4848,93,341,93,341
344535,Playing,1779712,5044,0,0,0,0,1,4852,0,341,0,341
344784,Playing,1772544,5024,0,0,0,0,1,4855,174,341,174,341
345036,Playing,1793024,5082,0,0,0,0,1,4859,95,341,95,341
345283,Playing,1821696,5163,0,0,0,0,1,4863,0,341,0,341
345533,Playing,1786880,5064,0,0,0,0,1,4865,0,341,0,341
345780,Playing,1807360,5122,0,0,0,0,1,4869,0,341,0,341
346030,Playing,1808384,5125,0,0,0,0,1,4872,0,341,0,341
346279,Playing,1801216,5105,0,0,0,0,1,4875,95,341,95,341
346528,Playing,1794048,5085,0,0,0,0,1,4878,0,341,0,341
346776,Playing,1795072,5088,0,0,0,0,1,4881,0,341,0,341
347025,Playing,1787904,5067,0,0,0,0,1,4884,95,341,96,341
347275,Playing,1799168,5099,0,0,0,0,1,4891,0,341,0,341
347524,Playing,1736704,4922,0,0,0,0,1,4892,175,341,175,341
347771,Playing,1765376,5003,0,0,0,0,1,4896,0,341,0,341
348021,Playing,1758208,4983,0,0,0,0,1,4899,0,341,0,341
348271,Playing,1751040,4963,0,0,0,0,1,4902,0,341,0,341
348519,Playing,1752064,4966,0,0,0,0,1,4905,0,341,0,341
348764,Playing,1744896,4945,0,0,0,0,1,4908,0,341,0,341
349013,Playing,1773568,5027,0,0,0,0,1,4912,174,341,175,341
349261,Playing,1738752,4928,0,0,0,0,1,4914,0,341,0,341
349511,Playing,1731584,4908,0,0,0,0,1,4917,94,341,94,341
349759,Playing,1760256,4989,0,0,0,0,1,4921,173,341,173,341
350007,Playing,1734656,4916,0,0,0,0,1,4924,177,341,177,341
350255,Playing,1681408,4765,0,0,0,0,1,4928,95,341,95,341
350507,Playing,1729536,4902,0,0,0,0,1,4933,13,341,13,341
350757,Playing,1730560,4905,0,0,0,0,1,4936,13,341,13,341
351005,Playing,1723392,4884,0,0,0,0,1,4939,89,341,90,341
351254,Playing,1716224,4864,0,0,0,0,1,4942,0,341,0,341
351506,Playing,1717248,4867,0,0,0,0,1,4945,0,341,0,341
351755,Playing,1710080,4847,0,0,0,0,1,4948,92,341,92,341
352005,Playing,1675264,4748,0,0,0,0,1,4950,0,341,0,341
352252,Playing,1676288,4751,0,0,0,0,1,4953,0,341,0,341
352559,Playing,1727488,4896,0,0,0,0,1,4959,94,341,94,341
352807,Playing,1710080,4847,0,0,0,0,1,4964,0,341,12,341
353056,Playing,1684480,4774,0,0,0,0,1,4967,178,341,178,341
353308,Playing,1704960,4832,0,0,0,0,1,4971,0,341,0,341
353554,Playing,1650688,4678,0,0,0,0,1,4972,94,341,94,341
353804,Playing,1643520,4658,0,0,0,0,1,4975,0,341,0,341
354057,Playing,1691648,4794,0,0,0,0,1,4980,0,341,0,341
354304,Playing,1712128,4852,0,0,0,0,1,4984,0,341,0,341
354551,Playing,1713152,4855,0,0,0,0,1,4987,0,341,0,341
354798,Playing,1678336,4757,0,0,0,0,1,4989,0,341,0,341
355046,Playing,1671168,4736,0,0,0,0,1,4992,0,341,0,341
355299,Playing,1672192,4739,0,0,0,0,1,4995,173,341,173,341
355549,Playing,1692672,4797,0,0,0,0,1,5002,0,341,13,341
355798,Playing,1630208,4620,0,0,0,0,1,5003,95,341,96,341
356046,Playing,1658880,4702,0,0,0,0,1,5007,176,341,176,341
356296,Playing,1651712,4681,0,0,0,0,1,5010,176,341,176,341
356544,Playing,1672192,4739,0,0,0,0,1,5014,0,341,0,341
356794,Playing,1645568,4664,0,0,0,0,1,5016,0,341,0,341
357043,Playing,1666048,4722,0,0,0,0,1,5020,14,341,14,341
357290,Playing,1658880,4702,0,0,0,0,1,5023,0,341,0,341
357541,Playing,1651712,4681,0,0,0,0,1,5026,0,341,0,341
357788,Playing,1652736,4684,0,0,0,0,1,5029,0,341,0,341
358034,Playing,1645568,4664,0,0,0,0,1,5032,15,341,15,341
358282,Playing,1674240,4745,0,0,0,0,1,5036,0,341,0,341
358530,Playing,1667072,4725,0,0,0,0,1,5042,0,341,0,341
358779,Playing,1604608,4548,0,0,0,0,1,5043,172,341,172,341
359028,Playing,1633280,4629,0,0,0,0,1,5047,0,341,0,341
359275,Playing,1653760,4687,0,0,0,0,1,5051,0,341,0,341
359521,Playing,1618944,4588,0,0,0,0,1,5053,0,341,0,341
359769,Playing,1619968,4591,0,0,0,0,1,5056,0,341,0,341
360019,Playing,1640448,4649,0,0,0,0,1,5060,0,341,0,341
360271,Playing,1660928,4707,0,0,0,0,1,5064,0,341,1,341
360520,Playing,1661952,4710,0,0,0,0,1,5067,0,341,0,341
360767,Playing,1627136,4612,0,0,0,0,1,5069,0,341,0,341
361016,Playing,1647616,4670,0,0,0,0,1,5073,0,341,0,341
361266,Playing,1620992,4594,0,0,0,0,1,5078,0,341,13,341
361511,Playing,1641472,4652,0,0,0,0,1,5082,0,341,0,341
361761,Playing,1606656,4554,0,0,0,0,1,5084,0,341,0,341
362012,Playing,1607680,4556,0,0,0,0,1,5087,0,341,0,341
362259,Playing,1628160,4614,0,0,0,0,1,5091,0,341,0,341
362509,Playing,1648640,4673,0,0,0,0,1,5095,5,341,5,341
362759,Playing,1641472,4652,0,0,0,0,1,5098,1,341,1,341
363009,Playing,1587200,4498,0,0,0,0,1,5099,173,341,174,341
363260,Playing,1607680,4556,0,0,0,0,1,5103,91,341,91,341
363511,Playing,1628160,4614,0,0,0,0,1,5107,0,341,0,341
363757,Playing,1656832,4696,0,0,0,0,1,5111,92,341,92,341
364005,Playing,1612800,4571,0,0,0,0,1,5115,0,341,12,341
364252,Playing,1587200,4498,0,0,0,0,1,5118,93,341,93,341
364503,Playing,1607680,4556,0,0,0,0,1,5122,0,341,0,341
364752,Playing,1636352,4638,0,0,0,0,1,5126,0,341,0,341
365061,Playing,1557504,4414,0,0,0,0,1,5127,176,341,176,341
365308,Playing,1577984,4472,0,0,0,0,1,5131,0,341,0,341
365557,Playing,1598464,4530,0,0,0,0,1,5135,0,341,0,341
365805,Playing,1599488,4533,0,0,0,0,1,5138,0,341,0,341
366054,Playing,1619968,4591,0,0,0,0,1,5142,14,341,14,341
366303,Playing,1640448,4649,0,0,0,0,1,5146,1,341,1,341
366552,Playing,1558528,4417,0,0,0,0,1,5146,1,341,1,341
366799,Playing,1597440,4527,0,0,0,0,1,5153,0,341,10,341
367047,Playing,1599488,4533,0,0,0,0,1,5157,0,341,0,341
367297,Playing,1600512,4536,0,0,0,0,1,5160,95,341,95,341
367545,Playing,1538048,4359,0,0,0,0,1,5161,174,341,174,341
367791,Playing,1558528,4417,0,0,0,0,1,5165,94,341,94,341
368041,Playing,1559552,4420,0,0,0,0,1,5168,94,341,94,341
368291,Playing,1552384,4400,0,0,0,0,1,5171,0,341,0,341
368540,Playing,1545216,4379,0,0,0,0,1,5174,0,341,0,341
368792,Playing,1538048,4359,0,0,0,0,1,5177,0,341,0,341
369039,Playing,1539072,4362,0,0,0,0,1,5180,0,341,0,341
369290,Playing,1559552,4420,0,0,0,0,1,5184,0,341,0,341
369538,Playing,1552384,4400,0,0,0,0,1,5187,0,341,0,341
369787,Playing,1553408,4403,0,0,0,0,1,5193,0,341,0,341
370033,Playing,1546240,4382,0,0,0,0,1,5196,94,341,94,341
370282,Playing,1539072,4362,0,0,0,0,1,5199,0,341,0,341
370532,Playing,1540096,4365,0,0,0,0,1,5202,0,341,0,341
370782,Playing,1560576,4423,0,0,0,0,1,5206,14,341,15,341
371034,Playing,1553408,4403,0,0,0,0,1,5209,0,341,0,341
371282,Playing,1499136,4249,0,0,0,0,1,5210,179,341,179,341
371532,Playing,1547264,4385,0,0,0,0,1,5215,1,341,1,341
371778,Playing,1567744,4443,0,0,0,0,1,5219,0,341,0,341
372029,Playing,1532928,4345,0,0,0,0,1,5221,95,341,95,341
372277,Playing,1533952,4347,0,0,0,0,1,5224,0,341,0,341
372500,Playing,1516544,4298,0,0,0,0,1,5229,0,341,15,341
372807,Playing,1502208,4257,0,0,0,0,1,5233,0,341,0,341
373040,Playing,1530880,4339,0,0,0,0,1,5237,0,341,0,341
373277,Playing,1531904,4342,0,0,0,0,1,5240,0,341,0,341
373524,Playing,1497088,4243,0,0,0,0,1,5242,173,341,173,341
373773,Playing,1517568,4301,0,0,0,0,1,5246,0,341,0,341
374021,Playing,1518592,4304,0,0,0,0,1,5249,88,341,88,341
374270,Playing,1511424,4284,0,0,0,0,1,5252,95,341,96,341
374521,Playing,1504256,4263,0,0,0,0,1,5255,0,341,0,341
374770,Playing,1505280,4266,0,0,0,0,1,5258,175,341,175,341
375019,Playing,1525760,4324,0,0,0,0,1,5262,0,341,1,341
375267,Playing,1463296,4147,0,0,0,0,1,5263,174,341,174,341
375517,Playing,1455104,4124,0,0,0,0,1,5269,176,341,176,341
375767,Playing,1447936,4104,0,0,0,0,1,5272,174,341,174,341
376016,Playing,1496064,4240,0,0,0,0,1,5277,0,341,0,341
376265,Playing,1461248,4141,0,0,0,0,1,5279,0,341,0,341
376513,Playing,1489920,4223,0,0,0,0,1,5283,0,341,0,341
376761,Playing,1455104,4124,0,0,0,0,1,5285,174,341,174,341
377007,Playing,1483776,4205,0,0,0,0,1,5289,177,341,177,341
377255,Playing,1448960,4107,0,0,0,0,1,5291,0,341,0,341
377503,Playing,1441792,4086,0,0,0,0,1,5294,178,341,178,341
377752,Playing,1470464,4167,0,0,0,0,1,5298,172,341,172,341
378061,Playing,1466368,4156,0,0,0,0,1,5302,0,341,0,341
378309,Playing,1430528,4054,0,0,0,0,1,5307,95,341,95,341
378557,Playing,1451008,4112,0,0,0,0,1,5311,93,341,93,341
378811,Playing,1416192,4014,0,0,0,0,1,5313,0,341,0,341
379059,Playing,1409024,3993,0,0,0,0,1,5316,174,341,174,341
379309,Playing,1437696,4075,0,0,0,0,1,5320,175,341,175,341
379559,Playing,1458176,4133,0,0,0,0,1,5324,0,341,0,341
379807,Playing,1451008,4112,0,0,0,0,1,5327,96,341,96,341
380057,Playing,1424384,4037,0,0,0,0,1,5329,0,341,0,341
380304,Playing,1444864,4095,0,0,0,0,1,5333,0,341,0,341
380553,Playing,1437696,4075,0,0,0,0,1,5336,96,341,96,341
380801,Playing,1438720,4078,0,0,0,0,1,5339,0,341,0,341
381049,Playing,1403904,3979,0,0,0,0,1,5344,0,341,0,341
381296,Playing,1404928,3982,0,0,0,0,1,5347,176,341,176,341
381544,Playing,1425408,4040,0,0,0,0,1,5351,0,341,0,341
381792,Playing,1418240,4019,0,0,0,0,1,5354,95,341,96,341
382048,Playing,1383424,3921,0,0,0,0,1,5356,0,341,0,341
382294,Playing,1412096,4002,0,0,0,0,1,5360,0,341,0,341
382546,Playing,1432576,4060,0,0,0,0,1,5364,0,341,0,341
382794,Playing,1425408,4040,0,0,0,0,1,5367,96,341,96,341
383042,Playing,1398784,3964,0,0,0,0,1,5369,0,341,0,341
383291,Playing,1391616,3944,0,0,0,0,1,5372,174,341,174,341
383541,Playing,1412096,4002,0,0,0,0,1,5376,0,341,0,341
383787,Playing,1385472,3927,0,0,0,0,1,5379,92,341,92,341
384036,Playing,1350656,3828,0,0,0,0,1,5383,94,341,94,341
384283,Playing,1371136,3886,0,0,0,0,1,5387,177,341,177,341
384532,Playing,1399808,3967,0,0,0,0,1,5391,0,341,0,341
384781,Playing,1364992,3869,0,0,0,0,1,5393,13,341,13,341
385029,Playing,1385472,3927,0,0,0,0,1,5397,0,341,0,341
385280,Playing,1386496,3929,0,0,0,0,1,5400,14,341,14,341
385528,Playing,1379328,3909,0,0,0,0,1,5403,93,341,93,341
385777,Playing,1372160,3889,0,0,0,0,1,5406,0,341,0,341
386027,Playing,1364992,3869,0,0,0,0,1,5409,1,341,1,341
386275,Playing,1393664,3950,0,0,0,0,1,5413,0,341,0,341
386523,Playing,1386496,3929,0,0,0,0,1,5416,0,341,0,341
386773,Playing,1379328,3909,0,0,0,0,1,5422,0,341,0,341
387022,Playing,1352704,3834,0,0,0,0,1,5424,0,341,0,341
387271,Playing,1373184,3892,0,0,0,0,1,5428,0,341,0,341
387519,Playing,1366016,3871,0,0,0,0,1,5431,0,341,0,341
387769,Playing,1394688,3953,0,0,0,0,1,5435,13,341,13,341
388017,Playing,1387520,3932,0,0,0,0,1,5438,0,341,0,341
388264,Playing,1352704,3834,0,0,0,0,1,5440,0,341,0,341
388513,Playing,1353728,3837,0,0,0,0,1,5443,175,341,175,341
388761,Playing,1401856,3973,0,0,0,0,1,5448,4,341,4,341
389012,Playing,1394688,3953,0,0,0,0,1,5451,7,341,7,341
389260,Playing,1368064,3877,0,0,0,0,1,5453,0,341,0,341
389508,Playing,1333248,3779,0,0,0,0,1,5458,95,341,95,341
389758,Playing,1353728,3837,0,0,0,0,1,5462,0,341,0,341
390003,Playing,1327104,3761,0,0,0,0,1,5464,0,341,0,341
390252,Playing,1319936,3741,0,0,0,0,1,5467,0,341,0,341
390500,Playing,1340416,3799,0,0,0,0,1,5471,173,341,173,341
390811,Playing,1344512,3810,0,0,0,0,1,5475,0,341,0,341
391060,Playing,1337344,3790,0,0,0,0,1,5478,93,341,93,341
391309,Playing,1366016,3871,0,0,0,0,1,5482,0,341,0,341
391558,Playing,1386496,3929,0,0,0,0,1,5486,0,341,0,341
391807,Playing,1324032,3752,0,0,0,0,1,5487,174,341,174,341
392059,Playing,1344512,3810,0,0,0,0,1,5491,175,341,175,341
392307,Playing,1345536,3813,0,0,0,0,1,5497,0,341,0,341
392555,Playing,1283072,3636,0,0,0,0,1,5498,175,341,175,341
392805,Playing,1303552,3694,0,0,0,0,1,5502,0,341,0,341
393054,Playing,1332224,3776,0,0,0,0,1,5506,0,341,0,341
393303,Playing,1325056,3755,0,0,0,0,1,5509,94,341,94,341
393551,Playing,1317888,3735,0,0,0,0,1,5512,0,341,0,341
393799,Playing,1318912,3738,0,0,0,0,1,5515,0,341,0,341
394048,Playing,1311744,3718,0,0,0,0,1,5518,176,341,176,341
394295,Playing,1276928,3619,0,0,0,0,1,5520,14,341,14,341
394544,Playing,1305600,3700,0,0,0,0,1,5524,0,341,0,341
394793,Playing,1298432,3680,0,0,0,0,1,5527,174,341,174,341
395043,Playing,1318912,3738,0,0,0,0,1,5534,0,341,0,341
395291,Playing,1228800,3482,0,0,0,0,1,5534,0,341,0,341
395541,Playing,1285120,3642,0,0,0,0,1,5539,0,341,0,341
395789,Playing,1277952,3622,0,0,0,0,1,5542,0,341,0,341
396037,Playing,1278976,3625,0,0,0,0,1,5545,176,341,176,341
396287,Playing,1299456,3683,0,0,0,0,1,5549,0,341,0,341
396537,Playing,1264640,3584,0,0,0,0,1,5551,0,341,0,341
396787,Playing,1257472,3564,0,0,0,0,1,5554,174,341,174,341
397035,Playing,1313792,3723,0,0,0,0,1,5559,0,341,0,341
397284,Playing,1306624,3703,0,0,0,0,1,5562,0,341,0,341
397534,Playing,1271808,3604,0,0,0,0,1,5564,0,341,0,341
397780,Playing,1272832,3607,0,0,0,0,1,5567,176,341,176,341
398027,Playing,1256448,3561,0,0,0,0,1,5573,0,341,0,341
398275,Playing,1221632,3462,0,0,0,0,1,5575,0,341,0,341
398524,Playing,1222656,3465,0,0,0,0,1,5578,95,341,95,341
398773,Playing,1243136,3523,0,0,0,0,1,5582,95,341,95,341
399020,Playing,1235968,3503,0,0,0,0,1,5585,175,341,175,341
399269,Playing,1264640,3584,0,0,0,0,1,5589,0,341,0,341
399519,Playing,1229824,3485,0,0,0,0,1,5591,0,341,0,341
399766,Playing,1250304,3543,0,0,0,0,1,5595,0,341,0,341
400015,Playing,1278976,3625,0,0,0,0,1,5599,0,341,0,341
400266,Playing,1271808,3604,0,0,0,0,1,5602,0,341,0,341
400516,Playing,1236992,3506,0,0,0,0,1,5604,0,341,0,341
400765,Playing,1192960,3381,0,0,0,0,1,5609,93,341,93,341
401016,Playing,1221632,3462,0,0,0,0,1,5613,174,341,174,341
401265,Playing,1242112,3520,0,0,0,0,1,5617,0,341,0,341
401514,Playing,1179648,3343,0,0,0,0,1,5618,94,341,94,341
401764,Playing,1208320,3424,0,0,0,0,1,5622,94,341,95,341
402014,Playing,1228800,3482,0,0,0,0,1,5626,0,341,0,341
402262,Playing,1221632,3462,0,0,0,0,1,5629,175,341,175,341
402512,Playing,1195008,3387,0,0,0,0,1,5631,0,341,0,341
402760,Playing,1215488,3445,0,0,0,0,1,5635,14,341,14,341
403009,Playing,1208320,3424,0,0,0,0,1,5638,15,341,15,341
403256,Playing,1236992,3506,0,0,0,0,1,5642,94,341,94,341
403506,Playing,1174528,3329,0,0,0,0,1,5643,174,341,174,341
403755,Playing,1158144,3282,0,0,0,0,1,5649,96,341,96,341
404004,Playing,1178624,3340,0,0,0,0,1,5653,0,341,0,341
404253,Playing,1207296,3422,0,0,0,0,1,5657,18,341,18,341
404504,Playing,1200128,3401,0,0,0,0,1,5660,2,341,2,341
404756,Playing,1220608,3459,0,0,0,0,1,5664,89,341,89,341
405003,Playing,1166336,3305,0,0,0,0,1,5665,176,341,176,341
405252,Playing,1186816,3363,0,0,0,0,1,5669,89,341,89,341
405501,Playing,1207296,3422,0,0,0,0,1,5673,0,341,0,341
405812,Playing,1211392,3433,0,0,0,0,1,5677,0,341,0,341
406000,Playing,1173504,3326,0,0,0,0,1,5678,175,341,175,341
406250,Playing,1193984,3384,0,0,0,0,1,5685,1,341,1,341
406561,Playing,1142784,3239,0,0,0,0,1,5687,0,341,0,341
406810,Playing,1163264,3297,0,0,0,0,1,5691,94,341,94,341
407059,Playing,1183744,3355,0,0,0,0,1,5695,0,341,1,341
407309,Playing,1212416,3436,0,0,0,0,1,5699,11,341,12,341
407557,Playing,1149952,3259,0,0,0,0,1,5700,176,341,176,341
407806,Playing,1170432,3317,0,0,0,0,1,5704,0,341,0,341
408056,Playing,1163264,3297,0,0,0,0,1,5707,0,341,0,341
408303,Playing,1191936,3378,0,0,0,0,1,5711,0,341,0,341
408552,Playing,1129472,3201,0,0,0,0,1,5712,174,341,174,341
408801,Playing,1149952,3259,0,0,0,0,1,5716,93,341,93,341
409052,Playing,1150976,3262,0,0,0,0,1,5722,0,341,14,341
409298,Playing,1171456,3320,0,0,0,0,1,5726,0,341,0,341
409545,Playing,1144832,3244,0,0,0,0,1,5728,0,341,0,341
409796,Playing,1137664,3224,0,0,0,0,1,5731,0,341,0,341
410045,Playing,1158144,3282,0,0,0,0,1,5735,0,341,0,341
410296,Playing,1150976,3262,0,0,0,0,1,5738,0,341,0,341
410546,Playing,1124352,3186,0,0,0,0,1,5740,0,341,0,341
410795,Playing,1144832,3244,0,0,0,0,1,5744,0,341,0,341
411044,Playing,1137664,3224,0,0,0,0,1,5747,94,341,94,341
411294,Playing,1166336,3305,0,0,0,0,1,5751,0,341,0,341
411544,Playing,1131520,3207,0,0,0,0,1,5753,0,341,0,341
411795,Playing,1124352,3186,0,0,0,0,1,5756,177,341,177,341
412041,Playing,1125376,3189,0,0,0,0,1,5762,0,341,0,341
412289,Playing,1145856,3247,0,0,0,0,1,5766,2,341,2,341
412537,Playing,1111040,3149,0,0,0,0,1,5768,0,341,0,341
412787,Playing,1112064,3152,0,0,0,0,1,5771,0,341,0,341
413035,Playing,1104896,3131,0,0,0,0,1,5774,177,341,177,341
413283,Playing,1125376,3189,0,0,0,0,1,5778,0,341,0,341
413532,Playing,1090560,3091,0,0,0,0,1,5780,0,341,0,341
413781,Playing,1091584,3094,0,0,0,0,1,5783,0,341,0,341
414029,Playing,1112064,3152,0,0,0,0,1,5787,176,341,176,341
414277,Playing,1140736,3233,0,0,0,0,1,5791,0,341,0,341
414527,Playing,1105920,3134,0,0,0,0,1,5793,0,341,0,341
414774,Playing,1071104,3036,0,0,0,0,1,5798,0,341,0,341
415021,Playing,1099776,3117,0,0,0,0,1,5802,0,341,0,341
415271,Playing,1092608,3096,0,0,0,0,1,5805,0,341,0,341
415519,Playing,1085440,3076,0,0,0,0,1,5808,14,341,14,341
415767,Playing,1086464,3079,0,0,0,0,1,5811,174,341,174,341
416016,Playing,1106944,3137,0,0,0,0,1,5815,0,341,0,341
416264,Playing,1044480,2960,0,0,0,0,1,5816,95,341,95,341
416511,Playing,1073152,3041,0,0,0,0,1,5820,92,341,92,341
416760,Playing,1093632,3099,0,0,0,0,1,5824,0,341,0,341
417009,Playing,1114112,3157,0,0,0,0,1,5828,0,341,0,341
417257,Playing,1059840,3004,0,0,0,0,1,5829,93,341,93,341
417504,Playing,1071104,3036,0,0,0,0,1,5835,0,341,14,341
417756,Playing,1045504,2963,0,0,0,0,1,5838,95,341,95,341
418004,Playing,1065984,3021,0,0,0,0,1,5842,14,341,14,341
418254,Playing,1067008,3024,0,0,0,0,1,5845,95,341,95,341
418504,Playing,1059840,3004,0,0,0,0,1,5848,0,341,0,341
418754,Playing,1052672,2983,0,0,0,0,1,5851,95,341,95,341
419001,Playing,1081344,3065,0,0,0,0,1,5855,1,341,1,341
419250,Playing,1074176,3044,0,0,0,0,1,5858,93,341,93,341
419562,Playing,1078272,3056,0,0,0,0,1,5862,0,341,0,341
419809,Playing,1043456,2957,0,0,0,0,1,5864,0,341,0,341
420058,Playing,1036288,2937,0,0,0,0,1,5867,95,341,95,341
420307,Playing,1037312,2940,0,0,0,0,1,5870,0,341,0,341
420558,Playing,1057792,2998,0,0,0,0,1,5877,0,341,0,341
420807,Playing,995328,2821,0,0,0,0,1,5878,94,341,94,341
421057,Playing,1015808,2879,0,0,0,0,1,5882,14,341,14,341
421306,Playing,1016832,2882,0,0,0,0,1,5885,95,341,95,341
421553,Playing,1037312,2940,0,0,0,0,1,5889,94,341,94,341
421802,Playing,1030144,2919,0,0,0,0,1,5892,0,341,0,341
422053,Playing,1022976,2899,0,0,0,0,1,5895,0,341,0,341
422303,Playing,1051648,2980,0,0,0,0,1,5899,0,341,0,341
422551,Playing,1044480,2960,0,0,0,0,1,5902,0,341,0,341
422802,Playing,1037312,2940,0,0,0,0,1,5905,175,341,175,341
423050,Playing,1010688,2864,0,0,0,0,1,5907,0,341,0,341
423299,Playing,994304,2818,0,0,0,0,1,5913,0,341,0,341
423552,Playing,1014784,2876,0,0,0,0,1,5917,0,341,0,341
423802,Playing,1007616,2856,0,0,0,0,1,5920,177,341,177,341
424051,Playing,980992,2780,0,0,0,0,1,5922,0,341,0,341
424303,Playing,973824,2760,0,0,0,0,1,5925,93,341,93,341
424553,Playing,994304,2818,0,0,0,0,1,5929,0,341,0,341
424801,Playing,1014784,2876,0,0,0,0,1,5933,0,341,0,341
425050,Playing,988160,2800,0,0,0,0,1,5935,0,341,0,341
425302,Playing,1008640,2858,0,0,0,0,1,5939,0,341,0,341
425550,Playing,1001472,2838,0,0,0,0,1,5942,0,341,0,341
425799,Playing,994304,2818,0,0,0,0,1,5945,174,341,174,341
426047,Playing,958464,2716,0,0,0,0,1,5950,0,341,0,341
426296,Playing,951296,2696,0,0,0,0,1,5953,0,341,0,341
426543,Playing,952320,2699,0,0,0,0,1,5956,178,341,178,341
426792,Playing,1000448,2835,0,0,0,0,1,5961,0,341,0,341
427040,Playing,993280,2815,0,0,0,0,1,5964,0,341,0,341
427289,Playing,958464,2716,0,0,0,0,1,5966,0,341,0,341
427537,Playing,959488,2719,0,0,0,0,1,5969,0,341,0,341
427785,Playing,979968,2777,0,0,0,0,1,5973,0,341,0,341
428034,Playing,972800,2757,0,0,0,0,1,5976,0,341,0,341
428285,Playing,973824,2760,0,0,0,0,1,5979,0,341,0,341
428533,Playing,939008,2661,0,0,0,0,1,5981,176,341,176,341
428783,Playing,950272,2693,0,0,0,0,1,5988,1,341,1,341
429032,Playing,951296,2696,0,0,0,0,1,5991,0,341,0,341
429280,Playing,916480,2597,0,0,0,0,1,5993,0,341,0,341
429531,Playing,909312,2577,0,0,0,0,1,5996,174,341,174,341
429780,Playing,957440,2713,0,0,0,0,1,6001,0,341,0,341
430029,Playing,930816,2638,0,0,0,0,1,6003,174,341,174,341
430277,Playing,923648,2618,0,0,0,0,1,6006,0,341,0,341
430527,Playing,916480,2597,0,0,0,0,1,6009,0,341,0,341
430774,Playing,945152,2679,0,0,0,0,1,6013,0,341,0,341
431024,Playing,937984,2658,0,0,0,0,1,6016,175,341,175,341
431274,Playing,903168,2560,0,0,0,0,1,6018,0,341,0,341
431523,Playing,923648,2618,0,0,0,0,1,6022,172,341,173,341
431772,Playing,924672,2620,0,0,0,0,1,6028,14,341,14,341
432018,Playing,917504,2600,0,0,0,0,1,6031,0,341,0,341
432267,Playing,890880,2525,0,0,0,0,1,6033,0,341,0,341
432518,Playing,911360,2583,0,0,0,0,1,6037,0,341,0,341
432766,Playing,904192,2562,0,0,0,0,1,6040,0,341,0,341
433016,Playing,924672,2620,0,0,0,0,1,6044,175,341,175,341
433267,Playing,870400,2467,0,0,0,0,1,6045,95,341,95,341
433516,Playing,890880,2525,0,0,0,0,1,6049,96,341,96,341
433765,Playing,911360,2583,0,0,0,0,1,6053,0,341,0,341
434013,Playing,940032,2664,0,0,0,0,1,6057,0,341,0,341
434262,Playing,877568,2487,0,0,0,0,1,6058,93,341,93,341
434515,Playing,898048,2545,0,0,0,0,1,6065,0,341,0,341
434761,Playing,863232,2446,0,0,0,0,1,6067,15,341,15,341
435009,Playing,891904,2528,0,0,0,0,1,6071,0,341,0,341
435304,Playing,896000,2539,0,0,0,0,1,6075,0,341,0,341
435551,Playing,861184,2440,0,0,0,0,1,6077,0,341,0,341
435802,Playing,854016,2420,0,0,0,0,1,6080,93,341,93,341
436052,Playing,882688,2501,0,0,0,0,1,6084,0,341,0,341
436300,Playing,875520,2481,0,0,0,0,1,6087,0,341,0,341
436551,Playing,840704,2382,0,0,0,0,1,6089,0,341,0,341
436800,Playing,861184,2440,0,0,0,0,1,6093,0,341,1,341
437048,Playing,889856,2522,0,0,0,0,1,6097,0,341,0,341
437296,Playing,855040,2423,0,0,0,0,1,6102,0,341,0,341
437543,Playing,820224,2324,0,0,0,0,1,6104,0,341,0,341
437794,Playing,821248,2327,0,0,0,0,1,6107,92,341,92,341
438045,Playing,869376,2464,0,0,0,0,1,6112,0,341,0,341
438293,Playing,862208,2443,0,0,0,0,1,6115,0,341,0,341
438541,Playing,863232,2446,0,0,0,0,1,6118,93,341,93,341
438790,Playing,856064,2426,0,0,0,0,1,6121,0,341,0,341
439037,Playing,848896,2406,0,0,0,0,1,6124,0,341,0,341
439287,Playing,841728,2385,0,0,0,0,1,6127,92,341,92,341
439538,Playing,815104,2310,0,0,0,0,1,6129,0,341,0,341
439784,Playing,835584,2368,0,0,0,0,1,6133,94,341,94,341
440032,Playing,828416,2348,0,0,0,0,1,6139,0,341,0,341
440280,Playing,857088,2429,0,0,0,0,1,6143,0,341,0,341
440529,Playing,849920,2409,0,0,0,0,1,6146,0,341,0,341
440779,Playing,787456,2232,0,0,0,0,1,6147,176,341,176,341
441028,Playing,816128,2313,0,0,0,0,1,6151,0,341,1,341
441276,Playing,808960,2292,0,0,0,0,1,6154,95,341,95,341
441523,Playing,801792,2272,0,0,0,0,1,6157,0,341,0,341
441771,Playing,802816,2275,0,0,0,0,1,6160,93,341,93,341
442023,Playing,823296,2333,0,0,0,0,1,6164,0,341,0,341
442272,Playing,816128,2313,0,0,0,0,1,6167,95,341,95,341
442521,Playing,836608,2371,0,0,0,0,1,6171,0,341,0,341
442769,Playing,828416,2348,0,0,0,0,1,6176,0,341,11,341
443019,Playing,830464,2353,0,0,0,0,1,6180,95,341,95,341
443266,Playing,795648,2255,0,0,0,0,1,6182,0,341,0,341
443515,Playing,796672,2258,0,0,0,0,1,6185,92,341,93,341
443764,Playing,817152,2316,0,0,0,0,1,6189,96,341,96,341
444012,Playing,782336,2217,0,0,0,0,1,6191,0,341,0,341
444257,Playing,811008,2298,0,0,0,0,1,6195,0,341,0,341
444507,Playing,831488,2356,0,0,0,0,1,6199,0,341,0,341
444752,Playing,824320,2336,0,0,0,0,1,6202,0,341,0,341
445001,Playing,825344,2339,0,0,0,0,1,6205,92,341,92,341
445312,Playing,793600,2249,0,0,0,0,1,6208,0,341,0,341
445557,Playing,794624,2252,0,0,0,0,1,6211,0,341,0,341
445807,Playing,759808,2153,0,0,0,0,1,6216,95,341,95,341
446053,Playing,788480,2234,0,0,0,0,1,6220,0,341,0,341
446300,Playing,808960,2292,0,0,0,0,1,6224,0,341,0,341
446548,Playing,774144,2194,0,0,0,0,1,6226,0,341,0,341
446796,Playing,802816,2275,0,0,0,0,1,6230,0,341,0,341
447041,Playing,712704,2020,0,0,0,0,1,6230,0,341,0,341
447287,Playing,769024,2179,0,0,0,0,1,6235,0,341,0,341
447536,Playing,761856,2159,0,0,0,0,1,6238,94,341,94,341
447787,Playing,782336,2217,0,0,0,0,1,6242,1,341,1,341
448037,Playing,719872,2040,0,0,0,0,1,6243,174,341,174,341
448286,Playing,748544,2121,0,0,0,0,1,6247,95,341,96,341
448534,Playing,722944,2049,0,0,0,0,1,6252,0,341,14,341
448783,Playing,752640,2133,0,0,0,0,1,6257,0,341,0,341
449031,Playing,753664,2136,0,0,0,0,1,6260,0,341,0,341
449279,Playing,746496,2115,0,0,0,0,1,6263,94,341,94,341
449527,Playing,739328,2095,0,0,0,0,1,6266,0,341,0,341
449777,Playing,740352,2098,0,0,0,0,1,6269,0,341,0,341
450029,Playing,733184,2078,0,0,0,0,1,6272,95,341,95,341
450274,Playing,726016,2057,0,0,0,0,1,6275,0,341,0,341
450523,Playing,727040,2060,0,0,0,0,1,6278,94,341,94,341
450772,Playing,747520,2118,0,0,0,0,1,6282,0,341,0,341
451020,Playing,768000,2176,0,0,0,0,1,6286,14,341,14,341
451271,Playing,732160,2075,0,0,0,0,1,6291,0,341,0,341
451521,Playing,752640,2133,0,0,0,0,1,6295,94,341,94,341
451774,Playing,717824,2034,0,0,0,0,1,6297,14,341,14,341
452016,Playing,683008,1935,0,0,0,0,1,6299,175,341,175,341
452265,Playing,739328,2095,0,0,0,0,1,6304,0,341,0,341
452515,Playing,676864,1918,0,0,0,0,1,6305,174,341,174,341
452763,Playing,697344,1976,0,0,0,0,1,6309,93,341,93,341
453015,Playing,717824,2034,0,0,0,0,1,6313,0,341,0,341
453265,Playing,746496,2115,0,0,0,0,1,6317,14,341,14,341
453514,Playing,711680,2017,0,0,0,0,1,6319,96,341,96,341
453763,Playing,704512,1996,0,0,0,0,1,6322,0,341,0,341
454011,Playing,705536,1999,0,0,0,0,1,6325,93,341,93,341
454258,Playing,689152,1953,0,0,0,0,1,6331,96,341,96,341
454507,Playing,654336,1854,0,0,0,0,1,6333,0,341,0,341
454760,Playing,647168,1834,0,0,0,0,1,6336,177,341,177,341
455008,Playing,675840,1915,0,0,0,0,1,6340,176,341,176,341
455257,Playing,696320,1973,0,0,0,0,1,6344,0,341,0,341
455506,Playing,689152,1953,0,0,0,0,1,6347,94,341,94,341
455753,Playing,662528,1877,0,0,0,0,1,6349,0,341,0,341
456000,Playing,683008,1935,0,0,0,0,1,6353,0,341,0,341
456311,Playing,659456,1869,0,0,0,0,1,6356,0,341,0,341
456560,Playing,679936,1927,0,0,0,0,1,6360,93,341,93,341
456807,Playing,672768,1906,0,0,0,0,1,6366,0,341,12,341
457054,Playing,618496,1753,0,0,0,0,1,6367,178,341,178,341
457304,Playing,666624,1889,0,0,0,0,1,6372,0,341,0,341
457553,Playing,659456,1869,0,0,0,0,1,6375,0,341,0,341
457803,Playing,660480,1872,0,0,0,0,1,6378,0,341,0,341
458051,Playing,680960,1930,0,0,0,0,1,6382,96,341,96,341
458299,Playing,618496,1753,0,0,0,0,1,6383,174,341,174,341
458550,Playing,666624,1889,0,0,0,0,1,6388,0,341,0,341
458799,Playing,667648,1892,0,0,0,0,1,6391,0,341,0,341
459048,Playing,688128,1950,0,0,0,0,1,6395,0,341,0,341
459298,Playing,625664,1773,0,0,0,0,1,6396,176,341,176,341
459547,Playing,681984,1933,0,0,0,0,1,6401,0,341,0,341
459795,Playing,591872,1677,0,0,0,0,1,6401,0,341,0,341
460045,Playing,640000,1814,0,0,0,0,1,6409,94,341,94,341
460294,Playing,613376,1738,0,0,0,0,1,6411,0,341,0,341
460543,Playing,633856,1796,0,0,0,0,1,6415,0,341,0,341
460791,Playing,654336,1854,0,0,0,0,1,6419,0,341,0,341
461038,Playing,600064,1700,0,0,0,0,1,6420,176,341,176,341
461286,Playing,592896,1680,0,0,0,0,1,6423,0,341,0,341
461536,Playing,641024,1816,0,0,0,0,1,6428,12,341,12,341
461786,Playing,642048,1819,0,0,0,0,1,6431,91,341,91,341
462035,Playing,607232,1721,0,0,0,0,1,6433,0,341,0,341
462283,Playing,600064,1700,0,0,0,0,1,6436,95,341,95,341
462532,Playing,601088,1703,0,0,0,0,1,6442,0,341,0,341
462781,Playing,621568,1761,0,0,0,0,1,6446,96,341,96,341
463031,Playing,586752,1663,0,0,0,0,1,6448,95,341,95,341
463281,Playing,579584,1642,0,0,0,0,1,6451,174,341,174,341
463529,Playing,608256,1724,0,0,0,0,1,6455,0,341,0,341
463776,Playing,601088,1703,0,0,0,0,1,6458,174,341,175,341
464027,Playing,593920,1683,0,0,0,0,1,6461,0,341,0,341
464273,Playing,594944,1686,0,0,0,0,1,6464,0,341,0,341
464523,Playing,587776,1666,0,0,0,0,1,6467,174,341,174,341
464771,Playing,608256,1724,0,0,0,0,1,6471,0,341,0,341
465020,Playing,581632,1648,0,0,0,0,1,6473,0,341,0,341
465268,Playing,574464,1628,0,0,0,0,1,6476,175,341,175,341
465517,Playing,575488,1631,0,0,0,0,1,6482,160,341,160,341
465764,Playing,540672,1532,0,0,0,0,1,6484,3,341,3,341
466013,Playing,533504,1512,0,0,0,0,1,6487,91,341,91,341
466262,Playing,589824,1671,0,0,0,0,1,6492,0,341,0,341
466511,Playing,582656,1651,0,0,0,0,1,6495,1,341,1,341
466759,Playing,575488,1631,0,0,0,0,1,6498,95,341,95,341
467010,Playing,540672,1532,0,0,0,0,1,6500,0,341,0,341
467259,Playing,569344,1613,0,0,0,0,1,6504,0,341,0,341
467507,Playing,562176,1593,0,0,0,0,1,6507,0,341,0,341
467756,Playing,582656,1651,0,0,0,0,1,6511,0,341,0,341
468006,Playing,602112,1706,0,0,0,0,1,6515,0,341,0,341
468254,Playing,548864,1555,0,0,0,0,1,6519,15,341,15,341
468502,Playing,541696,1535,0,0,0,0,1,6522,0,341,0,341
468752,Playing,542720,1538,0,0,0,0,1,6525,95,341,95,341
469001,Playing,535552,1518,0,0,0,0,1,6528,0,341,0,341
469251,Playing,528384,1497,0,0,0,0,1,6531,0,341,0,341
469560,Playing,504832,1430,0,0,0,0,1,6534,94,341,94,341
469813,Playing,525312,1488,0,0,0,0,1,6538,174,341,174,341
470061,Playing,545792,1547,0,0,0,0,1,6542,0,341,0,341
470310,Playing,574464,1628,0,0,0,0,1,6546,0,341,0,341
470557,Playing,567296,1607,0,0,0,0,1,6549,0,341,0,341
470808,Playing,532480,1509,0,0,0,0,1,6551,1,341,1,341
471056,Playing,505856,1433,0,0,0,0,1,6556,94,341,94,341
471306,Playing,526336,1491,0,0,0,0,1,6560,179,341,179,341
471554,Playing,491520,1393,0,0,0,0,1,6562,0,341,0,341
471802,Playing,520192,1474,0,0,0,0,1,6566,0,341,0,341
472053,Playing,485376,1375,0,0,0,0,1,6568,0,341,0,341
472302,Playing,533504,1512,0,0,0,0,1,6573,0,341,0,341
472549,Playing,534528,1515,0,0,0,0,1,6576,175,341,175,341
472798,Playing,527360,1494,0,0,0,0,1,6579,0,341,0,341
473048,Playing,520192,1474,0,0,0,0,1,6582,1,341,1,341
473298,Playing,540672,1532,0,0,0,0,1,6586,1,341,1,341
473548,Playing,541696,1535,0,0,0,0,1,6589,177,341,177,341
473798,Playing,488448,1384,0,0,0,0,1,6593,0,341,13,341
474047,Playing,462848,1311,0,0,0,0,1,6596,92,341,92,341
474294,Playing,519168,1471,0,0,0,0,1,6601,2,341,2,341
474544,Playing,512000,1451,0,0,0,0,1,6604,1,341,1,341
474793,Playing,477184,1352,0,0,0,0,1,6606,0,341,0,341
475044,Playing,470016,1332,0,0,0,0,1,6609,0,341,1,341
475293,Playing,498688,1413,0,0,0,0,1,6613,0,341,0,341
475541,Playing,491520,1393,0,0,0,0,1,6616,174,341,174,341
475789,Playing,456704,1294,0,0,0,0,1,6618,15,341,15,341
476038,Playing,485376,1375,0,0,0,0,1,6622,173,341,173,341
476289,Playing,505856,1433,0,0,0,0,1,6626,0,341,0,341
476541,Playing,480256,1361,0,0,0,0,1,6631,0,341,14,341
476789,Playing,427008,1210,0,0,0,0,1,6633,0,341,0,341
477037,Playing,455680,1291,0,0,0,0,1,6637,0,341,0,341
477286,Playing,448512,1271,0,0,0,0,1,6640,0,341,0,341
477535,Playing,468992,1329,0,0,0,0,1,6644,175,341,175,341
477783,Playing,414720,1175,0,0,0,0,1,6645,96,341,96,341
478033,Playing,435200,1233,0,0,0,0,1,6649,94,341,94,341
478281,Playing,428032,1213,0,0,0,0,1,6652,174,341,174,341
478530,Playing,484352,1372,0,0,0,0,1,6657,1,341,1,341
478781,Playing,421888,1195,0,0,0,0,1,6658,93,341,93,341
479029,Playing,442368,1253,0,0,0,0,1,6662,0,341,0,341
479274,Playing,471040,1335,0,0,0,0,1,6666,0,341,0,341
479520,Playing,427008,1210,0,0,0,0,1,6671,174,341,174,341
479769,Playing,364544,1033,0,0,0,0,1,6672,95,341,95,341
480018,Playing,420864,1192,0,0,0,0,1,6677,0,341,0,341
480268,Playing,386048,1094,0,0,0,0,1,6679,98,341,98,341
480516,Playing,434176,1230,0,0,0,0,1,6684,0,341,0,341
480767,Playing,379904,1076,0,0,0,0,1,6685,97,341,97,341
481013,Playing,400384,1134,0,0,0,0,1,6689,0,341,0,341
481264,Playing,393216,1114,0,0,0,0,1,6692,95,341,95,341
481511,Playing,449536,1274,0,0,0,0,1,6697,0,341,0,341
481758,Playing,414720,1175,0,0,0,0,1,6699,95,341,95,341
482008,Playing,407552,1155,0,0,0,0,1,6702,0,341,0,341
482257,Playing,380928,1079,0,0,0,0,1,6707,0,341,15,341
482506,Playing,401408,1137,0,0,0,0,1,6711,0,341,0,341
482753,Playing,394240,1117,0,0,0,0,1,6714,95,341,95,341
483003,Playing,450560,1277,0,0,0,0,1,6719,0,341,0,341
483251,Playing,388096,1100,0,0,0,0,1,6720,172,341,172,341
483500,Playing,408576,1158,0,0,0,0,1,6724,0,341,0,341
483809,Playing,385024,1091,0,0,0,0,1,6727,0,341,0,341
484061,Playing,405504,1149,0,0,0,0,1,6731,0,341,0,341
484310,Playing,398336,1129,0,0,0,0,1,6734,94,341,94,341
484560,Playing,454656,1288,0,0,0,0,1,6739,0,341,0,341
484812,Playing,364544,1033,0,0,0,0,1,6739,0,341,0,341
485060,Playing,385024,1091,0,0,0,0,1,6746,1,341,1,341
485309,Playing,377856,1071,0,0,0,0,1,6749,0,341,0,341
485558,Playing,378880,1073,0,0,0,0,1,6752,95,341,95,341
485807,Playing,371712,1053,0,0,0,0,1,6755,0,341,0,341
486056,Playing,364544,1033,0,0,0,0,1,6758,0,341,0,341
486304,Playing,365568,1036,0,0,0,0,1,6761,94,341,94,341
486554,Playing,330752,937,0,0,0,0,1,6763,0,341,0,341
486803,Playing,351232,995,0,0,0,0,1,6767,97,341,97,341
487048,Playing,379904,1076,0,0,0,0,1,6771,0,341,0,341
487299,Playing,372736,1056,0,0,0,0,1,6774,14,341,14,341
487549,Playing,393216,1114,0,0,0,0,1,6778,94,341,94,341
487800,Playing,358400,1015,0,0,0,0,1,6780,0,341,0,341
488048,Playing,331776,940,0,0,0,0,1,6785,0,341,0,341
488297,Playing,352256,998,0,0,0,0,1,6789,1,341,1,341
488544,Playing,380928,1079,0,0,0,0,1,6793,0,341,0,341
488792,Playing,346112,981,0,0,0,0,1,6795,0,341,0,341
489039,Playing,338944,960,0,0,0,0,1,6798,0,341,0,341
489287,Playing,367616,1041,0,0,0,0,1,6802,0,341,0,341
489536,Playing,360448,1021,0,0,0,0,1,6805,1,341,1,341
489782,Playing,325632,922,0,0,0,0,1,6807,0,341,0,341
490032,Playing,354304,1004,0,0,0,0,1,6811,0,341,0,341
490278,Playing,347136,983,0,0,0,0,1,6814,174,341,174,341
490527,Playing,358400,1015,0,0,0,0,1,6818,0,341,0,341
490777,Playing,313344,888,0,0,0,0,1,6822,0,341,0,341
491025,Playing,306176,867,0,0,0,0,1,6825,175,341,175,341
491272,Playing,334848,949,0,0,0,0,1,6829,0,341,0,341
491522,Playing,355328,1007,0,0,0,0,1,6833,0,341,0,341
491770,Playing,320512,908,0,0,0,0,1,6835,0,341,0,341
492019,Playing,321536,911,0,0,0,0,1,6838,0,341,0,341
492268,Playing,342016,969,0,0,0,0,1,6842,0,341,0,341
492516,Playing,334848,949,0,0,0,0,1,6845,175,341,175,341
492766,Playing,300032,850,0,0,0,0,1,6847,0,341,0,341
493016,Playing,301056,853,0,0,0,0,1,6850,174,341,174,341
493265,Playing,321536,911,0,0,0,0,1,6854,175,341,175,341
493514,Playing,277504,786,0,0,0,0,1,6858,0,341,14,341
493762,Playing,287744,815,0,0,0,0,1,6862,0,341,0,341
494011,Playing,280576,795,0,0,0,0,1,6865,93,341,93,341
494261,Playing,301056,853,0,0,0,0,1,6869,0,341,0,341
494510,Playing,274432,777,0,0,0,0,1,6871,1,341,1,341
494759,Playing,294912,835,0,0,0,0,1,6875,0,341,0,341
495005,Playing,287744,815,0,0,0,0,1,6878,0,341,0,341
495254,Playing,316416,896,0,0,0,0,1,6882,0,341,0,341
495501,Playing,281600,798,0,0,0,0,1,6884,0,341,0,341
495812,Playing,313344,888,0,0,0,0,1,6889,0,341,0,341
496060,Playing,306176,867,0,0,0,0,1,6892,175,341,175,341
496310,Playing,262144,743,0,0,0,0,1,6896,0,341,14,341
496560,Playing,264192,748,0,0,0,0,1,6900,0,341,0,341
496807,Playing,265216,751,0,0,0,0,1,6903,1,341,1,341
497056,Playing,258048,731,0,0,0,0,1,6906,0,341,0,341
497304,Playing,259072,734,0,0,0,0,1,6909,3,341,3,341
497553,Playing,279552,792,0,0,0,0,1,6913,0,341,0,341
497805,Playing,300032,850,0,0,0,0,1,6917,0,341,0,341
498053,Playing,292864,830,0,0,0,0,1,6920,2,341,2,341
498302,Playing,266240,754,0,0,0,0,1,6922,2,341,2,341
498553,Playing,286720,812,0,0,0,0,1,6926,0,341,0,341
498801,Playing,279552,792,0,0,0,0,1,6929,0,341,0,341
499051,Playing,262144,743,0,0,0,0,1,6934,0,341,14,341
499298,Playing,208896,592,0,0,0,0,1,6936,0,341,0,341
499547,Playing,229376,650,0,0,0,0,1,6940,94,341,94,341
499797,Playing,258048,731,0,0,0,0,1,6944,0,341,0,341
500043,Playing,278528,789,0,0,0,0,1,6948,0,341,0,341
500293,Playing,216064,612,0,0,0,0,1,6949,94,341,94,341
500542,Playing,244736,693,0,0,0,0,1,6953,14,341,15,341
500791,Playing,237568,673,0,0,0,0,1,6956,0,341,0,341
501039,Playing,202752,574,0,0,0,0,1,6958,0,341,0,341
501288,Playing,231424,655,0,0,0,0,1,6962,0,341,0,341
501536,Playing,224256,635,0,0,0,0,1,6965,0,341,0,341
501786,Playing,244736,693,0,0,0,0,1,6969,0,341,0,341
502035,Playing,236544,670,0,0,0,0,1,6975,16,341,16,341
502285,Playing,229376,650,0,0,0,0,1,6978,15,341,15,341
502535,Playing,194560,551,0,0,0,0,1,6980,0,341,0,341
502783,Playing,215040,609,0,0,0,0,1,6984,0,341,0,341
503032,Playing,216064,612,0,0,0,0,1,6987,94,341,94,341
503280,Playing,236544,670,0,0,0,0,1,6991,95,341,95,341
503528,Playing,201728,571,0,0,0,0,1,6993,0,341,0,341
503778,Playing,175104,496,0,0,0,0,1,6995,0,341,0,341
504026,Playing,167936,476,0,0,0,0,1,6998,0,341,0,341
504274,Playing,188416,534,0,0,0,0,1,7002,91,341,91,341
504522,Playing,217088,615,0,0,0,0,1,7006,0,341,0,341
504770,Playing,163840,464,0,0,0,0,1,7010,0,341,12,341
505020,Playing,193536,548,0,0,0,0,1,7015,0,341,0,341
505268,Playing,194560,551,0,0,0,0,1,7018,94,341,94,341
505515,Playing,187392,531,0,0,0,0,1,7021,93,341,93,341
505764,Playing,152576,432,0,0,0,0,1,7023,175,341,175,341
506011,Playing,181248,513,0,0,0,0,1,7027,172,341,172,341
506276,Playing,165888,470,0,0,0,0,1,7030,92,341,92,341
506522,Playing,222208,629,0,0,0,0,1,7035,0,341,0,341
506769,Playing,159744,452,0,0,0,0,1,7036,176,341,176,341
507019,Playing,180224,510,0,0,0,0,1,7040,0,341,0,341
507268,Playing,181248,513,0,0,0,0,1,7043,0,341,0,341
507516,Playing,146432,415,0,0,0,0,1,7048,0,341,10,341
507766,Playing,139264,394,0,0,0,0,1,7051,0,341,0,341
508016,Playing,140288,397,0,0,0,0,1,7054,0,341,0,341
508261,Playing,188416,534,0,0,0,0,1,7059,0,341,0,341
508509,Playing,134144,380,0,0,0,0,1,7060,176,341,176,341
508759,Playing,154624,438,0,0,0,0,1,7064,0,341,0,341
509008,Playing,147456,417,0,0,0,0,1,7067,0,341,0,341
509257,Playing,167936,476,0,0,0,0,1,7071,0,341,0,341
509505,Playing,141312,400,0,0,0,0,1,7073,0,341,0,341
509752,Playing,161792,458,0,0,0,0,1,7077,0,341,0,341
510061,Playing,165888,470,0,0,0,0,1,7081,93,341,94,341
510306,Playing,131072,371,0,0,0,0,1,7083,178,341,178,341
510553,Playing,159744,452,0,0,0,0,1,7090,0,341,0,341
510802,Playing,97280,275,0,0,0,0,1,7091,94,341,94,341
511051,Playing,145408,412,0,0,0,0,1,7096,0,341,0,341
511297,Playing,146432,415,0,0,0,0,1,7099,0,341,0,341
511545,Playing,139264,394,0,0,0,0,1,7102,96,341,96,341
511797,Playing,132096,374,0,0,0,0,1,7105,95,341,96,341
512046,Playing,105472,298,0,0,0,0,1,7107,0,341,0,341
512295,Playing,125952,357,0,0,0,0,1,7111,172,341,172,341
512543,Playing,146432,415,0,0,0,0,1,7115,0,341,0,341
512793,Playing,92160,261,0,0,0,0,1,7116,173,341,173,341
513041,Playing,112640,319,0,0,0,0,1,7120,174,341,174,341
513291,Playing,105472,298,0,0,0,0,1,7126,0,341,0,341
513541,Playing,98304,278,0,0,0,0,1,7129,0,341,0,341
513791,Playing,99328,281,0,0,0,0,1,7132,0,341,0,341
514038,Playing,64512,182,0,0,0,0,1,7134,172,341,172,341
514286,Playing,112640,319,0,0,0,0,1,7139,0,341,0,341
514535,Playing,113664,322,0,0,0,0,1,7142,174,341,174,341
514782,Playing,78848,223,0,0,0,0,1,7144,0,341,0,341
515031,Playing,71680,203,0,0,0,0,1,7147,173,341,173,341
515278,Playing,128000,362,0,0,0,0,1,7152,2,341,2,341
515526,Playing,120832,342,0,0,0,0,1,7155,0,341,0,341
515774,Playing,86016,243,0,0,0,0,1,7157,14,341,14,341
516022,Playing,59392,168,0,0,0,0,1,7162,0,341,0,341
516272,Playing,52224,148,0,0,0,0,1,7165,176,341,176,341
516522,Playing,100352,284,0,0,0,0,1,7170,0,341,0,341
516773,Playing,37888,107,0,0,0,0,1,7171,95,341,95,341
517019,Playing,66560,188,0,0,0,0,1,7175,15,341,15,341
517264,Playing,87040,246,0,0,0,0,1,7179,0,341,0,341
517513,Playing,32768,92,0,0,0,0,1,7180,175,341,175,341
517762,Playing,53248,150,0,0,0,0,1,7184,95,341,95,341
518010,Playing,73728,208,0,0,0,0,1,7188,0,341,0,341
518258,Playing,74752,211,0,0,0,0,1,7191,95,341,95,341
518506,Playing,95232,269,0,0,0,0,1,7195,15,341,15,341
518755,Playing,88064,249,0,0,0,0,1,7201,0,341,0,341
519005,Playing,33792,95,0,0,0,0,1,7202,173,341,173,341
519254,Playing,54272,153,0,0,0,0,1,7206,94,341,94,341
519502,Playing,74752,211,0,0,0,0,1,7210,0,341,0,341
519752,Playing,39936,113,0,0,0,0,1,7212,0,341,0,341
520002,Playing,68608,194,0,0,0,0,1,7216,0,341,0,341
520250,Playing,61440,174,0,0,0,0,1,7219,0,341,0,341
520500,Playing,26624,75,0,0,0,0,1,7221,0,341,0,341
520751,Playing,55296,156,0,0,0,0,1,7225,0,341,0,341
521060,Playing,0,0,0,0,0,0,1,7227,94,341,94,341
521313,Buffering,138240,391,1,0,0,0,1,7232,0,341,0,341
521559,Buffering,211968,600,1,0,0,0,1,7237,0,341,14,341
521807,Buffering,221184,626,1,0,0,0,1,7238,95,341,95,341
522056,Buffering,310272,879,1,1,0,0,1,7243,0,341,0,341
522306,Buffering,330752,937,1,1,0,0,1,7247,0,341,0,341
522553,Buffering,295936,838,1,1,0,0,1,7249,94,341,94,341
522803,Buffering,316416,896,1,1,0,0,1,7253,172,341,172,341
523054,Buffering,289792,821,1,1,0,0,1,7255,1,341,1,341
523302,Buffering,282624,801,1,1,0,0,1,7258,94,341,94,341
523550,Buffering,330752,937,1,1,0,0,1,7263,0,341,0,341
523798,Buffering,331776,940,1,1,0,0,1,7266,0,341,0,341
524047,Buffering,296960,841,1,1,0,0,1,7268,0,341,0,341
524294,Buffering,317440,899,1,1,0,0,1,7272,0,341,0,341
524544,Buffering,281600,798,1,1,0,0,1,7277,0,341,0,341
524794,Buffering,274432,777,1,1,0,0,1,7280,93,341,93,341
525042,Buffering,294912,835,1,1,0,0,1,7284,92,341,92,341
525292,Buffering,260096,737,1,1,0,0,1,7286,0,341,0,341
525541,Buffering,288768,818,1,1,0,0,1,7290,95,341,95,341
525789,Buffering,281600,798,1,1,0,0,1,7293,0,341,0,341
526037,Buffering,246784,699,1,1,0,0,1,7295,0,341,0,341
526286,Buffering,275456,780,1,1,0,0,1,7299,0,341,0,341
526536,Buffering,295936,838,1,1,0,0,1,7303,0,341,0,341
526784,Buffering,288768,818,1,1,0,0,1,7306,0,341,0,341
527034,Buffering,289792,821,1,1,0,0,1,7309,0,341,0,341
527282,Buffering,236544,670,1,1,0,0,1,7313,0,341,13,341
527531,Buffering,238592,676,1,1,0,0,1,7317,96,341,96,341
527778,Buffering,231424,655,1,1,0,0,1,7320,93,341,93,341
528028,Buffering,204800,580,1,1,0,0,1,7322,0,341,0,341
528277,Buffering,252928,716,1,1,0,0,1,7327,0,341,0,341
528527,Buffering,273408,774,1,1,0,0,1,7331,15,341,15,341
528777,Buffering,238592,676,1,1,0,0,1,7333,94,341,94,341
529026,Buffering,267264,757,1,1,0,0,1,7337,14,341,14,341
529274,Buffering,260096,737,1,1,0,0,1,7340,95,341,95,341
529522,Buffering,252928,716,1,1,0,0,1,7343,0,341,0,341
529770,Buffering,253952,719,1,1,0,0,1,7346,93,341,93,341
530018,Buffering,237568,673,1,1,0,0,1,7352,0,341,0,341
530267,Buffering,238592,676,1,1,0,0,1,7355,94,341,94,341
530517,Buffering,203776,577,1,1,0,0,1,7357,1,341,1,341
530766,Buffering,224256,635,1,1,0,0,1,7361,0,341,0,341
531017,Buffering,217088,615,1,1,0,0,1,7364,0,341,0,341
531263,Buffering,245760,696,1,1,0,0,1,7368,95,341,95,341
531513,Buffering,210944,597,1,1,0,0,1,7370,0,341,0,341
531761,Buffering,203776,577,1,1,0,0,1,7373,175,341,175,341
532010,Buffering,260096,737,1,1,0,0,1,7378,0,341,0,341
532259,Buffering,252928,716,1,1,0,0,1,7381,0,341,0,341
532507,Buffering,218112,618,1,1,0,0,1,7383,0,341,0,341
532756,Buffering,219136,621,1,1,0,0,1,7389,0,341,13,341
533003,Buffering,211968,600,1,1,0,0,1,7392,0,341,0,341
533251,Buffering,204800,580,1,1,0,0,1,7395,94,341,94,341
533562,Buffering,153600,435,1,1,0,0,1,7397,0,341,0,341
533810,Buffering,174080,493,1,1,0,0,1,7401,0,341,0,341
534059,Buffering,202752,574,1,1,0,0,1,7405,0,341,0,341
534311,Buffering,223232,632,1,1,0,0,1,7409,0,341,0,341
534560,Buffering,133120,377,1,1,0,0,1,7409,0,341,0,341
534808,Buffering,181248,513,1,1,0,0,1,7414,0,341,0,341
535057,Buffering,182272,516,1,1,0,0,1,7417,173,341,173,341
535305,Buffering,202752,574,1,1,0,0,1,7421,0,341,0,341
535553,Buffering,140288,397,1,1,0,0,1,7422,94,341,94,341
535806,Buffering,133120,377,1,1,0,0,1,7428,1,341,1,341
536060,Buffering,161792,458,1,1,0,0,1,7432,0,341,0,341
536306,Buffering,154624,438,1,1,0,0,1,7435,94,341,94,341
536553,Buffering,119808,339,1,1,0,0,1,7437,0,341,0,341
536759,Buffering,156672,444,1,1,0,0,1,7441,1,341,1,341
537064,Buffering,133120,377,1,1,0,0,1,7444,0,341,0,341
537278,Buffering,169984,481,1,1,0,0,1,7448,97,341,97,341
537548,Buffering,154624,438,1,1,0,0,1,7451,94,341,95,341
537797,Buffering,155648,441,1,1,0,0,1,7454,0,341,0,341
538044,Buffering,148480,420,1,1,0,0,1,7457,0,341,0,341
538292,Buffering,141312,400,1,1,0,0,1,7460,94,341,94,341
538540,Buffering,142336,403,1,1,0,0,1,7466,0,341,0,341
538792,Buffering,162816,461,1,1,0,0,1,7470,0,341,0,341
539040,Buffering,155648,441,1,1,0,0,1,7473,96,341,96,341
539287,Buffering,156672,444,1,1,0,0,1,7476,0,341,0,341
539534,Buffering,149504,423,1,1,0,0,1,7479,0,341,0,341
539785,Buffering,169984,481,1,1,0,0,1,7483,0,341,0,341
540031,Buffering,143360,406,1,1,0,0,1,7485,95,341,96,341
540280,Buffering,136192,386,1,1,0,0,1,7488,0,341,0,341
540530,Buffering,129024,365,1,1,0,0,1,7491,177,341,177,341
540778,Buffering,185344,525,1,1,0,0,1,7496,0,341,0,341
541029,Buffering,122880,348,1,1,0,0,1,7497,175,341,175,341
541277,Buffering,115712,327,1,1,0,0,1,7503,0,341,0,341
541527,Buffering,116736,330,1,1,0,0,1,7506,0,341,0,341
541774,Buffering,137216,388,1,1,0,0,1,7510,0,341,0,341
542022,Buffering,102400,290,1,1,0,0,1,7512,0,341,0,341
542271,Buffering,103424,293,1,1,0,0,1,7515,0,341,0,341
542517,Buffering,123904,351,1,1,0,0,1,7519,176,341,176,341
542767,Buffering,116736,330,1,1,0,0,1,7522,174,341,174,341
543018,Buffering,81920,232,1,1,0,0,1,7524,176,341,176,341
543264,Buffering,110592,313,1,1,0,0,1,7528,0,341,0,341
543514,Buffering,131072,371,1,1,0,0,1,7532,0,341,0,341
543764,Buffering,151552,429,1,1,0,0,1,7536,0,341,0,341
544012,Buffering,115712,327,1,1,0,0,1,7540,0,341,15,341
544260,Buffering,90112,255,1,1,0,0,1,7543,0,341,0,341
544509,Buffering,82944,235,1,1,0,0,1,7546,175,341,175,341
544756,Buffering,56320,159,1,1,0,0,1,7548,0,341,0,341
545006,Buffering,49152,139,1,1,0,0,1,7551,95,341,95,341
545256,Buffering,69632,197,1,1,0,0,1,7555,173,341,173,341
545505,Buffering,117760,333,1,1,0,0,1,7560,0,341,0,341
545754,Buffering,118784,336,1,1,0,0,1,7563,0,341,0,341
546001,Buffering,83968,238,1,1,0,0,1,7565,0,341,0,341
546311,Buffering,115712,327,1,1,0,0,1,7570,0,341,0,341
546561,Buffering,80896,229,1,1,0,0,1,7572,0,341,0,341
546809,Buffering,73728,208,1,1,0,0,1,7575,177,341,177,341
547059,Buffering,74752,211,1,1,0,0,1,7581,1,341,1,341
547308,Buffering,67584,191,1,1,0,0,1,7584,95,341,95,341
547556,Buffering,32768,92,1,1,0,0,1,7586,174,341,174,341
547807,Buffering,53248,150,1,1,0,0,1,7590,0,341,0,341
548056,Buffering,54272,153,1,1,0,0,1,7593,173,341,173,341
548305,Buffering,74752,211,1,1,0,0,1,7597,163,341,163,341
548554,Buffering,39936,113,1,1,0,0,1,7599,16,341,16,341
548803,Buffering,40960,116,1,1,0,0,1,7602,95,341,95,341
549050,Buffering,61440,174,1,1,0,0,1,7606,160,341,160,341
549298,Buffering,26624,75,1,1,0,0,1,7608,4,341,4,341
549547,Buffering,55296,156,1,1,0,0,1,7612,0,341,0,341
549795,Buffering,11264,31,1,1,0,0,1,7617,0,341,0,341
550046,Playing,77824,220,1,2,0,0,1,7621,0,341,0,341
550294,Playing,43008,121,1,2,0,0,1,7623,0,341,0,341
550543,Playing,71680,203,1,2,0,0,1,7627,0,341,0,341
550792,Playing,64512,182,1,2,0,0,1,7630,0,341,0,341
551038,Playing,57344,162,1,2,0,0,1,7633,0,341,0,341
551289,Playing,30720,87,1,2,0,0,1,7635,0,341,0,341
551540,Playing,51200,145,1,2,0,0,1,7639,0,341,0,341
551787,Playing,44032,124,1,2,0,0,1,7642,92,341,92,341
552034,Playing,100352,284,1,2,0,0,1,7647,0,341,0,341
552283,Playing,65536,185,1,2,0,0,1,7649,96,341,96,341
552535,Playing,49152,139,1,2,0,0,1,7655,91,341,92,341
552782,Playing,22528,63,1,2,0,0,1,7657,0,341,0,341
553032,Buffering,110592,313,2,2,0,0,1,7661,0,341,0,341
553280,Buffering,193536,548,2,2,0,0,1,7664,0,341,0,341
553530,Buffering,331776,940,2,2,0,0,1,7669,1,341,1,341
553778,Buffering,326656,925,2,3,0,0,1,7670,173,341,173,341
554028,Buffering,347136,983,2,3,0,0,1,7674,0,341,0,341
554275,Buffering,339968,963,2,3,0,0,1,7677,0,341,0,341
554525,Buffering,340992,966,2,3,0,0,1,7680,0,341,0,341
554776,Buffering,361472,1024,2,3,0,0,1,7684,92,341,92,341
555025,Buffering,326656,925,2,3,0,0,1,7686,0,341,0,341
555274,Buffering,319488,905,2,3,0,0,1,7689,176,341,176,341
555521,Buffering,338944,960,2,3,0,0,1,7696,0,341,0,341
555771,Buffering,276480,783,2,3,0,0,1,7697,177,341,177,341
556018,Buffering,269312,763,2,3,0,0,1,7700,175,341,175,341
556268,Buffering,325632,922,2,3,0,0,1,7705,0,341,0,341
556516,Buffering,318464,902,2,3,0,0,1,7708,0,341,0,341
556769,Buffering,283648,803,2,3,0,0,1,7710,15,341,15,341
557017,Buffering,284672,806,2,3,0,0,1,7713,14,341,14,341
557267,Buffering,305152,864,2,3,0,0,1,7717,0,341,0,341
557517,Buffering,270336,766,2,3,0,0,1,7719,0,341,0,341
557764,Buffering,271360,769,2,3,0,0,1,7722,0,341,0,341
558015,Buffering,291840,827,2,3,0,0,1,7726,93,341,93,341
558264,Buffering,284672,806,2,3,0,0,1,7732,0,341,0,341
558513,Buffering,277504,786,2,3,0,0,1,7735,0,341,0,341
558761,Buffering,250880,711,2,3,0,0,1,7737,0,341,0,341
559014,Buffering,271360,769,2,3,0,0,1,7741,0,341,0,341
559260,Buffering,264192,748,2,3,0,0,1,7744,95,341,95,341
559509,Buffering,265216,751,2,3,0,0,1,7747,0,341,0,341
559757,Buffering,258048,731,2,3,0,0,1,7750,0,341,0,341
560007,Buffering,250880,711,2,3,0,0,1,7753,94,341,94,341
560256,Buffering,299008,847,2,3,0,0,1,7758,1,341,1,341
560507,Buffering,300032,850,2,3,0,0,1,7761,0,341,0,341
560758,Buffering,265216,751,2,3,0,0,1,7763,15,341,15,341
561005,Buffering,230400,653,2,3,0,0,1,7768,0,341,13,341
561252,Buffering,259072,734,2,3,0,0,1,7772,0,341,0,341
561500,Buffering,251904,714,2,3,0,0,1,7775,95,341,95,341
561811,Buffering,256000,725,2,3,0,0,1,7779,0,341,0,341
562000,Buffering,245760,696,2,3,0,0,1,7781,0,341,0,341
562309,Buffering,241664,684,2,3,0,0,1,7785,0,341,0,341
562556,Buffering,242688,687,2,3,0,0,1,7788,0,341,0,341
562805,Buffering,263168,745,2,3,0,0,1,7792,0,341,0,341
563052,Buffering,264192,748,2,3,0,0,1,7795,94,341,94,341
563300,Buffering,229376,650,2,3,0,0,1,7797,0,341,0,341
563548,Buffering,222208,629,2,3,0,0,1,7800,94,341,94,341
563798,Buffering,215040,609,2,3,0,0,1,7806,0,341,15,341
564047,Buffering,243712,690,2,3,0,0,1,7810,0,341,0,341
564296,Buffering,264192,748,2,3,0,0,1,7814,13,341,13,341
564547,Buffering,257024,728,2,3,0,0,1,7817,0,341,0,341
564796,Buffering,230400,653,2,3,0,0,1,7819,0,341,0,341
565043,Buffering,223232,632,2,3,0,0,1,7822,97,341,97,341
565292,Buffering,216064,612,2,3,0,0,1,7825,92,341,92,341
565541,Buffering,217088,615,2,3,0,0,1,7828,0,341,0,341
565803,Buffering,201728,571,2,3,0,0,1,7831,90,341,90,341
566052,Buffering,230400,653,2,3,0,0,1,7835,92,341,92,341
566301,Buffering,195584,554,2,3,0,0,1,7837,0,341,0,341
566549,Buffering,216064,612,2,3,0,0,1,7844,94,341,94,341
566798,Buffering,217088,615,2,3,0,0,1,7847,0,341,0,341
567046,Buffering,209920,595,2,3,0,0,1,7850,0,341,0,341
567296,Buffering,202752,574,2,3,0,0,1,7853,92,341,92,341
567546,Buffering,195584,554,2,3,0,0,1,7856,0,341,0,341
567794,Buffering,196608,557,2,3,0,0,1,7859,0,341,0,341
568042,Buffering,217088,615,2,3,0,0,1,7863,0,341,0,341
568292,Buffering,209920,595,2,3,0,0,1,7866,0,341,0,341
568540,Buffering,238592,676,2,3,0,0,1,7870,0,341,0,341
568788,Buffering,176128,499,2,3,0,0,1,7871,174,341,174,341
569036,Buffering,204800,580,2,3,0,0,1,7875,0,341,0,341
569284,Buffering,216064,612,2,3,0,0,1,7881,0,341,13,341
569534,Buffering,190464,539,2,3,0,0,1,7884,93,341,93,341
569782,Buffering,163840,464,2,3,0,0,1,7886,0,341,0,341
570030,Buffering,156672,444,2,3,0,0,1,7889,94,341,94,341
570280,Buffering,177152,502,2,3,0,0,1,7893,93,341,93,341
570530,Buffering,142336,403,2,3,0,0,1,7895,0,341,0,341
570777,Buffering,171008,484,2,3,0,0,1,7899,95,341,95,341
571027,Buffering,191488,542,2,3,0,0,1,7903,0,341,0,341
571275,Buffering,184320,522,2,3,0,0,1,7906,0,341,0,341
571523,Buffering,157696,446,2,3,0,0,1,7908,0,341,0,341
571772,Buffering,178176,505,2,3,0,0,1,7912,0,341,0,341
572019,Buffering,171008,484,2,3,0,0,1,7915,96,341,96,341
572267,Buffering,172032,487,2,3,0,0,1,7921,94,341,94,341
572515,Buffering,192512,545,2,3,0,0,1,7925,0,341,0,341
572765,Buffering,130048,368,2,3,0,0,1,7926,177,341,177,341
573013,Buffering,158720,449,2,3,0,0,1,7930,0,341,0,341
573262,Buffering,179200,507,2,3,0,0,1,7934,0,341,0,341
573512,Buffering,144384,409,2,3,0,0,1,7936,94,341,94,341
573762,Buffering,173056,490,2,3,0,0,1,7940,0,341,0,341
574010,Buffering,165888,470,2,3,0,0,1,7943,0,341,0,341
574259,Buffering,158720,449,2,3,0,0,1,7946,97,341,97,341
574509,Buffering,132096,374,2,3,0,0,1,7948,0,341,0,341
574758,Buffering,124928,354,2,3,0,0,1,7951,176,341,176,341
575008,Buffering,136192,386,2,3,0,0,1,7958,0,341,0,341
575257,Buffering,156672,444,2,3,0,0,1,7962,0,341,0,341
575503,Buffering,74752,211,2,3,0,0,1,7962,0,341,0,341
575754,Buffering,95232,269,2,3,0,0,1,7966,172,341,173,341
576005,Buffering,115712,327,2,3,0,0,1,7970,0,341,0,341
576253,Buffering,144384,409,2,3,0,0,1,7974,0,341,0,341
576504,Buffering,81920,232,2,3,0,0,1,7975,95,341,95,341
576756,Buffering,102400,290,2,3,0,0,1,7979,0,341,0,341
577005,Buffering,95232,269,2,3,0,0,1,7982,0,341,0,341
577253,Buffering,151552,429,2,3,0,0,1,7987,0,341,0,341
577502,Buffering,89088,252,2,3,0,0,1,7988,94,341,95,341
577750,Buffering,109568,310,2,3,0,0,1,7992,0,341,0,341
578002,Buffering,101376,287,2,3,0,0,1,7998,14,341,14,341
578311,Buffering,69632,197,2,3,0,0,1,8001,0,341,0,341
578561,Buffering,70656,200,2,3,0,0,1,8004,174,341,174,341
578808,Buffering,91136,258,2,3,0,0,1,8008,175,341,175,341
579057,Buffering,56320,159,2,3,0,0,1,8010,0,341,0,341
579305,Buffering,84992,240,2,3,0,0,1,8014,0,341,0,341
579554,Buffering,105472,298,2,3,0,0,1,8018,0,341,0,341
579802,Buffering,98304,278,2,3,0,0,1,8021,0,341,0,341
580054,Buffering,71680,203,2,3,0,0,1,8023,0,341,0,341
580302,Buffering,92160,261,2,3,0,0,1,8027,0,341,0,341
580551,Buffering,57344,162,2,3,0,0,1,8029,177,341,177,341
580800,Buffering,49152,139,2,3,0,0,1,8035,174,341,174,341
581048,Buffering,14336,40,2,3,0,0,1,8037,0,341,0,341
581295,Buffering,34816,98,2,3,0,0,1,8041,0,341,0,341
581542,Buffering,35840,101,2,3,0,0,1,8044,174,341,174,341
581792,Buffering,83968,238,2,3,0,0,1,8049,0,341,0,341
582043,Buffering,49152,139,2,3,0,0,1,8051,0,341,0,341
582291,Buffering,82944,235,2,3,0,0,1,8054,0,341,0,341
582540,Playing,83968,238,2,4,0,0,1,8057,0,341,0,341
582789,Playing,104448,296,2,4,0,0,1,8061,0,341,0,341
583038,Playing,124928,354,2,4,0,0,1,8065,0,341,0,341
583286,Playing,70656,200,2,4,0,0,1,8066,177,341,177,341
583538,Playing,63488,179,2,4,0,0,1,8072,173,341,173,341
583786,Playing,83968,238,2,4,0,0,1,8076,0,341,0,341
584035,Playing,84992,240,2,4,0,0,1,8079,94,341,94,341
584283,Playing,50176,142,2,4,0,0,1,8081,1,341,1,341
584528,Playing,70656,200,2,4,0,0,1,8085,0,341,0,341
584778,Playing,71680,203,2,4,0,0,1,8088,1,341,1,341
585027,Playing,64512,182,2,4,0,0,1,8091,16,341,16,341
585276,Playing,29696,84,2,4,0,0,1,8093,96,341,96,341
585524,Playing,58368,165,2,4,0,0,1,8097,175,341,176,341
585774,Playing,78848,223,2,4,0,0,1,8101,0,341,0,341
586022,Playing,44032,124,2,4,0,0,1,8103,0,341,0,341
586271,Playing,36864,104,2,4,0,0,1,8106,92,341,92,341
586518,Playing,65536,185,2,4,0,0,1,8113,0,341,0,341
586767,Playing,3072,8,2,4,0,0,1,8114,175,341,175,341
587016,Buffering,82944,235,3,4,0,0,1,8118,0,341,0,341
587263,Buffering,165888,470,3,4,0,0,1,8121,95,341,95,341
587513,Buffering,276480,783,3,4,0,0,1,8125,0,341,0,341
587763,Buffering,326656,925,3,5,0,0,1,8128,93,341,93,341
588012,Buffering,300032,850,3,5,0,0,1,8130,0,341,0,341
588260,Buffering,292864,830,3,5,0,0,1,8133,94,341,94,341
588508,Buffering,340992,966,3,5,0,0,1,8138,0,341,0,341
588756,Buffering,342016,969,3,5,0,0,1,8141,0,341,0,341
589002,Buffering,307200,870,3,5,0,0,1,8143,0,341,0,341
589251,Buffering,272384,772,3,5,0,0,1,8148,94,341,94,341
589560,Buffering,276480,783,3,5,0,0,1,8152,93,341,93,341
589810,Buffering,269312,763,3,5,0,0,1,8155,0,341,0,341
590059,Buffering,325632,922,3,5,0,0,1,8160,0,341,0,341
590307,Buffering,318464,902,3,5,0,0,1,8163,0,341,0,341
590555,Buffering,338944,960,3,5,0,0,1,8167,0,341,0,341
590802,Buffering,284672,806,3,5,0,0,1,8168,176,341,176,341
591051,Buffering,305152,864,3,5,0,0,1,8172,0,341,0,341
591299,Buffering,325632,922,3,5,0,0,1,8176,0,341,0,341
591547,Buffering,318464,902,3,5,0,0,1,8179,0,341,0,341
591798,Buffering,291840,827,3,5,0,0,1,8181,0,341,0,341
592047,Buffering,284672,806,3,5,0,0,1,8187,0,341,0,341
592294,Buffering,305152,864,3,5,0,0,1,8191,0,341,0,341
592540,Buffering,250880,711,3,5,0,0,1,8192,94,341,94,341
592787,Buffering,271360,769,3,5,0,0,1,8196,14,341,14,341
593037,Buffering,264192,748,3,5,0,0,1,8199,15,341,15,341
593285,Buffering,292864,830,3,5,0,0,1,8203,1,341,1,341
593535,Buffering,258048,731,3,5,0,0,1,8205,0,341,0,341
593784,Buffering,250880,711,3,5,0,0,1,8208,94,341,94,341
594034,Buffering,271360,769,3,5,0,0,1,8212,0,341,0,341
594284,Buffering,272384,772,3,5,0,0,1,8215,93,341,93,341
594531,Buffering,237568,673,3,5,0,0,1,8217,0,341,0,341
594778,Buffering,258048,731,3,5,0,0,1,8224,94,341,94,341
595026,Buffering,259072,734,3,5,0,0,1,8227,0,341,0,341
595276,Buffering,251904,714,3,5,0,0,1,8230,0,341,0,341
595526,Buffering,272384,772,3,5,0,0,1,8234,14,341,14,341
595777,Buffering,265216,751,3,5,0,0,1,8237,95,341,95,341
596027,Buffering,238592,676,3,5,0,0,1,8239,0,341,0,341
596277,Buffering,259072,734,3,5,0,0,1,8243,0,341,0,341
596526,Buffering,279552,792,3,5,0,0,1,8247,0,341,0,341
596778,Buffering,272384,772,3,5,0,0,1,8250,0,341,0,341
597041,Buffering,265216,751,3,5,0,0,1,8253,90,341,90,341
597288,Buffering,258048,731,3,5,0,0,1,8256,0,341,0,341
597542,Buffering,223232,632,3,5,0,0,1,8261,0,341,0,341
597786,Buffering,251904,714,3,5,0,0,1,8265,0,341,0,341
598060,Buffering,236544,670,3,5,0,0,1,8268,1,341,1,341
598299,Buffering,209920,595,3,5,0,0,1,8270,0,341,0,341
598542,Buffering,230400,653,3,5,0,0,1,8274,0,341,0,341
598781,Buffering,259072,734,3,5,0,0,1,8278,0,341,0,341
599028,Buffering,251904,714,3,5,0,0,1,8281,0,341,0,341
599278,Buffering,225280,638,3,5,0,0,1,8283,0,341,0,341
599529,Buffering,218112,618,3,5,0,0,1,8286,92,341,92,341
599777,Buffering,210944,597,3,5,0,0,1,8289,93,341,93,341
600024,Buffering,211968,600,3,5,0,0,1,8292,0,341,0,341
