t_ms,state,buffered_bytes,buffered_ms,underruns,resumes,play_failures,stream_rebuilds,sessions,chunk_reads,last_chunk_ms,max_chunk_ms,last_push_gap_ms,max_push_gap_ms
50,Off,0,0,0,0,0,0,1,0,0,0,0,0
264,Off,0,0,0,0,0,0,1,0,0,0,0,0
516,Off,92160,261,0,0,0,0,1,4,0,118,118,118
768,Off,1050624,2977,0,0,0,0,1,11,0,118,0,118
1020,Off,1234944,3500,0,0,0,0,1,13,0,282,0,283
1273,Off,1234944,3500,0,0,0,0,1,13,0,282,0,283
1526,Off,1234944,3500,0,0,0,0,1,13,0,282,0,283
1780,Playing,1430528,4054,0,0,0,0,1,15,0,800,0,800
2034,Playing,1340416,3799,0,0,0,0,1,15,0,800,0,800
2287,Playing,1250304,3543,0,0,0,0,1,15,0,800,0,800
2542,Playing,1289216,3654,0,0,0,0,1,17,0,800,0,800
2794,Playing,1199104,3398,0,0,0,0,1,17,0,800,0,800
3018,Playing,1125376,3189,0,0,0,0,1,17,0,800,0,800
3265,Playing,1265664,3587,0,0,0,0,1,19,0,800,0,800
3512,Playing,1175552,3332,0,0,0,0,1,19,0,800,0,800
3762,Playing,1093632,3099,0,0,0,0,1,19,0,800,0,800
4009,Playing,1206272,3419,0,0,0,0,1,21,0,800,0,800
4256,Playing,1116160,3163,0,0,0,0,1,21,0,800,0,800
4505,Playing,1034240,2931,0,0,0,0,1,21,0,800,0,800
4753,Playing,1156096,3276,0,0,0,0,1,23,0,800,0,800
5001,Playing,1065984,3021,0,0,0,0,1,23,0,800,0,800
5250,Playing,1196032,3390,0,0,0,0,1,25,0,800,0,800
5501,Playing,1105920,3134,0,0,0,0,1,25,0,800,0,800
5750,Playing,1015808,2879,0,0,0,0,1,25,0,800,0,800
6000,Playing,1110016,3146,0,0,0,0,1,27,0,800,0,800
6250,Playing,1028096,2914,0,0,0,0,1,27,0,800,0,800
6559,Playing,913408,2589,0,0,0,0,1,27,0,800,0,800
6808,Playing,831488,2356,0,0,0,0,1,27,0,800,0,800
7056,Playing,971776,2754,0,0,0,0,1,29,0,1001,0,1002
7303,Playing,881664,2499,0,0,0,0,1,29,0,1001,0,1002
7550,Playing,984064,2789,0,0,0,0,1,31,0,1001,0,1002
7799,Playing,893952,2533,0,0,0,0,1,31,0,1001,0,1002
8048,Playing,803840,2278,0,0,0,0,1,31,0,1001,0,1002
8297,Playing,933888,2647,0,0,0,0,1,33,0,1001,0,1002
8547,Playing,843776,2391,0,0,0,0,1,33,0,1001,0,1002
8796,Playing,753664,2136,0,0,0,0,1,33,0,1001,0,1002
9045,Playing,857088,2429,0,0,0,0,1,35,0,1001,0,1002
9293,Playing,775168,2197,0,0,0,0,1,35,0,1001,0,1002
9544,Playing,685056,1941,0,0,0,0,1,35,0,1001,0,1002
9791,Playing,816128,2313,0,0,0,0,1,37,0,1001,0,1002
10038,Playing,734208,2081,0,0,0,0,1,37,0,1001,0,1002
10288,Playing,644096,1825,0,0,0,0,1,37,0,1001,0,1002
10538,Playing,701440,1988,0,0,0,0,1,39,0,1001,0,1002
10785,Playing,619520,1756,0,0,0,0,1,39,0,1001,0,1002
11032,Playing,529408,1500,0,0,0,0,1,39,0,1001,0,1002
11282,Playing,651264,1845,0,0,0,0,1,41,0,1001,0,1002
11533,Playing,569344,1613,0,0,0,0,1,41,0,1001,0,1002
11779,Playing,672768,1906,0,0,0,0,1,43,0,1001,0,1002
12032,Playing,582656,1651,0,0,0,0,1,43,0,1001,0,1002
12279,Playing,500736,1419,0,0,0,0,1,43,0,1001,0,1002
12527,Playing,410624,1163,0,0,0,0,1,43,0,1001,0,1002
12776,Playing,532480,1509,0,0,0,0,1,45,0,1001,0,1002
13024,Playing,450560,1277,0,0,0,0,1,45,0,1001,0,1002
13271,Playing,360448,1021,0,0,0,0,1,45,0,1001,0,1002
13521,Playing,482304,1367,0,0,0,0,1,47,0,1001,0,1002
13769,Playing,400384,1134,0,0,0,0,1,47,0,1001,0,1002
14016,Playing,310272,879,0,0,0,0,1,47,0,1001,0,1002
14265,Playing,413696,1172,0,0,0,0,1,49,0,1001,0,1002
14514,Playing,331776,940,0,0,0,0,1,49,0,1001,0,1002
14762,Playing,462848,1311,0,0,0,0,1,51,0,1001,0,1002
15012,Playing,372736,1056,0,0,0,0,1,51,0,1001,0,1002
15260,Playing,290816,824,0,0,0,0,1,51,0,1001,0,1002
15508,Playing,394240,1117,0,0,0,0,1,53,0,1001,0,1002
15758,Playing,304128,862,0,0,0,0,1,53,0,1001,0,1002
16004,Playing,222208,629,0,0,0,0,1,53,0,1001,0,1002
16253,Playing,344064,975,0,0,0,0,1,55,0,1001,0,1002
16503,Playing,253952,719,0,0,0,0,1,55,0,1001,0,1002
16751,Playing,163840,464,0,0,0,0,1,55,0,1001,0,1002
17059,Playing,241664,684,0,0,0,0,1,57,0,1001,0,1002
17310,Playing,151552,429,0,0,0,0,1,57,0,1001,0,1002
17559,Playing,69632,197,0,0,0,0,1,57,0,1001,0,1002
17808,Playing,209920,595,0,0,0,0,1,59,0,1001,0,1002
18056,Playing,119808,339,0,0,0,0,1,59,0,1001,0,1002
18305,Playing,37888,107,0,0,0,0,1,59,0,1001,0,1002
18554,Buffering,119808,339,1,0,0,0,1,61,0,1001,0,1002
18803,Buffering,119808,339,1,0,0,0,1,61,0,1001,0,1002
19050,Buffering,119808,339,1,0,0,0,1,61,0,1001,0,1002
19297,Buffering,331776,940,1,0,0,0,1,63,0,1001,0,1002
19547,Buffering,331776,940,1,0,0,0,1,63,0,1001,0,1002
19795,Buffering,331776,940,1,0,0,0,1,63,0,1001,0,1002
20043,Buffering,414720,1175,1,1,0,0,1,65,0,1001,0,1002
20293,Buffering,324608,920,1,1,0,0,1,65,0,1001,0,1002
20541,Buffering,463872,1314,1,1,0,0,1,67,0,1001,0,1002
20790,Buffering,373760,1059,1,1,0,0,1,67,0,1001,0,1002
21039,Buffering,283648,803,1,1,0,0,1,67,0,1001,0,1002
21286,Buffering,387072,1097,1,1,0,0,1,69,0,1001,0,1002
21535,Buffering,305152,864,1,1,0,0,1,69,0,1001,0,1002
21783,Buffering,215040,609,1,1,0,0,1,69,0,1001,0,1002
22030,Buffering,345088,978,1,1,0,0,1,71,0,1001,0,1002
22279,Buffering,254976,722,1,1,0,0,1,71,0,1001,0,1002
22528,Buffering,376832,1068,1,1,0,0,1,73,0,1001,0,1002
22779,Buffering,286720,812,1,1,0,0,1,73,0,1001,0,1002
23027,Buffering,204800,580,1,1,0,0,1,73,0,1001,0,1002
23275,Buffering,308224,873,1,1,0,0,1,75,0,1001,0,1002
23522,Buffering,226304,641,1,1,0,0,1,75,0,1001,0,1002
23773,Buffering,136192,386,1,1,0,0,1,75,0,1001,0,1002
24023,Buffering,258048,731,1,1,0,0,1,77,0,1001,0,1002
24270,Buffering,167936,476,1,1,0,0,1,77,0,1001,0,1002
24518,Buffering,86016,243,1,1,0,0,1,77,0,1001,0,1002
24766,Buffering,198656,563,1,1,0,0,1,79,0,1001,0,1002
25017,Buffering,108544,307,1,1,0,0,1,79,0,1001,0,1002
25266,Buffering,26624,75,1,1,0,0,1,79,0,1001,0,1002
25512,Buffering,0,0,1,1,0,0,1,79,0,1001,0,1002
25761,Playing,188416,534,1,2,0,0,1,81,0,1001,0,1002
26009,Playing,106496,301,1,2,0,0,1,81,0,1001,0,1002
26258,Playing,16384,46,1,2,0,0,1,81,0,1001,0,1002
26508,Playing,119808,339,1,2,0,0,1,83,0,1001,0,1002
26757,Playing,37888,107,1,2,0,0,1,83,0,1001,0,1002
27005,Buffering,211968,600,2,2,0,0,1,85,0,1001,0,1002
27253,Buffering,211968,600,2,2,0,0,1,85,0,1001,0,1002
27503,Buffering,211968,600,2,2,0,0,1,85,0,1001,0,1002
27751,Buffering,331776,940,2,2,0,0,1,87,0,1001,0,1002
28000,Buffering,331776,940,2,2,0,0,1,87,0,1001,0,1002
28250,Buffering,331776,940,2,2,0,0,1,87,0,1001,0,1002
28559,Buffering,537600,1523,2,3,0,0,1,89,0,1001,0,1002
28808,Buffering,455680,1291,2,3,0,0,1,89,0,1001,0,1002
29055,Buffering,365568,1036,2,3,0,0,1,89,0,1001,0,1002
29302,Buffering,459776,1303,2,3,0,0,1,91,0,1001,0,1002
29547,Buffering,377856,1071,2,3,0,0,1,91,0,1001,0,1002
29795,Buffering,287744,815,2,3,0,0,1,91,0,1001,0,1002
30043,Buffering,417792,1184,2,3,0,0,1,93,0,1001,0,1002
30295,Buffering,327680,928,2,3,0,0,1,93,0,1001,0,1002
30542,Buffering,237568,673,2,3,0,0,1,93,0,1001,0,1002
30790,Buffering,376832,1068,2,3,0,0,1,95,0,1001,0,1002
31039,Buffering,286720,812,2,3,0,0,1,95,0,1001,0,1002
31288,Buffering,399360,1131,2,3,0,0,1,97,0,1001,0,1002
31537,Buffering,317440,899,2,3,0,0,1,97,0,1001,0,1002
31789,Buffering,227328,644,2,3,0,0,1,97,0,1001,0,1002
32039,Buffering,137216,388,2,3,0,0,1,97,0,1001,0,1002
32286,Buffering,277504,786,2,3,0,0,1,99,0,1001,0,1002
32535,Buffering,195584,554,2,3,0,0,1,99,0,1001,0,1002
32783,Buffering,105472,298,2,3,0,0,1,99,0,1001,0,1002
33034,Buffering,199680,565,2,3,0,0,1,101,0,1001,0,1002
33284,Buffering,117760,333,2,3,0,0,1,101,0,1001,0,1002
33533,Buffering,239616,679,2,3,0,0,1,103,0,1001,0,1002
33783,Buffering,149504,423,2,3,0,0,1,103,0,1001,0,1002
34030,Buffering,67584,191,2,3,0,0,1,103,0,1001,0,1002
34279,Playing,167936,476,2,4,0,0,1,105,0,1001,0,1002
34528,Playing,77824,220,2,4,0,0,1,105,0,1001,0,1002
34778,Playing,0,0,2,4,0,0,1,105,0,1001,0,1002
35025,Buffering,211968,600,3,4,0,0,1,107,0,1001,0,1002
35273,Buffering,211968,600,3,4,0,0,1,107,0,1001,0,1002
35522,Buffering,211968,600,3,4,0,0,1,107,0,1001,0,1002
35772,Buffering,348160,986,3,5,0,0,1,109,0,1001,0,1002
36022,Buffering,258048,731,3,5,0,0,1,109,0,1001,0,1002
36270,Buffering,176128,499,3,5,0,0,1,109,0,1001,0,1002
36517,Buffering,316416,896,3,5,0,0,1,111,0,1001,0,1002
36767,Buffering,226304,641,3,5,0,0,1,111,0,1001,0,1002
37016,Buffering,283648,803,3,5,0,0,1,113,0,1001,0,1002
37266,Buffering,201728,571,3,5,0,0,1,113,0,1001,0,1002
37514,Buffering,111616,316,3,5,0,0,1,113,0,1001,0,1002
37763,Buffering,21504,60,3,5,0,0,1,113,0,1001,0,1002
38013,Buffering,211968,600,3,5,0,0,1,115,0,1001,0,1002
38261,Buffering,211968,600,3,5,0,0,1,115,0,1001,0,1002
38510,Buffering,346112,981,3,6,0,0,1,117,0,1001,0,1002
38759,Buffering,264192,748,3,6,0,0,1,117,0,1001,0,1002
39006,Buffering,174080,493,3,6,0,0,1,117,0,1001,0,1002
39255,Buffering,83968,238,3,6,0,0,1,117,0,1001,0,1002
39506,Buffering,214016,606,3,6,0,0,1,119,0,1001,0,1002
39754,Buffering,123904,351,3,6,0,0,1,119,0,1001,0,1002
40003,Buffering,236544,670,3,6,0,0,1,121,0,1001,0,1002
40253,Buffering,146432,415,3,6,0,0,1,121,0,1001,0,1002
40501,Buffering,64512,182,3,6,0,0,1,121,0,1001,0,1002
40751,Buffering,195584,554,3,6,0,0,1,123,0,1001,0,1002
41059,Buffering,89088,252,3,6,0,0,1,123,0,1001,0,1002
41307,Buffering,0,0,3,6,0,0,1,123,0,1001,0,1002
41555,Reconnecting,0,0,3,7,0,0,1,124,655,1001,655,1002
41803,Reconnecting,0,0,3,7,0,0,1,124,655,1001,655,1002
42051,Reconnecting,0,0,3,7,0,0,1,124,655,1001,655,1002
42300,Reconnecting,0,0,3,7,0,0,1,124,655,1001,655,1002
42548,Reconnecting,0,0,3,7,0,0,1,124,655,1001,655,1002
42799,Reconnecting,0,0,3,7,0,0,1,124,655,1001,655,1002
43047,Reconnecting,0,0,3,7,0,0,1,124,655,1001,655,1002
43295,Reconnecting,0,0,3,7,0,0,1,124,655,1001,655,1002
43543,Reconnecting,0,0,3,7,0,0,1,124,655,1001,655,1002
43791,Reconnecting,0,0,3,7,0,0,1,124,655,1001,655,1002
44042,Reconnecting,0,0,3,7,0,0,1,124,655,1001,655,1002
44291,Reconnecting,0,0,3,7,0,0,1,124,655,1001,655,1002
44537,Reconnecting,0,0,3,7,0,0,1,124,655,1001,655,1002
44784,Reconnecting,0,0,3,7,0,0,1,124,655,1001,655,1002
45034,Reconnecting,0,0,3,7,0,0,1,124,655,1001,655,1002
45285,Reconnecting,0,0,3,7,0,0,1,124,655,1001,655,1002
45532,Reconnecting,0,0,3,7,0,0,1,124,655,1001,655,1002
45782,Reconnecting,0,0,3,7,0,0,1,124,655,1001,655,1002
46030,Reconnecting,0,0,3,7,0,0,1,124,655,1001,655,1002
46280,Reconnecting,0,0,3,7,0,0,1,124,655,1001,655,1002
46528,Reconnecting,0,0,3,7,0,0,2,124,655,1001,655,1002
46779,Reconnecting,0,0,3,7,0,0,2,130,0,1001,655,1002
47026,Reconnecting,0,0,3,7,0,0,2,130,0,1001,655,1002
47274,Reconnecting,0,0,3,7,0,0,2,130,0,1001,655,1002
47521,Reconnecting,0,0,3,7,0,0,2,130,0,1001,655,1002
47769,Reconnecting,0,0,3,7,0,0,2,130,0,1001,655,1002
48017,Reconnecting,0,0,3,7,0,0,2,130,0,1001,655,1002
48267,Reconnecting,0,0,3,7,0,0,2,130,0,1001,655,1002
48515,Reconnecting,0,0,3,7,0,0,2,130,0,1001,655,1002
48764,Reconnecting,0,0,3,7,0,0,2,130,0,1001,655,1002
49012,Reconnecting,0,0,3,7,0,0,2,130,0,1001,655,1002
49260,Reconnecting,0,0,3,7,0,0,2,130,0,1001,655,1002
49508,Reconnecting,0,0,3,7,0,0,2,130,0,1001,655,1002
49758,Reconnecting,0,0,3,7,0,0,2,130,0,1001,655,1002
50007,Reconnecting,0,0,3,7,0,0,2,130,0,1001,655,1002
50255,Reconnecting,0,0,3,7,0,0,2,130,0,1001,655,1002
50503,Reconnecting,0,0,3,7,0,0,2,130,0,1001,655,1002
50753,Reconnecting,0,0,3,7,0,0,2,130,0,1001,655,1002
51001,Reconnecting,0,0,3,7,0,0,2,130,0,1001,655,1002
51310,Reconnecting,0,0,3,7,0,0,2,130,0,1001,655,1002
51560,Reconnecting,0,0,3,7,0,0,2,130,0,1001,655,1002
51809,Reconnecting,0,0,3,7,0,0,3,130,0,1001,655,1002
52059,Reconnecting,0,0,3,7,0,0,3,133,0,1001,655,1002
52304,Reconnecting,599040,1697,3,7,0,0,3,139,110,1001,110,1002
52551,Reconnecting,967680,2742,3,7,0,0,3,142,0,1001,0,1002
52800,Reconnecting,1152000,3265,3,7,0,0,3,144,0,1001,0,1002
53051,Reconnecting,1152000,3265,3,7,0,0,3,144,0,1001,0,1002
53298,Reconnecting,1152000,3265,3,7,0,0,3,144,0,1001,0,1002
53546,Reconnecting,1363968,3866,3,7,0,0,3,146,0,1001,0,1002
53793,Reconnecting,1363968,3866,3,7,0,0,3,146,0,1001,0,1002
54041,Reconnecting,1363968,3866,3,7,0,0,3,146,0,1001,0,1002
54290,Playing,1526784,4327,3,7,0,0,3,148,0,1001,0,1002
54537,Playing,1444864,4095,3,7,0,0,3,148,0,1001,0,1002
54786,Playing,1548288,4388,3,7,0,0,3,150,9,1001,9,1002
55033,Playing,1466368,4156,3,7,0,0,3,150,9,1001,9,1002
55280,Playing,1376256,3900,3,7,0,0,3,150,9,1001,9,1002
55532,Playing,1286144,3645,3,7,0,0,3,150,9,1001,9,1002
55781,Playing,1416192,4014,3,7,0,0,3,152,0,1001,0,1002
56030,Playing,1326080,3758,3,7,0,0,3,152,0,1001,0,1002
56280,Playing,1420288,4025,3,7,0,0,3,154,0,1001,0,1002
56530,Playing,1330176,3770,3,7,0,0,3,154,0,1001,0,1002
56780,Playing,1248256,3538,3,7,0,0,3,154,0,1001,0,1002
57032,Playing,1370112,3883,3,7,0,0,3,156,0,1001,0,1002
57278,Playing,1280000,3628,3,7,0,0,3,156,0,1001,0,1002
57530,Playing,1189888,3372,3,7,0,0,3,156,0,1001,0,1002
57778,Playing,1292288,3662,3,7,0,0,3,158,0,1001,0,1002
58028,Playing,1202176,3407,3,7,0,0,3,158,0,1001,0,1002
58277,Playing,1112064,3152,3,7,0,0,3,158,0,1001,0,1002
58524,Playing,1242112,3520,3,7,0,0,3,160,0,1001,0,1002
58775,Playing,1152000,3265,3,7,0,0,3,160,0,1001,0,1002
59024,Playing,1061888,3009,3,7,0,0,3,160,0,1001,0,1002
59273,Playing,1164288,3300,3,7,0,0,3,162,1,1001,1,1002
59523,Playing,1074176,3044,3,7,0,0,3,162,1,1001,1,1002
59772,Playing,984064,2789,3,7,0,0,3,162,1,1001,1,1002
60021,Playing,1123328,3184,3,7,0,0,3,164,0,1001,0,1002
60270,Playing,1033216,2928,3,7,0,0,3,164,0,1001,0,1002
60518,Playing,1136640,3221,3,7,0,0,3,166,0,1001,0,1002
60768,Playing,1046528,2966,3,7,0,0,3,166,0,1001,0,1002
61017,Playing,964608,2734,3,7,0,0,3,166,0,1001,0,1002
61267,Playing,874496,2478,3,7,0,0,3,166,0,1001,0,1002
61517,Playing,1005568,2850,3,7,0,0,3,168,0,1001,0,1002
61763,Playing,923648,2618,3,7,0,0,3,168,0,1001,0,1002
62013,Playing,980992,2780,3,7,0,0,3,170,0,1001,0,1002
62261,Playing,890880,2525,3,7,0,0,3,170,0,1001,0,1002
62510,Playing,808960,2292,3,7,0,0,3,170,0,1001,0,1002
62758,Playing,718848,2037,3,7,0,0,3,170,0,1001,0,1002
63008,Playing,840704,2382,3,7,0,0,3,172,0,1001,0,1002
63258,Playing,758784,2150,3,7,0,0,3,172,0,1001,0,1002
63506,Playing,871424,2470,3,7,0,0,3,174,0,1001,0,1002
63755,Playing,781312,2214,3,7,0,0,3,174,0,1001,0,1002
64003,Playing,699392,1982,3,7,0,0,3,174,0,1001,0,1002
64253,Playing,821248,2327,3,7,0,0,3,176,0,1001,0,1002
64502,Playing,731136,2072,3,7,0,0,3,176,0,1001,0,1002
64751,Playing,649216,1840,3,7,0,0,3,176,0,1001,0,1002
65000,Playing,771072,2185,3,7,0,0,3,178,0,1001,0,1002
65313,Playing,656384,1860,3,7,0,0,3,178,0,1001,0,1002
65502,Playing,590848,1674,3,7,0,0,3,178,0,1001,0,1002
65750,Playing,702464,1991,3,7,0,0,3,180,0,1001,0,1002
66001,Playing,612352,1735,3,7,0,0,3,180,0,1001,0,1002
66250,Playing,522240,1480,3,7,0,0,3,180,0,1001,0,1002
66560,Playing,636928,1805,3,7,0,0,3,182,0,1001,0,1002
66808,Playing,546816,1549,3,7,0,0,3,182,0,1001,0,1002
67059,Playing,650240,1843,3,7,0,0,3,184,0,1001,0,1002
67309,Playing,568320,1610,3,7,0,0,3,184,0,1001,0,1002
67559,Playing,478208,1355,3,7,0,0,3,184,0,1001,0,1002
67808,Playing,600064,1700,3,7,0,0,3,186,0,1001,0,1002
68055,Playing,518144,1468,3,7,0,0,3,186,0,1001,0,1002
68303,Playing,428032,1213,3,7,0,0,3,186,0,1001,0,1002
68551,Playing,522240,1480,3,7,0,0,3,188,0,1001,0,1002
68800,Playing,440320,1248,3,7,0,0,3,188,0,1001,0,1002
69048,Playing,350208,992,3,7,0,0,3,188,0,1001,0,1002
69296,Playing,490496,1390,3,7,0,0,3,190,0,1001,0,1002
69541,Playing,408576,1158,3,7,0,0,3,190,0,1001,0,1002
69790,Playing,318464,902,3,7,0,0,3,190,0,1001,0,1002
70038,Playing,236544,670,3,7,0,0,3,190,0,1001,0,1002
70286,Playing,266240,754,3,7,0,0,3,192,0,1001,0,1002
70534,Playing,388096,1100,3,7,0,0,3,194,0,1001,0,1002
70783,Playing,306176,867,3,7,0,0,3,194,0,1001,0,1002
71031,Playing,216064,612,3,7,0,0,3,194,0,1001,0,1002
71278,Playing,125952,357,3,7,0,0,3,194,0,1001,0,1002
71527,Playing,200704,568,3,7,0,0,3,196,0,1001,0,1002
71776,Playing,110592,313,3,7,0,0,3,196,0,1001,0,1002
72024,Playing,20480,58,3,7,0,0,3,196,0,1001,0,1002
72272,Buffering,221184,626,4,7,0,0,3,198,0,1001,0,1002
72524,Buffering,221184,626,4,7,0,0,3,198,0,1001,0,1002
72771,Buffering,221184,626,4,7,0,0,3,198,0,1001,0,1002
73019,Buffering,350208,992,4,8,0,0,3,200,0,1001,0,1002
73266,Buffering,268288,760,4,8,0,0,3,200,0,1001,0,1002
73517,Buffering,178176,505,4,8,0,0,3,200,0,1001,0,1002
73765,Buffering,272384,772,4,8,0,0,3,202,0,1001,0,1002
74013,Buffering,190464,539,4,8,0,0,3,202,0,1001,0,1002
74263,Buffering,312320,885,4,8,0,0,3,204,0,1001,0,1002
74512,Buffering,222208,629,4,8,0,0,3,204,0,1001,0,1002
74761,Buffering,140288,397,4,8,0,0,3,204,0,1001,0,1002
75012,Buffering,234496,664,4,8,0,0,3,206,0,1001,0,1002
75262,Buffering,144384,409,4,8,0,0,3,206,0,1001,0,1002
75511,Buffering,54272,153,4,8,0,0,3,206,0,1001,0,1002
75757,Buffering,211968,600,4,8,0,0,3,208,0,1001,0,1002
76006,Buffering,211968,600,4,8,0,0,3,208,0,1001,0,1002
76254,Buffering,211968,600,4,8,0,0,3,208,0,1001,0,1002
76501,Buffering,364544,1033,4,9,0,0,3,210,0,1001,0,1002
76750,Buffering,274432,777,4,9,0,0,3,210,0,1001,0,1002
77062,Buffering,167936,476,4,9,0,0,3,210,0,1001,0,1002
77250,Buffering,323584,917,4,9,0,0,3,212,0,1001,0,1002
77561,Buffering,208896,592,4,9,0,0,3,212,0,1001,0,1002
77809,Buffering,126976,359,4,9,0,0,3,212,0,1001,0,1002
78058,Buffering,230400,653,4,9,0,0,3,214,0,1001,0,1002
78309,Buffering,140288,397,4,9,0,0,3,214,0,1001,0,1002
78557,Buffering,270336,766,4,9,0,0,3,216,0,1001,0,1002
78805,Buffering,180224,510,4,9,0,0,3,216,0,1001,0,1002
79053,Buffering,90112,255,4,9,0,0,3,216,0,1001,0,1002
79302,Buffering,128000,362,4,9,0,0,3,218,0,1001,0,1002
79548,Buffering,37888,107,4,9,0,0,3,218,0,1001,0,1002
79797,Buffering,0,0,4,9,0,0,3,218,0,1001,0,1002
80047,Playing,222208,629,4,10,0,0,3,220,0,1001,0,1002
80297,Playing,132096,374,4,10,0,0,3,220,0,1001,0,1002
80544,Playing,41984,119,4,10,0,0,3,220,0,1001,0,1002
80794,Playing,0,0,4,10,0,0,3,220,0,1001,0,1002
81043,Buffering,184320,522,5,10,0,0,3,222,0,1001,0,1002
81293,Buffering,184320,522,5,10,0,0,3,222,0,1001,0,1002
81540,Buffering,338944,960,5,11,0,0,3,224,0,1001,0,1002
81791,Buffering,248832,705,5,11,0,0,3,224,0,1001,0,1002
82039,Buffering,158720,449,5,11,0,0,3,224,0,1001,0,1002
82287,Buffering,159744,452,5,11,0,0,3,225,907,1001,0,1002
82534,Buffering,198656,563,5,11,0,0,3,226,0,1001,0,1002
82784,Buffering,108544,307,5,11,0,0,3,226,0,1001,0,1002
83033,Buffering,229376,650,5,11,0,0,3,228,0,1001,0,1002
83282,Buffering,139264,394,5,11,0,0,3,228,0,1001,0,1002
83528,Buffering,49152,139,5,11,0,0,3,228,0,1001,0,1002
83778,Buffering,230400,653,5,11,0,0,3,230,0,1001,0,1002
84025,Buffering,230400,653,5,11,0,0,3,230,0,1001,0,1002
84277,Buffering,230400,653,5,11,0,0,3,230,0,1001,0,1002
84525,Buffering,373760,1059,5,12,0,0,3,232,0,1001,0,1002
84771,Buffering,291840,827,5,12,0,0,3,232,0,1001,0,1002
85022,Buffering,201728,571,5,12,0,0,3,232,0,1001,0,1002
85270,Buffering,323584,917,5,12,0,0,3,234,0,1001,0,1002
85517,Buffering,241664,684,5,12,0,0,3,234,0,1001,0,1002
85769,Buffering,151552,429,5,12,0,0,3,234,0,1001,0,1002
86017,Buffering,245760,696,5,12,0,0,3,236,0,1001,0,1002
86266,Buffering,163840,464,5,12,0,0,3,236,0,1001,0,1002
86515,Buffering,73728,208,5,12,0,0,3,236,0,1001,0,1002
86762,Buffering,195584,554,5,12,0,0,3,238,0,1001,0,1002
87009,Buffering,113664,322,5,12,0,0,3,238,0,1001,0,1002
87258,Buffering,217088,615,5,12,0,0,3,240,0,1001,0,1002
87507,Buffering,126976,359,5,12,0,0,3,240,0,1001,0,1002
87755,Buffering,36864,104,5,12,0,0,3,240,0,1001,0,1002
88003,Playing,212992,603,5,13,0,0,3,242,0,1001,0,1002
88251,Playing,122880,348,5,13,0,0,3,242,0,1001,0,1002
88500,Playing,32768,92,5,13,0,0,3,242,0,1001,0,1002
88809,Buffering,147456,417,6,13,0,0,3,244,0,1001,0,1002
89059,Buffering,147456,417,6,13,0,0,3,244,0,1001,0,1002
89304,Buffering,147456,417,6,13,0,0,3,244,0,1001,0,1002
89554,Buffering,326656,925,6,14,0,0,3,246,0,1001,0,1002
89804,Buffering,236544,670,6,14,0,0,3,246,0,1001,0,1002
90055,Buffering,154624,438,6,14,0,0,3,246,0,1001,0,1002
90301,Buffering,239616,679,6,14,0,0,3,248,0,1001,0,1002
90550,Buffering,149504,423,6,14,0,0,3,248,0,1001,0,1002
90798,Buffering,279552,792,6,14,0,0,3,250,0,1001,0,1002
91046,Buffering,189440,536,6,14,0,0,3,250,0,1001,0,1002
91295,Buffering,99328,281,6,14,0,0,3,250,0,1001,0,1002
91542,Buffering,220160,624,6,14,0,0,3,252,0,1001,0,1002
91790,Buffering,130048,368,6,14,0,0,3,252,0,1001,0,1002
92037,Buffering,48128,136,6,14,0,0,3,252,0,1001,0,1002
92284,Buffering,211968,600,6,14,0,0,3,254,0,1001,0,1002
92532,Buffering,211968,600,6,14,0,0,3,254,0,1001,0,1002
92780,Buffering,211968,600,6,14,0,0,3,254,0,1001,0,1002
93030,Buffering,399360,1131,6,15,0,0,3,256,0,1001,0,1002
93280,Buffering,309248,876,6,15,0,0,3,256,0,1001,0,1002
93531,Buffering,227328,644,6,15,0,0,3,256,0,1001,0,1002
93780,Buffering,321536,911,6,15,0,0,3,258,0,1001,0,1002
94029,Buffering,231424,655,6,15,0,0,3,258,0,1001,0,1002
94277,Buffering,141312,400,6,15,0,0,3,258,0,1001,0,1002
94525,Buffering,271360,769,6,15,0,0,3,260,0,1001,0,1002
94774,Buffering,181248,513,6,15,0,0,3,260,0,1001,0,1002
95024,Buffering,275456,780,6,15,0,0,3,262,0,1001,0,1002
95274,Buffering,193536,548,6,15,0,0,3,262,0,1001,0,1002
95523,Buffering,103424,293,6,15,0,0,3,262,0,1001,0,1002
95772,Buffering,225280,638,6,15,0,0,3,264,0,1001,0,1002
96019,Buffering,143360,406,6,15,0,0,3,264,0,1001,0,1002
96268,Buffering,53248,150,6,15,0,0,3,264,0,1001,0,1002
96516,Reconnecting,0,0,6,16,0,0,3,265,780,1001,780,1002
96765,Reconnecting,0,0,6,16,0,0,3,265,780,1001,780,1002
97015,Reconnecting,0,0,6,16,0,0,3,265,780,1001,780,1002
97262,Reconnecting,0,0,6,16,0,0,3,265,780,1001,780,1002
97512,Reconnecting,0,0,6,16,0,0,3,265,780,1001,780,1002
97761,Reconnecting,0,0,6,16,0,0,3,265,780,1001,780,1002
98012,Reconnecting,0,0,6,16,0,0,3,265,780,1001,780,1002
98261,Reconnecting,0,0,6,16,0,0,3,265,780,1001,780,1002
98509,Reconnecting,0,0,6,16,0,0,3,265,780,1001,780,1002
98757,Reconnecting,0,0,6,16,0,0,3,265,780,1001,780,1002
99008,Reconnecting,0,0,6,16,0,0,3,265,780,1001,780,1002
99258,Reconnecting,0,0,6,16,0,0,3,265,780,1001,780,1002
99505,Reconnecting,0,0,6,16,0,0,3,265,780,1001,780,1002
99750,Reconnecting,0,0,6,16,0,0,3,265,780,1001,780,1002
100062,Reconnecting,0,0,6,16,0,0,3,265,780,1001,780,1002
100310,Reconnecting,0,0,6,16,0,0,3,265,780,1001,780,1002
100559,Reconnecting,0,0,6,16,0,0,3,265,780,1001,780,1002
100804,Reconnecting,0,0,6,16,0,0,3,265,780,1001,780,1002
101052,Reconnecting,0,0,6,16,0,0,3,265,780,1001,780,1002
101301,Reconnecting,0,0,6,16,0,0,3,265,780,1001,780,1002
101549,Reconnecting,0,0,6,16,0,0,3,265,780,1001,780,1002
101798,Reconnecting,0,0,6,16,0,0,4,265,780,1001,780,1002
102050,Reconnecting,101376,287,6,16,0,0,4,273,0,1001,0,1002
102300,Reconnecting,700416,1985,6,16,0,0,4,278,0,1001,0,1002
102547,Reconnecting,700416,1985,6,16,0,0,4,278,0,1001,0,1002
102798,Reconnecting,700416,1985,6,16,0,0,4,278,0,1001,0,1002
103045,Reconnecting,912384,2586,6,16,0,0,4,280,0,1001,0,1002
103295,Reconnecting,912384,2586,6,16,0,0,4,280,0,1001,0,1002
103545,Reconnecting,912384,2586,6,16,0,0,4,280,0,1001,0,1002
103791,Reconnecting,1041408,2951,6,16,0,0,4,282,0,1001,0,1002
104039,Reconnecting,1041408,2951,6,16,0,0,4,282,0,1001,0,1002
104287,Reconnecting,1271808,3604,6,16,0,0,4,284,0,1001,0,1002
104535,Reconnecting,1271808,3604,6,16,0,0,4,284,0,1001,0,1002
104785,Reconnecting,1271808,3604,6,16,0,0,4,284,0,1001,0,1002
105033,Reconnecting,1271808,3604,6,16,0,0,4,284,0,1001,0,1002
105282,Playing,1401856,3973,6,16,0,0,4,286,0,1001,0,1002
105532,Playing,1311744,3718,6,16,0,0,4,286,0,1001,0,1002
105781,Playing,1441792,4086,6,16,0,0,4,288,0,1001,0,1002
106029,Playing,1351680,3831,6,16,0,0,4,288,0,1001,0,1002
106275,Playing,1261568,3575,6,16,0,0,4,288,0,1001,0,1002
106525,Playing,1179648,3343,6,16,0,0,4,288,0,1001,0,1002
106774,Playing,1301504,3689,6,16,0,0,4,290,0,1001,0,1002
107020,Playing,1211392,3433,6,16,0,0,4,290,0,1001,0,1002
107269,Playing,1313792,3723,6,16,0,0,4,292,0,1001,0,1002
107519,Playing,1223680,3468,6,16,0,0,4,292,0,1001,0,1002
107768,Playing,1133568,3213,6,16,0,0,4,292,0,1001,0,1002
108017,Playing,1051648,2980,6,16,0,0,4,292,0,1001,0,1002
108266,Playing,1191936,3378,6,16,0,0,4,294,0,1001,0,1002
108513,Playing,1101824,3123,6,16,0,0,4,294,0,1001,0,1002
108758,Playing,1204224,3413,6,16,0,0,4,296,0,1001,0,1002
109004,Playing,1114112,3157,6,16,0,0,4,296,0,1001,0,1002
109253,Playing,1024000,2902,6,16,0,0,4,296,0,1001,0,1002
109502,Playing,1154048,3271,6,16,0,0,4,298,0,1001,0,1002
109752,Playing,1063936,3015,6,16,0,0,4,298,0,1001,0,1002
110001,Playing,973824,2760,6,16,0,0,4,298,0,1001,0,1002
110254,Playing,1086464,3079,6,16,0,0,4,300,0,1001,0,1002
110505,Playing,1004544,2847,6,16,0,0,4,300,0,1001,0,1002
110751,Playing,914432,2591,6,16,0,0,4,300,0,1001,0,1002
111001,Playing,1045504,2963,6,16,0,0,4,302,0,1001,0,1002
111252,Playing,963584,2731,6,16,0,0,4,302,0,1001,0,1002
111501,Playing,873472,2475,6,16,0,0,4,302,0,1001,0,1002
111750,Playing,930816,2638,6,16,0,0,4,304,0,1001,0,1002
112062,Playing,824320,2336,6,16,0,0,4,304,0,1001,0,1002
112310,Playing,734208,2081,6,16,0,0,4,304,0,1001,0,1002
112500,Playing,880640,2496,6,16,0,0,4,306,0,1001,0,1002
112811,Playing,774144,2194,6,16,0,0,4,306,0,1001,0,1002
113061,Playing,877568,2487,6,16,0,0,4,308,0,1001,0,1002
113309,Playing,787456,2232,6,16,0,0,4,308,0,1001,0,1002
113560,Playing,697344,1976,6,16,0,0,4,308,0,1001,0,1002
113807,Playing,615424,1744,6,16,0,0,4,308,0,1001,0,1002
114052,Playing,737280,2089,6,16,0,0,4,310,0,1001,0,1002
114301,Playing,655360,1857,6,16,0,0,4,310,0,1001,0,1002
114550,Playing,777216,2202,6,16,0,0,4,312,0,1001,0,1002
114798,Playing,687104,1947,6,16,0,0,4,312,0,1001,0,1002
115048,Playing,605184,1715,6,16,0,0,4,312,0,1001,0,1002
115297,Playing,708608,2008,6,16,0,0,4,314,0,1001,0,1002
115545,Playing,618496,1753,6,16,0,0,4,314,0,1001,0,1002
115794,Playing,536576,1520,6,16,0,0,4,314,0,1001,0,1002
116044,Playing,667648,1892,6,16,0,0,4,316,0,1001,0,1002
116292,Playing,577536,1637,6,16,0,0,4,316,0,1001,0,1002
116541,Playing,698368,1979,6,16,0,0,4,318,0,1001,0,1002
116789,Playing,608256,1724,6,16,0,0,4,318,0,1001,0,1002
117038,Playing,518144,1468,6,16,0,0,4,318,0,1001,0,1002
117285,Playing,436224,1236,6,16,0,0,4,318,0,1001,0,1002
117534,Playing,567296,1607,6,16,0,0,4,320,0,1001,0,1002
117783,Playing,477184,1352,6,16,0,0,4,320,0,1001,0,1002
118031,Playing,395264,1120,6,16,0,0,4,320,0,1001,0,1002
118282,Playing,489472,1387,6,16,0,0,4,322,0,1001,0,1002
118530,Playing,399360,1131,6,16,0,0,4,322,0,1001,0,1002
118779,Playing,309248,876,6,16,0,0,4,322,0,1001,0,1002
119027,Playing,457728,1297,6,16,0,0,4,324,0,1001,0,1002
119273,Playing,367616,1041,6,16,0,0,4,324,0,1001,0,1002
119523,Playing,277504,786,6,16,0,0,4,324,0,1001,0,1002
119773,Playing,315392,893,6,16,0,0,4,326,0,1001,0,1002
120024,Playing,225280,638,6,16,0,0,4,326,0,1001,0,1002
120271,Playing,347136,983,6,16,0,0,4,328,0,1001,0,1002
120519,Playing,265216,751,6,16,0,0,4,328,0,1001,0,1002
120769,Playing,175104,496,6,16,0,0,4,328,0,1001,0,1002
121019,Playing,241664,684,6,16,0,0,4,330,0,1001,0,1002
121266,Playing,159744,452,6,16,0,0,4,330,0,1001,0,1002
121513,Playing,69632,197,6,16,0,0,4,330,0,1001,0,1002
121760,Playing,200704,568,6,16,0,0,4,332,0,1001,0,1002
122010,Playing,118784,336,6,16,0,0,4,332,0,1001,0,1002
122257,Playing,28672,81,6,16,0,0,4,332,0,1001,0,1002
122504,Buffering,211968,600,7,16,0,0,4,334,0,1001,0,1002
122752,Buffering,211968,600,7,16,0,0,4,334,0,1001,0,1002
123062,Buffering,211968,600,7,16,0,0,4,334,0,1001,0,1002
123311,Buffering,388096,1100,7,17,0,0,4,336,0,1001,0,1002
123559,Buffering,297984,844,7,17,0,0,4,336,0,1001,0,1002
123808,Buffering,207872,589,7,17,0,0,4,336,0,1001,0,1002
124056,Buffering,337920,957,7,17,0,0,4,338,0,1001,0,1002
124305,Buffering,247808,702,7,17,0,0,4,338,0,1001,0,1002
124553,Buffering,157696,446,7,17,0,0,4,338,0,1001,0,1002
124799,Buffering,260096,737,7,17,0,0,4,340,0,1001,0,1002
125045,Buffering,169984,481,7,17,0,0,4,340,0,1001,0,1002
125293,Buffering,88064,249,7,17,0,0,4,340,0,1001,0,1002
125542,Buffering,209920,595,7,17,0,0,4,342,0,1001,0,1002
125790,Buffering,119808,339,7,17,0,0,4,342,0,1001,0,1002
126042,Buffering,29696,84,7,17,0,0,4,342,0,1001,0,1002
126293,Buffering,141312,400,7,17,0,0,4,344,0,1001,0,1002
126540,Buffering,51200,145,7,17,0,0,4,344,0,1001,0,1002
126786,Buffering,221184,626,7,17,0,0,4,346,0,1001,0,1002
127036,Buffering,221184,626,7,17,0,0,4,346,0,1001,0,1002
127284,Buffering,221184,626,7,17,0,0,4,346,0,1001,0,1002
127532,Buffering,221184,626,7,17,0,0,4,346,0,1001,0,1002
127783,Buffering,342016,969,7,18,0,0,4,348,0,1001,0,1002
128032,Buffering,251904,714,7,18,0,0,4,348,0,1001,0,1002
128282,Buffering,373760,1059,7,18,0,0,4,350,0,1001,0,1002
128531,Buffering,291840,827,7,18,0,0,4,350,0,1001,0,1002
128781,Buffering,201728,571,7,18,0,0,4,350,0,1001,0,1002
129029,Buffering,231424,655,7,18,0,0,4,352,0,1001,0,1002
129279,Buffering,141312,400,7,18,0,0,4,352,0,1001,0,1002
129530,Buffering,59392,168,7,18,0,0,4,352,0,1001,0,1002
129781,Buffering,199680,565,7,18,0,0,4,354,0,1001,0,1002
130028,Buffering,109568,310,7,18,0,0,4,354,0,1001,0,1002
130278,Buffering,19456,55,7,18,0,0,4,354,0,1001,0,1002
130524,Playing,159744,452,7,19,0,0,4,356,0,1001,0,1002
130773,Playing,69632,197,7,19,0,0,4,356,0,1001,0,1002
131022,Playing,0,0,7,19,0,0,4,356,0,1001,0,1002
131269,Buffering,211968,600,8,19,0,0,4,358,0,1001,0,1002
131521,Buffering,211968,600,8,19,0,0,4,358,0,1001,0,1002
131769,Buffering,211968,600,8,19,0,0,4,358,0,1001,0,1002
132018,Buffering,391168,1108,8,20,0,0,4,360,0,1001,0,1002
132267,Buffering,301056,853,8,20,0,0,4,360,0,1001,0,1002
132515,Buffering,413696,1172,8,20,0,0,4,362,0,1001,0,1002
132763,Buffering,331776,940,8,20,0,0,4,362,0,1001,0,1002
133015,Buffering,241664,684,8,20,0,0,4,362,0,1001,0,1002
133265,Buffering,151552,429,8,20,0,0,4,362,0,1001,0,1002
133512,Buffering,300032,850,8,20,0,0,4,364,0,1001,0,1002
133761,Buffering,209920,595,8,20,0,0,4,364,0,1001,0,1002
134009,Buffering,304128,862,8,20,0,0,4,366,0,1001,0,1002
134258,Buffering,222208,629,8,20,0,0,4,366,0,1001,0,1002
134506,Buffering,132096,374,8,20,0,0,4,366,0,1001,0,1002
134757,Buffering,253952,719,8,20,0,0,4,368,0,1001,0,1002
135006,Buffering,172032,487,8,20,0,0,4,368,0,1001,0,1002
135258,Buffering,81920,232,8,20,0,0,4,368,0,1001,0,1002
135507,Buffering,0,0,8,20,0,0,4,368,0,1001,0,1002
135756,Buffering,184320,522,8,20,0,0,4,370,0,1001,0,1002
136004,Buffering,184320,522,8,20,0,0,4,370,0,1001,0,1002
136253,Buffering,184320,522,8,20,0,0,4,370,0,1001,0,1002
136502,Buffering,339968,963,8,21,0,0,4,372,0,1001,0,1002
136751,Buffering,460800,1306,8,21,0,0,4,374,0,1001,0,1002
137001,Buffering,370688,1050,8,21,0,0,4,374,0,1001,0,1002
137252,Buffering,280576,795,8,21,0,0,4,374,0,1001,0,1002
137560,Buffering,174080,493,8,21,0,0,4,374,0,1001,0,1002
137810,Buffering,305152,864,8,21,0,0,4,376,0,1001,0,1002
138060,Buffering,215040,609,8,21,0,0,4,376,0,1001,0,1002
138307,Buffering,280576,795,8,21,0,0,4,378,0,1001,0,1002
138556,Buffering,190464,539,8,21,0,0,4,378,0,1001,0,1002
138804,Buffering,100352,284,8,21,0,0,4,378,0,1001,0,1002
139053,Buffering,18432,52,8,21,0,0,4,378,0,1001,0,1002
139300,Playing,154624,438,8,22,0,0,4,380,0,1001,0,1002
139548,Playing,72704,206,8,22,0,0,4,380,0,1001,0,1002
139797,Playing,157696,446,8,22,0,0,4,382,0,1001,0,1002
140045,Playing,67584,191,8,22,0,0,4,382,0,1001,0,1002
140294,Playing,0,0,8,22,0,0,4,382,0,1001,0,1002
140542,Buffering,211968,600,9,22,0,0,4,384,0,1001,0,1002
140791,Buffering,211968,600,9,22,0,0,4,384,0,1001,0,1002
141039,Buffering,211968,600,9,22,0,0,4,384,0,1001,0,1002
141287,Buffering,365568,1036,9,23,0,0,4,386,0,1001,0,1002
141537,Buffering,275456,780,9,23,0,0,4,386,0,1001,0,1002
141787,Buffering,185344,525,9,23,0,0,4,386,0,1001,0,1002
142034,Buffering,324608,920,9,23,0,0,4,388,0,1001,0,1002
142282,Buffering,234496,664,9,23,0,0,4,388,0,1001,0,1002
142530,Buffering,152576,432,9,23,0,0,4,388,0,1001,0,1002
142778,Buffering,274432,777,9,23,0,0,4,390,0,1001,0,1002
143025,Buffering,184320,522,9,23,0,0,4,390,0,1001,0,1002
143274,Buffering,278528,789,9,23,0,0,4,392,0,1001,0,1002
143523,Buffering,196608,557,9,23,0,0,4,392,0,1001,0,1002
143770,Buffering,106496,301,9,23,0,0,4,392,0,1001,0,1002
144019,Buffering,236544,670,9,23,0,0,4,394,0,1001,0,1002
144264,Buffering,146432,415,9,23,0,0,4,394,0,1001,0,1002
144513,Buffering,56320,159,9,23,0,0,4,394,0,1001,0,1002
144760,Buffering,184320,522,9,23,0,0,4,396,0,1001,0,1002
145009,Buffering,184320,522,9,23,0,0,4,396,0,1001,0,1002
145257,Buffering,184320,522,9,23,0,0,4,396,0,1001,0,1002
145507,Buffering,338944,960,9,24,0,0,4,398,0,1001,0,1002
145757,Buffering,248832,705,9,24,0,0,4,398,0,1001,0,1002
146005,Buffering,158720,449,9,24,0,0,4,398,0,1001,0,1002
146253,Buffering,261120,740,9,24,0,0,4,400,0,1001,0,1002
146502,Buffering,171008,484,9,24,0,0,4,400,0,1001,0,1002
146750,Buffering,292864,830,9,24,0,0,4,402,0,1001,0,1002
147062,Buffering,186368,528,9,24,0,0,4,402,0,1001,0,1002
147252,Buffering,120832,342,9,24,0,0,4,402,0,1001,0,1002
147503,Buffering,30720,87,9,24,0,0,4,402,0,1001,0,1002
147752,Buffering,124928,354,9,24,0,0,4,404,0,1001,0,1002
148000,Buffering,43008,121,9,24,0,0,4,404,0,1001,0,1002
148311,Reconnecting,0,0,9,25,0,0,4,405,723,1001,723,1002
148559,Reconnecting,0,0,9,25,0,0,4,405,723,1001,723,1002
148807,Reconnecting,0,0,9,25,0,0,4,405,723,1001,723,1002
149055,Reconnecting,0,0,9,25,0,0,4,405,723,1001,723,1002
149303,Reconnecting,0,0,9,25,0,0,4,405,723,1001,723,1002
149552,Reconnecting,0,0,9,25,0,0,4,405,723,1001,723,1002
149802,Reconnecting,0,0,9,25,0,0,4,405,723,1001,723,1002
150054,Reconnecting,0,0,9,25,0,0,4,405,723,1001,723,1002
150302,Reconnecting,0,0,9,25,0,0,4,405,723,1001,723,1002
150547,Reconnecting,0,0,9,25,0,0,4,405,723,1001,723,1002
150796,Reconnecting,0,0,9,25,0,0,4,405,723,1001,723,1002
151044,Reconnecting,0,0,9,25,0,0,4,405,723,1001,723,1002
151292,Reconnecting,0,0,9,25,0,0,4,405,723,1001,723,1002
151541,Reconnecting,0,0,9,25,0,0,4,405,723,1001,723,1002
151792,Reconnecting,0,0,9,25,0,0,4,405,723,1001,723,1002
152041,Reconnecting,0,0,9,25,0,0,4,405,723,1001,723,1002
152292,Reconnecting,0,0,9,25,0,0,4,405,723,1001,723,1002
152540,Reconnecting,0,0,9,25,0,0,4,405,723,1001,723,1002
152787,Reconnecting,0,0,9,25,0,0,4,405,723,1001,723,1002
153034,Reconnecting,0,0,9,25,0,0,4,405,723,1001,723,1002
153281,Reconnecting,0,0,9,25,0,0,5,405,723,1001,723,1002
153530,Reconnecting,0,0,9,25,0,0,5,405,723,1001,723,1002
153779,Reconnecting,0,0,9,25,0,0,5,411,0,1001,723,1002
154028,Reconnecting,0,0,9,25,0,0,5,411,0,1001,723,1002
154277,Reconnecting,0,0,9,25,0,0,5,411,0,1001,723,1002
154528,Reconnecting,0,0,9,25,0,0,5,411,0,1001,723,1002
154777,Reconnecting,0,0,9,25,0,0,5,411,0,1001,723,1002
155027,Reconnecting,0,0,9,25,0,0,5,411,0,1001,723,1002
155280,Reconnecting,0,0,9,25,0,0,5,411,0,1001,723,1002
155528,Reconnecting,0,0,9,25,0,0,5,411,0,1001,723,1002
155777,Reconnecting,0,0,9,25,0,0,5,411,0,1001,723,1002
156025,Reconnecting,0,0,9,25,0,0,5,411,0,1001,723,1002
156274,Reconnecting,0,0,9,25,0,0,5,411,0,1001,723,1002
156522,Reconnecting,0,0,9,25,0,0,5,411,0,1001,723,1002
156771,Reconnecting,0,0,9,25,0,0,5,411,0,1001,723,1002
157020,Reconnecting,0,0,9,25,0,0,5,411,0,1001,723,1002
157270,Reconnecting,0,0,9,25,0,0,5,411,0,1001,723,1002
157520,Reconnecting,0,0,9,25,0,0,5,411,0,1001,723,1002
157768,Reconnecting,0,0,9,25,0,0,5,411,0,1001,723,1002
158019,Reconnecting,0,0,9,25,0,0,5,411,0,1001,723,1002
158269,Reconnecting,0,0,9,25,0,0,5,411,0,1001,723,1002
158518,Reconnecting,0,0,9,25,0,0,5,411,0,1001,723,1002
158769,Reconnecting,0,0,9,25,0,0,6,411,0,1001,723,1002
159018,Reconnecting,0,0,9,25,0,0,6,413,0,1001,723,1002
159268,Reconnecting,0,0,9,25,0,0,6,418,2,1001,723,1002
159515,Reconnecting,0,0,9,25,0,0,6,418,2,1001,723,1002
159761,Reconnecting,0,0,9,25,0,0,6,418,2,1001,723,1002
160008,Reconnecting,0,0,9,25,0,0,6,418,2,1001,723,1002
160258,Reconnecting,0,0,9,25,0,0,6,418,2,1001,723,1002
160507,Reconnecting,0,0,9,25,0,0,6,418,2,1001,723,1002
160757,Reconnecting,0,0,9,25,0,0,6,418,2,1001,723,1002
161006,Reconnecting,0,0,9,25,0,0,6,418,2,1001,723,1002
161254,Reconnecting,0,0,9,25,0,0,6,418,2,1001,723,1002
161503,Reconnecting,0,0,9,25,0,0,6,418,2,1001,723,1002
161752,Reconnecting,0,0,9,25,0,0,6,418,2,1001,723,1002
162001,Reconnecting,0,0,9,25,0,0,6,418,2,1001,723,1002
162251,Reconnecting,0,0,9,25,0,0,6,418,2,1001,723,1002
162563,Reconnecting,0,0,9,25,0,0,6,418,2,1001,723,1002
162811,Reconnecting,0,0,9,25,0,0,6,418,2,1001,723,1002
163058,Reconnecting,0,0,9,25,0,0,6,418,2,1001,723,1002
163307,Reconnecting,0,0,9,25,0,0,6,418,2,1001,723,1002
163554,Reconnecting,0,0,9,25,0,0,6,418,2,1001,723,1002
163807,Reconnecting,0,0,9,25,0,0,6,418,2,1001,723,1002
164054,Reconnecting,0,0,9,25,0,0,6,418,2,1001,723,1002
164303,Reconnecting,0,0,9,25,0,0,7,418,2,1001,723,1002
164548,Reconnecting,0,0,9,25,0,0,7,420,0,1001,723,1002
164798,Reconnecting,0,0,9,25,0,0,7,424,0,1001,723,1002
165048,Reconnecting,0,0,9,25,0,0,7,424,0,1001,723,1002
165295,Reconnecting,0,0,9,25,0,0,7,424,0,1001,723,1002
165544,Reconnecting,0,0,9,25,0,0,7,424,0,1001,723,1002
165792,Reconnecting,0,0,9,25,0,0,7,424,0,1001,723,1002
166039,Reconnecting,0,0,9,25,0,0,7,424,0,1001,723,1002
166288,Reconnecting,0,0,9,25,0,0,7,424,0,1001,723,1002
166535,Reconnecting,0,0,9,25,0,0,7,424,0,1001,723,1002
166784,Reconnecting,0,0,9,25,0,0,7,424,0,1001,723,1002
167028,Reconnecting,0,0,9,25,0,0,7,424,0,1001,723,1002
167278,Reconnecting,0,0,9,25,0,0,7,424,0,1001,723,1002
167527,Reconnecting,0,0,9,25,0,0,7,424,0,1001,723,1002
167773,Reconnecting,0,0,9,25,0,0,7,424,0,1001,723,1002
168023,Reconnecting,0,0,9,25,0,0,7,424,0,1001,723,1002
168273,Reconnecting,0,0,9,25,0,0,7,424,0,1001,723,1002
168520,Reconnecting,0,0,9,25,0,0,7,424,0,1001,723,1002
168770,Reconnecting,0,0,9,25,0,0,7,424,0,1001,723,1002
169019,Reconnecting,0,0,9,25,0,0,7,424,0,1001,723,1002
169268,Reconnecting,0,0,9,25,0,0,7,424,0,1001,723,1002
169518,Reconnecting,0,0,9,25,0,0,7,424,0,1001,723,1002
169766,Reconnecting,0,0,9,25,0,0,8,424,0,1001,723,1002
170017,Reconnecting,0,0,9,25,0,0,8,426,0,1001,723,1002
170265,Reconnecting,0,0,9,25,0,0,8,430,0,1001,723,1002
170514,Reconnecting,0,0,9,25,0,0,8,430,0,1001,723,1002
170764,Reconnecting,0,0,9,25,0,0,8,430,0,1001,723,1002
171012,Reconnecting,0,0,9,25,0,0,8,430,0,1001,723,1002
171260,Reconnecting,0,0,9,25,0,0,8,430,0,1001,723,1002
171509,Reconnecting,0,0,9,25,0,0,8,430,0,1001,723,1002
171755,Reconnecting,0,0,9,25,0,0,8,430,0,1001,723,1002
172004,Reconnecting,0,0,9,25,0,0,8,430,0,1001,723,1002
172253,Reconnecting,0,0,9,25,0,0,8,430,0,1001,723,1002
172502,Reconnecting,0,0,9,25,0,0,8,430,0,1001,723,1002
172812,Reconnecting,0,0,9,25,0,0,8,430,0,1001,723,1002
173060,Reconnecting,0,0,9,25,0,0,8,430,0,1001,723,1002
173309,Reconnecting,0,0,9,25,0,0,8,430,0,1001,723,1002
173559,Reconnecting,0,0,9,25,0,0,8,430,0,1001,723,1002
173808,Reconnecting,0,0,9,25,0,0,8,430,0,1001,723,1002
174057,Reconnecting,0,0,9,25,0,0,8,430,0,1001,723,1002
174308,Reconnecting,0,0,9,25,0,0,8,430,0,1001,723,1002
174555,Reconnecting,0,0,9,25,0,0,8,430,0,1001,723,1002
174804,Reconnecting,0,0,9,25,0,0,8,430,0,1001,723,1002
175054,Reconnecting,0,0,9,25,0,0,9,430,0,1001,723,1002
175305,Reconnecting,0,0,9,25,0,0,9,430,0,1001,723,1002
175553,Reconnecting,0,0,9,25,0,0,9,438,0,1001,723,1002
175802,Reconnecting,0,0,9,25,0,0,9,438,0,1001,723,1002
176053,Reconnecting,0,0,9,25,0,0,9,438,0,1001,723,1002
176303,Reconnecting,0,0,9,25,0,0,9,438,0,1001,723,1002
176551,Reconnecting,0,0,9,25,0,0,9,438,0,1001,723,1002
176799,Reconnecting,0,0,9,25,0,0,9,438,0,1001,723,1002
177048,Reconnecting,0,0,9,25,0,0,9,438,0,1001,723,1002
177295,Reconnecting,0,0,9,25,0,0,9,438,0,1001,723,1002
177545,Reconnecting,0,0,9,25,0,0,9,438,0,1001,723,1002
177793,Reconnecting,0,0,9,25,0,0,9,438,0,1001,723,1002
178044,Reconnecting,0,0,9,25,0,0,9,438,0,1001,723,1002
178295,Reconnecting,0,0,9,25,0,0,9,438,0,1001,723,1002
178544,Reconnecting,0,0,9,25,0,0,9,438,0,1001,723,1002
178793,Reconnecting,0,0,9,25,0,0,9,438,0,1001,723,1002
179042,Reconnecting,0,0,9,25,0,0,9,438,0,1001,723,1002
179291,Reconnecting,0,0,9,25,0,0,9,438,0,1001,723,1002
179539,Reconnecting,0,0,9,25,0,0,9,438,0,1001,723,1002
179789,Reconnecting,0,0,9,25,0,0,9,438,0,1001,723,1002
180036,Reconnecting,0,0,9,25,0,0,9,438,0,1001,723,1002
180287,Reconnecting,0,0,9,25,0,0,9,438,0,1001,723,1002
180536,Reconnecting,0,0,9,25,0,0,10,438,0,1001,723,1002
180783,Reconnecting,0,0,9,25,0,0,10,440,0,1001,723,1002
181035,Reconnecting,0,0,9,25,0,0,10,445,0,1001,723,1002
181281,Reconnecting,0,0,9,25,0,0,10,445,0,1001,723,1002
181533,Reconnecting,0,0,9,25,0,0,10,445,0,1001,723,1002
181779,Reconnecting,0,0,9,25,0,0,10,445,0,1001,723,1002
182027,Reconnecting,0,0,9,25,0,0,10,445,0,1001,723,1002
182275,Reconnecting,0,0,9,25,0,0,10,445,0,1001,723,1002
182523,Reconnecting,0,0,9,25,0,0,10,445,0,1001,723,1002
182769,Reconnecting,0,0,9,25,0,0,10,445,0,1001,723,1002
183017,Reconnecting,0,0,9,25,0,0,10,445,0,1001,723,1002
183267,Reconnecting,0,0,9,25,0,0,10,445,0,1001,723,1002
183516,Reconnecting,0,0,9,25,0,0,10,445,0,1001,723,1002
183765,Reconnecting,0,0,9,25,0,0,10,445,0,1001,723,1002
184011,Reconnecting,0,0,9,25,0,0,10,445,0,1001,723,1002
184259,Reconnecting,0,0,9,25,0,0,10,445,0,1001,723,1002
184508,Reconnecting,0,0,9,25,0,0,10,445,0,1001,723,1002
184757,Reconnecting,0,0,9,25,0,0,10,445,0,1001,723,1002
185004,Reconnecting,0,0,9,25,0,0,10,445,0,1001,723,1002
185251,Reconnecting,0,0,9,25,0,0,10,445,0,1001,723,1002
185561,Reconnecting,0,0,9,25,0,0,10,445,0,1001,723,1002
185750,Reconnecting,0,0,9,25,0,0,10,445,0,1001,723,1002
186061,Reconnecting,0,0,9,25,0,0,11,445,0,1001,723,1002
186310,Reconnecting,36864,104,9,25,0,0,11,447,0,1001,0,1002
186557,Reconnecting,1345536,3813,9,25,0,0,11,457,0,1001,0,1002
186808,Reconnecting,1345536,3813,9,25,0,0,11,457,0,1001,0,1002
187057,Playing,1541120,4368,9,25,0,0,11,459,0,1001,0,1002
187306,Playing,1451008,4112,9,25,0,0,11,459,0,1001,0,1002
187556,Playing,1360896,3857,9,25,0,0,11,459,0,1001,0,1002
187806,Playing,1455104,4124,9,25,0,0,11,461,0,1001,0,1002
188055,Playing,1373184,3892,9,25,0,0,11,461,0,1001,0,1002
188302,Playing,1283072,3636,9,25,0,0,11,461,0,1001,0,1002
188552,Playing,1404928,3982,9,25,0,0,11,463,0,1001,0,1002
188801,Playing,1323008,3750,9,25,0,0,11,463,0,1001,0,1002
189049,Playing,1426432,4043,9,25,0,0,11,465,0,1001,0,1002
189297,Playing,1336320,3787,9,25,0,0,11,465,0,1001,0,1002
189546,Playing,1254400,3555,9,25,0,0,11,465,0,1001,0,1002
189795,Playing,1164288,3300,9,25,0,0,11,465,0,1001,0,1002
190043,Playing,1295360,3671,9,25,0,0,11,467,0,1001,0,1002
190293,Playing,1213440,3439,9,25,0,0,11,467,0,1001,0,1002
190541,Playing,1123328,3184,9,25,0,0,11,467,0,1001,0,1002
190788,Playing,1226752,3477,9,25,0,0,11,469,0,1001,0,1002
191035,Playing,1144832,3244,9,25,0,0,11,469,0,1001,0,1002
191282,Playing,1054720,2989,9,25,0,0,11,469,0,1001,0,1002
191531,Playing,1195008,3387,9,25,0,0,11,471,0,1001,0,1002
191781,Playing,1113088,3155,9,25,0,0,11,471,0,1001,0,1002
192029,Playing,1152000,3265,9,25,0,0,11,473,0,1001,0,1002
192278,Playing,1061888,3009,9,25,0,0,11,473,0,1001,0,1002
192523,Playing,979968,2777,9,25,0,0,11,473,0,1001,0,1002
192773,Playing,1101824,3123,9,25,0,0,11,475,0,1001,0,1002
193021,Playing,1019904,2890,9,25,0,0,11,475,0,1001,0,1002
193272,Playing,929792,2635,9,25,0,0,11,475,0,1001,0,1002
193520,Playing,987136,2798,9,25,0,0,11,477,0,1001,0,1002
193767,Playing,905216,2565,9,25,0,0,11,477,0,1001,0,1002
194016,Playing,815104,2310,9,25,0,0,11,477,0,1001,0,1002
194263,Playing,936960,2655,9,25,0,0,11,479,0,1001,0,1002
194514,Playing,846848,2400,9,25,0,0,11,479,0,1001,0,1002
194764,Playing,958464,2716,9,25,0,0,11,481,0,1001,0,1002
195013,Playing,868352,2461,9,25,0,0,11,481,0,1001,0,1002
195265,Playing,778240,2205,9,25,0,0,11,481,0,1001,0,1002
195512,Playing,696320,1973,9,25,0,0,11,481,0,1001,0,1002
195761,Playing,836608,2371,9,25,0,0,11,483,0,1001,0,1002
196009,Playing,746496,2115,9,25,0,0,11,483,0,1001,0,1002
196259,Playing,868352,2461,9,25,0,0,11,485,0,1001,0,1002
196508,Playing,786432,2229,9,25,0,0,11,485,0,1001,0,1002
196756,Playing,696320,1973,9,25,0,0,11,485,0,1001,0,1002
197002,Playing,614400,1741,9,25,0,0,11,485,0,1001,0,1002
197251,Playing,727040,2060,9,25,0,0,11,487,0,1001,0,1002
197500,Playing,636928,1805,9,25,0,0,11,487,0,1001,0,1002
197810,Playing,742400,2104,9,25,0,0,11,489,0,1001,0,1002
198060,Playing,652288,1848,9,25,0,0,11,489,0,1001,0,1002
198306,Playing,562176,1593,9,25,0,0,11,489,0,1001,0,1002
198555,Playing,683008,1935,9,25,0,0,11,491,0,1001,0,1002
198803,Playing,592896,1680,9,25,0,0,11,491,0,1001,0,1002
199052,Playing,502784,1425,9,25,0,0,11,491,0,1001,0,1002
199300,Playing,632832,1793,9,25,0,0,11,493,0,1001,0,1002
199548,Playing,542720,1538,9,25,0,0,11,493,0,1001,0,1002
199797,Playing,452608,1282,9,25,0,0,11,493,0,1001,0,1002
200050,Playing,573440,1625,9,25,0,0,11,495,0,1001,0,1002
200298,Playing,483328,1369,9,25,0,0,11,495,0,1001,0,1002
200547,Playing,393216,1114,9,25,0,0,11,495,0,1001,0,1002
200795,Playing,532480,1509,9,25,0,0,11,497,0,1001,0,1002
201044,Playing,442368,1253,9,25,0,0,11,497,0,1001,0,1002
201294,Playing,352256,998,9,25,0,0,11,497,0,1001,0,1002
201543,Playing,390144,1105,9,25,0,0,11,499,0,1001,0,1002
201792,Playing,300032,850,9,25,0,0,11,499,0,1001,0,1002
202043,Playing,209920,595,9,25,0,0,11,499,0,1001,0,1002
202291,Playing,359424,1018,9,25,0,0,11,501,0,1001,0,1002
202540,Playing,277504,786,9,25,0,0,11,501,0,1001,0,1002
202789,Playing,187392,531,9,25,0,0,11,501,0,1001,0,1002
203039,Playing,281600,798,9,25,0,0,11,503,0,1001,0,1002
203287,Playing,199680,565,9,25,0,0,11,503,0,1001,0,1002
203536,Playing,109568,310,9,25,0,0,11,503,0,1001,0,1002
203785,Playing,231424,655,9,25,0,0,11,505,0,1001,0,1002
204033,Playing,149504,423,9,25,0,0,11,505,0,1001,0,1002
204282,Playing,59392,168,9,25,0,0,11,505,0,1001,0,1002
204530,Playing,172032,487,9,25,0,0,11,507,0,1001,0,1002
204775,Playing,90112,255,9,25,0,0,11,507,0,1001,0,1002
205023,Playing,202752,574,9,25,0,0,11,509,0,1001,0,1002
205273,Playing,112640,319,9,25,0,0,11,509,0,1001,0,1002
205519,Playing,30720,87,9,25,0,0,11,509,0,1001,0,1002
205768,Buffering,221184,626,10,25,0,0,11,511,0,1001,0,1002
206015,Buffering,221184,626,10,25,0,0,11,511,0,1001,0,1002
206262,Buffering,221184,626,10,25,0,0,11,511,0,1001,0,1002
206512,Buffering,373760,1059,10,26,0,0,11,513,0,1001,0,1002
206764,Buffering,283648,803,10,26,0,0,11,513,0,1001,0,1002
207014,Buffering,201728,571,10,26,0,0,11,513,0,1001,0,1002
207261,Buffering,323584,917,10,26,0,0,11,515,0,1001,0,1002
207511,Buffering,233472,661,10,26,0,0,11,515,0,1001,0,1002
207758,Buffering,151552,429,10,26,0,0,11,515,0,1001,0,1002
208013,Buffering,245760,696,10,26,0,0,11,517,0,1001,0,1002
208256,Buffering,155648,441,10,26,0,0,11,517,0,1001,0,1002
208504,Buffering,285696,809,10,26,0,0,11,519,0,1001,0,1002
208752,Buffering,195584,554,10,26,0,0,11,519,0,1001,0,1002
209060,Buffering,89088,252,10,26,0,0,11,519,0,1001,0,1002
209307,Buffering,0,0,10,26,0,0,11,519,0,1001,0,1002
209554,Buffering,211968,600,10,26,0,0,11,521,0,1001,0,1002
209804,Buffering,211968,600,10,26,0,0,11,521,0,1001,0,1002
210052,Buffering,211968,600,10,26,0,0,11,521,0,1001,0,1002
210301,Buffering,384000,1088,10,27,0,0,11,523,0,1001,0,1002
210551,Buffering,302080,856,10,27,0,0,11,523,0,1001,0,1002
210801,Buffering,359424,1018,10,27,0,0,11,525,0,1001,0,1002
211053,Buffering,269312,763,10,27,0,0,11,525,0,1001,0,1002
211302,Buffering,179200,507,10,27,0,0,11,525,0,1001,0,1002
211551,Buffering,327680,928,10,27,0,0,11,527,0,1001,0,1002
211800,Buffering,237568,673,10,27,0,0,11,527,0,1001,0,1002
212049,Buffering,147456,417,10,27,0,0,11,527,0,1001,0,1002
212299,Buffering,240640,682,10,27,0,0,11,529,0,1001,0,1002
212546,Buffering,150528,426,10,27,0,0,11,529,0,1001,0,1002
212795,Buffering,60416,171,10,27,0,0,11,529,0,1001,0,1002
213043,Buffering,199680,565,10,27,0,0,11,531,0,1001,0,1002
213290,Buffering,109568,310,10,27,0,0,11,531,0,1001,0,1002
213538,Buffering,19456,55,10,27,0,0,11,531,0,1001,0,1002
213786,Playing,161792,458,10,28,0,0,11,533,0,1001,0,1002
214034,Playing,71680,203,10,28,0,0,11,533,0,1001,0,1002
214283,Playing,184320,522,10,28,0,0,11,535,0,1001,0,1002
214531,Playing,102400,290,10,28,0,0,11,535,0,1001,0,1002
214780,Playing,12288,34,10,28,0,0,11,535,0,1001,0,1002
215028,Playing,0,0,10,28,0,0,11,535,0,1001,0,1002
215283,Buffering,211968,600,11,28,0,0,11,537,0,1001,0,1002
215531,Buffering,211968,600,11,28,0,0,11,537,0,1001,0,1002
215777,Buffering,363520,1030,11,29,0,0,11,539,0,1001,0,1002
216026,Buffering,273408,774,11,29,0,0,11,539,0,1001,0,1002
216273,Buffering,191488,542,11,29,0,0,11,539,0,1001,0,1002
216524,Buffering,331776,940,11,29,0,0,11,541,0,1001,0,1002
216773,Buffering,241664,684,11,29,0,0,11,541,0,1001,0,1002
217020,Buffering,159744,452,11,29,0,0,11,541,0,1001,0,1002
217265,Buffering,69632,197,11,29,0,0,11,541,0,1001,0,1002
217516,Buffering,163840,464,11,29,0,0,11,543,0,1001,0,1002
217765,Buffering,81920,232,11,29,0,0,11,543,0,1001,0,1002
218014,Buffering,212992,603,11,29,0,0,11,545,0,1001,0,1002
218263,Buffering,122880,348,11,29,0,0,11,545,0,1001,0,1002
218513,Buffering,40960,116,11,29,0,0,11,545,0,1001,0,1002
218761,Buffering,144384,409,11,29,0,0,11,547,0,1001,0,1002
219009,Buffering,54272,153,11,29,0,0,11,547,0,1001,0,1002
219261,Buffering,0,0,11,29,0,0,11,547,0,1001,0,1002
219512,Buffering,211968,600,11,29,0,0,11,549,0,1001,0,1002
219761,Buffering,211968,600,11,29,0,0,11,549,0,1001,0,1002
220010,Buffering,211968,600,11,29,0,0,11,549,0,1001,0,1002
220259,Buffering,293888,833,11,30,0,0,11,551,0,1001,0,1002
220510,Buffering,203776,577,11,30,0,0,11,551,0,1001,0,1002
220759,Buffering,113664,322,11,30,0,0,11,551,0,1001,0,1002
221005,Buffering,243712,690,11,30,0,0,11,553,0,1001,0,1002
221253,Buffering,153600,435,11,30,0,0,11,553,0,1001,0,1002
221504,Buffering,63488,179,11,30,0,0,11,553,0,1001,0,1002
221753,Buffering,175104,496,11,30,0,0,11,555,0,1001,0,1002
222001,Buffering,84992,240,11,30,0,0,11,555,0,1001,0,1002
222250,Buffering,0,0,11,30,0,0,11,555,0,1001,0,1002
222560,Playing,171008,484,11,31,0,0,11,557,0,1001,0,1002
222808,Playing,80896,229,11,31,0,0,11,557,0,1001,0,1002
223057,Playing,220160,624,11,31,0,0,11,559,0,1001,0,1002
223306,Playing,130048,368,11,31,0,0,11,559,0,1001,0,1002
223558,Playing,39936,113,11,31,0,0,11,559,0,1001,0,1002
223806,Buffering,193536,548,12,31,0,0,11,561,0,1001,0,1002
224054,Buffering,193536,548,12,31,0,0,11,561,0,1001,0,1002
224304,Buffering,193536,548,12,31,0,0,11,561,0,1001,0,1002
224552,Buffering,390144,1105,12,32,0,0,11,563,0,1001,0,1002
224800,Buffering,308224,873,12,32,0,0,11,563,0,1001,0,1002
225049,Buffering,218112,618,12,32,0,0,11,563,0,1001,0,1002
225297,Buffering,312320,885,12,32,0,0,11,565,0,1001,0,1002
225547,Buffering,230400,653,12,32,0,0,11,565,0,1001,0,1002
225793,Buffering,140288,397,12,32,0,0,11,565,0,1001,0,1002
226043,Buffering,262144,743,12,32,0,0,11,567,0,1001,0,1002
226292,Buffering,180224,510,12,32,0,0,11,567,0,1001,0,1002
226541,Buffering,274432,777,12,32,0,0,11,569,0,1001,0,1002
226787,Buffering,184320,522,12,32,0,0,11,569,0,1001,0,1002
227036,Buffering,102400,290,12,32,0,0,11,569,0,1001,0,1002
227284,Buffering,242688,687,12,32,0,0,11,571,0,1001,0,1002
227532,Buffering,152576,432,12,32,0,0,11,571,0,1001,0,1002
227780,Buffering,62464,177,12,32,0,0,11,571,0,1001,0,1002
228031,Buffering,0,0,12,32,0,0,11,571,0,1001,0,1002
228280,Buffering,119808,339,12,32,0,0,11,573,0,1001,0,1002
228527,Buffering,119808,339,12,32,0,0,11,573,0,1001,0,1002
228775,Buffering,119808,339,12,32,0,0,11,573,0,1001,0,1002
229023,Reconnecting,0,0,12,33,0,0,11,574,695,1001,696,1002
229271,Reconnecting,0,0,12,33,0,0,11,574,695,1001,696,1002
229520,Reconnecting,0,0,12,33,0,0,11,574,695,1001,696,1002
229770,Reconnecting,0,0,12,33,0,0,11,574,695,1001,696,1002
230017,Reconnecting,0,0,12,33,0,0,11,574,695,1001,696,1002
230264,Reconnecting,0,0,12,33,0,0,11,574,695,1001,696,1002
230514,Reconnecting,0,0,12,33,0,0,11,574,695,1001,696,1002
230764,Reconnecting,0,0,12,33,0,0,11,574,695,1001,696,1002
231013,Reconnecting,0,0,12,33,0,0,11,574,695,1001,696,1002
231261,Reconnecting,0,0,12,33,0,0,11,574,695,1001,696,1002
231511,Reconnecting,0,0,12,33,0,0,11,574,695,1001,696,1002
231758,Reconnecting,0,0,12,33,0,0,11,574,695,1001,696,1002
232008,Reconnecting,0,0,12,33,0,0,11,574,695,1001,696,1002
232256,Reconnecting,0,0,12,33,0,0,11,574,695,1001,696,1002
232503,Reconnecting,0,0,12,33,0,0,11,574,695,1001,696,1002
232752,Reconnecting,0,0,12,33,0,0,11,574,695,1001,696,1002
233062,Reconnecting,0,0,12,33,0,0,11,574,695,1001,696,1002
233309,Reconnecting,0,0,12,33,0,0,11,574,695,1001,696,1002
233555,Reconnecting,0,0,12,33,0,0,11,574,695,1001,696,1002
233803,Reconnecting,0,0,12,33,0,0,12,574,695,1001,696,1002
234056,Reconnecting,0,0,12,33,0,0,12,574,695,1001,696,1002
234304,Reconnecting,774144,2194,12,33,0,0,12,583,0,1001,0,1002
234553,Reconnecting,1336320,3787,12,33,0,0,12,588,0,1001,0,1002
234802,Reconnecting,1336320,3787,12,33,0,0,12,588,0,1001,0,1002
235051,Reconnecting,1336320,3787,12,33,0,0,12,588,0,1001,0,1002
235301,Playing,1474560,4179,12,33,0,0,12,590,0,1001,0,1002
235549,Playing,1392640,3947,12,33,0,0,12,590,0,1001,0,1002
235797,Playing,1302528,3691,12,33,0,0,12,590,0,1001,0,1002
236047,Playing,1396736,3959,12,33,0,0,12,592,0,1001,0,1002
236295,Playing,1314816,3726,12,33,0,0,12,592,0,1001,0,1002
236543,Playing,1224704,3471,12,33,0,0,12,592,0,1001,0,1002
236792,Playing,1364992,3869,12,33,0,0,12,594,0,1001,0,1002
237040,Playing,1283072,3636,12,33,0,0,12,594,0,1001,0,1002
237288,Playing,1192960,3381,12,33,0,0,12,594,0,1001,0,1002
237538,Playing,1296384,3674,12,33,0,0,12,596,0,1001,0,1002
237785,Playing,1214464,3442,12,33,0,0,12,596,0,1001,0,1002
238034,Playing,1354752,3840,12,33,0,0,12,598,0,1001,0,1002
238283,Playing,1264640,3584,12,33,0,0,12,598,0,1001,0,1002
238532,Playing,1182720,3352,12,33,0,0,12,598,0,1001,0,1002
238779,Playing,1092608,3096,12,33,0,0,12,598,0,1001,0,1002
239026,Playing,1186816,3363,12,33,0,0,12,600,0,1001,0,1002
239275,Playing,1104896,3131,12,33,0,0,12,600,0,1001,0,1002
239521,Playing,1235968,3503,12,33,0,0,12,602,0,1001,0,1002
239769,Playing,1145856,3247,12,33,0,0,12,602,0,1001,0,1002
240020,Playing,1063936,3015,12,33,0,0,12,602,0,1001,0,1002
240266,Playing,1185792,3361,12,33,0,0,12,604,0,1001,0,1002
240513,Playing,1103872,3128,12,33,0,0,12,604,0,1001,0,1002
240762,Playing,1013760,2873,12,33,0,0,12,604,0,1001,0,1002
241011,Playing,1126400,3192,12,33,0,0,12,606,0,1001,0,1002
241257,Playing,1044480,2960,12,33,0,0,12,606,0,1001,0,1002
241505,Playing,954368,2705,12,33,0,0,12,606,0,1001,0,1002
241755,Playing,1094656,3102,12,33,0,0,12,608,0,1001,0,1002
242007,Playing,1004544,2847,12,33,0,0,12,608,0,1001,0,1002
242255,Playing,922624,2615,12,33,0,0,12,608,0,1001,0,1002
242503,Playing,1026048,2908,12,33,0,0,12,610,0,1001,0,1002
242753,Playing,935936,2652,12,33,0,0,12,610,0,1001,0,1002
243003,Playing,1075200,3047,12,33,0,0,12,612,0,1001,0,1002
243252,Playing,985088,2792,12,33,0,0,12,612,0,1001,0,1002
243500,Playing,894976,2536,12,33,0,0,12,612,0,1001,0,1002
243811,Playing,788480,2234,12,33,0,0,12,612,0,1001,0,1002
244062,Playing,882688,2501,12,33,0,0,12,614,0,1001,0,1002
244309,Playing,792576,2246,12,33,0,0,12,614,0,1001,0,1002
244558,Playing,922624,2615,12,33,0,0,12,616,0,1001,0,1002
244807,Playing,832512,2359,12,33,0,0,12,616,0,1001,0,1002
245056,Playing,750592,2127,12,33,0,0,12,616,0,1001,0,1002
245306,Playing,863232,2446,12,33,0,0,12,618,0,1001,0,1002
245554,Playing,773120,2191,12,33,0,0,12,618,0,1001,0,1002
245804,Playing,683008,1935,12,33,0,0,12,618,0,1001,0,1002
246052,Playing,601088,1703,12,33,0,0,12,618,0,1001,0,1002
246299,Playing,722944,2049,12,33,0,0,12,620,0,1001,0,1002
246549,Playing,632832,1793,12,33,0,0,12,620,0,1001,0,1002
246796,Playing,689152,1953,12,33,0,0,12,622,0,1001,0,1002
247043,Playing,599040,1697,12,33,0,0,12,622,0,1001,0,1002
247293,Playing,508928,1442,12,33,0,0,12,622,0,1001,0,1002
247543,Playing,648192,1837,12,33,0,0,12,624,0,1001,0,1002
247791,Playing,558080,1581,12,33,0,0,12,624,0,1001,0,1002
248040,Playing,643072,1822,12,33,0,0,12,626,0,1001,0,1002
248291,Playing,561152,1590,12,33,0,0,12,626,0,1001,0,1002
248539,Playing,471040,1335,12,33,0,0,12,626,0,1001,0,1002
248788,Playing,380928,1079,12,33,0,0,12,626,0,1001,0,1002
249037,Playing,510976,1448,12,33,0,0,12,628,0,1001,0,1002
249285,Playing,420864,1192,12,33,0,0,12,628,0,1001,0,1002
249533,Playing,330752,937,12,33,0,0,12,628,0,1001,0,1002
249783,Playing,451584,1280,12,33,0,0,12,630,0,1001,0,1002
250032,Playing,361472,1024,12,33,0,0,12,630,0,1001,0,1002
250282,Playing,271360,769,12,33,0,0,12,630,0,1001,0,1002
250530,Playing,384000,1088,12,33,0,0,12,632,0,1001,0,1002
250780,Playing,302080,856,12,33,0,0,12,632,0,1001,0,1002
251030,Playing,423936,1201,12,33,0,0,12,634,0,1001,0,1002
251279,Playing,333824,946,12,33,0,0,12,634,0,1001,0,1002
251527,Playing,251904,714,12,33,0,0,12,634,0,1001,0,1002
251776,Playing,346112,981,12,33,0,0,12,636,0,1001,0,1002
252024,Playing,256000,725,12,33,0,0,12,636,0,1001,0,1002
252273,Playing,174080,493,12,33,0,0,12,636,0,1001,0,1002
252522,Playing,314368,891,12,33,0,0,12,638,0,1001,0,1002
252772,Playing,224256,635,12,33,0,0,12,638,0,1001,0,1002
253019,Playing,142336,403,12,33,0,0,12,638,0,1001,0,1002
253268,Playing,245760,696,12,33,0,0,12,640,0,1001,0,1002
253517,Playing,155648,441,12,33,0,0,12,640,0,1001,0,1002
253764,Playing,73728,208,12,33,0,0,12,640,0,1001,0,1002
254013,Playing,204800,580,12,33,0,0,12,642,0,1001,0,1002
254260,Playing,114688,325,12,33,0,0,12,642,0,1001,0,1002
254509,Playing,32768,92,12,33,0,0,12,642,0,1001,0,1002
254757,Buffering,184320,522,13,33,0,0,12,644,0,1001,0,1002
255007,Buffering,184320,522,13,33,0,0,12,644,0,1001,0,1002
255253,Buffering,184320,522,13,33,0,0,12,644,0,1001,0,1002
255502,Buffering,355328,1007,13,34,0,0,12,646,0,1001,0,1002
255751,Buffering,265216,751,13,34,0,0,12,646,0,1001,0,1002
256061,Buffering,158720,449,13,34,0,0,12,646,0,1001,0,1002
256311,Buffering,216064,612,13,34,0,0,12,648,0,1001,0,1002
256560,Buffering,125952,357,13,34,0,0,12,648,0,1001,0,1002
256809,Buffering,265216,751,13,34,0,0,12,650,0,1001,0,1002
257055,Buffering,175104,496,13,34,0,0,12,650,0,1001,0,1002
257304,Buffering,84992,240,13,34,0,0,12,650,0,1001,0,1002
257552,Buffering,196608,557,13,34,0,0,12,652,0,1001,0,1002
257800,Buffering,106496,301,13,34,0,0,12,652,0,1001,0,1002
258050,Buffering,16384,46,13,34,0,0,12,652,0,1001,0,1002
258297,Buffering,211968,600,13,34,0,0,12,654,0,1001,0,1002
258548,Buffering,211968,600,13,34,0,0,12,654,0,1001,0,1002
258797,Buffering,211968,600,13,34,0,0,12,654,0,1001,0,1002
259046,Buffering,359424,1018,13,35,0,0,12,656,0,1001,0,1002
259294,Buffering,269312,763,13,35,0,0,12,656,0,1001,0,1002
259543,Buffering,179200,507,13,35,0,0,12,656,0,1001,0,1002
259792,Buffering,97280,275,13,35,0,0,12,656,0,1001,0,1002
260044,Buffering,209920,595,13,35,0,0,12,658,0,1048,0,1049
260293,Buffering,119808,339,13,35,0,0,12,658,0,1048,0,1049
260543,Buffering,250880,711,13,35,0,0,12,660,0,1048,0,1049
260792,Buffering,168960,478,13,35,0,0,12,660,0,1048,0,1049
261040,Buffering,78848,223,13,35,0,0,12,660,0,1048,0,1049
261289,Buffering,182272,516,13,35,0,0,12,662,0,1048,0,1049
261539,Buffering,100352,284,13,35,0,0,12,662,0,1048,0,1049
261789,Buffering,10240,29,13,35,0,0,12,662,0,1048,0,1049
262038,Playing,171008,484,13,36,0,0,12,664,0,1048,0,1049
262286,Playing,89088,252,13,36,0,0,12,664,0,1048,0,1049
262535,Playing,0,0,13,36,0,0,12,664,0,1048,0,1049
262784,Buffering,184320,522,14,36,0,0,12,666,0,1048,0,1049
263035,Buffering,184320,522,14,36,0,0,12,666,0,1048,0,1049
263283,Buffering,184320,522,14,36,0,0,12,666,0,1048,0,1049
263532,Buffering,332800,943,14,37,0,0,12,668,0,1048,0,1049
263782,Buffering,242688,687,14,37,0,0,12,668,0,1048,0,1049
264028,Buffering,289792,821,14,37,0,0,12,670,0,1048,0,1049
264278,Buffering,199680,565,14,37,0,0,12,670,0,1048,0,1049
264527,Buffering,109568,310,14,37,0,0,12,670,0,1048,0,1049
264776,Buffering,248832,705,14,37,0,0,12,672,0,1048,0,1049
265028,Buffering,158720,449,14,37,0,0,12,672,0,1048,0,1049
265277,Buffering,68608,194,14,37,0,0,12,672,0,1048,0,1049
265523,Buffering,156672,444,14,37,0,0,12,674,0,1048,0,1049
265773,Buffering,156672,444,14,37,0,0,12,674,0,1048,0,1049
266022,Buffering,156672,444,14,37,0,0,12,674,0,1048,0,1049
266273,Buffering,286720,812,14,38,0,0,12,676,0,1048,0,1049
266521,Buffering,204800,580,14,38,0,0,12,676,0,1048,0,1049
266771,Buffering,114688,325,14,38,0,0,12,676,0,1048,0,1049
267022,Buffering,24576,69,14,38,0,0,12,676,0,1048,0,1049
267269,Buffering,145408,412,14,38,0,0,12,678,0,1048,0,1049
267518,Buffering,55296,156,14,38,0,0,12,678,0,1048,0,1049
267767,Playing,167936,476,14,39,0,0,12,680,0,1048,0,1049
268017,Playing,86016,243,14,39,0,0,12,680,0,1048,0,1049
268264,Playing,0,0,14,39,0,0,12,680,0,1048,0,1049
268513,Buffering,211968,600,15,39,0,0,12,682,0,1048,0,1049
268763,Buffering,211968,600,15,39,0,0,12,682,0,1048,0,1049
269011,Buffering,211968,600,15,39,0,0,12,682,0,1048,0,1049
269258,Buffering,381952,1082,15,40,0,0,12,684,0,1048,0,1049
269504,Buffering,300032,850,15,40,0,0,12,684,0,1048,0,1049
269751,Buffering,209920,595,15,40,0,0,12,684,0,1048,0,1049
270061,Buffering,324608,920,15,40,0,0,12,686,0,1048,0,1049
270311,Buffering,234496,664,15,40,0,0,12,686,0,1048,0,1049
270560,Buffering,347136,983,15,40,0,0,12,688,0,1048,0,1049
270809,Buffering,265216,751,15,40,0,0,12,688,0,1048,0,1049
271057,Buffering,175104,496,15,40,0,0,12,688,0,1048,0,1049
271305,Buffering,84992,240,15,40,0,0,12,688,0,1048,0,1049
271554,Buffering,215040,609,15,40,0,0,12,690,0,1048,0,1049
271805,Buffering,124928,354,15,40,0,0,12,690,0,1048,0,1049
272053,Buffering,163840,464,15,40,0,0,12,692,0,1048,0,1049
272301,Buffering,81920,232,15,40,0,0,12,692,0,1048,0,1049
272549,Buffering,0,0,15,40,0,0,12,692,0,1048,0,1049
272796,Buffering,211968,600,15,40,0,0,12,694,0,1048,0,1049
273043,Buffering,211968,600,15,40,0,0,12,694,0,1048,0,1049
273292,Buffering,211968,600,15,40,0,0,12,694,0,1048,0,1049
273540,Buffering,344064,975,15,41,0,0,12,696,0,1048,0,1049
273789,Buffering,262144,743,15,41,0,0,12,696,0,1048,0,1049
274039,Buffering,172032,487,15,41,0,0,12,696,0,1048,0,1049
274288,Buffering,303104,859,15,41,0,0,12,698,0,1048,0,1049
274537,Buffering,221184,626,15,41,0,0,12,698,0,1048,0,1049
274787,Buffering,131072,371,15,41,0,0,12,698,0,1048,0,1049
275036,Buffering,225280,638,15,41,0,0,12,700,0,1048,0,1049
275284,Buffering,143360,406,15,41,0,0,12,700,0,1048,0,1049
275534,Buffering,274432,777,15,41,0,0,12,702,0,1048,0,1049
275783,Buffering,184320,522,15,41,0,0,12,702,0,1048,0,1049
276032,Buffering,102400,290,15,41,0,0,12,702,0,1048,0,1049
276282,Buffering,12288,34,15,41,0,0,12,702,0,1048,0,1049
276531,Buffering,134144,380,15,41,0,0,12,704,0,1048,0,1049
276780,Buffering,44032,124,15,41,0,0,12,704,0,1048,0,1049
277030,Buffering,0,0,15,41,0,0,12,704,0,1048,0,1049
277278,Reconnecting,0,0,15,42,0,0,12,705,754,1048,754,1049
277527,Reconnecting,0,0,15,42,0,0,12,705,754,1048,754,1049
277776,Reconnecting,0,0,15,42,0,0,12,705,754,1048,754,1049
278025,Reconnecting,0,0,15,42,0,0,12,705,754,1048,754,1049
278275,Reconnecting,0,0,15,42,0,0,12,705,754,1048,754,1049
278522,Reconnecting,0,0,15,42,0,0,12,705,754,1048,754,1049
278768,Reconnecting,0,0,15,42,0,0,12,705,754,1048,754,1049
279016,Reconnecting,0,0,15,42,0,0,12,705,754,1048,754,1049
279265,Reconnecting,0,0,15,42,0,0,12,705,754,1048,754,1049
279514,Reconnecting,0,0,15,42,0,0,12,705,754,1048,754,1049
279764,Reconnecting,0,0,15,42,0,0,12,705,754,1048,754,1049
280013,Reconnecting,0,0,15,42,0,0,12,705,754,1048,754,1049
280261,Reconnecting,0,0,15,42,0,0,12,705,754,1048,754,1049
280510,Reconnecting,0,0,15,42,0,0,12,705,754,1048,754,1049
280758,Reconnecting,0,0,15,42,0,0,12,705,754,1048,754,1049
281005,Reconnecting,0,0,15,42,0,0,12,705,754,1048,754,1049
281254,Reconnecting,0,0,15,42,0,0,12,705,754,1048,754,1049
281504,Reconnecting,0,0,15,42,0,0,12,705,754,1048,754,1049
281751,Reconnecting,0,0,15,42,0,0,12,705,754,1048,754,1049
282059,Reconnecting,0,0,15,42,0,0,12,705,754,1048,754,1049
282309,Reconnecting,0,0,15,42,0,0,13,705,754,1048,754,1049
282557,Reconnecting,0,0,15,42,0,0,13,707,0,1048,754,1049
282806,Reconnecting,0,0,15,42,0,0,13,711,0,1048,754,1049
283055,Reconnecting,0,0,15,42,0,0,13,711,0,1048,754,1049
283303,Reconnecting,0,0,15,42,0,0,13,711,0,1048,754,1049
283551,Reconnecting,0,0,15,42,0,0,13,711,0,1048,754,1049
283798,Reconnecting,0,0,15,42,0,0,13,711,0,1048,754,1049
284045,Reconnecting,0,0,15,42,0,0,13,711,0,1048,754,1049
284294,Reconnecting,0,0,15,42,0,0,13,711,0,1048,754,1049
284543,Reconnecting,0,0,15,42,0,0,13,711,0,1048,754,1049
284790,Reconnecting,0,0,15,42,0,0,13,711,0,1048,754,1049
285042,Reconnecting,0,0,15,42,0,0,13,711,0,1048,754,1049
285291,Reconnecting,0,0,15,42,0,0,13,711,0,1048,754,1049
285500,Reconnecting,0,0,15,42,0,0,13,711,0,1048,754,1049
285803,Reconnecting,0,0,15,42,0,0,13,711,0,1048,754,1049
286053,Reconnecting,0,0,15,42,0,0,13,711,0,1048,754,1049
286303,Reconnecting,0,0,15,42,0,0,13,711,0,1048,754,1049
286504,Reconnecting,0,0,15,42,0,0,13,711,0,1048,754,1049
286754,Reconnecting,0,0,15,42,0,0,13,711,0,1048,754,1049
287005,Reconnecting,0,0,15,42,0,0,13,711,0,1048,754,1049
287255,Reconnecting,0,0,15,42,0,0,13,711,0,1048,754,1049
287506,Reconnecting,0,0,15,42,0,0,13,711,0,1048,754,1049
287754,Reconnecting,0,0,15,42,0,0,14,711,0,1048,754,1049
288002,Reconnecting,0,0,15,42,0,0,14,718,0,1048,754,1049
288253,Reconnecting,0,0,15,42,0,0,14,718,0,1048,754,1049
288502,Reconnecting,0,0,15,42,0,0,14,718,0,1048,754,1049
288751,Reconnecting,0,0,15,42,0,0,14,718,0,1048,754,1049
289061,Reconnecting,0,0,15,42,0,0,14,718,0,1048,754,1049
289309,Reconnecting,0,0,15,42,0,0,14,718,0,1048,754,1049
289559,Reconnecting,0,0,15,42,0,0,14,718,0,1048,754,1049
289808,Reconnecting,0,0,15,42,0,0,14,718,0,1048,754,1049
290057,Reconnecting,0,0,15,42,0,0,14,718,0,1048,754,1049
290306,Reconnecting,0,0,15,42,0,0,14,718,0,1048,754,1049
290553,Reconnecting,0,0,15,42,0,0,14,718,0,1048,754,1049
290804,Reconnecting,0,0,15,42,0,0,14,718,0,1048,754,1049
291054,Reconnecting,0,0,15,42,0,0,14,718,0,1048,754,1049
291304,Reconnecting,0,0,15,42,0,0,14,718,0,1048,754,1049
291553,Reconnecting,0,0,15,42,0,0,14,718,0,1048,754,1049
291802,Reconnecting,0,0,15,42,0,0,14,718,0,1048,754,1049
292052,Reconnecting,0,0,15,42,0,0,14,718,0,1048,754,1049
292303,Reconnecting,0,0,15,42,0,0,14,718,0,1048,754,1049
292556,Reconnecting,0,0,15,42,0,0,14,718,0,1048,754,1049
292804,Reconnecting,0,0,15,42,0,0,14,718,0,1048,754,1049
293051,Reconnecting,0,0,15,42,0,0,15,718,0,1048,754,1049
293299,Reconnecting,0,0,15,42,0,0,15,721,0,1048,754,1049
293546,Reconnecting,0,0,15,42,0,0,15,725,0,1048,754,1049
293794,Reconnecting,0,0,15,42,0,0,15,725,0,1048,754,1049
294042,Reconnecting,0,0,15,42,0,0,15,725,0,1048,754,1049
294294,Reconnecting,0,0,15,42,0,0,15,725,0,1048,754,1049
294542,Reconnecting,0,0,15,42,0,0,15,725,0,1048,754,1049
294793,Reconnecting,0,0,15,42,0,0,15,725,0,1048,754,1049
295043,Reconnecting,0,0,15,42,0,0,15,725,0,1048,754,1049
295290,Reconnecting,0,0,15,42,0,0,15,725,0,1048,754,1049
295539,Reconnecting,0,0,15,42,0,0,15,725,0,1048,754,1049
295788,Reconnecting,0,0,15,42,0,0,15,725,0,1048,754,1049
296036,Reconnecting,0,0,15,42,0,0,15,725,0,1048,754,1049
296285,Reconnecting,0,0,15,42,0,0,15,725,0,1048,754,1049
296534,Reconnecting,0,0,15,42,0,0,15,725,0,1048,754,1049
296782,Reconnecting,0,0,15,42,0,0,15,725,0,1048,754,1049
297030,Reconnecting,0,0,15,42,0,0,15,725,0,1048,754,1049
297280,Reconnecting,0,0,15,42,0,0,15,725,0,1048,754,1049
297528,Reconnecting,0,0,15,42,0,0,15,725,0,1048,754,1049
297780,Reconnecting,0,0,15,42,0,0,15,725,0,1048,754,1049
298026,Reconnecting,0,0,15,42,0,0,15,725,0,1048,754,1049
298276,Reconnecting,0,0,15,42,0,0,15,725,0,1048,754,1049
298522,Reconnecting,0,0,15,42,0,0,16,725,0,1048,754,1049
298771,Reconnecting,0,0,15,42,0,0,16,732,0,1048,754,1049
299019,Reconnecting,0,0,15,42,0,0,16,732,0,1048,754,1049
299268,Reconnecting,0,0,15,42,0,0,16,732,0,1048,754,1049
299515,Reconnecting,0,0,15,42,0,0,16,732,0,1048,754,1049
299766,Reconnecting,0,0,15,42,0,0,16,732,0,1048,754,1049
300014,Reconnecting,0,0,15,42,0,0,16,732,0,1048,754,1049
300263,Reconnecting,0,0,15,42,0,0,16,732,0,1048,754,1049
300512,Reconnecting,0,0,15,42,0,0,16,732,0,1048,754,1049
300762,Reconnecting,0,0,15,42,0,0,16,732,0,1048,754,1049
301010,Reconnecting,0,0,15,42,0,0,16,732,0,1048,754,1049
301260,Reconnecting,0,0,15,42,0,0,16,732,0,1048,754,1049
301509,Reconnecting,0,0,15,42,0,0,16,732,0,1048,754,1049
301757,Reconnecting,0,0,15,42,0,0,16,732,0,1048,754,1049
302006,Reconnecting,0,0,15,42,0,0,16,732,0,1048,754,1049
302257,Reconnecting,0,0,15,42,0,0,16,732,0,1048,754,1049
302504,Reconnecting,0,0,15,42,0,0,16,732,0,1048,754,1049
302755,Reconnecting,0,0,15,42,0,0,16,732,0,1048,754,1049
303005,Reconnecting,0,0,15,42,0,0,16,732,0,1048,754,1049
303252,Reconnecting,0,0,15,42,0,0,16,732,0,1048,754,1049
303502,Reconnecting,0,0,15,42,0,0,16,732,0,1048,754,1049
303751,Reconnecting,0,0,15,42,0,0,17,732,0,1048,754,1049
304000,Reconnecting,0,0,15,42,0,0,17,732,0,1048,754,1049
304311,Reconnecting,0,0,15,42,0,0,17,738,0,1048,754,1049
304559,Reconnecting,0,0,15,42,0,0,17,738,0,1048,754,1049
304807,Reconnecting,0,0,15,42,0,0,17,738,0,1048,754,1049
305058,Reconnecting,0,0,15,42,0,0,17,738,0,1048,754,1049
305306,Reconnecting,0,0,15,42,0,0,17,738,0,1048,754,1049
305555,Reconnecting,0,0,15,42,0,0,17,738,0,1048,754,1049
305802,Reconnecting,0,0,15,42,0,0,17,738,0,1048,754,1049
306051,Reconnecting,0,0,15,42,0,0,17,738,0,1048,754,1049
306299,Reconnecting,0,0,15,42,0,0,17,738,0,1048,754,1049
306547,Reconnecting,0,0,15,42,0,0,17,738,0,1048,754,1049
306794,Reconnecting,0,0,15,42,0,0,17,738,0,1048,754,1049
307045,Reconnecting,0,0,15,42,0,0,17,738,0,1048,754,1049
307292,Reconnecting,0,0,15,42,0,0,17,738,0,1048,754,1049
307539,Reconnecting,0,0,15,42,0,0,17,738,0,1048,754,1049
307787,Reconnecting,0,0,15,42,0,0,17,738,0,1048,754,1049
308036,Reconnecting,0,0,15,42,0,0,17,738,0,1048,754,1049
308286,Reconnecting,0,0,15,42,0,0,17,738,0,1048,754,1049
308535,Reconnecting,0,0,15,42,0,0,17,738,0,1048,754,1049
308784,Reconnecting,0,0,15,42,0,0,17,738,0,1048,754,1049
309034,Reconnecting,0,0,15,42,0,0,17,738,0,1048,754,1049
309283,Reconnecting,0,0,15,42,0,0,18,738,0,1048,754,1049
309529,Reconnecting,0,0,15,42,0,0,18,740,0,1048,754,1049
309779,Reconnecting,1041408,2951,15,42,0,0,18,750,0,1048,0,1049
310027,Reconnecting,1225728,3474,15,42,0,0,18,752,0,1048,0,1049
310273,Reconnecting,1225728,3474,15,42,0,0,18,752,0,1048,0,1049
310520,Reconnecting,1225728,3474,15,42,0,0,18,752,0,1048,0,1049
310771,Playing,1429504,4051,15,42,0,0,18,754,0,1048,0,1049
311022,Playing,1339392,3796,15,42,0,0,18,754,0,1048,0,1049
311271,Playing,1249280,3541,15,42,0,0,18,754,0,1048,0,1049
311519,Playing,1379328,3909,15,42,0,0,18,756,0,1048,0,1049
311767,Playing,1289216,3654,15,42,0,0,18,756,0,1048,0,1049
312016,Playing,1199104,3398,15,42,0,0,18,756,0,1048,0,1049
312267,Playing,1310720,3715,15,42,0,0,18,758,0,1048,0,1049
312517,Playing,1220608,3459,15,42,0,0,18,758,0,1048,0,1049
312766,Playing,1130496,3204,15,42,0,0,18,758,0,1048,0,1049
313015,Playing,1260544,3572,15,42,0,0,18,760,0,1048,0,1049
313265,Playing,1170432,3317,15,42,0,0,18,760,0,1048,0,1049
313513,Playing,1273856,3610,15,42,0,0,18,762,0,1048,0,1049
313762,Playing,1183744,3355,15,42,0,0,18,762,0,1048,0,1049
314011,Playing,1101824,3123,15,42,0,0,18,762,0,1048,0,1049
314259,Playing,1011712,2867,15,42,0,0,18,762,0,1048,0,1049
314507,Playing,1133568,3213,15,42,0,0,18,764,0,1048,0,1049
314754,Playing,1051648,2980,15,42,0,0,18,764,0,1048,0,1049
315005,Playing,1155072,3274,15,42,0,0,18,766,0,1048,0,1049
315252,Playing,1064960,3018,15,42,0,0,18,766,0,1048,0,1049
315503,Playing,983040,2786,15,42,0,0,18,766,0,1048,0,1049
315751,Playing,1114112,3157,15,42,0,0,18,768,0,1048,0,1049
316061,Playing,1007616,2856,15,42,0,0,18,768,0,1048,0,1049
316308,Playing,917504,2600,15,42,0,0,18,768,0,1048,0,1049
316557,Playing,1020928,2893,15,42,0,0,18,770,0,1048,0,1049
316807,Playing,939008,2661,15,42,0,0,18,770,0,1048,0,1049
317057,Playing,848896,2406,15,42,0,0,18,770,0,1048,0,1049
317308,Playing,979968,2777,15,42,0,0,18,772,0,1048,0,1049
317555,Playing,898048,2545,15,42,0,0,18,772,0,1048,0,1049
317804,Playing,807936,2290,15,42,0,0,18,772,0,1048,0,1049
318052,Playing,911360,2583,15,42,0,0,18,774,0,1048,0,1049
318302,Playing,829440,2351,15,42,0,0,18,774,0,1048,0,1049
318550,Playing,969728,2748,15,42,0,0,18,776,0,1048,0,1049
318797,Playing,879616,2493,15,42,0,0,18,776,0,1048,0,1049
319047,Playing,797696,2261,15,42,0,0,18,776,0,1048,0,1049
319296,Playing,855040,2423,15,42,0,0,18,778,0,1048,0,1049
319544,Playing,764928,2168,15,42,0,0,18,778,0,1048,0,1049
319792,Playing,683008,1935,15,42,0,0,18,778,0,1048,0,1049
320042,Playing,814080,2307,15,42,0,0,18,780,0,1048,0,1049
320293,Playing,723968,2052,15,42,0,0,18,780,0,1048,0,1049
320540,Playing,633856,1796,15,42,0,0,18,780,0,1048,0,1049
320788,Playing,745472,2113,15,42,0,0,18,782,0,1048,0,1049
321038,Playing,655360,1857,15,42,0,0,18,782,0,1048,0,1049
321288,Playing,565248,1602,15,42,0,0,18,782,0,1048,0,1049
321536,Playing,483328,1369,15,42,0,0,18,782,0,1048,0,1049
321785,Playing,605184,1715,15,42,0,0,18,784,0,1048,0,1049
322031,Playing,523264,1483,15,42,0,0,18,784,0,1048,0,1049
322279,Playing,654336,1854,15,42,0,0,18,786,0,1048,0,1049
322530,Playing,564224,1599,15,42,0,0,18,786,0,1048,0,1049
322779,Playing,474112,1343,15,42,0,0,18,786,0,1048,0,1049
323029,Playing,594944,1686,15,42,0,0,18,788,0,1048,0,1049
323280,Playing,504832,1430,15,42,0,0,18,788,0,1048,0,1049
323527,Playing,414720,1175,15,42,0,0,18,788,0,1048,0,1049
323773,Playing,563200,1596,15,42,0,0,18,790,0,1048,0,1049
324020,Playing,473088,1340,15,42,0,0,18,790,0,1048,0,1049
324268,Playing,382976,1085,15,42,0,0,18,790,0,1048,0,1049
324515,Playing,494592,1401,15,42,0,0,18,792,0,1048,0,1049
324764,Playing,404480,1146,15,42,0,0,18,792,0,1048,0,1049
325014,Playing,526336,1491,15,42,0,0,18,794,0,1048,0,1049
325264,Playing,444416,1259,15,42,0,0,18,794,0,1048,0,1049
325512,Playing,354304,1004,15,42,0,0,18,794,0,1048,0,1049
325761,Playing,457728,1297,15,42,0,0,18,796,0,1048,0,1049
326013,Playing,375808,1065,15,42,0,0,18,796,0,1048,0,1049
326260,Playing,285696,809,15,42,0,0,18,796,0,1048,0,1049
326507,Playing,425984,1207,15,42,0,0,18,798,0,1048,0,1049
326756,Playing,344064,975,15,42,0,0,18,798,0,1048,0,1049
327005,Playing,253952,719,15,42,0,0,18,798,0,1048,0,1049
327254,Playing,283648,803,15,42,0,0,18,800,0,1048,0,1049
327502,Playing,201728,571,15,42,0,0,18,800,0,1048,0,1049
327750,Playing,111616,316,15,42,0,0,18,800,0,1048,0,1049
328061,Playing,226304,641,15,42,0,0,18,802,0,1048,0,1049
328311,Playing,136192,386,15,42,0,0,18,802,0,1048,0,1049
328559,Playing,46080,130,15,42,0,0,18,802,0,1048,0,1049
328805,Buffering,156672,444,16,42,0,0,18,804,0,1048,0,1049
329055,Buffering,156672,444,16,42,0,0,18,804,0,1048,0,1049
329304,Buffering,156672,444,16,42,0,0,18,804,0,1048,0,1049
329553,Buffering,345088,978,16,43,0,0,18,806,0,1048,0,1049
329800,Buffering,254976,722,16,43,0,0,18,806,0,1048,0,1049
330046,Buffering,164864,467,16,43,0,0,18,806,0,1048,0,1049
330296,Buffering,294912,835,16,43,0,0,18,808,0,1048,0,1049
330542,Buffering,204800,580,16,43,0,0,18,808,0,1048,0,1049
330791,Buffering,122880,348,16,43,0,0,18,808,0,1048,0,1049
331039,Buffering,217088,615,16,43,0,0,18,810,0,1048,0,1049
331288,Buffering,126976,359,16,43,0,0,18,810,0,1048,0,1049
331535,Buffering,45056,127,16,43,0,0,18,810,0,1048,0,1049
331782,Buffering,166912,473,16,43,0,0,18,812,0,1048,0,1049
332030,Buffering,76800,217,16,43,0,0,18,812,0,1048,0,1049
332278,Buffering,184320,522,16,43,0,0,18,814,0,1048,0,1049
332526,Buffering,184320,522,16,43,0,0,18,814,0,1048,0,1049
332773,Buffering,184320,522,16,43,0,0,18,814,0,1048,0,1049
333023,Buffering,371712,1053,16,44,0,0,18,816,0,1048,0,1049
333273,Buffering,281600,798,16,44,0,0,18,816,0,1048,0,1049
333521,Buffering,191488,542,16,44,0,0,18,816,0,1048,0,1049
333768,Buffering,303104,859,16,44,0,0,18,818,0,1048,0,1049
334018,Buffering,212992,603,16,44,0,0,18,818,0,1048,0,1049
334267,Buffering,122880,348,16,44,0,0,18,818,0,1048,0,1049
334513,Buffering,262144,743,16,44,0,0,18,820,0,1048,0,1049
334764,Buffering,172032,487,16,44,0,0,18,820,0,1048,0,1049
335015,Buffering,81920,232,16,44,0,0,18,820,0,1048,0,1049
335263,Buffering,176128,499,16,44,0,0,18,822,0,1048,0,1049
335511,Buffering,94208,267,16,44,0,0,18,822,0,1048,0,1049
335759,Buffering,4096,11,16,44,0,0,18,822,0,1048,0,1049
336008,Playing,162816,461,16,45,0,0,18,824,0,1048,0,1049
336256,Playing,80896,229,16,45,0,0,18,824,0,1048,0,1049
336503,Playing,0,0,16,45,0,0,18,824,0,1048,0,1049
336751,Buffering,119808,339,17,45,0,0,18,826,0,1048,0,1049
337000,Buffering,119808,339,17,45,0,0,18,826,0,1048,0,1049
337310,Buffering,119808,339,17,45,0,0,18,826,0,1048,0,1049
337558,Buffering,350208,992,17,45,0,0,18,828,0,1048,0,1049
337805,Buffering,350208,992,17,45,0,0,18,828,0,1048,0,1049
338057,Buffering,519168,1471,17,46,0,0,18,830,0,1048,0,1049
338305,Buffering,437248,1239,17,46,0,0,18,830,0,1048,0,1049
338554,Buffering,347136,983,17,46,0,0,18,830,0,1048,0,1049
338801,Buffering,478208,1355,17,46,0,0,18,832,0,1048,0,1049
339052,Buffering,396288,1123,17,46,0,0,18,832,0,1048,0,1049
339300,Buffering,306176,867,17,46,0,0,18,832,0,1048,0,1049
339550,Buffering,428032,1213,17,46,0,0,18,834,0,1048,0,1049
339798,Buffering,346112,981,17,46,0,0,18,834,0,1048,0,1049
340046,Buffering,256000,725,17,46,0,0,18,834,0,1048,0,1049
340294,Buffering,359424,1018,17,46,0,0,18,836,0,1048,0,1049
340546,Buffering,269312,763,17,46,0,0,18,836,0,1048,0,1049
340793,Buffering,187392,531,17,46,0,0,18,836,0,1048,0,1049
341043,Buffering,327680,928,17,46,0,0,18,838,0,1048,0,1049
341291,Buffering,237568,673,17,46,0,0,18,838,0,1048,0,1049
341539,Buffering,155648,441,17,46,0,0,18,838,0,1048,0,1049
341788,Buffering,65536,185,17,46,0,0,18,838,0,1048,0,1049
342034,Buffering,159744,452,17,46,0,0,18,840,0,1048,0,1049
342284,Buffering,77824,220,17,46,0,0,18,840,0,1048,0,1049
342533,Buffering,199680,565,17,46,0,0,18,842,0,1048,0,1049
342781,Buffering,109568,310,17,46,0,0,18,842,0,1048,0,1049
343032,Buffering,27648,78,17,46,0,0,18,842,0,1048,0,1049
343280,Buffering,131072,371,17,46,0,0,18,844,0,1048,0,1049
343527,Buffering,40960,116,17,46,0,0,18,844,0,1048,0,1049
343778,Buffering,0,0,17,46,0,0,18,844,0,1048,0,1049
344025,Playing,155648,441,17,47,0,0,18,846,0,1048,0,1049
344273,Playing,65536,185,17,47,0,0,18,846,0,1048,0,1049
344522,Playing,0,0,17,47,0,0,18,846,0,1048,0,1049
344770,Buffering,202752,574,18,47,0,0,18,848,0,1048,0,1049
345019,Buffering,202752,574,18,47,0,0,18,848,0,1048,0,1049
345270,Buffering,202752,574,18,47,0,0,18,848,0,1048,0,1049
345518,Buffering,342016,969,18,48,0,0,18,850,0,1048,0,1049
345768,Buffering,251904,714,18,48,0,0,18,850,0,1048,0,1049
346016,Buffering,309248,876,18,48,0,0,18,852,0,1048,0,1049
346265,Buffering,227328,644,18,48,0,0,18,852,0,1048,0,1049
346514,Buffering,137216,388,18,48,0,0,18,852,0,1048,0,1049
346763,Buffering,47104,133,18,48,0,0,18,852,0,1048,0,1049
347011,Buffering,177152,502,18,48,0,0,18,854,0,1048,0,1049
347260,Buffering,262144,743,18,48,0,0,18,856,0,1048,0,1049
347510,Buffering,172032,487,18,48,0,0,18,856,0,1048,0,1049
347758,Buffering,90112,255,18,48,0,0,18,856,0,1048,0,1049
348006,Buffering,0,0,18,48,0,0,18,856,0,1048,0,1049
348255,Buffering,221184,626,18,48,0,0,18,858,0,1048,0,1049
348506,Buffering,221184,626,18,48,0,0,18,858,0,1048,0,1049
348753,Buffering,221184,626,18,48,0,0,18,858,0,1048,0,1049
349061,Buffering,342016,969,18,49,0,0,18,860,0,1048,0,1049
349310,Buffering,251904,714,18,49,0,0,18,860,0,1048,0,1049
349558,Buffering,373760,1059,18,49,0,0,18,862,0,1048,0,1049
349807,Buffering,291840,827,18,49,0,0,18,862,0,1048,0,1049
350056,Buffering,201728,571,18,49,0,0,18,862,0,1048,0,1049
350303,Buffering,323584,917,18,49,0,0,18,864,0,1048,0,1049
350553,Buffering,241664,684,18,49,0,0,18,864,0,1048,0,1049
350802,Buffering,151552,429,18,49,0,0,18,864,0,1048,0,1049
351052,Buffering,264192,748,18,49,0,0,18,866,0,1048,0,1049
351301,Buffering,174080,493,18,49,0,0,18,866,0,1048,0,1049
351551,Buffering,92160,261,18,49,0,0,18,866,0,1048,0,1049
351803,Buffering,214016,606,18,49,0,0,18,868,0,1048,0,1049
352053,Buffering,123904,351,18,49,0,0,18,868,0,1048,0,1049
352301,Buffering,41984,119,18,49,0,0,18,868,0,1048,0,1049
352546,Buffering,136192,386,18,49,0,0,18,870,0,1048,0,1049
352793,Buffering,46080,130,18,49,0,0,18,870,0,1048,0,1049
353041,Reconnecting,0,0,18,50,0,0,18,871,682,1048,683,1049
353292,Reconnecting,0,0,18,50,0,0,18,871,682,1048,683,1049
353541,Reconnecting,0,0,18,50,0,0,18,871,682,1048,683,1049
353788,Reconnecting,0,0,18,50,0,0,18,871,682,1048,683,1049
354039,Reconnecting,0,0,18,50,0,0,18,871,682,1048,683,1049
354291,Reconnecting,0,0,18,50,0,0,18,871,682,1048,683,1049
354536,Reconnecting,0,0,18,50,0,0,18,871,682,1048,683,1049
354785,Reconnecting,0,0,18,50,0,0,18,871,682,1048,683,1049
355032,Reconnecting,0,0,18,50,0,0,18,871,682,1048,683,1049
355282,Reconnecting,0,0,18,50,0,0,18,871,682,1048,683,1049
355534,Reconnecting,0,0,18,50,0,0,18,871,682,1048,683,1049
355784,Reconnecting,0,0,18,50,0,0,18,871,682,1048,683,1049
356032,Reconnecting,0,0,18,50,0,0,18,871,682,1048,683,1049
356281,Reconnecting,0,0,18,50,0,0,18,871,682,1048,683,1049
356531,Reconnecting,0,0,18,50,0,0,18,871,682,1048,683,1049
356779,Reconnecting,0,0,18,50,0,0,18,871,682,1048,683,1049
357027,Reconnecting,0,0,18,50,0,0,18,871,682,1048,683,1049
357278,Reconnecting,0,0,18,50,0,0,18,871,682,1048,683,1049
357525,Reconnecting,0,0,18,50,0,0,18,871,682,1048,683,1049
357775,Reconnecting,0,0,18,50,0,0,18,871,682,1048,683,1049
358021,Reconnecting,0,0,18,50,0,0,18,871,682,1048,683,1049
358269,Reconnecting,0,0,18,50,0,0,19,871,682,1048,683,1049
358517,Reconnecting,0,0,18,50,0,0,19,877,0,1048,683,1049
358765,Reconnecting,0,0,18,50,0,0,19,877,0,1048,683,1049
359013,Reconnecting,0,0,18,50,0,0,19,877,0,1048,683,1049
359261,Reconnecting,0,0,18,50,0,0,19,877,0,1048,683,1049
359509,Reconnecting,0,0,18,50,0,0,19,877,0,1048,683,1049
359755,Reconnecting,0,0,18,50,0,0,19,877,0,1048,683,1049
360003,Reconnecting,0,0,18,50,0,0,19,877,0,1048,683,1049
360252,Reconnecting,0,0,18,50,0,0,19,877,0,1048,683,1049
360505,Reconnecting,0,0,18,50,0,0,19,877,0,1048,683,1049
360753,Reconnecting,0,0,18,50,0,0,19,877,0,1048,683,1049
361001,Reconnecting,0,0,18,50,0,0,19,877,0,1048,683,1049
361251,Reconnecting,0,0,18,50,0,0,19,877,0,1048,683,1049
361561,Reconnecting,0,0,18,50,0,0,19,877,0,1048,683,1049
361809,Reconnecting,0,0,18,50,0,0,19,877,0,1048,683,1049
362058,Reconnecting,0,0,18,50,0,0,19,877,0,1048,683,1049
362309,Reconnecting,0,0,18,50,0,0,19,877,0,1048,683,1049
362555,Reconnecting,0,0,18,50,0,0,19,877,0,1048,683,1049
362808,Reconnecting,0,0,18,50,0,0,19,877,0,1048,683,1049
363056,Reconnecting,0,0,18,50,0,0,19,877,0,1048,683,1049
363309,Reconnecting,0,0,18,50,0,0,19,877,0,1048,683,1049
363559,Reconnecting,0,0,18,50,0,0,20,877,0,1048,683,1049
363807,Reconnecting,0,0,18,50,0,0,20,879,0,1048,683,1049
364053,Reconnecting,0,0,18,50,0,0,20,884,0,1048,683,1049
364302,Reconnecting,0,0,18,50,0,0,20,884,0,1048,683,1049
364550,Reconnecting,0,0,18,50,0,0,20,884,0,1048,683,1049
364800,Reconnecting,0,0,18,50,0,0,20,884,0,1048,683,1049
365048,Reconnecting,0,0,18,50,0,0,20,884,0,1048,683,1049
365295,Reconnecting,0,0,18,50,0,0,20,884,0,1048,683,1049
365543,Reconnecting,0,0,18,50,0,0,20,884,0,1048,683,1049
365790,Reconnecting,0,0,18,50,0,0,20,884,0,1048,683,1049
366041,Reconnecting,0,0,18,50,0,0,20,884,0,1048,683,1049
366289,Reconnecting,0,0,18,50,0,0,20,884,0,1048,683,1049
366537,Reconnecting,0,0,18,50,0,0,20,884,0,1048,683,1049
366787,Reconnecting,0,0,18,50,0,0,20,884,0,1048,683,1049
367034,Reconnecting,0,0,18,50,0,0,20,884,0,1048,683,1049
367282,Reconnecting,0,0,18,50,0,0,20,884,0,1048,683,1049
367530,Reconnecting,0,0,18,50,0,0,20,884,0,1048,683,1049
367779,Reconnecting,0,0,18,50,0,0,20,884,0,1048,683,1049
368027,Reconnecting,0,0,18,50,0,0,20,884,0,1048,683,1049
368276,Reconnecting,0,0,18,50,0,0,20,884,0,1048,683,1049
368525,Reconnecting,0,0,18,50,0,0,20,884,0,1048,683,1049
368775,Reconnecting,0,0,18,50,0,0,20,884,0,1048,683,1049
369026,Reconnecting,0,0,18,50,0,0,21,884,0,1048,683,1049
369273,Reconnecting,0,0,18,50,0,0,21,886,0,1048,683,1049
369523,Reconnecting,967680,2742,18,50,0,0,21,895,0,1048,0,1049
369773,Reconnecting,1216512,3448,18,50,0,0,21,897,0,1048,0,1049
370021,Reconnecting,1216512,3448,18,50,0,0,21,897,0,1048,0,1049
370267,Playing,1428480,4048,18,50,0,0,21,899,0,1048,0,1049
370516,Playing,1338368,3793,18,50,0,0,21,899,0,1048,0,1049
370766,Playing,1248256,3538,18,50,0,0,21,899,0,1048,0,1049
371018,Playing,1295360,3671,18,50,0,0,21,901,0,1048,0,1049
371268,Playing,1205248,3416,18,50,0,0,21,901,0,1048,0,1049
371517,Playing,1115136,3160,18,50,0,0,21,901,0,1048,0,1049
371766,Playing,1263616,3581,18,50,0,0,21,903,0,1048,0,1049
372014,Playing,1173504,3326,18,50,0,0,21,903,0,1048,0,1049
372263,Playing,1083392,3070,18,50,0,0,21,903,0,1048,0,1049
372546,Playing,1197056,3393,18,50,0,0,21,905,0,1048,0,1049
372793,Playing,1106944,3137,18,50,0,0,21,905,0,1048,0,1049
373042,Playing,1025024,2905,18,50,0,0,21,905,0,1048,0,1049
373292,Playing,1137664,3224,18,50,0,0,21,907,34,1048,34,1049
373509,Playing,1063936,3015,18,50,0,0,21,907,34,1048,34,1049
373760,Playing,973824,2760,18,50,0,0,21,907,34,1048,34,1049
374009,Playing,1095680,3105,18,50,0,0,21,909,0,1048,0,1049
374256,Playing,1005568,2850,18,50,0,0,21,909,0,1048,0,1049
374504,Playing,1117184,3166,18,50,0,0,21,911,0,1048,0,1049
374755,Playing,1027072,2911,18,50,0,0,21,911,0,1048,0,1049
375004,Playing,936960,2655,18,50,0,0,21,911,0,1048,0,1049
375254,Playing,855040,2423,18,50,0,0,21,911,0,1048,0,1049
375503,Playing,995328,2821,18,50,0,0,21,913,0,1048,0,1049
375751,Playing,905216,2565,18,50,0,0,21,913,0,1048,0,1049
376001,Playing,815104,2310,18,50,0,0,21,913,0,1048,0,1049
376251,Playing,917504,2600,18,50,0,0,21,915,1,1048,1,1049
376500,Playing,827392,2345,18,50,0,0,21,915,1,1048,1,1049
376809,Playing,942080,2670,18,50,0,0,21,917,0,1048,0,1049
377055,Playing,851968,2414,18,50,0,0,21,917,0,1048,0,1049
377304,Playing,770048,2182,18,50,0,0,21,917,0,1048,0,1049
377551,Playing,679936,1927,18,50,0,0,21,917,0,1048,0,1049
377800,Playing,783360,2220,18,50,0,0,21,919,0,1048,0,1049
378047,Playing,701440,1988,18,50,0,0,21,919,0,1048,0,1049
378297,Playing,832512,2359,18,50,0,0,21,921,0,1048,0,1049
378543,Playing,742400,2104,18,50,0,0,21,921,0,1048,0,1049
378794,Playing,660480,1872,18,50,0,0,21,921,0,1048,0,1049
379044,Playing,717824,2034,18,50,0,0,21,923,0,1048,0,1049
379293,Playing,627712,1779,18,50,0,0,21,923,0,1048,0,1049
379545,Playing,537600,1523,18,50,0,0,21,923,0,1048,0,1049
379793,Playing,455680,1291,18,50,0,0,21,923,0,1048,0,1049
380042,Playing,577536,1637,18,50,0,0,21,925,0,1048,0,1049
380290,Playing,495616,1404,18,50,0,0,21,925,0,1048,0,1049
380538,Playing,599040,1697,18,50,0,0,21,927,0,1048,0,1049
380788,Playing,508928,1442,18,50,0,0,21,927,0,1048,0,1049
381034,Playing,427008,1210,18,50,0,0,21,927,0,1048,0,1049
381283,Playing,548864,1555,18,50,0,0,21,929,0,1048,0,1049
381530,Playing,458752,1300,18,50,0,0,21,929,0,1048,0,1049
381782,Playing,376832,1068,18,50,0,0,21,929,0,1048,0,1049
382029,Playing,498688,1413,18,50,0,0,21,931,0,1048,0,1049
382283,Playing,408576,1158,18,50,0,0,21,931,0,1048,0,1049
382528,Playing,326656,925,18,50,0,0,21,931,0,1048,0,1049
382780,Playing,430080,1219,18,50,0,0,21,933,0,1048,0,1049
383029,Playing,339968,963,18,50,0,0,21,933,0,1048,0,1049
383276,Playing,258048,731,18,50,0,0,21,933,0,1048,0,1049
383527,Playing,389120,1102,18,50,0,0,21,935,0,1048,0,1049
383776,Playing,299008,847,18,50,0,0,21,935,0,1048,0,1049
384022,Playing,401408,1137,18,50,0,0,21,937,0,1048,0,1049
384271,Playing,311296,882,18,50,0,0,21,937,0,1048,0,1049
384518,Playing,221184,626,18,50,0,0,21,937,0,1048,0,1049
384766,Playing,351232,995,18,50,0,0,21,939,0,1048,0,1049
385015,Playing,261120,740,18,50,0,0,21,939,0,1048,0,1049
385265,Playing,171008,484,18,50,0,0,21,939,0,1048,0,1049
385514,Playing,265216,751,18,50,0,0,21,941,0,1048,0,1049
385764,Playing,183296,519,18,50,0,0,21,941,0,1048,0,1049
386012,Playing,93184,264,18,50,0,0,21,941,0,1048,0,1049
386262,Playing,233472,661,18,50,0,0,21,943,0,1048,0,1049
386509,Playing,151552,429,18,50,0,0,21,943,0,1048,0,1049
386757,Playing,61440,174,18,50,0,0,21,943,0,1048,0,1049
387007,Buffering,119808,339,19,50,0,0,21,945,0,1048,0,1049
387257,Buffering,119808,339,19,50,0,0,21,945,0,1048,0,1049
387505,Buffering,119808,339,19,50,0,0,21,945,0,1048,0,1049
387754,Buffering,350208,992,19,50,0,0,21,947,0,1048,0,1049
388003,Buffering,350208,992,19,50,0,0,21,947,0,1048,0,1049
388252,Buffering,350208,992,19,50,0,0,21,947,0,1048,0,1049
388562,Buffering,449536,1274,19,51,0,0,21,949,0,1048,0,1049
388810,Buffering,359424,1018,19,51,0,0,21,949,0,1048,0,1049
389059,Buffering,499712,1416,19,51,0,0,21,951,0,1048,0,1049
389308,Buffering,417792,1184,19,51,0,0,21,951,0,1048,0,1049
389557,Buffering,327680,928,19,51,0,0,21,951,0,1048,0,1049
389806,Buffering,237568,673,19,51,0,0,21,951,0,1048,0,1049
390054,Buffering,367616,1041,19,51,0,0,21,953,0,1048,0,1049
390299,Buffering,277504,786,19,51,0,0,21,953,0,1048,0,1049
390549,Buffering,187392,531,19,51,0,0,21,953,0,1048,0,1049
390797,Buffering,299008,847,19,51,0,0,21,955,0,1048,0,1049
391047,Buffering,208896,592,19,51,0,0,21,955,0,1048,0,1049
391294,Buffering,330752,937,19,51,0,0,21,957,0,1048,0,1049
391544,Buffering,248832,705,19,51,0,0,21,957,0,1048,0,1049
391793,Buffering,158720,449,19,51,0,0,21,957,0,1048,0,1049
392042,Buffering,68608,194,19,51,0,0,21,957,0,1048,0,1049
392292,Buffering,162816,461,19,51,0,0,21,959,0,1048,0,1049
392541,Buffering,80896,229,19,51,0,0,21,959,0,1048,0,1049
392791,Buffering,202752,574,19,51,0,0,21,961,0,1048,0,1049
393041,Buffering,112640,319,19,51,0,0,21,961,0,1048,0,1049
393290,Buffering,30720,87,19,51,0,0,21,961,0,1048,0,1049
393537,Buffering,134144,380,19,51,0,0,21,963,0,1048,0,1049
393785,Buffering,44032,124,19,51,0,0,21,963,0,1048,0,1049
394034,Buffering,0,0,19,51,0,0,21,963,0,1048,0,1049
394281,Playing,172032,487,19,52,0,0,21,965,0,1048,0,1049
394529,Playing,81920,232,19,52,0,0,21,965,0,1048,0,1049
394779,Playing,0,0,19,52,0,0,21,965,0,1048,0,1049
395027,Buffering,193536,548,20,52,0,0,21,967,0,1048,0,1049
395277,Buffering,193536,548,20,52,0,0,21,967,0,1048,0,1049
395526,Buffering,193536,548,20,52,0,0,21,967,0,1048,0,1049
395775,Buffering,331776,940,20,53,0,0,21,969,0,1048,0,1049
396024,Buffering,241664,684,20,53,0,0,21,969,0,1048,0,1049
396271,Buffering,288768,818,20,53,0,0,21,971,0,1048,0,1049
396521,Buffering,198656,563,20,53,0,0,21,971,0,1048,0,1049
396772,Buffering,108544,307,20,53,0,0,21,971,0,1048,0,1049
397021,Buffering,248832,705,20,53,0,0,21,973,0,1048,0,1049
397270,Buffering,166912,473,20,53,0,0,21,973,0,1048,0,1049
397520,Buffering,76800,217,20,53,0,0,21,973,0,1048,0,1049
397768,Buffering,0,0,20,53,0,0,21,973,0,1048,0,1049
398014,Buffering,184320,522,20,53,0,0,21,975,0,1048,0,1049
398261,Buffering,184320,522,20,53,0,0,21,975,0,1048,0,1049
398509,Buffering,349184,989,20,54,0,0,21,977,0,1048,0,1049
398759,Buffering,259072,734,20,54,0,0,21,977,0,1048,0,1049
399007,Buffering,168960,478,20,54,0,0,21,977,0,1048,0,1049
399255,Buffering,78848,223,20,54,0,0,21,977,0,1048,0,1049
399505,Buffering,208896,592,20,54,0,0,21,979,0,1048,0,1049
399753,Buffering,247808,702,20,54,0,0,21,980,426,1048,0,1049
400000,Buffering,231424,655,20,54,0,0,21,981,0,1048,0,1049
400251,Buffering,149504,423,20,54,0,0,21,981,0,1048,0,1049
400501,Buffering,59392,168,20,54,0,0,21,981,0,1048,0,1049
400750,Buffering,199680,565,20,54,0,0,21,983,0,1048,0,1049
401000,Buffering,109568,310,20,54,0,0,21,983,0,1048,0,1049
401312,Buffering,3072,8,20,54,0,0,21,983,0,1048,0,1049
401562,Playing,144384,409,20,55,0,0,21,985,0,1048,0,1049
401750,Playing,78848,223,20,55,0,0,21,985,0,1048,0,1049
402000,Playing,0,0,20,55,0,0,21,985,0,1048,0,1049
402310,Buffering,211968,600,21,55,0,0,21,987,0,1048,0,1049
402560,Buffering,211968,600,21,55,0,0,21,987,0,1048,0,1049
402809,Buffering,211968,600,21,55,0,0,21,987,0,1048,0,1049
403058,Buffering,306176,867,21,56,0,0,21,989,0,1048,0,1049
403305,Buffering,216064,612,21,56,0,0,21,989,0,1048,0,1049
403554,Buffering,355328,1007,21,56,0,0,21,991,0,1048,0,1049
403803,Buffering,265216,751,21,56,0,0,21,991,0,1048,0,1049
404052,Buffering,175104,496,21,56,0,0,21,991,0,1048,0,1049
404301,Buffering,295936,838,21,56,0,0,21,993,0,1048,0,1049
404551,Buffering,205824,583,21,56,0,0,21,993,0,1048,0,1049
404803,Buffering,115712,327,21,56,0,0,21,993,0,1048,0,1049
405051,Buffering,246784,699,21,56,0,0,21,995,0,1048,0,1049
405299,Buffering,164864,467,21,56,0,0,21,995,0,1048,0,1049
405548,Buffering,74752,211,21,56,0,0,21,995,0,1048,0,1049
405798,Buffering,132096,374,21,56,0,0,21,997,0,1048,0,1049
406047,Buffering,50176,142,21,56,0,0,21,997,0,1048,0,1049
406297,Buffering,0,0,21,56,0,0,21,997,0,1048,0,1049
406547,Buffering,211968,600,21,56,0,0,21,999,0,1048,0,1049
406796,Buffering,211968,600,21,56,0,0,21,999,0,1048,0,1049
407045,Buffering,370688,1050,21,57,0,0,21,1001,0,1048,0,1049
407294,Buffering,280576,795,21,57,0,0,21,1001,0,1048,0,1049
407543,Buffering,190464,539,21,57,0,0,21,1001,0,1048,0,1049
407792,Buffering,108544,307,21,57,0,0,21,1001,0,1048,0,1049
408041,Buffering,230400,653,21,57,0,0,21,1003,0,1048,0,1049
408290,Buffering,140288,397,21,57,0,0,21,1003,0,1048,0,1049
408538,Buffering,261120,740,21,57,0,0,21,1005,0,1048,0,1049
408787,Buffering,171008,484,21,57,0,0,21,1005,0,1048,0,1049
409037,Buffering,80896,229,21,57,0,0,21,1005,0,1048,0,1049
409285,Buffering,210944,597,21,57,0,0,21,1007,0,1048,0,1049
409533,Buffering,120832,342,21,57,0,0,21,1007,0,1048,0,1049
409780,Buffering,30720,87,21,57,0,0,21,1007,0,1048,0,1049
410031,Reconnecting,0,0,21,58,0,0,21,1008,713,1048,714,1049
410281,Reconnecting,0,0,21,58,0,0,21,1008,713,1048,714,1049
410531,Reconnecting,0,0,21,58,0,0,21,1008,713,1048,714,1049
410780,Reconnecting,0,0,21,58,0,0,21,1008,713,1048,714,1049
411029,Reconnecting,0,0,21,58,0,0,21,1008,713,1048,714,1049
411279,Reconnecting,0,0,21,58,0,0,21,1008,713,1048,714,1049
411529,Reconnecting,0,0,21,58,0,0,21,1008,713,1048,714,1049
411778,Reconnecting,0,0,21,58,0,0,21,1008,713,1048,714,1049
412029,Reconnecting,0,0,21,58,0,0,21,1008,713,1048,714,1049
412274,Reconnecting,0,0,21,58,0,0,21,1008,713,1048,714,1049
412522,Reconnecting,0,0,21,58,0,0,21,1008,713,1048,714,1049
412771,Reconnecting,0,0,21,58,0,0,21,1008,713,1048,714,1049
413022,Reconnecting,0,0,21,58,0,0,21,1008,713,1048,714,1049
413269,Reconnecting,0,0,21,58,0,0,21,1008,713,1048,714,1049
413518,Reconnecting,0,0,21,58,0,0,21,1008,713,1048,714,1049
413767,Reconnecting,0,0,21,58,0,0,21,1008,713,1048,714,1049
414014,Reconnecting,0,0,21,58,0,0,21,1008,713,1048,714,1049
414265,Reconnecting,0,0,21,58,0,0,21,1008,713,1048,714,1049
414512,Reconnecting,0,0,21,58,0,0,21,1008,713,1048,714,1049
414763,Reconnecting,0,0,21,58,0,0,21,1008,713,1048,714,1049
415007,Reconnecting,0,0,21,58,0,0,22,1008,713,1048,714,1049
415256,Reconnecting,0,0,21,58,0,0,22,1010,0,1048,714,1049
415506,Reconnecting,506880,1436,21,58,0,0,22,1018,0,1048,0,1049
415754,Reconnecting,829440,2351,21,58,0,0,22,1020,0,1048,0,1049
416001,Reconnecting,829440,2351,21,58,0,0,22,1020,0,1048,0,1049
416250,Reconnecting,829440,2351,21,58,0,0,22,1020,0,1048,0,1049
416560,Reconnecting,1050624,2977,21,58,0,0,22,1022,0,1048,0,1049
416807,Reconnecting,1050624,2977,21,58,0,0,22,1022,0,1048,0,1049
417058,Reconnecting,1179648,3343,21,58,0,0,22,1024,0,1048,0,1049
417305,Reconnecting,1179648,3343,21,58,0,0,22,1024,0,1048,0,1049
417553,Reconnecting,1179648,3343,21,58,0,0,22,1024,0,1048,0,1049
417801,Reconnecting,1410048,3996,21,58,0,0,22,1026,0,1048,0,1049
418052,Reconnecting,1410048,3996,21,58,0,0,22,1026,0,1048,0,1049
418301,Reconnecting,1410048,3996,21,58,0,0,22,1026,0,1048,0,1049
418551,Playing,1604608,4548,21,58,0,0,22,1028,0,1048,0,1049
418801,Playing,1514496,4292,21,58,0,0,22,1028,0,1048,0,1049
419050,Playing,1424384,4037,21,58,0,0,22,1028,0,1048,0,1049
419298,Playing,1545216,4379,21,58,0,0,22,1030,0,1048,0,1049
419548,Playing,1455104,4124,21,58,0,0,22,1030,0,1048,0,1049
419796,Playing,1364992,3869,21,58,0,0,22,1030,0,1048,0,1049
420044,Playing,1274880,3613,21,58,0,0,22,1030,0,1048,0,1049
420297,Playing,1404928,3982,21,58,0,0,22,1032,0,1048,0,1049
420543,Playing,1314816,3726,21,58,0,0,22,1032,0,1048,0,1049
420795,Playing,1409024,3993,21,58,0,0,22,1034,0,1048,0,1049
421042,Playing,1327104,3761,21,58,0,0,22,1034,0,1048,0,1049
421291,Playing,1236992,3506,21,58,0,0,22,1034,0,1048,0,1049
421539,Playing,1377280,3903,21,58,0,0,22,1036,0,1048,0,1049
421787,Playing,1295360,3671,21,58,0,0,22,1036,0,1048,0,1049
422038,Playing,1205248,3416,21,58,0,0,22,1036,0,1048,0,1049
422288,Playing,1299456,3683,21,58,0,0,22,1038,0,1048,0,1049
422537,Playing,1209344,3427,21,58,0,0,22,1038,0,1048,0,1049
422785,Playing,1127424,3195,21,58,0,0,22,1038,0,1048,0,1049
423037,Playing,1258496,3567,21,58,0,0,22,1040,0,1048,0,1049
423286,Playing,1168384,3311,21,58,0,0,22,1040,0,1048,0,1049
423535,Playing,1086464,3079,21,58,0,0,22,1040,0,1048,0,1049
423787,Playing,1189888,3372,21,58,0,0,22,1042,0,1048,0,1049
424035,Playing,1099776,3117,21,58,0,0,22,1042,0,1048,0,1049
424288,Playing,1009664,2861,21,58,0,0,22,1042,0,1048,0,1049
424538,Playing,1140736,3233,21,58,0,0,22,1044,0,1048,0,1049
424786,Playing,1058816,3001,21,58,0,0,22,1044,0,1048,0,1049
425036,Playing,1116160,3163,21,58,0,0,22,1046,0,1048,0,1049
425285,Playing,1026048,2908,21,58,0,0,22,1046,0,1048,0,1049
425536,Playing,944128,2676,21,58,0,0,22,1046,0,1048,0,1049
425785,Playing,854016,2420,21,58,0,0,22,1046,0,1048,0,1049
426033,Playing,975872,2766,21,58,0,0,22,1048,0,1048,0,1049
426281,Playing,893952,2533,21,58,0,0,22,1048,0,1048,0,1049
426530,Playing,803840,2278,21,58,0,0,22,1048,0,1048,0,1049
426778,Playing,907264,2571,21,58,0,0,22,1050,0,1048,0,1049
427026,Playing,825344,2339,21,58,0,0,22,1050,0,1048,0,1049
427274,Playing,735232,2083,21,58,0,0,22,1050,0,1048,0,1049
427524,Playing,857088,2429,21,58,0,0,22,1052,0,1048,0,1049
427771,Playing,775168,2197,21,58,0,0,22,1052,0,1048,0,1049
428020,Playing,897024,2542,21,58,0,0,22,1054,0,1048,0,1049
428269,Playing,806912,2287,21,58,0,0,22,1054,0,1048,0,1049
428520,Playing,716800,2031,21,58,0,0,22,1054,0,1048,0,1049
428767,Playing,828416,2348,21,58,0,0,22,1056,0,1048,0,1049
429017,Playing,738304,2092,21,58,0,0,22,1056,0,1048,0,1049
429267,Playing,648192,1837,21,58,0,0,22,1056,0,1048,0,1049
429516,Playing,787456,2232,21,58,0,0,22,1058,0,1048,0,1049
429766,Playing,697344,1976,21,58,0,0,22,1058,0,1048,0,1049
430015,Playing,800768,2269,21,58,0,0,22,1060,0,1048,0,1049
430263,Playing,710656,2014,21,58,0,0,22,1060,0,1048,0,1049
430511,Playing,628736,1782,21,58,0,0,22,1060,0,1048,0,1049
430760,Playing,538624,1526,21,58,0,0,22,1060,0,1048,0,1049
431008,Playing,669696,1898,21,58,0,0,22,1062,0,1048,0,1049
431258,Playing,587776,1666,21,58,0,0,22,1062,0,1048,0,1049
431508,Playing,681984,1933,21,58,0,0,22,1064,0,1048,0,1049
431758,Playing,591872,1677,21,58,0,0,22,1064,0,1048,0,1049
432006,Playing,509952,1445,21,58,0,0,22,1064,0,1048,0,1049
432253,Playing,419840,1190,21,58,0,0,22,1064,0,1048,0,1049
432502,Playing,560128,1587,21,58,0,0,22,1066,0,1048,0,1049
432752,Playing,478208,1355,21,58,0,0,22,1066,0,1048,0,1049
433001,Playing,388096,1100,21,58,0,0,22,1066,0,1048,0,1049
433251,Playing,417792,1184,21,58,0,0,22,1068,0,1048,0,1049
433501,Playing,327680,928,21,58,0,0,22,1068,0,1048,0,1049
433751,Playing,466944,1323,21,58,0,0,22,1070,0,1048,0,1049
434000,Playing,376832,1068,21,58,0,0,22,1070,0,1048,0,1049
434250,Playing,286720,812,21,58,0,0,22,1070,0,1048,0,1049
434558,Playing,336896,954,21,58,0,0,22,1072,0,1048,0,1049
434750,Playing,263168,745,21,58,0,0,22,1072,0,1048,0,1049
435057,Playing,156672,444,21,58,0,0,22,1072,0,1048,0,1049
435263,Playing,82944,235,21,58,0,0,22,1072,0,1048,0,1049
435539,Playing,205824,583,21,58,0,0,22,1074,2,1048,2,1049
435787,Playing,123904,351,21,58,0,0,22,1074,2,1048,2,1049
436038,Playing,236544,670,21,58,0,0,22,1076,0,1048,0,1049
436287,Playing,146432,415,21,58,0,0,22,1076,0,1048,0,1049
436534,Playing,64512,182,21,58,0,0,22,1076,0,1048,0,1049
436784,Playing,0,0,21,58,0,0,22,1076,0,1048,0,1049
437034,Buffering,193536,548,22,58,0,0,22,1078,0,1048,0,1049
437284,Buffering,193536,548,22,58,0,0,22,1078,0,1048,0,1049
437531,Buffering,397312,1126,22,59,0,0,22,1080,0,1048,0,1049
437778,Buffering,307200,870,22,59,0,0,22,1080,0,1048,0,1049
438028,Buffering,217088,615,22,59,0,0,22,1080,0,1048,0,1049
438279,Buffering,311296,882,22,59,0,0,22,1082,0,1048,0,1049
438526,Buffering,229376,650,22,59,0,0,22,1082,0,1048,0,1049
438776,Buffering,139264,394,22,59,0,0,22,1082,0,1048,0,1049
439026,Buffering,261120,740,22,59,0,0,22,1084,0,1048,0,1049
439270,Buffering,179200,507,22,59,0,0,22,1084,0,1048,0,1049
439524,Buffering,291840,827,22,59,0,0,22,1086,0,1048,0,1049
439771,Buffering,201728,571,22,59,0,0,22,1086,0,1048,0,1049
440018,Buffering,119808,339,22,59,0,0,22,1086,0,1048,0,1049
440266,Buffering,29696,84,22,59,0,0,22,1086,0,1048,0,1049
440515,Buffering,160768,455,22,59,0,0,22,1088,0,1048,0,1049
440765,Buffering,78848,223,22,59,0,0,22,1088,0,1048,0,1049
441013,Buffering,184320,522,22,59,0,0,22,1090,0,1048,0,1049
441262,Buffering,184320,522,22,59,0,0,22,1090,0,1048,0,1049
441510,Buffering,184320,522,22,59,0,0,22,1090,0,1048,0,1049
441758,Buffering,371712,1053,22,60,0,0,22,1092,0,1048,0,1049
442006,Buffering,281600,798,22,60,0,0,22,1092,0,1048,0,1049
442257,Buffering,191488,542,22,60,0,0,22,1092,0,1048,0,1049
442507,Buffering,229376,650,22,60,0,0,22,1094,0,1048,0,1049
442754,Buffering,139264,394,22,60,0,0,22,1094,0,1048,0,1049
443003,Buffering,49152,139,22,60,0,0,22,1094,0,1048,0,1049
443251,Buffering,197632,560,22,60,0,0,22,1096,0,1048,0,1049
443501,Buffering,107520,304,22,60,0,0,22,1096,0,1048,0,1049
443810,Buffering,1024,2,22,60,0,0,22,1096,0,1048,0,1049
444062,Playing,159744,452,22,61,0,0,22,1098,0,1048,0,1049
444307,Playing,69632,197,22,61,0,0,22,1098,0,1048,0,1049
444553,Playing,0,0,22,61,0,0,22,1098,0,1048,0,1049
444802,Buffering,221184,626,23,61,0,0,22,1100,0,1048,0,1049
445049,Buffering,221184,626,23,61,0,0,22,1100,0,1048,0,1049
445298,Buffering,221184,626,23,61,0,0,22,1100,0,1048,0,1049
445546,Buffering,351232,995,23,62,0,0,22,1102,0,1048,0,1049
445793,Buffering,261120,740,23,62,0,0,22,1102,0,1048,0,1049
446040,Buffering,372736,1056,23,62,0,0,22,1104,0,1048,0,1049
446287,Buffering,282624,801,23,62,0,0,22,1104,0,1048,0,1049
446533,Buffering,200704,568,23,62,0,0,22,1104,0,1048,0,1049
446782,Buffering,340992,966,23,62,0,0,22,1106,0,1048,0,1049
447030,Buffering,250880,711,23,62,0,0,22,1106,0,1048,0,1049
447275,Buffering,168960,478,23,62,0,0,22,1106,0,1048,0,1049
447521,Buffering,263168,745,23,62,0,0,22,1108,0,1048,0,1049
447772,Buffering,173056,490,23,62,0,0,22,1108,0,1048,0,1049
448022,Buffering,91136,258,23,62,0,0,22,1108,0,1048,0,1049
448271,Buffering,1024,2,23,62,0,0,22,1108,0,1048,0,1049
448521,Buffering,221184,626,23,62,0,0,22,1110,0,1048,0,1049
448768,Buffering,221184,626,23,62,0,0,22,1110,0,1048,0,1049
449017,Buffering,221184,626,23,62,0,0,22,1110,0,1048,0,1049
449266,Buffering,323584,917,23,63,0,0,22,1112,0,1048,0,1049
449515,Buffering,241664,684,23,63,0,0,22,1112,0,1048,0,1049
449762,Buffering,372736,1056,23,63,0,0,22,1114,0,1048,0,1049
450012,Buffering,282624,801,23,63,0,0,22,1114,0,1048,0,1049
450263,Buffering,192512,545,23,63,0,0,22,1114,0,1048,0,1049
450509,Buffering,313344,888,23,63,0,0,22,1116,0,1048,0,1049
450758,Buffering,223232,632,23,63,0,0,22,1116,0,1048,0,1049
451006,Buffering,141312,400,23,63,0,0,22,1116,0,1048,0,1049
451255,Buffering,272384,772,23,63,0,0,22,1118,0,1048,0,1049
451504,Buffering,182272,516,23,63,0,0,22,1118,0,1048,0,1049
451755,Buffering,248832,705,23,63,0,0,22,1120,0,1048,0,1049
452002,Buffering,166912,473,23,63,0,0,22,1120,0,1048,0,1049
452251,Buffering,76800,217,23,63,0,0,22,1120,0,1048,0,1049
452562,Buffering,0,0,23,63,0,0,22,1120,0,1048,0,1049
452811,Playing,139264,394,23,64,0,0,22,1122,0,1048,0,1049
453062,Playing,49152,139,23,64,0,0,22,1122,0,1048,0,1049
453250,Playing,167936,476,23,64,0,0,22,1124,0,1048,0,1049
453500,Playing,77824,220,23,64,0,0,22,1124,0,1048,0,1049
453811,Playing,0,0,23,64,0,0,22,1124,0,1048,0,1049
454060,Buffering,211968,600,24,64,0,0,22,1126,0,1048,0,1049
454307,Buffering,211968,600,24,64,0,0,22,1126,0,1048,0,1049
454555,Buffering,211968,600,24,64,0,0,22,1126,0,1048,0,1049
454806,Buffering,324608,920,24,65,0,0,22,1128,0,1048,0,1049
455057,Buffering,234496,664,24,65,0,0,22,1128,0,1048,0,1049
455305,Buffering,364544,1033,24,65,0,0,22,1130,0,1048,0,1049
455554,Buffering,274432,777,24,65,0,0,22,1130,0,1048,0,1049
455802,Buffering,184320,522,24,65,0,0,22,1130,0,1048,0,1049
456050,Buffering,323584,917,24,65,0,0,22,1132,0,1048,0,1049
456298,Buffering,233472,661,24,65,0,0,22,1132,0,1048,0,1049
456545,Buffering,143360,406,24,65,0,0,22,1132,0,1048,0,1049
456793,Buffering,245760,696,24,65,0,0,22,1134,0,1048,0,1049
457041,Buffering,155648,441,24,65,0,0,22,1134,0,1048,0,1049
457290,Buffering,65536,185,24,65,0,0,22,1134,0,1048,0,1049
457538,Buffering,0,0,24,65,0,0,22,1134,0,1048,0,1049
457787,Buffering,230400,653,24,65,0,0,22,1136,0,1048,0,1049
458037,Buffering,230400,653,24,65,0,0,22,1136,0,1048,0,1049
458287,Buffering,433152,1227,24,66,0,0,22,1138,0,1048,0,1049
458533,Buffering,343040,972,24,66,0,0,22,1138,0,1048,0,1049
458784,Buffering,252928,716,24,66,0,0,22,1138,0,1048,0,1049
459034,Buffering,382976,1085,24,66,0,0,22,1140,0,1048,0,1049
459282,Buffering,292864,830,24,66,0,0,22,1140,0,1048,0,1049
459533,Buffering,202752,574,24,66,0,0,22,1140,0,1048,0,1049
459780,Buffering,305152,864,24,66,0,0,22,1142,0,1048,0,1049
460030,Buffering,215040,609,24,66,0,0,22,1142,0,1048,0,1049
460279,Buffering,124928,354,24,66,0,0,22,1142,0,1048,0,1049
460529,Buffering,246784,699,24,66,0,0,22,1144,0,1048,0,1049
460778,Buffering,164864,467,24,66,0,0,22,1144,0,1048,0,1049
461024,Buffering,74752,211,24,66,0,0,22,1144,0,1048,0,1049
461272,Buffering,141312,400,24,66,0,0,22,1146,0,1048,0,1049
461520,Buffering,59392,168,24,66,0,0,22,1146,0,1048,0,1049
461770,Buffering,0,0,24,66,0,0,22,1146,0,1048,0,1049
462020,Reconnecting,0,0,24,67,0,0,22,1147,794,1048,794,1049
462269,Reconnecting,0,0,24,67,0,0,22,1147,794,1048,794,1049
462518,Reconnecting,0,0,24,67,0,0,22,1147,794,1048,794,1049
462766,Reconnecting,0,0,24,67,0,0,22,1147,794,1048,794,1049
463016,Reconnecting,0,0,24,67,0,0,22,1147,794,1048,794,1049
463267,Reconnecting,0,0,24,67,0,0,22,1147,794,1048,794,1049
463514,Reconnecting,0,0,24,67,0,0,22,1147,794,1048,794,1049
463764,Reconnecting,0,0,24,67,0,0,22,1147,794,1048,794,1049
464012,Reconnecting,0,0,24,67,0,0,22,1147,794,1048,794,1049
464260,Reconnecting,0,0,24,67,0,0,22,1147,794,1048,794,1049
464509,Reconnecting,0,0,24,67,0,0,22,1147,794,1048,794,1049
464759,Reconnecting,0,0,24,67,0,0,22,1147,794,1048,794,1049
465006,Reconnecting,0,0,24,67,0,0,22,1147,794,1048,794,1049
465254,Reconnecting,0,0,24,67,0,0,22,1147,794,1048,794,1049
465503,Reconnecting,0,0,24,67,0,0,22,1147,794,1048,794,1049
465751,Reconnecting,0,0,24,67,0,0,22,1147,794,1048,794,1049
466061,Reconnecting,0,0,24,67,0,0,22,1147,794,1048,794,1049
466310,Reconnecting,0,0,24,67,0,0,22,1147,794,1048,794,1049
466558,Reconnecting,0,0,24,67,0,0,22,1147,794,1048,794,1049
466808,Reconnecting,0,0,24,67,0,0,22,1147,794,1048,794,1049
467057,Reconnecting,0,0,24,67,0,0,23,1147,794,1048,794,1049
467307,Reconnecting,0,0,24,67,0,0,23,1149,0,1048,794,1049
467556,Reconnecting,0,0,24,67,0,0,23,1153,0,1048,794,1049
467805,Reconnecting,0,0,24,67,0,0,23,1153,0,1048,794,1049
468053,Reconnecting,0,0,24,67,0,0,23,1153,0,1048,794,1049
468302,Reconnecting,0,0,24,67,0,0,23,1153,0,1048,794,1049
468552,Reconnecting,0,0,24,67,0,0,23,1153,0,1048,794,1049
468798,Reconnecting,0,0,24,67,0,0,23,1153,0,1048,794,1049
469049,Reconnecting,0,0,24,67,0,0,23,1153,0,1048,794,1049
469299,Reconnecting,0,0,24,67,0,0,23,1153,0,1048,794,1049
469546,Reconnecting,0,0,24,67,0,0,23,1153,0,1048,794,1049
469795,Reconnecting,0,0,24,67,0,0,23,1153,0,1048,794,1049
470047,Reconnecting,0,0,24,67,0,0,23,1153,0,1048,794,1049
470295,Reconnecting,0,0,24,67,0,0,23,1153,0,1048,794,1049
470544,Reconnecting,0,0,24,67,0,0,23,1153,0,1048,794,1049
470791,Reconnecting,0,0,24,67,0,0,23,1153,0,1048,794,1049
471042,Reconnecting,0,0,24,67,0,0,23,1153,0,1048,794,1049
471291,Reconnecting,0,0,24,67,0,0,23,1153,0,1048,794,1049
471540,Reconnecting,0,0,24,67,0,0,23,1153,0,1048,794,1049
471788,Reconnecting,0,0,24,67,0,0,23,1153,0,1048,794,1049
472037,Reconnecting,0,0,24,67,0,0,23,1153,0,1048,794,1049
472287,Reconnecting,0,0,24,67,0,0,23,1153,0,1048,794,1049
472537,Reconnecting,0,0,24,67,0,0,24,1153,0,1048,794,1049
472784,Reconnecting,0,0,24,67,0,0,24,1160,0,1048,794,1049
473033,Reconnecting,0,0,24,67,0,0,24,1160,0,1048,794,1049
473283,Reconnecting,0,0,24,67,0,0,24,1160,0,1048,794,1049
473533,Reconnecting,0,0,24,67,0,0,24,1160,0,1048,794,1049
473782,Reconnecting,0,0,24,67,0,0,24,1160,0,1048,794,1049
474032,Reconnecting,0,0,24,67,0,0,24,1160,0,1048,794,1049
474281,Reconnecting,0,0,24,67,0,0,24,1160,0,1048,794,1049
474528,Reconnecting,0,0,24,67,0,0,24,1160,0,1048,794,1049
474779,Reconnecting,0,0,24,67,0,0,24,1160,0,1048,794,1049
475028,Reconnecting,0,0,24,67,0,0,24,1160,0,1048,794,1049
475278,Reconnecting,0,0,24,67,0,0,24,1160,0,1048,794,1049
475529,Reconnecting,0,0,24,67,0,0,24,1160,0,1048,794,1049
475775,Reconnecting,0,0,24,67,0,0,24,1160,0,1048,794,1049
476025,Reconnecting,0,0,24,67,0,0,24,1160,0,1048,794,1049
476273,Reconnecting,0,0,24,67,0,0,24,1160,0,1048,794,1049
476525,Reconnecting,0,0,24,67,0,0,24,1160,0,1048,794,1049
476775,Reconnecting,0,0,24,67,0,0,24,1160,0,1048,794,1049
477023,Reconnecting,0,0,24,67,0,0,24,1160,0,1048,794,1049
477272,Reconnecting,0,0,24,67,0,0,24,1160,0,1048,794,1049
477521,Reconnecting,0,0,24,67,0,0,24,1160,0,1048,794,1049
477769,Reconnecting,0,0,24,67,0,0,25,1160,0,1048,794,1049
478018,Reconnecting,0,0,24,67,0,0,25,1160,0,1048,794,1049
478267,Reconnecting,230400,653,24,67,0,0,25,1170,0,1048,0,1049
478516,Reconnecting,764928,2168,24,67,0,0,25,1174,0,1048,0,1049
478766,Reconnecting,764928,2168,24,67,0,0,25,1174,0,1048,0,1049
479015,Reconnecting,764928,2168,24,67,0,0,25,1174,0,1048,0,1049
479263,Reconnecting,976896,2768,24,67,0,0,25,1176,0,1048,0,1049
479509,Reconnecting,976896,2768,24,67,0,0,25,1176,0,1048,0,1049
479756,Reconnecting,1170432,3317,24,67,0,0,25,1178,0,1048,0,1049
480004,Reconnecting,1170432,3317,24,67,0,0,25,1178,0,1048,0,1049
480253,Reconnecting,1170432,3317,24,67,0,0,25,1178,0,1048,0,1049
480503,Reconnecting,1391616,3944,24,67,0,0,25,1180,0,1048,0,1049
480753,Reconnecting,1391616,3944,24,67,0,0,25,1180,0,1048,0,1049
481001,Reconnecting,1391616,3944,24,67,0,0,25,1180,0,1048,0,1049
481311,Playing,1511424,4284,24,67,0,0,25,1182,0,1048,0,1049
481559,Playing,1429504,4051,24,67,0,0,25,1182,0,1048,0,1049
481807,Playing,1339392,3796,24,67,0,0,25,1182,0,1048,0,1049
482055,Playing,1488896,4220,24,67,0,0,25,1184,0,1048,0,1049
482306,Playing,1406976,3988,24,67,0,0,25,1184,0,1048,0,1049
482554,Playing,1316864,3732,24,67,0,0,25,1184,0,1048,0,1049
482803,Playing,1411072,3999,24,67,0,0,25,1186,0,1048,0,1049
483052,Playing,1320960,3744,24,67,0,0,25,1186,0,1048,0,1049
483299,Playing,1239040,3512,24,67,0,0,25,1186,0,1048,0,1049
483548,Playing,1360896,3857,24,67,0,0,25,1188,0,1048,0,1049
483796,Playing,1270784,3601,24,67,0,0,25,1188,0,1048,0,1049
484045,Playing,1188864,3369,24,67,0,0,25,1188,0,1048,0,1049
484296,Playing,1310720,3715,24,67,0,0,25,1190,0,1048,0,1049
484546,Playing,1220608,3459,24,67,0,0,25,1190,0,1048,0,1049
484794,Playing,1138688,3227,24,67,0,0,25,1190,0,1048,0,1049
485046,Playing,1251328,3546,24,67,0,0,25,1192,0,1048,0,1049
485295,Playing,1161216,3291,24,67,0,0,25,1192,0,1048,0,1049
485543,Playing,1301504,3689,24,67,0,0,25,1194,0,1048,0,1049
485793,Playing,1219584,3456,24,67,0,0,25,1194,0,1048,0,1049
486041,Playing,1129472,3201,24,67,0,0,25,1194,0,1048,0,1049
486290,Playing,1232896,3494,24,67,0,0,25,1196,0,1048,0,1049
486538,Playing,1150976,3262,24,67,0,0,25,1196,0,1048,0,1049
486789,Playing,1060864,3006,24,67,0,0,25,1196,0,1048,0,1049
487037,Playing,1191936,3378,24,67,0,0,25,1198,0,1048,0,1049
487284,Playing,1110016,3146,24,67,0,0,25,1198,0,1048,0,1049
487534,Playing,1019904,2890,24,67,0,0,25,1198,0,1048,0,1049
487784,Playing,1114112,3157,24,67,0,0,25,1200,0,1048,0,1049
488034,Playing,1032192,2925,24,67,0,0,25,1200,0,1048,0,1049
488283,Playing,1154048,3271,24,67,0,0,25,1202,0,1048,0,1049
488530,Playing,1063936,3015,24,67,0,0,25,1202,0,1048,0,1049
488779,Playing,982016,2783,24,67,0,0,25,1202,0,1048,0,1049
489026,Playing,891904,2528,24,67,0,0,25,1202,0,1048,0,1049
489274,Playing,1013760,2873,24,67,0,0,25,1204,0,1048,0,1049
489522,Playing,931840,2641,24,67,0,0,25,1204,0,1048,0,1049
489770,Playing,841728,2385,24,67,0,0,25,1204,0,1048,0,1049
490017,Playing,963584,2731,24,67,0,0,25,1206,0,1048,0,1049
490266,Playing,881664,2499,24,67,0,0,25,1206,0,1048,0,1049
490513,Playing,791552,2243,24,67,0,0,25,1206,0,1048,0,1049
490762,Playing,839680,2380,24,67,0,0,25,1208,0,1048,0,1049
491011,Playing,757760,2147,24,67,0,0,25,1208,0,1048,0,1049
491261,Playing,667648,1892,24,67,0,0,25,1208,0,1048,0,1049
491508,Playing,807936,2290,24,67,0,0,25,1210,0,1048,0,1049
491756,Playing,726016,2057,24,67,0,0,25,1210,0,1048,0,1049
492004,Playing,811008,2298,24,67,0,0,25,1212,0,1048,0,1049
492253,Playing,720896,2043,24,67,0,0,25,1212,0,1048,0,1049
492503,Playing,638976,1811,24,67,0,0,25,1212,0,1048,0,1049
492751,Playing,760832,2156,24,67,0,0,25,1214,0,1048,0,1049
493001,Playing,670720,1901,24,67,0,0,25,1214,0,1048,0,1049
493251,Playing,580608,1645,24,67,0,0,25,1214,0,1048,0,1049
493500,Playing,701440,1988,24,67,0,0,25,1216,0,1048,0,1049
493812,Playing,586752,1663,24,67,0,0,25,1216,0,1048,0,1049
494060,Playing,707584,2005,24,67,0,0,25,1218,0,1048,0,1049
494309,Playing,617472,1750,24,67,0,0,25,1218,0,1048,0,1049
494557,Playing,527360,1494,24,67,0,0,25,1218,0,1048,0,1049
494805,Playing,445440,1262,24,67,0,0,25,1218,0,1048,0,1049
495055,Playing,567296,1607,24,67,0,0,25,1220,0,1048,0,1049
495301,Playing,477184,1352,24,67,0,0,25,1220,0,1048,0,1049
495550,Playing,579584,1642,24,67,0,0,25,1222,0,1048,0,1049
495798,Playing,489472,1387,24,67,0,0,25,1222,0,1048,0,1049
496046,Playing,399360,1131,24,67,0,0,25,1222,0,1048,0,1049
496295,Playing,317440,899,24,67,0,0,25,1222,0,1048,0,1049
496545,Playing,457728,1297,24,67,0,0,25,1224,0,1048,0,1049
496793,Playing,367616,1041,24,67,0,0,25,1224,0,1048,0,1049
497043,Playing,285696,809,24,67,0,0,25,1224,0,1048,0,1049
497289,Playing,398336,1129,24,67,0,0,25,1226,0,1048,0,1049
497540,Playing,308224,873,24,67,0,0,25,1226,0,1048,0,1049
497788,Playing,447488,1268,24,67,0,0,25,1228,0,1048,0,1049
498039,Playing,357376,1012,24,67,0,0,25,1228,0,1048,0,1049
498288,Playing,267264,757,24,67,0,0,25,1228,0,1048,0,1049
498537,Playing,369664,1047,24,67,0,0,25,1230,0,1048,0,1049
498788,Playing,279552,792,24,67,0,0,25,1230,0,1048,0,1049
499035,Playing,189440,536,24,67,0,0,25,1230,0,1048,0,1049
499285,Playing,320512,908,24,67,0,0,25,1232,0,1048,0,1049
499532,Playing,238592,676,24,67,0,0,25,1232,0,1048,0,1049
499781,Playing,148480,420,24,67,0,0,25,1232,0,1048,0,1049
500030,Playing,215040,609,24,67,0,0,25,1234,0,1048,0,1049
500278,Playing,133120,377,24,67,0,0,25,1234,0,1048,0,1049
500528,Playing,43008,121,24,67,0,0,25,1234,0,1048,0,1049
500777,Playing,0,0,24,67,0,0,25,1234,0,1048,0,1049
501025,Buffering,211968,600,25,67,0,0,25,1236,0,1048,0,1049
501274,Buffering,211968,600,25,67,0,0,25,1236,0,1048,0,1049
501522,Buffering,339968,963,25,68,0,0,25,1238,0,1048,0,1049
501772,Buffering,258048,731,25,68,0,0,25,1238,0,1048,0,1049
502021,Buffering,167936,476,25,68,0,0,25,1238,0,1048,0,1049
502270,Buffering,289792,821,25,68,0,0,25,1240,0,1048,0,1049
502519,Buffering,207872,589,25,68,0,0,25,1240,0,1048,0,1049
502769,Buffering,117760,333,25,68,0,0,25,1240,0,1048,0,1049
503017,Buffering,248832,705,25,68,0,0,25,1242,0,1048,0,1049
503267,Buffering,158720,449,25,68,0,0,25,1242,0,1048,0,1049
503516,Buffering,76800,217,25,68,0,0,25,1242,0,1048,0,1049
503763,Buffering,198656,563,25,68,0,0,25,1244,0,1048,0,1049
504012,Buffering,108544,307,25,68,0,0,25,1244,0,1048,0,1049
504259,Buffering,26624,75,25,68,0,0,25,1244,0,1048,0,1049
504509,Buffering,148480,420,25,68,0,0,25,1246,0,1048,0,1049
504756,Buffering,58368,165,25,68,0,0,25,1246,0,1048,0,1049
505006,Buffering,193536,548,25,68,0,0,25,1248,0,1048,0,1049
505256,Buffering,193536,548,25,68,0,0,25,1248,0,1048,0,1049
505503,Buffering,193536,548,25,68,0,0,25,1248,0,1048,0,1049
505750,Buffering,406528,1152,25,69,0,0,25,1250,0,1048,0,1049
506060,Buffering,300032,850,25,69,0,0,25,1250,0,1048,0,1049
506322,Buffering,201728,571,25,69,0,0,25,1250,0,1048,0,1049
506511,Buffering,320512,908,25,69,0,0,25,1252,0,1048,0,1049
506755,Buffering,238592,676,25,69,0,0,25,1252,0,1048,0,1049
507003,Buffering,148480,420,25,69,0,0,25,1252,0,1048,0,1049
507253,Buffering,279552,792,25,69,0,0,25,1254,0,1048,0,1049
507502,Buffering,197632,560,25,69,0,0,25,1254,0,1048,0,1049
507751,Buffering,107520,304,25,69,0,0,25,1254,0,1048,0,1049
508000,Buffering,17408,49,25,69,0,0,25,1254,0,1048,0,1049
508311,Buffering,39936,113,25,69,0,0,25,1256,0,1048,0,1049
508557,Playing,196608,557,25,70,0,0,25,1258,0,1048,0,1049
508806,Playing,114688,325,25,70,0,0,25,1258,0,1048,0,1049
509056,Playing,24576,69,25,70,0,0,25,1258,0,1048,0,1049
509305,Playing,0,0,25,70,0,0,25,1258,0,1048,0,1049
509554,Buffering,156672,444,26,70,0,0,25,1260,0,1048,0,1049
509801,Buffering,156672,444,26,70,0,0,25,1260,0,1048,0,1049
510049,Buffering,156672,444,26,70,0,0,25,1260,0,1048,0,1049
510296,Buffering,294912,835,26,71,0,0,25,1262,0,1048,0,1049
510541,Buffering,204800,580,26,71,0,0,25,1262,0,1048,0,1049
510788,Buffering,114688,325,26,71,0,0,25,1262,0,1048,0,1049
511038,Buffering,235520,667,26,71,0,0,25,1264,0,1048,0,1049
511286,Buffering,145408,412,26,71,0,0,25,1264,0,1048,0,1049
511532,Buffering,63488,179,26,71,0,0,25,1264,0,1048,0,1049
511779,Buffering,166912,473,26,71,0,0,25,1266,0,1048,0,1049
512032,Buffering,76800,217,26,71,0,0,25,1266,0,1048,0,1049
512281,Buffering,198656,563,26,71,0,0,25,1268,0,1048,0,1049
512529,Buffering,116736,330,26,71,0,0,25,1268,0,1048,0,1049
512778,Buffering,26624,75,26,71,0,0,25,1268,0,1048,0,1049
513027,Buffering,193536,548,26,71,0,0,25,1270,0,1048,0,1049
513276,Buffering,193536,548,26,71,0,0,25,1270,0,1048,0,1049
513526,Buffering,193536,548,26,71,0,0,25,1270,0,1048,0,1049
513775,Buffering,390144,1105,26,72,0,0,25,1272,0,1048,0,1049
514024,Buffering,308224,873,26,72,0,0,25,1272,0,1048,0,1049
514273,Buffering,218112,618,26,72,0,0,25,1272,0,1048,0,1049
514521,Buffering,330752,937,26,72,0,0,25,1274,0,1048,0,1049
514770,Buffering,240640,682,26,72,0,0,25,1274,0,1048,0,1049
515016,Buffering,158720,449,26,72,0,0,25,1274,0,1048,0,1049
515265,Buffering,280576,795,26,72,0,0,25,1276,0,1048,0,1049
515513,Buffering,198656,563,26,72,0,0,25,1276,0,1048,0,1049
515761,Buffering,108544,307,26,72,0,0,25,1276,0,1048,0,1049
516010,Buffering,147456,417,26,72,0,0,25,1278,0,1048,0,1049
516257,Buffering,65536,185,26,72,0,0,25,1278,0,1048,0,1049
516507,Buffering,0,0,26,72,0,0,25,1278,0,1048,0,1049
516757,Playing,146432,415,26,73,0,0,25,1280,0,1048,0,1049
517007,Playing,56320,159,26,73,0,0,25,1280,0,1048,0,1049
517252,Playing,0,0,26,73,0,0,25,1280,0,1048,0,1049
517561,Buffering,156672,444,27,73,0,0,25,1282,0,1048,0,1049
517808,Buffering,156672,444,27,73,0,0,25,1282,0,1048,0,1049
518058,Buffering,353280,1001,27,74,0,0,25,1284,0,1048,0,1049
518307,Buffering,271360,769,27,74,0,0,25,1284,0,1048,0,1049
518554,Buffering,181248,513,27,74,0,0,25,1284,0,1048,0,1049
518804,Buffering,275456,780,27,74,0,0,25,1286,0,1048,0,1049
519053,Buffering,185344,525,27,74,0,0,25,1286,0,1048,0,1049
519303,Buffering,103424,293,27,74,0,0,25,1286,0,1048,0,1049
519550,Buffering,234496,664,27,74,0,0,25,1288,0,1048,0,1049
519801,Buffering,144384,409,27,74,0,0,25,1288,0,1048,0,1049
520049,Buffering,62464,177,27,74,0,0,25,1288,0,1048,0,1049
520300,Buffering,184320,522,27,74,0,0,25,1290,0,1048,0,1049
520546,Buffering,94208,267,27,74,0,0,25,1290,0,1048,0,1049
520798,Buffering,4096,11,27,74,0,0,25,1290,0,1048,0,1049
521046,Buffering,115712,327,27,74,0,0,25,1292,0,1048,0,1049
521295,Buffering,25600,72,27,74,0,0,25,1292,0,1048,0,1049
521547,Buffering,0,0,27,74,0,0,25,1292,0,1048,0,1049
521794,Buffering,230400,653,27,74,0,0,25,1294,0,1048,0,1049
522042,Buffering,230400,653,27,74,0,0,25,1294,0,1048,0,1049
522291,Buffering,230400,653,27,74,0,0,25,1294,0,1048,0,1049
522540,Buffering,365568,1036,27,75,0,0,25,1296,0,1048,0,1049
522788,Buffering,275456,780,27,75,0,0,25,1296,0,1048,0,1049
523040,Buffering,185344,525,27,75,0,0,25,1296,0,1048,0,1049
523288,Buffering,315392,893,27,75,0,0,25,1298,0,1048,0,1049
523537,Buffering,225280,638,27,75,0,0,25,1298,0,1048,0,1049
523784,Buffering,135168,383,27,75,0,0,25,1298,0,1048,0,1049
524033,Buffering,246784,699,27,75,0,0,25,1300,0,1048,0,1049
524281,Buffering,156672,444,27,75,0,0,25,1300,0,1048,0,1049
524530,Buffering,287744,815,27,75,0,0,25,1302,0,1048,0,1049
524779,Buffering,197632,560,27,75,0,0,25,1302,0,1048,0,1049
525028,Buffering,115712,327,27,75,0,0,25,1302,0,1048,0,1049
525275,Buffering,163840,464,27,75,0,0,25,1304,0,1048,0,1049
525527,Buffering,73728,208,27,75,0,0,25,1304,0,1048,0,1049
525776,Buffering,0,0,27,75,0,0,25,1304,0,1048,0,1049
526024,Buffering,0,0,27,75,0,0,25,1304,0,1048,0,1049
526271,Reconnecting,0,0,27,76,0,0,25,1305,866,1048,866,1049
526520,Reconnecting,0,0,27,76,0,0,25,1305,866,1048,866,1049
526769,Reconnecting,0,0,27,76,0,0,25,1305,866,1048,866,1049
527018,Reconnecting,0,0,27,76,0,0,25,1305,866,1048,866,1049
527269,Reconnecting,0,0,27,76,0,0,25,1305,866,1048,866,1049
527517,Reconnecting,0,0,27,76,0,0,25,1305,866,1048,866,1049
527765,Reconnecting,0,0,27,76,0,0,25,1305,866,1048,866,1049
528013,Reconnecting,0,0,27,76,0,0,25,1305,866,1048,866,1049
528263,Reconnecting,0,0,27,76,0,0,25,1305,866,1048,866,1049
528512,Reconnecting,0,0,27,76,0,0,25,1305,866,1048,866,1049
528762,Reconnecting,0,0,27,76,0,0,25,1305,866,1048,866,1049
529012,Reconnecting,0,0,27,76,0,0,25,1305,866,1048,866,1049
529260,Reconnecting,0,0,27,76,0,0,25,1305,866,1048,866,1049
529508,Reconnecting,0,0,27,76,0,0,25,1305,866,1048,866,1049
529756,Reconnecting,0,0,27,76,0,0,25,1305,866,1048,866,1049
530004,Reconnecting,0,0,27,76,0,0,25,1305,866,1048,866,1049
530254,Reconnecting,0,0,27,76,0,0,25,1305,866,1048,866,1049
530502,Reconnecting,0,0,27,76,0,0,25,1305,866,1048,866,1049
530752,Reconnecting,0,0,27,76,0,0,25,1305,866,1048,866,1049
531002,Reconnecting,0,0,27,76,0,0,25,1305,866,1048,866,1049
531252,Reconnecting,0,0,27,76,0,0,26,1305,866,1048,866,1049
531559,Reconnecting,0,0,27,76,0,0,26,1312,0,1048,866,1049
531809,Reconnecting,0,0,27,76,0,0,26,1312,0,1048,866,1049
532058,Reconnecting,0,0,27,76,0,0,26,1312,0,1048,866,1049
532307,Reconnecting,0,0,27,76,0,0,26,1312,0,1048,866,1049
532556,Reconnecting,0,0,27,76,0,0,26,1312,0,1048,866,1049
532803,Reconnecting,0,0,27,76,0,0,26,1312,0,1048,866,1049
533051,Reconnecting,0,0,27,76,0,0,26,1312,0,1048,866,1049
533299,Reconnecting,0,0,27,76,0,0,26,1312,0,1048,866,1049
533548,Reconnecting,0,0,27,76,0,0,26,1312,0,1048,866,1049
533795,Reconnecting,0,0,27,76,0,0,26,1312,0,1048,866,1049
534044,Reconnecting,0,0,27,76,0,0,26,1312,0,1048,866,1049
534294,Reconnecting,0,0,27,76,0,0,26,1312,0,1048,866,1049
534548,Reconnecting,0,0,27,76,0,0,26,1312,0,1048,866,1049
534795,Reconnecting,0,0,27,76,0,0,26,1312,0,1048,866,1049
535042,Reconnecting,0,0,27,76,0,0,26,1312,0,1048,866,1049
535291,Reconnecting,0,0,27,76,0,0,26,1312,0,1048,866,1049
535539,Reconnecting,0,0,27,76,0,0,26,1312,0,1048,866,1049
535789,Reconnecting,0,0,27,76,0,0,26,1312,0,1048,866,1049
536040,Reconnecting,0,0,27,76,0,0,26,1312,0,1048,866,1049
536290,Reconnecting,0,0,27,76,0,0,26,1312,0,1048,866,1049
536539,Reconnecting,0,0,27,76,0,0,27,1312,0,1048,866,1049
536786,Reconnecting,0,0,27,76,0,0,27,1314,0,1048,866,1049
537048,Reconnecting,0,0,27,76,0,0,27,1317,4,1048,866,1049
537298,Reconnecting,0,0,27,76,0,0,27,1317,4,1048,866,1049
537530,Reconnecting,0,0,27,76,0,0,27,1317,4,1048,866,1049
537782,Reconnecting,0,0,27,76,0,0,27,1317,4,1048,866,1049
538031,Reconnecting,0,0,27,76,0,0,27,1317,4,1048,866,1049
538280,Reconnecting,0,0,27,76,0,0,27,1317,4,1048,866,1049
538526,Reconnecting,0,0,27,76,0,0,27,1317,4,1048,866,1049
538776,Reconnecting,0,0,27,76,0,0,27,1317,4,1048,866,1049
539026,Reconnecting,0,0,27,76,0,0,27,1317,4,1048,866,1049
539274,Reconnecting,0,0,27,76,0,0,27,1317,4,1048,866,1049
539521,Reconnecting,0,0,27,76,0,0,27,1317,4,1048,866,1049
539769,Reconnecting,0,0,27,76,0,0,27,1317,4,1048,866,1049
540019,Reconnecting,0,0,27,76,0,0,27,1317,4,1048,866,1049
540266,Reconnecting,0,0,27,76,0,0,27,1317,4,1048,866,1049
540515,Reconnecting,0,0,27,76,0,0,27,1317,4,1048,866,1049
540764,Reconnecting,0,0,27,76,0,0,27,1317,4,1048,866,1049
541012,Reconnecting,0,0,27,76,0,0,27,1317,4,1048,866,1049
541262,Reconnecting,0,0,27,76,0,0,27,1317,4,1048,866,1049
541511,Reconnecting,0,0,27,76,0,0,27,1317,4,1048,866,1049
541761,Reconnecting,0,0,27,76,0,0,27,1317,4,1048,866,1049
542009,Reconnecting,0,0,27,76,0,0,27,1317,4,1048,866,1049
542257,Reconnecting,0,0,27,76,0,0,28,1317,4,1048,866,1049
542506,Reconnecting,239616,679,27,76,0,0,28,1326,0,1048,0,1049
542752,Reconnecting,709632,2011,27,76,0,0,28,1330,0,1048,0,1049
543003,Reconnecting,893952,2533,27,76,0,0,28,1332,0,1048,0,1049
543252,Reconnecting,893952,2533,27,76,0,0,28,1332,0,1048,0,1049
543500,Reconnecting,893952,2533,27,76,0,0,28,1332,0,1048,0,1049
543750,Reconnecting,1105920,3134,27,76,0,0,28,1334,0,1048,0,1049
544061,Reconnecting,1105920,3134,27,76,0,0,28,1334,0,1048,0,1049
544308,Reconnecting,1105920,3134,27,76,0,0,28,1334,0,1048,0,1049
544557,Reconnecting,1317888,3735,27,76,0,0,28,1336,0,1048,0,1049
544803,Reconnecting,1317888,3735,27,76,0,0,28,1336,0,1048,0,1049
545053,Playing,1478656,4191,27,76,0,0,28,1338,0,1048,0,1049
545306,Playing,1388544,3935,27,76,0,0,28,1338,0,1048,0,1049
545552,Playing,1298432,3680,27,76,0,0,28,1338,0,1048,0,1049
545802,Playing,1428480,4048,27,76,0,0,28,1340,0,1048,0,1049
546049,Playing,1338368,3793,27,76,0,0,28,1340,0,1048,0,1049
546297,Playing,1248256,3538,27,76,0,0,28,1340,0,1048,0,1049
546547,Playing,1350656,3828,27,76,0,0,28,1342,0,1048,0,1049
546796,Playing,1260544,3572,27,76,0,0,28,1342,0,1048,0,1049
547044,Playing,1170432,3317,27,76,0,0,28,1342,0,1048,0,1049
547294,Playing,1080320,3062,27,76,0,0,28,1342,0,1048,0,1049
547543,Playing,1210368,3430,27,76,0,0,28,1344,0,1048,0,1049
547792,Playing,1120256,3175,27,76,0,0,28,1344,0,1048,0,1049
548042,Playing,1214464,3442,27,76,0,0,28,1346,0,1048,0,1049
548290,Playing,1132544,3210,27,76,0,0,28,1346,0,1048,0,1049
548539,Playing,1254400,3555,27,76,0,0,28,1348,0,1048,0,1049
548788,Playing,1164288,3300,27,76,0,0,28,1348,0,1048,0,1049
549037,Playing,1074176,3044,27,76,0,0,28,1348,0,1048,0,1049
549285,Playing,992256,2812,27,76,0,0,28,1348,0,1048,0,1049
549534,Playing,1086464,3079,27,76,0,0,28,1350,0,1048,0,1049
549782,Playing,996352,2824,27,76,0,0,28,1350,0,1048,0,1049
550030,Playing,914432,2591,27,76,0,0,28,1350,0,1048,0,1049
550279,Playing,1045504,2963,27,76,0,0,28,1352,0,1048,0,1049
550528,Playing,955392,2708,27,76,0,0,28,1352,0,1048,0,1049
550778,Playing,873472,2475,27,76,0,0,28,1352,0,1048,0,1049
551027,Playing,976896,2768,27,76,0,0,28,1354,0,1048,0,1049
551272,Playing,886784,2513,27,76,0,0,28,1354,0,1048,0,1049
551524,Playing,1026048,2908,27,76,0,0,28,1356,0,1048,0,1049
551775,Playing,935936,2652,27,76,0,0,28,1356,0,1048,0,1049
552020,Playing,845824,2397,27,76,0,0,28,1356,0,1048,0,1049
552269,Playing,911360,2583,27,76,0,0,28,1358,0,1048,0,1049
552519,Playing,821248,2327,27,76,0,0,28,1358,0,1048,0,1049
552769,Playing,731136,2072,27,76,0,0,28,1358,0,1048,0,1049
553016,Playing,852992,2417,27,76,0,0,28,1360,0,1048,0,1049
553266,Playing,771072,2185,27,76,0,0,28,1360,0,1048,0,1049
553515,Playing,680960,1930,27,76,0,0,28,1360,0,1048,0,1049
553765,Playing,784384,2223,27,76,0,0,28,1362,0,1048,0,1049
554013,Playing,702464,1991,27,76,0,0,28,1362,0,1048,0,1049
554263,Playing,612352,1735,27,76,0,0,28,1362,0,1048,0,1049
554509,Playing,734208,2081,27,76,0,0,28,1364,0,1048,0,1049
554762,Playing,644096,1825,27,76,0,0,28,1364,0,1048,0,1049
555009,Playing,562176,1593,27,76,0,0,28,1364,0,1048,0,1049
555259,Playing,684032,1938,27,76,0,0,28,1366,0,1048,0,1049
555509,Playing,593920,1683,27,76,0,0,28,1366,0,1048,0,1049
555755,Playing,705536,1999,27,76,0,0,28,1368,0,1048,0,1049
556005,Playing,615424,1744,27,76,0,0,28,1368,0,1048,0,1049
556253,Playing,525312,1488,27,76,0,0,28,1368,0,1048,0,1049
556503,Playing,443392,1256,27,76,0,0,28,1368,0,1048,0,1049
556752,Playing,574464,1628,27,76,0,0,28,1370,0,1048,0,1049
557003,Playing,484352,1372,27,76,0,0,28,1370,0,1048,0,1049
557253,Playing,578560,1639,27,76,0,0,28,1372,0,1048,0,1049
557502,Playing,496640,1407,27,76,0,0,28,1372,0,1048,0,1049
557751,Playing,406528,1152,27,76,0,0,28,1372,0,1048,0,1049
558000,Playing,316416,896,27,76,0,0,28,1372,0,1048,0,1049
558250,Playing,446464,1265,27,76,0,0,28,1374,0,1048,0,1049
558561,Playing,331776,940,27,76,0,0,28,1374,0,1048,0,1049
558809,Playing,434176,1230,27,76,0,0,28,1376,0,1048,0,1049
559061,Playing,344064,975,27,76,0,0,28,1376,0,1048,0,1049
559311,Playing,253952,719,27,76,0,0,28,1376,0,1048,0,1049
559557,Playing,402432,1140,27,76,0,0,28,1378,0,1048,0,1049
559806,Playing,312320,885,27,76,0,0,28,1378,0,1048,0,1049
560056,Playing,222208,629,27,76,0,0,28,1378,0,1048,0,1049
560304,Playing,260096,737,27,76,0,0,28,1380,0,1048,0,1049
560555,Playing,169984,481,27,76,0,0,28,1380,0,1048,0,1049
560805,Playing,301056,853,27,76,0,0,28,1382,0,1048,0,1049
561055,Playing,210944,597,27,76,0,0,28,1382,0,1048,0,1049
561301,Playing,129024,365,27,76,0,0,28,1382,0,1048,0,1049
561549,Playing,38912,110,27,76,0,0,28,1382,0,1048,0,1049
561796,Buffering,156672,444,28,76,0,0,28,1384,0,1048,0,1049
562047,Buffering,156672,444,28,76,0,0,28,1384,0,1048,0,1049
562296,Buffering,156672,444,28,76,0,0,28,1384,0,1048,0,1049
562543,Buffering,320512,908,28,77,0,0,28,1386,0,1048,0,1049
562790,Buffering,238592,676,28,77,0,0,28,1386,0,1048,0,1049
563038,Buffering,148480,420,28,77,0,0,28,1386,0,1048,0,1049
563287,Buffering,261120,740,28,77,0,0,28,1388,0,1048,0,1049
563534,Buffering,179200,507,28,77,0,0,28,1388,0,1048,0,1049
563783,Buffering,89088,252,28,77,0,0,28,1388,0,1048,0,1049
564032,Buffering,183296,519,28,77,0,0,28,1390,0,1048,0,1049
564281,Buffering,101376,287,28,77,0,0,28,1390,0,1048,0,1049
564529,Buffering,11264,31,28,77,0,0,28,1390,0,1048,0,1049
564781,Buffering,133120,377,28,77,0,0,28,1392,0,1048,0,1049
565030,Buffering,43008,121,28,77,0,0,28,1392,0,1048,0,1049
565278,Buffering,184320,522,28,77,0,0,28,1394,0,1048,0,1049
565527,Buffering,184320,522,28,77,0,0,28,1394,0,1048,0,1049
565790,Buffering,184320,522,28,77,0,0,28,1394,0,1048,0,1049
566037,Buffering,322560,914,28,78,0,0,28,1396,20,1048,20,1049
566287,Buffering,232448,658,28,78,0,0,28,1396,20,1048,20,1049
566536,Buffering,353280,1001,28,78,0,0,28,1398,0,1048,0,1049
566783,Buffering,263168,745,28,78,0,0,28,1398,0,1048,0,1049
567031,Buffering,181248,513,28,78,0,0,28,1398,0,1048,0,1049
567281,Buffering,312320,885,28,78,0,0,28,1400,0,1048,0,1049
567529,Buffering,222208,629,28,78,0,0,28,1400,0,1048,0,1049
567780,Buffering,132096,374,28,78,0,0,28,1400,0,1048,0,1049
568029,Buffering,243712,690,28,78,0,0,28,1402,0,1048,0,1049
568277,Buffering,153600,435,28,78,0,0,28,1402,0,1048,0,1049
568526,Buffering,63488,179,28,78,0,0,28,1402,0,1048,0,1049
568774,Buffering,0,0,28,78,0,0,28,1402,0,1048,0,1049
569023,Playing,138240,391,28,79,0,0,28,1404,1,1048,1,1049
569270,Playing,48128,136,28,79,0,0,28,1404,1,1048,1,1049
569519,Buffering,119808,339,29,79,0,0,28,1406,0,1048,0,1049
569768,Buffering,119808,339,29,79,0,0,28,1406,0,1048,0,1049
570017,Buffering,119808,339,29,79,0,0,28,1406,0,1048,0,1049
570266,Buffering,350208,992,29,79,0,0,28,1408,0,1048,0,1049
570515,Buffering,350208,992,29,79,0,0,28,1408,0,1048,0,1049
570764,Buffering,350208,992,29,79,0,0,28,1408,0,1048,0,1049
571011,Buffering,526336,1491,29,80,0,0,28,1410,0,1048,0,1049
571261,Buffering,436224,1236,29,80,0,0,28,1410,0,1048,0,1049
571508,Buffering,346112,981,29,80,0,0,28,1410,0,1048,0,1049
571758,Buffering,485376,1375,29,80,0,0,28,1412,0,1048,0,1049
572006,Buffering,395264,1120,29,80,0,0,28,1412,0,1048,0,1049
572254,Buffering,305152,864,29,80,0,0,28,1412,0,1048,0,1049
572502,Buffering,435200,1233,29,80,0,0,28,1414,0,1048,0,1049
572750,Buffering,345088,978,29,80,0,0,28,1414,0,1048,0,1049
573000,Buffering,448512,1271,29,80,0,0,28,1416,0,1048,0,1049
573310,Buffering,342016,969,29,80,0,0,28,1416,0,1048,0,1049
573560,Buffering,251904,714,29,80,0,0,28,1416,0,1048,0,1049
573809,Buffering,161792,458,29,80,0,0,28,1416,0,1048,0,1049
574058,Buffering,310272,879,29,80,0,0,28,1418,0,1048,0,1049
574306,Buffering,220160,624,29,80,0,0,28,1418,0,1048,0,1049
574557,Buffering,130048,368,29,80,0,0,28,1418,0,1048,0,1049
574806,Buffering,232448,658,29,80,0,0,28,1420,0,1048,0,1049
575056,Buffering,142336,403,29,80,0,0,28,1420,0,1048,0,1049
575305,Buffering,52224,148,29,80,0,0,28,1420,0,1048,0,1049
575552,Buffering,182272,516,29,80,0,0,28,1422,0,1048,0,1049
575802,Buffering,92160,261,29,80,0,0,28,1422,0,1048,0,1049
576052,Buffering,2048,5,29,80,0,0,28,1422,0,1048,0,1049
576301,Playing,118784,336,29,81,0,0,28,1424,0,1048,0,1049
576551,Playing,28672,81,29,81,0,0,28,1424,0,1048,0,1049
576803,Buffering,211968,600,30,81,0,0,28,1426,0,1048,0,1049
577053,Buffering,211968,600,30,81,0,0,28,1426,0,1048,0,1049
577301,Buffering,211968,600,30,81,0,0,28,1426,0,1048,0,1049
577549,Buffering,322560,914,30,82,0,0,28,1428,0,1048,0,1049
577798,Buffering,232448,658,30,82,0,0,28,1428,0,1048,0,1049
578048,Buffering,150528,426,30,82,0,0,28,1428,0,1048,0,1049
578298,Buffering,272384,772,30,82,0,0,28,1430,0,1048,0,1049
578546,Buffering,182272,516,30,82,0,0,28,1430,0,1048,0,1049
578795,Buffering,92160,261,30,82,0,0,28,1430,0,1048,0,1049
579042,Buffering,157696,446,30,82,0,0,28,1432,0,1048,0,1049
579291,Buffering,67584,191,30,82,0,0,28,1432,0,1048,0,1049
579539,Buffering,0,0,30,82,0,0,28,1432,0,1048,0,1049
579789,Buffering,221184,626,30,82,0,0,28,1434,0,1048,0,1049
580036,Buffering,221184,626,30,82,0,0,28,1434,0,1048,0,1049
580290,Buffering,221184,626,30,82,0,0,28,1434,0,1048,0,1049
580538,Buffering,322560,914,30,83,0,0,28,1436,0,1048,0,1049
580786,Buffering,232448,658,30,83,0,0,28,1436,0,1048,0,1049
581035,Buffering,142336,403,30,83,0,0,28,1436,0,1048,0,1049
581282,Buffering,272384,772,30,83,0,0,28,1438,0,1048,0,1049
581529,Buffering,182272,516,30,83,0,0,28,1438,0,1048,0,1049
581777,Buffering,294912,835,30,83,0,0,28,1440,0,1048,0,1049
582027,Buffering,212992,603,30,83,0,0,28,1440,0,1048,0,1049
582279,Buffering,122880,348,30,83,0,0,28,1440,0,1048,0,1049
582526,Buffering,244736,693,30,83,0,0,28,1442,0,1048,0,1049
582775,Buffering,162816,461,30,83,0,0,28,1442,0,1048,0,1049
583024,Buffering,72704,206,30,83,0,0,28,1442,0,1048,0,1049
583272,Buffering,194560,551,30,83,0,0,28,1444,0,1048,0,1049
583520,Buffering,112640,319,30,83,0,0,28,1444,0,1048,0,1049
583773,Buffering,22528,63,30,83,0,0,28,1444,0,1048,0,1049
584020,Reconnecting,0,0,30,84,0,0,28,1445,653,1048,653,1049
584271,Reconnecting,0,0,30,84,0,0,28,1445,653,1048,653,1049
584517,Reconnecting,0,0,30,84,0,0,28,1445,653,1048,653,1049
584763,Reconnecting,0,0,30,84,0,0,28,1445,653,1048,653,1049
585013,Reconnecting,0,0,30,84,0,0,28,1445,653,1048,653,1049
585261,Reconnecting,0,0,30,84,0,0,28,1445,653,1048,653,1049
585511,Reconnecting,0,0,30,84,0,0,28,1445,653,1048,653,1049
585760,Reconnecting,0,0,30,84,0,0,28,1445,653,1048,653,1049
586008,Reconnecting,0,0,30,84,0,0,28,1445,653,1048,653,1049
586257,Reconnecting,0,0,30,84,0,0,28,1445,653,1048,653,1049
586504,Reconnecting,0,0,30,84,0,0,28,1445,653,1048,653,1049
586754,Reconnecting,0,0,30,84,0,0,28,1445,653,1048,653,1049
587001,Reconnecting,0,0,30,84,0,0,28,1445,653,1048,653,1049
587250,Reconnecting,0,0,30,84,0,0,28,1445,653,1048,653,1049
587560,Reconnecting,0,0,30,84,0,0,28,1445,653,1048,653,1049
587811,Reconnecting,0,0,30,84,0,0,28,1445,653,1048,653,1049
588060,Reconnecting,0,0,30,84,0,0,28,1445,653,1048,653,1049
588307,Reconnecting,0,0,30,84,0,0,28,1445,653,1048,653,1049
588557,Reconnecting,0,0,30,84,0,0,28,1445,653,1048,653,1049
588806,Reconnecting,0,0,30,84,0,0,28,1445,653,1048,653,1049
589052,Reconnecting,0,0,30,84,0,0,29,1445,653,1048,653,1049
589299,Reconnecting,986112,2795,30,84,0,0,29,1452,0,1048,0,1049
589546,Playing,1398784,3964,30,84,0,0,29,1456,0,1048,0,1049
589795,Playing,1492992,4231,30,84,0,0,29,1458,0,1048,0,1049
590044,Playing,1402880,3976,30,84,0,0,29,1458,0,1048,0,1049
590294,Playing,1312768,3720,30,84,0,0,29,1458,0,1048,0,1049
590541,Playing,1442816,4089,30,84,0,0,29,1460,0,1048,0,1049
590789,Playing,1352704,3834,30,84,0,0,29,1460,0,1048,0,1049
591037,Playing,1262592,3578,30,84,0,0,29,1460,0,1048,0,1049
591285,Playing,1392640,3947,30,84,0,0,29,1462,0,1048,0,1049
591533,Playing,1302528,3691,30,84,0,0,29,1462,0,1048,0,1049
591782,Playing,1212416,3436,30,84,0,0,29,1462,0,1048,0,1049
592033,Playing,1324032,3752,30,84,0,0,29,1464,0,1048,0,1049
592282,Playing,1233920,3497,30,84,0,0,29,1464,0,1048,0,1049
592528,Playing,1355776,3842,30,84,0,0,29,1466,0,1048,0,1049
592774,Playing,1273856,3610,30,84,0,0,29,1466,0,1048,0,1049
593022,Playing,1183744,3355,30,84,0,0,29,1466,0,1048,0,1049
593273,Playing,1277952,3622,30,84,0,0,29,1468,0,1048,0,1049
593520,Playing,1196032,3390,30,84,0,0,29,1468,0,1048,0,1049
593769,Playing,1105920,3134,30,84,0,0,29,1468,0,1048,0,1049
594019,Playing,1227776,3480,30,84,0,0,29,1470,0,1048,0,1049
594270,Playing,1137664,3224,30,84,0,0,29,1470,0,1048,0,1049
594518,Playing,1055744,2992,30,84,0,0,29,1470,0,1048,0,1049
594765,Playing,1149952,3259,30,84,0,0,29,1472,0,1048,0,1049
595012,Playing,1059840,3004,30,84,0,0,29,1472,0,1048,0,1049
595261,Playing,1189888,3372,30,84,0,0,29,1474,0,1048,0,1049
595510,Playing,1099776,3117,30,84,0,0,29,1474,0,1048,0,1049
595763,Playing,1009664,2861,30,84,0,0,29,1474,0,1048,0,1049
596011,Playing,919552,2606,30,84,0,0,29,1474,0,1048,0,1049
596263,Playing,1021952,2896,30,84,0,0,29,1476,0,1048,0,1049
596512,Playing,931840,2641,30,84,0,0,29,1476,0,1048,0,1049
596761,Playing,1062912,3012,30,84,0,0,29,1478,0,1048,0,1049
597028,Playing,972800,2757,30,84,0,0,29,1478,0,1048,0,1049
597274,Playing,882688,2501,30,84,0,0,29,1478,0,1048,0,1049
597523,Playing,986112,2795,30,84,0,0,29,1480,0,1048,0,1049
597770,Playing,904192,2562,30,84,0,0,29,1480,0,1048,0,1049
598021,Playing,814080,2307,30,84,0,0,29,1480,0,1048,0,1049
598284,Playing,945152,2679,30,84,0,0,29,1482,0,1048,0,1049
598532,Playing,855040,2423,30,84,0,0,29,1482,0,1048,0,1049
598775,Playing,773120,2191,30,84,0,0,29,1482,0,1048,0,1049
599016,Playing,830464,2353,30,84,0,0,29,1484,0,1048,0,1049
599263,Playing,748544,2121,30,84,0,0,29,1484,0,1048,0,1049
599513,Playing,658432,1866,30,84,0,0,29,1484,0,1048,0,1049
599764,Playing,780288,2211,30,84,0,0,29,1486,0,1048,0,1049
600012,Playing,690176,1956,30,84,0,0,29,1486,0,1048,0,1049
