t_ms,state,buffered_bytes,buffered_ms,underruns,resumes,play_failures,stream_rebuilds,sessions,chunk_reads,last_chunk_ms,max_chunk_ms,last_push_gap_ms,max_push_gap_ms
50,Off,0,0,0,0,0,0,1,0,0,0,0,0
253,Off,0,0,0,0,0,0,1,0,0,0,0,0
507,Off,0,0,0,0,0,0,1,0,0,0,0,0
760,Off,0,0,0,0,0,0,1,0,0,0,0,0
1013,Off,0,0,0,0,0,0,1,0,0,0,0,0
1265,Off,0,0,0,0,0,0,1,0,0,0,0,0
1519,Off,0,0,0,0,0,0,1,0,0,0,0,0
1771,Off,0,0,0,0,0,0,1,0,0,0,0,0
2024,Off,0,0,0,0,0,0,1,3,0,395,0,0
2278,Off,0,0,0,0,0,0,1,4,151,395,0,0
2531,Reconnecting,0,0,0,0,0,0,1,10,10,395,0,0
2783,Reconnecting,0,0,0,0,0,0,1,10,10,395,0,0
3002,Reconnecting,0,0,0,0,0,0,1,10,10,395,0,0
3312,Reconnecting,0,0,0,0,0,0,1,10,10,395,0,0
3560,Reconnecting,0,0,0,0,0,0,1,10,10,395,0,0
3809,Reconnecting,0,0,0,0,0,0,1,10,10,395,0,0
4055,Reconnecting,0,0,0,0,0,0,1,10,10,395,0,0
4304,Reconnecting,0,0,0,0,0,0,1,10,10,395,0,0
4553,Reconnecting,0,0,0,0,0,0,1,10,10,395,0,0
4802,Reconnecting,0,0,0,0,0,0,1,10,10,395,0,0
5053,Reconnecting,0,0,0,0,0,0,1,10,10,395,0,0
5303,Reconnecting,0,0,0,0,0,0,1,10,10,395,0,0
5552,Reconnecting,0,0,0,0,0,0,1,10,10,395,0,0
5801,Reconnecting,0,0,0,0,0,0,1,10,10,395,0,0
6048,Reconnecting,0,0,0,0,0,0,1,10,10,395,0,0
6297,Reconnecting,0,0,0,0,0,0,1,10,10,395,0,0
6545,Reconnecting,0,0,0,0,0,0,1,10,10,395,0,0
6791,Reconnecting,0,0,0,0,0,0,1,10,10,395,0,0
7040,Reconnecting,0,0,0,0,0,0,1,10,10,395,0,0
7289,Reconnecting,0,0,0,0,0,0,1,10,10,395,0,0
7537,Reconnecting,0,0,0,0,0,0,2,10,10,395,0,0
7786,Reconnecting,0,0,0,0,0,0,2,10,10,395,0,0
8037,Reconnecting,0,0,0,0,0,0,2,10,10,395,0,0
8286,Reconnecting,0,0,0,0,0,0,2,10,10,395,0,0
8535,Reconnecting,0,0,0,0,0,0,2,13,0,395,0,0
8782,Reconnecting,0,0,0,0,0,0,2,14,166,395,0,0
9032,Reconnecting,0,0,0,0,0,0,2,32,11,395,11,808
9279,Reconnecting,0,0,0,0,0,0,2,54,4,395,4,808
9528,Reconnecting,0,0,0,0,0,0,2,62,5,395,5,808
9777,Reconnecting,0,0,0,0,0,0,2,67,3,395,3,808
10027,Reconnecting,0,0,0,0,0,0,2,72,3,395,3,808
10273,Reconnecting,0,0,0,0,0,0,2,72,3,395,3,808
10521,Reconnecting,0,0,0,0,0,0,2,77,3,395,3,808
10772,Reconnecting,0,0,0,0,0,0,2,77,3,395,3,808
11021,Reconnecting,0,0,0,0,0,0,2,82,3,395,3,808
11271,Reconnecting,0,0,0,0,0,0,2,85,2,395,2,808
11520,Reconnecting,0,0,0,0,0,0,2,85,2,395,2,808
11769,Reconnecting,0,0,0,0,0,0,2,88,3,396,3,808
12016,Reconnecting,0,0,0,0,0,0,2,91,2,396,2,808
12266,Reconnecting,0,0,0,0,0,0,2,91,2,396,2,808
12514,Reconnecting,0,0,0,0,0,0,2,94,3,396,3,808
12761,Reconnecting,0,0,0,0,0,0,2,94,3,396,3,808
13011,Reconnecting,0,0,0,0,0,0,2,97,1,396,1,808
13257,Reconnecting,0,0,0,0,0,0,2,100,2,396,2,808
13506,Reconnecting,0,0,0,0,0,0,2,100,2,396,2,808
13754,Reconnecting,0,0,0,0,0,0,2,103,3,396,3,808
14004,Reconnecting,0,0,0,0,0,0,2,104,393,396,393,808
14252,Reconnecting,0,0,0,0,0,0,2,106,3,396,3,808
14501,Reconnecting,0,0,0,0,0,0,2,109,3,396,3,808
14811,Reconnecting,0,0,0,0,0,0,2,112,3,396,3,808
15059,Reconnecting,0,0,0,0,0,0,2,112,3,396,3,808
15308,Reconnecting,0,0,0,0,0,0,2,115,3,396,3,808
15556,Reconnecting,0,0,0,0,0,0,2,115,3,396,3,808
15806,Reconnecting,0,0,0,0,0,0,2,118,3,396,3,808
16054,Reconnecting,0,0,0,0,0,0,2,121,3,398,3,808
16302,Reconnecting,0,0,0,0,0,0,2,121,3,398,3,808
16549,Reconnecting,0,0,0,0,0,0,2,124,3,398,3,808
16800,Reconnecting,0,0,0,0,0,0,2,124,3,398,3,808
17048,Reconnecting,0,0,0,0,0,0,2,126,3,398,3,808
17297,Reconnecting,0,0,0,0,0,0,2,129,1,398,1,808
17547,Reconnecting,0,0,0,0,0,0,2,129,1,398,1,808
17795,Reconnecting,0,0,0,0,0,0,2,132,3,398,3,808
18043,Reconnecting,0,0,0,0,0,0,2,135,3,398,3,808
18291,Reconnecting,0,0,0,0,0,0,2,135,3,398,3,808
18540,Reconnecting,0,0,0,0,0,0,2,137,3,398,3,808
18787,Reconnecting,0,0,0,0,0,0,2,137,3,398,3,808
19037,Reconnecting,0,0,0,0,0,0,2,140,3,398,3,808
19284,Reconnecting,0,0,0,0,0,0,2,143,3,398,3,808
19534,Reconnecting,0,0,0,0,0,0,2,143,3,398,3,808
19782,Reconnecting,0,0,0,0,0,0,2,146,3,398,3,808
20031,Reconnecting,0,0,0,0,0,0,2,149,3,398,3,808
20279,Reconnecting,0,0,0,0,0,0,2,149,3,398,3,808
20527,Reconnecting,0,0,0,0,0,0,2,152,3,398,3,808
20776,Reconnecting,0,0,0,0,0,0,2,152,3,398,3,808
21024,Reconnecting,0,0,0,0,0,0,2,155,3,398,3,808
21270,Reconnecting,0,0,0,0,0,0,2,158,2,398,2,808
21521,Reconnecting,0,0,0,0,0,0,2,158,2,398,2,808
21769,Reconnecting,0,0,0,0,0,0,2,160,2,398,2,808
22018,Reconnecting,0,0,0,0,0,0,2,163,2,398,2,808
22268,Reconnecting,0,0,0,0,0,0,2,163,2,398,2,808
22516,Reconnecting,0,0,0,0,0,0,2,166,3,398,3,808
22765,Reconnecting,0,0,0,0,0,0,2,166,3,398,3,808
23013,Reconnecting,0,0,0,0,0,0,2,169,1,398,1,808
23262,Reconnecting,0,0,0,0,0,0,2,172,3,398,3,808
23512,Reconnecting,0,0,0,0,0,0,2,172,3,398,3,808
23759,Reconnecting,0,0,0,0,0,0,2,175,3,398,3,808
24008,Reconnecting,0,0,0,0,0,0,2,178,3,398,3,808
24258,Reconnecting,0,0,0,0,0,0,2,178,3,398,3,808
24506,Reconnecting,0,0,0,0,0,0,2,181,3,398,3,808
24754,Reconnecting,0,0,0,0,0,0,2,181,3,398,3,808
25002,Reconnecting,0,0,0,0,0,0,2,184,3,398,3,808
25250,Reconnecting,0,0,0,0,0,0,2,187,1,398,1,808
25561,Reconnecting,0,0,0,0,0,0,2,187,1,398,1,808
25810,Reconnecting,0,0,0,0,0,0,2,190,3,398,3,808
26058,Reconnecting,0,0,0,0,0,0,2,193,3,398,3,808
26307,Reconnecting,0,0,0,0,0,0,2,193,3,398,3,808
26556,Reconnecting,0,0,0,0,0,0,2,196,3,398,3,808
26805,Reconnecting,0,0,0,0,0,0,2,199,0,398,0,808
27055,Reconnecting,0,0,0,0,0,0,2,199,0,398,0,808
27303,Reconnecting,0,0,0,0,0,0,2,202,3,398,3,808
27551,Reconnecting,0,0,0,0,0,0,2,202,3,398,3,808
27801,Reconnecting,0,0,0,0,0,0,2,205,3,398,3,808
28048,Reconnecting,0,0,0,0,0,0,2,208,3,398,3,808
28296,Reconnecting,0,0,0,0,0,0,2,208,3,398,3,808
28544,Reconnecting,0,0,0,0,0,0,2,211,1,398,1,808
28790,Reconnecting,0,0,0,0,0,0,2,213,1,398,1,808
29038,Reconnecting,0,0,0,0,0,0,2,214,3,398,3,808
29283,Reconnecting,0,0,0,0,0,0,2,217,3,398,3,808
29534,Reconnecting,0,0,0,0,0,0,2,217,3,398,3,808
29782,Reconnecting,0,0,0,0,0,0,2,220,3,398,3,808
30032,Reconnecting,0,0,0,0,0,0,2,223,3,398,3,808
30278,Reconnecting,0,0,0,0,0,0,2,223,3,398,3,808
30528,Reconnecting,0,0,0,0,0,0,2,226,3,398,3,808
30777,Reconnecting,0,0,0,0,0,0,2,226,3,398,3,808
31028,Reconnecting,0,0,0,0,0,0,2,229,4,398,4,808
31278,Reconnecting,0,0,0,0,0,0,2,232,3,398,3,808
31527,Reconnecting,0,0,0,0,0,0,2,232,3,398,3,808
31775,Reconnecting,0,0,0,0,0,0,2,235,3,398,3,808
32024,Reconnecting,0,0,0,0,0,0,2,238,3,398,3,808
32273,Reconnecting,0,0,0,0,0,0,2,238,3,398,3,808
32523,Reconnecting,0,0,0,0,0,0,2,241,3,398,3,808
32773,Reconnecting,0,0,0,0,0,0,2,241,3,398,3,808
33023,Reconnecting,0,0,0,0,0,0,2,244,3,398,3,808
33271,Reconnecting,0,0,0,0,0,0,2,247,3,398,3,808
33520,Reconnecting,0,0,0,0,0,0,2,247,3,398,3,808
33769,Reconnecting,0,0,0,0,0,0,2,250,165,398,165,808
34018,Reconnecting,0,0,0,0,0,0,2,253,3,398,3,808
34265,Reconnecting,0,0,0,0,0,0,2,253,3,398,3,808
34514,Reconnecting,0,0,0,0,0,0,2,255,4,398,4,808
34763,Reconnecting,0,0,0,0,0,0,2,255,4,398,4,808
35011,Reconnecting,0,0,0,0,0,0,2,258,4,398,4,808
35262,Reconnecting,0,0,0,0,0,0,2,261,3,398,3,808
35510,Reconnecting,0,0,0,0,0,0,2,261,3,398,3,808
35759,Reconnecting,0,0,0,0,0,0,2,264,2,398,2,808
36007,Reconnecting,0,0,0,0,0,0,2,267,4,398,4,808
36257,Reconnecting,0,0,0,0,0,0,2,267,4,398,4,808
36505,Reconnecting,0,0,0,0,0,0,2,270,1,398,1,808
36755,Reconnecting,0,0,0,0,0,0,2,270,1,398,1,808
37003,Reconnecting,0,0,0,0,0,0,2,273,3,398,3,808
37253,Reconnecting,0,0,0,0,0,0,2,276,3,398,3,808
37502,Reconnecting,0,0,0,0,0,0,2,276,3,398,3,808
37813,Reconnecting,0,0,0,0,0,0,2,279,3,398,3,808
38061,Reconnecting,0,0,0,0,0,0,2,282,3,398,3,808
38309,Reconnecting,0,0,0,0,0,0,2,282,3,398,3,808
38557,Reconnecting,0,0,0,0,0,0,2,285,3,398,3,808
38806,Reconnecting,0,0,0,0,0,0,2,288,1,398,1,808
39057,Reconnecting,0,0,0,0,0,0,2,288,1,398,1,808
39306,Reconnecting,0,0,0,0,0,0,2,291,3,398,3,808
39554,Reconnecting,0,0,0,0,0,0,2,291,3,398,3,808
39804,Reconnecting,0,0,0,0,0,0,2,294,3,398,3,808
40054,Reconnecting,0,0,0,0,0,0,2,297,2,398,2,808
40301,Reconnecting,0,0,0,0,0,0,2,297,2,398,2,808
40548,Reconnecting,0,0,0,0,0,0,2,300,3,398,3,808
40796,Reconnecting,0,0,0,0,0,0,2,302,3,398,3,808
41044,Reconnecting,0,0,0,0,0,0,2,302,3,398,3,808
41292,Reconnecting,0,0,0,0,0,0,2,305,3,398,3,808
41540,Reconnecting,0,0,0,0,0,0,2,305,3,398,3,808
41789,Reconnecting,0,0,0,0,0,0,2,308,3,398,3,808
42037,Reconnecting,0,0,0,0,0,0,2,311,3,398,3,808
42288,Reconnecting,0,0,0,0,0,0,2,311,3,398,3,808
42536,Reconnecting,0,0,0,0,0,0,2,314,3,398,3,808
42784,Reconnecting,0,0,0,0,0,0,2,317,2,398,2,808
43033,Reconnecting,0,0,0,0,0,0,2,317,2,398,2,808
43282,Reconnecting,0,0,0,0,0,0,2,320,3,398,3,808
43530,Reconnecting,0,0,0,0,0,0,2,320,3,398,3,808
43778,Reconnecting,0,0,0,0,0,0,2,323,3,398,3,808
44026,Reconnecting,0,0,0,0,0,0,2,326,3,398,3,808
44273,Reconnecting,0,0,0,0,0,0,2,326,3,398,3,808
44523,Reconnecting,0,0,0,0,0,0,2,329,3,398,3,808
44773,Reconnecting,0,0,0,0,0,0,2,331,2,398,2,808
45021,Reconnecting,0,0,0,0,0,0,2,332,2,398,2,808
45271,Reconnecting,0,0,0,0,0,0,2,335,2,398,2,808
45520,Reconnecting,0,0,0,0,0,0,2,335,2,398,2,808
45769,Reconnecting,0,0,0,0,0,0,2,338,166,398,166,808
46019,Reconnecting,0,0,0,0,0,0,2,340,2,398,2,808
46269,Reconnecting,0,0,0,0,0,0,2,340,2,398,2,808
46515,Reconnecting,0,0,0,0,0,0,2,343,3,398,3,808
46763,Reconnecting,0,0,0,0,0,0,2,343,3,398,3,808
47010,Reconnecting,0,0,0,0,0,0,2,346,3,398,3,808
47257,Reconnecting,0,0,0,0,0,0,2,349,3,398,3,808
47506,Reconnecting,0,0,0,0,0,0,2,349,3,398,3,808
47755,Reconnecting,0,0,0,0,0,0,2,352,3,398,3,808
48005,Reconnecting,0,0,0,0,0,0,2,355,1,398,1,808
48254,Reconnecting,0,0,0,0,0,0,2,355,1,398,1,808
48501,Reconnecting,0,0,0,0,0,0,2,358,1,398,1,808
48811,Reconnecting,0,0,0,0,0,0,2,360,2,400,2,808
49060,Reconnecting,0,0,0,0,0,0,2,360,2,400,2,808
49310,Reconnecting,0,0,0,0,0,0,2,363,2,400,2,808
49558,Reconnecting,0,0,0,0,0,0,2,363,2,400,2,808
49805,Reconnecting,0,0,0,0,0,0,2,366,3,400,3,808
50056,Reconnecting,0,0,0,0,0,0,2,369,3,400,3,808
50305,Reconnecting,0,0,0,0,0,0,2,369,3,400,3,808
50552,Reconnecting,0,0,0,0,0,0,2,372,3,400,3,808
50800,Reconnecting,0,0,0,0,0,0,2,375,2,400,2,808
51050,Reconnecting,0,0,0,0,0,0,2,375,2,400,2,808
51300,Reconnecting,0,0,0,0,0,0,2,378,3,400,3,808
51547,Reconnecting,0,0,0,0,0,0,2,378,3,400,3,808
51792,Reconnecting,0,0,0,0,0,0,2,381,3,400,3,808
52042,Reconnecting,0,0,0,0,0,0,2,384,3,400,3,808
52291,Reconnecting,0,0,0,0,0,0,2,384,3,400,3,808
52539,Reconnecting,0,0,0,0,0,0,2,386,3,400,3,808
52788,Reconnecting,0,0,0,0,0,0,2,389,2,400,2,808
53035,Reconnecting,0,0,0,0,0,0,2,389,2,400,2,808
53283,Reconnecting,0,0,0,0,0,0,2,391,3,400,3,808
53530,Reconnecting,0,0,0,0,0,0,2,391,3,400,3,808
53777,Reconnecting,0,0,0,0,0,0,2,394,3,400,3,808
54026,Reconnecting,0,0,0,0,0,0,2,397,2,400,2,808
54273,Reconnecting,0,0,0,0,0,0,2,397,2,400,2,808
54520,Reconnecting,0,0,0,0,0,0,2,400,3,400,3,808
54771,Reconnecting,0,0,0,0,0,0,2,403,3,400,3,808
55022,Reconnecting,0,0,0,0,0,0,2,403,3,400,3,808
55270,Reconnecting,0,0,0,0,0,0,2,406,4,400,4,808
55519,Reconnecting,0,0,0,0,0,0,2,406,4,400,4,808
55769,Reconnecting,0,0,0,0,0,0,2,409,3,400,3,808
56020,Reconnecting,0,0,0,0,0,0,2,411,1,400,1,808
56271,Reconnecting,0,0,0,0,0,0,2,412,164,400,164,808
56520,Reconnecting,0,0,0,0,0,0,2,415,0,400,0,808
56768,Reconnecting,0,0,0,0,0,0,2,418,3,400,3,808
57020,Reconnecting,0,0,0,0,0,0,2,418,3,400,3,808
57267,Reconnecting,0,0,0,0,0,0,2,421,2,400,2,808
57517,Reconnecting,0,0,0,0,0,0,2,421,2,400,2,808
57765,Reconnecting,0,0,0,0,0,0,2,424,3,400,3,808
58015,Reconnecting,0,0,0,0,0,0,2,427,3,400,3,808
58265,Reconnecting,0,0,0,0,0,0,2,427,3,400,3,808
58513,Reconnecting,0,0,0,0,0,0,2,430,4,400,4,808
58764,Reconnecting,0,0,0,0,0,0,2,433,3,400,3,808
59014,Reconnecting,0,0,0,0,0,0,2,433,3,400,3,808
59261,Reconnecting,0,0,0,0,0,0,2,436,2,400,2,808
59508,Reconnecting,0,0,0,0,0,0,2,436,2,400,2,808
59759,Reconnecting,0,0,0,0,0,0,2,439,1,400,1,808
60007,Reconnecting,0,0,0,0,0,0,2,442,3,400,3,808
60257,Reconnecting,0,0,0,0,0,0,2,442,3,400,3,808
60508,Reconnecting,0,0,0,0,0,0,2,445,3,400,3,808
60756,Reconnecting,0,0,0,0,0,0,2,447,1,400,1,808
61005,Reconnecting,0,0,0,0,0,0,2,448,3,400,3,808
61253,Reconnecting,0,0,0,0,0,0,2,451,4,400,4,808
61502,Reconnecting,0,0,0,0,0,0,2,451,4,400,4,808
61750,Reconnecting,0,0,0,0,0,0,2,454,2,400,2,808
62060,Reconnecting,0,0,0,0,0,0,2,457,4,400,4,808
62312,Reconnecting,0,0,0,0,0,0,2,457,4,400,4,808
62560,Reconnecting,0,0,0,0,0,0,2,460,3,400,3,808
62809,Reconnecting,0,0,0,0,0,0,2,463,3,400,3,808
63058,Reconnecting,0,0,0,0,0,0,2,463,3,400,3,808
63306,Reconnecting,0,0,0,0,0,0,2,466,3,400,3,808
63556,Reconnecting,0,0,0,0,0,0,2,469,3,400,3,808
63805,Reconnecting,0,0,0,0,0,0,2,469,3,400,3,808
64054,Reconnecting,0,0,0,0,0,0,2,472,3,400,3,808
64301,Reconnecting,0,0,0,0,0,0,2,472,3,400,3,808
64551,Reconnecting,0,0,0,0,0,0,2,475,3,400,3,808
64805,Reconnecting,0,0,0,0,0,0,2,478,2,400,2,808
65053,Reconnecting,0,0,0,0,0,0,2,478,2,400,2,808
65302,Reconnecting,0,0,0,0,0,0,2,481,2,400,2,808
65553,Reconnecting,0,0,0,0,0,0,2,484,3,400,3,808
65801,Reconnecting,0,0,0,0,0,0,2,484,3,400,3,808
66049,Reconnecting,0,0,0,0,0,0,2,487,4,400,4,808
66296,Reconnecting,0,0,0,0,0,0,2,487,4,400,4,808
66548,Reconnecting,0,0,0,0,0,0,2,490,3,400,3,808
66798,Reconnecting,0,0,0,0,0,0,2,493,3,400,3,808
67049,Reconnecting,0,0,0,0,0,0,2,493,3,400,3,808
67297,Reconnecting,0,0,0,0,0,0,2,496,1,400,1,808
67544,Reconnecting,0,0,0,0,0,0,2,497,392,400,392,808
67792,Reconnecting,0,0,0,0,0,0,2,499,3,400,3,808
68042,Reconnecting,0,0,0,0,0,0,2,502,0,400,0,808
68289,Reconnecting,0,0,0,0,0,0,2,502,0,400,0,808
68537,Reconnecting,0,0,0,0,0,0,2,505,3,400,3,808
68784,Reconnecting,0,0,0,0,0,0,2,508,2,400,2,808
69031,Reconnecting,0,0,0,0,0,0,2,508,2,400,2,808
69279,Reconnecting,0,0,0,0,0,0,2,509,394,400,394,808
69527,Reconnecting,0,0,0,0,0,0,2,510,164,400,164,808
69775,Reconnecting,0,0,0,0,0,0,2,513,2,400,2,808
70023,Reconnecting,0,0,0,0,0,0,2,516,3,400,3,808
70273,Reconnecting,0,0,0,0,0,0,2,516,3,400,3,808
70518,Reconnecting,0,0,0,0,0,0,2,519,3,400,3,808
70767,Reconnecting,0,0,0,0,0,0,2,522,4,400,4,808
71017,Reconnecting,0,0,0,0,0,0,2,522,4,400,4,808
71266,Reconnecting,0,0,0,0,0,0,2,525,3,400,3,808
71513,Reconnecting,0,0,0,0,0,0,2,525,3,400,3,808
71763,Reconnecting,0,0,0,0,0,0,2,528,3,400,3,808
72011,Reconnecting,0,0,0,0,0,0,2,531,3,400,3,808
72260,Reconnecting,0,0,0,0,0,0,2,531,3,400,3,808
72507,Reconnecting,0,0,0,0,0,0,2,534,2,400,2,808
72756,Reconnecting,0,0,0,0,0,0,2,537,1,400,1,808
73006,Reconnecting,0,0,0,0,0,0,2,537,1,400,1,808
73254,Reconnecting,0,0,0,0,0,0,2,540,3,400,3,808
73503,Reconnecting,0,0,0,0,0,0,2,540,3,400,3,808
73753,Reconnecting,0,0,0,0,0,0,2,543,3,400,3,808
74002,Reconnecting,0,0,0,0,0,0,2,546,1,400,1,808
74254,Reconnecting,0,0,0,0,0,0,2,546,1,400,1,808
74502,Reconnecting,0,0,0,0,0,0,2,549,3,400,3,808
74752,Reconnecting,0,0,0,0,0,0,2,552,3,400,3,808
75062,Reconnecting,0,0,0,0,0,0,2,552,3,400,3,808
75309,Reconnecting,0,0,0,0,0,0,2,555,1,400,1,808
75557,Reconnecting,0,0,0,0,0,0,2,558,2,400,2,808
75805,Reconnecting,0,0,0,0,0,0,2,558,2,400,2,808
76053,Reconnecting,0,0,0,0,0,0,2,561,3,400,3,808
76301,Reconnecting,0,0,0,0,0,0,2,561,3,400,3,808
76551,Reconnecting,0,0,0,0,0,0,2,564,2,400,2,808
76802,Reconnecting,0,0,0,0,0,0,2,567,3,400,3,808
77051,Reconnecting,0,0,0,0,0,0,2,567,3,400,3,808
77298,Reconnecting,0,0,0,0,0,0,2,570,3,400,3,808
77549,Reconnecting,0,0,0,0,0,0,2,573,2,400,2,808
77797,Reconnecting,0,0,0,0,0,0,2,573,2,400,2,808
78046,Reconnecting,0,0,0,0,0,0,2,576,5,400,5,808
78295,Reconnecting,0,0,0,0,0,0,2,576,5,400,5,808
78543,Reconnecting,0,0,0,0,0,0,2,579,3,400,3,808
78792,Reconnecting,0,0,0,0,0,0,2,582,3,400,3,808
79037,Reconnecting,0,0,0,0,0,0,2,582,3,400,3,808
79286,Reconnecting,0,0,0,0,0,0,2,585,3,400,3,808
79536,Reconnecting,0,0,0,0,0,0,2,587,1,400,1,808
79785,Reconnecting,0,0,0,0,0,0,2,588,3,400,3,808
80034,Reconnecting,0,0,0,0,0,0,2,591,3,400,3,808
80282,Reconnecting,0,0,0,0,0,0,2,591,3,400,3,808
80534,Reconnecting,0,0,0,0,0,0,2,594,3,400,3,808
80781,Reconnecting,0,0,0,0,0,0,2,597,3,400,3,808
81031,Reconnecting,0,0,0,0,0,0,2,597,3,400,3,808
81280,Reconnecting,0,0,0,0,0,0,2,599,1,400,1,808
81527,Reconnecting,0,0,0,0,0,0,2,599,1,400,1,808
81776,Reconnecting,0,0,0,0,0,0,2,602,3,400,3,808
82024,Reconnecting,0,0,0,0,0,0,2,605,3,400,3,808
82273,Reconnecting,0,0,0,0,0,0,2,605,3,400,3,808
82521,Reconnecting,0,0,0,0,0,0,2,607,2,400,2,808
82771,Reconnecting,0,0,0,0,0,0,2,610,3,400,3,808
83017,Reconnecting,0,0,0,0,0,0,2,610,3,400,3,808
83268,Reconnecting,0,0,0,0,0,0,2,612,1,400,1,808
83517,Reconnecting,0,0,0,0,0,0,2,613,165,400,165,808
83766,Reconnecting,0,0,0,0,0,0,2,616,3,400,3,808
84013,Reconnecting,0,0,0,0,0,0,2,619,3,400,3,808
84261,Reconnecting,0,0,0,0,0,0,2,619,3,400,3,808
84510,Reconnecting,0,0,0,0,0,0,2,622,3,400,3,808
84759,Reconnecting,0,0,0,0,0,0,2,625,3,400,3,808
85008,Reconnecting,0,0,0,0,0,0,2,625,3,400,3,808
85257,Reconnecting,0,0,0,0,0,0,2,628,3,400,3,808
85506,Reconnecting,0,0,0,0,0,0,2,628,3,400,3,808
85755,Reconnecting,0,0,0,0,0,0,2,631,3,400,3,808
86003,Reconnecting,0,0,0,0,0,0,2,634,3,400,3,808
86312,Reconnecting,0,0,0,0,0,0,2,634,3,400,3,808
86560,Reconnecting,0,0,0,0,0,0,2,637,3,400,3,808
86809,Reconnecting,0,0,0,0,0,0,2,640,3,400,3,808
87057,Reconnecting,0,0,0,0,0,0,2,640,3,400,3,808
87306,Reconnecting,0,0,0,0,0,0,2,643,3,400,3,808
87555,Reconnecting,0,0,0,0,0,0,2,646,2,400,2,808
87803,Reconnecting,0,0,0,0,0,0,2,646,2,400,2,808
88051,Reconnecting,0,0,0,0,0,0,2,649,8,400,8,808
88299,Reconnecting,0,0,0,0,0,0,2,649,8,400,8,808
88546,Reconnecting,0,0,0,0,0,0,2,652,3,400,3,808
88794,Reconnecting,0,0,0,0,0,0,2,655,3,400,3,808
89043,Reconnecting,0,0,0,0,0,0,2,655,3,400,3,808
89294,Reconnecting,0,0,0,0,0,0,2,658,4,400,4,808
89544,Reconnecting,0,0,0,0,0,0,2,661,2,400,2,808
89791,Reconnecting,0,0,0,0,0,0,2,661,2,400,2,808
90038,Reconnecting,0,0,0,0,0,0,2,664,3,400,3,808
90287,Reconnecting,0,0,0,0,0,0,2,664,3,400,3,808
90535,Reconnecting,0,0,0,0,0,0,2,667,3,400,3,808
90785,Reconnecting,0,0,0,0,0,0,2,670,3,400,3,808
91030,Reconnecting,0,0,0,0,0,0,2,670,3,400,3,808
91278,Reconnecting,0,0,0,0,0,0,2,673,3,400,3,808
91525,Reconnecting,0,0,0,0,0,0,2,675,1,400,1,808
91772,Reconnecting,0,0,0,0,0,0,2,676,3,400,3,808
92021,Reconnecting,0,0,0,0,0,0,2,679,3,400,3,808
92269,Reconnecting,0,0,0,0,0,0,2,679,3,400,3,808
92520,Reconnecting,0,0,0,0,0,0,2,682,3,400,3,808
92770,Reconnecting,0,0,0,0,0,0,2,685,3,400,3,808
93021,Reconnecting,0,0,0,0,0,0,2,685,3,400,3,808
93270,Reconnecting,0,0,0,0,0,0,2,688,3,400,3,808
93518,Reconnecting,0,0,0,0,0,0,2,688,3,400,3,808
93767,Reconnecting,0,0,0,0,0,0,2,691,3,400,3,808
94015,Reconnecting,0,0,0,0,0,0,2,694,1,400,1,808
94264,Reconnecting,0,0,0,0,0,0,2,694,1,400,1,808
94514,Reconnecting,0,0,0,0,0,0,2,696,3,400,3,808
94764,Reconnecting,0,0,0,0,0,0,2,699,3,400,3,808
95013,Reconnecting,0,0,0,0,0,0,2,699,3,400,3,808
95261,Reconnecting,0,0,0,0,0,0,2,702,3,400,3,808
95510,Reconnecting,0,0,0,0,0,0,2,702,3,400,3,808
95757,Reconnecting,0,0,0,0,0,0,2,705,2,400,2,808
96005,Reconnecting,0,0,0,0,0,0,2,708,2,400,2,808
96256,Reconnecting,0,0,0,0,0,0,2,708,2,400,2,808
96503,Reconnecting,0,0,0,0,0,0,2,711,4,400,4,808
96753,Reconnecting,0,0,0,0,0,0,2,714,3,400,3,808
97002,Reconnecting,0,0,0,0,0,0,2,714,3,400,3,808
97253,Reconnecting,0,0,0,0,0,0,2,717,2,400,2,808
97501,Reconnecting,0,0,0,0,0,0,2,717,2,400,2,808
97751,Reconnecting,0,0,0,0,0,0,2,720,1,400,1,808
98060,Reconnecting,0,0,0,0,0,0,2,723,4,400,4,808
98310,Reconnecting,0,0,0,0,0,0,2,723,4,400,4,808
98559,Reconnecting,0,0,0,0,0,0,2,726,3,400,3,808
98808,Reconnecting,0,0,0,0,0,0,2,729,3,400,3,808
99054,Reconnecting,0,0,0,0,0,0,2,729,3,400,3,808
99303,Reconnecting,0,0,0,0,0,0,2,732,2,400,2,808
99551,Reconnecting,0,0,0,0,0,0,2,735,3,400,3,808
99799,Reconnecting,0,0,0,0,0,0,2,735,3,400,3,808
100047,Reconnecting,0,0,0,0,0,0,2,738,3,400,3,808
100293,Reconnecting,0,0,0,0,0,0,2,738,3,400,3,808
100541,Reconnecting,0,0,0,0,0,0,2,741,2,400,2,808
100790,Reconnecting,0,0,0,0,0,0,2,743,4,400,4,808
101038,Reconnecting,0,0,0,0,0,0,2,743,4,400,4,808
101288,Reconnecting,0,0,0,0,0,0,2,746,3,400,3,808
101539,Reconnecting,0,0,0,0,0,0,2,749,3,400,3,808
101789,Reconnecting,0,0,0,0,0,0,2,749,3,400,3,808
102038,Reconnecting,0,0,0,0,0,0,2,752,3,400,3,808
102286,Reconnecting,0,0,0,0,0,0,2,752,3,400,3,808
102536,Reconnecting,0,0,0,0,0,0,2,755,3,400,3,808
102785,Reconnecting,0,0,0,0,0,0,2,758,3,400,3,808
103034,Reconnecting,0,0,0,0,0,0,2,758,3,400,3,808
103279,Reconnecting,0,0,0,0,0,0,2,761,3,400,3,808
103528,Reconnecting,0,0,0,0,0,0,2,764,2,400,2,808
103776,Reconnecting,0,0,0,0,0,0,2,764,2,400,2,808
104025,Reconnecting,0,0,0,0,0,0,2,767,3,400,3,808
104273,Reconnecting,0,0,0,0,0,0,2,767,3,400,3,808
104523,Reconnecting,0,0,0,0,0,0,2,770,2,400,2,808
104772,Reconnecting,0,0,0,0,0,0,2,773,3,400,3,808
105021,Reconnecting,0,0,0,0,0,0,2,773,3,400,3,808
105269,Reconnecting,0,0,0,0,0,0,2,776,3,400,3,808
105517,Reconnecting,0,0,0,0,0,0,2,778,2,400,2,808
105765,Reconnecting,0,0,0,0,0,0,2,778,2,400,2,808
106014,Reconnecting,0,0,0,0,0,0,2,780,1,400,1,808
106261,Reconnecting,0,0,0,0,0,0,2,781,165,400,165,808
106509,Reconnecting,0,0,0,0,0,0,2,784,3,400,3,808
106759,Reconnecting,0,0,0,0,0,0,2,787,2,400,2,808
107008,Reconnecting,0,0,0,0,0,0,2,787,2,400,2,808
107257,Reconnecting,0,0,0,0,0,0,2,790,3,400,3,808
107507,Reconnecting,0,0,0,0,0,0,2,790,3,400,3,808
107755,Reconnecting,0,0,0,0,0,0,2,793,2,400,2,808
108001,Reconnecting,0,0,0,0,0,0,2,796,3,400,3,808
108308,Reconnecting,0,0,0,0,0,0,2,797,394,400,394,808
108557,Reconnecting,0,0,0,0,0,0,2,799,2,400,2,808
108805,Reconnecting,0,0,0,0,0,0,2,802,3,400,3,808
109055,Reconnecting,0,0,0,0,0,0,2,802,3,400,3,808
109303,Reconnecting,0,0,0,0,0,0,2,805,3,400,3,808
109554,Reconnecting,0,0,0,0,0,0,2,808,3,400,3,808
109807,Reconnecting,0,0,0,0,0,0,2,808,3,400,3,808
110054,Reconnecting,0,0,0,0,0,0,2,811,2,400,2,808
110303,Reconnecting,0,0,0,0,0,0,2,811,2,400,2,808
110555,Reconnecting,0,0,0,0,0,0,2,814,3,400,3,808
110803,Reconnecting,0,0,0,0,0,0,2,817,3,400,3,808
111051,Reconnecting,0,0,0,0,0,0,2,817,3,400,3,808
111301,Reconnecting,0,0,0,0,0,0,2,820,3,400,3,808
111551,Reconnecting,0,0,0,0,0,0,2,823,2,400,2,808
111801,Reconnecting,0,0,0,0,0,0,2,823,2,400,2,808
112051,Reconnecting,0,0,0,0,0,0,2,826,3,400,3,808
112302,Reconnecting,0,0,0,0,0,0,2,826,3,400,3,808
112550,Reconnecting,0,0,0,0,0,0,2,829,3,400,3,808
112798,Reconnecting,0,0,0,0,0,0,2,832,3,400,3,808
113047,Reconnecting,0,0,0,0,0,0,2,832,3,400,3,808
113294,Reconnecting,0,0,0,0,0,0,2,835,3,400,3,808
113542,Reconnecting,0,0,0,0,0,0,2,838,3,400,3,808
113790,Reconnecting,0,0,0,0,0,0,2,838,3,400,3,808
114039,Reconnecting,0,0,0,0,0,0,2,841,2,400,2,808
114289,Reconnecting,0,0,0,0,0,0,2,841,2,400,2,808
114537,Reconnecting,0,0,0,0,0,0,2,844,3,400,3,808
114786,Reconnecting,0,0,0,0,0,0,2,847,3,400,3,808
115035,Reconnecting,0,0,0,0,0,0,2,847,3,400,3,808
115284,Reconnecting,0,0,0,0,0,0,2,850,3,400,3,808
115532,Reconnecting,0,0,0,0,0,0,2,852,1,400,1,808
115780,Reconnecting,0,0,0,0,0,0,2,852,1,400,1,808
116030,Reconnecting,0,0,0,0,0,0,2,855,3,400,3,808
116278,Reconnecting,0,0,0,0,0,0,2,855,3,400,3,808
116527,Reconnecting,0,0,0,0,0,0,2,858,3,400,3,808
116775,Reconnecting,0,0,0,0,0,0,2,861,3,400,3,808
117024,Reconnecting,0,0,0,0,0,0,2,861,3,400,3,808
117272,Reconnecting,0,0,0,0,0,0,2,864,3,400,3,808
117522,Reconnecting,0,0,0,0,0,0,2,867,3,400,3,808
117770,Reconnecting,0,0,0,0,0,0,2,867,3,400,3,808
118020,Reconnecting,0,0,0,0,0,0,2,870,3,400,3,808
118269,Reconnecting,0,0,0,0,0,0,2,870,3,400,3,808
118515,Reconnecting,0,0,0,0,0,0,2,873,2,400,2,808
118763,Reconnecting,0,0,0,0,0,0,2,876,3,400,3,808
119014,Reconnecting,0,0,0,0,0,0,2,876,3,400,3,808
119264,Reconnecting,0,0,0,0,0,0,2,879,3,400,3,808
119513,Reconnecting,0,0,0,0,0,0,2,882,3,400,3,808
119758,Reconnecting,0,0,0,0,0,0,2,882,3,400,3,808
120008,Reconnecting,0,0,0,0,0,0,2,885,3,400,3,808
120259,Reconnecting,0,0,0,0,0,0,2,885,3,400,3,808
120507,Reconnecting,0,0,0,0,0,0,2,888,3,400,3,808
120753,Reconnecting,0,0,0,0,0,0,2,891,5,400,5,808
121003,Reconnecting,0,0,0,0,0,0,2,891,5,400,5,808
121251,Reconnecting,0,0,0,0,0,0,2,894,3,400,3,808
121560,Reconnecting,0,0,0,0,0,0,2,897,3,400,3,808
121807,Reconnecting,0,0,0,0,0,0,2,897,3,400,3,808
122055,Reconnecting,0,0,0,0,0,0,2,900,3,400,3,808
122302,Reconnecting,0,0,0,0,0,0,2,903,2,400,2,808
122551,Reconnecting,0,0,0,0,0,0,2,903,2,400,2,808
122800,Reconnecting,0,0,0,0,0,0,2,906,2,400,2,808
123048,Reconnecting,0,0,0,0,0,0,2,906,2,400,2,808
123297,Reconnecting,0,0,0,0,0,0,2,909,2,400,2,808
123546,Reconnecting,0,0,0,0,0,0,2,912,3,400,3,808
123794,Reconnecting,0,0,0,0,0,0,2,912,3,400,3,808
124041,Reconnecting,0,0,0,0,0,0,2,915,4,400,4,808
124287,Reconnecting,0,0,0,0,0,0,2,915,4,400,4,808
124535,Reconnecting,0,0,0,0,0,0,2,918,3,400,3,808
124783,Reconnecting,0,0,0,0,0,0,2,921,3,400,3,808
125031,Reconnecting,0,0,0,0,0,0,2,921,3,400,3,808
125283,Reconnecting,0,0,0,0,0,0,2,924,3,400,3,808
125532,Reconnecting,0,0,0,0,0,0,2,927,3,400,3,808
125781,Reconnecting,0,0,0,0,0,0,2,927,3,400,3,808
126028,Reconnecting,0,0,0,0,0,0,2,930,2,400,2,808
126277,Reconnecting,0,0,0,0,0,0,2,930,2,400,2,808
126525,Reconnecting,0,0,0,0,0,0,2,933,2,400,2,808
126773,Reconnecting,0,0,0,0,0,0,2,936,4,400,4,808
127022,Reconnecting,0,0,0,0,0,0,2,936,4,400,4,808
127273,Reconnecting,0,0,0,0,0,0,2,939,2,400,2,808
127522,Reconnecting,0,0,0,0,0,0,2,942,3,400,3,808
127772,Reconnecting,0,0,0,0,0,0,2,942,3,400,3,808
128020,Reconnecting,0,0,0,0,0,0,2,945,2,400,2,808
128270,Reconnecting,0,0,0,0,0,0,2,945,2,400,2,808
128519,Reconnecting,0,0,0,0,0,0,2,948,2,400,2,808
128768,Reconnecting,0,0,0,0,0,0,2,951,2,400,2,808
129020,Reconnecting,0,0,0,0,0,0,2,951,2,400,2,808
129269,Reconnecting,0,0,0,0,0,0,2,954,3,400,3,808
129518,Reconnecting,0,0,0,0,0,0,2,957,2,400,2,808
129766,Reconnecting,0,0,0,0,0,0,2,957,2,400,2,808
130013,Reconnecting,0,0,0,0,0,0,2,960,3,400,3,808
130263,Reconnecting,0,0,0,0,0,0,2,960,3,400,3,808
130510,Reconnecting,0,0,0,0,0,0,2,963,2,400,2,808
130760,Reconnecting,0,0,0,0,0,0,2,966,3,400,3,808
131010,Reconnecting,0,0,0,0,0,0,2,966,3,400,3,808
131260,Reconnecting,0,0,0,0,0,0,2,968,3,400,3,808
131507,Reconnecting,0,0,0,0,0,0,2,971,2,400,3,808
131756,Reconnecting,0,0,0,0,0,0,2,971,2,400,3,808
132004,Reconnecting,0,0,0,0,0,0,2,973,2,400,2,808
132254,Reconnecting,0,0,0,0,0,0,2,974,164,400,164,808
132505,Reconnecting,0,0,0,0,0,0,2,977,3,400,3,808
132752,Reconnecting,0,0,0,0,0,0,2,980,3,400,3,808
133001,Reconnecting,0,0,0,0,0,0,2,980,3,400,3,808
133251,Reconnecting,0,0,0,0,0,0,2,983,3,400,3,808
133561,Reconnecting,0,0,0,0,0,0,2,986,3,400,3,808
133809,Reconnecting,0,0,0,0,0,0,2,986,3,400,3,808
134057,Reconnecting,0,0,0,0,0,0,2,989,3,400,3,808
134309,Reconnecting,0,0,0,0,0,0,2,992,3,400,3,808
134559,Reconnecting,0,0,0,0,0,0,2,992,3,400,3,808
134811,Reconnecting,0,0,0,0,0,0,2,995,0,400,0,808
135059,Reconnecting,0,0,0,0,0,0,2,995,0,400,0,808
135307,Reconnecting,0,0,0,0,0,0,2,998,3,400,3,808
135555,Reconnecting,0,0,0,0,0,0,2,1001,3,400,3,808
135804,Reconnecting,0,0,0,0,0,0,2,1001,3,400,3,808
136053,Reconnecting,0,0,0,0,0,0,2,1004,3,400,3,808
136304,Reconnecting,0,0,0,0,0,0,2,1007,3,400,3,808
136554,Reconnecting,0,0,0,0,0,0,2,1007,3,400,3,808
136802,Reconnecting,0,0,0,0,0,0,2,1009,3,400,3,808
137049,Reconnecting,0,0,0,0,0,0,2,1009,3,400,3,808
137301,Reconnecting,0,0,0,0,0,0,2,1012,3,400,3,808
137548,Reconnecting,0,0,0,0,0,0,2,1015,3,400,3,808
137796,Reconnecting,0,0,0,0,0,0,2,1015,3,400,3,808
138045,Reconnecting,0,0,0,0,0,0,2,1018,3,400,3,808
138293,Reconnecting,0,0,0,0,0,0,2,1021,3,400,3,808
138542,Reconnecting,0,0,0,0,0,0,2,1021,3,400,3,808
138789,Reconnecting,0,0,0,0,0,0,2,1024,1,400,1,808
139037,Reconnecting,0,0,0,0,0,0,2,1024,1,400,1,808
139286,Reconnecting,0,0,0,0,0,0,2,1027,3,400,3,808
139535,Reconnecting,0,0,0,0,0,0,2,1030,3,400,3,808
139784,Reconnecting,0,0,0,0,0,0,2,1030,3,400,3,808
140031,Reconnecting,0,0,0,0,0,0,2,1033,3,400,3,808
140280,Reconnecting,0,0,0,0,0,0,2,1036,3,400,3,808
140527,Reconnecting,0,0,0,0,0,0,2,1036,3,400,3,808
140778,Reconnecting,0,0,0,0,0,0,2,1039,3,400,3,808
141028,Reconnecting,0,0,0,0,0,0,2,1039,3,400,3,808
141275,Reconnecting,0,0,0,0,0,0,2,1042,3,400,3,808
141524,Reconnecting,0,0,0,0,0,0,2,1045,3,400,3,808
141771,Reconnecting,0,0,0,0,0,0,2,1045,3,400,3,808
142018,Reconnecting,0,0,0,0,0,0,2,1048,3,400,3,808
142267,Reconnecting,0,0,0,0,0,0,2,1048,3,400,3,808
142515,Reconnecting,0,0,0,0,0,0,2,1051,3,400,3,808
142763,Reconnecting,0,0,0,0,0,0,2,1054,2,400,2,808
143012,Reconnecting,0,0,0,0,0,0,2,1054,2,400,2,808
143259,Reconnecting,0,0,0,0,0,0,2,1057,1,400,1,808
143506,Reconnecting,0,0,0,0,0,0,2,1060,3,400,3,808
143754,Reconnecting,0,0,0,0,0,0,2,1060,3,400,3,808
144002,Reconnecting,0,0,0,0,0,0,2,1063,3,400,3,808
144250,Reconnecting,0,0,0,0,0,0,2,1063,3,400,3,808
144560,Reconnecting,0,0,0,0,0,0,2,1066,164,400,164,808
144810,Reconnecting,0,0,0,0,0,0,2,1069,3,400,3,808
145059,Reconnecting,0,0,0,0,0,0,2,1069,3,400,3,808
145308,Reconnecting,0,0,0,0,0,0,2,1072,3,400,3,808
145557,Reconnecting,0,0,0,0,0,0,2,1075,3,400,3,808
145805,Reconnecting,0,0,0,0,0,0,2,1075,3,400,3,808
146052,Reconnecting,0,0,0,0,0,0,2,1078,3,400,3,808
146301,Reconnecting,0,0,0,0,0,0,2,1081,3,400,3,808
146554,Reconnecting,0,0,0,0,0,0,2,1081,3,400,3,808
146805,Reconnecting,0,0,0,0,0,0,2,1084,3,400,3,808
147054,Reconnecting,0,0,0,0,0,0,2,1084,3,400,3,808
147302,Reconnecting,0,0,0,0,0,0,2,1087,3,400,3,808
147551,Reconnecting,0,0,0,0,0,0,2,1090,3,400,3,808
147801,Reconnecting,0,0,0,0,0,0,2,1090,3,400,3,808
148048,Reconnecting,0,0,0,0,0,0,2,1093,3,400,3,808
148296,Reconnecting,0,0,0,0,0,0,2,1096,4,400,4,808
148545,Reconnecting,0,0,0,0,0,0,2,1096,4,400,4,808
148792,Reconnecting,0,0,0,0,0,0,2,1099,3,400,3,808
149042,Reconnecting,0,0,0,0,0,0,2,1099,3,400,3,808
149293,Reconnecting,0,0,0,0,0,0,2,1102,3,400,3,808
149541,Reconnecting,0,0,0,0,0,0,2,1105,3,400,3,808
149788,Reconnecting,0,0,0,0,0,0,2,1105,3,400,3,808
150035,Reconnecting,0,0,0,0,0,0,2,1108,3,400,3,808
150284,Reconnecting,0,0,0,0,0,0,2,1111,3,400,3,808
150533,Reconnecting,0,0,0,0,0,0,2,1111,3,400,3,808
150782,Reconnecting,0,0,0,0,0,0,2,1114,3,400,3,808
151033,Reconnecting,0,0,0,0,0,0,2,1114,3,400,3,808
151281,Reconnecting,0,0,0,0,0,0,2,1117,3,400,3,808
151530,Reconnecting,0,0,0,0,0,0,2,1120,3,400,3,808
151780,Reconnecting,0,0,0,0,0,0,2,1120,3,400,3,808
152029,Reconnecting,0,0,0,0,0,0,2,1123,2,400,2,808
152276,Reconnecting,0,0,0,0,0,0,2,1126,3,400,3,808
152523,Reconnecting,0,0,0,0,0,0,2,1126,3,400,3,808
152771,Reconnecting,0,0,0,0,0,0,2,1129,3,400,3,808
153021,Reconnecting,0,0,0,0,0,0,2,1129,3,400,3,808
153269,Reconnecting,0,0,0,0,0,0,2,1132,1,400,1,808
153517,Reconnecting,0,0,0,0,0,0,2,1135,5,400,5,808
153767,Reconnecting,0,0,0,0,0,0,2,1135,5,400,5,808
154018,Reconnecting,0,0,0,0,0,0,2,1138,4,400,4,808
154267,Reconnecting,0,0,0,0,0,0,2,1141,2,400,2,808
154517,Reconnecting,0,0,0,0,0,0,2,1141,2,400,2,808
154769,Reconnecting,0,0,0,0,0,0,2,1144,2,400,3,808
155017,Reconnecting,0,0,0,0,0,0,2,1144,2,400,3,808
155265,Reconnecting,0,0,0,0,0,0,2,1147,3,400,3,808
155514,Reconnecting,0,0,0,0,0,0,2,1150,3,400,3,808
155763,Reconnecting,0,0,0,0,0,0,2,1150,3,400,3,808
156010,Reconnecting,0,0,0,0,0,0,2,1153,3,400,3,808
156260,Reconnecting,0,0,0,0,0,0,2,1156,3,400,3,808
156510,Reconnecting,0,0,0,0,0,0,2,1156,3,400,3,808
156760,Reconnecting,0,0,0,0,0,0,2,1159,3,400,3,808
157009,Reconnecting,0,0,0,0,0,0,2,1159,3,400,3,808
157259,Reconnecting,0,0,0,0,0,0,2,1162,3,400,3,808
157507,Reconnecting,0,0,0,0,0,0,2,1164,1,400,1,808
157757,Reconnecting,0,0,0,0,0,0,2,1165,164,400,164,808
158009,Reconnecting,0,0,0,0,0,0,2,1168,3,400,3,808
158259,Reconnecting,0,0,0,0,0,0,2,1171,3,400,3,808
158508,Reconnecting,0,0,0,0,0,0,2,1171,3,400,3,808
158756,Reconnecting,0,0,0,0,0,0,2,1174,3,400,3,808
159002,Reconnecting,0,0,0,0,0,0,2,1174,3,400,3,808
159311,Reconnecting,0,0,0,0,0,0,2,1177,3,400,3,808
159560,Reconnecting,0,0,0,0,0,0,2,1180,3,400,3,808
159811,Reconnecting,0,0,0,0,0,0,2,1180,3,400,3,808
160059,Reconnecting,0,0,0,0,0,0,2,1183,1,400,1,808
160309,Reconnecting,0,0,0,0,0,0,2,1186,3,400,3,808
160557,Reconnecting,0,0,0,0,0,0,2,1186,3,400,3,808
160805,Reconnecting,0,0,0,0,0,0,2,1189,3,400,3,808
161055,Reconnecting,0,0,0,0,0,0,2,1192,3,400,3,808
161302,Reconnecting,0,0,0,0,0,0,2,1192,3,400,3,808
161554,Reconnecting,0,0,0,0,0,0,2,1195,3,400,3,808
161803,Reconnecting,0,0,0,0,0,0,2,1195,3,400,3,808
162052,Reconnecting,0,0,0,0,0,0,2,1198,3,400,3,808
162300,Reconnecting,0,0,0,0,0,0,2,1201,3,400,3,808
162547,Reconnecting,0,0,0,0,0,0,2,1201,3,400,3,808
162796,Reconnecting,0,0,0,0,0,0,2,1204,3,400,3,808
163044,Reconnecting,0,0,0,0,0,0,2,1204,3,400,3,808
163295,Reconnecting,0,0,0,0,0,0,2,1207,3,400,3,808
163543,Reconnecting,0,0,0,0,0,0,2,1210,3,400,3,808
163791,Reconnecting,0,0,0,0,0,0,2,1210,3,400,3,808
164036,Reconnecting,0,0,0,0,0,0,2,1213,3,400,3,808
164288,Reconnecting,0,0,0,0,0,0,2,1216,3,400,3,808
164537,Reconnecting,0,0,0,0,0,0,2,1216,3,400,3,808
164784,Reconnecting,0,0,0,0,0,0,2,1219,3,400,3,808
165033,Reconnecting,0,0,0,0,0,0,2,1219,3,400,3,808
165281,Reconnecting,0,0,0,0,0,0,2,1222,3,400,3,808
165529,Reconnecting,0,0,0,0,0,0,2,1225,3,400,3,808
165777,Reconnecting,0,0,0,0,0,0,2,1225,3,400,3,808
166025,Reconnecting,0,0,0,0,0,0,2,1228,1,400,1,808
166272,Reconnecting,0,0,0,0,0,0,2,1231,3,400,3,808
166518,Reconnecting,0,0,0,0,0,0,2,1231,3,400,3,808
166768,Reconnecting,0,0,0,0,0,0,2,1234,3,400,3,808
167014,Reconnecting,0,0,0,0,0,0,2,1234,3,400,3,808
167264,Reconnecting,0,0,0,0,0,0,2,1237,3,400,3,808
167514,Reconnecting,0,0,0,0,0,0,2,1240,1,400,1,808
167760,Reconnecting,0,0,0,0,0,0,2,1240,1,400,1,808
168008,Reconnecting,0,0,0,0,0,0,2,1243,3,400,3,808
168260,Reconnecting,0,0,0,0,0,0,2,1246,3,400,3,808
168509,Reconnecting,0,0,0,0,0,0,2,1246,3,400,3,808
168758,Reconnecting,0,0,0,0,0,0,2,1249,3,400,3,808
169006,Reconnecting,0,0,0,0,0,0,2,1249,3,400,3,808
169260,Reconnecting,0,0,0,0,0,0,2,1252,3,400,3,808
169506,Reconnecting,0,0,0,0,0,0,2,1255,2,400,2,808
169755,Reconnecting,0,0,0,0,0,0,2,1255,2,400,2,808
170005,Reconnecting,0,0,0,0,0,0,2,1258,3,400,3,808
170253,Reconnecting,0,0,0,0,0,0,2,1261,2,400,2,808
170501,Reconnecting,0,0,0,0,0,0,2,1261,2,400,2,808
170750,Reconnecting,0,0,0,0,0,0,2,1264,2,400,2,808
171058,Reconnecting,0,0,0,0,0,0,2,1267,3,400,3,808
171306,Reconnecting,0,0,0,0,0,0,2,1267,3,400,3,808
171555,Reconnecting,0,0,0,0,0,0,2,1270,3,400,3,808
171804,Reconnecting,0,0,0,0,0,0,2,1270,3,400,3,808
172052,Reconnecting,0,0,0,0,0,0,2,1273,2,400,2,808
172301,Reconnecting,0,0,0,0,0,0,2,1276,2,400,2,808
172550,Reconnecting,0,0,0,0,0,0,2,1276,2,400,2,808
172799,Reconnecting,0,0,0,0,0,0,2,1279,1,400,1,808
173048,Reconnecting,0,0,0,0,0,0,2,1282,3,400,3,808
173296,Reconnecting,0,0,0,0,0,0,2,1282,3,400,3,808
173546,Reconnecting,0,0,0,0,0,0,2,1285,2,400,2,808
173797,Reconnecting,0,0,0,0,0,0,2,1285,2,400,2,808
174044,Reconnecting,0,0,0,0,0,0,2,1288,3,400,3,808
174295,Reconnecting,0,0,0,0,0,0,2,1291,2,400,2,808
174545,Reconnecting,0,0,0,0,0,0,2,1291,2,400,2,808
174795,Reconnecting,0,0,0,0,0,0,2,1294,3,400,3,808
175042,Reconnecting,0,0,0,0,0,0,2,1297,3,400,3,808
175292,Reconnecting,0,0,0,0,0,0,2,1297,3,400,3,808
175544,Reconnecting,0,0,0,0,0,0,2,1300,3,400,3,808
175793,Reconnecting,0,0,0,0,0,0,2,1300,3,400,3,808
176041,Reconnecting,0,0,0,0,0,0,2,1302,3,400,3,808
176289,Reconnecting,0,0,0,0,0,0,2,1305,1,400,1,808
176537,Reconnecting,0,0,0,0,0,0,2,1305,1,400,1,808
176786,Reconnecting,0,0,0,0,0,0,2,1308,2,400,2,808
177034,Reconnecting,0,0,0,0,0,0,2,1311,2,400,2,808
177285,Reconnecting,0,0,0,0,0,0,2,1311,2,400,2,808
177535,Reconnecting,0,0,0,0,0,0,2,1314,3,400,3,808
177784,Reconnecting,0,0,0,0,0,0,2,1314,3,400,3,808
178033,Reconnecting,0,0,0,0,0,0,2,1317,3,400,3,808
178283,Reconnecting,0,0,0,0,0,0,2,1320,3,400,3,808
178531,Reconnecting,0,0,0,0,0,0,2,1320,3,400,3,808
178780,Reconnecting,0,0,0,0,0,0,2,1323,2,400,2,808
179029,Reconnecting,0,0,0,0,0,0,2,1325,1,400,1,808
179277,Reconnecting,0,0,0,0,0,0,2,1326,3,400,3,808
179526,Reconnecting,0,0,0,0,0,0,2,1329,2,400,2,808
179777,Reconnecting,0,0,0,0,0,0,2,1329,2,400,2,808
180025,Reconnecting,0,0,0,0,0,0,2,1331,1,401,1,808
180274,Reconnecting,0,0,0,0,0,0,2,1334,3,401,3,808
180522,Reconnecting,0,0,0,0,0,0,2,1334,3,401,3,808
180772,Reconnecting,0,0,0,0,0,0,2,1337,3,401,3,808
181021,Reconnecting,0,0,0,0,0,0,2,1337,3,401,3,808
181268,Reconnecting,0,0,0,0,0,0,2,1340,3,401,3,808
181515,Reconnecting,0,0,0,0,0,0,2,1343,3,401,3,808
181763,Reconnecting,0,0,0,0,0,0,2,1343,3,401,3,808
182013,Reconnecting,0,0,0,0,0,0,2,1345,166,401,166,808
182258,Reconnecting,0,0,0,0,0,0,2,1348,3,401,3,808
182507,Reconnecting,0,0,0,0,0,0,2,1348,3,401,3,808
182757,Reconnecting,0,0,0,0,0,0,2,1351,3,401,3,808
183005,Reconnecting,0,0,0,0,0,0,2,1351,3,401,3,808
183253,Reconnecting,0,0,0,0,0,0,2,1354,3,401,3,808
183500,Reconnecting,0,0,0,0,0,0,2,1357,2,401,2,808
183811,Reconnecting,0,0,0,0,0,0,2,1357,2,401,2,808
184060,Reconnecting,0,0,0,0,0,0,2,1360,3,401,3,808
184306,Reconnecting,0,0,0,0,0,0,2,1363,3,401,3,808
184554,Reconnecting,0,0,0,0,0,0,2,1363,3,401,3,808
184801,Reconnecting,0,0,0,0,0,0,2,1366,3,401,3,808
185051,Reconnecting,0,0,0,0,0,0,2,1369,3,401,3,808
185302,Reconnecting,0,0,0,0,0,0,2,1369,3,401,3,808
185551,Reconnecting,0,0,0,0,0,0,2,1372,3,401,3,808
185798,Reconnecting,0,0,0,0,0,0,2,1372,3,401,3,808
186047,Reconnecting,0,0,0,0,0,0,2,1375,11,401,11,808
186297,Reconnecting,0,0,0,0,0,0,2,1378,3,401,3,808
186548,Reconnecting,0,0,0,0,0,0,2,1378,3,401,3,808
186795,Reconnecting,0,0,0,0,0,0,2,1381,3,401,3,808
187045,Reconnecting,0,0,0,0,0,0,2,1384,3,401,3,808
187293,Reconnecting,0,0,0,0,0,0,2,1384,3,401,3,808
187544,Reconnecting,0,0,0,0,0,0,2,1387,3,401,3,808
187792,Reconnecting,0,0,0,0,0,0,2,1387,3,401,3,808
188042,Reconnecting,0,0,0,0,0,0,2,1390,3,401,3,808
188290,Reconnecting,0,0,0,0,0,0,2,1393,2,401,2,808
188537,Reconnecting,0,0,0,0,0,0,2,1393,2,401,2,808
188786,Reconnecting,0,0,0,0,0,0,2,1396,2,401,2,808
189035,Reconnecting,0,0,0,0,0,0,2,1399,3,401,3,808
189285,Reconnecting,0,0,0,0,0,0,2,1399,3,401,3,808
189534,Reconnecting,0,0,0,0,0,0,2,1402,3,401,3,808
189781,Reconnecting,0,0,0,0,0,0,2,1402,3,401,3,808
190029,Reconnecting,0,0,0,0,0,0,2,1405,3,401,3,808
190277,Reconnecting,0,0,0,0,0,0,2,1408,3,401,3,808
190522,Reconnecting,0,0,0,0,0,0,2,1408,3,401,3,808
190772,Reconnecting,0,0,0,0,0,0,2,1411,2,401,2,808
191021,Reconnecting,0,0,0,0,0,0,2,1414,3,401,3,808
191270,Reconnecting,0,0,0,0,0,0,2,1414,3,401,3,808
191518,Reconnecting,0,0,0,0,0,0,2,1417,3,401,3,808
191767,Reconnecting,0,0,0,0,0,0,2,1417,3,401,3,808
192013,Reconnecting,0,0,0,0,0,0,2,1420,1,401,1,808
192262,Reconnecting,0,0,0,0,0,0,2,1422,3,401,3,808
192510,Reconnecting,0,0,0,0,0,0,2,1422,3,401,3,808
192760,Reconnecting,0,0,0,0,0,0,2,1425,3,401,3,808
193008,Reconnecting,0,0,0,0,0,0,2,1425,3,401,3,808
193256,Reconnecting,0,0,0,0,0,0,2,1428,2,401,2,808
193504,Reconnecting,0,0,0,0,0,0,2,1431,3,401,3,808
193752,Reconnecting,0,0,0,0,0,0,2,1431,3,401,3,808
194004,Reconnecting,0,0,0,0,0,0,2,1434,2,401,2,808
194254,Reconnecting,0,0,0,0,0,0,2,1437,2,401,2,808
194504,Reconnecting,0,0,0,0,0,0,2,1437,2,401,2,808
194753,Reconnecting,0,0,0,0,0,0,2,1440,3,401,3,808
195001,Reconnecting,0,0,0,0,0,0,2,1440,3,401,3,808
195250,Reconnecting,0,0,0,0,0,0,2,1443,3,401,3,808
195560,Reconnecting,0,0,0,0,0,0,2,1446,4,401,4,808
195810,Reconnecting,0,0,0,0,0,0,2,1449,3,401,3,808
196059,Reconnecting,0,0,0,0,0,0,2,1449,3,401,3,808
196304,Reconnecting,0,0,0,0,0,0,2,1451,2,401,2,808
196554,Reconnecting,0,0,0,0,0,0,2,1451,2,401,2,808
196803,Reconnecting,0,0,0,0,0,0,2,1454,3,401,3,808
197051,Reconnecting,0,0,0,0,0,0,2,1457,3,401,3,808
197300,Reconnecting,0,0,0,0,0,0,2,1457,3,401,3,808
197548,Reconnecting,0,0,0,0,0,0,2,1460,3,401,3,808
197795,Reconnecting,0,0,0,0,0,0,2,1460,3,401,3,808
198044,Reconnecting,0,0,0,0,0,0,2,1463,3,401,3,808
198292,Reconnecting,0,0,0,0,0,0,2,1466,3,401,3,808
198541,Reconnecting,0,0,0,0,0,0,2,1466,3,401,3,808
198790,Reconnecting,0,0,0,0,0,0,2,1469,3,401,3,808
199038,Reconnecting,0,0,0,0,0,0,2,1472,3,401,3,808
199288,Reconnecting,0,0,0,0,0,0,2,1472,3,401,3,808
199540,Reconnecting,0,0,0,0,0,0,2,1475,0,401,0,808
199787,Reconnecting,0,0,0,0,0,0,2,1475,0,401,0,808
200035,Reconnecting,0,0,0,0,0,0,2,1478,3,401,3,808
200285,Reconnecting,0,0,0,0,0,0,2,1481,3,401,3,808
200535,Reconnecting,0,0,0,0,0,0,2,1481,3,401,3,808
200783,Reconnecting,0,0,0,0,0,0,2,1484,2,401,2,808
201032,Reconnecting,0,0,0,0,0,0,2,1487,3,401,3,808
201282,Reconnecting,0,0,0,0,0,0,2,1487,3,401,3,808
201532,Reconnecting,0,0,0,0,0,0,2,1490,3,401,3,808
201783,Reconnecting,0,0,0,0,0,0,2,1490,3,401,3,808
202029,Reconnecting,0,0,0,0,0,0,2,1493,3,401,3,808
202280,Reconnecting,0,0,0,0,0,0,2,1496,2,401,3,808
202529,Reconnecting,0,0,0,0,0,0,2,1496,2,401,3,808
202776,Reconnecting,0,0,0,0,0,0,2,1499,3,401,3,808
203025,Reconnecting,0,0,0,0,0,0,2,1502,3,401,3,808
203275,Reconnecting,0,0,0,0,0,0,2,1502,3,401,3,808
203522,Reconnecting,0,0,0,0,0,0,2,1505,3,401,3,808
203771,Reconnecting,0,0,0,0,0,0,2,1505,3,401,3,808
204017,Reconnecting,0,0,0,0,0,0,2,1508,3,401,3,808
204264,Reconnecting,0,0,0,0,0,0,2,1511,2,401,2,808
204512,Reconnecting,0,0,0,0,0,0,2,1511,2,401,2,808
204761,Reconnecting,0,0,0,0,0,0,2,1514,3,401,3,808
205008,Reconnecting,0,0,0,0,0,0,2,1516,4,401,4,808
205256,Reconnecting,0,0,0,0,0,0,2,1516,4,401,4,808
205504,Reconnecting,0,0,0,0,0,0,2,1519,2,401,2,808
205753,Reconnecting,0,0,0,0,0,0,2,1519,2,401,2,808
206003,Reconnecting,0,0,0,0,0,0,2,1522,3,401,3,808
206254,Reconnecting,0,0,0,0,0,0,2,1525,3,401,3,808
206502,Reconnecting,0,0,0,0,0,0,2,1525,3,401,3,808
206750,Reconnecting,0,0,0,0,0,0,2,1528,3,401,3,808
207062,Reconnecting,0,0,0,0,0,0,2,1531,2,401,2,808
207310,Reconnecting,0,0,0,0,0,0,2,1531,2,401,2,808
207560,Reconnecting,0,0,0,0,0,0,2,1534,3,401,3,808
207806,Reconnecting,0,0,0,0,0,0,2,1537,3,401,3,808
208054,Reconnecting,0,0,0,0,0,0,2,1537,3,401,3,808
208301,Reconnecting,0,0,0,0,0,0,2,1539,1,401,1,808
208549,Reconnecting,0,0,0,0,0,0,2,1540,165,401,165,808
208795,Reconnecting,0,0,0,0,0,0,2,1543,4,401,4,808
209045,Reconnecting,0,0,0,0,0,0,2,1546,3,401,3,808
209292,Reconnecting,0,0,0,0,0,0,2,1546,3,401,3,808
209542,Reconnecting,0,0,0,0,0,0,2,1549,4,401,4,808
209792,Reconnecting,0,0,0,0,0,0,2,1550,393,401,394,808
210042,Reconnecting,0,0,0,0,0,0,2,1552,2,401,2,808
210291,Reconnecting,0,0,0,0,0,0,2,1555,4,401,4,808
210542,Reconnecting,0,0,0,0,0,0,2,1555,4,401,4,808
210791,Reconnecting,0,0,0,0,0,0,2,1558,3,401,3,808
211041,Reconnecting,0,0,0,0,0,0,2,1561,2,401,2,808
211289,Reconnecting,0,0,0,0,0,0,2,1561,2,401,2,808
211540,Reconnecting,0,0,0,0,0,0,2,1564,3,401,3,808
211788,Reconnecting,0,0,0,0,0,0,2,1565,392,401,392,808
212036,Reconnecting,0,0,0,0,0,0,2,1567,3,401,3,808
212284,Reconnecting,0,0,0,0,0,0,2,1570,2,401,2,808
212533,Reconnecting,0,0,0,0,0,0,2,1570,2,401,2,808
212779,Reconnecting,0,0,0,0,0,0,2,1573,2,401,2,808
213026,Reconnecting,0,0,0,0,0,0,2,1576,3,401,3,808
213276,Reconnecting,0,0,0,0,0,0,2,1576,3,401,3,808
213525,Reconnecting,0,0,0,0,0,0,2,1579,3,401,3,808
213772,Reconnecting,0,0,0,0,0,0,2,1579,3,401,3,808
214019,Reconnecting,0,0,0,0,0,0,2,1582,2,401,2,808
214269,Reconnecting,0,0,0,0,0,0,2,1585,1,401,1,808
214521,Reconnecting,0,0,0,0,0,0,2,1585,1,401,1,808
214771,Reconnecting,0,0,0,0,0,0,2,1588,3,401,3,808
215020,Reconnecting,0,0,0,0,0,0,2,1591,3,401,3,808
215266,Reconnecting,0,0,0,0,0,0,2,1591,3,401,3,808
215516,Reconnecting,0,0,0,0,0,0,2,1594,3,401,3,808
215765,Reconnecting,0,0,0,0,0,0,2,1594,3,401,3,808
216014,Reconnecting,0,0,0,0,0,0,2,1596,2,401,2,808
216261,Reconnecting,0,0,0,0,0,0,2,1599,3,401,3,808
216508,Reconnecting,0,0,0,0,0,0,2,1599,3,401,3,808
216754,Reconnecting,0,0,0,0,0,0,2,1602,3,401,3,808
217006,Reconnecting,0,0,0,0,0,0,2,1605,3,401,3,808
217255,Reconnecting,0,0,0,0,0,0,2,1605,3,401,3,808
217504,Reconnecting,0,0,0,0,0,0,2,1608,3,401,3,808
217752,Reconnecting,0,0,0,0,0,0,2,1608,3,401,3,808
218002,Reconnecting,0,0,0,0,0,0,2,1611,3,401,3,808
218250,Reconnecting,0,0,0,0,0,0,2,1614,3,401,3,808
218500,Reconnecting,0,0,0,0,0,0,2,1614,3,401,3,808
218751,Reconnecting,0,0,0,0,0,0,2,1617,3,401,3,808
219001,Reconnecting,0,0,0,0,0,0,2,1620,3,401,3,808
219252,Reconnecting,0,0,0,0,0,0,2,1620,3,401,3,808
219500,Reconnecting,0,0,0,0,0,0,2,1623,3,401,3,808
219750,Reconnecting,0,0,0,0,0,0,2,1623,3,401,3,808
220001,Reconnecting,0,0,0,0,0,0,2,1626,3,401,3,808
220308,Reconnecting,0,0,0,0,0,0,2,1629,3,401,3,808
220556,Reconnecting,0,0,0,0,0,0,2,1629,3,401,3,808
220805,Reconnecting,0,0,0,0,0,0,2,1632,3,401,3,808
221056,Reconnecting,0,0,0,0,0,0,2,1635,2,401,2,808
221304,Reconnecting,0,0,0,0,0,0,2,1635,2,401,2,808
221552,Reconnecting,0,0,0,0,0,0,2,1638,2,401,2,808
221801,Reconnecting,0,0,0,0,0,0,2,1641,1,401,1,808
222050,Reconnecting,0,0,0,0,0,0,2,1641,1,401,1,808
222299,Reconnecting,0,0,0,0,0,0,2,1644,3,401,3,808
222546,Reconnecting,0,0,0,0,0,0,2,1644,3,401,3,808
222797,Reconnecting,0,0,0,0,0,0,2,1647,3,401,3,808
223048,Reconnecting,0,0,0,0,0,0,2,1649,2,401,2,808
223295,Reconnecting,0,0,0,0,0,0,2,1649,2,401,2,808
223543,Reconnecting,0,0,0,0,0,0,2,1652,3,401,3,808
223793,Reconnecting,0,0,0,0,0,0,2,1655,3,401,3,808
224040,Reconnecting,0,0,0,0,0,0,2,1655,3,401,3,808
224289,Reconnecting,0,0,0,0,0,0,2,1658,2,401,2,808
224537,Reconnecting,0,0,0,0,0,0,2,1658,2,401,2,808
224787,Reconnecting,0,0,0,0,0,0,2,1661,2,401,2,808
225036,Reconnecting,0,0,0,0,0,0,2,1664,3,401,3,808
225283,Reconnecting,0,0,0,0,0,0,2,1664,3,401,3,808
225532,Reconnecting,0,0,0,0,0,0,2,1667,3,401,3,808
225781,Reconnecting,0,0,0,0,0,0,2,1670,1,401,1,808
226030,Reconnecting,0,0,0,0,0,0,2,1670,1,401,1,808
226277,Reconnecting,0,0,0,0,0,0,2,1673,3,401,3,808
226526,Reconnecting,0,0,0,0,0,0,2,1673,3,401,3,808
226771,Reconnecting,0,0,0,0,0,0,2,1676,3,401,3,808
227022,Reconnecting,0,0,0,0,0,0,2,1679,4,401,4,808
227270,Reconnecting,0,0,0,0,0,0,2,1679,4,401,4,808
227521,Reconnecting,0,0,0,0,0,0,2,1682,3,401,3,808
227768,Reconnecting,0,0,0,0,0,0,2,1682,3,401,3,808
228016,Reconnecting,0,0,0,0,0,0,2,1685,2,401,2,808
228264,Reconnecting,0,0,0,0,0,0,2,1687,1,401,1,808
228512,Reconnecting,0,0,0,0,0,0,2,1688,165,401,165,808
228760,Reconnecting,0,0,0,0,0,0,2,1691,2,401,2,808
229010,Reconnecting,0,0,0,0,0,0,2,1694,3,401,3,808
229258,Reconnecting,0,0,0,0,0,0,2,1694,3,401,3,808
229506,Reconnecting,0,0,0,0,0,0,2,1697,3,401,3,808
229756,Reconnecting,0,0,0,0,0,0,2,1697,3,401,3,808
230004,Reconnecting,0,0,0,0,0,0,2,1700,3,401,3,808
230254,Reconnecting,0,0,0,0,0,0,2,1703,3,401,3,808
230502,Reconnecting,0,0,0,0,0,0,2,1703,3,401,3,808
230753,Reconnecting,0,0,0,0,0,0,2,1706,3,401,3,808
231063,Reconnecting,0,0,0,0,0,0,2,1709,3,401,3,808
231309,Reconnecting,0,0,0,0,0,0,2,1709,3,401,3,808
231558,Reconnecting,0,0,0,0,0,0,2,1712,3,401,3,808
231806,Reconnecting,0,0,0,0,0,0,2,1715,3,401,3,808
232054,Reconnecting,0,0,0,0,0,0,2,1715,3,401,3,808
232302,Reconnecting,0,0,0,0,0,0,2,1718,3,401,3,808
232550,Reconnecting,0,0,0,0,0,0,2,1718,3,401,3,808
232796,Reconnecting,0,0,0,0,0,0,2,1721,3,401,3,808
233044,Reconnecting,0,0,0,0,0,0,2,1724,2,401,2,808
233294,Reconnecting,0,0,0,0,0,0,2,1724,2,401,2,808
233546,Reconnecting,0,0,0,0,0,0,2,1727,3,401,3,808
233794,Reconnecting,0,0,0,0,0,0,2,1730,3,401,3,808
234043,Reconnecting,0,0,0,0,0,0,2,1730,3,401,3,808
234291,Reconnecting,0,0,0,0,0,0,2,1733,3,401,3,808
234540,Reconnecting,0,0,0,0,0,0,2,1733,3,401,3,808
234790,Reconnecting,0,0,0,0,0,0,2,1736,3,401,3,808
235038,Reconnecting,0,0,0,0,0,0,2,1739,3,401,3,808
235286,Reconnecting,0,0,0,0,0,0,2,1739,3,401,3,808
235536,Reconnecting,0,0,0,0,0,0,2,1742,2,401,2,808
235782,Reconnecting,0,0,0,0,0,0,2,1745,3,401,3,808
236032,Reconnecting,0,0,0,0,0,0,2,1745,3,401,3,808
236281,Reconnecting,0,0,0,0,0,0,2,1748,2,401,2,808
236529,Reconnecting,0,0,0,0,0,0,2,1748,2,401,2,808
236778,Reconnecting,0,0,0,0,0,0,2,1751,3,401,3,808
237027,Reconnecting,0,0,0,0,0,0,2,1754,3,401,3,808
237274,Reconnecting,0,0,0,0,0,0,2,1754,3,401,3,808
237524,Reconnecting,0,0,0,0,0,0,2,1757,0,401,0,808
237775,Reconnecting,0,0,0,0,0,0,2,1760,3,401,3,808
238020,Reconnecting,0,0,0,0,0,0,2,1760,3,401,3,808
238268,Reconnecting,0,0,0,0,0,0,2,1763,1,401,1,808
238514,Reconnecting,0,0,0,0,0,0,2,1763,1,401,1,808
238763,Reconnecting,0,0,0,0,0,0,2,1766,2,401,2,808
239011,Reconnecting,0,0,0,0,0,0,2,1769,3,401,3,808
239259,Reconnecting,0,0,0,0,0,0,2,1769,3,401,3,808
239508,Reconnecting,0,0,0,0,0,0,2,1772,3,401,3,808
239754,Reconnecting,0,0,0,0,0,0,2,1772,3,401,3,808
240001,Reconnecting,0,0,0,0,0,0,2,1775,3,401,3,808
240251,Reconnecting,0,0,0,0,0,0,2,1778,2,401,2,808
240562,Reconnecting,0,0,0,0,0,0,2,1780,1,401,1,808
240809,Reconnecting,0,0,0,0,0,0,2,1781,164,401,164,808
241057,Reconnecting,0,0,0,0,0,0,2,1784,3,401,3,808
241307,Reconnecting,0,0,0,0,0,0,2,1784,3,401,3,808
241559,Reconnecting,0,0,0,0,0,0,2,1787,3,401,3,808
241806,Reconnecting,0,0,0,0,0,0,2,1790,3,401,3,808
242056,Reconnecting,0,0,0,0,0,0,2,1790,3,401,3,808
242306,Reconnecting,0,0,0,0,0,0,2,1793,3,401,3,808
242555,Reconnecting,0,0,0,0,0,0,2,1794,395,401,395,808
242803,Reconnecting,0,0,0,0,0,0,2,1796,3,401,3,808
243052,Reconnecting,0,0,0,0,0,0,2,1799,2,401,2,808
243300,Reconnecting,0,0,0,0,0,0,2,1799,2,401,2,808
243550,Reconnecting,0,0,0,0,0,0,2,1802,3,401,3,808
243799,Reconnecting,0,0,0,0,0,0,2,1805,3,401,3,808
244046,Reconnecting,0,0,0,0,0,0,2,1805,3,401,3,808
244297,Reconnecting,0,0,0,0,0,0,2,1808,1,401,1,808
244546,Reconnecting,0,0,0,0,0,0,2,1808,1,401,1,808
244794,Reconnecting,0,0,0,0,0,0,2,1811,2,401,2,808
245044,Reconnecting,0,0,0,0,0,0,2,1814,2,401,2,808
245292,Reconnecting,0,0,0,0,0,0,2,1814,2,401,2,808
245540,Reconnecting,0,0,0,0,0,0,2,1817,3,401,3,808
245788,Reconnecting,0,0,0,0,0,0,2,1820,3,401,3,808
246038,Reconnecting,0,0,0,0,0,0,2,1820,3,401,3,808
246285,Reconnecting,0,0,0,0,0,0,2,1821,405,405,405,808
246534,Reconnecting,0,0,0,0,0,0,2,1821,405,405,405,808
246782,Reconnecting,0,0,0,0,0,0,2,1823,2,405,2,808
247032,Reconnecting,0,0,0,0,0,0,2,1826,4,405,4,808
247280,Reconnecting,0,0,0,0,0,0,2,1826,4,405,4,808
247530,Reconnecting,0,0,0,0,0,0,2,1829,3,405,3,808
247782,Reconnecting,0,0,0,0,0,0,2,1832,3,405,3,808
248028,Reconnecting,0,0,0,0,0,0,2,1832,3,405,3,808
248278,Reconnecting,0,0,0,0,0,0,2,1835,2,405,2,808
248526,Reconnecting,0,0,0,0,0,0,2,1835,2,405,2,808
248775,Reconnecting,0,0,0,0,0,0,2,1838,3,405,3,808
249024,Reconnecting,0,0,0,0,0,0,2,1841,3,405,3,808
249272,Reconnecting,0,0,0,0,0,0,2,1841,3,405,3,808
249522,Reconnecting,0,0,0,0,0,0,2,1844,3,405,3,808
249772,Reconnecting,0,0,0,0,0,0,2,1847,3,405,3,808
250019,Reconnecting,0,0,0,0,0,0,2,1847,3,405,3,808
250270,Reconnecting,0,0,0,0,0,0,2,1850,4,405,4,808
250518,Reconnecting,0,0,0,0,0,0,2,1850,4,405,4,808
250768,Reconnecting,0,0,0,0,0,0,2,1853,3,405,3,808
251017,Reconnecting,0,0,0,0,0,0,2,1856,2,405,2,808
251264,Reconnecting,0,0,0,0,0,0,2,1856,2,405,2,808
251513,Reconnecting,0,0,0,0,0,0,2,1859,3,405,3,808
251762,Reconnecting,0,0,0,0,0,0,2,1862,3,405,3,808
252010,Reconnecting,0,0,0,0,0,0,2,1862,3,405,3,808
252261,Reconnecting,0,0,0,0,0,0,2,1864,1,405,1,808
252509,Reconnecting,0,0,0,0,0,0,2,1865,167,405,167,808
252758,Reconnecting,0,0,0,0,0,0,2,1868,2,405,2,808
253007,Reconnecting,0,0,0,0,0,0,2,1871,1,405,1,808
253253,Reconnecting,0,0,0,0,0,0,2,1871,1,405,1,808
253501,Reconnecting,0,0,0,0,0,0,2,1874,2,405,2,808
253812,Reconnecting,0,0,0,0,0,0,2,1877,3,405,3,808
254059,Reconnecting,0,0,0,0,0,0,2,1877,3,405,3,808
254309,Reconnecting,0,0,0,0,0,0,2,1880,3,405,3,808
254556,Reconnecting,0,0,0,0,0,0,2,1883,3,405,3,808
254805,Reconnecting,0,0,0,0,0,0,2,1883,3,405,3,808
255053,Reconnecting,0,0,0,0,0,0,2,1886,2,405,2,808
255300,Reconnecting,0,0,0,0,0,0,2,1886,2,405,2,808
255551,Reconnecting,0,0,0,0,0,0,2,1889,3,405,3,808
255801,Reconnecting,0,0,0,0,0,0,2,1892,3,405,3,808
256049,Reconnecting,0,0,0,0,0,0,2,1892,3,405,3,808
256299,Reconnecting,0,0,0,0,0,0,2,1895,3,405,3,808
256544,Reconnecting,0,0,0,0,0,0,2,1898,3,405,3,808
256793,Reconnecting,0,0,0,0,0,0,2,1898,3,405,3,808
257040,Reconnecting,0,0,0,0,0,0,2,1900,3,405,3,808
257289,Reconnecting,0,0,0,0,0,0,2,1900,3,405,3,808
257539,Reconnecting,0,0,0,0,0,0,2,1903,3,405,3,808
257787,Reconnecting,0,0,0,0,0,0,2,1906,2,405,2,808
258039,Reconnecting,0,0,0,0,0,0,2,1906,2,405,2,808
258287,Reconnecting,0,0,0,0,0,0,2,1908,3,405,3,808
258535,Reconnecting,0,0,0,0,0,0,2,1908,3,405,3,808
258783,Reconnecting,0,0,0,0,0,0,2,1911,3,405,3,808
259033,Reconnecting,0,0,0,0,0,0,2,1914,3,405,3,808
259282,Reconnecting,0,0,0,0,0,0,2,1914,3,405,3,808
259533,Reconnecting,0,0,0,0,0,0,2,1917,2,405,2,808
259783,Reconnecting,0,0,0,0,0,0,2,1920,4,405,4,808
260032,Reconnecting,0,0,0,0,0,0,2,1920,4,405,4,808
260281,Reconnecting,0,0,0,0,0,0,2,1923,3,405,3,808
260529,Reconnecting,0,0,0,0,0,0,2,1923,3,405,3,808
260779,Reconnecting,0,0,0,0,0,0,2,1926,3,405,3,808
261028,Reconnecting,0,0,0,0,0,0,2,1929,3,405,3,808
261278,Reconnecting,0,0,0,0,0,0,2,1929,3,405,3,808
261527,Reconnecting,0,0,0,0,0,0,2,1932,5,405,5,808
261775,Reconnecting,0,0,0,0,0,0,2,1935,2,405,2,808
262025,Reconnecting,0,0,0,0,0,0,2,1935,2,405,2,808
262274,Reconnecting,0,0,0,0,0,0,2,1938,3,405,3,808
262524,Reconnecting,0,0,0,0,0,0,2,1938,3,405,3,808
262772,Reconnecting,0,0,0,0,0,0,2,1941,3,405,3,808
263023,Reconnecting,0,0,0,0,0,0,2,1944,3,405,3,808
263271,Reconnecting,0,0,0,0,0,0,2,1944,3,405,3,808
263518,Reconnecting,0,0,0,0,0,0,2,1946,3,405,3,808
263769,Reconnecting,0,0,0,0,0,0,2,1949,3,405,3,808
264017,Reconnecting,0,0,0,0,0,0,2,1949,3,405,3,808
264267,Reconnecting,0,0,0,0,0,0,2,1952,3,405,3,808
264517,Reconnecting,0,0,0,0,0,0,2,1952,3,405,3,808
264765,Reconnecting,0,0,0,0,0,0,2,1955,164,405,164,808
265013,Reconnecting,0,0,0,0,0,0,2,1957,3,405,3,808
265262,Reconnecting,0,0,0,0,0,0,2,1957,3,405,3,808
265512,Reconnecting,0,0,0,0,0,0,2,1960,3,405,3,808
265762,Reconnecting,0,0,0,0,0,0,2,1963,2,405,2,808
266011,Reconnecting,0,0,0,0,0,0,2,1963,2,405,2,808
266261,Reconnecting,0,0,0,0,0,0,2,1966,3,405,3,808
266510,Reconnecting,0,0,0,0,0,0,2,1966,3,405,3,808
266758,Reconnecting,0,0,0,0,0,0,2,1969,2,405,2,808
267010,Reconnecting,0,0,0,0,0,0,2,1972,3,405,3,808
267256,Reconnecting,0,0,0,0,0,0,2,1972,3,405,3,808
267504,Reconnecting,0,0,0,0,0,0,2,1975,2,405,3,808
267754,Reconnecting,0,0,0,0,0,0,2,1978,2,405,2,808
268005,Reconnecting,0,0,0,0,0,0,2,1978,2,405,2,808
268251,Reconnecting,0,0,0,0,0,0,2,1981,3,405,3,808
268561,Reconnecting,0,0,0,0,0,0,2,1984,3,405,3,808
268808,Reconnecting,0,0,0,0,0,0,2,1984,3,405,3,808
269054,Reconnecting,0,0,0,0,0,0,2,1987,3,405,3,808
269303,Reconnecting,0,0,0,0,0,0,2,1987,3,405,3,808
269549,Reconnecting,0,0,0,0,0,0,2,1990,2,405,2,808
269801,Reconnecting,0,0,0,0,0,0,2,1993,1,405,1,808
270049,Reconnecting,0,0,0,0,0,0,2,1993,1,405,1,808
270299,Reconnecting,0,0,0,0,0,0,2,1996,3,405,3,808
270545,Reconnecting,0,0,0,0,0,0,2,1999,2,405,2,808
270796,Reconnecting,0,0,0,0,0,0,2,1999,2,405,2,808
271044,Reconnecting,0,0,0,0,0,0,2,2002,3,405,3,808
271294,Reconnecting,0,0,0,0,0,0,2,2002,3,405,3,808
271542,Reconnecting,0,0,0,0,0,0,2,2005,1,405,1,808
271790,Reconnecting,0,0,0,0,0,0,2,2008,3,405,3,808
272038,Reconnecting,0,0,0,0,0,0,2,2008,3,405,3,808
272284,Reconnecting,0,0,0,0,0,0,2,2011,3,405,3,808
272533,Reconnecting,0,0,0,0,0,0,2,2014,3,405,3,808
272781,Reconnecting,0,0,0,0,0,0,2,2014,3,405,3,808
273030,Reconnecting,0,0,0,0,0,0,2,2017,3,405,3,808
273280,Reconnecting,0,0,0,0,0,0,2,2017,3,405,3,808
273528,Reconnecting,0,0,0,0,0,0,2,2020,3,405,3,808
273776,Reconnecting,0,0,0,0,0,0,2,2023,3,405,3,808
274027,Reconnecting,0,0,0,0,0,0,2,2023,3,405,3,808
274277,Reconnecting,0,0,0,0,0,0,2,2026,2,405,2,808
274525,Reconnecting,0,0,0,0,0,0,2,2028,0,405,0,808
274774,Reconnecting,0,0,0,0,0,0,2,2029,4,405,4,808
275022,Reconnecting,0,0,0,0,0,0,2,2032,2,405,2,808
275272,Reconnecting,0,0,0,0,0,0,2,2032,2,405,2,808
275522,Reconnecting,0,0,0,0,0,0,2,2035,2,405,2,808
275771,Reconnecting,0,0,0,0,0,0,2,2038,3,405,3,808
276019,Reconnecting,0,0,0,0,0,0,2,2038,3,405,3,808
276271,Reconnecting,0,0,0,0,0,0,2,2041,3,405,3,808
276519,Reconnecting,0,0,0,0,0,0,2,2041,3,405,3,808
276768,Reconnecting,0,0,0,0,0,0,2,2044,3,405,3,808
277017,Reconnecting,0,0,0,0,0,0,2,2047,3,405,3,808
277265,Reconnecting,0,0,0,0,0,0,2,2047,3,405,3,808
277514,Reconnecting,0,0,0,0,0,0,2,2050,2,405,2,808
277762,Reconnecting,0,0,0,0,0,0,2,2053,3,405,3,808
278008,Reconnecting,0,0,0,0,0,0,2,2053,3,405,3,808
278258,Reconnecting,0,0,0,0,0,0,2,2056,2,405,2,808
278506,Reconnecting,0,0,0,0,0,0,2,2056,2,405,2,808
278755,Reconnecting,0,0,0,0,0,0,2,2059,3,405,3,808
279004,Reconnecting,0,0,0,0,0,0,2,2062,3,405,3,808
279254,Reconnecting,0,0,0,0,0,0,2,2062,3,405,3,808
279502,Reconnecting,0,0,0,0,0,0,2,2065,2,405,2,808
279751,Reconnecting,0,0,0,0,0,0,2,2068,3,405,3,808
280000,Reconnecting,0,0,0,0,0,0,2,2068,3,405,3,808
280308,Reconnecting,0,0,0,0,0,0,2,2071,3,405,3,808
280557,Reconnecting,0,0,0,0,0,0,2,2073,2,405,2,808
280804,Reconnecting,0,0,0,0,0,0,2,2073,2,405,2,808
281053,Reconnecting,0,0,0,0,0,0,2,2076,3,405,3,808
281303,Reconnecting,0,0,0,0,0,0,2,2076,3,405,3,808
281550,Reconnecting,0,0,0,0,0,0,2,2079,3,405,3,808
281797,Reconnecting,0,0,0,0,0,0,2,2082,2,405,2,808
282047,Reconnecting,0,0,0,0,0,0,2,2082,2,405,2,808
282295,Reconnecting,0,0,0,0,0,0,2,2085,3,405,3,808
282545,Reconnecting,0,0,0,0,0,0,2,2088,3,405,3,808
282792,Reconnecting,0,0,0,0,0,0,2,2088,3,405,3,808
283040,Reconnecting,0,0,0,0,0,0,2,2091,4,405,4,808
283286,Reconnecting,0,0,0,0,0,0,2,2091,4,405,4,808
283534,Reconnecting,0,0,0,0,0,0,2,2094,3,405,3,808
283782,Reconnecting,0,0,0,0,0,0,2,2097,2,405,2,808
284030,Reconnecting,0,0,0,0,0,0,2,2097,2,405,2,808
284281,Reconnecting,0,0,0,0,0,0,2,2100,3,405,3,808
284531,Reconnecting,0,0,0,0,0,0,2,2103,3,405,3,808
284799,Reconnecting,0,0,0,0,0,0,2,2103,3,405,3,808
285050,Reconnecting,0,0,0,0,0,0,2,2106,4,405,4,808
285295,Reconnecting,0,0,0,0,0,0,2,2106,4,405,4,808
285534,Reconnecting,0,0,0,0,0,0,2,2109,3,405,3,808
285812,Reconnecting,0,0,0,0,0,0,2,2111,4,405,4,808
286056,Reconnecting,0,0,0,0,0,0,2,2111,4,405,4,808
286308,Reconnecting,0,0,0,0,0,0,2,2114,3,405,3,808
286558,Reconnecting,0,0,0,0,0,0,2,2117,3,405,3,808
286808,Reconnecting,0,0,0,0,0,0,2,2117,3,405,3,808
287057,Reconnecting,0,0,0,0,0,0,2,2120,1,405,1,808
287306,Reconnecting,0,0,0,0,0,0,2,2120,1,405,1,808
287555,Reconnecting,0,0,0,0,0,0,2,2123,3,405,3,808
287805,Reconnecting,0,0,0,0,0,0,2,2126,1,405,1,808
288053,Reconnecting,0,0,0,0,0,0,2,2126,1,405,1,808
288301,Reconnecting,0,0,0,0,0,0,2,2129,4,405,4,808
288549,Reconnecting,0,0,0,0,0,0,2,2132,3,405,3,808
288799,Reconnecting,0,0,0,0,0,0,2,2132,3,405,3,808
289046,Reconnecting,0,0,0,0,0,0,2,2135,3,405,3,808
289297,Reconnecting,0,0,0,0,0,0,2,2135,3,405,3,808
289546,Reconnecting,0,0,0,0,0,0,2,2138,164,405,164,808
289795,Reconnecting,0,0,0,0,0,0,2,2141,2,405,2,808
290044,Reconnecting,0,0,0,0,0,0,2,2141,2,405,2,808
290295,Reconnecting,0,0,0,0,0,0,2,2144,2,405,2,808
290545,Reconnecting,0,0,0,0,0,0,2,2147,3,405,3,808
290795,Reconnecting,0,0,0,0,0,0,2,2147,3,405,3,808
291043,Reconnecting,0,0,0,0,0,0,2,2149,2,405,2,808
291291,Reconnecting,0,0,0,0,0,0,2,2149,2,405,2,808
291541,Reconnecting,0,0,0,0,0,0,2,2152,3,405,3,808
291794,Reconnecting,0,0,0,0,0,0,2,2155,3,405,3,808
292045,Reconnecting,0,0,0,0,0,0,2,2155,3,405,3,808
292292,Reconnecting,0,0,0,0,0,0,2,2158,3,405,3,808
292539,Reconnecting,0,0,0,0,0,0,2,2161,2,405,2,808
292787,Reconnecting,0,0,0,0,0,0,2,2161,2,405,2,808
293035,Reconnecting,0,0,0,0,0,0,2,2164,3,405,3,808
293283,Reconnecting,0,0,0,0,0,0,2,2164,3,405,3,808
293533,Reconnecting,0,0,0,0,0,0,2,2167,3,405,3,808
293783,Reconnecting,0,0,0,0,0,0,2,2170,3,405,3,808
294031,Reconnecting,0,0,0,0,0,0,2,2170,3,405,3,808
294283,Reconnecting,0,0,0,0,0,0,2,2173,3,405,3,808
294532,Reconnecting,0,0,0,0,0,0,2,2175,3,405,3,808
294780,Reconnecting,0,0,0,0,0,0,2,2175,3,405,3,808
295028,Reconnecting,0,0,0,0,0,0,2,2178,1,405,1,808
295279,Reconnecting,0,0,0,0,0,0,2,2178,1,405,1,808
295524,Reconnecting,0,0,0,0,0,0,2,2181,2,405,2,808
295774,Reconnecting,0,0,0,0,0,0,2,2184,3,405,3,808
296024,Reconnecting,0,0,0,0,0,0,2,2184,3,405,3,808
296272,Reconnecting,0,0,0,0,0,0,2,2187,3,405,3,808
296522,Reconnecting,0,0,0,0,0,0,2,2190,3,405,3,808
296770,Reconnecting,0,0,0,0,0,0,2,2190,3,405,3,808
297018,Reconnecting,0,0,0,0,0,0,2,2193,3,405,3,808
297268,Reconnecting,0,0,0,0,0,0,2,2193,3,405,3,808
297518,Reconnecting,0,0,0,0,0,0,2,2196,3,405,3,808
297765,Reconnecting,0,0,0,0,0,0,2,2198,3,405,3,808
298012,Reconnecting,0,0,0,0,0,0,2,2198,3,405,3,808
298259,Reconnecting,0,0,0,0,0,0,2,2201,2,405,2,808
298508,Reconnecting,0,0,0,0,0,0,2,2204,3,405,3,808
298757,Reconnecting,0,0,0,0,0,0,2,2204,3,405,3,808
299005,Reconnecting,0,0,0,0,0,0,2,2207,3,405,3,808
299256,Reconnecting,0,0,0,0,0,0,2,2207,3,405,3,808
299503,Reconnecting,0,0,0,0,0,0,2,2208,401,405,401,808
299754,Reconnecting,0,0,0,0,0,0,2,2211,3,405,3,808
300003,Reconnecting,0,0,0,0,0,0,2,2211,3,405,3,808
300250,Reconnecting,0,0,0,0,0,0,2,2214,2,405,2,808
300501,Reconnecting,0,0,0,0,0,0,2,2216,1,405,1,808
300812,Reconnecting,0,0,0,0,0,0,2,2217,3,405,3,808
301061,Reconnecting,0,0,0,0,0,0,2,2220,0,405,0,808
301308,Reconnecting,0,0,0,0,0,0,2,2223,3,405,3,808
301558,Reconnecting,0,0,0,0,0,0,2,2223,3,405,3,808
301808,Reconnecting,0,0,0,0,0,0,2,2226,3,405,3,808
302057,Reconnecting,0,0,0,0,0,0,2,2226,3,405,3,808
302308,Reconnecting,0,0,0,0,0,0,2,2228,3,405,3,808
302555,Reconnecting,0,0,0,0,0,0,2,2231,2,405,2,808
302804,Reconnecting,0,0,0,0,0,0,2,2231,2,405,2,808
303053,Reconnecting,0,0,0,0,0,0,2,2234,2,405,2,808
303303,Reconnecting,0,0,0,0,0,0,2,2237,3,405,3,808
303553,Reconnecting,0,0,0,0,0,0,2,2237,3,405,3,808
303799,Reconnecting,0,0,0,0,0,0,2,2240,1,405,1,808
304049,Reconnecting,0,0,0,0,0,0,2,2240,1,405,1,808
304297,Reconnecting,0,0,0,0,0,0,2,2243,3,405,3,808
304546,Reconnecting,0,0,0,0,0,0,2,2246,3,405,3,808
304797,Reconnecting,0,0,0,0,0,0,2,2246,3,405,3,808
305043,Reconnecting,0,0,0,0,0,0,2,2249,3,405,3,808
305291,Reconnecting,0,0,0,0,0,0,2,2249,3,405,3,808
305540,Reconnecting,0,0,0,0,0,0,2,2252,3,405,3,808
305787,Reconnecting,0,0,0,0,0,0,2,2255,3,405,3,808
306036,Reconnecting,0,0,0,0,0,0,2,2255,3,405,3,808
306284,Reconnecting,0,0,0,0,0,0,2,2258,1,405,1,808
306532,Reconnecting,0,0,0,0,0,0,2,2261,3,405,3,808
306782,Reconnecting,0,0,0,0,0,0,2,2261,3,405,3,808
307029,Reconnecting,0,0,0,0,0,0,2,2264,3,405,3,808
307275,Reconnecting,0,0,0,0,0,0,2,2264,3,405,3,808
307526,Reconnecting,0,0,0,0,0,0,2,2267,2,405,2,808
307776,Reconnecting,0,0,0,0,0,0,2,2270,3,405,3,808
308024,Reconnecting,0,0,0,0,0,0,2,2270,3,405,3,808
308272,Reconnecting,0,0,0,0,0,0,2,2273,3,405,3,808
308524,Reconnecting,0,0,0,0,0,0,2,2276,3,405,3,808
308771,Reconnecting,0,0,0,0,0,0,2,2276,3,405,3,808
309019,Reconnecting,0,0,0,0,0,0,2,2279,3,405,3,808
309267,Reconnecting,0,0,0,0,0,0,2,2279,3,405,3,808
309516,Reconnecting,0,0,0,0,0,0,2,2282,3,405,3,808
309761,Reconnecting,0,0,0,0,0,0,2,2284,3,405,3,808
310010,Reconnecting,0,0,0,0,0,0,2,2284,3,405,3,808
310263,Reconnecting,0,0,0,0,0,0,2,2287,4,405,4,808
310512,Reconnecting,0,0,0,0,0,0,2,2290,2,405,2,808
310760,Reconnecting,0,0,0,0,0,0,2,2290,2,405,2,808
311008,Reconnecting,0,0,0,0,0,0,2,2293,3,405,3,808
311256,Reconnecting,0,0,0,0,0,0,2,2293,3,405,3,808
311507,Reconnecting,0,0,0,0,0,0,2,2296,3,405,3,808
311756,Reconnecting,0,0,0,0,0,0,2,2299,2,405,2,808
312007,Reconnecting,0,0,0,0,0,0,2,2299,2,405,2,808
312255,Reconnecting,0,0,0,0,0,0,2,2302,3,405,3,808
312504,Reconnecting,0,0,0,0,0,0,2,2305,4,405,4,808
312754,Reconnecting,0,0,0,0,0,0,2,2305,4,405,4,808
313001,Reconnecting,0,0,0,0,0,0,2,2308,1,405,1,808
313252,Reconnecting,0,0,0,0,0,0,2,2308,1,405,1,808
313501,Reconnecting,0,0,0,0,0,0,2,2311,3,405,3,808
313809,Reconnecting,0,0,0,0,0,0,2,2314,3,405,3,808
314057,Reconnecting,0,0,0,0,0,0,2,2314,3,405,3,808
314307,Reconnecting,0,0,0,0,0,0,2,2317,2,405,2,808
314555,Reconnecting,0,0,0,0,0,0,2,2320,3,405,3,808
314807,Reconnecting,0,0,0,0,0,0,2,2320,3,405,3,808
315054,Reconnecting,0,0,0,0,0,0,2,2323,3,405,3,808
315302,Reconnecting,0,0,0,0,0,0,2,2326,3,405,3,808
315549,Reconnecting,0,0,0,0,0,0,2,2326,3,405,3,808
315797,Reconnecting,0,0,0,0,0,0,2,2328,2,405,2,808
316047,Reconnecting,0,0,0,0,0,0,2,2329,164,405,164,808
316297,Reconnecting,0,0,0,0,0,0,2,2332,4,405,4,808
316548,Reconnecting,0,0,0,0,0,0,2,2335,3,405,3,808
316797,Reconnecting,0,0,0,0,0,0,2,2335,3,405,3,808
317044,Reconnecting,0,0,0,0,0,0,2,2338,3,405,3,808
317294,Reconnecting,0,0,0,0,0,0,2,2341,3,405,3,808
317542,Reconnecting,0,0,0,0,0,0,2,2341,3,405,3,808
317790,Reconnecting,0,0,0,0,0,0,2,2343,2,405,2,808
318038,Reconnecting,0,0,0,0,0,0,2,2343,2,405,2,808
318288,Reconnecting,0,0,0,0,0,0,2,2346,2,405,2,808
318537,Reconnecting,0,0,0,0,0,0,2,2349,3,405,3,808
318784,Reconnecting,0,0,0,0,0,0,2,2349,3,405,3,808
319033,Reconnecting,0,0,0,0,0,0,2,2352,3,405,3,808
319282,Reconnecting,0,0,0,0,0,0,2,2354,1,405,1,808
319533,Reconnecting,0,0,0,0,0,0,2,2355,3,405,3,808
319782,Reconnecting,0,0,0,0,0,0,2,2358,3,405,3,808
320029,Reconnecting,0,0,0,0,0,0,2,2358,3,405,3,808
320278,Reconnecting,0,0,0,0,0,0,2,2361,3,405,3,808
320528,Reconnecting,0,0,0,0,0,0,2,2364,2,405,2,808
320777,Reconnecting,0,0,0,0,0,0,2,2364,2,405,2,808
321025,Reconnecting,0,0,0,0,0,0,2,2367,3,405,3,808
321274,Reconnecting,0,0,0,0,0,0,2,2367,3,405,3,808
321520,Reconnecting,0,0,0,0,0,0,2,2370,3,405,3,808
321771,Reconnecting,0,0,0,0,0,0,2,2372,3,405,3,808
322020,Reconnecting,0,0,0,0,0,0,2,2372,3,405,3,808
322269,Reconnecting,0,0,0,0,0,0,2,2375,5,405,5,808
322520,Reconnecting,0,0,0,0,0,0,2,2378,3,405,3,808
322770,Reconnecting,0,0,0,0,0,0,2,2378,3,405,3,808
323015,Reconnecting,0,0,0,0,0,0,2,2381,3,405,3,808
323262,Reconnecting,0,0,0,0,0,0,2,2381,3,405,3,808
323509,Reconnecting,0,0,0,0,0,0,2,2384,2,405,2,808
323757,Reconnecting,0,0,0,0,0,0,2,2386,4,405,4,808
324005,Reconnecting,0,0,0,0,0,0,2,2386,4,405,4,808
324255,Reconnecting,0,0,0,0,0,0,2,2389,2,405,2,808
324504,Reconnecting,0,0,0,0,0,0,2,2392,3,405,3,808
324754,Reconnecting,0,0,0,0,0,0,2,2392,3,405,3,808
325003,Reconnecting,0,0,0,0,0,0,2,2395,3,405,3,808
325250,Reconnecting,0,0,0,0,0,0,2,2395,3,405,3,808
325502,Reconnecting,0,0,0,0,0,0,2,2398,3,405,3,808
325810,Reconnecting,0,0,0,0,0,0,2,2401,2,405,2,808
326058,Reconnecting,0,0,0,0,0,0,2,2401,2,405,2,808
326308,Reconnecting,0,0,0,0,0,0,2,2404,3,405,3,808
326555,Reconnecting,0,0,0,0,0,0,2,2407,3,405,3,808
326805,Reconnecting,0,0,0,0,0,0,2,2407,3,405,3,808
327053,Reconnecting,0,0,0,0,0,0,2,2410,3,405,3,808
327302,Reconnecting,0,0,0,0,0,0,2,2412,0,405,0,808
327552,Reconnecting,0,0,0,0,0,0,2,2413,166,405,166,808
327801,Reconnecting,0,0,0,0,0,0,2,2416,2,405,2,808
328047,Reconnecting,0,0,0,0,0,0,2,2416,2,405,2,808
328297,Reconnecting,0,0,0,0,0,0,2,2419,3,405,3,808
328546,Reconnecting,0,0,0,0,0,0,2,2422,3,405,3,808
328792,Reconnecting,0,0,0,0,0,0,2,2422,3,405,3,808
329041,Reconnecting,0,0,0,0,0,0,2,2425,3,405,3,808
329288,Reconnecting,0,0,0,0,0,0,2,2428,2,405,2,808
329536,Reconnecting,0,0,0,0,0,0,2,2428,2,405,2,808
329782,Reconnecting,0,0,0,0,0,0,2,2431,2,405,2,808
330032,Reconnecting,0,0,0,0,0,0,2,2431,2,405,2,808
330280,Reconnecting,0,0,0,0,0,0,2,2434,3,405,3,808
330528,Reconnecting,0,0,0,0,0,0,2,2437,2,405,2,808
330776,Reconnecting,0,0,0,0,0,0,2,2437,2,405,2,808
331024,Reconnecting,0,0,0,0,0,0,2,2440,3,405,3,808
331271,Reconnecting,0,0,0,0,0,0,2,2443,3,405,3,808
331520,Reconnecting,0,0,0,0,0,0,2,2443,3,405,3,808
331767,Reconnecting,0,0,0,0,0,0,2,2446,3,405,3,808
332015,Reconnecting,0,0,0,0,0,0,2,2446,3,405,3,808
332264,Reconnecting,0,0,0,0,0,0,2,2449,2,405,2,808
332513,Reconnecting,0,0,0,0,0,0,2,2451,2,405,2,808
332762,Reconnecting,0,0,0,0,0,0,2,2451,2,405,2,808
333008,Reconnecting,0,0,0,0,0,0,2,2454,4,405,4,808
333258,Reconnecting,0,0,0,0,0,0,2,2454,4,405,4,808
333507,Reconnecting,0,0,0,0,0,0,2,2457,3,405,3,808
333755,Reconnecting,0,0,0,0,0,0,2,2460,3,405,3,808
334002,Reconnecting,0,0,0,0,0,0,2,2460,3,405,3,808
334255,Reconnecting,0,0,0,0,0,0,2,2463,1,405,1,808
334503,Reconnecting,0,0,0,0,0,0,2,2466,2,405,2,808
334751,Reconnecting,0,0,0,0,0,0,2,2466,2,405,2,808
335007,Reconnecting,0,0,0,0,0,0,2,2469,3,405,3,808
335311,Reconnecting,0,0,0,0,0,0,2,2472,3,405,3,808
335560,Reconnecting,0,0,0,0,0,0,2,2472,3,405,3,808
335807,Reconnecting,0,0,0,0,0,0,2,2475,1,405,1,808
336000,Reconnecting,0,0,0,0,0,0,2,2475,1,405,1,808
336303,Reconnecting,0,0,0,0,0,0,2,2478,5,405,5,808
336550,Reconnecting,0,0,0,0,0,0,2,2481,3,405,3,808
336797,Reconnecting,0,0,0,0,0,0,2,2481,3,405,3,808
337047,Reconnecting,0,0,0,0,0,0,2,2484,3,405,3,808
337296,Reconnecting,0,0,0,0,0,0,2,2487,1,405,1,808
337545,Reconnecting,0,0,0,0,0,0,2,2487,1,405,1,808
337794,Reconnecting,0,0,0,0,0,0,2,2490,3,405,3,808
338042,Reconnecting,0,0,0,0,0,0,2,2490,3,405,3,808
338291,Reconnecting,0,0,0,0,0,0,2,2493,3,405,3,808
338541,Reconnecting,0,0,0,0,0,0,2,2496,3,405,3,808
338790,Reconnecting,0,0,0,0,0,0,2,2496,3,405,3,808
339038,Reconnecting,0,0,0,0,0,0,2,2499,3,405,3,808
339287,Reconnecting,0,0,0,0,0,0,2,2502,3,405,3,808
339535,Reconnecting,0,0,0,0,0,0,2,2502,3,405,3,808
339785,Reconnecting,0,0,0,0,0,0,2,2505,3,405,3,808
340036,Reconnecting,0,0,0,0,0,0,2,2505,3,405,3,808
340282,Reconnecting,0,0,0,0,0,0,2,2508,3,405,3,808
340532,Reconnecting,0,0,0,0,0,0,2,2511,3,405,3,808
340780,Reconnecting,0,0,0,0,0,0,2,2511,3,405,3,808
341029,Reconnecting,0,0,0,0,0,0,2,2514,2,405,2,808
341275,Reconnecting,0,0,0,0,0,0,2,2517,3,405,3,808
341524,Reconnecting,0,0,0,0,0,0,2,2517,3,405,3,808
341773,Reconnecting,0,0,0,0,0,0,2,2520,3,405,3,808
342023,Reconnecting,0,0,0,0,0,0,2,2520,3,405,3,808
342272,Reconnecting,0,0,0,0,0,0,2,2523,3,405,3,808
342521,Reconnecting,0,0,0,0,0,0,2,2526,3,405,3,808
342767,Reconnecting,0,0,0,0,0,0,2,2526,3,405,3,808
343017,Reconnecting,0,0,0,0,0,0,2,2529,2,405,2,808
343265,Reconnecting,0,0,0,0,0,0,2,2532,3,405,3,808
343515,Reconnecting,0,0,0,0,0,0,2,2532,3,405,3,808
343762,Reconnecting,0,0,0,0,0,0,2,2535,3,405,3,808
344011,Reconnecting,0,0,0,0,0,0,2,2535,3,405,3,808
344259,Reconnecting,0,0,0,0,0,0,2,2538,3,405,3,808
344511,Reconnecting,0,0,0,0,0,0,2,2541,2,405,2,808
344758,Reconnecting,0,0,0,0,0,0,2,2541,2,405,2,808
345009,Reconnecting,0,0,0,0,0,0,2,2544,3,405,3,808
345256,Reconnecting,0,0,0,0,0,0,2,2546,2,405,2,808
345507,Reconnecting,0,0,0,0,0,0,2,2547,2,405,2,808
345754,Reconnecting,0,0,0,0,0,0,2,2550,3,405,3,808
346003,Reconnecting,0,0,0,0,0,0,2,2550,3,405,3,808
346252,Reconnecting,0,0,0,0,0,0,2,2553,3,405,3,808
346500,Reconnecting,0,0,0,0,0,0,2,2555,3,405,3,808
346751,Reconnecting,0,0,0,0,0,0,2,2555,3,405,3,808
347061,Reconnecting,0,0,0,0,0,0,2,2558,1,405,1,808
347309,Reconnecting,0,0,0,0,0,0,2,2560,3,405,3,808
347559,Reconnecting,0,0,0,0,0,0,2,2560,3,405,3,808
347808,Reconnecting,0,0,0,0,0,0,2,2563,3,405,3,808
348056,Reconnecting,0,0,0,0,0,0,2,2566,3,405,3,808
348301,Reconnecting,0,0,0,0,0,0,2,2566,3,405,3,808
348550,Reconnecting,0,0,0,0,0,0,2,2569,3,405,3,808
348798,Reconnecting,0,0,0,0,0,0,2,2569,3,405,3,808
349048,Reconnecting,0,0,0,0,0,0,2,2572,1,405,1,808
349296,Reconnecting,0,0,0,0,0,0,2,2574,1,405,1,808
349545,Reconnecting,0,0,0,0,0,0,2,2575,165,405,165,808
349792,Reconnecting,0,0,0,0,0,0,2,2578,3,405,3,808
350044,Reconnecting,0,0,0,0,0,0,2,2578,3,405,3,808
350294,Reconnecting,0,0,0,0,0,0,2,2581,3,405,3,808
350542,Reconnecting,0,0,0,0,0,0,2,2584,2,405,2,808
350791,Reconnecting,0,0,0,0,0,0,2,2584,2,405,2,808
351043,Reconnecting,0,0,0,0,0,0,2,2587,3,405,3,808
351292,Reconnecting,0,0,0,0,0,0,2,2590,3,405,3,808
351542,Reconnecting,0,0,0,0,0,0,2,2590,3,405,3,808
351789,Reconnecting,0,0,0,0,0,0,2,2593,3,405,3,808
352036,Reconnecting,0,0,0,0,0,0,2,2593,3,405,3,808
352283,Reconnecting,0,0,0,0,0,0,2,2596,2,405,2,808
352531,Reconnecting,0,0,0,0,0,0,2,2599,3,405,3,808
352780,Reconnecting,0,0,0,0,0,0,2,2599,3,405,3,808
353029,Reconnecting,0,0,0,0,0,0,2,2602,4,405,4,808
353279,Reconnecting,0,0,0,0,0,0,2,2605,3,405,3,808
353530,Reconnecting,0,0,0,0,0,0,2,2605,3,405,3,808
353779,Reconnecting,0,0,0,0,0,0,2,2608,3,405,3,808
354026,Reconnecting,0,0,0,0,0,0,2,2608,3,405,3,808
354273,Reconnecting,0,0,0,0,0,0,2,2611,3,405,3,808
354521,Reconnecting,0,0,0,0,0,0,2,2614,3,405,3,808
354773,Reconnecting,0,0,0,0,0,0,2,2614,3,405,3,808
355024,Reconnecting,0,0,0,0,0,0,2,2617,2,405,2,808
355274,Reconnecting,0,0,0,0,0,0,2,2620,1,405,1,808
355523,Reconnecting,0,0,0,0,0,0,2,2620,1,405,1,808
355771,Reconnecting,0,0,0,0,0,0,2,2623,1,405,1,808
356019,Reconnecting,0,0,0,0,0,0,2,2623,1,405,1,808
356268,Reconnecting,0,0,0,0,0,0,2,2626,3,405,3,808
356517,Reconnecting,0,0,0,0,0,0,2,2629,2,405,2,808
356765,Reconnecting,0,0,0,0,0,0,2,2629,2,405,2,808
357016,Reconnecting,0,0,0,0,0,0,2,2632,3,405,3,808
357265,Reconnecting,0,0,0,0,0,0,2,2635,3,405,3,808
357511,Reconnecting,0,0,0,0,0,0,2,2635,3,405,3,808
357758,Reconnecting,0,0,0,0,0,0,2,2638,3,405,3,808
358006,Reconnecting,0,0,0,0,0,0,2,2638,3,405,3,808
358255,Reconnecting,0,0,0,0,0,0,2,2641,3,405,3,808
358503,Reconnecting,0,0,0,0,0,0,2,2644,3,405,3,808
358750,Reconnecting,0,0,0,0,0,0,2,2644,3,405,3,808
359058,Reconnecting,0,0,0,0,0,0,2,2647,3,405,3,808
359307,Reconnecting,0,0,0,0,0,0,2,2650,2,405,2,808
359556,Reconnecting,0,0,0,0,0,0,2,2650,2,405,2,808
359807,Reconnecting,0,0,0,0,0,0,2,2652,3,405,3,808
360057,Reconnecting,0,0,0,0,0,0,2,2655,3,405,3,808
360305,Reconnecting,0,0,0,0,0,0,2,2655,3,405,3,808
360553,Reconnecting,0,0,0,0,0,0,2,2658,3,405,3,808
360803,Reconnecting,0,0,0,0,0,0,2,2658,3,405,3,808
361048,Reconnecting,0,0,0,0,0,0,2,2661,2,405,2,808
361298,Reconnecting,0,0,0,0,0,0,2,2664,3,405,3,808
361549,Reconnecting,0,0,0,0,0,0,2,2664,3,405,3,808
361797,Reconnecting,0,0,0,0,0,0,2,2667,4,405,4,808
362046,Reconnecting,0,0,0,0,0,0,2,2670,3,405,3,808
362297,Reconnecting,0,0,0,0,0,0,2,2670,3,405,3,808
362546,Reconnecting,0,0,0,0,0,0,2,2673,3,405,3,808
362798,Reconnecting,0,0,0,0,0,0,2,2673,3,405,3,808
363048,Reconnecting,0,0,0,0,0,0,2,2676,3,405,3,808
363295,Reconnecting,0,0,0,0,0,0,2,2679,3,405,3,808
363542,Reconnecting,0,0,0,0,0,0,2,2679,3,405,3,808
363789,Reconnecting,0,0,0,0,0,0,2,2682,3,405,3,808
364041,Reconnecting,0,0,0,0,0,0,2,2685,3,405,3,808
364290,Reconnecting,0,0,0,0,0,0,2,2685,3,405,3,808
364536,Reconnecting,0,0,0,0,0,0,2,2687,3,405,3,808
364784,Reconnecting,0,0,0,0,0,0,2,2687,3,405,3,808
365032,Reconnecting,0,0,0,0,0,0,2,2690,2,405,2,808
365279,Reconnecting,0,0,0,0,0,0,2,2693,3,405,3,808
365529,Reconnecting,0,0,0,0,0,0,2,2693,3,405,3,808
365778,Reconnecting,0,0,0,0,0,0,2,2696,3,405,3,808
366028,Reconnecting,0,0,0,0,0,0,2,2696,3,405,3,808
366275,Reconnecting,0,0,0,0,0,0,2,2699,3,405,3,808
366523,Reconnecting,0,0,0,0,0,0,2,2702,3,405,3,808
366771,Reconnecting,0,0,0,0,0,0,2,2702,3,405,3,808
367021,Reconnecting,0,0,0,0,0,0,2,2705,2,405,3,808
367267,Reconnecting,0,0,0,0,0,0,2,2708,3,405,3,808
367516,Reconnecting,0,0,0,0,0,0,2,2708,3,405,3,808
367765,Reconnecting,0,0,0,0,0,0,2,2711,3,405,3,808
368015,Reconnecting,0,0,0,0,0,0,2,2711,3,405,3,808
368267,Reconnecting,0,0,0,0,0,0,2,2714,1,405,1,808
368515,Reconnecting,0,0,0,0,0,0,2,2717,3,405,3,808
368765,Reconnecting,0,0,0,0,0,0,2,2717,3,405,3,808
369014,Reconnecting,0,0,0,0,0,0,2,2720,2,405,2,808
369262,Reconnecting,0,0,0,0,0,0,2,2723,3,405,3,808
369511,Reconnecting,0,0,0,0,0,0,2,2723,3,405,3,808
369756,Reconnecting,0,0,0,0,0,0,2,2726,3,405,3,808
370009,Reconnecting,0,0,0,0,0,0,2,2726,3,405,3,808
370257,Reconnecting,0,0,0,0,0,0,2,2729,4,405,4,808
370507,Reconnecting,0,0,0,0,0,0,2,2732,4,405,4,808
370764,Reconnecting,0,0,0,0,0,0,2,2732,4,405,4,808
371006,Reconnecting,0,0,0,0,0,0,2,2735,3,405,3,808
371254,Reconnecting,0,0,0,0,0,0,2,2738,3,405,3,808
371505,Reconnecting,0,0,0,0,0,0,2,2738,3,405,3,808
371753,Reconnecting,0,0,0,0,0,0,2,2740,2,405,2,808
372037,Reconnecting,0,0,0,0,0,0,2,2742,235,405,235,808
372282,Reconnecting,0,0,0,0,0,0,2,2744,0,405,0,808
372500,Reconnecting,0,0,0,0,0,0,2,2746,54,405,54,808
372815,Reconnecting,0,0,0,0,0,0,2,2746,54,405,54,808
373000,Reconnecting,0,0,0,0,0,0,2,2748,0,405,0,808
373311,Reconnecting,0,0,0,0,0,0,2,2751,3,405,3,808
373559,Reconnecting,0,0,0,0,0,0,2,2751,3,405,3,808
373807,Reconnecting,0,0,0,0,0,0,2,2754,3,405,3,808
374058,Reconnecting,0,0,0,0,0,0,2,2757,3,405,3,808
374307,Reconnecting,0,0,0,0,0,0,2,2757,3,405,3,808
374556,Reconnecting,0,0,0,0,0,0,2,2760,3,405,3,808
374804,Reconnecting,0,0,0,0,0,0,2,2760,3,405,3,808
375055,Reconnecting,0,0,0,0,0,0,2,2763,1,405,1,808
375304,Reconnecting,0,0,0,0,0,0,2,2766,2,405,2,808
375553,Reconnecting,0,0,0,0,0,0,2,2766,2,405,2,808
375803,Reconnecting,0,0,0,0,0,0,2,2769,4,405,4,808
376050,Reconnecting,0,0,0,0,0,0,2,2772,3,405,3,808
376298,Reconnecting,0,0,0,0,0,0,2,2772,3,405,3,808
376544,Reconnecting,0,0,0,0,0,0,2,2775,3,405,3,808
376793,Reconnecting,0,0,0,0,0,0,2,2775,3,405,3,808
377041,Reconnecting,0,0,0,0,0,0,2,2778,3,405,3,808
377289,Reconnecting,0,0,0,0,0,0,2,2781,3,405,3,808
377536,Reconnecting,0,0,0,0,0,0,2,2781,3,405,3,808
377784,Reconnecting,0,0,0,0,0,0,2,2784,3,405,3,808
378033,Reconnecting,0,0,0,0,0,0,2,2787,2,405,2,808
378283,Reconnecting,0,0,0,0,0,0,2,2787,2,405,2,808
378534,Reconnecting,0,0,0,0,0,0,2,2790,3,405,3,808
378784,Reconnecting,0,0,0,0,0,0,2,2790,3,405,3,808
379034,Reconnecting,0,0,0,0,0,0,2,2793,3,405,3,808
379282,Reconnecting,0,0,0,0,0,0,2,2796,3,405,3,808
379532,Reconnecting,0,0,0,0,0,0,2,2796,3,405,3,808
379780,Reconnecting,0,0,0,0,0,0,2,2799,3,405,3,808
380027,Reconnecting,0,0,0,0,0,0,2,2800,397,405,397,808
380277,Reconnecting,0,0,0,0,0,0,2,2802,3,405,3,808
380524,Reconnecting,0,0,0,0,0,0,2,2805,2,405,2,808
380772,Reconnecting,0,0,0,0,0,0,2,2805,2,405,2,808
381020,Reconnecting,0,0,0,0,0,0,2,2808,3,405,3,808
381273,Reconnecting,0,0,0,0,0,0,2,2811,3,405,3,808
381520,Reconnecting,0,0,0,0,0,0,2,2811,3,405,3,808
381771,Reconnecting,0,0,0,0,0,0,2,2814,3,405,3,808
382020,Reconnecting,0,0,0,0,0,0,2,2815,395,405,395,808
382269,Reconnecting,0,0,0,0,0,0,2,2817,2,405,2,808
382518,Reconnecting,0,0,0,0,0,0,2,2820,3,405,3,808
382765,Reconnecting,0,0,0,0,0,0,2,2820,3,405,3,808
383016,Reconnecting,0,0,0,0,0,0,2,2823,3,405,3,808
383262,Reconnecting,0,0,0,0,0,0,2,2825,3,405,3,808
383511,Reconnecting,0,0,0,0,0,0,2,2825,3,405,3,808
383760,Reconnecting,0,0,0,0,0,0,2,2827,1,405,1,808
384006,Reconnecting,0,0,0,0,0,0,2,2828,167,405,167,808
384256,Reconnecting,0,0,0,0,0,0,2,2831,2,405,2,808
384504,Reconnecting,0,0,0,0,0,0,2,2834,3,405,3,808
384753,Reconnecting,0,0,0,0,0,0,2,2834,3,405,3,808
385004,Reconnecting,0,0,0,0,0,0,2,2837,3,405,3,808
385253,Reconnecting,0,0,0,0,0,0,2,2840,2,405,2,808
385502,Reconnecting,0,0,0,0,0,0,2,2840,2,405,2,808
385750,Reconnecting,0,0,0,0,0,0,2,2843,3,405,3,808
386061,Reconnecting,0,0,0,0,0,0,2,2846,3,405,3,808
386310,Reconnecting,0,0,0,0,0,0,2,2846,3,405,3,808
386559,Reconnecting,0,0,0,0,0,0,2,2849,1,405,1,808
386808,Reconnecting,0,0,0,0,0,0,2,2849,1,405,1,808
387056,Reconnecting,0,0,0,0,0,0,2,2852,3,405,3,808
387306,Reconnecting,0,0,0,0,0,0,2,2855,3,405,3,808
387554,Reconnecting,0,0,0,0,0,0,2,2855,3,405,3,808
387802,Reconnecting,0,0,0,0,0,0,2,2858,3,405,3,808
388051,Reconnecting,0,0,0,0,0,0,2,2861,1,405,1,808
388298,Reconnecting,0,0,0,0,0,0,2,2861,1,405,1,808
388549,Reconnecting,0,0,0,0,0,0,2,2864,3,405,3,808
388798,Reconnecting,0,0,0,0,0,0,2,2864,3,405,3,808
389046,Reconnecting,0,0,0,0,0,0,2,2867,3,405,3,808
389295,Reconnecting,0,0,0,0,0,0,2,2870,3,405,3,808
389541,Reconnecting,0,0,0,0,0,0,2,2870,3,405,3,808
389789,Reconnecting,0,0,0,0,0,0,2,2873,2,405,2,808
390037,Reconnecting,0,0,0,0,0,0,2,2876,3,405,3,808
390285,Reconnecting,0,0,0,0,0,0,2,2876,3,405,3,808
390535,Reconnecting,0,0,0,0,0,0,2,2879,3,405,3,808
390785,Reconnecting,0,0,0,0,0,0,2,2879,3,405,3,808
391033,Reconnecting,0,0,0,0,0,0,2,2882,3,405,3,808
391283,Reconnecting,0,0,0,0,0,0,2,2885,2,405,2,808
391532,Reconnecting,0,0,0,0,0,0,2,2885,2,405,2,808
391782,Reconnecting,0,0,0,0,0,0,2,2888,3,405,3,808
392030,Reconnecting,0,0,0,0,0,0,2,2891,2,405,2,808
392280,Reconnecting,0,0,0,0,0,0,2,2891,2,405,2,808
392528,Reconnecting,0,0,0,0,0,0,2,2894,3,405,3,808
392779,Reconnecting,0,0,0,0,0,0,2,2894,3,405,3,808
393027,Reconnecting,0,0,0,0,0,0,2,2897,2,405,2,808
393275,Reconnecting,0,0,0,0,0,0,2,2900,6,405,6,808
393523,Reconnecting,0,0,0,0,0,0,2,2900,6,405,6,808
393771,Reconnecting,0,0,0,0,0,0,2,2903,3,405,3,808
394018,Reconnecting,0,0,0,0,0,0,2,2906,3,405,3,808
394268,Reconnecting,0,0,0,0,0,0,2,2906,3,405,3,808
394516,Reconnecting,0,0,0,0,0,0,2,2909,3,405,3,808
394766,Reconnecting,0,0,0,0,0,0,2,2909,3,405,3,808
395017,Reconnecting,0,0,0,0,0,0,2,2912,3,405,3,808
395264,Reconnecting,0,0,0,0,0,0,2,2915,3,405,3,808
395513,Reconnecting,0,0,0,0,0,0,2,2915,3,405,3,808
395762,Reconnecting,0,0,0,0,0,0,2,2918,3,405,3,808
396011,Reconnecting,0,0,0,0,0,0,2,2921,3,405,3,808
396262,Reconnecting,0,0,0,0,0,0,2,2921,3,405,3,808
396511,Reconnecting,0,0,0,0,0,0,2,2924,4,405,4,808
396760,Reconnecting,0,0,0,0,0,0,2,2924,4,405,4,808
397009,Reconnecting,0,0,0,0,0,0,2,2927,3,405,3,808
397254,Reconnecting,0,0,0,0,0,0,2,2930,3,405,3,808
397502,Reconnecting,0,0,0,0,0,0,2,2930,3,405,3,808
397750,Reconnecting,0,0,0,0,0,0,2,2933,3,405,3,808
398061,Reconnecting,0,0,0,0,0,0,2,2936,3,405,3,808
398310,Reconnecting,0,0,0,0,0,0,2,2936,3,405,3,808
398557,Reconnecting,0,0,0,0,0,0,2,2938,0,405,0,808
398807,Reconnecting,0,0,0,0,0,0,2,2940,2,405,2,808
399056,Reconnecting,0,0,0,0,0,0,2,2941,2,405,2,808
399304,Reconnecting,0,0,0,0,0,0,2,2944,3,405,3,808
399552,Reconnecting,0,0,0,0,0,0,2,2944,3,405,3,808
399803,Reconnecting,0,0,0,0,0,0,2,2947,1,405,1,808
400054,Reconnecting,0,0,0,0,0,0,2,2950,3,405,3,808
400303,Reconnecting,0,0,0,0,0,0,2,2950,3,405,3,808
400554,Reconnecting,0,0,0,0,0,0,2,2953,3,405,3,808
400803,Reconnecting,0,0,0,0,0,0,2,2954,393,405,393,808
401052,Reconnecting,0,0,0,0,0,0,2,2956,3,405,3,808
401302,Reconnecting,0,0,0,0,0,0,2,2958,1,405,1,808
401552,Reconnecting,0,0,0,0,0,0,2,2959,164,405,164,808
401800,Reconnecting,0,0,0,0,0,0,2,2962,1,405,1,808
402049,Reconnecting,0,0,0,0,0,0,2,2965,3,405,3,808
402298,Reconnecting,0,0,0,0,0,0,2,2965,3,405,3,808
402547,Reconnecting,0,0,0,0,0,0,2,2967,2,405,2,808
402794,Reconnecting,0,0,0,0,0,0,2,2967,2,405,2,808
403044,Reconnecting,0,0,0,0,0,0,2,2970,2,405,2,808
403292,Reconnecting,0,0,0,0,0,0,2,2973,3,405,3,808
403542,Reconnecting,0,0,0,0,0,0,2,2973,3,405,3,808
403791,Reconnecting,0,0,0,0,0,0,2,2976,3,405,3,808
404041,Reconnecting,0,0,0,0,0,0,2,2979,3,405,3,808
404292,Reconnecting,0,0,0,0,0,0,2,2979,3,405,3,808
404540,Reconnecting,0,0,0,0,0,0,2,2982,1,405,1,808
404790,Reconnecting,0,0,0,0,0,0,2,2982,1,405,1,808
405038,Reconnecting,0,0,0,0,0,0,2,2985,3,405,3,808
405286,Reconnecting,0,0,0,0,0,0,2,2988,3,405,3,808
405537,Reconnecting,0,0,0,0,0,0,2,2988,3,405,3,808
405787,Reconnecting,0,0,0,0,0,0,2,2991,2,405,2,808
406036,Reconnecting,0,0,0,0,0,0,2,2994,3,405,3,808
406285,Reconnecting,0,0,0,0,0,0,2,2994,3,405,3,808
406534,Reconnecting,0,0,0,0,0,0,2,2997,3,405,3,808
406785,Reconnecting,0,0,0,0,0,0,2,2997,3,405,3,808
407032,Reconnecting,0,0,0,0,0,0,2,2999,4,405,4,808
407281,Reconnecting,0,0,0,0,0,0,2,3002,3,405,3,808
407531,Reconnecting,0,0,0,0,0,0,2,3002,3,405,3,808
407779,Reconnecting,0,0,0,0,0,0,2,3005,3,405,3,808
408027,Reconnecting,0,0,0,0,0,0,2,3008,3,405,3,808
408277,Reconnecting,0,0,0,0,0,0,2,3008,3,405,3,808
408527,Reconnecting,0,0,0,0,0,0,2,3011,2,405,2,808
408773,Reconnecting,0,0,0,0,0,0,2,3011,2,405,2,808
409021,Reconnecting,0,0,0,0,0,0,2,3014,3,405,3,808
409271,Reconnecting,0,0,0,0,0,0,2,3017,2,405,2,808
409523,Reconnecting,0,0,0,0,0,0,2,3017,2,405,2,808
409771,Reconnecting,0,0,0,0,0,0,2,3020,3,405,3,808
410020,Reconnecting,0,0,0,0,0,0,2,3023,3,405,3,808
410269,Reconnecting,0,0,0,0,0,0,2,3023,3,405,3,808
410518,Reconnecting,0,0,0,0,0,0,2,3025,1,405,1,808
410768,Reconnecting,0,0,0,0,0,0,2,3025,1,405,1,808
411018,Reconnecting,0,0,0,0,0,0,2,3028,3,405,3,808
411270,Reconnecting,0,0,0,0,0,0,2,3031,2,405,2,808
411516,Reconnecting,0,0,0,0,0,0,2,3031,2,405,2,808
411764,Reconnecting,0,0,0,0,0,0,2,3034,3,405,3,808
412012,Reconnecting,0,0,0,0,0,0,2,3037,3,405,3,808
412259,Reconnecting,0,0,0,0,0,0,2,3037,3,405,3,808
412510,Reconnecting,0,0,0,0,0,0,2,3040,2,405,2,808
412759,Reconnecting,0,0,0,0,0,0,2,3040,2,405,2,808
413008,Reconnecting,0,0,0,0,0,0,2,3043,2,405,2,808
413256,Reconnecting,0,0,0,0,0,0,2,3046,2,405,2,808
413504,Reconnecting,0,0,0,0,0,0,2,3046,2,405,2,808
413752,Reconnecting,0,0,0,0,0,0,2,3049,3,405,3,808
414002,Reconnecting,0,0,0,0,0,0,2,3052,3,405,3,808
414250,Reconnecting,0,0,0,0,0,0,2,3052,3,405,3,808
414558,Reconnecting,0,0,0,0,0,0,2,3055,3,405,3,808
414808,Reconnecting,0,0,0,0,0,0,2,3057,2,405,2,808
415057,Reconnecting,0,0,0,0,0,0,2,3057,2,405,2,808
415304,Reconnecting,0,0,0,0,0,0,2,3060,3,405,3,808
415553,Reconnecting,0,0,0,0,0,0,2,3060,3,405,3,808
415801,Reconnecting,0,0,0,0,0,0,2,3063,5,405,5,808
416048,Reconnecting,0,0,0,0,0,0,2,3066,3,405,3,808
416297,Reconnecting,0,0,0,0,0,0,2,3066,3,405,3,808
416546,Reconnecting,0,0,0,0,0,0,2,3069,3,405,3,808
416794,Reconnecting,0,0,0,0,0,0,2,3072,2,405,2,808
417042,Reconnecting,0,0,0,0,0,0,2,3072,2,405,2,808
417293,Reconnecting,0,0,0,0,0,0,2,3074,1,405,1,808
417541,Reconnecting,0,0,0,0,0,0,2,3075,166,405,166,808
417791,Reconnecting,0,0,0,0,0,0,2,3078,2,405,2,808
418041,Reconnecting,0,0,0,0,0,0,2,3081,3,405,3,808
418291,Reconnecting,0,0,0,0,0,0,2,3081,3,405,3,808
418538,Reconnecting,0,0,0,0,0,0,2,3084,3,405,3,808
418788,Reconnecting,0,0,0,0,0,0,2,3087,1,405,1,808
419036,Reconnecting,0,0,0,0,0,0,2,3087,1,405,1,808
419285,Reconnecting,0,0,0,0,0,0,2,3090,3,405,3,808
419534,Reconnecting,0,0,0,0,0,0,2,3090,3,405,3,808
419783,Reconnecting,0,0,0,0,0,0,2,3093,3,405,3,808
420033,Reconnecting,0,0,0,0,0,0,2,3096,3,405,3,808
420282,Reconnecting,0,0,0,0,0,0,2,3096,3,405,3,808
420531,Reconnecting,0,0,0,0,0,0,2,3099,3,405,3,808
420780,Reconnecting,0,0,0,0,0,0,2,3099,3,405,3,808
421028,Reconnecting,0,0,0,0,0,0,2,3102,3,405,3,808
421277,Reconnecting,0,0,0,0,0,0,2,3105,1,405,1,808
421527,Reconnecting,0,0,0,0,0,0,2,3105,1,405,1,808
421777,Reconnecting,0,0,0,0,0,0,2,3108,2,405,2,808
422027,Reconnecting,0,0,0,0,0,0,2,3111,3,405,3,808
422276,Reconnecting,0,0,0,0,0,0,2,3111,3,405,3,808
422525,Reconnecting,0,0,0,0,0,0,2,3114,3,405,3,808
422774,Reconnecting,0,0,0,0,0,0,2,3114,3,405,3,808
423027,Reconnecting,0,0,0,0,0,0,2,3117,3,405,3,808
423277,Reconnecting,0,0,0,0,0,0,2,3120,2,405,2,808
423526,Reconnecting,0,0,0,0,0,0,2,3120,2,405,2,808
423778,Reconnecting,0,0,0,0,0,0,2,3123,3,405,3,808
424029,Reconnecting,0,0,0,0,0,0,2,3126,2,405,2,808
424277,Reconnecting,0,0,0,0,0,0,2,3126,2,405,2,808
424525,Reconnecting,0,0,0,0,0,0,2,3129,3,405,3,808
424777,Reconnecting,0,0,0,0,0,0,2,3131,1,405,1,808
425025,Reconnecting,0,0,0,0,0,0,2,3132,3,405,3,808
425274,Reconnecting,0,0,0,0,0,0,2,3135,3,405,3,808
425522,Reconnecting,0,0,0,0,0,0,2,3135,3,405,3,808
425771,Reconnecting,0,0,0,0,0,0,2,3138,3,405,3,808
426019,Reconnecting,0,0,0,0,0,0,2,3140,3,405,3,808
426266,Reconnecting,0,0,0,0,0,0,2,3140,3,405,3,808
426514,Reconnecting,0,0,0,0,0,0,2,3143,2,405,2,808
426764,Reconnecting,0,0,0,0,0,0,2,3143,2,405,2,808
427012,Reconnecting,0,0,0,0,0,0,2,3146,2,405,2,808
427259,Reconnecting,0,0,0,0,0,0,2,3149,3,405,3,808
427509,Reconnecting,0,0,0,0,0,0,2,3149,3,405,3,808
427758,Reconnecting,0,0,0,0,0,0,2,3152,3,405,3,808
428007,Reconnecting,0,0,0,0,0,0,2,3155,3,405,3,808
428258,Reconnecting,0,0,0,0,0,0,2,3155,3,405,3,808
428507,Reconnecting,0,0,0,0,0,0,2,3158,3,405,3,808
428756,Reconnecting,0,0,0,0,0,0,2,3158,3,405,3,808
429006,Reconnecting,0,0,0,0,0,0,2,3161,0,405,0,808
429255,Reconnecting,0,0,0,0,0,0,2,3164,3,405,3,808
429504,Reconnecting,0,0,0,0,0,0,2,3164,3,405,3,808
429752,Reconnecting,0,0,0,0,0,0,2,3167,3,405,3,808
430001,Reconnecting,0,0,0,0,0,0,2,3170,2,405,2,808
430311,Reconnecting,0,0,0,0,0,0,2,3170,2,405,2,808
430561,Reconnecting,0,0,0,0,0,0,2,3173,3,405,3,808
430811,Reconnecting,0,0,0,0,0,0,2,3176,3,405,3,808
431061,Reconnecting,0,0,0,0,0,0,2,3176,3,405,3,808
431309,Reconnecting,0,0,0,0,0,0,2,3179,3,405,3,808
431556,Reconnecting,0,0,0,0,0,0,2,3179,3,405,3,808
431805,Reconnecting,0,0,0,0,0,0,2,3182,3,405,3,808
432055,Reconnecting,0,0,0,0,0,0,2,3185,3,405,3,808
432303,Reconnecting,0,0,0,0,0,0,2,3185,3,405,3,808
432554,Reconnecting,0,0,0,0,0,0,2,3188,3,405,3,808
432804,Reconnecting,0,0,0,0,0,0,2,3191,3,405,3,808
433053,Reconnecting,0,0,0,0,0,0,2,3191,3,405,3,808
433302,Reconnecting,0,0,0,0,0,0,2,3193,3,405,3,808
433550,Reconnecting,0,0,0,0,0,0,2,3193,3,405,3,808
433799,Reconnecting,0,0,0,0,0,0,2,3196,1,405,1,808
434053,Reconnecting,0,0,0,0,0,0,2,3198,2,405,2,808
434298,Reconnecting,0,0,0,0,0,0,2,3198,2,405,2,808
434546,Reconnecting,0,0,0,0,0,0,2,3201,3,405,3,808
434782,Reconnecting,0,0,0,0,0,0,2,3204,1,405,1,808
435026,Reconnecting,0,0,0,0,0,0,2,3204,1,405,1,808
435277,Reconnecting,0,0,0,0,0,0,2,3207,3,405,3,808
435527,Reconnecting,0,0,0,0,0,0,2,3207,3,405,3,808
435776,Reconnecting,0,0,0,0,0,0,2,3210,3,405,3,808
436025,Reconnecting,0,0,0,0,0,0,2,3213,3,405,3,808
436274,Reconnecting,0,0,0,0,0,0,2,3213,3,405,3,808
436523,Reconnecting,0,0,0,0,0,0,2,3216,2,405,2,808
436772,Reconnecting,0,0,0,0,0,0,2,3219,3,405,3,808
437019,Reconnecting,0,0,0,0,0,0,2,3219,3,405,3,808
437269,Reconnecting,0,0,0,0,0,0,2,3222,3,405,3,808
437519,Reconnecting,0,0,0,0,0,0,2,3222,3,405,3,808
437769,Reconnecting,0,0,0,0,0,0,2,3225,3,405,3,808
438016,Reconnecting,0,0,0,0,0,0,2,3227,1,405,1,808
438264,Reconnecting,0,0,0,0,0,0,2,3228,164,405,164,808
438514,Reconnecting,0,0,0,0,0,0,2,3231,3,405,3,808
438763,Reconnecting,0,0,0,0,0,0,2,3233,1,405,1,808
439014,Reconnecting,0,0,0,0,0,0,2,3234,3,405,3,808
439259,Reconnecting,0,0,0,0,0,0,2,3237,2,405,2,808
439507,Reconnecting,0,0,0,0,0,0,2,3237,2,405,2,808
439754,Reconnecting,0,0,0,0,0,0,2,3240,1,405,1,808
440004,Reconnecting,0,0,0,0,0,0,2,3243,3,405,3,808
440254,Reconnecting,0,0,0,0,0,0,2,3243,3,405,3,808
440502,Reconnecting,0,0,0,0,0,0,2,3246,3,405,3,808
440814,Reconnecting,0,0,0,0,0,0,2,3249,3,405,3,808
441060,Reconnecting,0,0,0,0,0,0,2,3249,3,405,3,808
441308,Reconnecting,0,0,0,0,0,0,2,3252,4,405,4,808
441560,Reconnecting,0,0,0,0,0,0,2,3255,3,405,3,808
441809,Reconnecting,0,0,0,0,0,0,2,3255,3,405,3,808
442058,Reconnecting,0,0,0,0,0,0,2,3258,3,405,3,808
442306,Reconnecting,0,0,0,0,0,0,2,3258,3,405,3,808
442556,Reconnecting,0,0,0,0,0,0,2,3261,3,405,3,808
442804,Reconnecting,0,0,0,0,0,0,2,3264,3,405,3,808
443052,Reconnecting,0,0,0,0,0,0,2,3264,3,405,3,808
443302,Reconnecting,0,0,0,0,0,0,2,3267,3,405,3,808
443549,Reconnecting,0,0,0,0,0,0,2,3267,3,405,3,808
443795,Reconnecting,0,0,0,0,0,0,2,3270,3,405,3,808
444044,Reconnecting,0,0,0,0,0,0,2,3273,2,405,2,808
444290,Reconnecting,0,0,0,0,0,0,2,3273,2,405,2,808
444538,Reconnecting,0,0,0,0,0,0,2,3276,3,405,3,808
444786,Reconnecting,0,0,0,0,0,0,2,3279,3,405,3,808
445034,Reconnecting,0,0,0,0,0,0,2,3279,3,405,3,808
445282,Reconnecting,0,0,0,0,0,0,2,3282,3,405,3,808
445529,Reconnecting,0,0,0,0,0,0,2,3282,3,405,3,808
445775,Reconnecting,0,0,0,0,0,0,2,3285,3,405,3,808
446022,Reconnecting,0,0,0,0,0,0,2,3288,3,405,3,808
446270,Reconnecting,0,0,0,0,0,0,2,3288,3,405,3,808
446518,Reconnecting,0,0,0,0,0,0,2,3291,3,405,3,808
446764,Reconnecting,0,0,0,0,0,0,2,3293,0,405,0,808
447011,Reconnecting,0,0,0,0,0,0,2,3293,0,405,0,808
447262,Reconnecting,0,0,0,0,0,0,2,3296,3,405,3,808
447511,Reconnecting,0,0,0,0,0,0,2,3296,3,405,3,808
447761,Reconnecting,0,0,0,0,0,0,2,3299,3,405,3,808
448009,Reconnecting,0,0,0,0,0,0,2,3301,4,405,4,808
448258,Reconnecting,0,0,0,0,0,0,2,3301,4,405,4,808
448506,Reconnecting,0,0,0,0,0,0,2,3304,3,405,3,808
448755,Reconnecting,0,0,0,0,0,0,2,3307,3,405,3,808
449002,Reconnecting,0,0,0,0,0,0,2,3307,3,405,3,808
449253,Reconnecting,0,0,0,0,0,0,2,3310,3,405,3,808
449502,Reconnecting,0,0,0,0,0,0,2,3310,3,405,3,808
449750,Reconnecting,0,0,0,0,0,0,2,3313,3,405,3,808
450061,Reconnecting,0,0,0,0,0,0,2,3316,3,405,3,808
450310,Reconnecting,0,0,0,0,0,0,2,3316,3,405,3,808
450557,Reconnecting,0,0,0,0,0,0,2,3319,2,405,2,808
450808,Reconnecting,0,0,0,0,0,0,2,3322,1,405,1,808
451058,Reconnecting,0,0,0,0,0,0,2,3322,1,405,1,808
451252,Reconnecting,0,0,0,0,0,0,2,3325,3,405,3,808
451553,Reconnecting,0,0,0,0,0,0,2,3328,3,405,3,808
451803,Reconnecting,0,0,0,0,0,0,2,3328,3,405,3,808
452052,Reconnecting,0,0,0,0,0,0,2,3331,3,405,3,808
452300,Reconnecting,0,0,0,0,0,0,2,3331,3,405,3,808
452552,Reconnecting,0,0,0,0,0,0,2,3334,2,405,2,808
452802,Reconnecting,0,0,0,0,0,0,2,3337,3,405,3,808
453052,Reconnecting,0,0,0,0,0,0,2,3337,3,405,3,808
453300,Reconnecting,0,0,0,0,0,0,2,3339,2,405,2,808
453548,Reconnecting,0,0,0,0,0,0,2,3343,3,405,3,808
453796,Reconnecting,0,0,0,0,0,0,2,3343,3,405,3,808
454045,Reconnecting,0,0,0,0,0,0,2,3346,1,405,1,808
454298,Reconnecting,0,0,0,0,0,0,2,3346,1,405,1,808
454546,Reconnecting,0,0,0,0,0,0,2,3349,3,405,3,808
454794,Reconnecting,0,0,0,0,0,0,2,3352,3,405,3,808
455044,Reconnecting,0,0,0,0,0,0,2,3352,3,405,3,808
455290,Reconnecting,0,0,0,0,0,0,2,3355,3,405,3,808
455537,Reconnecting,0,0,0,0,0,0,2,3355,3,405,3,808
455786,Reconnecting,0,0,0,0,0,0,2,3358,3,405,3,808
456035,Reconnecting,0,0,0,0,0,0,2,3361,2,405,2,808
456282,Reconnecting,0,0,0,0,0,0,2,3361,2,405,2,808
456530,Reconnecting,0,0,0,0,0,0,2,3364,5,405,5,808
456779,Reconnecting,0,0,0,0,0,0,2,3367,3,405,3,808
457028,Reconnecting,0,0,0,0,0,0,2,3367,3,405,3,808
457278,Reconnecting,0,0,0,0,0,0,2,3370,5,405,5,808
457526,Reconnecting,0,0,0,0,0,0,2,3370,5,405,5,808
457774,Reconnecting,0,0,0,0,0,0,2,3373,3,405,3,808
458024,Reconnecting,0,0,0,0,0,0,2,3376,2,405,2,808
458274,Reconnecting,0,0,0,0,0,0,2,3376,2,405,2,808
458523,Reconnecting,0,0,0,0,0,0,2,3379,3,405,3,808
458774,Reconnecting,0,0,0,0,0,0,2,3382,3,405,3,808
459022,Reconnecting,0,0,0,0,0,0,2,3382,3,405,3,808
459271,Reconnecting,0,0,0,0,0,0,2,3385,3,405,3,808
459520,Reconnecting,0,0,0,0,0,0,2,3385,3,405,3,808
459768,Reconnecting,0,0,0,0,0,0,2,3388,2,405,2,808
460018,Reconnecting,0,0,0,0,0,0,2,3391,3,405,3,808
460267,Reconnecting,0,0,0,0,0,0,2,3391,3,405,3,808
460514,Reconnecting,0,0,0,0,0,0,2,3394,3,405,3,808
460760,Reconnecting,0,0,0,0,0,0,2,3397,3,405,3,808
461011,Reconnecting,0,0,0,0,0,0,2,3397,3,405,3,808
461261,Reconnecting,0,0,0,0,0,0,2,3400,3,405,3,808
461510,Reconnecting,0,0,0,0,0,0,2,3400,3,405,3,808
461759,Reconnecting,0,0,0,0,0,0,2,3403,3,405,3,808
462007,Reconnecting,0,0,0,0,0,0,2,3406,1,405,1,808
462256,Reconnecting,0,0,0,0,0,0,2,3406,1,405,1,808
462506,Reconnecting,0,0,0,0,0,0,2,3409,2,405,2,808
462756,Reconnecting,0,0,0,0,0,0,2,3412,3,405,3,808
463005,Reconnecting,0,0,0,0,0,0,2,3412,3,405,3,808
463252,Reconnecting,0,0,0,0,0,0,2,3415,3,405,3,808
463502,Reconnecting,0,0,0,0,0,0,2,3415,3,405,3,808
463811,Reconnecting,0,0,0,0,0,0,2,3418,3,405,3,808
464060,Reconnecting,0,0,0,0,0,0,2,3421,4,405,4,808
464309,Reconnecting,0,0,0,0,0,0,2,3421,4,405,4,808
464557,Reconnecting,0,0,0,0,0,0,2,3424,2,405,2,808
464805,Reconnecting,0,0,0,0,0,0,2,3427,2,405,2,808
465054,Reconnecting,0,0,0,0,0,0,2,3427,2,405,2,808
465302,Reconnecting,0,0,0,0,0,0,2,3428,400,405,400,808
465550,Reconnecting,0,0,0,0,0,0,2,3431,4,405,4,808
465799,Reconnecting,0,0,0,0,0,0,2,3431,4,405,4,808
466049,Reconnecting,0,0,0,0,0,0,2,3433,1,405,1,808
466296,Reconnecting,0,0,0,0,0,0,2,3434,165,405,165,808
466547,Reconnecting,0,0,0,0,0,0,2,3437,3,405,3,808
466797,Reconnecting,0,0,0,0,0,0,2,3440,3,405,3,808
467045,Reconnecting,0,0,0,0,0,0,2,3440,3,405,3,808
467293,Reconnecting,0,0,0,0,0,0,2,3443,4,405,4,808
467543,Reconnecting,0,0,0,0,0,0,2,3446,3,405,3,808
467791,Reconnecting,0,0,0,0,0,0,2,3446,3,405,3,808
468040,Reconnecting,0,0,0,0,0,0,2,3449,3,405,3,808
468289,Reconnecting,0,0,0,0,0,0,2,3449,3,405,3,808
468539,Reconnecting,0,0,0,0,0,0,2,3452,3,405,3,808
468788,Reconnecting,0,0,0,0,0,0,2,3455,3,405,3,808
469035,Reconnecting,0,0,0,0,0,0,2,3455,3,405,3,808
469287,Reconnecting,0,0,0,0,0,0,2,3458,3,405,3,808
469536,Reconnecting,0,0,0,0,0,0,2,3461,1,405,1,808
469785,Reconnecting,0,0,0,0,0,0,2,3461,1,405,1,808
470033,Reconnecting,0,0,0,0,0,0,2,3464,3,405,3,808
470282,Reconnecting,0,0,0,0,0,0,2,3464,3,405,3,808
470531,Reconnecting,0,0,0,0,0,0,2,3467,3,405,3,808
470781,Reconnecting,0,0,0,0,0,0,2,3470,3,405,3,808
471031,Reconnecting,0,0,0,0,0,0,2,3470,3,405,3,808
471278,Reconnecting,0,0,0,0,0,0,2,3473,3,405,3,808
471527,Reconnecting,0,0,0,0,0,0,2,3476,2,405,2,808
471775,Reconnecting,0,0,0,0,0,0,2,3476,2,405,2,808
472024,Reconnecting,0,0,0,0,0,0,2,3479,2,405,2,808
472274,Reconnecting,0,0,0,0,0,0,2,3479,2,405,2,808
472522,Reconnecting,0,0,0,0,0,0,2,3482,3,405,3,808
472773,Reconnecting,0,0,0,0,0,0,2,3485,3,405,3,808
473024,Reconnecting,0,0,0,0,0,0,2,3485,3,405,3,808
473274,Reconnecting,0,0,0,0,0,0,2,3488,2,405,2,808
473522,Reconnecting,0,0,0,0,0,0,2,3491,1,405,1,808
473771,Reconnecting,0,0,0,0,0,0,2,3491,1,405,1,808
474019,Reconnecting,0,0,0,0,0,0,2,3494,4,405,4,808
474269,Reconnecting,0,0,0,0,0,0,2,3494,4,405,4,808
474519,Reconnecting,0,0,0,0,0,0,2,3497,3,405,3,808
474769,Reconnecting,0,0,0,0,0,0,2,3500,2,405,2,808
475018,Reconnecting,0,0,0,0,0,0,2,3500,2,405,2,808
475265,Reconnecting,0,0,0,0,0,0,2,3503,3,405,3,808
475514,Reconnecting,0,0,0,0,0,0,2,3503,3,405,3,808
475762,Reconnecting,0,0,0,0,0,0,2,3506,3,405,3,808
476015,Reconnecting,0,0,0,0,0,0,2,3509,3,405,3,808
476264,Reconnecting,0,0,0,0,0,0,2,3509,3,405,3,808
476512,Reconnecting,0,0,0,0,0,0,2,3512,3,405,3,808
476760,Reconnecting,0,0,0,0,0,0,2,3515,3,405,3,808
477011,Reconnecting,0,0,0,0,0,0,2,3515,3,405,3,808
477257,Reconnecting,0,0,0,0,0,0,2,3518,3,405,3,808
477508,Reconnecting,0,0,0,0,0,0,2,3518,3,405,3,808
477756,Reconnecting,0,0,0,0,0,0,2,3521,164,405,164,808
478005,Reconnecting,0,0,0,0,0,0,2,3524,2,405,2,808
478255,Reconnecting,0,0,0,0,0,0,2,3524,2,405,2,808
478504,Reconnecting,0,0,0,0,0,0,2,3527,3,405,3,808
478751,Reconnecting,0,0,0,0,0,0,2,3530,3,405,3,808
479058,Reconnecting,0,0,0,0,0,0,2,3530,3,405,3,808
479307,Reconnecting,0,0,0,0,0,0,2,3533,3,405,3,808
479555,Reconnecting,0,0,0,0,0,0,2,3536,3,405,3,808
479805,Reconnecting,0,0,0,0,0,0,2,3536,3,405,3,808
480054,Reconnecting,0,0,0,0,0,0,2,3539,3,405,3,808
480304,Reconnecting,0,0,0,0,0,0,2,3539,3,405,3,808
480550,Reconnecting,0,0,0,0,0,0,2,3542,2,405,2,808
480801,Reconnecting,0,0,0,0,0,0,2,3544,1,405,1,808
481049,Reconnecting,0,0,0,0,0,0,2,3544,1,405,1,808
481296,Reconnecting,0,0,0,0,0,0,2,3547,3,405,3,808
481545,Reconnecting,0,0,0,0,0,0,2,3550,5,405,5,808
481794,Reconnecting,0,0,0,0,0,0,2,3550,5,405,5,808
482043,Reconnecting,0,0,0,0,0,0,2,3553,2,405,2,808
482291,Reconnecting,0,0,0,0,0,0,2,3553,2,405,2,808
482540,Reconnecting,0,0,0,0,0,0,2,3556,3,405,3,808
482788,Reconnecting,0,0,0,0,0,0,2,3559,3,405,3,808
483037,Reconnecting,0,0,0,0,0,0,2,3559,3,405,3,808
483285,Reconnecting,0,0,0,0,0,0,2,3561,2,405,2,808
483536,Reconnecting,0,0,0,0,0,0,2,3564,3,405,3,808
483786,Reconnecting,0,0,0,0,0,0,2,3564,3,405,3,808
484034,Reconnecting,0,0,0,0,0,0,2,3567,2,405,2,808
484286,Reconnecting,0,0,0,0,0,0,2,3567,2,405,2,808
484535,Reconnecting,0,0,0,0,0,0,2,3570,2,405,2,808
484784,Reconnecting,0,0,0,0,0,0,2,3573,3,405,3,808
485033,Reconnecting,0,0,0,0,0,0,2,3573,3,405,3,808
485282,Reconnecting,0,0,0,0,0,0,2,3576,3,405,3,808
485531,Reconnecting,0,0,0,0,0,0,2,3579,4,405,4,808
485778,Reconnecting,0,0,0,0,0,0,2,3579,4,405,4,808
486028,Reconnecting,0,0,0,0,0,0,2,3582,4,405,4,808
486277,Reconnecting,0,0,0,0,0,0,2,3582,4,405,4,808
486526,Reconnecting,0,0,0,0,0,0,2,3585,3,405,3,808
486774,Reconnecting,0,0,0,0,0,0,2,3588,3,405,3,808
487024,Reconnecting,0,0,0,0,0,0,2,3588,3,405,3,808
487276,Reconnecting,0,0,0,0,0,0,2,3591,1,405,1,808
487522,Reconnecting,0,0,0,0,0,0,2,3594,3,405,3,808
487772,Reconnecting,0,0,0,0,0,0,2,3594,3,405,3,808
488019,Reconnecting,0,0,0,0,0,0,2,3597,3,405,3,808
488269,Reconnecting,0,0,0,0,0,0,2,3597,3,405,3,808
488515,Reconnecting,0,0,0,0,0,0,2,3599,2,405,2,808
488762,Reconnecting,0,0,0,0,0,0,2,3602,1,405,1,808
489013,Reconnecting,0,0,0,0,0,0,2,3602,1,405,1,808
489259,Reconnecting,0,0,0,0,0,0,2,3604,1,405,1,808
489506,Reconnecting,0,0,0,0,0,0,2,3606,238,405,238,808
489754,Reconnecting,0,0,0,0,0,0,2,3608,3,405,3,808
490004,Reconnecting,0,0,0,0,0,0,2,3611,3,405,3,808
490253,Reconnecting,0,0,0,0,0,0,2,3611,3,405,3,808
490500,Reconnecting,0,0,0,0,0,0,2,3614,3,405,3,808
490810,Reconnecting,0,0,0,0,0,0,2,3617,3,405,3,808
491059,Reconnecting,0,0,0,0,0,0,2,3617,3,405,3,808
491308,Reconnecting,0,0,0,0,0,0,2,3620,3,405,3,808
491556,Reconnecting,0,0,0,0,0,0,2,3623,2,405,2,808
491805,Reconnecting,0,0,0,0,0,0,2,3623,2,405,2,808
492053,Reconnecting,0,0,0,0,0,0,2,3626,3,405,3,808
492303,Reconnecting,0,0,0,0,0,0,2,3628,1,405,1,808
492553,Reconnecting,0,0,0,0,0,0,2,3629,4,405,4,808
492802,Reconnecting,0,0,0,0,0,0,2,3632,3,405,3,808
493051,Reconnecting,0,0,0,0,0,0,2,3632,3,405,3,808
493299,Reconnecting,0,0,0,0,0,0,2,3635,3,405,3,808
493549,Reconnecting,0,0,0,0,0,0,2,3638,3,405,3,808
493799,Reconnecting,0,0,0,0,0,0,2,3638,3,405,3,808
494047,Reconnecting,0,0,0,0,0,0,2,3641,3,405,3,808
494297,Reconnecting,0,0,0,0,0,0,2,3641,3,405,3,808
494542,Reconnecting,0,0,0,0,0,0,2,3644,2,405,2,808
494791,Reconnecting,0,0,0,0,0,0,2,3647,3,405,3,808
495039,Reconnecting,0,0,0,0,0,0,2,3647,3,405,3,808
495286,Reconnecting,0,0,0,0,0,0,2,3650,1,405,1,808
495534,Reconnecting,0,0,0,0,0,0,2,3653,1,405,2,808
495785,Reconnecting,0,0,0,0,0,0,2,3653,1,405,2,808
496034,Reconnecting,0,0,0,0,0,0,2,3656,2,405,2,808
496283,Reconnecting,0,0,0,0,0,0,2,3656,2,405,2,808
496532,Reconnecting,0,0,0,0,0,0,2,3659,3,405,3,808
496778,Reconnecting,0,0,0,0,0,0,2,3662,3,405,3,808
497029,Reconnecting,0,0,0,0,0,0,2,3662,3,405,3,808
497280,Reconnecting,0,0,0,0,0,0,2,3665,3,405,3,808
497528,Reconnecting,0,0,0,0,0,0,2,3668,1,405,1,808
497777,Reconnecting,0,0,0,0,0,0,2,3668,1,405,1,808
498028,Reconnecting,0,0,0,0,0,0,2,3671,3,405,3,808
498276,Reconnecting,0,0,0,0,0,0,2,3671,3,405,3,808
498526,Reconnecting,0,0,0,0,0,0,2,3674,3,405,3,808
498773,Reconnecting,0,0,0,0,0,0,2,3677,3,405,3,808
499022,Reconnecting,0,0,0,0,0,0,2,3677,3,405,3,808
499270,Reconnecting,0,0,0,0,0,0,2,3679,3,405,3,808
499519,Reconnecting,0,0,0,0,0,0,2,3682,0,405,0,808
499768,Reconnecting,0,0,0,0,0,0,2,3682,0,405,0,808
500015,Reconnecting,0,0,0,0,0,0,2,3685,3,405,3,808
500266,Reconnecting,0,0,0,0,0,0,2,3685,3,405,3,808
500515,Reconnecting,0,0,0,0,0,0,2,3688,2,405,2,808
500764,Reconnecting,0,0,0,0,0,0,2,3691,3,405,3,808
501011,Reconnecting,0,0,0,0,0,0,2,3691,3,405,3,808
501261,Reconnecting,0,0,0,0,0,0,2,3694,166,405,166,808
501511,Reconnecting,0,0,0,0,0,0,2,3697,3,405,3,808
501760,Reconnecting,0,0,0,0,0,0,2,3697,3,405,3,808
502009,Reconnecting,0,0,0,0,0,0,2,3700,3,405,3,808
502259,Reconnecting,0,0,0,0,0,0,2,3700,3,405,3,808
502506,Reconnecting,0,0,0,0,0,0,2,3703,2,405,2,808
502755,Reconnecting,0,0,0,0,0,0,2,3706,3,405,3,808
503004,Reconnecting,0,0,0,0,0,0,2,3706,3,405,3,808
503253,Reconnecting,0,0,0,0,0,0,2,3709,2,405,2,808
503500,Reconnecting,0,0,0,0,0,0,2,3712,3,405,3,808
503811,Reconnecting,0,0,0,0,0,0,2,3712,3,405,3,808
504059,Reconnecting,0,0,0,0,0,0,2,3715,3,405,3,808
504308,Reconnecting,0,0,0,0,0,0,2,3718,3,405,3,808
504557,Reconnecting,0,0,0,0,0,0,2,3718,3,405,3,808
504806,Reconnecting,0,0,0,0,0,0,2,3721,3,405,3,808
505053,Reconnecting,0,0,0,0,0,0,2,3721,3,405,3,808
505301,Reconnecting,0,0,0,0,0,0,2,3724,3,405,3,808
505549,Reconnecting,0,0,0,0,0,0,2,3727,2,405,2,808
505751,Reconnecting,0,0,0,0,0,0,2,3727,2,405,2,808
506059,Reconnecting,0,0,0,0,0,0,2,3730,3,405,3,808
506306,Reconnecting,0,0,0,0,0,0,2,3733,3,405,3,808
506556,Reconnecting,0,0,0,0,0,0,2,3733,3,405,3,808
506805,Reconnecting,0,0,0,0,0,0,2,3736,3,405,3,808
507053,Reconnecting,0,0,0,0,0,0,2,3736,3,405,3,808
507303,Reconnecting,0,0,0,0,0,0,2,3739,3,405,3,808
507553,Reconnecting,0,0,0,0,0,0,2,3742,2,405,2,808
507798,Reconnecting,0,0,0,0,0,0,2,3742,2,405,2,808
508046,Reconnecting,0,0,0,0,0,0,2,3745,3,405,3,808
508296,Reconnecting,0,0,0,0,0,0,2,3748,2,405,2,808
508545,Reconnecting,0,0,0,0,0,0,2,3748,2,405,2,808
508794,Reconnecting,0,0,0,0,0,0,2,3751,3,405,3,808
509042,Reconnecting,0,0,0,0,0,0,2,3751,3,405,3,808
509289,Reconnecting,0,0,0,0,0,0,2,3753,2,405,2,808
509537,Reconnecting,0,0,0,0,0,0,2,3756,1,405,1,808
509785,Reconnecting,0,0,0,0,0,0,2,3756,1,405,1,808
510031,Reconnecting,0,0,0,0,0,0,2,3759,3,405,3,808
510278,Reconnecting,0,0,0,0,0,0,2,3759,3,405,3,808
510528,Reconnecting,0,0,0,0,0,0,2,3762,3,405,3,808
510773,Reconnecting,0,0,0,0,0,0,2,3765,3,405,3,808
511020,Reconnecting,0,0,0,0,0,0,2,3765,3,405,3,808
511272,Reconnecting,0,0,0,0,0,0,2,3768,3,405,3,808
511521,Reconnecting,0,0,0,0,0,0,2,3771,2,405,3,808
511770,Reconnecting,0,0,0,0,0,0,2,3771,2,405,3,808
512019,Reconnecting,0,0,0,0,0,0,2,3774,3,405,3,808
512267,Reconnecting,0,0,0,0,0,0,2,3774,3,405,3,808
512517,Reconnecting,0,0,0,0,0,0,2,3777,1,405,1,808
512766,Reconnecting,0,0,0,0,0,0,2,3780,3,405,3,808
513015,Reconnecting,0,0,0,0,0,0,2,3780,3,405,3,808
513264,Reconnecting,0,0,0,0,0,0,2,3783,3,405,3,808
513514,Reconnecting,0,0,0,0,0,0,2,3786,3,405,3,808
513762,Reconnecting,0,0,0,0,0,0,2,3786,3,405,3,808
514009,Reconnecting,0,0,0,0,0,0,2,3789,0,405,0,808
514260,Reconnecting,0,0,0,0,0,0,2,3789,0,405,0,808
514506,Reconnecting,0,0,0,0,0,0,2,3792,3,405,3,808
514753,Reconnecting,0,0,0,0,0,0,2,3795,2,405,2,808
515002,Reconnecting,0,0,0,0,0,0,2,3795,2,405,2,808
515250,Reconnecting,0,0,0,0,0,0,2,3798,1,405,1,808
515559,Reconnecting,0,0,0,0,0,0,2,3801,3,405,3,808
515809,Reconnecting,0,0,0,0,0,0,2,3801,3,405,3,808
516060,Reconnecting,0,0,0,0,0,0,2,3804,3,405,3,808
516310,Reconnecting,0,0,0,0,0,0,2,3807,3,405,3,808
516556,Reconnecting,0,0,0,0,0,0,2,3807,3,405,3,808
516801,Reconnecting,0,0,0,0,0,0,2,3810,2,405,2,808
517050,Reconnecting,0,0,0,0,0,0,2,3810,2,405,2,808
517299,Reconnecting,0,0,0,0,0,0,2,3813,3,405,3,808
517547,Reconnecting,0,0,0,0,0,0,2,3816,3,405,3,808
517795,Reconnecting,0,0,0,0,0,0,2,3816,3,405,3,808
518044,Reconnecting,0,0,0,0,0,0,2,3819,0,405,0,808
518292,Reconnecting,0,0,0,0,0,0,2,3822,4,405,4,808
518542,Reconnecting,0,0,0,0,0,0,2,3822,4,405,4,808
518791,Reconnecting,0,0,0,0,0,0,2,3825,3,405,3,808
519039,Reconnecting,0,0,0,0,0,0,2,3825,3,405,3,808
519290,Reconnecting,0,0,0,0,0,0,2,3828,3,405,3,808
519539,Reconnecting,0,0,0,0,0,0,2,3831,3,405,3,808
519787,Reconnecting,0,0,0,0,0,0,2,3831,3,405,3,808
520037,Reconnecting,0,0,0,0,0,0,2,3834,3,405,3,808
520288,Reconnecting,0,0,0,0,0,0,2,3837,3,405,3,808
520534,Reconnecting,0,0,0,0,0,0,2,3837,3,405,3,808
520786,Reconnecting,0,0,0,0,0,0,2,3839,2,405,2,808
521035,Reconnecting,0,0,0,0,0,0,2,3840,164,405,164,808
521282,Reconnecting,0,0,0,0,0,0,2,3843,3,405,3,808
521531,Reconnecting,0,0,0,0,0,0,2,3846,2,405,2,808
521781,Reconnecting,0,0,0,0,0,0,2,3846,2,405,2,808
522029,Reconnecting,0,0,0,0,0,0,2,3849,3,405,3,808
522278,Reconnecting,0,0,0,0,0,0,2,3851,2,405,2,808
522529,Reconnecting,0,0,0,0,0,0,2,3851,2,405,2,808
522778,Reconnecting,0,0,0,0,0,0,2,3854,1,405,1,808
523025,Reconnecting,0,0,0,0,0,0,2,3854,1,405,1,808
523273,Reconnecting,0,0,0,0,0,0,2,3857,3,405,3,808
523521,Reconnecting,0,0,0,0,0,0,2,3860,3,405,3,808
523770,Reconnecting,0,0,0,0,0,0,2,3860,3,405,3,808
524021,Reconnecting,0,0,0,0,0,0,2,3863,3,405,3,808
524269,Reconnecting,0,0,0,0,0,0,2,3864,391,405,391,808
524517,Reconnecting,0,0,0,0,0,0,2,3866,3,405,3,808
524767,Reconnecting,0,0,0,0,0,0,2,3869,2,405,2,808
525017,Reconnecting,0,0,0,0,0,0,2,3869,2,405,2,808
525264,Reconnecting,0,0,0,0,0,0,2,3872,5,405,5,808
525513,Reconnecting,0,0,0,0,0,0,2,3875,3,405,3,808
525760,Reconnecting,0,0,0,0,0,0,2,3875,3,405,3,808
526010,Reconnecting,0,0,0,0,0,0,2,3878,3,405,3,808
526259,Reconnecting,0,0,0,0,0,0,2,3878,3,405,3,808
526509,Reconnecting,0,0,0,0,0,0,2,3881,3,405,3,808
526756,Reconnecting,0,0,0,0,0,0,2,3884,3,405,3,808
527006,Reconnecting,0,0,0,0,0,0,2,3884,3,405,3,808
527253,Reconnecting,0,0,0,0,0,0,2,3886,3,405,3,808
527503,Reconnecting,0,0,0,0,0,0,2,3889,1,405,1,808
527752,Reconnecting,0,0,0,0,0,0,2,3889,1,405,1,808
528002,Reconnecting,0,0,0,0,0,0,2,3892,3,405,3,808
528252,Reconnecting,0,0,0,0,0,0,2,3892,3,405,3,808
528501,Reconnecting,0,0,0,0,0,0,2,3895,3,405,3,808
528811,Reconnecting,0,0,0,0,0,0,2,3898,3,405,3,808
529059,Reconnecting,0,0,0,0,0,0,2,3898,3,405,3,808
529307,Reconnecting,0,0,0,0,0,0,2,3901,3,405,3,808
529555,Reconnecting,0,0,0,0,0,0,2,3904,3,405,3,808
529805,Reconnecting,0,0,0,0,0,0,2,3904,3,405,3,808
530054,Reconnecting,0,0,0,0,0,0,2,3907,3,405,3,808
530303,Reconnecting,0,0,0,0,0,0,2,3910,3,405,3,808
530554,Reconnecting,0,0,0,0,0,0,2,3910,3,405,3,808
530800,Reconnecting,0,0,0,0,0,0,2,3913,3,405,3,808
531050,Reconnecting,0,0,0,0,0,0,2,3913,3,405,3,808
531298,Reconnecting,0,0,0,0,0,0,2,3916,3,405,3,808
531547,Reconnecting,0,0,0,0,0,0,2,3919,1,405,1,808
531796,Reconnecting,0,0,0,0,0,0,2,3919,1,405,1,808
532045,Reconnecting,0,0,0,0,0,0,2,3922,3,405,3,808
532293,Reconnecting,0,0,0,0,0,0,2,3924,1,405,1,808
532540,Reconnecting,0,0,0,0,0,0,2,3925,165,405,165,808
532788,Reconnecting,0,0,0,0,0,0,2,3928,3,405,3,808
533037,Reconnecting,0,0,0,0,0,0,2,3928,3,405,3,808
533285,Reconnecting,0,0,0,0,0,0,2,3931,3,405,3,808
533534,Reconnecting,0,0,0,0,0,0,2,3934,2,405,2,808
533785,Reconnecting,0,0,0,0,0,0,2,3934,2,405,2,808
534036,Reconnecting,0,0,0,0,0,0,2,3937,3,405,3,808
534283,Reconnecting,0,0,0,0,0,0,2,3940,3,405,3,808
534531,Reconnecting,0,0,0,0,0,0,2,3940,3,405,3,808
534780,Reconnecting,0,0,0,0,0,0,2,3943,2,405,2,808
535028,Reconnecting,0,0,0,0,0,0,2,3943,2,405,2,808
535278,Reconnecting,0,0,0,0,0,0,2,3946,3,405,3,808
535530,Reconnecting,0,0,0,0,0,0,2,3949,1,405,1,808
535780,Reconnecting,0,0,0,0,0,0,2,3949,1,405,1,808
536027,Reconnecting,0,0,0,0,0,0,2,3952,3,405,3,808
536296,Reconnecting,0,0,0,0,0,0,2,3955,3,405,3,808
536537,Reconnecting,0,0,0,0,0,0,2,3955,3,405,3,808
536816,Reconnecting,0,0,0,0,0,0,2,3958,3,405,3,808
537022,Reconnecting,0,0,0,0,0,0,2,3958,3,405,3,808
537272,Reconnecting,0,0,0,0,0,0,2,3961,1,405,1,808
537522,Reconnecting,0,0,0,0,0,0,2,3964,3,405,3,808
537770,Reconnecting,0,0,0,0,0,0,2,3964,3,405,3,808
538015,Reconnecting,0,0,0,0,0,0,2,3967,3,405,3,808
538265,Reconnecting,0,0,0,0,0,0,2,3970,2,405,2,808
538515,Reconnecting,0,0,0,0,0,0,2,3970,2,405,2,808
538764,Reconnecting,0,0,0,0,0,0,2,3973,3,405,3,808
539009,Reconnecting,0,0,0,0,0,0,2,3973,3,405,3,808
539259,Reconnecting,0,0,0,0,0,0,2,3976,2,405,2,808
539508,Reconnecting,0,0,0,0,0,0,2,3979,3,405,3,808
539755,Reconnecting,0,0,0,0,0,0,2,3979,3,405,3,808
540005,Reconnecting,0,0,0,0,0,0,2,3982,3,405,3,808
540253,Reconnecting,0,0,0,0,0,0,2,3985,4,405,4,808
540503,Reconnecting,0,0,0,0,0,0,2,3985,4,405,4,808
540751,Reconnecting,0,0,0,0,0,0,2,3988,3,405,3,808
541001,Reconnecting,0,0,0,0,0,0,2,3988,3,405,3,808
541312,Reconnecting,0,0,0,0,0,0,2,3991,3,405,3,808
541560,Reconnecting,0,0,0,0,0,0,2,3994,3,405,3,808
541808,Reconnecting,0,0,0,0,0,0,2,3994,3,405,3,808
542055,Reconnecting,0,0,0,0,0,0,2,3997,1,405,1,808
542305,Reconnecting,0,0,0,0,0,0,2,4000,3,405,3,808
542555,Reconnecting,0,0,0,0,0,0,2,4000,3,405,3,808
542802,Reconnecting,0,0,0,0,0,0,2,4003,2,405,2,808
543052,Reconnecting,0,0,0,0,0,0,2,4006,3,405,3,808
543301,Reconnecting,0,0,0,0,0,0,2,4006,3,405,3,808
543549,Reconnecting,0,0,0,0,0,0,2,4009,3,405,3,808
543798,Reconnecting,0,0,0,0,0,0,2,4009,3,405,3,808
544047,Reconnecting,0,0,0,0,0,0,2,4012,3,405,3,808
544293,Reconnecting,0,0,0,0,0,0,2,4015,3,405,3,808
544543,Reconnecting,0,0,0,0,0,0,2,4015,3,405,3,808
544794,Reconnecting,0,0,0,0,0,0,2,4017,1,405,1,808
545043,Reconnecting,0,0,0,0,0,0,2,4019,232,405,232,808
545291,Reconnecting,0,0,0,0,0,0,2,4021,3,405,3,808
545538,Reconnecting,0,0,0,0,0,0,2,4024,3,405,3,808
545787,Reconnecting,0,0,0,0,0,0,2,4024,3,405,3,808
546037,Reconnecting,0,0,0,0,0,0,2,4027,3,405,3,808
546285,Reconnecting,0,0,0,0,0,0,2,4030,2,405,2,808
546534,Reconnecting,0,0,0,0,0,0,2,4030,2,405,2,808
546784,Reconnecting,0,0,0,0,0,0,2,4033,1,405,1,808
547032,Reconnecting,0,0,0,0,0,0,2,4033,1,405,1,808
547282,Reconnecting,0,0,0,0,0,0,2,4036,3,405,3,808
547531,Reconnecting,0,0,0,0,0,0,2,4039,3,405,3,808
547779,Reconnecting,0,0,0,0,0,0,2,4039,3,405,3,808
548029,Reconnecting,0,0,0,0,0,0,2,4042,3,405,3,808
548279,Reconnecting,0,0,0,0,0,0,2,4045,2,405,2,808
548527,Reconnecting,0,0,0,0,0,0,2,4045,2,405,2,808
548774,Reconnecting,0,0,0,0,0,0,2,4048,3,405,3,808
549023,Reconnecting,0,0,0,0,0,0,2,4048,3,405,3,808
549271,Reconnecting,0,0,0,0,0,0,2,4051,3,405,3,808
549518,Reconnecting,0,0,0,0,0,0,2,4054,2,405,2,808
549770,Reconnecting,0,0,0,0,0,0,2,4054,2,405,2,808
550017,Reconnecting,0,0,0,0,0,0,2,4057,3,405,3,808
550267,Reconnecting,0,0,0,0,0,0,2,4060,3,405,3,808
550514,Reconnecting,0,0,0,0,0,0,2,4060,3,405,3,808
550764,Reconnecting,0,0,0,0,0,0,2,4063,3,405,3,808
551015,Reconnecting,0,0,0,0,0,0,2,4063,3,405,3,808
551262,Reconnecting,0,0,0,0,0,0,2,4065,3,405,3,808
551509,Reconnecting,0,0,0,0,0,0,2,4068,3,405,3,808
551758,Reconnecting,0,0,0,0,0,0,2,4068,3,405,3,808
552009,Reconnecting,0,0,0,0,0,0,2,4071,3,405,3,808
552257,Reconnecting,0,0,0,0,0,0,2,4074,3,405,3,808
552507,Reconnecting,0,0,0,0,0,0,2,4074,3,405,3,808
552756,Reconnecting,0,0,0,0,0,0,2,4077,3,405,3,808
553005,Reconnecting,0,0,0,0,0,0,2,4077,3,405,3,808
553254,Reconnecting,0,0,0,0,0,0,2,4080,2,405,2,808
553503,Reconnecting,0,0,0,0,0,0,2,4083,1,405,1,808
553751,Reconnecting,0,0,0,0,0,0,2,4083,1,405,1,808
554063,Reconnecting,0,0,0,0,0,0,2,4086,3,405,3,808
554251,Reconnecting,0,0,0,0,0,0,2,4089,3,405,3,808
554501,Reconnecting,0,0,0,0,0,0,2,4089,3,405,3,808
554751,Reconnecting,0,0,0,0,0,0,2,4092,3,405,3,808
555059,Reconnecting,0,0,0,0,0,0,2,4095,3,405,3,808
555308,Reconnecting,0,0,0,0,0,0,2,4095,3,405,3,808
555555,Reconnecting,0,0,0,0,0,0,2,4098,1,405,1,808
555805,Reconnecting,0,0,0,0,0,0,2,4098,1,405,1,808
556053,Reconnecting,0,0,0,0,0,0,2,4100,2,405,2,808
556306,Reconnecting,0,0,0,0,0,0,2,4103,3,405,3,808
556554,Reconnecting,0,0,0,0,0,0,2,4103,3,405,3,808
556805,Reconnecting,0,0,0,0,0,0,2,4106,4,405,4,808
557054,Reconnecting,0,0,0,0,0,0,2,4109,2,405,2,808
557301,Reconnecting,0,0,0,0,0,0,2,4109,2,405,2,808
557553,Reconnecting,0,0,0,0,0,0,2,4112,1,405,1,808
557801,Reconnecting,0,0,0,0,0,0,2,4112,1,405,1,808
558051,Reconnecting,0,0,0,0,0,0,2,4115,3,405,3,808
558299,Reconnecting,0,0,0,0,0,0,2,4118,2,405,2,808
558551,Reconnecting,0,0,0,0,0,0,2,4118,2,405,2,808
558798,Reconnecting,0,0,0,0,0,0,2,4121,3,405,3,808
559047,Reconnecting,0,0,0,0,0,0,2,4124,3,405,3,808
559295,Reconnecting,0,0,0,0,0,0,2,4124,3,405,3,808
559545,Reconnecting,0,0,0,0,0,0,2,4127,3,405,3,808
559794,Reconnecting,0,0,0,0,0,0,2,4127,3,405,3,808
560044,Reconnecting,0,0,0,0,0,0,2,4130,3,405,3,808
560295,Reconnecting,0,0,0,0,0,0,2,4133,3,405,3,808
560543,Reconnecting,0,0,0,0,0,0,2,4133,3,405,3,808
560790,Reconnecting,0,0,0,0,0,0,2,4136,3,405,3,808
561038,Reconnecting,0,0,0,0,0,0,2,4139,3,405,3,808
561285,Reconnecting,0,0,0,0,0,0,2,4139,3,405,3,808
561538,Reconnecting,0,0,0,0,0,0,2,4142,3,405,3,808
561784,Reconnecting,0,0,0,0,0,0,2,4142,3,405,3,808
562032,Reconnecting,0,0,0,0,0,0,2,4145,3,405,3,808
562280,Reconnecting,0,0,0,0,0,0,2,4147,3,405,3,808
562528,Reconnecting,0,0,0,0,0,0,2,4147,3,405,3,808
562775,Reconnecting,0,0,0,0,0,0,2,4150,3,405,3,808
563023,Reconnecting,0,0,0,0,0,0,2,4150,3,405,3,808
563273,Reconnecting,0,0,0,0,0,0,2,4153,3,405,3,808
563522,Reconnecting,0,0,0,0,0,0,2,4156,3,405,3,808
563770,Reconnecting,0,0,0,0,0,0,2,4156,3,405,3,808
564021,Reconnecting,0,0,0,0,0,0,2,4159,2,405,2,808
564271,Reconnecting,0,0,0,0,0,0,2,4162,3,405,3,808
564519,Reconnecting,0,0,0,0,0,0,2,4162,3,405,3,808
564767,Reconnecting,0,0,0,0,0,0,2,4165,1,405,1,808
565016,Reconnecting,0,0,0,0,0,0,2,4165,1,405,1,808
565280,Reconnecting,0,0,0,0,0,0,2,4167,1,405,1,808
565526,Reconnecting,0,0,0,0,0,0,2,4170,3,405,3,808
565778,Reconnecting,0,0,0,0,0,0,2,4170,3,405,3,808
566024,Reconnecting,0,0,0,0,0,0,2,4173,3,405,3,808
566273,Reconnecting,0,0,0,0,0,0,2,4176,3,405,3,808
566521,Reconnecting,0,0,0,0,0,0,2,4176,3,405,3,808
566772,Reconnecting,0,0,0,0,0,0,2,4178,1,405,1,808
567020,Reconnecting,0,0,0,0,0,0,2,4180,234,405,234,808
567270,Reconnecting,0,0,0,0,0,0,2,4182,2,405,2,808
567518,Reconnecting,0,0,0,0,0,0,2,4185,2,405,2,808
567767,Reconnecting,0,0,0,0,0,0,2,4185,2,405,2,808
568014,Reconnecting,0,0,0,0,0,0,2,4188,3,405,3,808
568264,Reconnecting,0,0,0,0,0,0,2,4191,3,405,3,808
568513,Reconnecting,0,0,0,0,0,0,2,4191,3,405,3,808
568760,Reconnecting,0,0,0,0,0,0,2,4194,3,405,3,808
569008,Reconnecting,0,0,0,0,0,0,2,4194,3,405,3,808
569256,Reconnecting,0,0,0,0,0,0,2,4197,1,405,1,808
569506,Reconnecting,0,0,0,0,0,0,2,4200,3,405,3,808
569756,Reconnecting,0,0,0,0,0,0,2,4200,3,405,3,808
570005,Reconnecting,0,0,0,0,0,0,2,4203,3,405,3,808
570252,Reconnecting,0,0,0,0,0,0,2,4206,3,405,3,808
570501,Reconnecting,0,0,0,0,0,0,2,4206,3,405,3,808
570751,Reconnecting,0,0,0,0,0,0,2,4209,3,405,3,808
571060,Reconnecting,0,0,0,0,0,0,2,4212,4,405,4,808
571310,Reconnecting,0,0,0,0,0,0,2,4212,4,405,4,808
571557,Reconnecting,0,0,0,0,0,0,2,4215,4,405,4,808
571804,Reconnecting,0,0,0,0,0,0,2,4215,4,405,4,808
572053,Reconnecting,0,0,0,0,0,0,2,4218,3,405,3,808
572302,Reconnecting,0,0,0,0,0,0,2,4221,3,405,3,808
572550,Reconnecting,0,0,0,0,0,0,2,4221,3,405,3,808
572800,Reconnecting,0,0,0,0,0,0,2,4224,3,405,3,808
573050,Reconnecting,0,0,0,0,0,0,2,4227,2,405,2,808
573299,Reconnecting,0,0,0,0,0,0,2,4227,2,405,2,808
573547,Reconnecting,0,0,0,0,0,0,2,4230,3,405,3,808
573797,Reconnecting,0,0,0,0,0,0,2,4230,3,405,3,808
574046,Reconnecting,0,0,0,0,0,0,2,4233,3,405,3,808
574295,Reconnecting,0,0,0,0,0,0,2,4236,3,405,3,808
574546,Reconnecting,0,0,0,0,0,0,2,4236,3,405,3,808
574794,Reconnecting,0,0,0,0,0,0,2,4239,3,405,3,808
575040,Reconnecting,0,0,0,0,0,0,2,4242,3,405,3,808
575291,Reconnecting,0,0,0,0,0,0,2,4242,3,405,3,808
575542,Reconnecting,0,0,0,0,0,0,2,4245,3,405,3,808
575791,Reconnecting,0,0,0,0,0,0,2,4245,3,405,3,808
576041,Reconnecting,0,0,0,0,0,0,2,4248,2,405,2,808
576294,Reconnecting,0,0,0,0,0,0,2,4251,3,405,3,808
576542,Reconnecting,0,0,0,0,0,0,2,4251,3,405,3,808
576790,Reconnecting,0,0,0,0,0,0,2,4254,3,405,3,808
577039,Reconnecting,0,0,0,0,0,0,2,4257,3,405,3,808
577288,Reconnecting,0,0,0,0,0,0,2,4257,3,405,3,808
577539,Reconnecting,0,0,0,0,0,0,2,4260,3,405,3,808
577786,Reconnecting,0,0,0,0,0,0,2,4260,3,405,3,808
578036,Reconnecting,0,0,0,0,0,0,2,4263,2,405,2,808
578285,Reconnecting,0,0,0,0,0,0,2,4266,3,405,3,808
578531,Reconnecting,0,0,0,0,0,0,2,4266,3,405,3,808
578780,Reconnecting,0,0,0,0,0,0,2,4269,2,405,2,808
579029,Reconnecting,0,0,0,0,0,0,2,4272,3,405,3,808
579278,Reconnecting,0,0,0,0,0,0,2,4272,3,405,3,808
579528,Reconnecting,0,0,0,0,0,0,2,4275,2,405,2,808
579778,Reconnecting,0,0,0,0,0,0,2,4275,2,405,2,808
580026,Reconnecting,0,0,0,0,0,0,2,4278,3,405,3,808
580275,Reconnecting,0,0,0,0,0,0,2,4281,3,405,3,808
580524,Reconnecting,0,0,0,0,0,0,2,4281,3,405,3,808
580771,Reconnecting,0,0,0,0,0,0,2,4284,3,405,3,808
581019,Reconnecting,0,0,0,0,0,0,2,4286,3,405,3,808
581267,Reconnecting,0,0,0,0,0,0,2,4286,3,405,3,808
581517,Reconnecting,0,0,0,0,0,0,2,4289,3,405,3,808
581767,Reconnecting,0,0,0,0,0,0,2,4289,3,405,3,808
582015,Reconnecting,0,0,0,0,0,0,2,4292,2,405,2,808
582265,Reconnecting,0,0,0,0,0,0,2,4295,3,405,3,808
582512,Reconnecting,0,0,0,0,0,0,2,4295,3,405,3,808
582761,Reconnecting,0,0,0,0,0,0,2,4298,3,405,3,808
583013,Reconnecting,0,0,0,0,0,0,2,4301,3,405,3,808
583262,Reconnecting,0,0,0,0,0,0,2,4301,3,405,3,808
583510,Reconnecting,0,0,0,0,0,0,2,4304,3,405,3,808
583759,Reconnecting,0,0,0,0,0,0,2,4304,3,405,3,808
584004,Reconnecting,0,0,0,0,0,0,2,4307,2,405,2,808
584252,Reconnecting,0,0,0,0,0,0,2,4310,3,405,3,808
584502,Reconnecting,0,0,0,0,0,0,2,4310,3,405,3,808
584750,Reconnecting,0,0,0,0,0,0,2,4313,3,405,3,808
585061,Reconnecting,0,0,0,0,0,0,2,4315,1,405,1,808
585250,Reconnecting,0,0,0,0,0,0,2,4316,165,405,165,808
585559,Reconnecting,0,0,0,0,0,0,2,4319,3,405,3,808
585808,Reconnecting,0,0,0,0,0,0,2,4322,3,405,3,808
586055,Reconnecting,0,0,0,0,0,0,2,4322,3,405,3,808
586304,Reconnecting,0,0,0,0,0,0,2,4325,3,405,3,808
586553,Reconnecting,0,0,0,0,0,0,2,4325,3,405,3,808
586800,Reconnecting,0,0,0,0,0,0,2,4328,3,405,3,808
587051,Reconnecting,0,0,0,0,0,0,2,4331,3,405,3,808
587300,Reconnecting,0,0,0,0,0,0,2,4331,3,405,3,808
587549,Reconnecting,0,0,0,0,0,0,2,4334,3,405,3,808
587797,Reconnecting,0,0,0,0,0,0,2,4334,3,405,3,808
588046,Reconnecting,0,0,0,0,0,0,2,4337,2,405,2,808
588294,Reconnecting,0,0,0,0,0,0,2,4340,2,405,2,808
588539,Reconnecting,0,0,0,0,0,0,2,4340,2,405,2,808
588788,Reconnecting,0,0,0,0,0,0,2,4343,3,405,3,808
589035,Reconnecting,0,0,0,0,0,0,2,4346,1,405,1,808
589285,Reconnecting,0,0,0,0,0,0,2,4346,1,405,1,808
589533,Reconnecting,0,0,0,0,0,0,2,4349,3,405,3,808
589782,Reconnecting,0,0,0,0,0,0,2,4349,3,405,3,808
590030,Reconnecting,0,0,0,0,0,0,2,4352,2,405,2,808
590279,Reconnecting,0,0,0,0,0,0,2,4355,3,405,3,808
590526,Reconnecting,0,0,0,0,0,0,2,4355,3,405,3,808
590774,Reconnecting,0,0,0,0,0,0,2,4358,3,405,3,808
591023,Reconnecting,0,0,0,0,0,0,2,4361,3,405,3,808
591272,Reconnecting,0,0,0,0,0,0,2,4361,3,405,3,808
591523,Reconnecting,0,0,0,0,0,0,2,4364,3,405,3,808
591769,Reconnecting,0,0,0,0,0,0,2,4364,3,405,3,808
592016,Reconnecting,0,0,0,0,0,0,2,4367,2,405,2,808
592262,Reconnecting,0,0,0,0,0,0,2,4370,3,405,3,808
592512,Reconnecting,0,0,0,0,0,0,2,4370,3,405,3,808
592761,Reconnecting,0,0,0,0,0,0,2,4373,2,405,2,808
593009,Reconnecting,0,0,0,0,0,0,2,4376,3,405,3,808
593259,Reconnecting,0,0,0,0,0,0,2,4376,3,405,3,808
593508,Reconnecting,0,0,0,0,0,0,2,4379,2,405,2,808
593758,Reconnecting,0,0,0,0,0,0,2,4379,2,405,2,808
594007,Reconnecting,0,0,0,0,0,0,2,4382,2,405,2,808
594254,Reconnecting,0,0,0,0,0,0,2,4385,3,405,3,808
594501,Reconnecting,0,0,0,0,0,0,2,4385,3,405,3,808
594750,Reconnecting,0,0,0,0,0,0,2,4388,3,405,3,808
595001,Reconnecting,0,0,0,0,0,0,2,4391,3,405,3,808
595253,Reconnecting,0,0,0,0,0,0,2,4391,3,405,3,808
595500,Reconnecting,0,0,0,0,0,0,2,4394,3,405,3,808
595752,Reconnecting,0,0,0,0,0,0,2,4394,3,405,3,808
596001,Reconnecting,0,0,0,0,0,0,2,4397,3,405,3,808
596251,Reconnecting,0,0,0,0,0,0,2,4400,3,405,3,808
596523,Reconnecting,0,0,0,0,0,0,2,4400,3,405,3,808
596764,Reconnecting,0,0,0,0,0,0,2,4403,0,405,0,808
597012,Reconnecting,0,0,0,0,0,0,2,4406,3,405,3,808
597260,Reconnecting,0,0,0,0,0,0,2,4406,3,405,3,808
597530,Reconnecting,0,0,0,0,0,0,2,4409,3,405,3,808
597773,Reconnecting,0,0,0,0,0,0,2,4409,3,405,3,808
598080,Reconnecting,0,0,0,0,0,0,2,4411,2,405,2,808
598257,Reconnecting,0,0,0,0,0,0,2,4414,2,405,2,808
598503,Reconnecting,0,0,0,0,0,0,2,4414,2,405,2,808
598755,Reconnecting,0,0,0,0,0,0,2,4417,3,405,3,808
599005,Reconnecting,0,0,0,0,0,0,2,4420,3,405,3,808
599252,Reconnecting,0,0,0,0,0,0,2,4420,3,405,3,808
599508,Reconnecting,0,0,0,0,0,0,2,4423,3,405,3,808
599813,Reconnecting,0,0,0,0,0,0,2,4425,2,405,2,808
600062,Reconnecting,0,0,0,0,0,0,2,4425,2,405,2,808
