t_ms,state,buffered_bytes,buffered_ms,underruns,resumes,play_failures,stream_rebuilds,sessions,chunk_reads,last_chunk_ms,max_chunk_ms,last_push_gap_ms,max_push_gap_ms
50,Off,0,0,0,0,0,0,1,0,0,0,0,0
259,Off,0,0,0,0,0,0,1,0,0,0,0,0
513,Off,0,0,0,0,0,0,1,0,0,0,0,0
766,Off,0,0,0,0,0,0,1,0,0,0,0,0
1019,Off,129024,365,0,0,0,0,1,34,0,83,0,83
1273,Off,617472,1750,0,0,0,0,1,137,0,83,0,83
1528,Playing,1619968,4591,0,0,0,0,1,296,0,83,0,83
1781,Playing,1539072,4362,0,0,0,0,1,302,0,188,0,188
2032,Playing,1466368,4156,0,0,0,0,1,314,4,192,4,192
2286,Playing,1376256,3900,0,0,0,0,1,321,2,192,2,192
2539,Playing,1286144,3645,0,0,0,0,1,325,5,192,5,192
2792,Playing,1205248,3416,0,0,0,0,1,331,4,196,4,196
3061,Playing,1124352,3186,0,0,0,0,1,342,0,196,0,196
3310,Playing,1034240,2931,0,0,0,0,1,347,4,196,4,196
3556,Playing,953344,2702,0,0,0,0,1,354,3,196,3,196
3803,Playing,871424,2470,0,0,0,0,1,363,0,196,0,196
4053,Playing,790528,2240,0,0,0,0,1,366,0,196,0,196
4300,Playing,700416,1985,0,0,0,0,1,376,0,351,0,351
4550,Playing,646144,1831,0,0,0,0,1,381,0,351,0,351
4796,Playing,556032,1576,0,0,0,0,1,381,0,351,0,351
5045,Playing,502784,1425,0,0,0,0,1,390,0,373,0,373
5293,Playing,448512,1271,0,0,0,0,1,402,0,373,0,373
5543,Playing,376832,1068,0,0,0,0,1,406,0,373,0,373
5794,Playing,286720,812,0,0,0,0,1,413,4,373,4,373
6043,Playing,205824,583,0,0,0,0,1,426,0,373,0,373
6294,Playing,124928,354,0,0,0,0,1,432,0,373,0,373
6541,Playing,52224,148,0,0,0,0,1,438,0,373,0,373
6787,Playing,0,0,0,0,0,0,1,444,0,373,0,373
7037,Buffering,0,0,1,0,0,0,1,455,0,373,0,373
7285,Buffering,0,0,1,0,0,0,1,463,5,373,5,373
7531,Buffering,0,0,1,0,0,0,1,470,4,373,4,373
7781,Buffering,9216,26,1,0,0,0,1,474,4,373,4,373
8029,Buffering,9216,26,1,0,0,0,1,483,0,373,0,373
8277,Buffering,27648,78,1,0,0,0,1,491,4,373,4,373
8526,Buffering,36864,104,1,0,0,0,1,497,4,373,4,373
8777,Buffering,46080,130,1,0,0,0,1,503,0,373,0,373
9026,Buffering,64512,182,1,0,0,0,1,514,4,373,4,373
9275,Buffering,64512,182,1,0,0,0,1,521,4,373,4,373
9523,Buffering,64512,182,1,0,0,0,1,526,0,373,0,373
9773,Buffering,64512,182,1,0,0,0,1,533,5,373,5,373
10020,Buffering,82944,235,1,0,0,0,1,546,0,373,0,373
10268,Buffering,92160,261,1,0,0,0,1,553,0,373,0,373
10517,Buffering,92160,261,1,0,0,0,1,559,0,373,0,373
10767,Buffering,92160,261,1,0,0,0,1,564,3,373,3,373
11014,Buffering,110592,313,1,0,0,0,1,576,0,373,0,373
11262,Buffering,110592,313,1,0,0,0,1,581,3,373,3,373
11512,Buffering,119808,339,1,0,0,0,1,587,0,373,0,373
11761,Buffering,138240,391,1,0,0,0,1,593,0,373,0,373
12011,Playing,82944,235,1,1,0,0,1,601,2,373,2,373
12260,Playing,20480,58,1,1,0,0,1,610,0,373,0,373
12510,Buffering,0,0,2,1,0,0,1,615,4,373,4,373
12757,Buffering,0,0,2,1,0,0,1,622,30,373,30,373
13007,Buffering,0,0,2,1,0,0,1,633,0,373,0,373
13254,Buffering,0,0,2,1,0,0,1,641,3,373,3,373
13501,Buffering,0,0,2,1,0,0,1,648,3,373,3,373
13752,Buffering,9216,26,2,1,0,0,1,654,0,373,0,373
14059,Buffering,9216,26,2,1,0,0,1,666,3,373,3,373
14309,Buffering,9216,26,2,1,0,0,1,672,4,373,4,373
14557,Buffering,18432,52,2,1,0,0,1,678,0,373,0,373
14806,Buffering,18432,52,2,1,0,0,1,685,0,373,0,373
15054,Buffering,46080,130,2,1,0,0,1,694,0,373,0,373
15303,Buffering,64512,182,2,1,0,0,1,698,13,373,13,373
15551,Buffering,64512,182,2,1,0,0,1,704,0,373,0,373
15799,Buffering,64512,182,2,1,0,0,1,711,0,373,0,373
16048,Buffering,92160,261,2,1,0,0,1,721,0,373,0,373
16296,Buffering,92160,261,2,1,0,0,1,727,0,373,0,373
16546,Buffering,92160,261,2,1,0,0,1,731,4,373,4,373
16794,Buffering,101376,287,2,1,0,0,1,737,3,373,3,373
17042,Buffering,119808,339,2,1,0,0,1,749,0,373,0,373
17289,Buffering,129024,365,2,1,0,0,1,755,0,373,0,373
17539,Playing,89088,252,2,2,0,0,1,761,0,373,0,373
17788,Playing,7168,20,2,2,0,0,1,766,4,373,4,373
18037,Buffering,18432,52,3,2,0,0,1,778,0,373,0,373
18286,Buffering,18432,52,3,2,0,0,1,784,5,373,5,373
18535,Buffering,27648,78,3,2,0,0,1,790,3,373,3,373
18784,Buffering,36864,104,3,2,0,0,1,796,0,373,0,373
19031,Buffering,36864,104,3,2,0,0,1,808,0,373,0,373
19280,Buffering,36864,104,3,2,0,0,1,814,0,373,0,373
19526,Buffering,36864,104,3,2,0,0,1,819,4,373,4,373
19777,Buffering,36864,104,3,2,0,0,1,825,0,373,0,373
20025,Buffering,36864,104,3,2,0,0,1,837,0,373,0,373
20273,Buffering,46080,130,3,2,0,0,1,841,0,373,0,373
20523,Buffering,55296,156,3,2,0,0,1,847,0,373,0,373
20771,Buffering,64512,182,3,2,0,0,1,854,0,373,0,373
21019,Buffering,82944,235,3,2,0,0,1,864,12,373,12,373
21267,Buffering,92160,261,3,2,0,0,1,870,0,373,0,373
21516,Buffering,92160,261,3,2,0,0,1,877,14,373,14,373
21765,Buffering,92160,261,3,2,0,0,1,882,0,373,0,373
22011,Buffering,92160,261,3,2,0,0,1,891,0,373,0,373
22261,Buffering,119808,339,3,2,0,0,1,898,4,373,4,373
22509,Buffering,147456,417,3,2,0,0,1,903,0,373,0,373
22757,Buffering,147456,417,3,2,0,0,1,909,0,373,0,373
23008,Reconnecting,0,0,3,3,0,0,1,913,14,373,14,373
23256,Reconnecting,0,0,3,3,0,0,1,913,14,373,14,373
23505,Reconnecting,0,0,3,3,0,0,1,913,14,373,14,373
23753,Reconnecting,0,0,3,3,0,0,1,913,14,373,14,373
24002,Reconnecting,0,0,3,3,0,0,1,913,14,373,14,373
24253,Reconnecting,0,0,3,3,0,0,1,913,14,373,14,373
24561,Reconnecting,0,0,3,3,0,0,1,913,14,373,14,373
24810,Reconnecting,0,0,3,3,0,0,1,913,14,373,14,373
25060,Reconnecting,0,0,3,3,0,0,1,913,14,373,14,373
25309,Reconnecting,0,0,3,3,0,0,1,913,14,373,14,373
25555,Reconnecting,0,0,3,3,0,0,1,913,14,373,14,373
25804,Reconnecting,0,0,3,3,0,0,1,913,14,373,14,373
26053,Reconnecting,0,0,3,3,0,0,1,913,14,373,14,373
26301,Reconnecting,0,0,3,3,0,0,1,913,14,373,14,373
26550,Reconnecting,0,0,3,3,0,0,1,913,14,373,14,373
26798,Reconnecting,0,0,3,3,0,0,1,913,14,373,14,373
27048,Reconnecting,0,0,3,3,0,0,1,913,14,373,14,373
27296,Reconnecting,0,0,3,3,0,0,1,913,14,373,14,373
27546,Reconnecting,0,0,3,3,0,0,1,913,14,373,14,373
27795,Reconnecting,0,0,3,3,0,0,1,913,14,373,14,373
28043,Reconnecting,0,0,3,3,0,0,2,913,14,373,14,373
28292,Reconnecting,0,0,3,3,0,0,2,913,14,373,14,373
28540,Reconnecting,0,0,3,3,0,0,2,927,0,373,0,373
28788,Reconnecting,442368,1253,3,3,0,0,2,996,0,373,0,373
29036,Playing,1735680,4919,3,3,0,0,2,1191,0,373,0,373
29285,Playing,1664000,4716,3,3,0,0,2,1195,1,373,1,373
29531,Playing,1583104,4487,3,3,0,0,2,1201,0,373,0,373
29777,Playing,1501184,4255,3,3,0,0,2,1207,0,373,0,373
30024,Playing,1429504,4051,3,3,0,0,2,1217,0,373,0,373
30273,Playing,1357824,3848,3,3,0,0,2,1222,0,373,0,373
30523,Playing,1275904,3616,3,3,0,0,2,1226,0,373,0,373
30772,Playing,1195008,3387,3,3,0,0,2,1232,0,373,0,373
31019,Playing,1114112,3157,3,3,0,0,2,1239,162,373,162,373
31268,Playing,1050624,2977,3,3,0,0,2,1247,0,373,0,373
31518,Playing,978944,2774,3,3,0,0,2,1252,0,373,0,373
31767,Playing,898048,2545,3,3,0,0,2,1256,0,373,0,373
32019,Playing,825344,2339,3,3,0,0,2,1260,0,373,0,373
32268,Playing,762880,2162,3,3,0,0,2,1269,0,373,0,373
32516,Playing,672768,1906,3,3,0,0,2,1276,0,373,0,373
32764,Playing,609280,1726,3,3,0,0,2,1280,0,373,0,373
33014,Playing,537600,1523,3,3,0,0,2,1289,0,373,0,373
33264,Playing,447488,1268,3,3,0,0,2,1297,0,373,0,373
33514,Playing,375808,1065,3,3,0,0,2,1302,0,373,0,373
33763,Playing,312320,885,3,3,0,0,2,1307,0,373,0,373
34012,Playing,240640,682,3,3,0,0,2,1312,0,373,0,373
34260,Playing,168960,478,3,3,0,0,2,1321,0,373,0,373
34510,Playing,96256,272,3,3,0,0,2,1328,0,373,0,373
34759,Playing,33792,95,3,3,0,0,2,1333,0,373,0,373
35007,Playing,0,0,3,3,0,0,2,1340,0,373,0,373
35254,Buffering,55296,156,4,3,0,0,2,1348,0,373,0,373
35503,Buffering,55296,156,4,3,0,0,2,1354,0,373,0,373
35752,Buffering,55296,156,4,3,0,0,2,1358,0,373,0,373
36002,Buffering,64512,182,4,3,0,0,2,1363,0,373,0,373
36250,Buffering,73728,208,4,3,0,0,2,1374,0,373,0,373
36561,Buffering,82944,235,4,3,0,0,2,1379,0,373,0,373
36811,Buffering,82944,235,4,3,0,0,2,1389,0,373,0,373
37060,Buffering,92160,261,4,3,0,0,2,1398,0,373,0,373
37309,Buffering,92160,261,4,3,0,0,2,1403,0,373,0,373
37557,Buffering,101376,287,4,3,0,0,2,1409,0,373,0,373
37806,Buffering,110592,313,4,3,0,0,2,1412,0,373,0,373
38056,Buffering,129024,365,4,3,0,0,2,1425,0,373,0,373
38305,Buffering,129024,365,4,3,0,0,2,1433,0,373,0,373
38553,Buffering,147456,417,4,3,0,0,2,1439,0,373,0,373
38802,Buffering,156672,444,4,3,0,0,2,1445,0,373,0,373
39049,Buffering,202752,574,4,3,0,0,2,1455,2,373,2,373
39297,Buffering,221184,626,4,3,0,0,2,1460,0,373,0,373
39548,Buffering,221184,626,4,3,0,0,2,1469,0,373,0,373
39798,Buffering,221184,626,4,3,0,0,2,1476,0,373,0,373
40046,Buffering,221184,626,4,3,0,0,2,1485,156,373,156,373
40294,Playing,131072,371,4,4,0,0,2,1499,0,373,0,373
40545,Playing,58368,165,4,4,0,0,2,1503,0,373,0,373
40793,Playing,0,0,4,4,0,0,2,1509,0,373,0,373
41041,Buffering,18432,52,5,4,0,0,2,1516,149,373,149,373
41288,Buffering,36864,104,5,4,0,0,2,1526,0,373,0,373
41536,Buffering,46080,130,5,4,0,0,2,1532,0,373,0,373
41785,Buffering,64512,182,5,4,0,0,2,1538,0,373,0,373
42032,Buffering,82944,235,5,4,0,0,2,1547,0,373,0,373
42280,Buffering,101376,287,5,4,0,0,2,1554,0,373,0,373
42529,Buffering,110592,313,5,4,0,0,2,1560,0,373,0,373
42778,Buffering,129024,365,5,4,0,0,2,1564,90,373,90,373
43029,Buffering,165888,470,5,4,0,0,2,1572,0,373,0,373
43277,Buffering,175104,496,5,4,0,0,2,1580,0,373,0,373
43524,Buffering,184320,522,5,4,0,0,2,1584,0,373,0,373
43773,Buffering,202752,574,5,4,0,0,2,1590,0,373,0,373
44022,Buffering,211968,600,5,4,0,0,2,1598,0,373,0,373
44271,Buffering,239616,679,5,4,0,0,2,1607,0,373,0,373
44519,Buffering,239616,679,5,4,0,0,2,1612,0,373,0,373
44765,Buffering,258048,731,5,4,0,0,2,1618,0,373,0,373
45014,Buffering,267264,757,5,4,0,0,2,1626,0,373,0,373
45263,Buffering,276480,783,5,4,0,0,2,1635,0,373,0,373
45514,Buffering,285696,809,5,4,0,0,2,1641,0,373,0,373
45761,Buffering,294912,835,5,4,0,0,2,1646,0,373,0,373
46011,Playing,248832,705,5,5,0,0,2,1656,0,373,0,373
46260,Playing,186368,528,5,5,0,0,2,1663,0,373,0,373
46510,Playing,123904,351,5,5,0,0,2,1669,0,373,0,373
46759,Playing,51200,145,5,5,0,0,2,1674,0,373,0,373
47008,Buffering,0,0,6,5,0,0,2,1683,0,373,0,373
47254,Buffering,9216,26,6,5,0,0,2,1689,0,373,0,373
47503,Buffering,18432,52,6,5,0,0,2,1696,0,373,0,373
47751,Buffering,27648,78,6,5,0,0,2,1702,0,373,0,373
48060,Buffering,55296,156,6,5,0,0,2,1714,0,373,0,373
48308,Buffering,73728,208,6,5,0,0,2,1718,1,373,1,373
48558,Buffering,92160,261,6,5,0,0,2,1724,0,373,0,373
48808,Buffering,92160,261,6,5,0,0,2,1734,0,373,0,373
49056,Buffering,119808,339,6,5,0,0,2,1741,4,373,4,373
49303,Buffering,129024,365,6,5,0,0,2,1747,4,373,4,373
49552,Buffering,138240,391,6,5,0,0,2,1753,0,373,0,373
49800,Buffering,138240,391,6,5,0,0,2,1758,4,373,4,373
50050,Buffering,138240,391,6,5,0,0,2,1771,0,373,0,373
50298,Buffering,138240,391,6,5,0,0,2,1776,5,373,5,373
50546,Buffering,138240,391,6,5,0,0,2,1782,0,373,0,373
50796,Buffering,138240,391,6,5,0,0,2,1788,0,373,0,373
51044,Buffering,147456,417,6,5,0,0,2,1800,4,373,4,373
51293,Buffering,156672,444,6,5,0,0,2,1806,0,373,0,373
51541,Buffering,156672,444,6,5,0,0,2,1812,10,373,10,373
51790,Buffering,165888,470,6,5,0,0,2,1818,0,373,0,373
52039,Reconnecting,0,0,6,6,0,0,2,1823,197,373,197,373
52287,Reconnecting,0,0,6,6,0,0,2,1823,197,373,197,373
52533,Reconnecting,0,0,6,6,0,0,2,1823,197,373,197,373
52782,Reconnecting,0,0,6,6,0,0,2,1823,197,373,197,373
53030,Reconnecting,0,0,6,6,0,0,2,1823,197,373,197,373
53280,Reconnecting,0,0,6,6,0,0,2,1823,197,373,197,373
53527,Reconnecting,0,0,6,6,0,0,2,1823,197,373,197,373
53776,Reconnecting,0,0,6,6,0,0,2,1823,197,373,197,373
54023,Reconnecting,0,0,6,6,0,0,2,1823,197,373,197,373
54271,Reconnecting,0,0,6,6,0,0,2,1823,197,373,197,373
54519,Reconnecting,0,0,6,6,0,0,2,1823,197,373,197,373
54765,Reconnecting,0,0,6,6,0,0,2,1823,197,373,197,373
55013,Reconnecting,0,0,6,6,0,0,2,1823,197,373,197,373
55261,Reconnecting,0,0,6,6,0,0,2,1823,197,373,197,373
55511,Reconnecting,0,0,6,6,0,0,2,1823,197,373,197,373
55762,Reconnecting,0,0,6,6,0,0,2,1823,197,373,197,373
56010,Reconnecting,0,0,6,6,0,0,2,1823,197,373,197,373
56260,Reconnecting,0,0,6,6,0,0,2,1823,197,373,197,373
56509,Reconnecting,0,0,6,6,0,0,2,1823,197,373,197,373
56760,Reconnecting,0,0,6,6,0,0,2,1823,197,373,197,373
57010,Reconnecting,0,0,6,6,0,0,3,1823,197,373,197,373
57261,Reconnecting,0,0,6,6,0,0,3,1823,197,373,197,373
57509,Reconnecting,0,0,6,6,0,0,3,1823,197,373,197,373
57760,Reconnecting,92160,261,6,6,0,0,3,1839,0,373,0,373
58007,Reconnecting,387072,1097,6,6,0,0,3,1926,0,373,0,373
58257,Playing,1552384,4400,6,6,0,0,3,2112,0,373,0,373
58506,Playing,1489920,4223,6,6,0,0,3,2118,0,373,0,373
58754,Playing,1409024,3993,6,6,0,0,3,2125,0,373,0,373
59005,Playing,1345536,3813,6,6,0,0,3,2130,0,373,0,373
59253,Playing,1292288,3662,6,6,0,0,3,2144,0,373,0,373
59503,Playing,1229824,3485,6,6,0,0,3,2148,1,373,1,373
59753,Playing,1148928,3256,6,6,0,0,3,2155,0,373,0,373
60001,Playing,1067008,3024,6,6,0,0,3,2163,0,373,0,373
60311,Playing,979968,2777,6,6,0,0,3,2173,4,373,4,373
60561,Playing,898048,2545,6,6,0,0,3,2179,4,373,4,373
60810,Playing,826368,2342,6,6,0,0,3,2190,0,373,0,373
61060,Playing,745472,2113,6,6,0,0,3,2196,0,373,0,373
61310,Playing,672768,1906,6,6,0,0,3,2200,9,373,9,373
61559,Playing,582656,1651,6,6,0,0,3,2206,5,373,5,373
61807,Playing,510976,1448,6,6,0,0,3,2215,0,373,0,373
62055,Playing,456704,1294,6,6,0,0,3,2224,0,373,0,373
62304,Playing,366592,1039,6,6,0,0,3,2231,0,373,0,373
62552,Playing,304128,862,6,6,0,0,3,2234,0,373,0,373
62800,Playing,231424,655,6,6,0,0,3,2240,3,373,3,373
63052,Playing,159744,452,6,6,0,0,3,2251,0,373,0,373
63300,Playing,78848,223,6,6,0,0,3,2257,0,373,0,373
63549,Playing,7168,20,6,6,0,0,3,2263,0,373,0,373
63799,Buffering,0,0,7,6,0,0,3,2268,4,373,4,373
64046,Buffering,9216,26,7,6,0,0,3,2280,0,373,0,373
64295,Buffering,9216,26,7,6,0,0,3,2286,3,373,3,373
64545,Buffering,9216,26,7,6,0,0,3,2293,4,373,4,373
64794,Buffering,18432,52,7,6,0,0,3,2299,0,373,0,373
65041,Buffering,27648,78,7,6,0,0,3,2310,0,373,0,373
65292,Buffering,36864,104,7,6,0,0,3,2316,0,373,0,373
65544,Buffering,46080,130,7,6,0,0,3,2322,0,373,0,373
65795,Buffering,55296,156,7,6,0,0,3,2329,0,373,0,373
66042,Buffering,64512,182,7,6,0,0,3,2341,5,373,5,373
66293,Buffering,73728,208,7,6,0,0,3,2348,3,373,3,373
66541,Buffering,82944,235,7,6,0,0,3,2352,3,373,3,373
66789,Buffering,92160,261,7,6,0,0,3,2358,4,373,4,373
67037,Buffering,119808,339,7,6,0,0,3,2368,3,373,3,373
67289,Buffering,129024,365,7,6,0,0,3,2374,4,373,4,373
67539,Buffering,147456,417,7,6,0,0,3,2380,0,373,0,373
67789,Buffering,147456,417,7,6,0,0,3,2384,6,373,6,373
68036,Buffering,156672,444,7,6,0,0,3,2396,0,373,0,373
68285,Buffering,165888,470,7,6,0,0,3,2401,2,373,2,373
68532,Buffering,175104,496,7,6,0,0,3,2407,6,373,6,373
68782,Playing,109568,310,7,7,0,0,3,2414,0,373,0,373
69030,Playing,28672,81,7,7,0,0,3,2427,0,373,0,373
69278,Buffering,9216,26,8,7,0,0,3,2433,0,373,0,373
69525,Buffering,9216,26,8,7,0,0,3,2437,2,373,2,373
69771,Buffering,9216,26,8,7,0,0,3,2444,0,373,0,373
70020,Buffering,27648,78,8,7,0,0,3,2456,3,373,3,373
70268,Buffering,36864,104,8,7,0,0,3,2462,4,373,4,373
70514,Buffering,46080,130,8,7,0,0,3,2468,0,373,0,373
70764,Buffering,46080,130,8,7,0,0,3,2473,0,373,0,373
71012,Buffering,55296,156,8,7,0,0,3,2484,0,373,0,373
71259,Buffering,55296,156,8,7,0,0,3,2491,4,373,4,373
71508,Buffering,64512,182,8,7,0,0,3,2497,0,373,0,373
71757,Buffering,73728,208,8,7,0,0,3,2501,4,373,4,373
72006,Buffering,73728,208,8,7,0,0,3,2510,0,373,0,373
72253,Buffering,92160,261,8,7,0,0,3,2519,0,373,0,373
72503,Buffering,101376,287,8,7,0,0,3,2525,0,373,0,373
72752,Buffering,110592,313,8,7,0,0,3,2531,0,373,0,373
73000,Buffering,119808,339,8,7,0,0,3,2536,2,373,2,373
73310,Buffering,138240,391,8,7,0,0,3,2548,0,373,0,373
73559,Buffering,147456,417,8,7,0,0,3,2553,21,373,21,373
73808,Buffering,165888,470,8,7,0,0,3,2559,0,373,0,373
74056,Buffering,184320,522,8,7,0,0,3,2567,0,373,0,373
74305,Playing,160768,455,8,8,0,0,3,2573,0,373,0,373
74556,Playing,70656,200,8,8,0,0,3,2579,0,373,0,373
74804,Buffering,0,0,9,8,0,0,3,2586,0,373,0,373
75056,Buffering,9216,26,9,8,0,0,3,2596,4,373,4,373
75304,Buffering,9216,26,9,8,0,0,3,2603,0,373,0,373
75554,Buffering,9216,26,9,8,0,0,3,2611,0,373,0,373
75802,Buffering,27648,78,9,8,0,0,3,2618,188,373,188,373
76049,Buffering,27648,78,9,8,0,0,3,2627,0,373,0,373
76298,Buffering,46080,130,9,8,0,0,3,2636,0,373,0,373
76545,Buffering,46080,130,9,8,0,0,3,2641,4,373,4,373
76793,Buffering,55296,156,9,8,0,0,3,2647,0,373,0,373
77041,Buffering,73728,208,9,8,0,0,3,2658,3,373,3,373
77291,Buffering,73728,208,9,8,0,0,3,2665,0,373,0,373
77543,Buffering,82944,235,9,8,0,0,3,2670,3,373,3,373
77792,Buffering,82944,235,9,8,0,0,3,2676,8,373,8,373
78039,Buffering,82944,235,9,8,0,0,3,2686,17,373,17,373
78289,Buffering,101376,287,9,8,0,0,3,2691,0,373,0,373
78537,Buffering,119808,339,9,8,0,0,3,2698,0,373,0,373
78786,Buffering,129024,365,9,8,0,0,3,2702,13,373,13,373
79034,Buffering,129024,365,9,8,0,0,3,2717,9,373,9,373
79283,Buffering,147456,417,9,8,0,0,3,2722,0,373,0,373
79532,Buffering,156672,444,9,8,0,0,3,2728,0,373,0,373
79777,Buffering,165888,470,9,8,0,0,3,2736,0,373,0,373
80027,Reconnecting,0,0,9,9,0,0,3,2738,1,373,1,373
80276,Reconnecting,0,0,9,9,0,0,3,2738,1,373,1,373
80526,Reconnecting,0,0,9,9,0,0,3,2738,1,373,1,373
80774,Reconnecting,0,0,9,9,0,0,3,2738,1,373,1,373
81023,Reconnecting,0,0,9,9,0,0,3,2738,1,373,1,373
81273,Reconnecting,0,0,9,9,0,0,3,2738,1,373,1,373
81522,Reconnecting,0,0,9,9,0,0,3,2738,1,373,1,373
81771,Reconnecting,0,0,9,9,0,0,3,2738,1,373,1,373
82020,Reconnecting,0,0,9,9,0,0,3,2738,1,373,1,373
82267,Reconnecting,0,0,9,9,0,0,3,2738,1,373,1,373
82516,Reconnecting,0,0,9,9,0,0,3,2738,1,373,1,373
82764,Reconnecting,0,0,9,9,0,0,3,2738,1,373,1,373
83014,Reconnecting,0,0,9,9,0,0,3,2738,1,373,1,373
83262,Reconnecting,0,0,9,9,0,0,3,2738,1,373,1,373
83511,Reconnecting,0,0,9,9,0,0,3,2738,1,373,1,373
83758,Reconnecting,0,0,9,9,0,0,3,2738,1,373,1,373
84009,Reconnecting,0,0,9,9,0,0,3,2738,1,373,1,373
84256,Reconnecting,0,0,9,9,0,0,3,2738,1,373,1,373
84506,Reconnecting,0,0,9,9,0,0,3,2738,1,373,1,373
84754,Reconnecting,0,0,9,9,0,0,3,2738,1,373,1,373
85001,Reconnecting,0,0,9,9,0,0,4,2738,1,373,1,373
85251,Reconnecting,0,0,9,9,0,0,4,2738,1,373,1,373
85561,Reconnecting,0,0,9,9,0,0,4,2754,0,373,1,373
85811,Reconnecting,0,0,9,9,0,0,4,2757,7,373,1,373
86059,Reconnecting,0,0,9,9,0,0,4,2757,7,373,1,373
86309,Reconnecting,0,0,9,9,0,0,4,2757,7,373,1,373
86557,Reconnecting,0,0,9,9,0,0,4,2757,7,373,1,373
86805,Reconnecting,0,0,9,9,0,0,4,2757,7,373,1,373
87052,Reconnecting,0,0,9,9,0,0,4,2757,7,373,1,373
87301,Reconnecting,0,0,9,9,0,0,4,2757,7,373,1,373
87549,Reconnecting,0,0,9,9,0,0,4,2757,7,373,1,373
87798,Reconnecting,0,0,9,9,0,0,4,2757,7,373,1,373
88046,Reconnecting,0,0,9,9,0,0,4,2757,7,373,1,373
88294,Reconnecting,0,0,9,9,0,0,4,2757,7,373,1,373
88543,Reconnecting,0,0,9,9,0,0,4,2757,7,373,1,373
88792,Reconnecting,0,0,9,9,0,0,4,2757,7,373,1,373
89040,Reconnecting,0,0,9,9,0,0,4,2757,7,373,1,373
89286,Reconnecting,0,0,9,9,0,0,4,2757,7,373,1,373
89535,Reconnecting,0,0,9,9,0,0,4,2757,7,373,1,373
89783,Reconnecting,0,0,9,9,0,0,4,2757,7,373,1,373
90034,Reconnecting,0,0,9,9,0,0,4,2757,7,373,1,373
90284,Reconnecting,0,0,9,9,0,0,4,2757,7,373,1,373
90531,Reconnecting,0,0,9,9,0,0,4,2757,7,373,1,373
90778,Reconnecting,0,0,9,9,0,0,5,2757,7,373,1,373
91027,Reconnecting,0,0,9,9,0,0,5,2757,7,373,1,373
91276,Reconnecting,0,0,9,9,0,0,5,2757,7,373,1,373
91524,Reconnecting,0,0,9,9,0,0,5,2765,0,373,1,373
91772,Reconnecting,202752,574,9,9,0,0,5,2805,0,373,0,373
92019,Reconnecting,1133568,3213,9,9,0,0,5,3000,0,373,0,373
92266,Playing,1419264,4022,9,9,0,0,5,3056,0,373,0,373
92512,Playing,1347584,3819,9,9,0,0,5,3062,0,373,0,373
92761,Playing,1284096,3639,9,9,0,0,5,3068,0,373,0,373
93009,Playing,1212416,3436,9,9,0,0,5,3075,166,373,166,373
93260,Playing,1140736,3233,9,9,0,0,5,3084,0,373,0,373
93510,Playing,1077248,3053,9,9,0,0,5,3090,0,373,0,373
93761,Playing,1014784,2876,9,9,0,0,5,3096,0,373,0,373
94011,Playing,933888,2647,9,9,0,0,5,3102,0,373,0,373
94258,Playing,880640,2496,9,9,0,0,5,3112,0,373,0,373
94507,Playing,807936,2290,9,9,0,0,5,3117,0,373,0,373
94755,Playing,717824,2034,9,9,0,0,5,3123,0,373,0,373
95004,Playing,663552,1880,9,9,0,0,5,3129,0,373,0,373
95254,Playing,582656,1651,9,9,0,0,5,3138,0,373,0,373
95503,Playing,492544,1396,9,9,0,0,5,3144,0,373,0,373
95753,Playing,411648,1166,9,9,0,0,5,3149,0,373,0,373
96002,Playing,338944,960,9,9,0,0,5,3153,0,373,0,373
96311,Playing,261120,740,9,9,0,0,5,3165,0,373,0,373
96560,Playing,188416,534,9,9,0,0,5,3171,0,373,0,373
96808,Playing,107520,304,9,9,0,0,5,3175,0,373,0,373
97059,Playing,45056,127,9,9,0,0,5,3187,0,373,0,373
97305,Buffering,18432,52,10,9,0,0,5,3191,40,373,40,373
97555,Buffering,46080,130,10,9,0,0,5,3196,0,373,0,373
97803,Buffering,55296,156,10,9,0,0,5,3202,0,373,0,373
98056,Buffering,82944,235,10,9,0,0,5,3211,0,373,0,373
98303,Buffering,92160,261,10,9,0,0,5,3217,0,373,0,373
98552,Buffering,101376,287,10,9,0,0,5,3221,30,373,30,373
98801,Buffering,101376,287,10,9,0,0,5,3229,0,373,0,373
99052,Buffering,110592,313,10,9,0,0,5,3240,29,373,29,373
99301,Buffering,119808,339,10,9,0,0,5,3246,0,373,0,373
99548,Buffering,138240,391,10,9,0,0,5,3252,0,373,0,373
99794,Buffering,147456,417,10,9,0,0,5,3258,0,373,0,373
100043,Buffering,156672,444,10,9,0,0,5,3269,0,373,0,373
100292,Buffering,165888,470,10,9,0,0,5,3275,0,373,0,373
100540,Buffering,175104,496,10,9,0,0,5,3282,0,373,0,373
100787,Buffering,202752,574,10,9,0,0,5,3288,0,373,0,373
101033,Buffering,230400,653,10,9,0,0,5,3294,201,373,201,373
101281,Buffering,248832,705,10,9,0,0,5,3306,0,373,0,373
101530,Buffering,248832,705,10,9,0,0,5,3311,4,373,4,373
101778,Buffering,248832,705,10,9,0,0,5,3318,2,373,2,373
102029,Buffering,258048,731,10,9,0,0,5,3332,0,373,0,373
102278,Playing,233472,661,10,10,0,0,5,3333,193,373,193,373
102530,Playing,161792,458,10,10,0,0,5,3344,0,373,0,373
102777,Playing,79872,226,10,10,0,0,5,3349,3,373,3,373
103026,Buffering,9216,26,11,10,0,0,5,3363,0,373,0,373
103276,Buffering,18432,52,11,10,0,0,5,3369,0,373,0,373
103525,Buffering,27648,78,11,10,0,0,5,3375,0,373,0,373
103774,Buffering,55296,156,11,10,0,0,5,3379,4,373,4,373
104019,Buffering,73728,208,11,10,0,0,5,3391,0,373,0,373
104269,Buffering,92160,261,11,10,0,0,5,3395,4,373,4,373
104516,Buffering,119808,339,11,10,0,0,5,3400,0,373,0,373
104766,Buffering,119808,339,11,10,0,0,5,3408,0,373,0,373
105014,Buffering,129024,365,11,10,0,0,5,3420,0,373,0,373
105264,Buffering,147456,417,11,10,0,0,5,3427,0,373,0,373
105512,Buffering,147456,417,11,10,0,0,5,3432,34,373,34,373
105761,Buffering,165888,470,11,10,0,0,5,3438,0,373,0,373
106009,Buffering,165888,470,11,10,0,0,5,3447,0,373,0,373
106257,Buffering,202752,574,11,10,0,0,5,3453,0,373,0,373
106505,Buffering,211968,600,11,10,0,0,5,3459,0,373,0,373
106755,Buffering,230400,653,11,10,0,0,5,3466,0,373,0,373
107002,Buffering,239616,679,11,10,0,0,5,3472,0,373,0,373
107312,Buffering,258048,731,11,10,0,0,5,3483,0,373,0,373
107562,Buffering,276480,783,11,10,0,0,5,3487,0,373,0,373
107810,Buffering,285696,809,11,10,0,0,5,3497,0,373,0,373
108059,Playing,269312,763,11,11,0,0,5,3504,0,373,0,373
108310,Playing,188416,534,11,11,0,0,5,3511,0,373,0,373
108556,Playing,98304,278,11,11,0,0,5,3516,4,373,4,373
108803,Playing,16384,46,11,11,0,0,5,3522,0,373,0,373
109049,Buffering,0,0,12,11,0,0,5,3535,5,373,5,373
109297,Buffering,0,0,12,11,0,0,5,3542,5,373,5,373
109545,Buffering,9216,26,12,11,0,0,5,3548,0,373,0,373
109795,Buffering,18432,52,12,11,0,0,5,3552,5,373,5,373
110044,Buffering,27648,78,12,11,0,0,5,3562,0,373,0,373
110293,Buffering,46080,130,12,11,0,0,5,3572,4,373,4,373
110547,Buffering,55296,156,12,11,0,0,5,3578,0,373,0,373
110794,Buffering,64512,182,12,11,0,0,5,3582,0,373,0,373
111042,Buffering,73728,208,12,11,0,0,5,3595,0,373,0,373
111295,Buffering,92160,261,12,11,0,0,5,3599,1,373,1,373
111543,Buffering,101376,287,12,11,0,0,5,3605,4,373,4,373
111791,Buffering,101376,287,12,11,0,0,5,3611,0,373,0,373
112043,Buffering,110592,313,12,11,0,0,5,3622,5,373,5,373
112291,Buffering,110592,313,12,11,0,0,5,3628,0,373,0,373
112543,Buffering,110592,313,12,11,0,0,5,3632,4,373,4,373
112793,Buffering,110592,313,12,11,0,0,5,3639,4,373,4,373
113042,Buffering,119808,339,12,11,0,0,5,3652,3,373,3,373
113290,Buffering,129024,365,12,11,0,0,5,3658,0,373,0,373
113539,Buffering,147456,417,12,11,0,0,5,3664,0,373,0,373
113788,Buffering,165888,470,12,11,0,0,5,3670,0,373,0,373
114035,Reconnecting,0,0,12,12,0,0,5,3678,188,373,188,373
114282,Reconnecting,0,0,12,12,0,0,5,3678,188,373,188,373
114531,Reconnecting,0,0,12,12,0,0,5,3678,188,373,188,373
114780,Reconnecting,0,0,12,12,0,0,5,3678,188,373,188,373
115029,Reconnecting,0,0,12,12,0,0,5,3678,188,373,188,373
115278,Reconnecting,0,0,12,12,0,0,5,3678,188,373,188,373
115526,Reconnecting,0,0,12,12,0,0,5,3678,188,373,188,373
115776,Reconnecting,0,0,12,12,0,0,5,3678,188,373,188,373
116024,Reconnecting,0,0,12,12,0,0,5,3678,188,373,188,373
116273,Reconnecting,0,0,12,12,0,0,5,3678,188,373,188,373
116521,Reconnecting,0,0,12,12,0,0,5,3678,188,373,188,373
116770,Reconnecting,0,0,12,12,0,0,5,3678,188,373,188,373
117018,Reconnecting,0,0,12,12,0,0,5,3678,188,373,188,373
117267,Reconnecting,0,0,12,12,0,0,5,3678,188,373,188,373
117515,Reconnecting,0,0,12,12,0,0,5,3678,188,373,188,373
117763,Reconnecting,0,0,12,12,0,0,5,3678,188,373,188,373
118011,Reconnecting,0,0,12,12,0,0,5,3678,188,373,188,373
118262,Reconnecting,0,0,12,12,0,0,5,3678,188,373,188,373
118510,Reconnecting,0,0,12,12,0,0,5,3678,188,373,188,373
118761,Reconnecting,0,0,12,12,0,0,5,3678,188,373,188,373
119009,Reconnecting,0,0,12,12,0,0,6,3678,188,373,188,373
119256,Reconnecting,0,0,12,12,0,0,6,3678,188,373,188,373
119502,Reconnecting,0,0,12,12,0,0,6,3678,188,373,188,373
119753,Reconnecting,0,0,12,12,0,0,6,3688,0,373,188,373
120003,Reconnecting,0,0,12,12,0,0,6,3695,14,373,188,373
120254,Reconnecting,0,0,12,12,0,0,6,3695,14,373,188,373
120560,Reconnecting,0,0,12,12,0,0,6,3695,14,373,188,373
120810,Reconnecting,0,0,12,12,0,0,6,3695,14,373,188,373
121061,Reconnecting,0,0,12,12,0,0,6,3695,14,373,188,373
121309,Reconnecting,0,0,12,12,0,0,6,3695,14,373,188,373
121555,Reconnecting,0,0,12,12,0,0,6,3695,14,373,188,373
121805,Reconnecting,0,0,12,12,0,0,6,3695,14,373,188,373
122053,Reconnecting,0,0,12,12,0,0,6,3695,14,373,188,373
122302,Reconnecting,0,0,12,12,0,0,6,3695,14,373,188,373
122547,Reconnecting,0,0,12,12,0,0,6,3695,14,373,188,373
122797,Reconnecting,0,0,12,12,0,0,6,3695,14,373,188,373
123043,Reconnecting,0,0,12,12,0,0,6,3695,14,373,188,373
123291,Reconnecting,0,0,12,12,0,0,6,3695,14,373,188,373
123540,Reconnecting,0,0,12,12,0,0,6,3695,14,373,188,373
123788,Reconnecting,0,0,12,12,0,0,6,3695,14,373,188,373
124037,Reconnecting,0,0,12,12,0,0,6,3695,14,373,188,373
124286,Reconnecting,0,0,12,12,0,0,6,3695,14,373,188,373
124534,Reconnecting,0,0,12,12,0,0,6,3695,14,373,188,373
124782,Reconnecting,0,0,12,12,0,0,6,3695,14,373,188,373
125027,Reconnecting,0,0,12,12,0,0,7,3695,14,373,188,373
125275,Reconnecting,0,0,12,12,0,0,7,3695,14,373,188,373
125523,Reconnecting,55296,156,12,12,0,0,7,3703,0,373,0,373
125771,Reconnecting,387072,1097,12,12,0,0,7,3753,0,373,0,373
126022,Playing,1633280,4629,12,12,0,0,7,3980,0,373,0,373
126272,Playing,1570816,4452,12,12,0,0,7,3989,0,373,0,373
126522,Playing,1498112,4246,12,12,0,0,7,3994,0,373,0,373
126768,Playing,1417216,4017,12,12,0,0,7,4001,0,373,0,373
127017,Playing,1345536,3813,12,12,0,0,7,4010,0,373,0,373
127266,Playing,1282048,3633,12,12,0,0,7,4018,0,373,0,373
127514,Playing,1201152,3404,12,12,0,0,7,4025,0,373,0,373
127763,Playing,1138688,3227,12,12,0,0,7,4031,0,373,0,373
128012,Playing,1084416,3073,12,12,0,0,7,4040,0,373,0,373
128263,Playing,1012736,2870,12,12,0,0,7,4047,0,373,0,373
128512,Playing,941056,2667,12,12,0,0,7,4053,0,373,0,373
128760,Playing,860160,2438,12,12,0,0,7,4059,0,373,0,373
129011,Playing,787456,2232,12,12,0,0,7,4067,0,373,0,373
129259,Playing,715776,2028,12,12,0,0,7,4074,30,373,30,373
129509,Playing,625664,1773,12,12,0,0,7,4080,0,373,0,373
129761,Playing,553984,1570,12,12,0,0,7,4087,0,373,0,373
130009,Playing,481280,1364,12,12,0,0,7,4091,68,373,68,373
130257,Playing,437248,1239,12,12,0,0,7,4102,0,373,0,373
130506,Playing,365568,1036,12,12,0,0,7,4108,0,373,0,373
130753,Playing,283648,803,12,12,0,0,7,4113,4,373,4,373
131003,Playing,193536,548,12,12,0,0,7,4120,173,373,173,373
131251,Playing,157696,446,12,12,0,0,7,4131,0,373,0,373
131564,Playing,70656,200,12,12,0,0,7,4137,0,373,0,373
131750,Playing,23552,66,12,12,0,0,7,4141,19,373,19,373
132001,Buffering,0,0,13,12,0,0,7,4147,0,373,0,373
132309,Buffering,36864,104,13,12,0,0,7,4157,0,373,0,373
132559,Buffering,46080,130,13,12,0,0,7,4164,0,373,0,373
132807,Buffering,55296,156,13,12,0,0,7,4171,0,373,0,373
133057,Buffering,73728,208,13,12,0,0,7,4181,1,373,1,373
133307,Buffering,92160,261,13,12,0,0,7,4187,0,373,0,373
133554,Buffering,92160,261,13,12,0,0,7,4193,0,373,0,373
133804,Buffering,110592,313,13,12,0,0,7,4201,174,373,0,373
134053,Buffering,129024,365,13,12,0,0,7,4213,0,373,0,373
134301,Buffering,129024,365,13,12,0,0,7,4218,0,373,0,373
134549,Buffering,156672,444,13,12,0,0,7,4223,0,373,0,373
134796,Buffering,156672,444,13,12,0,0,7,4230,0,373,0,373
135049,Buffering,165888,470,13,12,0,0,7,4241,0,373,0,373
135299,Buffering,165888,470,13,12,0,0,7,4247,1,373,1,373
135551,Buffering,184320,522,13,12,0,0,7,4253,0,373,0,373
135799,Buffering,202752,574,13,12,0,0,7,4257,25,373,25,373
136047,Buffering,221184,626,13,12,0,0,7,4269,0,373,0,373
136296,Buffering,221184,626,13,12,0,0,7,4273,19,373,19,373
136544,Buffering,221184,626,13,12,0,0,7,4281,0,373,0,373
136794,Buffering,221184,626,13,12,0,0,7,4289,0,373,0,373
137044,Playing,232448,658,13,13,0,0,7,4301,0,373,0,373
137294,Playing,169984,481,13,13,0,0,7,4307,0,373,0,373
137542,Playing,97280,275,13,13,0,0,7,4313,0,373,0,373
137790,Playing,16384,46,13,13,0,0,7,4317,0,373,1,373
138040,Buffering,9216,26,14,13,0,0,7,4329,0,373,0,373
138289,Buffering,36864,104,14,13,0,0,7,4335,0,373,0,373
138536,Buffering,55296,156,14,13,0,0,7,4339,0,373,0,373
138785,Buffering,64512,182,14,13,0,0,7,4345,0,373,0,373
139033,Buffering,82944,235,14,13,0,0,7,4358,0,373,0,373
139282,Buffering,82944,235,14,13,0,0,7,4363,0,373,0,373
139530,Buffering,82944,235,14,13,0,0,7,4369,0,373,0,373
139777,Buffering,82944,235,14,13,0,0,7,4375,0,373,0,373
140026,Buffering,92160,261,14,13,0,0,7,4381,176,373,176,373
140275,Buffering,92160,261,14,13,0,0,7,4391,0,373,0,373
140525,Buffering,101376,287,14,13,0,0,7,4397,0,373,0,373
140770,Buffering,119808,339,14,13,0,0,7,4403,0,373,0,373
141020,Buffering,138240,391,14,13,0,0,7,4415,4,373,4,373
141268,Buffering,138240,391,14,13,0,0,7,4421,0,373,0,373
141518,Buffering,147456,417,14,13,0,0,7,4427,0,373,0,373
141768,Buffering,165888,470,14,13,0,0,7,4433,0,373,0,373
142015,Buffering,193536,548,14,13,0,0,7,4444,3,373,4,373
142264,Buffering,202752,574,14,13,0,0,7,4450,12,373,12,373
142510,Buffering,202752,574,14,13,0,0,7,4456,0,373,0,373
142758,Buffering,211968,600,14,13,0,0,7,4460,4,373,4,373
143007,Playing,221184,626,14,14,0,0,7,4469,0,373,0,373
143254,Playing,131072,371,14,14,0,0,7,4476,4,373,4,373
143503,Playing,40960,116,14,14,0,0,7,4482,3,373,3,373
143752,Playing,0,0,14,14,0,0,7,4488,0,373,0,373
144000,Buffering,9216,26,15,14,0,0,7,4493,4,373,4,373
144308,Buffering,27648,78,15,14,0,0,7,4505,4,373,4,373
144556,Buffering,36864,104,15,14,0,0,7,4511,0,373,0,373
144804,Buffering,55296,156,15,14,0,0,7,4518,187,373,187,373
145052,Buffering,64512,182,15,14,0,0,7,4528,3,373,3,373
145301,Buffering,64512,182,15,14,0,0,7,4535,5,373,5,373
145550,Buffering,73728,208,15,14,0,0,7,4541,0,373,0,373
145800,Buffering,73728,208,15,14,0,0,7,4546,4,373,4,373
146048,Buffering,82944,235,15,14,0,0,7,4559,0,373,0,373
146297,Buffering,101376,287,15,14,0,0,7,4562,0,373,0,373
146545,Buffering,101376,287,15,14,0,0,7,4568,8,373,8,373
146792,Buffering,119808,339,15,14,0,0,7,4573,0,373,0,373
147042,Buffering,156672,444,15,14,0,0,7,4582,0,373,0,373
147293,Buffering,184320,522,15,14,0,0,7,4587,0,373,0,373
147545,Buffering,184320,522,15,14,0,0,7,4593,3,373,3,373
147795,Buffering,184320,522,15,14,0,0,7,4600,4,373,4,373
148043,Buffering,211968,600,15,14,0,0,7,4612,0,373,0,373
148291,Buffering,230400,653,15,14,0,0,7,4618,0,373,0,373
148541,Buffering,239616,679,15,14,0,0,7,4622,2,373,2,373
148788,Buffering,248832,705,15,14,0,0,7,4628,4,373,4,373
149037,Reconnecting,0,0,15,15,0,0,7,4630,1,373,1,373
149285,Reconnecting,0,0,15,15,0,0,7,4630,1,373,1,373
149531,Reconnecting,0,0,15,15,0,0,7,4630,1,373,1,373
149782,Reconnecting,0,0,15,15,0,0,7,4630,1,373,1,373
150033,Reconnecting,0,0,15,15,0,0,7,4630,1,373,1,373
150281,Reconnecting,0,0,15,15,0,0,7,4630,1,373,1,373
150529,Reconnecting,0,0,15,15,0,0,7,4630,1,373,1,373
150776,Reconnecting,0,0,15,15,0,0,7,4630,1,373,1,373
151026,Reconnecting,0,0,15,15,0,0,7,4630,1,373,1,373
151274,Reconnecting,0,0,15,15,0,0,7,4630,1,373,1,373
151523,Reconnecting,0,0,15,15,0,0,7,4630,1,373,1,373
151772,Reconnecting,0,0,15,15,0,0,7,4630,1,373,1,373
152021,Reconnecting,0,0,15,15,0,0,7,4630,1,373,1,373
152271,Reconnecting,0,0,15,15,0,0,7,4630,1,373,1,373
152521,Reconnecting,0,0,15,15,0,0,7,4630,1,373,1,373
152769,Reconnecting,0,0,15,15,0,0,7,4630,1,373,1,373
153016,Reconnecting,0,0,15,15,0,0,7,4630,1,373,1,373
153263,Reconnecting,0,0,15,15,0,0,7,4630,1,373,1,373
153510,Reconnecting,0,0,15,15,0,0,7,4630,1,373,1,373
153761,Reconnecting,0,0,15,15,0,0,7,4630,1,373,1,373
154009,Reconnecting,0,0,15,15,0,0,8,4630,1,373,1,373
154258,Reconnecting,0,0,15,15,0,0,8,4630,1,373,1,373
154507,Reconnecting,0,0,15,15,0,0,8,4638,0,373,1,373
154758,Reconnecting,313344,888,15,15,0,0,8,4695,0,373,0,373
155008,Playing,1735680,4919,15,15,0,0,8,4905,2,373,2,373
155256,Playing,1681408,4765,15,15,0,0,8,4913,0,373,0,373
155509,Playing,1618944,4588,15,15,0,0,8,4917,3,373,3,373
155758,Playing,1538048,4359,15,15,0,0,8,4924,0,373,0,373
156006,Playing,1475584,4182,15,15,0,0,8,4934,0,373,0,373
156254,Playing,1412096,4002,15,15,0,0,8,4941,0,373,0,373
156504,Playing,1321984,3747,15,15,0,0,8,4947,0,373,0,373
156751,Playing,1231872,3491,15,15,0,0,8,4952,3,373,3,373
157000,Playing,1149952,3259,15,15,0,0,8,4959,0,373,0,373
157250,Playing,1096704,3108,15,15,0,0,8,4969,4,373,4,373
157501,Playing,1006592,2853,15,15,0,0,8,4975,4,373,4,373
157811,Playing,909312,2577,15,15,0,0,8,4987,0,373,0,373
158061,Playing,819200,2321,15,15,0,0,8,4994,3,373,3,373
158311,Playing,729088,2066,15,15,0,0,8,5001,1,373,1,373
158559,Playing,665600,1886,15,15,0,0,8,5007,4,373,4,373
158812,Playing,612352,1735,15,15,0,0,8,5019,0,373,0,373
159000,Playing,546816,1549,15,15,0,0,8,5019,0,373,0,373
159311,Playing,459776,1303,15,15,0,0,8,5030,0,373,0,373
159559,Playing,396288,1123,15,15,0,0,8,5037,0,373,0,373
159805,Playing,333824,946,15,15,0,0,8,5044,0,373,0,373
160051,Playing,261120,740,15,15,0,0,8,5053,0,373,0,373
160301,Playing,171008,484,15,15,0,0,8,5059,1,373,1,373
160551,Playing,80896,229,15,15,0,0,8,5066,6,373,6,373
160799,Playing,8192,23,15,15,0,0,8,5072,0,373,0,373
161049,Buffering,9216,26,16,15,0,0,8,5082,3,373,3,373
161298,Buffering,27648,78,16,15,0,0,8,5086,3,373,3,373
161545,Buffering,36864,104,16,15,0,0,8,5092,0,373,0,373
161796,Buffering,64512,182,16,15,0,0,8,5098,0,373,0,373
162043,Buffering,73728,208,16,15,0,0,8,5113,0,373,0,373
162293,Buffering,101376,287,16,15,0,0,8,5119,0,373,0,373
162543,Buffering,110592,313,16,15,0,0,8,5124,0,373,0,373
162792,Buffering,129024,365,16,15,0,0,8,5130,0,373,0,373
163040,Buffering,129024,365,16,15,0,0,8,5144,0,373,0,373
163287,Buffering,129024,365,16,15,0,0,8,5150,0,373,0,373
163536,Buffering,129024,365,16,15,0,0,8,5157,0,373,0,373
163785,Buffering,129024,365,16,15,0,0,8,5163,0,373,0,373
164035,Buffering,147456,417,16,15,0,0,8,5175,0,373,0,373
164283,Buffering,147456,417,16,15,0,0,8,5180,0,373,0,373
164531,Buffering,156672,444,16,15,0,0,8,5186,15,373,15,373
164777,Buffering,175104,496,16,15,0,0,8,5191,0,373,0,373
165028,Buffering,175104,496,16,15,0,0,8,5203,13,373,13,373
165277,Buffering,184320,522,16,15,0,0,8,5209,0,373,0,373
165525,Buffering,184320,522,16,15,0,0,8,5217,0,373,0,373
165774,Buffering,202752,574,16,15,0,0,8,5223,0,373,0,373
166021,Playing,212992,603,16,16,0,0,8,5234,4,373,4,373
166269,Playing,122880,348,16,16,0,0,8,5241,3,373,3,373
166518,Playing,50176,142,16,16,0,0,8,5247,0,373,0,373
166764,Playing,0,0,16,16,0,0,8,5250,0,373,0,373
167013,Buffering,9216,26,17,16,0,0,8,5262,0,373,0,373
167259,Buffering,9216,26,17,16,0,0,8,5268,13,373,13,373
167508,Buffering,9216,26,17,16,0,0,8,5274,4,373,4,373
167755,Buffering,18432,52,17,16,0,0,8,5279,0,373,0,373
168003,Buffering,27648,78,17,16,0,0,8,5289,0,373,0,373
168253,Buffering,36864,104,17,16,0,0,8,5296,4,373,4,373
168501,Buffering,55296,156,17,16,0,0,8,5302,0,373,0,373
168811,Buffering,64512,182,17,16,0,0,8,5315,0,373,0,373
169062,Buffering,82944,235,17,16,0,0,8,5321,0,373,0,373
169312,Buffering,101376,287,17,16,0,0,8,5327,0,373,0,373
169561,Buffering,119808,339,17,16,0,0,8,5331,4,373,4,373
169809,Buffering,119808,339,17,16,0,0,8,5338,0,373,0,373
170061,Buffering,138240,391,17,16,0,0,8,5348,0,373,0,373
170308,Buffering,138240,391,17,16,0,0,8,5354,0,373,0,373
170557,Buffering,138240,391,17,16,0,0,8,5360,0,373,0,373
170807,Buffering,147456,417,17,16,0,0,8,5368,0,373,0,373
171055,Buffering,156672,444,17,16,0,0,8,5375,0,373,0,373
171303,Buffering,156672,444,17,16,0,0,8,5381,5,373,5,373
171552,Buffering,156672,444,17,16,0,0,8,5387,0,373,0,373
171798,Buffering,165888,470,17,16,0,0,8,5393,0,373,0,373
172047,Playing,75776,214,17,17,0,0,8,5405,0,373,0,373
172296,Playing,0,0,17,17,0,0,8,5411,0,373,0,373
172544,Buffering,18432,52,18,17,0,0,8,5417,0,373,0,373
172792,Buffering,18432,52,18,17,0,0,8,5425,0,373,0,373
173042,Buffering,46080,130,18,17,0,0,8,5435,4,373,4,373
173290,Buffering,46080,130,18,17,0,0,8,5441,4,373,4,373
173539,Buffering,46080,130,18,17,0,0,8,5447,0,373,0,373
173789,Buffering,46080,130,18,17,0,0,8,5452,2,373,2,373
174036,Buffering,55296,156,18,17,0,0,8,5463,2,373,2,373
174286,Buffering,64512,182,18,17,0,0,8,5469,0,373,0,373
174538,Buffering,92160,261,18,17,0,0,8,5475,0,373,0,373
174784,Buffering,101376,287,18,17,0,0,8,5479,3,373,3,373
175035,Buffering,101376,287,18,17,0,0,8,5494,0,373,0,373
175284,Buffering,119808,339,18,17,0,0,8,5499,0,373,0,373
175533,Buffering,138240,391,18,17,0,0,8,5503,4,373,4,373
175783,Buffering,156672,444,18,17,0,0,8,5509,0,373,0,373
176033,Buffering,193536,548,18,17,0,0,8,5521,0,373,0,373
176284,Buffering,221184,626,18,17,0,0,8,5527,0,373,0,373
176532,Buffering,239616,679,18,17,0,0,8,5531,4,373,5,373
176781,Buffering,248832,705,18,17,0,0,8,5537,4,373,4,373
177029,Buffering,258048,731,18,17,0,0,8,5547,3,373,3,373
177278,Buffering,258048,731,18,17,0,0,8,5554,4,373,4,373
177526,Reconnecting,0,0,18,18,0,0,8,5559,4,373,4,373
177775,Reconnecting,0,0,18,18,0,0,8,5559,4,373,4,373
178024,Reconnecting,0,0,18,18,0,0,8,5559,4,373,4,373
178275,Reconnecting,0,0,18,18,0,0,8,5559,4,373,4,373
178525,Reconnecting,0,0,18,18,0,0,8,5559,4,373,4,373
178773,Reconnecting,0,0,18,18,0,0,8,5559,4,373,4,373
179023,Reconnecting,0,0,18,18,0,0,8,5559,4,373,4,373
179272,Reconnecting,0,0,18,18,0,0,8,5559,4,373,4,373
179521,Reconnecting,0,0,18,18,0,0,8,5559,4,373,4,373
179769,Reconnecting,0,0,18,18,0,0,8,5559,4,373,4,373
180018,Reconnecting,0,0,18,18,0,0,8,5559,4,373,4,373
180268,Reconnecting,0,0,18,18,0,0,8,5559,4,373,4,373
180517,Reconnecting,0,0,18,18,0,0,8,5559,4,373,4,373
180766,Reconnecting,0,0,18,18,0,0,8,5559,4,373,4,373
181014,Reconnecting,0,0,18,18,0,0,8,5559,4,373,4,373
181263,Reconnecting,0,0,18,18,0,0,8,5559,4,373,4,373
181511,Reconnecting,0,0,18,18,0,0,8,5559,4,373,4,373
181763,Reconnecting,0,0,18,18,0,0,8,5559,4,373,4,373
182009,Reconnecting,0,0,18,18,0,0,8,5559,4,373,4,373
182255,Reconnecting,0,0,18,18,0,0,8,5559,4,373,4,373
182504,Reconnecting,0,0,18,18,0,0,9,5559,4,373,4,373
182753,Reconnecting,0,0,18,18,0,0,9,5559,4,373,4,373
183060,Reconnecting,0,0,18,18,0,0,9,5567,0,373,4,373
183310,Reconnecting,258048,731,18,18,0,0,9,5611,0,373,0,373
183559,Playing,1687552,4783,18,18,0,0,9,5830,0,373,0,373
183809,Playing,1615872,4580,18,18,0,0,9,5843,0,373,0,373
184055,Playing,1533952,4347,18,18,0,0,9,5850,0,373,0,373
184302,Playing,1462272,4144,18,18,0,0,9,5857,0,373,0,373
184550,Playing,1381376,3915,18,18,0,0,9,5864,0,373,0,373
184801,Playing,1299456,3683,18,18,0,0,9,5869,5,373,5,373
185047,Playing,1227776,3480,18,18,0,0,9,5881,0,373,0,373
185296,Playing,1146880,3250,18,18,0,0,9,5885,3,373,3,373
185542,Playing,1064960,3018,18,18,0,0,9,5892,4,373,4,373
185792,Playing,984064,2789,18,18,0,0,9,5897,0,373,0,373
186042,Playing,940032,2664,18,18,0,0,9,5909,0,373,0,373
186290,Playing,867328,2458,18,18,0,0,9,5913,3,373,3,373
186539,Playing,786432,2229,18,18,0,0,9,5919,0,373,0,373
186787,Playing,714752,2025,18,18,0,0,9,5925,0,373,0,373
187038,Playing,652288,1848,18,18,0,0,9,5936,0,373,0,373
187287,Playing,570368,1616,18,18,0,0,9,5944,0,373,0,373
187535,Playing,498688,1413,18,18,0,0,9,5949,0,373,0,373
187785,Playing,417792,1184,18,18,0,0,9,5955,4,373,4,373
188034,Playing,345088,978,18,18,0,0,9,5968,0,373,0,373
188284,Playing,273408,774,18,18,0,0,9,5975,0,373,0,373
188532,Playing,192512,545,18,18,0,0,9,5981,0,373,0,373
188781,Playing,119808,339,18,18,0,0,9,5986,3,373,3,373
189030,Playing,38912,110,18,18,0,0,9,6000,0,373,0,373
189278,Buffering,18432,52,19,18,0,0,9,6006,0,373,0,373
189527,Buffering,36864,104,19,18,0,0,9,6013,0,373,0,373
189776,Buffering,55296,156,19,18,0,0,9,6018,0,373,0,373
190025,Buffering,92160,261,19,18,0,0,9,6030,0,373,0,373
190274,Buffering,119808,339,19,18,0,0,9,6036,0,373,0,373
190522,Buffering,119808,339,19,18,0,0,9,6041,3,373,3,373
190769,Buffering,119808,339,19,18,0,0,9,6047,0,373,0,373
191017,Buffering,119808,339,19,18,0,0,9,6057,4,373,4,373
191262,Buffering,119808,339,19,18,0,0,9,6064,5,373,5,373
191512,Buffering,129024,365,19,18,0,0,9,6070,0,373,0,373
191761,Buffering,138240,391,19,18,0,0,9,6075,0,373,0,373
192010,Buffering,156672,444,19,18,0,0,9,6087,3,373,3,373
192259,Buffering,165888,470,19,18,0,0,9,6093,4,373,4,373
192507,Buffering,175104,496,19,18,0,0,9,6099,0,373,0,373
192753,Buffering,184320,522,19,18,0,0,9,6106,0,373,0,373
193002,Buffering,202752,574,19,18,0,0,9,6112,0,373,0,373
193251,Buffering,221184,626,19,18,0,0,9,6124,1,373,1,373
193501,Buffering,221184,626,19,18,0,0,9,6132,3,373,3,373
193811,Buffering,230400,653,19,18,0,0,9,6143,0,373,0,373
194059,Buffering,230400,653,19,18,0,0,9,6151,6,373,6,373
194306,Playing,198656,563,19,19,0,0,9,6157,0,373,0,373
194556,Playing,135168,383,19,19,0,0,9,6161,2,373,2,373
194806,Playing,63488,179,19,19,0,0,9,6171,0,373,0,373
195056,Buffering,9216,26,20,19,0,0,9,6180,0,373,0,373
195307,Buffering,9216,26,20,19,0,0,9,6186,3,373,3,373
195555,Buffering,27648,78,20,19,0,0,9,6192,0,373,0,373
195803,Buffering,46080,130,20,19,0,0,9,6196,5,373,5,373
196052,Buffering,55296,156,20,19,0,0,9,6209,4,373,4,373
196300,Buffering,64512,182,20,19,0,0,9,6215,0,373,0,373
196550,Buffering,82944,235,20,19,0,0,9,6221,0,373,0,373
196799,Buffering,101376,287,20,19,0,0,9,6228,0,373,0,373
197045,Buffering,110592,313,20,19,0,0,9,6240,4,373,4,373
197294,Buffering,110592,313,20,19,0,0,9,6247,0,373,0,373
197543,Buffering,110592,313,20,19,0,0,9,6252,2,373,2,373
197792,Buffering,110592,313,20,19,0,0,9,6260,2,373,2,373
198040,Buffering,119808,339,20,19,0,0,9,6271,2,373,2,373
198288,Buffering,119808,339,20,19,0,0,9,6279,0,373,0,373
198534,Buffering,138240,391,20,19,0,0,9,6285,0,373,0,373
198784,Buffering,138240,391,20,19,0,0,9,6290,3,373,3,373
199033,Buffering,165888,470,20,19,0,0,9,6302,0,373,0,373
199281,Buffering,175104,496,20,19,0,0,9,6307,8,373,8,373
199530,Buffering,184320,522,20,19,0,0,9,6313,2,373,2,373
199776,Buffering,193536,548,20,19,0,0,9,6319,0,373,0,373
200027,Playing,203776,577,20,20,0,0,9,6333,0,373,0,373
200280,Playing,121856,345,20,20,0,0,9,6339,0,373,0,373
200528,Playing,40960,116,20,20,0,0,9,6346,0,373,0,373
200775,Playing,0,0,20,20,0,0,9,6353,0,373,0,373
201025,Buffering,9216,26,21,20,0,0,9,6359,0,373,0,373
201276,Buffering,9216,26,21,20,0,0,9,6372,1,373,1,373
201524,Buffering,9216,26,21,20,0,0,9,6377,0,373,0,373
201772,Buffering,9216,26,21,20,0,0,9,6385,3,373,3,373
202022,Buffering,18432,52,21,20,0,0,9,6398,0,373,0,373
202272,Buffering,36864,104,21,20,0,0,9,6404,0,373,0,373
202523,Buffering,55296,156,21,20,0,0,9,6410,0,373,0,373
202769,Buffering,73728,208,21,20,0,0,9,6414,5,373,5,373
203019,Buffering,92160,261,21,20,0,0,9,6428,0,373,0,373
203269,Buffering,101376,287,21,20,0,0,9,6434,0,373,0,373
203517,Buffering,101376,287,21,20,0,0,9,6442,0,373,0,373
203765,Buffering,110592,313,21,20,0,0,9,6449,0,373,0,373
204015,Buffering,119808,339,21,20,0,0,9,6459,0,373,0,373
204263,Buffering,119808,339,21,20,0,0,9,6466,0,373,0,373
204511,Buffering,119808,339,21,20,0,0,9,6470,4,373,4,373
204758,Buffering,138240,391,21,20,0,0,9,6476,0,373,0,373
205004,Buffering,147456,417,21,20,0,0,9,6482,0,373,0,373
205251,Buffering,156672,444,21,20,0,0,9,6494,3,373,3,373
205501,Buffering,156672,444,21,20,0,0,9,6501,3,373,3,373
205812,Reconnecting,0,0,21,21,0,0,9,6507,190,373,190,373
206059,Reconnecting,0,0,21,21,0,0,9,6507,190,373,190,373
206305,Reconnecting,0,0,21,21,0,0,9,6507,190,373,190,373
206556,Reconnecting,0,0,21,21,0,0,9,6507,190,373,190,373
206805,Reconnecting,0,0,21,21,0,0,9,6507,190,373,190,373
207056,Reconnecting,0,0,21,21,0,0,9,6507,190,373,190,373
207304,Reconnecting,0,0,21,21,0,0,9,6507,190,373,190,373
207553,Reconnecting,0,0,21,21,0,0,9,6507,190,373,190,373
207801,Reconnecting,0,0,21,21,0,0,9,6507,190,373,190,373
208051,Reconnecting,0,0,21,21,0,0,9,6507,190,373,190,373
208300,Reconnecting,0,0,21,21,0,0,9,6507,190,373,190,373
208546,Reconnecting,0,0,21,21,0,0,9,6507,190,373,190,373
208794,Reconnecting,0,0,21,21,0,0,9,6507,190,373,190,373
209042,Reconnecting,0,0,21,21,0,0,9,6507,190,373,190,373
209290,Reconnecting,0,0,21,21,0,0,9,6507,190,373,190,373
209536,Reconnecting,0,0,21,21,0,0,9,6507,190,373,190,373
209785,Reconnecting,0,0,21,21,0,0,9,6507,190,373,190,373
210033,Reconnecting,0,0,21,21,0,0,9,6507,190,373,190,373
210282,Reconnecting,0,0,21,21,0,0,9,6507,190,373,190,373
210532,Reconnecting,0,0,21,21,0,0,9,6507,190,373,190,373
210782,Reconnecting,0,0,21,21,0,0,9,6507,190,373,190,373
211031,Reconnecting,0,0,21,21,0,0,10,6507,190,373,190,373
211282,Reconnecting,0,0,21,21,0,0,10,6507,190,373,190,373
211531,Reconnecting,0,0,21,21,0,0,10,6519,0,373,190,373
211781,Reconnecting,0,0,21,21,0,0,10,6524,6,373,190,373
212030,Reconnecting,0,0,21,21,0,0,10,6524,6,373,190,373
212280,Reconnecting,0,0,21,21,0,0,10,6524,6,373,190,373
212529,Reconnecting,0,0,21,21,0,0,10,6524,6,373,190,373
212776,Reconnecting,0,0,21,21,0,0,10,6524,6,373,190,373
213025,Reconnecting,0,0,21,21,0,0,10,6524,6,373,190,373
213273,Reconnecting,0,0,21,21,0,0,10,6524,6,373,190,373
213520,Reconnecting,0,0,21,21,0,0,10,6524,6,373,190,373
213767,Reconnecting,0,0,21,21,0,0,10,6524,6,373,190,373
214016,Reconnecting,0,0,21,21,0,0,10,6524,6,373,190,373
214264,Reconnecting,0,0,21,21,0,0,10,6524,6,373,190,373
214513,Reconnecting,0,0,21,21,0,0,10,6524,6,373,190,373
214759,Reconnecting,0,0,21,21,0,0,10,6524,6,373,190,373
215009,Reconnecting,0,0,21,21,0,0,10,6524,6,373,190,373
215260,Reconnecting,0,0,21,21,0,0,10,6524,6,373,190,373
215512,Reconnecting,0,0,21,21,0,0,10,6524,6,373,190,373
215760,Reconnecting,0,0,21,21,0,0,10,6524,6,373,190,373
216007,Reconnecting,0,0,21,21,0,0,10,6524,6,373,190,373
216255,Reconnecting,0,0,21,21,0,0,10,6524,6,373,190,373
216504,Reconnecting,0,0,21,21,0,0,10,6524,6,373,190,373
216754,Reconnecting,0,0,21,21,0,0,11,6524,6,373,190,373
217002,Reconnecting,0,0,21,21,0,0,11,6524,6,373,190,373
217310,Reconnecting,0,0,21,21,0,0,11,6528,0,373,190,373
217557,Reconnecting,129024,365,21,21,0,0,11,6556,0,373,0,373
217809,Reconnecting,893952,2533,21,21,0,0,11,6669,0,373,0,373
218057,Playing,1703936,4829,21,21,0,0,11,6804,4,373,4,373
218305,Playing,1613824,4574,21,21,0,0,11,6811,4,373,4,373
218555,Playing,1531904,4342,21,21,0,0,11,6815,1,373,1,373
218804,Playing,1441792,4086,21,21,0,0,11,6821,3,373,3,373
219052,Playing,1351680,3831,21,21,0,0,11,6836,0,373,0,373
219303,Playing,1278976,3625,21,21,0,0,11,6843,0,373,0,373
219553,Playing,1188864,3369,21,21,0,0,11,6851,0,373,0,373
219803,Playing,1098752,3114,21,21,0,0,11,6856,1,373,1,373
220054,Playing,1017856,2885,21,21,0,0,11,6869,0,373,0,373
220302,Playing,945152,2679,21,21,0,0,11,6874,4,373,4,373
220553,Playing,864256,2449,21,21,0,0,11,6880,0,373,0,373
220803,Playing,783360,2220,21,21,0,0,11,6886,0,373,0,373
221049,Playing,710656,2014,21,21,0,0,11,6900,0,373,0,373
221296,Playing,629760,1785,21,21,0,0,11,6905,0,373,0,373
221546,Playing,539648,1529,21,21,0,0,11,6913,2,373,2,373
221796,Playing,457728,1297,21,21,0,0,11,6921,5,373,5,373
222044,Playing,404480,1146,21,21,0,0,11,6932,0,373,0,373
222293,Playing,332800,943,21,21,0,0,11,6938,0,373,0,373
222541,Playing,250880,711,21,21,0,0,11,6944,3,373,3,373
222790,Playing,169984,481,21,21,0,0,11,6951,0,373,0,373
223038,Playing,89088,252,21,21,0,0,11,6967,0,373,0,373
223287,Playing,16384,46,21,21,0,0,11,6971,3,373,3,373
223537,Buffering,9216,26,22,21,0,0,11,6977,0,373,0,373
223788,Buffering,36864,104,22,21,0,0,11,6983,0,373,0,373
224035,Buffering,55296,156,22,21,0,0,11,6995,3,373,3,373
224283,Buffering,55296,156,22,21,0,0,11,7002,0,373,0,373
224533,Buffering,55296,156,22,21,0,0,11,7009,0,373,0,373
224781,Buffering,82944,235,22,21,0,0,11,7015,0,373,0,373
225029,Buffering,82944,235,22,21,0,0,11,7029,0,373,0,373
225278,Buffering,92160,261,22,21,0,0,11,7034,0,373,0,373
225527,Buffering,92160,261,22,21,0,0,11,7042,0,373,0,373
225776,Buffering,129024,365,22,21,0,0,11,7047,0,373,0,373
226023,Buffering,129024,365,22,21,0,0,11,7061,0,373,0,373
226272,Buffering,129024,365,22,21,0,0,11,7069,4,373,4,373
226521,Buffering,138240,391,22,21,0,0,11,7074,0,373,0,373
226771,Buffering,147456,417,22,21,0,0,11,7081,0,373,0,373
227017,Buffering,175104,496,22,21,0,0,11,7091,0,373,0,373
227267,Buffering,202752,574,22,21,0,0,11,7099,4,373,4,373
227513,Buffering,211968,600,22,21,0,0,11,7105,16,373,16,373
227763,Buffering,211968,600,22,21,0,0,11,7111,1,373,1,373
228010,Buffering,248832,705,22,21,0,0,11,7116,0,373,0,373
228260,Buffering,258048,731,22,21,0,0,11,7126,0,373,0,373
228509,Playing,225280,638,22,22,0,0,11,7134,4,373,4,373
228756,Playing,135168,383,22,22,0,0,11,7142,0,373,0,373
229004,Playing,53248,150,22,22,0,0,11,7149,0,373,0,373
229252,Buffering,0,0,23,22,0,0,11,7165,0,373,0,373
229563,Buffering,0,0,23,22,0,0,11,7171,19,373,19,373
229750,Buffering,0,0,23,22,0,0,11,7178,4,373,4,373
230060,Buffering,9216,26,23,22,0,0,11,7189,2,373,2,373
230308,Buffering,9216,26,23,22,0,0,11,7196,0,373,0,373
230557,Buffering,18432,52,23,22,0,0,11,7203,0,373,0,373
230806,Buffering,46080,130,23,22,0,0,11,7209,0,373,0,373
231056,Buffering,64512,182,23,22,0,0,11,7222,0,373,0,373
231304,Buffering,73728,208,23,22,0,0,11,7229,0,373,0,373
231556,Buffering,73728,208,23,22,0,0,11,7236,0,373,0,373
231802,Buffering,92160,261,23,22,0,0,11,7241,0,373,0,373
232049,Buffering,92160,261,23,22,0,0,11,7255,1,373,1,373
232298,Buffering,92160,261,23,22,0,0,11,7262,0,373,0,373
232547,Buffering,110592,313,23,22,0,0,11,7269,0,373,0,373
232795,Buffering,110592,313,23,22,0,0,11,7278,0,373,0,373
233043,Buffering,129024,365,23,22,0,0,11,7290,0,373,0,373
233291,Buffering,129024,365,23,22,0,0,11,7298,0,373,0,373
233538,Buffering,129024,365,23,22,0,0,11,7304,0,373,0,373
233785,Buffering,138240,391,23,22,0,0,11,7313,0,373,0,373
234034,Buffering,138240,391,23,22,0,0,11,7326,4,373,4,373
234286,Playing,113664,322,23,23,0,0,11,7333,0,373,0,373
234535,Playing,41984,119,23,23,0,0,11,7337,4,373,4,373
234783,Playing,0,0,23,23,0,0,11,7346,4,373,4,373
235032,Buffering,9216,26,24,23,0,0,11,7360,4,373,4,373
235280,Buffering,9216,26,24,23,0,0,11,7367,0,373,0,373
235531,Buffering,9216,26,24,23,0,0,11,7374,0,373,0,373
235779,Buffering,9216,26,24,23,0,0,11,7381,0,373,0,373
236026,Buffering,18432,52,24,23,0,0,11,7393,0,373,0,373
236275,Buffering,18432,52,24,23,0,0,11,7401,0,373,0,373
236523,Buffering,18432,52,24,23,0,0,11,7406,1,373,1,373
236772,Buffering,46080,130,24,23,0,0,11,7411,0,373,0,373
237022,Buffering,73728,208,24,23,0,0,11,7416,0,373,0,373
237269,Buffering,101376,287,24,23,0,0,11,7427,3,373,3,373
237519,Buffering,110592,313,24,23,0,0,11,7432,0,373,0,373
237767,Buffering,129024,365,24,23,0,0,11,7439,0,373,0,373
238015,Buffering,147456,417,24,23,0,0,11,7444,0,373,0,373
238263,Buffering,184320,522,24,23,0,0,11,7454,0,373,0,373
238514,Buffering,184320,522,24,23,0,0,11,7458,0,373,0,373
238760,Buffering,184320,522,24,23,0,0,11,7464,0,373,0,373
239009,Buffering,221184,626,24,23,0,0,11,7469,0,373,0,373
239255,Buffering,248832,705,24,23,0,0,11,7479,0,373,0,373
239502,Buffering,258048,731,24,23,0,0,11,7485,0,373,0,373
239751,Buffering,285696,809,24,23,0,0,11,7490,0,373,0,373
240000,Reconnecting,0,0,24,24,0,0,11,7491,191,373,191,373
240310,Reconnecting,0,0,24,24,0,0,11,7491,191,373,191,373
240556,Reconnecting,0,0,24,24,0,0,11,7491,191,373,191,373
240804,Reconnecting,0,0,24,24,0,0,11,7491,191,373,191,373
241053,Reconnecting,0,0,24,24,0,0,11,7491,191,373,191,373
241304,Reconnecting,0,0,24,24,0,0,11,7491,191,373,191,373
241550,Reconnecting,0,0,24,24,0,0,11,7491,191,373,191,373
241797,Reconnecting,0,0,24,24,0,0,11,7491,191,373,191,373
242047,Reconnecting,0,0,24,24,0,0,11,7491,191,373,191,373
242299,Reconnecting,0,0,24,24,0,0,11,7491,191,373,191,373
242547,Reconnecting,0,0,24,24,0,0,11,7491,191,373,191,373
242796,Reconnecting,0,0,24,24,0,0,11,7491,191,373,191,373
243046,Reconnecting,0,0,24,24,0,0,11,7491,191,373,191,373
243294,Reconnecting,0,0,24,24,0,0,11,7491,191,373,191,373
243543,Reconnecting,0,0,24,24,0,0,11,7491,191,373,191,373
243791,Reconnecting,0,0,24,24,0,0,11,7491,191,373,191,373
244040,Reconnecting,0,0,24,24,0,0,11,7491,191,373,191,373
244291,Reconnecting,0,0,24,24,0,0,11,7491,191,373,191,373
244538,Reconnecting,0,0,24,24,0,0,11,7491,191,373,191,373
244787,Reconnecting,0,0,24,24,0,0,11,7491,191,373,191,373
245037,Reconnecting,0,0,24,24,0,0,12,7491,191,373,191,373
245285,Reconnecting,0,0,24,24,0,0,12,7491,191,373,191,373
245535,Reconnecting,0,0,24,24,0,0,12,7507,0,373,191,373
245784,Reconnecting,0,0,24,24,0,0,12,7514,13,373,191,373
246032,Reconnecting,0,0,24,24,0,0,12,7514,13,373,191,373
246281,Reconnecting,0,0,24,24,0,0,12,7514,13,373,191,373
246529,Reconnecting,0,0,24,24,0,0,12,7514,13,373,191,373
246777,Reconnecting,0,0,24,24,0,0,12,7514,13,373,191,373
247025,Reconnecting,0,0,24,24,0,0,12,7514,13,373,191,373
247275,Reconnecting,0,0,24,24,0,0,12,7514,13,373,191,373
247523,Reconnecting,0,0,24,24,0,0,12,7514,13,373,191,373
247772,Reconnecting,0,0,24,24,0,0,12,7514,13,373,191,373
248020,Reconnecting,0,0,24,24,0,0,12,7514,13,373,191,373
248271,Reconnecting,0,0,24,24,0,0,12,7514,13,373,191,373
248521,Reconnecting,0,0,24,24,0,0,12,7514,13,373,191,373
248769,Reconnecting,0,0,24,24,0,0,12,7514,13,373,191,373
249018,Reconnecting,0,0,24,24,0,0,12,7514,13,373,191,373
249267,Reconnecting,0,0,24,24,0,0,12,7514,13,373,191,373
249516,Reconnecting,0,0,24,24,0,0,12,7514,13,373,191,373
249764,Reconnecting,0,0,24,24,0,0,12,7514,13,373,191,373
250012,Reconnecting,0,0,24,24,0,0,12,7514,13,373,191,373
250262,Reconnecting,0,0,24,24,0,0,12,7514,13,373,191,373
250512,Reconnecting,0,0,24,24,0,0,12,7514,13,373,191,373
250759,Reconnecting,0,0,24,24,0,0,13,7514,13,373,191,373
251010,Reconnecting,0,0,24,24,0,0,13,7514,13,373,191,373
251258,Reconnecting,0,0,24,24,0,0,13,7521,7,373,191,373
251508,Reconnecting,193536,548,24,24,0,0,13,7557,0,373,0,373
251757,Reconnecting,875520,2481,24,24,0,0,13,7724,0,373,0,373
252005,Playing,1418240,4019,24,24,0,0,13,7823,0,373,0,373
252253,Playing,1337344,3790,24,24,0,0,13,7832,0,373,0,373
252502,Playing,1256448,3561,24,24,0,0,13,7841,0,373,0,373
252751,Playing,1183744,3355,24,24,0,0,13,7845,0,373,0,373
253002,Playing,1093632,3099,24,24,0,0,13,7853,4,373,4,373
253311,Playing,996352,2824,24,24,0,0,13,7865,3,373,3,373
253561,Playing,915456,2594,24,24,0,0,13,7871,4,373,4,373
253808,Playing,825344,2339,24,24,0,0,13,7884,0,373,0,373
254055,Playing,752640,2133,24,24,0,0,13,7891,0,373,0,373
254302,Playing,671744,1904,24,24,0,0,13,7897,0,373,0,373
254552,Playing,589824,1671,24,24,0,0,13,7905,0,373,0,373
254799,Playing,508928,1442,24,24,0,0,13,7910,4,373,4,373
255049,Playing,446464,1265,24,24,0,0,13,7923,0,373,0,373
255297,Playing,364544,1033,24,24,0,0,13,7930,0,373,0,373
255545,Playing,274432,777,24,24,0,0,13,7937,0,373,0,373
255794,Playing,184320,522,24,24,0,0,13,7942,2,373,2,373
256040,Playing,102400,290,24,24,0,0,13,7954,0,373,0,373
256292,Playing,12288,34,24,24,0,0,13,7959,3,373,3,373
256541,Buffering,0,0,25,24,0,0,13,7966,13,373,13,373
256790,Buffering,0,0,25,24,0,0,13,7973,0,373,0,373
257039,Buffering,0,0,25,24,0,0,13,7987,3,373,3,373
257284,Buffering,9216,26,25,24,0,0,13,7992,0,373,0,373
257533,Buffering,9216,26,25,24,0,0,13,8000,4,373,4,373
257780,Buffering,9216,26,25,24,0,0,13,8008,0,373,0,373
258029,Buffering,18432,52,25,24,0,0,13,8021,0,373,0,373
258280,Buffering,18432,52,25,24,0,0,13,8027,6,373,6,373
258527,Buffering,27648,78,25,24,0,0,13,8033,3,373,3,373
258779,Buffering,27648,78,25,24,0,0,13,8039,0,373,0,373
259026,Buffering,46080,130,25,24,0,0,13,8053,0,373,0,373
259275,Buffering,55296,156,25,24,0,0,13,8060,1,373,1,373
259523,Buffering,64512,182,25,24,0,0,13,8067,5,373,5,373
259772,Buffering,64512,182,25,24,0,0,13,8073,0,373,0,373
260022,Buffering,64512,182,25,24,0,0,13,8085,2,373,2,373
260274,Buffering,64512,182,25,24,0,0,13,8092,0,373,0,373
260522,Buffering,82944,235,25,24,0,0,13,8098,0,373,0,373
260772,Buffering,101376,287,25,24,0,0,13,8104,0,373,0,373
261022,Buffering,101376,287,25,24,0,0,13,8115,4,373,4,373
261269,Buffering,101376,287,25,24,0,0,13,8121,4,373,4,373
261519,Playing,60416,171,25,25,0,0,13,8129,3,373,3,373
261768,Playing,0,0,25,25,0,0,13,8133,2,373,2,373
262019,Buffering,9216,26,26,25,0,0,13,8147,0,373,0,373
262267,Buffering,18432,52,26,25,0,0,13,8153,0,373,0,373
262516,Buffering,18432,52,26,25,0,0,13,8159,0,373,0,373
262765,Buffering,18432,52,26,25,0,0,13,8163,3,373,3,373
263014,Buffering,27648,78,26,25,0,0,13,8177,0,373,0,373
263264,Buffering,36864,104,26,25,0,0,13,8181,2,373,2,373
263512,Buffering,46080,130,26,25,0,0,13,8188,0,373,0,373
263763,Buffering,55296,156,26,25,0,0,13,8193,1,373,1,373
264011,Buffering,92160,261,26,25,0,0,13,8206,0,373,0,373
264258,Buffering,101376,287,26,25,0,0,13,8211,2,373,2,373
264508,Buffering,110592,313,26,25,0,0,13,8216,0,373,0,373
264756,Buffering,138240,391,26,25,0,0,13,8222,0,373,0,373
265006,Buffering,156672,444,26,25,0,0,13,8234,0,373,0,373
265257,Buffering,165888,470,26,25,0,0,13,8241,4,373,4,373
265506,Buffering,175104,496,26,25,0,0,13,8247,4,373,4,373
265753,Buffering,175104,496,26,25,0,0,13,8254,0,373,0,373
266002,Buffering,184320,522,26,25,0,0,13,8261,192,373,192,373
266253,Buffering,184320,522,26,25,0,0,13,8272,4,373,4,373
266502,Buffering,193536,548,26,25,0,0,13,8278,0,373,0,373
266752,Buffering,193536,548,26,25,0,0,13,8284,0,373,0,373
267001,Playing,119808,339,26,26,0,0,13,8291,4,373,4,373
267251,Playing,48128,136,26,26,0,0,13,8303,4,373,4,373
267561,Buffering,9216,26,27,26,0,0,13,8309,7,373,7,373
267750,Buffering,18432,52,27,26,0,0,13,8316,4,373,4,373
268058,Buffering,27648,78,27,26,0,0,13,8328,0,373,0,373
268307,Buffering,36864,104,27,26,0,0,13,8333,5,373,5,373
268556,Buffering,36864,104,27,26,0,0,13,8341,8,373,8,373
268807,Buffering,36864,104,27,26,0,0,13,8352,0,373,0,373
269054,Buffering,36864,104,27,26,0,0,13,8362,0,373,0,373
269301,Buffering,36864,104,27,26,0,0,13,8370,0,373,0,373
269549,Buffering,46080,130,27,26,0,0,13,8377,0,373,0,373
269793,Buffering,46080,130,27,26,0,0,13,8381,3,373,3,373
270042,Buffering,73728,208,27,26,0,0,13,8392,4,373,4,373
270289,Buffering,73728,208,27,26,0,0,13,8394,0,373,0,373
270541,Buffering,82944,235,27,26,0,0,13,8405,0,373,0,373
270790,Buffering,92160,261,27,26,0,0,13,8409,4,373,4,373
271039,Buffering,101376,287,27,26,0,0,13,8423,4,373,4,373
271286,Buffering,101376,287,27,26,0,0,13,8428,0,373,0,373
271534,Buffering,101376,287,27,26,0,0,13,8436,0,373,0,373
271784,Buffering,110592,313,27,26,0,0,13,8442,4,373,4,373
272034,Buffering,110592,313,27,26,0,0,13,8455,0,373,0,373
272282,Buffering,110592,313,27,26,0,0,13,8461,0,373,0,373
272531,Buffering,138240,391,27,26,0,0,13,8465,3,373,3,373
272778,Reconnecting,0,0,27,27,0,0,13,8466,198,373,198,373
273024,Reconnecting,0,0,27,27,0,0,13,8466,198,373,198,373
273273,Reconnecting,0,0,27,27,0,0,13,8466,198,373,198,373
273521,Reconnecting,0,0,27,27,0,0,13,8466,198,373,198,373
273770,Reconnecting,0,0,27,27,0,0,13,8466,198,373,198,373
274021,Reconnecting,0,0,27,27,0,0,13,8466,198,373,198,373
274268,Reconnecting,0,0,27,27,0,0,13,8466,198,373,198,373
274516,Reconnecting,0,0,27,27,0,0,13,8466,198,373,198,373
274767,Reconnecting,0,0,27,27,0,0,13,8466,198,373,198,373
275017,Reconnecting,0,0,27,27,0,0,13,8466,198,373,198,373
275266,Reconnecting,0,0,27,27,0,0,13,8466,198,373,198,373
275515,Reconnecting,0,0,27,27,0,0,13,8466,198,373,198,373
275763,Reconnecting,0,0,27,27,0,0,13,8466,198,373,198,373
276013,Reconnecting,0,0,27,27,0,0,13,8466,198,373,198,373
276262,Reconnecting,0,0,27,27,0,0,13,8466,198,373,198,373
276511,Reconnecting,0,0,27,27,0,0,13,8466,198,373,198,373
276760,Reconnecting,0,0,27,27,0,0,13,8466,198,373,198,373
277010,Reconnecting,0,0,27,27,0,0,13,8466,198,373,198,373
277260,Reconnecting,0,0,27,27,0,0,13,8466,198,373,198,373
277508,Reconnecting,0,0,27,27,0,0,13,8466,198,373,198,373
277756,Reconnecting,0,0,27,27,0,0,14,8466,198,373,198,373
278006,Reconnecting,0,0,27,27,0,0,14,8466,198,373,198,373
278255,Reconnecting,36864,104,27,27,0,0,14,8476,0,373,0,373
278502,Reconnecting,184320,522,27,27,0,0,14,8509,7,373,7,373
278811,Playing,1492992,4231,27,27,0,0,14,8734,0,373,0,373
279059,Playing,1522688,4316,27,27,0,0,14,8775,0,373,0,373
279308,Playing,1440768,4083,27,27,0,0,14,8781,0,373,0,373
279558,Playing,1350656,3828,27,27,0,0,14,8789,2,373,2,373
279807,Playing,1278976,3625,27,27,0,0,14,8795,0,373,0,373
280056,Playing,1197056,3393,27,27,0,0,14,8808,2,373,2,373
280305,Playing,1106944,3137,27,27,0,0,14,8815,18,373,18,373
280553,Playing,1035264,2934,27,27,0,0,14,8820,0,373,0,373
280802,Playing,953344,2702,27,27,0,0,14,8827,0,373,0,373
281048,Playing,863232,2446,27,27,0,0,14,8843,0,373,0,373
281296,Playing,773120,2191,27,27,0,0,14,8847,0,373,0,373
281545,Playing,691200,1959,27,27,0,0,14,8854,0,373,0,373
281794,Playing,619520,1756,27,27,0,0,14,8860,0,373,0,373
282043,Playing,529408,1500,27,27,0,0,14,8873,0,373,0,373
282290,Playing,447488,1268,27,27,0,0,14,8879,0,373,0,373
282538,Playing,357376,1012,27,27,0,0,14,8886,0,373,0,373
282787,Playing,276480,783,27,27,0,0,14,8893,0,373,0,373
283036,Playing,194560,551,27,27,0,0,14,8907,2,373,2,373
283284,Playing,104448,296,27,27,0,0,14,8915,3,373,3,373
283532,Playing,14336,40,27,27,0,0,14,8921,0,373,0,373
283781,Buffering,0,0,28,27,0,0,14,8929,0,373,0,373
284028,Buffering,0,0,28,27,0,0,14,8943,0,373,0,373
284275,Buffering,9216,26,28,27,0,0,14,8949,5,373,5,373
284522,Buffering,18432,52,28,27,0,0,14,8955,0,373,0,373
284770,Buffering,18432,52,28,27,0,0,14,8961,0,373,0,373
285021,Buffering,18432,52,28,27,0,0,14,8973,168,373,168,373
285272,Buffering,18432,52,28,27,0,0,14,8982,1,373,1,373
285527,Buffering,18432,52,28,27,0,0,14,8992,0,373,0,373
285800,Buffering,18432,52,28,27,0,0,14,8999,12,373,12,373
286049,Buffering,46080,130,28,27,0,0,14,9012,0,373,0,373
286305,Buffering,46080,130,28,27,0,0,14,9020,0,373,0,373
286518,Buffering,46080,130,28,27,0,0,14,9026,0,373,0,373
286767,Buffering,55296,156,28,27,0,0,14,9030,0,373,0,373
287014,Buffering,73728,208,28,27,0,0,14,9042,0,373,0,373
287266,Buffering,82944,235,28,27,0,0,14,9049,0,373,0,373
287516,Buffering,101376,287,28,27,0,0,14,9056,0,373,0,373
287766,Buffering,110592,313,28,27,0,0,14,9061,8,373,8,373
288014,Buffering,119808,339,28,27,0,0,14,9073,4,373,4,373
288265,Buffering,138240,391,28,27,0,0,14,9079,0,373,0,373
288514,Buffering,138240,391,28,27,0,0,14,9087,4,373,4,373
288762,Playing,116736,330,28,28,0,0,14,9093,0,373,0,373
289011,Playing,63488,179,28,28,0,0,14,9102,0,373,0,373
289258,Buffering,0,0,29,28,0,0,14,9111,4,373,4,373
289508,Buffering,9216,26,29,28,0,0,14,9118,12,373,12,373
289757,Buffering,18432,52,29,28,0,0,14,9124,6,373,6,373
290005,Buffering,18432,52,29,28,0,0,14,9131,0,373,0,373
290254,Buffering,18432,52,29,28,0,0,14,9142,2,373,2,373
290504,Buffering,18432,52,29,28,0,0,14,9146,2,373,2,373
290752,Buffering,18432,52,29,28,0,0,14,9152,4,373,4,373
291002,Buffering,27648,78,29,28,0,0,14,9158,0,373,0,373
291254,Buffering,55296,156,29,28,0,0,14,9170,4,373,4,373
291503,Buffering,73728,208,29,28,0,0,14,9176,0,373,0,373
291752,Buffering,92160,261,29,28,0,0,14,9180,4,373,4,373
292000,Buffering,101376,287,29,28,0,0,14,9187,0,373,0,373
292313,Buffering,110592,313,29,28,0,0,14,9200,8,373,8,373
292502,Buffering,119808,339,29,28,0,0,14,9206,10,373,10,373
292754,Buffering,119808,339,29,28,0,0,14,9212,0,373,0,373
293001,Buffering,119808,339,29,28,0,0,14,9219,0,373,0,373
293310,Buffering,156672,444,29,28,0,0,14,9231,0,373,0,373
293559,Buffering,156672,444,29,28,0,0,14,9235,4,373,4,373
293806,Buffering,156672,444,29,28,0,0,14,9245,0,373,0,373
294055,Buffering,156672,444,29,28,0,0,14,9253,4,373,4,373
294305,Playing,133120,377,29,29,0,0,14,9259,0,373,0,373
294554,Playing,52224,148,29,29,0,0,14,9265,0,373,0,373
294802,Playing,0,0,29,29,0,0,14,9269,2,373,2,373
295055,Buffering,27648,78,30,29,0,0,14,9282,0,373,0,373
295303,Buffering,27648,78,30,29,0,0,14,9287,0,373,0,373
295551,Buffering,27648,78,30,29,0,0,14,9292,0,373,0,373
295800,Buffering,46080,130,30,29,0,0,14,9298,0,373,0,373
296050,Buffering,46080,130,30,29,0,0,14,9309,0,373,0,373
296295,Buffering,46080,130,30,29,0,0,14,9315,0,373,0,373
296546,Buffering,55296,156,30,29,0,0,14,9321,0,373,0,373
296795,Buffering,64512,182,30,29,0,0,14,9327,0,373,0,373
297044,Buffering,73728,208,30,29,0,0,14,9337,0,373,0,373
297293,Buffering,92160,261,30,29,0,0,14,9343,0,373,0,373
297541,Buffering,92160,261,30,29,0,0,14,9347,4,373,4,373
297789,Buffering,92160,261,30,29,0,0,14,9354,4,373,4,373
298039,Buffering,101376,287,30,29,0,0,14,9367,0,373,0,373
298289,Buffering,119808,339,30,29,0,0,14,9373,0,373,0,373
298537,Buffering,129024,365,30,29,0,0,14,9380,0,373,0,373
298783,Buffering,138240,391,30,29,0,0,14,9385,31,373,31,373
299030,Buffering,147456,417,30,29,0,0,14,9392,147,373,147,373
299279,Buffering,156672,444,30,29,0,0,14,9402,0,373,0,373
299528,Buffering,165888,470,30,29,0,0,14,9408,0,373,0,373
299776,Buffering,165888,470,30,29,0,0,14,9414,0,373,0,373
300027,Reconnecting,0,0,30,30,0,0,14,9416,118,373,118,373
300275,Reconnecting,0,0,30,30,0,0,14,9416,118,373,118,373
300525,Reconnecting,0,0,30,30,0,0,14,9416,118,373,118,373
300774,Reconnecting,0,0,30,30,0,0,14,9416,118,373,118,373
301022,Reconnecting,0,0,30,30,0,0,14,9416,118,373,118,373
301272,Reconnecting,0,0,30,30,0,0,14,9416,118,373,118,373
301521,Reconnecting,0,0,30,30,0,0,14,9416,118,373,118,373
301769,Reconnecting,0,0,30,30,0,0,14,9416,118,373,118,373
302018,Reconnecting,0,0,30,30,0,0,14,9416,118,373,118,373
302267,Reconnecting,0,0,30,30,0,0,14,9416,118,373,118,373
302517,Reconnecting,0,0,30,30,0,0,14,9416,118,373,118,373
302766,Reconnecting,0,0,30,30,0,0,14,9416,118,373,118,373
303017,Reconnecting,0,0,30,30,0,0,14,9416,118,373,118,373
303264,Reconnecting,0,0,30,30,0,0,14,9416,118,373,118,373
303514,Reconnecting,0,0,30,30,0,0,14,9416,118,373,118,373
303762,Reconnecting,0,0,30,30,0,0,14,9416,118,373,118,373
304012,Reconnecting,0,0,30,30,0,0,14,9416,118,373,118,373
304262,Reconnecting,0,0,30,30,0,0,14,9416,118,373,118,373
304509,Reconnecting,0,0,30,30,0,0,14,9416,118,373,118,373
304757,Reconnecting,0,0,30,30,0,0,14,9416,118,373,118,373
305004,Reconnecting,0,0,30,30,0,0,15,9416,118,373,118,373
305255,Reconnecting,0,0,30,30,0,0,15,9416,118,373,118,373
305505,Reconnecting,0,0,30,30,0,0,15,9416,118,373,118,373
305752,Reconnecting,0,0,30,30,0,0,15,9433,7,373,146,373
306001,Reconnecting,377856,1071,30,30,0,0,15,9523,0,373,0,373
306312,Playing,1500160,4252,30,30,0,0,15,9708,0,373,0,373
306558,Playing,1418240,4019,30,30,0,0,15,9714,0,373,0,373
306808,Playing,1328128,3764,30,30,0,0,15,9722,0,373,0,373
307056,Playing,1238016,3509,30,30,0,0,15,9733,0,373,0,373
307303,Playing,1165312,3303,30,30,0,0,15,9738,0,373,0,373
307554,Playing,1084416,3073,30,30,0,0,15,9744,10,373,10,373
307801,Playing,1003520,2844,30,30,0,0,15,9754,0,373,0,373
308047,Playing,930816,2638,30,30,0,0,15,9762,3,373,3,373
308298,Playing,849920,2409,30,30,0,0,15,9768,0,373,0,373
308547,Playing,769024,2179,30,30,0,0,15,9772,4,373,4,373
308795,Playing,687104,1947,30,30,0,0,15,9779,6,373,6,373
309044,Playing,624640,1770,30,30,0,0,15,9789,3,373,3,373
309295,Playing,543744,1541,30,30,0,0,15,9795,4,373,4,373
309542,Playing,461824,1309,30,30,0,0,15,9803,4,373,4,373
309790,Playing,390144,1105,30,30,0,0,15,9809,0,373,0,373
310038,Playing,300032,850,30,30,0,0,15,9821,4,373,4,373
310287,Playing,218112,618,30,30,0,0,15,9827,0,373,0,373
310533,Playing,128000,362,30,30,0,0,15,9835,0,373,0,373
310781,Playing,37888,107,30,30,0,0,15,9842,0,373,0,373
311034,Buffering,0,0,31,30,0,0,15,9854,4,373,4,373
311283,Buffering,0,0,31,30,0,0,15,9860,4,373,4,373
311531,Buffering,9216,26,31,30,0,0,15,9864,8,373,8,373
311779,Buffering,18432,52,31,30,0,0,15,9870,4,373,4,373
312028,Buffering,27648,78,31,30,0,0,15,9881,2,373,2,373
312278,Buffering,36864,104,31,30,0,0,15,9887,0,373,0,373
312527,Buffering,46080,130,31,30,0,0,15,9894,0,373,0,373
312778,Buffering,46080,130,31,30,0,0,15,9900,4,373,4,373
313026,Buffering,55296,156,31,30,0,0,15,9912,0,373,0,373
313275,Buffering,55296,156,31,30,0,0,15,9917,4,373,4,373
313526,Buffering,64512,182,31,30,0,0,15,9923,0,373,0,373
313773,Buffering,92160,261,31,30,0,0,15,9926,0,373,0,373
314023,Buffering,92160,261,31,30,0,0,15,9940,4,373,4,373
314272,Buffering,92160,261,31,30,0,0,15,9946,2,373,2,373
314519,Buffering,92160,261,31,30,0,0,15,9953,0,373,0,373
314767,Buffering,101376,287,31,30,0,0,15,9959,0,373,0,373
315016,Buffering,147456,417,31,30,0,0,15,9969,0,373,0,373
315265,Buffering,165888,470,31,30,0,0,15,9976,0,373,0,373
315515,Buffering,175104,496,31,30,0,0,15,9981,0,373,0,373
315764,Buffering,193536,548,31,30,0,0,15,9987,0,373,0,373
316013,Playing,221184,626,31,31,0,0,15,9999,0,373,0,373
316258,Playing,140288,397,31,31,0,0,15,10005,0,373,0,373
316507,Playing,68608,194,31,31,0,0,15,10011,0,373,0,373
316755,Playing,0,0,31,31,0,0,15,10018,0,373,0,373
317005,Buffering,18432,52,32,31,0,0,15,10025,0,373,0,373
317258,Buffering,36864,104,32,31,0,0,15,10034,0,373,0,373
317506,Buffering,36864,104,32,31,0,0,15,10040,0,373,0,373
317754,Buffering,46080,130,32,31,0,0,15,10046,0,373,0,373
318001,Buffering,55296,156,32,31,0,0,15,10050,1,373,1,373
318251,Buffering,92160,261,32,31,0,0,15,10062,0,373,0,373
318562,Buffering,101376,287,32,31,0,0,15,10067,3,373,3,373
318810,Buffering,119808,339,32,31,0,0,15,10080,0,373,0,373
319059,Buffering,119808,339,32,31,0,0,15,10084,4,373,4,373
319308,Buffering,138240,391,32,31,0,0,15,10090,0,373,0,373
319555,Buffering,156672,444,32,31,0,0,15,10096,0,373,0,373
319804,Buffering,175104,496,32,31,0,0,15,10103,2,373,2,373
320054,Buffering,193536,548,32,31,0,0,15,10111,0,373,0,373
320304,Buffering,202752,574,32,31,0,0,15,10118,0,373,0,373
320554,Buffering,211968,600,32,31,0,0,15,10122,6,373,6,373
320800,Buffering,221184,626,32,31,0,0,15,10129,4,373,4,373
321049,Buffering,239616,679,32,31,0,0,15,10141,0,373,0,373
321300,Buffering,239616,679,32,31,0,0,15,10145,5,373,5,373
321548,Buffering,239616,679,32,31,0,0,15,10151,4,373,4,373
321796,Buffering,248832,705,32,31,0,0,15,10158,0,373,0,373
322045,Playing,194560,551,32,32,0,0,15,10168,0,373,0,373
322291,Playing,122880,348,32,32,0,0,15,10174,0,373,0,373
322542,Playing,41984,119,32,32,0,0,15,10179,0,373,0,373
322791,Playing,0,0,32,32,0,0,15,10185,4,373,4,373
323040,Buffering,27648,78,33,32,0,0,15,10195,4,373,4,373
323291,Buffering,27648,78,33,32,0,0,15,10201,4,373,4,373
323541,Buffering,27648,78,33,32,0,0,15,10207,0,373,0,373
323787,Buffering,27648,78,33,32,0,0,15,10213,0,373,0,373
324033,Buffering,64512,182,33,32,0,0,15,10224,0,373,0,373
324280,Buffering,73728,208,33,32,0,0,15,10230,0,373,0,373
324528,Buffering,82944,235,33,32,0,0,15,10236,0,373,0,373
324776,Buffering,82944,235,33,32,0,0,15,10242,0,373,0,373
325026,Buffering,82944,235,33,32,0,0,15,10254,3,373,3,373
325275,Buffering,92160,261,33,32,0,0,15,10260,0,373,0,373
325525,Buffering,92160,261,33,32,0,0,15,10264,5,373,5,373
325774,Buffering,110592,313,33,32,0,0,15,10270,0,373,0,373
326021,Buffering,110592,313,33,32,0,0,15,10283,3,373,3,373
326274,Buffering,110592,313,33,32,0,0,15,10290,4,373,4,373
326520,Buffering,129024,365,33,32,0,0,15,10296,0,373,0,373
326767,Buffering,129024,365,33,32,0,0,15,10301,4,373,4,373
327016,Buffering,129024,365,33,32,0,0,15,10314,0,373,0,373
327265,Buffering,129024,365,33,32,0,0,15,10315,187,373,187,373
327514,Buffering,138240,391,33,32,0,0,15,10326,0,373,0,373
327763,Buffering,156672,444,33,32,0,0,15,10330,6,373,6,373
328012,Reconnecting,0,0,33,33,0,0,15,10333,0,373,0,373
328262,Reconnecting,0,0,33,33,0,0,15,10333,0,373,0,373
328511,Reconnecting,0,0,33,33,0,0,15,10333,0,373,0,373
328758,Reconnecting,0,0,33,33,0,0,15,10333,0,373,0,373
329005,Reconnecting,0,0,33,33,0,0,15,10333,0,373,0,373
329255,Reconnecting,0,0,33,33,0,0,15,10333,0,373,0,373
329501,Reconnecting,0,0,33,33,0,0,15,10333,0,373,0,373
329751,Reconnecting,0,0,33,33,0,0,15,10333,0,373,0,373
330059,Reconnecting,0,0,33,33,0,0,15,10333,0,373,0,373
330307,Reconnecting,0,0,33,33,0,0,15,10333,0,373,0,373
330553,Reconnecting,0,0,33,33,0,0,15,10333,0,373,0,373
330804,Reconnecting,0,0,33,33,0,0,15,10333,0,373,0,373
331051,Reconnecting,0,0,33,33,0,0,15,10333,0,373,0,373
331299,Reconnecting,0,0,33,33,0,0,15,10333,0,373,0,373
331547,Reconnecting,0,0,33,33,0,0,15,10333,0,373,0,373
331796,Reconnecting,0,0,33,33,0,0,15,10333,0,373,0,373
332043,Reconnecting,0,0,33,33,0,0,15,10333,0,373,0,373
332291,Reconnecting,0,0,33,33,0,0,15,10333,0,373,0,373
332538,Reconnecting,0,0,33,33,0,0,15,10333,0,373,0,373
332787,Reconnecting,0,0,33,33,0,0,15,10333,0,373,0,373
333035,Reconnecting,0,0,33,33,0,0,16,10333,0,373,0,373
333284,Reconnecting,0,0,33,33,0,0,16,10333,0,373,0,373
333533,Reconnecting,0,0,33,33,0,0,16,10346,7,373,0,373
333779,Reconnecting,0,0,33,33,0,0,16,10355,0,373,0,373
334030,Reconnecting,0,0,33,33,0,0,16,10355,0,373,0,373
334278,Reconnecting,0,0,33,33,0,0,16,10355,0,373,0,373
334526,Reconnecting,0,0,33,33,0,0,16,10355,0,373,0,373
334774,Reconnecting,0,0,33,33,0,0,16,10355,0,373,0,373
335026,Reconnecting,0,0,33,33,0,0,16,10355,0,373,0,373
335274,Reconnecting,0,0,33,33,0,0,16,10355,0,373,0,373
335522,Reconnecting,0,0,33,33,0,0,16,10355,0,373,0,373
335779,Reconnecting,0,0,33,33,0,0,16,10355,0,373,0,373
336020,Reconnecting,0,0,33,33,0,0,16,10355,0,373,0,373
336270,Reconnecting,0,0,33,33,0,0,16,10355,0,373,0,373
336516,Reconnecting,0,0,33,33,0,0,16,10355,0,373,0,373
336771,Reconnecting,0,0,33,33,0,0,16,10355,0,373,0,373
337012,Reconnecting,0,0,33,33,0,0,16,10355,0,373,0,373
337260,Reconnecting,0,0,33,33,0,0,16,10355,0,373,0,373
337508,Reconnecting,0,0,33,33,0,0,16,10355,0,373,0,373
337756,Reconnecting,0,0,33,33,0,0,16,10355,0,373,0,373
338004,Reconnecting,0,0,33,33,0,0,16,10355,0,373,0,373
338255,Reconnecting,0,0,33,33,0,0,16,10355,0,373,0,373
338503,Reconnecting,0,0,33,33,0,0,16,10355,0,373,0,373
338753,Reconnecting,0,0,33,33,0,0,17,10355,0,373,0,373
339000,Reconnecting,0,0,33,33,0,0,17,10355,0,373,0,373
339251,Reconnecting,0,0,33,33,0,0,17,10363,0,373,0,373
339561,Reconnecting,387072,1097,33,33,0,0,17,10417,0,373,0,373
339809,Playing,1742848,4940,33,33,0,0,17,10613,0,373,0,373
340058,Playing,1708032,4841,33,33,0,0,17,10636,5,373,5,373
340306,Playing,1627136,4612,33,33,0,0,17,10642,4,373,4,373
340556,Playing,1545216,4379,33,33,0,0,17,10648,0,373,0,373
340807,Playing,1464320,4150,33,33,0,0,17,10658,0,373,0,373
341053,Playing,1374208,3895,33,33,0,0,17,10666,6,373,6,373
341303,Playing,1292288,3662,33,33,0,0,17,10672,0,373,0,373
341552,Playing,1202176,3407,33,33,0,0,17,10678,0,373,0,373
341801,Playing,1121280,3178,33,33,0,0,17,10683,193,373,193,373
342046,Playing,1039360,2946,33,33,0,0,17,10695,5,373,5,373
342296,Playing,958464,2716,33,33,0,0,17,10701,0,373,0,373
342545,Playing,886784,2513,33,33,0,0,17,10707,0,373,0,373
342795,Playing,823296,2333,33,33,0,0,17,10713,0,373,0,373
343043,Playing,742400,2104,33,33,0,0,17,10725,12,373,12,373
343292,Playing,661504,1875,33,33,0,0,17,10731,12,373,12,373
343539,Playing,588800,1668,33,33,0,0,17,10735,0,373,0,373
343788,Playing,498688,1413,33,33,0,0,17,10741,0,373,0,373
344036,Playing,427008,1210,33,33,0,0,17,10754,0,373,0,373
344286,Playing,345088,978,33,33,0,0,17,10759,17,373,17,373
344534,Playing,264192,748,33,33,0,0,17,10766,0,373,0,373
344782,Playing,174080,493,33,33,0,0,17,10773,0,373,0,373
345030,Playing,92160,261,33,33,0,0,17,10785,0,373,0,373
345282,Playing,2048,5,33,33,0,0,17,10790,4,373,4,373
345530,Buffering,9216,26,34,33,0,0,17,10796,0,373,0,373
345780,Buffering,18432,52,34,33,0,0,17,10802,0,373,0,373
346027,Buffering,55296,156,34,33,0,0,17,10813,0,373,0,373
346277,Buffering,64512,182,34,33,0,0,17,10820,0,373,0,373
346525,Buffering,64512,182,34,33,0,0,17,10825,3,373,3,373
346774,Buffering,73728,208,34,33,0,0,17,10831,0,373,0,373
347024,Buffering,101376,287,34,33,0,0,17,10841,17,373,17,373
347271,Buffering,101376,287,34,33,0,0,17,10848,0,373,0,373
347522,Buffering,110592,313,34,33,0,0,17,10852,0,373,0,373
347770,Buffering,119808,339,34,33,0,0,17,10859,1,373,1,373
348020,Buffering,119808,339,34,33,0,0,17,10874,0,373,0,373
348268,Buffering,119808,339,34,33,0,0,17,10881,0,373,0,373
348517,Buffering,119808,339,34,33,0,0,17,10887,0,373,0,373
348765,Buffering,119808,339,34,33,0,0,17,10891,4,373,4,373
349012,Buffering,119808,339,34,33,0,0,17,10901,1,373,1,373
349260,Buffering,129024,365,34,33,0,0,17,10910,0,373,0,373
349507,Buffering,138240,391,34,33,0,0,17,10917,0,373,0,373
349757,Buffering,156672,444,34,33,0,0,17,10923,0,373,0,373
350005,Buffering,184320,522,34,33,0,0,17,10930,0,373,0,373
350254,Buffering,193536,548,34,33,0,0,17,10939,0,373,0,373
350503,Playing,196608,557,34,34,0,0,17,10942,0,373,0,373
350753,Playing,115712,327,34,34,0,0,17,10949,5,373,5,373
351002,Playing,34816,98,34,34,0,0,17,10955,4,373,4,373
351250,Buffering,0,0,35,34,0,0,17,10965,3,373,3,373
351500,Buffering,9216,26,35,34,0,0,17,10971,0,373,0,373
351751,Buffering,9216,26,35,34,0,0,17,10976,4,373,4,373
352002,Buffering,9216,26,35,34,0,0,17,10982,5,373,5,373
352251,Buffering,9216,26,35,34,0,0,17,10993,4,373,4,373
352560,Buffering,18432,52,35,34,0,0,17,10999,0,373,0,373
352807,Buffering,36864,104,35,34,0,0,17,11008,0,373,0,373
353054,Buffering,46080,130,35,34,0,0,17,11015,0,373,0,373
353303,Buffering,64512,182,35,34,0,0,17,11019,2,373,2,373
353552,Buffering,73728,208,35,34,0,0,17,11025,0,373,0,373
353800,Buffering,101376,287,35,34,0,0,17,11031,0,373,0,373
354051,Buffering,129024,365,35,34,0,0,17,11041,0,373,0,373
354302,Buffering,129024,365,35,34,0,0,17,11047,0,373,0,373
354550,Buffering,129024,365,35,34,0,0,17,11053,0,373,0,373
354797,Buffering,138240,391,35,34,0,0,17,11059,0,373,0,373
355045,Buffering,147456,417,35,34,0,0,17,11069,0,373,0,373
355293,Buffering,156672,444,35,34,0,0,17,11075,0,373,0,373
355544,Buffering,156672,444,35,34,0,0,17,11081,0,373,0,373
355795,Buffering,156672,444,35,34,0,0,17,11085,3,373,3,373
356045,Buffering,175104,496,35,34,0,0,17,11099,0,373,0,373
356294,Playing,151552,429,35,35,0,0,17,11103,3,373,3,373
356542,Playing,79872,226,35,35,0,0,17,11109,0,373,0,373
356790,Playing,8192,23,35,35,0,0,17,11115,0,373,0,373
357040,Buffering,9216,26,36,35,0,0,17,11127,0,373,0,373
357289,Buffering,18432,52,36,35,0,0,17,11132,2,373,2,373
357536,Buffering,27648,78,36,35,0,0,17,11137,0,373,0,373
357787,Buffering,36864,104,36,35,0,0,17,11144,0,373,0,373
358036,Buffering,36864,104,36,35,0,0,17,11155,0,373,0,373
358281,Buffering,36864,104,36,35,0,0,17,11163,0,373,0,373
358529,Buffering,36864,104,36,35,0,0,17,11168,5,373,5,373
358778,Buffering,55296,156,36,35,0,0,17,11174,0,373,0,373
359026,Buffering,73728,208,36,35,0,0,17,11184,5,373,5,373
359274,Buffering,73728,208,36,35,0,0,17,11191,0,373,0,373
359521,Buffering,82944,235,36,35,0,0,17,11197,0,373,0,373
359768,Buffering,82944,235,36,35,0,0,17,11201,3,373,3,373
360016,Buffering,110592,313,36,35,0,0,17,11211,0,373,0,373
360266,Buffering,129024,365,36,35,0,0,17,11216,0,373,0,373
360513,Buffering,138240,391,36,35,0,0,17,11221,3,373,4,373
360764,Buffering,138240,391,36,35,0,0,17,11226,0,373,0,373
361014,Buffering,156672,444,36,35,0,0,17,11235,5,373,5,373
361263,Buffering,165888,470,36,35,0,0,17,11241,4,373,4,373
361512,Buffering,165888,470,36,35,0,0,17,11246,0,373,0,373
361758,Buffering,165888,470,36,35,0,0,17,11251,4,373,4,373
362007,Buffering,175104,496,36,35,0,0,17,11261,2,373,2,373
362258,Reconnecting,0,0,36,36,0,0,17,11264,196,373,196,373
362508,Reconnecting,0,0,36,36,0,0,17,11264,196,373,196,373
362754,Reconnecting,0,0,36,36,0,0,17,11264,196,373,196,373
363006,Reconnecting,0,0,36,36,0,0,17,11264,196,373,196,373
363255,Reconnecting,0,0,36,36,0,0,17,11264,196,373,196,373
363507,Reconnecting,0,0,36,36,0,0,17,11264,196,373,196,373
363757,Reconnecting,0,0,36,36,0,0,17,11264,196,373,196,373
364006,Reconnecting,0,0,36,36,0,0,17,11264,196,373,196,373
364252,Reconnecting,0,0,36,36,0,0,17,11264,196,373,196,373
364500,Reconnecting,0,0,36,36,0,0,17,11264,196,373,196,373
364812,Reconnecting,0,0,36,36,0,0,17,11264,196,373,196,373
365061,Reconnecting,0,0,36,36,0,0,17,11264,196,373,196,373
365307,Reconnecting,0,0,36,36,0,0,17,11264,196,373,196,373
365555,Reconnecting,0,0,36,36,0,0,17,11264,196,373,196,373
365803,Reconnecting,0,0,36,36,0,0,17,11264,196,373,196,373
366051,Reconnecting,0,0,36,36,0,0,17,11264,196,373,196,373
366300,Reconnecting,0,0,36,36,0,0,17,11264,196,373,196,373
366549,Reconnecting,0,0,36,36,0,0,17,11264,196,373,196,373
366799,Reconnecting,0,0,36,36,0,0,17,11264,196,373,196,373
367046,Reconnecting,0,0,36,36,0,0,17,11264,196,373,196,373
367294,Reconnecting,0,0,36,36,0,0,18,11264,196,373,196,373
367543,Reconnecting,0,0,36,36,0,0,18,11264,196,373,196,373
367792,Reconnecting,0,0,36,36,0,0,18,11264,196,373,196,373
368039,Reconnecting,0,0,36,36,0,0,18,11284,7,373,196,373
368287,Reconnecting,0,0,36,36,0,0,18,11284,7,373,196,373
368537,Reconnecting,0,0,36,36,0,0,18,11284,7,373,196,373
368786,Reconnecting,0,0,36,36,0,0,18,11284,7,373,196,373
369038,Reconnecting,0,0,36,36,0,0,18,11284,7,373,196,373
369286,Reconnecting,0,0,36,36,0,0,18,11284,7,373,196,373
369536,Reconnecting,0,0,36,36,0,0,18,11284,7,373,196,373
369785,Reconnecting,0,0,36,36,0,0,18,11284,7,373,196,373
370034,Reconnecting,0,0,36,36,0,0,18,11284,7,373,196,373
370282,Reconnecting,0,0,36,36,0,0,18,11284,7,373,196,373
370528,Reconnecting,0,0,36,36,0,0,18,11284,7,373,196,373
370780,Reconnecting,0,0,36,36,0,0,18,11284,7,373,196,373
371029,Reconnecting,0,0,36,36,0,0,18,11284,7,373,196,373
371279,Reconnecting,0,0,36,36,0,0,18,11284,7,373,196,373
371535,Reconnecting,0,0,36,36,0,0,18,11284,7,373,196,373
371778,Reconnecting,0,0,36,36,0,0,18,11284,7,373,196,373
372026,Reconnecting,0,0,36,36,0,0,18,11284,7,373,196,373
372276,Reconnecting,0,0,36,36,0,0,18,11284,7,373,196,373
372524,Reconnecting,0,0,36,36,0,0,18,11284,7,373,196,373
372808,Reconnecting,0,0,36,36,0,0,18,11284,7,373,196,373
373053,Reconnecting,0,0,36,36,0,0,19,11284,7,373,196,373
373271,Reconnecting,0,0,36,36,0,0,19,11284,7,373,196,373
373520,Reconnecting,0,0,36,36,0,0,19,11284,7,373,196,373
373786,Reconnecting,73728,208,36,36,0,0,19,11309,0,373,0,373
374036,Reconnecting,599040,1697,36,36,0,0,19,11410,0,373,0,373
374285,Playing,1665024,4719,36,36,0,0,19,11571,8,373,8,373
374532,Playing,1574912,4464,36,36,0,0,19,11579,0,373,0,373
374781,Playing,1492992,4231,36,36,0,0,19,11584,0,373,0,373
375032,Playing,1421312,4028,36,36,0,0,19,11593,0,373,0,373
375282,Playing,1331200,3773,36,36,0,0,19,11599,0,373,0,373
375530,Playing,1250304,3543,36,36,0,0,19,11605,3,373,3,373
375779,Playing,1177600,3337,36,36,0,0,19,11611,5,373,5,373
376028,Playing,1096704,3108,36,36,0,0,19,11623,0,373,0,373
376278,Playing,1015808,2879,36,36,0,0,19,11629,0,373,0,373
376528,Playing,961536,2725,36,36,0,0,19,11634,0,373,0,373
376774,Playing,871424,2470,36,36,0,0,19,11639,3,373,3,373
377024,Playing,808960,2292,36,36,0,0,19,11650,0,373,0,373
377270,Playing,736256,2086,36,36,0,0,19,11656,0,373,0,373
377518,Playing,646144,1831,36,36,0,0,19,11661,7,373,7,373
377766,Playing,591872,1677,36,36,0,0,19,11666,0,373,0,373
378013,Playing,510976,1448,36,36,0,0,19,11671,0,373,0,373
378260,Playing,420864,1192,36,36,0,0,19,11687,0,373,0,373
378510,Playing,375808,1065,36,36,0,0,19,11692,0,373,0,373
378757,Playing,285696,809,36,36,0,0,19,11700,0,373,0,373
379008,Playing,204800,580,36,36,0,0,19,11710,0,373,0,373
379259,Playing,141312,400,36,36,0,0,19,11717,4,373,4,373
379508,Playing,69632,197,36,36,0,0,19,11720,0,373,0,373
379757,Playing,0,0,36,36,0,0,19,11728,0,373,0,373
380007,Buffering,27648,78,37,36,0,0,19,11739,0,373,0,373
380257,Buffering,36864,104,37,36,0,0,19,11746,0,373,0,373
380504,Buffering,36864,104,37,36,0,0,19,11751,4,373,4,373
380751,Buffering,55296,156,37,36,0,0,19,11756,0,373,0,373
381002,Buffering,64512,182,37,36,0,0,19,11764,0,373,0,373
381311,Buffering,82944,235,37,36,0,0,19,11773,0,373,0,373
381558,Buffering,92160,261,37,36,0,0,19,11778,0,373,0,373
381806,Buffering,92160,261,37,36,0,0,19,11788,0,373,0,373
382056,Buffering,119808,339,37,36,0,0,19,11796,0,373,0,373
382307,Buffering,129024,365,37,36,0,0,19,11803,0,373,0,373
382557,Buffering,156672,444,37,36,0,0,19,11809,0,373,0,373
382807,Buffering,184320,522,37,36,0,0,19,11819,4,373,4,373
383056,Buffering,202752,574,37,36,0,0,19,11826,1,373,1,373
383305,Buffering,221184,626,37,36,0,0,19,11832,14,373,14,373
383552,Buffering,239616,679,37,36,0,0,19,11838,7,373,7,373
383803,Buffering,239616,679,37,36,0,0,19,11846,154,373,154,373
384049,Buffering,239616,679,37,36,0,0,19,11858,0,373,0,373
384298,Buffering,239616,679,37,36,0,0,19,11863,16,373,16,373
384546,Buffering,248832,705,37,36,0,0,19,11869,0,373,0,373
384793,Buffering,276480,783,37,36,0,0,19,11875,0,373,0,373
385043,Playing,195584,554,37,37,0,0,19,11887,4,373,4,373
385291,Playing,122880,348,37,37,0,0,19,11892,0,373,0,373
385541,Playing,41984,119,37,37,0,0,19,11898,0,373,0,373
385790,Playing,0,0,37,37,0,0,19,11904,0,373,0,373
386039,Buffering,36864,104,38,37,0,0,19,11915,0,373,0,373
386289,Buffering,55296,156,38,37,0,0,19,11921,0,373,0,373
386537,Buffering,73728,208,38,37,0,0,19,11925,10,373,10,373
386786,Buffering,92160,261,38,37,0,0,19,11931,0,373,0,373
387034,Buffering,110592,313,38,37,0,0,19,11943,0,373,0,373
387284,Buffering,110592,313,38,37,0,0,19,11949,0,373,0,373
387533,Buffering,110592,313,38,37,0,0,19,11955,0,373,0,373
387781,Buffering,119808,339,38,37,0,0,19,11959,16,373,16,373
388031,Buffering,138240,391,38,37,0,0,19,11971,0,373,0,373
388279,Buffering,138240,391,38,37,0,0,19,11978,0,373,0,373
388527,Buffering,156672,444,38,37,0,0,19,11984,0,373,0,373
388776,Buffering,165888,470,38,37,0,0,19,11989,0,373,0,373
389024,Buffering,175104,496,38,37,0,0,19,11997,0,373,0,373
389274,Buffering,193536,548,38,37,0,0,19,12008,0,373,0,373
389521,Buffering,193536,548,38,37,0,0,19,12013,2,373,2,373
389770,Buffering,202752,574,38,37,0,0,19,12019,0,373,0,373
390020,Buffering,221184,626,38,37,0,0,19,12030,0,373,0,373
390266,Buffering,221184,626,38,37,0,0,19,12037,0,373,0,373
390513,Buffering,221184,626,38,37,0,0,19,12044,0,373,0,373
390762,Buffering,230400,653,38,37,0,0,19,12049,0,373,0,373
391011,Playing,222208,629,38,38,0,0,19,12059,2,373,2,373
391260,Playing,132096,374,38,38,0,0,19,12066,4,373,4,373
391508,Playing,50176,142,38,38,0,0,19,12073,0,373,0,373
391758,Playing,0,0,38,38,0,0,19,12077,9,373,9,373
392008,Buffering,18432,52,39,38,0,0,19,12089,0,373,0,373
392258,Buffering,36864,104,39,38,0,0,19,12096,4,373,4,373
392507,Buffering,36864,104,39,38,0,0,19,12102,0,373,0,373
392755,Buffering,46080,130,39,38,0,0,19,12109,0,373,0,373
393005,Buffering,73728,208,39,38,0,0,19,12118,0,373,0,373
393253,Buffering,92160,261,39,38,0,0,19,12128,0,373,0,373
393504,Buffering,101376,287,39,38,0,0,19,12133,4,373,4,373
393751,Buffering,119808,339,39,38,0,0,19,12139,16,373,16,373
394020,Buffering,119808,339,39,38,0,0,19,12148,208,373,208,373
394263,Buffering,147456,417,39,38,0,0,19,12158,0,373,0,373
394511,Buffering,147456,417,39,38,0,0,19,12166,0,373,0,373
394759,Buffering,156672,444,39,38,0,0,19,12170,20,373,20,373
395008,Buffering,184320,522,39,38,0,0,19,12181,0,373,0,373
395257,Buffering,202752,574,39,38,0,0,19,12188,10,373,10,373
395506,Buffering,211968,600,39,38,0,0,19,12194,0,373,0,373
395757,Buffering,230400,653,39,38,0,0,19,12198,4,373,4,373
396004,Buffering,239616,679,39,38,0,0,19,12209,0,373,0,373
396253,Buffering,258048,731,39,38,0,0,19,12217,4,373,4,373
396502,Buffering,267264,757,39,38,0,0,19,12224,0,373,0,373
396752,Buffering,276480,783,39,38,0,0,19,12230,0,373,0,373
397003,Reconnecting,0,0,39,39,0,0,19,12231,192,373,192,373
397251,Reconnecting,0,0,39,39,0,0,19,12231,192,373,192,373
397562,Reconnecting,0,0,39,39,0,0,19,12231,192,373,192,373
397811,Reconnecting,0,0,39,39,0,0,19,12231,192,373,192,373
398057,Reconnecting,0,0,39,39,0,0,19,12231,192,373,192,373
398304,Reconnecting,0,0,39,39,0,0,19,12231,192,373,192,373
398552,Reconnecting,0,0,39,39,0,0,19,12231,192,373,192,373
398800,Reconnecting,0,0,39,39,0,0,19,12231,192,373,192,373
399050,Reconnecting,0,0,39,39,0,0,19,12231,192,373,192,373
399298,Reconnecting,0,0,39,39,0,0,19,12231,192,373,192,373
399547,Reconnecting,0,0,39,39,0,0,19,12231,192,373,192,373
399795,Reconnecting,0,0,39,39,0,0,19,12231,192,373,192,373
400044,Reconnecting,0,0,39,39,0,0,19,12231,192,373,192,373
400292,Reconnecting,0,0,39,39,0,0,19,12231,192,373,192,373
400544,Reconnecting,0,0,39,39,0,0,19,12231,192,373,192,373
400794,Reconnecting,0,0,39,39,0,0,19,12231,192,373,192,373
401043,Reconnecting,0,0,39,39,0,0,19,12231,192,373,192,373
401294,Reconnecting,0,0,39,39,0,0,19,12231,192,373,192,373
401542,Reconnecting,0,0,39,39,0,0,19,12231,192,373,192,373
401791,Reconnecting,0,0,39,39,0,0,19,12231,192,373,192,373
402042,Reconnecting,0,0,39,39,0,0,20,12231,192,373,192,373
402292,Reconnecting,0,0,39,39,0,0,20,12231,192,373,192,373
402540,Reconnecting,82944,235,39,39,0,0,20,12243,0,373,0,373
402790,Reconnecting,423936,1201,39,39,0,0,20,12298,0,373,0,373
403038,Playing,1817600,5151,39,39,0,0,20,12505,0,373,0,373
403287,Playing,1735680,4919,39,39,0,0,20,12512,5,373,5,373
403533,Playing,1654784,4690,39,39,0,0,20,12518,0,373,0,373
403784,Playing,1564672,4435,39,39,0,0,20,12526,0,373,0,373
404032,Playing,1501184,4255,39,39,0,0,20,12537,4,373,4,373
404282,Playing,1411072,3999,39,39,0,0,20,12543,0,373,0,373
404531,Playing,1320960,3744,39,39,0,0,20,12549,8,373,8,373
404781,Playing,1239040,3512,39,39,0,0,20,12555,4,373,4,373
405033,Playing,1148928,3256,39,39,0,0,20,12569,6,373,6,373
405282,Playing,1068032,3027,39,39,0,0,20,12575,0,373,0,373
405530,Playing,996352,2824,39,39,0,0,20,12580,0,373,0,373
405778,Playing,932864,2644,39,39,0,0,20,12585,0,373,0,373
406028,Playing,851968,2414,39,39,0,0,20,12598,0,373,0,373
406276,Playing,761856,2159,39,39,0,0,20,12603,5,373,5,373
406528,Playing,689152,1953,39,39,0,0,20,12608,0,373,0,373
406777,Playing,599040,1697,39,39,0,0,20,12614,0,373,0,373
407025,Playing,518144,1468,39,39,0,0,20,12627,0,373,0,373
407274,Playing,454656,1288,39,39,0,0,20,12633,0,373,0,373
407524,Playing,373760,1059,39,39,0,0,20,12638,4,373,4,373
407773,Playing,283648,803,39,39,0,0,20,12644,4,373,4,373
408021,Playing,210944,597,39,39,0,0,20,12656,4,373,4,373
408271,Playing,130048,368,39,39,0,0,20,12662,0,373,0,373
408519,Playing,39936,113,39,39,0,0,20,12668,0,373,0,373
408768,Playing,0,0,39,39,0,0,20,12673,4,373,4,373
409017,Buffering,27648,78,40,39,0,0,20,12685,0,373,0,373
409265,Buffering,36864,104,40,39,0,0,20,12690,4,373,4,373
409513,Buffering,36864,104,40,39,0,0,20,12696,0,373,0,373
409762,Buffering,46080,130,40,39,0,0,20,12702,0,373,0,373
410011,Buffering,82944,235,40,39,0,0,20,12714,0,373,0,373
410261,Buffering,82944,235,40,39,0,0,20,12719,3,373,3,373
410511,Buffering,92160,261,40,39,0,0,20,12723,0,373,0,373
410761,Buffering,101376,287,40,39,0,0,20,12729,4,373,4,373
411010,Buffering,101376,287,40,39,0,0,20,12740,4,373,4,373
411258,Buffering,110592,313,40,39,0,0,20,12746,0,373,0,373
411508,Buffering,119808,339,40,39,0,0,20,12751,0,373,0,373
411759,Buffering,138240,391,40,39,0,0,20,12757,0,373,0,373
412009,Buffering,175104,496,40,39,0,0,20,12766,1,373,1,373
412257,Buffering,184320,522,40,39,0,0,20,12772,4,373,4,373
412504,Buffering,193536,548,40,39,0,0,20,12778,0,373,0,373
412752,Buffering,211968,600,40,39,0,0,20,12782,1,373,1,373
413000,Buffering,221184,626,40,39,0,0,20,12788,0,373,0,373
413312,Buffering,248832,705,40,39,0,0,20,12799,0,373,0,373
413561,Buffering,267264,757,40,39,0,0,20,12806,0,373,0,373
413811,Playing,277504,786,40,40,0,0,20,12818,4,373,4,373
414058,Playing,195584,554,40,40,0,0,20,12824,0,373,0,373
414307,Playing,105472,298,40,40,0,0,20,12830,0,373,0,373
414554,Playing,24576,69,40,40,0,0,20,12835,3,373,3,373
414805,Playing,0,0,40,40,0,0,20,12841,0,373,0,373
415053,Buffering,36864,104,41,40,0,0,20,12851,0,373,0,373
415298,Buffering,55296,156,41,40,0,0,20,12857,0,373,0,373
415549,Buffering,82944,235,41,40,0,0,20,12863,0,373,0,373
415797,Buffering,82944,235,41,40,0,0,20,12868,3,373,3,373
416044,Buffering,110592,313,41,40,0,0,20,12880,0,373,0,373
416294,Buffering,119808,339,41,40,0,0,20,12884,0,373,0,373
416541,Buffering,119808,339,41,40,0,0,20,12890,0,373,0,373
416789,Buffering,129024,365,41,40,0,0,20,12896,0,373,0,373
417038,Buffering,165888,470,41,40,0,0,20,12908,0,373,0,373
417287,Buffering,184320,522,41,40,0,0,20,12912,14,373,14,373
417534,Buffering,193536,548,41,40,0,0,20,12918,11,373,11,373
417782,Buffering,202752,574,41,40,0,0,20,12924,0,373,0,373
418033,Buffering,202752,574,41,40,0,0,20,12934,4,373,4,373
418282,Buffering,211968,600,41,40,0,0,20,12940,0,373,0,373
418531,Buffering,221184,626,41,40,0,0,20,12944,4,373,4,373
418782,Buffering,230400,653,41,40,0,0,20,12950,4,373,4,373
419032,Buffering,239616,679,41,40,0,0,20,12959,0,373,0,373
419278,Buffering,248832,705,41,40,0,0,20,12967,2,373,2,373
419529,Buffering,258048,731,41,40,0,0,20,12973,0,373,0,373
419777,Buffering,267264,757,41,40,0,0,20,12978,4,373,4,373
420025,Playing,211968,600,41,41,0,0,20,12990,0,373,0,373
420273,Playing,131072,371,41,41,0,0,20,12997,0,373,0,373
420524,Playing,58368,165,41,41,0,0,20,13003,0,373,0,373
420773,Playing,0,0,41,41,0,0,20,13009,0,373,0,373
421023,Buffering,18432,52,42,41,0,0,20,13019,0,373,0,373
421271,Buffering,18432,52,42,41,0,0,20,13026,0,373,0,373
421520,Buffering,18432,52,42,41,0,0,20,13031,3,373,3,373
421769,Buffering,27648,78,42,41,0,0,20,13037,0,373,0,373
422017,Buffering,46080,130,42,41,0,0,20,13048,3,373,3,373
422267,Buffering,55296,156,42,41,0,0,20,13054,0,373,0,373
422517,Buffering,82944,235,42,41,0,0,20,13060,0,373,0,373
422767,Buffering,82944,235,42,41,0,0,20,13065,9,373,9,373
423020,Buffering,101376,287,42,41,0,0,20,13077,0,373,0,373
423266,Buffering,110592,313,42,41,0,0,20,13082,4,373,4,373
423514,Buffering,119808,339,42,41,0,0,20,13088,0,373,0,373
423767,Buffering,119808,339,42,41,0,0,20,13094,0,373,0,373
424018,Buffering,129024,365,42,41,0,0,20,13106,5,373,5,373
424267,Buffering,129024,365,42,41,0,0,20,13110,1,373,1,373
424517,Buffering,129024,365,42,41,0,0,20,13116,0,373,0,373
424768,Buffering,129024,365,42,41,0,0,20,13123,0,373,0,373
425016,Buffering,129024,365,42,41,0,0,20,13134,6,373,6,373
425266,Buffering,147456,417,42,41,0,0,20,13140,0,373,0,373
425517,Buffering,147456,417,42,41,0,0,20,13145,0,373,0,373
425765,Buffering,165888,470,42,41,0,0,20,13151,0,373,0,373
426014,Reconnecting,0,0,42,42,0,0,20,13152,193,373,193,373
426262,Reconnecting,0,0,42,42,0,0,20,13152,193,373,193,373
426511,Reconnecting,0,0,42,42,0,0,20,13152,193,373,193,373
426759,Reconnecting,0,0,42,42,0,0,20,13152,193,373,193,373
427006,Reconnecting,0,0,42,42,0,0,20,13152,193,373,193,373
427256,Reconnecting,0,0,42,42,0,0,20,13152,193,373,193,373
427504,Reconnecting,0,0,42,42,0,0,20,13152,193,373,193,373
427752,Reconnecting,0,0,42,42,0,0,20,13152,193,373,193,373
428062,Reconnecting,0,0,42,42,0,0,20,13152,193,373,193,373
428311,Reconnecting,0,0,42,42,0,0,20,13152,193,373,193,373
428561,Reconnecting,0,0,42,42,0,0,20,13152,193,373,193,373
428811,Reconnecting,0,0,42,42,0,0,20,13152,193,373,193,373
429060,Reconnecting,0,0,42,42,0,0,20,13152,193,373,193,373
429310,Reconnecting,0,0,42,42,0,0,20,13152,193,373,193,373
429558,Reconnecting,0,0,42,42,0,0,20,13152,193,373,193,373
429808,Reconnecting,0,0,42,42,0,0,20,13152,193,373,193,373
430057,Reconnecting,0,0,42,42,0,0,20,13152,193,373,193,373
430306,Reconnecting,0,0,42,42,0,0,20,13152,193,373,193,373
430554,Reconnecting,0,0,42,42,0,0,20,13152,193,373,193,373
430804,Reconnecting,0,0,42,42,0,0,21,13152,193,373,193,373
431052,Reconnecting,0,0,42,42,0,0,21,13152,193,373,193,373
431303,Reconnecting,0,0,42,42,0,0,21,13152,193,373,193,373
431552,Reconnecting,18432,52,42,42,0,0,21,13165,0,373,0,373
431801,Reconnecting,276480,783,42,42,0,0,21,13252,0,373,0,373
432050,Playing,1531904,4342,42,42,0,0,21,13462,0,373,0,373
432296,Playing,1441792,4086,42,42,0,0,21,13469,0,373,0,373
432545,Playing,1360896,3857,42,42,0,0,21,13474,6,373,6,373
432795,Playing,1297408,3677,42,42,0,0,21,13480,0,373,0,373
433044,Playing,1225728,3474,42,42,0,0,21,13492,0,373,0,373
433294,Playing,1144832,3244,42,42,0,0,21,13498,11,373,11,373
433544,Playing,1063936,3015,42,42,0,0,21,13505,0,373,0,373
433794,Playing,991232,2809,42,42,0,0,21,13508,1,373,1,373
434042,Playing,928768,2632,42,42,0,0,21,13513,0,373,0,373
434290,Playing,857088,2429,42,42,0,0,21,13518,0,373,0,373
434538,Playing,776192,2200,42,42,0,0,21,13531,0,373,0,373
434788,Playing,703488,1994,42,42,0,0,21,13537,0,373,0,373
435040,Playing,622592,1764,42,42,0,0,21,13549,3,373,3,373
435286,Playing,532480,1509,42,42,0,0,21,13556,0,373,0,373
435516,Playing,468992,1329,42,42,0,0,21,13559,0,373,0,373
435782,Playing,378880,1073,42,42,0,0,21,13566,0,373,0,373
436031,Playing,316416,896,42,42,0,0,21,13572,0,373,0,373
436283,Playing,253952,719,42,42,0,0,21,13575,0,373,0,373
436532,Playing,199680,565,42,42,0,0,21,13583,0,373,0,373
436779,Playing,118784,336,42,42,0,0,21,13590,0,373,0,373
437029,Playing,28672,81,42,42,0,0,21,13597,0,373,0,373
437280,Playing,0,0,42,42,0,0,21,13602,0,373,0,373
437528,Buffering,27648,78,43,42,0,0,21,13613,0,373,0,373
437774,Buffering,64512,182,43,42,0,0,21,13618,0,373,0,373
438025,Buffering,82944,235,43,42,0,0,21,13623,0,373,0,373
438274,Buffering,82944,235,43,42,0,0,21,13629,0,373,0,373
438524,Buffering,101376,287,43,42,0,0,21,13632,0,373,0,373
438771,Buffering,110592,313,43,42,0,0,21,13645,0,373,0,373
439020,Buffering,119808,339,43,42,0,0,21,13657,3,373,3,373
439269,Buffering,129024,365,43,42,0,0,21,13663,0,373,0,373
439519,Buffering,129024,365,43,42,0,0,21,13668,1,373,1,373
439769,Buffering,156672,444,43,42,0,0,21,13673,0,373,0,373
440015,Buffering,175104,496,43,42,0,0,21,13679,0,373,0,373
440262,Buffering,193536,548,43,42,0,0,21,13683,0,373,0,373
440511,Buffering,211968,600,43,42,0,0,21,13695,0,373,0,373
440760,Buffering,230400,653,43,42,0,0,21,13698,0,373,0,373
441010,Buffering,248832,705,43,42,0,0,21,13711,0,373,0,373
441258,Buffering,248832,705,43,42,0,0,21,13711,0,373,0,373
441507,Buffering,267264,757,43,42,0,0,21,13716,0,373,0,373
441755,Buffering,267264,757,43,42,0,0,21,13729,4,373,4,373
442002,Buffering,276480,783,43,42,0,0,21,13736,0,373,0,373
442254,Buffering,276480,783,43,42,0,0,21,13740,2,373,2,373
442503,Playing,244736,693,43,43,0,0,21,13752,9,373,9,373
442752,Playing,182272,516,43,43,0,0,21,13757,0,373,0,373
443000,Playing,119808,339,43,43,0,0,21,13760,2,373,2,373
443311,Playing,50176,142,43,43,0,0,21,13772,4,373,4,373
443560,Buffering,18432,52,44,43,0,0,21,13775,0,373,0,373
443807,Buffering,18432,52,44,43,0,0,21,13775,0,373,0,373
444057,Buffering,55296,156,44,43,0,0,21,13784,0,385,0,385
444305,Buffering,119808,339,44,43,0,0,21,13794,0,385,0,385
444551,Buffering,119808,339,44,43,0,0,21,13794,0,385,0,385
444799,Buffering,156672,444,44,43,0,0,21,13802,0,385,0,385
445045,Buffering,156672,444,44,43,0,0,21,13802,0,385,0,385
445294,Buffering,184320,522,44,43,0,0,21,13810,0,402,0,402
445542,Buffering,230400,653,44,43,0,0,21,13817,0,402,0,402
445790,Buffering,230400,653,44,43,0,0,21,13817,0,402,0,402
446039,Buffering,285696,809,44,43,0,0,21,13832,0,405,0,405
446285,Buffering,294912,835,44,43,0,0,21,13838,0,405,0,405
446531,Buffering,294912,835,44,43,0,0,21,13838,0,405,0,405
446778,Buffering,326656,925,44,44,0,0,21,13845,1,405,1,405
447025,Buffering,236544,670,44,44,0,0,21,13852,1,405,1,405
447274,Buffering,173056,490,44,44,0,0,21,13864,3,405,3,405
447519,Buffering,82944,235,44,44,0,0,21,13864,3,405,3,405
447766,Buffering,11264,31,44,44,0,0,21,13875,6,405,6,405
448018,Buffering,9216,26,44,44,0,0,21,13886,0,405,0,405
448266,Buffering,9216,26,44,44,0,0,21,13886,0,405,0,405
448517,Buffering,27648,78,44,44,0,0,21,13897,0,405,0,405
448765,Buffering,27648,78,44,44,0,0,21,13897,0,405,0,405
449014,Buffering,46080,130,44,44,0,0,21,13907,4,405,4,405
449262,Buffering,82944,235,44,44,0,0,21,13916,5,405,5,405
449511,Playing,93184,264,44,45,0,0,21,13919,0,405,0,405
449758,Playing,29696,84,44,45,0,0,21,13927,0,405,0,405
450009,Buffering,27648,78,45,45,0,0,21,13937,0,405,0,405
450257,Buffering,27648,78,45,45,0,0,21,13938,6,405,6,405
450506,Buffering,64512,182,45,45,0,0,21,13948,3,405,3,405
450755,Buffering,73728,208,45,45,0,0,21,13950,0,405,0,405
451003,Buffering,92160,261,45,45,0,0,21,13958,0,405,0,405
451251,Buffering,101376,287,45,45,0,0,21,13970,4,405,4,405
451501,Buffering,101376,287,45,45,0,0,21,13976,4,405,4,405
451751,Buffering,101376,287,45,45,0,0,21,13983,0,405,0,405
452009,Buffering,101376,287,45,45,0,0,21,13989,0,405,0,405
452262,Buffering,101376,287,45,45,0,0,21,13999,0,405,0,405
452512,Buffering,101376,287,45,45,0,0,21,14006,0,405,0,405
452761,Buffering,110592,313,45,45,0,0,21,14013,0,405,0,405
453009,Buffering,138240,391,45,45,0,0,21,14025,0,405,0,405
453262,Buffering,156672,444,45,45,0,0,21,14031,0,405,0,405
453511,Buffering,156672,444,45,45,0,0,21,14036,4,405,4,405
453761,Buffering,165888,470,45,45,0,0,21,14042,0,405,0,405
454009,Buffering,184320,522,45,45,0,0,21,14053,4,405,4,405
454257,Buffering,184320,522,45,45,0,0,21,14059,0,405,0,405
454506,Buffering,184320,522,45,45,0,0,21,14066,0,405,0,405
454755,Buffering,193536,548,45,45,0,0,21,14072,0,405,0,405
455005,Reconnecting,0,0,45,46,0,0,21,14077,194,405,194,405
455255,Reconnecting,0,0,45,46,0,0,21,14077,194,405,194,405
455504,Reconnecting,0,0,45,46,0,0,21,14077,194,405,194,405
455753,Reconnecting,0,0,45,46,0,0,21,14077,194,405,194,405
456062,Reconnecting,0,0,45,46,0,0,21,14077,194,405,194,405
456309,Reconnecting,0,0,45,46,0,0,21,14077,194,405,194,405
456557,Reconnecting,0,0,45,46,0,0,21,14077,194,405,194,405
456806,Reconnecting,0,0,45,46,0,0,21,14077,194,405,194,405
457054,Reconnecting,0,0,45,46,0,0,21,14077,194,405,194,405
457301,Reconnecting,0,0,45,46,0,0,21,14077,194,405,194,405
457550,Reconnecting,0,0,45,46,0,0,21,14077,194,405,194,405
457799,Reconnecting,0,0,45,46,0,0,21,14077,194,405,194,405
458049,Reconnecting,0,0,45,46,0,0,21,14077,194,405,194,405
458298,Reconnecting,0,0,45,46,0,0,21,14077,194,405,194,405
458545,Reconnecting,0,0,45,46,0,0,21,14077,194,405,194,405
458795,Reconnecting,0,0,45,46,0,0,21,14077,194,405,194,405
459045,Reconnecting,0,0,45,46,0,0,21,14077,194,405,194,405
459294,Reconnecting,0,0,45,46,0,0,21,14077,194,405,194,405
459545,Reconnecting,0,0,45,46,0,0,21,14077,194,405,194,405
459794,Reconnecting,0,0,45,46,0,0,21,14077,194,405,194,405
460042,Reconnecting,0,0,45,46,0,0,21,14077,194,405,194,405
460291,Reconnecting,0,0,45,46,0,0,22,14077,194,405,194,405
460539,Reconnecting,0,0,45,46,0,0,22,14077,194,405,194,405
460789,Reconnecting,0,0,45,46,0,0,22,14089,0,405,194,405
461039,Reconnecting,0,0,45,46,0,0,22,14094,13,405,194,405
461285,Reconnecting,0,0,45,46,0,0,22,14094,13,405,194,405
461532,Reconnecting,0,0,45,46,0,0,22,14094,13,405,194,405
461782,Reconnecting,0,0,45,46,0,0,22,14094,13,405,194,405
462033,Reconnecting,0,0,45,46,0,0,22,14094,13,405,194,405
462281,Reconnecting,0,0,45,46,0,0,22,14094,13,405,194,405
462531,Reconnecting,0,0,45,46,0,0,22,14094,13,405,194,405
462778,Reconnecting,0,0,45,46,0,0,22,14094,13,405,194,405
463027,Reconnecting,0,0,45,46,0,0,22,14094,13,405,194,405
463277,Reconnecting,0,0,45,46,0,0,22,14094,13,405,194,405
463528,Reconnecting,0,0,45,46,0,0,22,14094,13,405,194,405
463777,Reconnecting,0,0,45,46,0,0,22,14094,13,405,194,405
464023,Reconnecting,0,0,45,46,0,0,22,14094,13,405,194,405
464273,Reconnecting,0,0,45,46,0,0,22,14094,13,405,194,405
464520,Reconnecting,0,0,45,46,0,0,22,14094,13,405,194,405
464769,Reconnecting,0,0,45,46,0,0,22,14094,13,405,194,405
465018,Reconnecting,0,0,45,46,0,0,22,14094,13,405,194,405
465266,Reconnecting,0,0,45,46,0,0,22,14094,13,405,194,405
465513,Reconnecting,0,0,45,46,0,0,22,14094,13,405,194,405
465763,Reconnecting,0,0,45,46,0,0,22,14094,13,405,194,405
466012,Reconnecting,0,0,45,46,0,0,23,14094,13,405,194,405
466259,Reconnecting,0,0,45,46,0,0,23,14094,13,405,194,405
466508,Reconnecting,0,0,45,46,0,0,23,14101,7,405,29,405
466757,Reconnecting,211968,600,45,46,0,0,23,14155,0,405,0,405
467006,Playing,1540096,4365,45,46,0,0,23,14359,0,405,0,405
467257,Playing,1569792,4449,45,46,0,0,23,14387,0,405,0,405
467506,Playing,1479680,4194,45,46,0,0,23,14393,4,405,4,405
467754,Playing,1406976,3988,45,46,0,0,23,14399,0,405,0,405
468003,Playing,1326080,3758,45,46,0,0,23,14405,0,405,0,405
468252,Playing,1254400,3555,45,46,0,0,23,14417,3,405,3,405
468502,Playing,1181696,3349,45,46,0,0,23,14422,0,405,0,405
468811,Playing,1076224,3050,45,46,0,0,23,14431,1,405,1,405
469061,Playing,1003520,2844,45,46,0,0,23,14437,0,405,0,405
469310,Playing,913408,2589,45,46,0,0,23,14444,0,405,0,405
469559,Playing,823296,2333,45,46,0,0,23,14452,0,405,0,405
469806,Playing,759808,2153,45,46,0,0,23,14456,0,405,0,405
470058,Playing,715776,2028,45,46,0,0,23,14468,0,405,0,405
470307,Playing,653312,1851,45,46,0,0,23,14471,0,405,0,405
470556,Playing,572416,1622,45,46,0,0,23,14477,3,405,3,405
470805,Playing,499712,1416,45,46,0,0,23,14482,0,405,0,405
471054,Playing,446464,1265,45,46,0,0,23,14490,0,405,0,405
471303,Playing,374784,1062,45,46,0,0,23,14498,0,405,0,405
471552,Playing,292864,830,45,46,0,0,23,14506,0,405,0,405
471802,Playing,239616,679,45,46,0,0,23,14512,0,405,0,405
472049,Playing,158720,449,45,46,0,0,23,14524,18,405,18,405
472298,Playing,76800,217,45,46,0,0,23,14530,0,405,0,405
472546,Playing,0,0,45,46,0,0,23,14535,0,405,0,405
472795,Buffering,0,0,46,46,0,0,23,14540,5,405,5,405
473045,Buffering,9216,26,46,46,0,0,23,14554,0,405,0,405
473294,Buffering,9216,26,46,46,0,0,23,14559,6,405,6,405
473544,Buffering,18432,52,46,46,0,0,23,14565,0,405,0,405
473795,Buffering,36864,104,46,46,0,0,23,14572,0,405,0,405
474045,Buffering,55296,156,46,46,0,0,23,14582,0,405,0,405
474293,Buffering,92160,261,46,46,0,0,23,14587,0,405,0,405
474542,Buffering,119808,339,46,46,0,0,23,14590,0,405,0,405
474791,Buffering,129024,365,46,46,0,0,23,14597,0,405,0,405
475040,Buffering,129024,365,46,46,0,0,23,14606,0,405,0,405
475290,Buffering,147456,417,46,46,0,0,23,14615,0,405,0,405
475540,Buffering,156672,444,46,46,0,0,23,14619,79,405,79,405
475789,Buffering,165888,470,46,46,0,0,23,14625,0,405,0,405
476037,Buffering,175104,496,46,46,0,0,23,14631,0,405,0,405
476285,Buffering,193536,548,46,46,0,0,23,14640,0,405,0,405
476534,Buffering,211968,600,46,46,0,0,23,14645,0,405,0,405
476787,Buffering,230400,653,46,46,0,0,23,14648,0,405,0,405
477036,Buffering,276480,783,46,46,0,0,23,14659,0,405,0,405
477283,Buffering,285696,809,46,46,0,0,23,14664,0,405,0,405
477532,Buffering,294912,835,46,46,0,0,23,14670,3,405,3,405
477782,Playing,238592,676,46,47,0,0,23,14676,0,405,0,405
478029,Playing,176128,499,46,47,0,0,23,14686,4,405,4,405
478279,Playing,94208,267,46,47,0,0,23,14692,0,405,0,405
478528,Playing,4096,11,46,47,0,0,23,14697,4,405,4,405
478777,Buffering,9216,26,47,47,0,0,23,14703,0,405,0,405
479026,Buffering,9216,26,47,47,0,0,23,14713,0,405,0,405
479276,Buffering,18432,52,47,47,0,0,23,14722,0,405,0,405
479522,Buffering,27648,78,47,47,0,0,23,14728,0,405,0,405
479768,Buffering,36864,104,47,47,0,0,23,14731,0,405,0,405
480015,Buffering,36864,104,47,47,0,0,23,14740,22,405,22,405
480264,Buffering,55296,156,47,47,0,0,23,14749,0,405,0,405
480514,Buffering,64512,182,47,47,0,0,23,14756,0,405,0,405
480764,Buffering,82944,235,47,47,0,0,23,14762,0,405,0,405
481013,Buffering,92160,261,47,47,0,0,23,14773,0,405,0,405
481260,Buffering,101376,287,47,47,0,0,23,14778,4,405,4,405
481510,Buffering,110592,313,47,47,0,0,23,14784,0,405,0,405
481758,Buffering,110592,313,47,47,0,0,23,14790,0,405,0,405
482005,Buffering,119808,339,47,47,0,0,23,14798,189,405,189,405
482253,Buffering,138240,391,47,47,0,0,23,14808,4,405,4,405
482504,Buffering,138240,391,47,47,0,0,23,14812,4,405,4,405
482752,Buffering,138240,391,47,47,0,0,23,14819,4,405,4,405
483000,Buffering,138240,391,47,47,0,0,23,14825,0,405,0,405
483250,Buffering,138240,391,47,47,0,0,23,14837,3,405,3,405
483560,Buffering,147456,417,47,47,0,0,23,14844,1,405,1,405
483809,Playing,82944,235,47,48,0,0,23,14854,0,405,0,405
484056,Playing,20480,58,47,48,0,0,23,14863,0,405,0,405
484307,Buffering,9216,26,48,48,0,0,23,14868,0,405,0,405
484557,Buffering,18432,52,48,48,0,0,23,14874,4,405,4,405
484805,Buffering,36864,104,48,48,0,0,23,14883,0,405,0,405
485057,Buffering,36864,104,48,48,0,0,23,14893,5,405,5,405
485306,Buffering,36864,104,48,48,0,0,23,14899,0,405,0,405
485556,Buffering,36864,104,48,48,0,0,23,14904,4,405,4,405
485804,Buffering,46080,130,48,48,0,0,23,14911,190,405,190,405
486054,Buffering,46080,130,48,48,0,0,23,14918,1,405,1,405
486302,Buffering,64512,182,48,48,0,0,23,14926,0,405,0,405
486550,Buffering,101376,287,48,48,0,0,23,14931,0,405,0,405
486799,Buffering,101376,287,48,48,0,0,23,14933,2,405,2,405
487049,Buffering,147456,417,48,48,0,0,23,14943,0,405,0,405
487297,Buffering,156672,444,48,48,0,0,23,14949,0,405,0,405
487546,Buffering,156672,444,48,48,0,0,23,14950,114,405,114,405
487795,Buffering,193536,548,48,48,0,0,23,14957,3,405,3,405
488048,Buffering,221184,626,48,48,0,0,23,14970,0,405,0,405
488293,Buffering,221184,626,48,48,0,0,23,14970,0,405,0,405
488543,Buffering,258048,731,48,48,0,0,23,14976,2,405,2,405
488790,Buffering,258048,731,48,48,0,0,23,14985,0,405,0,405
489040,Buffering,276480,783,48,48,0,0,23,14994,0,405,0,405
489286,Reconnecting,0,0,48,49,0,0,23,14996,2,405,2,405
489533,Reconnecting,0,0,48,49,0,0,23,14996,2,405,2,405
489784,Reconnecting,0,0,48,49,0,0,23,14996,2,405,2,405
490030,Reconnecting,0,0,48,49,0,0,23,14996,2,405,2,405
490278,Reconnecting,0,0,48,49,0,0,23,14996,2,405,2,405
490525,Reconnecting,0,0,48,49,0,0,23,14996,2,405,2,405
490775,Reconnecting,0,0,48,49,0,0,23,14996,2,405,2,405
491025,Reconnecting,0,0,48,49,0,0,23,14996,2,405,2,405
491271,Reconnecting,0,0,48,49,0,0,23,14996,2,405,2,405
491519,Reconnecting,0,0,48,49,0,0,23,14996,2,405,2,405
491768,Reconnecting,0,0,48,49,0,0,23,14996,2,405,2,405
492019,Reconnecting,0,0,48,49,0,0,23,14996,2,405,2,405
492265,Reconnecting,0,0,48,49,0,0,23,14996,2,405,2,405
492514,Reconnecting,0,0,48,49,0,0,23,14996,2,405,2,405
492763,Reconnecting,0,0,48,49,0,0,23,14996,2,405,2,405
493012,Reconnecting,0,0,48,49,0,0,23,14996,2,405,2,405
493261,Reconnecting,0,0,48,49,0,0,23,14996,2,405,2,405
493511,Reconnecting,0,0,48,49,0,0,23,14996,2,405,2,405
493759,Reconnecting,0,0,48,49,0,0,23,14996,2,405,2,405
494009,Reconnecting,0,0,48,49,0,0,23,14996,2,405,2,405
494257,Reconnecting,0,0,48,49,0,0,24,14996,2,405,2,405
494508,Reconnecting,0,0,48,49,0,0,24,14996,2,405,2,405
494756,Reconnecting,0,0,48,49,0,0,24,14996,2,405,2,405
495005,Reconnecting,55296,156,48,49,0,0,24,15022,0,405,0,405
495252,Reconnecting,580608,1645,48,49,0,0,24,15127,0,405,0,405
495500,Playing,1545216,4379,48,49,0,0,24,15283,3,405,3,405
495810,Playing,1438720,4078,48,49,0,0,24,15296,0,405,0,405
496058,Playing,1348608,3822,48,49,0,0,24,15303,0,405,0,405
496306,Playing,1267712,3593,48,49,0,0,24,15309,0,405,0,405
496557,Playing,1195008,3387,48,49,0,0,24,15314,0,405,0,405
496806,Playing,1104896,3131,48,49,0,0,24,15324,0,405,0,405
497054,Playing,1033216,2928,48,49,0,0,24,15333,0,405,0,405
497304,Playing,960512,2722,48,49,0,0,24,15339,4,405,4,405
497550,Playing,870400,2467,48,49,0,0,24,15347,4,405,4,405
497801,Playing,798720,2263,48,49,0,0,24,15356,0,405,0,405
498052,Playing,736256,2086,48,49,0,0,24,15365,0,405,0,405
498300,Playing,663552,1880,48,49,0,0,24,15369,4,405,4,405
498548,Playing,573440,1625,48,49,0,0,24,15376,0,405,0,405
498799,Playing,492544,1396,48,49,0,0,24,15384,1,405,1,405
499047,Playing,419840,1190,48,49,0,0,24,15393,0,405,0,405
499297,Playing,329728,934,48,49,0,0,24,15400,0,405,0,405
499545,Playing,239616,679,48,49,0,0,24,15407,0,405,0,405
499793,Playing,166912,473,48,49,0,0,24,15413,0,405,0,405
500041,Playing,95232,269,48,49,0,0,24,15423,4,405,4,405
500290,Playing,14336,40,48,49,0,0,24,15429,0,405,0,405
500539,Buffering,9216,26,49,49,0,0,24,15433,5,405,5,405
500787,Buffering,18432,52,49,49,0,0,24,15440,3,405,3,405
501038,Buffering,36864,104,49,49,0,0,24,15451,0,405,0,405
501287,Buffering,46080,130,49,49,0,0,24,15457,4,405,4,405
501535,Buffering,46080,130,49,49,0,0,24,15463,0,405,0,405
501782,Buffering,64512,182,49,49,0,0,24,15467,3,405,3,405
502033,Buffering,82944,235,49,49,0,0,24,15480,0,405,0,405
502282,Buffering,82944,235,49,49,0,0,24,15487,6,405,6,405
502532,Buffering,92160,261,49,49,0,0,24,15493,0,405,0,405
502781,Buffering,110592,313,49,49,0,0,24,15499,0,405,0,405
503030,Buffering,110592,313,49,49,0,0,24,15511,0,405,0,405
503278,Buffering,110592,313,49,49,0,0,24,15517,0,405,0,405
503526,Buffering,110592,313,49,49,0,0,24,15521,4,405,4,405
503775,Buffering,110592,313,49,49,0,0,24,15527,21,405,21,405
504025,Buffering,119808,339,49,49,0,0,24,15538,5,405,5,405
504271,Buffering,129024,365,49,49,0,0,24,15545,17,405,17,405
504520,Buffering,129024,365,49,49,0,0,24,15549,0,405,0,405
504768,Buffering,129024,365,49,49,0,0,24,15555,4,405,4,405
505018,Buffering,138240,391,49,49,0,0,24,15566,6,405,6,405
505267,Buffering,138240,391,49,49,0,0,24,15573,3,405,3,405
505516,Playing,97280,275,49,50,0,0,24,15580,0,405,0,405
505762,Playing,7168,20,49,50,0,0,24,15586,0,405,0,405
506010,Buffering,9216,26,50,50,0,0,24,15599,0,405,0,405
506258,Buffering,18432,52,50,50,0,0,24,15606,0,405,0,405
506523,Buffering,18432,52,50,50,0,0,24,15611,0,405,0,405
506768,Buffering,36864,104,50,50,0,0,24,15615,0,405,0,405
507016,Buffering,46080,130,50,50,0,0,24,15620,0,405,0,405
507266,Buffering,82944,235,50,50,0,0,24,15633,0,405,0,405
507512,Buffering,82944,235,50,50,0,0,24,15639,0,405,0,405
507762,Buffering,110592,313,50,50,0,0,24,15644,0,405,0,405
508012,Buffering,138240,391,50,50,0,0,24,15655,3,405,3,405
508263,Buffering,147456,417,50,50,0,0,24,15661,10,405,10,405
508508,Buffering,165888,470,50,50,0,0,24,15667,0,405,0,405
508755,Buffering,175104,496,50,50,0,0,24,15671,0,405,0,405
509006,Buffering,175104,496,50,50,0,0,24,15678,187,405,187,405
509254,Buffering,193536,548,50,50,0,0,24,15690,0,405,0,405
509503,Buffering,193536,548,50,50,0,0,24,15695,4,405,4,405
509752,Buffering,202752,574,50,50,0,0,24,15701,0,405,0,405
510061,Buffering,211968,600,50,50,0,0,24,15713,0,405,0,405
510308,Buffering,221184,626,50,50,0,0,24,15717,0,405,0,405
510556,Buffering,239616,679,50,50,0,0,24,15722,0,405,0,405
510802,Buffering,276480,783,50,50,0,0,24,15731,0,405,0,405
511049,Playing,203776,577,50,51,0,0,24,15739,20,405,20,405
511299,Playing,132096,374,50,51,0,0,24,15745,0,405,0,405
511544,Playing,59392,168,50,51,0,0,24,15752,0,405,0,405
511791,Playing,0,0,50,51,0,0,24,15757,4,405,4,405
512043,Buffering,0,0,51,51,0,0,24,15771,0,405,0,405
512292,Buffering,0,0,51,51,0,0,24,15776,2,405,2,405
512541,Buffering,0,0,51,51,0,0,24,15782,0,405,0,405
512790,Buffering,9216,26,51,51,0,0,24,15788,0,405,0,405
513038,Buffering,18432,52,51,51,0,0,24,15799,0,405,0,405
513289,Buffering,27648,78,51,51,0,0,24,15805,0,405,0,405
513537,Buffering,27648,78,51,51,0,0,24,15812,0,405,0,405
513786,Buffering,27648,78,51,51,0,0,24,15818,0,405,0,405
514036,Buffering,36864,104,51,51,0,0,24,15828,0,405,0,405
514285,Buffering,46080,130,51,51,0,0,24,15834,0,405,0,405
514533,Buffering,55296,156,51,51,0,0,24,15838,2,405,2,405
514781,Buffering,73728,208,51,51,0,0,24,15844,0,405,0,405
515031,Buffering,110592,313,51,51,0,0,24,15854,2,405,2,405
515277,Buffering,119808,339,51,51,0,0,24,15860,0,405,0,405
515524,Buffering,119808,339,51,51,0,0,24,15867,0,405,0,405
515773,Buffering,129024,365,51,51,0,0,24,15871,5,405,5,405
516022,Buffering,129024,365,51,51,0,0,24,15883,0,405,0,405
516269,Buffering,129024,365,51,51,0,0,24,15889,0,405,0,405
516519,Buffering,129024,365,51,51,0,0,24,15895,3,405,3,405
516768,Buffering,138240,391,51,51,0,0,24,15901,0,405,0,405
517018,Reconnecting,0,0,51,52,0,0,24,15903,1,405,1,405
517267,Reconnecting,0,0,51,52,0,0,24,15903,1,405,1,405
517511,Reconnecting,0,0,51,52,0,0,24,15903,1,405,1,405
517761,Reconnecting,0,0,51,52,0,0,24,15903,1,405,1,405
518007,Reconnecting,0,0,51,52,0,0,24,15903,1,405,1,405
518257,Reconnecting,0,0,51,52,0,0,24,15903,1,405,1,405
518505,Reconnecting,0,0,51,52,0,0,24,15903,1,405,1,405
518753,Reconnecting,0,0,51,52,0,0,24,15903,1,405,1,405
519002,Reconnecting,0,0,51,52,0,0,24,15903,1,405,1,405
519252,Reconnecting,0,0,51,52,0,0,24,15903,1,405,1,405
519500,Reconnecting,0,0,51,52,0,0,24,15903,1,405,1,405
519811,Reconnecting,0,0,51,52,0,0,24,15903,1,405,1,405
520061,Reconnecting,0,0,51,52,0,0,24,15903,1,405,1,405
520311,Reconnecting,0,0,51,52,0,0,24,15903,1,405,1,405
520558,Reconnecting,0,0,51,52,0,0,24,15903,1,405,1,405
520808,Reconnecting,0,0,51,52,0,0,24,15903,1,405,1,405
521060,Reconnecting,0,0,51,52,0,0,24,15903,1,405,1,405
521305,Reconnecting,0,0,51,52,0,0,24,15903,1,405,1,405
521558,Reconnecting,0,0,51,52,0,0,24,15903,1,405,1,405
521806,Reconnecting,0,0,51,52,0,0,25,15903,1,405,1,405
522054,Reconnecting,0,0,51,52,0,0,25,15903,1,405,1,405
522302,Reconnecting,0,0,51,52,0,0,25,15903,1,405,1,405
522552,Reconnecting,73728,208,51,52,0,0,25,15919,0,405,0,405
522800,Reconnecting,313344,888,51,52,0,0,25,16024,0,405,0,405
523049,Playing,1569792,4449,51,52,0,0,25,16212,0,405,0,405
523300,Playing,1479680,4194,51,52,0,0,25,16216,0,405,0,405
523549,Playing,1398784,3964,51,52,0,0,25,16222,0,405,0,405
523797,Playing,1326080,3758,51,52,0,0,25,16228,0,405,0,405
524045,Playing,1235968,3503,51,52,0,0,25,16240,0,405,0,405
524293,Playing,1164288,3300,51,52,0,0,25,16246,0,405,0,405
524541,Playing,1074176,3044,51,52,0,0,25,16251,4,405,4,405
524792,Playing,1001472,2838,51,52,0,0,25,16258,0,405,0,405
525041,Playing,920576,2609,51,52,0,0,25,16269,5,405,5,405
525288,Playing,839680,2380,51,52,0,0,25,16275,0,405,0,405
525539,Playing,766976,2173,51,52,0,0,25,16282,0,405,0,405
525788,Playing,676864,1918,51,52,0,0,25,16287,4,405,4,405
526035,Playing,595968,1689,51,52,0,0,25,16297,4,405,4,405
526284,Playing,514048,1457,51,52,0,0,25,16303,0,405,0,405
526532,Playing,423936,1201,51,52,0,0,25,16309,0,405,0,405
526781,Playing,333824,946,51,52,0,0,25,16313,4,405,4,405
527030,Playing,262144,743,51,52,0,0,25,16324,0,405,0,405
527280,Playing,189440,536,51,52,0,0,25,16330,0,405,0,405
527527,Playing,126976,359,51,52,0,0,25,16335,0,405,0,405
527778,Playing,46080,130,51,52,0,0,25,16341,0,405,0,405
528024,Buffering,9216,26,52,52,0,0,25,16353,5,405,5,405
528274,Buffering,27648,78,52,52,0,0,25,16359,0,405,0,405
528524,Buffering,55296,156,52,52,0,0,25,16363,3,405,3,405
528773,Buffering,82944,235,52,52,0,0,25,16368,0,405,0,405
529023,Buffering,138240,391,52,52,0,0,25,16377,4,405,4,405
529273,Buffering,147456,417,52,52,0,0,25,16383,4,405,4,405
529521,Buffering,147456,417,52,52,0,0,25,16389,0,405,0,405
529768,Buffering,147456,417,52,52,0,0,25,16393,4,405,4,405
530017,Buffering,184320,522,52,52,0,0,25,16403,0,405,0,405
530264,Buffering,184320,522,52,52,0,0,25,16410,0,405,0,405
530514,Buffering,193536,548,52,52,0,0,25,16414,15,405,15,405
530765,Buffering,221184,626,52,52,0,0,25,16420,0,405,0,405
531011,Buffering,221184,626,52,52,0,0,25,16427,0,405,0,405
531263,Buffering,285696,809,52,52,0,0,25,16438,0,405,0,405
531510,Buffering,304128,862,52,52,0,0,25,16442,0,405,0,405
531757,Buffering,331776,940,52,52,0,0,25,16448,0,405,0,405
532007,Buffering,350208,992,52,52,0,0,25,16459,3,405,3,405
532256,Buffering,343040,972,52,53,0,0,25,16466,0,405,0,405
532506,Buffering,262144,743,52,53,0,0,25,16471,0,405,0,405
532754,Buffering,181248,513,52,53,0,0,25,16477,0,405,0,405
533002,Buffering,117760,333,52,53,0,0,25,16487,2,405,2,405
533250,Buffering,46080,130,52,53,0,0,25,16492,0,405,0,405
533560,Buffering,9216,26,52,53,0,0,25,16499,0,405,0,405
533808,Buffering,18432,52,52,53,0,0,25,16507,184,405,184,405
534057,Buffering,18432,52,52,53,0,0,25,16518,3,405,3,405
534306,Buffering,27648,78,52,53,0,0,25,16523,0,405,0,405
534557,Buffering,46080,130,52,53,0,0,25,16529,0,405,0,405
534807,Buffering,55296,156,52,53,0,0,25,16540,0,405,0,405
535054,Buffering,64512,182,52,53,0,0,25,16546,9,405,9,405
535303,Buffering,82944,235,52,53,0,0,25,16552,0,405,0,405
535551,Playing,43008,121,52,54,0,0,25,16556,17,405,17,405
535800,Playing,0,0,52,54,0,0,25,16562,16,405,16,405
536049,Buffering,18432,52,53,54,0,0,25,16573,0,405,0,405
536301,Buffering,18432,52,53,54,0,0,25,16581,7,405,7,405
536551,Buffering,18432,52,53,54,0,0,25,16589,0,405,0,405
536798,Buffering,27648,78,53,54,0,0,25,16596,193,405,193,405
537068,Buffering,55296,156,53,54,0,0,25,16607,1,405,1,405
537308,Buffering,55296,156,53,54,0,0,25,16613,0,405,0,405
537517,Buffering,64512,182,53,54,0,0,25,16618,0,405,0,405
537794,Buffering,73728,208,53,54,0,0,25,16624,0,405,0,405
538043,Buffering,92160,261,53,54,0,0,25,16636,0,405,0,405
538292,Buffering,110592,313,53,54,0,0,25,16642,0,405,0,405
538541,Buffering,110592,313,53,54,0,0,25,16647,3,405,3,405
538786,Buffering,119808,339,53,54,0,0,25,16653,0,405,0,405
539037,Buffering,147456,417,53,54,0,0,25,16663,7,405,7,405
539286,Buffering,165888,470,53,54,0,0,25,16669,0,405,0,405
539535,Buffering,175104,496,53,54,0,0,25,16674,4,405,4,405
539780,Buffering,184320,522,53,54,0,0,25,16680,4,405,4,405
540031,Buffering,221184,626,53,54,0,0,25,16692,0,405,0,405
540279,Buffering,221184,626,53,54,0,0,25,16697,13,405,13,405
540527,Buffering,230400,653,53,54,0,0,25,16703,0,405,0,405
540776,Buffering,239616,679,53,54,0,0,25,16709,0,405,0,405
541024,Playing,190464,539,53,55,0,0,25,16721,15,405,15,405
541275,Playing,109568,310,53,55,0,0,25,16727,0,405,0,405
541523,Playing,28672,81,53,55,0,0,25,16734,0,405,0,405
541773,Playing,0,0,53,55,0,0,25,16741,0,405,0,405
542021,Buffering,9216,26,54,55,0,0,25,16753,5,405,5,405
542270,Buffering,36864,104,54,55,0,0,25,16758,0,405,0,405
542517,Buffering,36864,104,54,55,0,0,25,16764,4,405,4,405
542764,Buffering,46080,130,54,55,0,0,25,16770,0,405,0,405
543013,Buffering,73728,208,54,55,0,0,25,16776,0,405,0,405
543264,Buffering,110592,313,54,55,0,0,25,16785,4,405,4,405
543511,Buffering,110592,313,54,55,0,0,25,16791,0,405,0,405
543760,Buffering,110592,313,54,55,0,0,25,16796,0,405,0,405
544011,Buffering,138240,391,54,55,0,0,25,16807,2,405,2,405
544258,Buffering,138240,391,54,55,0,0,25,16815,0,405,0,405
544506,Buffering,138240,391,54,55,0,0,25,16819,2,405,2,405
544756,Buffering,138240,391,54,55,0,0,25,16826,3,405,3,405
545002,Buffering,156672,444,54,55,0,0,25,16836,0,405,0,405
545250,Buffering,165888,470,54,55,0,0,25,16844,5,405,5,405
545504,Buffering,184320,522,54,55,0,0,25,16850,0,405,0,405
545752,Buffering,193536,548,54,55,0,0,25,16857,4,405,4,405
546000,Buffering,193536,548,54,55,0,0,25,16867,0,405,0,405
546309,Buffering,211968,600,54,55,0,0,25,16876,0,405,0,405
546558,Buffering,230400,653,54,55,0,0,25,16880,12,405,12,405
546808,Buffering,239616,679,54,55,0,0,25,16886,15,405,15,405
547056,Reconnecting,0,0,54,56,0,0,25,16887,193,405,193,405
547306,Reconnecting,0,0,54,56,0,0,25,16887,193,405,193,405
547555,Reconnecting,0,0,54,56,0,0,25,16887,193,405,193,405
547804,Reconnecting,0,0,54,56,0,0,25,16887,193,405,193,405
548053,Reconnecting,0,0,54,56,0,0,25,16887,193,405,193,405
548302,Reconnecting,0,0,54,56,0,0,25,16887,193,405,193,405
548551,Reconnecting,0,0,54,56,0,0,25,16887,193,405,193,405
548801,Reconnecting,0,0,54,56,0,0,25,16887,193,405,193,405
549051,Reconnecting,0,0,54,56,0,0,25,16887,193,405,193,405
549298,Reconnecting,0,0,54,56,0,0,25,16887,193,405,193,405
549545,Reconnecting,0,0,54,56,0,0,25,16887,193,405,193,405
549794,Reconnecting,0,0,54,56,0,0,25,16887,193,405,193,405
550042,Reconnecting,0,0,54,56,0,0,25,16887,193,405,193,405
550289,Reconnecting,0,0,54,56,0,0,25,16887,193,405,193,405
550541,Reconnecting,0,0,54,56,0,0,25,16887,193,405,193,405
550789,Reconnecting,0,0,54,56,0,0,25,16887,193,405,193,405
551038,Reconnecting,0,0,54,56,0,0,25,16887,193,405,193,405
551285,Reconnecting,0,0,54,56,0,0,25,16887,193,405,193,405
551536,Reconnecting,0,0,54,56,0,0,25,16887,193,405,193,405
551787,Reconnecting,0,0,54,56,0,0,25,16887,193,405,193,405
552033,Reconnecting,0,0,54,56,0,0,26,16887,193,405,193,405
552281,Reconnecting,0,0,54,56,0,0,26,16887,193,405,193,405
552530,Reconnecting,0,0,54,56,0,0,26,16899,0,405,193,405
552780,Reconnecting,0,0,54,56,0,0,26,16904,6,405,193,405
553028,Reconnecting,0,0,54,56,0,0,26,16904,6,405,193,405
553278,Reconnecting,0,0,54,56,0,0,26,16904,6,405,193,405
553527,Reconnecting,0,0,54,56,0,0,26,16904,6,405,193,405
553776,Reconnecting,0,0,54,56,0,0,26,16904,6,405,193,405
554026,Reconnecting,0,0,54,56,0,0,26,16904,6,405,193,405
554275,Reconnecting,0,0,54,56,0,0,26,16904,6,405,193,405
554522,Reconnecting,0,0,54,56,0,0,26,16904,6,405,193,405
554771,Reconnecting,0,0,54,56,0,0,26,16904,6,405,193,405
555023,Reconnecting,0,0,54,56,0,0,26,16904,6,405,193,405
555272,Reconnecting,0,0,54,56,0,0,26,16904,6,405,193,405
555522,Reconnecting,0,0,54,56,0,0,26,16904,6,405,193,405
555768,Reconnecting,0,0,54,56,0,0,26,16904,6,405,193,405
556016,Reconnecting,0,0,54,56,0,0,26,16904,6,405,193,405
556264,Reconnecting,0,0,54,56,0,0,26,16904,6,405,193,405
556515,Reconnecting,0,0,54,56,0,0,26,16904,6,405,193,405
556764,Reconnecting,0,0,54,56,0,0,26,16904,6,405,193,405
557014,Reconnecting,0,0,54,56,0,0,26,16904,6,405,193,405
557264,Reconnecting,0,0,54,56,0,0,26,16904,6,405,193,405
557514,Reconnecting,0,0,54,56,0,0,26,16904,6,405,193,405
557763,Reconnecting,0,0,54,56,0,0,27,16904,6,405,193,405
558011,Reconnecting,0,0,54,56,0,0,27,16904,6,405,193,405
558262,Reconnecting,0,0,54,56,0,0,27,16911,7,405,193,405
558511,Reconnecting,0,0,54,56,0,0,27,16920,7,405,193,405
558760,Reconnecting,0,0,54,56,0,0,27,16920,7,405,193,405
559008,Reconnecting,0,0,54,56,0,0,27,16920,7,405,193,405
559260,Reconnecting,0,0,54,56,0,0,27,16920,7,405,193,405
559507,Reconnecting,0,0,54,56,0,0,27,16920,7,405,193,405
559756,Reconnecting,0,0,54,56,0,0,27,16920,7,405,193,405
560004,Reconnecting,0,0,54,56,0,0,27,16920,7,405,193,405
560254,Reconnecting,0,0,54,56,0,0,27,16920,7,405,193,405
560503,Reconnecting,0,0,54,56,0,0,27,16920,7,405,193,405
560753,Reconnecting,0,0,54,56,0,0,27,16920,7,405,193,405
561004,Reconnecting,0,0,54,56,0,0,27,16920,7,405,193,405
561253,Reconnecting,0,0,54,56,0,0,27,16920,7,405,193,405
561561,Reconnecting,0,0,54,56,0,0,27,16920,7,405,193,405
561809,Reconnecting,0,0,54,56,0,0,27,16920,7,405,193,405
562056,Reconnecting,0,0,54,56,0,0,27,16920,7,405,193,405
562309,Reconnecting,0,0,54,56,0,0,27,16920,7,405,193,405
562555,Reconnecting,0,0,54,56,0,0,27,16920,7,405,193,405
562803,Reconnecting,0,0,54,56,0,0,27,16920,7,405,193,405
563051,Reconnecting,0,0,54,56,0,0,27,16920,7,405,193,405
563299,Reconnecting,0,0,54,56,0,0,27,16920,7,405,193,405
563547,Reconnecting,0,0,54,56,0,0,28,16920,7,405,193,405
563794,Reconnecting,0,0,54,56,0,0,28,16920,7,405,193,405
564044,Reconnecting,0,0,54,56,0,0,28,16935,0,405,193,405
564293,Reconnecting,0,0,54,56,0,0,28,16936,7,405,193,405
564541,Reconnecting,0,0,54,56,0,0,28,16936,7,405,193,405
564793,Reconnecting,0,0,54,56,0,0,28,16936,7,405,193,405
565042,Reconnecting,0,0,54,56,0,0,28,16936,7,405,193,405
565290,Reconnecting,0,0,54,56,0,0,28,16936,7,405,193,405
565539,Reconnecting,0,0,54,56,0,0,28,16936,7,405,193,405
565787,Reconnecting,0,0,54,56,0,0,28,16936,7,405,193,405
566051,Reconnecting,0,0,54,56,0,0,28,16936,7,405,193,405
566298,Reconnecting,0,0,54,56,0,0,28,16936,7,405,193,405
566549,Reconnecting,0,0,54,56,0,0,28,16936,7,405,193,405
566795,Reconnecting,0,0,54,56,0,0,28,16936,7,405,193,405
567044,Reconnecting,0,0,54,56,0,0,28,16936,7,405,193,405
567292,Reconnecting,0,0,54,56,0,0,28,16936,7,405,193,405
567543,Reconnecting,0,0,54,56,0,0,28,16936,7,405,193,405
567791,Reconnecting,0,0,54,56,0,0,28,16936,7,405,193,405
568043,Reconnecting,0,0,54,56,0,0,28,16936,7,405,193,405
568289,Reconnecting,0,0,54,56,0,0,28,16936,7,405,193,405
568538,Reconnecting,0,0,54,56,0,0,28,16936,7,405,193,405
568785,Reconnecting,0,0,54,56,0,0,28,16936,7,405,193,405
569035,Reconnecting,0,0,54,56,0,0,28,16936,7,405,193,405
569284,Reconnecting,0,0,54,56,0,0,29,16936,7,405,193,405
569531,Reconnecting,0,0,54,56,0,0,29,16936,7,405,193,405
569780,Reconnecting,147456,417,54,56,0,0,29,16964,0,405,0,405
570027,Reconnecting,783360,2220,54,56,0,0,29,17066,0,405,0,405
570278,Playing,1776640,5035,54,56,0,0,29,17213,0,405,0,405
570527,Playing,1704960,4832,54,56,0,0,29,17224,0,405,0,405
570776,Playing,1614848,4577,54,56,0,0,29,17231,3,405,3,405
571024,Playing,1524736,4321,54,56,0,0,29,17242,4,405,4,405
571273,Playing,1452032,4115,54,56,0,0,29,17249,4,405,4,405
571522,Playing,1371136,3886,54,56,0,0,29,17255,0,405,0,405
571769,Playing,1281024,3631,54,56,0,0,29,17260,0,405,0,405
572018,Playing,1217536,3451,54,56,0,0,29,17273,0,405,0,405
572266,Playing,1136640,3221,54,56,0,0,29,17279,0,405,0,405
572514,Playing,1063936,3015,54,56,0,0,29,17285,0,405,0,405
572761,Playing,983040,2786,54,56,0,0,29,17289,3,405,3,405
573010,Playing,902144,2557,54,56,0,0,29,17295,3,405,3,405
573260,Playing,848896,2406,54,56,0,0,29,17303,0,405,0,405
573509,Playing,803840,2278,54,56,0,0,29,17309,0,405,0,405
573759,Playing,741376,2101,54,56,0,0,29,17314,0,405,0,405
574008,Playing,669696,1898,54,56,0,0,29,17319,0,405,0,405
574258,Playing,596992,1692,54,56,0,0,29,17326,0,405,0,405
574506,Playing,534528,1515,54,56,0,0,29,17334,0,405,0,405
574755,Playing,462848,1311,54,56,0,0,29,17340,2,405,2,405
575005,Playing,399360,1131,54,56,0,0,29,17349,0,405,0,405
575255,Playing,309248,876,54,56,0,0,29,17352,112,405,112,405
575503,Playing,228352,647,54,56,0,0,29,17362,2,405,2,405
575751,Playing,156672,444,54,56,0,0,29,17368,0,405,0,405
576001,Playing,93184,264,54,56,0,0,29,17375,103,405,103,405
576251,Playing,3072,8,54,56,0,0,29,17381,0,405,0,405
576501,Buffering,27648,78,55,56,0,0,29,17388,0,405,0,405
576750,Buffering,36864,104,55,56,0,0,29,17394,4,405,4,405
577003,Buffering,36864,104,55,56,0,0,29,17405,0,405,0,405
577251,Buffering,55296,156,55,56,0,0,29,17413,6,405,6,405
577562,Buffering,55296,156,55,56,0,0,29,17420,4,405,4,405
577810,Buffering,73728,208,55,56,0,0,29,17433,0,405,0,405
578059,Buffering,101376,287,55,56,0,0,29,17438,0,405,0,405
578310,Buffering,119808,339,55,56,0,0,29,17443,0,405,0,405
578558,Buffering,119808,339,55,56,0,0,29,17447,0,405,0,405
578807,Buffering,147456,417,55,56,0,0,29,17453,0,405,0,405
579056,Buffering,156672,444,55,56,0,0,29,17461,0,405,0,405
579302,Buffering,184320,522,55,56,0,0,29,17467,0,405,0,405
579551,Buffering,184320,522,55,56,0,0,29,17476,0,405,0,405
579801,Buffering,211968,600,55,56,0,0,29,17483,0,405,0,405
580049,Buffering,221184,626,55,56,0,0,29,17493,4,405,4,405
580299,Buffering,230400,653,55,56,0,0,29,17497,4,405,4,405
580549,Buffering,239616,679,55,56,0,0,29,17503,0,405,0,405
580797,Buffering,248832,705,55,56,0,0,29,17509,0,405,0,405
581047,Buffering,276480,783,55,56,0,0,29,17520,4,405,4,405
581295,Buffering,285696,809,55,56,0,0,29,17526,4,405,4,405
581542,Playing,236544,670,55,57,0,0,29,17532,0,405,0,405
581790,Playing,155648,441,55,57,0,0,29,17539,0,405,0,405
582038,Playing,92160,261,55,57,0,0,29,17551,0,405,0,405
582288,Playing,11264,31,55,57,0,0,29,17558,0,405,0,405
582538,Buffering,0,0,56,57,0,0,29,17563,4,405,4,405
582786,Buffering,9216,26,56,57,0,0,29,17569,5,405,5,405
583036,Buffering,27648,78,56,57,0,0,29,17581,0,405,0,405
583284,Buffering,27648,78,56,57,0,0,29,17586,4,405,4,405
583532,Buffering,36864,104,56,57,0,0,29,17592,0,405,0,405
583784,Buffering,55296,156,56,57,0,0,29,17596,3,405,3,405
584033,Buffering,82944,235,56,57,0,0,29,17608,4,405,4,405
584281,Buffering,82944,235,56,57,0,0,29,17612,3,405,3,405
584530,Buffering,101376,287,56,57,0,0,29,17618,4,405,4,405
584776,Buffering,110592,313,56,57,0,0,29,17625,4,405,4,405
585023,Buffering,110592,313,56,57,0,0,29,17638,0,405,0,405
585273,Buffering,119808,339,56,57,0,0,29,17645,0,405,0,405
585522,Buffering,129024,365,56,57,0,0,29,17651,0,405,0,405
585770,Buffering,138240,391,56,57,0,0,29,17655,4,405,4,405
586021,Buffering,156672,444,56,57,0,0,29,17667,0,405,0,405
586268,Buffering,165888,470,56,57,0,0,29,17674,0,405,0,405
586517,Buffering,193536,548,56,57,0,0,29,17680,0,405,0,405
586765,Buffering,202752,574,56,57,0,0,29,17684,4,405,4,405
587013,Buffering,202752,574,56,57,0,0,29,17694,0,405,0,405
587262,Buffering,211968,600,56,57,0,0,29,17702,3,405,3,405
587509,Playing,171008,484,56,58,0,0,29,17708,0,405,0,405
587759,Playing,98304,278,56,58,0,0,29,17714,0,405,0,405
588009,Playing,8192,23,56,58,0,0,29,17723,4,405,4,405
588258,Buffering,0,0,57,58,0,0,29,17731,0,405,0,405
588507,Buffering,0,0,57,58,0,0,29,17736,17,405,17,405
588755,Buffering,9216,26,57,58,0,0,29,17742,0,405,0,405
589003,Buffering,27648,78,57,58,0,0,29,17753,3,405,3,405
589250,Buffering,36864,104,57,58,0,0,29,17762,0,405,0,405
589559,Buffering,36864,104,57,58,0,0,29,17766,0,405,0,405
589807,Buffering,46080,130,57,58,0,0,29,17776,0,405,0,405
590056,Buffering,55296,156,57,58,0,0,29,17783,0,405,0,405
590305,Buffering,73728,208,57,58,0,0,29,17789,0,405,0,405
590553,Buffering,82944,235,57,58,0,0,29,17795,0,405,0,405
590802,Buffering,101376,287,57,58,0,0,29,17803,1,405,1,405
591050,Buffering,119808,339,57,58,0,0,29,17811,0,405,0,405
591297,Buffering,129024,365,57,58,0,0,29,17816,0,405,0,405
591546,Buffering,129024,365,57,58,0,0,29,17823,0,405,0,405
591794,Buffering,138240,391,57,58,0,0,29,17829,0,405,0,405
592044,Buffering,147456,417,57,58,0,0,29,17840,4,405,4,405
592294,Buffering,156672,444,57,58,0,0,29,17847,1,405,1,405
592541,Buffering,165888,470,57,58,0,0,29,17853,0,405,0,405
592787,Buffering,184320,522,57,58,0,0,29,17859,0,405,0,405
593034,Buffering,230400,653,57,58,0,0,29,17868,0,405,0,405
593284,Reconnecting,0,0,57,59,0,0,29,17869,189,405,189,405
593533,Reconnecting,0,0,57,59,0,0,29,17869,189,405,189,405
593780,Reconnecting,0,0,57,59,0,0,29,17869,189,405,189,405
594031,Reconnecting,0,0,57,59,0,0,29,17869,189,405,189,405
594280,Reconnecting,0,0,57,59,0,0,29,17869,189,405,189,405
594530,Reconnecting,0,0,57,59,0,0,29,17869,189,405,189,405
594778,Reconnecting,0,0,57,59,0,0,29,17869,189,405,189,405
595025,Reconnecting,0,0,57,59,0,0,29,17869,189,405,189,405
595273,Reconnecting,0,0,57,59,0,0,29,17869,189,405,189,405
595521,Reconnecting,0,0,57,59,0,0,29,17869,189,405,189,405
595772,Reconnecting,0,0,57,59,0,0,29,17869,189,405,189,405
596024,Reconnecting,0,0,57,59,0,0,29,17869,189,405,189,405
596272,Reconnecting,0,0,57,59,0,0,29,17869,189,405,189,405
596524,Reconnecting,0,0,57,59,0,0,29,17869,189,405,189,405
596772,Reconnecting,0,0,57,59,0,0,29,17869,189,405,189,405
597022,Reconnecting,0,0,57,59,0,0,29,17869,189,405,189,405
597295,Reconnecting,0,0,57,59,0,0,29,17869,189,405,189,405
597535,Reconnecting,0,0,57,59,0,0,29,17869,189,405,189,405
597784,Reconnecting,0,0,57,59,0,0,29,17869,189,405,189,405
598031,Reconnecting,0,0,57,59,0,0,29,17869,189,405,189,405
598301,Reconnecting,0,0,57,59,0,0,30,17869,189,405,189,405
598544,Reconnecting,0,0,57,59,0,0,30,17869,189,405,189,405
598765,Reconnecting,0,0,57,59,0,0,30,17869,189,405,189,405
599028,Reconnecting,211968,600,57,59,0,0,30,17901,0,405,0,405
599275,Reconnecting,940032,2664,57,59,0,0,30,18045,0,405,0,405
599526,Playing,1622016,4597,57,59,0,0,30,18160,0,405,0,405
599776,Playing,1541120,4368,57,59,0,0,30,18166,0,405,0,405
600023,Playing,1468416,4162,57,59,0,0,30,18177,3,405,3,405
