t_ms,state,buffered_bytes,buffered_ms,underruns,resumes,play_failures,stream_rebuilds,sessions,chunk_reads,last_chunk_ms,max_chunk_ms,last_push_gap_ms,max_push_gap_ms
50,Off,0,0,0,0,0,0,1,0,0,0,0,0
256,Off,0,0,0,0,0,0,1,0,0,0,0,0
516,Off,0,0,0,0,0,0,1,0,0,0,0,0
770,Off,0,0,0,0,0,0,1,0,0,0,0,0
1023,Off,1400832,3970,0,0,0,0,1,13,0,110,0,110
1275,Playing,2480128,7029,0,0,0,0,1,21,0,110,0,110
1527,Playing,2390016,6774,0,0,0,0,1,21,0,110,0,110
1781,Playing,2299904,6519,0,0,0,0,1,21,0,110,0,110
2033,Playing,2209792,6263,0,0,0,0,1,21,0,110,0,110
2287,Playing,2433024,6896,0,0,0,0,1,23,0,992,0,992
2541,Playing,2342912,6640,0,0,0,0,1,23,0,992,0,992
2795,Playing,2260992,6408,0,0,0,0,1,23,0,992,0,992
3020,Playing,2179072,6176,0,0,0,0,1,23,0,992,0,992
3269,Playing,2365440,6704,0,0,0,0,1,25,0,1190,0,1190
3517,Playing,2275328,6449,0,0,0,0,1,25,0,1190,0,1190
3767,Playing,2193408,6217,0,0,0,0,1,25,0,1190,0,1190
4013,Playing,2103296,5961,0,0,0,0,1,25,0,1190,0,1190
4261,Playing,2233344,6330,0,0,0,0,1,27,0,1190,0,1190
4510,Playing,2143232,6074,0,0,0,0,1,27,0,1190,0,1190
4760,Playing,2053120,5819,0,0,0,0,1,27,0,1190,0,1190
5010,Playing,1963008,5564,0,0,0,0,1,27,0,1190,0,1190
5259,Playing,2111488,5984,0,0,0,0,1,29,0,1190,0,1190
5511,Playing,2021376,5729,0,0,0,0,1,29,0,1190,0,1190
5758,Playing,1931264,5474,0,0,0,0,1,29,0,1190,0,1190
6005,Playing,1849344,5241,0,0,0,0,1,29,0,1190,0,1190
6254,Playing,1759232,4986,0,0,0,0,1,29,0,1190,0,1190
6502,Playing,1908736,5410,0,0,0,0,1,31,0,1190,0,1190
6810,Playing,1802240,5108,0,0,0,0,1,31,0,1190,0,1190
7060,Playing,1712128,4852,0,0,0,0,1,31,0,1190,0,1190
7308,Playing,1888256,5352,0,0,0,0,1,33,0,1190,0,1190
7556,Playing,1798144,5096,0,0,0,0,1,33,0,1190,0,1190
7805,Playing,1708032,4841,0,0,0,0,1,33,0,1190,0,1190
8056,Playing,1617920,4585,0,0,0,0,1,33,0,1190,0,1190
8305,Playing,1536000,4353,0,0,0,0,1,33,0,1190,0,1190
8554,Playing,1694720,4803,0,0,0,0,1,35,0,1190,0,1190
8802,Playing,1604608,4548,0,0,0,0,1,35,0,1190,0,1190
9051,Playing,1522688,4316,0,0,0,0,1,35,0,1190,0,1190
9299,Playing,1681408,4765,0,0,0,0,1,37,0,1190,0,1190
9547,Playing,1591296,4510,0,0,0,0,1,37,0,1190,0,1190
9796,Playing,1509376,4278,0,0,0,0,1,37,0,1190,0,1190
10046,Playing,1419264,4022,0,0,0,0,1,37,0,1190,0,1190
10293,Playing,1614848,4577,0,0,0,0,1,39,0,1190,0,1190
10541,Playing,1532928,4345,0,0,0,0,1,39,0,1190,0,1190
10791,Playing,1442816,4089,0,0,0,0,1,39,0,1190,0,1190
11039,Playing,1352704,3834,0,0,0,0,1,39,0,1190,0,1190
11289,Playing,1262592,3578,0,0,0,0,1,39,0,1190,0,1190
11539,Playing,1457152,4130,0,0,0,0,1,41,0,1190,0,1190
11789,Playing,1367040,3874,0,0,0,0,1,41,0,1190,0,1190
12036,Playing,1276928,3619,0,0,0,0,1,41,0,1190,0,1190
12286,Playing,1195008,3387,0,0,0,0,1,41,0,1190,0,1190
12532,Playing,1409024,3993,0,0,0,0,1,43,0,1190,0,1190
12780,Playing,1327104,3761,0,0,0,0,1,43,0,1190,0,1190
13031,Playing,1236992,3506,0,0,0,0,1,43,0,1190,0,1190
13276,Playing,1146880,3250,0,0,0,0,1,43,0,1190,0,1190
13525,Playing,1350656,3828,0,0,0,0,1,45,0,1190,0,1190
13774,Playing,1260544,3572,0,0,0,0,1,45,0,1190,0,1190
14023,Playing,1170432,3317,0,0,0,0,1,45,0,1190,0,1190
14271,Playing,1088512,3085,0,0,0,0,1,45,0,1190,0,1190
14519,Playing,1302528,3691,0,0,0,0,1,47,0,1190,0,1190
14768,Playing,1212416,3436,0,0,0,0,1,47,0,1190,0,1190
15016,Playing,1130496,3204,0,0,0,0,1,47,0,1190,0,1190
15266,Playing,1040384,2948,0,0,0,0,1,47,0,1190,0,1190
15512,Playing,1263616,3581,0,0,0,0,1,49,0,1190,0,1190
15762,Playing,1173504,3326,0,0,0,0,1,49,0,1190,0,1190
16010,Playing,1091584,3094,0,0,0,0,1,49,0,1190,0,1190
16258,Playing,1001472,2838,0,0,0,0,1,49,0,1190,0,1190
16506,Playing,1206272,3419,0,0,0,0,1,51,0,1190,0,1190
16756,Playing,1124352,3186,0,0,0,0,1,51,0,1190,0,1190
17005,Playing,1034240,2931,0,0,0,0,1,51,0,1190,0,1190
17254,Playing,944128,2676,0,0,0,0,1,51,0,1190,0,1190
17503,Playing,862208,2443,0,0,0,0,1,51,0,1190,0,1190
17751,Playing,1067008,3024,0,0,0,0,1,53,0,1190,0,1190
18000,Playing,976896,2768,0,0,0,0,1,53,0,1190,0,1190
18250,Playing,886784,2513,0,0,0,0,1,53,0,1190,0,1190
18558,Playing,1056768,2995,0,0,0,0,1,55,0,1190,0,1190
18805,Playing,974848,2763,0,0,0,0,1,55,0,1190,0,1190
19056,Playing,884736,2507,0,0,0,0,1,55,0,1190,0,1190
19304,Playing,794624,2252,0,0,0,0,1,55,0,1190,0,1190
19552,Playing,998400,2829,0,0,0,0,1,57,0,1190,0,1190
19802,Playing,908288,2574,0,0,0,0,1,57,0,1190,0,1190
20049,Playing,818176,2319,0,0,0,0,1,57,0,1190,0,1190
20298,Playing,728064,2063,0,0,0,0,1,57,0,1190,0,1190
20546,Playing,931840,2641,0,0,0,0,1,59,0,1190,0,1190
20795,Playing,841728,2385,0,0,0,0,1,59,0,1190,0,1190
21044,Playing,751616,2130,0,0,0,0,1,59,0,1190,0,1190
21290,Playing,669696,1898,0,0,0,0,1,59,0,1190,0,1190
21540,Playing,579584,1642,0,0,0,0,1,59,0,1190,0,1190
21788,Playing,765952,2171,0,0,0,0,1,61,0,1190,0,1190
22036,Playing,684032,1938,0,0,0,0,1,61,0,1190,0,1190
22287,Playing,593920,1683,0,0,0,0,1,61,0,1190,0,1190
22535,Playing,503808,1428,0,0,0,0,1,61,0,1190,0,1190
22784,Playing,707584,2005,0,0,0,0,1,63,0,1190,0,1190
23032,Playing,617472,1750,0,0,0,0,1,63,0,1190,0,1190
23281,Playing,527360,1494,0,0,0,0,1,63,0,1190,0,1190
23532,Playing,445440,1262,0,0,0,0,1,63,0,1190,0,1190
23778,Playing,631808,1790,0,0,0,0,1,65,0,1190,0,1190
24027,Playing,541696,1535,0,0,0,0,1,65,0,1190,0,1190
24277,Playing,459776,1303,0,0,0,0,1,65,0,1190,0,1190
24525,Playing,369664,1047,0,0,0,0,1,65,0,1190,0,1190
24773,Playing,565248,1602,0,0,0,0,1,67,0,1190,0,1190
25020,Playing,483328,1369,0,0,0,0,1,67,0,1190,0,1190
25269,Playing,393216,1114,0,0,0,0,1,67,0,1190,0,1190
25518,Playing,303104,859,0,0,0,0,1,67,0,1190,0,1190
25767,Playing,442368,1253,0,0,0,0,1,69,0,1190,0,1190
26015,Playing,352256,998,0,0,0,0,1,69,0,1190,0,1190
26264,Playing,262144,743,0,0,0,0,1,69,0,1190,0,1190
26514,Playing,180224,510,0,0,0,0,1,69,0,1190,0,1190
26762,Playing,320512,908,0,0,0,0,1,71,0,1190,0,1190
27013,Playing,230400,653,0,0,0,0,1,71,0,1190,0,1190
27260,Playing,148480,420,0,0,0,0,1,71,0,1190,0,1190
27508,Playing,58368,165,0,0,0,0,1,71,0,1190,0,1190
27758,Playing,0,0,0,0,0,0,1,71,0,1190,0,1190
28006,Buffering,239616,679,1,0,0,0,1,73,0,1190,0,1190
28254,Buffering,239616,679,1,0,0,0,1,73,0,1190,0,1190
28502,Buffering,239616,679,1,0,0,0,1,73,0,1190,0,1190
28810,Buffering,454656,1288,1,1,0,0,1,75,0,1190,0,1190
29056,Buffering,372736,1056,1,1,0,0,1,75,0,1190,0,1190
29303,Buffering,282624,801,1,1,0,0,1,75,0,1190,0,1190
29552,Buffering,192512,545,1,1,0,0,1,75,0,1190,0,1190
29801,Buffering,110592,313,1,1,0,0,1,75,0,1190,0,1190
30051,Buffering,269312,763,1,1,0,0,1,77,0,1190,0,1190
30298,Buffering,179200,507,1,1,0,0,1,77,0,1190,0,1190
30547,Buffering,97280,275,1,1,0,0,1,77,0,1190,0,1190
30797,Buffering,265216,751,1,1,0,0,1,79,0,1190,0,1190
31046,Buffering,175104,496,1,1,0,0,1,79,0,1190,0,1190
31298,Buffering,84992,240,1,1,0,0,1,79,0,1190,0,1190
31547,Buffering,3072,8,1,1,0,0,1,79,0,1190,0,1190
31794,Buffering,0,0,1,1,0,0,1,79,0,1190,0,1190
32043,Buffering,276480,783,1,1,0,0,1,81,0,1190,0,1190
32293,Buffering,276480,783,1,1,0,0,1,81,0,1190,0,1190
32543,Buffering,276480,783,1,1,0,0,1,81,0,1190,0,1190
32793,Buffering,276480,783,1,1,0,0,1,81,0,1190,0,1190
33042,Buffering,503808,1428,1,2,0,0,1,83,0,1190,0,1190
33290,Buffering,413696,1172,1,2,0,0,1,83,0,1190,0,1190
33539,Buffering,323584,917,1,2,0,0,1,83,0,1190,0,1190
33789,Buffering,241664,684,1,2,0,0,1,83,0,1190,0,1190
34038,Buffering,446464,1265,1,2,0,0,1,85,0,1190,0,1190
34286,Buffering,356352,1010,1,2,0,0,1,85,0,1190,0,1190
34533,Buffering,274432,777,1,2,0,0,1,85,0,1190,0,1190
34782,Buffering,184320,522,1,2,0,0,1,85,0,1190,0,1190
35031,Buffering,102400,290,1,2,0,0,1,85,0,1190,0,1190
35280,Buffering,297984,844,1,2,0,0,1,87,0,1190,0,1190
35529,Buffering,207872,589,1,2,0,0,1,87,0,1190,0,1190
35778,Buffering,117760,333,1,2,0,0,1,87,0,1190,0,1190
36027,Buffering,330752,937,1,2,0,0,1,89,0,1190,0,1190
36276,Buffering,240640,682,1,2,0,0,1,89,0,1190,0,1190
36524,Buffering,150528,426,1,2,0,0,1,89,0,1190,0,1190
36775,Buffering,68608,194,1,2,0,0,1,89,0,1190,0,1190
37023,Buffering,273408,774,1,2,0,0,1,91,0,1190,0,1190
37272,Buffering,183296,519,1,2,0,0,1,91,0,1190,0,1190
37521,Buffering,101376,287,1,2,0,0,1,91,0,1190,0,1190
37769,Buffering,11264,31,1,2,0,0,1,91,0,1190,0,1190
38019,Playing,278528,789,1,3,0,0,1,93,0,1190,0,1190
38266,Playing,196608,557,1,3,0,0,1,93,0,1190,0,1190
38515,Playing,106496,301,1,3,0,0,1,93,0,1190,0,1190
38764,Playing,16384,46,1,3,0,0,1,93,0,1190,0,1190
39014,Playing,0,0,1,3,0,0,1,93,0,1190,0,1190
39263,Buffering,276480,783,2,3,0,0,1,95,0,1190,0,1190
39511,Buffering,276480,783,2,3,0,0,1,95,0,1190,0,1190
39761,Buffering,276480,783,2,3,0,0,1,95,0,1190,0,1190
40009,Buffering,537600,1523,2,4,0,0,1,97,0,1190,0,1190
40260,Buffering,447488,1268,2,4,0,0,1,97,0,1190,0,1190
40505,Buffering,357376,1012,2,4,0,0,1,97,0,1190,0,1190
40752,Buffering,275456,780,2,4,0,0,1,97,0,1190,0,1190
41001,Buffering,185344,525,2,4,0,0,1,97,0,1190,0,1190
41311,Buffering,373760,1059,2,4,0,0,1,99,0,1190,0,1190
41559,Buffering,283648,803,2,4,0,0,1,99,0,1190,0,1190
41808,Buffering,193536,548,2,4,0,0,1,99,0,1190,0,1190
42056,Buffering,397312,1126,2,4,0,0,1,101,0,1190,0,1190
42308,Buffering,307200,870,2,4,0,0,1,101,0,1190,0,1190
42556,Buffering,217088,615,2,4,0,0,1,101,0,1190,0,1190
42803,Buffering,135168,383,2,4,0,0,1,101,0,1190,0,1190
43051,Buffering,339968,963,2,4,0,0,1,103,0,1190,0,1190
43301,Buffering,249856,708,2,4,0,0,1,103,0,1190,0,1190
43550,Buffering,167936,476,2,4,0,0,1,103,0,1190,0,1190
43798,Buffering,77824,220,2,4,0,0,1,103,0,1190,0,1190
44044,Buffering,0,0,2,4,0,0,1,103,0,1190,0,1190
44293,Playing,235520,667,2,5,0,0,1,105,0,1190,0,1190
44541,Playing,145408,412,2,5,0,0,1,105,0,1190,0,1190
44793,Playing,55296,156,2,5,0,0,1,105,0,1190,0,1190
45040,Playing,0,0,2,5,0,0,1,105,0,1190,0,1190
45290,Buffering,294912,835,3,5,0,0,1,107,0,1190,0,1190
45539,Buffering,294912,835,3,5,0,0,1,107,0,1190,0,1190
45789,Buffering,294912,835,3,5,0,0,1,107,0,1190,0,1190
46038,Buffering,294912,835,3,5,0,0,1,107,0,1190,0,1190
46287,Buffering,441344,1250,3,6,0,0,1,109,0,1190,0,1190
46533,Buffering,359424,1018,3,6,0,0,1,109,0,1190,0,1190
46782,Buffering,269312,763,3,6,0,0,1,109,0,1190,0,1190
47030,Buffering,179200,507,3,6,0,0,1,109,0,1190,0,1190
47277,Buffering,327680,928,3,6,0,0,1,111,0,1190,0,1190
47526,Buffering,237568,673,3,6,0,0,1,111,0,1190,0,1190
47775,Buffering,147456,417,3,6,0,0,1,111,0,1190,0,1190
48024,Buffering,57344,162,3,6,0,0,1,111,0,1190,0,1190
48272,Buffering,215040,609,3,6,0,0,1,113,0,1190,0,1190
48520,Buffering,124928,354,3,6,0,0,1,113,0,1190,0,1190
48768,Buffering,43008,121,3,6,0,0,1,113,0,1190,0,1190
49016,Buffering,0,0,3,6,0,0,1,113,0,1190,0,1190
49267,Buffering,239616,679,3,6,0,0,1,115,0,1190,0,1190
49514,Buffering,239616,679,3,6,0,0,1,115,0,1190,0,1190
49763,Buffering,239616,679,3,6,0,0,1,115,0,1190,0,1190
50013,Buffering,239616,679,3,6,0,0,1,115,0,1190,0,1190
50261,Buffering,239616,679,3,6,0,0,1,115,0,1190,0,1190
50510,Buffering,414720,1175,3,7,0,0,1,117,0,1190,0,1190
50756,Buffering,324608,920,3,7,0,0,1,117,0,1190,0,1190
51006,Buffering,234496,664,3,7,0,0,1,117,0,1190,0,1190
51255,Buffering,429056,1216,3,7,0,0,1,119,0,1190,0,1190
51504,Buffering,338944,960,3,7,0,0,1,119,0,1190,0,1190
51750,Buffering,248832,705,3,7,0,0,1,119,0,1190,0,1190
52061,Buffering,142336,403,3,7,0,0,1,119,0,1190,0,1190
52309,Buffering,52224,148,3,7,0,0,1,119,0,1190,0,1190
52559,Buffering,228352,647,3,7,0,0,1,121,0,1234,0,1234
52806,Buffering,138240,391,3,7,0,0,1,121,0,1234,0,1234
53055,Buffering,48128,136,3,7,0,0,1,121,0,1234,0,1234
53302,Buffering,0,0,3,7,0,0,1,121,0,1234,0,1234
53550,Reconnecting,0,0,3,8,0,0,1,122,995,1234,995,1234
53797,Reconnecting,0,0,3,8,0,0,1,122,995,1234,995,1234
54044,Reconnecting,0,0,3,8,0,0,1,122,995,1234,995,1234
54293,Reconnecting,0,0,3,8,0,0,1,122,995,1234,995,1234
54540,Reconnecting,0,0,3,8,0,0,1,122,995,1234,995,1234
54790,Reconnecting,0,0,3,8,0,0,1,122,995,1234,995,1234
55041,Reconnecting,0,0,3,8,0,0,1,122,995,1234,995,1234
55289,Reconnecting,0,0,3,8,0,0,1,122,995,1234,995,1234
55539,Reconnecting,0,0,3,8,0,0,1,122,995,1234,995,1234
55788,Reconnecting,0,0,3,8,0,0,1,122,995,1234,995,1234
56039,Reconnecting,0,0,3,8,0,0,1,122,995,1234,995,1234
56289,Reconnecting,0,0,3,8,0,0,1,122,995,1234,995,1234
56540,Reconnecting,0,0,3,8,0,0,1,122,995,1234,995,1234
56788,Reconnecting,0,0,3,8,0,0,1,122,995,1234,995,1234
57039,Reconnecting,0,0,3,8,0,0,1,122,995,1234,995,1234
57286,Reconnecting,0,0,3,8,0,0,1,122,995,1234,995,1234
57536,Reconnecting,0,0,3,8,0,0,1,122,995,1234,995,1234
57785,Reconnecting,0,0,3,8,0,0,1,122,995,1234,995,1234
58033,Reconnecting,0,0,3,8,0,0,1,122,995,1234,995,1234
58284,Reconnecting,0,0,3,8,0,0,1,122,995,1234,995,1234
58532,Reconnecting,0,0,3,8,0,0,2,122,995,1234,995,1234
58782,Reconnecting,0,0,3,8,0,0,2,122,995,1234,995,1234
59032,Reconnecting,313344,888,3,8,0,0,2,127,0,1234,0,1234
59280,Playing,2632704,7462,3,8,0,0,2,143,0,1234,0,1234
59528,Playing,2542592,7206,3,8,0,0,2,143,0,1234,0,1234
59778,Playing,2460672,6974,3,8,0,0,2,143,0,1234,0,1234
60026,Playing,2370560,6719,3,8,0,0,2,143,0,1234,0,1234
60277,Playing,2584576,7325,3,8,0,0,2,145,0,1234,0,1234
60526,Playing,2494464,7070,3,8,0,0,2,145,0,1234,0,1234
60775,Playing,2412544,6838,3,8,0,0,2,145,0,1234,0,1234
61025,Playing,2322432,6582,3,8,0,0,2,145,0,1234,0,1234
61272,Playing,2232320,6327,3,8,0,0,2,145,0,1234,0,1234
61523,Playing,2436096,6905,3,8,0,0,2,147,0,1234,0,1234
61769,Playing,2345984,6649,3,8,0,0,2,147,0,1234,0,1234
62018,Playing,2255872,6394,3,8,0,0,2,147,0,1234,0,1234
62268,Playing,2173952,6161,3,8,0,0,2,147,0,1234,0,1234
62517,Playing,2305024,6533,3,8,0,0,2,149,0,1234,0,1234
62766,Playing,2214912,6278,3,8,0,0,2,149,0,1234,0,1234
63015,Playing,2132992,6045,3,8,0,0,2,149,0,1234,0,1234
63262,Playing,2042880,5790,3,8,0,0,2,149,0,1234,0,1234
63512,Playing,2183168,6188,3,8,0,0,2,151,0,1234,0,1234
63762,Playing,2101248,5955,3,8,0,0,2,151,0,1234,0,1234
64010,Playing,2011136,5700,3,8,0,0,2,151,0,1234,0,1234
64260,Playing,1921024,5445,3,8,0,0,2,151,0,1234,0,1234
64509,Playing,2078720,5892,3,8,0,0,2,153,0,1234,0,1234
64760,Playing,1988608,5636,3,8,0,0,2,153,0,1234,0,1234
65011,Playing,1898496,5381,3,8,0,0,2,153,0,1234,0,1234
65259,Playing,1808384,5125,3,8,0,0,2,153,0,1234,0,1234
65510,Playing,1993728,5651,3,8,0,0,2,155,0,1234,0,1234
65758,Playing,1903616,5395,3,8,0,0,2,155,0,1234,0,1234
66007,Playing,1813504,5140,3,8,0,0,2,155,0,1234,0,1234
66254,Playing,1731584,4908,3,8,0,0,2,155,0,1234,0,1234
66506,Playing,1641472,4652,3,8,0,0,2,155,0,1234,0,1234
66756,Playing,1818624,5154,3,8,0,0,2,157,0,1234,0,1234
67005,Playing,1728512,4899,3,8,0,0,2,157,0,1234,0,1234
67254,Playing,1646592,4667,3,8,0,0,2,157,0,1234,0,1234
67501,Playing,1814528,5143,3,8,0,0,2,159,0,1234,0,1234
67811,Playing,1708032,4841,3,8,0,0,2,159,0,1234,0,1234
68000,Playing,1642496,4655,3,8,0,0,2,159,0,1234,0,1234
68309,Playing,1536000,4353,3,8,0,0,2,159,0,1234,0,1234
68557,Playing,1445888,4098,3,8,0,0,2,159,0,1234,0,1234
68804,Playing,1632256,4626,3,8,0,0,2,161,0,1234,0,1234
69050,Playing,1550336,4394,3,8,0,0,2,161,0,1234,0,1234
69299,Playing,1460224,4138,3,8,0,0,2,161,0,1234,0,1234
69547,Playing,1370112,3883,3,8,0,0,2,161,0,1234,0,1234
69793,Playing,1573888,4461,3,8,0,0,2,163,0,1234,0,1234
70043,Playing,1483776,4205,3,8,0,0,2,163,0,1234,0,1234
70291,Playing,1393664,3950,3,8,0,0,2,163,0,1234,0,1234
70538,Playing,1311744,3718,3,8,0,0,2,163,0,1234,0,1234
70787,Playing,1516544,4298,3,8,0,0,2,165,0,1234,0,1234
71036,Playing,1426432,4043,3,8,0,0,2,165,0,1234,0,1234
71284,Playing,1344512,3810,3,8,0,0,2,165,0,1234,0,1234
71532,Playing,1254400,3555,3,8,0,0,2,165,0,1234,0,1234
71782,Playing,1459200,4136,3,8,0,0,2,167,0,1234,0,1234
72031,Playing,1377280,3903,3,8,0,0,2,167,0,1234,0,1234
72279,Playing,1287168,3648,3,8,0,0,2,167,0,1234,0,1234
72527,Playing,1197056,3393,3,8,0,0,2,167,0,1234,0,1234
72776,Playing,1419264,4022,3,8,0,0,2,169,0,1234,0,1234
73026,Playing,1329152,3767,3,8,0,0,2,169,0,1234,0,1234
73273,Playing,1239040,3512,3,8,0,0,2,169,0,1234,0,1234
73522,Playing,1157120,3279,3,8,0,0,2,169,0,1234,0,1234
73772,Playing,1371136,3886,3,8,0,0,2,171,0,1234,0,1234
74021,Playing,1281024,3631,3,8,0,0,2,171,0,1234,0,1234
74272,Playing,1199104,3398,3,8,0,0,2,171,0,1234,0,1234
74522,Playing,1108992,3143,3,8,0,0,2,171,0,1234,0,1234
74771,Playing,1018880,2887,3,8,0,0,2,171,0,1234,0,1234
75019,Playing,1223680,3468,3,8,0,0,2,173,0,1234,0,1234
75266,Playing,1141760,3236,3,8,0,0,2,173,0,1234,0,1234
75515,Playing,1051648,2980,3,8,0,0,2,173,0,1234,0,1234
75762,Playing,1265664,3587,3,8,0,0,2,175,0,1234,0,1234
76010,Playing,1183744,3355,3,8,0,0,2,175,0,1234,0,1234
76257,Playing,1093632,3099,3,8,0,0,2,175,0,1234,0,1234
76507,Playing,1003520,2844,3,8,0,0,2,175,0,1234,0,1234
76759,Playing,1207296,3422,3,8,0,0,2,177,0,1234,0,1234
77008,Playing,1117184,3166,3,8,0,0,2,177,0,1234,0,1234
77255,Playing,1027072,2911,3,8,0,0,2,177,0,1234,0,1234
77505,Playing,945152,2679,3,8,0,0,2,177,0,1234,0,1234
77754,Playing,855040,2423,3,8,0,0,2,177,0,1234,0,1234
78003,Playing,1059840,3004,3,8,0,0,2,179,0,1234,0,1234
78251,Playing,977920,2771,3,8,0,0,2,179,0,1234,0,1234
78562,Playing,863232,2446,3,8,0,0,2,179,0,1234,0,1234
78811,Playing,1076224,3050,3,8,0,0,2,181,0,1234,0,1234
79056,Playing,986112,2795,3,8,0,0,2,181,0,1234,0,1234
79306,Playing,896000,2539,3,8,0,0,2,181,0,1234,0,1234
79555,Playing,814080,2307,3,8,0,0,2,181,0,1234,0,1234
79805,Playing,1028096,2914,3,8,0,0,2,183,0,1234,0,1234
80053,Playing,937984,2658,3,8,0,0,2,183,0,1234,0,1234
80301,Playing,856064,2426,3,8,0,0,2,183,0,1234,0,1234
80552,Playing,765952,2171,3,8,0,0,2,183,0,1234,0,1234
80801,Playing,675840,1915,3,8,0,0,2,183,0,1234,0,1234
81050,Playing,871424,2470,3,8,0,0,2,185,0,1234,0,1234
81299,Playing,789504,2237,3,8,0,0,2,185,0,1234,0,1234
81546,Playing,699392,1982,3,8,0,0,2,185,0,1234,0,1234
81795,Playing,609280,1726,3,8,0,0,2,185,0,1234,0,1234
82043,Playing,813056,2304,3,8,0,0,2,187,0,1234,0,1234
82293,Playing,722944,2049,3,8,0,0,2,187,0,1234,0,1234
82541,Playing,632832,1793,3,8,0,0,2,187,0,1234,0,1234
82790,Playing,550912,1561,3,8,0,0,2,187,0,1234,0,1234
83037,Playing,746496,2115,3,8,0,0,2,189,0,1234,0,1234
83287,Playing,656384,1860,3,8,0,0,2,189,0,1234,0,1234
83535,Playing,574464,1628,3,8,0,0,2,189,0,1234,0,1234
83785,Playing,484352,1372,3,8,0,0,2,189,0,1234,0,1234
84033,Playing,615424,1744,3,8,0,0,2,191,0,1234,0,1234
84280,Playing,533504,1512,3,8,0,0,2,191,0,1234,0,1234
84530,Playing,443392,1256,3,8,0,0,2,191,0,1234,0,1234
84778,Playing,353280,1001,3,8,0,0,2,191,0,1234,0,1234
85026,Playing,501760,1422,3,8,0,0,2,193,0,1234,0,1234
85276,Playing,411648,1166,3,8,0,0,2,193,0,1234,0,1234
85526,Playing,321536,911,3,8,0,0,2,193,0,1234,0,1234
85774,Playing,231424,655,3,8,0,0,2,193,0,1234,0,1234
86022,Playing,149504,423,3,8,0,0,2,193,0,1234,0,1234
86268,Playing,308224,873,3,8,0,0,2,195,0,1234,0,1234
86517,Playing,218112,618,3,8,0,0,2,195,0,1234,0,1234
86765,Playing,136192,386,3,8,0,0,2,195,0,1234,0,1234
87014,Playing,285696,809,3,8,0,0,2,197,0,1234,0,1234
87264,Playing,195584,554,3,8,0,0,2,197,0,1234,0,1234
87511,Playing,113664,322,3,8,0,0,2,197,0,1234,0,1234
87760,Playing,23552,66,3,8,0,0,2,197,0,1234,0,1234
88009,Buffering,267264,757,4,8,0,0,2,199,0,1234,0,1234
88257,Buffering,267264,757,4,8,0,0,2,199,0,1234,0,1234
88505,Buffering,267264,757,4,8,0,0,2,199,0,1234,0,1234
88751,Buffering,267264,757,4,8,0,0,2,199,0,1234,0,1234
89001,Buffering,267264,757,4,8,0,0,2,199,0,1234,0,1234
89250,Buffering,460800,1306,4,9,0,0,2,201,0,1234,0,1234
89502,Buffering,370688,1050,4,9,0,0,2,201,0,1234,0,1234
89810,Buffering,264192,748,4,9,0,0,2,201,0,1234,0,1234
90057,Buffering,441344,1250,4,9,0,0,2,203,0,1234,0,1234
90306,Buffering,359424,1018,4,9,0,0,2,203,0,1234,0,1234
90555,Buffering,269312,763,4,9,0,0,2,203,0,1234,0,1234
90803,Buffering,179200,507,4,9,0,0,2,203,0,1234,0,1234
91050,Buffering,392192,1111,4,9,0,0,2,205,0,1234,0,1234
91298,Buffering,302080,856,4,9,0,0,2,205,0,1234,0,1234
91544,Buffering,220160,624,4,9,0,0,2,205,0,1234,0,1234
91791,Buffering,130048,368,4,9,0,0,2,205,0,1234,0,1234
92040,Buffering,39936,113,4,9,0,0,2,205,0,1234,0,1234
92288,Buffering,262144,743,4,9,0,0,2,207,0,1234,0,1234
92539,Buffering,172032,487,4,9,0,0,2,207,0,1234,0,1234
92789,Buffering,81920,232,4,9,0,0,2,207,0,1234,0,1234
93040,Buffering,0,0,4,9,0,0,2,207,0,1234,0,1234
93290,Playing,246784,699,4,10,0,0,2,209,0,1234,0,1234
93537,Playing,156672,444,4,10,0,0,2,209,0,1234,0,1234
93785,Playing,66560,188,4,10,0,0,2,209,0,1234,0,1234
94034,Playing,0,0,4,10,0,0,2,209,0,1234,0,1234
94283,Buffering,313344,888,5,10,0,0,2,211,0,1234,0,1234
94533,Buffering,313344,888,5,10,0,0,2,211,0,1234,0,1234
94782,Buffering,313344,888,5,10,0,0,2,211,0,1234,0,1234
95032,Buffering,313344,888,5,10,0,0,2,211,0,1234,0,1234
95281,Buffering,575488,1631,5,11,0,0,2,213,0,1234,0,1234
95528,Buffering,493568,1399,5,11,0,0,2,213,0,1234,0,1234
95776,Buffering,403456,1143,5,11,0,0,2,213,0,1234,0,1234
96024,Buffering,313344,888,5,11,0,0,2,213,0,1234,0,1234
96276,Buffering,527360,1494,5,11,0,0,2,215,0,1234,0,1234
96523,Buffering,445440,1262,5,11,0,0,2,215,0,1234,0,1234
96772,Buffering,355328,1007,5,11,0,0,2,215,0,1234,0,1234
97021,Buffering,265216,751,5,11,0,0,2,215,0,1234,0,1234
97271,Buffering,183296,519,5,11,0,0,2,215,0,1234,0,1234
97520,Buffering,378880,1073,5,11,0,0,2,217,0,1234,0,1234
97770,Buffering,288768,818,5,11,0,0,2,217,0,1234,0,1234
98018,Buffering,206848,586,5,11,0,0,2,217,0,1234,0,1234
98266,Buffering,393216,1114,5,11,0,0,2,219,0,1234,0,1234
98518,Buffering,303104,859,5,11,0,0,2,219,0,1234,0,1234
98766,Buffering,221184,626,5,11,0,0,2,219,0,1234,0,1234
99013,Buffering,131072,371,5,11,0,0,2,219,0,1234,0,1234
99259,Buffering,317440,899,5,11,0,0,2,221,0,1234,0,1234
99508,Buffering,235520,667,5,11,0,0,2,221,0,1234,0,1234
99756,Buffering,145408,412,5,11,0,0,2,221,0,1234,0,1234
100005,Buffering,55296,156,5,11,0,0,2,221,0,1234,0,1234
100250,Playing,277504,786,5,12,0,0,2,223,0,1234,0,1234
100560,Playing,162816,461,5,12,0,0,2,223,0,1234,0,1234
100809,Playing,80896,229,5,12,0,0,2,223,0,1234,0,1234
101057,Playing,0,0,5,12,0,0,2,223,0,1234,0,1234
101308,Playing,0,0,5,12,0,0,2,223,0,1234,0,1234
101557,Buffering,285696,809,6,12,0,0,2,225,0,1234,0,1234
101809,Buffering,285696,809,6,12,0,0,2,225,0,1234,0,1234
102056,Buffering,285696,809,6,12,0,0,2,225,0,1234,0,1234
102305,Buffering,580608,1645,6,13,0,0,2,227,0,1234,0,1234
102555,Buffering,490496,1390,6,13,0,0,2,227,0,1234,0,1234
102803,Buffering,400384,1134,6,13,0,0,2,227,0,1234,0,1234
103053,Buffering,318464,902,6,13,0,0,2,227,0,1234,0,1234
103298,Buffering,228352,647,6,13,0,0,2,227,0,1234,0,1234
103547,Buffering,414720,1175,6,13,0,0,2,229,0,1234,0,1234
103795,Buffering,332800,943,6,13,0,0,2,229,0,1234,0,1234
104044,Buffering,242688,687,6,13,0,0,2,229,0,1234,0,1234
104293,Buffering,152576,432,6,13,0,0,2,229,0,1234,0,1234
104543,Buffering,292864,830,6,13,0,0,2,231,0,1234,0,1234
104790,Buffering,210944,597,6,13,0,0,2,231,0,1234,0,1234
105040,Buffering,120832,342,6,13,0,0,2,231,0,1234,0,1234
105288,Buffering,38912,110,6,13,0,0,2,231,0,1234,0,1234
105536,Buffering,188416,534,6,13,0,0,2,233,0,1234,0,1234
105784,Buffering,98304,278,6,13,0,0,2,233,0,1234,0,1234
106034,Buffering,8192,23,6,13,0,0,2,233,0,1234,0,1234
106281,Buffering,0,0,6,13,0,0,2,233,0,1234,0,1234
106528,Reconnecting,0,0,6,14,0,0,2,234,1095,1234,1095,1234
106778,Reconnecting,0,0,6,14,0,0,2,234,1095,1234,1095,1234
107026,Reconnecting,0,0,6,14,0,0,2,234,1095,1234,1095,1234
107277,Reconnecting,0,0,6,14,0,0,2,234,1095,1234,1095,1234
107527,Reconnecting,0,0,6,14,0,0,2,234,1095,1234,1095,1234
107774,Reconnecting,0,0,6,14,0,0,2,234,1095,1234,1095,1234
108020,Reconnecting,0,0,6,14,0,0,2,234,1095,1234,1095,1234
108266,Reconnecting,0,0,6,14,0,0,2,234,1095,1234,1095,1234
108514,Reconnecting,0,0,6,14,0,0,2,234,1095,1234,1095,1234
108762,Reconnecting,0,0,6,14,0,0,2,234,1095,1234,1095,1234
109012,Reconnecting,0,0,6,14,0,0,2,234,1095,1234,1095,1234
109261,Reconnecting,0,0,6,14,0,0,2,234,1095,1234,1095,1234
109510,Reconnecting,0,0,6,14,0,0,2,234,1095,1234,1095,1234
109763,Reconnecting,0,0,6,14,0,0,2,234,1095,1234,1095,1234
110011,Reconnecting,0,0,6,14,0,0,2,234,1095,1234,1095,1234
110259,Reconnecting,0,0,6,14,0,0,2,234,1095,1234,1095,1234
110511,Reconnecting,0,0,6,14,0,0,2,234,1095,1234,1095,1234
110760,Reconnecting,0,0,6,14,0,0,2,234,1095,1234,1095,1234
111009,Reconnecting,0,0,6,14,0,0,2,234,1095,1234,1095,1234
111260,Reconnecting,0,0,6,14,0,0,2,234,1095,1234,1095,1234
111508,Reconnecting,0,0,6,14,0,0,3,234,1095,1234,1095,1234
111757,Reconnecting,0,0,6,14,0,0,3,234,1095,1234,1095,1234
112009,Reconnecting,0,0,6,14,0,0,3,234,1095,1234,1095,1234
112257,Reconnecting,0,0,6,14,0,0,3,240,120,1234,1095,1234
112507,Reconnecting,0,0,6,14,0,0,3,240,120,1234,1095,1234
112755,Reconnecting,0,0,6,14,0,0,3,240,120,1234,1095,1234
113006,Reconnecting,0,0,6,14,0,0,3,240,120,1234,1095,1234
113252,Reconnecting,0,0,6,14,0,0,3,240,120,1234,1095,1234
113561,Reconnecting,0,0,6,14,0,0,3,240,120,1234,1095,1234
113810,Reconnecting,0,0,6,14,0,0,3,240,120,1234,1095,1234
114059,Reconnecting,0,0,6,14,0,0,3,240,120,1234,1095,1234
114308,Reconnecting,0,0,6,14,0,0,3,240,120,1234,1095,1234
114557,Reconnecting,0,0,6,14,0,0,3,240,120,1234,1095,1234
114805,Reconnecting,0,0,6,14,0,0,3,240,120,1234,1095,1234
115055,Reconnecting,0,0,6,14,0,0,3,240,120,1234,1095,1234
115303,Reconnecting,0,0,6,14,0,0,3,240,120,1234,1095,1234
115552,Reconnecting,0,0,6,14,0,0,3,240,120,1234,1095,1234
115800,Reconnecting,0,0,6,14,0,0,3,240,120,1234,1095,1234
116049,Reconnecting,0,0,6,14,0,0,3,240,120,1234,1095,1234
116297,Reconnecting,0,0,6,14,0,0,3,240,120,1234,1095,1234
116546,Reconnecting,0,0,6,14,0,0,3,240,120,1234,1095,1234
116794,Reconnecting,0,0,6,14,0,0,3,240,120,1234,1095,1234
117042,Reconnecting,0,0,6,14,0,0,3,240,120,1234,1095,1234
117290,Reconnecting,0,0,6,14,0,0,4,240,120,1234,1095,1234
117541,Reconnecting,0,0,6,14,0,0,4,240,120,1234,1095,1234
117788,Reconnecting,0,0,6,14,0,0,4,240,120,1234,1095,1234
118040,Reconnecting,0,0,6,14,0,0,4,246,110,1234,1095,1234
118288,Reconnecting,0,0,6,14,0,0,4,246,110,1234,1095,1234
118534,Reconnecting,0,0,6,14,0,0,4,246,110,1234,1095,1234
118781,Reconnecting,0,0,6,14,0,0,4,246,110,1234,1095,1234
119032,Reconnecting,0,0,6,14,0,0,4,246,110,1234,1095,1234
119282,Reconnecting,0,0,6,14,0,0,4,246,110,1234,1095,1234
119533,Reconnecting,0,0,6,14,0,0,4,246,110,1234,1095,1234
119778,Reconnecting,0,0,6,14,0,0,4,246,110,1234,1095,1234
120027,Reconnecting,0,0,6,14,0,0,4,246,110,1234,1095,1234
120278,Reconnecting,0,0,6,14,0,0,4,246,110,1234,1095,1234
120526,Reconnecting,0,0,6,14,0,0,4,246,110,1234,1095,1234
120773,Reconnecting,0,0,6,14,0,0,4,246,110,1234,1095,1234
121022,Reconnecting,0,0,6,14,0,0,4,246,110,1234,1095,1234
121269,Reconnecting,0,0,6,14,0,0,4,246,110,1234,1095,1234
121518,Reconnecting,0,0,6,14,0,0,4,246,110,1234,1095,1234
121765,Reconnecting,0,0,6,14,0,0,4,246,110,1234,1095,1234
122013,Reconnecting,0,0,6,14,0,0,4,246,110,1234,1095,1234
122260,Reconnecting,0,0,6,14,0,0,4,246,110,1234,1095,1234
122507,Reconnecting,0,0,6,14,0,0,4,246,110,1234,1095,1234
122757,Reconnecting,0,0,6,14,0,0,4,246,110,1234,1095,1234
123005,Reconnecting,0,0,6,14,0,0,5,246,110,1234,1095,1234
123253,Reconnecting,0,0,6,14,0,0,5,246,110,1234,1095,1234
123503,Reconnecting,0,0,6,14,0,0,5,246,110,1234,1095,1234
123751,Playing,1495040,4237,6,14,0,0,5,259,0,1234,0,1234
124060,Playing,2550784,7230,6,14,0,0,5,267,0,1234,0,1234
124306,Playing,2468864,6997,6,14,0,0,5,267,0,1234,0,1234
124553,Playing,2378752,6742,6,14,0,0,5,267,0,1234,0,1234
124802,Playing,2288640,6487,6,14,0,0,5,267,0,1234,0,1234
125050,Playing,2510848,7116,6,14,0,0,5,269,0,1234,0,1234
125301,Playing,2420736,6861,6,14,0,0,5,269,0,1234,0,1234
125551,Playing,2330624,6606,6,14,0,0,5,269,0,1234,0,1234
125801,Playing,2248704,6373,6,14,0,0,5,269,0,1234,0,1234
126047,Playing,2435072,6902,6,14,0,0,5,271,0,1234,0,1234
126296,Playing,2344960,6646,6,14,0,0,5,271,0,1234,0,1234
126545,Playing,2263040,6414,6,14,0,0,5,271,0,1234,0,1234
126793,Playing,2172928,6159,6,14,0,0,5,271,0,1234,0,1234
127042,Playing,2304000,6530,6,14,0,0,5,273,0,1234,0,1234
127291,Playing,2222080,6298,6,14,0,0,5,273,0,1234,0,1234
127541,Playing,2131968,6042,6,14,0,0,5,273,0,1234,0,1234
127791,Playing,2041856,5787,6,14,0,0,5,273,0,1234,0,1234
128039,Playing,2191360,6211,6,14,0,0,5,275,0,1234,0,1234
128289,Playing,2109440,5979,6,14,0,0,5,275,0,1234,0,1234
128538,Playing,2019328,5723,6,14,0,0,5,275,0,1234,0,1234
128788,Playing,1929216,5468,6,14,0,0,5,275,0,1234,0,1234
129040,Playing,1839104,5212,6,14,0,0,5,275,0,1234,0,1234
129288,Playing,1996800,5659,6,14,0,0,5,277,0,1234,0,1234
129536,Playing,1906688,5404,6,14,0,0,5,277,0,1234,0,1234
129785,Playing,1816576,5149,6,14,0,0,5,277,0,1234,0,1234
130032,Playing,2001920,5674,6,14,0,0,5,279,0,1234,0,1234
130282,Playing,1911808,5418,6,14,0,0,5,279,0,1234,0,1234
130530,Playing,1821696,5163,6,14,0,0,5,279,0,1234,0,1234
130778,Playing,1739776,4931,6,14,0,0,5,279,0,1234,0,1234
131029,Playing,1649664,4675,6,14,0,0,5,279,0,1234,0,1234
131279,Playing,1826816,5178,6,14,0,0,5,281,0,1234,0,1234
131526,Playing,1744896,4945,6,14,0,0,5,281,0,1234,0,1234
131776,Playing,1654784,4690,6,14,0,0,5,281,0,1234,0,1234
132024,Playing,1564672,4435,6,14,0,0,5,281,0,1234,0,1234
132274,Playing,1740800,4934,6,14,0,0,5,283,0,1234,0,1234
132524,Playing,1650688,4678,6,14,0,0,5,283,0,1234,0,1234
132771,Playing,1560576,4423,6,14,0,0,5,283,0,1234,0,1234
133020,Playing,1478656,4191,6,14,0,0,5,283,0,1234,0,1234
133270,Playing,1674240,4745,6,14,0,0,5,285,0,1234,0,1234
133517,Playing,1584128,4490,6,14,0,0,5,285,0,1234,0,1234
133766,Playing,1502208,4257,6,14,0,0,5,285,0,1234,0,1234
134014,Playing,1412096,4002,6,14,0,0,5,285,0,1234,0,1234
134266,Playing,1607680,4556,6,14,0,0,5,287,0,1234,0,1234
134515,Playing,1525760,4324,6,14,0,0,5,287,0,1234,0,1234
134768,Playing,1435648,4069,6,14,0,0,5,287,0,1234,0,1234
135016,Playing,1345536,3813,6,14,0,0,5,287,0,1234,0,1234
135264,Playing,1559552,4420,6,14,0,0,5,289,0,1234,0,1234
135514,Playing,1477632,4188,6,14,0,0,5,289,0,1234,0,1234
135760,Playing,1387520,3932,6,14,0,0,5,289,0,1234,0,1234
136010,Playing,1297408,3677,6,14,0,0,5,289,0,1234,0,1234
136259,Playing,1510400,4281,6,14,0,0,5,291,0,1234,0,1234
136511,Playing,1420288,4025,6,14,0,0,5,291,0,1234,0,1234
136759,Playing,1330176,3770,6,14,0,0,5,291,0,1234,0,1234
137007,Playing,1248256,3538,6,14,0,0,5,291,0,1234,0,1234
137255,Playing,1471488,4170,6,14,0,0,5,293,0,1234,0,1234
137507,Playing,1381376,3915,6,14,0,0,5,293,0,1234,0,1234
137753,Playing,1291264,3660,6,14,0,0,5,293,0,1234,0,1234
138002,Playing,1209344,3427,6,14,0,0,5,293,0,1234,0,1234
138251,Playing,1423360,4034,6,14,0,0,5,295,0,1234,0,1234
138561,Playing,1316864,3732,6,14,0,0,5,295,0,1234,0,1234
138808,Playing,1226752,3477,6,14,0,0,5,295,0,1234,0,1234
139056,Playing,1144832,3244,6,14,0,0,5,295,0,1234,0,1234
139305,Playing,1358848,3851,6,14,0,0,5,297,0,1234,0,1234
139554,Playing,1268736,3596,6,14,0,0,5,297,0,1234,0,1234
139803,Playing,1186816,3363,6,14,0,0,5,297,0,1234,0,1234
140049,Playing,1096704,3108,6,14,0,0,5,297,0,1234,0,1234
140299,Playing,1006592,2853,6,14,0,0,5,297,0,1234,0,1234
140547,Playing,1228800,3482,6,14,0,0,5,299,0,1234,0,1234
140797,Playing,1138688,3227,6,14,0,0,5,299,0,1234,0,1234
141047,Playing,1048576,2972,6,14,0,0,5,299,0,1234,0,1234
141294,Playing,1243136,3523,6,14,0,0,5,301,0,1234,0,1234
141543,Playing,1153024,3268,6,14,0,0,5,301,0,1234,0,1234
141789,Playing,1062912,3012,6,14,0,0,5,301,0,1234,0,1234
142037,Playing,980992,2780,6,14,0,0,5,301,0,1234,0,1234
142285,Playing,1185792,3361,6,14,0,0,5,303,0,1234,0,1234
142533,Playing,1095680,3105,6,14,0,0,5,303,0,1234,0,1234
142782,Playing,1005568,2850,6,14,0,0,5,303,0,1234,0,1234
143031,Playing,923648,2618,6,14,0,0,5,303,0,1234,0,1234
143279,Playing,833536,2362,6,14,0,0,5,303,0,1234,0,1234
143525,Playing,1046528,2966,6,14,0,0,5,305,0,1234,0,1234
143773,Playing,956416,2710,6,14,0,0,5,305,0,1234,0,1234
144021,Playing,866304,2455,6,14,0,0,5,305,0,1234,0,1234
144269,Playing,784384,2223,6,14,0,0,5,305,0,1234,0,1234
144518,Playing,989184,2803,6,14,0,0,5,307,0,1234,0,1234
144766,Playing,899072,2548,6,14,0,0,5,307,0,1234,0,1234
145017,Playing,817152,2316,6,14,0,0,5,307,0,1234,0,1234
145265,Playing,727040,2060,6,14,0,0,5,307,0,1234,0,1234
145514,Playing,922624,2615,6,14,0,0,5,309,0,1234,0,1234
145762,Playing,840704,2382,6,14,0,0,5,309,0,1234,0,1234
146010,Playing,750592,2127,6,14,0,0,5,309,0,1234,0,1234
146258,Playing,660480,1872,6,14,0,0,5,309,0,1234,0,1234
146509,Playing,846848,2400,6,14,0,0,5,311,0,1234,0,1234
146762,Playing,764928,2168,6,14,0,0,5,311,0,1234,0,1234
147011,Playing,674816,1912,6,14,0,0,5,311,0,1234,0,1234
147260,Playing,584704,1657,6,14,0,0,5,311,0,1234,0,1234
147509,Playing,789504,2237,6,14,0,0,5,313,0,1234,0,1234
147758,Playing,707584,2005,6,14,0,0,5,313,0,1234,0,1234
148005,Playing,617472,1750,6,14,0,0,5,313,0,1234,0,1234
148253,Playing,535552,1518,6,14,0,0,5,313,0,1234,0,1234
148502,Playing,657408,1863,6,14,0,0,5,315,0,1234,0,1234
148810,Playing,550912,1561,6,14,0,0,5,315,0,1234,0,1234
149061,Playing,460800,1306,6,14,0,0,5,315,0,1234,0,1234
149312,Playing,370688,1050,6,14,0,0,5,315,0,1234,0,1234
149560,Playing,501760,1422,6,14,0,0,5,317,0,1234,0,1234
149808,Playing,419840,1190,6,14,0,0,5,317,0,1234,0,1234
150055,Playing,329728,934,6,14,0,0,5,317,0,1234,0,1234
150305,Playing,239616,679,6,14,0,0,5,317,0,1234,0,1234
150552,Playing,388096,1100,6,14,0,0,5,319,0,1234,0,1234
150801,Playing,297984,844,6,14,0,0,5,319,0,1234,0,1234
151051,Playing,207872,589,6,14,0,0,5,319,0,1234,0,1234
151300,Playing,125952,357,6,14,0,0,5,319,0,1234,0,1234
151550,Playing,284672,806,6,14,0,0,5,321,0,1234,0,1234
151800,Playing,194560,551,6,14,0,0,5,321,0,1234,0,1234
152048,Playing,112640,319,6,14,0,0,5,321,0,1234,0,1234
152295,Playing,22528,63,6,14,0,0,5,321,0,1234,0,1234
152542,Playing,0,0,6,14,0,0,5,321,0,1234,0,1234
152789,Buffering,258048,731,7,14,0,0,5,323,0,1234,0,1234
153040,Buffering,258048,731,7,14,0,0,5,323,0,1234,0,1234
153288,Buffering,258048,731,7,14,0,0,5,323,0,1234,0,1234
153537,Buffering,258048,731,7,14,0,0,5,323,0,1234,0,1234
153786,Buffering,459776,1303,7,15,0,0,5,325,0,1234,0,1234
154037,Buffering,369664,1047,7,15,0,0,5,325,0,1234,0,1234
154287,Buffering,279552,792,7,15,0,0,5,325,0,1234,0,1234
154535,Buffering,197632,560,7,15,0,0,5,325,0,1234,0,1234
154788,Buffering,384000,1088,7,15,0,0,5,327,0,1234,0,1234
155037,Buffering,293888,833,7,15,0,0,5,327,0,1234,0,1234
155284,Buffering,203776,577,7,15,0,0,5,327,0,1234,0,1234
155533,Buffering,121856,345,7,15,0,0,5,327,0,1234,0,1234
155783,Buffering,317440,899,7,15,0,0,5,329,0,1234,0,1234
156030,Buffering,227328,644,7,15,0,0,5,329,0,1234,0,1234
156279,Buffering,145408,412,7,15,0,0,5,329,0,1234,0,1234
156529,Buffering,55296,156,7,15,0,0,5,329,0,1234,0,1234
156780,Buffering,260096,737,7,15,0,0,5,331,0,1234,0,1234
157028,Buffering,169984,481,7,15,0,0,5,331,0,1234,0,1234
157277,Buffering,88064,249,7,15,0,0,5,331,0,1234,0,1234
157526,Buffering,0,0,7,15,0,0,5,331,0,1234,0,1234
157777,Playing,236544,670,7,16,0,0,5,333,0,1234,0,1234
158027,Playing,146432,415,7,16,0,0,5,333,0,1234,0,1234
158279,Playing,64512,182,7,16,0,0,5,333,0,1234,0,1234
158527,Playing,0,0,7,16,0,0,5,333,0,1234,0,1234
158775,Playing,0,0,7,16,0,0,5,333,0,1234,0,1234
159022,Buffering,313344,888,8,16,0,0,5,335,0,1234,0,1234
159268,Buffering,313344,888,8,16,0,0,5,335,0,1234,0,1234
159518,Buffering,313344,888,8,16,0,0,5,335,0,1234,0,1234
159767,Buffering,617472,1750,8,17,0,0,5,337,0,1234,0,1234
160016,Buffering,527360,1494,8,17,0,0,5,337,0,1234,0,1234
160265,Buffering,437248,1239,8,17,0,0,5,337,0,1234,0,1234
160515,Buffering,355328,1007,8,17,0,0,5,337,0,1234,0,1234
160762,Buffering,578560,1639,8,17,0,0,5,339,0,1234,0,1234
161013,Buffering,488448,1384,8,17,0,0,5,339,0,1234,0,1234
161260,Buffering,406528,1152,8,17,0,0,5,339,0,1234,0,1234
161509,Buffering,316416,896,8,17,0,0,5,339,0,1234,0,1234
161761,Buffering,226304,641,8,17,0,0,5,339,0,1234,0,1234
162009,Buffering,449536,1274,8,17,0,0,5,341,0,1234,0,1234
162257,Buffering,367616,1041,8,17,0,0,5,341,0,1234,0,1234
162503,Buffering,277504,786,8,17,0,0,5,341,0,1234,0,1234
162753,Buffering,195584,554,8,17,0,0,5,341,0,1234,0,1234
163000,Buffering,400384,1134,8,17,0,0,5,343,0,1234,0,1234
163252,Buffering,310272,879,8,17,0,0,5,343,0,1234,0,1234
163501,Buffering,220160,624,8,17,0,0,5,343,0,1234,0,1234
163810,Buffering,408576,1158,8,17,0,0,5,345,0,1234,0,1234
164056,Buffering,326656,925,8,17,0,0,5,345,0,1234,0,1234
164307,Buffering,236544,670,8,17,0,0,5,345,0,1234,0,1234
164556,Buffering,146432,415,8,17,0,0,5,345,0,1234,0,1234
164804,Buffering,342016,969,8,17,0,0,5,347,0,1234,0,1234
165053,Buffering,260096,737,8,17,0,0,5,347,0,1234,0,1234
165300,Buffering,169984,481,8,17,0,0,5,347,0,1234,0,1234
165548,Buffering,79872,226,8,17,0,0,5,347,0,1234,0,1234
165797,Buffering,0,0,8,17,0,0,5,347,0,1234,0,1234
166043,Playing,220160,624,8,18,0,0,5,349,0,1234,0,1234
166292,Playing,130048,368,8,18,0,0,5,349,0,1234,0,1234
166538,Playing,48128,136,8,18,0,0,5,349,0,1234,0,1234
166787,Playing,0,0,8,18,0,0,5,349,0,1234,0,1234
167034,Buffering,276480,783,9,18,0,0,5,351,0,1234,0,1234
167282,Buffering,276480,783,9,18,0,0,5,351,0,1234,0,1234
167532,Buffering,276480,783,9,18,0,0,5,351,0,1234,0,1234
167780,Buffering,276480,783,9,18,0,0,5,351,0,1234,0,1234
168028,Buffering,276480,783,9,18,0,0,5,351,0,1234,0,1234
168278,Buffering,471040,1335,9,19,0,0,5,353,0,1234,0,1234
168528,Buffering,380928,1079,9,19,0,0,5,353,0,1234,0,1234
168777,Buffering,299008,847,9,19,0,0,5,353,0,1234,0,1234
169026,Buffering,503808,1428,9,19,0,0,5,355,0,1234,0,1234
169277,Buffering,413696,1172,9,19,0,0,5,355,0,1234,0,1234
169525,Buffering,323584,917,9,19,0,0,5,355,0,1234,0,1234
169775,Buffering,241664,684,9,19,0,0,5,355,0,1234,0,1234
170023,Buffering,363520,1030,9,19,0,0,5,357,0,1234,0,1234
170272,Buffering,273408,774,9,19,0,0,5,357,0,1234,0,1234
170520,Buffering,191488,542,9,19,0,0,5,357,0,1234,0,1234
170769,Buffering,101376,287,9,19,0,0,5,357,0,1234,0,1234
171016,Buffering,11264,31,9,19,0,0,5,357,0,1234,0,1234
171263,Buffering,159744,452,9,19,0,0,5,359,0,1234,0,1234
171512,Buffering,69632,197,9,19,0,0,5,359,0,1234,0,1234
171761,Buffering,0,0,9,19,0,0,5,359,0,1234,0,1234
172010,Buffering,0,0,9,19,0,0,5,359,0,1234,0,1234
172258,Reconnecting,0,0,9,20,0,0,5,360,1008,1234,1009,1234
172507,Reconnecting,0,0,9,20,0,0,5,360,1008,1234,1009,1234
172755,Reconnecting,0,0,9,20,0,0,5,360,1008,1234,1009,1234
173007,Reconnecting,0,0,9,20,0,0,5,360,1008,1234,1009,1234
173254,Reconnecting,0,0,9,20,0,0,5,360,1008,1234,1009,1234
173503,Reconnecting,0,0,9,20,0,0,5,360,1008,1234,1009,1234
173754,Reconnecting,0,0,9,20,0,0,5,360,1008,1234,1009,1234
174001,Reconnecting,0,0,9,20,0,0,5,360,1008,1234,1009,1234
174251,Reconnecting,0,0,9,20,0,0,5,360,1008,1234,1009,1234
174501,Reconnecting,0,0,9,20,0,0,5,360,1008,1234,1009,1234
174751,Reconnecting,0,0,9,20,0,0,5,360,1008,1234,1009,1234
175000,Reconnecting,0,0,9,20,0,0,5,360,1008,1234,1009,1234
175311,Reconnecting,0,0,9,20,0,0,5,360,1008,1234,1009,1234
175500,Reconnecting,0,0,9,20,0,0,5,360,1008,1234,1009,1234
175811,Reconnecting,0,0,9,20,0,0,5,360,1008,1234,1009,1234
176059,Reconnecting,0,0,9,20,0,0,5,360,1008,1234,1009,1234
176308,Reconnecting,0,0,9,20,0,0,5,360,1008,1234,1009,1234
176557,Reconnecting,0,0,9,20,0,0,5,360,1008,1234,1009,1234
176805,Reconnecting,0,0,9,20,0,0,5,360,1008,1234,1009,1234
177054,Reconnecting,0,0,9,20,0,0,6,360,1008,1234,1009,1234
177303,Reconnecting,0,0,9,20,0,0,6,360,1008,1234,1009,1234
177554,Reconnecting,0,0,9,20,0,0,6,360,1008,1234,1009,1234
177804,Reconnecting,1059840,3004,9,20,0,0,6,373,0,1234,0,1234
178052,Playing,2136064,6054,9,20,0,0,6,381,0,1234,0,1234
178302,Playing,2045952,5799,9,20,0,0,6,381,0,1234,0,1234
178551,Playing,1964032,5566,9,20,0,0,6,381,0,1234,0,1234
178800,Playing,1873920,5311,9,20,0,0,6,381,0,1234,0,1234
179048,Playing,2068480,5863,9,20,0,0,6,383,0,1234,0,1234
179297,Playing,1978368,5607,9,20,0,0,6,383,0,1234,0,1234
179546,Playing,1888256,5352,9,20,0,0,6,383,0,1234,0,1234
179796,Playing,1806336,5120,9,20,0,0,6,383,0,1234,0,1234
180045,Playing,2001920,5674,9,20,0,0,6,385,0,1234,0,1234
180293,Playing,1911808,5418,9,20,0,0,6,385,0,1234,0,1234
180542,Playing,1821696,5163,9,20,0,0,6,385,0,1234,0,1234
180790,Playing,1739776,4931,9,20,0,0,6,385,0,1234,0,1234
181042,Playing,1861632,5276,9,20,0,0,6,387,0,1234,0,1234
181288,Playing,1771520,5021,9,20,0,0,6,387,0,1234,0,1234
181534,Playing,1689600,4789,9,20,0,0,6,387,0,1234,0,1234
181783,Playing,1599488,4533,9,20,0,0,6,387,0,1234,0,1234
182032,Playing,1509376,4278,9,20,0,0,6,387,0,1234,0,1234
182277,Playing,1667072,4725,9,20,0,0,6,389,0,1234,0,1234
182526,Playing,1576960,4469,9,20,0,0,6,389,0,1234,0,1234
182776,Playing,1495040,4237,9,20,0,0,6,389,0,1234,0,1234
183024,Playing,1404928,3982,9,20,0,0,6,389,0,1234,0,1234
183272,Playing,1563648,4432,9,20,0,0,6,391,0,1234,0,1234
183519,Playing,1481728,4199,9,20,0,0,6,391,0,1234,0,1234
183767,Playing,1391616,3944,9,20,0,0,6,391,0,1234,0,1234
184017,Playing,1577984,4472,9,20,0,0,6,393,0,1234,0,1234
184264,Playing,1496064,4240,9,20,0,0,6,393,0,1234,0,1234
184514,Playing,1405952,3985,9,20,0,0,6,393,0,1234,0,1234
184758,Playing,1315840,3729,9,20,0,0,6,393,0,1234,0,1234
185008,Playing,1233920,3497,9,20,0,0,6,393,0,1234,0,1234
185259,Playing,1143808,3242,9,20,0,0,6,393,0,1234,0,1234
185507,Playing,1311744,3718,9,20,0,0,6,395,0,1276,0,1276
185756,Playing,1229824,3485,9,20,0,0,6,395,0,1276,0,1276
186005,Playing,1139712,3230,9,20,0,0,6,395,0,1276,0,1276
186254,Playing,1298432,3680,9,20,0,0,6,397,0,1276,0,1276
186504,Playing,1208320,3424,9,20,0,0,6,397,0,1276,0,1276
186752,Playing,1126400,3192,9,20,0,0,6,397,0,1276,0,1276
187002,Playing,1036288,2937,9,20,0,0,6,397,0,1276,0,1276
187251,Playing,1213440,3439,9,20,0,0,6,399,0,1276,0,1276
187501,Playing,1131520,3207,9,20,0,0,6,399,0,1276,0,1276
187811,Playing,1016832,2882,9,20,0,0,6,399,0,1276,0,1276
188060,Playing,934912,2649,9,20,0,0,6,399,0,1276,0,1276
188309,Playing,1121280,3178,9,20,0,0,6,401,0,1276,0,1276
188557,Playing,1031168,2922,9,20,0,0,6,401,0,1276,0,1276
188806,Playing,949248,2690,9,20,0,0,6,401,0,1276,0,1276
189055,Playing,859136,2435,9,20,0,0,6,401,0,1276,0,1276
189304,Playing,1063936,3015,9,20,0,0,6,403,0,1276,0,1276
189553,Playing,973824,2760,9,20,0,0,6,403,0,1276,0,1276
189801,Playing,891904,2528,9,20,0,0,6,403,0,1276,0,1276
190048,Playing,801792,2272,9,20,0,0,6,403,0,1276,0,1276
190296,Playing,719872,2040,9,20,0,0,6,403,0,1276,0,1276
190542,Playing,924672,2620,9,20,0,0,6,405,0,1276,0,1276
190791,Playing,834560,2365,9,20,0,0,6,405,0,1276,0,1276
191040,Playing,752640,2133,9,20,0,0,6,405,0,1276,0,1276
191289,Playing,957440,2713,9,20,0,0,6,407,0,1276,0,1276
191538,Playing,867328,2458,9,20,0,0,6,407,0,1276,0,1276
191785,Playing,785408,2226,9,20,0,0,6,407,0,1276,0,1276
192032,Playing,695296,1970,9,20,0,0,6,407,0,1276,0,1276
192281,Playing,909312,2577,9,20,0,0,6,409,0,1276,0,1276
192530,Playing,827392,2345,9,20,0,0,6,409,0,1276,0,1276
192779,Playing,737280,2089,9,20,0,0,6,409,0,1276,0,1276
193028,Playing,647168,1834,9,20,0,0,6,409,0,1276,0,1276
193276,Playing,565248,1602,9,20,0,0,6,409,0,1276,0,1276
193525,Playing,779264,2208,9,20,0,0,6,411,0,1276,0,1276
193772,Playing,689152,1953,9,20,0,0,6,411,0,1276,0,1276
194023,Playing,599040,1697,9,20,0,0,6,411,0,1276,0,1276
194272,Playing,517120,1465,9,20,0,0,6,411,0,1276,0,1276
194524,Playing,721920,2046,9,20,0,0,6,413,0,1276,0,1276
194773,Playing,631808,1790,9,20,0,0,6,413,0,1276,0,1276
195020,Playing,549888,1558,9,20,0,0,6,413,0,1276,0,1276
195269,Playing,459776,1303,9,20,0,0,6,413,0,1276,0,1276
195517,Playing,664576,1883,9,20,0,0,6,415,0,1276,0,1276
195767,Playing,574464,1628,9,20,0,0,6,415,0,1276,0,1276
196016,Playing,492544,1396,9,20,0,0,6,415,0,1276,0,1276
196264,Playing,402432,1140,9,20,0,0,6,415,0,1276,0,1276
196510,Playing,596992,1692,9,20,0,0,6,417,0,1276,0,1276
196760,Playing,506880,1436,9,20,0,0,6,417,0,1276,0,1276
197008,Playing,416768,1181,9,20,0,0,6,417,0,1276,0,1276
197257,Playing,326656,925,9,20,0,0,6,417,0,1276,0,1276
197505,Playing,530432,1503,9,20,0,0,6,419,0,1276,0,1276
197754,Playing,440320,1248,9,20,0,0,6,419,0,1276,0,1276
198001,Playing,350208,992,9,20,0,0,6,419,0,1276,0,1276
198312,Playing,243712,690,9,20,0,0,6,419,0,1276,0,1276
198560,Playing,457728,1297,9,20,0,0,6,421,0,1276,0,1276
198809,Playing,375808,1065,9,20,0,0,6,421,0,1276,0,1276
199055,Playing,285696,809,9,20,0,0,6,421,0,1276,0,1276
199306,Playing,195584,554,9,20,0,0,6,421,0,1276,0,1276
199559,Playing,399360,1131,9,20,0,0,6,423,0,1276,0,1276
199806,Playing,309248,876,9,20,0,0,6,423,0,1276,0,1276
200054,Playing,219136,621,9,20,0,0,6,423,0,1276,0,1276
200304,Playing,137216,388,9,20,0,0,6,423,0,1276,0,1276
200554,Playing,323584,917,9,20,0,0,6,425,0,1276,0,1276
200803,Playing,233472,661,9,20,0,0,6,425,0,1276,0,1276
201051,Playing,151552,429,9,20,0,0,6,425,0,1276,0,1276
201301,Playing,61440,174,9,20,0,0,6,425,0,1276,0,1276
201551,Playing,247808,702,9,20,0,0,6,427,0,1276,0,1276
201802,Playing,157696,446,9,20,0,0,6,427,0,1276,0,1276
202048,Playing,75776,214,9,20,0,0,6,427,0,1276,0,1276
202298,Playing,0,0,9,20,0,0,6,427,0,1276,0,1276
202548,Playing,0,0,9,20,0,0,6,427,0,1276,0,1276
202795,Buffering,221184,626,10,20,0,0,6,429,0,1276,0,1276
203044,Buffering,221184,626,10,20,0,0,6,429,0,1276,0,1276
203294,Buffering,221184,626,10,20,0,0,6,429,0,1276,0,1276
203542,Buffering,221184,626,10,20,0,0,6,429,0,1276,0,1276
203790,Buffering,360448,1021,10,21,0,0,6,431,0,1276,0,1276
204037,Buffering,270336,766,10,21,0,0,6,431,0,1276,0,1276
204283,Buffering,188416,534,10,21,0,0,6,431,0,1276,0,1276
204530,Buffering,328704,931,10,21,0,0,6,433,0,1276,0,1276
204780,Buffering,238592,676,10,21,0,0,6,433,0,1276,0,1276
205028,Buffering,156672,444,10,21,0,0,6,433,0,1276,0,1276
205275,Buffering,66560,188,10,21,0,0,6,433,0,1276,0,1276
205524,Buffering,0,0,10,21,0,0,6,433,0,1276,0,1276
205772,Buffering,248832,705,10,21,0,0,6,435,0,1276,0,1276
206021,Buffering,248832,705,10,21,0,0,6,435,0,1276,0,1276
206272,Buffering,248832,705,10,21,0,0,6,435,0,1276,0,1276
206521,Buffering,248832,705,10,21,0,0,6,435,0,1276,0,1276
206769,Buffering,440320,1248,10,22,0,0,6,437,0,1276,0,1276
207019,Buffering,350208,992,10,22,0,0,6,437,0,1276,0,1276
207268,Buffering,268288,760,10,22,0,0,6,437,0,1276,0,1276
207517,Buffering,178176,505,10,22,0,0,6,437,0,1276,0,1276
207763,Buffering,355328,1007,10,22,0,0,6,439,0,1276,0,1276
208012,Buffering,273408,774,10,22,0,0,6,439,0,1276,0,1276
208259,Buffering,183296,519,10,22,0,0,6,439,0,1276,0,1276
208506,Buffering,93184,264,10,22,0,0,6,439,0,1276,0,1276
208754,Buffering,278528,789,10,22,0,0,6,441,0,1276,0,1276
209000,Buffering,188416,534,10,22,0,0,6,441,0,1276,0,1276
209312,Buffering,81920,232,10,22,0,0,6,441,0,1276,0,1276
209561,Buffering,0,0,10,22,0,0,6,441,0,1276,0,1276
209811,Playing,235520,667,10,23,0,0,6,443,0,1276,0,1276
210061,Playing,153600,435,10,23,0,0,6,443,0,1276,0,1276
210310,Playing,63488,179,10,23,0,0,6,443,0,1276,0,1276
210561,Playing,0,0,10,23,0,0,6,443,0,1276,0,1276
210810,Buffering,294912,835,11,23,0,0,6,445,0,1276,0,1276
211060,Buffering,294912,835,11,23,0,0,6,445,0,1276,0,1276
211309,Buffering,294912,835,11,23,0,0,6,445,0,1276,0,1276
211559,Buffering,294912,835,11,23,0,0,6,445,0,1276,0,1276
211808,Buffering,580608,1645,11,24,0,0,6,447,0,1276,0,1276
212055,Buffering,490496,1390,11,24,0,0,6,447,0,1276,0,1276
212304,Buffering,400384,1134,11,24,0,0,6,447,0,1276,0,1276
212552,Buffering,318464,902,11,24,0,0,6,447,0,1276,0,1276
212799,Buffering,523264,1483,11,24,0,0,6,449,0,1276,0,1276
213046,Buffering,441344,1250,11,24,0,0,6,449,0,1276,0,1276
213295,Buffering,351232,995,11,24,0,0,6,449,0,1276,0,1276
213543,Buffering,261120,740,11,24,0,0,6,449,0,1276,0,1276
213792,Buffering,171008,484,11,24,0,0,6,449,0,1276,0,1276
214038,Buffering,384000,1088,11,24,0,0,6,451,0,1276,0,1276
214288,Buffering,293888,833,11,24,0,0,6,451,0,1276,0,1276
214539,Buffering,203776,577,11,24,0,0,6,451,0,1276,0,1276
214791,Buffering,121856,345,11,24,0,0,6,451,0,1276,0,1276
215038,Buffering,335872,952,11,24,0,0,6,453,0,1276,0,1276
215286,Buffering,245760,696,11,24,0,0,6,453,0,1276,0,1276
215534,Buffering,163840,464,11,24,0,0,6,453,0,1276,0,1276
215783,Buffering,73728,208,11,24,0,0,6,453,0,1276,0,1276
216033,Buffering,287744,815,11,24,0,0,6,455,0,1276,0,1276
216281,Buffering,205824,583,11,24,0,0,6,455,0,1276,0,1276
216527,Buffering,115712,327,11,24,0,0,6,455,0,1276,0,1276
216773,Buffering,25600,72,11,24,0,0,6,455,0,1276,0,1276
217026,Buffering,221184,626,11,24,0,0,6,457,0,1276,0,1276
217275,Buffering,139264,394,11,24,0,0,6,457,0,1276,0,1276
217523,Buffering,49152,139,11,24,0,0,6,457,0,1276,0,1276
217772,Buffering,0,0,11,24,0,0,6,457,0,1276,0,1276
218021,Playing,220160,624,11,25,0,0,6,459,0,1276,0,1276
218269,Playing,130048,368,11,25,0,0,6,459,0,1276,0,1276
218519,Playing,39936,113,11,25,0,0,6,459,0,1276,0,1276
218770,Playing,0,0,11,25,0,0,6,459,0,1276,0,1276
219021,Buffering,294912,835,12,25,0,0,6,461,0,1276,0,1276
219271,Buffering,294912,835,12,25,0,0,6,461,0,1276,0,1276
219518,Buffering,294912,835,12,25,0,0,6,461,0,1276,0,1276
219770,Buffering,294912,835,12,25,0,0,6,461,0,1276,0,1276
220019,Buffering,531456,1506,12,26,0,0,6,463,0,1276,0,1276
220266,Buffering,449536,1274,12,26,0,0,6,463,0,1276,0,1276
220514,Buffering,359424,1018,12,26,0,0,6,463,0,1276,0,1276
220761,Buffering,269312,763,12,26,0,0,6,463,0,1276,0,1276
221012,Buffering,464896,1317,12,26,0,0,6,465,0,1276,0,1276
221261,Buffering,382976,1085,12,26,0,0,6,465,0,1276,0,1276
221509,Buffering,292864,830,12,26,0,0,6,465,0,1276,0,1276
221758,Buffering,202752,574,12,26,0,0,6,465,0,1276,0,1276
222006,Buffering,406528,1152,12,26,0,0,6,467,0,1276,0,1276
222254,Buffering,316416,896,12,26,0,0,6,467,0,1276,0,1276
222503,Buffering,226304,641,12,26,0,0,6,467,0,1276,0,1276
222754,Buffering,144384,409,12,26,0,0,6,467,0,1276,0,1276
223004,Buffering,54272,153,12,26,0,0,6,467,0,1276,0,1276
223253,Buffering,185344,525,12,26,0,0,6,469,0,1276,0,1276
223562,Buffering,78848,223,12,26,0,0,6,469,0,1276,0,1276
223751,Buffering,13312,37,12,26,0,0,6,469,0,1276,0,1276
224060,Buffering,0,0,12,26,0,0,6,469,0,1276,0,1276
224308,Reconnecting,0,0,12,27,0,0,6,470,965,1276,966,1276
224557,Reconnecting,0,0,12,27,0,0,6,470,965,1276,966,1276
224806,Reconnecting,0,0,12,27,0,0,6,470,965,1276,966,1276
225055,Reconnecting,0,0,12,27,0,0,6,470,965,1276,966,1276
225302,Reconnecting,0,0,12,27,0,0,6,470,965,1276,966,1276
225551,Reconnecting,0,0,12,27,0,0,6,470,965,1276,966,1276
225800,Reconnecting,0,0,12,27,0,0,6,470,965,1276,966,1276
226050,Reconnecting,0,0,12,27,0,0,6,470,965,1276,966,1276
226296,Reconnecting,0,0,12,27,0,0,6,470,965,1276,966,1276
226545,Reconnecting,0,0,12,27,0,0,6,470,965,1276,966,1276
226792,Reconnecting,0,0,12,27,0,0,6,470,965,1276,966,1276
227041,Reconnecting,0,0,12,27,0,0,6,470,965,1276,966,1276
227289,Reconnecting,0,0,12,27,0,0,6,470,965,1276,966,1276
227539,Reconnecting,0,0,12,27,0,0,6,470,965,1276,966,1276
227788,Reconnecting,0,0,12,27,0,0,6,470,965,1276,966,1276
228035,Reconnecting,0,0,12,27,0,0,6,470,965,1276,966,1276
228282,Reconnecting,0,0,12,27,0,0,6,470,965,1276,966,1276
228531,Reconnecting,0,0,12,27,0,0,6,470,965,1276,966,1276
228778,Reconnecting,0,0,12,27,0,0,6,470,965,1276,966,1276
229029,Reconnecting,0,0,12,27,0,0,6,470,965,1276,966,1276
229278,Reconnecting,0,0,12,27,0,0,7,470,965,1276,966,1276
229526,Reconnecting,0,0,12,27,0,0,7,470,965,1276,966,1276
229773,Reconnecting,0,0,12,27,0,0,7,475,0,1276,966,1276
230024,Reconnecting,0,0,12,27,0,0,7,476,110,1276,966,1276
230273,Reconnecting,0,0,12,27,0,0,7,476,110,1276,966,1276
230522,Reconnecting,0,0,12,27,0,0,7,476,110,1276,966,1276
230772,Reconnecting,0,0,12,27,0,0,7,476,110,1276,966,1276
231019,Reconnecting,0,0,12,27,0,0,7,476,110,1276,966,1276
231266,Reconnecting,0,0,12,27,0,0,7,476,110,1276,966,1276
231516,Reconnecting,0,0,12,27,0,0,7,476,110,1276,966,1276
231765,Reconnecting,0,0,12,27,0,0,7,476,110,1276,966,1276
232012,Reconnecting,0,0,12,27,0,0,7,476,110,1276,966,1276
232259,Reconnecting,0,0,12,27,0,0,7,476,110,1276,966,1276
232508,Reconnecting,0,0,12,27,0,0,7,476,110,1276,966,1276
232755,Reconnecting,0,0,12,27,0,0,7,476,110,1276,966,1276
233001,Reconnecting,0,0,12,27,0,0,7,476,110,1276,966,1276
233250,Reconnecting,0,0,12,27,0,0,7,476,110,1276,966,1276
233503,Reconnecting,0,0,12,27,0,0,7,476,110,1276,966,1276
233750,Reconnecting,0,0,12,27,0,0,7,476,110,1276,966,1276
234000,Reconnecting,0,0,12,27,0,0,7,476,110,1276,966,1276
234311,Reconnecting,0,0,12,27,0,0,7,476,110,1276,966,1276
234559,Reconnecting,0,0,12,27,0,0,7,476,110,1276,966,1276
234810,Reconnecting,0,0,12,27,0,0,8,476,110,1276,966,1276
235058,Reconnecting,0,0,12,27,0,0,8,476,110,1276,966,1276
235305,Reconnecting,0,0,12,27,0,0,8,476,110,1276,966,1276
235554,Reconnecting,294912,835,12,27,0,0,8,481,0,1276,0,1276
235802,Playing,2535424,7186,12,27,0,0,8,497,0,1276,0,1276
236051,Playing,2445312,6931,12,27,0,0,8,497,0,1276,0,1276
236300,Playing,2355200,6675,12,27,0,0,8,497,0,1276,0,1276
236548,Playing,2273280,6443,12,27,0,0,8,497,0,1276,0,1276
236798,Playing,2183168,6188,12,27,0,0,8,497,0,1276,0,1276
237046,Playing,2369536,6716,12,27,0,0,8,499,0,1276,0,1276
237294,Playing,2287616,6484,12,27,0,0,8,499,0,1276,0,1276
237542,Playing,2197504,6228,12,27,0,0,8,499,0,1276,0,1276
237793,Playing,2383872,6757,12,27,0,0,8,501,0,1276,0,1276
238039,Playing,2301952,6524,12,27,0,0,8,501,0,1276,0,1276
238287,Playing,2211840,6269,12,27,0,0,8,501,0,1276,0,1276
238534,Playing,2121728,6013,12,27,0,0,8,501,0,1276,0,1276
238781,Playing,2039808,5781,12,27,0,0,8,501,0,1276,0,1276
239030,Playing,2161664,6127,12,27,0,0,8,503,0,1276,0,1276
239279,Playing,2071552,5871,12,27,0,0,8,503,0,1276,0,1276
239527,Playing,1989632,5639,12,27,0,0,8,503,0,1276,0,1276
239773,Playing,1899520,5384,12,27,0,0,8,503,0,1276,0,1276
240021,Playing,2057216,5831,12,27,0,0,8,505,0,1276,0,1276
240270,Playing,1967104,5575,12,27,0,0,8,505,0,1276,0,1276
240519,Playing,1876992,5320,12,27,0,0,8,505,0,1276,0,1276
240766,Playing,1795072,5088,12,27,0,0,8,505,0,1276,0,1276
241014,Playing,1944576,5511,12,27,0,0,8,507,0,1276,0,1276
241262,Playing,1854464,5256,12,27,0,0,8,507,0,1276,0,1276
241515,Playing,1772544,5024,12,27,0,0,8,507,0,1276,0,1276
241764,Playing,1682432,4768,12,27,0,0,8,507,0,1276,0,1276
242012,Playing,1859584,5270,12,27,0,0,8,509,0,1276,0,1276
242263,Playing,1769472,5015,12,27,0,0,8,509,0,1276,0,1276
242510,Playing,1687552,4783,12,27,0,0,8,509,0,1276,0,1276
242760,Playing,1597440,4527,12,27,0,0,8,509,0,1276,0,1276
243008,Playing,1765376,5003,12,27,0,0,8,511,0,1276,0,1276
243257,Playing,1683456,4771,12,27,0,0,8,511,0,1276,0,1276
243508,Playing,1593344,4516,12,27,0,0,8,511,0,1276,0,1276
243755,Playing,1503232,4260,12,27,0,0,8,511,0,1276,0,1276
244004,Playing,1421312,4028,12,27,0,0,8,511,0,1276,0,1276
244254,Playing,1580032,4478,12,27,0,0,8,513,0,1276,0,1276
244501,Playing,1489920,4223,12,27,0,0,8,513,0,1276,0,1276
244752,Playing,1399808,3967,12,27,0,0,8,513,0,1276,0,1276
245001,Playing,1603584,4545,12,27,0,0,8,515,0,1276,0,1276
245311,Playing,1488896,4220,12,27,0,0,8,515,0,1276,0,1276
245559,Playing,1406976,3988,12,27,0,0,8,515,0,1276,0,1276
245808,Playing,1316864,3732,12,27,0,0,8,515,0,1276,0,1276
246056,Playing,1503232,4260,12,27,0,0,8,517,0,1276,0,1276
246304,Playing,1421312,4028,12,27,0,0,8,517,0,1276,0,1276
246554,Playing,1331200,3773,12,27,0,0,8,517,0,1276,0,1276
246802,Playing,1241088,3517,12,27,0,0,8,517,0,1276,0,1276
247051,Playing,1454080,4121,12,27,0,0,8,519,0,1276,0,1276
247299,Playing,1363968,3866,12,27,0,0,8,519,0,1276,0,1276
247550,Playing,1273856,3610,12,27,0,0,8,519,0,1276,0,1276
247799,Playing,1191936,3378,12,27,0,0,8,519,0,1276,0,1276
248048,Playing,1101824,3123,12,27,0,0,8,519,0,1276,0,1276
248297,Playing,1315840,3729,12,27,0,0,8,521,0,1276,0,1276
248546,Playing,1233920,3497,12,27,0,0,8,521,0,1276,0,1276
248795,Playing,1143808,3242,12,27,0,0,8,521,0,1276,0,1276
249043,Playing,1053696,2986,12,27,0,0,8,521,0,1276,0,1276
249291,Playing,1266688,3590,12,27,0,0,8,523,0,1276,0,1276
249540,Playing,1176576,3334,12,27,0,0,8,523,0,1276,0,1276
249791,Playing,1086464,3079,12,27,0,0,8,523,0,1276,0,1276
250038,Playing,1299456,3683,12,27,0,0,8,525,0,1276,0,1276
250289,Playing,1209344,3427,12,27,0,0,8,525,0,1276,0,1276
250537,Playing,1119232,3172,12,27,0,0,8,525,0,1276,0,1276
250787,Playing,1029120,2917,12,27,0,0,8,525,0,1276,0,1276
251036,Playing,947200,2684,12,27,0,0,8,525,0,1276,0,1276
251284,Playing,1152000,3265,12,27,0,0,8,527,0,1276,0,1276
251532,Playing,1061888,3009,12,27,0,0,8,527,0,1276,0,1276
251781,Playing,979968,2777,12,27,0,0,8,527,0,1276,0,1276
252030,Playing,889856,2522,12,27,0,0,8,527,0,1276,0,1276
252280,Playing,1094656,3102,12,27,0,0,8,529,0,1276,0,1276
252527,Playing,1012736,2870,12,27,0,0,8,529,0,1276,0,1276
252777,Playing,922624,2615,12,27,0,0,8,529,0,1276,0,1276
253025,Playing,832512,2359,12,27,0,0,8,529,0,1276,0,1276
253272,Playing,1027072,2911,12,27,0,0,8,531,0,1276,0,1276
253521,Playing,936960,2655,12,27,0,0,8,531,0,1276,0,1276
253768,Playing,846848,2400,12,27,0,0,8,531,0,1276,0,1276
254016,Playing,764928,2168,12,27,0,0,8,531,0,1276,0,1276
254266,Playing,951296,2696,12,27,0,0,8,533,0,1276,0,1276
254514,Playing,861184,2440,12,27,0,0,8,533,0,1276,0,1276
254762,Playing,779264,2208,12,27,0,0,8,533,0,1276,0,1276
255011,Playing,689152,1953,12,27,0,0,8,533,0,1276,0,1276
255258,Playing,893952,2533,12,27,0,0,8,535,0,1276,0,1276
255508,Playing,812032,2301,12,27,0,0,8,535,0,1276,0,1276
255758,Playing,721920,2046,12,27,0,0,8,535,0,1276,0,1276
256006,Playing,631808,1790,12,27,0,0,8,535,0,1276,0,1276
256256,Playing,818176,2319,12,27,0,0,8,537,0,1276,0,1276
256501,Playing,736256,2086,12,27,0,0,8,537,0,1276,0,1276
256812,Playing,629760,1785,12,27,0,0,8,537,0,1276,0,1276
257059,Playing,539648,1529,12,27,0,0,8,537,0,1276,0,1276
257308,Playing,744448,2110,12,27,0,0,8,539,0,1276,0,1276
257559,Playing,662528,1877,12,27,0,0,8,539,0,1276,0,1276
257806,Playing,572416,1622,12,27,0,0,8,539,0,1276,0,1276
258058,Playing,482304,1367,12,27,0,0,8,539,0,1276,0,1276
258305,Playing,676864,1918,12,27,0,0,8,541,0,1276,0,1276
258553,Playing,586752,1663,12,27,0,0,8,541,0,1276,0,1276
258802,Playing,496640,1407,12,27,0,0,8,541,0,1276,0,1276
259051,Playing,414720,1175,12,27,0,0,8,541,0,1276,0,1276
259301,Playing,324608,920,12,27,0,0,8,541,0,1276,0,1276
259553,Playing,520192,1474,12,27,0,0,8,543,0,1276,0,1276
259801,Playing,430080,1219,12,27,0,0,8,543,0,1276,0,1276
260051,Playing,348160,986,12,27,0,0,8,543,0,1276,0,1276
260300,Playing,258048,731,12,27,0,0,8,543,0,1276,0,1276
260548,Playing,379904,1076,12,27,0,0,8,545,0,1276,0,1276
260798,Playing,297984,844,12,27,0,0,8,545,0,1276,0,1276
261047,Playing,207872,589,12,27,0,0,8,545,0,1276,0,1276
261297,Playing,117760,333,12,27,0,0,8,545,0,1276,0,1276
261546,Playing,258048,731,12,27,0,0,8,547,0,1276,0,1276
261795,Playing,176128,499,12,27,0,0,8,547,0,1276,0,1276
262044,Playing,86016,243,12,27,0,0,8,547,0,1276,0,1276
262293,Playing,0,0,12,27,0,0,8,547,0,1276,0,1276
262543,Buffering,230400,653,13,27,0,0,8,549,0,1276,0,1276
262791,Buffering,230400,653,13,27,0,0,8,549,0,1276,0,1276
263042,Buffering,230400,653,13,27,0,0,8,549,0,1276,0,1276
263290,Buffering,230400,653,13,27,0,0,8,549,0,1276,0,1276
263537,Buffering,429056,1216,13,28,0,0,8,551,0,1276,0,1276
263787,Buffering,338944,960,13,28,0,0,8,551,0,1276,0,1276
264035,Buffering,257024,728,13,28,0,0,8,551,0,1276,0,1276
264285,Buffering,166912,473,13,28,0,0,8,551,0,1276,0,1276
264536,Buffering,325632,922,13,28,0,0,8,553,0,1276,0,1276
264784,Buffering,235520,667,13,28,0,0,8,553,0,1276,0,1276
265032,Buffering,153600,435,13,28,0,0,8,553,0,1276,0,1276
265281,Buffering,63488,179,13,28,0,0,8,553,0,1276,0,1276
265532,Buffering,231424,655,13,28,0,0,8,555,0,1276,0,1276
265781,Buffering,149504,423,13,28,0,0,8,555,0,1276,0,1276
266031,Buffering,59392,168,13,28,0,0,8,555,0,1276,0,1276
266280,Buffering,0,0,13,28,0,0,8,555,0,1276,0,1276
266530,Buffering,258048,731,13,28,0,0,8,557,0,1276,0,1276
266778,Buffering,258048,731,13,28,0,0,8,557,0,1276,0,1276
267029,Buffering,258048,731,13,28,0,0,8,557,0,1276,0,1276
267275,Buffering,258048,731,13,28,0,0,8,557,0,1276,0,1276
267524,Buffering,519168,1471,13,29,0,0,8,559,0,1276,0,1276
267773,Buffering,429056,1216,13,29,0,0,8,559,0,1276,0,1276
268025,Buffering,338944,960,13,29,0,0,8,559,0,1276,0,1276
268270,Buffering,257024,728,13,29,0,0,8,559,0,1276,0,1276
268518,Buffering,461824,1309,13,29,0,0,8,561,0,1276,0,1276
268767,Buffering,379904,1076,13,29,0,0,8,561,0,1276,0,1276
269011,Buffering,289792,821,13,29,0,0,8,561,0,1276,0,1276
269259,Buffering,207872,589,13,29,0,0,8,561,0,1276,0,1276
269507,Buffering,117760,333,13,29,0,0,8,561,0,1276,0,1276
269757,Buffering,313344,888,13,29,0,0,8,563,0,1276,0,1276
270006,Buffering,231424,655,13,29,0,0,8,563,0,1276,0,1276
270255,Buffering,141312,400,13,29,0,0,8,563,0,1276,0,1276
270503,Buffering,346112,981,13,29,0,0,8,565,0,1276,0,1276
270751,Buffering,256000,725,13,29,0,0,8,565,0,1276,0,1276
271000,Buffering,174080,493,13,29,0,0,8,565,0,1276,0,1276
271251,Buffering,83968,238,13,29,0,0,8,565,0,1276,0,1276
271561,Playing,286720,812,13,30,0,0,8,567,0,1276,0,1276
271809,Playing,196608,557,13,30,0,0,8,567,0,1276,0,1276
272057,Playing,106496,301,13,30,0,0,8,567,0,1276,0,1276
272303,Playing,24576,69,13,30,0,0,8,567,0,1276,0,1276
272552,Playing,0,0,13,30,0,0,8,567,0,1276,0,1276
272800,Buffering,294912,835,14,30,0,0,8,569,0,1276,0,1276
273049,Buffering,294912,835,14,30,0,0,8,569,0,1276,0,1276
273299,Buffering,294912,835,14,30,0,0,8,569,0,1276,0,1276
273547,Buffering,294912,835,14,30,0,0,8,569,0,1276,0,1276
273795,Buffering,523264,1483,14,31,0,0,8,571,0,1276,0,1276
274046,Buffering,433152,1227,14,31,0,0,8,571,0,1276,0,1276
274295,Buffering,343040,972,14,31,0,0,8,571,0,1276,0,1276
274545,Buffering,261120,740,14,31,0,0,8,571,0,1276,0,1276
274794,Buffering,456704,1294,14,31,0,0,8,573,0,1276,0,1276
275042,Buffering,366592,1039,14,31,0,0,8,573,0,1276,0,1276
275292,Buffering,284672,806,14,31,0,0,8,573,0,1276,0,1276
275541,Buffering,194560,551,14,31,0,0,8,573,0,1276,0,1276
275790,Buffering,390144,1105,14,31,0,0,8,575,0,1276,0,1276
276038,Buffering,308224,873,14,31,0,0,8,575,0,1276,0,1276
276289,Buffering,218112,618,14,31,0,0,8,575,0,1276,0,1276
276538,Buffering,128000,362,14,31,0,0,8,575,0,1276,0,1276
276787,Buffering,332800,943,14,31,0,0,8,577,0,1276,0,1276
277035,Buffering,250880,711,14,31,0,0,8,577,0,1276,0,1276
277285,Buffering,160768,455,14,31,0,0,8,577,0,1276,0,1276
277533,Buffering,70656,200,14,31,0,0,8,577,0,1276,0,1276
277781,Buffering,302080,856,14,31,0,0,8,579,0,1276,0,1276
278028,Buffering,211968,600,14,31,0,0,8,579,0,1276,0,1276
278277,Buffering,121856,345,14,31,0,0,8,579,0,1276,0,1276
278524,Buffering,39936,113,14,31,0,0,8,579,0,1276,0,1276
278775,Playing,278528,789,14,32,0,0,8,581,0,1276,0,1276
279024,Playing,188416,534,14,32,0,0,8,581,0,1276,0,1276
279272,Playing,106496,301,14,32,0,0,8,581,0,1276,0,1276
279521,Playing,16384,46,14,32,0,0,8,581,0,1276,0,1276
279770,Buffering,276480,783,15,32,0,0,8,583,0,1276,0,1276
280018,Buffering,276480,783,15,32,0,0,8,583,0,1276,0,1276
280266,Buffering,276480,783,15,32,0,0,8,583,0,1276,0,1276
280514,Buffering,276480,783,15,32,0,0,8,583,0,1276,0,1276
280762,Buffering,276480,783,15,32,0,0,8,583,0,1276,0,1276
281012,Buffering,440320,1248,15,33,0,0,8,585,0,1276,0,1276
281258,Buffering,350208,992,15,33,0,0,8,585,0,1276,0,1276
281505,Buffering,268288,760,15,33,0,0,8,585,0,1276,0,1276
281755,Buffering,178176,505,15,33,0,0,8,585,0,1276,0,1276
282004,Buffering,309248,876,15,33,0,0,8,587,0,1276,0,1276
282252,Buffering,227328,644,15,33,0,0,8,587,0,1276,0,1276
282501,Buffering,137216,388,15,33,0,0,8,587,0,1276,0,1276
282811,Buffering,261120,740,15,33,0,0,8,589,0,1276,0,1276
283060,Buffering,171008,484,15,33,0,0,8,589,0,1276,0,1276
283307,Buffering,89088,252,15,33,0,0,8,589,0,1276,0,1276
283554,Buffering,0,0,15,33,0,0,8,589,0,1276,0,1276
283801,Buffering,0,0,15,33,0,0,8,589,0,1276,0,1276
284049,Buffering,239616,679,15,33,0,0,8,591,0,1276,0,1276
284300,Buffering,239616,679,15,33,0,0,8,591,0,1276,0,1276
284550,Buffering,239616,679,15,33,0,0,8,591,0,1276,0,1276
284806,Buffering,239616,679,15,33,0,0,8,591,0,1276,0,1276
285023,Buffering,431104,1221,15,34,0,0,8,593,17,1276,17,1276
285267,Buffering,340992,966,15,34,0,0,8,593,17,1276,17,1276
285583,Buffering,234496,664,15,34,0,0,8,593,17,1276,17,1276
285797,Buffering,160768,455,15,34,0,0,8,593,17,1276,17,1276
286046,Buffering,328704,931,15,34,0,0,8,595,0,1276,0,1276
286293,Buffering,238592,676,15,34,0,0,8,595,0,1276,0,1276
286545,Buffering,148480,420,15,34,0,0,8,595,0,1276,0,1276
286795,Buffering,66560,188,15,34,0,0,8,595,0,1276,0,1276
287045,Buffering,243712,690,15,34,0,0,8,597,0,1276,0,1276
287293,Buffering,153600,435,15,34,0,0,8,597,0,1276,0,1276
287543,Buffering,63488,179,15,34,0,0,8,597,0,1276,0,1276
287793,Buffering,0,0,15,34,0,0,8,597,0,1276,0,1276
288041,Reconnecting,0,0,15,35,0,0,8,598,986,1276,986,1276
288289,Reconnecting,0,0,15,35,0,0,8,598,986,1276,986,1276
288537,Reconnecting,0,0,15,35,0,0,8,598,986,1276,986,1276
288787,Reconnecting,0,0,15,35,0,0,8,598,986,1276,986,1276
289036,Reconnecting,0,0,15,35,0,0,8,598,986,1276,986,1276
289284,Reconnecting,0,0,15,35,0,0,8,598,986,1276,986,1276
289533,Reconnecting,0,0,15,35,0,0,8,598,986,1276,986,1276
289782,Reconnecting,0,0,15,35,0,0,8,598,986,1276,986,1276
290031,Reconnecting,0,0,15,35,0,0,8,598,986,1276,986,1276
290281,Reconnecting,0,0,15,35,0,0,8,598,986,1276,986,1276
290533,Reconnecting,0,0,15,35,0,0,8,598,986,1276,986,1276
290782,Reconnecting,0,0,15,35,0,0,8,598,986,1276,986,1276
291030,Reconnecting,0,0,15,35,0,0,8,598,986,1276,986,1276
291279,Reconnecting,0,0,15,35,0,0,8,598,986,1276,986,1276
291528,Reconnecting,0,0,15,35,0,0,8,598,986,1276,986,1276
291781,Reconnecting,0,0,15,35,0,0,8,598,986,1276,986,1276
292033,Reconnecting,0,0,15,35,0,0,8,598,986,1276,986,1276
292280,Reconnecting,0,0,15,35,0,0,8,598,986,1276,986,1276
292528,Reconnecting,0,0,15,35,0,0,8,598,986,1276,986,1276
292777,Reconnecting,0,0,15,35,0,0,8,598,986,1276,986,1276
293023,Reconnecting,0,0,15,35,0,0,9,598,986,1276,986,1276
293271,Reconnecting,0,0,15,35,0,0,9,598,986,1276,986,1276
293522,Reconnecting,0,0,15,35,0,0,9,598,986,1276,986,1276
293771,Reconnecting,0,0,15,35,0,0,9,604,115,1276,986,1276
294020,Reconnecting,0,0,15,35,0,0,9,604,115,1276,986,1276
294270,Reconnecting,0,0,15,35,0,0,9,604,115,1276,986,1276
294520,Reconnecting,0,0,15,35,0,0,9,604,115,1276,986,1276
294768,Reconnecting,0,0,15,35,0,0,9,604,115,1276,986,1276
295017,Reconnecting,0,0,15,35,0,0,9,604,115,1276,986,1276
295265,Reconnecting,0,0,15,35,0,0,9,604,115,1276,986,1276
295513,Reconnecting,0,0,15,35,0,0,9,604,115,1276,986,1276
295762,Reconnecting,0,0,15,35,0,0,9,604,115,1276,986,1276
296012,Reconnecting,0,0,15,35,0,0,9,604,115,1276,986,1276
296260,Reconnecting,0,0,15,35,0,0,9,604,115,1276,986,1276
296509,Reconnecting,0,0,15,35,0,0,9,604,115,1276,986,1276
296758,Reconnecting,0,0,15,35,0,0,9,604,115,1276,986,1276
297006,Reconnecting,0,0,15,35,0,0,9,604,115,1276,986,1276
297257,Reconnecting,0,0,15,35,0,0,9,604,115,1276,986,1276
297505,Reconnecting,0,0,15,35,0,0,9,604,115,1276,986,1276
297753,Reconnecting,0,0,15,35,0,0,9,604,115,1276,986,1276
298001,Reconnecting,0,0,15,35,0,0,9,604,115,1276,986,1276
298310,Reconnecting,0,0,15,35,0,0,9,604,115,1276,986,1276
298558,Reconnecting,0,0,15,35,0,0,9,604,115,1276,986,1276
298807,Reconnecting,0,0,15,35,0,0,10,604,115,1276,986,1276
299055,Reconnecting,0,0,15,35,0,0,10,604,115,1276,986,1276
299306,Reconnecting,0,0,15,35,0,0,10,604,115,1276,986,1276
299554,Reconnecting,0,0,15,35,0,0,10,610,114,1276,986,1276
299804,Reconnecting,0,0,15,35,0,0,10,610,114,1276,986,1276
300053,Reconnecting,0,0,15,35,0,0,10,610,114,1276,986,1276
300301,Reconnecting,0,0,15,35,0,0,10,610,114,1276,986,1276
300551,Reconnecting,0,0,15,35,0,0,10,610,114,1276,986,1276
300799,Reconnecting,0,0,15,35,0,0,10,610,114,1276,986,1276
301048,Reconnecting,0,0,15,35,0,0,10,610,114,1276,986,1276
301297,Reconnecting,0,0,15,35,0,0,10,610,114,1276,986,1276
301546,Reconnecting,0,0,15,35,0,0,10,610,114,1276,986,1276
301796,Reconnecting,0,0,15,35,0,0,10,610,114,1276,986,1276
302045,Reconnecting,0,0,15,35,0,0,10,610,114,1276,986,1276
302296,Reconnecting,0,0,15,35,0,0,10,610,114,1276,986,1276
302543,Reconnecting,0,0,15,35,0,0,10,610,114,1276,986,1276
302793,Reconnecting,0,0,15,35,0,0,10,610,114,1276,986,1276
303041,Reconnecting,0,0,15,35,0,0,10,610,114,1276,986,1276
303291,Reconnecting,0,0,15,35,0,0,10,610,114,1276,986,1276
303541,Reconnecting,0,0,15,35,0,0,10,610,114,1276,986,1276
303787,Reconnecting,0,0,15,35,0,0,10,610,114,1276,986,1276
304036,Reconnecting,0,0,15,35,0,0,10,610,114,1276,986,1276
304283,Reconnecting,0,0,15,35,0,0,10,610,114,1276,986,1276
304534,Reconnecting,0,0,15,35,0,0,11,610,114,1276,986,1276
304784,Reconnecting,0,0,15,35,0,0,11,610,114,1276,986,1276
305031,Reconnecting,0,0,15,35,0,0,11,610,114,1276,986,1276
305279,Reconnecting,0,0,15,35,0,0,11,615,0,1276,986,1276
305528,Reconnecting,0,0,15,35,0,0,11,616,115,1276,986,1276
305775,Reconnecting,0,0,15,35,0,0,11,616,115,1276,986,1276
306024,Reconnecting,0,0,15,35,0,0,11,616,115,1276,986,1276
306271,Reconnecting,0,0,15,35,0,0,11,616,115,1276,986,1276
306522,Reconnecting,0,0,15,35,0,0,11,616,115,1276,986,1276
306770,Reconnecting,0,0,15,35,0,0,11,616,115,1276,986,1276
307016,Reconnecting,0,0,15,35,0,0,11,616,115,1276,986,1276
307263,Reconnecting,0,0,15,35,0,0,11,616,115,1276,986,1276
307514,Reconnecting,0,0,15,35,0,0,11,616,115,1276,986,1276
307765,Reconnecting,0,0,15,35,0,0,11,616,115,1276,986,1276
308012,Reconnecting,0,0,15,35,0,0,11,616,115,1276,986,1276
308262,Reconnecting,0,0,15,35,0,0,11,616,115,1276,986,1276
308512,Reconnecting,0,0,15,35,0,0,11,616,115,1276,986,1276
308760,Reconnecting,0,0,15,35,0,0,11,616,115,1276,986,1276
309007,Reconnecting,0,0,15,35,0,0,11,616,115,1276,986,1276
309255,Reconnecting,0,0,15,35,0,0,11,616,115,1276,986,1276
309505,Reconnecting,0,0,15,35,0,0,11,616,115,1276,986,1276
309751,Reconnecting,0,0,15,35,0,0,11,616,115,1276,986,1276
310060,Reconnecting,0,0,15,35,0,0,11,616,115,1276,986,1276
310250,Reconnecting,0,0,15,35,0,0,11,616,115,1276,986,1276
310501,Reconnecting,0,0,15,35,0,0,12,616,115,1276,986,1276
310810,Reconnecting,0,0,15,35,0,0,12,616,115,1276,986,1276
311058,Reconnecting,0,0,15,35,0,0,12,616,115,1276,986,1276
311307,Playing,2497536,7079,15,35,0,0,12,637,0,1276,0,1276
311557,Playing,2407424,6823,15,35,0,0,12,637,0,1276,0,1276
311806,Playing,2317312,6568,15,35,0,0,12,637,0,1276,0,1276
312057,Playing,2235392,6336,15,35,0,0,12,637,0,1276,0,1276
312305,Playing,2421760,6864,15,35,0,0,12,639,0,1276,0,1276
312554,Playing,2331648,6608,15,35,0,0,12,639,0,1276,0,1276
312805,Playing,2249728,6376,15,35,0,0,12,639,0,1276,0,1276
313052,Playing,2159616,6121,15,35,0,0,12,639,0,1276,0,1276
313302,Playing,2069504,5865,15,35,0,0,12,639,0,1276,0,1276
313551,Playing,2264064,6417,15,35,0,0,12,641,0,1276,0,1276
313798,Playing,2173952,6161,15,35,0,0,12,641,0,1276,0,1276
314046,Playing,2083840,5906,15,35,0,0,12,641,0,1276,0,1276
314294,Playing,2001920,5674,15,35,0,0,12,641,0,1276,0,1276
314544,Playing,1911808,5418,15,35,0,0,12,641,0,1276,0,1276
314794,Playing,2033664,5764,15,35,0,0,12,643,0,1276,0,1276
315042,Playing,1951744,5532,15,35,0,0,12,643,0,1276,0,1276
315292,Playing,1861632,5276,15,35,0,0,12,643,0,1276,0,1276
315537,Playing,1771520,5021,15,35,0,0,12,643,0,1276,0,1276
315786,Playing,1920000,5442,15,35,0,0,12,645,0,1276,0,1276
316034,Playing,1829888,5186,15,35,0,0,12,645,0,1276,0,1276
316284,Playing,1739776,4931,15,35,0,0,12,645,0,1276,0,1276
316537,Playing,1898496,5381,15,35,0,0,12,647,0,1276,0,1276
316785,Playing,1816576,5149,15,35,0,0,12,647,0,1276,0,1276
317033,Playing,1726464,4893,15,35,0,0,12,647,0,1276,0,1276
317280,Playing,1644544,4661,15,35,0,0,12,647,0,1276,0,1276
317529,Playing,1821696,5163,15,35,0,0,12,649,0,1276,0,1276
317778,Playing,1731584,4908,15,35,0,0,12,649,0,1276,0,1276
318026,Playing,1649664,4675,15,35,0,0,12,649,0,1276,0,1276
318276,Playing,1559552,4420,15,35,0,0,12,649,0,1276,0,1276
318525,Playing,1718272,4870,15,35,0,0,12,651,0,1276,0,1276
318772,Playing,1628160,4614,15,35,0,0,12,651,0,1276,0,1276
319021,Playing,1546240,4382,15,35,0,0,12,651,0,1276,0,1276
319270,Playing,1456128,4127,15,35,0,0,12,651,0,1276,0,1276
319520,Playing,1366016,3871,15,35,0,0,12,651,0,1276,0,1276
319768,Playing,1532928,4345,15,35,0,0,12,653,0,1276,0,1276
320017,Playing,1442816,4089,15,35,0,0,12,653,0,1276,0,1276
320266,Playing,1352704,3834,15,35,0,0,12,653,0,1276,0,1276
320517,Playing,1270784,3601,15,35,0,0,12,653,0,1276,0,1276
320764,Playing,1457152,4130,15,35,0,0,12,655,0,1276,0,1276
321013,Playing,1367040,3874,15,35,0,0,12,655,0,1276,0,1276
321262,Playing,1285120,3642,15,35,0,0,12,655,0,1276,0,1276
321508,Playing,1195008,3387,15,35,0,0,12,655,0,1276,0,1276
321758,Playing,1381376,3915,15,35,0,0,12,657,0,1276,0,1276
322007,Playing,1299456,3683,15,35,0,0,12,657,0,1276,0,1276
322257,Playing,1209344,3427,15,35,0,0,12,657,0,1276,0,1276
322507,Playing,1119232,3172,15,35,0,0,12,657,0,1276,0,1276
322757,Playing,1333248,3779,15,35,0,0,12,659,0,1276,0,1276
323004,Playing,1251328,3546,15,35,0,0,12,659,0,1276,0,1276
323250,Playing,1161216,3291,15,35,0,0,12,659,0,1276,0,1276
323559,Playing,1054720,2989,15,35,0,0,12,659,0,1276,0,1276
323807,Playing,1250304,3543,15,35,0,0,12,661,0,1276,0,1276
324055,Playing,1168384,3311,15,35,0,0,12,661,0,1276,0,1276
324305,Playing,1078272,3056,15,35,0,0,12,661,0,1276,0,1276
324554,Playing,988160,2800,15,35,0,0,12,661,0,1276,0,1276
324804,Playing,1201152,3404,15,35,0,0,12,663,0,1276,0,1276
325053,Playing,1111040,3149,15,35,0,0,12,663,0,1276,0,1276
325300,Playing,1020928,2893,15,35,0,0,12,663,0,1276,0,1276
325553,Playing,930816,2638,15,35,0,0,12,663,0,1276,0,1276
325798,Playing,1143808,3242,15,35,0,0,12,665,0,1276,0,1276
326046,Playing,1053696,2986,15,35,0,0,12,665,0,1276,0,1276
326295,Playing,971776,2754,15,35,0,0,12,665,0,1276,0,1276
326545,Playing,881664,2499,15,35,0,0,12,665,0,1276,0,1276
326793,Playing,791552,2243,15,35,0,0,12,665,0,1276,0,1276
327042,Playing,1004544,2847,15,35,0,0,12,667,0,1276,0,1276
327291,Playing,914432,2591,15,35,0,0,12,667,0,1276,0,1276
327541,Playing,824320,2336,15,35,0,0,12,667,0,1276,0,1276
327790,Playing,1029120,2917,15,35,0,0,12,669,0,1276,0,1276
328037,Playing,947200,2684,15,35,0,0,12,669,0,1276,0,1276
328284,Playing,857088,2429,15,35,0,0,12,669,0,1276,0,1276
328534,Playing,766976,2173,15,35,0,0,12,669,0,1276,0,1276
328780,Playing,970752,2751,15,35,0,0,12,671,0,1276,0,1276
329030,Playing,880640,2496,15,35,0,0,12,671,0,1276,0,1276
329278,Playing,798720,2263,15,35,0,0,12,671,0,1276,0,1276
329524,Playing,708608,2008,15,35,0,0,12,671,0,1276,0,1276
329771,Playing,904192,2562,15,35,0,0,12,673,0,1276,0,1276
330019,Playing,822272,2330,15,35,0,0,12,673,0,1276,0,1276
330267,Playing,732160,2075,15,35,0,0,12,673,0,1276,0,1276
330515,Playing,650240,1843,15,35,0,0,12,673,0,1276,0,1276
330765,Playing,855040,2423,15,35,0,0,12,675,0,1276,0,1276
331013,Playing,764928,2168,15,35,0,0,12,675,0,1276,0,1276
331260,Playing,683008,1935,15,35,0,0,12,675,0,1276,0,1276
331509,Playing,592896,1680,15,35,0,0,12,675,0,1276,0,1276
331754,Playing,502784,1425,15,35,0,0,12,675,0,1276,0,1276
332003,Playing,697344,1976,15,35,0,0,12,677,0,1276,0,1276
332252,Playing,607232,1721,15,35,0,0,12,677,0,1276,0,1276
332501,Playing,517120,1465,15,35,0,0,12,677,0,1276,0,1276
332812,Playing,410624,1163,15,35,0,0,12,677,0,1276,0,1276
333058,Playing,624640,1770,15,35,0,0,12,679,0,1276,0,1276
333309,Playing,542720,1538,15,35,0,0,12,679,0,1276,0,1276
333557,Playing,452608,1282,15,35,0,0,12,679,0,1276,0,1276
333805,Playing,362496,1027,15,35,0,0,12,679,0,1276,0,1276
334053,Playing,557056,1578,15,35,0,0,12,681,0,1276,0,1276
334305,Playing,466944,1323,15,35,0,0,12,681,0,1276,0,1276
334553,Playing,376832,1068,15,35,0,0,12,681,0,1276,0,1276
334801,Playing,286720,812,15,35,0,0,12,681,0,1276,0,1276
335058,Playing,473088,1340,15,35,0,0,12,683,0,1276,0,1276
335298,Playing,391168,1108,15,35,0,0,12,683,0,1276,0,1276
335548,Playing,301056,853,15,35,0,0,12,683,0,1276,0,1276
335795,Playing,219136,621,15,35,0,0,12,683,0,1276,0,1276
336050,Playing,340992,966,15,35,0,0,12,685,0,1276,0,1276
336291,Playing,250880,711,15,35,0,0,12,685,0,1276,0,1276
336539,Playing,168960,478,15,35,0,0,12,685,0,1276,0,1276
336787,Playing,78848,223,15,35,0,0,12,685,0,1276,0,1276
337035,Buffering,221184,626,16,35,0,0,12,687,0,1276,0,1276
337283,Buffering,221184,626,16,35,0,0,12,687,0,1276,0,1276
337533,Buffering,221184,626,16,35,0,0,12,687,0,1276,0,1276
337782,Buffering,221184,626,16,35,0,0,12,687,0,1276,0,1276
338032,Buffering,435200,1233,16,36,0,0,12,689,0,1276,0,1276
338279,Buffering,353280,1001,16,36,0,0,12,689,0,1276,0,1276
338530,Buffering,263168,745,16,36,0,0,12,689,0,1276,0,1276
338778,Buffering,173056,490,16,36,0,0,12,689,0,1276,0,1276
339026,Buffering,339968,963,16,36,0,0,12,691,0,1276,0,1276
339275,Buffering,249856,708,16,36,0,0,12,691,0,1276,0,1276
339524,Buffering,159744,452,16,36,0,0,12,691,0,1276,0,1276
339773,Buffering,77824,220,16,36,0,0,12,691,0,1276,0,1276
340025,Buffering,0,0,16,36,0,0,12,691,0,1276,0,1276
340270,Buffering,267264,757,16,36,0,0,12,693,0,1276,0,1276
340520,Buffering,267264,757,16,36,0,0,12,693,0,1276,0,1276
340769,Buffering,267264,757,16,36,0,0,12,693,0,1276,0,1276
341017,Buffering,267264,757,16,36,0,0,12,693,0,1276,0,1276
341264,Buffering,518144,1468,16,37,0,0,12,695,0,1276,0,1276
341511,Buffering,428032,1213,16,37,0,0,12,695,0,1276,0,1276
341762,Buffering,337920,957,16,37,0,0,12,695,0,1276,0,1276
342011,Buffering,256000,725,16,37,0,0,12,695,0,1276,0,1276
342259,Buffering,433152,1227,16,37,0,0,12,697,0,1276,0,1276
342509,Buffering,343040,972,16,37,0,0,12,697,0,1276,0,1276
342757,Buffering,261120,740,16,37,0,0,12,697,0,1276,0,1276
343005,Buffering,171008,484,16,37,0,0,12,697,0,1276,0,1276
343254,Buffering,375808,1065,16,37,0,0,12,699,0,1276,0,1276
343503,Buffering,293888,833,16,37,0,0,12,699,0,1276,0,1276
343751,Buffering,203776,577,16,37,0,0,12,699,0,1276,0,1276
344000,Buffering,113664,322,16,37,0,0,12,699,0,1276,0,1276
344309,Buffering,292864,830,16,37,0,0,12,701,0,1276,0,1276
344561,Buffering,202752,574,16,37,0,0,12,701,0,1276,0,1276
344808,Buffering,120832,342,16,37,0,0,12,701,0,1276,0,1276
345059,Buffering,30720,87,16,37,0,0,12,701,0,1276,0,1276
345306,Playing,228352,647,16,38,0,0,12,703,0,1276,0,1276
345556,Playing,138240,391,16,38,0,0,12,703,0,1276,0,1276
345804,Playing,56320,159,16,38,0,0,12,703,0,1276,0,1276
346053,Playing,0,0,16,38,0,0,12,703,0,1276,0,1276
346303,Buffering,304128,862,17,38,0,0,12,705,0,1276,0,1276
346550,Buffering,304128,862,17,38,0,0,12,705,0,1276,0,1276
346801,Buffering,304128,862,17,38,0,0,12,705,0,1276,0,1276
347049,Buffering,304128,862,17,38,0,0,12,705,0,1276,0,1276
347299,Buffering,304128,862,17,38,0,0,12,705,0,1276,0,1276
347546,Buffering,525312,1488,17,39,0,0,12,707,0,1276,0,1276
347796,Buffering,435200,1233,17,39,0,0,12,707,0,1276,0,1276
348044,Buffering,345088,978,17,39,0,0,12,707,0,1276,0,1276
348291,Buffering,567296,1607,17,39,0,0,12,709,0,1276,0,1276
348538,Buffering,477184,1352,17,39,0,0,12,709,0,1276,0,1276
348786,Buffering,395264,1120,17,39,0,0,12,709,0,1276,0,1276
349036,Buffering,305152,864,17,39,0,0,12,709,0,1276,0,1276
349284,Buffering,491520,1393,17,39,0,0,12,711,0,1276,0,1276
349532,Buffering,409600,1160,17,39,0,0,12,711,0,1276,0,1276
349782,Buffering,319488,905,17,39,0,0,12,711,0,1276,0,1276
350032,Buffering,229376,650,17,39,0,0,12,711,0,1276,0,1276
350281,Buffering,433152,1227,17,39,0,0,12,713,0,1276,0,1276
350529,Buffering,343040,972,17,39,0,0,12,713,0,1276,0,1276
350779,Buffering,252928,716,17,39,0,0,12,713,0,1276,0,1276
351030,Buffering,162816,461,17,39,0,0,12,713,0,1276,0,1276
351281,Buffering,80896,229,17,39,0,0,12,713,0,1276,0,1276
351530,Buffering,267264,757,17,39,0,0,12,715,0,1276,0,1276
351778,Buffering,177152,502,17,39,0,0,12,715,0,1276,0,1276
352024,Buffering,95232,269,17,39,0,0,12,715,0,1276,0,1276
352270,Buffering,281600,798,17,39,0,0,12,717,0,1276,0,1276
352519,Buffering,191488,542,17,39,0,0,12,717,0,1276,0,1276
352768,Buffering,109568,310,17,39,0,0,12,717,0,1276,0,1276
353017,Buffering,19456,55,17,39,0,0,12,717,0,1276,0,1276
353266,Buffering,0,0,17,39,0,0,12,717,0,1276,0,1276
353518,Playing,261120,740,17,40,0,0,12,719,0,1276,0,1276
353767,Playing,179200,507,17,40,0,0,12,719,0,1276,0,1276
354015,Playing,89088,252,17,40,0,0,12,719,0,1276,0,1276
354262,Playing,0,0,17,40,0,0,12,719,0,1276,0,1276
354509,Buffering,276480,783,18,40,0,0,12,721,0,1276,0,1276
354761,Buffering,276480,783,18,40,0,0,12,721,0,1276,0,1276
355012,Buffering,276480,783,18,40,0,0,12,721,0,1276,0,1276
355261,Buffering,276480,783,18,40,0,0,12,721,0,1276,0,1276
355511,Buffering,529408,1500,18,41,0,0,12,723,0,1276,0,1276
355758,Buffering,439296,1245,18,41,0,0,12,723,0,1276,0,1276
356007,Buffering,357376,1012,18,41,0,0,12,723,0,1276,0,1276
356256,Buffering,267264,757,18,41,0,0,12,723,0,1276,0,1276
356505,Buffering,389120,1102,18,41,0,0,12,725,0,1276,0,1276
356754,Buffering,299008,847,18,41,0,0,12,725,0,1276,0,1276
357003,Buffering,217088,615,18,41,0,0,12,725,0,1276,0,1276
357253,Buffering,126976,359,18,41,0,0,12,725,0,1276,0,1276
357560,Buffering,250880,711,18,41,0,0,12,727,0,1276,0,1276
357808,Buffering,160768,455,18,41,0,0,12,727,0,1276,0,1276
358057,Buffering,78848,223,18,41,0,0,12,727,0,1276,0,1276
358305,Buffering,0,0,18,41,0,0,12,727,0,1276,0,1276
358553,Buffering,230400,653,18,41,0,0,12,729,0,1276,0,1276
358800,Buffering,230400,653,18,41,0,0,12,729,0,1276,0,1276
359047,Buffering,230400,653,18,41,0,0,12,729,0,1276,0,1276
359295,Buffering,230400,653,18,41,0,0,12,729,0,1276,0,1276
359545,Buffering,445440,1262,18,42,0,0,12,731,0,1276,1,1276
359792,Buffering,355328,1007,18,42,0,0,12,731,0,1276,1,1276
360043,Buffering,265216,751,18,42,0,0,12,731,0,1276,1,1276
360293,Buffering,183296,519,18,42,0,0,12,731,0,1276,1,1276
360542,Buffering,342016,969,18,42,0,0,12,733,0,1276,0,1276
360791,Buffering,251904,714,18,42,0,0,12,733,0,1276,0,1276
361037,Buffering,169984,481,18,42,0,0,12,733,0,1276,0,1276
361286,Buffering,79872,226,18,42,0,0,12,733,0,1276,0,1276
361536,Buffering,0,0,18,42,0,0,12,733,0,1276,0,1276
361787,Reconnecting,0,0,18,43,0,0,12,734,1099,1276,1100,1276
362033,Reconnecting,0,0,18,43,0,0,12,734,1099,1276,1100,1276
362285,Reconnecting,0,0,18,43,0,0,12,734,1099,1276,1100,1276
362534,Reconnecting,0,0,18,43,0,0,12,734,1099,1276,1100,1276
362786,Reconnecting,0,0,18,43,0,0,12,734,1099,1276,1100,1276
363036,Reconnecting,0,0,18,43,0,0,12,734,1099,1276,1100,1276
363285,Reconnecting,0,0,18,43,0,0,12,734,1099,1276,1100,1276
363530,Reconnecting,0,0,18,43,0,0,12,734,1099,1276,1100,1276
363779,Reconnecting,0,0,18,43,0,0,12,734,1099,1276,1100,1276
364028,Reconnecting,0,0,18,43,0,0,12,734,1099,1276,1100,1276
364277,Reconnecting,0,0,18,43,0,0,12,734,1099,1276,1100,1276
364525,Reconnecting,0,0,18,43,0,0,12,734,1099,1276,1100,1276
364772,Reconnecting,0,0,18,43,0,0,12,734,1099,1276,1100,1276
365020,Reconnecting,0,0,18,43,0,0,12,734,1099,1276,1100,1276
365267,Reconnecting,0,0,18,43,0,0,12,734,1099,1276,1100,1276
365518,Reconnecting,0,0,18,43,0,0,12,734,1099,1276,1100,1276
365766,Reconnecting,0,0,18,43,0,0,12,734,1099,1276,1100,1276
366015,Reconnecting,0,0,18,43,0,0,12,734,1099,1276,1100,1276
366263,Reconnecting,0,0,18,43,0,0,12,734,1099,1276,1100,1276
366511,Reconnecting,0,0,18,43,0,0,12,734,1099,1276,1100,1276
366759,Reconnecting,0,0,18,43,0,0,13,734,1099,1276,1100,1276
367007,Reconnecting,0,0,18,43,0,0,13,734,1099,1276,1100,1276
367257,Reconnecting,460800,1306,18,43,0,0,13,739,0,1276,0,1276
367504,Playing,2691072,7627,18,43,0,0,13,755,0,1276,0,1276
367754,Playing,2600960,7372,18,43,0,0,13,755,0,1276,0,1276
368003,Playing,2510848,7116,18,43,0,0,13,755,0,1276,0,1276
368254,Playing,2420736,6861,18,43,0,0,13,755,0,1276,0,1276
368503,Playing,2633728,7465,18,43,0,0,13,757,0,1276,0,1276
368751,Playing,2543616,7209,18,43,0,0,13,757,0,1276,0,1276
369002,Playing,2453504,6954,18,43,0,0,13,757,0,1276,0,1276
369251,Playing,2371584,6722,18,43,0,0,13,757,0,1276,0,1276
369561,Playing,2542592,7206,18,43,0,0,13,759,0,1276,0,1276
369807,Playing,2460672,6974,18,43,0,0,13,759,0,1276,0,1276
370059,Playing,2370560,6719,18,43,0,0,13,759,0,1276,0,1276
370307,Playing,2280448,6463,18,43,0,0,13,759,0,1276,0,1276
370558,Playing,2419712,6858,18,43,0,0,13,761,0,1276,0,1276
370814,Playing,2329600,6603,18,43,0,0,13,761,0,1276,0,1276
371057,Playing,2239488,6347,18,43,0,0,13,761,0,1276,0,1276
371304,Playing,2157568,6115,18,43,0,0,13,761,0,1276,0,1276
371555,Playing,2067456,5860,18,43,0,0,13,761,0,1276,0,1276
371803,Playing,2226176,6310,18,43,0,0,13,763,0,1276,0,1276
372022,Playing,2152448,6101,18,43,0,0,13,763,0,1276,0,1276
372271,Playing,2062336,5845,18,43,0,0,13,763,0,1276,0,1276
372550,Playing,1964032,5566,18,43,0,0,13,763,0,1276,0,1276
372799,Playing,2113536,5990,18,43,0,0,13,765,17,1276,17,1276
373003,Playing,2048000,5804,18,43,0,0,13,765,17,1276,17,1276
373253,Playing,1957888,5549,18,43,0,0,13,765,17,1276,17,1276
373506,Playing,1867776,5294,18,43,0,0,13,765,17,1276,17,1276
373811,Playing,2028544,5749,18,43,0,0,13,767,0,1276,0,1276
374060,Playing,1938432,5494,18,43,0,0,13,767,0,1276,0,1276
374311,Playing,1848320,5239,18,43,0,0,13,767,0,1276,0,1276
374561,Playing,1766400,5006,18,43,0,0,13,767,0,1276,0,1276
374809,Playing,1925120,5456,18,43,0,0,13,769,0,1276,0,1276
375058,Playing,1835008,5201,18,43,0,0,13,769,0,1276,0,1276
375307,Playing,1753088,4969,18,43,0,0,13,769,0,1276,0,1276
375557,Playing,1662976,4713,18,43,0,0,13,769,0,1276,0,1276
375806,Playing,1830912,5189,18,43,0,0,13,771,0,1276,0,1276
376053,Playing,1748992,4957,18,43,0,0,13,771,0,1276,0,1276
376302,Playing,1658880,4702,18,43,0,0,13,771,0,1276,0,1276
376549,Playing,1568768,4446,18,43,0,0,13,771,0,1276,0,1276
376797,Playing,1754112,4971,18,43,0,0,13,773,0,1276,0,1276
377044,Playing,1664000,4716,18,43,0,0,13,773,0,1276,0,1276
377292,Playing,1573888,4461,18,43,0,0,13,773,0,1276,0,1276
377539,Playing,1491968,4228,18,43,0,0,13,773,0,1276,0,1276
377789,Playing,1678336,4757,18,43,0,0,13,775,0,1276,0,1276
378036,Playing,1588224,4501,18,43,0,0,13,775,0,1276,0,1276
378287,Playing,1506304,4269,18,43,0,0,13,775,0,1276,0,1276
378538,Playing,1416192,4014,18,43,0,0,13,775,0,1276,0,1276
378787,Playing,1630208,4620,18,43,0,0,13,777,0,1276,0,1276
379036,Playing,1548288,4388,18,43,0,0,13,777,0,1276,0,1276
379286,Playing,1458176,4133,18,43,0,0,13,777,0,1276,0,1276
379536,Playing,1368064,3877,18,43,0,0,13,777,0,1276,0,1276
379783,Playing,1590272,4507,18,43,0,0,13,779,0,1276,0,1276
380029,Playing,1500160,4252,18,43,0,0,13,779,0,1276,0,1276
380281,Playing,1410048,3996,18,43,0,0,13,779,0,1276,0,1276
380527,Playing,1328128,3764,18,43,0,0,13,779,0,1276,0,1276
380776,Playing,1532928,4345,18,43,0,0,13,781,0,1276,0,1276
381024,Playing,1442816,4089,18,43,0,0,13,781,0,1276,0,1276
381274,Playing,1360896,3857,18,43,0,0,13,781,0,1276,0,1276
381521,Playing,1270784,3601,18,43,0,0,13,781,0,1276,0,1276
381775,Playing,1180672,3346,18,43,0,0,13,781,0,1276,0,1276
382023,Playing,1385472,3927,18,43,0,0,13,783,0,1276,0,1276
382273,Playing,1303552,3694,18,43,0,0,13,783,0,1276,0,1276
382522,Playing,1213440,3439,18,43,0,0,13,783,0,1276,0,1276
382769,Playing,1123328,3184,18,43,0,0,13,783,0,1276,0,1276
383022,Playing,1336320,3787,18,43,0,0,13,785,0,1276,0,1276
383267,Playing,1246208,3532,18,43,0,0,13,785,0,1276,0,1276
383515,Playing,1156096,3276,18,43,0,0,13,785,0,1276,0,1276
383764,Playing,1074176,3044,18,43,0,0,13,785,0,1276,0,1276
384010,Playing,1288192,3651,18,43,0,0,13,787,0,1276,0,1276
384260,Playing,1198080,3395,18,43,0,0,13,787,0,1276,0,1276
384507,Playing,1116160,3163,18,43,0,0,13,787,0,1276,0,1276
384757,Playing,1026048,2908,18,43,0,0,13,787,0,1276,0,1276
385007,Playing,1230848,3488,18,43,0,0,13,789,0,1276,0,1276
385256,Playing,1148928,3256,18,43,0,0,13,789,0,1276,0,1276
385506,Playing,1058816,3001,18,43,0,0,13,789,0,1276,0,1276
385753,Playing,968704,2745,18,43,0,0,13,789,0,1276,0,1276
386002,Playing,1163264,3297,18,43,0,0,13,791,0,1276,0,1276
386250,Playing,1073152,3041,18,43,0,0,13,791,0,1276,0,1276
386500,Playing,983040,2786,18,43,0,0,13,791,0,1276,0,1276
386811,Playing,876544,2484,18,43,0,0,13,791,0,1276,0,1276
387059,Playing,1062912,3012,18,43,0,0,13,793,0,1276,0,1276
387310,Playing,972800,2757,18,43,0,0,13,793,0,1276,0,1276
387558,Playing,890880,2525,18,43,0,0,13,793,0,1276,0,1276
387807,Playing,800768,2269,18,43,0,0,13,793,0,1276,0,1276
388055,Playing,987136,2798,18,43,0,0,13,795,0,1276,0,1276
388303,Playing,905216,2565,18,43,0,0,13,795,0,1276,0,1276
388553,Playing,815104,2310,18,43,0,0,13,795,0,1276,0,1276
388800,Playing,724992,2054,18,43,0,0,13,795,0,1276,0,1276
389049,Playing,643072,1822,18,43,0,0,13,795,0,1276,0,1276
389299,Playing,838656,2377,18,43,0,0,13,797,0,1276,0,1276
389545,Playing,748544,2121,18,43,0,0,13,797,0,1276,0,1276
389792,Playing,666624,1889,18,43,0,0,13,797,0,1276,0,1276
390041,Playing,852992,2417,18,43,0,0,13,799,0,1276,0,1276
390289,Playing,762880,2162,18,43,0,0,13,799,0,1276,0,1276
390539,Playing,680960,1930,18,43,0,0,13,799,0,1276,0,1276
390787,Playing,590848,1674,18,43,0,0,13,799,0,1276,0,1276
391037,Playing,777216,2202,18,43,0,0,13,801,0,1276,0,1276
391287,Playing,687104,1947,18,43,0,0,13,801,0,1276,0,1276
391536,Playing,605184,1715,18,43,0,0,13,801,0,1276,0,1276
391786,Playing,515072,1459,18,43,0,0,13,801,0,1276,0,1276
392034,Playing,636928,1805,18,43,0,0,13,803,0,1276,0,1276
392284,Playing,555008,1573,18,43,0,0,13,803,0,1276,0,1276
392532,Playing,464896,1317,18,43,0,0,13,803,0,1276,0,1276
392783,Playing,374784,1062,18,43,0,0,13,803,0,1276,0,1276
393030,Playing,292864,830,18,43,0,0,13,803,0,1276,0,1276
393299,Playing,415744,1178,18,43,0,0,13,805,0,1276,0,1276
393542,Playing,333824,946,18,43,0,0,13,805,0,1276,0,1276
393790,Playing,243712,690,18,43,0,0,13,805,0,1276,0,1276
394038,Playing,153600,435,18,43,0,0,13,805,0,1276,0,1276
394287,Playing,302080,856,18,43,0,0,13,807,0,1276,0,1276
394536,Playing,211968,600,18,43,0,0,13,807,0,1276,0,1276
394785,Playing,121856,345,18,43,0,0,13,807,0,1276,0,1276
395035,Playing,31744,89,18,43,0,0,13,807,0,1276,0,1276
395283,Buffering,239616,679,19,43,0,0,13,809,0,1276,0,1276
395532,Buffering,239616,679,19,43,0,0,13,809,0,1276,0,1276
395781,Buffering,239616,679,19,43,0,0,13,809,0,1276,0,1276
396031,Buffering,239616,679,19,43,0,0,13,809,0,1276,0,1276
396282,Buffering,447488,1268,19,44,0,0,13,811,0,1276,0,1276
396530,Buffering,357376,1012,19,44,0,0,13,811,0,1276,0,1276
396778,Buffering,275456,780,19,44,0,0,13,811,0,1276,0,1276
397028,Buffering,185344,525,19,44,0,0,13,811,0,1276,0,1276
397275,Buffering,353280,1001,19,44,0,0,13,813,0,1276,0,1276
397522,Buffering,271360,769,19,44,0,0,13,813,0,1276,0,1276
397769,Buffering,181248,513,19,44,0,0,13,813,0,1276,0,1276
398019,Buffering,91136,258,19,44,0,0,13,813,0,1276,0,1276
398267,Buffering,267264,757,19,44,0,0,13,815,0,1276,0,1276
398515,Buffering,177152,502,19,44,0,0,13,815,0,1276,0,1276
398763,Buffering,87040,246,19,44,0,0,13,815,0,1276,0,1276
399012,Buffering,5120,14,19,44,0,0,13,815,0,1276,0,1276
399261,Buffering,276480,783,19,44,0,0,13,817,0,1276,0,1276
399511,Buffering,276480,783,19,44,0,0,13,817,0,1276,0,1276
399760,Buffering,276480,783,19,44,0,0,13,817,0,1276,0,1276
400012,Buffering,276480,783,19,44,0,0,13,817,0,1276,0,1276
400259,Buffering,545792,1547,19,45,0,0,13,819,0,1276,0,1276
400509,Buffering,455680,1291,19,45,0,0,13,819,0,1276,0,1276
400759,Buffering,373760,1059,19,45,0,0,13,819,0,1276,0,1276
401007,Buffering,283648,803,19,45,0,0,13,819,0,1276,0,1276
401257,Buffering,193536,548,19,45,0,0,13,819,0,1276,0,1276
401509,Buffering,389120,1102,19,45,0,0,13,821,0,1276,0,1276
401757,Buffering,307200,870,19,45,0,0,13,821,0,1276,0,1276
402007,Buffering,217088,615,19,45,0,0,13,821,0,1276,0,1276
402254,Buffering,126976,359,19,45,0,0,13,821,0,1276,0,1276
402504,Buffering,339968,963,19,45,0,0,13,823,0,1276,0,1276
402751,Buffering,249856,708,19,45,0,0,13,823,0,1276,0,1276
403063,Buffering,143360,406,19,45,0,0,13,823,0,1276,0,1276
403250,Buffering,77824,220,19,45,0,0,13,823,0,1276,0,1276
403561,Buffering,258048,731,19,45,0,0,13,825,0,1276,0,1276
403810,Buffering,176128,499,19,45,0,0,13,825,0,1276,0,1276
404060,Buffering,86016,243,19,45,0,0,13,825,0,1276,0,1276
404250,Buffering,20480,58,19,45,0,0,13,825,0,1276,0,1276
404561,Playing,254976,722,19,46,0,0,13,827,0,1276,0,1276
404808,Playing,173056,490,19,46,0,0,13,827,0,1276,0,1276
405057,Playing,82944,235,19,46,0,0,13,827,0,1276,0,1276
405306,Playing,0,0,19,46,0,0,13,827,0,1276,0,1276
405555,Buffering,294912,835,20,46,0,0,13,829,0,1276,0,1276
405807,Buffering,294912,835,20,46,0,0,13,829,0,1276,0,1276
406056,Buffering,294912,835,20,46,0,0,13,829,0,1276,0,1276
406304,Buffering,294912,835,20,46,0,0,13,829,0,1276,0,1276
406553,Buffering,522240,1480,20,47,0,0,13,831,0,1276,0,1276
406803,Buffering,432128,1224,20,47,0,0,13,831,0,1276,0,1276
407052,Buffering,342016,969,20,47,0,0,13,831,0,1276,0,1276
407300,Buffering,260096,737,20,47,0,0,13,831,0,1276,0,1276
407550,Buffering,446464,1265,20,47,0,0,13,833,0,1276,0,1276
407798,Buffering,356352,1010,20,47,0,0,13,833,0,1276,0,1276
408047,Buffering,274432,777,20,47,0,0,13,833,0,1276,0,1276
408296,Buffering,184320,522,20,47,0,0,13,833,0,1276,0,1276
408544,Buffering,389120,1102,20,47,0,0,13,835,0,1276,0,1276
408792,Buffering,307200,870,20,47,0,0,13,835,0,1276,0,1276
409040,Buffering,217088,615,20,47,0,0,13,835,0,1276,0,1276
409290,Buffering,126976,359,20,47,0,0,13,835,0,1276,0,1276
409540,Buffering,313344,888,20,47,0,0,13,837,0,1276,0,1276
409790,Buffering,231424,655,20,47,0,0,13,837,0,1276,0,1276
410040,Buffering,141312,400,20,47,0,0,13,837,0,1276,0,1276
410289,Buffering,51200,145,20,47,0,0,13,837,0,1276,0,1276
410537,Playing,278528,789,20,48,0,0,13,839,0,1276,0,1276
410787,Playing,188416,534,20,48,0,0,13,839,0,1276,0,1276
411038,Playing,98304,278,20,48,0,0,13,839,0,1276,0,1276
411288,Playing,8192,23,20,48,0,0,13,839,0,1276,0,1276
411535,Buffering,276480,783,21,48,0,0,13,841,0,1276,0,1276
411783,Buffering,276480,783,21,48,0,0,13,841,0,1276,0,1276
412031,Buffering,276480,783,21,48,0,0,13,841,0,1276,0,1276
412279,Buffering,276480,783,21,48,0,0,13,841,0,1276,0,1276
412528,Buffering,276480,783,21,48,0,0,13,841,0,1276,0,1276
412778,Buffering,480256,1361,21,49,0,0,13,843,0,1276,0,1276
413027,Buffering,390144,1105,21,49,0,0,13,843,0,1276,0,1276
413275,Buffering,300032,850,21,49,0,0,13,843,0,1276,0,1276
413523,Buffering,430080,1219,21,49,0,0,13,845,0,1276,0,1276
413772,Buffering,339968,963,21,49,0,0,13,845,0,1276,0,1276
414020,Buffering,249856,708,21,49,0,0,13,845,0,1276,0,1276
414270,Buffering,167936,476,21,49,0,0,13,845,0,1276,0,1276
414516,Buffering,77824,220,21,49,0,0,13,845,0,1276,0,1276
414765,Buffering,208896,592,21,49,0,0,13,847,0,1276,0,1276
415015,Buffering,126976,359,21,49,0,0,13,847,0,1276,0,1276
415262,Buffering,36864,104,21,49,0,0,13,847,0,1276,0,1276
415510,Buffering,0,0,21,49,0,0,13,847,0,1276,0,1276
415758,Buffering,239616,679,21,49,0,0,13,849,0,1276,0,1276
416006,Buffering,239616,679,21,49,0,0,13,849,0,1276,0,1276
416253,Buffering,239616,679,21,49,0,0,13,849,0,1276,0,1276
416504,Buffering,239616,679,21,49,0,0,13,849,0,1276,0,1276
416752,Buffering,440320,1248,21,50,0,0,13,851,0,1276,0,1276
417061,Buffering,333824,946,21,50,0,0,13,851,0,1276,0,1276
417312,Buffering,243712,690,21,50,0,0,13,851,0,1276,0,1276
417561,Buffering,402432,1140,21,50,0,0,13,853,0,1276,0,1276
417810,Buffering,312320,885,21,50,0,0,13,853,0,1276,0,1276
418061,Buffering,230400,653,21,50,0,0,13,853,0,1276,0,1276
418311,Buffering,140288,397,21,50,0,0,13,853,0,1276,0,1276
418557,Buffering,50176,142,21,50,0,0,13,853,0,1276,0,1276
418808,Buffering,217088,615,21,50,0,0,13,855,0,1276,0,1276
419056,Buffering,126976,359,21,50,0,0,13,855,0,1276,0,1276
419303,Buffering,36864,104,21,50,0,0,13,855,0,1276,0,1276
419552,Buffering,0,0,21,50,0,0,13,855,0,1276,0,1276
419802,Reconnecting,0,0,21,51,0,0,13,856,1137,1276,1137,1276
420052,Reconnecting,0,0,21,51,0,0,13,856,1137,1276,1137,1276
420302,Reconnecting,0,0,21,51,0,0,13,856,1137,1276,1137,1276
420550,Reconnecting,0,0,21,51,0,0,13,856,1137,1276,1137,1276
420799,Reconnecting,0,0,21,51,0,0,13,856,1137,1276,1137,1276
421048,Reconnecting,0,0,21,51,0,0,13,856,1137,1276,1137,1276
421296,Reconnecting,0,0,21,51,0,0,13,856,1137,1276,1137,1276
421546,Reconnecting,0,0,21,51,0,0,13,856,1137,1276,1137,1276
421796,Reconnecting,0,0,21,51,0,0,13,856,1137,1276,1137,1276
422046,Reconnecting,0,0,21,51,0,0,13,856,1137,1276,1137,1276
422299,Reconnecting,0,0,21,51,0,0,13,856,1137,1276,1137,1276
422545,Reconnecting,0,0,21,51,0,0,13,856,1137,1276,1137,1276
422793,Reconnecting,0,0,21,51,0,0,13,856,1137,1276,1137,1276
423046,Reconnecting,0,0,21,51,0,0,13,856,1137,1276,1137,1276
423297,Reconnecting,0,0,21,51,0,0,13,856,1137,1276,1137,1276
423546,Reconnecting,0,0,21,51,0,0,13,856,1137,1276,1137,1276
423796,Reconnecting,0,0,21,51,0,0,13,856,1137,1276,1137,1276
424047,Reconnecting,0,0,21,51,0,0,13,856,1137,1276,1137,1276
424295,Reconnecting,0,0,21,51,0,0,13,856,1137,1276,1137,1276
424544,Reconnecting,0,0,21,51,0,0,13,856,1137,1276,1137,1276
424795,Reconnecting,0,0,21,51,0,0,13,856,1137,1276,1137,1276
425044,Reconnecting,0,0,21,51,0,0,14,856,1137,1276,1137,1276
425293,Reconnecting,0,0,21,51,0,0,14,856,1137,1276,1137,1276
425541,Reconnecting,0,0,21,51,0,0,14,861,0,1276,1137,1276
425790,Playing,2227200,6312,21,51,0,0,14,877,0,1276,0,1276
426038,Playing,2145280,6080,21,51,0,0,14,877,0,1276,0,1276
426285,Playing,2055168,5825,21,51,0,0,14,877,0,1276,0,1276
426534,Playing,1965056,5569,21,51,0,0,14,877,0,1276,0,1276
426783,Playing,2187264,6199,21,51,0,0,14,879,0,1276,0,1276
427031,Playing,2097152,5944,21,51,0,0,14,879,0,1276,0,1276
427278,Playing,2007040,5688,21,51,0,0,14,879,0,1276,0,1276
427527,Playing,1925120,5456,21,51,0,0,14,879,0,1276,0,1276
427778,Playing,2111488,5984,21,51,0,0,14,881,0,1276,0,1276
428027,Playing,2021376,5729,21,51,0,0,14,881,0,1276,0,1276
428276,Playing,1939456,5497,21,51,0,0,14,881,0,1276,0,1276
428527,Playing,1849344,5241,21,51,0,0,14,881,0,1276,0,1276
428775,Playing,1971200,5587,21,51,0,0,14,883,0,1276,0,1276
429024,Playing,1881088,5331,21,51,0,0,14,883,0,1276,0,1276
429274,Playing,1799168,5099,21,51,0,0,14,883,0,1276,0,1276
429523,Playing,1709056,4844,21,51,0,0,14,883,0,1276,0,1276
429771,Playing,1618944,4588,21,51,0,0,14,883,0,1276,0,1276
430019,Playing,1776640,5035,21,51,0,0,14,885,0,1276,0,1276
430269,Playing,1686528,4780,21,51,0,0,14,885,0,1276,0,1276
430517,Playing,1596416,4524,21,51,0,0,14,885,0,1276,0,1276
430769,Playing,1514496,4292,21,51,0,0,14,885,0,1276,0,1276
431018,Playing,1664000,4716,21,51,0,0,14,887,0,1276,0,1276
431266,Playing,1573888,4461,21,51,0,0,14,887,0,1276,0,1276
431514,Playing,1491968,4228,21,51,0,0,14,887,0,1276,0,1276
431762,Playing,1401856,3973,21,51,0,0,14,887,0,1276,0,1276
432012,Playing,1569792,4449,21,51,0,0,14,889,0,1276,0,1276
432260,Playing,1479680,4194,21,51,0,0,14,889,0,1276,0,1276
432509,Playing,1397760,3961,21,51,0,0,14,889,0,1276,0,1276
432761,Playing,1307648,3706,21,51,0,0,14,889,0,1276,0,1276
433013,Playing,1466368,4156,21,51,0,0,14,891,0,1276,0,1276
433260,Playing,1376256,3900,21,51,0,0,14,891,0,1276,0,1276
433507,Playing,1294336,3668,21,51,0,0,14,891,0,1276,0,1276
433756,Playing,1204224,3413,21,51,0,0,14,891,0,1276,0,1276
434006,Playing,1362944,3863,21,51,0,0,14,893,0,1276,0,1276
434256,Playing,1281024,3631,21,51,0,0,14,893,0,1276,0,1276
434503,Playing,1190912,3375,21,51,0,0,14,893,0,1276,0,1276
434795,Playing,1084416,3073,21,51,0,0,14,893,0,1276,0,1276
435061,Playing,1270784,3601,21,51,0,0,14,895,0,1276,0,1276
435311,Playing,1180672,3346,21,51,0,0,14,895,0,1276,0,1276
435562,Playing,1090560,3091,21,51,0,0,14,895,0,1276,0,1276
435811,Playing,1008640,2858,21,51,0,0,14,895,0,1276,0,1276
436058,Playing,918528,2603,21,51,0,0,14,895,0,1276,0,1276
436307,Playing,1104896,3131,21,51,0,0,14,897,0,1276,0,1276
436559,Playing,1014784,2876,21,51,0,0,14,897,0,1276,0,1276
436806,Playing,932864,2644,21,51,0,0,14,897,0,1276,0,1276
437053,Playing,842752,2388,21,51,0,0,14,897,0,1276,0,1276
437304,Playing,1047552,2969,21,51,0,0,14,899,0,1276,0,1276
437553,Playing,965632,2737,21,51,0,0,14,899,0,1276,0,1276
437803,Playing,875520,2481,21,51,0,0,14,899,0,1276,0,1276
438050,Playing,785408,2226,21,51,0,0,14,899,0,1276,0,1276
438299,Playing,989184,2803,21,51,0,0,14,901,0,1276,0,1276
438548,Playing,899072,2548,21,51,0,0,14,901,0,1276,0,1276
438797,Playing,808960,2292,21,51,0,0,14,901,0,1276,0,1276
439048,Playing,718848,2037,21,51,0,0,14,901,0,1276,0,1276
439294,Playing,941056,2667,21,51,0,0,14,903,0,1276,0,1276
439541,Playing,850944,2411,21,51,0,0,14,903,0,1276,0,1276
439789,Playing,760832,2156,21,51,0,0,14,903,0,1276,0,1276
440039,Playing,678912,1924,21,51,0,0,14,903,0,1276,0,1276
440289,Playing,892928,2530,21,51,0,0,14,905,0,1276,0,1276
440537,Playing,802816,2275,21,51,0,0,14,905,0,1276,0,1276
440786,Playing,720896,2043,21,51,0,0,14,905,0,1276,0,1276
441034,Playing,630784,1787,21,51,0,0,14,905,0,1276,0,1276
441281,Playing,835584,2368,21,51,0,0,14,907,0,1276,0,1276
441533,Playing,745472,2113,21,51,0,0,14,907,0,1276,0,1276
441781,Playing,663552,1880,21,51,0,0,14,907,0,1276,0,1276
442031,Playing,573440,1625,21,51,0,0,14,907,0,1276,0,1276
442279,Playing,787456,2232,21,51,0,0,14,909,0,1276,0,1276
442528,Playing,705536,1999,21,51,0,0,14,909,0,1276,0,1276
442777,Playing,615424,1744,21,51,0,0,14,909,0,1276,0,1276
443024,Playing,525312,1488,21,51,0,0,14,909,0,1276,0,1276
443272,Playing,719872,2040,21,51,0,0,14,911,0,1276,0,1276
443523,Playing,629760,1785,21,51,0,0,14,911,0,1276,0,1276
443769,Playing,539648,1529,21,51,0,0,14,911,0,1276,0,1276
444015,Playing,457728,1297,21,51,0,0,14,911,0,1276,0,1276
444264,Playing,644096,1825,21,51,0,0,14,913,0,1276,0,1276
444511,Playing,553984,1570,21,51,0,0,14,913,0,1276,0,1276
444760,Playing,472064,1338,21,51,0,0,14,913,0,1276,0,1276
445007,Playing,381952,1082,21,51,0,0,14,913,0,1276,0,1276
445255,Playing,577536,1637,21,51,0,0,14,915,0,1276,0,1276
445502,Playing,495616,1404,21,51,0,0,14,915,0,1276,0,1276
445810,Playing,389120,1102,21,51,0,0,14,915,0,1276,0,1276
446057,Playing,299008,847,21,51,0,0,14,915,0,1276,0,1276
446304,Playing,485376,1375,21,51,0,0,14,917,0,1276,0,1276
446552,Playing,403456,1143,21,51,0,0,14,917,0,1276,0,1276
446798,Playing,313344,888,21,51,0,0,14,917,0,1276,0,1276
447045,Playing,231424,655,21,51,0,0,14,917,0,1276,0,1276
447297,Playing,436224,1236,21,51,0,0,14,919,0,1276,0,1276
447545,Playing,346112,981,21,51,0,0,14,919,0,1276,0,1276
447795,Playing,256000,725,21,51,0,0,14,919,0,1276,0,1276
448043,Playing,174080,493,21,51,0,0,14,919,0,1276,0,1276
448293,Playing,369664,1047,21,51,0,0,14,921,0,1276,0,1276
448541,Playing,279552,792,21,51,0,0,14,921,0,1276,0,1276
448790,Playing,197632,560,21,51,0,0,14,921,0,1276,0,1276
449037,Playing,107520,304,21,51,0,0,14,921,0,1276,0,1276
449288,Playing,293888,833,21,51,0,0,14,923,0,1276,0,1276
449536,Playing,203776,577,21,51,0,0,14,923,0,1276,0,1276
449785,Playing,121856,345,21,51,0,0,14,923,0,1276,0,1276
450034,Playing,31744,89,21,51,0,0,14,923,0,1276,0,1276
450282,Playing,0,0,21,51,0,0,14,923,0,1276,0,1276
450530,Buffering,211968,600,22,51,0,0,14,925,0,1276,0,1276
450780,Buffering,211968,600,22,51,0,0,14,925,0,1276,0,1276
451029,Buffering,211968,600,22,51,0,0,14,925,0,1276,0,1276
451292,Buffering,211968,600,22,51,0,0,14,925,0,1276,0,1276
451541,Buffering,408576,1158,22,52,0,0,14,927,0,1276,0,1276
451790,Buffering,326656,925,22,52,0,0,14,927,0,1276,0,1276
452040,Buffering,236544,670,22,52,0,0,14,927,0,1276,0,1276
452288,Buffering,146432,415,22,52,0,0,14,927,0,1276,0,1276
452541,Buffering,286720,812,22,52,0,0,14,929,0,1276,0,1276
452790,Buffering,204800,580,22,52,0,0,14,929,0,1276,0,1276
453040,Buffering,114688,325,22,52,0,0,14,929,0,1276,0,1276
453288,Buffering,24576,69,22,52,0,0,14,929,0,1276,0,1276
453536,Buffering,239616,679,22,52,0,0,14,931,0,1276,0,1276
453785,Buffering,239616,679,22,52,0,0,14,931,0,1276,0,1276
454034,Buffering,239616,679,22,52,0,0,14,931,0,1276,0,1276
454285,Buffering,239616,679,22,52,0,0,14,931,0,1276,0,1276
454534,Buffering,447488,1268,22,53,0,0,14,933,0,1276,0,1276
454782,Buffering,357376,1012,22,53,0,0,14,933,0,1276,0,1276
455032,Buffering,267264,757,22,53,0,0,14,933,0,1276,0,1276
455278,Buffering,185344,525,22,53,0,0,14,933,0,1276,0,1276
455526,Buffering,353280,1001,22,53,0,0,14,935,0,1276,0,1276
455775,Buffering,263168,745,22,53,0,0,14,935,0,1276,0,1276
456024,Buffering,181248,513,22,53,0,0,14,935,0,1276,0,1276
456270,Buffering,91136,258,22,53,0,0,14,935,0,1276,0,1276
456518,Buffering,1024,2,22,53,0,0,14,935,0,1276,0,1276
456766,Playing,184320,522,22,54,0,0,14,937,0,1276,0,1276
457016,Playing,94208,267,22,54,0,0,14,937,0,1276,0,1276
457266,Playing,4096,11,22,54,0,0,14,937,0,1276,0,1276
457514,Buffering,276480,783,23,54,0,0,14,939,0,1276,0,1276
457763,Buffering,276480,783,23,54,0,0,14,939,0,1276,0,1276
458011,Buffering,276480,783,23,54,0,0,14,939,0,1276,0,1276
458262,Buffering,276480,783,23,54,0,0,14,939,0,1276,0,1276
458511,Buffering,276480,783,23,54,0,0,14,939,0,1276,0,1276
458761,Buffering,537600,1523,23,55,0,0,14,941,0,1276,0,1276
459010,Buffering,447488,1268,23,55,0,0,14,941,0,1276,0,1276
459258,Buffering,365568,1036,23,55,0,0,14,941,0,1276,0,1276
459508,Buffering,275456,780,23,55,0,0,14,941,0,1276,0,1276
459757,Buffering,471040,1335,23,55,0,0,14,943,0,1276,0,1276
460006,Buffering,380928,1079,23,55,0,0,14,943,0,1276,0,1276
460255,Buffering,299008,847,23,55,0,0,14,943,0,1276,0,1276
460503,Buffering,208896,592,23,55,0,0,14,943,0,1276,0,1276
460811,Buffering,397312,1126,23,55,0,0,14,945,0,1276,0,1276
461061,Buffering,307200,870,23,55,0,0,14,945,0,1276,0,1276
461312,Buffering,217088,615,23,55,0,0,14,945,0,1276,0,1276
461560,Buffering,135168,383,23,55,0,0,14,945,0,1276,0,1276
461810,Buffering,339968,963,23,55,0,0,14,947,0,1276,0,1276
462057,Buffering,249856,708,23,55,0,0,14,947,0,1276,0,1276
462306,Buffering,167936,476,23,55,0,0,14,947,0,1276,0,1276
462557,Buffering,77824,220,23,55,0,0,14,947,0,1276,0,1276
462807,Buffering,282624,801,23,55,0,0,14,949,0,1276,0,1276
463055,Buffering,200704,568,23,55,0,0,14,949,0,1276,0,1276
463302,Buffering,110592,313,23,55,0,0,14,949,0,1276,0,1276
463552,Buffering,296960,841,23,55,0,0,14,951,0,1276,0,1276
463799,Buffering,215040,609,23,55,0,0,14,951,0,1276,0,1276
464048,Buffering,124928,354,23,55,0,0,14,951,0,1276,0,1276
464297,Buffering,34816,98,23,55,0,0,14,951,0,1276,0,1276
464545,Buffering,0,0,23,55,0,0,14,951,0,1276,0,1276
464792,Buffering,0,0,23,55,0,0,14,951,0,1276,0,1276
465042,Playing,186368,528,23,56,0,0,14,953,0,1276,0,1276
465290,Playing,104448,296,23,56,0,0,14,953,0,1276,0,1276
465538,Playing,14336,40,23,56,0,0,14,953,0,1276,0,1276
465787,Playing,156672,444,23,56,0,0,14,954,979,1276,0,1276
466035,Buffering,276480,783,24,56,0,0,14,955,0,1276,0,1276
466285,Buffering,276480,783,24,56,0,0,14,955,0,1276,0,1276
466535,Buffering,276480,783,24,56,0,0,14,955,0,1276,0,1276
466785,Buffering,553984,1570,24,57,0,0,14,957,0,1276,0,1276
467033,Buffering,463872,1314,24,57,0,0,14,957,0,1276,0,1276
467281,Buffering,373760,1059,24,57,0,0,14,957,0,1276,0,1276
467531,Buffering,291840,827,24,57,0,0,14,957,0,1276,0,1276
467780,Buffering,487424,1381,24,57,0,0,14,959,0,1276,0,1276
468028,Buffering,397312,1126,24,57,0,0,14,959,0,1276,0,1276
468276,Buffering,315392,893,24,57,0,0,14,959,0,1276,0,1276
468527,Buffering,225280,638,24,57,0,0,14,959,0,1276,0,1276
468776,Buffering,135168,383,24,57,0,0,14,959,0,1276,0,1276
469023,Buffering,338944,960,24,57,0,0,14,961,0,1276,0,1276
469275,Buffering,248832,705,24,57,0,0,14,961,0,1276,0,1276
469525,Buffering,158720,449,24,57,0,0,14,961,0,1276,0,1276
469773,Buffering,68608,194,24,57,0,0,14,961,0,1276,0,1276
470021,Buffering,263168,745,24,57,0,0,14,963,0,1276,0,1276
470269,Buffering,173056,490,24,57,0,0,14,963,0,1276,0,1276
470519,Buffering,82944,235,24,57,0,0,14,963,0,1276,0,1276
470769,Buffering,1024,2,24,57,0,0,14,963,0,1276,0,1276
471018,Reconnecting,0,0,24,58,0,0,14,964,1014,1276,1014,1276
471266,Reconnecting,0,0,24,58,0,0,14,964,1014,1276,1014,1276
471516,Reconnecting,0,0,24,58,0,0,14,964,1014,1276,1014,1276
471764,Reconnecting,0,0,24,58,0,0,14,964,1014,1276,1014,1276
472012,Reconnecting,0,0,24,58,0,0,14,964,1014,1276,1014,1276
472262,Reconnecting,0,0,24,58,0,0,14,964,1014,1276,1014,1276
472510,Reconnecting,0,0,24,58,0,0,14,964,1014,1276,1014,1276
472760,Reconnecting,0,0,24,58,0,0,14,964,1014,1276,1014,1276
473010,Reconnecting,0,0,24,58,0,0,14,964,1014,1276,1014,1276
473262,Reconnecting,0,0,24,58,0,0,14,964,1014,1276,1014,1276
473510,Reconnecting,0,0,24,58,0,0,14,964,1014,1276,1014,1276
473759,Reconnecting,0,0,24,58,0,0,14,964,1014,1276,1014,1276
474007,Reconnecting,0,0,24,58,0,0,14,964,1014,1276,1014,1276
474258,Reconnecting,0,0,24,58,0,0,14,964,1014,1276,1014,1276
474507,Reconnecting,0,0,24,58,0,0,14,964,1014,1276,1014,1276
474756,Reconnecting,0,0,24,58,0,0,14,964,1014,1276,1014,1276
475006,Reconnecting,0,0,24,58,0,0,14,964,1014,1276,1014,1276
475253,Reconnecting,0,0,24,58,0,0,14,964,1014,1276,1014,1276
475502,Reconnecting,0,0,24,58,0,0,14,964,1014,1276,1014,1276
475750,Reconnecting,0,0,24,58,0,0,14,964,1014,1276,1014,1276
476004,Reconnecting,0,0,24,58,0,0,15,964,1014,1276,1014,1276
476252,Reconnecting,0,0,24,58,0,0,15,964,1014,1276,1014,1276
476500,Reconnecting,0,0,24,58,0,0,15,964,1014,1276,1014,1276
476810,Reconnecting,0,0,24,58,0,0,15,970,115,1276,1014,1276
477061,Reconnecting,0,0,24,58,0,0,15,970,115,1276,1014,1276
477308,Reconnecting,0,0,24,58,0,0,15,970,115,1276,1014,1276
477558,Reconnecting,0,0,24,58,0,0,15,970,115,1276,1014,1276
477807,Reconnecting,0,0,24,58,0,0,15,970,115,1276,1014,1276
478056,Reconnecting,0,0,24,58,0,0,15,970,115,1276,1014,1276
478305,Reconnecting,0,0,24,58,0,0,15,970,115,1276,1014,1276
478555,Reconnecting,0,0,24,58,0,0,15,970,115,1276,1014,1276
478801,Reconnecting,0,0,24,58,0,0,15,970,115,1276,1014,1276
479047,Reconnecting,0,0,24,58,0,0,15,970,115,1276,1014,1276
479294,Reconnecting,0,0,24,58,0,0,15,970,115,1276,1014,1276
479543,Reconnecting,0,0,24,58,0,0,15,970,115,1276,1014,1276
479793,Reconnecting,0,0,24,58,0,0,15,970,115,1276,1014,1276
480043,Reconnecting,0,0,24,58,0,0,15,970,115,1276,1014,1276
480292,Reconnecting,0,0,24,58,0,0,15,970,115,1276,1014,1276
480539,Reconnecting,0,0,24,58,0,0,15,970,115,1276,1014,1276
480789,Reconnecting,0,0,24,58,0,0,15,970,115,1276,1014,1276
481037,Reconnecting,0,0,24,58,0,0,15,970,115,1276,1014,1276
481283,Reconnecting,0,0,24,58,0,0,15,970,115,1276,1014,1276
481532,Reconnecting,0,0,24,58,0,0,15,970,115,1276,1014,1276
481783,Reconnecting,0,0,24,58,0,0,16,970,115,1276,1014,1276
482030,Reconnecting,0,0,24,58,0,0,16,970,115,1276,1014,1276
482279,Reconnecting,0,0,24,58,0,0,16,970,115,1276,1014,1276
482529,Reconnecting,0,0,24,58,0,0,16,976,111,1276,1014,1276
482776,Reconnecting,0,0,24,58,0,0,16,976,111,1276,1014,1276
483025,Reconnecting,0,0,24,58,0,0,16,976,111,1276,1014,1276
483274,Reconnecting,0,0,24,58,0,0,16,976,111,1276,1014,1276
483522,Reconnecting,0,0,24,58,0,0,16,976,111,1276,1014,1276
483774,Reconnecting,0,0,24,58,0,0,16,976,111,1276,1014,1276
484022,Reconnecting,0,0,24,58,0,0,16,976,111,1276,1014,1276
484272,Reconnecting,0,0,24,58,0,0,16,976,111,1276,1014,1276
484524,Reconnecting,0,0,24,58,0,0,16,976,111,1276,1014,1276
484772,Reconnecting,0,0,24,58,0,0,16,976,111,1276,1014,1276
485020,Reconnecting,0,0,24,58,0,0,16,976,111,1276,1014,1276
485270,Reconnecting,0,0,24,58,0,0,16,976,111,1276,1014,1276
485518,Reconnecting,0,0,24,58,0,0,16,976,111,1276,1014,1276
485767,Reconnecting,0,0,24,58,0,0,16,976,111,1276,1014,1276
486015,Reconnecting,0,0,24,58,0,0,16,976,111,1276,1014,1276
486265,Reconnecting,0,0,24,58,0,0,16,976,111,1276,1014,1276
486514,Reconnecting,0,0,24,58,0,0,16,976,111,1276,1014,1276
486763,Reconnecting,0,0,24,58,0,0,16,976,111,1276,1014,1276
487012,Reconnecting,0,0,24,58,0,0,16,976,111,1276,1014,1276
487262,Reconnecting,0,0,24,58,0,0,16,976,111,1276,1014,1276
487510,Reconnecting,0,0,24,58,0,0,17,976,111,1276,1014,1276
487760,Reconnecting,0,0,24,58,0,0,17,976,111,1276,1014,1276
488007,Reconnecting,0,0,24,58,0,0,17,976,111,1276,1014,1276
488257,Playing,1532928,4345,24,58,0,0,17,989,0,1276,0,1276
488504,Playing,2576384,7302,24,58,0,0,17,997,0,1276,0,1276
488750,Playing,2486272,7047,24,58,0,0,17,997,0,1276,0,1276
489001,Playing,2404352,6815,24,58,0,0,17,997,0,1276,0,1276
489309,Playing,2575360,7299,24,58,0,0,17,999,0,1276,0,1276
489556,Playing,2493440,7067,24,58,0,0,17,999,0,1276,0,1276
489804,Playing,2403328,6812,24,58,0,0,17,999,0,1276,0,1276
490054,Playing,2313216,6556,24,58,0,0,17,999,0,1276,0,1276
490304,Playing,2516992,7134,24,58,0,0,17,1001,0,1276,0,1276
490550,Playing,2426880,6878,24,58,0,0,17,1001,0,1276,0,1276
490798,Playing,2344960,6646,24,58,0,0,17,1001,0,1276,0,1276
491047,Playing,2254848,6391,24,58,0,0,17,1001,0,1276,0,1276
491297,Playing,2164736,6135,24,58,0,0,17,1001,0,1276,0,1276
491544,Playing,2294784,6504,24,58,0,0,17,1003,0,1276,0,1276
491793,Playing,2204672,6249,24,58,0,0,17,1003,0,1276,0,1276
492042,Playing,2114560,5993,24,58,0,0,17,1003,0,1276,0,1276
492290,Playing,2032640,5761,24,58,0,0,17,1003,0,1276,0,1276
492540,Playing,2172928,6159,24,58,0,0,17,1005,0,1276,0,1276
492790,Playing,2082816,5903,24,58,0,0,17,1005,0,1276,0,1276
493038,Playing,1992704,5648,24,58,0,0,17,1005,0,1276,0,1276
493289,Playing,1910784,5416,24,58,0,0,17,1005,0,1276,0,1276
493536,Playing,2051072,5813,24,58,0,0,17,1007,0,1276,0,1276
493787,Playing,1960960,5558,24,58,0,0,17,1007,0,1276,0,1276
494035,Playing,1879040,5326,24,58,0,0,17,1007,0,1276,0,1276
494284,Playing,1788928,5070,24,58,0,0,17,1007,0,1276,0,1276
494531,Playing,1956864,5546,24,58,0,0,17,1009,0,1276,0,1276
494779,Playing,1874944,5314,24,58,0,0,17,1009,0,1276,0,1276
495026,Playing,1784832,5059,24,58,0,0,17,1009,0,1276,0,1276
495275,Playing,1694720,4803,24,58,0,0,17,1009,0,1276,0,1276
495522,Playing,1861632,5276,24,58,0,0,17,1011,0,1276,0,1276
495772,Playing,1771520,5021,24,58,0,0,17,1011,0,1276,0,1276
496023,Playing,1681408,4765,24,58,0,0,17,1011,0,1276,0,1276
496270,Playing,1599488,4533,24,58,0,0,17,1011,0,1276,0,1276
496520,Playing,1758208,4983,24,58,0,0,17,1013,0,1276,0,1276
496768,Playing,1668096,4728,24,58,0,0,17,1013,0,1276,0,1276
497017,Playing,1586176,4495,24,58,0,0,17,1013,0,1276,0,1276
497266,Playing,1496064,4240,24,58,0,0,17,1013,0,1276,0,1276
497517,Playing,1405952,3985,24,58,0,0,17,1013,0,1276,0,1276
497765,Playing,1583104,4487,24,58,0,0,17,1015,0,1276,0,1276
498014,Playing,1501184,4255,24,58,0,0,17,1015,0,1276,0,1276
498265,Playing,1411072,3999,24,58,0,0,17,1015,0,1276,0,1276
498513,Playing,1320960,3744,24,58,0,0,17,1015,0,1276,0,1276
498763,Playing,1524736,4321,24,58,0,0,17,1017,0,1276,0,1276
499010,Playing,1434624,4066,24,58,0,0,17,1017,0,1276,0,1276
499260,Playing,1344512,3810,24,58,0,0,17,1017,0,1276,0,1276
499507,Playing,1557504,4414,24,58,0,0,17,1019,0,1276,0,1276
499757,Playing,1467392,4159,24,58,0,0,17,1019,0,1276,0,1276
500005,Playing,1377280,3903,24,58,0,0,17,1019,0,1276,0,1276
500255,Playing,1295360,3671,24,58,0,0,17,1019,0,1276,0,1276
500503,Playing,1490944,4226,24,58,0,0,17,1021,0,1276,0,1276
500751,Playing,1400832,3970,24,58,0,0,17,1021,0,1276,0,1276
501061,Playing,1294336,3668,24,58,0,0,17,1021,0,1276,0,1276
501250,Playing,1228800,3482,24,58,0,0,17,1021,0,1276,0,1276
501561,Playing,1114112,3157,24,58,0,0,17,1021,0,1276,0,1276
501811,Playing,1327104,3761,24,58,0,0,17,1023,0,1276,0,1276
502060,Playing,1236992,3506,24,58,0,0,17,1023,0,1276,0,1276
502309,Playing,1146880,3250,24,58,0,0,17,1023,0,1276,0,1276
502557,Playing,1064960,3018,24,58,0,0,17,1023,0,1276,0,1276
502805,Playing,1269760,3599,24,58,0,0,17,1025,0,1276,0,1276
503054,Playing,1179648,3343,24,58,0,0,17,1025,0,1276,0,1276
503303,Playing,1097728,3111,24,58,0,0,17,1025,0,1276,0,1276
503550,Playing,1320960,3744,24,58,0,0,17,1027,0,1276,0,1276
503799,Playing,1230848,3488,24,58,0,0,17,1027,0,1276,0,1276
504047,Playing,1148928,3256,24,58,0,0,17,1027,0,1276,0,1276
504297,Playing,1058816,3001,24,58,0,0,17,1027,0,1276,0,1276
504546,Playing,968704,2745,24,58,0,0,17,1027,0,1276,0,1276
504795,Playing,1181696,3349,24,58,0,0,17,1029,0,1276,0,1276
505041,Playing,1091584,3094,24,58,0,0,17,1029,0,1276,0,1276
505289,Playing,1001472,2838,24,58,0,0,17,1029,0,1276,0,1276
505537,Playing,919552,2606,24,58,0,0,17,1029,0,1276,0,1276
505785,Playing,1115136,3160,24,58,0,0,17,1031,0,1276,0,1276
506032,Playing,1025024,2905,24,58,0,0,17,1031,0,1276,0,1276
506279,Playing,943104,2673,24,58,0,0,17,1031,0,1276,0,1276
506529,Playing,852992,2417,24,58,0,0,17,1031,0,1276,0,1276
506776,Playing,1047552,2969,24,58,0,0,17,1033,0,1276,0,1276
507026,Playing,957440,2713,24,58,0,0,17,1033,0,1276,0,1276
507275,Playing,867328,2458,24,58,0,0,17,1033,0,1276,0,1276
507526,Playing,777216,2202,24,58,0,0,17,1033,0,1276,0,1276
507772,Playing,971776,2754,24,58,0,0,17,1035,0,1276,0,1276
508019,Playing,881664,2499,24,58,0,0,17,1035,0,1276,0,1276
508269,Playing,791552,2243,24,58,0,0,17,1035,0,1276,0,1276
508517,Playing,709632,2011,24,58,0,0,17,1035,0,1276,0,1276
508766,Playing,619520,1756,24,58,0,0,17,1035,0,1276,0,1276
509016,Playing,805888,2284,24,58,0,0,17,1037,0,1276,0,1276
509262,Playing,723968,2052,24,58,0,0,17,1037,0,1276,0,1276
509510,Playing,633856,1796,24,58,0,0,17,1037,0,1276,0,1276
509757,Playing,829440,2351,24,58,0,0,17,1039,0,1276,0,1276
510003,Playing,747520,2118,24,58,0,0,17,1039,0,1276,0,1276
510250,Playing,657408,1863,24,58,0,0,17,1039,0,1276,0,1276
510501,Playing,575488,1631,24,58,0,0,17,1039,0,1276,0,1276
510808,Playing,737280,2089,24,58,0,0,17,1041,0,1276,0,1276
511055,Playing,655360,1857,24,58,0,0,17,1041,0,1276,0,1276
511305,Playing,565248,1602,24,58,0,0,17,1041,0,1276,0,1276
511556,Playing,475136,1346,24,58,0,0,17,1041,0,1276,0,1276
511805,Playing,678912,1924,24,58,0,0,17,1043,0,1276,0,1276
512054,Playing,588800,1668,24,58,0,0,17,1043,0,1276,0,1276
512302,Playing,498688,1413,24,58,0,0,17,1043,0,1276,0,1276
512552,Playing,416768,1181,24,58,0,0,17,1043,0,1276,0,1276
512801,Playing,326656,925,24,58,0,0,17,1043,0,1276,0,1276
513049,Playing,448512,1271,24,58,0,0,17,1045,0,1276,0,1276
513299,Playing,358400,1015,24,58,0,0,17,1045,0,1276,0,1276
513548,Playing,276480,783,24,58,0,0,17,1045,0,1276,0,1276
513797,Playing,407552,1155,24,58,0,0,17,1047,0,1276,0,1276
514044,Playing,317440,899,24,58,0,0,17,1047,0,1276,0,1276
514293,Playing,235520,667,24,58,0,0,17,1047,0,1276,0,1276
514541,Playing,145408,412,24,58,0,0,17,1047,0,1276,0,1276
514789,Playing,55296,156,24,58,0,0,17,1047,0,1276,0,1276
515037,Buffering,239616,679,25,58,0,0,17,1049,0,1276,0,1276
515285,Buffering,239616,679,25,58,0,0,17,1049,0,1276,0,1276
515532,Buffering,239616,679,25,58,0,0,17,1049,0,1276,0,1276
515782,Buffering,239616,679,25,58,0,0,17,1049,0,1276,0,1276
516031,Buffering,438272,1242,25,59,0,0,17,1051,0,1276,0,1276
516281,Buffering,348160,986,25,59,0,0,17,1051,0,1276,0,1276
516531,Buffering,266240,754,25,59,0,0,17,1051,0,1276,0,1276
516774,Buffering,176128,499,25,59,0,0,17,1051,0,1276,0,1276
517023,Buffering,353280,1001,25,59,0,0,17,1053,0,1276,0,1276
517270,Buffering,271360,769,25,59,0,0,17,1053,0,1276,0,1276
517520,Buffering,181248,513,25,59,0,0,17,1053,0,1276,0,1276
517768,Buffering,91136,258,25,59,0,0,17,1053,0,1276,0,1276
518017,Buffering,267264,757,25,59,0,0,17,1055,0,1276,0,1276
518266,Buffering,177152,502,25,59,0,0,17,1055,0,1276,0,1276
518515,Buffering,87040,246,25,59,0,0,17,1055,0,1276,0,1276
518764,Buffering,5120,14,25,59,0,0,17,1055,0,1276,0,1276
519012,Buffering,258048,731,25,59,0,0,17,1057,0,1276,0,1276
519262,Buffering,258048,731,25,59,0,0,17,1057,0,1276,0,1276
519511,Buffering,258048,731,25,59,0,0,17,1057,0,1276,0,1276
519761,Buffering,258048,731,25,59,0,0,17,1057,0,1276,0,1276
520008,Buffering,534528,1515,25,60,0,0,17,1059,0,1276,0,1276
520261,Buffering,444416,1259,25,60,0,0,17,1059,0,1276,0,1276
520507,Buffering,362496,1027,25,60,0,0,17,1059,0,1276,0,1276
520757,Buffering,272384,772,25,60,0,0,17,1059,0,1276,0,1276
521008,Buffering,477184,1352,25,60,0,0,17,1061,0,1276,0,1276
521255,Buffering,395264,1120,25,60,0,0,17,1061,0,1276,0,1276
521503,Buffering,305152,864,25,60,0,0,17,1061,0,1276,0,1276
521753,Buffering,215040,609,25,60,0,0,17,1061,0,1276,0,1276
522002,Buffering,418816,1187,25,60,0,0,17,1063,0,1276,0,1276
522251,Buffering,328704,931,25,60,0,0,17,1063,0,1276,0,1276
522501,Buffering,238592,676,25,60,0,0,17,1063,0,1276,0,1276
522751,Buffering,148480,420,25,60,0,0,17,1063,0,1276,0,1276
523060,Buffering,41984,119,25,60,0,0,17,1063,0,1276,0,1276
523308,Buffering,246784,699,25,60,0,0,17,1065,0,1276,0,1276
523556,Buffering,164864,467,25,60,0,0,17,1065,0,1276,0,1276
523805,Buffering,74752,211,25,60,0,0,17,1065,0,1276,0,1276
524055,Buffering,0,0,25,60,0,0,17,1065,0,1276,0,1276
524303,Playing,262144,743,25,61,0,0,17,1067,0,1276,0,1276
524552,Playing,172032,487,25,61,0,0,17,1067,0,1276,0,1276
524802,Playing,81920,232,25,61,0,0,17,1067,0,1276,0,1276
525051,Playing,286720,812,25,61,0,0,17,1069,0,1276,0,1276
525298,Playing,204800,580,25,61,0,0,17,1069,0,1276,0,1276
525548,Playing,114688,325,25,61,0,0,17,1069,0,1276,0,1276
525795,Playing,32768,92,25,61,0,0,17,1069,0,1276,0,1276
526045,Playing,0,0,25,61,0,0,17,1069,0,1276,0,1276
526293,Buffering,276480,783,26,61,0,0,17,1071,0,1276,0,1276
526543,Buffering,276480,783,26,61,0,0,17,1071,0,1276,0,1276
526791,Buffering,276480,783,26,61,0,0,17,1071,0,1276,0,1276
527041,Buffering,276480,783,26,61,0,0,17,1071,0,1276,0,1276
527288,Buffering,495616,1404,26,62,0,0,17,1073,0,1276,0,1276
527538,Buffering,413696,1172,26,62,0,0,17,1073,0,1276,0,1276
527787,Buffering,323584,917,26,62,0,0,17,1073,0,1276,0,1276
528036,Buffering,233472,661,26,62,0,0,17,1073,0,1276,0,1276
528287,Buffering,428032,1213,26,62,0,0,17,1075,0,1276,0,1276
528536,Buffering,337920,957,26,62,0,0,17,1075,0,1276,0,1276
528783,Buffering,247808,702,26,62,0,0,17,1075,0,1276,0,1276
529031,Buffering,165888,470,26,62,0,0,17,1075,0,1276,0,1276
529280,Buffering,352256,998,26,62,0,0,17,1077,0,1276,0,1276
529528,Buffering,262144,743,26,62,0,0,17,1077,0,1276,0,1276
529778,Buffering,172032,487,26,62,0,0,17,1077,0,1276,0,1276
530027,Buffering,90112,255,26,62,0,0,17,1077,0,1276,0,1276
530275,Buffering,0,0,26,62,0,0,17,1077,0,1276,0,1276
530526,Buffering,285696,809,26,62,0,0,17,1079,0,1276,0,1276
530773,Buffering,285696,809,26,62,0,0,17,1079,0,1276,0,1276
531021,Buffering,285696,809,26,62,0,0,17,1079,0,1276,0,1276
531271,Buffering,529408,1500,26,63,0,0,17,1081,0,1276,0,1276
531519,Buffering,447488,1268,26,63,0,0,17,1081,0,1276,0,1276
531769,Buffering,357376,1012,26,63,0,0,17,1081,0,1276,0,1276
532018,Buffering,267264,757,26,63,0,0,17,1081,0,1276,0,1276
532265,Buffering,185344,525,26,63,0,0,17,1081,0,1276,0,1276
532513,Buffering,371712,1053,26,63,0,0,17,1083,0,1276,0,1276
532762,Buffering,281600,798,26,63,0,0,17,1083,0,1276,0,1276
533010,Buffering,199680,565,26,63,0,0,17,1083,0,1276,0,1276
533256,Buffering,321536,911,26,63,0,0,17,1085,0,1276,0,1276
533507,Buffering,231424,655,26,63,0,0,17,1085,0,1276,0,1276
533757,Buffering,141312,400,26,63,0,0,17,1085,0,1276,0,1276
534009,Buffering,59392,168,26,63,0,0,17,1085,0,1276,0,1276
534256,Playing,221184,626,26,64,0,0,17,1087,0,1276,0,1276
534505,Playing,131072,371,26,64,0,0,17,1087,0,1276,0,1276
534752,Playing,49152,139,26,64,0,0,17,1087,0,1276,0,1276
535001,Playing,0,0,26,64,0,0,17,1087,0,1276,0,1276
535251,Playing,0,0,26,64,0,0,17,1087,0,1276,0,1276
535503,Buffering,230400,653,27,64,0,0,17,1089,0,1276,0,1276
535751,Buffering,230400,653,27,64,0,0,17,1089,0,1276,0,1276
536000,Buffering,230400,653,27,64,0,0,17,1089,0,1276,0,1276
536257,Buffering,452608,1282,27,65,0,0,17,1091,0,1276,0,1276
536510,Buffering,362496,1027,27,65,0,0,17,1091,0,1276,0,1276
536760,Buffering,272384,772,27,65,0,0,17,1091,0,1276,0,1276
537057,Buffering,174080,493,27,65,0,0,17,1091,0,1276,0,1276
537306,Buffering,83968,238,27,65,0,0,17,1091,0,1276,0,1276
537556,Buffering,233472,661,27,65,0,0,17,1093,0,1276,0,1276
537764,Buffering,159744,452,27,65,0,0,17,1093,0,1276,0,1276
538003,Buffering,77824,220,27,65,0,0,17,1093,0,1276,0,1276
538253,Buffering,0,0,27,65,0,0,17,1093,0,1276,0,1276
538505,Buffering,258048,731,27,65,0,0,17,1095,0,1276,0,1276
538752,Buffering,258048,731,27,65,0,0,17,1095,0,1276,0,1276
539059,Buffering,258048,731,27,65,0,0,17,1095,0,1276,0,1276
539310,Buffering,258048,731,27,65,0,0,17,1095,0,1276,0,1276
539558,Buffering,458752,1300,27,66,0,0,17,1097,0,1276,0,1276
539805,Buffering,368640,1044,27,66,0,0,17,1097,0,1276,0,1276
540055,Buffering,286720,812,27,66,0,0,17,1097,0,1276,0,1276
540303,Buffering,196608,557,27,66,0,0,17,1097,0,1276,0,1276
540554,Buffering,382976,1085,27,66,0,0,17,1099,0,1276,0,1276
540801,Buffering,301056,853,27,66,0,0,17,1099,0,1276,0,1276
541051,Buffering,210944,597,27,66,0,0,17,1099,0,1276,0,1276
541300,Buffering,120832,342,27,66,0,0,17,1099,0,1276,0,1276
541548,Buffering,307200,870,27,66,0,0,17,1101,0,1276,0,1276
541796,Buffering,225280,638,27,66,0,0,17,1101,0,1276,0,1276
542043,Buffering,135168,383,27,66,0,0,17,1101,0,1276,0,1276
542292,Buffering,45056,127,27,66,0,0,17,1101,0,1276,0,1276
542543,Reconnecting,0,0,27,67,0,0,17,1102,964,1276,964,1276
542790,Reconnecting,0,0,27,67,0,0,17,1102,964,1276,964,1276
543039,Reconnecting,0,0,27,67,0,0,17,1102,964,1276,964,1276
543290,Reconnecting,0,0,27,67,0,0,17,1102,964,1276,964,1276
543537,Reconnecting,0,0,27,67,0,0,17,1102,964,1276,964,1276
543785,Reconnecting,0,0,27,67,0,0,17,1102,964,1276,964,1276
544035,Reconnecting,0,0,27,67,0,0,17,1102,964,1276,964,1276
544281,Reconnecting,0,0,27,67,0,0,17,1102,964,1276,964,1276
544529,Reconnecting,0,0,27,67,0,0,17,1102,964,1276,964,1276
544782,Reconnecting,0,0,27,67,0,0,17,1102,964,1276,964,1276
545031,Reconnecting,0,0,27,67,0,0,17,1102,964,1276,964,1276
545279,Reconnecting,0,0,27,67,0,0,17,1102,964,1276,964,1276
545527,Reconnecting,0,0,27,67,0,0,17,1102,964,1276,964,1276
545774,Reconnecting,0,0,27,67,0,0,17,1102,964,1276,964,1276
546024,Reconnecting,0,0,27,67,0,0,17,1102,964,1276,964,1276
546274,Reconnecting,0,0,27,67,0,0,17,1102,964,1276,964,1276
546522,Reconnecting,0,0,27,67,0,0,17,1102,964,1276,964,1276
546772,Reconnecting,0,0,27,67,0,0,17,1102,964,1276,964,1276
547020,Reconnecting,0,0,27,67,0,0,17,1102,964,1276,964,1276
547270,Reconnecting,0,0,27,67,0,0,17,1102,964,1276,964,1276
547519,Reconnecting,0,0,27,67,0,0,18,1102,964,1276,964,1276
547767,Reconnecting,0,0,27,67,0,0,18,1102,964,1276,964,1276
548017,Reconnecting,0,0,27,67,0,0,18,1102,964,1276,964,1276
548266,Reconnecting,1225728,3474,27,67,0,0,18,1115,0,1276,0,1276
548515,Playing,2268160,6429,27,67,0,0,18,1123,0,1276,0,1276
548762,Playing,2178048,6173,27,67,0,0,18,1123,0,1276,0,1276
549010,Playing,2087936,5918,27,67,0,0,18,1123,0,1276,0,1276
549259,Playing,2006016,5685,27,67,0,0,18,1123,0,1276,0,1276
549507,Playing,1915904,5430,27,67,0,0,18,1123,0,1276,0,1276
549757,Playing,2111488,5984,27,67,0,0,18,1125,0,1276,0,1276
550005,Playing,2029568,5752,27,67,0,0,18,1125,0,1276,0,1276
550255,Playing,1939456,5497,27,67,0,0,18,1125,0,1276,0,1276
550504,Playing,1849344,5241,27,67,0,0,18,1125,0,1276,0,1276
550751,Playing,2043904,5793,27,67,0,0,18,1127,0,1276,0,1276
551003,Playing,1953792,5537,27,67,0,0,18,1127,0,1276,0,1276
551250,Playing,1863680,5282,27,67,0,0,18,1127,0,1276,0,1276
551560,Playing,1757184,4980,27,67,0,0,18,1127,0,1276,0,1276
551808,Playing,1879040,5326,27,67,0,0,18,1129,0,1276,0,1276
552059,Playing,1788928,5070,27,67,0,0,18,1129,0,1276,0,1276
552307,Playing,1707008,4838,27,67,0,0,18,1129,0,1276,0,1276
552557,Playing,1616896,4583,27,67,0,0,18,1129,0,1276,0,1276
552806,Playing,1757184,4980,27,67,0,0,18,1131,0,1276,0,1276
553055,Playing,1675264,4748,27,67,0,0,18,1131,0,1276,0,1276
553304,Playing,1585152,4493,27,67,0,0,18,1131,0,1276,0,1276
553554,Playing,1495040,4237,27,67,0,0,18,1131,0,1276,0,1276
553801,Playing,1643520,4658,27,67,0,0,18,1133,0,1276,0,1276
554050,Playing,1553408,4403,27,67,0,0,18,1133,0,1276,0,1276
554302,Playing,1463296,4147,27,67,0,0,18,1133,0,1276,0,1276
554551,Playing,1381376,3915,27,67,0,0,18,1133,0,1276,0,1276
554801,Playing,1540096,4365,27,67,0,0,18,1135,0,1276,0,1276
555047,Playing,1449984,4109,27,67,0,0,18,1135,0,1276,0,1276
555295,Playing,1368064,3877,27,67,0,0,18,1135,0,1276,0,1276
555543,Playing,1277952,3622,27,67,0,0,18,1135,0,1276,0,1276
555794,Playing,1445888,4098,27,67,0,0,18,1137,0,1276,0,1276
556043,Playing,1363968,3866,27,67,0,0,18,1137,0,1276,0,1276
556293,Playing,1273856,3610,27,67,0,0,18,1137,0,1276,0,1276
556543,Playing,1432576,4060,27,67,0,0,18,1139,0,1276,0,1276
556793,Playing,1342464,3805,27,67,0,0,18,1139,0,1276,0,1276
557042,Playing,1260544,3572,27,67,0,0,18,1139,0,1276,0,1276
557290,Playing,1170432,3317,27,67,0,0,18,1139,0,1276,0,1276
557541,Playing,1080320,3062,27,67,0,0,18,1139,0,1276,0,1276
557790,Playing,1257472,3564,27,67,0,0,18,1141,0,1276,0,1276
558039,Playing,1175552,3332,27,67,0,0,18,1141,0,1276,0,1276
558286,Playing,1085440,3076,27,67,0,0,18,1141,0,1276,0,1276
558539,Playing,995328,2821,27,67,0,0,18,1141,0,1276,0,1276
558786,Playing,1189888,3372,27,67,0,0,18,1143,0,1276,0,1276
559035,Playing,1099776,3117,27,67,0,0,18,1143,0,1276,0,1276
559282,Playing,1009664,2861,27,67,0,0,18,1143,0,1276,0,1276
559533,Playing,927744,2629,27,67,0,0,18,1143,0,1276,0,1276
559782,Playing,837632,2374,27,67,0,0,18,1143,0,1276,0,1276
560032,Playing,1051648,2980,27,67,0,0,18,1145,0,1276,0,1276
560283,Playing,961536,2725,27,67,0,0,18,1145,0,1276,0,1276
560532,Playing,879616,2493,27,67,0,0,18,1145,0,1276,0,1276
560778,Playing,1084416,3073,27,67,0,0,18,1147,0,1276,0,1276
561026,Playing,1002496,2841,27,67,0,0,18,1147,0,1276,0,1276
561274,Playing,912384,2586,27,67,0,0,18,1147,0,1276,0,1276
561525,Playing,822272,2330,27,67,0,0,18,1147,0,1276,0,1276
561772,Playing,740352,2098,27,67,0,0,18,1147,0,1276,0,1276
562022,Playing,945152,2679,27,67,0,0,18,1149,0,1276,0,1276
562267,Playing,855040,2423,27,67,0,0,18,1149,0,1276,0,1276
562515,Playing,773120,2191,27,67,0,0,18,1149,0,1276,0,1276
562765,Playing,683008,1935,27,67,0,0,18,1149,0,1276,0,1276
563012,Playing,887808,2516,27,67,0,0,18,1151,0,1276,0,1276
563262,Playing,805888,2284,27,67,0,0,18,1151,0,1276,0,1276
563510,Playing,715776,2028,27,67,0,0,18,1151,0,1276,0,1276
563758,Playing,625664,1773,27,67,0,0,18,1151,0,1276,0,1276
564007,Playing,838656,2377,27,67,0,0,18,1153,0,1276,0,1276
564259,Playing,748544,2121,27,67,0,0,18,1153,0,1276,0,1276
564507,Playing,658432,1866,27,67,0,0,18,1153,0,1276,0,1276
564755,Playing,568320,1610,27,67,0,0,18,1153,0,1276,0,1276
565004,Playing,799744,2266,27,67,0,0,18,1155,0,1276,0,1276
565273,Playing,701440,1988,27,67,0,0,18,1155,0,1276,0,1276
565514,Playing,619520,1756,27,67,0,0,18,1155,0,1276,0,1276
565765,Playing,529408,1500,27,67,0,0,18,1155,0,1276,0,1276
566013,Playing,724992,2054,27,67,0,0,18,1157,0,1276,0,1276
566261,Playing,643072,1822,27,67,0,0,18,1157,0,1276,0,1276
566509,Playing,552960,1567,27,67,0,0,18,1157,0,1276,0,1276
566759,Playing,462848,1311,27,67,0,0,18,1157,0,1276,0,1276
567006,Playing,657408,1863,27,67,0,0,18,1159,0,1276,0,1276
567256,Playing,567296,1607,27,67,0,0,18,1159,0,1276,0,1276
567506,Playing,477184,1352,27,67,0,0,18,1159,0,1276,0,1276
567755,Playing,395264,1120,27,67,0,0,18,1159,0,1276,0,1276
568003,Playing,581632,1648,27,67,0,0,18,1161,0,1276,0,1276
568251,Playing,491520,1393,27,67,0,0,18,1161,0,1276,0,1276
568563,Playing,385024,1091,27,67,0,0,18,1161,0,1276,0,1276
568810,Playing,294912,835,27,67,0,0,18,1161,0,1276,0,1276
569059,Playing,507904,1439,27,67,0,0,18,1163,0,1276,0,1276
569306,Playing,417792,1184,27,67,0,0,18,1163,0,1276,0,1276
569557,Playing,327680,928,27,67,0,0,18,1163,0,1276,0,1276
569806,Playing,237568,673,27,67,0,0,18,1163,0,1276,0,1276
570055,Playing,293888,833,27,67,0,0,18,1164,1132,1276,1133,1276
570303,Playing,369664,1047,27,67,0,0,18,1165,0,1276,0,1276
570552,Playing,279552,792,27,67,0,0,18,1165,0,1276,0,1276
570801,Playing,197632,560,27,67,0,0,18,1165,0,1276,0,1276
571048,Playing,393216,1114,27,67,0,0,18,1167,0,1276,0,1276
571297,Playing,303104,859,27,67,0,0,18,1167,0,1276,0,1276
571544,Playing,221184,626,27,67,0,0,18,1167,0,1276,0,1276
571793,Playing,131072,371,27,67,0,0,18,1167,0,1276,0,1276
572040,Playing,317440,899,27,67,0,0,18,1169,0,1276,0,1276
572289,Playing,235520,667,27,67,0,0,18,1169,0,1276,0,1276
572539,Playing,145408,412,27,67,0,0,18,1169,0,1276,0,1276
572788,Playing,55296,156,27,67,0,0,18,1169,0,1276,0,1276
573038,Playing,0,0,27,67,0,0,18,1169,0,1276,0,1276
573286,Buffering,221184,626,28,67,0,0,18,1171,0,1276,0,1276
573537,Buffering,221184,626,28,67,0,0,18,1171,0,1276,0,1276
573785,Buffering,221184,626,28,67,0,0,18,1171,0,1276,0,1276
574034,Buffering,221184,626,28,67,0,0,18,1171,0,1276,0,1276
574284,Buffering,368640,1044,28,68,0,0,18,1173,0,1276,0,1276
574534,Buffering,278528,789,28,68,0,0,18,1173,0,1276,0,1276
574782,Buffering,196608,557,28,68,0,0,18,1173,0,1276,0,1276
575030,Buffering,106496,301,28,68,0,0,18,1173,0,1276,0,1276
575280,Buffering,256000,725,28,68,0,0,18,1175,0,1276,0,1276
575529,Buffering,174080,493,28,68,0,0,18,1175,0,1276,0,1276
575778,Buffering,83968,238,28,68,0,0,18,1175,0,1276,0,1276
576029,Buffering,0,0,28,68,0,0,18,1175,0,1276,0,1276
576282,Buffering,239616,679,28,68,0,0,18,1177,0,1276,0,1276
576530,Buffering,239616,679,28,68,0,0,18,1177,0,1276,0,1276
576778,Buffering,239616,679,28,68,0,0,18,1177,0,1276,0,1276
577027,Buffering,239616,679,28,68,0,0,18,1177,0,1276,0,1276
577275,Buffering,456704,1294,28,69,0,0,18,1179,0,1276,0,1276
577526,Buffering,366592,1039,28,69,0,0,18,1179,0,1276,0,1276
577775,Buffering,276480,783,28,69,0,0,18,1179,0,1276,0,1276
578023,Buffering,194560,551,28,69,0,0,18,1179,0,1276,0,1276
578272,Buffering,362496,1027,28,69,0,0,18,1181,0,1276,0,1276
578520,Buffering,272384,772,28,69,0,0,18,1181,0,1276,0,1276
578767,Buffering,190464,539,28,69,0,0,18,1181,0,1276,0,1276
579017,Buffering,100352,284,28,69,0,0,18,1181,0,1276,0,1276
579266,Buffering,277504,786,28,69,0,0,18,1183,0,1276,0,1276
579516,Buffering,195584,554,28,69,0,0,18,1183,0,1276,0,1276
579767,Buffering,105472,298,28,69,0,0,18,1183,0,1276,0,1276
580014,Buffering,15360,43,28,69,0,0,18,1183,0,1276,0,1276
580263,Playing,260096,737,28,70,0,0,18,1185,0,1276,0,1276
580511,Playing,169984,481,28,70,0,0,18,1185,0,1276,0,1276
580760,Playing,79872,226,28,70,0,0,18,1185,0,1276,0,1276
581006,Playing,0,0,28,70,0,0,18,1185,0,1276,0,1276
581255,Playing,0,0,28,70,0,0,18,1185,0,1276,0,1276
581504,Buffering,285696,809,29,70,0,0,18,1187,0,1276,0,1276
581756,Buffering,285696,809,29,70,0,0,18,1187,0,1276,0,1276
582004,Buffering,285696,809,29,70,0,0,18,1187,0,1276,0,1276
582253,Buffering,285696,809,29,70,0,0,18,1187,0,1276,0,1276
582501,Buffering,523264,1483,29,71,0,0,18,1189,0,1276,0,1276
582750,Buffering,433152,1227,29,71,0,0,18,1189,0,1276,0,1276
583063,Buffering,318464,902,29,71,0,0,18,1189,0,1276,0,1276
583250,Buffering,252928,716,29,71,0,0,18,1189,0,1276,0,1276
583560,Buffering,441344,1250,29,71,0,0,18,1191,0,1276,0,1276
583809,Buffering,351232,995,29,71,0,0,18,1191,0,1276,0,1276
584055,Buffering,269312,763,29,71,0,0,18,1191,0,1276,0,1276
584302,Buffering,179200,507,29,71,0,0,18,1191,0,1276,0,1276
584552,Buffering,384000,1088,29,71,0,0,18,1193,0,1276,0,1276
584801,Buffering,302080,856,29,71,0,0,18,1193,0,1276,0,1276
585049,Buffering,211968,600,29,71,0,0,18,1193,0,1276,0,1276
585300,Buffering,121856,345,29,71,0,0,18,1193,0,1276,0,1276
585547,Buffering,353280,1001,29,71,0,0,18,1195,0,1276,0,1276
585796,Buffering,263168,745,29,71,0,0,18,1195,0,1276,0,1276
586044,Buffering,173056,490,29,71,0,0,18,1195,0,1276,0,1276
586292,Buffering,91136,258,29,71,0,0,18,1195,0,1276,0,1276
586541,Buffering,286720,812,29,71,0,0,18,1197,0,1276,0,1276
586788,Buffering,196608,557,29,71,0,0,18,1197,0,1276,0,1276
587038,Buffering,114688,325,29,71,0,0,18,1197,0,1276,0,1276
587288,Buffering,24576,69,29,71,0,0,18,1197,0,1276,0,1276
587537,Buffering,210944,597,29,71,0,0,18,1199,0,1276,0,1276
587785,Buffering,120832,342,29,71,0,0,18,1199,0,1276,0,1276
588034,Buffering,38912,110,29,71,0,0,18,1199,0,1276,0,1276
588282,Buffering,0,0,29,71,0,0,18,1199,0,1276,0,1276
588529,Playing,243712,690,29,72,0,0,18,1201,0,1276,0,1276
588776,Playing,153600,435,29,72,0,0,18,1201,0,1276,0,1276
589024,Playing,63488,179,29,72,0,0,18,1201,0,1276,0,1276
589273,Playing,0,0,29,72,0,0,18,1201,0,1276,0,1276
589522,Buffering,276480,783,30,72,0,0,18,1203,0,1276,0,1276
589771,Buffering,276480,783,30,72,0,0,18,1203,0,1276,0,1276
590018,Buffering,276480,783,30,72,0,0,18,1203,0,1276,0,1276
590267,Buffering,276480,783,30,72,0,0,18,1203,0,1276,0,1276
590515,Buffering,276480,783,30,72,0,0,18,1203,0,1276,0,1276
590763,Buffering,480256,1361,30,73,0,0,18,1205,0,1276,0,1276
591010,Buffering,398336,1129,30,73,0,0,18,1205,0,1276,0,1276
591260,Buffering,308224,873,30,73,0,0,18,1205,0,1276,0,1276
591509,Buffering,218112,618,30,73,0,0,18,1205,0,1276,0,1276
591759,Buffering,412672,1169,30,73,0,0,18,1207,0,1276,0,1276
592005,Buffering,322560,914,30,73,0,0,18,1207,0,1276,0,1276
592250,Buffering,232448,658,30,73,0,0,18,1207,0,1276,0,1276
592500,Buffering,150528,426,30,73,0,0,18,1207,0,1276,0,1276
592811,Buffering,321536,911,30,73,0,0,18,1209,0,1276,0,1276
593059,Buffering,239616,679,30,73,0,0,18,1209,0,1276,0,1276
593310,Buffering,149504,423,30,73,0,0,18,1209,0,1276,0,1276
593558,Buffering,280576,795,30,73,0,0,18,1211,0,1276,0,1276
593809,Buffering,190464,539,30,73,0,0,18,1211,0,1276,0,1276
594057,Buffering,108544,307,30,73,0,0,18,1211,0,1276,0,1276
594304,Buffering,18432,52,30,73,0,0,18,1211,0,1276,0,1276
594552,Buffering,0,0,30,73,0,0,18,1211,0,1276,0,1276
594800,Reconnecting,0,0,30,74,0,0,18,1212,1088,1276,1088,1276
595051,Reconnecting,0,0,30,74,0,0,18,1212,1088,1276,1088,1276
595303,Reconnecting,0,0,30,74,0,0,18,1212,1088,1276,1088,1276
595550,Reconnecting,0,0,30,74,0,0,18,1212,1088,1276,1088,1276
595802,Reconnecting,0,0,30,74,0,0,18,1212,1088,1276,1088,1276
596051,Reconnecting,0,0,30,74,0,0,18,1212,1088,1276,1088,1276
596301,Reconnecting,0,0,30,74,0,0,18,1212,1088,1276,1088,1276
596506,Reconnecting,0,0,30,74,0,0,18,1212,1088,1276,1088,1276
596751,Reconnecting,0,0,30,74,0,0,18,1212,1088,1276,1088,1276
597000,Reconnecting,0,0,30,74,0,0,18,1212,1088,1276,1088,1276
597310,Reconnecting,0,0,30,74,0,0,18,1212,1088,1276,1088,1276
597580,Reconnecting,0,0,30,74,0,0,18,1212,1088,1276,1088,1276
597761,Reconnecting,0,0,30,74,0,0,18,1212,1088,1276,1088,1276
598044,Reconnecting,0,0,30,74,0,0,18,1212,1088,1276,1088,1276
598307,Reconnecting,0,0,30,74,0,0,18,1212,1088,1276,1088,1276
598554,Reconnecting,0,0,30,74,0,0,18,1212,1088,1276,1088,1276
598805,Reconnecting,0,0,30,74,0,0,18,1212,1088,1276,1088,1276
599055,Reconnecting,0,0,30,74,0,0,18,1212,1088,1276,1088,1276
599302,Reconnecting,0,0,30,74,0,0,18,1212,1088,1276,1088,1276
599558,Reconnecting,0,0,30,74,0,0,18,1212,1088,1276,1088,1276
599799,Reconnecting,0,0,30,74,0,0,19,1212,1088,1276,1088,1276
600048,Reconnecting,0,0,30,74,0,0,19,1212,1088,1276,1088,1276
