t_ms,state,buffered_bytes,buffered_ms,underruns,resumes,play_failures,stream_rebuilds,sessions,chunk_reads,last_chunk_ms,max_chunk_ms,last_push_gap_ms,max_push_gap_ms
50,Off,0,0,0,0,0,0,1,0,0,0,0,0
254,Off,0,0,0,0,0,0,1,0,0,0,0,0
508,Off,0,0,0,0,0,0,1,0,0,0,0,0
760,Off,0,0,0,0,0,0,1,0,0,0,0,0
1014,Off,0,0,0,0,0,0,1,0,0,0,0,0
1270,Off,0,0,0,0,0,0,1,0,0,0,0,0
1522,Off,0,0,0,0,0,0,1,0,0,0,0,0
1776,Off,0,0,0,0,0,0,1,0,0,0,0,0
2028,Off,0,0,0,0,0,0,1,0,0,0,0,0
2281,Off,0,0,0,0,0,0,1,0,0,0,0,0
2535,Off,0,0,0,0,0,0,1,0,0,0,0,0
2788,Off,0,0,0,0,0,0,1,2,0,421,0,0
3005,Off,414720,1175,0,0,0,0,1,9,0,421,0,540
3255,Off,838656,2377,0,0,0,0,1,18,0,421,0,540
3504,Off,838656,2377,0,0,0,0,1,18,0,421,0,540
3758,Off,1059840,3004,0,0,0,0,1,22,0,421,0,540
4005,Off,1069056,3030,0,0,0,0,1,24,0,421,0,540
4255,Off,1069056,3030,0,0,0,0,1,24,0,421,0,540
4504,Off,1152000,3265,0,0,0,0,1,26,0,421,0,540
4754,Off,1281024,3631,0,0,0,0,1,27,390,421,390,540
5004,Off,1281024,3631,0,0,0,0,1,27,390,421,390,540
5251,Off,1308672,3709,0,0,0,0,1,28,407,421,407,540
5501,Off,1308672,3709,0,0,0,0,1,28,407,421,407,540
5755,Off,1410048,3996,0,0,0,0,1,29,395,421,395,540
6004,Playing,1423360,4034,0,0,0,0,1,30,412,421,412,540
6257,Playing,1341440,3802,0,0,0,0,1,30,412,421,412,540
6505,Playing,1278976,3625,0,0,0,0,1,31,391,421,391,540
6754,Playing,1234944,3500,0,0,0,0,1,32,397,421,397,540
7004,Playing,1144832,3244,0,0,0,0,1,32,397,421,397,540
7264,Playing,1091584,3094,0,0,0,0,1,33,398,421,398,540
7514,Playing,1121280,3178,0,0,0,0,1,34,400,421,400,540
7809,Playing,1022976,2899,0,0,0,0,1,34,400,421,400,540
8001,Playing,967680,2742,0,0,0,0,1,35,394,421,394,540
8251,Playing,885760,2510,0,0,0,0,1,35,394,421,394,540
8505,Playing,897024,2542,0,0,0,0,1,36,401,421,401,540
8754,Playing,834560,2365,0,0,0,0,1,37,416,421,417,540
9000,Playing,744448,2110,0,0,0,0,1,37,416,421,417,540
9263,Playing,764928,2168,0,0,0,0,1,38,391,421,392,540
9576,Playing,695296,1970,0,0,0,0,1,39,406,421,406,540
9765,Playing,629760,1785,0,0,0,0,1,39,406,421,406,540
10030,Playing,549888,1558,0,0,0,0,1,40,390,421,390,540
10285,Playing,459776,1303,0,0,0,0,1,40,390,421,390,540
10521,Playing,497664,1410,0,0,0,0,1,41,450,450,451,540
10782,Playing,435200,1233,0,0,0,0,1,42,352,450,352,540
11047,Playing,336896,954,0,0,0,0,1,42,352,450,352,540
11290,Playing,374784,1062,0,0,0,0,1,43,425,450,425,540
11523,Playing,311296,882,0,0,0,0,1,44,372,450,372,540
11793,Playing,212992,603,0,0,0,0,1,44,372,450,372,540
12059,Playing,234496,664,0,0,0,0,1,45,407,450,407,540
12317,Playing,144384,409,0,0,0,0,1,45,407,450,407,540
12551,Playing,108544,307,0,0,0,0,1,46,436,450,436,540
12755,Playing,53248,150,0,0,0,0,1,47,403,450,403,540
13093,Playing,0,0,0,0,0,0,1,47,403,450,403,540
13338,Buffering,46080,130,1,0,0,0,1,48,343,450,344,540
13540,Buffering,73728,208,1,0,0,0,1,49,399,450,399,540
13789,Buffering,73728,208,1,0,0,0,1,49,399,450,399,540
14007,Buffering,184320,522,1,0,0,0,1,50,402,450,402,540
14278,Buffering,184320,522,1,0,0,0,1,50,402,450,402,540
14639,Buffering,202752,574,1,0,0,0,1,51,413,450,413,540
14819,Buffering,313344,888,1,0,0,0,1,52,502,502,502,540
15072,Buffering,313344,888,1,0,0,0,1,52,502,502,502,540
15310,Buffering,350208,992,1,0,0,0,1,53,275,502,275,540
15548,Buffering,435200,1233,1,1,0,0,1,54,395,502,395,540
15775,Buffering,353280,1001,1,1,0,0,1,54,395,502,395,540
16019,Buffering,317440,899,1,1,0,0,1,55,411,502,411,540
16288,Buffering,219136,621,1,1,0,0,1,55,411,502,411,540
16528,Buffering,155648,441,1,1,0,0,1,56,412,502,412,540
16773,Buffering,185344,525,1,1,0,0,1,57,392,502,392,540
17023,Buffering,95232,269,1,1,0,0,1,57,392,502,392,540
17253,Buffering,40960,116,1,1,0,0,1,58,399,502,399,540
17513,Buffering,119808,339,1,1,0,0,1,59,387,502,388,540
17828,Buffering,119808,339,1,1,0,0,1,59,387,502,388,540
18031,Buffering,156672,444,1,1,0,0,1,60,430,502,430,540
18268,Buffering,156672,444,1,1,0,0,1,60,430,502,430,540
18518,Playing,185344,525,1,2,0,0,1,61,363,502,363,540
18805,Playing,106496,301,1,2,0,0,1,62,414,502,414,540
19048,Playing,24576,69,1,2,0,0,1,62,414,502,414,540
19255,Playing,0,0,1,2,0,0,1,63,388,502,388,540
19508,Buffering,36864,104,2,2,0,0,1,64,397,502,397,540
19773,Buffering,36864,104,2,2,0,0,1,64,397,502,397,540
20042,Buffering,55296,156,2,2,0,0,1,65,401,502,401,540
20296,Buffering,175104,496,2,2,0,0,1,66,404,502,404,540
20525,Buffering,175104,496,2,2,0,0,1,66,404,502,404,540
20765,Buffering,211968,600,2,2,0,0,1,67,409,502,409,540
21006,Buffering,211968,600,2,2,0,0,1,67,409,502,409,540
21255,Buffering,313344,888,2,2,0,0,1,68,385,502,385,540
21505,Buffering,340992,966,2,2,0,0,1,69,404,502,404,540
21755,Buffering,340992,966,2,2,0,0,1,69,404,502,404,540
22025,Buffering,410624,1163,2,3,0,0,1,70,392,502,392,540
22285,Buffering,349184,989,2,3,0,0,1,71,393,502,393,540
22533,Buffering,267264,757,2,3,0,0,1,71,393,502,393,540
22781,Buffering,204800,580,2,3,0,0,1,72,398,502,399,540
23029,Buffering,114688,325,2,3,0,0,1,72,398,502,399,540
23279,Buffering,78848,223,2,3,0,0,1,73,398,502,398,540
23531,Buffering,16384,46,2,3,0,0,1,74,398,502,398,540
23780,Buffering,0,0,2,3,0,0,1,74,398,502,398,540
24032,Buffering,64512,182,2,3,0,0,1,75,398,502,398,540
24280,Buffering,92160,261,2,3,0,0,1,76,400,502,400,540
24529,Buffering,92160,261,2,3,0,0,1,76,400,502,400,540
24781,Playing,179200,507,2,4,0,0,1,77,401,502,401,540
25034,Playing,89088,252,2,4,0,0,1,77,401,502,401,540
25285,Playing,35840,101,2,4,0,0,1,78,404,502,404,540
25543,Buffering,110592,313,3,4,0,0,1,79,393,502,393,540
25791,Buffering,110592,313,3,4,0,0,1,79,393,502,393,540
26038,Buffering,138240,391,3,4,0,0,1,80,397,502,397,540
26285,Buffering,165888,470,3,4,0,0,1,81,397,502,397,540
26535,Buffering,165888,470,3,4,0,0,1,81,397,502,397,540
26802,Buffering,285696,809,3,4,0,0,1,82,402,502,402,540
27049,Buffering,285696,809,3,4,0,0,1,82,402,502,402,540
27304,Buffering,304128,862,3,4,0,0,1,83,397,502,397,540
27550,Buffering,390144,1105,3,5,0,0,1,84,398,502,399,540
27799,Buffering,300032,850,3,5,0,0,1,84,398,502,399,540
28050,Buffering,246784,699,3,5,0,0,1,85,399,502,399,540
28298,Buffering,276480,783,3,5,0,0,1,86,399,502,399,540
28547,Buffering,194560,551,3,5,0,0,1,86,399,502,399,540
28797,Buffering,132096,374,3,5,0,0,1,87,396,502,396,540
29045,Buffering,41984,119,3,5,0,0,1,87,396,502,396,540
29293,Buffering,0,0,3,5,0,0,1,88,418,502,418,540
29544,Buffering,46080,130,3,5,0,0,1,89,384,502,384,540
29794,Buffering,46080,130,3,5,0,0,1,89,384,502,384,540
30045,Buffering,73728,208,3,5,0,0,1,90,397,502,397,540
30296,Buffering,138240,391,3,5,0,0,1,91,399,502,400,540
30544,Buffering,138240,391,3,5,0,0,1,91,399,502,400,540
30793,Reconnecting,0,0,3,6,0,0,1,92,402,502,402,540
31042,Reconnecting,0,0,3,6,0,0,1,92,402,502,402,540
31290,Reconnecting,0,0,3,6,0,0,1,92,402,502,402,540
31542,Reconnecting,0,0,3,6,0,0,1,92,402,502,402,540
31792,Reconnecting,0,0,3,6,0,0,1,92,402,502,402,540
32042,Reconnecting,0,0,3,6,0,0,1,92,402,502,402,540
32292,Reconnecting,0,0,3,6,0,0,1,92,402,502,402,540
32540,Reconnecting,0,0,3,6,0,0,1,92,402,502,402,540
32790,Reconnecting,0,0,3,6,0,0,1,92,402,502,402,540
33040,Reconnecting,0,0,3,6,0,0,1,92,402,502,402,540
33288,Reconnecting,0,0,3,6,0,0,1,92,402,502,402,540
33538,Reconnecting,0,0,3,6,0,0,1,92,402,502,402,540
33789,Reconnecting,0,0,3,6,0,0,1,92,402,502,402,540
34038,Reconnecting,0,0,3,6,0,0,1,92,402,502,402,540
34288,Reconnecting,0,0,3,6,0,0,1,92,402,502,402,540
34537,Reconnecting,0,0,3,6,0,0,1,92,402,502,402,540
34787,Reconnecting,0,0,3,6,0,0,1,92,402,502,402,540
35037,Reconnecting,0,0,3,6,0,0,1,92,402,502,402,540
35287,Reconnecting,0,0,3,6,0,0,1,92,402,502,402,540
35535,Reconnecting,0,0,3,6,0,0,1,92,402,502,402,540
35784,Reconnecting,0,0,3,6,0,0,2,92,402,502,402,540
36038,Reconnecting,0,0,3,6,0,0,2,92,402,502,402,540
36285,Reconnecting,0,0,3,6,0,0,2,92,402,502,402,540
36535,Reconnecting,0,0,3,6,0,0,2,92,402,502,402,540
36788,Reconnecting,0,0,3,6,0,0,2,92,402,502,402,540
37038,Reconnecting,0,0,3,6,0,0,2,92,402,502,402,540
37289,Reconnecting,0,0,3,6,0,0,2,92,402,502,402,540
37541,Reconnecting,0,0,3,6,0,0,2,92,402,502,402,540
37789,Reconnecting,0,0,3,6,0,0,2,92,402,502,402,540
38038,Reconnecting,64512,182,3,6,0,0,2,96,0,502,541,541
38289,Reconnecting,405504,1149,3,6,0,0,2,103,0,502,0,541
38535,Reconnecting,764928,2168,3,6,0,0,2,110,0,502,0,541
38783,Reconnecting,976896,2768,3,6,0,0,2,114,0,502,0,541
39034,Reconnecting,976896,2768,3,6,0,0,2,114,0,502,0,541
39307,Reconnecting,986112,2795,3,6,0,0,2,116,1,502,1,541
39557,Reconnecting,1069056,3030,3,6,0,0,2,118,0,502,0,541
39806,Reconnecting,1069056,3030,3,6,0,0,2,118,0,502,0,541
40055,Reconnecting,1198080,3395,3,6,0,0,2,119,395,502,395,541
40301,Reconnecting,1216512,3448,3,6,0,0,2,120,398,502,398,541
40552,Reconnecting,1216512,3448,3,6,0,0,2,120,398,502,398,541
40801,Reconnecting,1327104,3761,3,6,0,0,2,121,398,502,399,541
41050,Reconnecting,1327104,3761,3,6,0,0,2,121,398,502,399,541
41301,Reconnecting,1363968,3866,3,6,0,0,2,122,403,502,403,541
41502,Reconnecting,1391616,3944,3,6,0,0,2,123,398,502,398,541
41752,Reconnecting,1391616,3944,3,6,0,0,2,123,398,502,398,541
42063,Playing,1354752,3840,3,6,0,0,2,124,396,502,397,541
42313,Playing,1283072,3636,3,6,0,0,2,125,397,502,397,541
42508,Playing,1217536,3451,3,6,0,0,2,125,397,502,397,541
42782,Playing,1248256,3538,3,6,0,0,2,126,398,502,398,541
43027,Playing,1166336,3305,3,6,0,0,2,126,398,502,398,541
43277,Playing,1094656,3102,3,6,0,0,2,127,400,502,400,541
43530,Playing,1124352,3186,3,6,0,0,2,128,398,502,398,541
43780,Playing,1034240,2931,3,6,0,0,2,128,398,502,398,541
44027,Playing,979968,2777,3,6,0,0,2,129,400,502,400,541
44276,Playing,991232,2809,3,6,0,0,2,130,399,502,400,541
44522,Playing,901120,2554,3,6,0,0,2,130,399,502,400,541
44771,Playing,865280,2452,3,6,0,0,2,131,391,502,391,541
45022,Playing,775168,2197,3,6,0,0,2,131,391,502,391,541
45269,Playing,712704,2020,3,6,0,0,2,132,403,502,403,541
45518,Playing,686080,1944,3,6,0,0,2,133,396,502,396,541
45765,Playing,595968,1689,3,6,0,0,2,133,396,502,396,541
46018,Playing,533504,1512,3,6,0,0,2,134,406,502,406,541
46264,Playing,563200,1596,3,6,0,0,2,135,396,502,397,541
46517,Playing,473088,1340,3,6,0,0,2,135,396,502,397,541
46767,Playing,428032,1213,3,6,0,0,2,136,401,502,401,541
47017,Playing,337920,957,3,6,0,0,2,136,401,502,401,541
47264,Playing,358400,1015,3,6,0,0,2,137,404,502,404,541
47518,Playing,295936,838,3,6,0,0,2,138,392,502,392,541
47769,Playing,214016,606,3,6,0,0,2,138,392,502,392,541
48014,Playing,225280,638,3,6,0,0,2,139,395,502,395,541
48268,Playing,172032,487,3,6,0,0,2,140,401,502,401,541
48514,Playing,90112,255,3,6,0,0,2,140,401,502,401,541
48763,Playing,27648,78,3,6,0,0,2,141,401,502,401,541
49010,Playing,0,0,3,6,0,0,2,141,401,502,401,541
49258,Buffering,119808,339,4,6,0,0,2,142,401,502,401,541
49507,Buffering,156672,444,4,6,0,0,2,143,397,502,397,541
49757,Buffering,156672,444,4,6,0,0,2,143,397,502,397,541
50005,Buffering,267264,757,4,6,0,0,2,144,399,502,400,541
50254,Buffering,267264,757,4,6,0,0,2,144,399,502,400,541
50505,Buffering,285696,809,4,6,0,0,2,145,401,502,401,541
50760,Buffering,363520,1030,4,7,0,0,2,146,399,502,399,541
51010,Buffering,273408,774,4,7,0,0,2,146,399,502,399,541
51259,Buffering,220160,624,4,7,0,0,2,147,402,502,402,541
51510,Buffering,157696,446,4,7,0,0,2,148,398,502,398,541
51760,Buffering,75776,214,4,7,0,0,2,148,398,502,398,541
52012,Buffering,31744,89,4,7,0,0,2,149,407,502,407,541
52259,Buffering,36864,104,4,7,0,0,2,150,390,502,390,541
52509,Buffering,36864,104,4,7,0,0,2,150,390,502,390,541
52756,Buffering,156672,444,4,7,0,0,2,151,398,502,398,541
53005,Buffering,156672,444,4,7,0,0,2,151,398,502,398,541
53257,Buffering,175104,496,4,7,0,0,2,152,398,502,398,541
53510,Buffering,285696,809,4,7,0,0,2,153,399,502,399,541
53777,Buffering,285696,809,4,7,0,0,2,153,399,502,399,541
54027,Buffering,322560,914,4,7,0,0,2,154,396,502,396,541
54275,Buffering,415744,1178,4,8,0,0,2,155,398,502,399,541
54541,Buffering,317440,899,4,8,0,0,2,155,398,502,399,541
54792,Buffering,264192,748,4,8,0,0,2,156,401,502,401,541
55043,Buffering,174080,493,4,8,0,0,2,156,401,502,401,541
55292,Buffering,110592,313,4,8,0,0,2,157,403,502,403,541
55544,Buffering,140288,397,4,8,0,0,2,158,399,502,400,541
55794,Buffering,50176,142,4,8,0,0,2,158,399,502,400,541
56046,Buffering,0,0,4,8,0,0,2,159,394,502,394,541
56294,Playing,112640,319,4,9,0,0,2,160,403,502,403,541
56547,Playing,22528,63,4,9,0,0,2,160,403,502,403,541
56792,Buffering,18432,52,5,9,0,0,2,161,396,502,396,541
57042,Buffering,18432,52,5,9,0,0,2,161,396,502,396,541
57289,Buffering,129024,365,5,9,0,0,2,162,399,502,400,541
57539,Buffering,165888,470,5,9,0,0,2,163,396,502,397,541
57789,Buffering,165888,470,5,9,0,0,2,163,396,502,397,541
58039,Buffering,193536,548,5,9,0,0,2,164,401,502,401,541
58288,Buffering,239616,679,5,9,0,0,2,165,399,502,399,541
58538,Buffering,239616,679,5,9,0,0,2,165,399,502,399,541
58790,Buffering,276480,783,5,9,0,0,2,166,402,502,402,541
59035,Buffering,276480,783,5,9,0,0,2,166,402,502,402,541
59285,Buffering,305152,864,5,10,0,0,2,167,395,502,395,541
59534,Buffering,233472,661,5,10,0,0,2,168,398,502,398,541
59785,Buffering,143360,406,5,10,0,0,2,168,398,502,398,541
60035,Buffering,163840,464,5,10,0,0,2,169,399,502,399,541
60284,Buffering,118784,336,5,10,0,0,2,170,399,502,399,541
60534,Buffering,28672,81,5,10,0,0,2,170,399,502,399,541
60780,Buffering,110592,313,5,10,0,0,2,171,396,502,397,541
61031,Buffering,110592,313,5,10,0,0,2,171,396,502,397,541
61283,Buffering,138240,391,5,10,0,0,2,172,406,502,406,541
61532,Buffering,165888,470,5,10,0,0,2,173,394,502,394,541
61783,Buffering,165888,470,5,10,0,0,2,173,394,502,394,541
62031,Playing,220160,624,5,11,0,0,2,174,402,502,402,541
62284,Playing,157696,446,5,11,0,0,2,175,404,502,404,541
62547,Playing,59392,168,5,11,0,0,2,175,404,502,404,541
62801,Playing,89088,252,5,11,0,0,2,176,391,502,391,541
63052,Playing,34816,98,5,11,0,0,2,177,404,502,404,541
63305,Playing,0,0,5,11,0,0,2,177,404,502,404,541
63572,Buffering,110592,313,6,11,0,0,2,178,397,502,398,541
63759,Buffering,110592,313,6,11,0,0,2,178,397,502,398,541
64008,Buffering,138240,391,6,11,0,0,2,179,395,502,395,541
64259,Buffering,175104,496,6,11,0,0,2,180,400,502,400,541
64507,Buffering,175104,496,6,11,0,0,2,180,400,502,400,541
64756,Buffering,211968,600,6,11,0,0,2,181,399,502,399,541
65004,Buffering,211968,600,6,11,0,0,2,181,399,502,399,541
65252,Buffering,239616,679,6,11,0,0,2,182,404,502,404,541
65500,Buffering,334848,949,6,12,0,0,2,183,393,502,393,541
65754,Buffering,244736,693,6,12,0,0,2,183,393,502,393,541
66004,Buffering,191488,542,6,12,0,0,2,184,402,502,403,541
66252,Buffering,229376,650,6,12,0,0,2,185,399,502,399,541
66502,Buffering,139264,394,6,12,0,0,2,185,399,502,399,541
66756,Buffering,67584,191,6,12,0,0,2,186,409,502,409,541
67004,Buffering,0,0,6,12,0,0,2,186,409,502,409,541
67252,Buffering,110592,313,6,12,0,0,2,187,386,502,386,541
67503,Buffering,138240,391,6,12,0,0,2,188,396,502,396,541
67752,Buffering,138240,391,6,12,0,0,2,188,396,502,396,541
68001,Buffering,165888,470,6,12,0,0,2,189,400,502,400,541
68311,Buffering,202752,574,6,12,0,0,2,190,397,502,398,541
68560,Buffering,202752,574,6,12,0,0,2,190,397,502,398,541
68809,Reconnecting,0,0,6,13,0,0,2,191,397,502,397,541
69059,Reconnecting,0,0,6,13,0,0,2,191,397,502,397,541
69309,Reconnecting,0,0,6,13,0,0,2,191,397,502,397,541
69558,Reconnecting,0,0,6,13,0,0,2,191,397,502,397,541
69809,Reconnecting,0,0,6,13,0,0,2,191,397,502,397,541
70068,Reconnecting,0,0,6,13,0,0,2,191,397,502,397,541
70252,Reconnecting,0,0,6,13,0,0,2,191,397,502,397,541
70556,Reconnecting,0,0,6,13,0,0,2,191,397,502,397,541
70806,Reconnecting,0,0,6,13,0,0,2,191,397,502,397,541
71059,Reconnecting,0,0,6,13,0,0,2,191,397,502,397,541
71305,Reconnecting,0,0,6,13,0,0,2,191,397,502,397,541
71555,Reconnecting,0,0,6,13,0,0,2,191,397,502,397,541
71807,Reconnecting,0,0,6,13,0,0,2,191,397,502,397,541
72059,Reconnecting,0,0,6,13,0,0,2,191,397,502,397,541
72308,Reconnecting,0,0,6,13,0,0,2,191,397,502,397,541
72560,Reconnecting,0,0,6,13,0,0,2,191,397,502,397,541
72752,Reconnecting,0,0,6,13,0,0,2,191,397,502,397,541
73064,Reconnecting,0,0,6,13,0,0,2,191,397,502,397,541
73251,Reconnecting,0,0,6,13,0,0,2,191,397,502,397,541
73505,Reconnecting,0,0,6,13,0,0,2,191,397,502,397,541
73755,Reconnecting,0,0,6,13,0,0,3,191,397,502,397,541
74004,Reconnecting,0,0,6,13,0,0,3,191,397,502,397,541
74255,Reconnecting,0,0,6,13,0,0,3,191,397,502,397,541
74502,Reconnecting,0,0,6,13,0,0,3,191,397,502,397,541
74754,Reconnecting,0,0,6,13,0,0,3,191,397,502,397,541
75002,Reconnecting,0,0,6,13,0,0,3,191,397,502,397,541
75313,Reconnecting,0,0,6,13,0,0,3,191,397,502,397,541
75559,Reconnecting,0,0,6,13,0,0,3,191,397,502,397,541
75810,Reconnecting,0,0,6,13,0,0,3,193,5,502,397,541
76064,Reconnecting,0,0,6,13,0,0,3,196,42,502,397,541
76260,Reconnecting,0,0,6,13,0,0,3,196,42,502,397,541
76509,Reconnecting,0,0,6,13,0,0,3,196,42,502,397,541
76764,Reconnecting,0,0,6,13,0,0,3,196,42,502,397,541
77008,Reconnecting,0,0,6,13,0,0,3,196,42,502,397,541
77256,Reconnecting,0,0,6,13,0,0,3,196,42,502,397,541
77510,Reconnecting,0,0,6,13,0,0,3,196,42,502,397,541
77760,Reconnecting,0,0,6,13,0,0,3,196,42,502,397,541
78006,Reconnecting,0,0,6,13,0,0,3,196,42,502,397,541
78264,Reconnecting,0,0,6,13,0,0,3,196,42,502,397,541
78543,Reconnecting,0,0,6,13,0,0,3,196,42,502,397,541
78750,Reconnecting,0,0,6,13,0,0,3,196,42,502,397,541
79013,Reconnecting,0,0,6,13,0,0,3,196,42,502,397,541
79259,Reconnecting,0,0,6,13,0,0,3,196,42,502,397,541
79508,Reconnecting,0,0,6,13,0,0,3,196,42,502,397,541
79760,Reconnecting,0,0,6,13,0,0,3,196,42,502,397,541
80013,Reconnecting,0,0,6,13,0,0,3,196,42,502,397,541
80259,Reconnecting,0,0,6,13,0,0,3,196,42,502,397,541
80515,Reconnecting,0,0,6,13,0,0,3,196,42,502,397,541
80790,Reconnecting,0,0,6,13,0,0,3,196,42,502,397,541
81023,Reconnecting,0,0,6,13,0,0,4,196,42,502,397,541
81267,Reconnecting,0,0,6,13,0,0,4,196,42,502,397,541
81518,Reconnecting,0,0,6,13,0,0,4,196,42,502,397,541
81792,Reconnecting,0,0,6,13,0,0,4,196,42,502,397,541
82043,Reconnecting,0,0,6,13,0,0,4,196,42,502,397,541
82306,Reconnecting,0,0,6,13,0,0,4,196,42,502,397,541
82555,Reconnecting,0,0,6,13,0,0,4,196,42,502,397,541
82802,Reconnecting,0,0,6,13,0,0,4,196,42,502,397,541
83052,Reconnecting,0,0,6,13,0,0,4,196,42,502,397,541
83306,Reconnecting,0,0,6,13,0,0,4,198,0,502,397,541
83552,Reconnecting,239616,679,6,13,0,0,4,205,0,502,0,561
83810,Reconnecting,635904,1802,6,13,0,0,4,214,1,502,1,561
84052,Reconnecting,847872,2403,6,13,0,0,4,218,0,502,0,561
84305,Reconnecting,847872,2403,6,13,0,0,4,218,0,502,0,561
84556,Reconnecting,847872,2403,6,13,0,0,4,220,0,502,0,561
84806,Reconnecting,930816,2638,6,13,0,0,4,222,2,502,2,561
85059,Reconnecting,930816,2638,6,13,0,0,4,222,2,502,2,561
85304,Reconnecting,1050624,2977,6,13,0,0,4,223,392,502,392,561
85552,Reconnecting,1050624,2977,6,13,0,0,4,223,392,502,392,561
85805,Reconnecting,1069056,3030,6,13,0,0,4,224,386,502,386,561
86055,Reconnecting,1179648,3343,6,13,0,0,4,225,398,502,399,561
86306,Reconnecting,1179648,3343,6,13,0,0,4,225,398,502,399,561
86556,Reconnecting,1216512,3448,6,13,0,0,4,226,420,502,421,561
86809,Reconnecting,1244160,3526,6,13,0,0,4,227,399,502,399,561
87055,Reconnecting,1244160,3526,6,13,0,0,4,227,399,502,399,561
87304,Reconnecting,1345536,3813,6,13,0,0,4,228,387,502,388,561
87554,Reconnecting,1345536,3813,6,13,0,0,4,228,387,502,388,561
87760,Reconnecting,1382400,3918,6,13,0,0,4,229,404,502,404,561
88022,Playing,1494016,4234,6,13,0,0,4,230,403,502,404,561
88272,Playing,1412096,4002,6,13,0,0,4,230,403,502,404,561
88521,Playing,1358848,3851,6,13,0,0,4,231,397,502,397,561
88771,Playing,1268736,3596,6,13,0,0,4,231,397,502,397,561
89019,Playing,1280000,3628,6,13,0,0,4,232,387,502,388,561
89276,Playing,1217536,3451,6,13,0,0,4,233,395,502,395,561
89517,Playing,1135616,3218,6,13,0,0,4,233,395,502,395,561
89784,Playing,1138688,3227,6,13,0,0,4,234,396,502,396,561
90040,Playing,1094656,3102,6,13,0,0,4,235,407,502,407,561
90289,Playing,1012736,2870,6,13,0,0,4,235,407,502,407,561
90535,Playing,959488,2719,6,13,0,0,4,236,395,502,395,561
90788,Playing,979968,2777,6,13,0,0,4,237,404,502,404,561
91038,Playing,889856,2522,6,13,0,0,4,237,404,502,404,561
91280,Playing,844800,2394,6,13,0,0,4,238,405,502,405,561
91532,Playing,754688,2139,6,13,0,0,4,238,405,502,405,561
91784,Playing,793600,2249,6,13,0,0,4,239,393,502,393,561
92034,Playing,730112,2069,6,13,0,0,4,240,401,502,402,561
92284,Playing,640000,1814,6,13,0,0,4,240,401,502,402,561
92534,Playing,660480,1872,6,13,0,0,4,241,394,502,394,561
92785,Playing,570368,1616,6,13,0,0,4,241,394,502,394,561
93033,Playing,525312,1488,6,13,0,0,4,242,407,502,408,561
93283,Playing,462848,1311,6,13,0,0,4,243,395,502,395,561
93534,Playing,372736,1056,6,13,0,0,4,243,395,502,395,561
93790,Playing,328704,931,6,13,0,0,4,244,394,502,394,561
94032,Playing,265216,751,6,13,0,0,4,245,401,502,401,561
94280,Playing,175104,496,6,13,0,0,4,245,401,502,401,561
94530,Playing,214016,606,6,13,0,0,4,246,408,502,409,561
94779,Playing,150528,426,6,13,0,0,4,247,388,502,388,561
95029,Playing,60416,171,6,13,0,0,4,247,388,502,388,561
95275,Playing,80896,229,6,13,0,0,4,248,413,502,413,561
95555,Playing,0,0,6,13,0,0,4,248,413,502,413,561
95805,Buffering,36864,104,7,13,0,0,4,249,397,502,397,561
96052,Buffering,138240,391,7,13,0,0,4,250,391,502,391,561
96301,Buffering,138240,391,7,13,0,0,4,250,391,502,391,561
96559,Buffering,193536,548,7,13,0,0,4,251,407,502,407,561
96809,Buffering,211968,600,7,13,0,0,4,252,389,502,389,561
97055,Buffering,211968,600,7,13,0,0,4,252,389,502,389,561
97310,Buffering,267264,757,7,13,0,0,4,253,412,502,412,561
97558,Buffering,267264,757,7,13,0,0,4,253,412,502,412,561
97830,Buffering,294912,835,7,13,0,0,4,254,383,502,383,561
98018,Buffering,389120,1102,7,14,0,0,4,255,404,502,404,561
98263,Buffering,307200,870,7,14,0,0,4,255,404,502,404,561
98514,Buffering,244736,693,7,14,0,0,4,256,396,502,396,561
98760,Buffering,154624,438,7,14,0,0,4,256,396,502,396,561
99010,Buffering,175104,496,7,14,0,0,4,257,395,502,396,561
99264,Buffering,139264,394,7,14,0,0,4,258,419,502,419,561
99510,Buffering,49152,139,7,14,0,0,4,258,419,502,419,561
99767,Buffering,0,0,7,14,0,0,4,259,385,502,386,561
100019,Buffering,36864,104,7,14,0,0,4,260,400,502,400,561
100272,Buffering,36864,104,7,14,0,0,4,260,400,502,400,561
100585,Buffering,64512,182,7,14,0,0,4,261,416,502,416,561
100776,Buffering,64512,182,7,14,0,0,4,261,416,502,416,561
101018,Playing,102400,290,7,15,0,0,4,262,388,502,389,561
101267,Playing,39936,113,7,15,0,0,4,263,388,502,388,561
101521,Playing,0,0,7,15,0,0,4,263,388,502,388,561
101771,Buffering,110592,313,8,15,0,0,4,264,394,502,394,561
102022,Buffering,138240,391,8,15,0,0,4,265,399,502,399,561
102271,Buffering,138240,391,8,15,0,0,4,265,399,502,399,561
102521,Buffering,258048,731,8,15,0,0,4,266,405,502,405,561
102800,Buffering,294912,835,8,15,0,0,4,267,398,502,398,561
103047,Buffering,294912,835,8,15,0,0,4,267,398,502,398,561
103296,Buffering,322560,914,8,15,0,0,4,268,399,502,399,561
103546,Buffering,322560,914,8,15,0,0,4,268,399,502,399,561
103796,Buffering,286720,812,8,16,0,0,4,269,401,502,401,561
104047,Buffering,233472,661,8,16,0,0,4,270,398,502,399,561
104296,Buffering,151552,429,8,16,0,0,4,270,398,502,399,561
104546,Buffering,172032,487,8,16,0,0,4,271,400,502,400,561
104796,Buffering,109568,310,8,16,0,0,4,272,396,502,396,561
105046,Buffering,19456,55,8,16,0,0,4,272,396,502,396,561
105296,Buffering,119808,339,8,16,0,0,4,273,407,502,407,561
105546,Buffering,119808,339,8,16,0,0,4,273,407,502,407,561
105794,Buffering,147456,417,8,16,0,0,4,274,390,502,390,561
106043,Buffering,248832,705,8,16,0,0,4,275,394,502,394,561
106293,Buffering,248832,705,8,16,0,0,4,275,394,502,394,561
106542,Buffering,276480,783,8,16,0,0,4,276,399,502,400,561
106792,Playing,287744,815,8,17,0,0,4,277,398,502,399,561
107042,Playing,205824,583,8,17,0,0,4,277,398,502,399,561
107289,Playing,235520,667,8,17,0,0,4,278,402,502,402,561
107539,Playing,145408,412,8,17,0,0,4,278,402,502,402,561
107789,Playing,73728,208,8,17,0,0,4,279,399,502,400,561
108042,Playing,120832,342,8,17,0,0,4,280,404,502,405,561
108289,Playing,30720,87,8,17,0,0,4,280,404,502,405,561
108541,Playing,0,0,8,17,0,0,4,281,387,502,387,561
108790,Buffering,119808,339,9,17,0,0,4,282,400,502,400,561
109038,Buffering,119808,339,9,17,0,0,4,282,400,502,400,561
109291,Buffering,147456,417,9,17,0,0,4,283,404,502,404,561
109537,Buffering,147456,417,9,17,0,0,4,283,404,502,404,561
109787,Buffering,184320,522,9,17,0,0,4,284,398,502,398,561
110035,Buffering,230400,653,9,17,0,0,4,285,398,502,398,561
110285,Buffering,230400,653,9,17,0,0,4,285,398,502,398,561
110539,Buffering,258048,731,9,17,0,0,4,286,404,502,405,561
110814,Buffering,370688,1050,9,18,0,0,4,287,404,502,405,561
111005,Buffering,305152,864,9,18,0,0,4,287,404,502,405,561
111255,Buffering,242688,687,9,18,0,0,4,288,386,502,386,561
111505,Buffering,152576,432,9,18,0,0,4,288,386,502,386,561
111754,Buffering,181248,513,9,18,0,0,4,289,400,502,400,561
112001,Buffering,109568,310,9,18,0,0,4,290,394,502,394,561
112255,Buffering,19456,55,9,18,0,0,4,290,394,502,394,561
112504,Buffering,110592,313,9,18,0,0,4,291,400,502,401,561
112783,Buffering,147456,417,9,18,0,0,4,292,399,502,399,561
113033,Buffering,147456,417,9,18,0,0,4,292,399,502,399,561
113283,Buffering,175104,496,9,18,0,0,4,293,399,502,399,561
113534,Buffering,175104,496,9,18,0,0,4,293,399,502,399,561
113788,Buffering,211968,600,9,18,0,0,4,294,398,502,398,561
114037,Reconnecting,0,0,9,19,0,0,4,295,402,502,402,561
114287,Reconnecting,0,0,9,19,0,0,4,295,402,502,402,561
114537,Reconnecting,0,0,9,19,0,0,4,295,402,502,402,561
114784,Reconnecting,0,0,9,19,0,0,4,295,402,502,402,561
115037,Reconnecting,0,0,9,19,0,0,4,295,402,502,402,561
115284,Reconnecting,0,0,9,19,0,0,4,295,402,502,402,561
115533,Reconnecting,0,0,9,19,0,0,4,295,402,502,402,561
115784,Reconnecting,0,0,9,19,0,0,4,295,402,502,402,561
116050,Reconnecting,0,0,9,19,0,0,4,295,402,502,402,561
116300,Reconnecting,0,0,9,19,0,0,4,295,402,502,402,561
116547,Reconnecting,0,0,9,19,0,0,4,295,402,502,402,561
116797,Reconnecting,0,0,9,19,0,0,4,295,402,502,402,561
117046,Reconnecting,0,0,9,19,0,0,4,295,402,502,402,561
117296,Reconnecting,0,0,9,19,0,0,4,295,402,502,402,561
117547,Reconnecting,0,0,9,19,0,0,4,295,402,502,402,561
117796,Reconnecting,0,0,9,19,0,0,4,295,402,502,402,561
118050,Reconnecting,0,0,9,19,0,0,4,295,402,502,402,561
118317,Reconnecting,0,0,9,19,0,0,4,295,402,502,402,561
118510,Reconnecting,0,0,9,19,0,0,4,295,402,502,402,561
118752,Reconnecting,0,0,9,19,0,0,4,295,402,502,402,561
119017,Reconnecting,0,0,9,19,0,0,5,295,402,502,402,561
119276,Reconnecting,0,0,9,19,0,0,5,295,402,502,402,561
119517,Reconnecting,0,0,9,19,0,0,5,295,402,502,402,561
119779,Reconnecting,0,0,9,19,0,0,5,295,402,502,402,561
120027,Reconnecting,0,0,9,19,0,0,5,295,402,502,402,561
120280,Reconnecting,0,0,9,19,0,0,5,295,402,502,402,561
120533,Reconnecting,0,0,9,19,0,0,5,295,402,502,402,561
120781,Reconnecting,0,0,9,19,0,0,5,295,402,502,402,561
121029,Reconnecting,0,0,9,19,0,0,5,295,402,502,402,561
121276,Reconnecting,129024,365,9,19,0,0,5,297,0,502,0,561
121534,Reconnecting,525312,1488,9,19,0,0,5,304,0,502,0,561
121797,Reconnecting,930816,2638,9,19,0,0,5,313,0,502,0,561
122014,Reconnecting,930816,2638,9,19,0,0,5,313,0,502,0,561
122259,Reconnecting,1142784,3239,9,19,0,0,5,317,5,502,5,561
122510,Reconnecting,1152000,3265,9,19,0,0,5,319,0,502,0,561
122768,Reconnecting,1152000,3265,9,19,0,0,5,319,0,502,0,561
123038,Reconnecting,1244160,3526,9,19,0,0,5,321,6,502,6,561
123289,Reconnecting,1363968,3866,9,19,0,0,5,322,381,502,381,561
123555,Reconnecting,1363968,3866,9,19,0,0,5,322,381,502,381,561
123751,Reconnecting,1382400,3918,9,19,0,0,5,323,403,502,404,561
124007,Reconnecting,1382400,3918,9,19,0,0,5,323,403,502,404,561
124259,Playing,1401856,3973,9,19,0,0,5,324,398,502,399,561
124513,Playing,1357824,3848,9,19,0,0,5,325,396,502,397,561
124759,Playing,1275904,3616,9,19,0,0,5,325,396,502,397,561
125008,Playing,1213440,3439,9,19,0,0,5,326,399,502,399,561
125259,Playing,1160192,3288,9,19,0,0,5,327,400,502,400,561
125510,Playing,1070080,3033,9,19,0,0,5,327,400,502,400,561
125784,Playing,999424,2832,9,19,0,0,5,328,399,502,399,561
126050,Playing,1029120,2917,9,19,0,0,5,329,399,502,400,561
126293,Playing,939008,2661,9,19,0,0,5,329,399,502,400,561
126538,Playing,875520,2481,9,19,0,0,5,330,399,502,399,561
126789,Playing,785408,2226,9,19,0,0,5,330,399,502,399,561
127060,Playing,806912,2287,9,19,0,0,5,331,401,502,401,561
127258,Playing,769024,2179,9,19,0,0,5,332,414,502,415,561
127512,Playing,678912,1924,9,19,0,0,5,332,414,502,415,561
127773,Playing,699392,1982,9,19,0,0,5,333,388,502,389,561
128018,Playing,609280,1726,9,19,0,0,5,333,388,502,389,561
128291,Playing,547840,1552,9,19,0,0,5,334,391,502,391,561
128546,Playing,485376,1375,9,19,0,0,5,335,406,502,406,561
128797,Playing,403456,1143,9,19,0,0,5,335,406,502,406,561
129047,Playing,433152,1227,9,19,0,0,5,336,392,502,392,561
129260,Playing,387072,1097,9,19,0,0,5,337,406,502,406,561
129505,Playing,296960,841,9,19,0,0,5,337,406,502,406,561
129758,Playing,317440,899,9,19,0,0,5,338,386,502,387,561
130009,Playing,227328,644,9,19,0,0,5,338,386,502,387,561
130256,Playing,182272,516,9,19,0,0,5,339,403,502,403,561
130505,Playing,202752,574,9,19,0,0,5,340,395,502,395,561
130756,Playing,112640,319,9,19,0,0,5,340,395,502,395,561
131004,Playing,58368,165,9,19,0,0,5,341,401,502,401,561
131254,Buffering,36864,104,10,19,0,0,5,342,401,502,401,561
131505,Buffering,36864,104,10,19,0,0,5,342,401,502,401,561
131754,Buffering,73728,208,10,19,0,0,5,343,399,502,399,561
132003,Buffering,73728,208,10,19,0,0,5,343,399,502,399,561
132255,Buffering,101376,287,10,19,0,0,5,344,401,502,401,561
132505,Buffering,211968,600,10,19,0,0,5,345,395,502,395,561
132767,Buffering,211968,600,10,19,0,0,5,345,395,502,395,561
133021,Buffering,239616,679,10,19,0,0,5,346,400,502,400,561
133271,Buffering,350208,992,10,19,0,0,5,347,401,502,402,561
133518,Buffering,350208,992,10,19,0,0,5,347,401,502,402,561
133771,Buffering,311296,882,10,20,0,0,5,348,387,502,387,561
134017,Buffering,229376,650,10,20,0,0,5,348,387,502,387,561
134271,Buffering,249856,708,10,20,0,0,5,349,412,502,413,561
134516,Buffering,196608,557,10,20,0,0,5,350,402,502,402,561
134767,Buffering,106496,301,10,20,0,0,5,350,402,502,402,561
135016,Buffering,52224,148,10,20,0,0,5,351,392,502,392,561
135266,Buffering,55296,156,10,20,0,0,5,352,406,502,406,561
135514,Buffering,55296,156,10,20,0,0,5,352,406,502,406,561
135767,Buffering,92160,261,10,20,0,0,5,353,399,502,399,561
136017,Buffering,147456,417,10,20,0,0,5,354,394,502,399,561
136271,Buffering,202752,574,10,20,0,0,5,354,394,502,394,561
136518,Playing,197632,560,10,21,0,0,5,355,407,502,407,561
136772,Playing,107520,304,10,21,0,0,5,355,407,502,407,561
137020,Playing,128000,362,10,21,0,0,5,356,391,502,392,561
137271,Playing,74752,211,10,21,0,0,5,357,399,502,399,561
137521,Playing,0,0,10,21,0,0,5,357,399,502,399,561
137772,Buffering,110592,313,11,21,0,0,5,358,400,502,400,561
138021,Buffering,110592,313,11,21,0,0,5,358,400,502,400,561
138272,Buffering,156672,444,11,21,0,0,5,359,409,502,409,561
138522,Buffering,175104,496,11,21,0,0,5,360,390,502,390,561
138771,Buffering,175104,496,11,21,0,0,5,360,390,502,390,561
139017,Buffering,285696,809,11,21,0,0,5,361,398,502,398,561
139267,Buffering,322560,914,11,21,0,0,5,362,406,502,406,561
139517,Buffering,322560,914,11,21,0,0,5,362,406,502,406,561
139775,Buffering,375808,1065,11,22,0,0,5,363,393,502,394,561
140031,Buffering,313344,888,11,22,0,0,5,364,401,502,401,561
140282,Buffering,223232,632,11,22,0,0,5,364,401,502,401,561
140534,Buffering,243712,690,11,22,0,0,5,365,394,502,394,561
140780,Buffering,153600,435,11,22,0,0,5,365,394,502,394,561
141031,Buffering,100352,284,11,22,0,0,5,366,401,502,401,561
141279,Buffering,46080,130,11,22,0,0,5,367,404,502,404,561
141526,Buffering,0,0,11,22,0,0,5,367,404,502,404,561
141776,Buffering,46080,130,11,22,0,0,5,368,398,502,398,561
142028,Buffering,73728,208,11,22,0,0,5,369,391,502,391,561
142281,Buffering,73728,208,11,22,0,0,5,369,391,502,391,561
142529,Buffering,184320,522,11,22,0,0,5,370,404,502,404,561
142777,Buffering,184320,522,11,22,0,0,5,370,404,502,404,561
143027,Playing,129024,365,11,23,0,0,5,371,396,502,396,561
143276,Playing,158720,449,11,23,0,0,5,372,397,502,397,561
143557,Playing,60416,171,11,23,0,0,5,372,397,502,397,561
143805,Playing,0,0,11,23,0,0,5,373,404,502,404,561
144058,Buffering,110592,313,12,23,0,0,5,374,393,502,394,561
144305,Buffering,110592,313,12,23,0,0,5,374,393,502,394,561
144558,Buffering,138240,391,12,23,0,0,5,375,401,502,401,561
144808,Buffering,165888,470,12,23,0,0,5,376,400,502,400,561
145054,Buffering,165888,470,12,23,0,0,5,376,400,502,400,561
145304,Buffering,276480,783,12,23,0,0,5,377,395,502,395,561
145558,Buffering,276480,783,12,23,0,0,5,377,395,502,395,561
145766,Buffering,304128,862,12,23,0,0,5,378,408,502,408,561
146009,Buffering,423936,1201,12,24,0,0,5,379,391,502,391,561
146260,Buffering,333824,946,12,24,0,0,5,379,391,502,391,561
146513,Buffering,262144,743,12,24,0,0,5,380,400,502,400,561
146762,Buffering,180224,510,12,24,0,0,5,380,400,502,400,561
147009,Buffering,200704,568,12,24,0,0,5,381,399,502,400,561
147258,Buffering,156672,444,12,24,0,0,5,382,404,502,405,561
147509,Buffering,66560,188,12,24,0,0,5,382,404,502,405,561
147760,Buffering,12288,34,12,24,0,0,5,383,394,502,394,561
148009,Buffering,46080,130,12,24,0,0,5,384,399,502,399,561
148257,Buffering,46080,130,12,24,0,0,5,384,399,502,399,561
148506,Buffering,82944,235,12,24,0,0,5,385,398,502,398,561
148758,Buffering,82944,235,12,24,0,0,5,385,398,502,398,561
149009,Buffering,202752,574,12,24,0,0,5,386,403,502,403,561
149259,Reconnecting,0,0,12,25,0,0,5,387,398,502,398,561
149507,Reconnecting,0,0,12,25,0,0,5,387,398,502,398,561
149755,Reconnecting,0,0,12,25,0,0,5,387,398,502,398,561
150005,Reconnecting,0,0,12,25,0,0,5,387,398,502,398,561
150253,Reconnecting,0,0,12,25,0,0,5,387,398,502,398,561
150503,Reconnecting,0,0,12,25,0,0,5,387,398,502,398,561
150812,Reconnecting,0,0,12,25,0,0,5,387,398,502,398,561
151063,Reconnecting,0,0,12,25,0,0,5,387,398,502,398,561
151309,Reconnecting,0,0,12,25,0,0,5,387,398,502,398,561
151562,Reconnecting,0,0,12,25,0,0,5,387,398,502,398,561
151751,Reconnecting,0,0,12,25,0,0,5,387,398,502,398,561
152030,Reconnecting,0,0,12,25,0,0,5,387,398,502,398,561
152309,Reconnecting,0,0,12,25,0,0,5,387,398,502,398,561
152500,Reconnecting,0,0,12,25,0,0,5,387,398,502,398,561
152808,Reconnecting,0,0,12,25,0,0,5,387,398,502,398,561
153056,Reconnecting,0,0,12,25,0,0,5,387,398,502,398,561
153305,Reconnecting,0,0,12,25,0,0,5,387,398,502,398,561
153560,Reconnecting,0,0,12,25,0,0,5,387,398,502,398,561
153809,Reconnecting,0,0,12,25,0,0,5,387,398,502,398,561
154058,Reconnecting,0,0,12,25,0,0,5,387,398,502,398,561
154307,Reconnecting,0,0,12,25,0,0,6,387,398,502,398,561
154559,Reconnecting,0,0,12,25,0,0,6,387,398,502,398,561
154759,Reconnecting,0,0,12,25,0,0,6,387,398,502,398,561
155012,Reconnecting,0,0,12,25,0,0,6,387,398,502,398,561
155262,Reconnecting,0,0,12,25,0,0,6,387,398,502,398,561
155512,Reconnecting,0,0,12,25,0,0,6,387,398,502,398,561
155762,Reconnecting,0,0,12,25,0,0,6,387,398,502,398,561
156013,Reconnecting,0,0,12,25,0,0,6,387,398,502,398,561
156311,Reconnecting,0,0,12,25,0,0,6,387,398,502,398,561
156500,Reconnecting,0,0,12,25,0,0,6,389,0,502,398,561
156750,Reconnecting,340992,966,12,25,0,0,6,396,0,502,0,561
157059,Reconnecting,755712,2142,12,25,0,0,6,405,1,502,1,561
157312,Reconnecting,949248,2690,12,25,0,0,6,409,0,502,0,561
157562,Reconnecting,949248,2690,12,25,0,0,6,409,0,502,0,561
157758,Reconnecting,958464,2716,12,25,0,0,6,411,0,502,0,561
158012,Reconnecting,958464,2716,12,25,0,0,6,411,0,502,0,561
158264,Reconnecting,1041408,2951,12,25,0,0,6,413,0,502,0,561
158520,Reconnecting,1161216,3291,12,25,0,0,6,414,400,502,400,561
158767,Reconnecting,1161216,3291,12,25,0,0,6,414,400,502,400,561
159016,Reconnecting,1179648,3343,12,25,0,0,6,415,398,502,398,561
159267,Reconnecting,1281024,3631,12,25,0,0,6,416,401,502,401,561
159520,Reconnecting,1281024,3631,12,25,0,0,6,416,401,502,401,561
159771,Reconnecting,1317888,3735,12,25,0,0,6,417,401,502,401,561
160020,Reconnecting,1317888,3735,12,25,0,0,6,417,401,502,401,561
160270,Reconnecting,1345536,3813,12,25,0,0,6,418,397,502,397,561
160520,Reconnecting,1382400,3918,12,25,0,0,6,419,400,502,400,561
160771,Reconnecting,1382400,3918,12,25,0,0,6,419,400,502,400,561
161024,Reconnecting,1410048,3996,12,25,0,0,6,420,402,502,402,561
161271,Playing,1521664,4313,12,25,0,0,6,421,396,502,396,561
161524,Playing,1431552,4057,12,25,0,0,6,421,396,502,396,561
161776,Playing,1359872,3854,12,25,0,0,6,422,401,502,401,561
162026,Playing,1269760,3599,12,25,0,0,6,422,401,502,401,561
162276,Playing,1298432,3680,12,25,0,0,6,423,406,502,406,561
162523,Playing,1245184,3529,12,25,0,0,6,424,387,502,387,561
162776,Playing,1155072,3274,12,25,0,0,6,424,387,502,387,561
163025,Playing,1166336,3305,12,25,0,0,6,425,404,502,404,561
163289,Playing,1122304,3181,12,25,0,0,6,426,392,502,392,561
163538,Playing,1032192,2925,12,25,0,0,6,426,392,502,392,561
163782,Playing,977920,2771,12,25,0,0,6,427,398,502,398,561
164063,Playing,925696,2623,12,25,0,0,6,428,404,502,404,561
164279,Playing,843776,2391,12,25,0,0,6,428,404,502,404,561
164538,Playing,781312,2214,12,25,0,0,6,429,404,502,404,561
164804,Playing,691200,1959,12,25,0,0,6,429,404,502,404,561
165058,Playing,730112,2069,12,25,0,0,6,430,403,502,404,561
165304,Playing,667648,1892,12,25,0,0,6,431,391,502,391,561
165533,Playing,585728,1660,12,25,0,0,6,431,391,502,391,561
165789,Playing,596992,1692,12,25,0,0,6,432,400,502,400,561
166042,Playing,506880,1436,12,25,0,0,6,432,400,502,400,561
166291,Playing,461824,1309,12,25,0,0,6,433,404,502,404,561
166537,Playing,399360,1131,12,25,0,0,6,434,394,502,394,561
166787,Playing,309248,876,12,25,0,0,6,434,394,502,394,561
167039,Playing,256000,725,12,25,0,0,6,435,408,502,408,561
167287,Playing,192512,545,12,25,0,0,6,436,388,502,388,561
167534,Playing,102400,290,12,25,0,0,6,436,388,502,388,561
167784,Playing,132096,374,12,25,0,0,6,437,401,502,402,561
168033,Playing,50176,142,12,25,0,0,6,437,401,502,402,561
168280,Playing,0,0,12,25,0,0,6,438,404,502,404,561
168547,Buffering,119808,339,13,25,0,0,6,439,403,502,403,561
168797,Buffering,119808,339,13,25,0,0,6,439,403,502,403,561
169045,Buffering,156672,444,13,25,0,0,6,440,400,502,401,561
169301,Buffering,267264,757,13,25,0,0,6,441,392,502,393,561
169543,Buffering,267264,757,13,25,0,0,6,441,392,502,393,561
169801,Buffering,304128,862,13,25,0,0,6,442,401,502,401,561
170046,Buffering,304128,862,13,25,0,0,6,442,401,502,401,561
170296,Buffering,331776,940,13,25,0,0,6,443,396,502,396,561
170546,Buffering,401408,1137,13,26,0,0,6,444,396,502,396,561
170800,Buffering,311296,882,13,26,0,0,6,444,396,502,396,561
171046,Buffering,257024,728,13,26,0,0,6,445,402,502,402,561
171296,Buffering,277504,786,13,26,0,0,6,446,392,502,393,561
171545,Buffering,187392,531,13,26,0,0,6,446,392,502,393,561
171796,Buffering,124928,354,13,26,0,0,6,447,405,502,405,561
172042,Buffering,43008,121,13,26,0,0,6,447,405,502,405,561
172297,Buffering,63488,179,13,26,0,0,6,448,400,502,401,561
172546,Buffering,10240,29,13,26,0,0,6,449,396,502,396,561
172808,Buffering,0,0,13,26,0,0,6,449,396,502,396,561
173012,Buffering,36864,104,13,26,0,0,6,450,399,502,399,561
173267,Buffering,82944,235,13,26,0,0,6,451,400,502,401,561
173512,Buffering,82944,235,13,26,0,0,6,451,400,502,401,561
173764,Playing,69632,197,13,27,0,0,6,452,403,502,403,561
174009,Playing,0,0,13,27,0,0,6,452,403,502,403,561
174259,Buffering,129024,365,14,27,0,0,6,453,404,502,404,561
174512,Buffering,156672,444,14,27,0,0,6,454,390,502,391,561
174764,Buffering,156672,444,14,27,0,0,6,454,390,502,391,561
175017,Buffering,267264,757,14,27,0,0,6,455,405,502,407,561
175271,Buffering,285696,809,14,27,0,0,6,456,409,502,409,561
175514,Buffering,285696,809,14,27,0,0,6,456,409,502,409,561
175766,Buffering,355328,1007,14,28,0,0,6,457,387,502,387,561
176011,Buffering,273408,774,14,28,0,0,6,457,387,502,387,561
176259,Buffering,220160,624,14,28,0,0,6,458,390,502,390,561
176508,Buffering,157696,446,14,28,0,0,6,459,400,502,400,561
176772,Buffering,67584,191,14,28,0,0,6,459,400,502,400,561
177035,Buffering,15360,43,14,28,0,0,6,460,433,502,433,561
177363,Buffering,27648,78,14,28,0,0,6,461,370,502,371,561
177555,Buffering,27648,78,14,28,0,0,6,461,370,502,371,561
177804,Buffering,147456,417,14,28,0,0,6,462,400,502,400,561
178053,Buffering,175104,496,14,28,0,0,6,463,398,502,398,561
178303,Buffering,175104,496,14,28,0,0,6,463,398,502,398,561
178553,Buffering,285696,809,14,28,0,0,6,464,392,502,392,561
178801,Buffering,285696,809,14,28,0,0,6,464,392,502,392,561
179050,Buffering,313344,888,14,28,0,0,6,465,399,502,399,561
179301,Buffering,390144,1105,14,29,0,0,6,466,399,502,399,561
179551,Buffering,300032,850,14,29,0,0,6,466,399,502,399,561
179803,Buffering,246784,699,14,29,0,0,6,467,403,502,403,561
180049,Buffering,192512,545,14,29,0,0,6,468,396,502,396,561
180297,Buffering,102400,290,14,29,0,0,6,468,396,502,396,561
180546,Buffering,122880,348,14,29,0,0,6,469,400,502,401,561
180795,Buffering,32768,92,14,29,0,0,6,469,400,502,401,561
181046,Buffering,0,0,14,29,0,0,6,470,402,502,403,561
181299,Playing,94208,267,14,30,0,0,6,471,400,502,400,561
181546,Playing,4096,11,14,30,0,0,6,471,400,502,400,561
181796,Buffering,27648,78,15,30,0,0,6,472,402,502,402,561
182045,Buffering,138240,391,15,30,0,0,6,473,392,502,393,561
182295,Buffering,138240,391,15,30,0,0,6,473,392,502,393,561
182545,Buffering,175104,496,15,30,0,0,6,474,395,502,395,561
182800,Buffering,175104,496,15,30,0,0,6,474,395,502,395,561
183043,Buffering,202752,574,15,30,0,0,6,475,400,502,400,561
183293,Buffering,248832,705,15,30,0,0,6,476,394,502,394,561
183542,Buffering,248832,705,15,30,0,0,6,476,394,502,394,561
183791,Buffering,294912,835,15,30,0,0,6,477,404,502,404,561
184040,Buffering,405504,1149,15,31,0,0,6,478,403,502,404,561
184287,Buffering,315392,893,15,31,0,0,6,478,403,502,404,561
184538,Buffering,252928,716,15,31,0,0,6,479,399,502,399,561
184790,Buffering,162816,461,15,31,0,0,6,479,399,502,399,561
185039,Buffering,200704,568,15,31,0,0,6,480,392,502,393,561
185288,Buffering,138240,391,15,31,0,0,6,481,403,502,403,561
185538,Buffering,48128,136,15,31,0,0,6,481,403,502,403,561
185791,Buffering,68608,194,15,31,0,0,6,482,398,502,398,561
186042,Buffering,27648,78,15,31,0,0,6,483,401,502,401,561
186292,Buffering,27648,78,15,31,0,0,6,483,401,502,401,561
186546,Buffering,64512,182,15,31,0,0,6,484,397,502,397,561
186795,Buffering,64512,182,15,31,0,0,6,484,397,502,397,561
187047,Reconnecting,0,0,15,32,0,0,6,485,406,502,406,561
187295,Reconnecting,0,0,15,32,0,0,6,485,406,502,406,561
187542,Reconnecting,0,0,15,32,0,0,6,485,406,502,406,561
187792,Reconnecting,0,0,15,32,0,0,6,485,406,502,406,561
188045,Reconnecting,0,0,15,32,0,0,6,485,406,502,406,561
188293,Reconnecting,0,0,15,32,0,0,6,485,406,502,406,561
188542,Reconnecting,0,0,15,32,0,0,6,485,406,502,406,561
188788,Reconnecting,0,0,15,32,0,0,6,485,406,502,406,561
189037,Reconnecting,0,0,15,32,0,0,6,485,406,502,406,561
189287,Reconnecting,0,0,15,32,0,0,6,485,406,502,406,561
189588,Reconnecting,0,0,15,32,0,0,6,485,406,502,406,561
189767,Reconnecting,0,0,15,32,0,0,6,485,406,502,406,561
190017,Reconnecting,0,0,15,32,0,0,6,485,406,502,406,561
190266,Reconnecting,0,0,15,32,0,0,6,485,406,502,406,561
190517,Reconnecting,0,0,15,32,0,0,6,485,406,502,406,561
190766,Reconnecting,0,0,15,32,0,0,6,485,406,502,406,561
191046,Reconnecting,0,0,15,32,0,0,6,485,406,502,406,561
191297,Reconnecting,0,0,15,32,0,0,6,485,406,502,406,561
191544,Reconnecting,0,0,15,32,0,0,6,485,406,502,406,561
191794,Reconnecting,0,0,15,32,0,0,6,485,406,502,406,561
192042,Reconnecting,0,0,15,32,0,0,7,485,406,502,406,561
192292,Reconnecting,0,0,15,32,0,0,7,485,406,502,406,561
192541,Reconnecting,0,0,15,32,0,0,7,485,406,502,406,561
192791,Reconnecting,0,0,15,32,0,0,7,485,406,502,406,561
193038,Reconnecting,0,0,15,32,0,0,7,485,406,502,406,561
193295,Reconnecting,0,0,15,32,0,0,7,485,406,502,406,561
193541,Reconnecting,0,0,15,32,0,0,7,485,406,502,406,561
193788,Reconnecting,0,0,15,32,0,0,7,485,406,502,406,561
194038,Reconnecting,0,0,15,32,0,0,7,485,406,502,406,561
194290,Reconnecting,433152,1227,15,32,0,0,7,494,0,502,0,561
194541,Reconnecting,847872,2403,15,32,0,0,7,503,0,502,0,561
194791,Reconnecting,847872,2403,15,32,0,0,7,503,0,502,0,561
195038,Reconnecting,1059840,3004,15,32,0,0,7,507,0,502,0,561
195307,Reconnecting,1059840,3004,15,32,0,0,7,509,0,502,0,561
195558,Reconnecting,1059840,3004,15,32,0,0,7,509,0,502,0,561
195807,Reconnecting,1133568,3213,15,32,0,0,7,511,0,502,0,561
196053,Reconnecting,1262592,3578,15,32,0,0,7,512,400,502,400,561
196300,Reconnecting,1262592,3578,15,32,0,0,7,512,400,502,400,561
196549,Reconnecting,1290240,3657,15,32,0,0,7,513,394,502,394,561
196801,Reconnecting,1290240,3657,15,32,0,0,7,513,394,502,394,561
197051,Reconnecting,1391616,3944,15,32,0,0,7,514,400,502,401,561
197304,Playing,1403904,3979,15,32,0,0,7,515,400,502,400,561
197555,Playing,1313792,3723,15,32,0,0,7,515,400,502,400,561
197807,Playing,1251328,3546,15,32,0,0,7,516,400,502,401,561
198058,Playing,1198080,3395,15,32,0,0,7,517,393,502,393,561
198307,Playing,1107968,3140,15,32,0,0,7,517,393,502,393,561
198553,Playing,1053696,2986,15,32,0,0,7,518,411,502,411,561
198803,Playing,963584,2731,15,32,0,0,7,518,411,502,411,561
199053,Playing,993280,2815,15,32,0,0,7,519,405,502,406,561
199302,Playing,948224,2687,15,32,0,0,7,520,392,502,392,561
199551,Playing,858112,2432,15,32,0,0,7,520,392,502,392,561
199800,Playing,869376,2464,15,32,0,0,7,521,403,502,403,561
200051,Playing,816128,2313,15,32,0,0,7,522,388,502,388,561
200303,Playing,726016,2057,15,32,0,0,7,522,388,502,388,561
200550,Playing,754688,2139,15,32,0,0,7,523,408,502,408,561
200799,Playing,664576,1883,15,32,0,0,7,523,408,502,408,561
201049,Playing,620544,1758,15,32,0,0,7,524,395,502,395,561
201299,Playing,557056,1578,15,32,0,0,7,525,408,502,408,561
201548,Playing,466944,1323,15,32,0,0,7,525,408,502,408,561
201796,Playing,496640,1407,15,32,0,0,7,526,390,502,391,561
202046,Playing,452608,1282,15,32,0,0,7,527,399,502,399,561
202295,Playing,370688,1050,15,32,0,0,7,527,399,502,399,561
202545,Playing,391168,1108,15,32,0,0,7,528,395,502,395,561
202796,Playing,301056,853,15,32,0,0,7,528,395,502,395,561
203045,Playing,246784,699,15,32,0,0,7,529,397,502,397,561
203295,Playing,267264,757,15,32,0,0,7,530,398,502,398,561
203545,Playing,177152,502,15,32,0,0,7,530,398,502,398,561
203796,Playing,114688,325,15,32,0,0,7,531,397,502,397,561
204053,Playing,61440,174,15,32,0,0,7,532,395,502,395,561
204296,Playing,0,0,15,32,0,0,7,532,395,502,395,561
204549,Buffering,46080,130,16,32,0,0,7,533,410,502,410,561
204796,Buffering,46080,130,16,32,0,0,7,533,410,502,410,561
205046,Buffering,73728,208,16,32,0,0,7,534,402,502,403,561
205295,Buffering,184320,522,16,32,0,0,7,535,393,502,394,561
205542,Buffering,184320,522,16,32,0,0,7,535,393,502,394,561
205792,Buffering,211968,600,16,32,0,0,7,536,391,502,391,561
206046,Buffering,331776,940,16,32,0,0,7,537,399,502,400,561
206296,Buffering,331776,940,16,32,0,0,7,537,399,502,400,561
206545,Buffering,318464,902,16,33,0,0,7,538,412,502,412,561
206792,Buffering,228352,647,16,33,0,0,7,538,412,502,412,561
207045,Buffering,239616,679,16,33,0,0,7,539,390,502,391,561
207292,Buffering,194560,551,16,33,0,0,7,540,397,502,397,561
207542,Buffering,104448,296,16,33,0,0,7,540,397,502,397,561
207791,Buffering,41984,119,16,33,0,0,7,541,402,502,402,561
208040,Buffering,55296,156,16,33,0,0,7,542,407,502,407,561
208288,Buffering,55296,156,16,33,0,0,7,542,407,502,407,561
208538,Buffering,82944,235,16,33,0,0,7,543,399,502,399,561
208791,Buffering,82944,235,16,33,0,0,7,543,399,502,399,561
209025,Buffering,211968,600,16,33,0,0,7,544,404,502,404,561
209278,Buffering,239616,679,16,33,0,0,7,545,396,502,396,561
209524,Buffering,239616,679,16,33,0,0,7,545,396,502,396,561
209773,Playing,292864,830,16,34,0,0,7,546,389,502,389,561
210023,Playing,239616,679,16,34,0,0,7,547,397,502,397,561
210271,Playing,149504,423,16,34,0,0,7,547,397,502,397,561
210523,Playing,104448,296,16,34,0,0,7,548,406,502,406,561
210774,Playing,14336,40,16,34,0,0,7,548,406,502,406,561
211023,Buffering,46080,130,17,34,0,0,7,549,398,502,398,561
211270,Buffering,64512,182,17,34,0,0,7,550,392,502,392,561
211520,Buffering,64512,182,17,34,0,0,7,550,392,502,392,561
211767,Buffering,184320,522,17,34,0,0,7,551,401,502,401,561
212020,Buffering,211968,600,17,34,0,0,7,552,399,502,400,561
212266,Buffering,211968,600,17,34,0,0,7,552,399,502,400,561
212515,Buffering,331776,940,17,34,0,0,7,553,395,502,395,561
212765,Buffering,331776,940,17,34,0,0,7,553,395,502,395,561
213016,Buffering,285696,809,17,35,0,0,7,554,402,502,402,561
213264,Buffering,314368,891,17,35,0,0,7,555,399,502,400,561
213513,Buffering,224256,635,17,35,0,0,7,555,399,502,400,561
213765,Buffering,180224,510,17,35,0,0,7,556,404,502,404,561
214012,Buffering,90112,255,17,35,0,0,7,556,404,502,404,561
214262,Buffering,45056,127,17,35,0,0,7,557,411,502,411,561
214511,Buffering,129024,365,17,35,0,0,7,558,417,502,417,561
214759,Buffering,129024,365,17,35,0,0,7,558,417,502,417,561
215012,Buffering,147456,417,17,35,0,0,7,559,383,502,383,561
215257,Buffering,276480,783,17,35,0,0,7,560,396,502,397,561
215509,Buffering,276480,783,17,35,0,0,7,560,396,502,397,561
215759,Buffering,294912,835,17,35,0,0,7,561,391,502,391,561
216009,Playing,332800,943,17,36,0,0,7,562,391,502,391,561
216263,Playing,250880,711,17,36,0,0,7,562,391,502,391,561
216513,Playing,206848,586,17,36,0,0,7,563,414,502,415,561
216762,Playing,116736,330,17,36,0,0,7,563,414,502,415,561
217005,Playing,126976,359,17,36,0,0,7,564,384,502,384,561
217254,Playing,82944,235,17,36,0,0,7,565,408,502,408,561
217503,Playing,0,0,17,36,0,0,7,565,408,502,408,561
217757,Buffering,18432,52,18,36,0,0,7,566,397,502,397,561
218004,Buffering,18432,52,18,36,0,0,7,566,397,502,397,561
218253,Buffering,138240,391,18,36,0,0,7,567,400,502,400,561
218504,Buffering,165888,470,18,36,0,0,7,568,388,502,388,561
218758,Buffering,165888,470,18,36,0,0,7,568,388,502,388,561
219007,Buffering,294912,835,18,36,0,0,7,569,404,502,404,561
219254,Buffering,313344,888,18,36,0,0,7,570,392,502,392,561
219506,Buffering,313344,888,18,36,0,0,7,570,392,502,392,561
219755,Buffering,366592,1039,18,37,0,0,7,571,399,502,399,561
220004,Buffering,284672,806,18,37,0,0,7,571,399,502,399,561
220253,Buffering,240640,682,18,37,0,0,7,572,414,502,414,561
220502,Buffering,178176,505,18,37,0,0,7,573,395,502,395,561
220753,Buffering,96256,272,18,37,0,0,7,573,395,502,395,561
221003,Buffering,52224,148,18,37,0,0,7,574,389,502,389,561
221252,Buffering,27648,78,18,37,0,0,7,575,400,502,400,561
221501,Buffering,27648,78,18,37,0,0,7,575,400,502,400,561
221813,Buffering,147456,417,18,37,0,0,7,576,407,502,407,561
222061,Buffering,175104,496,18,37,0,0,7,577,390,502,390,561
222312,Buffering,175104,496,18,37,0,0,7,577,390,502,390,561
222500,Buffering,285696,809,18,37,0,0,7,578,418,502,418,561
222750,Buffering,285696,809,18,37,0,0,7,578,418,502,418,561
223059,Reconnecting,0,0,18,38,0,0,7,579,386,502,386,561
223308,Reconnecting,0,0,18,38,0,0,7,579,386,502,386,561
223557,Reconnecting,0,0,18,38,0,0,7,579,386,502,386,561
223808,Reconnecting,0,0,18,38,0,0,7,579,386,502,386,561
224057,Reconnecting,0,0,18,38,0,0,7,579,386,502,386,561
224309,Reconnecting,0,0,18,38,0,0,7,579,386,502,386,561
224558,Reconnecting,0,0,18,38,0,0,7,579,386,502,386,561
224803,Reconnecting,0,0,18,38,0,0,7,579,386,502,386,561
225053,Reconnecting,0,0,18,38,0,0,7,579,386,502,386,561
225303,Reconnecting,0,0,18,38,0,0,7,579,386,502,386,561
225551,Reconnecting,0,0,18,38,0,0,7,579,386,502,386,561
225803,Reconnecting,0,0,18,38,0,0,7,579,386,502,386,561
226051,Reconnecting,0,0,18,38,0,0,7,579,386,502,386,561
226300,Reconnecting,0,0,18,38,0,0,7,579,386,502,386,561
226551,Reconnecting,0,0,18,38,0,0,7,579,386,502,386,561
226799,Reconnecting,0,0,18,38,0,0,7,579,386,502,386,561
227049,Reconnecting,0,0,18,38,0,0,7,579,386,502,386,561
227255,Reconnecting,0,0,18,38,0,0,7,579,386,502,386,561
227503,Reconnecting,0,0,18,38,0,0,7,579,386,502,386,561
227758,Reconnecting,0,0,18,38,0,0,7,579,386,502,386,561
228021,Reconnecting,0,0,18,38,0,0,8,579,386,502,386,561
228291,Reconnecting,0,0,18,38,0,0,8,579,386,502,386,561
228550,Reconnecting,0,0,18,38,0,0,8,579,386,502,386,561
228770,Reconnecting,0,0,18,38,0,0,8,579,386,502,386,561
229020,Reconnecting,0,0,18,38,0,0,8,579,386,502,386,561
229269,Reconnecting,0,0,18,38,0,0,8,579,386,502,386,561
229516,Reconnecting,0,0,18,38,0,0,8,579,386,502,386,561
229775,Reconnecting,0,0,18,38,0,0,8,579,386,502,386,561
230042,Reconnecting,0,0,18,38,0,0,8,581,0,502,386,561
230296,Reconnecting,313344,888,18,38,0,0,8,588,0,502,0,563
230575,Reconnecting,718848,2037,18,38,0,0,8,597,0,502,0,563
230825,Reconnecting,718848,2037,18,38,0,0,8,597,0,502,0,563
231029,Reconnecting,921600,2612,18,38,0,0,8,601,31,502,31,563
231317,Reconnecting,930816,2638,18,38,0,0,8,603,0,502,0,563
231561,Reconnecting,930816,2638,18,38,0,0,8,603,0,502,0,563
231859,Reconnecting,1013760,2873,18,38,0,0,8,605,3,502,3,563
232008,Reconnecting,1133568,3213,18,38,0,0,8,606,399,502,399,563
232276,Reconnecting,1133568,3213,18,38,0,0,8,606,399,502,399,563
232541,Reconnecting,1152000,3265,18,38,0,0,8,607,396,502,396,563
232817,Reconnecting,1152000,3265,18,38,0,0,8,607,396,502,396,563
233004,Reconnecting,1198080,3395,18,38,0,0,8,608,508,508,508,563
233346,Reconnecting,1234944,3500,18,38,0,0,8,609,419,508,419,563
233566,Reconnecting,1234944,3500,18,38,0,0,8,609,419,508,419,563
233821,Reconnecting,1271808,3604,18,38,0,0,8,610,268,508,268,563
234046,Reconnecting,1271808,3604,18,38,0,0,8,610,268,508,268,563
234424,Reconnecting,1327104,3761,18,38,0,0,8,612,341,508,341,563
234544,Reconnecting,1327104,3761,18,38,0,0,8,612,341,508,341,563
234793,Reconnecting,1327104,3761,18,38,0,0,8,612,341,508,341,563
235040,Playing,1389568,3938,18,38,0,0,8,613,471,508,472,563
235292,Playing,1317888,3735,18,38,0,0,8,614,356,508,357,563
235592,Playing,1211392,3433,18,38,0,0,8,614,356,508,357,563
235797,Playing,1248256,3538,18,38,0,0,8,615,369,508,370,563
236067,Playing,1158144,3282,18,38,0,0,8,615,369,508,370,563
236257,Playing,1112064,3152,18,38,0,0,8,616,534,534,534,563
236572,Playing,1106944,3137,18,38,0,0,8,617,265,534,265,563
236884,Playing,992256,2812,18,38,0,0,8,617,265,534,265,563
237045,Playing,980992,2780,18,38,0,0,8,618,483,534,483,563
237399,Playing,885760,2510,18,38,0,0,8,619,304,534,304,563
237713,Playing,779264,2208,18,38,0,0,8,619,304,534,304,563
238092,Playing,722944,2049,18,38,0,0,8,621,0,807,0,807
238204,Playing,681984,1933,18,38,0,0,8,621,0,807,0,807
238275,Playing,657408,1863,18,38,0,0,8,621,0,807,0,807
238509,Playing,704512,1996,18,38,0,0,8,622,416,807,416,807
238761,Playing,614400,1741,18,38,0,0,8,622,416,807,416,807
239003,Playing,560128,1587,18,38,0,0,8,623,374,807,374,807
239266,Playing,571392,1619,18,38,0,0,8,624,396,807,396,807
239562,Playing,464896,1317,18,38,0,0,8,624,396,807,396,807
239817,Playing,411648,1166,18,38,0,0,8,625,416,807,417,807
240087,Playing,340992,966,18,38,0,0,8,626,395,807,395,807
240304,Playing,267264,757,18,38,0,0,8,626,395,807,395,807
240503,Playing,230400,653,18,38,0,0,8,627,438,807,438,807
240800,Playing,151552,429,18,38,0,0,8,628,354,807,354,807
241000,Playing,86016,243,18,38,0,0,8,628,354,807,354,807
241292,Playing,99328,281,18,38,0,0,8,629,402,807,403,807
241621,Buffering,27648,78,19,38,0,0,8,630,390,807,390,807
241767,Buffering,27648,78,19,38,0,0,8,630,390,807,390,807
242030,Buffering,27648,78,19,38,0,0,8,630,390,807,390,807
242358,Buffering,147456,417,19,38,0,0,8,631,504,807,505,807
242609,Buffering,165888,470,19,38,0,0,8,632,296,807,296,807
242876,Buffering,165888,470,19,38,0,0,8,632,296,807,296,807
243033,Buffering,285696,809,19,38,0,0,8,633,516,807,517,807
243250,Buffering,322560,914,19,38,0,0,8,634,328,807,328,807
243534,Buffering,322560,914,19,38,0,0,8,634,328,807,328,807
243800,Buffering,350208,992,19,38,0,0,8,635,349,807,349,807
244045,Buffering,379904,1076,19,39,0,0,8,636,434,807,434,807
244330,Buffering,281600,798,19,39,0,0,8,636,434,807,434,807
244588,Buffering,228352,647,19,39,0,0,8,637,403,807,403,807
244889,Buffering,121856,345,19,39,0,0,8,637,403,807,403,807
245063,Buffering,175104,496,19,39,0,0,8,638,469,807,469,807
245267,Buffering,119808,339,19,39,0,0,8,639,295,807,295,807
245512,Buffering,29696,84,19,39,0,0,8,639,295,807,295,807
245766,Buffering,50176,142,19,39,0,0,8,640,404,807,404,807
246017,Buffering,36864,104,19,39,0,0,8,641,417,807,417,807
246261,Buffering,36864,104,19,39,0,0,8,641,417,807,417,807
246507,Buffering,138240,391,19,39,0,0,8,642,378,807,378,807
246761,Buffering,138240,391,19,39,0,0,8,642,378,807,378,807
247008,Playing,93184,264,19,40,0,0,8,643,396,807,396,807
247258,Playing,30720,87,19,40,0,0,8,644,394,807,394,807
247508,Playing,0,0,19,40,0,0,8,644,394,807,394,807
247756,Buffering,119808,339,20,40,0,0,8,645,404,807,405,807
248050,Buffering,138240,391,20,40,0,0,8,646,411,807,411,807
248258,Buffering,138240,391,20,40,0,0,8,646,411,807,411,807
248550,Buffering,267264,757,20,40,0,0,8,647,400,807,400,807
248821,Buffering,267264,757,20,40,0,0,8,647,400,807,400,807
249176,Buffering,285696,809,20,40,0,0,8,648,432,807,432,807
249295,Buffering,285696,809,20,40,0,0,8,648,432,807,432,807
249548,Buffering,347136,983,20,41,0,0,8,649,583,807,583,807
249797,Buffering,302080,856,20,41,0,0,8,650,228,807,228,807
250046,Buffering,239616,679,20,41,0,0,8,651,344,807,344,807
250293,Buffering,149504,423,20,41,0,0,8,651,344,807,344,807
250510,Buffering,121856,345,20,41,0,0,8,652,389,807,389,807
250891,Buffering,0,0,20,41,0,0,8,652,389,807,389,807
251055,Buffering,27648,78,20,41,0,0,8,653,520,807,520,807
251253,Buffering,147456,417,20,41,0,0,8,654,271,807,272,807
251538,Buffering,147456,417,20,41,0,0,8,654,271,807,272,807
251782,Buffering,165888,470,20,41,0,0,8,655,411,807,411,807
252032,Buffering,285696,809,20,41,0,0,8,656,385,807,386,807
252281,Buffering,285696,809,20,41,0,0,8,656,385,807,386,807
252532,Buffering,304128,862,20,41,0,0,8,657,403,807,404,807
252782,Buffering,414720,1175,20,42,0,0,8,658,396,807,396,807
253050,Buffering,316416,896,20,42,0,0,8,658,396,807,396,807
253299,Buffering,262144,743,20,42,0,0,8,659,399,807,399,807
253546,Buffering,172032,487,20,42,0,0,8,659,399,807,399,807
253849,Buffering,93184,264,20,42,0,0,8,660,400,807,401,807
254046,Buffering,74752,211,20,42,0,0,8,661,424,807,425,807
254290,Buffering,0,0,20,42,0,0,8,661,424,807,425,807
254540,Buffering,18432,52,20,42,0,0,8,662,385,807,385,807
254791,Playing,130048,368,20,43,0,0,8,663,404,807,405,807
255042,Playing,39936,113,20,43,0,0,8,663,404,807,405,807
255290,Buffering,18432,52,21,43,0,0,8,664,382,807,383,807
255538,Buffering,18432,52,21,43,0,0,8,664,382,807,383,807
255789,Buffering,138240,391,21,43,0,0,8,665,407,807,408,807
256037,Buffering,165888,470,21,43,0,0,8,666,397,807,397,807
256286,Buffering,165888,470,21,43,0,0,8,666,397,807,397,807
256553,Buffering,202752,574,21,43,0,0,8,667,397,807,397,807
256803,Buffering,248832,705,21,43,0,0,8,668,414,807,414,807
257048,Buffering,248832,705,21,43,0,0,8,668,414,807,414,807
257305,Buffering,276480,783,21,43,0,0,8,669,382,807,382,807
257548,Buffering,276480,783,21,43,0,0,8,669,382,807,382,807
257808,Buffering,315392,893,21,44,0,0,8,670,401,807,402,807
258037,Buffering,260096,737,21,44,0,0,8,671,403,807,403,807
258282,Buffering,169984,481,21,44,0,0,8,671,403,807,403,807
258531,Buffering,199680,565,21,44,0,0,8,672,397,807,398,807
258783,Buffering,128000,362,21,44,0,0,8,673,396,807,396,807
259032,Buffering,46080,130,21,44,0,0,8,673,396,807,396,807
259278,Buffering,110592,313,21,44,0,0,8,674,399,807,399,807
259532,Buffering,110592,313,21,44,0,0,8,674,399,807,399,807
259779,Buffering,138240,391,21,44,0,0,8,675,405,807,405,807
260029,Buffering,165888,470,21,44,0,0,8,676,403,807,403,807
260278,Buffering,165888,470,21,44,0,0,8,676,403,807,403,807
260525,Reconnecting,0,0,21,45,0,0,8,677,399,807,400,807
260778,Reconnecting,0,0,21,45,0,0,8,677,399,807,400,807
261027,Reconnecting,0,0,21,45,0,0,8,677,399,807,400,807
261275,Reconnecting,0,0,21,45,0,0,8,677,399,807,400,807
261524,Reconnecting,0,0,21,45,0,0,8,677,399,807,400,807
261774,Reconnecting,0,0,21,45,0,0,8,677,399,807,400,807
262023,Reconnecting,0,0,21,45,0,0,8,677,399,807,400,807
262271,Reconnecting,0,0,21,45,0,0,8,677,399,807,400,807
262523,Reconnecting,0,0,21,45,0,0,8,677,399,807,400,807
262776,Reconnecting,0,0,21,45,0,0,8,677,399,807,400,807
263019,Reconnecting,0,0,21,45,0,0,8,677,399,807,400,807
263266,Reconnecting,0,0,21,45,0,0,8,677,399,807,400,807
263515,Reconnecting,0,0,21,45,0,0,8,677,399,807,400,807
263766,Reconnecting,0,0,21,45,0,0,8,677,399,807,400,807
264012,Reconnecting,0,0,21,45,0,0,8,677,399,807,400,807
264260,Reconnecting,0,0,21,45,0,0,8,677,399,807,400,807
264508,Reconnecting,0,0,21,45,0,0,8,677,399,807,400,807
264762,Reconnecting,0,0,21,45,0,0,8,677,399,807,400,807
265059,Reconnecting,0,0,21,45,0,0,8,677,399,807,400,807
265257,Reconnecting,0,0,21,45,0,0,8,677,399,807,400,807
265506,Reconnecting,0,0,21,45,0,0,9,677,399,807,400,807
265754,Reconnecting,0,0,21,45,0,0,9,677,399,807,400,807
266006,Reconnecting,0,0,21,45,0,0,9,677,399,807,400,807
266255,Reconnecting,0,0,21,45,0,0,9,677,399,807,400,807
266503,Reconnecting,0,0,21,45,0,0,9,677,399,807,400,807
266752,Reconnecting,0,0,21,45,0,0,9,677,399,807,400,807
267003,Reconnecting,0,0,21,45,0,0,9,677,399,807,400,807
267253,Reconnecting,0,0,21,45,0,0,9,677,399,807,400,807
267502,Reconnecting,0,0,21,45,0,0,9,677,399,807,400,807
267750,Reconnecting,0,0,21,45,0,0,9,679,0,807,400,807
268002,Reconnecting,377856,1071,21,45,0,0,9,686,0,807,0,807
268312,Reconnecting,774144,2194,21,45,0,0,9,695,1,807,1,807
268560,Reconnecting,976896,2768,21,45,0,0,9,699,0,807,0,807
268809,Reconnecting,976896,2768,21,45,0,0,9,699,0,807,0,807
269058,Reconnecting,976896,2768,21,45,0,0,9,701,0,807,0,807
269308,Reconnecting,1059840,3004,21,45,0,0,9,703,0,807,0,807
269557,Reconnecting,1059840,3004,21,45,0,0,9,703,0,807,0,807
269807,Reconnecting,1179648,3343,21,45,0,0,9,704,398,807,399,807
270054,Reconnecting,1207296,3422,21,45,0,0,9,705,411,807,411,807
270304,Reconnecting,1207296,3422,21,45,0,0,9,705,411,807,411,807
270557,Reconnecting,1299456,3683,21,45,0,0,9,706,379,807,379,807
270808,Reconnecting,1299456,3683,21,45,0,0,9,706,379,807,379,807
271058,Reconnecting,1336320,3787,21,45,0,0,9,707,404,807,404,807
271308,Reconnecting,1363968,3866,21,45,0,0,9,708,396,807,396,807
271558,Reconnecting,1363968,3866,21,45,0,0,9,708,396,807,396,807
271811,Reconnecting,1410048,3996,21,45,0,0,9,709,397,807,397,807
272056,Playing,1412096,4002,21,45,0,0,9,710,401,807,401,807
272304,Playing,1321984,3747,21,45,0,0,9,710,401,807,401,807
272556,Playing,1342464,3805,21,45,0,0,9,711,395,807,395,807
272806,Playing,1260544,3572,21,45,0,0,9,711,395,807,395,807
273057,Playing,1207296,3422,21,45,0,0,9,712,404,807,404,807
273308,Playing,1227776,3480,21,45,0,0,9,713,400,807,400,807
273552,Playing,1137664,3224,21,45,0,0,9,713,400,807,400,807
273812,Playing,1075200,3047,21,45,0,0,9,714,395,807,395,807
274053,Playing,1094656,3102,21,45,0,0,9,715,401,807,401,807
274304,Playing,1004544,2847,21,45,0,0,9,715,401,807,401,807
274556,Playing,951296,2696,21,45,0,0,9,716,395,807,395,807
274806,Playing,888832,2519,21,45,0,0,9,717,401,807,401,807
275054,Playing,806912,2287,21,45,0,0,9,717,401,807,401,807
275302,Playing,772096,2188,21,45,0,0,9,718,399,807,400,807
275553,Playing,681984,1933,21,45,0,0,9,718,399,807,400,807
275803,Playing,636928,1805,21,45,0,0,9,719,397,807,397,807
276052,Playing,657408,1863,21,45,0,0,9,720,399,807,399,807
276368,Playing,542720,1538,21,45,0,0,9,720,399,807,399,807
276500,Playing,529408,1500,21,45,0,0,9,721,413,807,413,807
276752,Playing,439296,1245,21,45,0,0,9,721,413,807,413,807
277004,Playing,468992,1329,21,45,0,0,9,722,391,807,391,807
277258,Playing,415744,1178,21,45,0,0,9,723,393,807,393,807
277504,Playing,325632,922,21,45,0,0,9,723,393,807,393,807
277759,Playing,336896,954,21,45,0,0,9,724,404,807,404,807
278003,Playing,254976,722,21,45,0,0,9,724,404,807,404,807
278253,Playing,201728,571,21,45,0,0,9,725,407,807,407,807
278502,Playing,139264,394,21,45,0,0,9,726,400,807,400,807
278752,Playing,57344,162,21,45,0,0,9,726,400,807,400,807
279002,Playing,77824,220,21,45,0,0,9,727,404,807,404,807
279253,Playing,15360,43,21,45,0,0,9,728,399,807,399,807
279507,Playing,0,0,21,45,0,0,9,728,399,807,399,807
279752,Buffering,110592,313,22,45,0,0,9,729,389,807,390,807
280008,Buffering,110592,313,22,45,0,0,9,729,389,807,390,807
280253,Buffering,147456,417,22,45,0,0,9,730,402,807,402,807
280504,Buffering,248832,705,22,45,0,0,9,731,400,807,400,807
280754,Buffering,248832,705,22,45,0,0,9,731,400,807,400,807
281062,Buffering,285696,809,22,45,0,0,9,732,390,807,391,807
281250,Buffering,313344,888,22,45,0,0,9,733,399,807,399,807
281558,Buffering,313344,888,22,45,0,0,9,733,399,807,399,807
281807,Buffering,294912,835,22,46,0,0,9,734,409,807,409,807
282057,Buffering,241664,684,22,46,0,0,9,735,399,807,400,807
282308,Buffering,151552,429,22,46,0,0,9,735,399,807,400,807
282557,Buffering,189440,536,22,46,0,0,9,736,391,807,392,807
282808,Buffering,126976,359,22,46,0,0,9,737,403,807,403,807
283057,Buffering,36864,104,22,46,0,0,9,737,403,807,403,807
283321,Buffering,101376,287,22,46,0,0,9,738,391,807,391,807
283508,Buffering,101376,287,22,46,0,0,9,738,391,807,391,807
283761,Buffering,138240,391,22,46,0,0,9,739,404,807,404,807
284012,Buffering,175104,496,22,46,0,0,9,740,402,807,403,807
284261,Buffering,175104,496,22,46,0,0,9,740,402,807,403,807
284516,Buffering,211968,600,22,46,0,0,9,741,402,807,402,807
284771,Buffering,211968,600,22,46,0,0,9,741,402,807,402,807
285016,Playing,174080,493,22,47,0,0,9,742,423,807,423,807
285265,Playing,194560,551,22,47,0,0,9,743,365,807,366,807
285512,Playing,104448,296,22,47,0,0,9,743,365,807,366,807
285761,Playing,50176,142,22,47,0,0,9,744,398,807,398,807
286011,Buffering,119808,339,23,47,0,0,9,745,408,807,408,807
286262,Buffering,119808,339,23,47,0,0,9,745,408,807,408,807
286508,Buffering,138240,391,23,47,0,0,9,746,386,807,386,807
286760,Buffering,138240,391,23,47,0,0,9,746,386,807,386,807
287015,Buffering,258048,731,23,47,0,0,9,747,414,807,414,807
287272,Buffering,294912,835,23,47,0,0,9,748,393,807,393,807
287521,Buffering,294912,835,23,47,0,0,9,748,393,807,393,807
287788,Buffering,322560,914,23,47,0,0,9,749,393,807,393,807
288037,Buffering,351232,995,23,48,0,0,9,750,404,807,404,807
288298,Buffering,252928,716,23,48,0,0,9,750,404,807,404,807
288548,Buffering,207872,589,23,48,0,0,9,751,395,807,395,807
288799,Buffering,117760,333,23,48,0,0,9,752,408,807,395,807
289070,Buffering,130048,368,23,48,0,0,9,752,408,807,408,807
289275,Buffering,83968,238,23,48,0,0,9,753,400,807,400,807
289524,Buffering,0,0,23,48,0,0,9,753,400,807,400,807
289768,Buffering,119808,339,23,48,0,0,9,754,395,807,396,807
290017,Buffering,147456,417,23,48,0,0,9,755,402,807,402,807
290274,Buffering,147456,417,23,48,0,0,9,755,402,807,402,807
290520,Buffering,248832,705,23,48,0,0,9,756,396,807,396,807
290770,Buffering,248832,705,23,48,0,0,9,756,396,807,396,807
291017,Buffering,294912,835,23,48,0,0,9,757,400,807,400,807
291250,Playing,288768,818,23,49,0,0,9,758,391,807,391,807
291503,Playing,198656,563,23,49,0,0,9,758,391,807,391,807
291773,Playing,220160,624,23,49,0,0,9,759,397,807,398,807
292016,Playing,175104,496,23,49,0,0,9,760,413,807,413,807
292267,Playing,84992,240,23,49,0,0,9,760,413,807,413,807
292516,Playing,105472,298,23,49,0,0,9,761,407,807,408,807
292770,Playing,23552,66,23,49,0,0,9,761,407,807,408,807
293029,Playing,0,0,23,49,0,0,9,762,390,807,390,807
293279,Buffering,119808,339,24,49,0,0,9,763,391,807,392,807
293527,Buffering,119808,339,24,49,0,0,9,763,391,807,392,807
293778,Buffering,156672,444,24,49,0,0,9,764,399,807,399,807
294029,Buffering,184320,522,24,49,0,0,9,765,399,807,399,807
294278,Buffering,184320,522,24,49,0,0,9,765,399,807,399,807
294532,Buffering,221184,626,24,49,0,0,9,766,392,807,392,807
294786,Buffering,221184,626,24,49,0,0,9,766,392,807,392,807
295035,Buffering,258048,731,24,49,0,0,9,767,404,807,404,807
295286,Buffering,336896,954,24,50,0,0,9,768,394,807,394,807
295539,Buffering,246784,699,24,50,0,0,9,768,394,807,394,807
295787,Buffering,183296,519,24,50,0,0,9,769,396,807,396,807
296036,Buffering,212992,603,24,50,0,0,9,770,406,807,406,807
296286,Buffering,122880,348,24,50,0,0,9,770,406,807,406,807
296533,Buffering,59392,168,24,50,0,0,9,771,395,807,395,807
296783,Buffering,0,0,24,50,0,0,9,771,395,807,395,807
297033,Buffering,119808,339,24,50,0,0,9,772,405,807,405,807
297257,Buffering,156672,444,24,50,0,0,9,773,408,807,408,807
297519,Buffering,156672,444,24,50,0,0,9,773,408,807,408,807
297765,Buffering,184320,522,24,50,0,0,9,774,386,807,386,807
298015,Buffering,230400,653,24,50,0,0,9,775,398,807,398,807
298266,Buffering,230400,653,24,50,0,0,9,775,398,807,398,807
298512,Reconnecting,0,0,24,51,0,0,9,776,410,807,410,807
298761,Reconnecting,0,0,24,51,0,0,9,776,410,807,410,807
299012,Reconnecting,0,0,24,51,0,0,9,776,410,807,410,807
299265,Reconnecting,0,0,24,51,0,0,9,776,410,807,410,807
299511,Reconnecting,0,0,24,51,0,0,9,776,410,807,410,807
299761,Reconnecting,0,0,24,51,0,0,9,776,410,807,410,807
300011,Reconnecting,0,0,24,51,0,0,9,776,410,807,410,807
300261,Reconnecting,0,0,24,51,0,0,9,776,410,807,410,807
300507,Reconnecting,0,0,24,51,0,0,9,776,410,807,410,807
300757,Reconnecting,0,0,24,51,0,0,9,776,410,807,410,807
301025,Reconnecting,0,0,24,51,0,0,9,776,410,807,410,807
301274,Reconnecting,0,0,24,51,0,0,9,776,410,807,410,807
301518,Reconnecting,0,0,24,51,0,0,9,776,410,807,410,807
301769,Reconnecting,0,0,24,51,0,0,9,776,410,807,410,807
302018,Reconnecting,0,0,24,51,0,0,9,776,410,807,410,807
302269,Reconnecting,0,0,24,51,0,0,9,776,410,807,410,807
302519,Reconnecting,0,0,24,51,0,0,9,776,410,807,410,807
302772,Reconnecting,0,0,24,51,0,0,9,776,410,807,410,807
303024,Reconnecting,0,0,24,51,0,0,9,776,410,807,410,807
303271,Reconnecting,0,0,24,51,0,0,9,776,410,807,410,807
303519,Reconnecting,0,0,24,51,0,0,10,776,410,807,410,807
303769,Reconnecting,0,0,24,51,0,0,10,776,410,807,410,807
304018,Reconnecting,0,0,24,51,0,0,10,776,410,807,410,807
304270,Reconnecting,0,0,24,51,0,0,10,776,410,807,410,807
304519,Reconnecting,0,0,24,51,0,0,10,776,410,807,410,807
304752,Reconnecting,0,0,24,51,0,0,10,776,410,807,410,807
305002,Reconnecting,0,0,24,51,0,0,10,776,410,807,410,807
305253,Reconnecting,0,0,24,51,0,0,10,776,410,807,410,807
305502,Reconnecting,0,0,24,51,0,0,10,776,410,807,410,807
305750,Reconnecting,0,0,24,51,0,0,10,776,410,807,410,807
306004,Reconnecting,0,0,24,51,0,0,10,776,410,807,410,807
306252,Reconnecting,0,0,24,51,0,0,10,778,0,807,410,807
306503,Reconnecting,0,0,24,51,0,0,10,781,38,807,410,807
306753,Reconnecting,0,0,24,51,0,0,10,781,38,807,410,807
307003,Reconnecting,0,0,24,51,0,0,10,781,38,807,410,807
307253,Reconnecting,0,0,24,51,0,0,10,781,38,807,410,807
307502,Reconnecting,0,0,24,51,0,0,10,781,38,807,410,807
307750,Reconnecting,0,0,24,51,0,0,10,781,38,807,410,807
308060,Reconnecting,0,0,24,51,0,0,10,781,38,807,410,807
308310,Reconnecting,0,0,24,51,0,0,10,781,38,807,410,807
308562,Reconnecting,0,0,24,51,0,0,10,781,38,807,410,807
308808,Reconnecting,0,0,24,51,0,0,10,781,38,807,410,807
309058,Reconnecting,0,0,24,51,0,0,10,781,38,807,410,807
309304,Reconnecting,0,0,24,51,0,0,10,781,38,807,410,807
309532,Reconnecting,0,0,24,51,0,0,10,781,38,807,410,807
309779,Reconnecting,0,0,24,51,0,0,10,781,38,807,410,807
310028,Reconnecting,0,0,24,51,0,0,10,781,38,807,410,807
310273,Reconnecting,0,0,24,51,0,0,10,781,38,807,410,807
310524,Reconnecting,0,0,24,51,0,0,10,781,38,807,410,807
310775,Reconnecting,0,0,24,51,0,0,10,781,38,807,410,807
311024,Reconnecting,0,0,24,51,0,0,10,781,38,807,410,807
311278,Reconnecting,0,0,24,51,0,0,10,781,38,807,410,807
311520,Reconnecting,0,0,24,51,0,0,11,781,38,807,410,807
311773,Reconnecting,0,0,24,51,0,0,11,781,38,807,410,807
312023,Reconnecting,0,0,24,51,0,0,11,781,38,807,410,807
312274,Reconnecting,0,0,24,51,0,0,11,781,38,807,410,807
312527,Reconnecting,0,0,24,51,0,0,11,781,38,807,410,807
312777,Reconnecting,0,0,24,51,0,0,11,781,38,807,410,807
313037,Reconnecting,0,0,24,51,0,0,11,781,38,807,410,807
313294,Reconnecting,0,0,24,51,0,0,11,781,38,807,410,807
313545,Reconnecting,64512,182,24,51,0,0,11,783,0,807,391,807
313798,Reconnecting,451584,1280,24,51,0,0,11,790,0,807,0,807
314046,Reconnecting,875520,2481,24,51,0,0,11,799,0,807,0,807
314295,Reconnecting,1078272,3056,24,51,0,0,11,803,0,807,0,807
314545,Reconnecting,1078272,3056,24,51,0,0,11,803,0,807,0,807
314795,Reconnecting,1087488,3082,24,51,0,0,11,805,0,807,0,807
315044,Reconnecting,1161216,3291,24,51,0,0,11,807,0,807,0,807
315296,Reconnecting,1161216,3291,24,51,0,0,11,807,0,807,0,807
315543,Reconnecting,1271808,3604,24,51,0,0,11,808,388,807,389,807
315791,Reconnecting,1271808,3604,24,51,0,0,11,808,388,807,389,807
316041,Reconnecting,1299456,3683,24,51,0,0,11,809,406,807,406,807
316291,Reconnecting,1400832,3970,24,51,0,0,11,810,400,807,400,807
316541,Reconnecting,1400832,3970,24,51,0,0,11,810,400,807,400,807
316794,Playing,1380352,3912,24,51,0,0,11,811,403,807,403,807
317044,Playing,1317888,3735,24,51,0,0,11,812,395,807,395,807
317290,Playing,1227776,3480,24,51,0,0,11,812,395,807,395,807
317541,Playing,1182720,3352,24,51,0,0,11,813,405,807,405,807
317790,Playing,1092608,3096,24,51,0,0,11,813,405,807,405,807
318040,Playing,1030144,2919,24,51,0,0,11,814,395,807,395,807
318289,Playing,1059840,3004,24,51,0,0,11,815,392,807,392,807
318539,Playing,977920,2771,24,51,0,0,11,815,392,807,392,807
318791,Playing,906240,2568,24,51,0,0,11,816,402,807,402,807
319040,Playing,935936,2652,24,51,0,0,11,817,399,807,400,807
319287,Playing,845824,2397,24,51,0,0,11,817,399,807,400,807
319541,Playing,782336,2217,24,51,0,0,11,818,395,807,395,807
319795,Playing,692224,1962,24,51,0,0,11,818,395,807,395,807
320038,Playing,721920,2046,24,51,0,0,11,819,408,807,408,807
320287,Playing,668672,1895,24,51,0,0,11,820,391,807,391,807
320507,Playing,594944,1686,24,51,0,0,11,820,391,807,391,807
320755,Playing,532480,1509,24,51,0,0,11,821,402,807,402,807
321004,Playing,450560,1277,24,51,0,0,11,821,402,807,402,807
321256,Playing,415744,1178,24,51,0,0,11,822,400,807,400,807
321502,Playing,353280,1001,24,51,0,0,11,823,398,807,398,807
321753,Playing,271360,769,24,51,0,0,11,823,398,807,398,807
322002,Playing,291840,827,24,51,0,0,11,824,398,807,398,807
322252,Playing,220160,624,24,51,0,0,11,825,395,807,395,807
322500,Playing,130048,368,24,51,0,0,11,825,395,807,395,807
322752,Playing,150528,426,24,51,0,0,11,826,396,807,396,807
323002,Playing,96256,272,24,51,0,0,11,827,403,807,403,807
323252,Playing,6144,17,24,51,0,0,11,827,403,807,403,807
323502,Buffering,101376,287,25,51,0,0,11,828,401,807,401,807
323811,Buffering,138240,391,25,51,0,0,11,829,400,807,400,807
324060,Buffering,138240,391,25,51,0,0,11,829,400,807,400,807
324310,Buffering,156672,444,25,51,0,0,11,830,390,807,390,807
324561,Buffering,156672,444,25,51,0,0,11,830,390,807,390,807
324810,Buffering,276480,783,25,51,0,0,11,831,404,807,405,807
325057,Buffering,304128,862,25,51,0,0,11,832,403,807,403,807
325308,Buffering,304128,862,25,51,0,0,11,832,403,807,403,807
325556,Buffering,357376,1012,25,52,0,0,11,833,395,807,396,807
325804,Buffering,294912,835,25,52,0,0,11,834,401,807,401,807
326054,Buffering,204800,580,25,52,0,0,11,834,401,807,401,807
326307,Buffering,242688,687,25,52,0,0,11,835,395,807,396,807
326560,Buffering,152576,432,25,52,0,0,11,835,395,807,396,807
326810,Buffering,99328,281,25,52,0,0,11,836,404,807,404,807
327099,Buffering,20480,58,25,52,0,0,11,837,392,807,392,807
327277,Buffering,0,0,25,52,0,0,11,837,392,807,392,807
327527,Buffering,36864,104,25,52,0,0,11,838,399,807,399,807
327777,Buffering,36864,104,25,52,0,0,11,838,399,807,399,807
328027,Buffering,73728,208,25,52,0,0,11,839,395,807,395,807
328277,Buffering,193536,548,25,52,0,0,11,840,400,807,401,807
328531,Buffering,193536,548,25,52,0,0,11,840,400,807,401,807
328782,Playing,146432,415,25,53,0,0,11,841,399,807,400,807
329035,Playing,166912,473,25,53,0,0,11,842,418,807,418,807
329285,Playing,76800,217,25,53,0,0,11,842,418,807,418,807
329533,Playing,31744,89,25,53,0,0,11,843,403,807,403,807
329786,Playing,0,0,25,53,0,0,11,843,403,807,403,807
330033,Buffering,27648,78,26,53,0,0,11,844,396,807,396,807
330283,Buffering,64512,182,26,53,0,0,11,845,390,807,390,807
330533,Buffering,64512,182,26,53,0,0,11,845,390,807,390,807
330781,Buffering,92160,261,26,53,0,0,11,846,403,807,403,807
331031,Buffering,211968,600,26,53,0,0,11,847,403,807,404,807
331281,Buffering,211968,600,26,53,0,0,11,847,403,807,404,807
331531,Buffering,239616,679,26,53,0,0,11,848,394,807,394,807
331785,Buffering,239616,679,26,53,0,0,11,848,394,807,394,807
332032,Buffering,350208,992,26,53,0,0,11,849,390,807,390,807
332280,Buffering,335872,952,26,54,0,0,11,850,397,807,397,807
332527,Buffering,245760,696,26,54,0,0,11,850,397,807,397,807
332778,Buffering,266240,754,26,54,0,0,11,851,403,807,403,807
333027,Buffering,221184,626,26,54,0,0,11,852,398,807,398,807
333276,Buffering,131072,371,26,54,0,0,11,852,398,807,398,807
333524,Buffering,68608,194,26,54,0,0,11,853,393,807,394,807
333774,Buffering,0,0,26,54,0,0,11,853,393,807,394,807
334022,Buffering,36864,104,26,54,0,0,11,854,408,807,408,807
334277,Buffering,73728,208,26,54,0,0,11,855,405,807,405,807
334517,Buffering,73728,208,26,54,0,0,11,855,405,807,405,807
334765,Buffering,184320,522,26,54,0,0,11,856,395,807,395,807
335017,Playing,194560,551,26,55,0,0,11,857,402,807,402,807
335261,Playing,104448,296,26,55,0,0,11,857,402,807,402,807
335512,Playing,133120,377,26,55,0,0,11,858,392,807,393,807
335760,Playing,43008,121,26,55,0,0,11,858,392,807,393,807
336008,Playing,0,0,26,55,0,0,11,859,403,807,403,807
336257,Buffering,101376,287,27,55,0,0,11,860,393,807,393,807
336508,Buffering,101376,287,27,55,0,0,11,860,393,807,393,807
336756,Buffering,129024,365,27,55,0,0,11,861,399,807,399,807
337003,Buffering,156672,444,27,55,0,0,11,862,408,807,408,807
337252,Buffering,156672,444,27,55,0,0,11,862,408,807,408,807
337504,Buffering,267264,757,27,55,0,0,11,863,397,807,398,807
337754,Buffering,267264,757,27,55,0,0,11,863,397,807,398,807
338001,Buffering,285696,809,27,55,0,0,11,864,391,807,391,807
338252,Buffering,380928,1079,27,56,0,0,11,865,395,807,395,807
338562,Buffering,274432,777,27,56,0,0,11,865,395,807,395,807
338752,Buffering,237568,673,27,56,0,0,11,866,404,807,404,807
339061,Buffering,241664,684,27,56,0,0,11,867,399,807,399,807
339312,Buffering,151552,429,27,56,0,0,11,867,399,807,399,807
339543,Buffering,97280,275,27,56,0,0,11,868,392,807,392,807
339794,Buffering,52224,148,27,56,0,0,11,869,401,807,401,807
340042,Buffering,0,0,27,56,0,0,11,869,401,807,401,807
340294,Buffering,46080,130,27,56,0,0,11,870,409,807,410,807
340543,Buffering,46080,130,27,56,0,0,11,870,409,807,410,807
340793,Buffering,73728,208,27,56,0,0,11,871,398,807,398,807
341039,Buffering,202752,574,27,56,0,0,11,872,400,807,400,807
341289,Buffering,202752,574,27,56,0,0,11,872,400,807,400,807
341539,Reconnecting,0,0,27,57,0,0,11,873,400,807,400,807
341790,Reconnecting,0,0,27,57,0,0,11,873,400,807,400,807
342039,Reconnecting,0,0,27,57,0,0,11,873,400,807,400,807
342286,Reconnecting,0,0,27,57,0,0,11,873,400,807,400,807
342539,Reconnecting,0,0,27,57,0,0,11,873,400,807,400,807
342788,Reconnecting,0,0,27,57,0,0,11,873,400,807,400,807
343036,Reconnecting,0,0,27,57,0,0,11,873,400,807,400,807
343290,Reconnecting,0,0,27,57,0,0,11,873,400,807,400,807
343539,Reconnecting,0,0,27,57,0,0,11,873,400,807,400,807
343790,Reconnecting,0,0,27,57,0,0,11,873,400,807,400,807
344039,Reconnecting,0,0,27,57,0,0,11,873,400,807,400,807
344285,Reconnecting,0,0,27,57,0,0,11,873,400,807,400,807
344535,Reconnecting,0,0,27,57,0,0,11,873,400,807,400,807
344781,Reconnecting,0,0,27,57,0,0,11,873,400,807,400,807
345031,Reconnecting,0,0,27,57,0,0,11,873,400,807,400,807
345280,Reconnecting,0,0,27,57,0,0,11,873,400,807,400,807
345531,Reconnecting,0,0,27,57,0,0,11,873,400,807,400,807
345781,Reconnecting,0,0,27,57,0,0,11,873,400,807,400,807
346029,Reconnecting,0,0,27,57,0,0,11,873,400,807,400,807
346277,Reconnecting,0,0,27,57,0,0,11,873,400,807,400,807
346525,Reconnecting,0,0,27,57,0,0,12,873,400,807,400,807
346774,Reconnecting,0,0,27,57,0,0,12,873,400,807,400,807
347024,Reconnecting,0,0,27,57,0,0,12,873,400,807,400,807
347274,Reconnecting,0,0,27,57,0,0,12,873,400,807,400,807
347527,Reconnecting,0,0,27,57,0,0,12,873,400,807,400,807
347777,Reconnecting,0,0,27,57,0,0,12,873,400,807,400,807
348055,Reconnecting,0,0,27,57,0,0,12,873,400,807,400,807
348291,Reconnecting,0,0,27,57,0,0,12,873,400,807,400,807
348543,Reconnecting,0,0,27,57,0,0,12,873,400,807,400,807
348791,Reconnecting,55296,156,27,57,0,0,12,875,0,807,404,807
349040,Reconnecting,460800,1306,27,57,0,0,12,882,0,807,0,807
349290,Reconnecting,866304,2455,27,57,0,0,12,891,1,807,1,807
349540,Reconnecting,1087488,3082,27,57,0,0,12,895,0,807,0,807
349789,Reconnecting,1087488,3082,27,57,0,0,12,895,0,807,0,807
350039,Reconnecting,1087488,3082,27,57,0,0,12,897,0,807,0,807
350289,Reconnecting,1179648,3343,27,57,0,0,12,899,0,807,0,807
350538,Reconnecting,1179648,3343,27,57,0,0,12,899,0,807,0,807
350786,Reconnecting,1290240,3657,27,57,0,0,12,900,385,807,386,807
351035,Reconnecting,1290240,3657,27,57,0,0,12,900,385,807,386,807
351287,Reconnecting,1308672,3709,27,57,0,0,12,901,399,807,399,807
351539,Reconnecting,1410048,3996,27,57,0,0,12,902,393,807,393,807
351789,Reconnecting,1410048,3996,27,57,0,0,12,902,393,807,393,807
352039,Playing,1390592,3941,27,57,0,0,12,903,402,807,402,807
352299,Playing,1328128,3764,27,57,0,0,12,904,400,807,400,807
352545,Playing,1238016,3509,27,57,0,0,12,904,400,807,400,807
352794,Playing,1184768,3358,27,57,0,0,12,905,391,807,391,807
353041,Playing,1102848,3125,27,57,0,0,12,905,391,807,391,807
353289,Playing,1040384,2948,27,57,0,0,12,906,404,807,404,807
353539,Playing,1060864,3006,27,57,0,0,12,907,400,807,400,807
353787,Playing,978944,2774,27,57,0,0,12,907,400,807,400,807
354039,Playing,907264,2571,27,57,0,0,12,908,402,807,402,807
354286,Playing,936960,2655,27,57,0,0,12,909,395,807,395,807
354536,Playing,855040,2423,27,57,0,0,12,909,395,807,395,807
354785,Playing,792576,2246,27,57,0,0,12,910,400,807,400,807
355037,Playing,702464,1991,27,57,0,0,12,910,400,807,400,807
355285,Playing,722944,2049,27,57,0,0,12,911,398,807,398,807
355535,Playing,696320,1973,27,57,0,0,12,912,403,807,403,807
355786,Playing,606208,1718,27,57,0,0,12,912,403,807,403,807
356035,Playing,534528,1515,27,57,0,0,12,913,403,807,403,807
356284,Playing,564224,1599,27,57,0,0,12,914,395,807,395,807
356531,Playing,482304,1367,27,57,0,0,12,914,395,807,395,807
356778,Playing,419840,1190,27,57,0,0,12,915,393,807,393,807
357026,Playing,329728,934,27,57,0,0,12,915,393,807,393,807
357278,Playing,367616,1041,27,57,0,0,12,916,410,807,410,807
357526,Playing,305152,864,27,57,0,0,12,917,391,807,391,807
357777,Playing,215040,609,27,57,0,0,12,917,391,807,391,807
358026,Playing,226304,641,27,57,0,0,12,918,398,807,398,807
358277,Playing,181248,513,27,57,0,0,12,919,403,807,403,807
358526,Playing,91136,258,27,57,0,0,12,919,403,807,403,807
358774,Playing,28672,81,27,57,0,0,12,920,400,807,400,807
359027,Playing,0,0,27,57,0,0,12,920,400,807,400,807
359276,Buffering,36864,104,28,57,0,0,12,921,391,807,391,807
359526,Buffering,55296,156,28,57,0,0,12,922,397,807,397,807
359760,Buffering,55296,156,28,57,0,0,12,922,397,807,397,807
360009,Buffering,175104,496,28,57,0,0,12,923,413,807,414,807
360257,Buffering,202752,574,28,57,0,0,12,924,390,807,391,807
360508,Buffering,202752,574,28,57,0,0,12,924,390,807,391,807
360759,Buffering,313344,888,28,57,0,0,12,925,393,807,393,807
361007,Buffering,313344,888,28,57,0,0,12,925,393,807,393,807
361257,Buffering,340992,966,28,57,0,0,12,926,398,807,398,807
361506,Buffering,435200,1233,28,58,0,0,12,927,408,807,408,807
361757,Buffering,345088,978,28,58,0,0,12,927,408,807,408,807
362007,Buffering,291840,827,28,58,0,0,12,928,397,807,397,807
362256,Buffering,237568,673,28,58,0,0,12,929,402,807,402,807
362505,Buffering,147456,417,28,58,0,0,12,929,402,807,402,807
362755,Buffering,177152,502,28,58,0,0,12,930,397,807,397,807
363003,Buffering,87040,246,28,58,0,0,12,930,397,807,397,807
363253,Buffering,41984,119,28,58,0,0,12,931,393,807,393,807
363500,Buffering,110592,313,28,58,0,0,12,932,394,807,395,807
363751,Buffering,110592,313,28,58,0,0,12,932,394,807,395,807
364001,Buffering,129024,365,28,58,0,0,12,933,406,807,406,807
364310,Playing,215040,609,28,59,0,0,12,934,400,807,400,807
364559,Playing,133120,377,28,59,0,0,12,934,400,807,400,807
364807,Playing,79872,226,28,59,0,0,12,935,394,807,394,807
365056,Buffering,101376,287,29,59,0,0,12,936,398,807,399,807
365307,Buffering,101376,287,29,59,0,0,12,936,398,807,399,807
365557,Buffering,138240,391,29,59,0,0,12,937,401,807,401,807
365810,Buffering,138240,391,29,59,0,0,12,937,401,807,401,807
366060,Buffering,156672,444,29,59,0,0,12,938,402,807,402,807
366310,Buffering,276480,783,29,59,0,0,12,939,397,807,397,807
366502,Buffering,276480,783,29,59,0,0,12,939,397,807,397,807
366774,Buffering,294912,835,29,59,0,0,12,940,396,807,396,807
367035,Buffering,294912,835,29,59,0,0,12,940,396,807,396,807
367286,Buffering,333824,946,29,60,0,0,12,941,398,807,398,807
367534,Buffering,270336,766,29,60,0,0,12,942,402,807,402,807
367786,Buffering,180224,510,29,60,0,0,12,942,402,807,402,807
368031,Buffering,200704,568,29,60,0,0,12,943,399,807,399,807
368281,Buffering,164864,467,29,60,0,0,12,944,400,807,400,807
368531,Buffering,74752,211,29,60,0,0,12,944,400,807,400,807
368781,Buffering,12288,34,29,60,0,0,12,945,396,807,396,807
369031,Buffering,0,0,29,60,0,0,12,945,396,807,396,807
369277,Buffering,36864,104,29,60,0,0,12,946,396,807,396,807
369526,Buffering,73728,208,29,60,0,0,12,947,405,807,405,807
369777,Buffering,73728,208,29,60,0,0,12,947,405,807,405,807
370001,Buffering,193536,548,29,60,0,0,12,948,406,807,407,807
370252,Playing,211968,600,29,61,0,0,12,949,406,807,406,807
370553,Playing,105472,298,29,61,0,0,12,949,406,807,406,807
370806,Playing,125952,357,29,61,0,0,12,950,384,807,384,807
371069,Playing,72704,206,29,61,0,0,12,951,394,807,394,807
371255,Playing,7168,20,29,61,0,0,12,951,394,807,394,807
371510,Buffering,101376,287,30,61,0,0,12,952,403,807,403,807
371753,Buffering,101376,287,30,61,0,0,12,952,403,807,403,807
372010,Buffering,129024,365,30,61,0,0,12,953,412,807,413,807
372268,Buffering,156672,444,30,61,0,0,12,954,384,807,384,807
372519,Buffering,156672,444,30,61,0,0,12,954,384,807,384,807
372768,Buffering,267264,757,30,61,0,0,12,955,401,807,401,807
373017,Buffering,267264,757,30,61,0,0,12,955,401,807,401,807
373311,Buffering,285696,809,30,61,0,0,12,956,405,807,405,807
373541,Buffering,364544,1033,30,62,0,0,12,957,394,807,395,807
373798,Buffering,274432,777,30,62,0,0,12,957,394,807,395,807
374047,Buffering,211968,600,30,62,0,0,12,958,405,807,405,807
374297,Buffering,240640,682,30,62,0,0,12,959,398,807,398,807
374551,Buffering,150528,426,30,62,0,0,12,959,398,807,398,807
374811,Buffering,89088,252,30,62,0,0,12,960,397,807,397,807
375052,Buffering,34816,98,30,62,0,0,12,961,392,807,392,807
375302,Buffering,0,0,30,62,0,0,12,961,392,807,392,807
375549,Buffering,36864,104,30,62,0,0,12,962,403,807,403,807
375798,Buffering,36864,104,30,62,0,0,12,962,403,807,403,807
376048,Buffering,64512,182,30,62,0,0,12,963,400,807,400,807
376298,Buffering,184320,522,30,62,0,0,12,964,395,807,396,807
376547,Buffering,184320,522,30,62,0,0,12,964,395,807,396,807
376823,Reconnecting,0,0,30,63,0,0,12,965,398,807,398,807
377011,Reconnecting,0,0,30,63,0,0,12,965,398,807,398,807
377302,Reconnecting,0,0,30,63,0,0,12,965,398,807,398,807
377549,Reconnecting,0,0,30,63,0,0,12,965,398,807,398,807
377753,Reconnecting,0,0,30,63,0,0,12,965,398,807,398,807
378027,Reconnecting,0,0,30,63,0,0,12,965,398,807,398,807
378265,Reconnecting,0,0,30,63,0,0,12,965,398,807,398,807
378514,Reconnecting,0,0,30,63,0,0,12,965,398,807,398,807
378810,Reconnecting,0,0,30,63,0,0,12,965,398,807,398,807
379009,Reconnecting,0,0,30,63,0,0,12,965,398,807,398,807
379251,Reconnecting,0,0,30,63,0,0,12,965,398,807,398,807
379560,Reconnecting,0,0,30,63,0,0,12,965,398,807,398,807
379839,Reconnecting,0,0,30,63,0,0,12,965,398,807,398,807
380045,Reconnecting,0,0,30,63,0,0,12,965,398,807,398,807
380315,Reconnecting,0,0,30,63,0,0,12,965,398,807,398,807
380557,Reconnecting,0,0,30,63,0,0,12,965,398,807,398,807
380769,Reconnecting,0,0,30,63,0,0,12,965,398,807,398,807
381005,Reconnecting,0,0,30,63,0,0,12,965,398,807,398,807
381301,Reconnecting,0,0,30,63,0,0,12,965,398,807,398,807
381586,Reconnecting,0,0,30,63,0,0,12,965,398,807,398,807
381766,Reconnecting,0,0,30,63,0,0,13,965,398,807,398,807
382103,Reconnecting,0,0,30,63,0,0,13,965,398,807,398,807
382261,Reconnecting,0,0,30,63,0,0,13,965,398,807,398,807
382566,Reconnecting,0,0,30,63,0,0,13,965,398,807,398,807
382815,Reconnecting,0,0,30,63,0,0,13,965,398,807,398,807
383056,Reconnecting,0,0,30,63,0,0,13,965,398,807,398,807
383255,Reconnecting,0,0,30,63,0,0,13,965,398,807,398,807
383573,Reconnecting,0,0,30,63,0,0,13,965,398,807,398,807
383790,Reconnecting,0,0,30,63,0,0,13,965,398,807,398,807
384074,Reconnecting,239616,679,30,63,0,0,13,970,33,807,33,807
384278,Reconnecting,423936,1201,30,63,0,0,13,974,0,807,0,807
384531,Reconnecting,820224,2324,30,63,0,0,13,983,0,807,0,807
384819,Reconnecting,1022976,2899,30,63,0,0,13,987,0,807,0,807
385049,Reconnecting,1022976,2899,30,63,0,0,13,987,0,807,0,807
385365,Reconnecting,1022976,2899,30,63,0,0,13,989,0,807,0,807
385707,Reconnecting,1105920,3134,30,63,0,0,13,991,8,807,8,807
385840,Reconnecting,1105920,3134,30,63,0,0,13,991,8,807,8,807
386031,Reconnecting,1225728,3474,30,63,0,0,13,992,375,807,376,807
386282,Reconnecting,1225728,3474,30,63,0,0,13,992,375,807,376,807
386519,Reconnecting,1244160,3526,30,63,0,0,13,993,399,807,399,807
386844,Reconnecting,1345536,3813,30,63,0,0,13,994,403,807,403,807
387020,Reconnecting,1345536,3813,30,63,0,0,13,994,403,807,403,807
387294,Reconnecting,1391616,3944,30,63,0,0,13,995,392,807,392,807
387528,Playing,1411072,3999,30,63,0,0,13,996,399,807,400,807
387819,Playing,1304576,3697,30,63,0,0,13,996,399,807,400,807
388006,Playing,1275904,3616,30,63,0,0,13,997,399,807,399,807
388257,Playing,1185792,3361,30,63,0,0,13,997,399,807,399,807
388507,Playing,1131520,3207,30,63,0,0,13,998,404,807,404,807
388770,Playing,1143808,3242,30,63,0,0,13,999,403,807,403,807
389061,Playing,1045504,2963,30,63,0,0,13,999,403,807,403,807
389362,Playing,957440,2713,30,63,0,0,13,1000,386,807,386,807
389545,Playing,1011712,2867,30,63,0,0,13,1001,400,807,400,807
389793,Playing,921600,2612,30,63,0,0,13,1001,400,807,400,807
390046,Playing,859136,2435,30,63,0,0,13,1002,404,807,404,807
390297,Playing,870400,2467,30,63,0,0,13,1003,399,807,399,807
390546,Playing,788480,2234,30,63,0,0,13,1003,399,807,399,807
390795,Playing,735232,2083,30,63,0,0,13,1004,401,807,401,807
391044,Playing,645120,1828,30,63,0,0,13,1004,401,807,401,807
391293,Playing,582656,1651,30,63,0,0,13,1005,395,807,395,807
391545,Playing,611328,1732,30,63,0,0,13,1006,402,807,403,807
391794,Playing,521216,1477,30,63,0,0,13,1006,402,807,403,807
392044,Playing,458752,1300,30,63,0,0,13,1007,394,807,394,807
392292,Playing,368640,1044,30,63,0,0,13,1007,394,807,394,807
392541,Playing,406528,1152,30,63,0,0,13,1008,405,807,405,807
392790,Playing,334848,949,30,63,0,0,13,1009,407,807,408,807
393042,Playing,244736,693,30,63,0,0,13,1009,407,807,408,807
393293,Playing,265216,751,30,63,0,0,13,1010,383,807,383,807
393543,Playing,211968,600,30,63,0,0,13,1011,399,807,399,807
393791,Playing,130048,368,30,63,0,0,13,1011,399,807,399,807
394039,Playing,76800,217,30,63,0,0,13,1012,401,807,401,807
394319,Buffering,36864,104,31,63,0,0,13,1013,403,807,403,807
394594,Buffering,36864,104,31,63,0,0,13,1013,403,807,403,807
394759,Buffering,55296,156,31,63,0,0,13,1014,398,807,398,807
395023,Buffering,55296,156,31,63,0,0,13,1014,398,807,398,807
395276,Buffering,175104,496,31,63,0,0,13,1015,388,807,388,807
395531,Buffering,211968,600,31,63,0,0,13,1016,399,807,399,807
395796,Buffering,211968,600,31,63,0,0,13,1016,399,807,399,807
396052,Buffering,322560,914,31,63,0,0,13,1017,408,807,408,807
396370,Buffering,350208,992,31,63,0,0,13,1018,396,807,396,807
396586,Buffering,350208,992,31,63,0,0,13,1018,396,807,396,807
396776,Buffering,437248,1239,31,64,0,0,13,1019,398,807,399,807
397039,Buffering,338944,960,31,64,0,0,13,1019,398,807,399,807
397294,Buffering,285696,809,31,64,0,0,13,1020,399,807,399,807
397540,Buffering,231424,655,31,64,0,0,13,1021,397,807,398,807
397757,Buffering,149504,423,31,64,0,0,13,1021,397,807,398,807
398020,Buffering,96256,272,31,64,0,0,13,1022,401,807,401,807
398285,Buffering,52224,148,31,64,0,0,13,1023,397,807,397,807
398536,Buffering,0,0,31,64,0,0,13,1023,397,807,397,807
398781,Buffering,110592,313,31,64,0,0,13,1024,403,807,403,807
399031,Buffering,110592,313,31,64,0,0,13,1024,403,807,403,807
399293,Buffering,138240,391,31,64,0,0,13,1025,396,807,396,807
399506,Playing,240640,682,31,65,0,0,13,1026,398,807,398,807
399770,Playing,150528,426,31,65,0,0,13,1026,398,807,398,807
400051,Playing,79872,226,31,65,0,0,13,1027,398,807,399,807
400257,Playing,6144,17,31,65,0,0,13,1027,398,807,399,807
400507,Buffering,110592,313,32,65,0,0,13,1028,400,807,400,807
400760,Buffering,138240,391,32,65,0,0,13,1029,396,807,396,807
401153,Buffering,175104,496,32,65,0,0,13,1030,408,807,408,807
401276,Buffering,175104,496,32,65,0,0,13,1030,408,807,408,807
401536,Buffering,285696,809,32,65,0,0,13,1031,391,807,391,807
401835,Buffering,285696,809,32,65,0,0,13,1031,391,807,391,807
402035,Buffering,313344,888,32,65,0,0,13,1032,399,807,399,807
402281,Buffering,424960,1204,32,66,0,0,13,1033,400,807,400,807
402536,Buffering,334848,949,32,66,0,0,13,1033,400,807,400,807
402818,Buffering,273408,774,32,66,0,0,13,1034,401,807,401,807
403055,Buffering,191488,542,32,66,0,0,13,1034,401,807,401,807
403261,Buffering,228352,647,32,66,0,0,13,1035,398,807,398,807
403639,Buffering,134144,380,32,66,0,0,13,1036,402,807,402,807
403844,Buffering,60416,171,32,66,0,0,13,1036,402,807,402,807
404014,Buffering,30720,87,32,66,0,0,13,1037,398,807,398,807
404306,Buffering,36864,104,32,66,0,0,13,1038,393,807,394,807
404602,Buffering,36864,104,32,66,0,0,13,1038,393,807,394,807
404790,Buffering,73728,208,32,66,0,0,13,1039,399,807,399,807
405158,Buffering,193536,548,32,66,0,0,13,1040,427,807,427,807
405290,Buffering,193536,548,32,66,0,0,13,1040,427,807,427,807
405555,Playing,179200,507,32,67,0,0,13,1041,373,807,373,807
405756,Playing,113664,322,32,67,0,0,13,1041,373,807,373,807
406027,Playing,135168,383,32,67,0,0,13,1042,399,807,400,807
406295,Playing,73728,208,32,67,0,0,13,1043,407,807,407,807
406578,Playing,0,0,32,67,0,0,13,1043,407,807,407,807
406832,Buffering,110592,313,33,67,0,0,13,1044,390,807,391,807
407053,Buffering,110592,313,33,67,0,0,13,1044,390,807,391,807
407304,Buffering,138240,391,33,67,0,0,13,1045,397,807,397,807
407578,Buffering,165888,470,33,67,0,0,13,1046,411,807,411,807
407803,Buffering,165888,470,33,67,0,0,13,1046,411,807,411,807
408074,Buffering,211968,600,33,67,0,0,13,1047,397,807,398,807
408286,Buffering,239616,679,33,67,0,0,13,1048,389,807,389,807
408503,Buffering,239616,679,33,67,0,0,13,1048,389,807,389,807
408794,Buffering,318464,902,33,68,0,0,13,1049,402,807,402,807
409042,Buffering,228352,647,33,68,0,0,13,1049,402,807,402,807
409343,Buffering,149504,423,33,68,0,0,13,1050,396,807,396,807
409543,Buffering,195584,554,33,68,0,0,13,1051,402,807,403,807
409915,Buffering,92160,261,33,68,0,0,13,1052,408,807,408,807
410054,Buffering,43008,121,33,68,0,0,13,1052,408,807,408,807
410256,Buffering,0,0,33,68,0,0,13,1052,408,807,408,807
410578,Buffering,101376,287,33,68,0,0,13,1053,384,807,384,807
410987,Buffering,138240,391,33,68,0,0,13,1054,403,807,403,807
411043,Buffering,138240,391,33,68,0,0,13,1054,403,807,403,807
411293,Buffering,175104,496,33,68,0,0,13,1055,403,807,403,807
411541,Buffering,285696,809,33,68,0,0,13,1056,397,807,397,807
411789,Buffering,285696,809,33,68,0,0,13,1056,397,807,397,807
412038,Reconnecting,0,0,33,69,0,0,13,1057,407,807,408,807
412288,Reconnecting,0,0,33,69,0,0,13,1057,407,807,408,807
412539,Reconnecting,0,0,33,69,0,0,13,1057,407,807,408,807
412790,Reconnecting,0,0,33,69,0,0,13,1057,407,807,408,807
413038,Reconnecting,0,0,33,69,0,0,13,1057,407,807,408,807
413287,Reconnecting,0,0,33,69,0,0,13,1057,407,807,408,807
413538,Reconnecting,0,0,33,69,0,0,13,1057,407,807,408,807
413787,Reconnecting,0,0,33,69,0,0,13,1057,407,807,408,807
414037,Reconnecting,0,0,33,69,0,0,13,1057,407,807,408,807
414289,Reconnecting,0,0,33,69,0,0,13,1057,407,807,408,807
414538,Reconnecting,0,0,33,69,0,0,13,1057,407,807,408,807
414786,Reconnecting,0,0,33,69,0,0,13,1057,407,807,408,807
415037,Reconnecting,0,0,33,69,0,0,13,1057,407,807,408,807
415285,Reconnecting,0,0,33,69,0,0,13,1057,407,807,408,807
415536,Reconnecting,0,0,33,69,0,0,13,1057,407,807,408,807
415786,Reconnecting,0,0,33,69,0,0,13,1057,407,807,408,807
416036,Reconnecting,0,0,33,69,0,0,13,1057,407,807,408,807
416287,Reconnecting,0,0,33,69,0,0,13,1057,407,807,408,807
416551,Reconnecting,0,0,33,69,0,0,13,1057,407,807,408,807
416801,Reconnecting,0,0,33,69,0,0,13,1057,407,807,408,807
417053,Reconnecting,0,0,33,69,0,0,14,1057,407,807,408,807
417304,Reconnecting,0,0,33,69,0,0,14,1057,407,807,408,807
417554,Reconnecting,0,0,33,69,0,0,14,1057,407,807,408,807
417802,Reconnecting,0,0,33,69,0,0,14,1057,407,807,408,807
418051,Reconnecting,0,0,33,69,0,0,14,1057,407,807,408,807
418302,Reconnecting,0,0,33,69,0,0,14,1057,407,807,408,807
418553,Reconnecting,0,0,33,69,0,0,14,1057,407,807,408,807
418800,Reconnecting,0,0,33,69,0,0,14,1057,407,807,408,807
419051,Reconnecting,0,0,33,69,0,0,14,1057,407,807,408,807
419300,Reconnecting,0,0,33,69,0,0,14,1059,10,807,408,807
419548,Reconnecting,322560,914,33,69,0,0,14,1064,44,807,44,807
419799,Reconnecting,783360,2220,33,69,0,0,14,1075,0,807,1,807
420047,Reconnecting,783360,2220,33,69,0,0,14,1075,0,807,1,807
420297,Reconnecting,986112,2795,33,69,0,0,14,1079,0,807,1,807
420549,Reconnecting,986112,2795,33,69,0,0,14,1081,11,807,11,807
420801,Reconnecting,986112,2795,33,69,0,0,14,1081,11,807,11,807
421050,Reconnecting,1069056,3030,33,69,0,0,14,1083,0,807,0,807
421298,Reconnecting,1179648,3343,33,69,0,0,14,1084,380,807,381,807
421547,Reconnecting,1179648,3343,33,69,0,0,14,1084,380,807,381,807
421796,Reconnecting,1198080,3395,33,69,0,0,14,1085,409,807,409,807
422046,Reconnecting,1198080,3395,33,69,0,0,14,1085,409,807,409,807
422299,Reconnecting,1244160,3526,33,69,0,0,14,1086,394,807,395,807
422550,Reconnecting,1281024,3631,33,69,0,0,14,1087,387,807,387,807
422799,Reconnecting,1281024,3631,33,69,0,0,14,1087,387,807,387,807
423050,Reconnecting,1308672,3709,33,69,0,0,14,1088,404,807,404,807
423301,Reconnecting,1354752,3840,33,69,0,0,14,1089,415,807,416,807
423550,Reconnecting,1354752,3840,33,69,0,0,14,1089,415,807,416,807
423832,Reconnecting,1382400,3918,33,69,0,0,14,1090,382,807,382,807
424057,Playing,1494016,4234,33,69,0,0,14,1091,390,807,390,807
424385,Playing,1379328,3909,33,69,0,0,14,1091,390,807,390,807
424527,Playing,1348608,3822,33,69,0,0,14,1092,414,807,414,807
424986,Playing,1295360,3671,33,69,0,0,14,1093,393,807,393,807
425156,Playing,1238016,3509,33,69,0,0,14,1093,393,807,393,807
425363,Playing,1191936,3378,33,69,0,0,14,1094,410,807,410,807
425586,Playing,1110016,3146,33,69,0,0,14,1094,410,807,410,807
425815,Playing,1129472,3201,33,69,0,0,14,1095,387,807,387,807
426031,Playing,1055744,2992,33,69,0,0,14,1095,387,807,387,807
426488,Playing,974848,2763,33,69,0,0,14,1097,405,807,405,807
426548,Playing,958464,2716,33,69,0,0,14,1097,405,807,405,807
426798,Playing,868352,2461,33,69,0,0,14,1097,405,807,405,807
427047,Playing,888832,2519,33,69,0,0,14,1098,411,807,412,807
427297,Playing,834560,2365,33,69,0,0,14,1099,380,807,380,807
427546,Playing,744448,2110,33,69,0,0,14,1099,380,807,380,807
427797,Playing,764928,2168,33,69,0,0,14,1100,399,807,400,807
428044,Playing,702464,1991,33,69,0,0,14,1101,399,807,399,807
428296,Playing,612352,1735,33,69,0,0,14,1101,399,807,399,807
428543,Playing,641024,1816,33,69,0,0,14,1102,404,807,406,807
428793,Playing,550912,1561,33,69,0,0,14,1102,404,807,406,807
429043,Playing,497664,1410,33,69,0,0,14,1103,397,807,397,807
429293,Playing,443392,1256,33,69,0,0,14,1104,409,807,410,807
429542,Playing,353280,1001,33,69,0,0,14,1104,409,807,410,807
429923,Playing,250880,711,33,69,0,0,14,1105,384,807,384,807
430023,Playing,218112,618,33,69,0,0,14,1105,384,807,384,807
430265,Playing,163840,464,33,69,0,0,14,1106,415,807,415,807
430568,Playing,177152,502,33,69,0,0,14,1107,395,807,396,807
430761,Playing,103424,293,33,69,0,0,14,1107,395,807,396,807
431010,Playing,49152,139,33,69,0,0,14,1108,387,807,387,807
431273,Buffering,110592,313,34,69,0,0,14,1109,415,807,415,807
431523,Buffering,110592,313,34,69,0,0,14,1109,415,807,415,807
431777,Buffering,138240,391,34,69,0,0,14,1110,386,807,387,807
432018,Buffering,138240,391,34,69,0,0,14,1110,386,807,387,807
432269,Buffering,239616,679,34,69,0,0,14,1111,408,807,409,807
432527,Buffering,285696,809,34,69,0,0,14,1112,389,807,389,807
432818,Buffering,285696,809,34,69,0,0,14,1112,389,807,389,807
433019,Buffering,322560,914,34,69,0,0,14,1113,397,807,397,807
433278,Buffering,425984,1207,34,70,0,0,14,1114,400,807,401,807
433527,Buffering,335872,952,34,70,0,0,14,1114,400,807,401,807
433814,Buffering,265216,751,34,70,0,0,14,1115,397,807,397,807
434061,Buffering,294912,835,34,70,0,0,14,1116,396,807,396,807
434309,Buffering,204800,580,34,70,0,0,14,1116,396,807,396,807
434534,Buffering,149504,423,34,70,0,0,14,1117,397,807,397,807
434788,Buffering,59392,168,34,70,0,0,14,1117,397,807,397,807
435059,Buffering,71680,203,34,70,0,0,14,1118,474,807,474,807
435257,Buffering,34816,98,34,70,0,0,14,1119,334,807,334,807
435509,Buffering,0,0,34,70,0,0,14,1119,334,807,334,807
435760,Buffering,27648,78,34,70,0,0,14,1120,400,807,400,807
436055,Buffering,64512,182,34,70,0,0,14,1121,398,807,398,807
436323,Buffering,64512,182,34,70,0,0,14,1121,398,807,398,807
436519,Playing,67584,191,34,71,0,0,14,1122,407,807,408,807
436840,Playing,0,0,34,71,0,0,14,1122,407,807,408,807
437034,Buffering,110592,313,35,71,0,0,14,1123,400,807,400,807
437285,Buffering,129024,365,35,71,0,0,14,1124,391,807,391,807
437533,Buffering,129024,365,35,71,0,0,14,1124,391,807,391,807
437765,Buffering,239616,679,35,71,0,0,14,1125,404,807,404,807
438011,Buffering,239616,679,35,71,0,0,14,1125,404,807,404,807
438302,Buffering,267264,757,35,71,0,0,14,1126,398,807,398,807
438551,Buffering,319488,905,35,72,0,0,14,1127,392,807,393,807
438836,Buffering,258048,731,35,72,0,0,14,1128,395,807,395,807
439138,Buffering,151552,429,35,72,0,0,14,1128,395,807,395,807
439273,Buffering,130048,368,35,72,0,0,14,1129,400,807,400,807
439519,Buffering,48128,136,35,72,0,0,14,1129,400,807,400,807
439773,Buffering,46080,130,35,72,0,0,14,1130,413,807,413,807
440028,Buffering,73728,208,35,72,0,0,14,1131,383,807,384,807
440285,Buffering,73728,208,35,72,0,0,14,1131,383,807,384,807
440535,Buffering,184320,522,35,72,0,0,14,1132,399,807,399,807
440802,Buffering,184320,522,35,72,0,0,14,1132,399,807,399,807
441057,Buffering,211968,600,35,72,0,0,14,1133,405,807,405,807
441309,Buffering,313344,888,35,72,0,0,14,1134,407,807,407,807
441523,Buffering,313344,888,35,72,0,0,14,1134,407,807,407,807
441780,Buffering,340992,966,35,72,0,0,14,1135,390,807,390,807
442028,Buffering,340992,966,35,72,0,0,14,1135,390,807,390,807
442289,Buffering,287744,815,35,73,0,0,14,1136,418,807,418,807
442501,Buffering,250880,711,35,73,0,0,14,1137,378,807,378,807
442807,Buffering,144384,409,35,73,0,0,14,1137,378,807,378,807
443023,Buffering,89088,252,35,73,0,0,14,1138,402,807,402,807
443306,Buffering,93184,264,35,73,0,0,14,1139,392,807,392,807
443580,Buffering,3072,8,35,73,0,0,14,1139,392,807,392,807
443764,Buffering,18432,52,35,73,0,0,14,1140,394,807,394,807
444056,Playing,120832,342,35,74,0,0,14,1141,411,807,412,807
444360,Playing,14336,40,35,74,0,0,14,1141,411,807,412,807
444598,Buffering,27648,78,36,74,0,0,14,1142,388,807,388,807
444757,Buffering,27648,78,36,74,0,0,14,1142,388,807,388,807
445237,Buffering,175104,496,36,74,0,0,14,1144,409,807,409,807
445290,Buffering,175104,496,36,74,0,0,14,1144,409,807,409,807
445541,Buffering,175104,496,36,74,0,0,14,1144,409,807,409,807
445790,Buffering,202752,574,36,74,0,0,14,1145,402,807,402,807
446042,Buffering,248832,705,36,74,0,0,14,1146,404,807,404,807
446291,Buffering,248832,705,36,74,0,0,14,1146,404,807,404,807
446543,Buffering,276480,783,36,74,0,0,14,1147,400,807,400,807
446794,Buffering,276480,783,36,74,0,0,14,1147,400,807,400,807
447047,Buffering,313344,888,36,75,0,0,14,1148,394,807,394,807
447299,Buffering,241664,684,36,75,0,0,14,1149,392,807,392,807
447548,Buffering,159744,452,36,75,0,0,14,1149,392,807,392,807
447796,Buffering,180224,510,36,75,0,0,14,1150,425,807,425,807
448047,Buffering,117760,333,36,75,0,0,14,1151,378,807,378,807
448296,Buffering,27648,78,36,75,0,0,14,1151,378,807,378,807
448545,Buffering,101376,287,36,75,0,0,14,1152,399,807,400,807
448794,Buffering,101376,287,36,75,0,0,14,1152,399,807,400,807
449044,Buffering,138240,391,36,75,0,0,14,1153,421,807,421,807
449292,Buffering,156672,444,36,75,0,0,14,1154,379,807,379,807
449577,Buffering,156672,444,36,75,0,0,14,1154,379,807,379,807
449811,Reconnecting,0,0,36,76,0,0,14,1155,396,807,396,807
450028,Reconnecting,0,0,36,76,0,0,14,1155,396,807,396,807
450293,Reconnecting,0,0,36,76,0,0,14,1155,396,807,396,807
450548,Reconnecting,0,0,36,76,0,0,14,1155,396,807,396,807
450818,Reconnecting,0,0,36,76,0,0,14,1155,396,807,396,807
451015,Reconnecting,0,0,36,76,0,0,14,1155,396,807,396,807
451366,Reconnecting,0,0,36,76,0,0,14,1155,396,807,396,807
451514,Reconnecting,0,0,36,76,0,0,14,1155,396,807,396,807
451819,Reconnecting,0,0,36,76,0,0,14,1155,396,807,396,807
452090,Reconnecting,0,0,36,76,0,0,14,1155,396,807,396,807
452335,Reconnecting,0,0,36,76,0,0,14,1155,396,807,396,807
452593,Reconnecting,0,0,36,76,0,0,14,1155,396,807,396,807
452827,Reconnecting,0,0,36,76,0,0,14,1155,396,807,396,807
453068,Reconnecting,0,0,36,76,0,0,14,1155,396,807,396,807
453280,Reconnecting,0,0,36,76,0,0,14,1155,396,807,396,807
453523,Reconnecting,0,0,36,76,0,0,14,1155,396,807,396,807
453919,Reconnecting,0,0,36,76,0,0,14,1155,396,807,396,807
454060,Reconnecting,0,0,36,76,0,0,14,1155,396,807,396,807
454386,Reconnecting,0,0,36,76,0,0,14,1155,396,807,396,807
454540,Reconnecting,0,0,36,76,0,0,14,1155,396,807,396,807
454798,Reconnecting,0,0,36,76,0,0,15,1155,396,807,396,807
455064,Reconnecting,0,0,36,76,0,0,15,1155,396,807,396,807
455280,Reconnecting,0,0,36,76,0,0,15,1155,396,807,396,807
455577,Reconnecting,0,0,36,76,0,0,15,1155,396,807,396,807
455992,Reconnecting,0,0,36,76,0,0,15,1155,396,807,396,807
456205,Reconnecting,0,0,36,76,0,0,15,1155,396,807,396,807
456261,Reconnecting,0,0,36,76,0,0,15,1155,396,807,396,807
456502,Reconnecting,0,0,36,76,0,0,15,1155,396,807,396,807
456797,Reconnecting,0,0,36,76,0,0,15,1155,396,807,396,807
457010,Reconnecting,175104,496,36,76,0,0,15,1159,0,807,0,807
457264,Reconnecting,423936,1201,36,76,0,0,15,1164,24,807,24,807
457540,Reconnecting,829440,2351,36,76,0,0,15,1173,0,807,0,807
457800,Reconnecting,1032192,2925,36,76,0,0,15,1177,0,807,0,807
458060,Reconnecting,1032192,2925,36,76,0,0,15,1177,0,807,0,807
458307,Reconnecting,1032192,2925,36,76,0,0,15,1179,5,807,5,807
458507,Reconnecting,1115136,3160,36,76,0,0,15,1181,0,807,0,807
458780,Reconnecting,1115136,3160,36,76,0,0,15,1181,0,807,0,807
459060,Reconnecting,1234944,3500,36,76,0,0,15,1182,385,807,385,807
459303,Reconnecting,1253376,3552,36,76,0,0,15,1183,438,807,438,807
459576,Reconnecting,1253376,3552,36,76,0,0,15,1183,438,807,438,807
459798,Reconnecting,1354752,3840,36,76,0,0,15,1184,360,807,361,807
460019,Reconnecting,1354752,3840,36,76,0,0,15,1184,360,807,361,807
460275,Reconnecting,1400832,3970,36,76,0,0,15,1185,402,807,402,807
460573,Playing,1395712,3956,36,76,0,0,15,1186,399,807,399,807
460810,Playing,1305600,3700,36,76,0,0,15,1186,399,807,399,807
461060,Playing,1260544,3572,36,76,0,0,15,1187,401,807,402,807
461257,Playing,1186816,3363,36,76,0,0,15,1187,401,807,402,807
461502,Playing,1133568,3213,36,76,0,0,15,1188,410,807,410,807
461887,Playing,1113088,3155,36,76,0,0,15,1189,396,807,396,807
462009,Playing,1072128,3038,36,76,0,0,15,1189,396,807,396,807
462301,Playing,993280,2815,36,76,0,0,15,1190,425,807,425,807
462546,Playing,1004544,2847,36,76,0,0,15,1191,367,807,368,807
462811,Playing,914432,2591,36,76,0,0,15,1191,367,807,368,807
463006,Playing,876544,2484,36,76,0,0,15,1192,398,807,398,807
463255,Playing,786432,2229,36,76,0,0,15,1192,398,807,398,807
463522,Playing,724992,2054,36,76,0,0,15,1193,462,807,463,807
463829,Playing,664576,1883,36,76,0,0,15,1194,342,807,342,807
464046,Playing,590848,1674,36,76,0,0,15,1194,342,807,342,807
464260,Playing,535552,1518,36,76,0,0,15,1195,429,807,429,807
464502,Playing,565248,1602,36,76,0,0,15,1196,372,807,373,807
464769,Playing,475136,1346,36,76,0,0,15,1196,372,807,373,807
465043,Playing,404480,1146,36,76,0,0,15,1197,396,807,397,807
465289,Playing,424960,1204,36,76,0,0,15,1198,399,807,399,807
465559,Playing,326656,925,36,76,0,0,15,1198,399,807,399,807
465805,Playing,272384,772,36,76,0,0,15,1199,404,807,404,807
466052,Playing,182272,516,36,76,0,0,15,1199,404,807,404,807
466302,Playing,129024,365,36,76,0,0,15,1200,391,807,391,807
466552,Playing,83968,238,36,76,0,0,15,1201,396,807,396,807
466805,Playing,0,0,36,76,0,0,15,1201,396,807,396,807
467006,Buffering,27648,78,37,76,0,0,15,1202,409,807,409,807
467319,Buffering,64512,182,37,76,0,0,15,1203,388,807,388,807
467502,Buffering,64512,182,37,76,0,0,15,1203,388,807,388,807
467768,Buffering,92160,261,37,76,0,0,15,1204,411,807,411,807
468018,Buffering,92160,261,37,76,0,0,15,1204,411,807,411,807
468265,Buffering,202752,574,37,76,0,0,15,1205,390,807,390,807
468514,Buffering,239616,679,37,76,0,0,15,1206,409,807,409,807
468777,Buffering,239616,679,37,76,0,0,15,1206,409,807,409,807
469051,Buffering,340992,966,37,76,0,0,15,1207,374,807,374,807
469301,Buffering,343040,972,37,77,0,0,15,1208,408,807,408,807
469501,Buffering,269312,763,37,77,0,0,15,1208,408,807,408,807
469765,Buffering,299008,847,37,77,0,0,15,1209,400,807,400,807
470014,Buffering,208896,592,37,77,0,0,15,1209,400,807,400,807
470272,Buffering,164864,467,37,77,0,0,15,1210,407,807,408,807
470519,Buffering,102400,290,37,77,0,0,15,1211,391,807,391,807
470795,Buffering,12288,34,37,77,0,0,15,1211,391,807,391,807
471027,Buffering,119808,339,37,77,0,0,15,1212,492,807,493,807
471253,Buffering,147456,417,37,77,0,0,15,1213,298,807,298,807
471501,Buffering,147456,417,37,77,0,0,15,1213,298,807,298,807
471756,Buffering,267264,757,37,77,0,0,15,1214,404,807,405,807
472002,Buffering,267264,757,37,77,0,0,15,1214,404,807,405,807
472252,Playing,229376,650,37,78,0,0,15,1215,401,807,401,807
472505,Playing,240640,682,37,78,0,0,15,1216,388,807,388,807
472760,Playing,150528,426,37,78,0,0,15,1216,388,807,388,807
473009,Playing,88064,249,37,78,0,0,15,1217,411,807,411,807
473260,Buffering,36864,104,38,78,0,0,15,1218,403,807,404,807
473514,Buffering,36864,104,38,78,0,0,15,1218,403,807,404,807
473761,Buffering,73728,208,38,78,0,0,15,1219,399,807,399,807
474013,Buffering,73728,208,38,78,0,0,15,1219,399,807,399,807
474294,Buffering,92160,261,38,78,0,0,15,1220,395,807,395,807
474564,Buffering,221184,626,38,78,0,0,15,1221,396,807,396,807
474781,Buffering,221184,626,38,78,0,0,15,1221,396,807,396,807
475056,Buffering,248832,705,38,78,0,0,15,1222,395,807,395,807
475305,Buffering,343040,972,38,79,0,0,15,1223,407,807,408,807
475559,Buffering,252928,716,38,79,0,0,15,1223,407,807,408,807
475813,Buffering,181248,513,38,79,0,0,15,1224,386,807,386,807
476030,Buffering,107520,304,38,79,0,0,15,1224,386,807,386,807
476289,Buffering,128000,362,38,79,0,0,15,1225,394,807,395,807
476538,Buffering,74752,211,38,79,0,0,15,1226,402,807,402,807
476789,Buffering,0,0,38,79,0,0,15,1226,402,807,402,807
477050,Buffering,27648,78,38,79,0,0,15,1227,403,807,403,807
477255,Buffering,64512,182,38,79,0,0,15,1228,403,807,403,807
477502,Buffering,64512,182,38,79,0,0,15,1228,403,807,403,807
477831,Buffering,110592,313,38,79,0,0,15,1229,405,807,405,807
478040,Buffering,110592,313,38,79,0,0,15,1229,405,807,405,807
478264,Buffering,221184,626,38,79,0,0,15,1230,419,807,419,807
478531,Playing,206848,586,38,80,0,0,15,1231,373,807,373,807
478802,Playing,108544,307,38,80,0,0,15,1231,373,807,373,807
479048,Playing,138240,391,38,80,0,0,15,1232,393,807,395,807
479296,Playing,83968,238,38,80,0,0,15,1233,399,807,399,807
479561,Playing,0,0,38,80,0,0,15,1233,399,807,399,807
479810,Buffering,101376,287,39,80,0,0,15,1234,406,807,406,807
480056,Buffering,147456,417,39,80,0,0,15,1235,395,807,396,807
480255,Buffering,147456,417,39,80,0,0,15,1235,395,807,396,807
480501,Buffering,165888,470,39,80,0,0,15,1236,395,807,395,807
480764,Buffering,165888,470,39,80,0,0,15,1236,395,807,395,807
481018,Buffering,285696,809,39,80,0,0,15,1237,415,807,416,807
481261,Buffering,304128,862,39,80,0,0,15,1238,395,807,395,807
481515,Buffering,304128,862,39,80,0,0,15,1238,395,807,395,807
481756,Buffering,382976,1085,39,81,0,0,15,1239,400,807,401,807
482026,Buffering,292864,830,39,81,0,0,15,1239,400,807,401,807
482276,Buffering,230400,653,39,81,0,0,15,1240,390,807,390,807
482523,Buffering,250880,711,39,81,0,0,15,1241,399,807,399,807
482772,Buffering,168960,478,39,81,0,0,15,1241,399,807,399,807
483035,Buffering,107520,304,39,81,0,0,15,1242,398,807,398,807
483280,Buffering,25600,72,39,81,0,0,15,1242,398,807,398,807
483529,Buffering,0,0,39,81,0,0,15,1243,451,807,451,807
483776,Buffering,46080,130,39,81,0,0,15,1244,361,807,361,807
484019,Buffering,46080,130,39,81,0,0,15,1244,361,807,361,807
484385,Buffering,73728,208,39,81,0,0,15,1245,387,807,387,807
484567,Buffering,184320,522,39,81,0,0,15,1246,442,807,442,807
484765,Buffering,184320,522,39,81,0,0,15,1246,442,807,442,807
485068,Reconnecting,0,0,39,82,0,0,15,1247,464,807,464,807
485315,Reconnecting,0,0,39,82,0,0,15,1247,464,807,464,807
485527,Reconnecting,0,0,39,82,0,0,15,1247,464,807,464,807
485820,Reconnecting,0,0,39,82,0,0,15,1247,464,807,464,807
486035,Reconnecting,0,0,39,82,0,0,15,1247,464,807,464,807
486280,Reconnecting,0,0,39,82,0,0,15,1247,464,807,464,807
486514,Reconnecting,0,0,39,82,0,0,15,1247,464,807,464,807
486848,Reconnecting,0,0,39,82,0,0,15,1247,464,807,464,807
487080,Reconnecting,0,0,39,82,0,0,15,1247,464,807,464,807
487256,Reconnecting,0,0,39,82,0,0,15,1247,464,807,464,807
487543,Reconnecting,0,0,39,82,0,0,15,1247,464,807,464,807
487872,Reconnecting,0,0,39,82,0,0,15,1247,464,807,464,807
488034,Reconnecting,0,0,39,82,0,0,15,1247,464,807,464,807
488356,Reconnecting,0,0,39,82,0,0,15,1247,464,807,464,807
488543,Reconnecting,0,0,39,82,0,0,15,1247,464,807,464,807
488902,Reconnecting,0,0,39,82,0,0,15,1247,464,807,464,807
489056,Reconnecting,0,0,39,82,0,0,15,1247,464,807,464,807
489343,Reconnecting,0,0,39,82,0,0,15,1247,464,807,464,807
489510,Reconnecting,0,0,39,82,0,0,15,1247,464,807,464,807
489882,Reconnecting,0,0,39,82,0,0,15,1247,464,807,464,807
490123,Reconnecting,0,0,39,82,0,0,16,1247,464,807,464,807
490368,Reconnecting,0,0,39,82,0,0,16,1247,464,807,464,807
490585,Reconnecting,0,0,39,82,0,0,16,1247,464,807,464,807
490769,Reconnecting,0,0,39,82,0,0,16,1247,464,807,464,807
491069,Reconnecting,0,0,39,82,0,0,16,1247,464,807,464,807
491293,Reconnecting,0,0,39,82,0,0,16,1247,464,807,464,807
491552,Reconnecting,0,0,39,82,0,0,16,1247,464,807,464,807
491756,Reconnecting,0,0,39,82,0,0,16,1247,464,807,464,807
492043,Reconnecting,0,0,39,82,0,0,16,1247,464,807,464,807
492301,Reconnecting,0,0,39,82,0,0,16,1247,464,807,464,807
492555,Reconnecting,0,0,39,82,0,0,16,1249,0,807,421,807
492764,Reconnecting,377856,1071,39,82,0,0,16,1256,0,807,0,807
493021,Reconnecting,792576,2246,39,82,0,0,16,1265,0,807,0,807
493268,Reconnecting,995328,2821,39,82,0,0,16,1269,0,807,0,807
493522,Reconnecting,995328,2821,39,82,0,0,16,1269,0,807,0,807
493767,Reconnecting,995328,2821,39,82,0,0,16,1271,0,807,0,807
494033,Reconnecting,995328,2821,39,82,0,0,16,1271,0,807,0,807
494284,Reconnecting,1078272,3056,39,82,0,0,16,1273,1,807,1,807
494531,Reconnecting,1188864,3369,39,82,0,0,16,1274,377,807,377,807
494788,Reconnecting,1188864,3369,39,82,0,0,16,1274,377,807,377,807
495030,Reconnecting,1207296,3422,39,82,0,0,16,1275,407,807,407,807
495285,Reconnecting,1253376,3552,39,82,0,0,16,1276,387,807,387,807
495531,Reconnecting,1253376,3552,39,82,0,0,16,1276,387,807,387,807
495785,Reconnecting,1290240,3657,39,82,0,0,16,1277,407,807,407,807
496027,Reconnecting,1290240,3657,39,82,0,0,16,1277,407,807,407,807
496281,Reconnecting,1317888,3735,39,82,0,0,16,1278,390,807,390,807
496526,Reconnecting,1354752,3840,39,82,0,0,16,1279,397,807,397,807
496776,Reconnecting,1354752,3840,39,82,0,0,16,1279,397,807,397,807
497023,Reconnecting,1391616,3944,39,82,0,0,16,1280,401,807,402,807
497277,Playing,1485824,4211,39,82,0,0,16,1281,397,807,397,807
497593,Playing,1379328,3909,39,82,0,0,16,1281,397,807,397,807
497785,Playing,1324032,3752,39,82,0,0,16,1282,412,807,412,807
498052,Playing,1344512,3810,39,82,0,0,16,1283,387,807,388,807
498305,Playing,1254400,3555,39,82,0,0,16,1283,387,807,388,807
498506,Playing,1208320,3424,39,82,0,0,16,1284,395,807,395,807
498776,Playing,1118208,3169,39,82,0,0,16,1284,395,807,395,807
499051,Playing,1121280,3178,39,82,0,0,16,1285,421,807,421,807
499305,Playing,1068032,3027,39,82,0,0,16,1286,377,807,377,807
499552,Playing,977920,2771,39,82,0,0,16,1286,377,807,377,807
499767,Playing,931840,2641,39,82,0,0,16,1287,396,807,396,807
500022,Playing,887808,2516,39,82,0,0,16,1288,398,807,398,807
500280,Playing,797696,2261,39,82,0,0,16,1288,398,807,398,807
500521,Playing,735232,2083,39,82,0,0,16,1289,400,807,400,807
500768,Playing,653312,1851,39,82,0,0,16,1289,400,807,400,807
501018,Playing,683008,1935,39,82,0,0,16,1290,407,807,407,807
501272,Playing,611328,1732,39,82,0,0,16,1291,408,807,408,807
501521,Playing,521216,1477,39,82,0,0,16,1291,408,807,408,807
501773,Playing,532480,1509,39,82,0,0,16,1292,394,807,394,807
502036,Playing,479232,1358,39,82,0,0,16,1293,401,807,401,807
502280,Playing,397312,1126,39,82,0,0,16,1293,401,807,401,807
502546,Playing,326656,925,39,82,0,0,16,1294,391,807,391,807
502798,Playing,236544,670,39,82,0,0,16,1294,391,807,391,807
503043,Playing,191488,542,39,82,0,0,16,1295,407,807,407,807
503302,Playing,129024,365,39,82,0,0,16,1296,395,807,395,807
503551,Playing,38912,110,39,82,0,0,16,1296,395,807,395,807
503796,Playing,68608,194,39,82,0,0,16,1297,398,807,398,807
504056,Buffering,18432,52,40,82,0,0,16,1298,410,807,411,807
504263,Buffering,18432,52,40,82,0,0,16,1298,410,807,411,807
504513,Buffering,129024,365,40,82,0,0,16,1299,384,807,384,807
504763,Buffering,129024,365,40,82,0,0,16,1299,384,807,384,807
505010,Buffering,156672,444,40,82,0,0,16,1300,406,807,406,807
505272,Buffering,258048,731,40,82,0,0,16,1301,408,807,409,807
505527,Buffering,258048,731,40,82,0,0,16,1301,408,807,409,807
505776,Buffering,304128,862,40,82,0,0,16,1302,396,807,396,807
506026,Buffering,322560,914,40,82,0,0,16,1303,394,807,394,807
506279,Buffering,322560,914,40,82,0,0,16,1303,394,807,394,807
506542,Buffering,392192,1111,40,83,0,0,16,1304,397,807,397,807
506796,Buffering,302080,856,40,83,0,0,16,1304,397,807,397,807
507046,Buffering,239616,679,40,83,0,0,16,1305,398,807,398,807
507295,Buffering,277504,786,40,83,0,0,16,1306,403,807,403,807
507546,Buffering,187392,531,40,83,0,0,16,1306,403,807,403,807
507792,Buffering,124928,354,40,83,0,0,16,1307,389,807,389,807
508043,Buffering,136192,386,40,83,0,0,16,1308,399,807,400,807
508292,Buffering,46080,130,40,83,0,0,16,1308,399,807,400,807
508547,Buffering,0,0,40,83,0,0,16,1309,397,807,398,807
508796,Buffering,0,0,40,83,0,0,16,1309,397,807,398,807
509046,Buffering,36864,104,40,83,0,0,16,1310,403,807,404,807
509251,Buffering,73728,208,40,83,0,0,16,1311,404,807,404,807
509500,Buffering,73728,208,40,83,0,0,16,1311,404,807,404,807
509768,Playing,60416,171,40,84,0,0,16,1312,416,807,416,807
510014,Buffering,101376,287,41,84,0,0,16,1313,375,807,375,807
510268,Buffering,101376,287,41,84,0,0,16,1313,375,807,375,807
510533,Buffering,129024,365,41,84,0,0,16,1314,398,807,398,807
510785,Buffering,129024,365,41,84,0,0,16,1314,398,807,398,807
511035,Buffering,239616,679,41,84,0,0,16,1315,409,807,409,807
511284,Buffering,267264,757,41,84,0,0,16,1316,395,807,395,807
511534,Buffering,267264,757,41,84,0,0,16,1316,395,807,395,807
511787,Buffering,311296,882,41,85,0,0,16,1317,398,807,398,807
512034,Buffering,258048,731,41,85,0,0,16,1318,402,807,402,807
512283,Buffering,167936,476,41,85,0,0,16,1318,402,807,402,807
512530,Buffering,113664,322,41,85,0,0,16,1319,393,807,394,807
512780,Buffering,23552,66,41,85,0,0,16,1319,393,807,394,807
513038,Buffering,0,0,41,85,0,0,16,1320,403,807,404,807
513279,Buffering,27648,78,41,85,0,0,16,1321,395,807,396,807
513530,Buffering,27648,78,41,85,0,0,16,1321,395,807,396,807
513795,Buffering,138240,391,41,85,0,0,16,1322,392,807,392,807
514046,Buffering,165888,470,41,85,0,0,16,1323,399,807,400,807
514292,Buffering,165888,470,41,85,0,0,16,1323,399,807,400,807
514543,Buffering,285696,809,41,85,0,0,16,1324,404,807,404,807
514796,Buffering,285696,809,41,85,0,0,16,1324,404,807,404,807
515039,Buffering,322560,914,41,85,0,0,16,1325,402,807,402,807
515287,Buffering,408576,1158,41,86,0,0,16,1326,398,807,398,807
515559,Buffering,310272,879,41,86,0,0,16,1326,398,807,398,807
515775,Buffering,282624,801,41,86,0,0,16,1327,396,807,397,807
516022,Buffering,210944,597,41,86,0,0,16,1328,408,807,408,807
516272,Buffering,120832,342,41,86,0,0,16,1328,408,807,408,807
516520,Buffering,150528,426,41,86,0,0,16,1329,390,807,391,807
516768,Buffering,68608,194,41,86,0,0,16,1329,390,807,391,807
517022,Buffering,6144,17,41,86,0,0,16,1330,403,807,403,807
517268,Playing,104448,296,41,87,0,0,16,1331,391,807,391,807
517518,Playing,14336,40,41,87,0,0,16,1331,391,807,391,807
517800,Buffering,18432,52,42,87,0,0,16,1332,409,807,410,807
518004,Buffering,18432,52,42,87,0,0,16,1332,409,807,410,807
518256,Buffering,129024,365,42,87,0,0,16,1333,398,807,398,807
518518,Buffering,165888,470,42,87,0,0,16,1334,413,807,413,807
518771,Buffering,165888,470,42,87,0,0,16,1334,413,807,413,807
519039,Buffering,193536,548,42,87,0,0,16,1335,399,807,399,807
519288,Buffering,304128,862,42,87,0,0,16,1336,379,807,379,807
519551,Buffering,304128,862,42,87,0,0,16,1336,379,807,379,807
519883,Buffering,350208,992,42,87,0,0,16,1337,399,807,399,807
520039,Buffering,461824,1309,42,88,0,0,16,1338,400,807,400,807
520263,Buffering,379904,1076,42,88,0,0,16,1338,400,807,400,807
520518,Buffering,317440,899,42,88,0,0,16,1339,434,807,434,807
520781,Buffering,227328,644,42,88,0,0,16,1339,434,807,434,807
521022,Buffering,247808,702,42,88,0,0,16,1340,383,807,383,807
521272,Buffering,185344,525,42,88,0,0,16,1341,385,807,386,807
521517,Buffering,103424,293,42,88,0,0,16,1341,385,807,386,807
521798,Buffering,41984,119,42,88,0,0,16,1342,407,807,408,807
522042,Buffering,27648,78,42,88,0,0,16,1343,383,807,383,807
522296,Buffering,27648,78,42,88,0,0,16,1343,383,807,383,807
522559,Buffering,55296,156,42,88,0,0,16,1344,395,807,395,807
522810,Reconnecting,0,0,42,89,0,0,16,1345,412,807,412,807
523046,Reconnecting,0,0,42,89,0,0,16,1345,412,807,412,807
523297,Reconnecting,0,0,42,89,0,0,16,1345,412,807,412,807
523552,Reconnecting,0,0,42,89,0,0,16,1345,412,807,412,807
523856,Reconnecting,0,0,42,89,0,0,16,1345,412,807,412,807
524033,Reconnecting,0,0,42,89,0,0,16,1345,412,807,412,807
524276,Reconnecting,0,0,42,89,0,0,16,1345,412,807,412,807
524539,Reconnecting,0,0,42,89,0,0,16,1345,412,807,412,807
524785,Reconnecting,0,0,42,89,0,0,16,1345,412,807,412,807
525051,Reconnecting,0,0,42,89,0,0,16,1345,412,807,412,807
525300,Reconnecting,0,0,42,89,0,0,16,1345,412,807,412,807
525505,Reconnecting,0,0,42,89,0,0,16,1345,412,807,412,807
525768,Reconnecting,0,0,42,89,0,0,16,1345,412,807,412,807
526034,Reconnecting,0,0,42,89,0,0,16,1345,412,807,412,807
526283,Reconnecting,0,0,42,89,0,0,16,1345,412,807,412,807
526564,Reconnecting,0,0,42,89,0,0,16,1345,412,807,412,807
526767,Reconnecting,0,0,42,89,0,0,16,1345,412,807,412,807
527034,Reconnecting,0,0,42,89,0,0,16,1345,412,807,412,807
527281,Reconnecting,0,0,42,89,0,0,16,1345,412,807,412,807
527570,Reconnecting,0,0,42,89,0,0,16,1345,412,807,412,807
527817,Reconnecting,0,0,42,89,0,0,16,1345,412,807,412,807
528042,Reconnecting,0,0,42,89,0,0,17,1345,412,807,412,807
528291,Reconnecting,0,0,42,89,0,0,17,1345,412,807,412,807
528539,Reconnecting,0,0,42,89,0,0,17,1345,412,807,412,807
528788,Reconnecting,0,0,42,89,0,0,17,1345,412,807,412,807
529038,Reconnecting,0,0,42,89,0,0,17,1345,412,807,412,807
529288,Reconnecting,0,0,42,89,0,0,17,1345,412,807,412,807
529538,Reconnecting,0,0,42,89,0,0,17,1345,412,807,412,807
529793,Reconnecting,0,0,42,89,0,0,17,1345,412,807,412,807
530046,Reconnecting,0,0,42,89,0,0,17,1345,412,807,412,807
530293,Reconnecting,387072,1097,42,89,0,0,17,1354,0,807,0,807
530546,Reconnecting,774144,2194,42,89,0,0,17,1363,0,807,0,807
530817,Reconnecting,774144,2194,42,89,0,0,17,1363,0,807,0,807
531020,Reconnecting,976896,2768,42,89,0,0,17,1367,1,807,1,807
531267,Reconnecting,976896,2768,42,89,0,0,17,1369,2,807,2,807
531504,Reconnecting,976896,2768,42,89,0,0,17,1369,2,807,2,807
531774,Reconnecting,1050624,2977,42,89,0,0,17,1371,1,807,1,807
532014,Reconnecting,1050624,2977,42,89,0,0,17,1371,1,807,1,807
532267,Reconnecting,1179648,3343,42,89,0,0,17,1372,400,807,400,807
532545,Reconnecting,1198080,3395,42,89,0,0,17,1373,398,807,398,807
532793,Reconnecting,1198080,3395,42,89,0,0,17,1373,398,807,398,807
533029,Reconnecting,1299456,3683,42,89,0,0,17,1374,406,807,406,807
533341,Reconnecting,1336320,3787,42,89,0,0,17,1375,461,807,461,807
533512,Reconnecting,1336320,3787,42,89,0,0,17,1375,461,807,461,807
533759,Reconnecting,1363968,3866,42,89,0,0,17,1376,331,807,331,807
534029,Reconnecting,1363968,3866,42,89,0,0,17,1376,331,807,331,807
534280,Reconnecting,1410048,3996,42,89,0,0,17,1377,405,807,405,807
534566,Playing,1404928,3982,42,89,0,0,17,1378,394,807,395,807
534808,Playing,1323008,3750,42,89,0,0,17,1378,394,807,395,807
535054,Playing,1343488,3808,42,89,0,0,17,1379,397,807,398,807
535305,Playing,1271808,3604,42,89,0,0,17,1380,398,807,398,807
535551,Playing,1189888,3372,42,89,0,0,17,1380,398,807,398,807
535808,Playing,1210368,3430,42,89,0,0,17,1381,401,807,401,807
536056,Playing,1120256,3175,42,89,0,0,17,1381,401,807,401,807
536302,Playing,1067008,3024,42,89,0,0,17,1382,399,807,399,807
536554,Playing,1078272,3056,42,89,0,0,17,1383,398,807,398,807
536801,Playing,996352,2824,42,89,0,0,17,1383,398,807,398,807
537047,Playing,943104,2673,42,89,0,0,17,1384,399,807,400,807
537300,Playing,889856,2522,42,89,0,0,17,1385,396,807,396,807
537551,Playing,799744,2266,42,89,0,0,17,1385,396,807,396,807
537800,Playing,846848,2400,42,89,0,0,17,1386,415,807,416,807
538049,Playing,756736,2144,42,89,0,0,17,1386,415,807,416,807
538301,Playing,694272,1967,42,89,0,0,17,1387,386,807,386,807
538550,Playing,723968,2052,42,89,0,0,17,1388,396,807,396,807
538799,Playing,633856,1796,42,89,0,0,17,1388,396,807,396,807
539049,Playing,579584,1642,42,89,0,0,17,1389,412,807,412,807
539300,Playing,535552,1518,42,89,0,0,17,1390,400,807,400,807
539546,Playing,445440,1262,42,89,0,0,17,1390,400,807,400,807
539796,Playing,392192,1111,42,89,0,0,17,1391,398,807,398,807
540046,Playing,310272,879,42,89,0,0,17,1391,398,807,398,807
540297,Playing,247808,702,42,89,0,0,17,1392,383,807,383,807
540546,Playing,194560,551,42,89,0,0,17,1393,401,807,402,807
540793,Playing,112640,319,42,89,0,0,17,1393,401,807,402,807
541043,Playing,40960,116,42,89,0,0,17,1394,401,807,401,807
541309,Buffering,119808,339,43,89,0,0,17,1395,396,807,397,807
541572,Buffering,119808,339,43,89,0,0,17,1395,396,807,397,807
541764,Buffering,138240,391,43,89,0,0,17,1396,404,807,404,807
542012,Buffering,138240,391,43,89,0,0,17,1396,404,807,404,807
542285,Buffering,248832,705,43,89,0,0,17,1397,394,807,394,807
542547,Buffering,276480,783,43,89,0,0,17,1398,420,807,420,807
542793,Buffering,276480,783,43,89,0,0,17,1398,420,807,420,807
543042,Buffering,321536,911,43,90,0,0,17,1399,379,807,379,807
543289,Buffering,268288,760,43,90,0,0,17,1400,396,807,396,807
543504,Buffering,194560,551,43,90,0,0,17,1400,396,807,396,807
543758,Buffering,141312,400,43,90,0,0,17,1401,408,807,408,807
544009,Buffering,51200,145,43,90,0,0,17,1401,408,807,408,807
544255,Buffering,80896,229,43,90,0,0,17,1402,400,807,400,807
544505,Buffering,26624,75,43,90,0,0,17,1403,395,807,395,807
544754,Buffering,0,0,43,90,0,0,17,1403,395,807,395,807
545004,Buffering,110592,313,43,90,0,0,17,1404,398,807,398,807
545251,Buffering,138240,391,43,90,0,0,17,1405,400,807,400,807
545504,Buffering,138240,391,43,90,0,0,17,1405,400,807,400,807
545750,Buffering,239616,679,43,90,0,0,17,1406,398,807,399,807
546064,Buffering,267264,757,43,90,0,0,17,1407,395,807,395,807
546251,Buffering,267264,757,43,90,0,0,17,1407,395,807,395,807
546501,Buffering,344064,975,43,91,0,0,17,1408,395,807,395,807
546753,Buffering,253952,719,43,91,0,0,17,1408,395,807,395,807
547004,Buffering,208896,592,43,91,0,0,17,1409,400,807,400,807
547252,Buffering,137216,388,43,91,0,0,17,1410,404,807,405,807
547501,Buffering,47104,133,43,91,0,0,17,1410,404,807,405,807
547754,Playing,69632,197,43,92,0,0,17,1411,395,807,396,807
548005,Playing,0,0,43,92,0,0,17,1411,395,807,396,807
548301,Buffering,27648,78,44,92,0,0,17,1412,409,807,410,807
548546,Buffering,147456,417,44,92,0,0,17,1413,393,807,393,807
548800,Buffering,147456,417,44,92,0,0,17,1413,393,807,393,807
549046,Buffering,165888,470,44,92,0,0,17,1414,394,807,394,807
549309,Buffering,276480,783,44,92,0,0,17,1415,404,807,404,807
549518,Buffering,276480,783,44,92,0,0,17,1415,404,807,404,807
549780,Buffering,313344,888,44,92,0,0,17,1416,412,807,412,807
550045,Buffering,313344,888,44,92,0,0,17,1416,412,807,412,807
550293,Buffering,340992,966,44,92,0,0,17,1417,387,807,387,807
550546,Buffering,354304,1004,44,93,0,0,17,1418,403,807,404,807
550795,Buffering,264192,748,44,93,0,0,17,1418,403,807,404,807
551045,Buffering,201728,571,44,93,0,0,17,1419,386,807,386,807
551298,Buffering,222208,629,44,93,0,0,17,1420,404,807,405,807
551547,Buffering,140288,397,44,93,0,0,17,1420,404,807,405,807
551752,Buffering,94208,267,44,93,0,0,17,1421,403,807,403,807
552063,Buffering,110592,313,44,93,0,0,17,1422,396,807,396,807
552308,Buffering,110592,313,44,93,0,0,17,1422,396,807,396,807
552564,Buffering,138240,391,44,93,0,0,17,1423,400,807,400,807
552806,Buffering,138240,391,44,93,0,0,17,1423,400,807,400,807
553059,Buffering,248832,705,44,93,0,0,17,1424,393,807,393,807
553305,Playing,261120,740,44,94,0,0,17,1425,397,807,397,807
553555,Playing,171008,484,44,94,0,0,17,1425,397,807,397,807
553804,Playing,108544,307,44,94,0,0,17,1426,400,807,401,807
554050,Playing,137216,388,44,94,0,0,17,1427,401,807,401,807
554258,Playing,63488,179,44,94,0,0,17,1427,401,807,401,807
554506,Buffering,18432,52,45,94,0,0,17,1428,405,807,405,807
554754,Buffering,18432,52,45,94,0,0,17,1428,405,807,405,807
555001,Buffering,138240,391,45,94,0,0,17,1429,405,807,405,807
555256,Buffering,156672,444,45,94,0,0,17,1430,390,807,390,807
555500,Buffering,156672,444,45,94,0,0,17,1430,390,807,390,807
555754,Buffering,267264,757,45,94,0,0,17,1431,400,807,400,807
556008,Buffering,267264,757,45,94,0,0,17,1431,400,807,400,807
556254,Buffering,313344,888,45,94,0,0,17,1432,418,807,418,807
556504,Buffering,340992,966,45,94,0,0,17,1433,376,807,376,807
556754,Buffering,340992,966,45,94,0,0,17,1433,376,807,376,807
557000,Buffering,320512,908,45,95,0,0,17,1434,399,807,399,807
557258,Buffering,259072,734,45,95,0,0,17,1435,421,807,421,807
557564,Buffering,152576,432,45,95,0,0,17,1435,421,807,421,807
557754,Buffering,197632,560,45,95,0,0,17,1436,381,807,382,807
558063,Buffering,118784,336,45,95,0,0,17,1437,417,807,417,807
558308,Buffering,28672,81,45,95,0,0,17,1437,417,807,417,807
558501,Buffering,101376,287,45,95,0,0,17,1438,386,807,386,807
558763,Buffering,101376,287,45,95,0,0,17,1438,386,807,386,807
559046,Buffering,129024,365,45,95,0,0,17,1439,391,807,391,807
559308,Buffering,239616,679,45,95,0,0,17,1440,399,807,399,807
559508,Buffering,239616,679,45,95,0,0,17,1440,399,807,399,807
559754,Reconnecting,0,0,45,96,0,0,17,1441,400,807,401,807
560021,Reconnecting,0,0,45,96,0,0,17,1441,400,807,401,807
560272,Reconnecting,0,0,45,96,0,0,17,1441,400,807,401,807
560522,Reconnecting,0,0,45,96,0,0,17,1441,400,807,401,807
560771,Reconnecting,0,0,45,96,0,0,17,1441,400,807,401,807
561021,Reconnecting,0,0,45,96,0,0,17,1441,400,807,401,807
561279,Reconnecting,0,0,45,96,0,0,17,1441,400,807,401,807
561547,Reconnecting,0,0,45,96,0,0,17,1441,400,807,401,807
561755,Reconnecting,0,0,45,96,0,0,17,1441,400,807,401,807
562022,Reconnecting,0,0,45,96,0,0,17,1441,400,807,401,807
562275,Reconnecting,0,0,45,96,0,0,17,1441,400,807,401,807
562530,Reconnecting,0,0,45,96,0,0,17,1441,400,807,401,807
562772,Reconnecting,0,0,45,96,0,0,17,1441,400,807,401,807
563056,Reconnecting,0,0,45,96,0,0,17,1441,400,807,401,807
563272,Reconnecting,0,0,45,96,0,0,17,1441,400,807,401,807
563572,Reconnecting,0,0,45,96,0,0,17,1441,400,807,401,807
563825,Reconnecting,0,0,45,96,0,0,17,1441,400,807,401,807
564037,Reconnecting,0,0,45,96,0,0,17,1441,400,807,401,807
564287,Reconnecting,0,0,45,96,0,0,17,1441,400,807,401,807
564539,Reconnecting,0,0,45,96,0,0,17,1441,400,807,401,807
564792,Reconnecting,0,0,45,96,0,0,18,1441,400,807,401,807
565037,Reconnecting,0,0,45,96,0,0,18,1441,400,807,401,807
565316,Reconnecting,0,0,45,96,0,0,18,1441,400,807,401,807
565526,Reconnecting,0,0,45,96,0,0,18,1441,400,807,401,807
565783,Reconnecting,0,0,45,96,0,0,18,1441,400,807,401,807
566047,Reconnecting,0,0,45,96,0,0,18,1441,400,807,401,807
566310,Reconnecting,0,0,45,96,0,0,18,1441,400,807,401,807
566554,Reconnecting,0,0,45,96,0,0,18,1441,400,807,401,807
566817,Reconnecting,0,0,45,96,0,0,18,1441,400,807,401,807
567018,Reconnecting,55296,156,45,96,0,0,18,1443,3,807,416,807
567276,Reconnecting,460800,1306,45,96,0,0,18,1450,0,807,0,807
567520,Reconnecting,857088,2429,45,96,0,0,18,1459,0,807,0,807
567770,Reconnecting,1050624,2977,45,96,0,0,18,1463,0,807,0,807
568020,Reconnecting,1050624,2977,45,96,0,0,18,1463,0,807,0,807
568267,Reconnecting,1050624,2977,45,96,0,0,18,1465,0,807,0,807
568520,Reconnecting,1133568,3213,45,96,0,0,18,1467,1,807,1,807
568767,Reconnecting,1133568,3213,45,96,0,0,18,1467,1,807,1,807
569017,Reconnecting,1244160,3526,45,96,0,0,18,1468,383,807,384,807
569266,Reconnecting,1244160,3526,45,96,0,0,18,1468,383,807,384,807
569516,Reconnecting,1262592,3578,45,96,0,0,18,1469,397,807,397,807
569766,Reconnecting,1308672,3709,45,96,0,0,18,1470,399,807,400,807
570013,Reconnecting,1308672,3709,45,96,0,0,18,1470,399,807,400,807
570263,Reconnecting,1345536,3813,45,96,0,0,18,1471,399,807,399,807
570542,Reconnecting,1373184,3892,45,96,0,0,18,1472,416,807,416,807
570784,Reconnecting,1373184,3892,45,96,0,0,18,1472,416,807,416,807
571034,Playing,1433600,4063,45,96,0,0,18,1473,399,807,399,807
571333,Playing,1327104,3761,45,96,0,0,18,1473,399,807,399,807
571592,Playing,1273856,3610,45,96,0,0,18,1474,424,807,424,807
571763,Playing,1327104,3761,45,96,0,0,18,1475,366,807,366,807
572060,Playing,1220608,3459,45,96,0,0,18,1475,366,807,366,807
572309,Playing,1148928,3256,45,96,0,0,18,1476,395,807,395,807
572558,Playing,1169408,3314,45,96,0,0,18,1477,399,807,399,807
572771,Playing,1095680,3105,45,96,0,0,18,1477,399,807,399,807
573050,Playing,1025024,2905,45,96,0,0,18,1478,420,807,421,807
573304,Playing,1036288,2937,45,96,0,0,18,1479,367,807,368,807
573547,Playing,954368,2705,45,96,0,0,18,1479,367,807,368,807
573817,Playing,902144,2557,45,96,0,0,18,1480,403,807,403,807
574008,Playing,836608,2371,45,96,0,0,18,1480,403,807,403,807
574292,Playing,775168,2197,45,96,0,0,18,1481,429,807,429,807
574542,Playing,795648,2255,45,96,0,0,18,1482,374,807,374,807
574792,Playing,705536,1999,45,96,0,0,18,1482,374,807,374,807
575042,Playing,643072,1822,45,96,0,0,18,1483,396,807,396,807
575291,Playing,680960,1930,45,96,0,0,18,1484,399,807,399,807
575543,Playing,590848,1674,45,96,0,0,18,1484,399,807,399,807
575812,Playing,510976,1448,45,96,0,0,18,1485,407,807,407,807
576033,Playing,437248,1239,45,96,0,0,18,1485,407,807,407,807
576288,Playing,448512,1271,45,96,0,0,18,1486,392,807,392,807
576541,Playing,395264,1120,45,96,0,0,18,1487,433,807,433,807
576795,Playing,305152,864,45,96,0,0,18,1487,433,807,433,807
577046,Playing,242688,687,45,96,0,0,18,1488,369,807,369,807
577292,Playing,189440,536,45,96,0,0,18,1489,395,807,395,807
577549,Playing,99328,281,45,96,0,0,18,1489,395,807,395,807
577801,Playing,36864,104,45,96,0,0,18,1490,408,807,408,807
578047,Playing,0,0,45,96,0,0,18,1490,408,807,408,807
578296,Buffering,110592,313,46,96,0,0,18,1491,388,807,388,807
578542,Buffering,129024,365,46,96,0,0,18,1492,454,807,454,807
578788,Buffering,129024,365,46,96,0,0,18,1492,454,807,454,807
579033,Buffering,239616,679,46,96,0,0,18,1493,348,807,349,807
579278,Buffering,239616,679,46,96,0,0,18,1493,348,807,349,807
579528,Buffering,267264,757,46,96,0,0,18,1494,400,807,400,807
579876,Buffering,303104,859,46,97,0,0,18,1495,394,807,394,807
580017,Buffering,253952,719,46,97,0,0,18,1495,394,807,394,807
580259,Buffering,200704,568,46,97,0,0,18,1496,400,807,400,807
580521,Buffering,138240,391,46,97,0,0,18,1497,403,807,403,807
580800,Buffering,39936,113,46,97,0,0,18,1497,403,807,403,807
581059,Buffering,60416,171,46,97,0,0,18,1498,395,807,395,807
581259,Buffering,0,0,46,97,0,0,18,1498,395,807,395,807
581522,Buffering,36864,104,46,97,0,0,18,1499,394,807,394,807
581779,Buffering,147456,417,46,97,0,0,18,1500,400,807,400,807
582021,Buffering,147456,417,46,97,0,0,18,1500,400,807,400,807
582271,Buffering,184320,522,46,97,0,0,18,1501,399,807,399,807
582521,Buffering,285696,809,46,97,0,0,18,1502,404,807,404,807
582772,Buffering,285696,809,46,97,0,0,18,1502,404,807,404,807
583021,Buffering,322560,914,46,97,0,0,18,1503,409,807,409,807
583268,Buffering,322560,914,46,97,0,0,18,1503,409,807,409,807
583520,Playing,268288,760,46,98,0,0,18,1504,387,807,387,807
583799,Playing,206848,586,46,98,0,0,18,1505,406,807,406,807
584050,Playing,116736,330,46,98,0,0,18,1505,406,807,406,807
584295,Playing,45056,127,46,98,0,0,18,1506,395,807,395,807
584546,Buffering,119808,339,47,98,0,0,18,1507,398,807,398,807
584797,Buffering,119808,339,47,98,0,0,18,1507,398,807,398,807
585045,Buffering,138240,391,47,98,0,0,18,1508,397,807,397,807
585304,Buffering,248832,705,47,98,0,0,18,1509,410,807,410,807
585555,Buffering,248832,705,47,98,0,0,18,1509,410,807,410,807
585800,Buffering,267264,757,47,98,0,0,18,1510,389,807,390,807
586092,Buffering,267264,757,47,98,0,0,18,1510,389,807,390,807
586299,Buffering,320512,908,47,99,0,0,18,1511,462,807,462,807
586555,Buffering,267264,757,47,99,0,0,18,1512,336,807,336,807
586755,Buffering,193536,548,47,99,0,0,18,1512,336,807,336,807
587004,Buffering,131072,371,47,99,0,0,18,1513,400,807,400,807
587259,Buffering,40960,116,47,99,0,0,18,1513,400,807,400,807
587596,Buffering,0,0,47,99,0,0,18,1514,475,807,475,807
587767,Buffering,36864,104,47,99,0,0,18,1515,320,807,321,807
588017,Buffering,36864,104,47,99,0,0,18,1515,320,807,321,807
588287,Buffering,156672,444,47,99,0,0,18,1516,400,807,401,807
588504,Buffering,184320,522,47,99,0,0,18,1517,408,807,408,807
588750,Buffering,184320,522,47,99,0,0,18,1517,408,807,408,807
589016,Buffering,285696,809,47,99,0,0,18,1518,382,807,383,807
589268,Buffering,285696,809,47,99,0,0,18,1518,382,807,383,807
589516,Buffering,322560,914,47,99,0,0,18,1519,403,807,403,807
589780,Buffering,391168,1108,47,100,0,0,18,1520,398,807,398,807
590047,Buffering,292864,830,47,100,0,0,18,1520,398,807,398,807
590296,Buffering,239616,679,47,100,0,0,18,1521,400,807,401,807
590545,Buffering,176128,499,47,100,0,0,18,1522,399,807,399,807
590792,Buffering,86016,243,47,100,0,0,18,1522,399,807,399,807
591042,Buffering,115712,327,47,100,0,0,18,1523,399,807,399,807
591293,Buffering,61440,174,47,100,0,0,18,1524,396,807,396,807
591543,Buffering,0,0,47,100,0,0,18,1524,396,807,396,807
591792,Playing,78848,223,47,101,0,0,18,1525,411,807,412,807
592042,Playing,0,0,47,101,0,0,18,1525,411,807,412,807
592296,Buffering,27648,78,48,101,0,0,18,1526,390,807,390,807
592542,Buffering,147456,417,48,101,0,0,18,1527,400,807,400,807
592793,Buffering,147456,417,48,101,0,0,18,1527,400,807,400,807
593038,Buffering,193536,548,48,101,0,0,18,1528,392,807,392,807
593292,Buffering,221184,626,48,101,0,0,18,1529,403,807,403,807
593542,Buffering,221184,626,48,101,0,0,18,1529,403,807,403,807
593789,Buffering,258048,731,48,101,0,0,18,1530,395,807,395,807
594042,Buffering,258048,731,48,101,0,0,18,1530,395,807,395,807
594293,Buffering,294912,835,48,101,0,0,18,1531,400,807,400,807
594542,Buffering,399360,1131,48,102,0,0,18,1532,405,807,406,807
594796,Buffering,309248,876,48,102,0,0,18,1532,405,807,406,807
595174,Buffering,205824,583,48,102,0,0,18,1533,419,807,419,807
595305,Buffering,276480,783,48,102,0,0,18,1534,393,807,394,807
595555,Buffering,194560,551,48,102,0,0,18,1534,393,807,394,807
595805,Buffering,132096,374,48,102,0,0,18,1535,384,807,384,807
596055,Buffering,41984,119,48,102,0,0,18,1535,384,807,384,807
596316,Buffering,62464,177,48,102,0,0,18,1536,393,807,394,807
596557,Buffering,9216,26,48,102,0,0,18,1537,400,807,400,807
596804,Buffering,0,0,48,102,0,0,18,1537,400,807,400,807
597054,Buffering,27648,78,48,102,0,0,18,1538,401,807,401,807
597307,Reconnecting,0,0,48,103,0,0,18,1539,399,807,399,807
597557,Reconnecting,0,0,48,103,0,0,18,1539,399,807,399,807
597808,Reconnecting,0,0,48,103,0,0,18,1539,399,807,399,807
598054,Reconnecting,0,0,48,103,0,0,18,1539,399,807,399,807
598303,Reconnecting,0,0,48,103,0,0,18,1539,399,807,399,807
598550,Reconnecting,0,0,48,103,0,0,18,1539,399,807,399,807
598801,Reconnecting,0,0,48,103,0,0,18,1539,399,807,399,807
599013,Reconnecting,0,0,48,103,0,0,18,1539,399,807,399,807
599254,Reconnecting,0,0,48,103,0,0,18,1539,399,807,399,807
599537,Reconnecting,0,0,48,103,0,0,18,1539,399,807,399,807
599792,Reconnecting,0,0,48,103,0,0,18,1539,399,807,399,807
600038,Reconnecting,0,0,48,103,0,0,18,1539,399,807,399,807
