t_ms,state,buffered_bytes,buffered_ms,underruns,resumes,play_failures,stream_rebuilds,sessions,chunk_reads,last_chunk_ms,max_chunk_ms,last_push_gap_ms,max_push_gap_ms
50,Off,0,0,0,0,0,0,1,0,0,0,0,0
254,Off,0,0,0,0,0,0,1,0,0,0,0,0
506,Off,0,0,0,0,0,0,1,0,0,0,0,0
759,Off,0,0,0,0,0,0,1,0,0,0,0,0
1012,Off,0,0,0,0,0,0,1,0,0,0,0,0
1265,Off,0,0,0,0,0,0,1,0,0,0,0,0
1519,Off,0,0,0,0,0,0,1,8,0,140,0,0
1773,Off,184320,522,0,0,0,0,1,22,0,184,0,362
2026,Off,617472,1750,0,0,0,0,1,50,0,184,0,362
2280,Playing,1616896,4583,0,0,0,0,1,113,0,184,0,362
2532,Playing,1554432,4405,0,0,0,0,1,116,0,184,0,362
2784,Playing,1509376,4278,0,0,0,0,1,119,0,184,0,362
3038,Playing,1419264,4022,0,0,0,0,1,124,6,184,6,362
3291,Playing,1356800,3845,0,0,0,0,1,127,118,184,118,362
3544,Playing,1294336,3668,0,0,0,0,1,133,12,184,12,362
3798,Playing,1231872,3491,0,0,0,0,1,137,16,184,16,362
4000,Playing,1167360,3308,0,0,0,0,1,143,0,184,0,362
4252,Playing,1095680,3105,0,0,0,0,1,147,13,184,13,362
4505,Playing,1013760,2873,0,0,0,0,1,151,103,184,103,362
4758,Playing,923648,2618,0,0,0,0,1,157,0,184,0,362
5011,Playing,879616,2493,0,0,0,0,1,163,0,184,0,362
5264,Playing,817152,2316,0,0,0,0,1,167,8,184,8,362
5518,Playing,754688,2139,0,0,0,0,1,172,0,184,0,362
5771,Playing,692224,1962,0,0,0,0,1,176,6,184,6,362
6024,Playing,620544,1758,0,0,0,0,1,180,127,184,127,362
6277,Playing,558080,1581,0,0,0,0,1,183,124,184,124,362
6529,Playing,476160,1349,0,0,0,0,1,187,5,184,5,362
6782,Playing,395264,1120,0,0,0,0,1,191,3,184,3,362
7035,Playing,332800,943,0,0,0,0,1,194,128,184,128,362
7287,Playing,242688,687,0,0,0,0,1,200,0,184,0,362
7539,Playing,180224,510,0,0,0,0,1,205,119,184,119,362
7793,Playing,108544,307,0,0,0,0,1,212,0,184,0,362
8045,Playing,27648,78,0,0,0,0,1,217,19,184,19,362
8298,Buffering,18432,52,1,0,0,0,1,221,114,184,114,362
8500,Buffering,18432,52,1,0,0,0,1,227,0,184,0,362
8754,Buffering,36864,104,1,0,0,0,1,231,0,184,0,362
9008,Buffering,46080,130,1,0,0,0,1,235,0,184,0,362
9261,Buffering,55296,156,1,0,0,0,1,238,0,184,0,362
9514,Buffering,55296,156,1,0,0,0,1,243,6,184,6,362
9768,Buffering,73728,208,1,0,0,0,1,248,0,184,0,362
10020,Buffering,101376,287,1,0,0,0,1,251,0,184,0,362
10274,Buffering,110592,313,1,0,0,0,1,255,0,184,0,362
10526,Buffering,110592,313,1,0,0,0,1,260,10,184,10,362
10780,Buffering,138240,391,1,0,0,0,1,264,100,184,100,362
11034,Buffering,147456,417,1,0,0,0,1,271,12,184,12,362
11286,Buffering,147456,417,1,0,0,0,1,276,10,184,10,362
11540,Buffering,156672,444,1,0,0,0,1,282,0,184,0,362
11792,Buffering,175104,496,1,0,0,0,1,287,3,184,3,362
12045,Buffering,184320,522,1,0,0,0,1,293,0,184,0,362
12299,Buffering,184320,522,1,0,0,0,1,298,4,184,4,362
12501,Buffering,221184,626,1,0,0,0,1,301,122,184,122,362
12753,Buffering,230400,653,1,0,0,0,1,307,0,184,0,362
13006,Buffering,239616,679,1,0,0,0,1,311,0,184,0,362
13260,Playing,216064,612,1,1,0,0,1,316,11,184,11,362
13513,Playing,135168,383,1,1,0,0,1,321,6,184,6,362
13766,Playing,54272,153,1,1,0,0,1,327,0,184,0,362
14018,Buffering,46080,130,2,1,0,0,1,333,0,211,0,362
14271,Buffering,55296,156,2,1,0,0,1,338,5,211,5,362
14524,Buffering,55296,156,2,1,0,0,1,343,5,211,5,362
14778,Buffering,82944,235,2,1,0,0,1,346,126,211,126,362
15030,Buffering,110592,313,2,1,0,0,1,349,118,211,118,362
15283,Buffering,119808,339,2,1,0,0,1,353,4,211,4,362
15535,Buffering,147456,417,2,1,0,0,1,358,0,211,0,362
15788,Buffering,156672,444,2,1,0,0,1,363,111,211,111,362
16042,Buffering,175104,496,2,1,0,0,1,367,117,211,117,362
16295,Buffering,202752,574,2,1,0,0,1,373,117,211,117,362
16548,Buffering,202752,574,2,1,0,0,1,378,4,211,4,362
16750,Buffering,211968,600,2,1,0,0,1,380,0,211,0,362
17003,Buffering,221184,626,2,1,0,0,1,385,9,211,9,362
17255,Buffering,230400,653,2,1,0,0,1,392,0,211,0,362
17508,Buffering,258048,731,2,1,0,0,1,396,4,211,4,362
17762,Buffering,304128,862,2,1,0,0,1,399,105,211,105,362
18015,Buffering,331776,940,2,1,0,0,1,404,0,211,0,362
18268,Buffering,350208,992,2,1,0,0,1,409,117,211,117,362
18522,Buffering,350208,992,2,1,0,0,1,413,3,211,3,362
18776,Buffering,343040,972,2,2,0,0,1,419,0,211,0,362
19029,Buffering,280576,795,2,2,0,0,1,423,8,211,8,362
19283,Buffering,218112,618,2,2,0,0,1,427,117,211,117,362
19535,Buffering,145408,412,2,2,0,0,1,433,0,211,0,362
19789,Buffering,73728,208,2,2,0,0,1,437,2,211,2,362
20041,Buffering,29696,84,2,2,0,0,1,440,117,211,117,362
20293,Buffering,0,0,2,2,0,0,1,446,0,211,0,362
20545,Buffering,18432,52,2,2,0,0,1,453,0,211,0,362
20800,Buffering,27648,78,2,2,0,0,1,459,5,211,5,362
21003,Buffering,27648,78,2,2,0,0,1,461,0,211,0,362
21256,Buffering,55296,156,2,2,0,0,1,465,116,211,116,362
21509,Playing,52224,148,2,3,0,0,1,470,0,211,0,362
21761,Playing,0,0,2,3,0,0,1,475,124,211,124,362
22015,Buffering,18432,52,3,3,0,0,1,480,2,211,2,362
22268,Buffering,18432,52,3,3,0,0,1,486,0,211,0,362
22521,Buffering,18432,52,3,3,0,0,1,491,115,211,115,362
22774,Buffering,27648,78,3,3,0,0,1,496,7,211,7,362
23026,Buffering,36864,104,3,3,0,0,1,502,0,211,0,362
23279,Buffering,55296,156,3,3,0,0,1,507,112,211,112,362
23531,Buffering,82944,235,3,3,0,0,1,512,0,211,0,362
23783,Buffering,82944,235,3,3,0,0,1,517,6,211,6,362
24038,Buffering,92160,261,3,3,0,0,1,522,6,211,6,362
24290,Buffering,92160,261,3,3,0,0,1,524,0,211,0,362
24542,Buffering,101376,287,3,3,0,0,1,533,13,211,13,362
24795,Buffering,110592,313,3,3,0,0,1,538,7,211,7,362
25050,Buffering,138240,391,3,3,0,0,1,543,0,211,0,362
25252,Buffering,138240,391,3,3,0,0,1,547,0,211,0,362
25504,Buffering,165888,470,3,3,0,0,1,551,6,211,6,362
25758,Buffering,175104,496,3,3,0,0,1,556,17,211,17,362
26011,Buffering,175104,496,3,3,0,0,1,563,105,211,105,362
26263,Buffering,202752,574,3,3,0,0,1,567,115,211,115,362
26516,Buffering,202752,574,3,3,0,0,1,574,15,211,15,362
26769,Buffering,202752,574,3,3,0,0,1,579,8,211,8,362
27021,Reconnecting,0,0,3,4,0,0,1,580,115,211,115,362
27274,Reconnecting,0,0,3,4,0,0,1,580,115,211,115,362
27528,Reconnecting,0,0,3,4,0,0,1,580,115,211,115,362
27781,Reconnecting,0,0,3,4,0,0,1,580,115,211,115,362
28033,Reconnecting,0,0,3,4,0,0,1,580,115,211,115,362
28287,Reconnecting,0,0,3,4,0,0,1,580,115,211,115,362
28540,Reconnecting,0,0,3,4,0,0,1,580,115,211,115,362
28793,Reconnecting,0,0,3,4,0,0,1,580,115,211,115,362
29046,Reconnecting,0,0,3,4,0,0,1,580,115,211,115,362
29299,Reconnecting,0,0,3,4,0,0,1,580,115,211,115,362
29501,Reconnecting,0,0,3,4,0,0,1,580,115,211,115,362
29753,Reconnecting,0,0,3,4,0,0,1,580,115,211,115,362
30008,Reconnecting,0,0,3,4,0,0,1,580,115,211,115,362
30261,Reconnecting,0,0,3,4,0,0,1,580,115,211,115,362
30513,Reconnecting,0,0,3,4,0,0,1,580,115,211,115,362
30766,Reconnecting,0,0,3,4,0,0,1,580,115,211,115,362
31019,Reconnecting,0,0,3,4,0,0,1,580,115,211,115,362
31272,Reconnecting,0,0,3,4,0,0,1,580,115,211,115,362
31524,Reconnecting,0,0,3,4,0,0,1,580,115,211,115,362
31779,Reconnecting,0,0,3,4,0,0,1,580,115,211,115,362
32033,Reconnecting,0,0,3,4,0,0,2,580,115,211,115,362
32286,Reconnecting,0,0,3,4,0,0,2,580,115,211,115,362
32538,Reconnecting,0,0,3,4,0,0,2,580,115,211,115,362
32791,Reconnecting,0,0,3,4,0,0,2,580,115,211,115,362
33044,Reconnecting,27648,78,3,4,0,0,2,588,0,211,0,362
33296,Reconnecting,368640,1044,3,4,0,0,2,607,0,211,0,362
33549,Reconnecting,995328,2821,3,4,0,0,2,645,0,211,0,362
33756,Playing,1655808,4693,3,4,0,0,2,690,3,211,3,362
34008,Playing,1602560,4542,3,4,0,0,2,695,0,211,0,362
34260,Playing,1512448,4286,3,4,0,0,2,700,0,211,0,362
34512,Playing,1458176,4133,3,4,0,0,2,704,103,211,103,362
34765,Playing,1377280,3903,3,4,0,0,2,710,0,211,0,362
35018,Playing,1314816,3726,3,4,0,0,2,713,0,211,0,362
35271,Playing,1243136,3523,3,4,0,0,2,717,5,211,5,362
35524,Playing,1199104,3398,3,4,0,0,2,721,8,211,8,362
35776,Playing,1118208,3169,3,4,0,0,2,725,15,211,15,362
36030,Playing,1028096,2914,3,4,0,0,2,730,0,211,0,362
36282,Playing,947200,2684,3,4,0,0,2,738,0,211,0,362
36536,Playing,865280,2452,3,4,0,0,2,743,13,211,13,362
36789,Playing,784384,2223,3,4,0,0,2,750,0,211,0,362
37041,Playing,703488,1994,3,4,0,0,2,755,11,211,11,362
37294,Playing,622592,1764,3,4,0,0,2,760,1,211,1,362
37547,Playing,560128,1587,3,4,0,0,2,765,0,211,0,362
37750,Playing,486400,1378,3,4,0,0,2,770,1,211,1,362
38003,Playing,413696,1172,3,4,0,0,2,774,130,211,130,362
38254,Playing,332800,943,3,4,0,0,2,778,108,211,108,362
38508,Playing,251904,714,3,4,0,0,2,782,97,211,97,362
38760,Playing,171008,484,3,4,0,0,2,788,0,211,0,362
39013,Playing,90112,255,3,4,0,0,2,793,11,211,11,362
39266,Playing,27648,78,3,4,0,0,2,797,112,211,112,362
39520,Buffering,9216,26,4,4,0,0,2,801,6,211,7,362
39772,Buffering,27648,78,4,4,0,0,2,807,122,211,122,362
40026,Buffering,36864,104,4,4,0,0,2,814,0,211,0,362
40278,Buffering,36864,104,4,4,0,0,2,819,5,211,5,362
40531,Buffering,46080,130,4,4,0,0,2,826,0,211,0,362
40785,Buffering,46080,130,4,4,0,0,2,831,13,211,13,362
41038,Buffering,55296,156,4,4,0,0,2,836,15,211,15,362
41292,Buffering,64512,182,4,4,0,0,2,842,0,211,0,362
41546,Buffering,73728,208,4,4,0,0,2,846,0,211,0,362
41799,Buffering,101376,287,4,4,0,0,2,850,5,211,5,362
42002,Buffering,101376,287,4,4,0,0,2,854,116,211,116,362
42254,Buffering,101376,287,4,4,0,0,2,860,0,211,0,362
42507,Buffering,101376,287,4,4,0,0,2,865,7,211,7,362
42759,Buffering,129024,365,4,4,0,0,2,869,112,211,112,362
43014,Buffering,138240,391,4,4,0,0,2,877,4,211,4,362
43267,Buffering,156672,444,4,4,0,0,2,884,8,211,8,362
43520,Buffering,165888,470,4,4,0,0,2,889,0,211,0,362
43772,Buffering,175104,496,4,4,0,0,2,895,0,211,0,362
44026,Buffering,193536,548,4,4,0,0,2,899,14,211,14,362
44278,Buffering,202752,574,4,4,0,0,2,904,12,211,12,362
44531,Playing,178176,505,4,5,0,0,2,910,0,211,0,362
44784,Playing,97280,275,4,5,0,0,2,914,117,211,117,362
45037,Playing,25600,72,4,5,0,0,2,920,0,211,0,362
45290,Buffering,9216,26,5,5,0,0,2,925,4,211,4,362
45542,Buffering,55296,156,5,5,0,0,2,930,0,211,0,362
45794,Buffering,73728,208,5,5,0,0,2,934,0,211,0,362
46048,Buffering,73728,208,5,5,0,0,2,939,8,211,8,362
46250,Buffering,101376,287,5,5,0,0,2,942,115,211,0,362
46503,Buffering,147456,417,5,5,0,0,2,945,124,211,124,362
46757,Buffering,147456,417,5,5,0,0,2,951,0,211,0,362
47010,Buffering,156672,444,5,5,0,0,2,957,14,211,14,362
47262,Buffering,165888,470,5,5,0,0,2,963,0,211,0,362
47515,Buffering,165888,470,5,5,0,0,2,968,12,211,12,362
47767,Buffering,175104,496,5,5,0,0,2,973,1,211,1,362
48021,Buffering,184320,522,5,5,0,0,2,977,4,211,4,362
48274,Buffering,184320,522,5,5,0,0,2,983,0,211,0,362
48527,Buffering,211968,600,5,5,0,0,2,990,0,211,0,362
48780,Buffering,211968,600,5,5,0,0,2,996,8,211,8,362
49032,Buffering,239616,679,5,5,0,0,2,1001,0,211,0,362
49284,Buffering,248832,705,5,5,0,0,2,1006,11,211,11,362
49539,Buffering,258048,731,5,5,0,0,2,1011,5,211,5,362
49791,Buffering,267264,757,5,5,0,0,2,1015,10,211,10,362
50043,Buffering,267264,757,5,5,0,0,2,1021,0,211,0,362
50296,Playing,262144,743,5,6,0,0,2,1025,16,211,16,362
50550,Playing,181248,513,5,6,0,0,2,1030,0,211,0,362
50752,Playing,115712,327,5,6,0,0,2,1036,0,211,0,362
51012,Playing,25600,72,5,6,0,0,2,1041,101,211,101,362
51266,Buffering,0,0,6,6,0,0,2,1046,111,211,111,362
51519,Buffering,27648,78,6,6,0,0,2,1052,11,211,11,362
51771,Buffering,55296,156,6,6,0,0,2,1058,0,211,0,362
52024,Buffering,64512,182,6,6,0,0,2,1063,10,211,10,362
52277,Buffering,92160,261,6,6,0,0,2,1068,0,211,0,362
52529,Buffering,101376,287,6,6,0,0,2,1072,0,211,0,362
52782,Buffering,129024,365,6,6,0,0,2,1076,122,211,122,362
53035,Buffering,138240,391,6,6,0,0,2,1083,0,211,0,362
53287,Buffering,138240,391,6,6,0,0,2,1087,0,211,0,362
53541,Buffering,156672,444,6,6,0,0,2,1091,50,211,50,362
53793,Buffering,184320,522,6,6,0,0,2,1095,15,211,15,362
54047,Buffering,184320,522,6,6,0,0,2,1100,0,211,0,362
54250,Buffering,193536,548,6,6,0,0,2,1104,0,211,0,362
54502,Buffering,211968,600,6,6,0,0,2,1108,115,211,115,362
54756,Buffering,221184,626,6,6,0,0,2,1113,118,211,118,362
55009,Buffering,230400,653,6,6,0,0,2,1119,0,211,0,362
55261,Buffering,239616,679,6,6,0,0,2,1124,13,211,13,362
55514,Buffering,258048,731,6,6,0,0,2,1130,0,211,0,362
55767,Buffering,267264,757,6,6,0,0,2,1134,0,211,0,362
56019,Buffering,285696,809,6,6,0,0,2,1138,7,211,7,362
56273,Reconnecting,0,0,6,7,0,0,2,1143,109,211,109,362
56526,Reconnecting,0,0,6,7,0,0,2,1143,109,211,109,362
56778,Reconnecting,0,0,6,7,0,0,2,1143,109,211,109,362
57031,Reconnecting,0,0,6,7,0,0,2,1143,109,211,109,362
57283,Reconnecting,0,0,6,7,0,0,2,1143,109,211,109,362
57536,Reconnecting,0,0,6,7,0,0,2,1143,109,211,109,362
57790,Reconnecting,0,0,6,7,0,0,2,1143,109,211,109,362
58042,Reconnecting,0,0,6,7,0,0,2,1143,109,211,109,362
58296,Reconnecting,0,0,6,7,0,0,2,1143,109,211,109,362
58549,Reconnecting,0,0,6,7,0,0,2,1143,109,211,109,362
58751,Reconnecting,0,0,6,7,0,0,2,1143,109,211,109,362
59003,Reconnecting,0,0,6,7,0,0,2,1143,109,211,109,362
59256,Reconnecting,0,0,6,7,0,0,2,1143,109,211,109,362
59509,Reconnecting,0,0,6,7,0,0,2,1143,109,211,109,362
59762,Reconnecting,0,0,6,7,0,0,2,1143,109,211,109,362
60016,Reconnecting,0,0,6,7,0,0,2,1143,109,211,109,362
60269,Reconnecting,0,0,6,7,0,0,2,1143,109,211,109,362
60521,Reconnecting,0,0,6,7,0,0,2,1143,109,211,109,362
60773,Reconnecting,0,0,6,7,0,0,2,1143,109,211,109,362
61026,Reconnecting,0,0,6,7,0,0,2,1143,109,211,109,362
61279,Reconnecting,0,0,6,7,0,0,3,1143,109,211,109,362
61532,Reconnecting,0,0,6,7,0,0,3,1143,109,211,109,362
61785,Reconnecting,0,0,6,7,0,0,3,1143,109,211,109,362
62037,Reconnecting,0,0,6,7,0,0,3,1143,109,211,109,362
62290,Reconnecting,0,0,6,7,0,0,3,1143,109,211,109,362
62541,Reconnecting,0,0,6,7,0,0,3,1151,0,211,109,362
62794,Reconnecting,0,0,6,7,0,0,3,1160,30,211,109,362
63046,Reconnecting,0,0,6,7,0,0,3,1160,30,211,109,362
63299,Reconnecting,0,0,6,7,0,0,3,1160,30,211,109,362
63501,Reconnecting,0,0,6,7,0,0,3,1160,30,211,109,362
63754,Reconnecting,0,0,6,7,0,0,3,1160,30,211,109,362
64007,Reconnecting,0,0,6,7,0,0,3,1160,30,211,109,362
64259,Reconnecting,0,0,6,7,0,0,3,1160,30,211,109,362
64513,Reconnecting,0,0,6,7,0,0,3,1160,30,211,109,362
64765,Reconnecting,0,0,6,7,0,0,3,1160,30,211,109,362
65019,Reconnecting,0,0,6,7,0,0,3,1160,30,211,109,362
65271,Reconnecting,0,0,6,7,0,0,3,1160,30,211,109,362
65524,Reconnecting,0,0,6,7,0,0,3,1160,30,211,109,362
65776,Reconnecting,0,0,6,7,0,0,3,1160,30,211,109,362
66028,Reconnecting,0,0,6,7,0,0,3,1160,30,211,109,362
66281,Reconnecting,0,0,6,7,0,0,3,1160,30,211,109,362
66533,Reconnecting,0,0,6,7,0,0,3,1160,30,211,109,362
66787,Reconnecting,0,0,6,7,0,0,3,1160,30,211,109,362
67041,Reconnecting,0,0,6,7,0,0,3,1160,30,211,109,362
67293,Reconnecting,0,0,6,7,0,0,3,1160,30,211,109,362
67545,Reconnecting,0,0,6,7,0,0,3,1160,30,211,109,362
67799,Reconnecting,0,0,6,7,0,0,4,1160,30,211,109,362
68000,Reconnecting,0,0,6,7,0,0,4,1160,30,211,109,362
68253,Reconnecting,0,0,6,7,0,0,4,1160,30,211,109,362
68506,Reconnecting,0,0,6,7,0,0,4,1160,30,211,109,362
68759,Reconnecting,0,0,6,7,0,0,4,1160,30,211,109,362
69011,Reconnecting,0,0,6,7,0,0,4,1168,0,211,109,362
69264,Reconnecting,0,0,6,7,0,0,4,1177,32,211,109,362
69518,Reconnecting,0,0,6,7,0,0,4,1177,32,211,109,362
69771,Reconnecting,0,0,6,7,0,0,4,1177,32,211,109,362
70024,Reconnecting,0,0,6,7,0,0,4,1177,32,211,109,362
70277,Reconnecting,0,0,6,7,0,0,4,1177,32,211,109,362
70529,Reconnecting,0,0,6,7,0,0,4,1177,32,211,109,362
70783,Reconnecting,0,0,6,7,0,0,4,1177,32,211,109,362
71036,Reconnecting,0,0,6,7,0,0,4,1177,32,211,109,362
71289,Reconnecting,0,0,6,7,0,0,4,1177,32,211,109,362
71541,Reconnecting,0,0,6,7,0,0,4,1177,32,211,109,362
71794,Reconnecting,0,0,6,7,0,0,4,1177,32,211,109,362
72046,Reconnecting,0,0,6,7,0,0,4,1177,32,211,109,362
72299,Reconnecting,0,0,6,7,0,0,4,1177,32,211,109,362
72501,Reconnecting,0,0,6,7,0,0,4,1177,32,211,109,362
72753,Reconnecting,0,0,6,7,0,0,4,1177,32,211,109,362
73005,Reconnecting,0,0,6,7,0,0,4,1177,32,211,109,362
73258,Reconnecting,0,0,6,7,0,0,4,1177,32,211,109,362
73512,Reconnecting,0,0,6,7,0,0,4,1177,32,211,109,362
73766,Reconnecting,0,0,6,7,0,0,4,1177,32,211,109,362
74019,Reconnecting,0,0,6,7,0,0,4,1177,32,211,109,362
74272,Reconnecting,0,0,6,7,0,0,5,1177,32,211,109,362
74525,Reconnecting,0,0,6,7,0,0,5,1177,32,211,109,362
74777,Reconnecting,0,0,6,7,0,0,5,1177,32,211,109,362
75030,Reconnecting,0,0,6,7,0,0,5,1177,32,211,109,362
75283,Reconnecting,0,0,6,7,0,0,5,1177,32,211,109,362
75537,Reconnecting,55296,156,6,7,0,0,5,1185,0,211,0,362
75790,Reconnecting,414720,1175,6,7,0,0,5,1207,0,211,0,362
76042,Reconnecting,1050624,2977,6,7,0,0,5,1245,0,211,0,362
76296,Playing,1630208,4620,6,7,0,0,5,1296,7,211,7,362
76548,Playing,1549312,4391,6,7,0,0,5,1301,7,211,7,362
76750,Playing,1483776,4205,6,7,0,0,5,1303,0,211,0,362
77002,Playing,1402880,3976,6,7,0,0,5,1311,0,211,0,362
77255,Playing,1321984,3747,6,7,0,0,5,1316,6,211,6,362
77507,Playing,1241088,3517,6,7,0,0,5,1321,113,211,113,362
77760,Playing,1150976,3262,6,7,0,0,5,1327,0,211,0,362
78012,Playing,1097728,3111,6,7,0,0,5,1332,10,211,10,362
78266,Playing,1015808,2879,6,7,0,0,5,1338,0,211,0,362
78519,Playing,934912,2649,6,7,0,0,5,1342,12,211,12,362
78771,Playing,863232,2446,6,7,0,0,5,1346,105,211,105,362
79024,Playing,800768,2269,6,7,0,0,5,1349,121,211,121,362
79277,Playing,738304,2092,6,7,0,0,5,1356,112,211,112,362
79531,Playing,666624,1889,6,7,0,0,5,1361,0,211,0,362
79783,Playing,604160,1712,6,7,0,0,5,1365,106,211,106,362
80036,Playing,523264,1483,6,7,0,0,5,1372,0,211,0,362
80290,Playing,442368,1253,6,7,0,0,5,1377,10,211,10,362
80541,Playing,388096,1100,6,7,0,0,5,1381,126,211,126,362
80794,Playing,297984,844,6,7,0,0,5,1387,0,211,0,362
81048,Playing,235520,667,6,7,0,0,5,1391,9,211,9,362
81250,Playing,180224,510,6,7,0,0,5,1395,2,211,2,362
81503,Playing,117760,333,6,7,0,0,5,1398,118,211,119,362
81756,Playing,27648,78,6,7,0,0,5,1404,0,211,0,362
82009,Playing,0,0,6,7,0,0,5,1408,112,211,112,362
82261,Buffering,0,0,7,7,0,0,5,1414,0,211,0,362
82514,Buffering,9216,26,7,7,0,0,5,1419,9,211,9,362
82767,Buffering,46080,130,7,7,0,0,5,1425,0,211,0,362
83021,Buffering,46080,130,7,7,0,0,5,1430,10,211,10,362
83274,Buffering,92160,261,7,7,0,0,5,1433,120,211,120,362
83529,Buffering,101376,287,7,7,0,0,5,1437,6,211,6,362
83782,Buffering,101376,287,7,7,0,0,5,1443,0,211,0,362
84035,Buffering,129024,365,7,7,0,0,5,1447,112,211,112,362
84287,Buffering,138240,391,7,7,0,0,5,1452,108,211,108,362
84540,Buffering,147456,417,7,7,0,0,5,1458,0,211,0,362
84792,Buffering,156672,444,7,7,0,0,5,1464,108,211,108,362
85046,Buffering,175104,496,7,7,0,0,5,1470,6,211,6,362
85299,Buffering,184320,522,7,7,0,0,5,1475,10,211,10,362
85501,Buffering,184320,522,7,7,0,0,5,1478,9,211,9,362
85756,Buffering,193536,548,7,7,0,0,5,1485,111,211,111,362
86010,Buffering,221184,626,7,7,0,0,5,1489,115,211,115,362
86263,Buffering,221184,626,7,7,0,0,5,1496,5,211,5,362
86516,Buffering,221184,626,7,7,0,0,5,1499,0,221,0,362
86769,Buffering,258048,731,7,7,0,0,5,1504,25,224,25,362
87022,Buffering,258048,731,7,7,0,0,5,1508,10,224,10,362
87277,Playing,211968,600,7,8,0,0,5,1511,114,224,114,362
87529,Playing,131072,371,7,8,0,0,5,1514,108,224,108,362
87781,Playing,77824,220,7,8,0,0,5,1520,0,224,0,362
88033,Playing,61440,174,7,8,0,0,5,1525,3,224,3,362
88287,Playing,0,0,7,8,0,0,5,1531,0,224,0,362
88539,Buffering,9216,26,8,8,0,0,5,1535,0,224,0,362
88792,Buffering,46080,130,8,8,0,0,5,1540,9,224,9,362
89045,Buffering,46080,130,8,8,0,0,5,1546,0,224,0,362
89299,Buffering,64512,182,8,8,0,0,5,1549,0,224,0,362
89502,Buffering,92160,261,8,8,0,0,5,1553,5,224,5,362
89753,Buffering,101376,287,8,8,0,0,5,1560,0,224,0,362
90008,Buffering,110592,313,8,8,0,0,5,1565,12,224,12,362
90261,Buffering,156672,444,8,8,0,0,5,1568,117,224,117,362
90513,Buffering,165888,470,8,8,0,0,5,1576,5,224,5,362
90768,Buffering,175104,496,8,8,0,0,5,1580,10,224,10,362
91002,Buffering,175104,496,8,8,0,0,5,1585,0,224,0,362
91254,Buffering,184320,522,8,8,0,0,5,1591,4,224,4,362
91507,Buffering,184320,522,8,8,0,0,5,1596,115,224,115,362
91760,Buffering,184320,522,8,8,0,0,5,1602,0,224,0,362
92014,Buffering,221184,626,8,8,0,0,5,1607,116,224,116,362
92267,Buffering,239616,679,8,8,0,0,5,1613,0,224,0,362
92521,Buffering,276480,783,8,8,0,0,5,1617,0,224,0,362
92774,Buffering,322560,914,8,8,0,0,5,1622,13,224,13,362
93027,Buffering,336896,954,8,9,0,0,5,1626,115,224,115,362
93281,Buffering,265216,751,8,9,0,0,5,1634,11,267,11,362
93534,Buffering,175104,496,8,9,0,0,5,1640,0,267,0,362
93787,Buffering,102400,290,8,9,0,0,5,1645,6,267,6,362
94040,Buffering,39936,113,8,9,0,0,5,1649,119,267,119,362
94292,Buffering,18432,52,8,9,0,0,5,1654,0,267,0,362
94547,Buffering,27648,78,8,9,0,0,5,1659,103,267,103,362
94750,Buffering,36864,104,8,9,0,0,5,1664,108,267,108,362
95003,Buffering,36864,104,8,9,0,0,5,1671,3,267,3,362
95257,Buffering,82944,235,8,9,0,0,5,1674,118,267,118,362
95509,Playing,68608,194,8,10,0,0,5,1679,0,267,0,362
95763,Playing,0,0,8,10,0,0,5,1685,5,267,5,362
96016,Buffering,9216,26,9,10,0,0,5,1689,3,267,3,362
96268,Buffering,9216,26,9,10,0,0,5,1695,0,267,0,362
96521,Buffering,36864,104,9,10,0,0,5,1702,0,267,0,362
96773,Buffering,64512,182,9,10,0,0,5,1706,7,267,8,362
97026,Buffering,64512,182,9,10,0,0,5,1710,97,267,97,362
97279,Buffering,64512,182,9,10,0,0,5,1717,0,267,0,362
97531,Buffering,64512,182,9,10,0,0,5,1722,2,267,2,362
97783,Buffering,73728,208,9,10,0,0,5,1727,8,267,8,362
98038,Buffering,92160,261,9,10,0,0,5,1732,0,267,0,362
98291,Buffering,101376,287,9,10,0,0,5,1737,114,267,114,362
98544,Buffering,138240,391,9,10,0,0,5,1742,0,267,0,362
98798,Buffering,175104,496,9,10,0,0,5,1746,115,267,115,362
99000,Buffering,175104,496,9,10,0,0,5,1749,0,267,0,362
99253,Buffering,175104,496,9,10,0,0,5,1753,0,267,0,362
99507,Buffering,184320,522,9,10,0,0,5,1758,110,267,110,362
99759,Buffering,193536,548,9,10,0,0,5,1765,0,267,0,362
100011,Buffering,221184,626,9,10,0,0,5,1769,111,267,111,362
100264,Buffering,221184,626,9,10,0,0,5,1773,106,267,106,362
100517,Buffering,239616,679,9,10,0,0,5,1778,11,267,11,362
100770,Buffering,239616,679,9,10,0,0,5,1784,0,267,0,362
101024,Reconnecting,0,0,9,11,0,0,5,1785,103,267,103,362
101279,Reconnecting,0,0,9,11,0,0,5,1785,103,267,103,362
101531,Reconnecting,0,0,9,11,0,0,5,1785,103,267,103,362
101784,Reconnecting,0,0,9,11,0,0,5,1785,103,267,103,362
102037,Reconnecting,0,0,9,11,0,0,5,1785,103,267,103,362
102289,Reconnecting,0,0,9,11,0,0,5,1785,103,267,103,362
102543,Reconnecting,0,0,9,11,0,0,5,1785,103,267,103,362
102795,Reconnecting,0,0,9,11,0,0,5,1785,103,267,103,362
103048,Reconnecting,0,0,9,11,0,0,5,1785,103,267,103,362
103250,Reconnecting,0,0,9,11,0,0,5,1785,103,267,103,362
103501,Reconnecting,0,0,9,11,0,0,5,1785,103,267,103,362
103753,Reconnecting,0,0,9,11,0,0,5,1785,103,267,103,362
104007,Reconnecting,0,0,9,11,0,0,5,1785,103,267,103,362
104260,Reconnecting,0,0,9,11,0,0,5,1785,103,267,103,362
104512,Reconnecting,0,0,9,11,0,0,5,1785,103,267,103,362
104765,Reconnecting,0,0,9,11,0,0,5,1785,103,267,103,362
105017,Reconnecting,0,0,9,11,0,0,5,1785,103,267,103,362
105269,Reconnecting,0,0,9,11,0,0,5,1785,103,267,103,362
105522,Reconnecting,0,0,9,11,0,0,5,1785,103,267,103,362
105774,Reconnecting,0,0,9,11,0,0,5,1785,103,267,103,362
106027,Reconnecting,0,0,9,11,0,0,6,1785,103,267,103,362
106280,Reconnecting,0,0,9,11,0,0,6,1785,103,267,103,362
106531,Reconnecting,0,0,9,11,0,0,6,1785,103,267,103,362
106784,Reconnecting,0,0,9,11,0,0,6,1785,103,267,103,362
107037,Reconnecting,0,0,9,11,0,0,6,1789,0,267,103,362
107290,Reconnecting,0,0,9,11,0,0,6,1801,0,267,103,362
107541,Reconnecting,350208,992,9,11,0,0,6,1823,0,267,0,414
107795,Reconnecting,1345536,3813,9,11,0,0,6,1878,0,267,0,414
108048,Playing,1457152,4130,9,11,0,0,6,1900,5,267,5,414
108250,Playing,1383424,3921,9,11,0,0,6,1906,0,267,0,414
108503,Playing,1320960,3744,9,11,0,0,6,1910,114,267,114,414
108758,Playing,1240064,3514,9,11,0,0,6,1916,0,267,0,414
109011,Playing,1159168,3285,9,11,0,0,6,1920,0,267,0,414
109265,Playing,1078272,3056,9,11,0,0,6,1924,0,267,0,414
109518,Playing,1005568,2850,9,11,0,0,6,1928,0,267,0,414
109771,Playing,961536,2725,9,11,0,0,6,1934,0,267,0,414
110024,Playing,880640,2496,9,11,0,0,6,1939,8,267,8,414
110279,Playing,799744,2266,9,11,0,0,6,1944,5,267,5,414
110531,Playing,737280,2089,9,11,0,0,6,1948,110,267,110,414
110783,Playing,665600,1886,9,11,0,0,6,1952,118,267,118,414
111038,Playing,584704,1657,9,11,0,0,6,1959,0,267,0,414
111290,Playing,521216,1477,9,11,0,0,6,1962,0,267,0,414
111544,Playing,458752,1300,9,11,0,0,6,1966,1,267,1,414
111797,Playing,396288,1123,9,11,0,0,6,1970,116,267,116,414
112049,Playing,315392,893,9,11,0,0,6,1974,9,267,9,414
112251,Playing,241664,684,9,11,0,0,6,1980,0,267,0,414
112505,Playing,160768,455,9,11,0,0,6,1984,0,267,0,414
112758,Playing,88064,249,9,11,0,0,6,1988,0,267,0,414
113010,Playing,7168,20,9,11,0,0,6,1994,117,267,117,414
113262,Buffering,27648,78,10,11,0,0,6,2000,8,267,8,414
113516,Buffering,36864,104,10,11,0,0,6,2004,3,267,3,414
113768,Buffering,46080,130,10,11,0,0,6,2008,14,267,14,414
114020,Buffering,46080,130,10,11,0,0,6,2014,0,267,0,414
114274,Buffering,55296,156,10,11,0,0,6,2018,4,267,4,414
114528,Buffering,64512,182,10,11,0,0,6,2023,0,267,0,414
114781,Buffering,82944,235,10,11,0,0,6,2029,9,267,9,414
115033,Buffering,129024,365,10,11,0,0,6,2032,119,267,119,414
115287,Buffering,129024,365,10,11,0,0,6,2038,0,267,0,414
115538,Buffering,147456,417,10,11,0,0,6,2043,121,267,121,414
115792,Buffering,147456,417,10,11,0,0,6,2050,0,267,0,414
116045,Buffering,147456,417,10,11,0,0,6,2054,0,267,0,414
116298,Buffering,184320,522,10,11,0,0,6,2061,0,267,0,414
116501,Buffering,184320,522,10,11,0,0,6,2063,4,267,4,414
116755,Buffering,193536,548,10,11,0,0,6,2069,0,267,0,414
117010,Buffering,202752,574,10,11,0,0,6,2074,109,267,109,414
117262,Buffering,230400,653,10,11,0,0,6,2080,0,267,0,414
117515,Buffering,248832,705,10,11,0,0,6,2084,109,267,109,414
117770,Buffering,258048,731,10,11,0,0,6,2089,124,267,124,414
118023,Buffering,267264,757,10,11,0,0,6,2095,0,267,0,414
118276,Playing,228352,647,10,12,0,0,6,2098,0,267,0,414
118528,Playing,165888,470,10,12,0,0,6,2102,2,267,2,414
118781,Playing,103424,293,10,12,0,0,6,2106,2,267,2,414
119034,Playing,21504,60,10,12,0,0,6,2112,0,267,0,414
119287,Buffering,9216,26,11,12,0,0,6,2118,110,267,110,414
119539,Buffering,18432,52,11,12,0,0,6,2122,111,267,111,414
119792,Buffering,18432,52,11,12,0,0,6,2126,6,267,6,414
120045,Buffering,18432,52,11,12,0,0,6,2133,122,267,122,414
120299,Buffering,27648,78,11,12,0,0,6,2137,6,267,6,414
120500,Buffering,27648,78,11,12,0,0,6,2140,9,267,9,414
120753,Buffering,46080,130,11,12,0,0,6,2147,6,267,6,414
121006,Buffering,73728,208,11,12,0,0,6,2151,112,267,112,414
121259,Buffering,92160,261,11,12,0,0,6,2156,0,267,0,414
121529,Buffering,110592,313,11,12,0,0,6,2162,10,267,10,414
121783,Buffering,110592,313,11,12,0,0,6,2168,0,267,0,414
122038,Buffering,138240,391,11,12,0,0,6,2171,0,267,0,414
122289,Buffering,147456,417,11,12,0,0,6,2176,9,267,9,414
122543,Buffering,156672,444,11,12,0,0,6,2181,13,267,13,414
122796,Buffering,165888,470,11,12,0,0,6,2187,0,267,0,414
123048,Buffering,184320,522,11,12,0,0,6,2193,107,267,107,414
123250,Buffering,184320,522,11,12,0,0,6,2196,10,267,10,414
123504,Buffering,193536,548,11,12,0,0,6,2201,6,267,6,414
123757,Buffering,202752,574,11,12,0,0,6,2208,116,267,116,414
124010,Buffering,230400,653,11,12,0,0,6,2214,0,267,0,414
124263,Playing,232448,658,11,13,0,0,6,2217,0,267,0,414
124517,Playing,178176,505,11,13,0,0,6,2221,1,267,1,414
124770,Playing,97280,275,11,13,0,0,6,2226,5,267,5,414
125023,Playing,16384,46,11,13,0,0,6,2232,0,267,0,414
125276,Buffering,18432,52,12,13,0,0,6,2234,0,267,0,414
125529,Buffering,27648,78,12,13,0,0,6,2242,11,267,11,414
125782,Buffering,46080,130,12,13,0,0,6,2247,0,267,0,414
126034,Buffering,55296,156,12,13,0,0,6,2252,9,267,9,414
126287,Buffering,73728,208,12,13,0,0,6,2258,0,267,0,414
126540,Buffering,82944,235,12,13,0,0,6,2263,5,267,5,414
126793,Buffering,92160,261,12,13,0,0,6,2270,0,267,0,414
127045,Buffering,101376,287,12,13,0,0,6,2274,0,267,0,414
127299,Buffering,110592,313,12,13,0,0,6,2279,4,267,4,414
127501,Buffering,129024,365,12,13,0,0,6,2283,110,267,111,414
127753,Buffering,147456,417,12,13,0,0,6,2288,0,267,0,414
128007,Buffering,156672,444,12,13,0,0,6,2293,3,267,3,414
128260,Buffering,156672,444,12,13,0,0,6,2300,0,267,0,414
128512,Buffering,165888,470,12,13,0,0,6,2305,9,267,9,414
128766,Buffering,165888,470,12,13,0,0,6,2310,4,267,4,414
129019,Buffering,184320,522,12,13,0,0,6,2316,0,267,0,414
129271,Buffering,211968,600,12,13,0,0,6,2319,0,267,0,414
129524,Buffering,211968,600,12,13,0,0,6,2324,7,267,7,414
129777,Buffering,239616,679,12,13,0,0,6,2328,3,267,3,414
130030,Buffering,267264,757,12,13,0,0,6,2331,124,267,125,414
130283,Reconnecting,0,0,12,14,0,0,6,2336,117,267,117,414
130534,Reconnecting,0,0,12,14,0,0,6,2336,117,267,117,414
130788,Reconnecting,0,0,12,14,0,0,6,2336,117,267,117,414
131041,Reconnecting,0,0,12,14,0,0,6,2336,117,267,117,414
131294,Reconnecting,0,0,12,14,0,0,6,2336,117,267,117,414
131546,Reconnecting,0,0,12,14,0,0,6,2336,117,267,117,414
131799,Reconnecting,0,0,12,14,0,0,6,2336,117,267,117,414
132002,Reconnecting,0,0,12,14,0,0,6,2336,117,267,117,414
132258,Reconnecting,0,0,12,14,0,0,6,2336,117,267,117,414
132511,Reconnecting,0,0,12,14,0,0,6,2336,117,267,117,414
132764,Reconnecting,0,0,12,14,0,0,6,2336,117,267,117,414
133018,Reconnecting,0,0,12,14,0,0,6,2336,117,267,117,414
133271,Reconnecting,0,0,12,14,0,0,6,2336,117,267,117,414
133522,Reconnecting,0,0,12,14,0,0,6,2336,117,267,117,414
133775,Reconnecting,0,0,12,14,0,0,6,2336,117,267,117,414
134028,Reconnecting,0,0,12,14,0,0,6,2336,117,267,117,414
134281,Reconnecting,0,0,12,14,0,0,6,2336,117,267,117,414
134534,Reconnecting,0,0,12,14,0,0,6,2336,117,267,117,414
134787,Reconnecting,0,0,12,14,0,0,6,2336,117,267,117,414
135039,Reconnecting,0,0,12,14,0,0,6,2336,117,267,117,414
135292,Reconnecting,0,0,12,14,0,0,7,2336,117,267,117,414
135543,Reconnecting,0,0,12,14,0,0,7,2336,117,267,117,414
135796,Reconnecting,0,0,12,14,0,0,7,2336,117,267,117,414
136049,Reconnecting,0,0,12,14,0,0,7,2336,117,267,117,414
136252,Reconnecting,0,0,12,14,0,0,7,2336,117,267,117,414
136505,Reconnecting,0,0,12,14,0,0,7,2344,0,267,117,414
136758,Reconnecting,0,0,12,14,0,0,7,2353,31,267,117,414
137011,Reconnecting,0,0,12,14,0,0,7,2353,31,267,117,414
137264,Reconnecting,0,0,12,14,0,0,7,2353,31,267,117,414
137517,Reconnecting,0,0,12,14,0,0,7,2353,31,267,117,414
137770,Reconnecting,0,0,12,14,0,0,7,2353,31,267,117,414
138022,Reconnecting,0,0,12,14,0,0,7,2353,31,267,117,414
138276,Reconnecting,0,0,12,14,0,0,7,2353,31,267,117,414
138530,Reconnecting,0,0,12,14,0,0,7,2353,31,267,117,414
138783,Reconnecting,0,0,12,14,0,0,7,2353,31,267,117,414
139036,Reconnecting,0,0,12,14,0,0,7,2353,31,267,117,414
139288,Reconnecting,0,0,12,14,0,0,7,2353,31,267,117,414
139542,Reconnecting,0,0,12,14,0,0,7,2353,31,267,117,414
139795,Reconnecting,0,0,12,14,0,0,7,2353,31,267,117,414
140048,Reconnecting,0,0,12,14,0,0,7,2353,31,267,117,414
140300,Reconnecting,0,0,12,14,0,0,7,2353,31,267,117,414
140502,Reconnecting,0,0,12,14,0,0,7,2353,31,267,117,414
140755,Reconnecting,0,0,12,14,0,0,7,2353,31,267,117,414
141009,Reconnecting,0,0,12,14,0,0,7,2353,31,267,117,414
141261,Reconnecting,0,0,12,14,0,0,7,2353,31,267,117,414
141514,Reconnecting,0,0,12,14,0,0,7,2353,31,267,117,414
141768,Reconnecting,0,0,12,14,0,0,8,2353,31,267,117,414
142020,Reconnecting,0,0,12,14,0,0,8,2353,31,267,117,414
142273,Reconnecting,0,0,12,14,0,0,8,2353,31,267,117,414
142526,Reconnecting,0,0,12,14,0,0,8,2353,31,267,117,414
142780,Reconnecting,9216,26,12,14,0,0,8,2361,0,267,0,414
143032,Reconnecting,294912,835,12,14,0,0,8,2377,0,267,0,414
143286,Reconnecting,718848,2037,12,14,0,0,8,2403,0,267,0,414
143538,Playing,1689600,4789,12,14,0,0,8,2465,0,267,0,414
143790,Playing,1627136,4612,12,14,0,0,8,2468,0,267,0,414
144041,Playing,1546240,4382,12,14,0,0,8,2472,0,267,0,414
144294,Playing,1492992,4231,12,14,0,0,8,2477,116,267,116,414
144547,Playing,1430528,4054,12,14,0,0,8,2480,110,267,110,414
144800,Playing,1349632,3825,12,14,0,0,8,2484,4,267,4,414
145003,Playing,1293312,3665,12,14,0,0,8,2486,0,267,0,414
145257,Playing,1203200,3410,12,14,0,0,8,2494,0,267,0,414
145509,Playing,1140736,3233,12,14,0,0,8,2498,117,267,117,414
145764,Playing,1078272,3056,12,14,0,0,8,2504,0,267,0,414
146017,Playing,1015808,2879,12,14,0,0,8,2508,0,267,0,414
146271,Playing,953344,2702,12,14,0,0,8,2512,14,267,14,414
146523,Playing,881664,2499,12,14,0,0,8,2515,119,267,119,414
146775,Playing,818176,2319,12,14,0,0,8,2520,0,267,0,414
147028,Playing,737280,2089,12,14,0,0,8,2524,0,267,0,414
147280,Playing,647168,1834,12,14,0,0,8,2529,7,267,7,414
147533,Playing,593920,1683,12,14,0,0,8,2535,106,267,106,414
147787,Playing,531456,1506,12,14,0,0,8,2539,103,267,103,414
148041,Playing,450560,1277,12,14,0,0,8,2545,0,267,0,414
148295,Playing,360448,1021,12,14,0,0,8,2550,3,267,3,414
148548,Playing,297984,844,12,14,0,0,8,2554,118,267,118,414
148750,Playing,250880,711,12,14,0,0,8,2559,0,267,0,414
149003,Playing,188416,534,12,14,0,0,8,2563,10,267,10,414
149257,Playing,98304,278,12,14,0,0,8,2570,0,267,0,414
149510,Playing,17408,49,12,14,0,0,8,2575,4,267,4,414
149763,Buffering,0,0,13,14,0,0,8,2580,7,267,7,414
150017,Buffering,18432,52,13,14,0,0,8,2585,0,267,0,414
150270,Buffering,27648,78,13,14,0,0,8,2589,0,267,0,414
150521,Buffering,36864,104,13,14,0,0,8,2594,9,267,9,414
150773,Buffering,64512,182,13,14,0,0,8,2600,0,267,0,414
151027,Buffering,64512,182,13,14,0,0,8,2604,0,267,0,414
151281,Buffering,92160,261,13,14,0,0,8,2608,2,267,2,414
151534,Buffering,119808,339,13,14,0,0,8,2612,8,267,8,414
151787,Buffering,147456,417,13,14,0,0,8,2617,0,267,0,414
152040,Buffering,156672,444,13,14,0,0,8,2622,3,267,3,414
152293,Buffering,165888,470,13,14,0,0,8,2627,8,267,8,414
152546,Buffering,165888,470,13,14,0,0,8,2633,0,267,0,414
152800,Buffering,175104,496,13,14,0,0,8,2637,0,267,0,414
153003,Buffering,184320,522,13,14,0,0,8,2641,0,267,0,414
153257,Buffering,193536,548,13,14,0,0,8,2646,8,267,8,414
153509,Buffering,230400,653,13,14,0,0,8,2649,114,267,114,414
153762,Buffering,239616,679,13,14,0,0,8,2655,0,267,0,414
154018,Buffering,248832,705,13,14,0,0,8,2662,0,267,0,414
154271,Buffering,258048,731,13,14,0,0,8,2667,107,267,107,414
154524,Buffering,258048,731,13,14,0,0,8,2674,0,267,0,414
154777,Playing,250880,711,13,15,0,0,8,2678,0,267,0,414
155030,Playing,188416,534,13,15,0,0,8,2681,0,267,0,414
155282,Playing,106496,301,13,15,0,0,8,2686,13,267,13,414
155533,Playing,34816,98,13,15,0,0,8,2690,111,267,111,414
155787,Buffering,0,0,14,15,0,0,8,2696,0,267,0,414
156040,Buffering,9216,26,14,15,0,0,8,2701,5,267,5,414
156295,Buffering,9216,26,14,15,0,0,8,2706,7,267,7,414
156547,Buffering,46080,130,14,15,0,0,8,2711,0,267,0,414
156799,Buffering,55296,156,14,15,0,0,8,2716,3,267,3,414
157003,Buffering,73728,208,14,15,0,0,8,2718,0,267,0,414
157257,Buffering,82944,235,14,15,0,0,8,2722,119,267,119,414
157509,Buffering,92160,261,14,15,0,0,8,2727,8,267,8,414
157763,Buffering,92160,261,14,15,0,0,8,2733,0,267,0,414
158017,Buffering,101376,287,14,15,0,0,8,2738,5,267,5,414
158269,Buffering,110592,313,14,15,0,0,8,2743,7,267,7,414
158521,Buffering,110592,313,14,15,0,0,8,2749,0,267,0,414
158773,Buffering,119808,339,14,15,0,0,8,2754,0,267,0,414
159026,Buffering,156672,444,14,15,0,0,8,2757,120,267,120,414
159278,Buffering,165888,470,14,15,0,0,8,2763,0,267,0,414
159530,Buffering,175104,496,14,15,0,0,8,2767,0,267,0,414
159783,Buffering,184320,522,14,15,0,0,8,2774,0,267,0,414
160036,Buffering,193536,548,14,15,0,0,8,2779,5,267,5,414
160289,Buffering,221184,626,14,15,0,0,8,2783,110,267,110,414
160541,Buffering,239616,679,14,15,0,0,8,2788,0,267,0,414
160795,Playing,224256,635,14,16,0,0,8,2793,3,267,3,414
161047,Playing,143360,406,14,16,0,0,8,2798,2,267,2,414
161300,Playing,71680,203,14,16,0,0,8,2803,0,267,0,414
161502,Playing,15360,43,14,16,0,0,8,2808,2,267,2,414
161756,Buffering,18432,52,15,16,0,0,8,2811,122,267,122,414
162009,Buffering,46080,130,15,16,0,0,8,2816,0,267,0,414
162262,Buffering,46080,130,15,16,0,0,8,2822,1,267,1,414
162515,Buffering,73728,208,15,16,0,0,8,2827,0,267,0,414
162769,Buffering,82944,235,15,16,0,0,8,2832,5,267,5,414
163021,Buffering,82944,235,15,16,0,0,8,2840,6,267,6,414
163274,Buffering,110592,313,15,16,0,0,8,2844,11,267,11,414
163526,Buffering,110592,313,15,16,0,0,8,2850,0,267,0,414
163779,Buffering,138240,391,15,16,0,0,8,2854,9,267,9,414
164032,Buffering,138240,391,15,16,0,0,8,2861,0,267,0,414
164286,Buffering,147456,417,15,16,0,0,8,2866,5,267,5,414
164540,Buffering,156672,444,15,16,0,0,8,2870,10,267,10,414
164792,Buffering,193536,548,15,16,0,0,8,2873,118,267,118,414
165045,Buffering,221184,626,15,16,0,0,8,2878,0,267,0,414
165300,Buffering,230400,653,15,16,0,0,8,2882,115,267,115,414
165501,Buffering,239616,679,15,16,0,0,8,2886,9,267,9,414
165753,Buffering,248832,705,15,16,0,0,8,2891,3,267,3,414
166007,Buffering,248832,705,15,16,0,0,8,2893,0,267,0,414
166259,Buffering,285696,809,15,16,0,0,8,2902,4,267,4,414
166512,Buffering,304128,862,15,16,0,0,8,2908,6,267,6,414
166765,Reconnecting,0,0,15,17,0,0,8,2909,117,267,118,414
167018,Reconnecting,0,0,15,17,0,0,8,2909,117,267,118,414
167271,Reconnecting,0,0,15,17,0,0,8,2909,117,267,118,414
167524,Reconnecting,0,0,15,17,0,0,8,2909,117,267,118,414
167777,Reconnecting,0,0,15,17,0,0,8,2909,117,267,118,414
168030,Reconnecting,0,0,15,17,0,0,8,2909,117,267,118,414
168283,Reconnecting,0,0,15,17,0,0,8,2909,117,267,118,414
168536,Reconnecting,0,0,15,17,0,0,8,2909,117,267,118,414
168789,Reconnecting,0,0,15,17,0,0,8,2909,117,267,118,414
169041,Reconnecting,0,0,15,17,0,0,8,2909,117,267,118,414
169295,Reconnecting,0,0,15,17,0,0,8,2909,117,267,118,414
169549,Reconnecting,0,0,15,17,0,0,8,2909,117,267,118,414
169751,Reconnecting,0,0,15,17,0,0,8,2909,117,267,118,414
170005,Reconnecting,0,0,15,17,0,0,8,2909,117,267,118,414
170258,Reconnecting,0,0,15,17,0,0,8,2909,117,267,118,414
170511,Reconnecting,0,0,15,17,0,0,8,2909,117,267,118,414
170763,Reconnecting,0,0,15,17,0,0,8,2909,117,267,118,414
171017,Reconnecting,0,0,15,17,0,0,8,2909,117,267,118,414
171271,Reconnecting,0,0,15,17,0,0,8,2909,117,267,118,414
171523,Reconnecting,0,0,15,17,0,0,8,2909,117,267,118,414
171777,Reconnecting,0,0,15,17,0,0,9,2909,117,267,118,414
172031,Reconnecting,0,0,15,17,0,0,9,2909,117,267,118,414
172285,Reconnecting,0,0,15,17,0,0,9,2909,117,267,118,414
172537,Reconnecting,0,0,15,17,0,0,9,2909,117,267,118,414
172789,Reconnecting,46080,130,15,17,0,0,9,2915,0,267,0,414
173041,Reconnecting,211968,600,15,17,0,0,9,2923,0,267,0,414
173295,Reconnecting,589824,1671,15,17,0,0,9,2947,0,267,0,414
173548,Playing,1465344,4153,15,17,0,0,9,2996,0,267,0,414
173750,Playing,1649664,4675,15,17,0,0,9,3023,11,267,11,414
174003,Playing,1568768,4446,15,17,0,0,9,3031,3,267,3,414
174263,Playing,1487872,4217,15,17,0,0,9,3035,4,267,4,414
174516,Playing,1406976,3988,15,17,0,0,9,3041,0,267,0,414
174768,Playing,1344512,3810,15,17,0,0,9,3046,13,267,13,414
175021,Playing,1254400,3555,15,17,0,0,9,3052,0,267,0,414
175276,Playing,1164288,3300,15,17,0,0,9,3057,14,267,14,414
175529,Playing,1082368,3067,15,17,0,0,9,3062,10,267,10,414
175782,Playing,1019904,2890,15,17,0,0,9,3067,0,267,0,414
176035,Playing,929792,2635,15,17,0,0,9,3073,98,267,98,414
176289,Playing,848896,2406,15,17,0,0,9,3080,6,267,6,414
176542,Playing,768000,2176,15,17,0,0,9,3085,7,267,7,414
176796,Playing,677888,1921,15,17,0,0,9,3092,3,267,3,414
177049,Playing,596992,1692,15,17,0,0,9,3096,11,267,11,414
177252,Playing,531456,1506,15,17,0,0,9,3100,2,267,2,414
177506,Playing,441344,1250,15,17,0,0,9,3106,0,267,0,414
177758,Playing,378880,1073,15,17,0,0,9,3111,7,267,7,414
178010,Playing,288768,818,15,17,0,0,9,3116,5,267,5,414
178263,Playing,226304,641,15,17,0,0,9,3119,120,267,120,414
178516,Playing,163840,464,15,17,0,0,9,3124,0,267,0,414
178768,Playing,73728,208,15,17,0,0,9,3129,8,267,8,414
179020,Playing,1024,2,15,17,0,0,9,3134,3,267,3,414
179272,Buffering,18432,52,16,17,0,0,9,3139,0,267,0,414
179527,Buffering,46080,130,16,17,0,0,9,3144,3,267,3,414
179781,Buffering,46080,130,16,17,0,0,9,3150,0,267,0,414
180036,Buffering,55296,156,16,17,0,0,9,3155,2,267,2,414
180289,Buffering,92160,261,16,17,0,0,9,3158,114,267,115,414
180540,Buffering,101376,287,16,17,0,0,9,3163,0,267,0,414
180793,Buffering,110592,313,16,17,0,0,9,3168,11,267,11,414
181048,Buffering,129024,365,16,17,0,0,9,3174,1,267,1,414
181251,Buffering,138240,391,16,17,0,0,9,3178,4,267,4,414
181505,Buffering,156672,444,16,17,0,0,9,3182,9,267,9,414
181758,Buffering,165888,470,16,17,0,0,9,3188,0,267,0,414
182011,Buffering,165888,470,16,17,0,0,9,3193,45,267,45,414
182264,Buffering,193536,548,16,17,0,0,9,3197,7,267,7,414
182516,Buffering,202752,574,16,17,0,0,9,3204,4,267,4,414
182771,Buffering,211968,600,16,17,0,0,9,3209,4,267,4,414
183024,Buffering,239616,679,16,17,0,0,9,3215,5,267,5,414
183277,Buffering,248832,705,16,17,0,0,9,3219,10,267,10,414
183531,Buffering,258048,731,16,17,0,0,9,3224,7,267,7,414
183784,Buffering,258048,731,16,17,0,0,9,3230,0,267,0,414
184036,Buffering,267264,757,16,17,0,0,9,3234,0,267,0,414
184289,Playing,221184,626,16,18,0,0,9,3238,3,267,3,414
184542,Playing,149504,423,16,18,0,0,9,3244,0,267,0,414
184796,Playing,87040,246,16,18,0,0,9,3249,2,267,2,414
185048,Playing,6144,17,16,18,0,0,9,3253,10,267,10,414
185250,Buffering,0,0,17,18,0,0,9,3256,3,267,3,414
185502,Buffering,27648,78,17,18,0,0,9,3262,0,267,0,414
185755,Buffering,46080,130,17,18,0,0,9,3267,111,267,111,414
186007,Buffering,55296,156,17,18,0,0,9,3274,11,267,11,414
186259,Buffering,92160,261,17,18,0,0,9,3277,127,267,127,414
186513,Buffering,101376,287,17,18,0,0,9,3283,0,267,0,414
186765,Buffering,110592,313,17,18,0,0,9,3287,0,267,0,414
187018,Buffering,119808,339,17,18,0,0,9,3291,0,267,0,414
187270,Buffering,119808,339,17,18,0,0,9,3296,4,267,4,414
187524,Buffering,138240,391,17,18,0,0,9,3300,6,267,6,414
187777,Buffering,147456,417,17,18,0,0,9,3307,9,267,9,414
188029,Buffering,175104,496,17,18,0,0,9,3311,115,267,115,414
188282,Buffering,184320,522,17,18,0,0,9,3317,0,267,0,414
188534,Buffering,193536,548,17,18,0,0,9,3321,0,267,0,414
188787,Buffering,202752,574,17,18,0,0,9,3325,0,267,0,414
189041,Buffering,211968,600,17,18,0,0,9,3329,0,267,0,414
189293,Buffering,211968,600,17,18,0,0,9,3335,117,267,117,414
189545,Buffering,221184,626,17,18,0,0,9,3341,0,267,0,414
189799,Buffering,230400,653,17,18,0,0,9,3347,14,267,14,414
190001,Buffering,239616,679,17,18,0,0,9,3349,0,267,0,414
190255,Playing,225280,638,17,19,0,0,9,3354,105,267,105,414
190509,Playing,144384,409,17,19,0,0,9,3361,5,267,5,414
190762,Playing,54272,153,17,19,0,0,9,3366,11,267,11,414
191015,Buffering,0,0,18,19,0,0,9,3372,0,267,0,414
191267,Buffering,9216,26,18,19,0,0,9,3374,8,267,8,414
191519,Buffering,27648,78,18,19,0,0,9,3383,0,267,0,414
191772,Buffering,55296,156,18,19,0,0,9,3387,5,267,5,414
192026,Buffering,64512,182,18,19,0,0,9,3391,11,267,11,414
192278,Buffering,64512,182,18,19,0,0,9,3396,4,267,4,414
192532,Buffering,92160,261,18,19,0,0,9,3402,2,267,2,414
192786,Buffering,138240,391,18,19,0,0,9,3405,118,267,118,414
193039,Buffering,138240,391,18,19,0,0,9,3412,7,267,7,414
193292,Buffering,156672,444,18,19,0,0,9,3416,120,267,120,414
193544,Buffering,175104,496,18,19,0,0,9,3421,0,267,0,414
193798,Buffering,184320,522,18,19,0,0,9,3426,12,267,12,414
194000,Buffering,211968,600,18,19,0,0,9,3430,118,267,118,414
194253,Buffering,239616,679,18,19,0,0,9,3435,0,267,0,414
194506,Buffering,248832,705,18,19,0,0,9,3440,4,267,4,414
194759,Buffering,248832,705,18,19,0,0,9,3445,2,267,2,414
195012,Buffering,258048,731,18,19,0,0,9,3451,0,267,0,414
195266,Buffering,276480,783,18,19,0,0,9,3456,3,267,3,414
195518,Buffering,285696,809,18,19,0,0,9,3462,0,267,0,414
195771,Buffering,294912,835,18,19,0,0,9,3467,9,267,9,414
196023,Buffering,322560,914,18,19,0,0,9,3470,116,267,116,414
196276,Reconnecting,0,0,18,20,0,0,9,3471,121,267,121,414
196529,Reconnecting,0,0,18,20,0,0,9,3471,121,267,121,414
196781,Reconnecting,0,0,18,20,0,0,9,3471,121,267,121,414
197035,Reconnecting,0,0,18,20,0,0,9,3471,121,267,121,414
197288,Reconnecting,0,0,18,20,0,0,9,3471,121,267,121,414
197540,Reconnecting,0,0,18,20,0,0,9,3471,121,267,121,414
197794,Reconnecting,0,0,18,20,0,0,9,3471,121,267,121,414
198048,Reconnecting,0,0,18,20,0,0,9,3471,121,267,121,414
198300,Reconnecting,0,0,18,20,0,0,9,3471,121,267,121,414
198502,Reconnecting,0,0,18,20,0,0,9,3471,121,267,121,414
198754,Reconnecting,0,0,18,20,0,0,9,3471,121,267,121,414
199007,Reconnecting,0,0,18,20,0,0,9,3471,121,267,121,414
199260,Reconnecting,0,0,18,20,0,0,9,3471,121,267,121,414
199513,Reconnecting,0,0,18,20,0,0,9,3471,121,267,121,414
199766,Reconnecting,0,0,18,20,0,0,9,3471,121,267,121,414
200019,Reconnecting,0,0,18,20,0,0,9,3471,121,267,121,414
200274,Reconnecting,0,0,18,20,0,0,9,3471,121,267,121,414
200528,Reconnecting,0,0,18,20,0,0,9,3471,121,267,121,414
200780,Reconnecting,0,0,18,20,0,0,9,3471,121,267,121,414
201033,Reconnecting,0,0,18,20,0,0,9,3471,121,267,121,414
201284,Reconnecting,0,0,18,20,0,0,10,3471,121,267,121,414
201537,Reconnecting,0,0,18,20,0,0,10,3471,121,267,121,414
201791,Reconnecting,0,0,18,20,0,0,10,3471,121,267,121,414
202044,Reconnecting,0,0,18,20,0,0,10,3471,121,267,121,414
202296,Reconnecting,0,0,18,20,0,0,10,3479,0,267,121,414
202548,Reconnecting,0,0,18,20,0,0,10,3488,30,267,121,414
202751,Reconnecting,0,0,18,20,0,0,10,3488,30,267,121,414
203004,Reconnecting,0,0,18,20,0,0,10,3488,30,267,121,414
203258,Reconnecting,0,0,18,20,0,0,10,3488,30,267,121,414
203511,Reconnecting,0,0,18,20,0,0,10,3488,30,267,121,414
203764,Reconnecting,0,0,18,20,0,0,10,3488,30,267,121,414
204016,Reconnecting,0,0,18,20,0,0,10,3488,30,267,121,414
204269,Reconnecting,0,0,18,20,0,0,10,3488,30,267,121,414
204521,Reconnecting,0,0,18,20,0,0,10,3488,30,267,121,414
204773,Reconnecting,0,0,18,20,0,0,10,3488,30,267,121,414
205027,Reconnecting,0,0,18,20,0,0,10,3488,30,267,121,414
205280,Reconnecting,0,0,18,20,0,0,10,3488,30,267,121,414
205533,Reconnecting,0,0,18,20,0,0,10,3488,30,267,121,414
205786,Reconnecting,0,0,18,20,0,0,10,3488,30,267,121,414
206040,Reconnecting,0,0,18,20,0,0,10,3488,30,267,121,414
206293,Reconnecting,0,0,18,20,0,0,10,3488,30,267,121,414
206547,Reconnecting,0,0,18,20,0,0,10,3488,30,267,121,414
206799,Reconnecting,0,0,18,20,0,0,10,3488,30,267,121,414
207001,Reconnecting,0,0,18,20,0,0,10,3488,30,267,121,414
207254,Reconnecting,0,0,18,20,0,0,10,3488,30,267,121,414
207508,Reconnecting,0,0,18,20,0,0,11,3488,30,267,121,414
207760,Reconnecting,0,0,18,20,0,0,11,3488,30,267,121,414
208012,Reconnecting,0,0,18,20,0,0,11,3488,30,267,121,414
208264,Reconnecting,0,0,18,20,0,0,11,3488,30,267,121,414
208517,Reconnecting,0,0,18,20,0,0,11,3494,0,267,121,414
208771,Reconnecting,0,0,18,20,0,0,11,3504,0,267,121,414
209024,Reconnecting,0,0,18,20,0,0,11,3505,29,267,121,414
209277,Reconnecting,0,0,18,20,0,0,11,3505,29,267,121,414
209530,Reconnecting,0,0,18,20,0,0,11,3505,29,267,121,414
209784,Reconnecting,0,0,18,20,0,0,11,3505,29,267,121,414
210038,Reconnecting,0,0,18,20,0,0,11,3505,29,267,121,414
210291,Reconnecting,0,0,18,20,0,0,11,3505,29,267,121,414
210546,Reconnecting,0,0,18,20,0,0,11,3505,29,267,121,414
210799,Reconnecting,0,0,18,20,0,0,11,3505,29,267,121,414
211001,Reconnecting,0,0,18,20,0,0,11,3505,29,267,121,414
211254,Reconnecting,0,0,18,20,0,0,11,3505,29,267,121,414
211508,Reconnecting,0,0,18,20,0,0,11,3505,29,267,121,414
211761,Reconnecting,0,0,18,20,0,0,11,3505,29,267,121,414
212013,Reconnecting,0,0,18,20,0,0,11,3505,29,267,121,414
212266,Reconnecting,0,0,18,20,0,0,11,3505,29,267,121,414
212518,Reconnecting,0,0,18,20,0,0,11,3505,29,267,121,414
212770,Reconnecting,0,0,18,20,0,0,11,3505,29,267,121,414
213023,Reconnecting,0,0,18,20,0,0,11,3505,29,267,121,414
213277,Reconnecting,0,0,18,20,0,0,11,3505,29,267,121,414
213530,Reconnecting,0,0,18,20,0,0,11,3505,29,267,121,414
213782,Reconnecting,0,0,18,20,0,0,11,3505,29,267,121,414
214034,Reconnecting,0,0,18,20,0,0,12,3505,29,267,121,414
214288,Reconnecting,0,0,18,20,0,0,12,3505,29,267,121,414
214541,Reconnecting,0,0,18,20,0,0,12,3505,29,267,121,414
214769,Reconnecting,0,0,18,20,0,0,12,3505,29,267,121,414
215022,Reconnecting,0,0,18,20,0,0,12,3513,0,267,0,414
215275,Reconnecting,211968,600,18,20,0,0,12,3525,0,267,0,414
215527,Reconnecting,626688,1776,18,20,0,0,12,3551,0,267,0,414
215780,Playing,1505280,4266,18,20,0,0,12,3600,0,267,0,414
216034,Playing,1599488,4533,18,20,0,0,12,3624,0,267,0,414
216288,Playing,1518592,4304,18,20,0,0,12,3629,3,267,3,414
216540,Playing,1437696,4075,18,20,0,0,12,3634,2,267,2,414
216793,Playing,1364992,3869,18,20,0,0,12,3640,0,267,0,414
217046,Playing,1293312,3665,18,20,0,0,12,3645,10,267,10,414
217299,Playing,1230848,3488,18,20,0,0,12,3650,0,267,0,414
217501,Playing,1175552,3332,18,20,0,0,12,3654,13,267,13,414
217755,Playing,1094656,3102,18,20,0,0,12,3659,2,267,2,414
218007,Playing,1013760,2873,18,20,0,0,12,3665,0,267,0,414
218259,Playing,932864,2644,18,20,0,0,12,3670,102,267,102,414
218512,Playing,860160,2438,18,20,0,0,12,3677,0,267,0,414
218766,Playing,788480,2234,18,20,0,0,12,3681,4,267,4,414
219018,Playing,726016,2057,18,20,0,0,12,3685,2,267,2,414
219271,Playing,635904,1802,18,20,0,0,12,3691,0,267,0,414
219522,Playing,555008,1573,18,20,0,0,12,3699,0,267,0,414
219776,Playing,474112,1343,18,20,0,0,12,3704,7,267,7,414
220029,Playing,384000,1088,18,20,0,0,12,3709,6,267,6,414
220281,Playing,303104,859,18,20,0,0,12,3713,13,267,13,414
220534,Playing,230400,653,18,20,0,0,12,3719,0,267,0,414
220788,Playing,149504,423,18,20,0,0,12,3724,6,267,6,414
221040,Playing,87040,246,18,20,0,0,12,3728,126,267,126,414
221293,Playing,6144,17,18,20,0,0,12,3734,0,267,0,414
221546,Buffering,9216,26,19,20,0,0,12,3738,8,267,8,414
221798,Buffering,36864,104,19,20,0,0,12,3746,6,267,3,414
222001,Buffering,46080,130,19,20,0,0,12,3748,0,267,0,414
222254,Buffering,46080,130,19,20,0,0,12,3753,0,267,0,414
222507,Buffering,73728,208,19,20,0,0,12,3758,14,267,14,414
222760,Buffering,73728,208,19,20,0,0,12,3766,6,267,6,414
223012,Buffering,101376,287,19,20,0,0,12,3771,0,267,0,414
223264,Buffering,110592,313,19,20,0,0,12,3776,7,267,7,414
223516,Buffering,156672,444,19,20,0,0,12,3779,130,267,130,414
223770,Buffering,184320,522,19,20,0,0,12,3784,0,267,0,414
224023,Buffering,184320,522,19,20,0,0,12,3789,0,267,0,414
224276,Buffering,211968,600,19,20,0,0,12,3793,121,267,121,414
224527,Buffering,221184,626,19,20,0,0,12,3799,0,267,0,414
224779,Buffering,221184,626,19,20,0,0,12,3804,12,267,12,414
225033,Buffering,248832,705,19,20,0,0,12,3810,0,267,0,414
225286,Buffering,248832,705,19,20,0,0,12,3816,6,267,6,414
225539,Buffering,258048,731,19,20,0,0,12,3822,0,267,0,414
225792,Buffering,267264,757,19,20,0,0,12,3828,5,267,5,414
226044,Buffering,285696,809,19,20,0,0,12,3833,0,267,0,414
226297,Buffering,294912,835,19,20,0,0,12,3838,9,267,9,414
226500,Playing,245760,696,19,21,0,0,12,3843,11,267,11,414
226751,Playing,164864,467,19,21,0,0,12,3849,0,267,0,414
227003,Playing,83968,238,19,21,0,0,12,3853,0,267,0,414
227256,Playing,21504,60,19,21,0,0,12,3856,0,267,0,414
227509,Buffering,0,0,20,21,0,0,12,3861,13,267,13,414
227761,Buffering,9216,26,20,21,0,0,12,3866,12,267,12,414
228016,Buffering,9216,26,20,21,0,0,12,3873,51,267,51,414
228268,Buffering,18432,52,20,21,0,0,12,3878,10,267,10,414
228522,Buffering,46080,130,20,21,0,0,12,3881,122,267,122,414
228776,Buffering,46080,130,20,21,0,0,12,3887,0,267,0,414
229029,Buffering,73728,208,20,21,0,0,12,3892,8,267,8,414
229281,Buffering,82944,235,20,21,0,0,12,3899,111,267,111,414
229534,Buffering,92160,261,20,21,0,0,12,3904,102,267,102,414
229789,Buffering,101376,287,20,21,0,0,12,3910,0,267,0,414
230042,Buffering,101376,287,20,21,0,0,12,3915,2,267,2,414
230295,Buffering,129024,365,20,21,0,0,12,3921,0,267,0,414
230548,Buffering,138240,391,20,21,0,0,12,3926,10,267,10,414
230752,Buffering,138240,391,20,21,0,0,12,3928,0,267,0,414
231006,Buffering,147456,417,20,21,0,0,12,3933,107,267,107,414
231259,Buffering,165888,470,20,21,0,0,12,3939,0,267,0,414
231511,Buffering,175104,496,20,21,0,0,12,3943,0,267,0,414
231764,Buffering,184320,522,20,21,0,0,12,3951,0,267,0,414
232017,Buffering,184320,522,20,21,0,0,12,3956,5,267,5,414
232269,Buffering,193536,548,20,21,0,0,12,3963,0,267,0,414
232522,Playing,186368,528,20,22,0,0,12,3967,0,267,0,414
232773,Playing,122880,348,20,22,0,0,12,3971,6,267,6,414
233025,Playing,78848,223,20,22,0,0,12,3974,124,267,124,414
233277,Playing,0,0,20,22,0,0,12,3978,9,267,9,414
233529,Buffering,9216,26,21,22,0,0,12,3982,2,267,2,414
233782,Buffering,9216,26,21,22,0,0,12,3988,0,267,0,414
234036,Buffering,9216,26,21,22,0,0,12,3997,2,267,2,414
234290,Buffering,18432,52,21,22,0,0,12,4002,7,267,7,414
234544,Buffering,18432,52,21,22,0,0,12,4008,0,267,0,414
234797,Buffering,46080,130,21,22,0,0,12,4012,10,267,10,414
235050,Buffering,46080,130,21,22,0,0,12,4017,8,267,8,414
235253,Buffering,55296,156,21,22,0,0,12,4023,0,267,0,414
235507,Buffering,73728,208,21,22,0,0,12,4027,0,267,0,414
235760,Buffering,82944,235,21,22,0,0,12,4032,4,267,4,414
236014,Buffering,82944,235,21,22,0,0,12,4036,14,267,14,414
236267,Buffering,82944,235,21,22,0,0,12,4040,5,267,6,414
236520,Buffering,92160,261,21,22,0,0,12,4044,117,267,117,414
236772,Buffering,101376,287,21,22,0,0,12,4050,0,267,0,414
237026,Buffering,101376,287,21,22,0,0,12,4055,14,267,14,414
237279,Buffering,129024,365,21,22,0,0,12,4061,0,267,0,414
237531,Buffering,138240,391,21,22,0,0,12,4066,0,267,0,414
237785,Buffering,156672,444,21,22,0,0,12,4070,120,267,120,414
238037,Buffering,156672,444,21,22,0,0,12,4076,0,267,0,414
238289,Buffering,165888,470,21,22,0,0,12,4080,0,267,0,414
238542,Reconnecting,0,0,21,23,0,0,12,4081,118,267,118,414
238794,Reconnecting,0,0,21,23,0,0,12,4081,118,267,118,414
239048,Reconnecting,0,0,21,23,0,0,12,4081,118,267,118,414
239300,Reconnecting,0,0,21,23,0,0,12,4081,118,267,118,414
239501,Reconnecting,0,0,21,23,0,0,12,4081,118,267,118,414
239754,Reconnecting,0,0,21,23,0,0,12,4081,118,267,118,414
240008,Reconnecting,0,0,21,23,0,0,12,4081,118,267,118,414
240261,Reconnecting,0,0,21,23,0,0,12,4081,118,267,118,414
240513,Reconnecting,0,0,21,23,0,0,12,4081,118,267,118,414
240767,Reconnecting,0,0,21,23,0,0,12,4081,118,267,118,414
241019,Reconnecting,0,0,21,23,0,0,12,4081,118,267,118,414
241273,Reconnecting,0,0,21,23,0,0,12,4081,118,267,118,414
241526,Reconnecting,0,0,21,23,0,0,12,4081,118,267,118,414
241780,Reconnecting,0,0,21,23,0,0,12,4081,118,267,118,414
242032,Reconnecting,0,0,21,23,0,0,12,4081,118,267,118,414
242285,Reconnecting,0,0,21,23,0,0,12,4081,118,267,118,414
242539,Reconnecting,0,0,21,23,0,0,12,4081,118,267,118,414
242791,Reconnecting,0,0,21,23,0,0,12,4081,118,267,118,414
243044,Reconnecting,0,0,21,23,0,0,12,4081,118,267,118,414
243297,Reconnecting,0,0,21,23,0,0,12,4081,118,267,118,414
243549,Reconnecting,0,0,21,23,0,0,13,4081,118,267,118,414
243751,Reconnecting,0,0,21,23,0,0,13,4081,118,267,118,414
244004,Reconnecting,0,0,21,23,0,0,13,4081,118,267,118,414
244258,Reconnecting,0,0,21,23,0,0,13,4081,118,267,118,414
244510,Reconnecting,55296,156,21,23,0,0,13,4085,0,267,0,414
244763,Reconnecting,175104,496,21,23,0,0,13,4093,0,267,0,414
245016,Reconnecting,451584,1280,21,23,0,0,13,4113,0,267,0,414
245269,Reconnecting,1105920,3134,21,23,0,0,13,4149,0,267,0,414
245521,Playing,1667072,4725,21,23,0,0,13,4196,52,267,52,414
245774,Playing,1576960,4469,21,23,0,0,13,4202,0,267,0,414
246027,Playing,1514496,4292,21,23,0,0,13,4206,5,267,5,414
246279,Playing,1433600,4063,21,23,0,0,13,4211,117,267,117,414
246531,Playing,1343488,3808,21,23,0,0,13,4218,115,267,115,414
246784,Playing,1262592,3578,21,23,0,0,13,4226,5,267,5,414
247035,Playing,1180672,3346,21,23,0,0,13,4230,128,267,128,414
247288,Playing,1099776,3117,21,23,0,0,13,4237,0,267,0,414
247541,Playing,1018880,2887,21,23,0,0,13,4242,7,267,7,414
247794,Playing,928768,2632,21,23,0,0,13,4247,5,267,5,414
248047,Playing,866304,2455,21,23,0,0,13,4252,0,267,0,414
248250,Playing,801792,2272,21,23,0,0,13,4257,7,267,7,414
248504,Playing,729088,2066,21,23,0,0,13,4262,5,267,5,414
248757,Playing,648192,1837,21,23,0,0,13,4268,0,267,0,414
249010,Playing,558080,1581,21,23,0,0,13,4273,9,267,9,414
249264,Playing,477184,1352,21,23,0,0,13,4280,0,267,0,414
249517,Playing,396288,1123,21,23,0,0,13,4284,0,267,0,414
249769,Playing,315392,893,21,23,0,0,13,4288,9,267,9,414
250020,Playing,252928,716,21,23,0,0,13,4292,118,267,118,414
250273,Playing,180224,510,21,23,0,0,13,4296,3,267,3,414
250526,Playing,90112,255,21,23,0,0,13,4303,112,267,112,414
250779,Playing,9216,26,21,23,0,0,13,4310,0,267,0,414
251030,Buffering,18432,52,22,23,0,0,13,4315,12,267,12,414
251285,Buffering,46080,130,22,23,0,0,13,4320,0,267,0,414
251536,Buffering,55296,156,22,23,0,0,13,4324,0,267,0,414
251789,Buffering,82944,235,22,23,0,0,13,4327,0,267,0,414
252042,Buffering,101376,287,22,23,0,0,13,4331,11,267,11,414
252295,Buffering,110592,313,22,23,0,0,13,4336,3,267,3,414
252547,Buffering,138240,391,22,23,0,0,13,4341,0,267,0,414
252750,Buffering,147456,417,22,23,0,0,13,4346,8,267,8,414
253002,Buffering,156672,444,22,23,0,0,13,4351,3,267,3,414
253255,Buffering,156672,444,22,23,0,0,13,4357,0,267,0,414
253508,Buffering,156672,444,22,23,0,0,13,4362,114,267,114,414
253760,Buffering,165888,470,22,23,0,0,13,4369,0,267,0,414
254014,Buffering,175104,496,22,23,0,0,13,4375,107,267,107,414
254267,Buffering,184320,522,22,23,0,0,13,4381,0,267,0,414
254520,Buffering,193536,548,22,23,0,0,13,4389,0,267,0,414
254773,Buffering,221184,626,22,23,0,0,13,4393,4,267,4,414
255027,Buffering,221184,626,22,23,0,0,13,4398,12,267,12,414
255279,Buffering,230400,653,22,23,0,0,13,4404,0,267,0,414
255533,Buffering,230400,653,22,23,0,0,13,4409,1,267,1,414
255787,Buffering,258048,731,22,23,0,0,13,4413,121,267,121,414
256039,Playing,234496,664,22,24,0,0,13,4417,8,267,8,414
256292,Playing,144384,409,22,24,0,0,13,4423,0,267,0,414
256546,Playing,71680,203,22,24,0,0,13,4427,0,267,0,414
256798,Playing,0,0,22,24,0,0,13,4433,3,267,3,414
257001,Buffering,0,0,23,24,0,0,13,4436,0,267,0,414
257255,Buffering,9216,26,23,24,0,0,13,4444,47,267,47,414
257508,Buffering,18432,52,23,24,0,0,13,4448,113,267,113,414
257761,Buffering,27648,78,23,24,0,0,13,4452,112,267,112,414
258014,Buffering,36864,104,23,24,0,0,13,4459,8,267,8,414
258267,Buffering,46080,130,23,24,0,0,13,4464,10,267,10,414
258519,Buffering,64512,182,23,24,0,0,13,4471,2,267,2,414
258771,Buffering,73728,208,23,24,0,0,13,4477,0,267,0,414
259023,Buffering,73728,208,23,24,0,0,13,4482,11,267,11,414
259276,Buffering,82944,235,23,24,0,0,13,4487,10,267,10,414
259529,Buffering,101376,287,23,24,0,0,13,4493,0,267,0,414
259782,Buffering,129024,365,23,24,0,0,13,4498,113,267,114,414
260034,Buffering,156672,444,23,24,0,0,13,4501,116,267,117,414
260287,Buffering,156672,444,23,24,0,0,13,4504,116,267,117,414
260538,Buffering,165888,470,23,24,0,0,13,4508,10,267,10,414
260792,Buffering,175104,496,23,24,0,0,13,4515,3,267,3,414
261045,Buffering,175104,496,23,24,0,0,13,4520,4,267,4,414
261297,Buffering,184320,522,23,24,0,0,13,4526,0,267,0,414
261550,Buffering,193536,548,23,24,0,0,13,4530,0,267,0,414
261752,Buffering,202752,574,23,24,0,0,13,4534,4,267,4,414
262004,Playing,211968,600,23,25,0,0,13,4541,0,267,0,414
262258,Playing,140288,397,23,25,0,0,13,4545,2,267,2,414
262511,Playing,59392,168,23,25,0,0,13,4550,8,267,8,414
262764,Buffering,27648,78,24,25,0,0,13,4555,0,267,0,414
263017,Buffering,55296,156,24,25,0,0,13,4559,8,267,8,414
263270,Buffering,64512,182,24,25,0,0,13,4564,2,267,2,414
263525,Buffering,64512,182,24,25,0,0,13,4570,0,267,0,414
263778,Buffering,73728,208,24,25,0,0,13,4575,170,267,170,414
264032,Buffering,73728,208,24,25,0,0,13,4582,0,267,0,414
264284,Buffering,82944,235,24,25,0,0,13,4586,0,267,0,414
264537,Buffering,92160,261,24,25,0,0,13,4594,0,267,0,414
264789,Buffering,92160,261,24,25,0,0,13,4599,8,267,8,414
265041,Buffering,101376,287,24,25,0,0,13,4603,8,267,8,414
265293,Buffering,129024,365,24,25,0,0,13,4609,10,267,10,414
265546,Buffering,129024,365,24,25,0,0,13,4614,7,267,7,414
265799,Buffering,138240,391,24,25,0,0,13,4618,5,267,5,414
266000,Buffering,147456,417,24,25,0,0,13,4624,0,267,0,414
266253,Buffering,147456,417,24,25,0,0,13,4629,3,267,3,414
266507,Buffering,156672,444,24,25,0,0,13,4634,13,267,13,414
266760,Buffering,156672,444,24,25,0,0,13,4640,0,267,0,414
267012,Buffering,165888,470,24,25,0,0,13,4646,7,267,7,414
267265,Buffering,184320,522,24,25,0,0,13,4652,0,267,0,414
267518,Buffering,193536,548,24,25,0,0,13,4657,8,267,8,414
267772,Buffering,202752,574,24,25,0,0,13,4662,8,267,8,414
268025,Reconnecting,0,0,24,26,0,0,13,4663,115,267,115,414
268277,Reconnecting,0,0,24,26,0,0,13,4663,115,267,115,414
268531,Reconnecting,0,0,24,26,0,0,13,4663,115,267,115,414
268783,Reconnecting,0,0,24,26,0,0,13,4663,115,267,115,414
269035,Reconnecting,0,0,24,26,0,0,13,4663,115,267,115,414
269288,Reconnecting,0,0,24,26,0,0,13,4663,115,267,115,414
269542,Reconnecting,0,0,24,26,0,0,13,4663,115,267,115,414
269795,Reconnecting,0,0,24,26,0,0,13,4663,115,267,115,414
270049,Reconnecting,0,0,24,26,0,0,13,4663,115,267,115,414
270252,Reconnecting,0,0,24,26,0,0,13,4663,115,267,115,414
270505,Reconnecting,0,0,24,26,0,0,13,4663,115,267,115,414
270757,Reconnecting,0,0,24,26,0,0,13,4663,115,267,115,414
271009,Reconnecting,0,0,24,26,0,0,13,4663,115,267,115,414
271262,Reconnecting,0,0,24,26,0,0,13,4663,115,267,115,414
271516,Reconnecting,0,0,24,26,0,0,13,4663,115,267,115,414
271769,Reconnecting,0,0,24,26,0,0,13,4663,115,267,115,414
272021,Reconnecting,0,0,24,26,0,0,13,4663,115,267,115,414
272273,Reconnecting,0,0,24,26,0,0,13,4663,115,267,115,414
272525,Reconnecting,0,0,24,26,0,0,13,4663,115,267,115,414
272778,Reconnecting,0,0,24,26,0,0,13,4663,115,267,115,414
273036,Reconnecting,0,0,24,26,0,0,14,4663,115,267,115,414
273289,Reconnecting,0,0,24,26,0,0,14,4663,115,267,115,414
273541,Reconnecting,0,0,24,26,0,0,14,4663,115,267,115,414
273794,Reconnecting,0,0,24,26,0,0,14,4663,115,267,115,414
274047,Reconnecting,0,0,24,26,0,0,14,4671,0,267,115,414
274250,Reconnecting,0,0,24,26,0,0,14,4680,29,267,115,414
274503,Reconnecting,0,0,24,26,0,0,14,4680,29,267,115,414
274757,Reconnecting,0,0,24,26,0,0,14,4680,29,267,115,414
275010,Reconnecting,0,0,24,26,0,0,14,4680,29,267,115,414
275263,Reconnecting,0,0,24,26,0,0,14,4680,29,267,115,414
275516,Reconnecting,0,0,24,26,0,0,14,4680,29,267,115,414
275769,Reconnecting,0,0,24,26,0,0,14,4680,29,267,115,414
276021,Reconnecting,0,0,24,26,0,0,14,4680,29,267,115,414
276274,Reconnecting,0,0,24,26,0,0,14,4680,29,267,115,414
276527,Reconnecting,0,0,24,26,0,0,14,4680,29,267,115,414
276780,Reconnecting,0,0,24,26,0,0,14,4680,29,267,115,414
277033,Reconnecting,0,0,24,26,0,0,14,4680,29,267,115,414
277285,Reconnecting,0,0,24,26,0,0,14,4680,29,267,115,414
277537,Reconnecting,0,0,24,26,0,0,14,4680,29,267,115,414
277790,Reconnecting,0,0,24,26,0,0,14,4680,29,267,115,414
278044,Reconnecting,0,0,24,26,0,0,14,4680,29,267,115,414
278297,Reconnecting,0,0,24,26,0,0,14,4680,29,267,115,414
278549,Reconnecting,0,0,24,26,0,0,14,4680,29,267,115,414
278752,Reconnecting,0,0,24,26,0,0,14,4680,29,267,115,414
279005,Reconnecting,0,0,24,26,0,0,14,4680,29,267,115,414
279257,Reconnecting,0,0,24,26,0,0,15,4680,29,267,115,414
279510,Reconnecting,0,0,24,26,0,0,15,4680,29,267,115,414
279762,Reconnecting,0,0,24,26,0,0,15,4680,29,267,115,414
280015,Reconnecting,0,0,24,26,0,0,15,4680,29,267,115,414
280268,Reconnecting,0,0,24,26,0,0,15,4688,0,267,115,414
280520,Reconnecting,193536,548,24,26,0,0,15,4700,0,267,0,414
280773,Reconnecting,571392,1619,24,26,0,0,15,4724,0,267,0,414
281027,Playing,1606656,4554,24,26,0,0,15,4794,0,267,0,414
281281,Playing,1524736,4321,24,26,0,0,15,4799,118,267,118,414
281537,Playing,1435648,4069,24,26,0,0,15,4803,6,267,6,414
281791,Playing,1362944,3863,24,26,0,0,15,4807,6,267,6,414
282044,Playing,1272832,3607,24,26,0,0,15,4813,0,267,0,414
282297,Playing,1210368,3430,24,26,0,0,15,4818,110,267,110,414
282500,Playing,1145856,3247,24,26,0,0,15,4822,8,267,8,414
282753,Playing,1064960,3018,24,26,0,0,15,4826,7,267,7,414
283006,Playing,984064,2789,24,26,0,0,15,4830,2,267,2,414
283259,Playing,902144,2557,24,26,0,0,15,4836,0,267,0,414
283510,Playing,839680,2380,24,26,0,0,15,4840,3,267,3,414
283762,Playing,768000,2176,24,26,0,0,15,4844,10,267,10,414
284015,Playing,687104,1947,24,26,0,0,15,4848,6,267,6,414
284266,Playing,606208,1718,24,26,0,0,15,4855,108,267,108,414
284518,Playing,542720,1538,24,26,0,0,15,4859,117,267,117,414
284771,Playing,461824,1309,24,26,0,0,15,4865,0,267,0,414
285024,Playing,380928,1079,24,26,0,0,15,4871,8,267,8,414
285276,Playing,309248,876,24,26,0,0,15,4876,0,267,0,414
285529,Playing,246784,699,24,26,0,0,15,4880,115,267,115,414
285781,Playing,165888,470,24,26,0,0,15,4887,0,267,0,414
286035,Playing,84992,240,24,26,0,0,15,4891,0,267,0,414
286287,Playing,4096,11,24,26,0,0,15,4895,0,267,0,414
286540,Buffering,9216,26,25,26,0,0,15,4900,7,267,7,414
286794,Buffering,18432,52,25,26,0,0,15,4905,1,267,1,414
287048,Buffering,27648,78,25,26,0,0,15,4911,0,267,0,414
287251,Buffering,27648,78,25,26,0,0,15,4915,0,267,0,414
287504,Buffering,27648,78,25,26,0,0,15,4919,0,267,0,414
287758,Buffering,36864,104,25,26,0,0,15,4924,106,267,106,414
288011,Buffering,46080,130,25,26,0,0,15,4931,0,267,0,414
288265,Buffering,82944,235,25,26,0,0,15,4938,0,267,0,414
288518,Buffering,82944,235,25,26,0,0,15,4943,1,267,1,414
288771,Buffering,110592,313,25,26,0,0,15,4947,121,267,121,414
289024,Buffering,110592,313,25,26,0,0,15,4953,0,267,0,414
289277,Buffering,119808,339,25,26,0,0,15,4958,6,267,6,414
289530,Buffering,129024,365,25,26,0,0,15,4963,18,267,18,414
289783,Buffering,129024,365,25,26,0,0,15,4969,0,267,0,414
290036,Buffering,156672,444,25,26,0,0,15,4973,110,267,110,414
290288,Buffering,165888,470,25,26,0,0,15,4980,0,267,0,414
290542,Buffering,175104,496,25,26,0,0,15,4986,7,267,7,414
290796,Buffering,184320,522,25,26,0,0,15,4992,0,267,0,414
291049,Buffering,202752,574,25,26,0,0,15,4997,14,267,14,414
291250,Buffering,202752,574,25,26,0,0,15,4999,0,267,0,414
291503,Playing,171008,484,25,27,0,0,15,5005,8,267,8,414
291756,Playing,99328,281,25,27,0,0,15,5011,0,267,0,414
292008,Playing,27648,78,25,27,0,0,15,5015,6,267,6,414
292262,Buffering,9216,26,26,27,0,0,15,5020,8,267,8,414
292514,Buffering,27648,78,26,27,0,0,15,5025,0,267,0,414
292768,Buffering,36864,104,26,27,0,0,15,5030,8,267,8,414
293022,Buffering,64512,182,26,27,0,0,15,5036,0,267,0,414
293276,Buffering,82944,235,26,27,0,0,15,5039,0,267,0,414
293528,Buffering,92160,261,26,27,0,0,15,5044,3,267,3,414
293782,Buffering,119808,339,26,27,0,0,15,5048,6,267,6,414
294039,Buffering,119808,339,26,27,0,0,15,5051,94,267,94,414
294291,Buffering,138240,391,26,27,0,0,15,5056,0,267,0,414
294544,Buffering,175104,496,26,27,0,0,15,5063,0,267,0,414
294797,Buffering,184320,522,26,27,0,0,15,5068,7,267,7,414
295000,Buffering,202752,574,26,27,0,0,15,5070,0,267,0,414
295253,Buffering,221184,626,26,27,0,0,15,5076,114,267,114,414
295506,Buffering,221184,626,26,27,0,0,15,5083,2,267,2,414
295759,Buffering,230400,653,26,27,0,0,15,5088,10,267,10,414
296011,Buffering,239616,679,26,27,0,0,15,5093,0,267,0,414
296263,Buffering,248832,705,26,27,0,0,15,5097,0,267,0,414
296517,Buffering,267264,757,26,27,0,0,15,5101,9,267,9,414
296770,Buffering,267264,757,26,27,0,0,15,5106,123,267,123,414
297022,Buffering,267264,757,26,27,0,0,15,5112,0,267,0,414
297276,Playing,263168,745,26,28,0,0,15,5117,113,267,113,414
297529,Playing,200704,568,26,28,0,0,15,5120,126,267,126,414
297782,Playing,119808,339,26,28,0,0,15,5128,8,267,8,414
298036,Playing,38912,110,26,28,0,0,15,5134,0,267,0,414
298289,Playing,0,0,26,28,0,0,15,5136,4,267,4,414
298542,Buffering,9216,26,27,28,0,0,15,5139,2,267,2,414
298794,Buffering,27648,78,27,28,0,0,15,5148,117,267,117,414
299047,Buffering,27648,78,27,28,0,0,15,5155,19,267,19,414
299299,Buffering,27648,78,27,28,0,0,15,5160,13,267,13,414
299502,Buffering,27648,78,27,28,0,0,15,5166,0,267,0,414
299755,Buffering,55296,156,27,28,0,0,15,5170,3,267,3,414
300008,Buffering,73728,208,27,28,0,0,15,5174,8,267,8,414
300261,Buffering,73728,208,27,28,0,0,15,5180,0,267,0,414
300515,Buffering,82944,235,27,28,0,0,15,5184,0,267,0,414
300768,Buffering,119808,339,27,28,0,0,15,5191,0,267,0,414
301021,Buffering,129024,365,27,28,0,0,15,5196,114,267,114,414
301276,Buffering,129024,365,27,28,0,0,15,5201,12,267,12,414
301528,Buffering,138240,391,27,28,0,0,15,5207,0,267,0,414
301781,Buffering,147456,417,27,28,0,0,15,5212,8,267,8,414
302035,Buffering,156672,444,27,28,0,0,15,5217,5,267,5,414
302288,Buffering,156672,444,27,28,0,0,15,5223,0,267,0,414
302541,Buffering,165888,470,27,28,0,0,15,5227,0,267,0,414
302793,Buffering,165888,470,27,28,0,0,15,5231,1,267,1,414
303046,Buffering,175104,496,27,28,0,0,15,5238,0,267,0,414
303298,Buffering,202752,574,27,28,0,0,15,5245,0,267,0,414
303501,Reconnecting,0,0,27,29,0,0,15,5246,115,267,115,414
303754,Reconnecting,0,0,27,29,0,0,15,5246,115,267,115,414
304008,Reconnecting,0,0,27,29,0,0,15,5246,115,267,115,414
304262,Reconnecting,0,0,27,29,0,0,15,5246,115,267,115,414
304516,Reconnecting,0,0,27,29,0,0,15,5246,115,267,115,414
304770,Reconnecting,0,0,27,29,0,0,15,5246,115,267,115,414
305023,Reconnecting,0,0,27,29,0,0,15,5246,115,267,115,414
305276,Reconnecting,0,0,27,29,0,0,15,5246,115,267,115,414
305529,Reconnecting,0,0,27,29,0,0,15,5246,115,267,115,414
305781,Reconnecting,0,0,27,29,0,0,15,5246,115,267,115,414
306033,Reconnecting,0,0,27,29,0,0,15,5246,115,267,115,414
306287,Reconnecting,0,0,27,29,0,0,15,5246,115,267,115,414
306540,Reconnecting,0,0,27,29,0,0,15,5246,115,267,115,414
306793,Reconnecting,0,0,27,29,0,0,15,5246,115,267,115,414
307047,Reconnecting,0,0,27,29,0,0,15,5246,115,267,115,414
307300,Reconnecting,0,0,27,29,0,0,15,5246,115,267,115,414
307502,Reconnecting,0,0,27,29,0,0,15,5246,115,267,115,414
307756,Reconnecting,0,0,27,29,0,0,15,5246,115,267,115,414
308009,Reconnecting,0,0,27,29,0,0,15,5246,115,267,115,414
308260,Reconnecting,0,0,27,29,0,0,15,5246,115,267,115,414
308513,Reconnecting,0,0,27,29,0,0,16,5246,115,267,115,414
308766,Reconnecting,0,0,27,29,0,0,16,5246,115,267,115,414
309019,Reconnecting,0,0,27,29,0,0,16,5246,115,267,115,414
309273,Reconnecting,0,0,27,29,0,0,16,5246,115,267,115,414
309526,Reconnecting,0,0,27,29,0,0,16,5246,115,267,115,414
309779,Reconnecting,119808,339,27,29,0,0,16,5254,0,267,0,414
310031,Reconnecting,377856,1071,27,29,0,0,16,5270,0,267,0,414
310285,Reconnecting,820224,2324,27,29,0,0,16,5297,0,267,0,414
310538,Playing,1599488,4533,27,29,0,0,16,5361,2,267,2,414
310791,Playing,1537024,4356,27,29,0,0,16,5365,5,267,5,414
311044,Playing,1465344,4153,27,29,0,0,16,5370,0,267,0,414
311298,Playing,1393664,3950,27,29,0,0,16,5373,0,267,0,414
311500,Playing,1337344,3790,27,29,0,0,16,5378,112,267,112,414
311752,Playing,1274880,3613,27,29,0,0,16,5382,102,267,102,414
312005,Playing,1193984,3384,27,29,0,0,16,5389,3,267,3,414
312257,Playing,1131520,3207,27,29,0,0,16,5393,117,267,117,414
312509,Playing,1041408,2951,27,29,0,0,16,5399,0,267,0,414
312762,Playing,960512,2722,27,29,0,0,16,5404,15,267,15,414
313015,Playing,878592,2490,27,29,0,0,16,5411,0,267,0,414
313267,Playing,825344,2339,27,29,0,0,16,5416,109,267,109,414
313520,Playing,735232,2083,27,29,0,0,16,5423,2,267,2,414
313773,Playing,672768,1906,27,29,0,0,16,5427,8,267,8,414
314026,Playing,591872,1677,27,29,0,0,16,5431,13,267,13,414
314279,Playing,529408,1500,27,29,0,0,16,5434,114,267,114,414
314532,Playing,448512,1271,27,29,0,0,16,5438,8,267,8,414
314786,Playing,358400,1015,27,29,0,0,16,5444,0,267,0,414
315038,Playing,277504,786,27,29,0,0,16,5449,106,267,106,414
315291,Playing,223232,632,27,29,0,0,16,5453,115,267,115,414
315543,Playing,133120,377,27,29,0,0,16,5460,5,267,5,414
315797,Playing,70656,200,27,29,0,0,16,5464,8,267,8,414
316049,Playing,0,0,27,29,0,0,16,5470,0,267,0,414
316250,Buffering,9216,26,28,29,0,0,16,5474,0,267,0,414
316504,Buffering,18432,52,28,29,0,0,16,5480,4,267,4,414
316757,Buffering,46080,130,28,29,0,0,16,5483,115,267,115,414
317011,Buffering,46080,130,28,29,0,0,16,5489,0,267,0,414
317263,Buffering,55296,156,28,29,0,0,16,5497,0,267,0,414
317516,Buffering,64512,182,28,29,0,0,16,5502,3,267,4,414
317769,Buffering,92160,261,28,29,0,0,16,5506,3,267,3,414
318023,Buffering,110592,313,28,29,0,0,16,5511,0,267,0,414
318276,Buffering,110592,313,28,29,0,0,16,5516,2,267,2,414
318528,Buffering,119808,339,28,29,0,0,16,5521,107,267,107,414
318780,Buffering,119808,339,28,29,0,0,16,5527,0,267,0,414
319034,Buffering,138240,391,28,29,0,0,16,5532,9,267,9,414
319287,Buffering,138240,391,28,29,0,0,16,5538,0,267,0,414
319540,Buffering,193536,548,28,29,0,0,16,5542,127,267,127,414
319793,Buffering,193536,548,28,29,0,0,16,5548,0,267,0,414
320046,Buffering,202752,574,28,29,0,0,16,5553,3,267,3,414
320298,Buffering,211968,600,28,29,0,0,16,5558,121,267,121,414
320500,Buffering,211968,600,28,29,0,0,16,5562,4,267,4,414
320755,Buffering,221184,626,28,29,0,0,16,5570,11,267,11,414
321006,Buffering,230400,653,28,29,0,0,16,5574,9,267,9,414
321259,Playing,182272,516,28,30,0,0,16,5578,1,267,1,414
321512,Playing,92160,261,28,30,0,0,16,5584,0,267,0,414
321766,Playing,11264,31,28,30,0,0,16,5589,3,267,3,414
322019,Buffering,9216,26,29,30,0,0,16,5593,109,267,109,414
322271,Buffering,18432,52,29,30,0,0,16,5600,0,267,0,414
322525,Buffering,36864,104,29,30,0,0,16,5604,15,267,15,414
322776,Buffering,46080,130,29,30,0,0,16,5609,118,267,118,414
323040,Buffering,55296,156,29,30,0,0,16,5613,116,267,116,414
323293,Buffering,55296,156,29,30,0,0,16,5620,3,267,3,414
323548,Buffering,82944,235,29,30,0,0,16,5624,118,267,118,414
323751,Buffering,82944,235,29,30,0,0,16,5630,0,267,0,414
324004,Buffering,110592,313,29,30,0,0,16,5634,5,267,5,414
324256,Buffering,138240,391,29,30,0,0,16,5638,115,267,115,414
324510,Buffering,147456,417,29,30,0,0,16,5645,6,267,6,414
324763,Buffering,156672,444,29,30,0,0,16,5652,0,267,0,414
325016,Buffering,165888,470,29,30,0,0,16,5658,16,267,16,414
325270,Buffering,165888,470,29,30,0,0,16,5664,0,267,0,414
325523,Buffering,175104,496,29,30,0,0,16,5668,11,267,11,414
325775,Buffering,193536,548,29,30,0,0,16,5672,9,267,9,414
326029,Buffering,193536,548,29,30,0,0,16,5678,0,267,0,414
326282,Buffering,202752,574,29,30,0,0,16,5682,6,267,6,414
326535,Buffering,230400,653,29,30,0,0,16,5686,112,267,112,414
326788,Buffering,239616,679,29,30,0,0,16,5694,114,267,114,414
327042,Playing,190464,539,29,31,0,0,16,5700,0,267,0,414
327295,Playing,117760,333,29,31,0,0,16,5706,7,267,7,414
327547,Playing,36864,104,29,31,0,0,16,5710,15,267,15,414
327800,Buffering,0,0,30,31,0,0,16,5716,0,267,0,414
328002,Buffering,27648,78,30,31,0,0,16,5720,8,267,8,414
328256,Buffering,36864,104,30,31,0,0,16,5725,9,267,9,414
328508,Buffering,36864,104,30,31,0,0,16,5731,0,267,0,414
328761,Buffering,55296,156,30,31,0,0,16,5737,8,267,8,414
329013,Buffering,55296,156,30,31,0,0,16,5741,9,267,9,414
329267,Buffering,73728,208,30,31,0,0,16,5747,123,267,123,414
329519,Buffering,82944,235,30,31,0,0,16,5754,0,267,0,414
329771,Buffering,92160,261,30,31,0,0,16,5759,6,267,6,414
330025,Buffering,101376,287,30,31,0,0,16,5764,10,267,10,414
330277,Buffering,101376,287,30,31,0,0,16,5770,0,267,0,414
330531,Buffering,110592,313,30,31,0,0,16,5775,108,267,108,414
330785,Buffering,138240,391,30,31,0,0,16,5780,0,267,0,414
331038,Buffering,156672,444,30,31,0,0,16,5783,0,267,0,414
331291,Buffering,184320,522,30,31,0,0,16,5786,0,267,0,414
331544,Buffering,193536,548,30,31,0,0,16,5791,16,267,16,414
331797,Buffering,221184,626,30,31,0,0,16,5798,4,267,4,414
332000,Buffering,221184,626,30,31,0,0,16,5801,0,267,0,414
332251,Buffering,221184,626,30,31,0,0,16,5807,17,267,17,414
332506,Buffering,221184,626,30,31,0,0,16,5813,0,267,0,414
332759,Buffering,230400,653,30,31,0,0,16,5817,0,267,0,414
333011,Reconnecting,0,0,30,32,0,0,16,5818,107,267,107,414
333265,Reconnecting,0,0,30,32,0,0,16,5818,107,267,107,414
333518,Reconnecting,0,0,30,32,0,0,16,5818,107,267,107,414
333771,Reconnecting,0,0,30,32,0,0,16,5818,107,267,107,414
334025,Reconnecting,0,0,30,32,0,0,16,5818,107,267,107,414
334279,Reconnecting,0,0,30,32,0,0,16,5818,107,267,107,414
334531,Reconnecting,0,0,30,32,0,0,16,5818,107,267,107,414
334784,Reconnecting,0,0,30,32,0,0,16,5818,107,267,107,414
335038,Reconnecting,0,0,30,32,0,0,16,5818,107,267,107,414
335291,Reconnecting,0,0,30,32,0,0,16,5818,107,267,107,414
335544,Reconnecting,0,0,30,32,0,0,16,5818,107,267,107,414
335796,Reconnecting,0,0,30,32,0,0,16,5818,107,267,107,414
336047,Reconnecting,0,0,30,32,0,0,16,5818,107,267,107,414
336300,Reconnecting,0,0,30,32,0,0,16,5818,107,267,107,414
336502,Reconnecting,0,0,30,32,0,0,16,5818,107,267,107,414
336755,Reconnecting,0,0,30,32,0,0,16,5818,107,267,107,414
337007,Reconnecting,0,0,30,32,0,0,16,5818,107,267,107,414
337260,Reconnecting,0,0,30,32,0,0,16,5818,107,267,107,414
337513,Reconnecting,0,0,30,32,0,0,16,5818,107,267,107,414
337766,Reconnecting,0,0,30,32,0,0,16,5818,107,267,107,414
338019,Reconnecting,0,0,30,32,0,0,17,5818,107,267,107,414
338272,Reconnecting,0,0,30,32,0,0,17,5818,107,267,107,414
338525,Reconnecting,0,0,30,32,0,0,17,5818,107,267,107,414
338777,Reconnecting,0,0,30,32,0,0,17,5818,107,267,107,414
339030,Reconnecting,0,0,30,32,0,0,17,5826,0,267,107,414
339283,Reconnecting,0,0,30,32,0,0,17,5835,30,267,107,414
339538,Reconnecting,0,0,30,32,0,0,17,5835,30,267,107,414
339791,Reconnecting,0,0,30,32,0,0,17,5835,30,267,107,414
340044,Reconnecting,0,0,30,32,0,0,17,5835,30,267,107,414
340295,Reconnecting,0,0,30,32,0,0,17,5835,30,267,107,414
340548,Reconnecting,0,0,30,32,0,0,17,5835,30,267,107,414
340799,Reconnecting,0,0,30,32,0,0,17,5835,30,267,107,414
341001,Reconnecting,0,0,30,32,0,0,17,5835,30,267,107,414
341254,Reconnecting,0,0,30,32,0,0,17,5835,30,267,107,414
341507,Reconnecting,0,0,30,32,0,0,17,5835,30,267,107,414
341760,Reconnecting,0,0,30,32,0,0,17,5835,30,267,107,414
342013,Reconnecting,0,0,30,32,0,0,17,5835,30,267,107,414
342267,Reconnecting,0,0,30,32,0,0,17,5835,30,267,107,414
342519,Reconnecting,0,0,30,32,0,0,17,5835,30,267,107,414
342772,Reconnecting,0,0,30,32,0,0,17,5835,30,267,107,414
343024,Reconnecting,0,0,30,32,0,0,17,5835,30,267,107,414
343277,Reconnecting,0,0,30,32,0,0,17,5835,30,267,107,414
343530,Reconnecting,0,0,30,32,0,0,17,5835,30,267,107,414
343782,Reconnecting,0,0,30,32,0,0,17,5835,30,267,107,414
344036,Reconnecting,0,0,30,32,0,0,17,5835,30,267,107,414
344288,Reconnecting,0,0,30,32,0,0,18,5835,30,267,107,414
344540,Reconnecting,0,0,30,32,0,0,18,5835,30,267,107,414
344792,Reconnecting,0,0,30,32,0,0,18,5835,30,267,107,414
345046,Reconnecting,0,0,30,32,0,0,18,5835,30,267,107,414
345298,Reconnecting,0,0,30,32,0,0,18,5835,30,267,107,414
345500,Reconnecting,0,0,30,32,0,0,18,5843,0,267,107,414
345754,Reconnecting,0,0,30,32,0,0,18,5852,30,267,107,414
346006,Reconnecting,0,0,30,32,0,0,18,5852,30,267,107,414
346259,Reconnecting,0,0,30,32,0,0,18,5852,30,267,107,414
346512,Reconnecting,0,0,30,32,0,0,18,5852,30,267,107,414
346765,Reconnecting,0,0,30,32,0,0,18,5852,30,267,107,414
347017,Reconnecting,0,0,30,32,0,0,18,5852,30,267,107,414
347270,Reconnecting,0,0,30,32,0,0,18,5852,30,267,107,414
347523,Reconnecting,0,0,30,32,0,0,18,5852,30,267,107,414
347775,Reconnecting,0,0,30,32,0,0,18,5852,30,267,107,414
348030,Reconnecting,0,0,30,32,0,0,18,5852,30,267,107,414
348283,Reconnecting,0,0,30,32,0,0,18,5852,30,267,107,414
348535,Reconnecting,0,0,30,32,0,0,18,5852,30,267,107,414
348788,Reconnecting,0,0,30,32,0,0,18,5852,30,267,107,414
349043,Reconnecting,0,0,30,32,0,0,18,5852,30,267,107,414
349297,Reconnecting,0,0,30,32,0,0,18,5852,30,267,107,414
349549,Reconnecting,0,0,30,32,0,0,18,5852,30,267,107,414
349765,Reconnecting,0,0,30,32,0,0,18,5852,30,267,107,414
350019,Reconnecting,0,0,30,32,0,0,18,5852,30,267,107,414
350273,Reconnecting,0,0,30,32,0,0,18,5852,30,267,107,414
350525,Reconnecting,0,0,30,32,0,0,18,5852,30,267,107,414
350776,Reconnecting,0,0,30,32,0,0,19,5852,30,267,107,414
351028,Reconnecting,0,0,30,32,0,0,19,5852,30,267,107,414
351281,Reconnecting,0,0,30,32,0,0,19,5852,30,267,107,414
351534,Reconnecting,0,0,30,32,0,0,19,5852,30,267,107,414
351787,Reconnecting,0,0,30,32,0,0,19,5852,30,267,107,414
352040,Reconnecting,0,0,30,32,0,0,19,5862,0,267,107,414
352292,Reconnecting,350208,992,30,32,0,0,19,5886,0,267,0,414
352543,Reconnecting,1105920,3134,30,32,0,0,19,5929,0,267,0,414
352796,Playing,1548288,4388,30,32,0,0,19,5967,13,267,13,414
353049,Playing,1476608,4185,30,32,0,0,19,5972,0,267,0,414
353252,Playing,1411072,3999,30,32,0,0,19,5976,0,267,0,414
353505,Playing,1330176,3770,30,32,0,0,19,5981,124,267,124,414
353758,Playing,1267712,3593,30,32,0,0,19,5984,131,267,131,414
354010,Playing,1196032,3390,30,32,0,0,19,5989,0,267,0,414
354263,Playing,1133568,3213,30,32,0,0,19,5994,112,267,112,414
354516,Playing,1052672,2983,30,32,0,0,19,5998,3,267,3,414
354769,Playing,979968,2777,30,32,0,0,19,6002,5,267,5,414
355021,Playing,889856,2522,30,32,0,0,19,6008,0,267,0,414
355276,Playing,827392,2345,30,32,0,0,19,6013,4,267,4,414
355528,Playing,737280,2089,30,32,0,0,19,6019,0,267,0,414
355783,Playing,656384,1860,30,32,0,0,19,6024,6,267,6,414
356035,Playing,603136,1709,30,32,0,0,19,6027,118,267,118,414
356289,Playing,522240,1480,30,32,0,0,19,6034,104,267,104,414
356541,Playing,450560,1277,30,32,0,0,19,6039,4,267,4,414
356795,Playing,377856,1071,30,32,0,0,19,6043,103,267,103,414
357048,Playing,296960,841,30,32,0,0,19,6049,0,267,0,414
357251,Playing,232448,658,30,32,0,0,19,6053,0,267,0,414
357504,Playing,169984,481,30,32,0,0,19,6060,0,267,0,414
357757,Playing,79872,226,30,32,0,0,19,6064,0,267,0,414
358009,Playing,0,0,30,32,0,0,19,6069,4,267,4,414
358262,Buffering,9216,26,31,32,0,0,19,6074,7,267,7,414
358515,Buffering,18432,52,31,32,0,0,19,6078,6,267,6,414
358768,Buffering,27648,78,31,32,0,0,19,6085,5,267,5,414
359020,Buffering,27648,78,31,32,0,0,19,6089,9,267,9,414
359273,Buffering,36864,104,31,32,0,0,19,6094,5,267,5,414
359525,Buffering,64512,182,31,32,0,0,19,6097,119,267,119,414
359778,Buffering,101376,287,31,32,0,0,19,6104,119,267,119,414
360030,Buffering,101376,287,31,32,0,0,19,6110,0,267,0,414
360284,Buffering,101376,287,31,32,0,0,19,6115,8,267,8,414
360537,Buffering,110592,313,31,32,0,0,19,6120,7,267,7,414
360790,Buffering,129024,365,31,32,0,0,19,6125,0,267,0,414
361043,Buffering,138240,391,31,32,0,0,19,6130,3,267,3,414
361296,Buffering,156672,444,31,32,0,0,19,6135,13,267,13,414
361549,Buffering,165888,470,31,32,0,0,19,6138,113,267,113,414
361751,Buffering,184320,522,31,32,0,0,19,6143,0,267,0,414
362004,Buffering,193536,548,31,32,0,0,19,6148,3,267,3,414
362257,Buffering,193536,548,31,32,0,0,19,6153,11,267,11,414
362510,Buffering,221184,626,31,32,0,0,19,6158,0,267,0,414
362765,Buffering,248832,705,31,32,0,0,19,6161,0,267,0,414
363019,Buffering,258048,731,31,32,0,0,19,6169,0,267,0,414
363271,Playing,218112,618,31,33,0,0,19,6174,110,267,110,414
363524,Playing,137216,388,31,33,0,0,19,6179,108,267,108,414
363778,Playing,74752,211,31,33,0,0,19,6184,0,267,0,414
364031,Playing,0,0,31,33,0,0,19,6189,3,267,3,414
364284,Buffering,18432,52,32,33,0,0,19,6193,116,267,116,414
364538,Buffering,18432,52,32,33,0,0,19,6199,0,267,0,414
364790,Buffering,27648,78,32,33,0,0,19,6204,10,267,10,414
365043,Buffering,46080,130,32,33,0,0,19,6210,0,267,0,414
365295,Buffering,55296,156,32,33,0,0,19,6215,8,267,8,414
365548,Buffering,73728,208,32,33,0,0,19,6222,0,267,0,414
365750,Buffering,73728,208,32,33,0,0,19,6224,12,267,12,414
366004,Buffering,101376,287,32,33,0,0,19,6229,0,267,0,414
366257,Buffering,129024,365,32,33,0,0,19,6236,0,267,0,414
366508,Buffering,138240,391,32,33,0,0,19,6241,3,267,3,414
366760,Buffering,147456,417,32,33,0,0,19,6246,9,267,9,414
367014,Buffering,147456,417,32,33,0,0,19,6250,10,267,10,414
367267,Buffering,147456,417,32,33,0,0,19,6257,5,267,5,414
367521,Buffering,156672,444,32,33,0,0,19,6262,2,267,2,414
367773,Buffering,175104,496,32,33,0,0,19,6267,0,267,0,414
368025,Buffering,184320,522,32,33,0,0,19,6272,10,267,10,414
368277,Buffering,184320,522,32,33,0,0,19,6276,111,267,111,414
368530,Buffering,193536,548,32,33,0,0,19,6282,0,267,0,414
368783,Buffering,221184,626,32,33,0,0,19,6289,0,267,0,414
369036,Buffering,221184,626,32,33,0,0,19,6294,5,267,5,414
369290,Playing,191488,542,32,34,0,0,19,6298,6,267,6,414
369542,Playing,109568,310,32,34,0,0,19,6304,0,267,0,414
369796,Playing,28672,81,32,34,0,0,19,6310,3,267,3,414
370049,Buffering,9216,26,33,34,0,0,19,6314,5,267,5,414
370250,Buffering,27648,78,33,34,0,0,19,6319,0,267,0,414
370505,Buffering,55296,156,33,34,0,0,19,6323,10,267,10,414
370757,Buffering,73728,208,33,34,0,0,19,6329,0,267,0,414
371009,Buffering,92160,261,33,34,0,0,19,6333,4,267,4,414
371264,Buffering,101376,287,33,34,0,0,19,6338,12,267,12,414
371515,Buffering,119808,339,33,34,0,0,19,6343,0,267,0,414
371769,Buffering,147456,417,33,34,0,0,19,6347,8,267,8,414
372021,Buffering,165888,470,33,34,0,0,19,6351,6,267,6,414
372274,Buffering,175104,496,33,34,0,0,19,6358,5,267,5,414
372527,Buffering,175104,496,33,34,0,0,19,6364,0,267,0,414
372799,Buffering,202752,574,33,34,0,0,19,6368,4,267,4,414
373002,Buffering,211968,600,33,34,0,0,19,6372,6,267,6,414
373255,Buffering,211968,600,33,34,0,0,19,6379,0,267,0,414
373509,Buffering,221184,626,33,34,0,0,19,6383,112,267,112,414
373763,Buffering,221184,626,33,34,0,0,19,6389,0,267,0,414
374015,Buffering,230400,653,33,34,0,0,19,6394,3,267,3,414
374268,Buffering,248832,705,33,34,0,0,19,6400,0,267,0,414
374521,Buffering,258048,731,33,34,0,0,19,6404,0,267,0,414
374776,Buffering,285696,809,33,34,0,0,19,6408,10,267,10,414
375029,Reconnecting,0,0,33,35,0,0,19,6411,125,267,125,414
375281,Reconnecting,0,0,33,35,0,0,19,6411,125,267,125,414
375533,Reconnecting,0,0,33,35,0,0,19,6411,125,267,125,414
375787,Reconnecting,0,0,33,35,0,0,19,6411,125,267,125,414
376040,Reconnecting,0,0,33,35,0,0,19,6411,125,267,125,414
376293,Reconnecting,0,0,33,35,0,0,19,6411,125,267,125,414
376546,Reconnecting,0,0,33,35,0,0,19,6411,125,267,125,414
376798,Reconnecting,0,0,33,35,0,0,19,6411,125,267,125,414
377000,Reconnecting,0,0,33,35,0,0,19,6411,125,267,125,414
377253,Reconnecting,0,0,33,35,0,0,19,6411,125,267,125,414
377505,Reconnecting,0,0,33,35,0,0,19,6411,125,267,125,414
377758,Reconnecting,0,0,33,35,0,0,19,6411,125,267,125,414
378011,Reconnecting,0,0,33,35,0,0,19,6411,125,267,125,414
378265,Reconnecting,0,0,33,35,0,0,19,6411,125,267,125,414
378516,Reconnecting,0,0,33,35,0,0,19,6411,125,267,125,414
378768,Reconnecting,0,0,33,35,0,0,19,6411,125,267,125,414
379021,Reconnecting,0,0,33,35,0,0,19,6411,125,267,125,414
379274,Reconnecting,0,0,33,35,0,0,19,6411,125,267,125,414
379527,Reconnecting,0,0,33,35,0,0,19,6411,125,267,125,414
379780,Reconnecting,0,0,33,35,0,0,19,6411,125,267,125,414
380034,Reconnecting,0,0,33,35,0,0,20,6411,125,267,125,414
380287,Reconnecting,0,0,33,35,0,0,20,6411,125,267,125,414
380540,Reconnecting,0,0,33,35,0,0,20,6411,125,267,125,414
380794,Reconnecting,0,0,33,35,0,0,20,6411,125,267,125,414
381048,Reconnecting,0,0,33,35,0,0,20,6411,125,267,125,414
381250,Reconnecting,0,0,33,35,0,0,20,6419,0,267,125,414
381501,Reconnecting,0,0,33,35,0,0,20,6428,31,267,125,414
381756,Reconnecting,0,0,33,35,0,0,20,6428,31,267,125,414
382008,Reconnecting,0,0,33,35,0,0,20,6428,31,267,125,414
382260,Reconnecting,0,0,33,35,0,0,20,6428,31,267,125,414
382512,Reconnecting,0,0,33,35,0,0,20,6428,31,267,125,414
382765,Reconnecting,0,0,33,35,0,0,20,6428,31,267,125,414
383017,Reconnecting,0,0,33,35,0,0,20,6428,31,267,125,414
383271,Reconnecting,0,0,33,35,0,0,20,6428,31,267,125,414
383523,Reconnecting,0,0,33,35,0,0,20,6428,31,267,125,414
383777,Reconnecting,0,0,33,35,0,0,20,6428,31,267,125,414
384030,Reconnecting,0,0,33,35,0,0,20,6428,31,267,125,414
384283,Reconnecting,0,0,33,35,0,0,20,6428,31,267,125,414
384536,Reconnecting,0,0,33,35,0,0,20,6428,31,267,125,414
384789,Reconnecting,0,0,33,35,0,0,20,6428,31,267,125,414
385040,Reconnecting,0,0,33,35,0,0,20,6428,31,267,125,414
385293,Reconnecting,0,0,33,35,0,0,20,6428,31,267,125,414
385546,Reconnecting,0,0,33,35,0,0,20,6428,31,267,125,414
385799,Reconnecting,0,0,33,35,0,0,20,6428,31,267,125,414
386000,Reconnecting,0,0,33,35,0,0,20,6428,31,267,125,414
386254,Reconnecting,0,0,33,35,0,0,20,6428,31,267,125,414
386507,Reconnecting,0,0,33,35,0,0,21,6428,31,267,125,414
386761,Reconnecting,0,0,33,35,0,0,21,6428,31,267,125,414
387014,Reconnecting,0,0,33,35,0,0,21,6428,31,267,125,414
387267,Reconnecting,0,0,33,35,0,0,21,6428,31,267,125,414
387519,Reconnecting,82944,235,33,35,0,0,21,6436,0,267,0,414
387773,Reconnecting,239616,679,33,35,0,0,21,6446,0,267,0,414
388026,Reconnecting,571392,1619,33,35,0,0,21,6466,0,267,0,414
388279,Reconnecting,1087488,3082,33,35,0,0,21,6496,0,267,0,414
388531,Playing,1667072,4725,33,35,0,0,21,6545,5,267,5,414
388784,Playing,1586176,4495,33,35,0,0,21,6549,11,267,11,414
389036,Playing,1523712,4318,33,35,0,0,21,6552,114,267,115,414
389288,Playing,1460224,4138,33,35,0,0,21,6555,119,267,119,414
389541,Playing,1379328,3909,33,35,0,0,21,6561,0,267,0,414
389793,Playing,1316864,3732,33,35,0,0,21,6565,10,267,10,414
390045,Playing,1235968,3503,33,35,0,0,21,6570,7,267,7,414
390299,Playing,1145856,3247,33,35,0,0,21,6576,0,267,0,414
390501,Playing,1089536,3088,33,35,0,0,21,6581,2,267,2,414
390754,Playing,999424,2832,33,35,0,0,21,6586,11,267,11,414
391007,Playing,936960,2655,33,35,0,0,21,6591,0,267,0,414
391260,Playing,874496,2478,33,35,0,0,21,6594,0,267,0,414
391513,Playing,793600,2249,33,35,0,0,21,6598,0,267,0,414
391767,Playing,721920,2046,33,35,0,0,21,6603,108,267,108,414
392020,Playing,631808,1790,33,35,0,0,21,6610,122,267,122,414
392271,Playing,577536,1637,33,35,0,0,21,6616,0,267,0,414
392525,Playing,496640,1407,33,35,0,0,21,6621,8,267,8,414
392778,Playing,434176,1230,33,35,0,0,21,6625,113,267,113,414
393030,Playing,362496,1027,33,35,0,0,21,6631,9,267,9,414
393283,Playing,281600,798,33,35,0,0,21,6635,8,267,8,414
393537,Playing,200704,568,33,35,0,0,21,6640,8,267,8,414
393789,Playing,110592,313,33,35,0,0,21,6646,0,267,0,414
394041,Playing,29696,84,33,35,0,0,21,6651,8,267,8,414
394294,Buffering,0,0,34,35,0,0,21,6656,58,267,58,414
394546,Buffering,9216,26,34,35,0,0,21,6663,11,267,11,414
394799,Buffering,36864,104,34,35,0,0,21,6667,13,267,13,414
395001,Buffering,64512,182,34,35,0,0,21,6672,0,267,0,414
395254,Buffering,73728,208,34,35,0,0,21,6677,47,267,47,414
395508,Buffering,73728,208,34,35,0,0,21,6682,3,267,3,414
395761,Buffering,82944,235,34,35,0,0,21,6688,0,267,0,414
396013,Buffering,82944,235,34,35,0,0,21,6693,10,267,10,414
396266,Buffering,92160,261,34,35,0,0,21,6700,0,267,0,414
396519,Buffering,119808,339,34,35,0,0,21,6705,12,267,12,414
396771,Buffering,119808,339,34,35,0,0,21,6711,0,267,0,414
397026,Buffering,147456,417,34,35,0,0,21,6715,8,267,8,414
397279,Buffering,165888,470,34,35,0,0,21,6718,121,267,121,414
397533,Buffering,175104,496,34,35,0,0,21,6724,0,267,0,414
397785,Buffering,202752,574,34,35,0,0,21,6728,3,267,3,414
398038,Buffering,221184,626,34,35,0,0,21,6732,129,267,129,414
398291,Buffering,248832,705,34,35,0,0,21,6738,108,267,108,414
398544,Buffering,248832,705,34,35,0,0,21,6745,0,267,0,414
398797,Buffering,267264,757,34,35,0,0,21,6751,8,267,8,414
399050,Buffering,267264,757,34,35,0,0,21,6755,9,267,9,414
399253,Buffering,267264,757,34,35,0,0,21,6758,2,267,2,414
399505,Playing,212992,603,34,36,0,0,21,6762,0,267,0,414
399758,Playing,150528,426,34,36,0,0,21,6768,0,267,0,414
400010,Playing,60416,171,34,36,0,0,21,6776,5,267,5,414
400264,Buffering,0,0,35,36,0,0,21,6781,10,267,10,414
400517,Buffering,0,0,35,36,0,0,21,6787,0,267,0,414
400771,Buffering,9216,26,35,36,0,0,21,6792,5,267,5,414
401024,Buffering,27648,78,35,36,0,0,21,6796,111,267,112,414
401277,Buffering,36864,104,35,36,0,0,21,6802,0,267,0,414
401531,Buffering,82944,235,35,36,0,0,21,6806,7,267,7,414
401784,Buffering,110592,313,35,36,0,0,21,6811,0,267,0,414
402037,Buffering,119808,339,35,36,0,0,21,6816,6,267,6,414
402290,Buffering,138240,391,35,36,0,0,21,6820,5,267,5,414
402543,Buffering,147456,417,35,36,0,0,21,6827,11,267,11,414
402794,Buffering,193536,548,35,36,0,0,21,6830,128,267,128,414
403047,Buffering,211968,600,35,36,0,0,21,6835,0,267,0,414
403300,Buffering,211968,600,35,36,0,0,21,6839,5,267,5,414
403503,Buffering,230400,653,35,36,0,0,21,6845,0,267,0,414
403756,Buffering,239616,679,35,36,0,0,21,6850,5,267,5,414
404007,Buffering,267264,757,35,36,0,0,21,6854,13,267,13,414
404259,Buffering,267264,757,35,36,0,0,21,6860,0,267,0,414
404514,Buffering,294912,835,35,36,0,0,21,6864,3,267,3,414
404767,Buffering,313344,888,35,36,0,0,21,6868,3,267,3,414
405020,Buffering,340992,966,35,36,0,0,21,6873,0,267,0,414
405273,Buffering,350208,992,35,36,0,0,21,6877,0,267,0,414
405526,Playing,286720,812,35,37,0,0,21,6884,0,267,0,414
405778,Playing,224256,635,35,37,0,0,21,6887,0,267,0,414
406031,Playing,171008,484,35,37,0,0,21,6891,117,267,117,414
406285,Playing,108544,307,35,37,0,0,21,6894,127,267,127,414
406538,Playing,36864,104,35,37,0,0,21,6897,102,267,102,414
406791,Buffering,18432,52,36,37,0,0,21,6902,0,267,0,414
407042,Buffering,27648,78,36,37,0,0,21,6907,8,267,8,414
407295,Buffering,46080,130,36,37,0,0,21,6911,4,267,4,414
407548,Buffering,55296,156,36,37,0,0,21,6917,0,267,0,414
407750,Buffering,64512,182,36,37,0,0,21,6922,9,267,9,414
408002,Buffering,92160,261,36,37,0,0,21,6928,0,267,0,414
408255,Buffering,101376,287,36,37,0,0,21,6933,8,267,8,414
408507,Buffering,110592,313,36,37,0,0,21,6937,7,267,7,414
408759,Buffering,119808,339,36,37,0,0,21,6942,3,267,3,414
409011,Buffering,147456,417,36,37,0,0,21,6945,116,267,117,414
409265,Buffering,156672,444,36,37,0,0,21,6952,6,267,6,414
409519,Buffering,175104,496,36,37,0,0,21,6956,107,267,107,414
409771,Buffering,202752,574,36,37,0,0,21,6962,6,267,6,414
410024,Buffering,230400,653,36,37,0,0,21,6966,14,267,14,414
410277,Buffering,248832,705,36,37,0,0,21,6971,0,267,0,414
410530,Buffering,276480,783,36,37,0,0,21,6975,6,267,6,414
410783,Buffering,294912,835,36,37,0,0,21,6979,11,267,11,414
411037,Buffering,304128,862,36,37,0,0,21,6985,0,267,0,414
411290,Buffering,340992,966,36,37,0,0,21,6991,0,267,0,414
411542,Buffering,327680,928,36,38,0,0,21,6994,0,267,0,414
411795,Buffering,246784,699,36,38,0,0,21,6998,0,267,0,414
412048,Buffering,165888,470,36,38,0,0,21,7004,7,267,7,414
412251,Buffering,100352,284,36,38,0,0,21,7008,3,267,3,414
412504,Buffering,37888,107,36,38,0,0,21,7013,0,267,0,414
412757,Buffering,9216,26,36,38,0,0,21,7018,9,267,9,414
413009,Buffering,27648,78,36,38,0,0,21,7022,6,267,6,414
413262,Buffering,27648,78,36,38,0,0,21,7026,8,267,8,414
413516,Buffering,36864,104,36,38,0,0,21,7033,3,267,3,414
413769,Buffering,73728,208,36,38,0,0,21,7036,123,267,123,414
414021,Reconnecting,0,0,36,39,0,0,21,7040,121,267,121,414
414272,Reconnecting,0,0,36,39,0,0,21,7040,121,267,121,414
414526,Reconnecting,0,0,36,39,0,0,21,7040,121,267,121,414
414780,Reconnecting,0,0,36,39,0,0,21,7040,121,267,121,414
415035,Reconnecting,0,0,36,39,0,0,21,7040,121,267,121,414
415286,Reconnecting,0,0,36,39,0,0,21,7040,121,267,121,414
415539,Reconnecting,0,0,36,39,0,0,21,7040,121,267,121,414
415792,Reconnecting,0,0,36,39,0,0,21,7040,121,267,121,414
416045,Reconnecting,0,0,36,39,0,0,21,7040,121,267,121,414
416298,Reconnecting,0,0,36,39,0,0,21,7040,121,267,121,414
416500,Reconnecting,0,0,36,39,0,0,21,7040,121,267,121,414
416753,Reconnecting,0,0,36,39,0,0,21,7040,121,267,121,414
417006,Reconnecting,0,0,36,39,0,0,21,7040,121,267,121,414
417259,Reconnecting,0,0,36,39,0,0,21,7040,121,267,121,414
417511,Reconnecting,0,0,36,39,0,0,21,7040,121,267,121,414
417764,Reconnecting,0,0,36,39,0,0,21,7040,121,267,121,414
418017,Reconnecting,0,0,36,39,0,0,21,7040,121,267,121,414
418269,Reconnecting,0,0,36,39,0,0,21,7040,121,267,121,414
418523,Reconnecting,0,0,36,39,0,0,21,7040,121,267,121,414
418776,Reconnecting,0,0,36,39,0,0,21,7040,121,267,121,414
419029,Reconnecting,0,0,36,39,0,0,22,7040,121,267,121,414
419281,Reconnecting,0,0,36,39,0,0,22,7040,121,267,121,414
419534,Reconnecting,0,0,36,39,0,0,22,7040,121,267,121,414
419788,Reconnecting,0,0,36,39,0,0,22,7040,121,267,121,414
420040,Reconnecting,0,0,36,39,0,0,22,7040,121,267,121,414
420294,Reconnecting,73728,208,36,39,0,0,22,7048,0,267,0,414
420547,Reconnecting,313344,888,36,39,0,0,22,7064,0,267,0,414
420799,Reconnecting,829440,2351,36,39,0,0,22,7094,0,267,0,414
421001,Playing,1699840,4818,36,39,0,0,22,7152,4,267,4,414
421255,Playing,1618944,4588,36,39,0,0,22,7159,7,267,7,414
421508,Playing,1538048,4359,36,39,0,0,22,7164,9,267,9,414
421760,Playing,1475584,4182,36,39,0,0,22,7167,127,267,127,414
422037,Playing,1385472,3927,36,39,0,0,22,7173,0,267,0,414
422290,Playing,1304576,3697,36,39,0,0,22,7178,4,267,4,414
422542,Playing,1242112,3520,36,39,0,0,22,7182,112,267,112,414
422796,Playing,1179648,3343,36,39,0,0,22,7187,0,267,0,414
423048,Playing,1098752,3114,36,39,0,0,22,7193,108,267,108,414
423252,Playing,1025024,2905,36,39,0,0,22,7196,8,267,8,414
423505,Playing,952320,2699,36,39,0,0,22,7202,0,267,0,414
423759,Playing,862208,2443,36,39,0,0,22,7207,47,267,47,414
424011,Playing,781312,2214,36,39,0,0,22,7214,4,267,4,414
424265,Playing,691200,1959,36,39,0,0,22,7219,3,267,3,414
424517,Playing,628736,1782,36,39,0,0,22,7224,0,267,0,414
424770,Playing,547840,1552,36,39,0,0,22,7229,4,267,4,414
425024,Playing,466944,1323,36,39,0,0,22,7232,0,267,0,414
425275,Playing,385024,1091,36,39,0,0,22,7237,4,267,4,414
425528,Playing,322560,914,36,39,0,0,22,7243,0,267,0,414
425782,Playing,260096,737,36,39,0,0,22,7248,117,267,117,414
426036,Playing,197632,560,36,39,0,0,22,7254,7,267,7,414
426289,Playing,116736,330,36,39,0,0,22,7258,7,267,7,414
426541,Playing,54272,153,36,39,0,0,22,7261,122,267,122,414
426796,Buffering,0,0,37,39,0,0,22,7267,0,267,0,414
427048,Buffering,9216,26,37,39,0,0,22,7272,12,267,12,414
427251,Buffering,18432,52,37,39,0,0,22,7276,114,267,114,414
427503,Buffering,46080,130,37,39,0,0,22,7281,0,267,0,414
427755,Buffering,46080,130,37,39,0,0,22,7286,4,267,4,414
428009,Buffering,46080,130,37,39,0,0,22,7291,4,267,4,414
428260,Buffering,55296,156,37,39,0,0,22,7295,5,267,5,414
428513,Buffering,55296,156,37,39,0,0,22,7302,4,267,4,414
428765,Buffering,64512,182,37,39,0,0,22,7307,5,267,5,414
429018,Buffering,73728,208,37,39,0,0,22,7314,8,267,8,414
429272,Buffering,73728,208,37,39,0,0,22,7319,4,267,4,414
429526,Buffering,82944,235,37,39,0,0,22,7326,102,267,102,414
429779,Buffering,92160,261,37,39,0,0,22,7331,3,267,3,414
430033,Buffering,110592,313,37,39,0,0,22,7336,0,267,0,414
430286,Buffering,119808,339,37,39,0,0,22,7340,0,267,0,414
430539,Buffering,129024,365,37,39,0,0,22,7345,5,267,5,414
430793,Buffering,147456,417,37,39,0,0,22,7349,126,267,126,414
431047,Buffering,165888,470,37,39,0,0,22,7354,0,267,0,414
431300,Buffering,175104,496,37,39,0,0,22,7359,5,267,5,414
431503,Buffering,175104,496,37,39,0,0,22,7364,6,267,6,414
431756,Buffering,184320,522,37,39,0,0,22,7370,0,267,0,414
432008,Playing,110592,313,37,40,0,0,22,7375,8,267,8,414
432261,Playing,29696,84,37,40,0,0,22,7380,4,267,4,414
432515,Buffering,27648,78,38,40,0,0,22,7385,0,267,0,414
432768,Buffering,27648,78,38,40,0,0,22,7390,109,267,109,414
433021,Buffering,55296,156,38,40,0,0,22,7393,112,267,112,414
433275,Buffering,82944,235,38,40,0,0,22,7400,5,267,5,414
433527,Buffering,92160,261,38,40,0,0,22,7405,7,267,7,414
433781,Buffering,119808,339,38,40,0,0,22,7410,0,267,0,414
434035,Buffering,119808,339,38,40,0,0,22,7415,2,267,2,414
434288,Buffering,119808,339,38,40,0,0,22,7420,9,267,9,414
434540,Buffering,147456,417,38,40,0,0,22,7423,126,267,126,414
434794,Buffering,175104,496,38,40,0,0,22,7428,0,267,0,414
435046,Buffering,221184,626,38,40,0,0,22,7432,122,267,123,414
435299,Buffering,230400,653,38,40,0,0,22,7438,0,267,0,414
435501,Buffering,239616,679,38,40,0,0,22,7440,5,267,5,414
435755,Buffering,267264,757,38,40,0,0,22,7443,121,267,121,414
436008,Buffering,267264,757,38,40,0,0,22,7451,2,267,2,414
436261,Buffering,294912,835,38,40,0,0,22,7456,0,267,0,414
436514,Buffering,304128,862,38,40,0,0,22,7461,8,267,8,414
436768,Buffering,304128,862,38,40,0,0,22,7466,10,267,10,414
437021,Buffering,331776,940,38,40,0,0,22,7471,0,267,0,414
437274,Buffering,331776,940,38,40,0,0,22,7477,6,267,6,414
437527,Playing,308224,873,38,41,0,0,22,7483,0,267,0,414
437781,Playing,227328,644,38,41,0,0,22,7488,4,267,4,414
438033,Playing,154624,438,38,41,0,0,22,7493,11,267,11,414
438286,Playing,73728,208,38,41,0,0,22,7499,0,267,0,414
438538,Playing,2048,5,38,41,0,0,22,7505,0,267,0,414
438791,Buffering,27648,78,39,41,0,0,22,7510,9,267,9,414
439044,Buffering,46080,130,39,41,0,0,22,7514,6,267,6,414
439297,Buffering,55296,156,39,41,0,0,22,7521,6,267,6,414
439500,Buffering,73728,208,39,41,0,0,22,7525,8,267,8,414
439754,Buffering,73728,208,39,41,0,0,22,7530,5,267,5,414
440007,Buffering,82944,235,39,41,0,0,22,7536,0,267,0,414
440261,Buffering,92160,261,39,41,0,0,22,7541,8,267,8,414
440514,Buffering,138240,391,39,41,0,0,22,7544,117,267,117,414
440767,Buffering,147456,417,39,41,0,0,22,7550,0,267,0,414
441020,Buffering,147456,417,39,41,0,0,22,7555,4,267,4,414
441272,Buffering,147456,417,39,41,0,0,22,7561,0,267,0,414
441525,Buffering,165888,470,39,41,0,0,22,7565,5,267,5,414
441778,Buffering,175104,496,39,41,0,0,22,7572,0,267,0,414
442031,Buffering,175104,496,39,41,0,0,22,7578,5,267,5,414
442285,Buffering,184320,522,39,41,0,0,22,7584,0,267,0,414
442537,Buffering,193536,548,39,41,0,0,22,7588,0,267,0,414
442790,Buffering,202752,574,39,41,0,0,22,7593,12,267,12,414
443043,Buffering,211968,600,39,41,0,0,22,7598,4,267,4,414
443295,Buffering,239616,679,39,41,0,0,22,7603,0,267,0,414
443549,Buffering,248832,705,39,41,0,0,22,7608,12,267,12,414
443751,Reconnecting,0,0,39,42,0,0,22,7612,122,267,122,414
444004,Reconnecting,0,0,39,42,0,0,22,7612,122,267,122,414
444256,Reconnecting,0,0,39,42,0,0,22,7612,122,267,122,414
444510,Reconnecting,0,0,39,42,0,0,22,7612,122,267,122,414
444763,Reconnecting,0,0,39,42,0,0,22,7612,122,267,122,414
445016,Reconnecting,0,0,39,42,0,0,22,7612,122,267,122,414
445268,Reconnecting,0,0,39,42,0,0,22,7612,122,267,122,414
445521,Reconnecting,0,0,39,42,0,0,22,7612,122,267,122,414
445774,Reconnecting,0,0,39,42,0,0,22,7612,122,267,122,414
446026,Reconnecting,0,0,39,42,0,0,22,7612,122,267,122,414
446279,Reconnecting,0,0,39,42,0,0,22,7612,122,267,122,414
446532,Reconnecting,0,0,39,42,0,0,22,7612,122,267,122,414
446785,Reconnecting,0,0,39,42,0,0,22,7612,122,267,122,414
447038,Reconnecting,0,0,39,42,0,0,22,7612,122,267,122,414
447290,Reconnecting,0,0,39,42,0,0,22,7612,122,267,122,414
447545,Reconnecting,0,0,39,42,0,0,22,7612,122,267,122,414
447797,Reconnecting,0,0,39,42,0,0,22,7612,122,267,122,414
448049,Reconnecting,0,0,39,42,0,0,22,7612,122,267,122,414
448251,Reconnecting,0,0,39,42,0,0,22,7612,122,267,122,414
448504,Reconnecting,0,0,39,42,0,0,22,7612,122,267,122,414
448758,Reconnecting,0,0,39,42,0,0,23,7612,122,267,122,414
449010,Reconnecting,0,0,39,42,0,0,23,7612,122,267,122,414
449264,Reconnecting,0,0,39,42,0,0,23,7612,122,267,122,414
449516,Reconnecting,0,0,39,42,0,0,23,7612,122,267,122,414
449769,Reconnecting,0,0,39,42,0,0,23,7612,122,267,122,414
450021,Reconnecting,9216,26,39,42,0,0,23,7620,0,267,0,414
450274,Reconnecting,387072,1097,39,42,0,0,23,7644,0,267,0,414
450526,Reconnecting,1161216,3291,39,42,0,0,23,7689,0,267,0,414
450779,Playing,1566720,4440,39,42,0,0,23,7728,0,267,0,414
451033,Playing,1485824,4211,39,42,0,0,23,7734,5,267,5,414
451286,Playing,1414144,4008,39,42,0,0,23,7738,3,267,3,414
451539,Playing,1333248,3779,39,42,0,0,23,7743,0,267,0,414
451791,Playing,1261568,3575,39,42,0,0,23,7747,4,267,4,414
452000,Playing,1215488,3445,39,42,0,0,23,7753,0,267,0,414
452252,Playing,1125376,3189,39,42,0,0,23,7758,4,267,4,414
452506,Playing,1043456,2957,39,42,0,0,23,7763,5,267,5,414
452758,Playing,980992,2780,39,42,0,0,23,7768,0,267,0,414
453010,Playing,890880,2525,39,42,0,0,23,7773,4,267,4,414
453264,Playing,828416,2348,39,42,0,0,23,7777,119,267,119,414
453517,Playing,738304,2092,39,42,0,0,23,7783,0,267,0,414
453769,Playing,657408,1863,39,42,0,0,23,7791,0,267,0,414
454021,Playing,594944,1686,39,42,0,0,23,7796,10,267,10,414
454274,Playing,531456,1506,39,42,0,0,23,7801,0,267,0,414
454527,Playing,468992,1329,39,42,0,0,23,7805,8,267,8,414
454779,Playing,378880,1073,39,42,0,0,23,7810,0,267,0,414
455032,Playing,297984,844,39,42,0,0,23,7816,0,267,0,414
455285,Playing,235520,667,39,42,0,0,23,7819,0,267,0,414
455538,Playing,145408,412,39,42,0,0,23,7824,0,267,0,414
455792,Playing,64512,182,39,42,0,0,23,7829,1,267,1,414
456045,Buffering,18432,52,40,42,0,0,23,7836,107,267,107,414
456297,Buffering,36864,104,40,42,0,0,23,7842,6,267,6,414
456500,Buffering,46080,130,40,42,0,0,23,7845,0,267,0,414
456753,Buffering,73728,208,40,42,0,0,23,7848,0,267,0,414
457005,Buffering,82944,235,40,42,0,0,23,7853,5,267,5,414
457258,Buffering,92160,261,40,42,0,0,23,7861,3,267,3,414
457510,Buffering,110592,313,40,42,0,0,23,7865,2,267,2,414
457764,Buffering,119808,339,40,42,0,0,23,7869,0,267,0,414
458016,Buffering,129024,365,40,42,0,0,23,7875,0,267,0,414
458269,Buffering,138240,391,40,42,0,0,23,7879,0,267,0,414
458522,Buffering,147456,417,40,42,0,0,23,7884,9,267,9,414
458775,Buffering,156672,444,40,42,0,0,23,7889,1,267,1,414
459027,Buffering,165888,470,40,42,0,0,23,7895,0,267,0,414
459280,Buffering,184320,522,40,42,0,0,23,7899,3,267,3,414
459532,Buffering,211968,600,40,42,0,0,23,7906,4,267,4,414
459785,Buffering,211968,600,40,42,0,0,23,7911,5,267,5,414
460037,Buffering,221184,626,40,42,0,0,23,7917,0,267,0,414
460289,Buffering,239616,679,40,42,0,0,23,7922,9,267,9,414
460542,Buffering,248832,705,40,42,0,0,23,7926,7,267,7,414
460795,Buffering,248832,705,40,42,0,0,23,7931,5,267,5,414
461048,Buffering,258048,731,40,42,0,0,23,7937,0,267,0,414
461299,Playing,202752,574,40,43,0,0,23,7941,5,267,5,414
461502,Playing,156672,444,40,43,0,0,23,7945,3,267,3,414
461755,Playing,94208,267,40,43,0,0,23,7948,120,267,120,414
462007,Playing,21504,60,40,43,0,0,23,7952,9,267,9,414
462260,Buffering,0,0,41,43,0,0,23,7958,0,267,0,414
462514,Buffering,18432,52,41,43,0,0,23,7961,0,267,0,414
462766,Buffering,64512,182,41,43,0,0,23,7968,0,267,0,414
463018,Buffering,101376,287,41,43,0,0,23,7972,117,267,118,414
463270,Buffering,110592,313,41,43,0,0,23,7978,0,267,0,414
463522,Buffering,138240,391,41,43,0,0,23,7981,0,267,0,414
463776,Buffering,156672,444,41,43,0,0,23,7985,3,267,3,414
464029,Buffering,165888,470,41,43,0,0,23,7990,7,267,7,414
464281,Buffering,165888,470,41,43,0,0,23,7994,4,267,4,414
464532,Buffering,193536,548,41,43,0,0,23,7997,118,267,118,414
464785,Buffering,202752,574,41,43,0,0,23,8001,113,267,113,414
465037,Buffering,202752,574,41,43,0,0,23,8008,3,267,3,414
465292,Buffering,230400,653,41,43,0,0,23,8014,0,267,0,414
465543,Buffering,239616,679,41,43,0,0,23,8019,4,267,4,414
465796,Buffering,258048,731,41,43,0,0,23,8025,0,267,0,414
466049,Buffering,267264,757,41,43,0,0,23,8030,8,267,8,414
466252,Buffering,267264,757,41,43,0,0,23,8031,127,267,127,414
466505,Buffering,294912,835,41,43,0,0,23,8036,0,267,0,414
466756,Buffering,322560,914,41,43,0,0,23,8043,0,267,0,414
467010,Buffering,331776,940,41,43,0,0,23,8048,7,267,7,414
467263,Playing,320512,908,41,44,0,0,23,8051,118,267,118,414
467516,Playing,230400,653,41,44,0,0,23,8056,0,267,0,414
467769,Playing,140288,397,41,44,0,0,23,8061,4,267,4,414
468022,Playing,86016,243,41,44,0,0,23,8065,119,267,119,414
468274,Playing,0,0,41,44,0,0,23,8069,102,267,102,414
468527,Buffering,0,0,42,44,0,0,23,8076,3,267,3,414
468780,Buffering,27648,78,42,44,0,0,23,8080,8,267,8,414
469031,Buffering,46080,130,42,44,0,0,23,8087,3,267,3,414
469283,Buffering,55296,156,42,44,0,0,23,8093,0,267,0,414
469536,Buffering,64512,182,42,44,0,0,23,8097,0,267,0,414
469789,Buffering,73728,208,42,44,0,0,23,8101,0,267,0,414
470040,Buffering,82944,235,42,44,0,0,23,8105,0,267,0,414
470295,Buffering,82944,235,42,44,0,0,23,8111,4,267,4,414
470547,Buffering,110592,313,42,44,0,0,23,8116,0,267,0,414
470799,Buffering,119808,339,42,44,0,0,23,8120,0,267,0,414
471001,Buffering,119808,339,42,44,0,0,23,8125,10,267,10,414
471254,Buffering,129024,365,42,44,0,0,23,8130,4,267,4,414
471510,Buffering,138240,391,42,44,0,0,23,8134,10,267,10,414
471762,Buffering,156672,444,42,44,0,0,23,8139,0,267,0,414
472015,Buffering,165888,470,42,44,0,0,23,8144,5,267,5,414
472268,Buffering,165888,470,42,44,0,0,23,8150,0,267,0,414
472522,Buffering,193536,548,42,44,0,0,23,8157,0,267,0,414
472776,Buffering,239616,679,42,44,0,0,23,8161,7,267,7,414
473028,Buffering,276480,783,42,44,0,0,23,8166,5,267,5,414
473280,Buffering,294912,835,42,44,0,0,23,8168,0,267,0,414
473533,Reconnecting,0,0,42,45,0,0,23,8169,290,290,290,414
473785,Reconnecting,0,0,42,45,0,0,23,8169,290,290,290,414
474038,Reconnecting,0,0,42,45,0,0,23,8169,290,290,290,414
474291,Reconnecting,0,0,42,45,0,0,23,8169,290,290,290,414
474543,Reconnecting,0,0,42,45,0,0,23,8169,290,290,290,414
474795,Reconnecting,0,0,42,45,0,0,23,8169,290,290,290,414
475050,Reconnecting,0,0,42,45,0,0,23,8169,290,290,290,414
475252,Reconnecting,0,0,42,45,0,0,23,8169,290,290,290,414
475504,Reconnecting,0,0,42,45,0,0,23,8169,290,290,290,414
475756,Reconnecting,0,0,42,45,0,0,23,8169,290,290,290,414
476009,Reconnecting,0,0,42,45,0,0,23,8169,290,290,290,414
476264,Reconnecting,0,0,42,45,0,0,23,8169,290,290,290,414
476517,Reconnecting,0,0,42,45,0,0,23,8169,290,290,290,414
476770,Reconnecting,0,0,42,45,0,0,23,8169,290,290,290,414
477022,Reconnecting,0,0,42,45,0,0,23,8169,290,290,290,414
477275,Reconnecting,0,0,42,45,0,0,23,8169,290,290,290,414
477527,Reconnecting,0,0,42,45,0,0,23,8169,290,290,290,414
477780,Reconnecting,0,0,42,45,0,0,23,8169,290,290,290,414
478033,Reconnecting,0,0,42,45,0,0,23,8169,290,290,290,414
478286,Reconnecting,0,0,42,45,0,0,23,8169,290,290,290,414
478539,Reconnecting,0,0,42,45,0,0,24,8169,290,290,290,414
478792,Reconnecting,0,0,42,45,0,0,24,8169,290,290,290,414
479044,Reconnecting,0,0,42,45,0,0,24,8169,290,290,290,414
479298,Reconnecting,0,0,42,45,0,0,24,8169,290,290,290,414
479501,Reconnecting,0,0,42,45,0,0,24,8169,290,290,290,414
479755,Reconnecting,0,0,42,45,0,0,24,8177,0,290,290,414
480009,Reconnecting,211968,600,42,45,0,0,24,8193,0,290,0,414
480262,Reconnecting,718848,2037,42,45,0,0,24,8223,0,290,0,414
480516,Playing,1544192,4376,42,45,0,0,24,8281,0,290,0,414
480769,Playing,1462272,4144,42,45,0,0,24,8287,0,290,0,414
481023,Playing,1390592,3941,42,45,0,0,24,8291,122,290,122,414
481276,Playing,1346560,3816,42,45,0,0,24,8297,119,290,119,414
481529,Playing,1265664,3587,42,45,0,0,24,8303,0,290,0,414
481782,Playing,1184768,3358,42,45,0,0,24,8308,6,290,6,414
482035,Playing,1103872,3128,42,45,0,0,24,8312,127,290,127,414
482287,Playing,1041408,2951,42,45,0,0,24,8317,0,290,0,414
482540,Playing,978944,2774,42,45,0,0,24,8320,0,290,0,414
482795,Playing,924672,2620,42,45,0,0,24,8324,112,290,112,414
483046,Playing,862208,2443,42,45,0,0,24,8328,117,290,117,414
483299,Playing,781312,2214,42,45,0,0,24,8334,0,290,0,414
483502,Playing,726016,2057,42,45,0,0,24,8338,12,290,12,414
483754,Playing,663552,1880,42,45,0,0,24,8342,114,290,114,414
484007,Playing,591872,1677,42,45,0,0,24,8347,0,290,0,414
484260,Playing,529408,1500,42,45,0,0,24,8351,3,290,3,414
484512,Playing,465920,1320,42,45,0,0,24,8358,6,290,6,414
484765,Playing,385024,1091,42,45,0,0,24,8362,3,290,3,414
485017,Playing,322560,914,42,45,0,0,24,8368,8,290,8,414
485270,Playing,260096,737,42,45,0,0,24,8372,7,290,7,414
485524,Playing,179200,507,42,45,0,0,24,8376,9,290,9,414
485776,Playing,116736,330,42,45,0,0,24,8381,0,290,0,414
486028,Playing,45056,127,42,45,0,0,24,8385,4,290,4,414
486282,Playing,0,0,42,45,0,0,24,8389,16,290,16,414
486536,Buffering,27648,78,43,45,0,0,24,8392,120,290,120,414
486789,Buffering,36864,104,43,45,0,0,24,8397,0,290,0,414
487041,Buffering,64512,182,43,45,0,0,24,8402,126,290,126,414
487294,Buffering,73728,208,43,45,0,0,24,8409,15,290,15,414
487546,Buffering,82944,235,43,45,0,0,24,8413,10,290,10,414
487797,Buffering,82944,235,43,45,0,0,24,8418,4,290,4,414
488000,Buffering,92160,261,43,45,0,0,24,8423,0,290,0,414
488254,Buffering,101376,287,43,45,0,0,24,8427,0,290,0,414
488507,Buffering,119808,339,43,45,0,0,24,8431,5,290,5,414
488762,Buffering,129024,365,43,45,0,0,24,8436,7,290,7,414
489015,Buffering,147456,417,43,45,0,0,24,8441,0,290,0,414
489268,Buffering,156672,444,43,45,0,0,24,8446,117,290,117,414
489522,Buffering,165888,470,43,45,0,0,24,8453,0,290,0,414
489774,Buffering,175104,496,43,45,0,0,24,8458,12,290,12,414
490027,Buffering,184320,522,43,45,0,0,24,8465,0,290,0,414
490279,Buffering,184320,522,43,45,0,0,24,8471,3,290,3,414
490532,Buffering,193536,548,43,45,0,0,24,8477,0,290,0,414
490785,Buffering,193536,548,43,45,0,0,24,8482,12,290,12,414
491038,Buffering,202752,574,43,45,0,0,24,8487,6,290,6,414
491292,Buffering,239616,679,43,45,0,0,24,8492,0,290,0,414
491546,Playing,175104,496,43,46,0,0,24,8498,9,290,9,414
491798,Playing,94208,267,43,46,0,0,24,8502,10,290,10,414
492000,Playing,29696,84,43,46,0,0,24,8506,6,290,6,414
492254,Buffering,9216,26,44,46,0,0,24,8510,14,290,14,414
492506,Buffering,18432,52,44,46,0,0,24,8514,5,290,5,414
492759,Buffering,27648,78,44,46,0,0,24,8518,4,290,4,414
493012,Buffering,27648,78,44,46,0,0,24,8522,6,290,6,414
493265,Buffering,55296,156,44,46,0,0,24,8528,115,290,115,414
493518,Buffering,64512,182,44,46,0,0,24,8536,5,290,5,414
493772,Buffering,64512,182,44,46,0,0,24,8541,6,290,6,414
494024,Buffering,64512,182,44,46,0,0,24,8545,10,290,10,414
494277,Buffering,73728,208,44,46,0,0,24,8551,0,290,0,414
494531,Buffering,101376,287,44,46,0,0,24,8554,0,290,0,414
494783,Buffering,110592,313,44,46,0,0,24,8559,12,290,12,414
495036,Buffering,156672,444,44,46,0,0,24,8562,113,290,113,414
495289,Buffering,175104,496,44,46,0,0,24,8567,0,290,0,414
495542,Buffering,184320,522,44,46,0,0,24,8573,103,290,103,414
495794,Buffering,193536,548,44,46,0,0,24,8580,7,290,7,414
496047,Buffering,193536,548,44,46,0,0,24,8585,5,290,5,414
496299,Buffering,202752,574,44,46,0,0,24,8589,4,290,4,414
496501,Buffering,202752,574,44,46,0,0,24,8592,5,290,5,414
496754,Buffering,211968,600,44,46,0,0,24,8599,6,290,6,414
497008,Buffering,221184,626,44,46,0,0,24,8604,4,290,4,414
497260,Playing,240640,682,44,47,0,0,24,8607,121,290,121,414
497514,Playing,150528,426,44,47,0,0,24,8613,0,290,0,414
497767,Playing,69632,197,44,47,0,0,24,8619,6,290,6,414
498019,Buffering,9216,26,45,47,0,0,24,8625,0,290,0,414
498272,Buffering,36864,104,45,47,0,0,24,8629,16,290,16,414
498525,Buffering,82944,235,45,47,0,0,24,8632,110,290,110,414
498778,Buffering,92160,261,45,47,0,0,24,8636,2,290,2,414
499030,Buffering,92160,261,45,47,0,0,24,8642,0,290,0,414
499284,Buffering,110592,313,45,47,0,0,24,8648,116,290,116,414
499536,Buffering,129024,365,45,47,0,0,24,8655,120,290,120,414
499789,Buffering,156672,444,45,47,0,0,24,8658,116,290,116,414
500043,Buffering,175104,496,45,47,0,0,24,8661,119,290,119,414
500296,Buffering,202752,574,45,47,0,0,24,8666,0,290,0,414
500549,Buffering,211968,600,45,47,0,0,24,8671,10,290,10,414
500750,Buffering,211968,600,45,47,0,0,24,8674,0,290,0,414
501003,Buffering,221184,626,45,47,0,0,24,8679,3,290,3,414
501256,Buffering,230400,653,45,47,0,0,24,8687,5,290,5,414
501508,Buffering,258048,731,45,47,0,0,24,8691,8,290,8,414
501762,Buffering,258048,731,45,47,0,0,24,8697,0,290,0,414
502016,Buffering,276480,783,45,47,0,0,24,8702,3,290,3,414
502268,Buffering,276480,783,45,47,0,0,24,8705,5,290,5,414
502521,Buffering,304128,862,45,47,0,0,24,8707,0,290,0,414
502775,Buffering,340992,966,45,47,0,0,24,8716,5,290,5,414
503028,Buffering,326656,925,45,48,0,0,24,8721,0,290,0,414
503282,Buffering,245760,696,45,48,0,0,24,8726,9,290,9,414
503535,Buffering,155648,441,45,48,0,0,24,8733,5,290,5,414
503788,Buffering,101376,287,45,48,0,0,24,8739,0,290,0,414
504040,Buffering,20480,58,45,48,0,0,24,8744,7,290,7,414
504294,Buffering,27648,78,45,48,0,0,24,8748,71,290,71,414
504546,Buffering,36864,104,45,48,0,0,24,8752,3,290,3,414
504799,Buffering,64512,182,45,48,0,0,24,8757,0,290,0,414
505002,Reconnecting,0,0,45,49,0,0,24,8760,0,290,0,414
505255,Reconnecting,0,0,45,49,0,0,24,8760,0,290,0,414
505508,Reconnecting,0,0,45,49,0,0,24,8760,0,290,0,414
505762,Reconnecting,0,0,45,49,0,0,24,8760,0,290,0,414
506015,Reconnecting,0,0,45,49,0,0,24,8760,0,290,0,414
506267,Reconnecting,0,0,45,49,0,0,24,8760,0,290,0,414
506519,Reconnecting,0,0,45,49,0,0,24,8760,0,290,0,414
506772,Reconnecting,0,0,45,49,0,0,24,8760,0,290,0,414
507024,Reconnecting,0,0,45,49,0,0,24,8760,0,290,0,414
507277,Reconnecting,0,0,45,49,0,0,24,8760,0,290,0,414
507530,Reconnecting,0,0,45,49,0,0,24,8760,0,290,0,414
507783,Reconnecting,0,0,45,49,0,0,24,8760,0,290,0,414
508036,Reconnecting,0,0,45,49,0,0,24,8760,0,290,0,414
508289,Reconnecting,0,0,45,49,0,0,24,8760,0,290,0,414
508542,Reconnecting,0,0,45,49,0,0,24,8760,0,290,0,414
508794,Reconnecting,0,0,45,49,0,0,24,8760,0,290,0,414
509048,Reconnecting,0,0,45,49,0,0,24,8760,0,290,0,414
509250,Reconnecting,0,0,45,49,0,0,24,8760,0,290,0,414
509503,Reconnecting,0,0,45,49,0,0,24,8760,0,290,0,414
509757,Reconnecting,0,0,45,49,0,0,24,8760,0,290,0,414
510009,Reconnecting,0,0,45,49,0,0,25,8760,0,290,0,414
510263,Reconnecting,0,0,45,49,0,0,25,8760,0,290,0,414
510517,Reconnecting,0,0,45,49,0,0,25,8760,0,290,0,414
510770,Reconnecting,0,0,45,49,0,0,25,8760,0,290,0,414
511023,Reconnecting,0,0,45,49,0,0,25,8760,0,290,0,414
511275,Reconnecting,0,0,45,49,0,0,25,8768,0,290,0,414
511528,Reconnecting,331776,940,45,49,0,0,25,8788,0,290,0,414
511780,Reconnecting,903168,2560,45,49,0,0,25,8822,0,290,0,414
512033,Playing,1554432,4405,45,49,0,0,25,8875,0,290,0,414
512286,Playing,1473536,4176,45,49,0,0,25,8880,4,290,4,414
512538,Playing,1392640,3947,45,49,0,0,25,8890,0,290,0,414
512791,Playing,1320960,3744,45,49,0,0,25,8894,6,290,6,414
513044,Playing,1240064,3514,45,49,0,0,25,8899,6,290,6,414
513295,Playing,1159168,3285,45,49,0,0,25,8905,0,290,0,414
513549,Playing,1096704,3108,45,49,0,0,25,8908,0,290,0,414
513752,Playing,1040384,2948,45,49,0,0,25,8913,10,290,10,414
514005,Playing,959488,2719,45,49,0,0,25,8918,1,290,1,414
514258,Playing,869376,2464,45,49,0,0,25,8923,0,290,0,414
514511,Playing,797696,2261,45,49,0,0,25,8927,106,290,106,414
514763,Playing,753664,2136,45,49,0,0,25,8932,0,290,0,414
515016,Playing,680960,1930,45,49,0,0,25,8937,4,290,4,414
515268,Playing,600064,1700,45,49,0,0,25,8942,9,290,9,414
515521,Playing,509952,1445,45,49,0,0,25,8948,0,290,0,414
515775,Playing,429056,1216,45,49,0,0,25,8956,0,290,0,414
516028,Playing,357376,1012,45,49,0,0,25,8959,0,290,0,414
516280,Playing,276480,783,45,49,0,0,25,8964,104,290,104,414
516532,Playing,195584,554,45,49,0,0,25,8968,113,290,113,414
516785,Playing,105472,298,45,49,0,0,25,8975,9,290,9,414
517038,Playing,51200,145,45,49,0,0,25,8979,117,290,117,414
517290,Buffering,0,0,46,49,0,0,25,8985,0,290,0,414
517543,Buffering,0,0,46,49,0,0,25,8990,4,290,4,414
517795,Buffering,9216,26,46,49,0,0,25,8995,3,290,3,414
518049,Buffering,9216,26,46,49,0,0,25,8999,6,290,6,414
518250,Buffering,18432,52,46,49,0,0,25,9002,126,290,126,414
518504,Buffering,18432,52,46,49,0,0,25,9008,0,290,0,414
518756,Buffering,27648,78,46,49,0,0,25,9013,111,290,111,414
519009,Buffering,36864,104,46,49,0,0,25,9020,0,290,0,414
519267,Buffering,92160,261,46,49,0,0,25,9026,1,290,1,414
519520,Buffering,110592,313,46,49,0,0,25,9030,3,290,3,414
519774,Buffering,119808,339,46,49,0,0,25,9035,11,290,11,414
520027,Buffering,147456,417,46,49,0,0,25,9038,113,290,113,414
520279,Buffering,165888,470,46,49,0,0,25,9043,0,290,0,414
520533,Buffering,165888,470,46,49,0,0,25,9048,8,290,8,414
520786,Buffering,165888,470,46,49,0,0,25,9052,116,290,116,414
521038,Buffering,175104,496,46,49,0,0,25,9056,117,290,117,414
521290,Buffering,202752,574,46,49,0,0,25,9062,0,290,0,414
521544,Buffering,202752,574,46,49,0,0,25,9066,0,290,0,414
521797,Buffering,239616,679,46,49,0,0,25,9071,5,290,5,414
522000,Buffering,239616,679,46,49,0,0,25,9074,4,290,4,414
522253,Buffering,267264,757,46,49,0,0,25,9076,0,290,0,414
522506,Playing,244736,693,46,50,0,0,25,9086,90,344,90,414
522758,Playing,154624,438,46,50,0,0,25,9092,0,344,0,414
523012,Playing,73728,208,46,50,0,0,25,9098,4,344,4,414
523264,Playing,2048,5,46,50,0,0,25,9103,0,344,0,414
523517,Buffering,0,0,47,50,0,0,25,9108,8,344,8,414
523770,Buffering,27648,78,47,50,0,0,25,9112,2,344,2,414
524024,Buffering,46080,130,47,50,0,0,25,9117,0,344,0,414
524277,Buffering,73728,208,47,50,0,0,25,9121,118,344,118,414
524529,Buffering,82944,235,47,50,0,0,25,9126,117,344,117,414
524780,Buffering,92160,261,47,50,0,0,25,9133,11,344,11,414
525034,Buffering,92160,261,47,50,0,0,25,9140,0,344,0,414
525287,Buffering,119808,339,47,50,0,0,25,9145,5,344,5,414
525540,Buffering,119808,339,47,50,0,0,25,9149,5,344,5,414
525793,Buffering,119808,339,47,50,0,0,25,9155,0,344,0,414
526046,Buffering,147456,417,47,50,0,0,25,9159,119,344,119,414
526299,Buffering,175104,496,47,50,0,0,25,9163,94,344,94,414
526501,Buffering,175104,496,47,50,0,0,25,9167,7,344,7,414
526754,Buffering,202752,574,47,50,0,0,25,9174,3,344,3,414
527007,Buffering,230400,653,47,50,0,0,25,9177,130,344,130,414
527259,Buffering,239616,679,47,50,0,0,25,9181,15,344,15,414
527512,Buffering,239616,679,47,50,0,0,25,9187,0,344,0,414
527765,Buffering,267264,757,47,50,0,0,25,9190,0,344,0,414
528017,Buffering,294912,835,47,50,0,0,25,9194,8,344,8,414
528269,Buffering,313344,888,47,50,0,0,25,9200,0,344,0,414
528523,Playing,290816,824,47,51,0,0,25,9206,107,344,107,414
528775,Playing,200704,568,47,51,0,0,25,9212,0,344,0,414
529029,Playing,110592,313,47,51,0,0,25,9217,8,344,8,414
529283,Playing,48128,136,47,51,0,0,25,9221,11,344,11,414
529535,Buffering,0,0,48,51,0,0,25,9225,9,344,9,414
529787,Buffering,0,0,48,51,0,0,25,9231,0,344,0,414
530040,Buffering,0,0,48,51,0,0,25,9236,3,344,3,414
530293,Buffering,9216,26,48,51,0,0,25,9241,4,344,4,414
530545,Buffering,9216,26,48,51,0,0,25,9247,0,344,0,414
530799,Buffering,46080,130,48,51,0,0,25,9252,118,344,118,414
531001,Buffering,64512,182,48,51,0,0,25,9257,0,344,0,414
531254,Buffering,73728,208,48,51,0,0,25,9262,11,344,11,414
531507,Buffering,82944,235,48,51,0,0,25,9267,6,344,6,414
531759,Buffering,92160,261,48,51,0,0,25,9273,0,344,0,414
532013,Buffering,110592,313,48,51,0,0,25,9279,4,344,4,414
532266,Buffering,110592,313,48,51,0,0,25,9285,0,344,0,414
532519,Buffering,119808,339,48,51,0,0,25,9290,117,344,117,414
532773,Buffering,119808,339,48,51,0,0,25,9295,106,344,106,414
533026,Buffering,129024,365,48,51,0,0,25,9302,9,344,9,414
533278,Buffering,138240,391,48,51,0,0,25,9307,7,344,7,414
533531,Buffering,138240,391,48,51,0,0,25,9311,5,344,5,414
533784,Buffering,138240,391,48,51,0,0,25,9317,0,344,0,414
534036,Buffering,156672,444,48,51,0,0,25,9323,118,344,119,414
534289,Buffering,156672,444,48,51,0,0,25,9329,10,344,10,414
534540,Reconnecting,0,0,48,52,0,0,25,9334,116,344,117,414
534793,Reconnecting,0,0,48,52,0,0,25,9334,116,344,117,414
535046,Reconnecting,0,0,48,52,0,0,25,9334,116,344,117,414
535298,Reconnecting,0,0,48,52,0,0,25,9334,116,344,117,414
535500,Reconnecting,0,0,48,52,0,0,25,9334,116,344,117,414
535753,Reconnecting,0,0,48,52,0,0,25,9334,116,344,117,414
536006,Reconnecting,0,0,48,52,0,0,25,9334,116,344,117,414
536258,Reconnecting,0,0,48,52,0,0,25,9334,116,344,117,414
536510,Reconnecting,0,0,48,52,0,0,25,9334,116,344,117,414
536764,Reconnecting,0,0,48,52,0,0,25,9334,116,344,117,414
537018,Reconnecting,0,0,48,52,0,0,25,9334,116,344,117,414
537271,Reconnecting,0,0,48,52,0,0,25,9334,116,344,117,414
537524,Reconnecting,0,0,48,52,0,0,25,9334,116,344,117,414
537776,Reconnecting,0,0,48,52,0,0,25,9334,116,344,117,414
538028,Reconnecting,0,0,48,52,0,0,25,9334,116,344,117,414
538279,Reconnecting,0,0,48,52,0,0,25,9334,116,344,117,414
538533,Reconnecting,0,0,48,52,0,0,25,9334,116,344,117,414
538786,Reconnecting,0,0,48,52,0,0,25,9334,116,344,117,414
539038,Reconnecting,0,0,48,52,0,0,25,9334,116,344,117,414
539291,Reconnecting,0,0,48,52,0,0,25,9334,116,344,117,414
539545,Reconnecting,0,0,48,52,0,0,26,9334,116,344,117,414
539798,Reconnecting,0,0,48,52,0,0,26,9334,116,344,117,414
540050,Reconnecting,0,0,48,52,0,0,26,9334,116,344,117,414
540252,Reconnecting,0,0,48,52,0,0,26,9334,116,344,117,414
540505,Reconnecting,0,0,48,52,0,0,26,9334,116,344,117,414
540758,Reconnecting,92160,261,48,52,0,0,26,9342,0,344,0,414
541011,Reconnecting,331776,940,48,52,0,0,26,9358,0,344,0,414
541263,Reconnecting,857088,2429,48,52,0,0,26,9388,0,344,0,414
541517,Playing,1683456,4771,48,52,0,0,26,9449,9,344,9,414
541771,Playing,1620992,4594,48,52,0,0,26,9453,118,344,118,414
542024,Playing,1558528,4417,48,52,0,0,26,9456,120,344,120,414
542278,Playing,1486848,4214,48,52,0,0,26,9461,0,344,0,414
542530,Playing,1405952,3985,48,52,0,0,26,9466,7,344,7,414
542783,Playing,1361920,3860,48,52,0,0,26,9469,113,344,113,414
543036,Playing,1289216,3654,48,52,0,0,26,9476,117,344,117,414
543290,Playing,1208320,3424,48,52,0,0,26,9481,7,344,7,414
543545,Playing,1127424,3195,48,52,0,0,26,9487,0,344,0,414
543796,Playing,1046528,2966,48,52,0,0,26,9491,6,344,6,414
544050,Playing,984064,2789,48,52,0,0,26,9495,10,344,10,414
544251,Playing,910336,2580,48,52,0,0,26,9501,0,344,0,414
544503,Playing,846848,2400,48,52,0,0,26,9505,7,344,7,414
544754,Playing,756736,2144,48,52,0,0,26,9510,5,344,5,414
545006,Playing,685056,1941,48,52,0,0,26,9515,0,344,0,414
545258,Playing,594944,1686,48,52,0,0,26,9520,116,344,116,414
545512,Playing,532480,1509,48,52,0,0,26,9526,0,344,0,414
545765,Playing,470016,1332,48,52,0,0,26,9530,10,344,10,414
546017,Playing,389120,1102,48,52,0,0,26,9535,5,344,5,414
546271,Playing,316416,896,48,52,0,0,26,9543,2,344,2,414
546524,Playing,226304,641,48,52,0,0,26,9549,0,344,0,414
546777,Playing,163840,464,48,52,0,0,26,9552,0,344,0,414
547029,Playing,73728,208,48,52,0,0,26,9557,3,344,3,414
547281,Playing,0,0,48,52,0,0,26,9562,114,344,114,414
547534,Buffering,0,0,49,52,0,0,26,9568,0,344,0,414
547788,Buffering,36864,104,49,52,0,0,26,9573,121,344,121,414
548039,Buffering,46080,130,49,52,0,0,26,9577,3,344,3,414
548293,Buffering,46080,130,49,52,0,0,26,9583,0,344,0,414
548545,Buffering,55296,156,49,52,0,0,26,9588,4,344,4,414
548798,Buffering,92160,261,49,52,0,0,26,9594,0,344,0,414
549049,Buffering,110592,313,49,52,0,0,26,9597,0,344,0,414
549253,Buffering,138240,391,49,52,0,0,26,9601,16,344,16,414
549506,Buffering,147456,417,49,52,0,0,26,9606,6,344,6,414
549759,Buffering,147456,417,49,52,0,0,26,9612,0,344,0,414
550014,Buffering,165888,470,49,52,0,0,26,9619,0,344,0,414
550266,Buffering,175104,496,49,52,0,0,26,9624,8,344,8,414
550518,Buffering,184320,522,49,52,0,0,26,9629,5,344,5,414
550770,Buffering,184320,522,49,52,0,0,26,9635,0,344,0,414
551023,Buffering,193536,548,49,52,0,0,26,9640,120,344,120,414
551276,Buffering,202752,574,49,52,0,0,26,9647,0,344,0,414
551528,Buffering,202752,574,49,52,0,0,26,9651,0,344,0,414
551782,Buffering,211968,600,49,52,0,0,26,9656,15,344,15,414
552035,Buffering,221184,626,49,52,0,0,26,9663,0,344,0,414
552288,Buffering,230400,653,49,52,0,0,26,9668,7,344,7,414
552540,Playing,173056,490,49,53,0,0,26,9675,0,344,0,414
552793,Playing,110592,313,49,53,0,0,26,9679,4,344,4,414
553046,Playing,38912,110,49,53,0,0,26,9683,4,344,4,414
553299,Buffering,0,0,50,53,0,0,26,9689,0,344,0,414
553501,Buffering,27648,78,50,53,0,0,26,9693,3,344,3,414
553754,Buffering,64512,182,50,53,0,0,26,9696,110,344,110,414
554007,Buffering,64512,182,50,53,0,0,26,9702,0,344,0,414
554259,Buffering,92160,261,50,53,0,0,26,9707,10,344,10,414
554512,Buffering,110592,313,50,53,0,0,26,9712,0,344,0,414
554764,Buffering,119808,339,50,53,0,0,26,9716,0,344,0,414
555018,Buffering,129024,365,50,53,0,0,26,9722,117,344,117,414
555270,Buffering,156672,444,50,53,0,0,26,9728,9,344,9,414
555522,Buffering,165888,470,50,53,0,0,26,9733,5,344,5,414
555775,Buffering,175104,496,50,53,0,0,26,9737,7,344,7,414
556028,Buffering,175104,496,50,53,0,0,26,9743,0,344,0,414
556282,Buffering,184320,522,50,53,0,0,26,9748,8,344,8,414
556534,Buffering,193536,548,50,53,0,0,26,9753,114,344,114,414
556788,Buffering,193536,548,50,53,0,0,26,9760,3,344,3,414
557041,Buffering,221184,626,50,53,0,0,26,9764,2,344,2,414
557294,Buffering,230400,653,50,53,0,0,26,9768,1,344,1,414
557547,Buffering,248832,705,50,53,0,0,26,9775,4,344,4,414
557799,Buffering,248832,705,50,53,0,0,26,9781,0,344,0,414
558002,Buffering,267264,757,50,53,0,0,26,9784,0,344,0,414
558253,Buffering,276480,783,50,53,0,0,26,9789,4,344,4,414
558505,Playing,231424,655,50,54,0,0,26,9792,120,344,120,414
558757,Playing,167936,476,50,54,0,0,26,9798,0,344,0,414
559009,Playing,96256,272,50,54,0,0,26,9802,8,344,8,414
559264,Playing,6144,17,50,54,0,0,26,9807,4,344,4,414
559517,Buffering,9216,26,51,54,0,0,26,9811,5,344,5,414
559772,Buffering,18432,52,51,54,0,0,26,9816,0,344,0,414
560025,Buffering,27648,78,51,54,0,0,26,9821,112,344,112,414
560278,Buffering,46080,130,51,54,0,0,26,9826,3,344,3,414
560531,Buffering,46080,130,51,54,0,0,26,9828,0,344,0,414
560785,Buffering,64512,182,51,54,0,0,26,9835,0,344,0,414
561038,Buffering,73728,208,51,54,0,0,26,9843,0,344,0,414
561291,Buffering,101376,287,51,54,0,0,26,9847,5,344,5,414
561544,Buffering,129024,365,51,54,0,0,26,9851,5,344,5,414
561797,Buffering,156672,444,51,54,0,0,26,9854,117,344,117,414
562050,Buffering,175104,496,51,54,0,0,26,9859,0,344,0,414
562253,Buffering,202752,574,51,54,0,0,26,9863,103,344,103,414
562505,Buffering,202752,574,51,54,0,0,26,9869,0,344,0,414
562758,Buffering,202752,574,51,54,0,0,26,9874,5,344,5,414
563013,Buffering,248832,705,51,54,0,0,26,9877,124,344,124,414
563265,Buffering,248832,705,51,54,0,0,26,9883,0,344,0,414
563519,Buffering,276480,783,51,54,0,0,26,9886,0,344,0,414
563772,Buffering,285696,809,51,54,0,0,26,9892,14,344,14,414
564025,Buffering,304128,862,51,54,0,0,26,9897,0,344,0,414
564276,Buffering,313344,888,51,54,0,0,26,9902,119,344,119,414
564529,Reconnecting,0,0,51,55,0,0,26,9903,117,344,117,414
564783,Reconnecting,0,0,51,55,0,0,26,9903,117,344,117,414
565036,Reconnecting,0,0,51,55,0,0,26,9903,117,344,117,414
565289,Reconnecting,0,0,51,55,0,0,26,9903,117,344,117,414
565541,Reconnecting,0,0,51,55,0,0,26,9903,117,344,117,414
565795,Reconnecting,0,0,51,55,0,0,26,9903,117,344,117,414
566047,Reconnecting,0,0,51,55,0,0,26,9903,117,344,117,414
566298,Reconnecting,0,0,51,55,0,0,26,9903,117,344,117,414
566502,Reconnecting,0,0,51,55,0,0,26,9903,117,344,117,414
566755,Reconnecting,0,0,51,55,0,0,26,9903,117,344,117,414
567007,Reconnecting,0,0,51,55,0,0,26,9903,117,344,117,414
567259,Reconnecting,0,0,51,55,0,0,26,9903,117,344,117,414
567514,Reconnecting,0,0,51,55,0,0,26,9903,117,344,117,414
567767,Reconnecting,0,0,51,55,0,0,26,9903,117,344,117,414
568020,Reconnecting,0,0,51,55,0,0,26,9903,117,344,117,414
568273,Reconnecting,0,0,51,55,0,0,26,9903,117,344,117,414
568526,Reconnecting,0,0,51,55,0,0,26,9903,117,344,117,414
568777,Reconnecting,0,0,51,55,0,0,26,9903,117,344,117,414
569030,Reconnecting,0,0,51,55,0,0,26,9903,117,344,117,414
569283,Reconnecting,0,0,51,55,0,0,26,9903,117,344,117,414
569536,Reconnecting,0,0,51,55,0,0,27,9903,117,344,117,414
569789,Reconnecting,0,0,51,55,0,0,27,9903,117,344,117,414
570042,Reconnecting,0,0,51,55,0,0,27,9903,117,344,117,414
570295,Reconnecting,0,0,51,55,0,0,27,9903,117,344,117,414
570548,Reconnecting,138240,391,51,55,0,0,27,9911,0,344,0,414
570751,Reconnecting,221184,626,51,55,0,0,27,9915,0,344,0,414
571023,Reconnecting,645120,1828,51,55,0,0,27,9941,0,344,0,414
571276,Playing,1614848,4577,51,55,0,0,27,9998,0,344,0,414
571529,Playing,1680384,4762,51,55,0,0,27,10021,0,344,0,414
571782,Playing,1617920,4585,51,55,0,0,27,10025,8,344,8,414
572034,Playing,1555456,4408,51,55,0,0,27,10029,7,344,7,414
572287,Playing,1474560,4179,51,55,0,0,27,10035,0,344,0,414
572541,Playing,1393664,3950,51,55,0,0,27,10040,6,344,6,414
572794,Playing,1321984,3747,51,55,0,0,27,10047,0,344,0,414
573047,Playing,1241088,3517,51,55,0,0,27,10052,14,344,14,414
573250,Playing,1175552,3332,51,55,0,0,27,10055,0,344,0,414
573502,Playing,1094656,3102,51,55,0,0,27,10061,110,344,111,414
573755,Playing,1013760,2873,51,55,0,0,27,10068,8,344,8,414
574008,Playing,942080,2670,51,55,0,0,27,10072,116,344,116,414
574261,Playing,851968,2414,51,55,0,0,27,10078,0,344,0,414
574514,Playing,789504,2237,51,55,0,0,27,10082,4,344,4,414
574768,Playing,708608,2008,51,55,0,0,27,10087,14,344,14,414
575020,Playing,645120,1828,51,55,0,0,27,10090,117,344,117,414
575273,Playing,582656,1651,51,55,0,0,27,10093,123,344,123,414
575526,Playing,492544,1396,51,55,0,0,27,10099,0,344,0,414
575779,Playing,402432,1140,51,55,0,0,27,10103,0,344,0,414
576032,Playing,321536,911,51,55,0,0,27,10111,0,344,0,414
576286,Playing,240640,682,51,55,0,0,27,10116,3,344,3,414
576539,Playing,150528,426,51,55,0,0,27,10123,0,344,0,414
576793,Playing,69632,197,51,55,0,0,27,10128,14,344,14,414
577046,Buffering,9216,26,52,55,0,0,27,10133,7,344,7,414
577299,Buffering,9216,26,52,55,0,0,27,10139,0,344,0,414
577501,Buffering,27648,78,52,55,0,0,27,10143,6,344,6,414
577754,Buffering,36864,104,52,55,0,0,27,10148,7,344,7,414
578006,Buffering,55296,156,52,55,0,0,27,10153,0,344,0,414
578262,Buffering,82944,235,52,55,0,0,27,10158,7,344,7,414
578515,Buffering,92160,261,52,55,0,0,27,10162,49,344,49,414
578768,Buffering,110592,313,52,55,0,0,27,10167,0,344,0,414
579020,Buffering,119808,339,52,55,0,0,27,10172,8,344,8,414
579273,Buffering,129024,365,52,55,0,0,27,10177,10,344,10,414
579526,Buffering,138240,391,52,55,0,0,27,10184,115,344,115,414
579779,Buffering,138240,391,52,55,0,0,27,10191,0,344,0,414
580032,Buffering,156672,444,52,55,0,0,27,10195,2,344,2,414
580285,Buffering,165888,470,52,55,0,0,27,10200,105,344,105,414
580537,Buffering,165888,470,52,55,0,0,27,10206,0,344,0,414
580789,Buffering,184320,522,52,55,0,0,27,10212,11,344,11,414
581042,Buffering,193536,548,52,55,0,0,27,10218,0,344,0,414
581294,Buffering,221184,626,52,55,0,0,27,10222,11,344,11,414
581547,Buffering,248832,705,52,55,0,0,27,10226,114,344,114,414
581751,Buffering,267264,757,52,55,0,0,27,10232,3,344,3,414
582004,Buffering,276480,783,52,55,0,0,27,10237,5,344,5,414
582256,Playing,210944,597,52,56,0,0,27,10243,0,344,0,414
582508,Playing,130048,368,52,56,0,0,27,10248,5,344,5,414
582761,Playing,39936,113,52,56,0,0,27,10253,3,344,3,414
583013,Playing,0,0,52,56,0,0,27,10258,0,344,0,414
583266,Buffering,9216,26,53,56,0,0,27,10266,0,344,0,414
583519,Buffering,9216,26,53,56,0,0,27,10271,0,344,0,414
583772,Buffering,18432,52,53,56,0,0,27,10276,119,344,119,414
584025,Buffering,18432,52,53,56,0,0,27,10282,0,344,0,414
584276,Buffering,27648,78,53,56,0,0,27,10288,6,344,6,414
584529,Buffering,55296,156,53,56,0,0,27,10291,125,344,125,414
584781,Buffering,64512,182,53,56,0,0,27,10295,10,344,10,414
585033,Buffering,64512,182,53,56,0,0,27,10299,5,344,5,414
585286,Buffering,64512,182,53,56,0,0,27,10305,0,344,0,414
585539,Buffering,73728,208,53,56,0,0,27,10307,6,344,6,414
585793,Buffering,82944,235,53,56,0,0,27,10315,5,344,5,414
586045,Buffering,110592,313,53,56,0,0,27,10320,0,344,0,414
586298,Buffering,147456,417,53,56,0,0,27,10325,110,344,110,414
586500,Buffering,147456,417,53,56,0,0,27,10327,0,344,0,414
586753,Buffering,156672,444,53,56,0,0,27,10331,0,344,0,414
587006,Buffering,184320,522,53,56,0,0,27,10338,0,344,0,414
587259,Buffering,193536,548,53,56,0,0,27,10343,121,344,121,414
587513,Buffering,202752,574,53,56,0,0,27,10348,116,344,116,414
587767,Buffering,202752,574,53,56,0,0,27,10355,2,344,2,414
588021,Buffering,211968,600,53,56,0,0,27,10360,3,344,3,414
588274,Playing,155648,441,53,57,0,0,27,10365,0,344,0,414
588528,Playing,74752,211,53,57,0,0,27,10370,6,344,6,414
588781,Playing,0,0,53,57,0,0,27,10375,2,344,2,414
589035,Buffering,9216,26,54,57,0,0,27,10382,6,344,6,414
589288,Buffering,18432,52,54,57,0,0,27,10389,0,344,0,414
589542,Buffering,27648,78,54,57,0,0,27,10395,10,344,10,414
589794,Buffering,27648,78,54,57,0,0,27,10401,0,344,0,414
590046,Buffering,36864,104,54,57,0,0,27,10406,7,344,7,414
590300,Buffering,55296,156,54,57,0,0,27,10410,114,344,114,414
590502,Buffering,55296,156,54,57,0,0,27,10416,0,344,0,414
590755,Buffering,64512,182,54,57,0,0,27,10421,5,344,5,414
591008,Buffering,64512,182,54,57,0,0,27,10425,3,344,3,414
591260,Buffering,64512,182,54,57,0,0,27,10432,6,344,6,414
591513,Buffering,73728,208,54,57,0,0,27,10437,4,344,4,414
591766,Buffering,92160,261,54,57,0,0,27,10442,0,344,0,414
592019,Buffering,119808,339,54,57,0,0,27,10446,2,344,2,414
592273,Buffering,119808,339,54,57,0,0,27,10451,7,344,7,414
592527,Buffering,147456,417,54,57,0,0,27,10456,0,344,0,414
592781,Buffering,165888,470,54,57,0,0,27,10462,21,344,21,414
593034,Buffering,165888,470,54,57,0,0,27,10468,0,344,0,414
593287,Buffering,175104,496,54,57,0,0,27,10473,12,344,12,414
593540,Buffering,184320,522,54,57,0,0,27,10478,112,344,112,414
593792,Buffering,184320,522,54,57,0,0,27,10484,0,344,0,414
594045,Reconnecting,0,0,54,58,0,0,27,10485,124,344,124,414
594297,Reconnecting,0,0,54,58,0,0,27,10485,124,344,124,414
594549,Reconnecting,0,0,54,58,0,0,27,10485,124,344,124,414
594751,Reconnecting,0,0,54,58,0,0,27,10485,124,344,124,414
595002,Reconnecting,0,0,54,58,0,0,27,10485,124,344,124,414
595255,Reconnecting,0,0,54,58,0,0,27,10485,124,344,124,414
595509,Reconnecting,0,0,54,58,0,0,27,10485,124,344,124,414
595762,Reconnecting,0,0,54,58,0,0,27,10485,124,344,124,414
596014,Reconnecting,0,0,54,58,0,0,27,10485,124,344,124,414
596267,Reconnecting,0,0,54,58,0,0,27,10485,124,344,124,414
596519,Reconnecting,0,0,54,58,0,0,27,10485,124,344,124,414
596773,Reconnecting,0,0,54,58,0,0,27,10485,124,344,124,414
597026,Reconnecting,0,0,54,58,0,0,27,10485,124,344,124,414
597279,Reconnecting,0,0,54,58,0,0,27,10485,124,344,124,414
597534,Reconnecting,0,0,54,58,0,0,27,10485,124,344,124,414
597787,Reconnecting,0,0,54,58,0,0,27,10485,124,344,124,414
598040,Reconnecting,0,0,54,58,0,0,27,10485,124,344,124,414
598292,Reconnecting,0,0,54,58,0,0,27,10485,124,344,124,414
598544,Reconnecting,0,0,54,58,0,0,27,10485,124,344,124,414
598796,Reconnecting,0,0,54,58,0,0,27,10485,124,344,124,414
599048,Reconnecting,0,0,54,58,0,0,28,10485,124,344,124,414
599250,Reconnecting,0,0,54,58,0,0,28,10485,124,344,124,414
599503,Reconnecting,0,0,54,58,0,0,28,10485,124,344,124,414
599756,Reconnecting,0,0,54,58,0,0,28,10485,124,344,124,414
600009,Reconnecting,0,0,54,58,0,0,28,10491,0,344,124,414
