t_ms,state,buffered_bytes,buffered_ms,underruns,resumes,play_failures,stream_rebuilds,sessions,chunk_reads,last_chunk_ms,max_chunk_ms,last_push_gap_ms,max_push_gap_ms
50,Off,0,0,0,0,0,0,1,0,0,0,0,0
252,Off,0,0,0,0,0,0,1,0,0,0,0,0
505,Off,0,0,0,0,0,0,1,0,0,0,0,0
758,Off,0,0,0,0,0,0,1,0,0,0,0,0
1012,Off,0,0,0,0,0,0,1,0,0,0,0,0
1265,Playing,1927168,5462,0,0,0,0,1,79,0,161,0,161
1517,Playing,3689472,10457,0,0,0,0,1,150,0,161,0,161
1769,Playing,5645312,16001,0,0,0,0,1,233,0,161,0,161
2023,Playing,5638144,15981,0,0,0,0,1,236,0,175,0,175
2274,Playing,5666816,16062,0,0,0,0,1,240,175,175,175,175
2527,Playing,5604352,15885,0,0,0,0,1,241,175,175,175,175
2780,Playing,5652480,16021,0,0,0,0,1,246,0,175,0,175
3038,Playing,5645312,16001,0,0,0,0,1,249,0,176,0,176
3287,Playing,5665792,16059,0,0,0,0,1,253,0,176,0,176
3538,Playing,5686272,16117,0,0,0,0,1,257,0,176,0,176
3787,Playing,5632000,15963,0,0,0,0,1,258,175,176,175,176
4037,Playing,5624832,15943,0,0,0,0,1,261,170,176,170,176
4287,Playing,5645312,16001,0,0,0,0,1,268,0,176,0,176
4534,Playing,5665792,16059,0,0,0,0,1,272,0,176,0,176
4786,Playing,5611520,15905,0,0,0,0,1,273,174,176,174,176
5036,Playing,5604352,15885,0,0,0,0,1,276,174,176,174,176
5285,Playing,5652480,16021,0,0,0,0,1,281,1,176,1,176
5532,Playing,5625856,15946,0,0,0,0,1,283,177,177,177,177
5783,Playing,5646336,16004,0,0,0,0,1,287,94,177,94,177
6033,Playing,5611520,15905,0,0,0,0,1,289,0,178,0,178
6285,Playing,5632000,15963,0,0,0,0,1,293,0,178,0,178
6533,Playing,5652480,16021,0,0,0,0,1,297,0,178,0,178
6784,Playing,5681152,16103,0,0,0,0,1,301,0,178,0,178
7031,Playing,5591040,15847,0,0,0,0,1,304,0,178,18,178
7281,Playing,5611520,15905,0,0,0,0,1,308,0,178,0,178
7532,Playing,5604352,15885,0,0,0,0,1,311,0,178,0,178
7781,Playing,5633024,15966,0,0,0,0,1,315,0,178,0,178
8029,Playing,5598208,15867,0,0,0,0,1,317,0,178,0,178
8276,Playing,5599232,15870,0,0,0,0,1,320,178,178,178,178
8523,Playing,5592064,15850,0,0,0,0,1,323,9,178,9,178
8772,Playing,5557248,15751,0,0,0,0,1,325,95,178,95,178
9022,Playing,5605376,15888,0,0,0,0,1,330,0,178,0,178
9270,Playing,5634048,15969,0,0,0,0,1,334,0,178,0,178
9519,Playing,5599232,15870,0,0,0,0,1,336,175,178,175,178
9769,Playing,5582848,15824,0,0,0,0,1,341,0,178,0,178
10020,Playing,5593088,15853,0,0,0,0,1,345,0,178,0,187
10269,Playing,5558272,15754,0,0,0,0,1,347,0,331,0,332
10518,Playing,5551104,15734,0,0,0,0,1,350,0,331,0,332
10768,Playing,5543936,15714,0,0,0,0,1,353,14,331,14,332
11017,Playing,5572608,15795,0,0,0,0,1,357,0,331,0,332
11265,Playing,5593088,15853,0,0,0,0,1,361,0,331,0,332
11514,Playing,5530624,15676,0,0,0,0,1,362,174,331,174,332
11764,Playing,5559296,15757,0,0,0,0,1,366,0,331,0,332
12015,Playing,5552128,15737,0,0,0,0,1,369,0,331,0,332
12265,Playing,5572608,15795,0,0,0,0,1,373,0,331,0,332
12512,Playing,5565440,15775,0,0,0,0,1,376,174,331,174,332
12760,Playing,5538816,15699,0,0,0,0,1,381,0,331,0,332
13010,Playing,5531648,15679,0,0,0,0,1,384,0,331,0,332
13262,Playing,5552128,15737,0,0,0,0,1,388,174,331,175,332
13512,Playing,5489664,15560,0,0,0,0,1,389,95,331,95,332
13760,Playing,5490688,15563,0,0,0,0,1,392,92,331,92,332
14008,Playing,5538816,15699,0,0,0,0,1,397,0,331,0,332
14258,Playing,5531648,15679,0,0,0,0,1,400,0,331,0,332
14506,Playing,5560320,15760,0,0,0,0,1,404,0,331,0,332
14760,Playing,5525504,15661,0,0,0,0,1,406,0,331,0,332
15008,Playing,5518336,15641,0,0,0,0,1,409,94,331,94,332
15256,Playing,5511168,15621,0,0,0,0,1,412,95,331,95,332
15506,Playing,5539840,15702,0,0,0,0,1,419,0,331,0,332
15754,Playing,5477376,15525,0,0,0,0,1,420,91,331,91,332
16004,Playing,5497856,15583,0,0,0,0,1,424,94,331,94,332
16252,Playing,5490688,15563,0,0,0,0,1,427,94,331,94,332
16502,Playing,5519360,15644,0,0,0,0,1,431,0,331,0,332
16750,Playing,5484544,15545,0,0,0,0,1,433,0,331,0,332
17001,Playing,5505024,15603,0,0,0,0,1,437,0,331,0,332
17251,Playing,5497856,15583,0,0,0,0,1,440,0,331,0,332
17564,Playing,5501952,15595,0,0,0,0,1,444,0,331,0,332
17750,Playing,5519360,15644,0,0,0,0,1,447,174,331,174,332
18061,Playing,5523456,15656,0,0,0,0,1,451,0,331,0,332
18308,Playing,5479424,15531,0,0,0,0,1,456,177,331,177,332
18556,Playing,5480448,15534,0,0,0,0,1,459,0,331,0,332
18805,Playing,5473280,15513,0,0,0,0,1,462,0,331,0,332
19052,Playing,5466112,15493,0,0,0,0,1,465,171,331,171,332
19303,Playing,5494784,15574,0,0,0,0,1,469,173,331,173,332
19552,Playing,5459968,15476,0,0,0,0,1,471,0,331,0,332
19799,Playing,5480448,15534,0,0,0,0,1,475,12,331,13,332
20050,Playing,5500928,15592,0,0,0,0,1,479,14,331,14,332
20298,Playing,5501952,15595,0,0,0,0,1,482,0,331,0,332
20547,Playing,5494784,15574,0,0,0,0,1,485,95,331,95,332
20797,Playing,5487616,15554,0,0,0,0,1,488,0,331,0,332
21045,Playing,5470208,15505,0,0,0,0,1,493,0,331,12,332
21293,Playing,5444608,15432,0,0,0,0,1,496,93,331,93,332
21544,Playing,5492736,15568,0,0,0,0,1,501,0,331,0,332
21791,Playing,5438464,15415,0,0,0,0,1,502,176,331,176,332
22038,Playing,5458944,15473,0,0,0,0,1,506,0,331,0,332
22283,Playing,5479424,15531,0,0,0,0,1,510,0,331,0,332
22535,Playing,5480448,15534,0,0,0,0,1,513,94,331,94,332
22783,Playing,5445632,15435,0,0,0,0,1,515,0,331,0,332
23033,Playing,5438464,15415,0,0,0,0,1,518,0,331,0,332
23284,Playing,5458944,15473,0,0,0,0,1,522,96,331,97,332
23531,Playing,5487616,15554,0,0,0,0,1,526,0,331,0,332
23781,Playing,5425152,15377,0,0,0,0,1,527,175,331,175,332
24032,Playing,5408768,15330,0,0,0,0,1,533,94,331,94,332
24282,Playing,5429248,15389,0,0,0,0,1,537,0,331,0,332
24533,Playing,5430272,15391,0,0,0,0,1,540,0,331,0,332
24782,Playing,5423104,15371,0,0,0,0,1,543,0,331,0,332
25031,Playing,5415936,15351,0,0,0,0,1,546,0,331,0,332
25279,Playing,5416960,15354,0,0,0,0,1,549,95,331,95,332
25528,Playing,5409792,15333,0,0,0,0,1,552,0,331,0,332
25776,Playing,5402624,15313,0,0,0,0,1,555,0,331,0,332
26024,Playing,5403648,15316,0,0,0,0,1,558,90,331,90,332
26273,Playing,5368832,15217,0,0,0,0,1,560,0,331,0,332
26523,Playing,5389312,15275,0,0,0,0,1,564,93,331,93,332
26769,Playing,5390336,15278,0,0,0,0,1,570,0,331,0,332
27017,Playing,5410816,15336,0,0,0,0,1,574,12,331,12,332
27267,Playing,5403648,15316,0,0,0,0,1,577,93,331,93,332
27517,Playing,5377024,15240,0,0,0,0,1,579,0,331,0,332
27765,Playing,5397504,15299,0,0,0,0,1,583,0,331,0,332
28019,Playing,5362688,15200,0,0,0,0,1,585,0,331,0,332
28268,Playing,5355520,15180,0,0,0,0,1,588,1,331,1,332
28517,Playing,5356544,15182,0,0,0,0,1,591,90,331,90,332
28765,Playing,5377024,15240,0,0,0,0,1,595,94,331,94,332
29013,Playing,5369856,15220,0,0,0,0,1,598,99,331,99,332
29264,Playing,5335040,15121,0,0,0,0,1,600,0,331,0,332
29514,Playing,5363712,15203,0,0,0,0,1,607,0,331,14,332
29762,Playing,5356544,15182,0,0,0,0,1,610,0,331,0,332
30012,Playing,5349376,15162,0,0,0,0,1,613,95,331,95,332
30264,Playing,5369856,15220,0,0,0,0,1,617,174,331,174,332
30514,Playing,5343232,15145,0,0,0,0,1,619,0,331,0,332
30762,Playing,5336064,15124,0,0,0,0,1,622,0,331,0,332
31010,Playing,5356544,15182,0,0,0,0,1,626,0,331,0,332
31260,Playing,5385216,15264,0,0,0,0,1,630,0,331,0,332
31508,Playing,5322752,15087,0,0,0,0,1,631,94,331,94,332
31758,Playing,5370880,15223,0,0,0,0,1,636,14,331,14,332
32009,Playing,5363712,15203,0,0,0,0,1,639,0,331,0,332
32258,Playing,5364736,15206,0,0,0,0,1,642,173,331,173,332
32507,Playing,5302272,15029,0,0,0,0,1,646,0,331,0,332
32756,Playing,5330944,15110,0,0,0,0,1,650,0,331,0,332
33005,Playing,5323776,15090,0,0,0,0,1,653,93,331,93,332
33252,Playing,5288960,14991,0,0,0,0,1,655,0,331,0,332
33502,Playing,5309440,15049,0,0,0,0,1,659,91,331,91,332
33752,Playing,5338112,15130,0,0,0,0,1,663,0,331,0,332
34004,Playing,5330944,15110,0,0,0,0,1,666,0,331,0,332
34255,Playing,5351424,15168,0,0,0,0,1,670,0,331,0,332
34503,Playing,5316608,15069,0,0,0,0,1,672,0,331,0,332
34754,Playing,5309440,15049,0,0,0,0,1,675,95,331,95,332
35002,Playing,5338112,15130,0,0,0,0,1,679,93,331,93,332
35253,Playing,5330944,15110,0,0,0,0,1,685,9,331,9,332
35502,Playing,5323776,15090,0,0,0,0,1,688,13,331,13,332
35753,Playing,5269504,14936,0,0,0,0,1,689,176,331,176,332
36004,Playing,5317632,15072,0,0,0,0,1,694,2,331,2,332
36252,Playing,5310464,15052,0,0,0,0,1,697,0,331,0,332
36505,Playing,5303296,15032,0,0,0,0,1,700,0,331,0,332
36753,Playing,5304320,15034,0,0,0,0,1,703,0,331,0,332
37003,Playing,5297152,15014,0,0,0,0,1,706,92,331,92,332
37252,Playing,5317632,15072,0,0,0,0,1,710,0,331,0,332
37501,Playing,5263360,14918,0,0,0,0,1,711,175,331,175,332
37751,Playing,5283840,14976,0,0,0,0,1,715,94,331,94,332
38001,Playing,5267456,14930,0,0,0,0,1,720,0,331,14,332
38250,Playing,5297152,15014,0,0,0,0,1,725,0,331,0,332
38501,Playing,5270528,14939,0,0,0,0,1,727,0,331,0,332
38751,Playing,5263360,14918,0,0,0,0,1,730,0,331,0,332
39059,Playing,5267456,14930,0,0,0,0,1,734,0,331,0,332
39308,Playing,5260288,14910,0,0,0,0,1,737,95,331,95,332
39558,Playing,5280768,14968,0,0,0,0,1,741,0,331,0,332
39807,Playing,5301248,15026,0,0,0,0,1,745,0,331,0,332
40057,Playing,5302272,15029,0,0,0,0,1,748,176,331,177,332
40305,Playing,5267456,14930,0,0,0,0,1,750,0,331,0,332
40555,Playing,5260288,14910,0,0,0,0,1,753,92,331,92,332
40803,Playing,5261312,14913,0,0,0,0,1,759,92,331,92,332
41053,Playing,5226496,14814,0,0,0,0,1,761,0,331,0,332
41305,Playing,5246976,14872,0,0,0,0,1,765,1,331,2,332
41554,Playing,5267456,14930,0,0,0,0,1,769,16,331,16,332
41805,Playing,5260288,14910,0,0,0,0,1,772,0,331,0,332
42054,Playing,5233664,14834,0,0,0,0,1,774,0,331,0,332
42305,Playing,5254144,14892,0,0,0,0,1,778,0,331,0,332
42554,Playing,5246976,14872,0,0,0,0,1,781,0,333,0,333
42804,Playing,5275648,14953,0,0,0,0,1,785,0,333,0,333
43053,Playing,5268480,14933,0,0,0,0,1,788,174,333,174,333
43300,Playing,5261312,14913,0,0,0,0,1,791,174,333,174,333
43549,Playing,5226496,14814,0,0,0,0,1,793,0,333,0,333
43798,Playing,5245952,14869,0,0,0,0,1,800,0,333,0,333
44048,Playing,5238784,14849,0,0,0,0,1,803,0,333,0,333
44298,Playing,5203968,14750,0,0,0,0,1,805,1,333,1,333
44547,Playing,5232640,14831,0,0,0,0,1,809,0,333,0,333
44797,Playing,5225472,14811,0,0,0,0,1,812,0,333,0,333
45045,Playing,5245952,14869,0,0,0,0,1,816,0,333,0,333
45295,Playing,5183488,14692,0,0,0,0,1,817,90,333,90,333
45543,Playing,5184512,14695,0,0,0,0,1,820,94,333,94,333
45793,Playing,5232640,14831,0,0,0,0,1,825,0,333,0,333
46044,Playing,5253120,14889,0,0,0,0,1,829,0,333,0,333
46297,Playing,5227520,14817,0,0,0,0,1,832,0,333,0,333
46548,Playing,5182464,14689,0,0,0,0,1,836,0,333,0,333
46798,Playing,5175296,14669,0,0,0,0,1,839,0,333,0,333
47046,Playing,5168128,14648,0,0,0,0,1,842,171,333,171,333
47297,Playing,5160960,14628,0,0,0,0,1,845,0,333,0,333
47548,Playing,5161984,14631,0,0,0,0,1,848,94,333,94,333
47796,Playing,5182464,14689,0,0,0,0,1,852,176,333,176,333
48045,Playing,5202944,14747,0,0,0,0,1,856,0,333,0,333
48296,Playing,5195776,14727,0,0,0,0,1,859,0,333,0,333
48546,Playing,5196800,14730,0,0,0,0,1,862,0,333,0,333
48797,Playing,5189632,14709,0,0,0,0,1,865,0,333,0,333
49045,Playing,5182464,14689,0,0,0,0,1,868,178,333,178,333
49292,Playing,5146624,14587,0,0,0,0,1,873,4,333,4,333
49543,Playing,5139456,14567,0,0,0,0,1,876,0,333,0,333
49793,Playing,5159936,14625,0,0,0,0,1,880,0,333,0,333
50044,Playing,5152768,14605,0,0,0,0,1,883,0,333,0,333
50291,Playing,5126144,14529,0,0,0,0,1,885,0,333,0,333
50542,Playing,5146624,14587,0,0,0,0,1,889,0,333,0,333
50789,Playing,5167104,14645,0,0,0,0,1,893,0,333,0,333
51041,Playing,5132288,14547,0,0,0,0,1,895,172,333,172,333
51290,Playing,5188608,14706,0,0,0,0,1,900,0,333,0,333
51538,Playing,5126144,14529,0,0,0,0,1,901,97,333,97,333
51787,Playing,5146624,14587,0,0,0,0,1,905,0,333,0,333
52036,Playing,5120000,14512,0,0,0,0,1,910,0,333,14,333
52286,Playing,5168128,14648,0,0,0,0,1,915,0,333,0,333
52535,Playing,5105664,14471,0,0,0,0,1,916,95,333,95,333
52785,Playing,5134336,14553,0,0,0,0,1,920,0,333,0,333
53035,Playing,5127168,14532,0,0,0,0,1,923,0,333,0,333
53283,Playing,5120000,14512,0,0,0,0,1,926,176,333,176,333
53535,Playing,5112832,14492,0,0,0,0,1,929,0,333,0,333
53785,Playing,5113856,14495,0,0,0,0,1,932,0,333,0,333
54036,Playing,5134336,14553,0,0,0,0,1,936,2,333,2,333
54283,Playing,5154816,14611,0,0,0,0,1,940,0,333,0,333
54534,Playing,5147648,14590,0,0,0,0,1,943,0,333,0,333
54783,Playing,5121024,14515,0,0,0,0,1,945,1,333,1,333
55032,Playing,5113856,14495,0,0,0,0,1,951,0,333,0,333
55283,Playing,5106688,14474,0,0,0,0,1,954,0,333,0,333
55533,Playing,5071872,14376,0,0,0,0,1,956,0,333,0,333
55785,Playing,5072896,14378,0,0,0,0,1,959,0,333,0,333
56032,Playing,5093376,14437,0,0,0,0,1,963,172,333,172,333
56280,Playing,5113856,14495,0,0,0,0,1,967,0,333,0,333
56531,Playing,5142528,14576,0,0,0,0,1,971,0,333,0,333
56779,Playing,5080064,14399,0,0,0,0,1,972,176,333,176,333
57026,Playing,5128192,14535,0,0,0,0,1,977,0,333,0,333
57277,Playing,5101568,14460,0,0,0,0,1,979,175,333,175,333
57524,Playing,5122048,14518,0,0,0,0,1,983,96,333,96,333
57773,Playing,5059584,14341,0,0,0,0,1,987,3,333,3,333
58022,Playing,5052416,14320,0,0,0,0,1,990,176,333,177,333
58273,Playing,5081088,14402,0,0,0,0,1,994,173,333,173,333
58524,Playing,5101568,14460,0,0,0,0,1,998,0,333,0,333
58772,Playing,5066752,14361,0,0,0,0,1,1000,0,333,0,333
59021,Playing,5067776,14364,0,0,0,0,1,1003,0,333,0,333
59271,Playing,5088256,14422,0,0,0,0,1,1007,0,333,0,333
59520,Playing,5081088,14402,0,0,0,0,1,1010,176,333,176,333
59769,Playing,5046272,14303,0,0,0,0,1,1012,0,333,0,333
60017,Playing,5074944,14384,0,0,0,0,1,1016,0,333,0,333
60268,Playing,5067776,14364,0,0,0,0,1,1019,175,333,175,333
60516,Playing,5060608,14344,0,0,0,0,1,1025,0,333,0,333
60766,Playing,5033984,14268,0,0,0,0,1,1027,12,333,12,333
61014,Playing,5026816,14248,0,0,0,0,1,1030,95,333,95,333
61262,Playing,5047296,14306,0,0,0,0,1,1034,0,333,0,333
61512,Playing,5048320,14309,0,0,0,0,1,1037,0,333,0,333
61761,Playing,5041152,14288,0,0,0,0,1,1040,0,333,0,333
62012,Playing,5033984,14268,0,0,0,0,1,1043,14,333,14,333
62262,Playing,5054464,14326,0,0,0,0,1,1047,0,333,0,333
62511,Playing,5055488,14329,0,0,0,0,1,1050,95,333,95,333
62761,Playing,5020672,14230,0,0,0,0,1,1052,0,333,0,333
63010,Playing,5041152,14288,0,0,0,0,1,1056,0,333,0,333
63260,Playing,5024768,14242,0,0,0,0,1,1061,0,333,15,333
63510,Playing,5035008,14271,0,0,0,0,1,1065,1,333,1,333
63759,Playing,5027840,14251,0,0,0,0,1,1068,92,333,93,333
64010,Playing,4993024,14152,0,0,0,0,1,1070,0,333,0,333
64257,Playing,5021696,14233,0,0,0,0,1,1074,0,333,0,333
64504,Playing,5042176,14291,0,0,0,0,1,1078,0,333,0,333
64753,Playing,5035008,14271,0,0,0,0,1,1081,94,333,94,333
65001,Playing,5008384,14196,0,0,0,0,1,1083,0,333,0,333
65312,Playing,5004288,14184,0,0,0,0,1,1087,0,333,0,333
65500,Playing,5021696,14233,0,0,0,0,1,1090,0,333,0,333
65812,Playing,5025792,14245,0,0,0,0,1,1094,0,333,0,333
66060,Playing,5009408,14199,0,0,0,0,1,1099,0,333,13,333
66310,Playing,4983808,14126,0,0,0,0,1,1102,0,333,0,333
66560,Playing,4984832,14129,0,0,0,0,1,1105,0,333,0,333
66809,Playing,4977664,14109,0,0,0,0,1,1108,94,333,95,333
67057,Playing,5025792,14245,0,0,0,0,1,1113,0,333,0,333
67306,Playing,5026816,14248,0,0,0,0,1,1116,0,333,0,333
67557,Playing,4964352,14071,0,0,0,0,1,1117,96,333,96,333
67806,Playing,5012480,14207,0,0,0,0,1,1122,0,333,0,333
68055,Playing,5005312,14187,0,0,0,0,1,1125,0,333,0,333
68304,Playing,5033984,14268,0,0,0,0,1,1129,0,333,0,333
68553,Playing,4971520,14091,0,0,0,0,1,1130,95,333,95,333
68803,Playing,4992000,14149,0,0,0,0,1,1134,174,333,174,333
69053,Playing,4983808,14126,0,0,0,0,1,1140,0,333,0,333
69302,Playing,5004288,14184,0,0,0,0,1,1144,0,333,0,333
69552,Playing,4941824,14007,0,0,0,0,1,1145,92,333,92,333
69799,Playing,4970496,14088,0,0,0,0,1,1149,0,333,0,333
70048,Playing,4963328,14068,0,0,0,0,1,1152,175,333,175,333
70298,Playing,4983808,14126,0,0,0,0,1,1156,0,333,0,333
70545,Playing,4948992,14027,0,0,0,0,1,1158,0,333,0,333
70796,Playing,4950016,14030,0,0,0,0,1,1161,175,333,175,333
71046,Playing,4970496,14088,0,0,0,0,1,1165,175,333,175,333
71294,Playing,4990976,14146,0,0,0,0,1,1169,0,333,0,333
71543,Playing,4936704,13992,0,0,0,0,1,1170,176,333,176,333
71791,Playing,4947968,14024,0,0,0,0,1,1177,0,333,0,333
72042,Playing,4940800,14004,0,0,0,0,1,1180,0,333,0,333
72290,Playing,4933632,13984,0,0,0,0,1,1183,175,333,175,333
72540,Playing,4934656,13987,0,0,0,0,1,1186,15,333,15,333
72792,Playing,4927488,13966,0,0,0,0,1,1189,0,335,0,335
73040,Playing,4920320,13946,0,0,0,0,1,1192,174,335,174,335
73288,Playing,4976640,14106,0,0,0,0,1,1197,0,335,0,335
73539,Playing,4969472,14085,0,0,0,0,1,1200,2,335,2,335
73790,Playing,4907008,13908,0,0,0,0,1,1201,173,335,173,335
74038,Playing,4927488,13966,0,0,0,0,1,1205,0,335,0,335
74289,Playing,4956160,14048,0,0,0,0,1,1209,0,335,0,335
74537,Playing,4912128,13923,0,0,0,0,1,1214,96,335,96,335
74787,Playing,4877312,13824,0,0,0,0,1,1216,0,335,0,335
75037,Playing,4897792,13882,0,0,0,0,1,1220,0,335,0,335
75285,Playing,4926464,13963,0,0,0,0,1,1224,0,335,0,335
75535,Playing,4919296,13943,0,0,0,0,1,1227,0,335,0,335
75784,Playing,4884480,13844,0,0,0,0,1,1229,0,335,0,335
76037,Playing,4904960,13902,0,0,0,0,1,1233,0,335,0,335
76289,Playing,4905984,13905,0,0,0,0,1,1236,0,335,0,335
76537,Playing,4898816,13885,0,0,0,0,1,1239,97,335,97,335
76789,Playing,4919296,13943,0,0,0,0,1,1243,96,335,96,335
77037,Playing,4884480,13844,0,0,0,0,1,1245,0,335,0,335
77285,Playing,4885504,13847,0,0,0,0,1,1251,0,335,14,335
77533,Playing,4905984,13905,0,0,0,0,1,1255,0,335,0,335
77785,Playing,4898816,13885,0,0,0,0,1,1258,10,335,10,335
78036,Playing,4872192,13810,0,0,0,0,1,1260,0,335,0,335
78289,Playing,4865024,13789,0,0,0,0,1,1263,0,335,0,335
78537,Playing,4885504,13847,0,0,0,0,1,1267,0,335,0,335
78786,Playing,4905984,13905,0,0,0,0,1,1271,0,335,0,335
79037,Playing,4879360,13830,0,0,0,0,1,1273,0,335,0,335
79283,Playing,4844544,13731,0,0,0,0,1,1275,180,335,180,335
79531,Playing,4892672,13868,0,0,0,0,1,1280,0,335,0,335
79779,Playing,4921344,13949,0,0,0,0,1,1284,0,335,0,335
80029,Playing,4858880,13772,0,0,0,0,1,1285,173,335,174,335
80279,Playing,4851712,13752,0,0,0,0,1,1291,0,335,0,335
80527,Playing,4872192,13810,0,0,0,0,1,1295,0,335,0,335
80777,Playing,4845568,13734,0,0,0,0,1,1297,174,335,174,335
81025,Playing,4838400,13714,0,0,0,0,1,1300,1,335,1,335
81274,Playing,4831232,13693,0,0,0,0,1,1303,178,335,178,335
81526,Playing,4851712,13752,0,0,0,0,1,1307,0,335,0,335
81775,Playing,4852736,13754,0,0,0,0,1,1310,178,335,178,335
82025,Playing,4817920,13656,0,0,0,0,1,1312,0,335,0,335
82274,Playing,4838400,13714,0,0,0,0,1,1316,173,335,173,335
82524,Playing,4858880,13772,0,0,0,0,1,1320,0,335,0,335
82773,Playing,4859904,13775,0,0,0,0,1,1323,0,335,0,335
83023,Playing,4797440,13598,0,0,0,0,1,1327,0,335,14,335
83274,Playing,4817920,13656,0,0,0,0,1,1331,0,335,0,335
83522,Playing,4818944,13659,0,0,0,0,1,1334,173,335,173,335
83773,Playing,4839424,13717,0,0,0,0,1,1338,95,335,95,335
84022,Playing,4859904,13775,0,0,0,0,1,1342,0,335,0,335
84272,Playing,4825088,13676,0,0,0,0,1,1344,0,335,0,335
84521,Playing,4853760,13757,0,0,0,0,1,1348,0,335,0,335
84770,Playing,4846592,13737,0,0,0,0,1,1351,0,335,0,335
85019,Playing,4839424,13717,0,0,0,0,1,1354,92,335,92,335
85268,Playing,4832256,13696,0,0,0,0,1,1357,0,335,0,335
85518,Playing,4833280,13699,0,0,0,0,1,1360,13,335,13,335
85767,Playing,4798464,13601,0,0,0,0,1,1365,93,335,93,335
86018,Playing,4791296,13580,0,0,0,0,1,1368,95,335,95,335
86266,Playing,4792320,13583,0,0,0,0,1,1371,0,335,0,335
86515,Playing,4812800,13641,0,0,0,0,1,1375,0,335,0,335
86763,Playing,4833280,13699,0,0,0,0,1,1379,0,335,0,335
87013,Playing,4751360,13467,0,0,0,0,1,1379,0,335,0,335
87261,Playing,4799488,13603,0,0,0,0,1,1384,0,335,0,335
87510,Playing,4792320,13583,0,0,0,0,1,1387,0,335,0,335
87760,Playing,4820992,13664,0,0,0,0,1,1391,0,335,0,335
88011,Playing,4813824,13644,0,0,0,0,1,1394,95,335,95,335
88259,Playing,4779008,13545,0,0,0,0,1,1396,0,335,0,335
88508,Playing,4790272,13577,0,0,0,0,1,1402,0,335,14,335
88758,Playing,4800512,13606,0,0,0,0,1,1406,0,335,0,335
89007,Playing,4793344,13586,0,0,0,0,1,1409,0,335,0,335
89254,Playing,4758528,13487,0,0,0,0,1,1411,0,335,0,335
89504,Playing,4779008,13545,0,0,0,0,1,1415,0,335,0,335
89753,Playing,4780032,13548,0,0,0,0,1,1418,0,335,0,335
90003,Playing,4772864,13528,0,0,0,0,1,1421,99,335,99,335
90252,Playing,4765696,13508,0,0,0,0,1,1424,0,335,0,335
90501,Playing,4739072,13432,0,0,0,0,1,1426,97,335,97,335
90750,Playing,4787200,13569,0,0,0,0,1,1431,0,335,0,335
91062,Playing,4763648,13502,0,0,0,0,1,1434,13,335,13,335
91250,Playing,4753408,13473,0,0,0,0,1,1436,1,335,2,335
91501,Playing,4773888,13531,0,0,0,0,1,1443,0,335,0,335
91811,Playing,4714496,13363,0,0,0,0,1,1445,95,335,95,335
92059,Playing,4743168,13444,0,0,0,0,1,1449,94,335,94,335
92310,Playing,4763648,13502,0,0,0,0,1,1453,0,335,0,335
92557,Playing,4756480,13482,0,0,0,0,1,1456,0,335,0,335
92808,Playing,4721664,13383,0,0,0,0,1,1458,0,335,0,335
93057,Playing,4722688,13386,0,0,0,0,1,1461,99,335,99,335
93306,Playing,4743168,13444,0,0,0,0,1,1465,95,335,95,335
93558,Playing,4736000,13424,0,0,0,0,1,1468,94,335,94,335
93806,Playing,4737024,13426,0,0,0,0,1,1471,0,335,0,335
94054,Playing,4729856,13406,0,0,0,0,1,1474,0,335,0,335
94304,Playing,4713472,13360,0,0,0,0,1,1480,0,335,0,335
94555,Playing,4706304,13339,0,0,0,0,1,1483,95,335,95,335
94803,Playing,4734976,13421,0,0,0,0,1,1487,0,335,0,335
95052,Playing,4700160,13322,0,0,0,0,1,1489,0,335,0,335
95302,Playing,4720640,13380,0,0,0,0,1,1493,0,335,0,335
95551,Playing,4721664,13383,0,0,0,0,1,1496,0,335,0,335
95800,Playing,4742144,13441,0,0,0,0,1,1500,0,335,0,335
96049,Playing,4707328,13342,0,0,0,0,1,1502,0,335,0,335
96298,Playing,4708352,13345,0,0,0,0,1,1505,0,335,0,335
96546,Playing,4728832,13403,0,0,0,0,1,1509,0,335,0,335
96796,Playing,4749312,13461,0,0,0,0,1,1513,0,335,0,335
97047,Playing,4676608,13255,0,0,0,0,1,1516,0,335,15,335
97295,Playing,4678656,13261,0,0,0,0,1,1520,0,335,0,335
97544,Playing,4699136,13319,0,0,0,0,1,1524,0,335,0,335
97791,Playing,4700160,13322,0,0,0,0,1,1527,0,335,0,335
98040,Playing,4665344,13223,0,0,0,0,1,1529,0,335,0,335
98289,Playing,4658176,13203,0,0,0,0,1,1532,0,335,0,335
98538,Playing,4678656,13261,0,0,0,0,1,1536,0,335,0,335
98788,Playing,4707328,13342,0,0,0,0,1,1540,0,335,0,335
99035,Playing,4644864,13165,0,0,0,0,1,1541,176,335,177,335
99285,Playing,4665344,13223,0,0,0,0,1,1545,178,335,178,335
99533,Playing,4694016,13305,0,0,0,0,1,1549,0,335,0,335
99784,Playing,4631552,13127,0,0,0,0,1,1550,94,335,95,335
100034,Playing,4642816,13159,0,0,0,0,1,1557,0,335,0,335
100283,Playing,4635648,13139,0,0,0,0,1,1560,0,335,0,335
100533,Playing,4636672,13142,0,0,0,0,1,1563,175,335,175,335
100783,Playing,4657152,13200,0,0,0,0,1,1567,0,335,0,335
101031,Playing,4622336,13101,0,0,0,0,1,1569,15,335,15,335
101283,Playing,4642816,13159,0,0,0,0,1,1573,0,335,0,335
101534,Playing,4671488,13241,0,0,0,0,1,1577,1,335,1,335
101783,Playing,4636672,13142,0,0,0,0,1,1579,95,335,95,335
102036,Playing,4629504,13122,0,0,0,0,1,1582,0,335,0,335
102282,Playing,4658176,13203,0,0,0,0,1,1586,0,335,0,335
102532,Playing,4651008,13183,0,0,0,0,1,1589,0,335,0,335
102782,Playing,4616192,13084,0,0,0,0,1,1594,95,335,95,335
103031,Playing,4581376,12985,0,0,0,0,1,1596,0,335,0,335
103279,Playing,4582400,12988,0,0,0,0,1,1599,93,335,93,335
103528,Playing,4630528,13125,0,0,0,0,1,1604,0,335,0,335
103778,Playing,4568064,12948,0,0,0,0,1,1605,93,335,93,335
104027,Playing,4596736,13029,0,0,0,0,1,1609,0,335,0,335
104277,Playing,4617216,13087,0,0,0,0,1,1613,0,335,0,335
104527,Playing,4610048,13067,0,0,0,0,1,1616,0,335,0,335
104778,Playing,4602880,13046,0,0,0,0,1,1619,176,335,176,335
105025,Playing,4603904,13049,0,0,0,0,1,1622,0,335,0,335
105273,Playing,4596736,13029,0,0,0,0,1,1625,98,335,98,335
105522,Playing,4561920,12930,0,0,0,0,1,1630,0,335,14,335
105770,Playing,4590592,13011,0,0,0,0,1,1634,173,335,174,335
106020,Playing,4555776,12913,0,0,0,0,1,1636,0,335,0,335
106270,Playing,4576256,12971,0,0,0,0,1,1640,0,335,0,335
106517,Playing,4604928,13052,0,0,0,0,1,1644,0,335,0,335
106765,Playing,4597760,13032,0,0,0,0,1,1647,1,335,1,335
107013,Playing,4562944,12933,0,0,0,0,1,1649,0,335,0,335
107262,Playing,4591616,13014,0,0,0,0,1,1653,12,335,12,335
107513,Playing,4584448,12994,0,0,0,0,1,1656,12,335,12,335
107760,Playing,4604928,13052,0,0,0,0,1,1660,19,335,19,335
108013,Playing,4625408,13110,0,0,0,0,1,1664,0,335,0,335
108263,Playing,4571136,12956,0,0,0,0,1,1665,175,335,175,335
108510,Playing,4563968,12936,0,0,0,0,1,1671,0,335,1,335
108760,Playing,4584448,12994,0,0,0,0,1,1675,0,335,0,335
109009,Playing,4577280,12974,0,0,0,0,1,1678,94,335,94,335
109259,Playing,4605952,13055,0,0,0,0,1,1682,0,335,0,335
109509,Playing,4543488,12878,0,0,0,0,1,1683,174,335,174,335
109758,Playing,4563968,12936,0,0,0,0,1,1687,95,335,95,335
110007,Playing,4592640,13017,0,0,0,0,1,1691,0,335,0,335
110257,Playing,4530176,12840,0,0,0,0,1,1692,176,335,176,335
110506,Playing,4550656,12898,0,0,0,0,1,1696,94,335,94,335
110757,Playing,4571136,12956,0,0,0,0,1,1700,0,335,0,335
111005,Playing,4516864,12802,0,0,0,0,1,1701,174,335,174,335
111254,Playing,4509696,12782,0,0,0,0,1,1707,0,335,0,335
111503,Playing,4530176,12840,0,0,0,0,1,1711,0,335,0,335
111752,Playing,4531200,12843,0,0,0,0,1,1714,97,335,97,335
112003,Playing,4524032,12823,0,0,0,0,1,1717,0,335,0,335
112254,Playing,4516864,12802,0,0,0,0,1,1720,94,335,94,335
112501,Playing,4509696,12782,0,0,0,0,1,1723,96,335,96,335
112751,Playing,4538368,12863,0,0,0,0,1,1727,95,335,96,335
113003,Playing,4558848,12921,0,0,0,0,1,1731,0,335,0,335
113313,Playing,4535296,12855,0,0,0,0,1,1734,174,335,174,335
113501,Playing,4525056,12826,0,0,0,0,1,1736,0,335,0,335
113810,Playing,4520960,12814,0,0,0,0,1,1740,0,335,0,335
114059,Playing,4494336,12739,0,0,0,0,1,1745,0,335,0,335
114312,Playing,4514816,12797,0,0,0,0,1,1749,13,335,13,335
114502,Playing,4532224,12846,0,0,0,0,1,1752,94,335,94,335
114754,Playing,4525056,12826,0,0,0,0,1,1755,0,335,0,335
115000,Playing,4517888,12805,0,0,0,0,1,1758,0,335,0,335
115251,Playing,4510720,12785,0,0,0,0,1,1761,94,335,94,335
115563,Playing,4514816,12797,0,0,0,0,1,1765,96,335,96,335
115810,Playing,4480000,12698,0,0,0,0,1,1767,0,335,0,335
116059,Playing,4508672,12779,0,0,0,0,1,1771,0,335,0,335
116309,Playing,4501504,12759,0,0,0,0,1,1774,94,335,94,335
116560,Playing,4521984,12817,0,0,0,0,1,1778,0,335,0,335
116808,Playing,4487168,12718,0,0,0,0,1,1783,0,335,0,335
117057,Playing,4515840,12800,0,0,0,0,1,1787,13,335,13,335
117308,Playing,4481024,12701,0,0,0,0,1,1789,0,335,0,335
117560,Playing,4473856,12680,0,0,0,0,1,1792,175,335,175,335
117809,Playing,4494336,12739,0,0,0,0,1,1796,0,335,0,335
118058,Playing,4495360,12741,0,0,0,0,1,1799,99,335,99,335
118307,Playing,4460544,12643,0,0,0,0,1,1801,1,335,1,335
118556,Playing,4481024,12701,0,0,0,0,1,1805,0,335,0,335
118802,Playing,4509696,12782,0,0,0,0,1,1809,0,335,0,335
119054,Playing,4502528,12762,0,0,0,0,1,1812,92,335,92,335
119307,Playing,4495360,12741,0,0,0,0,1,1815,94,335,94,335
119558,Playing,4442112,12591,0,0,0,0,1,1819,0,335,13,335
119809,Playing,4452352,12620,0,0,0,0,1,1823,0,335,0,335
120057,Playing,4472832,12678,0,0,0,0,1,1827,0,335,0,335
120308,Playing,4410368,12501,0,0,0,0,1,1828,93,335,93,335
120557,Playing,4430848,12559,0,0,0,0,1,1832,171,335,171,335
120804,Playing,4459520,12640,0,0,0,0,1,1836,0,335,0,335
121054,Playing,4480000,12698,0,0,0,0,1,1840,1,335,1,335
121305,Playing,4472832,12678,0,0,0,0,1,1843,0,335,0,335
121556,Playing,4438016,12579,0,0,0,0,1,1845,0,335,0,335
121805,Playing,4439040,12582,0,0,0,0,1,1848,98,335,98,335
122051,Playing,4459520,12640,0,0,0,0,1,1852,94,335,94,335
122301,Playing,4433920,12567,0,0,0,0,1,1857,0,335,15,335
122548,Playing,4416512,12518,0,0,0,0,1,1860,0,335,0,335
122801,Playing,4409344,12498,0,0,0,0,1,1863,177,335,177,335
123050,Playing,4429824,12556,0,0,0,0,1,1867,0,335,0,335
123297,Playing,4430848,12559,0,0,0,0,1,1870,0,335,0,335
123544,Playing,4396032,12460,0,0,0,0,1,1872,0,335,0,335
123793,Playing,4388864,12440,0,0,0,0,1,1875,177,335,177,335
124043,Playing,4417536,12521,0,0,0,0,1,1879,176,335,176,335
124294,Playing,4410368,12501,0,0,0,0,1,1882,14,335,14,335
124545,Playing,4403200,12480,0,0,0,0,1,1885,0,338,0,339
124793,Playing,4396032,12460,0,0,0,0,1,1888,174,338,174,339
125043,Playing,4424704,12541,0,0,0,0,1,1892,0,338,0,339
125293,Playing,4380672,12416,0,0,0,0,1,1897,0,338,0,339
125544,Playing,4373504,12396,0,0,0,0,1,1900,0,338,0,339
125792,Playing,4366336,12376,0,0,0,0,1,1903,15,338,15,339
126039,Playing,4395008,12457,0,0,0,0,1,1907,0,338,0,339
126290,Playing,4387840,12437,0,0,0,0,1,1910,174,338,175,339
126540,Playing,4353024,12338,0,0,0,0,1,1912,3,338,3,339
126788,Playing,4354048,12341,0,0,0,0,1,1915,94,338,94,339
127039,Playing,4374528,12399,0,0,0,0,1,1919,0,338,0,339
127286,Playing,4395008,12457,0,0,0,0,1,1923,0,338,0,339
127538,Playing,4332544,12280,0,0,0,0,1,1924,93,338,93,339
127787,Playing,4388864,12440,0,0,0,0,1,1929,10,338,10,339
128037,Playing,4354048,12341,0,0,0,0,1,1934,0,339,0,339
128287,Playing,4346880,12321,0,0,0,0,1,1937,176,339,176,339
128536,Playing,4347904,12323,0,0,0,0,1,1940,0,339,0,339
128786,Playing,4340736,12303,0,0,0,0,1,1943,0,339,0,339
129033,Playing,4361216,12361,0,0,0,0,1,1947,0,339,0,339
129286,Playing,4354048,12341,0,0,0,0,1,1950,92,339,92,339
129532,Playing,4299776,12187,0,0,0,0,1,1951,177,339,177,339
129784,Playing,4347904,12323,0,0,0,0,1,1956,0,339,0,339
130032,Playing,4313088,12225,0,0,0,0,1,1958,94,339,94,339
130283,Playing,4361216,12361,0,0,0,0,1,1963,0,339,0,339
130534,Playing,4362240,12364,0,0,0,0,1,1966,0,339,0,339
130784,Playing,4327424,12265,0,0,0,0,1,1971,0,339,14,339
131031,Playing,4292608,12167,0,0,0,0,1,1973,95,339,96,339
131283,Playing,4313088,12225,0,0,0,0,1,1977,93,339,93,339
131532,Playing,4341760,12306,0,0,0,0,1,1981,0,339,0,339
131782,Playing,4362240,12364,0,0,0,0,1,1985,0,339,0,339
132031,Playing,4299776,12187,0,0,0,0,1,1986,174,339,174,339
132280,Playing,4328448,12268,0,0,0,0,1,1990,0,339,0,339
132533,Playing,4321280,12248,0,0,0,0,1,1993,92,339,92,339
132781,Playing,4314112,12228,0,0,0,0,1,1996,0,339,0,339
133030,Playing,4306944,12207,0,0,0,0,1,1999,0,339,0,339
133282,Playing,4307968,12210,0,0,0,0,1,2002,94,339,94,339
133531,Playing,4328448,12268,0,0,0,0,1,2006,93,339,93,339
133782,Playing,4321280,12248,0,0,0,0,1,2012,0,339,0,339
134030,Playing,4294656,12173,0,0,0,0,1,2014,0,339,0,339
134281,Playing,4315136,12231,0,0,0,0,1,2018,0,339,0,339
134529,Playing,4307968,12210,0,0,0,0,1,2021,0,339,0,339
134779,Playing,4273152,12112,0,0,0,0,1,2023,0,339,0,339
135028,Playing,4301824,12193,0,0,0,0,1,2027,0,339,0,339
135279,Playing,4294656,12173,0,0,0,0,1,2030,0,339,0,339
135527,Playing,4287488,12152,0,0,0,0,1,2033,92,339,92,339
135777,Playing,4335616,12289,0,0,0,0,1,2038,0,339,0,339
136026,Playing,4281344,12135,0,0,0,0,1,2039,96,339,96,339
136274,Playing,4301824,12193,0,0,0,0,1,2043,0,339,0,339
136527,Playing,4267008,12094,0,0,0,0,1,2048,0,339,0,339
136778,Playing,4287488,12152,0,0,0,0,1,2052,0,339,0,339
137030,Playing,4260864,12077,0,0,0,0,1,2054,0,339,0,339
137282,Playing,4253696,12056,0,0,0,0,1,2057,0,339,0,339
137531,Playing,4274176,12115,0,0,0,0,1,2061,0,339,0,339
137781,Playing,4267008,12094,0,0,0,0,1,2064,179,339,179,339
138030,Playing,4240384,12019,0,0,0,0,1,2066,0,339,0,339
138278,Playing,4260864,12077,0,0,0,0,1,2070,0,339,0,339
138530,Playing,4281344,12135,0,0,0,0,1,2074,0,339,0,339
138777,Playing,4274176,12115,0,0,0,0,1,2077,13,339,13,339
139025,Playing,4275200,12117,0,0,0,0,1,2080,97,339,97,339
139271,Playing,4268032,12097,0,0,0,0,1,2086,16,339,17,339
139517,Playing,4241408,12022,0,0,0,0,1,2088,0,339,0,339
139767,Playing,4261888,12080,0,0,0,0,1,2092,0,339,0,339
140018,Playing,4282368,12138,0,0,0,0,1,2096,0,339,0,339
140271,Playing,4275200,12117,0,0,0,0,1,2099,0,339,0,339
140520,Playing,4248576,12042,0,0,0,0,1,2101,0,339,0,339
140770,Playing,4269056,12100,0,0,0,0,1,2105,0,339,0,339
141017,Playing,4261888,12080,0,0,0,0,1,2108,0,339,0,339
141266,Playing,4227072,11981,0,0,0,0,1,2110,14,339,14,339
141515,Playing,4255744,12062,0,0,0,0,1,2114,0,339,0,339
141761,Playing,4248576,12042,0,0,0,0,1,2117,0,339,0,339
142011,Playing,4241408,12022,0,0,0,0,1,2123,0,339,0,339
142260,Playing,4187136,11868,0,0,0,0,1,2124,95,339,95,339
142509,Playing,4207616,11926,0,0,0,0,1,2128,93,339,93,339
142757,Playing,4200448,11906,0,0,0,0,1,2131,93,339,93,339
143006,Playing,4256768,12065,0,0,0,0,1,2136,0,339,0,339
143255,Playing,4194304,11888,0,0,0,0,1,2137,94,339,94,339
143506,Playing,4214784,11946,0,0,0,0,1,2141,0,339,0,339
143755,Playing,4207616,11926,0,0,0,0,1,2144,0,339,0,339
144006,Playing,4236288,12007,0,0,0,0,1,2148,171,339,171,339
144255,Playing,4229120,11987,0,0,0,0,1,2151,173,339,173,339
144504,Playing,4194304,11888,0,0,0,0,1,2153,0,339,0,339
144754,Playing,4214784,11946,0,0,0,0,1,2157,175,339,175,339
145002,Playing,4206592,11923,0,0,0,0,1,2163,0,339,0,339
145252,Playing,4171776,11824,0,0,0,0,1,2165,0,339,0,339
145503,Playing,4192256,11882,0,0,0,0,1,2169,13,339,13,339
145753,Playing,4193280,11885,0,0,0,0,1,2172,0,339,0,339
146002,Playing,4186112,11865,0,0,0,0,1,2175,95,339,95,339
146252,Playing,4178944,11845,0,0,0,0,1,2178,0,339,0,339
146500,Playing,4171776,11824,0,0,0,0,1,2181,0,339,0,339
146750,Playing,4200448,11906,0,0,0,0,1,2185,14,339,14,339
147059,Playing,4168704,11816,0,0,0,0,1,2188,0,339,0,339
147309,Playing,4197376,11897,0,0,0,0,1,2192,14,339,14,339
147555,Playing,4190208,11877,0,0,0,0,1,2195,171,339,171,339
147804,Playing,4146176,11752,0,0,0,0,1,2200,0,339,0,339
148056,Playing,4147200,11755,0,0,0,0,1,2203,0,339,0,339
148306,Playing,4167680,11813,0,0,0,0,1,2207,14,339,14,339
148556,Playing,4188160,11871,0,0,0,0,1,2211,0,339,0,339
148809,Playing,4125696,11694,0,0,0,0,1,2212,175,339,175,339
149062,Playing,4146176,11752,0,0,0,0,1,2216,0,339,0,339
149309,Playing,4174848,11833,0,0,0,0,1,2220,0,339,0,339
149559,Playing,4167680,11813,0,0,0,0,1,2223,0,340,0,340
149809,Playing,4160512,11792,0,0,0,0,1,2226,175,340,175,340
150058,Playing,4133888,11717,0,0,0,0,1,2228,2,340,2,340
150307,Playing,4154368,11775,0,0,0,0,1,2232,0,340,0,340
150555,Playing,4137984,11728,0,0,0,0,1,2238,0,340,0,340
150805,Playing,4075520,11551,0,0,0,0,1,2239,95,340,95,340
151055,Playing,4104192,11633,0,0,0,0,1,2243,0,340,0,340
151306,Playing,4124672,11691,0,0,0,0,1,2247,0,340,0,340
151555,Playing,4117504,11670,0,0,0,0,1,2250,0,340,0,340
151805,Playing,4146176,11752,0,0,0,0,1,2254,0,340,0,340
152055,Playing,4111360,11653,0,0,0,0,1,2256,14,340,14,340
152304,Playing,4104192,11633,0,0,0,0,1,2259,96,340,96,340
152552,Playing,4124672,11691,0,0,0,0,1,2263,0,340,0,340
152802,Playing,4153344,11772,0,0,0,0,1,2267,0,340,0,340
153051,Playing,4090880,11595,0,0,0,0,1,2268,93,340,93,340
153298,Playing,4083712,11575,0,0,0,0,1,2274,0,340,14,340
153547,Playing,4084736,11578,0,0,0,0,1,2277,94,340,94,340
153793,Playing,4105216,11636,0,0,0,0,1,2281,15,340,15,340
154044,Playing,4098048,11615,0,0,0,0,1,2284,0,340,0,340
154292,Playing,4099072,11618,0,0,0,0,1,2287,0,340,0,340
154539,Playing,4091904,11598,0,0,0,0,1,2290,95,340,95,340
154787,Playing,4112384,11656,0,0,0,0,1,2294,0,340,0,340
155037,Playing,4058112,11502,0,0,0,0,1,2295,175,340,175,340
155287,Playing,4106240,11639,0,0,0,0,1,2300,0,340,0,340
155536,Playing,4071424,11540,0,0,0,0,1,2302,93,340,93,340
155783,Playing,4119552,11676,0,0,0,0,1,2307,0,340,0,340
156035,Playing,4092928,11601,0,0,0,0,1,2312,0,340,15,340
156284,Playing,4058112,11502,0,0,0,0,1,2314,0,340,0,340
156534,Playing,4050944,11482,0,0,0,0,1,2317,94,340,94,340
156784,Playing,4071424,11540,0,0,0,0,1,2321,91,340,92,340
157032,Playing,4072448,11543,0,0,0,0,1,2324,95,340,95,340
157282,Playing,4037632,11444,0,0,0,0,1,2326,0,340,0,340
157532,Playing,4058112,11502,0,0,0,0,1,2330,92,340,92,340
157779,Playing,4086784,11583,0,0,0,0,1,2334,0,340,0,340
158029,Playing,4079616,11563,0,0,0,0,1,2337,94,340,94,340
158280,Playing,4072448,11543,0,0,0,0,1,2340,0,340,0,340
158530,Playing,4065280,11522,0,0,0,0,1,2343,0,340,0,340
158781,Playing,4093952,11604,0,0,0,0,1,2347,0,340,0,340
159029,Playing,4059136,11505,0,0,0,0,1,2352,95,340,95,340
159281,Playing,3996672,11328,0,0,0,0,1,2353,173,340,173,340
159530,Playing,4044800,11464,0,0,0,0,1,2358,0,340,0,340
159779,Playing,4045824,11467,0,0,0,0,1,2361,0,340,0,340
160028,Playing,4066304,11525,0,0,0,0,1,2365,0,340,0,340
160278,Playing,4003840,11348,0,0,0,0,1,2366,177,340,177,340
160526,Playing,4051968,11485,0,0,0,0,1,2371,0,340,0,340
160776,Playing,4052992,11488,0,0,0,0,1,2374,13,340,13,340
161026,Playing,4045824,11467,0,0,0,0,1,2377,98,340,98,340
161278,Playing,4011008,11369,0,0,0,0,1,2379,0,340,0,340
161526,Playing,4031488,11427,0,0,0,0,1,2383,94,340,94,340
161773,Playing,4004864,11351,0,0,0,0,1,2388,95,340,95,340
162025,Playing,4052992,11488,0,0,0,0,1,2393,0,340,0,340
162274,Playing,4018176,11389,0,0,0,0,1,2395,96,340,96,340
162524,Playing,4019200,11392,0,0,0,0,1,2398,0,340,0,340
162772,Playing,4012032,11371,0,0,0,0,1,2401,0,340,0,340
163022,Playing,4032512,11430,0,0,0,0,1,2405,90,340,91,340
163274,Playing,4025344,11409,0,0,0,0,1,2408,13,340,13,340
163527,Playing,4018176,11389,0,0,0,0,1,2411,93,340,93,340
163773,Playing,3991552,11313,0,0,0,0,1,2413,0,340,0,340
164021,Playing,4039680,11450,0,0,0,0,1,2418,0,340,0,340
164271,Playing,4032512,11430,0,0,0,0,1,2421,0,340,0,340
164523,Playing,4033536,11432,0,0,0,0,1,2427,0,340,0,340
164775,Playing,3971072,11255,0,0,0,0,1,2428,176,340,176,340
165024,Playing,3991552,11313,0,0,0,0,1,2432,173,340,173,340
165272,Playing,4012032,11371,0,0,0,0,1,2436,0,340,0,340
165520,Playing,4040704,11453,0,0,0,0,1,2440,0,340,0,340
165767,Playing,3978240,11276,0,0,0,0,1,2441,176,340,176,340
166019,Playing,3998720,11334,0,0,0,0,1,2445,0,340,0,340
166270,Playing,3999744,11337,0,0,0,0,1,2448,0,340,0,340
166520,Playing,4020224,11395,0,0,0,0,1,2452,0,340,0,340
166769,Playing,4013056,11374,0,0,0,0,1,2455,93,340,94,340
167017,Playing,3986432,11299,0,0,0,0,1,2457,0,340,0,340
167265,Playing,3979264,11279,0,0,0,0,1,2460,96,340,97,340
167514,Playing,3999744,11337,0,0,0,0,1,2467,0,340,0,340
167763,Playing,3937280,11160,0,0,0,0,1,2468,175,340,175,340
168014,Playing,3965952,11241,0,0,0,0,1,2472,176,340,176,340
168267,Playing,3986432,11299,0,0,0,0,1,2476,0,340,0,340
168518,Playing,3979264,11279,0,0,0,0,1,2479,0,340,0,340
168770,Playing,3999744,11337,0,0,0,0,1,2483,0,340,0,340
169017,Playing,3964928,11238,0,0,0,0,1,2485,0,340,0,340
169269,Playing,3965952,11241,0,0,0,0,1,2488,176,340,176,340
169520,Playing,3986432,11299,0,0,0,0,1,2492,174,340,174,340
169768,Playing,3979264,11279,0,0,0,0,1,2495,173,340,173,340
170018,Playing,3944448,11180,0,0,0,0,1,2497,0,340,0,340
170268,Playing,3936256,11157,0,0,0,0,1,2503,0,340,0,340
170515,Playing,3956736,11215,0,0,0,0,1,2507,0,340,0,340
170764,Playing,3921920,11116,0,0,0,0,1,2509,0,340,0,340
171014,Playing,3922944,11119,0,0,0,0,1,2512,0,340,0,340
171262,Playing,3943424,11177,0,0,0,0,1,2516,0,340,0,340
171514,Playing,3936256,11157,0,0,0,0,1,2519,0,340,0,340
171763,Playing,3956736,11215,0,0,0,0,1,2523,0,340,0,340
172012,Playing,3902464,11061,0,0,0,0,1,2524,95,340,95,340
172262,Playing,3922944,11119,0,0,0,0,1,2528,177,340,177,340
172511,Playing,3943424,11177,0,0,0,0,1,2532,0,340,0,340
172759,Playing,3972096,11258,0,0,0,0,1,2536,0,340,0,340
173010,Playing,3881984,11003,0,0,0,0,1,2536,0,340,0,340
173260,Playing,3893248,11035,0,0,0,0,1,2543,0,340,0,340
173507,Playing,3894272,11038,0,0,0,0,1,2546,177,340,177,340
173756,Playing,3887104,11017,0,0,0,0,1,2549,11,340,11,340
174005,Playing,3879936,10997,0,0,0,0,1,2552,0,340,0,340
174252,Playing,3880960,11000,0,0,0,0,1,2555,178,340,178,340
174502,Playing,3901440,11058,0,0,0,0,1,2559,176,340,176,340
174812,Playing,3905536,11070,0,0,0,0,1,2563,0,340,0,340
175059,Playing,3898368,11049,0,0,0,0,1,2566,0,340,0,340
175308,Playing,3918848,11107,0,0,0,0,1,2570,0,340,0,340
175558,Playing,3884032,11009,0,0,0,0,1,2572,0,340,0,340
175808,Playing,3866624,10959,0,0,0,0,1,2577,0,340,14,340
176055,Playing,3868672,10965,0,0,0,0,1,2581,176,340,176,340
176304,Playing,3897344,11046,0,0,0,0,1,2585,2,340,2,340
176556,Playing,3834880,10869,0,0,0,0,1,2586,173,340,173,340
176807,Playing,3855360,10927,0,0,0,0,1,2590,0,340,0,340
177056,Playing,3875840,10985,0,0,0,0,1,2594,0,340,0,340
177303,Playing,3876864,10988,0,0,0,0,1,2597,174,340,174,340
177553,Playing,3842048,10890,0,0,0,0,1,2599,0,340,0,340
177801,Playing,3862528,10948,0,0,0,0,1,2603,0,340,0,340
178052,Playing,3855360,10927,0,0,0,0,1,2606,176,340,176,340
178304,Playing,3884032,11009,0,0,0,0,1,2610,0,340,0,340
178553,Playing,3849216,10910,0,0,0,0,1,2612,0,340,0,340
178805,Playing,3814400,10811,0,0,0,0,1,2617,92,340,92,340
179053,Playing,3862528,10948,0,0,0,0,1,2622,15,340,15,340
179303,Playing,3863552,10951,0,0,0,0,1,2625,1,340,1,340
179552,Playing,3828736,10852,0,0,0,0,1,2627,3,340,3,340
179800,Playing,3821568,10832,0,0,0,0,1,2630,0,340,0,340
180050,Playing,3850240,10913,0,0,0,0,1,2634,94,340,94,340
180299,Playing,3815424,10814,0,0,0,0,1,2636,0,340,0,340
180546,Playing,3808256,10794,0,0,0,0,1,2639,93,340,93,340
180798,Playing,3836928,10875,0,0,0,0,1,2643,1,340,1,340
181051,Playing,3857408,10933,0,0,0,0,1,2647,0,340,0,340
181301,Playing,3794944,10756,0,0,0,0,1,2648,94,340,94,340
181550,Playing,3787776,10736,0,0,0,0,1,2654,0,340,0,340
181799,Playing,3816448,10817,0,0,0,0,1,2658,0,340,0,340
182047,Playing,3809280,10797,0,0,0,0,1,2661,94,340,94,340
182296,Playing,3802112,10776,0,0,0,0,1,2664,0,340,0,340
182544,Playing,3794944,10756,0,0,0,0,1,2667,0,340,0,340
182793,Playing,3795968,10759,0,0,0,0,1,2670,2,340,2,340
183042,Playing,3816448,10817,0,0,0,0,1,2674,0,340,0,340
183289,Playing,3753984,10640,0,0,0,0,1,2675,175,340,176,340
183538,Playing,3782656,10721,0,0,0,0,1,2679,96,340,96,340
183789,Playing,3803136,10779,0,0,0,0,1,2683,0,340,0,340
184041,Playing,3823616,10837,0,0,0,0,1,2687,0,340,0,340
184293,Playing,3788800,10739,0,0,0,0,1,2692,0,340,0,340
184548,Playing,3809280,10797,0,0,0,0,1,2696,0,340,0,340
184796,Playing,3755008,10643,0,0,0,0,1,2697,176,340,176,340
185047,Playing,3775488,10701,0,0,0,0,1,2701,97,340,97,340
185299,Playing,3795968,10759,0,0,0,0,1,2705,0,340,0,340
185546,Playing,3733504,10582,0,0,0,0,1,2706,175,340,175,340
185798,Playing,3762176,10663,0,0,0,0,1,2710,92,340,92,340
186049,Playing,3782656,10721,0,0,0,0,1,2714,0,340,0,340
186297,Playing,3775488,10701,0,0,0,0,1,2717,1,340,1,340
186546,Playing,3795968,10759,0,0,0,0,1,2721,174,340,174,340
186798,Playing,3769344,10684,0,0,0,0,1,2723,0,340,0,340
187046,Playing,3752960,10637,0,0,0,0,1,2728,0,340,15,340
187295,Playing,3782656,10721,0,0,0,0,1,2733,0,340,0,340
187542,Playing,3728384,10567,0,0,0,0,1,2734,93,340,93,340
187792,Playing,3748864,10626,0,0,0,0,1,2738,0,340,0,340
188043,Playing,3769344,10684,0,0,0,0,1,2742,0,340,0,340
188295,Playing,3762176,10663,0,0,0,0,1,2745,14,340,14,340
188545,Playing,3727360,10565,0,0,0,0,1,2747,0,340,0,340
188792,Playing,3756032,10646,0,0,0,0,1,2751,0,340,0,340
189042,Playing,3748864,10626,0,0,0,0,1,2754,0,340,0,340
189293,Playing,3741696,10605,0,0,0,0,1,2757,95,340,95,340
189544,Playing,3762176,10663,0,0,0,0,1,2761,0,340,0,340
189794,Playing,3735552,10588,0,0,0,0,1,2763,0,340,0,340
190045,Playing,3728384,10567,0,0,0,0,1,2769,0,340,0,340
190294,Playing,3721216,10547,0,0,0,0,1,2772,0,340,0,340
190543,Playing,3749888,10628,0,0,0,0,1,2776,0,340,0,340
190793,Playing,3715072,10530,0,0,0,0,1,2778,0,340,0,340
191042,Playing,3707904,10509,0,0,0,0,1,2781,0,340,0,340
191292,Playing,3728384,10567,0,0,0,0,1,2785,94,340,94,340
191540,Playing,3729408,10570,0,0,0,0,1,2788,95,340,95,340
191791,Playing,3694592,10472,0,0,0,0,1,2790,0,340,0,340
192042,Playing,3715072,10530,0,0,0,0,1,2794,0,340,0,340
192291,Playing,3735552,10588,0,0,0,0,1,2798,0,340,0,340
192542,Playing,3736576,10591,0,0,0,0,1,2801,0,340,0,340
192794,Playing,3664896,10388,0,0,0,0,1,2804,0,340,10,340
193044,Playing,3694592,10472,0,0,0,0,1,2809,0,340,0,340
193292,Playing,3687424,10451,0,0,0,0,1,2812,92,340,92,340
193540,Playing,3716096,10533,0,0,0,0,1,2816,176,340,176,340
193791,Playing,3653632,10356,0,0,0,0,1,2817,95,340,95,340
194043,Playing,3674112,10414,0,0,0,0,1,2821,94,340,94,340
194290,Playing,3694592,10472,0,0,0,0,1,2825,0,340,0,340
194543,Playing,3723264,10553,0,0,0,0,1,2829,0,340,0,340
194793,Playing,3716096,10533,0,0,0,0,1,2832,175,340,175,340
195043,Playing,3653632,10356,0,0,0,0,1,2833,94,340,94,340
195292,Playing,3674112,10414,0,0,0,0,1,2837,98,340,98,340
195542,Playing,3656704,10364,0,0,0,0,1,2842,0,340,14,340
195792,Playing,3686400,10448,0,0,0,0,1,2847,0,340,0,340
196040,Playing,3623936,10271,0,0,0,0,1,2848,96,340,96,340
196294,Playing,3644416,10329,0,0,0,0,1,2852,93,340,93,340
196542,Playing,3673088,10411,0,0,0,0,1,2856,0,340,0,340
196791,Playing,3665920,10390,0,0,0,0,1,2859,170,340,170,340
197044,Playing,3686400,10448,0,0,0,0,1,2863,0,340,0,340
197292,Playing,3651584,10350,0,0,0,0,1,2865,0,340,0,340
197542,Playing,3652608,10353,0,0,0,0,1,2868,90,340,90,340
197792,Playing,3673088,10411,0,0,0,0,1,2872,174,340,174,340
198040,Playing,3693568,10469,0,0,0,0,1,2876,0,340,0,340
198290,Playing,3648512,10341,0,0,0,0,1,2878,93,340,93,340
198540,Playing,3622912,10269,0,0,0,0,1,2883,0,340,0,340
198791,Playing,3643392,10327,0,0,0,0,1,2887,0,340,0,340
199042,Playing,3636224,10306,0,0,0,0,1,2890,175,340,175,340
199290,Playing,3637248,10309,0,0,0,0,1,2893,0,340,0,340
199538,Playing,3630080,10289,0,0,0,0,1,2896,0,340,0,340
199785,Playing,3622912,10269,0,0,0,0,1,2899,174,340,174,340
200034,Playing,3651584,10350,0,0,0,0,1,2903,0,340,0,340
200284,Playing,3616768,10251,0,0,0,0,1,2905,15,340,15,340
200534,Playing,3637248,10309,0,0,0,0,1,2909,0,340,0,340
200785,Playing,3665920,10390,0,0,0,0,1,2913,0,340,0,340
201033,Playing,3640320,10318,0,0,0,0,1,2916,1,340,1,340
201284,Playing,3587072,10167,0,0,0,0,1,2920,0,340,0,340
201532,Playing,3579904,10147,0,0,0,0,1,2923,93,340,94,340
201782,Playing,3608576,10228,0,0,0,0,1,2927,16,340,16,340
202033,Playing,3629056,10286,0,0,0,0,1,2931,13,340,13,340
202283,Playing,3621888,10266,0,0,0,0,1,2934,12,340,12,340
202531,Playing,3642368,10324,0,0,0,0,1,2938,0,340,0,340
202779,Playing,3615744,10248,0,0,0,0,1,2940,0,340,0,340
203029,Playing,3608576,10228,0,0,0,0,1,2943,0,340,0,340
203277,Playing,3629056,10286,0,0,0,0,1,2947,0,340,0,340
203526,Playing,3602432,10210,0,0,0,0,1,2949,0,340,0,340
203775,Playing,3595264,10190,0,0,0,0,1,2952,0,340,0,340
204024,Playing,3588096,10170,0,0,0,0,1,2958,0,340,0,340
204273,Playing,3616768,10251,0,0,0,0,1,2962,0,340,0,340
204523,Playing,3609600,10231,0,0,0,0,1,2965,0,340,0,340
204774,Playing,3547136,10054,0,0,0,0,1,2966,175,340,175,340
205022,Playing,3595264,10190,0,0,0,0,1,2971,0,340,0,340
205273,Playing,3596288,10193,0,0,0,0,1,2974,0,340,0,340
205523,Playing,3616768,10251,0,0,0,0,1,2978,95,340,96,340
205772,Playing,3581952,10152,0,0,0,0,1,2980,0,340,0,340
206021,Playing,3574784,10132,0,0,0,0,1,2983,0,340,0,340
206271,Playing,3603456,10213,0,0,0,0,1,2987,0,340,0,340
206521,Playing,3540992,10036,0,0,0,0,1,2988,174,340,174,340
206771,Playing,3533824,10016,0,0,0,0,1,2994,0,340,13,340
207021,Playing,3554304,10074,0,0,0,0,1,2998,0,340,0,340
207267,Playing,3582976,10155,0,0,0,0,1,3002,0,340,1,340
207519,Playing,3575808,10135,0,0,0,0,1,3005,0,340,0,340
207768,Playing,3540992,10036,0,0,0,0,1,3007,0,340,0,340
208018,Playing,3542016,10039,0,0,0,0,1,3010,94,340,94,340
208266,Playing,3562496,10097,0,0,0,0,1,3014,91,340,92,340
208516,Playing,3582976,10155,0,0,0,0,1,3018,17,340,17,340
208768,Playing,3603456,10213,0,0,0,0,1,3022,0,340,0,340
209017,Playing,3549184,10060,0,0,0,0,1,3023,176,340,176,340
209269,Playing,3542016,10039,0,0,0,0,1,3026,92,340,92,340
209521,Playing,3534848,10019,0,0,0,0,1,3032,0,340,15,340
209771,Playing,3527680,9999,0,0,0,0,1,3035,0,340,0,340
210022,Playing,3520512,9978,0,0,0,0,1,3038,0,340,0,340
210274,Playing,3513344,9958,0,0,0,0,1,3041,94,340,94,340
210523,Playing,3542016,10039,0,0,0,0,1,3045,93,340,93,340
210770,Playing,3534848,10019,0,0,0,0,1,3048,93,340,93,340
211020,Playing,3500032,9920,0,0,0,0,1,3050,0,340,0,340
211268,Playing,3528704,10001,0,0,0,0,1,3054,0,340,0,340
211519,Playing,3549184,10060,0,0,0,0,1,3058,0,340,0,340
211768,Playing,3542016,10039,0,0,0,0,1,3061,93,340,93,340
212017,Playing,3543040,10042,0,0,0,0,1,3064,0,340,0,340
212266,Playing,3526656,9996,0,0,0,0,1,3069,0,340,11,340
212516,Playing,3501056,9923,0,0,0,0,1,3072,0,340,0,340
212766,Playing,3521536,9981,0,0,0,0,1,3076,1,340,1,340
213016,Playing,3467264,9827,0,0,0,0,1,3077,176,340,176,340
213266,Playing,3515392,9964,0,0,0,0,1,3082,0,340,0,340
213512,Playing,3508224,9943,0,0,0,0,1,3085,0,340,0,340
213760,Playing,3536896,10025,0,0,0,0,1,3089,2,340,2,340
214012,Playing,3474432,9848,0,0,0,0,1,3090,174,340,174,340
214264,Playing,3494912,9906,0,0,0,0,1,3094,0,340,0,340
214513,Playing,3515392,9964,0,0,0,0,1,3098,0,340,0,340
214764,Playing,3508224,9943,0,0,0,0,1,3101,90,340,90,340
215012,Playing,3527680,9999,0,0,0,0,1,3107,0,340,11,340
215262,Playing,3446784,9769,0,0,0,0,1,3108,175,340,175,340
215513,Playing,3494912,9906,0,0,0,0,1,3113,0,340,0,340
215762,Playing,3495936,9909,0,0,0,0,1,3116,0,340,0,340
216012,Playing,3488768,9888,0,0,0,0,1,3119,0,340,0,340
216260,Playing,3481600,9868,0,0,0,0,1,3122,0,340,0,340
216510,Playing,3474432,9848,0,0,0,0,1,3125,90,340,90,340
216759,Playing,3503104,9929,0,0,0,0,1,3129,0,340,0,340
217011,Playing,3523584,9987,0,0,0,0,1,3133,0,340,0,340
217262,Playing,3488768,9888,0,0,0,0,1,3135,93,340,93,340
217511,Playing,3481600,9868,0,0,0,0,1,3138,0,340,0,340
217762,Playing,3510272,9949,0,0,0,0,1,3142,0,340,0,340
218011,Playing,3475456,9851,0,0,0,0,1,3147,0,340,0,340
218260,Playing,3440640,9752,0,0,0,0,1,3149,0,340,0,340
218509,Playing,3461120,9810,0,0,0,0,1,3153,0,340,0,340
218758,Playing,3462144,9813,0,0,0,0,1,3156,0,340,0,340
219008,Playing,3454976,9793,0,0,0,0,1,3159,94,340,94,340
219256,Playing,3420160,9694,0,0,0,0,1,3161,0,340,0,340
219505,Playing,3448832,9775,0,0,0,0,1,3165,90,340,90,340
219754,Playing,3469312,9833,0,0,0,0,1,3169,0,340,0,340
220004,Playing,3489792,9891,0,0,0,0,1,3173,14,340,14,340
220254,Playing,3427328,9714,0,0,0,0,1,3174,177,340,177,340
220503,Playing,3456000,9795,0,0,0,0,1,3178,0,340,0,340
220754,Playing,3430400,9723,0,0,0,0,1,3183,0,340,14,340
221003,Playing,3404800,9650,0,0,0,0,1,3186,9,340,9,340
221250,Playing,3405824,9653,0,0,0,0,1,3189,0,340,0,340
221560,Playing,3457024,9798,0,0,0,0,1,3195,0,340,0,340
221810,Playing,3402752,9644,0,0,0,0,1,3196,175,340,175,340
222059,Playing,3423232,9703,0,0,0,0,1,3200,0,340,0,340
222309,Playing,3416064,9682,0,0,0,0,1,3203,91,340,91,340
222560,Playing,3436544,9740,0,0,0,0,1,3207,90,340,90,340
222809,Playing,3409920,9665,0,0,0,0,1,3209,0,340,0,340
223059,Playing,3430400,9723,0,0,0,0,1,3213,0,340,0,340
223310,Playing,3450880,9781,0,0,0,0,1,3217,0,340,0,340
223560,Playing,3406848,9656,0,0,0,0,1,3222,0,340,0,340
223810,Playing,3380224,9581,0,0,0,0,1,3224,0,340,0,340
224058,Playing,3400704,9639,0,0,0,0,1,3228,0,340,0,340
224307,Playing,3393536,9618,0,0,0,0,1,3231,0,340,0,340
224558,Playing,3366912,9543,0,0,0,0,1,3233,13,340,14,340
224806,Playing,3387392,9601,0,0,0,0,1,3237,0,340,0,340
225055,Playing,3352576,9502,0,0,0,0,1,3239,176,340,176,340
225306,Playing,3373056,9560,0,0,0,0,1,3243,172,340,172,340
225555,Playing,3401728,9642,0,0,0,0,1,3247,0,340,0,340
225805,Playing,3366912,9543,0,0,0,0,1,3249,0,340,0,340
226054,Playing,3387392,9601,0,0,0,0,1,3253,0,340,0,340
226301,Playing,3397632,9630,0,0,0,0,1,3259,0,340,12,340
226548,Playing,3316736,9401,0,0,0,0,1,3260,95,340,95,340
226797,Playing,3337216,9459,0,0,0,0,1,3264,0,340,0,340
227047,Playing,3330048,9438,0,0,0,0,1,3267,173,340,173,340
227296,Playing,3358720,9520,0,0,0,0,1,3271,0,340,0,340
227544,Playing,3379200,9578,0,0,0,0,1,3275,0,340,0,340
227797,Playing,3316736,9401,0,0,0,0,1,3276,176,340,176,340
228046,Playing,3345408,9482,0,0,0,0,1,3280,177,340,177,340
228294,Playing,3365888,9540,0,0,0,0,1,3284,0,340,0,340
228543,Playing,3358720,9520,0,0,0,0,1,3287,93,340,93,340
228793,Playing,3323904,9421,0,0,0,0,1,3289,1,340,1,340
229041,Playing,3352576,9502,0,0,0,0,1,3293,0,340,0,340
229293,Playing,3317760,9404,0,0,0,0,1,3298,176,340,176,340
229540,Playing,3310592,9383,0,0,0,0,1,3301,0,340,0,340
229789,Playing,3283968,9308,0,0,0,0,1,3303,93,340,94,340
230038,Playing,3304448,9366,0,0,0,0,1,3307,173,340,173,340
230287,Playing,3324928,9424,0,0,0,0,1,3311,0,340,0,340
230538,Playing,3345408,9482,0,0,0,0,1,3315,0,340,0,340
230787,Playing,3291136,9328,0,0,0,0,1,3316,177,340,177,340
231037,Playing,3339264,9465,0,0,0,0,1,3321,0,340,0,340
231287,Playing,3304448,9366,0,0,0,0,1,3323,174,340,174,340
231536,Playing,3324928,9424,0,0,0,0,1,3327,174,340,174,340
231781,Playing,3298304,9348,0,0,0,0,1,3329,13,340,13,340
232027,Playing,3291136,9328,0,0,0,0,1,3332,0,340,0,340
232275,Playing,3292160,9331,0,0,0,0,1,3338,173,340,173,340
232525,Playing,3257344,9232,0,0,0,0,1,3340,2,340,2,340
232775,Playing,3277824,9290,0,0,0,0,1,3344,94,340,94,340
233023,Playing,3306496,9372,0,0,0,0,1,3348,0,340,0,340
233272,Playing,3299328,9351,0,0,0,0,1,3351,15,340,15,340
233522,Playing,3292160,9331,0,0,0,0,1,3354,91,340,91,340
233772,Playing,3284992,9311,0,0,0,0,1,3357,0,340,0,340
234022,Playing,3286016,9314,0,0,0,0,1,3360,0,340,0,340
234271,Playing,3306496,9372,0,0,0,0,1,3364,0,340,0,340
234518,Playing,3244032,9195,0,0,0,0,1,3365,176,340,176,340
234770,Playing,3264512,9253,0,0,0,0,1,3369,89,340,89,340
235020,Playing,3265536,9256,0,0,0,0,1,3375,0,340,0,340
235268,Playing,3286016,9314,0,0,0,0,1,3379,0,340,0,340
235517,Playing,3278848,9293,0,0,0,0,1,3382,14,340,14,340
235766,Playing,3307520,9375,0,0,0,0,1,3386,0,340,0,340
236014,Playing,3245056,9198,0,0,0,0,1,3387,176,340,176,340
236263,Playing,3265536,9256,0,0,0,0,1,3391,98,340,98,340
236514,Playing,3286016,9314,0,0,0,0,1,3395,0,340,0,340
236764,Playing,3314688,9395,0,0,0,0,1,3399,11,340,11,340
237014,Playing,3252224,9218,0,0,0,0,1,3400,176,340,177,340
237264,Playing,3272704,9276,0,0,0,0,1,3404,0,340,0,340
237515,Playing,3265536,9256,0,0,0,0,1,3407,0,340,0,340
237767,Playing,3266560,9258,0,0,0,0,1,3413,0,340,0,340
238018,Playing,3204096,9081,0,0,0,0,1,3414,177,340,177,340
238268,Playing,3224576,9139,0,0,0,0,1,3418,176,340,176,340
238519,Playing,3245056,9198,0,0,0,0,1,3422,0,340,0,340
238767,Playing,3246080,9200,0,0,0,0,1,3425,177,340,177,340
239016,Playing,3211264,9102,0,0,0,0,1,3427,0,340,0,340
239265,Playing,3231744,9160,0,0,0,0,1,3431,0,340,0,340
239513,Playing,3260416,9241,0,0,0,0,1,3435,0,340,0,340
239763,Playing,3253248,9221,0,0,0,0,1,3438,0,340,0,340
240012,Playing,3246080,9200,0,0,0,0,1,3441,175,340,175,340
240262,Playing,3238912,9180,0,0,0,0,1,3444,0,340,0,340
240511,Playing,3212288,9105,0,0,0,0,1,3449,0,340,0,340
240760,Playing,3232768,9163,0,0,0,0,1,3453,0,340,0,340
241007,Playing,3170304,8986,0,0,0,0,1,3454,96,340,96,340
241258,Playing,3198976,9067,0,0,0,0,1,3458,0,340,0,340
241508,Playing,3219456,9125,0,0,0,0,1,3462,0,340,0,340
241758,Playing,3239936,9183,0,0,0,0,1,3466,0,340,0,340
242006,Playing,3232768,9163,0,0,0,0,1,3469,0,340,0,340
242253,Playing,3206144,9087,0,0,0,0,1,3471,0,340,0,340
242500,Playing,3198976,9067,0,0,0,0,1,3474,0,340,0,340
242812,Playing,3203072,9079,0,0,0,0,1,3478,0,340,0,340
243062,Playing,3195904,9058,0,0,0,0,1,3481,174,340,174,340
243309,Playing,3216384,9116,0,0,0,0,1,3488,0,340,0,340
243559,Playing,3217408,9119,0,0,0,0,1,3491,0,340,0,340
243807,Playing,3182592,9020,0,0,0,0,1,3493,0,340,0,340
244055,Playing,3175424,9000,0,0,0,0,1,3496,175,340,175,340
244304,Playing,3168256,8980,0,0,0,0,1,3499,177,340,177,340
244553,Playing,3196928,9061,0,0,0,0,1,3503,178,340,178,340
244802,Playing,3162112,8962,0,0,0,0,1,3505,0,340,0,340
245050,Playing,3182592,9020,0,0,0,0,1,3509,171,340,171,340
245300,Playing,3183616,9023,0,0,0,0,1,3512,174,340,174,340
245548,Playing,3204096,9081,0,0,0,0,1,3516,0,340,0,340
245799,Playing,3196928,9061,0,0,0,0,1,3519,0,340,0,340
246049,Playing,3171328,8989,0,0,0,0,1,3524,0,340,16,340
246299,Playing,3153920,8939,0,0,0,0,1,3527,0,340,0,340
246548,Playing,3119104,8840,0,0,0,0,1,3529,0,340,0,340
246798,Playing,3139584,8899,0,0,0,0,1,3533,0,340,0,340
247048,Playing,3132416,8878,0,0,0,0,1,3536,174,340,174,340
247298,Playing,3161088,8960,0,0,0,0,1,3540,0,340,0,340
247545,Playing,3181568,9018,0,0,0,0,1,3544,0,340,0,340
247794,Playing,3127296,8864,0,0,0,0,1,3545,175,340,175,340
248045,Playing,3175424,9000,0,0,0,0,1,3550,1,340,1,340
248293,Playing,3168256,8980,0,0,0,0,1,3553,0,340,0,340
248543,Playing,3161088,8960,0,0,0,0,1,3556,94,340,94,340
248796,Playing,3163136,8965,0,0,0,0,1,3560,0,340,0,340
249048,Playing,3090432,8759,0,0,0,0,1,3563,177,340,177,340
249298,Playing,3138560,8896,0,0,0,0,1,3568,0,340,0,340
249547,Playing,3159040,8954,0,0,0,0,1,3572,0,340,0,340
249796,Playing,3151872,8933,0,0,0,0,1,3575,3,340,3,340
250045,Playing,3125248,8858,0,0,0,0,1,3577,0,340,0,340
250293,Playing,3118080,8838,0,0,0,0,1,3580,0,340,0,340
250545,Playing,3138560,8896,0,0,0,0,1,3584,0,340,0,340
250796,Playing,3131392,8875,0,0,0,0,1,3587,0,340,0,340
251045,Playing,3160064,8957,0,0,0,0,1,3591,0,340,0,340
251293,Playing,3097600,8780,0,0,0,0,1,3592,176,340,176,340
251541,Playing,3145728,8916,0,0,0,0,1,3597,0,340,0,340
251793,Playing,3101696,8791,0,0,0,0,1,3602,0,340,0,340
252043,Playing,3075072,8716,0,0,0,0,1,3604,0,340,0,340
252295,Playing,3067904,8695,0,0,0,0,1,3607,0,340,0,340
252542,Playing,3088384,8753,0,0,0,0,1,3611,0,340,0,340
252790,Playing,3089408,8756,0,0,0,0,1,3614,91,340,91,340
253038,Playing,3109888,8814,0,0,0,0,1,3618,93,340,93,340
253288,Playing,3047424,8637,0,0,0,0,1,3619,14,340,14,340
253536,Playing,3103744,8797,0,0,0,0,1,3624,0,340,0,340
253787,Playing,3096576,8777,0,0,0,0,1,3627,0,340,0,340
254038,Playing,3061760,8678,0,0,0,0,1,3629,0,340,0,340
254285,Playing,3090432,8759,0,0,0,0,1,3633,0,340,0,340
254536,Playing,3083264,8739,0,0,0,0,1,3639,0,340,0,340
254784,Playing,3076096,8719,0,0,0,0,1,3642,0,340,0,340
255032,Playing,3041280,8620,0,0,0,0,1,3644,0,340,0,340
255285,Playing,3034112,8600,0,0,0,0,1,3647,95,340,95,340
255533,Playing,3062784,8681,0,0,0,0,1,3651,0,340,0,340
255783,Playing,3083264,8739,0,0,0,0,1,3655,0,340,0,340
256031,Playing,3020800,8562,0,0,0,0,1,3656,179,340,179,340
256283,Playing,3041280,8620,0,0,0,0,1,3660,94,340,94,340
256533,Playing,3069952,8701,0,0,0,0,1,3664,0,340,0,340
256782,Playing,3062784,8681,0,0,0,0,1,3667,96,340,96,340
257031,Playing,3027968,8582,0,0,0,0,1,3669,0,340,0,340
257278,Playing,3056640,8663,0,0,0,0,1,3673,0,340,0,340
257528,Playing,3021824,8565,0,0,0,0,1,3678,0,340,0,340
257777,Playing,3042304,8623,0,0,0,0,1,3682,93,340,93,340
258027,Playing,3062784,8681,0,0,0,0,1,3686,15,340,15,340
258276,Playing,3008512,8527,0,0,0,0,1,3687,173,340,173,340
258527,Playing,3028992,8585,0,0,0,0,1,3691,0,340,0,340
258772,Playing,3049472,8643,0,0,0,0,1,3695,0,340,0,340
259021,Playing,3050496,8646,0,0,0,0,1,3698,0,340,0,340
259270,Playing,3043328,8626,0,0,0,0,1,3701,0,340,0,340
259520,Playing,3008512,8527,0,0,0,0,1,3703,95,340,95,340
259767,Playing,3037184,8608,0,0,0,0,1,3707,96,340,96,340
260020,Playing,3057664,8666,0,0,0,0,1,3711,2,340,2,340
260268,Playing,2967552,8411,0,0,0,0,1,3714,0,340,14,340
260517,Playing,2988032,8469,0,0,0,0,1,3718,170,340,170,340
260766,Playing,3016704,8550,0,0,0,0,1,3722,0,340,0,340
261015,Playing,3009536,8530,0,0,0,0,1,3725,0,340,0,340
261264,Playing,3002368,8510,0,0,0,0,1,3728,0,340,0,340
261514,Playing,3003392,8513,0,0,0,0,1,3731,0,340,0,340
261764,Playing,2996224,8492,0,0,0,0,1,3734,173,340,173,340
262015,Playing,3016704,8550,0,0,0,0,1,3738,171,340,172,340
262267,Playing,2981888,8452,0,0,0,0,1,3740,0,340,0,340
262518,Playing,3002368,8510,0,0,0,0,1,3744,0,340,0,340
262783,Playing,2995200,8489,0,0,0,0,1,3747,0,340,0,340
263030,Playing,2988032,8469,0,0,0,0,1,3753,0,340,0,340
263280,Playing,2989056,8472,0,0,0,0,1,3756,177,340,177,340
263532,Playing,2981888,8452,0,0,0,0,1,3759,0,340,0,340
263780,Playing,2974720,8431,0,0,0,0,1,3762,0,340,0,340
264030,Playing,2967552,8411,0,0,0,0,1,3765,176,340,176,340
264280,Playing,2996224,8492,0,0,0,0,1,3769,0,340,0,340
264527,Playing,2961408,8394,0,0,0,0,1,3771,0,340,0,340
264775,Playing,2981888,8452,0,0,0,0,1,3775,0,340,0,340
265024,Playing,2982912,8454,0,0,0,0,1,3778,0,340,0,340
265272,Playing,3003392,8513,0,0,0,0,1,3782,0,340,0,340
265521,Playing,2996224,8492,0,0,0,0,1,3785,0,340,0,340
265771,Playing,2952192,8367,0,0,0,0,1,3789,0,340,14,340
266021,Playing,2962432,8396,0,0,0,0,1,3793,0,340,0,340
266271,Playing,2982912,8454,0,0,0,0,1,3797,0,340,0,340
266522,Playing,2920448,8277,0,0,0,0,1,3798,96,340,96,340
266772,Playing,2940928,8335,0,0,0,0,1,3802,0,340,0,340
267021,Playing,2941952,8338,0,0,0,0,1,3805,171,340,171,340
267272,Playing,2962432,8396,0,0,0,0,1,3809,0,340,0,340
267521,Playing,2955264,8376,0,0,0,0,1,3812,94,340,94,340
267770,Playing,2948096,8356,0,0,0,0,1,3815,0,340,0,340
268018,Playing,2949120,8359,0,0,0,0,1,3818,0,340,0,340
268270,Playing,2969600,8417,0,0,0,0,1,3822,0,340,0,340
268518,Playing,2953216,8370,0,0,0,0,1,3827,0,340,13,340
268767,Playing,2899968,8219,0,0,0,0,1,3829,0,340,0,340
269020,Playing,2900992,8222,0,0,0,0,1,3832,174,340,174,340
269270,Playing,2921472,8280,0,0,0,0,1,3836,0,340,0,340
269517,Playing,2941952,8338,0,0,0,0,1,3840,0,340,0,340
269765,Playing,2887680,8185,0,0,0,0,1,3841,168,340,168,340
270014,Playing,2935808,8321,0,0,0,0,1,3846,0,340,0,340
270264,Playing,2928640,8301,0,0,0,0,1,3849,0,340,0,340
270517,Playing,2921472,8280,0,0,0,0,1,3852,95,340,95,340
270768,Playing,2941952,8338,0,0,0,0,1,3856,0,340,0,340
271019,Playing,2915328,8263,0,0,0,0,1,3858,0,340,0,340
271267,Playing,2935808,8321,0,0,0,0,1,3862,0,340,0,340
271515,Playing,2919424,8275,0,0,0,0,1,3868,0,340,0,340
271766,Playing,2920448,8277,0,0,0,0,1,3871,0,340,0,340
272014,Playing,2885632,8179,0,0,0,0,1,3873,0,340,0,340
272261,Playing,2878464,8158,0,0,0,0,1,3876,175,340,175,340
272510,Playing,2907136,8240,0,0,0,0,1,3880,0,340,0,340
272762,Playing,2899968,8219,0,0,0,0,1,3883,94,340,94,340
273012,Playing,2865152,8121,0,0,0,0,1,3885,0,340,0,340
273261,Playing,2885632,8179,0,0,0,0,1,3889,175,340,175,340
273513,Playing,2906112,8237,0,0,0,0,1,3893,0,340,0,340
273768,Playing,2907136,8240,0,0,0,0,1,3896,91,340,91,340
274018,Playing,2899968,8219,0,0,0,0,1,3899,0,340,0,340
274268,Playing,2846720,8068,0,0,0,0,1,3903,0,340,13,340
274515,Playing,2848768,8074,0,0,0,0,1,3907,91,340,91,340
274763,Playing,2849792,8077,0,0,0,0,1,3910,0,340,0,340
275012,Playing,2842624,8057,0,0,0,0,1,3913,0,340,0,340
275262,Playing,2835456,8037,0,0,0,0,1,3916,94,340,94,340
275510,Playing,2808832,7961,0,0,0,0,1,3918,0,340,0,340
275759,Playing,2829312,8019,0,0,0,0,1,3922,94,340,95,340
276011,Playing,2849792,8077,0,0,0,0,1,3926,0,340,0,340
276258,Playing,2870272,8135,0,0,0,0,1,3930,0,340,0,340
276510,Playing,2871296,8138,0,0,0,0,1,3933,14,340,15,340
276758,Playing,2891776,8196,0,0,0,0,1,3937,0,340,0,340
277007,Playing,2829312,8019,0,0,0,0,1,3938,177,340,177,340
277258,Playing,2812928,7973,0,0,0,0,1,3944,91,340,91,340
277507,Playing,2841600,8054,0,0,0,0,1,3948,0,340,0,340
277757,Playing,2834432,8034,0,0,0,0,1,3951,0,340,0,340
278007,Playing,2799616,7935,0,0,0,0,1,3953,0,340,0,340
278256,Playing,2828288,8016,0,0,0,0,1,3957,0,340,0,340
278507,Playing,2821120,7996,0,0,0,0,1,3960,0,340,0,340
278757,Playing,2813952,7976,0,0,0,0,1,3963,0,340,0,340
279004,Playing,2779136,7877,0,0,0,0,1,3965,94,340,94,340
279255,Playing,2807808,7958,0,0,0,0,1,3969,0,340,0,340
279506,Playing,2828288,8016,0,0,0,0,1,3973,0,340,0,340
279758,Playing,2821120,7996,0,0,0,0,1,3976,96,340,97,340
280008,Playing,2813952,7976,0,0,0,0,1,3982,0,340,0,340
280261,Playing,2779136,7877,0,0,0,0,1,3984,0,340,0,340
280511,Playing,2771968,7857,0,0,0,0,1,3987,94,340,94,340
280760,Playing,2800640,7938,0,0,0,0,1,3991,0,340,0,340
281013,Playing,2793472,7918,0,0,0,0,1,3994,93,340,93,340
281263,Playing,2786304,7897,0,0,0,0,1,3997,0,340,0,340
281513,Playing,2751488,7799,0,0,0,0,1,3999,0,340,0,340
281761,Playing,2807808,7958,0,0,0,0,1,4004,0,340,0,340
282010,Playing,2745344,7781,0,0,0,0,1,4005,94,340,94,340
282261,Playing,2765824,7839,0,0,0,0,1,4009,98,340,98,340
282513,Playing,2758656,7819,0,0,0,0,1,4012,92,340,92,340
282762,Playing,2787328,7900,0,0,0,0,1,4019,0,340,0,340
283010,Playing,2724864,7723,0,0,0,0,1,4020,94,340,94,340
283259,Playing,2745344,7781,0,0,0,0,1,4024,0,340,0,340
283508,Playing,2746368,7784,0,0,0,0,1,4027,95,340,95,340
283754,Playing,2766848,7842,0,0,0,0,1,4031,0,340,0,340
284002,Playing,2759680,7822,0,0,0,0,1,4034,98,340,98,340
284254,Playing,2724864,7723,0,0,0,0,1,4036,0,340,0,340
284504,Playing,2753536,7804,0,0,0,0,1,4040,94,340,94,340
284753,Playing,2774016,7862,0,0,0,0,1,4044,2,340,2,340
285002,Playing,2766848,7842,0,0,0,0,1,4047,94,340,95,340
285251,Playing,2767872,7845,0,0,0,0,1,4050,0,340,0,340
285501,Playing,2733056,7746,0,0,0,0,1,4055,0,340,12,340
285751,Playing,2725888,7726,0,0,0,0,1,4058,0,340,0,340
286002,Playing,2746368,7784,0,0,0,0,1,4062,93,340,93,340
286250,Playing,2692096,7630,0,0,0,0,1,4063,176,340,176,340
286561,Playing,2715648,7697,0,0,0,0,1,4068,0,340,0,340
286809,Playing,2744320,7778,0,0,0,0,1,4072,0,340,0,340
287060,Playing,2737152,7758,0,0,0,0,1,4075,0,340,0,340
287309,Playing,2729984,7738,0,0,0,0,1,4078,0,340,0,340
287558,Playing,2750464,7796,0,0,0,0,1,4082,177,340,177,340
287808,Playing,2696192,7642,0,0,0,0,1,4083,93,340,93,340
288058,Playing,2744320,7778,0,0,0,0,1,4088,0,340,0,340
288308,Playing,2709504,7680,0,0,0,0,1,4093,0,340,0,340
288556,Playing,2729984,7738,0,0,0,0,1,4097,0,340,0,340
288803,Playing,2703360,7662,0,0,0,0,1,4099,0,340,0,340
289054,Playing,2723840,7720,0,0,0,0,1,4103,0,340,0,340
289303,Playing,2716672,7700,0,0,0,0,1,4106,0,340,0,340
289553,Playing,2745344,7781,0,0,0,0,1,4110,0,340,0,340
289800,Playing,2682880,7604,0,0,0,0,1,4111,93,340,93,340
290051,Playing,2703360,7662,0,0,0,0,1,4115,0,340,0,340
290300,Playing,2732032,7743,0,0,0,0,1,4119,0,340,0,340
290549,Playing,2752512,7801,0,0,0,0,1,4123,0,340,0,340
290799,Playing,2690048,7624,0,0,0,0,1,4124,94,340,94,340
291049,Playing,2701312,7656,0,0,0,0,1,4130,0,340,14,340
291297,Playing,2683904,7607,0,0,0,0,1,4133,0,340,0,340
291546,Playing,2704384,7665,0,0,0,0,1,4137,172,340,172,340
291797,Playing,2641920,7488,0,0,0,0,1,4138,95,340,96,340
292046,Playing,2662400,7546,0,0,0,0,1,4142,93,340,93,340
292293,Playing,2691072,7627,0,0,0,0,1,4146,173,340,173,340
292541,Playing,2711552,7685,0,0,0,0,1,4150,0,340,0,340
292790,Playing,2649088,7508,0,0,0,0,1,4151,95,340,95,340
293040,Playing,2705408,7668,0,0,0,0,1,4156,3,340,3,340
293288,Playing,2670592,7569,0,0,0,0,1,4158,176,340,176,340
293540,Playing,2691072,7627,0,0,0,0,1,4162,0,340,0,340
293787,Playing,2664448,7552,0,0,0,0,1,4164,0,340,0,340
294036,Playing,2629632,7453,0,0,0,0,1,4169,0,340,0,340
294287,Playing,2650112,7511,0,0,0,0,1,4173,173,340,173,340
294538,Playing,2670592,7569,0,0,0,0,1,4177,0,340,0,340
294790,Playing,2608128,7392,0,0,0,0,1,4178,93,340,93,340
295039,Playing,2636800,7473,0,0,0,0,1,4182,90,340,90,340
295288,Playing,2657280,7531,0,0,0,0,1,4186,14,340,14,340
295537,Playing,2650112,7511,0,0,0,0,1,4189,0,340,0,340
295787,Playing,2651136,7514,0,0,0,0,1,4192,0,340,0,340
296036,Playing,2643968,7494,0,0,0,0,1,4195,0,340,0,340
296285,Playing,2636800,7473,0,0,0,0,1,4198,177,340,177,340
296533,Playing,2665472,7555,0,0,0,0,1,4202,178,340,178,340
296784,Playing,2621440,7430,0,0,0,0,1,4207,174,340,174,340
297033,Playing,2614272,7410,0,0,0,0,1,4210,0,340,0,340
297284,Playing,2607104,7389,0,0,0,0,1,4213,0,340,0,340
297533,Playing,2635776,7471,0,0,0,0,1,4217,0,340,0,340
297782,Playing,2628608,7450,0,0,0,0,1,4220,175,340,175,340
298032,Playing,2593792,7352,0,0,0,0,1,4222,0,340,0,340
298283,Playing,2614272,7410,0,0,0,0,1,4226,0,340,0,340
298533,Playing,2607104,7389,0,0,0,0,1,4229,0,340,0,340
298786,Playing,2635776,7471,0,0,0,0,1,4233,0,340,0,340
299036,Playing,2656256,7529,0,0,0,0,1,4237,0,340,0,340
299285,Playing,2593792,7352,0,0,0,0,1,4238,98,340,98,340
299535,Playing,2595840,7357,0,0,0,0,1,4244,0,340,13,340
299785,Playing,2606080,7386,0,0,0,0,1,4248,0,340,0,340
300033,Playing,2598912,7366,0,0,0,0,1,4251,14,340,14,340
300283,Playing,2564096,7267,0,0,0,0,1,4253,0,340,0,340
300533,Playing,2556928,7247,0,0,0,0,1,4256,90,340,90,340
300782,Playing,2585600,7328,0,0,0,0,1,4260,95,340,96,340
301032,Playing,2606080,7386,0,0,0,0,1,4264,14,340,15,340
301282,Playing,2626560,7444,0,0,0,0,1,4268,0,340,0,340
301532,Playing,2619392,7424,0,0,0,0,1,4271,0,340,0,340
301781,Playing,2592768,7349,0,0,0,0,1,4273,0,340,0,340
302030,Playing,2585600,7328,0,0,0,0,1,4276,0,340,0,340
302277,Playing,2587648,7334,0,0,0,0,1,4282,0,340,13,340
302526,Playing,2542592,7206,0,0,0,0,1,4284,0,340,1,340
302775,Playing,2535424,7186,0,0,0,0,1,4287,93,340,93,340
303027,Playing,2528256,7166,0,0,0,0,1,4290,0,340,0,340
303276,Playing,2521088,7145,0,0,0,0,1,4293,0,340,0,340
303526,Playing,2522112,7148,0,0,0,0,1,4296,94,340,94,340
303773,Playing,2570240,7285,0,0,0,0,1,4301,0,340,0,340
304022,Playing,2563072,7264,0,0,0,0,1,4304,0,340,0,340
304272,Playing,2536448,7189,0,0,0,0,1,4306,0,340,0,340
304521,Playing,2529280,7169,0,0,0,0,1,4309,0,340,0,340
304769,Playing,2549760,7227,0,0,0,0,1,4313,0,340,0,340
305017,Playing,2550784,7230,0,0,0,0,1,4316,93,340,93,340
305264,Playing,2488320,7053,0,0,0,0,1,4320,0,340,14,340
305514,Playing,2508800,7111,0,0,0,0,1,4324,0,340,0,340
305763,Playing,2529280,7169,0,0,0,0,1,4328,0,340,0,340
306009,Playing,2530304,7172,0,0,0,0,1,4331,0,340,0,340
306259,Playing,2550784,7230,0,0,0,0,1,4335,13,340,14,340
306507,Playing,2515968,7131,0,0,0,0,1,4337,4,340,4,340
306757,Playing,2516992,7134,0,0,0,0,1,4340,0,340,0,340
307005,Playing,2537472,7192,0,0,0,0,1,4344,0,340,0,340
307256,Playing,2557952,7250,0,0,0,0,1,4348,0,340,0,340
307508,Playing,2550784,7230,0,0,0,0,1,4351,0,340,0,340
307759,Playing,2515968,7131,0,0,0,0,1,4353,0,340,0,340
308007,Playing,2489344,7055,0,0,0,0,1,4358,0,340,16,340
308258,Playing,2509824,7114,0,0,0,0,1,4362,0,340,0,340
308508,Playing,2502656,7093,0,0,0,0,1,4365,93,340,93,340
308758,Playing,2531328,7174,0,0,0,0,1,4369,95,340,95,340
309006,Playing,2496512,7076,0,0,0,0,1,4371,0,340,0,340
309255,Playing,2516992,7134,0,0,0,0,1,4375,0,340,0,340
309506,Playing,2509824,7114,0,0,0,0,1,4378,96,340,96,340
309754,Playing,2483200,7038,0,0,0,0,1,4380,96,340,96,340
310005,Playing,2503680,7096,0,0,0,0,1,4384,0,340,0,340
310253,Playing,2524160,7154,0,0,0,0,1,4388,0,340,0,340
310503,Playing,2525184,7157,0,0,0,0,1,4391,0,340,0,340
310751,Playing,2490368,7058,0,0,0,0,1,4394,95,340,95,340
311002,Playing,2483200,7038,0,0,0,0,1,4399,0,340,0,340
311253,Playing,2448384,6939,0,0,0,0,1,4401,177,340,177,340
311503,Playing,2477056,7021,0,0,0,0,1,4405,91,340,91,340
311752,Playing,2525184,7157,0,0,0,0,1,4410,0,340,0,340
312002,Playing,2462720,6980,0,0,0,0,1,4411,174,340,174,340
312252,Playing,2455552,6960,0,0,0,0,1,4414,177,340,177,340
312502,Playing,2511872,7119,0,0,0,0,1,4419,0,340,0,340
312751,Playing,2504704,7099,0,0,0,0,1,4422,0,340,0,340
313000,Playing,2469888,7000,0,0,0,0,1,4424,0,340,0,340
313311,Playing,2501632,7090,0,0,0,0,1,4429,14,340,15,340
313560,Playing,2457600,6965,0,0,0,0,1,4433,0,340,10,340
313813,Playing,2432000,6893,0,0,0,0,1,4436,176,340,176,340
314001,Playing,2421760,6864,0,0,0,0,1,4438,0,340,0,340
314252,Playing,2442240,6922,0,0,0,0,1,4442,174,340,174,340
314504,Playing,2470912,7003,0,0,0,0,1,4446,0,340,0,340
314754,Playing,2463744,6983,0,0,0,0,1,4449,171,340,171,340
315003,Playing,2456576,6963,0,0,0,0,1,4452,0,340,0,340
315253,Playing,2449408,6942,0,0,0,0,1,4455,0,340,0,340
315502,Playing,2450432,6945,0,0,0,0,1,4458,174,340,174,340
315751,Playing,2470912,7003,0,0,0,0,1,4462,92,340,92,340
316000,Playing,2436096,6905,0,0,0,0,1,4464,0,340,0,340
316252,Playing,2464768,6986,0,0,0,0,1,4468,0,340,0,340
316561,Playing,2433024,6896,0,0,0,0,1,4474,0,340,0,340
316809,Playing,2434048,6899,0,0,0,0,1,4477,0,340,0,340
317060,Playing,2454528,6957,0,0,0,0,1,4481,0,340,0,340
317307,Playing,2447360,6936,0,0,0,0,1,4484,93,340,93,340
317555,Playing,2420736,6861,0,0,0,0,1,4486,0,340,0,340
317804,Playing,2413568,6841,0,0,0,0,1,4489,174,340,175,340
318057,Playing,2434048,6899,0,0,0,0,1,4493,0,340,0,340
318310,Playing,2454528,6957,0,0,0,0,1,4497,0,340,0,340
318558,Playing,2419712,6858,0,0,0,0,1,4499,0,340,0,340
318811,Playing,2420736,6861,0,0,0,0,1,4502,0,340,0,340
319059,Playing,2441216,6919,0,0,0,0,1,4506,0,340,0,340
319307,Playing,2406400,6820,0,0,0,0,1,4511,0,340,0,340
319556,Playing,2379776,6745,0,0,0,0,1,4513,0,340,0,340
319805,Playing,2372608,6725,0,0,0,0,1,4516,174,340,174,340
320052,Playing,2420736,6861,0,0,0,0,1,4521,0,340,0,340
320304,Playing,2441216,6919,0,0,0,0,1,4525,11,340,11,340
320555,Playing,2386944,6765,0,0,0,0,1,4526,176,340,176,340
320806,Playing,2407424,6823,0,0,0,0,1,4530,0,340,0,340
321058,Playing,2400256,6803,0,0,0,0,1,4533,1,340,1,340
321308,Playing,2420736,6861,0,0,0,0,1,4537,0,340,0,340
321558,Playing,2421760,6864,0,0,0,0,1,4540,0,340,0,340
321807,Playing,2386944,6765,0,0,0,0,1,4542,0,340,0,340
322055,Playing,2361344,6693,0,0,0,0,1,4547,0,340,13,340
322305,Playing,2391040,6777,0,0,0,0,1,4552,0,340,0,340
322554,Playing,2392064,6780,0,0,0,0,1,4555,0,340,0,340
322804,Playing,2357248,6681,0,0,0,0,1,4557,0,340,0,340
323054,Playing,2377728,6739,0,0,0,0,1,4561,0,340,0,340
323304,Playing,2370560,6719,0,0,0,0,1,4564,0,340,0,340
323551,Playing,2399232,6800,0,0,0,0,1,4568,0,340,0,340
323801,Playing,2336768,6623,0,0,0,0,1,4569,174,340,174,340
324052,Playing,2329600,6603,0,0,0,0,1,4572,0,340,0,340
324302,Playing,2377728,6739,0,0,0,0,1,4577,0,340,0,340
324551,Playing,2406400,6820,0,0,0,0,1,4581,0,340,0,340
324801,Playing,2362368,6696,0,0,0,0,1,4586,0,340,0,340
325049,Playing,2299904,6519,0,0,0,0,1,4587,174,340,174,340
325298,Playing,2328576,6600,0,0,0,0,1,4591,94,340,94,340
325550,Playing,2321408,6579,0,0,0,0,1,4594,95,340,95,340
325799,Playing,2341888,6638,0,0,0,0,1,4598,95,340,95,340
326048,Playing,2307072,6539,0,0,0,0,1,4600,0,340,0,340
326297,Playing,2335744,6620,0,0,0,0,1,4604,94,340,94,340
326548,Playing,2328576,6600,0,0,0,0,1,4607,91,340,91,340
326799,Playing,2349056,6658,0,0,0,0,1,4611,0,340,0,340
327048,Playing,2314240,6559,0,0,0,0,1,4613,0,340,0,340
327296,Playing,2342912,6640,0,0,0,0,1,4617,0,340,0,340
327544,Playing,2335744,6620,0,0,0,0,1,4620,0,340,0,340
327795,Playing,2319360,6574,0,0,0,0,1,4626,0,340,0,340
328043,Playing,2292736,6498,0,0,0,0,1,4628,0,340,0,340
328291,Playing,2285568,6478,0,0,0,0,1,4631,0,340,0,340
328544,Playing,2278400,6458,0,0,0,0,1,4634,179,340,179,340
328794,Playing,2326528,6594,0,0,0,0,1,4639,0,340,0,340
329045,Playing,2264064,6417,0,0,0,0,1,4640,176,340,176,340
329297,Playing,2292736,6498,0,0,0,0,1,4644,0,340,0,340
329547,Playing,2313216,6556,0,0,0,0,1,4648,0,340,0,340
329797,Playing,2306048,6536,0,0,0,0,1,4651,0,340,0,340
330046,Playing,2271232,6437,0,0,0,0,1,4653,0,340,0,340
330296,Playing,2272256,6440,0,0,0,0,1,4656,0,340,0,340
330544,Playing,2292736,6498,0,0,0,0,1,4663,0,340,0,340
330795,Playing,2285568,6478,0,0,0,0,1,4666,0,340,0,340
331042,Playing,2286592,6481,0,0,0,0,1,4669,94,340,94,340
331291,Playing,2251776,6382,0,0,0,0,1,4671,0,340,0,340
331541,Playing,2272256,6440,0,0,0,0,1,4675,0,340,0,340
331791,Playing,2265088,6420,0,0,0,0,1,4678,0,340,0,340
332039,Playing,2266112,6423,0,0,0,0,1,4681,0,340,0,340
332287,Playing,2258944,6402,0,0,0,0,1,4684,0,340,0,340
332538,Playing,2251776,6382,0,0,0,0,1,4687,96,340,96,340
332788,Playing,2244608,6362,0,0,0,0,1,4690,0,340,0,340
333038,Playing,2245632,6365,0,0,0,0,1,4693,0,340,0,340
333290,Playing,2238464,6344,0,0,0,0,1,4699,0,340,15,340
333541,Playing,2258944,6402,0,0,0,0,1,4703,0,340,0,340
333791,Playing,2251776,6382,0,0,0,0,1,4706,0,340,0,340
334042,Playing,2280448,6463,0,0,0,0,1,4710,13,340,13,340
334292,Playing,2217984,6286,0,0,0,0,1,4711,176,340,176,340
334541,Playing,2238464,6344,0,0,0,0,1,4715,0,340,0,340
334789,Playing,2258944,6402,0,0,0,0,1,4719,0,340,0,340
335038,Playing,2287616,6484,0,0,0,0,1,4723,0,340,0,340
335288,Playing,2197504,6228,0,0,0,0,1,4723,0,340,0,340
335539,Playing,2245632,6365,0,0,0,0,1,4728,0,340,0,340
335789,Playing,2266112,6423,0,0,0,0,1,4732,14,340,14,340
336036,Playing,2239488,6347,0,0,0,0,1,4737,0,340,14,340
336284,Playing,2177024,6170,0,0,0,0,1,4738,174,340,174,340
336534,Playing,2197504,6228,0,0,0,0,1,4742,0,340,0,340
336782,Playing,2198528,6231,0,0,0,0,1,4745,0,340,0,340
337032,Playing,2246656,6368,0,0,0,0,1,4750,0,340,0,340
337280,Playing,2239488,6347,0,0,0,0,1,4753,0,340,0,340
337528,Playing,2212864,6272,0,0,0,0,1,4755,173,340,173,340
337779,Playing,2205696,6251,0,0,0,0,1,4758,175,340,175,340
338029,Playing,2226176,6310,0,0,0,0,1,4762,0,340,0,340
338282,Playing,2219008,6289,0,0,0,0,1,4765,0,340,0,340
338533,Playing,2211840,6269,0,0,0,0,1,4768,0,340,0,340
338784,Playing,2212864,6272,0,0,0,0,1,4771,95,340,95,340
339029,Playing,2205696,6251,0,0,0,0,1,4777,95,340,95,340
339276,Playing,2170880,6153,0,0,0,0,1,4779,0,340,0,340
339526,Playing,2171904,6156,0,0,0,0,1,4782,0,340,0,340
339777,Playing,2192384,6214,0,0,0,0,1,4786,0,340,0,340
340026,Playing,2212864,6272,0,0,0,0,1,4790,0,340,0,340
340274,Playing,2205696,6251,0,0,0,0,1,4793,91,340,91,340
340524,Playing,2206720,6254,0,0,0,0,1,4796,0,340,0,340
340773,Playing,2199552,6234,0,0,0,0,1,4799,0,340,0,340
341024,Playing,2192384,6214,0,0,0,0,1,4802,0,340,0,340
341273,Playing,2157568,6115,0,0,0,0,1,4804,0,340,0,340
341520,Playing,2186240,6196,0,0,0,0,1,4808,0,340,0,340
341770,Playing,2151424,6098,0,0,0,0,1,4813,94,340,94,340
342019,Playing,2199552,6234,0,0,0,0,1,4818,0,340,0,340
342269,Playing,2200576,6237,0,0,0,0,1,4821,2,340,2,340
342518,Playing,2138112,6060,0,0,0,0,1,4822,175,340,175,340
342766,Playing,2158592,6118,0,0,0,0,1,4826,0,340,0,340
343016,Playing,2179072,6176,0,0,0,0,1,4830,0,340,0,340
343263,Playing,2180096,6179,0,0,0,0,1,4833,96,340,96,340
343514,Playing,2145280,6080,0,0,0,0,1,4835,0,340,0,340
343762,Playing,2165760,6138,0,0,0,0,1,4839,0,340,0,340
344013,Playing,2186240,6196,0,0,0,0,1,4843,0,340,0,340
344263,Playing,2187264,6199,0,0,0,0,1,4846,13,340,13,340
344511,Playing,2143232,6074,0,0,0,0,1,4850,0,340,12,340
344762,Playing,2145280,6080,0,0,0,0,1,4854,0,340,0,340
345011,Playing,2146304,6083,0,0,0,0,1,4857,0,340,0,340
345265,Playing,2166784,6141,0,0,0,0,1,4861,0,340,0,340
345516,Playing,2104320,5964,0,0,0,0,1,4862,178,340,179,340
345766,Playing,2124800,6022,0,0,0,0,1,4866,182,340,182,340
346016,Playing,2125824,6025,0,0,0,0,1,4869,177,340,177,340
346263,Playing,2146304,6083,0,0,0,0,1,4873,0,340,0,340
346511,Playing,2111488,5984,0,0,0,0,1,4875,0,340,0,340
346760,Playing,2140160,6066,0,0,0,0,1,4879,0,340,0,340
347010,Playing,2160640,6124,0,0,0,0,1,4883,0,340,0,340
347259,Playing,2135040,6051,0,0,0,0,1,4888,0,340,14,340
347509,Playing,2081792,5900,0,0,0,0,1,4890,0,340,0,340
347758,Playing,2082816,5903,0,0,0,0,1,4893,0,340,0,340
348009,Playing,2103296,5961,0,0,0,0,1,4897,174,340,175,340
348257,Playing,2123776,6019,0,0,0,0,1,4901,0,340,0,340
348507,Playing,2088960,5921,0,0,0,0,1,4903,0,340,0,340
348756,Playing,2089984,5923,0,0,0,0,1,4906,176,340,176,340
349006,Playing,2110464,5982,0,0,0,0,1,4910,0,340,0,340
349255,Playing,2103296,5961,0,0,0,0,1,4913,0,340,0,340
349506,Playing,2096128,5941,0,0,0,0,1,4916,0,340,0,340
349759,Playing,2088960,5921,0,0,0,0,1,4919,0,340,0,340
350007,Playing,2089984,5923,0,0,0,0,1,4922,95,340,95,340
350259,Playing,2101248,5955,0,0,0,0,1,4929,0,340,0,340
350508,Playing,2038784,5778,0,0,0,0,1,4930,176,340,176,340
350757,Playing,2059264,5836,0,0,0,0,1,4934,0,340,0,340
351006,Playing,2087936,5918,0,0,0,0,1,4938,0,340,0,340
351256,Playing,2080768,5897,0,0,0,0,1,4941,11,340,11,340
351506,Playing,2073600,5877,0,0,0,0,1,4944,94,340,94,340
351755,Playing,2074624,5880,0,0,0,0,1,4947,0,340,0,340
352003,Playing,2067456,5860,0,0,0,0,1,4950,0,340,0,340
352253,Playing,2087936,5918,0,0,0,0,1,4954,13,340,13,340
352501,Playing,2080768,5897,0,0,0,0,1,4957,0,340,0,340
352752,Playing,2054144,5822,0,0,0,0,1,4959,178,340,178,340
353000,Playing,2028544,5749,0,0,0,0,1,4964,0,340,13,340
353250,Playing,2058240,5834,0,0,0,0,1,4969,0,340,0,340
353500,Playing,2023424,5735,0,0,0,0,1,4971,0,340,0,340
353750,Playing,2024448,5738,0,0,0,0,1,4974,0,340,0,340
354059,Playing,1992704,5648,0,0,0,0,1,4977,177,340,177,340
354308,Playing,2021376,5729,0,0,0,0,1,4981,0,340,0,340
354558,Playing,2041856,5787,0,0,0,0,1,4985,0,340,0,340
354811,Playing,2062336,5845,0,0,0,0,1,4989,0,340,0,340
355061,Playing,2027520,5746,0,0,0,0,1,4991,94,340,94,340
355311,Playing,2028544,5749,0,0,0,0,1,4994,0,340,0,340
355557,Playing,2021376,5729,0,0,0,0,1,4997,178,340,179,340
355807,Playing,1986560,5630,0,0,0,0,1,5000,176,340,176,340
356057,Playing,1987584,5633,0,0,0,0,1,5005,1,340,1,340
356304,Playing,1980416,5613,0,0,0,0,1,5008,175,340,175,340
356556,Playing,2000896,5671,0,0,0,0,1,5012,173,340,173,340
356805,Playing,2021376,5729,0,0,0,0,1,5016,0,340,0,340
357058,Playing,1958912,5552,0,0,0,0,1,5017,173,340,173,340
357307,Playing,1987584,5633,0,0,0,0,1,5021,0,340,0,340
357554,Playing,2008064,5691,0,0,0,0,1,5025,0,340,0,340
357805,Playing,2000896,5671,0,0,0,0,1,5028,0,340,0,340
358052,Playing,2001920,5674,0,0,0,0,1,5031,0,340,0,340
358303,Playing,1967104,5575,0,0,0,0,1,5033,174,340,175,340
358555,Playing,1987584,5633,0,0,0,0,1,5040,0,340,12,340
358805,Playing,1980416,5613,0,0,0,0,1,5043,1,340,1,340
359055,Playing,1945600,5514,0,0,0,0,1,5045,0,340,0,340
359308,Playing,1946624,5517,0,0,0,0,1,5048,178,340,178,340
359561,Playing,1967104,5575,0,0,0,0,1,5052,0,340,0,340
359809,Playing,1959936,5555,0,0,0,0,1,5055,171,340,171,340
360058,Playing,1952768,5535,0,0,0,0,1,5058,0,340,0,340
360309,Playing,1945600,5514,0,0,0,0,1,5061,0,340,0,340
360556,Playing,1974272,5596,0,0,0,0,1,5065,0,340,0,340
360805,Playing,1967104,5575,0,0,0,0,1,5068,172,340,172,340
361053,Playing,2004992,5683,0,0,0,0,1,5073,2,340,0,340
361302,Playing,1960960,5558,0,0,0,0,1,5074,91,340,91,340
361552,Playing,1953792,5537,0,0,0,0,1,5080,0,340,0,340
361801,Playing,1946624,5517,0,0,0,0,1,5083,1,340,1,340
362048,Playing,1920000,5442,0,0,0,0,1,5085,0,340,0,340
362298,Playing,1912832,5421,0,0,0,0,1,5088,0,340,0,340
362545,Playing,1933312,5479,0,0,0,0,1,5092,0,340,0,340
362796,Playing,1934336,5482,0,0,0,0,1,5095,174,340,174,340
363044,Playing,1982464,5619,0,0,0,0,1,5100,0,340,0,340
363293,Playing,1920000,5442,0,0,0,0,1,5101,174,340,175,340
363542,Playing,1940480,5500,0,0,0,0,1,5105,0,340,0,340
363790,Playing,1969152,5581,0,0,0,0,1,5109,0,340,0,340
364041,Playing,1961984,5561,0,0,0,0,1,5112,0,340,0,340
364290,Playing,1890304,5358,0,0,0,0,1,5115,0,340,13,340
364541,Playing,1892352,5363,0,0,0,0,1,5119,175,340,175,340
364790,Playing,1921024,5445,0,0,0,0,1,5123,0,340,0,340
365039,Playing,1941504,5503,0,0,0,0,1,5127,0,340,0,340
365290,Playing,1879040,5326,0,0,0,0,1,5128,94,340,94,340
365539,Playing,1907712,5407,0,0,0,0,1,5132,174,340,174,340
365787,Playing,1928192,5465,0,0,0,0,1,5136,0,340,0,340
366038,Playing,1921024,5445,0,0,0,0,1,5139,0,340,0,340
366287,Playing,1941504,5503,0,0,0,0,1,5143,0,340,0,340
366536,Playing,1914880,5427,0,0,0,0,1,5145,0,340,0,340
366787,Playing,1907712,5407,0,0,0,0,1,5148,0,340,0,340
367036,Playing,1891328,5360,0,0,0,0,1,5153,0,340,12,340
367284,Playing,1873920,5311,0,0,0,0,1,5156,0,340,0,340
367534,Playing,1866752,5291,0,0,0,0,1,5159,172,340,172,340
367786,Playing,1887232,5349,0,0,0,0,1,5163,0,340,0,340
368034,Playing,1880064,5328,0,0,0,0,1,5166,178,340,179,340
368284,Playing,1908736,5410,0,0,0,0,1,5170,0,340,0,340
368535,Playing,1873920,5311,0,0,0,0,1,5172,0,340,0,340
368781,Playing,1894400,5369,0,0,0,0,1,5176,0,340,0,340
369031,Playing,1887232,5349,0,0,0,0,1,5179,173,340,173,340
369282,Playing,1907712,5407,0,0,0,0,1,5183,0,340,0,340
369532,Playing,1853440,5253,0,0,0,0,1,5184,93,340,93,340
369782,Playing,1873920,5311,0,0,0,0,1,5188,0,340,0,340
370031,Playing,1866752,5291,0,0,0,0,1,5194,0,340,0,340
370283,Playing,1887232,5349,0,0,0,0,1,5198,0,340,0,340
370535,Playing,1832960,5195,0,0,0,0,1,5199,92,340,92,340
370786,Playing,1853440,5253,0,0,0,0,1,5203,0,340,0,340
371037,Playing,1846272,5233,0,0,0,0,1,5206,14,340,15,340
371287,Playing,1866752,5291,0,0,0,0,1,5210,14,340,14,340
371538,Playing,1867776,5294,0,0,0,0,1,5213,94,340,94,340
371789,Playing,1832960,5195,0,0,0,0,1,5215,2,340,2,340
372042,Playing,1853440,5253,0,0,0,0,1,5219,94,340,94,340
372292,Playing,1873920,5311,0,0,0,0,1,5223,0,340,0,340
372538,Playing,1847296,5236,0,0,0,0,1,5225,0,340,0,340
372786,Playing,1803264,5111,0,0,0,0,1,5230,0,340,0,340
373040,Playing,1823744,5169,0,0,0,0,1,5234,0,340,0,340
373289,Playing,1816576,5149,0,0,0,0,1,5237,0,340,0,340
373539,Playing,1817600,5151,0,0,0,0,1,5240,0,340,0,340
373787,Playing,1810432,5131,0,0,0,0,1,5243,0,340,0,340
374038,Playing,1830912,5189,0,0,0,0,1,5247,0,340,0,340
374287,Playing,1851392,5247,0,0,0,0,1,5251,0,340,0,340
374537,Playing,1797120,5093,0,0,0,0,1,5252,97,340,97,340
374786,Playing,1789952,5073,0,0,0,0,1,5255,95,340,95,340
375035,Playing,1838080,5209,0,0,0,0,1,5260,0,340,0,340
375286,Playing,1830912,5189,0,0,0,0,1,5263,0,340,0,340
375535,Playing,1785856,5061,0,0,0,0,1,5267,0,340,14,340
375784,Playing,1760256,4989,0,0,0,0,1,5270,0,340,0,340
376032,Playing,1788928,5070,0,0,0,0,1,5274,95,340,95,340
376282,Playing,1809408,5128,0,0,0,0,1,5278,0,340,0,340
376530,Playing,1829888,5186,0,0,0,0,1,5282,0,340,0,340
376782,Playing,1767424,5009,0,0,0,0,1,5283,176,340,176,340
377030,Playing,1796096,5090,0,0,0,0,1,5287,0,340,0,340
377279,Playing,1788928,5070,0,0,0,0,1,5290,95,340,95,340
377529,Playing,1809408,5128,0,0,0,0,1,5294,0,340,0,340
377780,Playing,1829888,5186,0,0,0,0,1,5298,15,340,15,340
378030,Playing,1830912,5189,0,0,0,0,1,5301,0,340,0,340
378280,Playing,1777664,5038,0,0,0,0,1,5305,0,340,13,340
378532,Playing,1779712,5044,0,0,0,0,1,5309,0,340,0,340
378780,Playing,1772544,5024,0,0,0,0,1,5312,0,340,0,340
379028,Playing,1745920,4948,0,0,0,0,1,5314,0,340,0,340
379278,Playing,1738752,4928,0,0,0,0,1,5317,175,340,175,340
379526,Playing,1759232,4986,0,0,0,0,1,5321,0,340,0,340
379777,Playing,1752064,4966,0,0,0,0,1,5324,13,340,13,340
380022,Playing,1753088,4969,0,0,0,0,1,5327,0,340,0,340
380273,Playing,1745920,4948,0,0,0,0,1,5330,176,340,176,340
380523,Playing,1766400,5006,0,0,0,0,1,5334,0,340,0,340
380775,Playing,1786880,5064,0,0,0,0,1,5338,0,340,0,340
381024,Playing,1732608,4911,0,0,0,0,1,5339,169,340,169,340
381276,Playing,1725440,4890,0,0,0,0,1,5345,0,340,0,340
381524,Playing,1745920,4948,0,0,0,0,1,5349,0,340,0,340
381771,Playing,1746944,4951,0,0,0,0,1,5352,174,340,174,340
382021,Playing,1712128,4852,0,0,0,0,1,5354,11,340,11,340
382271,Playing,1704960,4832,0,0,0,0,1,5357,174,340,174,340
382520,Playing,1733632,4913,0,0,0,0,1,5361,0,340,0,340
382768,Playing,1698816,4815,0,0,0,0,1,5363,0,340,0,340
383020,Playing,1719296,4873,0,0,0,0,1,5367,0,340,0,340
383270,Playing,1739776,4931,0,0,0,0,1,5371,12,340,12,340
383519,Playing,1740800,4934,0,0,0,0,1,5374,12,340,12,340
383767,Playing,1761280,4992,0,0,0,0,1,5378,14,340,14,340
384015,Playing,1754112,4971,0,0,0,0,1,5384,0,340,0,340
384265,Playing,1691648,4794,0,0,0,0,1,5385,175,340,175,340
384515,Playing,1720320,4876,0,0,0,0,1,5389,0,340,0,340
384764,Playing,1713152,4855,0,0,0,0,1,5392,92,340,92,340
385015,Playing,1733632,4913,0,0,0,0,1,5396,14,340,14,340
385262,Playing,1698816,4815,0,0,0,0,1,5398,0,340,0,340
385511,Playing,1727488,4896,0,0,0,0,1,5402,0,340,0,340
385762,Playing,1720320,4876,0,0,0,0,1,5405,0,340,0,340
386013,Playing,1740800,4934,0,0,0,0,1,5409,0,340,0,340
386262,Playing,1705984,4835,0,0,0,0,1,5411,0,340,0,340
386512,Playing,1707008,4838,0,0,0,0,1,5414,171,340,171,340
386762,Playing,1699840,4818,0,0,0,0,1,5420,0,340,0,340
387009,Playing,1720320,4876,0,0,0,0,1,5424,0,340,0,340
387260,Playing,1657856,4699,0,0,0,0,1,5425,177,340,177,340
387512,Playing,1658880,4702,0,0,0,0,1,5428,172,340,172,340
387761,Playing,1707008,4838,0,0,0,0,1,5433,0,340,0,340
388009,Playing,1672192,4739,0,0,0,0,1,5435,174,340,174,340
388257,Playing,1673216,4742,0,0,0,0,1,5438,0,340,0,340
388508,Playing,1666048,4722,0,0,0,0,1,5441,176,340,176,340
388758,Playing,1686528,4780,0,0,0,0,1,5445,178,340,178,340
389008,Playing,1679360,4760,0,0,0,0,1,5448,174,340,174,340
389257,Playing,1644544,4661,0,0,0,0,1,5450,0,340,0,340
389506,Playing,1664000,4716,0,0,0,0,1,5456,0,340,13,340
389754,Playing,1666048,4722,0,0,0,0,1,5460,0,340,0,340
390003,Playing,1658880,4702,0,0,0,0,1,5463,94,340,94,340
390255,Playing,1632256,4626,0,0,0,0,1,5465,0,340,0,340
390503,Playing,1652736,4684,0,0,0,0,1,5469,0,340,0,340
390752,Playing,1645568,4664,0,0,0,0,1,5472,0,340,0,340
391002,Playing,1666048,4722,0,0,0,0,1,5476,174,340,174,340
391251,Playing,1639424,4646,0,0,0,0,1,5478,12,340,12,340
391501,Playing,1632256,4626,0,0,0,0,1,5481,94,340,94,340
391751,Playing,1652736,4684,0,0,0,0,1,5485,0,340,0,340
392001,Playing,1617920,4585,0,0,0,0,1,5487,0,340,0,340
392251,Playing,1646592,4667,0,0,0,0,1,5491,0,340,0,340
392500,Playing,1639424,4646,0,0,0,0,1,5497,0,340,0,340
392811,Playing,1615872,4580,0,0,0,0,1,5500,0,340,0,340
393061,Playing,1608704,4559,0,0,0,0,1,5503,177,340,177,340
393310,Playing,1629184,4617,0,0,0,0,1,5507,0,340,0,340
393559,Playing,1657856,4699,0,0,0,0,1,5511,0,340,0,340
393808,Playing,1650688,4678,0,0,0,0,1,5514,95,340,95,340
394059,Playing,1643520,4658,0,0,0,0,1,5517,0,340,0,340
394308,Playing,1608704,4559,0,0,0,0,1,5519,176,340,176,340
394558,Playing,1637376,4641,0,0,0,0,1,5523,94,340,94,340
394805,Playing,1630208,4620,0,0,0,0,1,5526,93,340,93,340
395056,Playing,1623040,4600,0,0,0,0,1,5529,0,340,0,340
395304,Playing,1624064,4603,0,0,0,0,1,5535,0,340,0,340
395554,Playing,1616896,4583,0,0,0,0,1,5538,0,340,0,340
395804,Playing,1582080,4484,0,0,0,0,1,5540,175,340,175,340
396052,Playing,1602560,4542,0,0,0,0,1,5544,0,340,0,340
396299,Playing,1603584,4545,0,0,0,0,1,5547,0,340,0,340
396550,Playing,1596416,4524,0,0,0,0,1,5550,174,340,174,340
396802,Playing,1616896,4583,0,0,0,0,1,5554,0,340,0,340
397052,Playing,1582080,4484,0,0,0,0,1,5556,0,340,0,340
397302,Playing,1583104,4487,0,0,0,0,1,5559,175,340,175,340
397554,Playing,1631232,4623,0,0,0,0,1,5564,0,340,0,340
397807,Playing,1541120,4368,0,0,0,0,1,5564,0,340,0,340
398057,Playing,1552384,4400,0,0,0,0,1,5571,93,340,94,340
398307,Playing,1545216,4379,0,0,0,0,1,5574,0,340,0,340
398558,Playing,1565696,4437,0,0,0,0,1,5578,0,340,0,340
398808,Playing,1594368,4519,0,0,0,0,1,5582,0,340,0,340
399057,Playing,1587200,4498,0,0,0,0,1,5585,0,340,0,340
399307,Playing,1524736,4321,0,0,0,0,1,5586,173,340,173,340
399560,Playing,1572864,4458,0,0,0,0,1,5591,0,340,0,340
399811,Playing,1573888,4461,0,0,0,0,1,5594,0,340,0,340
400060,Playing,1594368,4519,0,0,0,0,1,5598,0,340,0,340
400310,Playing,1531904,4342,0,0,0,0,1,5599,176,340,176,340
400559,Playing,1552384,4400,0,0,0,0,1,5603,0,340,0,340
400808,Playing,1534976,4350,0,0,0,0,1,5608,0,340,14,340
401058,Playing,1537024,4356,0,0,0,0,1,5612,174,340,174,340
401306,Playing,1502208,4257,0,0,0,0,1,5614,0,340,0,340
401554,Playing,1530880,4339,0,0,0,0,1,5618,0,340,0,340
401803,Playing,1523712,4318,0,0,0,0,1,5621,175,340,175,340
402053,Playing,1544192,4376,0,0,0,0,1,5625,0,340,0,340
402303,Playing,1509376,4278,0,0,0,0,1,5627,0,340,0,340
402554,Playing,1502208,4257,0,0,0,0,1,5630,0,340,0,340
402802,Playing,1530880,4339,0,0,0,0,1,5634,0,340,0,340
403052,Playing,1523712,4318,0,0,0,0,1,5637,176,340,176,340
403302,Playing,1516544,4298,0,0,0,0,1,5640,0,340,0,340
403550,Playing,1517568,4301,0,0,0,0,1,5643,0,340,0,340
403801,Playing,1501184,4255,0,0,0,0,1,5649,0,340,0,340
404050,Playing,1521664,4313,0,0,0,0,1,5653,0,340,0,340
404299,Playing,1467392,4159,0,0,0,0,1,5654,96,340,96,340
404548,Playing,1487872,4217,0,0,0,0,1,5658,0,340,0,340
404798,Playing,1508352,4275,0,0,0,0,1,5662,0,340,0,340
405050,Playing,1501184,4255,0,0,0,0,1,5665,0,340,0,340
405302,Playing,1466368,4156,0,0,0,0,1,5667,14,340,14,340
405552,Playing,1467392,4159,0,0,0,0,1,5670,0,340,0,340
405802,Playing,1487872,4217,0,0,0,0,1,5674,174,340,174,340
406052,Playing,1508352,4275,0,0,0,0,1,5678,0,340,0,340
406303,Playing,1501184,4255,0,0,0,0,1,5682,0,340,0,340
406550,Playing,1446912,4101,0,0,0,0,1,5685,174,340,174,340
406802,Playing,1467392,4159,0,0,0,0,1,5689,0,340,0,340
407053,Playing,1460224,4138,0,0,0,0,1,5692,0,340,0,340
407302,Playing,1453056,4118,0,0,0,0,1,5695,13,340,13,340
407550,Playing,1454080,4121,0,0,0,0,1,5698,0,340,0,340
407800,Playing,1446912,4101,0,0,0,0,1,5701,95,340,95,340
408051,Playing,1467392,4159,0,0,0,0,1,5705,0,340,0,340
408298,Playing,1432576,4060,0,0,0,0,1,5707,0,340,0,340
408548,Playing,1433600,4063,0,0,0,0,1,5710,90,340,90,340
408796,Playing,1481728,4199,0,0,0,0,1,5715,0,340,0,340
409046,Playing,1474560,4179,0,0,0,0,1,5718,0,340,0,340
409297,Playing,1412096,4002,0,0,0,0,1,5722,0,340,14,340
409545,Playing,1440768,4083,0,0,0,0,1,5726,15,340,15,340
409796,Playing,1433600,4063,0,0,0,0,1,5729,0,340,0,340
410044,Playing,1426432,4043,0,0,0,0,1,5732,174,340,174,340
410293,Playing,1399808,3967,0,0,0,0,1,5734,0,340,0,340
410543,Playing,1420288,4025,0,0,0,0,1,5738,90,340,90,340
410793,Playing,1440768,4083,0,0,0,0,1,5742,0,340,0,340
411041,Playing,1461248,4141,0,0,0,0,1,5746,0,340,0,340
411289,Playing,1406976,3988,0,0,0,0,1,5747,94,340,94,340
411539,Playing,1427456,4046,0,0,0,0,1,5751,0,340,0,340
411787,Playing,1420288,4025,0,0,0,0,1,5754,178,340,178,340
412037,Playing,1421312,4028,0,0,0,0,1,5757,0,340,0,340
412286,Playing,1386496,3929,0,0,0,0,1,5762,0,340,0,340
412536,Playing,1379328,3909,0,0,0,0,1,5765,93,340,93,340
412785,Playing,1399808,3967,0,0,0,0,1,5769,177,340,177,340
413035,Playing,1400832,3970,0,0,0,0,1,5772,173,340,174,340
413282,Playing,1421312,4028,0,0,0,0,1,5776,0,340,0,340
413532,Playing,1386496,3929,0,0,0,0,1,5778,0,340,0,340
413784,Playing,1406976,3988,0,0,0,0,1,5782,0,340,0,340
414034,Playing,1408000,3990,0,0,0,0,1,5785,175,340,175,340
414284,Playing,1428480,4048,0,0,0,0,1,5789,0,340,0,340
414532,Playing,1393664,3950,0,0,0,0,1,5791,0,340,0,340
414779,Playing,1394688,3953,0,0,0,0,1,5794,0,340,0,340
415032,Playing,1387520,3932,0,0,0,0,1,5800,0,340,0,340
415281,Playing,1408000,3990,0,0,0,0,1,5804,0,340,0,340
415530,Playing,1373184,3892,0,0,0,0,1,5806,0,340,0,340
415778,Playing,1401856,3973,0,0,0,0,1,5810,0,340,0,340
416026,Playing,1394688,3953,0,0,0,0,1,5813,0,340,0,340
416275,Playing,1387520,3932,0,0,0,0,1,5816,0,340,0,340
416524,Playing,1352704,3834,0,0,0,0,1,5818,0,340,0,340
416773,Playing,1353728,3837,0,0,0,0,1,5821,95,340,95,340
417022,Playing,1374208,3895,0,0,0,0,1,5825,173,340,173,340
417273,Playing,1394688,3953,0,0,0,0,1,5829,0,340,0,340
417522,Playing,1405952,3985,0,0,0,0,1,5833,0,340,0,340
417770,Playing,1333248,3779,0,0,0,0,1,5836,95,340,95,340
418020,Playing,1353728,3837,0,0,0,0,1,5840,0,340,0,340
418269,Playing,1346560,3816,0,0,0,0,1,5843,174,340,174,340
418519,Playing,1347584,3819,0,0,0,0,1,5846,0,340,0,340
418771,Playing,1340416,3799,0,0,0,0,1,5849,0,340,0,340
419020,Playing,1333248,3779,0,0,0,0,1,5852,95,340,95,340
419268,Playing,1353728,3837,0,0,0,0,1,5856,175,340,175,340
419519,Playing,1382400,3918,0,0,0,0,1,5860,0,340,0,340
419769,Playing,1319936,3741,0,0,0,0,1,5861,96,340,96,340
420021,Playing,1340416,3799,0,0,0,0,1,5865,0,340,0,340
420272,Playing,1360896,3857,0,0,0,0,1,5869,0,340,0,340
420525,Playing,1326080,3758,0,0,0,0,1,5874,174,340,174,340
420776,Playing,1299456,3683,0,0,0,0,1,5876,0,340,0,340
421027,Playing,1319936,3741,0,0,0,0,1,5880,13,340,13,340
421275,Playing,1312768,3720,0,0,0,0,1,5883,97,340,97,340
421523,Playing,1286144,3645,0,0,0,0,1,5885,0,340,0,340
421772,Playing,1306624,3703,0,0,0,0,1,5889,0,340,0,340
422025,Playing,1327104,3761,0,0,0,0,1,5893,0,340,0,340
422276,Playing,1319936,3741,0,0,0,0,1,5896,0,340,0,340
422524,Playing,1312768,3720,0,0,0,0,1,5899,174,340,174,340
422773,Playing,1313792,3723,0,0,0,0,1,5902,0,340,0,340
423023,Playing,1306624,3703,0,0,0,0,1,5905,0,340,0,340
423273,Playing,1308672,3709,0,0,0,0,1,5911,0,340,14,340
423523,Playing,1291264,3660,0,0,0,0,1,5914,95,340,95,340
423769,Playing,1311744,3718,0,0,0,0,1,5918,0,340,0,340
424019,Playing,1249280,3541,0,0,0,0,1,5919,176,340,176,340
424269,Playing,1297408,3677,0,0,0,0,1,5924,0,340,0,340
424518,Playing,1298432,3680,0,0,0,0,1,5927,0,340,0,340
424768,Playing,1291264,3660,0,0,0,0,1,5930,96,340,96,340
425018,Playing,1311744,3718,0,0,0,0,1,5934,94,340,94,340
425268,Playing,1276928,3619,0,0,0,0,1,5936,0,340,0,340
425517,Playing,1305600,3700,0,0,0,0,1,5940,0,340,0,340
425766,Playing,1326080,3758,0,0,0,0,1,5944,14,340,15,340
426015,Playing,1235968,3503,0,0,0,0,1,5944,14,340,15,340
426267,Playing,1255424,3558,0,0,0,0,1,5951,0,340,0,340
426516,Playing,1248256,3538,0,0,0,0,1,5954,0,340,0,340
426767,Playing,1268736,3596,0,0,0,0,1,5958,0,340,0,340
427014,Playing,1261568,3575,0,0,0,0,1,5961,13,340,14,340
427261,Playing,1290240,3657,0,0,0,0,1,5965,14,340,14,340
427510,Playing,1227776,3480,0,0,0,0,1,5966,178,340,178,340
427757,Playing,1284096,3639,0,0,0,0,1,5971,0,340,0,340
428005,Playing,1304576,3697,0,0,0,0,1,5975,0,340,0,340
428253,Playing,1242112,3520,0,0,0,0,1,5976,171,340,171,340
428502,Playing,1234944,3500,0,0,0,0,1,5979,173,340,173,340
428751,Playing,1263616,3581,0,0,0,0,1,5983,0,340,0,340
429002,Playing,1219584,3456,0,0,0,0,1,5988,91,340,91,340
429253,Playing,1212416,3436,0,0,0,0,1,5991,0,340,0,340
429502,Playing,1205248,3416,0,0,0,0,1,5994,175,340,175,340
429750,Playing,1233920,3497,0,0,0,0,1,5998,171,340,171,340
430060,Playing,1202176,3407,0,0,0,0,1,6001,176,340,176,340
430309,Playing,1230848,3488,0,0,0,0,1,6005,0,340,0,340
430559,Playing,1223680,3468,0,0,0,0,1,6008,173,340,173,340
430809,Playing,1216512,3448,0,0,0,0,1,6011,0,340,0,340
431056,Playing,1209344,3427,0,0,0,0,1,6014,0,340,0,340
431308,Playing,1238016,3509,0,0,0,0,1,6018,178,340,178,340
431557,Playing,1230848,3488,0,0,0,0,1,6021,174,340,174,340
431806,Playing,1168384,3311,0,0,0,0,1,6025,0,340,12,340
432055,Playing,1188864,3369,0,0,0,0,1,6029,0,340,0,340
432303,Playing,1217536,3451,0,0,0,0,1,6033,0,340,0,340
432553,Playing,1210368,3430,0,0,0,0,1,6036,2,340,2,340
432802,Playing,1175552,3332,0,0,0,0,1,6038,0,340,0,340
433051,Playing,1176576,3334,0,0,0,0,1,6041,91,340,91,340
433299,Playing,1197056,3393,0,0,0,0,1,6045,0,340,0,340
433549,Playing,1189888,3372,0,0,0,0,1,6048,94,340,94,340
433802,Playing,1163264,3297,0,0,0,0,1,6050,0,340,0,340
434052,Playing,1183744,3355,0,0,0,0,1,6054,0,340,0,340
434299,Playing,1204224,3413,0,0,0,0,1,6058,0,340,0,340
434549,Playing,1197056,3393,0,0,0,0,1,6064,0,340,0,340
434802,Playing,1189888,3372,0,0,0,0,1,6067,2,340,2,340
435050,Playing,1163264,3297,0,0,0,0,1,6069,0,340,0,340
435299,Playing,1156096,3276,0,0,0,0,1,6072,0,340,0,340
435548,Playing,1176576,3334,0,0,0,0,1,6076,0,340,0,340
435798,Playing,1149952,3259,0,0,0,0,1,6078,0,340,0,340
436045,Playing,1142784,3239,0,0,0,0,1,6081,92,340,92,340
436295,Playing,1163264,3297,0,0,0,0,1,6085,94,340,94,340
436546,Playing,1183744,3355,0,0,0,0,1,6089,0,340,0,340
436795,Playing,1129472,3201,0,0,0,0,1,6090,177,340,177,340
437047,Playing,1177600,3337,0,0,0,0,1,6095,0,340,0,340
437294,Playing,1170432,3317,0,0,0,0,1,6098,0,340,0,340
437540,Playing,1171456,3320,0,0,0,0,1,6104,0,340,0,340
437791,Playing,1136640,3221,0,0,0,0,1,6106,0,340,0,340
438040,Playing,1129472,3201,0,0,0,0,1,6109,0,340,0,340
438291,Playing,1122304,3181,0,0,0,0,1,6112,89,340,90,340
438539,Playing,1178624,3340,0,0,0,0,1,6117,0,340,0,340
438790,Playing,1088512,3085,0,0,0,0,1,6117,0,340,0,340
439039,Playing,1136640,3221,0,0,0,0,1,6122,13,340,13,340
439290,Playing,1157120,3279,0,0,0,0,1,6126,0,340,0,340
439539,Playing,1158144,3282,0,0,0,0,1,6129,0,340,0,340
439787,Playing,1095680,3105,0,0,0,0,1,6130,175,340,176,340
440037,Playing,1116160,3163,0,0,0,0,1,6134,0,340,0,340
440284,Playing,1081344,3065,0,0,0,0,1,6139,95,340,95,340
440535,Playing,1137664,3224,0,0,0,0,1,6144,0,340,0,340
440787,Playing,1130496,3204,0,0,0,0,1,6147,12,340,12,340
441037,Playing,1095680,3105,0,0,0,0,1,6149,0,340,0,340
441289,Playing,1116160,3163,0,0,0,0,1,6153,0,340,0,340
441536,Playing,1117184,3166,0,0,0,0,1,6156,0,340,0,340
441787,Playing,1110016,3146,0,0,0,0,1,6159,96,340,96,340
442034,Playing,1102848,3125,0,0,0,0,1,6162,0,340,0,340
442282,Playing,1103872,3128,0,0,0,0,1,6165,0,340,0,340
442535,Playing,1124352,3186,0,0,0,0,1,6169,96,340,96,340
442787,Playing,1117184,3166,0,0,0,0,1,6172,96,340,96,340
443033,Playing,1110016,3146,0,0,0,0,1,6178,0,340,0,340
443283,Playing,1075200,3047,0,0,0,0,1,6180,0,340,0,340
443535,Playing,1103872,3128,0,0,0,0,1,6184,0,340,0,340
443786,Playing,1096704,3108,0,0,0,0,1,6187,0,340,0,340
444035,Playing,1089536,3088,0,0,0,0,1,6190,0,340,0,340
444285,Playing,1082368,3067,0,0,0,0,1,6193,0,340,0,340
444533,Playing,1083392,3070,0,0,0,0,1,6196,0,340,0,340
444783,Playing,1103872,3128,0,0,0,0,1,6200,0,340,0,340
445033,Playing,1041408,2951,0,0,0,0,1,6201,91,340,91,340
445282,Playing,1061888,3009,0,0,0,0,1,6205,92,340,92,340
445530,Playing,1118208,3169,0,0,0,0,1,6210,0,340,0,340
445779,Playing,1074176,3044,0,0,0,0,1,6214,0,340,15,340
446028,Playing,1048576,2972,0,0,0,0,1,6217,0,340,0,340
446278,Playing,1049600,2975,0,0,0,0,1,6220,0,340,0,340
446528,Playing,1042432,2954,0,0,0,0,1,6223,95,340,95,340
446778,Playing,1062912,3012,0,0,0,0,1,6227,172,340,172,340
447028,Playing,1028096,2914,0,0,0,0,1,6229,0,340,0,340
447280,Playing,1048576,2972,0,0,0,0,1,6233,96,340,96,340
447525,Playing,1077248,3053,0,0,0,0,1,6237,12,340,12,340
447775,Playing,1070080,3033,0,0,0,0,1,6240,0,340,0,340
448024,Playing,1007616,2856,0,0,0,0,1,6241,179,340,179,340
448275,Playing,1063936,3015,0,0,0,0,1,6246,0,340,0,340
448524,Playing,1056768,2995,0,0,0,0,1,6249,0,340,0,340
448772,Playing,1040384,2948,0,0,0,0,1,6255,0,340,0,340
449020,Playing,1013760,2873,0,0,0,0,1,6257,0,340,0,340
449269,Playing,1006592,2853,0,0,0,0,1,6260,97,340,97,340
449518,Playing,999424,2832,0,0,0,0,1,6263,94,340,94,340
449770,Playing,1047552,2969,0,0,0,0,1,6268,14,340,14,340
450022,Playing,985088,2792,0,0,0,0,1,6269,177,340,177,340
450269,Playing,1013760,2873,0,0,0,0,1,6273,0,340,0,340
450518,Playing,1034240,2931,0,0,0,0,1,6277,0,340,0,340
450768,Playing,1027072,2911,0,0,0,0,1,6280,93,340,93,340
451018,Playing,992256,2812,0,0,0,0,1,6282,0,340,0,340
451267,Playing,993280,2815,0,0,0,0,1,6285,91,340,91,340
451517,Playing,967680,2742,0,0,0,0,1,6290,0,340,13,340
451767,Playing,997376,2827,0,0,0,0,1,6295,0,340,0,340
452015,Playing,970752,2751,0,0,0,0,1,6297,0,340,0,340
452264,Playing,991232,2809,0,0,0,0,1,6301,0,340,0,340
452514,Playing,984064,2789,0,0,0,0,1,6304,0,340,0,340
452762,Playing,976896,2768,0,0,0,0,1,6307,94,340,94,340
453009,Playing,977920,2771,0,0,0,0,1,6310,0,340,0,340
453256,Playing,970752,2751,0,0,0,0,1,6313,0,340,0,340
453505,Playing,963584,2731,0,0,0,0,1,6316,96,340,96,340
453756,Playing,984064,2789,0,0,0,0,1,6320,174,340,174,340
454006,Playing,985088,2792,0,0,0,0,1,6323,176,340,176,340
454254,Playing,959488,2719,0,0,0,0,1,6328,0,340,13,340
454505,Playing,961536,2725,0,0,0,0,1,6332,16,340,16,340
454754,Playing,954368,2705,0,0,0,0,1,6335,0,340,0,340
455006,Playing,927744,2629,0,0,0,0,1,6337,0,340,0,340
455251,Playing,948224,2687,0,0,0,0,1,6341,0,340,0,340
455500,Playing,941056,2667,0,0,0,0,1,6344,0,340,0,340
455752,Playing,969728,2748,0,0,0,0,1,6348,0,340,0,340
456000,Playing,962560,2728,0,0,0,0,1,6351,0,340,0,340
456310,Playing,966656,2739,0,0,0,0,1,6355,0,340,0,340
456560,Playing,959488,2719,0,0,0,0,1,6358,175,340,175,340
456810,Playing,979968,2777,0,0,0,0,1,6362,94,340,94,340
457061,Playing,917504,2600,0,0,0,0,1,6363,178,340,178,340
457250,Playing,907264,2571,0,0,0,0,1,6368,0,340,0,340
457500,Playing,908288,2574,0,0,0,0,1,6371,14,340,14,340
457811,Playing,904192,2562,0,0,0,0,1,6375,0,340,0,340
458062,Playing,924672,2620,0,0,0,0,1,6379,0,340,0,340
458308,Playing,953344,2702,0,0,0,0,1,6383,0,340,0,340
458557,Playing,918528,2603,0,0,0,0,1,6385,175,340,175,340
458806,Playing,911360,2583,0,0,0,0,1,6388,0,340,0,340
459053,Playing,912384,2586,0,0,0,0,1,6391,0,340,0,340
459302,Playing,932864,2644,0,0,0,0,1,6395,0,340,0,340
459553,Playing,925696,2623,0,0,0,0,1,6398,174,340,174,340
459801,Playing,926720,2626,0,0,0,0,1,6402,0,340,0,340
460052,Playing,891904,2528,0,0,0,0,1,6406,0,340,0,340
460298,Playing,912384,2586,0,0,0,0,1,6410,0,340,0,340
460548,Playing,913408,2589,0,0,0,0,1,6413,0,340,0,340
460794,Playing,850944,2411,0,0,0,0,1,6414,91,340,91,340
461045,Playing,899072,2548,0,0,0,0,1,6419,0,340,0,340
461294,Playing,900096,2551,0,0,0,0,1,6422,174,340,174,340
461543,Playing,920576,2609,0,0,0,0,1,6426,179,340,179,340
461808,Playing,905216,2565,0,0,0,0,1,6429,0,340,0,340
462056,Playing,878592,2490,0,0,0,0,1,6431,13,340,13,340
462305,Playing,871424,2470,0,0,0,0,1,6434,171,340,172,340
462540,Playing,927744,2629,0,0,0,0,1,6439,0,340,0,340
462791,Playing,837632,2374,0,0,0,0,1,6442,0,340,17,340
463039,Playing,893952,2533,0,0,0,0,1,6447,11,340,11,340
463288,Playing,859136,2435,0,0,0,0,1,6449,93,340,93,340
463539,Playing,879616,2493,0,0,0,0,1,6453,13,340,14,340
463791,Playing,844800,2394,0,0,0,0,1,6455,0,340,0,340
464039,Playing,845824,2397,0,0,0,0,1,6458,93,340,93,340
464287,Playing,866304,2455,0,0,0,0,1,6462,96,340,96,340
464537,Playing,886784,2513,0,0,0,0,1,6466,0,340,0,340
464788,Playing,824320,2336,0,0,0,0,1,6467,177,340,177,340
465038,Playing,852992,2417,0,0,0,0,1,6471,3,340,3,340
465290,Playing,873472,2475,0,0,0,0,1,6475,0,340,0,340
465537,Playing,866304,2455,0,0,0,0,1,6481,0,340,0,340
465786,Playing,839680,2380,0,0,0,0,1,6483,0,340,0,340
466036,Playing,832512,2359,0,0,0,0,1,6486,0,340,0,340
466285,Playing,852992,2417,0,0,0,0,1,6490,0,340,0,340
466536,Playing,845824,2397,0,0,0,0,1,6493,0,340,0,340
466786,Playing,819200,2321,0,0,0,0,1,6495,0,340,0,340
467035,Playing,839680,2380,0,0,0,0,1,6499,0,340,0,340
467285,Playing,832512,2359,0,0,0,0,1,6502,0,340,0,340
467534,Playing,861184,2440,0,0,0,0,1,6506,0,340,0,340
467783,Playing,854016,2420,0,0,0,0,1,6509,175,340,175,340
468036,Playing,819200,2321,0,0,0,0,1,6511,0,340,0,340
468286,Playing,830464,2353,0,0,0,0,1,6517,0,340,13,340
468535,Playing,813056,2304,0,0,0,0,1,6520,95,340,95,340
468783,Playing,833536,2362,0,0,0,0,1,6524,0,340,0,340
469035,Playing,771072,2185,0,0,0,0,1,6525,174,340,174,340
469283,Playing,819200,2321,0,0,0,0,1,6530,0,340,0,340
469532,Playing,820224,2324,0,0,0,0,1,6533,0,340,0,340
469780,Playing,813056,2304,0,0,0,0,1,6536,96,340,96,340
470029,Playing,778240,2205,0,0,0,0,1,6538,0,340,0,340
470277,Playing,806912,2287,0,0,0,0,1,6542,0,340,0,340
470527,Playing,799744,2266,0,0,0,0,1,6545,94,340,94,340
470774,Playing,820224,2324,0,0,0,0,1,6549,173,340,173,340
471026,Playing,793600,2249,0,0,0,0,1,6551,0,340,0,340
471274,Playing,786432,2229,0,0,0,0,1,6557,0,340,0,340
471523,Playing,779264,2208,0,0,0,0,1,6560,0,340,0,340
471771,Playing,807936,2290,0,0,0,0,1,6564,0,340,0,340
472020,Playing,800768,2269,0,0,0,0,1,6567,95,340,95,340
472269,Playing,793600,2249,0,0,0,0,1,6570,0,340,0,340
472518,Playing,786432,2229,0,0,0,0,1,6573,0,340,0,340
472767,Playing,815104,2310,0,0,0,0,1,6577,14,340,14,340
473017,Playing,807936,2290,0,0,0,0,1,6580,0,340,0,340
473268,Playing,773120,2191,0,0,0,0,1,6582,0,340,0,340
473518,Playing,765952,2171,0,0,0,0,1,6585,94,340,94,340
473765,Playing,822272,2330,0,0,0,0,1,6590,11,340,11,340
474015,Playing,778240,2205,0,0,0,0,1,6595,0,340,0,340
474264,Playing,771072,2185,0,0,0,0,1,6598,94,340,94,340
474512,Playing,744448,2110,0,0,0,0,1,6600,0,340,0,340
474763,Playing,764928,2168,0,0,0,0,1,6604,175,340,175,340
475013,Playing,757760,2147,0,0,0,0,1,6607,174,340,174,340
475264,Playing,805888,2284,0,0,0,0,1,6612,0,340,0,340
475513,Playing,743424,2107,0,0,0,0,1,6613,180,340,180,340
475762,Playing,772096,2188,0,0,0,0,1,6617,0,340,0,340
476012,Playing,764928,2168,0,0,0,0,1,6620,0,340,0,340
476263,Playing,785408,2226,0,0,0,0,1,6624,94,340,94,340
476511,Playing,814080,2307,0,0,0,0,1,6628,0,340,0,340
476759,Playing,733184,2078,0,0,0,0,1,6631,0,340,14,340
477010,Playing,735232,2083,0,0,0,0,1,6635,0,340,0,340
477260,Playing,755712,2142,0,0,0,0,1,6639,2,340,2,340
477510,Playing,748544,2121,0,0,0,0,1,6642,0,340,0,340
477758,Playing,721920,2046,0,0,0,0,1,6644,0,340,0,340
478009,Playing,742400,2104,0,0,0,0,1,6648,0,340,0,340
478257,Playing,735232,2083,0,0,0,0,1,6651,95,340,95,340
478506,Playing,763904,2165,0,0,0,0,1,6655,0,340,0,340
478758,Playing,729088,2066,0,0,0,0,1,6657,0,340,0,340
479006,Playing,721920,2046,0,0,0,0,1,6660,175,340,175,340
479255,Playing,742400,2104,0,0,0,0,1,6664,0,340,0,340
479505,Playing,724992,2054,0,0,0,0,1,6667,0,340,0,340
479754,Playing,671744,1904,0,0,0,0,1,6671,175,340,175,340
480005,Playing,719872,2040,0,0,0,0,1,6676,0,340,0,340
480254,Playing,712704,2020,0,0,0,0,1,6679,0,340,0,340
480502,Playing,713728,2023,0,0,0,0,1,6682,95,340,95,340
480808,Playing,662528,1877,0,0,0,0,1,6684,0,340,0,340
481055,Playing,655360,1857,0,0,0,0,1,6687,93,340,94,340
481305,Playing,703488,1994,0,0,0,0,1,6692,0,340,0,340
481554,Playing,704512,1996,0,0,0,0,1,6695,0,340,0,340
481805,Playing,724992,2054,0,0,0,0,1,6699,0,340,0,340
482054,Playing,717824,2034,0,0,0,0,1,6702,0,340,0,340
482302,Playing,683008,1935,0,0,0,0,1,6704,0,340,0,340
482552,Playing,656384,1860,0,0,0,0,1,6709,0,340,0,340
482801,Playing,676864,1918,0,0,0,0,1,6713,0,340,0,340
483050,Playing,697344,1976,0,0,0,0,1,6717,0,340,0,340
483299,Playing,634880,1799,0,0,0,0,1,6718,174,340,174,340
483550,Playing,663552,1880,0,0,0,0,1,6722,177,340,177,340
483800,Playing,684032,1938,0,0,0,0,1,6726,0,340,0,340
484049,Playing,676864,1918,0,0,0,0,1,6729,0,340,0,340
484297,Playing,642048,1819,0,0,0,0,1,6731,0,340,0,340
484548,Playing,670720,1901,0,0,0,0,1,6735,0,340,0,340
484798,Playing,663552,1880,0,0,0,0,1,6738,174,340,174,340
485046,Playing,656384,1860,0,0,0,0,1,6741,14,340,14,340
485295,Playing,621568,1761,0,0,0,0,1,6746,0,340,0,340
485543,Playing,622592,1764,0,0,0,0,1,6749,94,340,94,340
485793,Playing,643072,1822,0,0,0,0,1,6753,0,340,0,340
486042,Playing,608256,1724,0,0,0,0,1,6755,0,340,0,340
486292,Playing,628736,1782,0,0,0,0,1,6759,0,340,0,340
486540,Playing,657408,1863,0,0,0,0,1,6763,0,340,0,340
486790,Playing,622592,1764,0,0,0,0,1,6765,94,340,94,340
487040,Playing,615424,1744,0,0,0,0,1,6768,0,340,0,340
487291,Playing,608256,1724,0,0,0,0,1,6771,0,340,0,340
487544,Playing,609280,1726,0,0,0,0,1,6774,93,340,93,340
487795,Playing,629760,1785,0,0,0,0,1,6778,176,340,176,340
488042,Playing,594944,1686,0,0,0,0,1,6780,0,340,0,340
488290,Playing,595968,1689,0,0,0,0,1,6786,91,340,91,340
488539,Playing,616448,1747,0,0,0,0,1,6790,0,340,0,340
488790,Playing,609280,1726,0,0,0,0,1,6793,0,340,0,340
489039,Playing,574464,1628,0,0,0,0,1,6795,0,340,0,340
489287,Playing,603136,1709,0,0,0,0,1,6799,0,340,0,340
489535,Playing,595968,1689,0,0,0,0,1,6802,0,340,0,340
489785,Playing,616448,1747,0,0,0,0,1,6806,92,340,92,340
490035,Playing,553984,1570,0,0,0,0,1,6807,175,340,175,340
490283,Playing,582656,1651,0,0,0,0,1,6811,94,340,94,340
490532,Playing,603136,1709,0,0,0,0,1,6815,0,340,0,340
490779,Playing,586752,1663,0,0,0,0,1,6820,0,340,15,340
491028,Playing,596992,1692,0,0,0,0,1,6824,0,340,0,340
491278,Playing,562176,1593,0,0,0,0,1,6826,0,340,0,340
491524,Playing,555008,1573,0,0,0,0,1,6829,93,340,93,340
491776,Playing,575488,1631,0,0,0,0,1,6833,95,340,95,340
492024,Playing,604160,1712,0,0,0,0,1,6837,0,340,0,340
492274,Playing,541696,1535,0,0,0,0,1,6838,175,340,175,340
492522,Playing,562176,1593,0,0,0,0,1,6842,90,340,91,340
492772,Playing,590848,1674,0,0,0,0,1,6846,0,340,0,340
493022,Playing,583680,1654,0,0,0,0,1,6849,0,340,0,340
493271,Playing,548864,1555,0,0,0,0,1,6851,0,340,0,340
493521,Playing,569344,1613,0,0,0,0,1,6855,0,340,0,340
493770,Playing,542720,1538,0,0,0,0,1,6860,0,340,0,340
494021,Playing,563200,1596,0,0,0,0,1,6864,95,340,95,340
494270,Playing,528384,1497,0,0,0,0,1,6866,0,340,0,340
494520,Playing,521216,1477,0,0,0,0,1,6869,96,340,96,340
494767,Playing,549888,1558,0,0,0,0,1,6873,0,340,0,340
495019,Playing,542720,1538,0,0,0,0,1,6876,97,340,97,340
495267,Playing,535552,1518,0,0,0,0,1,6879,0,340,0,340
495520,Playing,528384,1497,0,0,0,0,1,6882,3,340,3,340
495769,Playing,548864,1555,0,0,0,0,1,6886,0,340,0,340
496021,Playing,549888,1558,0,0,0,0,1,6889,92,340,92,340
496272,Playing,570368,1616,0,0,0,0,1,6893,0,340,0,340
496522,Playing,535552,1518,0,0,0,0,1,6898,93,340,93,340
496771,Playing,500736,1419,0,0,0,0,1,6900,0,340,0,340
497020,Playing,529408,1500,0,0,0,0,1,6904,0,340,0,340
497269,Playing,549888,1558,0,0,0,0,1,6908,0,340,0,340
497518,Playing,542720,1538,0,0,0,0,1,6911,14,340,14,340
497765,Playing,516096,1462,0,0,0,0,1,6913,0,340,0,340
498015,Playing,508928,1442,0,0,0,0,1,6916,92,340,92,340
498265,Playing,529408,1500,0,0,0,0,1,6920,0,340,0,340
498513,Playing,549888,1558,0,0,0,0,1,6924,0,340,0,340
498762,Playing,578560,1639,0,0,0,0,1,6928,0,340,0,340
499010,Playing,516096,1462,0,0,0,0,1,6929,174,340,174,340
499260,Playing,499712,1416,0,0,0,0,1,6935,0,340,0,340
499508,Playing,500736,1419,0,0,0,0,1,6938,0,340,0,340
499753,Playing,465920,1320,0,0,0,0,1,6940,0,340,0,340
500004,Playing,486400,1378,0,0,0,0,1,6944,0,340,0,340
500250,Playing,487424,1381,0,0,0,0,1,6947,175,340,175,340
500560,Playing,483328,1369,0,0,0,0,1,6951,172,340,172,340
500809,Playing,512000,1451,0,0,0,0,1,6955,0,340,0,340
501056,Playing,504832,1430,0,0,0,0,1,6958,0,340,0,340
501307,Playing,470016,1332,0,0,0,0,1,6960,0,340,0,340
501559,Playing,490496,1390,0,0,0,0,1,6964,0,340,0,340
501808,Playing,491520,1393,0,0,0,0,1,6967,0,340,0,340
502058,Playing,475136,1346,0,0,0,0,1,6973,95,340,95,340
502305,Playing,440320,1248,0,0,0,0,1,6975,0,340,0,340
502554,Playing,433152,1227,0,0,0,0,1,6978,176,340,176,340
502804,Playing,461824,1309,0,0,0,0,1,6982,0,340,0,340
503052,Playing,482304,1367,0,0,0,0,1,6986,0,340,0,340
503303,Playing,475136,1346,0,0,0,0,1,6989,94,340,94,340
503552,Playing,467968,1326,0,0,0,0,1,6992,0,340,0,340
503801,Playing,468992,1329,0,0,0,0,1,6995,0,340,0,340
504048,Playing,461824,1309,0,0,0,0,1,6998,95,340,95,340
504295,Playing,482304,1367,0,0,0,0,1,7002,0,340,0,340
504546,Playing,455680,1291,0,0,0,0,1,7004,0,340,0,340
504794,Playing,457728,1297,0,0,0,0,1,7010,0,340,14,340
505044,Playing,459776,1303,0,0,0,0,1,7014,0,340,0,340
505293,Playing,369664,1047,0,0,0,0,1,7014,0,340,0,340
505542,Playing,425984,1207,0,0,0,0,1,7019,0,340,0,340
505794,Playing,418816,1187,0,0,0,0,1,7022,0,340,0,340
506044,Playing,439296,1245,0,0,0,0,1,7026,0,340,0,340
506292,Playing,459776,1303,0,0,0,0,1,7030,0,340,0,340
506541,Playing,405504,1149,0,0,0,0,1,7031,171,340,171,340
506791,Playing,425984,1207,0,0,0,0,1,7035,177,340,177,340
507037,Playing,446464,1265,0,0,0,0,1,7039,0,340,0,340
507286,Playing,392192,1111,0,0,0,0,1,7040,173,340,173,340
507536,Playing,412672,1169,0,0,0,0,1,7044,0,340,0,340
507787,Playing,377856,1071,0,0,0,0,1,7049,174,340,174,340
508040,Playing,398336,1129,0,0,0,0,1,7053,177,340,177,340
508292,Playing,391168,1108,0,0,0,0,1,7056,12,340,12,340
508539,Playing,392192,1111,0,0,0,0,1,7059,0,340,0,340
508789,Playing,385024,1091,0,0,0,0,1,7062,95,340,95,340
509038,Playing,405504,1149,0,0,0,0,1,7066,0,340,0,340
509290,Playing,370688,1050,0,0,0,0,1,7068,0,340,0,340
509541,Playing,363520,1030,0,0,0,0,1,7071,0,340,0,340
509790,Playing,392192,1111,0,0,0,0,1,7075,0,340,0,340
510042,Playing,412672,1169,0,0,0,0,1,7079,0,340,0,340
510293,Playing,350208,992,0,0,0,0,1,7080,99,340,99,340
510543,Playing,343040,972,0,0,0,0,1,7086,0,340,16,340
510791,Playing,371712,1053,0,0,0,0,1,7090,0,340,0,340
511039,Playing,364544,1033,0,0,0,0,1,7093,173,340,173,340
511288,Playing,329728,934,0,0,0,0,1,7095,0,340,0,340
511538,Playing,350208,992,0,0,0,0,1,7099,175,340,175,340
511789,Playing,351232,995,0,0,0,0,1,7102,175,340,175,340
512036,Playing,371712,1053,0,0,0,0,1,7106,0,340,0,340
512283,Playing,336896,954,0,0,0,0,1,7108,13,340,13,340
512531,Playing,365568,1036,0,0,0,0,1,7112,16,340,16,340
512780,Playing,358400,1015,0,0,0,0,1,7115,93,340,93,340
513033,Playing,378880,1073,0,0,0,0,1,7119,1,340,1,340
513282,Playing,344064,975,0,0,0,0,1,7124,0,340,16,340
513527,Playing,317440,899,0,0,0,0,1,7126,0,340,0,340
513776,Playing,337920,957,0,0,0,0,1,7130,0,340,0,340
514028,Playing,330752,937,0,0,0,0,1,7133,0,340,0,340
514276,Playing,359424,1018,0,0,0,0,1,7137,0,340,0,340
514527,Playing,352256,998,0,0,0,0,1,7140,0,340,0,340
514776,Playing,345088,978,0,0,0,0,1,7143,0,340,0,340
515023,Playing,310272,879,0,0,0,0,1,7145,90,340,90,340
515272,Playing,366592,1039,0,0,0,0,1,7150,0,340,0,340
515522,Playing,387072,1097,0,0,0,0,1,7154,0,340,0,340
515772,Playing,324608,920,0,0,0,0,1,7155,176,340,176,340
516021,Playing,325632,922,0,0,0,0,1,7158,175,340,175,340
516269,Playing,346112,981,0,0,0,0,1,7165,0,340,0,340
516521,Playing,311296,882,0,0,0,0,1,7167,90,340,90,340
516771,Playing,304128,862,0,0,0,0,1,7170,0,340,0,340
517023,Playing,296960,841,0,0,0,0,1,7173,0,340,0,340
517273,Playing,325632,922,0,0,0,0,1,7177,92,340,92,340
517523,Playing,318464,902,0,0,0,0,1,7180,93,340,93,340
517770,Playing,311296,882,0,0,0,0,1,7183,93,340,93,340
518019,Playing,304128,862,0,0,0,0,1,7186,174,340,174,340
518269,Playing,332800,943,0,0,0,0,1,7190,0,340,0,340
518518,Playing,325632,922,0,0,0,0,1,7193,95,340,95,340
518769,Playing,290816,824,0,0,0,0,1,7195,0,340,1,340
519020,Playing,283648,803,0,0,0,0,1,7201,13,340,14,340
519269,Playing,284672,806,0,0,0,0,1,7204,0,340,0,340
519518,Playing,277504,786,0,0,0,0,1,7207,0,340,0,340
519768,Playing,242688,687,0,0,0,0,1,7209,0,340,0,340
520018,Playing,263168,745,0,0,0,0,1,7213,174,340,175,340
520266,Playing,291840,827,0,0,0,0,1,7217,0,340,0,340
520516,Playing,284672,806,0,0,0,0,1,7220,93,340,93,340
520768,Playing,249856,708,0,0,0,0,1,7222,0,340,0,340
521018,Playing,297984,844,0,0,0,0,1,7227,0,340,0,340
521269,Playing,263168,745,0,0,0,0,1,7229,0,340,0,340
521518,Playing,291840,827,0,0,0,0,1,7233,98,340,98,340
521766,Playing,284672,806,0,0,0,0,1,7239,0,340,0,340
522017,Playing,222208,629,0,0,0,0,1,7240,174,340,174,340
522266,Playing,278528,789,0,0,0,0,1,7245,0,340,0,340
522515,Playing,271360,769,0,0,0,0,1,7248,0,340,0,340
522764,Playing,264192,748,0,0,0,0,1,7251,0,340,0,340
523014,Playing,257024,728,0,0,0,0,1,7254,0,340,0,340
523263,Playing,258048,731,0,0,0,0,1,7257,0,340,0,340
523509,Playing,250880,711,0,0,0,0,1,7260,95,340,95,340
523760,Playing,271360,769,0,0,0,0,1,7264,0,340,0,340
524010,Playing,236544,670,0,0,0,0,1,7266,0,340,0,340
524260,Playing,265216,751,0,0,0,0,1,7270,0,340,0,340
524510,Playing,239616,679,0,0,0,0,1,7275,0,340,14,340
524756,Playing,241664,684,0,0,0,0,1,7279,0,340,0,340
525006,Playing,206848,586,0,0,0,0,1,7281,0,340,0,340
525257,Playing,180224,510,0,0,0,0,1,7283,175,340,175,340
525505,Playing,228352,647,0,0,0,0,1,7288,2,340,2,340
525754,Playing,221184,626,0,0,0,0,1,7291,175,340,175,340
526006,Playing,186368,528,0,0,0,0,1,7293,0,340,0,340
526255,Playing,187392,531,0,0,0,0,1,7296,176,340,176,340
526504,Playing,235520,667,0,0,0,0,1,7301,0,340,0,340
526753,Playing,228352,647,0,0,0,0,1,7304,0,340,0,340
527003,Playing,193536,548,0,0,0,0,1,7306,0,340,0,340
527252,Playing,194560,551,0,0,0,0,1,7309,175,340,175,340
527500,Playing,178176,505,0,0,0,0,1,7315,14,340,14,340
527751,Playing,198656,563,0,0,0,0,1,7319,13,340,14,340
528002,Playing,191488,542,0,0,0,0,1,7322,0,340,0,340
528252,Playing,164864,467,0,0,0,0,1,7324,0,340,0,340
528501,Playing,185344,525,0,0,0,0,1,7328,0,340,0,340
528811,Playing,161792,458,0,0,0,0,1,7331,95,340,95,340
529059,Playing,182272,516,0,0,0,0,1,7335,0,340,0,340
529309,Playing,175104,496,0,0,0,0,1,7338,171,340,171,340
529556,Playing,176128,499,0,0,0,0,1,7341,0,340,0,340
529805,Playing,168960,478,0,0,0,0,1,7344,0,340,0,340
530056,Playing,161792,458,0,0,0,0,1,7347,97,340,97,340
530306,Playing,117760,333,0,0,0,0,1,7352,0,340,0,340
530554,Playing,118784,336,0,0,0,0,1,7355,0,340,0,340
530803,Playing,139264,394,0,0,0,0,1,7359,0,340,0,340
531052,Playing,132096,374,0,0,0,0,1,7362,0,340,0,340
531305,Playing,152576,432,0,0,0,0,1,7366,2,340,2,340
531557,Playing,90112,255,0,0,0,0,1,7367,93,340,93,340
531808,Playing,146432,415,0,0,0,0,1,7372,0,340,0,340
532056,Playing,139264,394,0,0,0,0,1,7375,15,340,15,340
532307,Playing,132096,374,0,0,0,0,1,7378,94,340,95,340
532556,Playing,97280,275,0,0,0,0,1,7380,0,340,0,340
532806,Playing,125952,357,0,0,0,0,1,7384,92,340,92,340
533058,Playing,91136,258,0,0,0,0,1,7389,0,340,11,340
533307,Playing,139264,394,0,0,0,0,1,7394,0,340,0,340
533554,Playing,49152,139,0,0,0,0,1,7394,0,340,0,340
533805,Playing,105472,298,0,0,0,0,1,7399,0,340,0,340
534055,Playing,98304,278,0,0,0,0,1,7402,13,340,13,340
534301,Playing,118784,336,0,0,0,0,1,7406,94,340,94,340
534551,Playing,83968,238,0,0,0,0,1,7408,0,340,0,340
534799,Playing,84992,240,0,0,0,0,1,7411,0,340,0,340
535050,Playing,77824,220,0,0,0,0,1,7414,94,340,94,340
535303,Playing,125952,357,0,0,0,0,1,7419,0,340,0,340
535551,Playing,63488,179,0,0,0,0,1,7420,97,340,97,340
535799,Playing,92160,261,0,0,0,0,1,7424,0,340,0,340
536048,Playing,84992,240,0,0,0,0,1,7430,0,340,0,340
536298,Playing,77824,220,0,0,0,0,1,7433,94,340,94,340
536546,Playing,98304,278,0,0,0,0,1,7437,0,340,0,340
536794,Playing,99328,281,0,0,0,0,1,7440,98,340,98,340
537046,Playing,64512,182,0,0,0,0,1,7442,2,340,2,340
537295,Playing,84992,240,0,0,0,0,1,7446,0,340,0,340
537544,Playing,105472,298,0,0,0,0,1,7450,13,340,13,340
537792,Playing,106496,301,0,0,0,0,1,7453,0,340,0,340
538041,Playing,99328,281,0,0,0,0,1,7456,2,340,2,340
538291,Playing,92160,261,0,0,0,0,1,7459,0,340,0,340
538542,Playing,84992,240,0,0,0,0,1,7462,0,340,0,340
538791,Playing,86016,243,0,0,0,0,1,7468,0,340,0,340
539039,Playing,51200,145,0,0,0,0,1,7470,92,340,92,340
539287,Playing,44032,124,0,0,0,0,1,7473,0,340,0,340
539536,Playing,45056,127,0,0,0,0,1,7476,176,340,176,340
539784,Playing,37888,107,0,0,0,0,1,7479,0,340,0,340
540037,Playing,30720,87,0,0,0,0,1,7482,94,340,94,340
540287,Playing,23552,66,0,0,0,0,1,7485,96,340,96,340
540536,Playing,52224,148,0,0,0,0,1,7489,175,340,175,340
540786,Playing,72704,206,0,0,0,0,1,7493,0,340,0,340
541034,Playing,37888,107,0,0,0,0,1,7495,0,340,0,340
541284,Playing,30720,87,0,0,0,0,1,7498,0,340,0,340
541532,Playing,31744,89,0,0,0,0,1,7504,0,340,0,340
541783,Buffering,82944,235,1,0,0,0,1,7508,0,340,0,340
542034,Buffering,138240,391,1,0,0,0,1,7510,0,340,0,340
542283,Buffering,248832,705,1,0,0,0,1,7514,0,340,0,340
542533,Buffering,331776,940,1,0,0,0,1,7517,0,340,0,340
542782,Buffering,349184,989,1,1,0,0,1,7520,0,340,0,340
543030,Buffering,342016,969,1,1,0,0,1,7523,0,340,0,340
543281,Buffering,307200,870,1,1,0,0,1,7525,93,340,93,340
543530,Buffering,363520,1030,1,1,0,0,1,7530,0,340,0,340
543778,Buffering,356352,1010,1,1,0,0,1,7533,0,340,0,340
544025,Buffering,376832,1068,1,1,0,0,1,7537,0,340,0,340
544274,Buffering,313344,888,1,1,0,0,1,7540,0,340,13,340
544521,Buffering,315392,893,1,1,0,0,1,7544,2,340,2,340
544768,Buffering,308224,873,1,1,0,0,1,7547,0,340,0,340
545017,Buffering,309248,876,1,1,0,0,1,7550,0,340,0,340
545266,Buffering,302080,856,1,1,0,0,1,7553,0,340,0,340
545512,Buffering,294912,835,1,1,0,0,1,7556,174,340,174,340
545761,Buffering,323584,917,1,1,0,0,1,7560,172,340,172,340
546009,Buffering,316416,896,1,1,0,0,1,7563,0,340,0,340
546260,Buffering,309248,876,1,1,0,0,1,7566,95,340,95,340
546509,Buffering,329728,934,1,1,0,0,1,7570,15,340,15,340
546758,Buffering,330752,937,1,1,0,0,1,7573,0,340,0,340
547005,Buffering,295936,838,1,1,0,0,1,7575,0,340,0,340
547257,Buffering,261120,740,1,1,0,0,1,7580,0,340,0,340
547506,Buffering,289792,821,1,1,0,0,1,7584,0,340,0,340
547756,Buffering,310272,879,1,1,0,0,1,7588,0,340,0,340
548004,Buffering,330752,937,1,1,0,0,1,7592,12,340,12,340
548255,Buffering,323584,917,1,1,0,0,1,7595,1,340,1,340
548504,Buffering,296960,841,1,1,0,0,1,7597,0,340,0,340
548753,Buffering,289792,821,1,1,0,0,1,7600,0,340,0,340
549001,Buffering,310272,879,1,1,0,0,1,7604,0,340,0,340
549311,Buffering,286720,812,1,1,0,0,1,7607,93,340,93,340
549562,Buffering,251904,714,1,1,0,0,1,7609,0,340,0,340
549750,Buffering,269312,763,1,1,0,0,1,7612,97,340,97,340
550001,Buffering,280576,795,1,1,0,0,1,7619,2,340,3,340
550251,Buffering,281600,798,1,1,0,0,1,7622,0,340,0,340
550502,Buffering,246784,699,1,1,0,0,1,7624,0,340,0,340
550753,Buffering,267264,757,1,1,0,0,1,7628,0,340,0,340
551001,Buffering,260096,737,1,1,0,0,1,7631,0,340,0,340
551252,Buffering,252928,716,1,1,0,0,1,7634,95,340,95,340
551501,Buffering,281600,798,1,1,0,0,1,7638,95,340,96,340
551752,Buffering,246784,699,1,1,0,0,1,7640,0,340,0,340
552003,Buffering,267264,757,1,1,0,0,1,7644,0,340,0,340
552251,Buffering,287744,815,1,1,0,0,1,7648,0,340,0,340
552500,Buffering,233472,661,1,1,0,0,1,7649,177,340,177,340
552810,Buffering,200704,568,1,1,0,0,1,7655,1,340,1,340
553060,Buffering,221184,626,1,1,0,0,1,7659,0,340,0,340
553307,Buffering,214016,606,1,1,0,0,1,7662,93,340,93,340
553557,Buffering,234496,664,1,1,0,0,1,7666,0,340,0,340
553804,Buffering,235520,667,1,1,0,0,1,7669,91,340,91,340
554054,Buffering,256000,725,1,1,0,0,1,7673,14,340,14,340
554302,Buffering,221184,626,1,1,0,0,1,7675,0,340,0,340
554550,Buffering,249856,708,1,1,0,0,1,7679,0,340,0,340
554801,Buffering,242688,687,1,1,0,0,1,7682,0,340,0,340
555049,Buffering,235520,667,1,1,0,0,1,7685,94,340,94,340
555299,Buffering,228352,647,1,1,0,0,1,7688,0,340,0,340
555551,Buffering,192512,545,1,1,0,0,1,7693,0,340,0,340
555800,Buffering,212992,603,1,1,0,0,1,7697,0,340,0,340
556049,Buffering,233472,661,1,1,0,0,1,7701,0,340,0,340
556297,Buffering,179200,507,1,1,0,0,1,7702,176,340,176,340
556546,Buffering,199680,565,1,1,0,0,1,7706,0,340,0,340
556796,Buffering,220160,624,1,1,0,0,1,7710,0,340,0,340
557045,Buffering,212992,603,1,1,0,0,1,7713,13,340,13,340
557293,Buffering,186368,528,1,1,0,0,1,7715,0,340,0,340
557541,Buffering,179200,507,1,1,0,0,1,7718,175,340,175,340
557788,Buffering,199680,565,1,1,0,0,1,7722,177,340,177,340
558039,Buffering,164864,467,1,1,0,0,1,7724,0,340,0,340
558292,Buffering,157696,446,1,1,0,0,1,7727,176,340,176,340
558541,Buffering,158720,449,1,1,0,0,1,7733,177,340,177,340
558793,Buffering,179200,507,1,1,0,0,1,7737,0,340,0,340
559041,Buffering,116736,330,1,1,0,0,1,7738,94,340,94,340
559288,Buffering,145408,412,1,1,0,0,1,7742,0,340,0,340
559539,Buffering,165888,470,1,1,0,0,1,7746,0,340,0,340
559789,Buffering,158720,449,1,1,0,0,1,7749,175,340,175,340
560038,Buffering,151552,429,1,1,0,0,1,7752,14,340,14,340
560286,Buffering,152576,432,1,1,0,0,1,7755,0,340,0,340
560533,Buffering,145408,412,1,1,0,0,1,7758,174,340,174,340
560779,Buffering,165888,470,1,1,0,0,1,7762,0,340,0,340
561034,Buffering,131072,371,1,1,0,0,1,7764,0,340,0,340
561282,Buffering,104448,296,1,1,0,0,1,7769,95,340,95,340
561531,Buffering,124928,354,1,1,0,0,1,7773,0,340,0,340
561780,Buffering,145408,412,1,1,0,0,1,7777,0,340,0,340
562029,Buffering,118784,336,1,1,0,0,1,7779,0,340,0,340
562277,Buffering,111616,316,1,1,0,0,1,7782,14,340,14,340
562527,Buffering,132096,374,1,1,0,0,1,7786,15,340,15,340
562777,Buffering,133120,377,1,1,0,0,1,7789,90,340,90,340
563026,Buffering,98304,278,1,1,0,0,1,7791,0,340,0,340
563276,Buffering,118784,336,1,1,0,0,1,7795,94,340,94,340
563525,Buffering,111616,316,1,1,0,0,1,7798,96,340,96,340
563775,Buffering,84992,240,1,1,0,0,1,7800,0,340,0,340
564024,Buffering,77824,220,1,1,0,0,1,7806,0,340,13,340
564273,Buffering,98304,278,1,1,0,0,1,7810,0,340,0,340
564522,Buffering,91136,258,1,1,0,0,1,7813,0,340,0,340
564774,Buffering,92160,261,1,1,0,0,1,7816,0,340,0,340
565023,Buffering,84992,240,1,1,0,0,1,7819,0,340,0,340
565273,Buffering,77824,220,1,1,0,0,1,7822,92,340,92,340
565523,Buffering,98304,278,1,1,0,0,1,7826,0,340,0,340
565773,Buffering,126976,359,1,1,0,0,1,7830,0,340,0,340
566019,Buffering,64512,182,1,1,0,0,1,7831,93,340,94,340
566269,Buffering,84992,240,1,1,0,0,1,7835,0,340,0,340
566517,Buffering,113664,322,1,1,0,0,1,7839,0,340,0,340
566768,Buffering,106496,301,1,1,0,0,1,7845,0,340,0,340
567016,Buffering,44032,124,1,1,0,0,1,7846,97,340,97,340
567264,Buffering,36864,104,1,1,0,0,1,7849,96,340,96,340
567512,Buffering,65536,185,1,1,0,0,1,7853,94,340,94,340
567763,Buffering,86016,243,1,1,0,0,1,7857,14,340,14,340
568011,Buffering,106496,301,1,1,0,0,1,7861,0,340,0,340
568259,Buffering,52224,148,1,1,0,0,1,7862,174,340,174,340
568511,Buffering,72704,206,1,1,0,0,1,7866,0,340,0,340
568758,Buffering,65536,185,1,1,0,0,1,7869,99,340,99,340
569011,Buffering,86016,243,1,1,0,0,1,7873,96,340,96,340
569261,Buffering,51200,145,1,1,0,0,1,7875,0,340,0,340
569509,Buffering,52224,148,1,1,0,0,1,7878,96,340,96,340
569756,Buffering,45056,127,1,1,0,0,1,7884,102,340,102,340
570006,Buffering,10240,29,1,1,0,0,1,7886,0,340,0,340
570256,Buffering,11264,31,1,1,0,0,1,7889,95,340,95,340
570507,Playing,69632,197,1,2,0,0,1,7893,93,340,93,340
570755,Playing,90112,255,1,2,0,0,1,7897,0,340,0,340
571004,Playing,110592,313,1,2,0,0,1,7901,2,340,2,340
571255,Playing,111616,316,1,2,0,0,1,7904,95,340,95,340
571505,Playing,49152,139,1,2,0,0,1,7905,176,340,176,340
571754,Playing,97280,275,1,2,0,0,1,7910,0,340,0,340
572006,Playing,90112,255,1,2,0,0,1,7913,15,340,15,340
572257,Playing,82944,235,1,2,0,0,1,7916,99,340,99,340
572507,Playing,56320,159,1,2,0,0,1,7921,0,340,0,340
572755,Playing,76800,217,1,2,0,0,1,7925,0,340,0,340
573005,Playing,41984,119,1,2,0,0,1,7927,95,340,95,340
573254,Playing,62464,177,1,2,0,0,1,7931,94,340,94,340
573502,Playing,35840,101,1,2,0,0,1,7933,0,340,0,340
573750,Playing,56320,159,1,2,0,0,1,7937,93,340,93,340
574062,Playing,60416,171,1,2,0,0,1,7941,0,340,0,340
574308,Playing,53248,150,1,2,0,0,1,7944,0,340,0,340
574556,Playing,46080,130,1,2,0,0,1,7947,176,340,176,340
574807,Playing,47104,133,1,2,0,0,1,7950,0,340,0,340
575055,Playing,39936,113,1,2,0,0,1,7953,0,340,0,340
575304,Playing,23552,66,1,2,0,0,1,7959,14,340,14,340
575553,Buffering,110592,313,2,2,0,0,1,7963,0,340,0,340
575801,Buffering,138240,391,2,2,0,0,1,7964,176,340,176,340
576050,Buffering,248832,705,2,2,0,0,1,7968,0,340,0,340
576296,Buffering,326656,925,2,3,0,0,1,7972,0,340,0,340
576544,Buffering,327680,928,2,3,0,0,1,7975,1,340,1,340
576795,Buffering,348160,986,2,3,0,0,1,7979,0,340,0,340
577044,Buffering,340992,966,2,3,0,0,1,7982,15,340,15,340
577292,Buffering,314368,891,2,3,0,0,1,7984,0,340,0,340
577544,Buffering,307200,870,2,3,0,0,1,7987,174,340,174,340
577794,Buffering,355328,1007,2,3,0,0,1,7992,0,340,0,340
578042,Buffering,265216,751,2,3,0,0,1,7992,0,340,0,340
578293,Buffering,276480,783,2,3,0,0,1,7999,0,340,0,340
578542,Buffering,305152,864,2,3,0,0,1,8003,0,340,0,340
578791,Buffering,297984,844,2,3,0,0,1,8006,0,340,0,340
579045,Buffering,318464,902,2,3,0,0,1,8010,0,340,0,340
579296,Buffering,283648,803,2,3,0,0,1,8012,95,340,95,340
579546,Buffering,257024,728,2,3,0,0,1,8014,175,340,175,340
579797,Buffering,305152,864,2,3,0,0,1,8019,0,340,0,340
580047,Buffering,297984,844,2,3,0,0,1,8022,1,340,1,340
580298,Buffering,318464,902,2,3,0,0,1,8026,0,340,0,340
580546,Buffering,291840,827,2,3,0,0,1,8028,0,340,0,340
580796,Buffering,266240,754,2,3,0,0,1,8033,0,340,14,340
581045,Buffering,240640,682,2,3,0,0,1,8036,94,340,94,340
581292,Buffering,233472,661,2,3,0,0,1,8039,0,340,0,340
581542,Buffering,234496,664,2,3,0,0,1,8042,92,340,92,340
581791,Buffering,254976,722,2,3,0,0,1,8046,96,340,96,340
582040,Buffering,247808,702,2,3,0,0,1,8049,95,340,95,340
582290,Buffering,268288,760,2,3,0,0,1,8053,1,340,1,340
582540,Buffering,241664,684,2,3,0,0,1,8055,0,340,0,340
582789,Buffering,262144,743,2,3,0,0,1,8059,0,340,0,340
583038,Buffering,254976,722,2,3,0,0,1,8062,0,340,0,340
583286,Buffering,283648,803,2,3,0,0,1,8066,0,340,0,340
583536,Buffering,248832,705,2,3,0,0,1,8068,0,340,0,340
583785,Buffering,214016,606,2,3,0,0,1,8073,0,340,0,340
584033,Buffering,234496,664,2,3,0,0,1,8077,0,340,0,340
584283,Buffering,263168,745,2,3,0,0,1,8081,0,340,0,340
584531,Buffering,200704,568,2,3,0,0,1,8082,171,340,171,340
584781,Buffering,221184,626,2,3,0,0,1,8086,0,340,0,340
585030,Buffering,241664,684,2,3,0,0,1,8090,0,340,0,340
585281,Buffering,242688,687,2,3,0,0,1,8093,0,340,0,340
585531,Buffering,207872,589,2,3,0,0,1,8095,0,340,0,340
585781,Buffering,200704,568,2,3,0,0,1,8098,0,340,0,340
586028,Buffering,229376,650,2,3,0,0,1,8102,93,340,93,340
586278,Buffering,194560,551,2,3,0,0,1,8104,0,340,0,340
586524,Buffering,159744,452,2,3,0,0,1,8109,0,340,15,340
586773,Buffering,188416,534,2,3,0,0,1,8113,0,340,0,340
587023,Buffering,208896,592,2,3,0,0,1,8117,0,340,0,340
587271,Buffering,201728,571,2,3,0,0,1,8120,0,340,0,340
587523,Buffering,194560,551,2,3,0,0,1,8123,0,340,0,340
587772,Buffering,187392,531,2,3,0,0,1,8126,0,340,0,340
588021,Buffering,188416,534,2,3,0,0,1,8129,173,340,173,340
588268,Buffering,181248,513,2,3,0,0,1,8132,14,340,14,340
588517,Buffering,174080,493,2,3,0,0,1,8135,16,340,16,340
588768,Buffering,175104,496,2,3,0,0,1,8138,96,340,96,340
589015,Buffering,223232,632,2,3,0,0,1,8143,0,340,0,340
589266,Buffering,160768,455,2,3,0,0,1,8144,93,340,93,340
589514,Buffering,153600,435,2,3,0,0,1,8150,0,340,0,340
589763,Buffering,182272,516,2,3,0,0,1,8154,13,340,13,340
590013,Buffering,175104,496,2,3,0,0,1,8157,0,340,0,340
590259,Buffering,167936,476,2,3,0,0,1,8160,93,340,93,340
590510,Buffering,141312,400,2,3,0,0,1,8162,0,340,0,340
590757,Buffering,161792,458,2,3,0,0,1,8166,95,340,95,340
591004,Buffering,182272,516,2,3,0,0,1,8170,0,340,0,340
591253,Buffering,128000,362,2,3,0,0,1,8171,173,340,173,340
591501,Buffering,148480,420,2,3,0,0,1,8175,93,340,93,340
591750,Buffering,168960,478,2,3,0,0,1,8179,0,340,0,340
592000,Buffering,134144,380,2,3,0,0,1,8181,0,340,0,340
592250,Buffering,135168,383,2,3,0,0,1,8187,95,340,95,340
592502,Buffering,128000,362,2,3,0,0,1,8190,0,340,0,340
592755,Buffering,120832,342,2,3,0,0,1,8193,97,340,97,340
593000,Buffering,141312,400,2,3,0,0,1,8197,94,340,94,340
593251,Buffering,114688,325,2,3,0,0,1,8199,0,340,0,340
593561,Buffering,138240,391,2,3,0,0,1,8204,174,340,174,340
593809,Buffering,139264,394,2,3,0,0,1,8207,0,340,0,340
594060,Buffering,132096,374,2,3,0,0,1,8210,0,340,0,340
594309,Buffering,124928,354,2,3,0,0,1,8213,176,340,176,340
594560,Buffering,145408,412,2,3,0,0,1,8217,176,340,176,340
594811,Buffering,129024,365,2,3,0,0,1,8222,0,340,12,340
595059,Buffering,83968,238,2,3,0,0,1,8224,0,340,0,340
595309,Buffering,104448,296,2,3,0,0,1,8228,0,340,0,340
595558,Buffering,124928,354,2,3,0,0,1,8232,0,340,0,340
595807,Buffering,90112,255,2,3,0,0,1,8234,15,340,15,340
596056,Buffering,118784,336,2,3,0,0,1,8238,12,340,12,340
596304,Buffering,111616,316,2,3,0,0,1,8241,0,340,0,340
596553,Buffering,104448,296,2,3,0,0,1,8244,0,340,0,340
596801,Buffering,77824,220,2,3,0,0,1,8246,0,340,0,340
597051,Buffering,70656,200,2,3,0,0,1,8249,96,340,96,340
597302,Buffering,91136,258,2,3,0,0,1,8253,172,340,172,340
597551,Buffering,130048,368,2,3,0,0,1,8260,0,340,10,340
597800,Buffering,57344,162,2,3,0,0,1,8261,95,340,95,340
598050,Buffering,50176,142,2,3,0,0,1,8264,97,340,97,340
598298,Buffering,70656,200,2,3,0,0,1,8268,0,340,0,340
598545,Buffering,71680,203,2,3,0,0,1,8271,176,340,176,340
598794,Buffering,64512,182,2,3,0,0,1,8274,0,340,0,340
599043,Buffering,57344,162,2,3,0,0,1,8277,92,340,92,340
599293,Buffering,86016,243,2,3,0,0,1,8281,94,340,94,340
599546,Buffering,106496,301,2,3,0,0,1,8285,0,340,0,340
599792,Buffering,44032,124,2,3,0,0,1,8286,95,340,95,340
600043,Buffering,64512,182,2,3,0,0,1,8290,12,340,12,340
