t_ms,state,buffered_bytes,buffered_ms,underruns,resumes,play_failures,stream_rebuilds,sessions,chunk_reads,last_chunk_ms,max_chunk_ms,last_push_gap_ms,max_push_gap_ms
50,Off,0,0,0,0,0,0,1,0,0,0,0,0
252,Off,0,0,0,0,0,0,1,0,0,0,0,0
504,Off,0,0,0,0,0,0,1,0,0,0,0,0
758,Off,0,0,0,0,0,0,1,0,0,0,0,0
1010,Off,0,0,0,0,0,0,1,0,0,0,0,0
1263,Playing,1872896,5308,0,0,0,0,1,79,0,163,0,163
1531,Playing,4023296,11403,0,0,0,0,1,167,0,163,0,163
1785,Playing,5563392,15769,0,0,0,0,1,232,0,163,0,163
2038,Playing,5583872,15827,0,0,0,0,1,236,0,176,0,176
2289,Playing,5576704,15806,0,0,0,0,1,239,0,178,0,178
2542,Playing,5597184,15865,0,0,0,0,1,243,175,178,175,178
2795,Playing,5617664,15923,0,0,0,0,1,247,0,178,0,178
3049,Playing,5555200,15746,0,0,0,0,1,248,91,178,91,178
3296,Playing,5583872,15827,0,0,0,0,1,252,0,178,0,178
3546,Playing,5604352,15885,0,0,0,0,1,256,0,178,0,178
3795,Playing,5597184,15865,0,0,0,0,1,259,0,178,0,178
4043,Playing,5625856,15946,0,0,0,0,1,263,0,178,0,178
4292,Playing,5563392,15769,0,0,0,0,1,267,0,178,0,178
4541,Playing,5556224,15748,0,0,0,0,1,270,175,178,175,178
4794,Playing,5576704,15806,0,0,0,0,1,274,0,178,0,178
5043,Playing,5550080,15731,0,0,0,0,1,276,15,178,15,178
5292,Playing,5570560,15789,0,0,0,0,1,280,0,178,0,178
5542,Playing,5563392,15769,0,0,0,0,1,283,0,179,0,179
5791,Playing,5592064,15850,0,0,0,0,1,287,0,179,0,179
6039,Playing,5557248,15751,0,0,0,0,1,289,2,179,2,179
6286,Playing,5550080,15731,0,0,0,0,1,292,0,179,0,179
6536,Playing,5551104,15734,0,0,0,0,1,295,95,179,95,179
6785,Playing,5571584,15792,0,0,0,0,1,299,179,179,179,179
7039,Playing,5536768,15693,0,0,0,0,1,302,176,179,176,179
7286,Playing,5501952,15595,0,0,0,0,1,306,0,179,0,179
7536,Playing,5558272,15754,0,0,0,0,1,311,0,257,0,257
7785,Playing,5551104,15734,0,0,0,0,1,314,0,257,0,257
8037,Playing,5543936,15714,0,0,0,0,1,317,179,257,179,257
8288,Playing,5509120,15615,0,0,0,0,1,319,16,257,16,257
8538,Playing,5537792,15696,0,0,0,0,1,323,0,257,0,257
8788,Playing,5558272,15754,0,0,0,0,1,327,0,257,0,257
9035,Playing,5551104,15734,0,0,0,0,1,330,176,257,176,257
9285,Playing,5524480,15658,0,0,0,0,1,332,0,257,0,257
9537,Playing,5544960,15717,0,0,0,0,1,336,0,257,0,257
9787,Playing,5528576,15670,0,0,0,0,1,341,0,257,12,257
10036,Playing,5530624,15676,0,0,0,0,1,345,0,257,0,257
10285,Playing,5476352,15522,0,0,0,0,1,346,173,257,173,257
10531,Playing,5524480,15658,0,0,0,0,1,351,0,257,0,257
10781,Playing,5517312,15638,0,0,0,0,1,354,0,257,0,257
11033,Playing,5537792,15696,0,0,0,0,1,358,0,257,0,257
11285,Playing,5483520,15542,0,0,0,0,1,359,95,257,95,257
11534,Playing,5504000,15600,0,0,0,0,1,363,0,257,0,257
11784,Playing,5524480,15658,0,0,0,0,1,367,14,257,14,257
12033,Playing,5544960,15717,0,0,0,0,1,371,13,257,13,257
12281,Playing,5545984,15719,0,0,0,0,1,374,0,257,0,257
12530,Playing,5511168,15621,0,0,0,0,1,376,1,257,1,257
12779,Playing,5484544,15545,0,0,0,0,1,381,96,257,96,257
13026,Playing,5477376,15525,0,0,0,0,1,384,96,257,96,257
13273,Playing,5470208,15505,0,0,0,0,1,387,0,257,0,257
13523,Playing,5471232,15508,0,0,0,0,1,390,94,257,95,257
13771,Playing,5491712,15566,0,0,0,0,1,394,94,257,94,257
14019,Playing,5429248,15389,0,0,0,0,1,395,174,257,174,257
14268,Playing,5477376,15525,0,0,0,0,1,400,0,257,0,257
14520,Playing,5478400,15528,0,0,0,0,1,403,0,257,0,257
14771,Playing,5498880,15586,0,0,0,0,1,407,0,257,0,257
15016,Playing,5491712,15566,0,0,0,0,1,410,17,257,17,257
15265,Playing,5520384,15647,0,0,0,0,1,414,94,257,94,257
15513,Playing,5513216,15627,0,0,0,0,1,420,0,257,0,257
15763,Playing,5450752,15449,0,0,0,0,1,421,175,257,175,257
16011,Playing,5479424,15531,0,0,0,0,1,425,0,257,0,257
16262,Playing,5499904,15589,0,0,0,0,1,429,0,257,0,257
16510,Playing,5437440,15412,0,0,0,0,1,430,175,257,175,257
16758,Playing,5485568,15548,0,0,0,0,1,435,0,257,0,257
17008,Playing,5486592,15551,0,0,0,0,1,438,0,257,0,257
17256,Playing,5507072,15609,0,0,0,0,1,442,19,257,19,257
17504,Playing,5499904,15589,0,0,0,0,1,445,1,257,1,257
17752,Playing,5473280,15513,0,0,0,0,1,447,0,257,0,257
18001,Playing,5466112,15493,0,0,0,0,1,450,169,257,169,257
18253,Playing,5449728,15447,0,0,0,0,1,456,0,257,0,257
18503,Playing,5414912,15348,0,0,0,0,1,458,14,257,14,257
18751,Playing,5443584,15429,0,0,0,0,1,462,0,257,0,257
19001,Playing,5436416,15409,0,0,0,0,1,465,0,257,0,257
19311,Playing,5440512,15420,0,0,0,0,1,469,0,257,0,257
19562,Playing,5433344,15400,0,0,0,0,1,472,175,257,175,257
19812,Playing,5453824,15458,0,0,0,0,1,476,0,257,0,257
20062,Playing,5419008,15360,0,0,0,0,1,478,0,257,0,257
20310,Playing,5447680,15441,0,0,0,0,1,482,0,257,0,257
20560,Playing,5440512,15420,0,0,0,0,1,485,0,257,0,257
20809,Playing,5460992,15479,0,0,0,0,1,489,0,257,0,257
21059,Playing,5415936,15351,0,0,0,0,1,493,0,257,12,257
21308,Playing,5390336,15278,0,0,0,0,1,496,0,257,0,257
21559,Playing,5383168,15258,0,0,0,0,1,499,13,257,13,257
21806,Playing,5431296,15394,0,0,0,0,1,504,0,339,0,339
22054,Playing,5377024,15240,0,0,0,0,1,505,175,339,175,339
22304,Playing,5397504,15299,0,0,0,0,1,509,0,339,0,339
22553,Playing,5417984,15357,0,0,0,0,1,513,0,339,0,339
22801,Playing,5419008,15360,0,0,0,0,1,516,96,339,96,339
23047,Playing,5411840,15339,0,0,0,0,1,519,95,339,95,339
23294,Playing,5412864,15342,0,0,0,0,1,522,0,339,0,339
23543,Playing,5405696,15322,0,0,0,0,1,525,93,339,93,339
23793,Playing,5407744,15328,0,0,0,0,1,531,0,339,13,339
24042,Playing,5390336,15278,0,0,0,0,1,534,0,339,0,339
24291,Playing,5355520,15180,0,0,0,0,1,536,0,339,0,339
24540,Playing,5376000,15238,0,0,0,0,1,540,0,339,0,339
24788,Playing,5404672,15319,0,0,0,0,1,544,0,339,0,339
25038,Playing,5397504,15299,0,0,0,0,1,547,94,339,94,339
25289,Playing,5362688,15200,0,0,0,0,1,549,0,339,0,339
25537,Playing,5355520,15180,0,0,0,0,1,552,177,339,177,339
25788,Playing,5384192,15261,0,0,0,0,1,556,0,339,0,339
26036,Playing,5404672,15319,0,0,0,0,1,560,0,339,0,339
26289,Playing,5342208,15142,0,0,0,0,1,561,174,339,175,339
26537,Playing,5370880,15223,0,0,0,0,1,565,175,339,175,339
26786,Playing,5363712,15203,0,0,0,0,1,571,0,339,0,339
27032,Playing,5328896,15104,0,0,0,0,1,573,0,339,0,339
27282,Playing,5349376,15162,0,0,0,0,1,577,0,339,0,339
27531,Playing,5350400,15165,0,0,0,0,1,580,0,339,0,339
27782,Playing,5343232,15145,0,0,0,0,1,583,175,339,175,339
28031,Playing,5363712,15203,0,0,0,0,1,587,93,339,93,339
28280,Playing,5337088,15127,0,0,0,0,1,589,0,339,0,339
28532,Playing,5329920,15107,0,0,0,0,1,592,179,339,179,339
28781,Playing,5378048,15243,0,0,0,0,1,597,0,339,0,339
29030,Playing,5370880,15223,0,0,0,0,1,600,0,339,0,339
29278,Playing,5316608,15069,0,0,0,0,1,601,176,339,177,339
29529,Playing,5337088,15127,0,0,0,0,1,608,0,339,0,339
29777,Playing,5302272,15029,0,0,0,0,1,610,171,339,171,339
30029,Playing,5303296,15032,0,0,0,0,1,613,7,339,7,339
30278,Playing,5296128,15011,0,0,0,0,1,616,93,339,93,339
30527,Playing,5316608,15069,0,0,0,0,1,620,0,339,0,339
30776,Playing,5317632,15072,0,0,0,0,1,623,171,339,171,339
31025,Playing,5282816,14973,0,0,0,0,1,625,3,339,3,339
31275,Playing,5303296,15032,0,0,0,0,1,629,172,339,173,339
31524,Playing,5323776,15090,0,0,0,0,1,633,0,339,0,339
31774,Playing,5324800,15092,0,0,0,0,1,636,171,339,171,339
32024,Playing,5345280,15151,0,0,0,0,1,640,0,339,0,339
32273,Playing,5310464,15052,0,0,0,0,1,642,1,339,1,339
32523,Playing,5283840,14976,0,0,0,0,1,647,94,339,94,339
32773,Playing,5304320,15034,0,0,0,0,1,651,176,339,176,339
33022,Playing,5269504,14936,0,0,0,0,1,653,177,339,177,339
33271,Playing,5262336,14915,0,0,0,0,1,656,92,339,92,339
33521,Playing,5291008,14997,0,0,0,0,1,660,0,339,0,339
33772,Playing,5311488,15055,0,0,0,0,1,664,14,339,15,339
34023,Playing,5304320,15034,0,0,0,0,1,667,0,339,0,339
34275,Playing,5297152,15014,0,0,0,0,1,670,0,339,0,339
34523,Playing,5270528,14939,0,0,0,0,1,672,92,339,92,339
34772,Playing,5291008,14997,0,0,0,0,1,676,173,339,173,339
35021,Playing,5302272,15029,0,0,0,0,1,680,0,339,0,339
35270,Playing,5257216,14901,0,0,0,0,1,684,0,339,0,339
35522,Playing,5222400,14802,0,0,0,0,1,686,0,339,0,339
35772,Playing,5270528,14939,0,0,0,0,1,691,0,339,0,339
36018,Playing,5263360,14918,0,0,0,0,1,694,0,339,0,339
36269,Playing,5264384,14921,0,0,0,0,1,697,0,339,0,339
36520,Playing,5257216,14901,0,0,0,0,1,700,13,339,13,339
36770,Playing,5250048,14881,0,0,0,0,1,703,96,339,96,339
37019,Playing,5270528,14939,0,0,0,0,1,707,0,339,0,339
37269,Playing,5243904,14863,0,0,0,0,1,709,0,339,0,339
37518,Playing,5236736,14843,0,0,0,0,1,712,94,339,94,339
37766,Playing,5284864,14979,0,0,0,0,1,717,0,339,0,339
38015,Playing,5258240,14904,0,0,0,0,1,722,0,339,0,339
38265,Playing,5251072,14883,0,0,0,0,1,725,95,339,95,339
38514,Playing,5243904,14863,0,0,0,0,1,728,0,339,0,339
38764,Playing,5236736,14843,0,0,0,0,1,731,0,339,0,339
39014,Playing,5237760,14846,0,0,0,0,1,734,93,339,93,339
39262,Playing,5258240,14904,0,0,0,0,1,738,15,339,15,339
39512,Playing,5195776,14727,0,0,0,0,1,739,175,339,175,339
39761,Playing,5252096,14886,0,0,0,0,1,744,0,339,0,339
40011,Playing,5244928,14866,0,0,0,0,1,747,2,339,2,339
40262,Playing,5265408,14924,0,0,0,0,1,751,0,339,0,339
40510,Playing,5238784,14849,0,0,0,0,1,753,0,339,0,339
40758,Playing,5222400,14802,0,0,0,0,1,758,0,339,13,339
41008,Playing,5196800,14730,0,0,0,0,1,761,175,339,175,339
41259,Playing,5244928,14866,0,0,0,0,1,766,3,339,3,339
41508,Playing,5190656,14712,0,0,0,0,1,767,91,339,91,339
41758,Playing,5211136,14770,0,0,0,0,1,771,0,339,0,339
42010,Playing,5231616,14828,0,0,0,0,1,775,12,339,12,339
42261,Playing,5224448,14808,0,0,0,0,1,778,2,339,2,339
42511,Playing,5197824,14733,0,0,0,0,1,780,2,339,2,339
42760,Playing,5218304,14791,0,0,0,0,1,784,0,339,0,339
43014,Playing,5211136,14770,0,0,0,0,1,787,91,339,91,339
43262,Playing,5231616,14828,0,0,0,0,1,791,0,339,0,339
43512,Playing,5204992,14753,0,0,0,0,1,793,0,339,0,339
43760,Playing,5160960,14628,0,0,0,0,1,798,0,339,0,339
44010,Playing,5181440,14686,0,0,0,0,1,802,0,339,0,339
44259,Playing,5210112,14767,0,0,0,0,1,806,0,339,0,339
44510,Playing,5147648,14590,0,0,0,0,1,807,94,339,95,339
44757,Playing,5168128,14648,0,0,0,0,1,811,1,339,2,339
45005,Playing,5196800,14730,0,0,0,0,1,815,0,339,0,339
45255,Playing,5189632,14709,0,0,0,0,1,818,176,339,176,339
45506,Playing,5154816,14611,0,0,0,0,1,820,2,339,2,339
45755,Playing,5147648,14590,0,0,0,0,1,823,92,339,92,339
46005,Playing,5176320,14672,0,0,0,0,1,827,92,339,92,339
46255,Playing,5169152,14651,0,0,0,0,1,830,96,339,96,339
46506,Playing,5115904,14500,0,0,0,0,1,834,0,339,10,339
46758,Playing,5117952,14506,0,0,0,0,1,838,97,339,97,339
47010,Playing,5138432,14564,0,0,0,0,1,842,0,339,0,339
47258,Playing,5139456,14567,0,0,0,0,1,845,0,339,0,339
47508,Playing,5159936,14625,0,0,0,0,1,849,174,339,174,339
47759,Playing,5125120,14526,0,0,0,0,1,851,0,339,0,339
48008,Playing,5117952,14506,0,0,0,0,1,854,98,339,98,339
48257,Playing,5146624,14587,0,0,0,0,1,858,175,339,175,339
48508,Playing,5167104,14645,0,0,0,0,1,862,0,339,0,339
48757,Playing,5132288,14547,0,0,0,0,1,864,0,339,0,339
49007,Playing,5160960,14628,0,0,0,0,1,868,0,339,0,339
49256,Playing,5116928,14503,0,0,0,0,1,873,0,339,0,339
49503,Playing,5109760,14483,0,0,0,0,1,876,0,339,0,339
49755,Playing,5102592,14463,0,0,0,0,1,879,0,339,0,339
50006,Playing,5103616,14466,0,0,0,0,1,882,0,339,0,339
50257,Playing,5124096,14524,0,0,0,0,1,886,0,339,0,339
50506,Playing,5116928,14503,0,0,0,0,1,889,0,339,0,339
50755,Playing,5082112,14405,0,0,0,0,1,891,0,339,0,339
51005,Playing,5110784,14486,0,0,0,0,1,895,0,339,0,339
51254,Playing,5103616,14466,0,0,0,0,1,898,0,339,0,339
51504,Playing,5124096,14524,0,0,0,0,1,902,1,339,1,339
51755,Playing,5089280,14425,0,0,0,0,1,904,0,339,0,339
52004,Playing,5090304,14428,0,0,0,0,1,907,2,339,2,339
52253,Playing,5083136,14407,0,0,0,0,1,913,95,339,95,339
52502,Playing,5075968,14387,0,0,0,0,1,916,0,339,0,339
52753,Playing,5104640,14468,0,0,0,0,1,920,0,339,0,339
53001,Playing,5042176,14291,0,0,0,0,1,921,175,339,175,339
53311,Playing,5073920,14381,0,0,0,0,1,926,0,339,0,339
53561,Playing,5066752,14361,0,0,0,0,1,929,0,339,0,339
53812,Playing,5087232,14419,0,0,0,0,1,933,2,339,2,339
54000,Playing,5076992,14390,0,0,0,0,1,935,0,339,0,339
54251,Playing,5069824,14370,0,0,0,0,1,938,0,339,0,339
54500,Playing,5070848,14373,0,0,0,0,1,941,174,339,174,339
54810,Playing,5066752,14361,0,0,0,0,1,948,0,339,12,339
55011,Playing,5028864,14254,0,0,0,0,1,949,258,339,258,339
55264,Playing,5049344,14312,0,0,0,0,1,953,0,339,0,339
55517,Playing,5069824,14370,0,0,0,0,1,957,0,339,0,339
55764,Playing,5062656,14349,0,0,0,0,1,960,0,339,0,339
56012,Playing,5063680,14352,0,0,0,0,1,963,0,339,0,339
56264,Playing,5111808,14489,0,0,0,0,1,968,2,342,2,342
56515,Playing,5049344,14312,0,0,0,0,1,969,176,342,176,342
56763,Playing,5069824,14370,0,0,0,0,1,973,0,342,0,342
57011,Playing,5098496,14451,0,0,0,0,1,977,0,342,0,342
57262,Playing,5091328,14431,0,0,0,0,1,980,0,342,0,342
57511,Playing,5028864,14254,0,0,0,0,1,981,178,342,178,342
57762,Playing,5057536,14335,0,0,0,0,1,988,0,342,0,342
58012,Playing,5022720,14236,0,0,0,0,1,990,172,342,173,342
58260,Playing,5070848,14373,0,0,0,0,1,995,0,342,0,342
58510,Playing,5008384,14196,0,0,0,0,1,996,173,342,173,342
58761,Playing,5037056,14277,0,0,0,0,1,1000,174,342,174,342
59010,Playing,5057536,14335,0,0,0,0,1,1004,0,342,0,342
59260,Playing,5078016,14393,0,0,0,0,1,1008,1,342,1,342
59510,Playing,5070848,14373,0,0,0,0,1,1011,1,342,1,342
59762,Playing,5044224,14297,0,0,0,0,1,1013,0,342,0,342
60012,Playing,5037056,14277,0,0,0,0,1,1016,177,342,178,342
60260,Playing,5057536,14335,0,0,0,0,1,1020,94,342,94,342
60509,Playing,4995072,14158,0,0,0,0,1,1024,0,342,0,342
60760,Playing,4996096,14161,0,0,0,0,1,1027,177,342,177,342
61008,Playing,5016576,14219,0,0,0,0,1,1031,175,342,175,342
61256,Playing,5037056,14277,0,0,0,0,1,1035,0,342,0,342
61507,Playing,5038080,14280,0,0,0,0,1,1038,90,342,90,342
61757,Playing,5003264,14181,0,0,0,0,1,1040,0,342,0,342
62008,Playing,5023744,14239,0,0,0,0,1,1044,0,342,0,342
62260,Playing,5044224,14297,0,0,0,0,1,1048,0,342,0,342
62509,Playing,5017600,14222,0,0,0,0,1,1050,0,342,0,342
62756,Playing,5010432,14201,0,0,0,0,1,1053,0,342,0,342
63006,Playing,5003264,14181,0,0,0,0,1,1056,177,342,178,342
63256,Playing,4986880,14135,0,0,0,0,1,1059,172,342,172,342
63503,Playing,4969472,14085,0,0,0,0,1,1064,90,342,90,342
63755,Playing,4989952,14143,0,0,0,0,1,1068,0,342,0,342
64002,Playing,5018624,14225,0,0,0,0,1,1072,0,342,0,342
64253,Playing,4983808,14126,0,0,0,0,1,1074,173,342,173,342
64509,Playing,4976640,14106,0,0,0,0,1,1077,0,342,0,342
64760,Playing,4969472,14085,0,0,0,0,1,1080,0,342,0,342
65009,Playing,4989952,14143,0,0,0,0,1,1084,177,342,177,342
65256,Playing,5018624,14225,0,0,0,0,1,1088,0,342,0,342
65507,Playing,4956160,14048,0,0,0,0,1,1089,94,342,94,342
65758,Playing,5004288,14184,0,0,0,0,1,1094,0,342,0,342
66007,Playing,4996096,14161,0,0,0,0,1,1099,0,342,15,342
66256,Playing,4970496,14088,0,0,0,0,1,1102,0,342,0,342
66505,Playing,4990976,14146,0,0,0,0,1,1106,97,342,97,342
66752,Playing,4964352,14071,0,0,0,0,1,1108,0,342,0,342
67063,Playing,5015552,14216,0,0,0,0,1,1114,15,342,15,342
67311,Playing,4961280,14062,0,0,0,0,1,1115,179,342,179,342
67500,Playing,4915200,13931,0,0,0,0,1,1116,93,342,93,342
67810,Playing,4974592,14100,0,0,0,0,1,1122,0,342,0,342
68059,Playing,4995072,14158,0,0,0,0,1,1126,95,342,95,342
68309,Playing,4968448,14082,0,0,0,0,1,1128,0,342,0,342
68561,Playing,4961280,14062,0,0,0,0,1,1131,96,342,96,342
68810,Playing,4972544,14094,0,0,0,0,1,1138,0,342,0,342
69061,Playing,4965376,14074,0,0,0,0,1,1141,0,342,0,342
69309,Playing,4938752,13998,0,0,0,0,1,1143,0,342,0,342
69560,Playing,4931584,13978,0,0,0,0,1,1146,0,342,0,342
69808,Playing,4960256,14059,0,0,0,0,1,1150,0,342,0,342
70056,Playing,4953088,14039,0,0,0,0,1,1153,95,342,95,342
70306,Playing,4945920,14019,0,0,0,0,1,1156,0,342,0,342
70553,Playing,4946944,14021,0,0,0,0,1,1159,0,342,0,342
70804,Playing,4967424,14080,0,0,0,0,1,1163,0,342,0,342
71053,Playing,4960256,14059,0,0,0,0,1,1166,1,342,1,342
71305,Playing,4980736,14117,0,0,0,0,1,1170,0,342,0,342
71557,Playing,4918272,13940,0,0,0,0,1,1171,174,342,175,342
71805,Playing,4910080,13917,0,0,0,0,1,1177,0,342,0,342
72052,Playing,4902912,13897,0,0,0,0,1,1180,91,342,91,342
72303,Playing,4868096,13798,0,0,0,0,1,1182,2,342,2,342
72552,Playing,4896768,13879,0,0,0,0,1,1186,0,342,0,342
72802,Playing,4889600,13859,0,0,0,0,1,1189,179,342,179,342
73051,Playing,4937728,13995,0,0,0,0,1,1194,0,342,0,342
73301,Playing,4875264,13818,0,0,0,0,1,1195,174,342,174,342
73549,Playing,4903936,13900,0,0,0,0,1,1199,178,342,178,342
73799,Playing,4896768,13879,0,0,0,0,1,1202,0,342,0,342
74050,Playing,4917248,13937,0,0,0,0,1,1206,0,342,0,342
74300,Playing,4918272,13940,0,0,0,0,1,1209,91,342,91,342
74550,Playing,4874240,13815,0,0,0,0,1,1214,0,342,0,342
74799,Playing,4867072,13795,0,0,0,0,1,1217,0,342,0,342
75050,Playing,4859904,13775,0,0,0,0,1,1220,14,342,14,342
75298,Playing,4833280,13699,0,0,0,0,1,1222,0,342,0,342
75547,Playing,4853760,13757,0,0,0,0,1,1226,172,342,172,342
75797,Playing,4874240,13815,0,0,0,0,1,1230,0,342,0,342
76046,Playing,4902912,13897,0,0,0,0,1,1234,0,342,0,342
76295,Playing,4895744,13876,0,0,0,0,1,1237,0,342,0,342
76547,Playing,4860928,13778,0,0,0,0,1,1239,0,342,0,342
76795,Playing,4853760,13757,0,0,0,0,1,1242,172,342,172,342
77043,Playing,4882432,13839,0,0,0,0,1,1246,0,342,0,342
77293,Playing,4847616,13740,0,0,0,0,1,1249,173,342,173,342
77543,Playing,4812800,13641,0,0,0,0,1,1253,14,342,14,342
77791,Playing,4841472,13722,0,0,0,0,1,1257,0,342,0,342
78041,Playing,4861952,13781,0,0,0,0,1,1261,0,342,0,342
78291,Playing,4799488,13603,0,0,0,0,1,1262,95,342,95,342
78540,Playing,4828160,13685,0,0,0,0,1,1266,0,342,0,342
78791,Playing,4848640,13743,0,0,0,0,1,1270,13,342,13,342
79039,Playing,4841472,13722,0,0,0,0,1,1273,14,342,14,342
79289,Playing,4861952,13781,0,0,0,0,1,1277,0,342,0,342
79539,Playing,4835328,13705,0,0,0,0,1,1279,0,342,0,342
79789,Playing,4828160,13685,0,0,0,0,1,1282,94,342,95,342
80038,Playing,4848640,13743,0,0,0,0,1,1286,0,342,0,342
80288,Playing,4849664,13746,0,0,0,0,1,1292,0,342,0,342
80538,Playing,4842496,13725,0,0,0,0,1,1295,0,342,0,342
80789,Playing,4835328,13705,0,0,0,0,1,1298,96,342,96,342
81037,Playing,4828160,13685,0,0,0,0,1,1301,0,342,0,342
81286,Playing,4829184,13688,0,0,0,0,1,1304,92,342,92,342
81535,Playing,4849664,13746,0,0,0,0,1,1308,13,342,13,342
81784,Playing,4795392,13592,0,0,0,0,1,1309,176,342,176,342
82034,Playing,4815872,13650,0,0,0,0,1,1313,172,342,172,342
82285,Playing,4808704,13630,0,0,0,0,1,1316,174,342,174,342
82532,Playing,4856832,13766,0,0,0,0,1,1321,0,342,0,342
82781,Playing,4857856,13769,0,0,0,0,1,1324,0,342,0,342
83030,Playing,4767744,13514,0,0,0,0,1,1327,0,342,14,342
83281,Playing,4788224,13572,0,0,0,0,1,1331,179,342,179,342
83531,Playing,4789248,13574,0,0,0,0,1,1334,14,342,15,342
83778,Playing,4782080,13554,0,0,0,0,1,1337,0,342,0,342
84025,Playing,4774912,13534,0,0,0,0,1,1340,91,342,91,342
84275,Playing,4803584,13615,0,0,0,0,1,1344,169,342,169,342
84523,Playing,4768768,13516,0,0,0,0,1,1346,0,342,0,342
84774,Playing,4761600,13496,0,0,0,0,1,1349,93,342,94,342
85020,Playing,4790272,13577,0,0,0,0,1,1353,0,342,0,342
85269,Playing,4810752,13635,0,0,0,0,1,1357,0,342,0,342
85521,Playing,4775936,13537,0,0,0,0,1,1359,2,342,2,342
85772,Playing,4768768,13516,0,0,0,0,1,1365,0,342,0,342
86024,Playing,4761600,13496,0,0,0,0,1,1368,0,342,0,342
86271,Playing,4762624,13499,0,0,0,0,1,1371,93,342,93,342
86520,Playing,4727808,13400,0,0,0,0,1,1373,1,342,1,342
86769,Playing,4756480,13482,0,0,0,0,1,1377,2,342,2,342
87020,Playing,4776960,13540,0,0,0,0,1,1381,1,342,1,342
87270,Playing,4769792,13519,0,0,0,0,1,1384,1,342,1,342
87520,Playing,4734976,13421,0,0,0,0,1,1386,0,342,0,342
87769,Playing,4763648,13502,0,0,0,0,1,1390,2,342,2,342
88016,Playing,4756480,13482,0,0,0,0,1,1393,0,342,0,342
88264,Playing,4776960,13540,0,0,0,0,1,1397,0,342,0,342
88515,Playing,4760576,13493,0,0,0,0,1,1400,172,342,172,342
88763,Playing,4715520,13365,0,0,0,0,1,1404,94,342,94,342
89015,Playing,4763648,13502,0,0,0,0,1,1409,0,342,0,342
89266,Playing,4756480,13482,0,0,0,0,1,1412,0,342,0,342
89513,Playing,4757504,13484,0,0,0,0,1,1415,0,342,0,342
89763,Playing,4722688,13386,0,0,0,0,1,1417,12,342,12,342
90012,Playing,4743168,13444,0,0,0,0,1,1421,0,342,0,342
90262,Playing,4744192,13447,0,0,0,0,1,1424,178,342,178,342
90513,Playing,4737024,13426,0,0,0,0,1,1427,0,342,0,342
90762,Playing,4729856,13406,0,0,0,0,1,1430,0,342,0,342
91014,Playing,4750336,13464,0,0,0,0,1,1434,0,342,0,342
91265,Playing,4743168,13444,0,0,0,0,1,1437,0,342,0,342
91514,Playing,4744192,13447,0,0,0,0,1,1443,0,342,0,342
91764,Playing,4681728,13270,0,0,0,0,1,1444,176,342,176,342
92011,Playing,4729856,13406,0,0,0,0,1,1449,0,342,0,342
92262,Playing,4730880,13409,0,0,0,0,1,1452,0,342,0,342
92514,Playing,4696064,13310,0,0,0,0,1,1454,0,342,0,342
92763,Playing,4688896,13290,0,0,0,0,1,1457,96,342,96,342
93011,Playing,4709376,13348,0,0,0,0,1,1461,1,342,1,342
93261,Playing,4710400,13351,0,0,0,0,1,1464,92,342,92,342
93510,Playing,4675584,13252,0,0,0,0,1,1466,1,342,1,342
93759,Playing,4696064,13310,0,0,0,0,1,1470,88,342,88,342
94010,Playing,4716544,13368,0,0,0,0,1,1474,0,342,0,342
94260,Playing,4680704,13267,0,0,0,0,1,1479,95,342,95,342
94510,Playing,4673536,13246,0,0,0,0,1,1482,95,342,95,342
94760,Playing,4666368,13226,0,0,0,0,1,1485,0,342,0,342
95011,Playing,4659200,13206,0,0,0,0,1,1488,94,342,94,342
95261,Playing,4687872,13287,0,0,0,0,1,1492,93,342,94,342
95510,Playing,4708352,13345,0,0,0,0,1,1496,4,342,4,342
95756,Playing,4654080,13191,0,0,0,0,1,1497,90,342,90,342
96005,Playing,4674560,13249,0,0,0,0,1,1501,0,342,0,342
96255,Playing,4695040,13307,0,0,0,0,1,1505,15,342,15,342
96505,Playing,4687872,13287,0,0,0,0,1,1508,95,342,95,342
96753,Playing,4661248,13212,0,0,0,0,1,1510,0,342,0,342
97003,Playing,4663296,13217,0,0,0,0,1,1516,0,342,14,342
97250,Playing,4637696,13145,0,0,0,0,1,1519,96,342,96,342
97560,Playing,4669440,13235,0,0,0,0,1,1524,0,342,0,342
97807,Playing,4670464,13238,0,0,0,0,1,1527,0,342,1,342
98057,Playing,4663296,13217,0,0,0,0,1,1530,172,342,172,342
98307,Playing,4656128,13197,0,0,0,0,1,1533,14,342,14,342
98557,Playing,4648960,13177,0,0,0,0,1,1536,0,342,0,342
98806,Playing,4677632,13258,0,0,0,0,1,1540,0,342,0,342
99055,Playing,4670464,13238,0,0,0,0,1,1543,0,342,0,342
99306,Playing,4608000,13061,0,0,0,0,1,1544,91,342,91,342
99555,Playing,4664320,13220,0,0,0,0,1,1549,0,342,0,342
99803,Playing,4647936,13174,0,0,0,0,1,1555,0,342,0,342
100052,Playing,4585472,12997,0,0,0,0,1,1556,93,342,94,342
100302,Playing,4614144,13078,0,0,0,0,1,1560,0,342,0,342
100552,Playing,4606976,13058,0,0,0,0,1,1563,0,342,0,342
100799,Playing,4599808,13038,0,0,0,0,1,1566,0,342,0,342
101051,Playing,4647936,13174,0,0,0,0,1,1571,2,342,2,342
101297,Playing,4593664,13020,0,0,0,0,1,1572,91,342,91,342
101550,Playing,4614144,13078,0,0,0,0,1,1576,0,342,0,342
101801,Playing,4634624,13136,0,0,0,0,1,1580,2,342,2,342
102049,Playing,4635648,13139,0,0,0,0,1,1583,0,342,0,342
102298,Playing,4600832,13040,0,0,0,0,1,1585,0,342,0,342
102548,Playing,4621312,13098,0,0,0,0,1,1589,0,342,0,342
102798,Playing,4586496,13000,0,0,0,0,1,1594,96,342,96,342
103049,Playing,4615168,13081,0,0,0,0,1,1598,0,342,0,342
103298,Playing,4580352,12982,0,0,0,0,1,1600,0,342,0,342
103548,Playing,4573184,12962,0,0,0,0,1,1603,91,342,91,342
103798,Playing,4593664,13020,0,0,0,0,1,1607,0,342,0,342
104047,Playing,4622336,13101,0,0,0,0,1,1611,0,342,0,342
104298,Playing,4559872,12924,0,0,0,0,1,1612,95,342,95,342
104548,Playing,4608000,13061,0,0,0,0,1,1617,95,342,96,342
104798,Playing,4609024,13064,0,0,0,0,1,1620,0,342,0,342
105046,Playing,4601856,13043,0,0,0,0,1,1623,176,342,176,342
105294,Playing,4567040,12945,0,0,0,0,1,1625,0,342,0,342
105543,Playing,4540416,12869,0,0,0,0,1,1630,0,342,16,342
105791,Playing,4560896,12927,0,0,0,0,1,1634,89,342,89,342
106043,Playing,4581376,12985,0,0,0,0,1,1638,14,342,14,342
106293,Playing,4601856,13043,0,0,0,0,1,1642,0,342,0,342
106542,Playing,4575232,12968,0,0,0,0,1,1644,0,342,0,342
106791,Playing,4568064,12948,0,0,0,0,1,1647,0,342,0,342
107043,Playing,4560896,12927,0,0,0,0,1,1650,95,342,95,342
107292,Playing,4553728,12907,0,0,0,0,1,1653,0,342,0,342
107542,Playing,4554752,12910,0,0,0,0,1,1656,0,342,0,342
107790,Playing,4575232,12968,0,0,0,0,1,1660,0,342,0,342
108041,Playing,4568064,12948,0,0,0,0,1,1663,94,342,94,342
108290,Playing,4513792,12794,0,0,0,0,1,1664,179,342,179,342
108542,Playing,4534272,12852,0,0,0,0,1,1671,0,342,0,342
108790,Playing,4554752,12910,0,0,0,0,1,1675,0,342,0,342
109040,Playing,4547584,12889,0,0,0,0,1,1678,0,342,0,342
109289,Playing,4548608,12892,0,0,0,0,1,1681,95,342,95,342
109538,Playing,4541440,12872,0,0,0,0,1,1684,0,342,0,342
109788,Playing,4506624,12773,0,0,0,0,1,1686,97,342,97,342
110038,Playing,4535296,12855,0,0,0,0,1,1690,93,342,93,342
110291,Playing,4555776,12913,0,0,0,0,1,1694,0,342,0,342
110540,Playing,4520960,12814,0,0,0,0,1,1696,94,342,94,342
110788,Playing,4541440,12872,0,0,0,0,1,1700,0,342,0,342
111039,Playing,4542464,12875,0,0,0,0,1,1706,0,342,0,342
111287,Playing,4535296,12855,0,0,0,0,1,1709,92,342,92,342
111537,Playing,4472832,12678,0,0,0,0,1,1710,175,342,175,342
111788,Playing,4493312,12736,0,0,0,0,1,1714,93,342,93,342
112036,Playing,4521984,12817,0,0,0,0,1,1718,0,342,0,342
112286,Playing,4542464,12875,0,0,0,0,1,1722,0,342,0,342
112535,Playing,4480000,12698,0,0,0,0,1,1723,177,342,177,342
112789,Playing,4508672,12779,0,0,0,0,1,1727,95,342,95,342
113035,Playing,4529152,12837,0,0,0,0,1,1731,0,342,0,342
113285,Playing,4521984,12817,0,0,0,0,1,1734,174,342,174,342
113534,Playing,4523008,12820,0,0,0,0,1,1737,0,342,0,342
113782,Playing,4488192,12721,0,0,0,0,1,1739,96,342,96,342
114033,Playing,4481024,12701,0,0,0,0,1,1745,95,342,95,342
114281,Playing,4501504,12759,0,0,0,0,1,1749,175,342,175,342
114531,Playing,4474880,12683,0,0,0,0,1,1751,0,342,0,342
114779,Playing,4467712,12663,0,0,0,0,1,1754,94,342,94,342
115032,Playing,4488192,12721,0,0,0,0,1,1758,0,342,0,342
115279,Playing,4516864,12802,0,0,0,0,1,1762,13,342,13,342
115532,Playing,4482048,12704,0,0,0,0,1,1764,0,342,0,342
115779,Playing,4502528,12762,0,0,0,0,1,1768,0,342,0,342
116028,Playing,4495360,12741,0,0,0,0,1,1771,0,342,0,342
116277,Playing,4524032,12823,0,0,0,0,1,1775,9,342,9,342
116526,Playing,4516864,12802,0,0,0,0,1,1778,0,342,0,342
116775,Playing,4509696,12782,0,0,0,0,1,1784,0,342,0,342
117027,Playing,4447232,12605,0,0,0,0,1,1785,176,342,176,342
117276,Playing,4475904,12686,0,0,0,0,1,1789,0,342,0,342
117527,Playing,4496384,12744,0,0,0,0,1,1793,0,342,0,342
117775,Playing,4489216,12724,0,0,0,0,1,1796,92,342,92,342
118024,Playing,4462592,12649,0,0,0,0,1,1798,0,342,0,342
118274,Playing,4455424,12628,0,0,0,0,1,1801,0,342,0,342
118525,Playing,4448256,12608,0,0,0,0,1,1804,0,342,0,342
118778,Playing,4468736,12666,0,0,0,0,1,1808,0,342,0,342
119027,Playing,4461568,12646,0,0,0,0,1,1811,94,342,94,342
119279,Playing,4490240,12727,0,0,0,0,1,1815,0,342,0,342
119529,Playing,4446208,12602,0,0,0,0,1,1820,94,342,94,342
119778,Playing,4439040,12582,0,0,0,0,1,1823,92,342,92,342
120027,Playing,4431872,12561,0,0,0,0,1,1826,0,342,0,342
120278,Playing,4432896,12564,0,0,0,0,1,1829,91,342,91,342
120528,Playing,4453376,12622,0,0,0,0,1,1833,93,342,93,342
120776,Playing,4390912,12445,0,0,0,0,1,1834,175,342,175,342
121024,Playing,4419584,12527,0,0,0,0,1,1838,90,342,90,342
121275,Playing,4440064,12585,0,0,0,0,1,1842,0,342,0,342
121523,Playing,4460544,12643,0,0,0,0,1,1846,0,342,0,342
121773,Playing,4453376,12622,0,0,0,0,1,1849,14,342,15,342
122022,Playing,4426752,12547,0,0,0,0,1,1851,0,342,0,342
122272,Playing,4419584,12527,0,0,0,0,1,1854,95,342,95,342
122523,Playing,4403200,12480,0,0,0,0,1,1860,93,342,93,342
122771,Playing,4431872,12561,0,0,0,0,1,1864,0,342,0,342
123020,Playing,4369408,12384,0,0,0,0,1,1865,177,342,177,342
123271,Playing,4417536,12521,0,0,0,0,1,1870,0,342,0,342
123521,Playing,4438016,12579,0,0,0,0,1,1874,0,342,0,342
123770,Playing,4411392,12503,0,0,0,0,1,1876,94,342,94,342
124019,Playing,4431872,12561,0,0,0,0,1,1880,94,342,94,342
124270,Playing,4397056,12463,0,0,0,0,1,1882,0,342,0,342
124520,Playing,4389888,12442,0,0,0,0,1,1885,93,342,93,342
124772,Playing,4418560,12524,0,0,0,0,1,1889,94,342,94,342
125019,Playing,4420608,12530,0,0,0,0,1,1895,0,342,14,342
125269,Playing,4367360,12379,0,0,0,0,1,1897,0,342,0,342
125517,Playing,4396032,12460,0,0,0,0,1,1901,0,342,0,342
125768,Playing,4388864,12440,0,0,0,0,1,1904,0,342,0,342
126016,Playing,4381696,12419,0,0,0,0,1,1907,95,342,95,342
126265,Playing,4374528,12399,0,0,0,0,1,1910,0,342,0,342
126515,Playing,4375552,12402,0,0,0,0,1,1913,0,342,0,342
126764,Playing,4368384,12382,0,0,0,0,1,1916,91,342,91,342
127013,Playing,4388864,12440,0,0,0,0,1,1920,1,342,1,342
127263,Playing,4362240,12364,0,0,0,0,1,1922,0,342,0,342
127513,Playing,4382720,12422,0,0,0,0,1,1926,0,342,0,342
127761,Playing,4403200,12480,0,0,0,0,1,1930,0,342,0,342
128011,Playing,4313088,12225,0,0,0,0,1,1933,0,342,13,342
128260,Playing,4341760,12306,0,0,0,0,1,1937,0,342,0,342
128509,Playing,4334592,12286,0,0,0,0,1,1940,176,342,176,342
128758,Playing,4355072,12344,0,0,0,0,1,1944,0,342,0,342
129006,Playing,4328448,12268,0,0,0,0,1,1946,16,342,16,342
129255,Playing,4321280,12248,0,0,0,0,1,1949,0,342,0,342
129503,Playing,4341760,12306,0,0,0,0,1,1953,176,342,176,342
129754,Playing,4370432,12387,0,0,0,0,1,1957,0,342,0,342
130003,Playing,4335616,12289,0,0,0,0,1,1959,16,342,16,342
130254,Playing,4328448,12268,0,0,0,0,1,1962,0,342,0,342
130502,Playing,4348928,12326,0,0,0,0,1,1966,0,342,0,342
130810,Playing,4297728,12181,0,0,0,0,1,1971,0,342,12,342
131059,Playing,4326400,12263,0,0,0,0,1,1975,172,342,173,342
131310,Playing,4346880,12321,0,0,0,0,1,1979,0,342,0,342
131559,Playing,4312064,12222,0,0,0,0,1,1981,16,342,16,342
131809,Playing,4304896,12202,0,0,0,0,1,1984,13,342,14,342
132059,Playing,4333568,12283,0,0,0,0,1,1988,1,342,1,342
132309,Playing,4271104,12106,0,0,0,0,1,1989,173,342,174,342
132558,Playing,4319232,12242,0,0,0,0,1,1994,0,342,0,342
132805,Playing,4312064,12222,0,0,0,0,1,1997,5,342,5,342
133052,Playing,4313088,12225,0,0,0,0,1,2000,96,342,96,342
133302,Playing,4278272,12126,0,0,0,0,1,2002,1,342,1,342
133550,Playing,4306944,12207,0,0,0,0,1,2006,87,342,87,342
133801,Playing,4299776,12187,0,0,0,0,1,2012,0,342,0,342
134050,Playing,4320256,12245,0,0,0,0,1,2016,0,342,0,342
134300,Playing,4257792,12068,0,0,0,0,1,2017,176,342,176,342
134550,Playing,4286464,12149,0,0,0,0,1,2021,0,342,0,342
134799,Playing,4279296,12129,0,0,0,0,1,2024,0,342,0,342
135050,Playing,4299776,12187,0,0,0,0,1,2028,0,342,0,342
135299,Playing,4273152,12112,0,0,0,0,1,2030,0,342,0,342
135548,Playing,4265984,12091,0,0,0,0,1,2033,0,342,0,342
135798,Playing,4286464,12149,0,0,0,0,1,2037,90,342,90,342
136048,Playing,4306944,12207,0,0,0,0,1,2041,0,342,0,342
136300,Playing,4244480,12030,0,0,0,0,1,2042,175,342,175,342
136548,Playing,4245504,12033,0,0,0,0,1,2048,0,342,0,342
136797,Playing,4265984,12091,0,0,0,0,1,2052,0,342,0,342
137046,Playing,4258816,12071,0,0,0,0,1,2055,0,342,0,342
137294,Playing,4259840,12074,0,0,0,0,1,2058,95,342,96,342
137546,Playing,4252672,12054,0,0,0,0,1,2061,1,342,1,342
137796,Playing,4245504,12033,0,0,0,0,1,2064,96,342,96,342
138046,Playing,4274176,12115,0,0,0,0,1,2068,0,342,0,342
138292,Playing,4294656,12173,0,0,0,0,1,2072,1,342,1,342
138540,Playing,4287488,12152,0,0,0,0,1,2075,13,342,13,342
138791,Playing,4252672,12054,0,0,0,0,1,2077,0,342,0,342
139039,Playing,4281344,12135,0,0,0,0,1,2081,0,342,0,342
139289,Playing,4246528,12036,0,0,0,0,1,2086,96,342,96,342
139539,Playing,4239360,12016,0,0,0,0,1,2089,179,342,179,342
139788,Playing,4212736,11940,0,0,0,0,1,2091,0,342,0,342
140034,Playing,4233216,11998,0,0,0,0,1,2095,176,342,176,342
140283,Playing,4253696,12056,0,0,0,0,1,2099,0,342,0,342
140531,Playing,4282368,12138,0,0,0,0,1,2103,0,342,0,342
140781,Playing,4219904,11961,0,0,0,0,1,2104,174,342,174,342
141030,Playing,4240384,12019,0,0,0,0,1,2108,0,342,0,342
141280,Playing,4241408,12022,0,0,0,0,1,2111,173,342,173,342
141527,Playing,4261888,12080,0,0,0,0,1,2115,0,342,0,342
141777,Playing,4227072,11981,0,0,0,0,1,2117,0,342,0,342
142026,Playing,4210688,11935,0,0,0,0,1,2122,0,342,15,342
142276,Playing,4220928,11964,0,0,0,0,1,2126,173,342,173,342
142523,Playing,4241408,12022,0,0,0,0,1,2130,0,342,0,342
142772,Playing,4206592,11923,0,0,0,0,1,2132,15,342,15,342
143023,Playing,4207616,11926,0,0,0,0,1,2135,0,342,0,342
143275,Playing,4228096,11984,0,0,0,0,1,2139,14,342,15,342
143523,Playing,4220928,11964,0,0,0,0,1,2142,96,342,96,342
143771,Playing,4213760,11943,0,0,0,0,1,2145,0,342,0,342
144022,Playing,4214784,11946,0,0,0,0,1,2148,0,342,0,342
144273,Playing,4235264,12004,0,0,0,0,1,2152,0,342,0,342
144524,Playing,4228096,11984,0,0,0,0,1,2155,0,342,0,342
144773,Playing,4165632,11807,0,0,0,0,1,2156,175,342,175,342
145024,Playing,4157440,11784,0,0,0,0,1,2162,97,342,97,342
145275,Playing,4205568,11920,0,0,0,0,1,2167,0,342,0,342
145525,Playing,4198400,11900,0,0,0,0,1,2170,0,342,0,342
145774,Playing,4171776,11824,0,0,0,0,1,2172,0,342,0,342
146024,Playing,4164608,11804,0,0,0,0,1,2175,0,342,0,342
146272,Playing,4185088,11862,0,0,0,0,1,2179,94,342,94,342
146524,Playing,4205568,11920,0,0,0,0,1,2183,0,342,0,342
146773,Playing,4151296,11766,0,0,0,0,1,2184,95,342,95,342
147023,Playing,4171776,11824,0,0,0,0,1,2188,93,342,94,342
147271,Playing,4192256,11882,0,0,0,0,1,2192,0,342,0,342
147519,Playing,4193280,11885,0,0,0,0,1,2195,0,342,0,342
147770,Playing,4121600,11682,0,0,0,0,1,2199,0,342,0,342
148016,Playing,4142080,11740,0,0,0,0,1,2203,0,342,0,342
148269,Playing,4143104,11743,0,0,0,0,1,2206,0,342,0,342
148518,Playing,4163584,11801,0,0,0,0,1,2210,94,342,94,342
148768,Playing,4128768,11702,0,0,0,0,1,2212,0,342,0,342
149018,Playing,4121600,11682,0,0,0,0,1,2215,96,342,96,342
149269,Playing,4150272,11763,0,0,0,0,1,2219,0,342,0,342
149518,Playing,4170752,11821,0,0,0,0,1,2223,0,342,0,342
149769,Playing,4135936,11723,0,0,0,0,1,2225,0,342,0,342
150019,Playing,4156416,11781,0,0,0,0,1,2229,0,342,0,342
150269,Playing,4157440,11784,0,0,0,0,1,2232,0,342,0,342
150516,Playing,4113408,11659,0,0,0,0,1,2237,174,342,174,342
150765,Playing,4078592,11560,0,0,0,0,1,2239,0,342,0,342
151016,Playing,4107264,11641,0,0,0,0,1,2243,93,342,93,342
151269,Playing,4127744,11699,0,0,0,0,1,2247,16,342,16,342
151517,Playing,4148224,11758,0,0,0,0,1,2251,0,342,0,342
151766,Playing,4058112,11502,0,0,0,0,1,2251,0,342,0,342
152015,Playing,4114432,11662,0,0,0,0,1,2256,0,342,0,342
152263,Playing,4107264,11641,0,0,0,0,1,2259,0,342,0,342
152513,Playing,4127744,11699,0,0,0,0,1,2263,0,342,0,342
152762,Playing,4128768,11702,0,0,0,0,1,2266,0,342,0,342
153012,Playing,4093952,11604,0,0,0,0,1,2268,13,342,13,342
153261,Playing,4086784,11583,0,0,0,0,1,2274,0,342,13,342
153513,Playing,4107264,11641,0,0,0,0,1,2278,0,342,0,342
153765,Playing,4044800,11464,0,0,0,0,1,2279,95,342,95,342
154012,Playing,4073472,11546,0,0,0,0,1,2283,0,342,0,342
154264,Playing,4066304,11525,0,0,0,0,1,2286,94,342,94,342
154513,Playing,4086784,11583,0,0,0,0,1,2290,91,342,92,342
154763,Playing,4087808,11586,0,0,0,0,1,2293,173,342,173,342
155011,Playing,4080640,11566,0,0,0,0,1,2296,0,342,0,342
155260,Playing,4045824,11467,0,0,0,0,1,2298,0,342,0,342
155510,Playing,4102144,11627,0,0,0,0,1,2303,0,342,0,342
155760,Playing,4122624,11685,0,0,0,0,1,2307,0,342,0,342
156010,Playing,4060160,11508,0,0,0,0,1,2308,177,342,177,342
156258,Playing,4052992,11488,0,0,0,0,1,2314,0,342,0,342
156510,Playing,4081664,11569,0,0,0,0,1,2318,0,342,0,342
156758,Playing,4074496,11549,0,0,0,0,1,2321,176,342,177,342
157007,Playing,4039680,11450,0,0,0,0,1,2323,14,342,14,342
157255,Playing,4068352,11531,0,0,0,0,1,2327,15,342,15,342
157502,Playing,4088832,11589,0,0,0,0,1,2331,0,342,0,342
157752,Playing,4054016,11490,0,0,0,0,1,2333,95,342,95,342
158060,Playing,4085760,11580,0,0,0,0,1,2338,0,342,0,342
158309,Playing,4078592,11560,0,0,0,0,1,2341,0,342,0,342
158557,Playing,4051968,11485,0,0,0,0,1,2343,0,342,0,342
158805,Playing,4044800,11464,0,0,0,0,1,2346,175,342,175,342
159054,Playing,4037632,11444,0,0,0,0,1,2352,175,342,175,342
159304,Playing,4011008,11369,0,0,0,0,1,2354,0,342,0,342
159551,Playing,4031488,11427,0,0,0,0,1,2358,95,342,95,342
159802,Playing,4024320,11406,0,0,0,0,1,2361,176,342,176,342
160052,Playing,4044800,11464,0,0,0,0,1,2365,0,342,0,342
160298,Playing,4018176,11389,0,0,0,0,1,2367,0,342,0,342
160547,Playing,4038656,11447,0,0,0,0,1,2371,0,342,0,342
160797,Playing,4031488,11427,0,0,0,0,1,2374,0,342,0,342
161045,Playing,4032512,11430,0,0,0,0,1,2377,0,342,0,342
161297,Playing,4052992,11488,0,0,0,0,1,2381,176,342,176,342
161546,Playing,4018176,11389,0,0,0,0,1,2383,0,342,0,342
161796,Playing,4011008,11369,0,0,0,0,1,2389,0,342,0,342
162041,Playing,4012032,11371,0,0,0,0,1,2392,0,342,0,342
162292,Playing,3977216,11273,0,0,0,0,1,2394,0,342,0,342
162542,Playing,4025344,11409,0,0,0,0,1,2399,0,342,0,342
162795,Playing,4026368,11412,0,0,0,0,1,2402,0,342,0,342
163043,Playing,4019200,11392,0,0,0,0,1,2405,0,342,0,342
163292,Playing,4012032,11371,0,0,0,0,1,2408,94,342,95,342
163542,Playing,3977216,11273,0,0,0,0,1,2410,0,342,0,342
163792,Playing,4005888,11354,0,0,0,0,1,2414,0,342,0,342
164042,Playing,4026368,11412,0,0,0,0,1,2418,0,342,0,342
164294,Playing,4046848,11470,0,0,0,0,1,2422,0,342,0,342
164540,Playing,3992576,11316,0,0,0,0,1,2426,0,342,0,342
164790,Playing,3985408,11296,0,0,0,0,1,2429,0,342,0,342
165040,Playing,3978240,11276,0,0,0,0,1,2432,0,342,0,342
165289,Playing,3998720,11334,0,0,0,0,1,2436,0,342,0,342
165539,Playing,3972096,11258,0,0,0,0,1,2438,0,342,0,342
165792,Playing,3992576,11316,0,0,0,0,1,2442,0,342,0,342
166037,Playing,3985408,11296,0,0,0,0,1,2445,94,342,94,342
166284,Playing,4014080,11377,0,0,0,0,1,2449,16,342,16,342
166535,Playing,4006912,11357,0,0,0,0,1,2452,15,342,15,342
166784,Playing,3999744,11337,0,0,0,0,1,2455,95,342,95,342
167030,Playing,4000768,11340,0,0,0,0,1,2458,0,342,0,342
167280,Playing,3984384,11293,0,0,0,0,1,2463,0,342,13,342
167527,Playing,3986432,11299,0,0,0,0,1,2467,0,342,0,342
167780,Playing,3959808,11223,0,0,0,0,1,2469,96,342,96,342
168029,Playing,3980288,11281,0,0,0,0,1,2473,0,342,0,342
168277,Playing,3973120,11261,0,0,0,0,1,2476,0,342,0,342
168525,Playing,3974144,11264,0,0,0,0,1,2479,95,342,96,342
168777,Playing,3994624,11322,0,0,0,0,1,2483,94,342,94,342
169029,Playing,3987456,11302,0,0,0,0,1,2486,0,342,0,342
169278,Playing,3952640,11203,0,0,0,0,1,2488,176,342,176,342
169529,Playing,3973120,11261,0,0,0,0,1,2492,0,342,0,342
169776,Playing,4001792,11342,0,0,0,0,1,2496,0,342,0,342
170025,Playing,3966976,11244,0,0,0,0,1,2498,0,342,0,342
170273,Playing,3950592,11197,0,0,0,0,1,2504,0,342,0,342
170527,Playing,3943424,11177,0,0,0,0,1,2507,0,342,0,342
170775,Playing,3944448,11180,0,0,0,0,1,2510,96,342,96,342
171025,Playing,3909632,11081,0,0,0,0,1,2512,0,342,0,342
171273,Playing,3938304,11162,0,0,0,0,1,2516,0,342,0,342
171522,Playing,3931136,11142,0,0,0,0,1,2519,176,342,176,342
171771,Playing,3951616,11200,0,0,0,0,1,2523,174,342,174,342
172021,Playing,3916800,11102,0,0,0,0,1,2525,0,342,0,342
172270,Playing,3945472,11183,0,0,0,0,1,2529,0,342,0,342
172519,Playing,3938304,11162,0,0,0,0,1,2532,0,342,0,342
172769,Playing,3958784,11221,0,0,0,0,1,2536,0,342,0,342
173017,Playing,3895296,11041,0,0,0,0,1,2540,0,342,0,342
173265,Playing,3888128,11020,0,0,0,0,1,2543,0,342,0,342
173515,Playing,3908608,11078,0,0,0,0,1,2547,0,342,0,342
173762,Playing,3854336,10924,0,0,0,0,1,2548,94,342,95,342
174015,Playing,3874816,10983,0,0,0,0,1,2552,93,342,93,342
174265,Playing,3895296,11041,0,0,0,0,1,2556,0,342,0,342
174514,Playing,3888128,11020,0,0,0,0,1,2559,174,342,174,342
174762,Playing,3944448,11180,0,0,0,0,1,2564,0,342,0,342
175010,Playing,3881984,11003,0,0,0,0,1,2565,174,342,174,342
175259,Playing,3902464,11061,0,0,0,0,1,2569,0,342,0,342
175509,Playing,3903488,11064,0,0,0,0,1,2572,0,342,0,342
175758,Playing,3887104,11017,0,0,0,0,1,2578,0,342,0,342
176008,Playing,3852288,10919,0,0,0,0,1,2580,0,342,0,342
176258,Playing,3845120,10898,0,0,0,0,1,2583,0,342,0,342
176505,Playing,3873792,10980,0,0,0,0,1,2587,0,342,0,342
176756,Playing,3894272,11038,0,0,0,0,1,2591,0,342,0,342
177005,Playing,3831808,10861,0,0,0,0,1,2592,174,342,174,342
177250,Playing,3832832,10864,0,0,0,0,1,2595,173,342,173,342
177503,Playing,3880960,11000,0,0,0,0,1,2600,0,342,0,342
177751,Playing,3873792,10980,0,0,0,0,1,2603,176,342,176,342
178061,Playing,3877888,10991,0,0,0,0,1,2607,173,342,173,342
178310,Playing,3898368,11049,0,0,0,0,1,2611,5,342,5,342
178561,Playing,3835904,10872,0,0,0,0,1,2612,89,342,89,342
178810,Playing,3836928,10875,0,0,0,0,1,2618,0,342,0,342
179059,Playing,3857408,10933,0,0,0,0,1,2622,0,342,0,342
179308,Playing,3850240,10913,0,0,0,0,1,2625,0,342,0,342
179558,Playing,3823616,10837,0,0,0,0,1,2627,0,342,0,342
179807,Playing,3816448,10817,0,0,0,0,1,2630,0,342,0,342
180058,Playing,3836928,10875,0,0,0,0,1,2634,0,342,0,342
180306,Playing,3857408,10933,0,0,0,0,1,2638,0,342,0,342
180555,Playing,3803136,10779,0,0,0,0,1,2639,97,342,97,342
180804,Playing,3823616,10837,0,0,0,0,1,2643,0,342,0,342
181054,Playing,3816448,10817,0,0,0,0,1,2646,176,342,176,342
181304,Playing,3845120,10898,0,0,0,0,1,2653,0,342,14,342
181553,Playing,3810304,10800,0,0,0,0,1,2655,0,342,0,342
181802,Playing,3803136,10779,0,0,0,0,1,2658,0,342,0,342
182053,Playing,3795968,10759,0,0,0,0,1,2661,0,342,0,342
182303,Playing,3824640,10840,0,0,0,0,1,2665,174,342,174,342
182551,Playing,3789824,10742,0,0,0,0,1,2667,13,342,13,342
182799,Playing,3782656,10721,0,0,0,0,1,2670,96,342,96,342
183048,Playing,3811328,10803,0,0,0,0,1,2674,94,342,94,342
183296,Playing,3831808,10861,0,0,0,0,1,2678,0,342,0,342
183547,Playing,3769344,10684,0,0,0,0,1,2679,92,342,92,342
183798,Playing,3789824,10742,0,0,0,0,1,2683,0,342,0,342
184044,Playing,3818496,10823,0,0,0,0,1,2687,0,342,0,342
184294,Playing,3783680,10724,0,0,0,0,1,2692,176,342,176,342
184544,Playing,3776512,10704,0,0,0,0,1,2695,0,342,0,342
184795,Playing,3777536,10707,0,0,0,0,1,2698,0,342,0,342
185043,Playing,3798016,10765,0,0,0,0,1,2702,17,342,17,342
185294,Playing,3790848,10745,0,0,0,0,1,2705,2,342,2,342
185545,Playing,3811328,10803,0,0,0,0,1,2709,0,342,0,342
185792,Playing,3812352,10805,0,0,0,0,1,2712,94,342,94,342
186041,Playing,3777536,10707,0,0,0,0,1,2714,0,342,0,342
186292,Playing,3798016,10765,0,0,0,0,1,2718,1,342,1,342
186541,Playing,3799040,10768,0,0,0,0,1,2721,0,342,1,342
186793,Playing,3764224,10669,0,0,0,0,1,2723,0,342,0,342
187041,Playing,3747840,10623,0,0,0,0,1,2728,0,342,14,342
187292,Playing,3777536,10707,0,0,0,0,1,2733,0,342,0,342
187541,Playing,3806208,10788,0,0,0,0,1,2737,13,342,13,342
187787,Playing,3799040,10768,0,0,0,0,1,2740,0,342,0,342
188036,Playing,3736576,10591,0,0,0,0,1,2741,174,342,174,342
188287,Playing,3757056,10649,0,0,0,0,1,2745,0,342,0,342
188536,Playing,3758080,10652,0,0,0,0,1,2748,175,342,175,342
188785,Playing,3778560,10710,0,0,0,0,1,2752,93,342,93,342
189035,Playing,3743744,10611,0,0,0,0,1,2754,0,342,0,342
189285,Playing,3772416,10692,0,0,0,0,1,2758,175,342,175,342
189536,Playing,3765248,10672,0,0,0,0,1,2761,177,342,177,342
189783,Playing,3748864,10626,0,0,0,0,1,2764,176,342,176,342
190033,Playing,3731456,10576,0,0,0,0,1,2769,0,342,0,342
190283,Playing,3751936,10634,0,0,0,0,1,2773,0,342,0,342
190534,Playing,3744768,10614,0,0,0,0,1,2776,0,342,0,342
190781,Playing,3718144,10538,0,0,0,0,1,2778,0,342,0,342
191026,Playing,3738624,10597,0,0,0,0,1,2782,0,342,0,342
191276,Playing,3731456,10576,0,0,0,0,1,2785,176,342,176,342
191525,Playing,3760128,10657,0,0,0,0,1,2789,0,342,0,342
191773,Playing,3697664,10480,0,0,0,0,1,2790,94,342,94,342
192024,Playing,3718144,10538,0,0,0,0,1,2794,94,342,94,342
192274,Playing,3738624,10597,0,0,0,0,1,2798,0,342,0,342
192523,Playing,3758080,10652,0,0,0,0,1,2804,0,342,14,342
192771,Playing,3704832,10501,0,0,0,0,1,2806,0,342,0,342
193021,Playing,3697664,10480,0,0,0,0,1,2809,0,342,0,342
193270,Playing,3698688,10483,0,0,0,0,1,2812,94,342,95,342
193520,Playing,3719168,10541,0,0,0,0,1,2816,176,342,176,342
193769,Playing,3684352,10443,0,0,0,0,1,2818,0,342,0,342
194018,Playing,3677184,10422,0,0,0,0,1,2821,92,342,92,342
194268,Playing,3733504,10582,0,0,0,0,1,2826,0,342,0,342
194517,Playing,3726336,10562,0,0,0,0,1,2829,0,342,0,342
194768,Playing,3719168,10541,0,0,0,0,1,2832,0,342,0,342
195017,Playing,3720192,10544,0,0,0,0,1,2835,14,342,14,342
195264,Playing,3713024,10524,0,0,0,0,1,2838,1,342,1,342
195515,Playing,3696640,10478,0,0,0,0,1,2844,0,342,0,342
195764,Playing,3670016,10402,0,0,0,0,1,2846,0,342,0,342
196016,Playing,3635200,10303,0,0,0,0,1,2848,0,342,0,342
196263,Playing,3655680,10361,0,0,0,0,1,2852,96,342,96,342
196512,Playing,3703808,10498,0,0,0,0,1,2857,0,342,0,342
196763,Playing,3668992,10399,0,0,0,0,1,2859,176,342,176,342
197011,Playing,3670016,10402,0,0,0,0,1,2862,1,342,1,342
197262,Playing,3690496,10460,0,0,0,0,1,2866,0,342,0,342
197509,Playing,3655680,10361,0,0,0,0,1,2868,94,342,94,342
197758,Playing,3656704,10364,0,0,0,0,1,2871,0,342,0,342
198008,Playing,3649536,10344,0,0,0,0,1,2874,95,342,95,342
198259,Playing,3651584,10350,0,0,0,0,1,2880,0,342,14,342
198512,Playing,3653632,10356,0,0,0,0,1,2884,0,342,0,342
198762,Playing,3682304,10437,0,0,0,0,1,2888,0,342,0,342
199010,Playing,3647488,10338,0,0,0,0,1,2890,95,342,95,342
199259,Playing,3640320,10318,0,0,0,0,1,2893,0,342,0,342
199507,Playing,3641344,10321,0,0,0,0,1,2896,0,342,0,342
199756,Playing,3634176,10300,0,0,0,0,1,2899,0,342,0,342
200005,Playing,3627008,10280,0,0,0,0,1,2902,0,342,0,342
200256,Playing,3619840,10260,0,0,0,0,1,2905,94,342,94,342
200506,Playing,3648512,10341,0,0,0,0,1,2909,172,342,172,342
200757,Playing,3641344,10321,0,0,0,0,1,2912,174,342,174,342
201006,Playing,3634176,10300,0,0,0,0,1,2915,0,342,0,342
201254,Playing,3590144,10176,0,0,0,0,1,2920,1,342,1,342
201504,Playing,3591168,10179,0,0,0,0,1,2923,92,342,92,342
201755,Playing,3611648,10237,0,0,0,0,1,2927,0,342,0,342
202005,Playing,3604480,10216,0,0,0,0,1,2930,0,342,0,342
202255,Playing,3569664,10118,0,0,0,0,1,2932,94,342,94,342
202505,Playing,3598336,10199,0,0,0,0,1,2936,95,342,95,342
202753,Playing,3618816,10257,0,0,0,0,1,2940,0,342,0,342
203004,Playing,3639296,10315,0,0,0,0,1,2944,0,342,0,342
203254,Playing,3632128,10295,0,0,0,0,1,2947,15,342,15,342
203502,Playing,3605504,10219,0,0,0,0,1,2949,0,342,0,342
203753,Playing,3598336,10199,0,0,0,0,1,2952,95,342,95,342
204002,Playing,3591168,10179,0,0,0,0,1,2958,0,342,0,342
204250,Playing,3592192,10181,0,0,0,0,1,2961,94,342,94,342
204560,Playing,3615744,10248,0,0,0,0,1,2966,13,342,13,342
204810,Playing,3589120,10173,0,0,0,0,1,2968,95,342,95,342
205057,Playing,3581952,10152,0,0,0,0,1,2971,0,342,0,342
205308,Playing,3574784,10132,0,0,0,0,1,2974,0,342,0,342
205557,Playing,3595264,10190,0,0,0,0,1,2978,0,342,0,342
205806,Playing,3568640,10115,0,0,0,0,1,2980,0,342,0,342
206058,Playing,3561472,10094,0,0,0,0,1,2983,96,342,96,342
206307,Playing,3581952,10152,0,0,0,0,1,2987,0,342,0,342
206556,Playing,3610624,10234,0,0,0,0,1,2991,0,342,0,342
206807,Playing,3575808,10135,0,0,0,0,1,2996,0,342,0,342
207056,Playing,3596288,10193,0,0,0,0,1,3000,0,342,0,342
207305,Playing,3561472,10094,0,0,0,0,1,3002,0,342,0,342
207554,Playing,3562496,10097,0,0,0,0,1,3005,0,342,0,342
207804,Playing,3582976,10155,0,0,0,0,1,3009,0,342,0,342
208055,Playing,3575808,10135,0,0,0,0,1,3012,94,342,94,342
208304,Playing,3540992,10036,0,0,0,0,1,3014,0,342,0,342
208554,Playing,3569664,10118,0,0,0,0,1,3018,0,342,0,342
208803,Playing,3590144,10176,0,0,0,0,1,3022,0,342,0,342
209053,Playing,3500032,9920,0,0,0,0,1,3022,0,342,0,342
209305,Playing,3548160,10057,0,0,0,0,1,3027,0,342,0,342
209553,Playing,3549184,10060,0,0,0,0,1,3033,0,342,0,342
209802,Playing,3542016,10039,0,0,0,0,1,3036,0,342,0,342
210055,Playing,3562496,10097,0,0,0,0,1,3040,0,342,0,342
210303,Playing,3527680,9999,0,0,0,0,1,3042,95,342,96,342
210553,Playing,3528704,10001,0,0,0,0,1,3045,172,342,172,342
210801,Playing,3549184,10060,0,0,0,0,1,3049,0,342,0,342
211052,Playing,3569664,10118,0,0,0,0,1,3053,0,342,0,342
211304,Playing,3562496,10097,0,0,0,0,1,3056,0,342,0,342
211552,Playing,3508224,9943,0,0,0,0,1,3057,177,342,177,342
211799,Playing,3528704,10001,0,0,0,0,1,3061,175,342,175,342
212048,Playing,3549184,10060,0,0,0,0,1,3065,0,342,0,342
212298,Playing,3513344,9958,0,0,0,0,1,3069,0,342,14,342
212551,Playing,3487744,9885,0,0,0,0,1,3072,0,342,0,342
212799,Playing,3508224,9943,0,0,0,0,1,3076,0,342,0,342
213047,Playing,3509248,9946,0,0,0,0,1,3079,177,342,177,342
213297,Playing,3474432,9848,0,0,0,0,1,3081,0,342,1,342
213547,Playing,3494912,9906,0,0,0,0,1,3085,0,342,0,342
213796,Playing,3515392,9964,0,0,0,0,1,3089,0,342,0,342
214046,Playing,3508224,9943,0,0,0,0,1,3092,174,342,174,342
214295,Playing,3509248,9946,0,0,0,0,1,3095,0,342,0,342
214544,Playing,3502080,9926,0,0,0,0,1,3098,16,342,16,342
214795,Playing,3494912,9906,0,0,0,0,1,3101,0,342,0,342
215047,Playing,3506176,9938,0,0,0,0,1,3105,0,342,0,342
215296,Playing,3461120,9810,0,0,0,0,1,3109,0,342,0,342
215547,Playing,3453952,9790,0,0,0,0,1,3112,93,342,93,342
215796,Playing,3474432,9848,0,0,0,0,1,3116,0,342,0,342
216045,Playing,3494912,9906,0,0,0,0,1,3120,0,342,0,342
216295,Playing,3468288,9830,0,0,0,0,1,3122,0,342,0,342
216547,Playing,3461120,9810,0,0,0,0,1,3125,0,342,0,342
216794,Playing,3481600,9868,0,0,0,0,1,3129,14,342,14,342
217042,Playing,3482624,9871,0,0,0,0,1,3132,95,342,95,342
217293,Playing,3447808,9772,0,0,0,0,1,3134,0,342,0,342
217539,Playing,3468288,9830,0,0,0,0,1,3138,0,342,0,342
217788,Playing,3496960,9912,0,0,0,0,1,3142,0,342,0,342
218035,Playing,3462144,9813,0,0,0,0,1,3147,0,342,0,342
218284,Playing,3482624,9871,0,0,0,0,1,3151,0,342,0,342
218535,Playing,3475456,9851,0,0,0,0,1,3154,93,342,93,342
218787,Playing,3448832,9775,0,0,0,0,1,3156,0,342,0,342
219037,Playing,3469312,9833,0,0,0,0,1,3160,0,342,0,342
219288,Playing,3489792,9891,0,0,0,0,1,3164,0,342,0,342
219535,Playing,3482624,9871,0,0,0,0,1,3167,15,342,15,342
219784,Playing,3428352,9717,0,0,0,0,1,3168,174,342,174,342
220035,Playing,3476480,9853,0,0,0,0,1,3173,0,342,0,342
220285,Playing,3469312,9833,0,0,0,0,1,3176,0,342,0,342
220536,Playing,3462144,9813,0,0,0,0,1,3179,95,342,95,342
220787,Playing,3426304,9711,0,0,0,0,1,3184,0,342,0,342
221035,Playing,3419136,9691,0,0,0,0,1,3187,96,342,96,342
221283,Playing,3439616,9749,0,0,0,0,1,3191,2,342,2,342
221530,Playing,3440640,9752,0,0,0,0,1,3194,2,342,2,342
221781,Playing,3405824,9653,0,0,0,0,1,3196,175,342,175,342
222034,Playing,3453952,9790,0,0,0,0,1,3201,2,342,2,342
222286,Playing,3446784,9769,0,0,0,0,1,3204,0,342,0,342
222536,Playing,3439616,9749,0,0,0,0,1,3207,94,342,94,342
222785,Playing,3412992,9674,0,0,0,0,1,3209,0,342,0,342
223035,Playing,3433472,9732,0,0,0,0,1,3213,0,342,0,342
223285,Playing,3426304,9711,0,0,0,0,1,3216,96,342,96,342
223534,Playing,3400704,9639,0,0,0,0,1,3219,94,342,94,342
223784,Playing,3383296,9589,0,0,0,0,1,3224,173,342,173,342
224032,Playing,3403776,9647,0,0,0,0,1,3228,0,342,0,342
224280,Playing,3396608,9627,0,0,0,0,1,3231,0,342,0,342
224528,Playing,3397632,9630,0,0,0,0,1,3234,96,342,97,342
224780,Playing,3390464,9610,0,0,0,0,1,3237,0,342,0,342
225032,Playing,3383296,9589,0,0,0,0,1,3240,0,342,0,342
225279,Playing,3403776,9647,0,0,0,0,1,3244,93,342,93,342
225529,Playing,3432448,9729,0,0,0,0,1,3248,0,342,0,342
225779,Playing,3369984,9552,0,0,0,0,1,3249,175,342,176,342
226032,Playing,3390464,9610,0,0,0,0,1,3253,0,342,0,342
226280,Playing,3400704,9639,0,0,0,0,1,3259,0,342,14,342
226529,Playing,3375104,9566,0,0,0,0,1,3262,0,342,0,342
226775,Playing,3312640,9389,0,0,0,0,1,3263,180,342,180,342
227025,Playing,3368960,9549,0,0,0,0,1,3268,1,342,1,342
227274,Playing,3361792,9528,0,0,0,0,1,3271,175,342,175,342
227525,Playing,3326976,9430,0,0,0,0,1,3273,0,342,0,342
227775,Playing,3319808,9409,0,0,0,0,1,3276,176,342,176,342
228023,Playing,3348480,9491,0,0,0,0,1,3280,175,342,175,342
228272,Playing,3368960,9549,0,0,0,0,1,3284,0,342,0,342
228523,Playing,3306496,9372,0,0,0,0,1,3285,95,342,95,342
228775,Playing,3326976,9430,0,0,0,0,1,3289,175,342,175,342
229025,Playing,3355648,9511,0,0,0,0,1,3293,0,342,0,342
229276,Playing,3320832,9412,0,0,0,0,1,3298,175,342,175,342
229524,Playing,3313664,9392,0,0,0,0,1,3301,0,342,0,342
229772,Playing,3306496,9372,0,0,0,0,1,3304,3,342,4,342
230023,Playing,3307520,9375,0,0,0,0,1,3307,173,342,173,342
230273,Playing,3328000,9433,0,0,0,0,1,3311,176,342,176,342
230523,Playing,3348480,9491,0,0,0,0,1,3315,0,342,0,342
230772,Playing,3321856,9415,0,0,0,0,1,3317,0,342,0,342
231020,Playing,3342336,9473,0,0,0,0,1,3321,0,342,0,342
231269,Playing,3335168,9453,0,0,0,0,1,3324,0,342,0,342
231521,Playing,3328000,9433,0,0,0,0,1,3327,176,342,177,342
231767,Playing,3329024,9436,0,0,0,0,1,3330,14,342,14,342
232018,Playing,3294208,9337,0,0,0,0,1,3335,0,342,13,342
232268,Playing,3287040,9317,0,0,0,0,1,3338,96,342,96,342
232520,Playing,3252224,9218,0,0,0,0,1,3340,0,342,0,342
232768,Playing,3280896,9299,0,0,0,0,1,3344,0,342,0,342
233019,Playing,3301376,9357,0,0,0,0,1,3348,0,342,0,342
233268,Playing,3321856,9415,0,0,0,0,1,3352,0,342,0,342
233520,Playing,3322880,9418,0,0,0,0,1,3355,0,342,0,342
233768,Playing,3288064,9319,0,0,0,0,1,3357,0,342,0,342
234017,Playing,3280896,9299,0,0,0,0,1,3360,95,342,95,342
234265,Playing,3301376,9357,0,0,0,0,1,3364,0,342,0,342
234516,Playing,3302400,9360,0,0,0,0,1,3367,172,342,172,342
234765,Playing,3267584,9261,0,0,0,0,1,3369,0,342,0,342
235014,Playing,3232768,9163,0,0,0,0,1,3374,0,342,0,342
235263,Playing,3280896,9299,0,0,0,0,1,3379,0,342,0,342
235511,Playing,3281920,9302,0,0,0,0,1,3382,175,342,176,342
235761,Playing,3247104,9203,0,0,0,0,1,3384,0,342,0,342
236013,Playing,3267584,9261,0,0,0,0,1,3388,0,342,0,342
236266,Playing,3260416,9241,0,0,0,0,1,3391,174,342,175,342
236517,Playing,3289088,9322,0,0,0,0,1,3395,176,342,176,342
236768,Playing,3309568,9380,0,0,0,0,1,3399,0,342,0,342
237020,Playing,3247104,9203,0,0,0,0,1,3400,175,342,175,342
237268,Playing,3267584,9261,0,0,0,0,1,3404,0,342,0,342
237514,Playing,3287040,9317,0,0,0,0,1,3410,0,342,13,342
237763,Playing,3206144,9087,0,0,0,0,1,3411,95,342,95,342
238012,Playing,3254272,9224,0,0,0,0,1,3416,94,342,94,342
238260,Playing,3255296,9227,0,0,0,0,1,3419,0,342,0,342
238510,Playing,3248128,9206,0,0,0,0,1,3422,173,342,173,342
238762,Playing,3213312,9108,0,0,0,0,1,3424,0,342,0,342
239012,Playing,3233792,9166,0,0,0,0,1,3428,0,342,0,342
239261,Playing,3234816,9168,0,0,0,0,1,3431,95,342,95,342
239510,Playing,3282944,9305,0,0,0,0,1,3436,1,342,1,342
239760,Playing,3248128,9206,0,0,0,0,1,3438,0,342,0,342
240008,Playing,3249152,9209,0,0,0,0,1,3441,0,342,0,342
240257,Playing,3241984,9189,0,0,0,0,1,3444,172,342,172,342
240506,Playing,3234816,9168,0,0,0,0,1,3450,0,342,0,342
240758,Playing,3209216,9096,0,0,0,0,1,3453,176,342,0,342
241006,Playing,3201024,9073,0,0,0,0,1,3455,0,342,0,342
241252,Playing,3193856,9052,0,0,0,0,1,3458,0,342,0,342
241501,Playing,3241984,9189,0,0,0,0,1,3463,0,342,0,342
241751,Playing,3243008,9192,0,0,0,0,1,3466,0,342,0,342
242000,Playing,3208192,9093,0,0,0,0,1,3468,0,342,0,342
242251,Playing,3201024,9073,0,0,0,0,1,3471,175,342,175,342
242500,Playing,3221504,9131,0,0,0,0,1,3475,0,342,0,342
242811,Playing,3225600,9142,0,0,0,0,1,3479,0,342,0,342
243000,Playing,3187712,9035,0,0,0,0,1,3480,97,342,97,342
243311,Playing,3211264,9102,0,0,0,0,1,3488,0,342,0,342
243500,Playing,3201024,9073,0,0,0,0,1,3490,0,342,0,342
243808,Playing,3177472,9006,0,0,0,0,1,3493,0,342,0,342
244058,Playing,3197952,9064,0,0,0,0,1,3497,0,342,0,342
244310,Playing,3226624,9145,0,0,0,0,1,3501,0,342,0,342
244558,Playing,3219456,9125,0,0,0,0,1,3504,0,342,0,342
244807,Playing,3184640,9026,0,0,0,0,1,3506,0,342,0,342
245059,Playing,3177472,9006,0,0,0,0,1,3509,174,342,174,342
245311,Playing,3233792,9166,0,0,0,0,1,3514,0,342,0,342
245500,Playing,3187712,9035,0,0,0,0,1,3515,173,342,173,342
245811,Playing,3191808,9047,0,0,0,0,1,3519,0,342,0,342
246060,Playing,3166208,8974,0,0,0,0,1,3524,0,342,11,342
246310,Playing,3148800,8925,0,0,0,0,1,3527,176,342,176,342
246561,Playing,3196928,9061,0,0,0,0,1,3532,0,342,0,342
246809,Playing,3134464,8884,0,0,0,0,1,3533,173,342,173,342
247062,Playing,3154944,8942,0,0,0,0,1,3537,0,342,0,342
247309,Playing,3155968,8945,0,0,0,0,1,3540,177,342,177,342
247558,Playing,3176448,9003,0,0,0,0,1,3544,0,342,0,342
247805,Playing,3149824,8928,0,0,0,0,1,3546,0,342,0,342
248058,Playing,3170304,8986,0,0,0,0,1,3550,0,342,0,342
248309,Playing,3163136,8965,0,0,0,0,1,3553,0,342,0,342
248560,Playing,3183616,9023,0,0,0,0,1,3557,0,342,0,342
248809,Playing,3148800,8925,0,0,0,0,1,3559,0,342,0,342
249058,Playing,3112960,8823,0,0,0,0,1,3564,93,342,93,342
249312,Playing,3105792,8803,0,0,0,0,1,3567,96,342,96,342
249560,Playing,3153920,8939,0,0,0,0,1,3572,0,342,0,342
249810,Playing,3091456,8762,0,0,0,0,1,3573,96,342,96,342
250059,Playing,3120128,8843,0,0,0,0,1,3577,0,342,0,342
250308,Playing,3140608,8901,0,0,0,0,1,3581,0,342,0,342
250556,Playing,3133440,8881,0,0,0,0,1,3584,0,342,0,342
250808,Playing,3106816,8806,0,0,0,0,1,3586,0,342,0,342
251055,Playing,3099648,8785,0,0,0,0,1,3589,94,342,94,342
251303,Playing,3120128,8843,0,0,0,0,1,3593,97,342,97,342
251553,Playing,3148800,8925,0,0,0,0,1,3597,0,342,0,342
251800,Playing,3067904,8695,0,0,0,0,1,3600,0,342,14,342
252050,Playing,3069952,8701,0,0,0,0,1,3604,95,342,95,342
252299,Playing,3098624,8782,0,0,0,0,1,3608,0,342,0,342
252550,Playing,3091456,8762,0,0,0,0,1,3611,173,342,173,342
252801,Playing,3084288,8742,0,0,0,0,1,3614,0,342,0,342
253046,Playing,3077120,8721,0,0,0,0,1,3617,0,342,0,342
253293,Playing,3078144,8724,0,0,0,0,1,3620,98,342,99,342
253545,Playing,3098624,8782,0,0,0,0,1,3624,175,342,175,342
253795,Playing,3063808,8684,0,0,0,0,1,3626,0,342,0,342
254045,Playing,3056640,8663,0,0,0,0,1,3629,98,342,98,342
254293,Playing,3085312,8745,0,0,0,0,1,3633,0,342,0,342
254543,Playing,3078144,8724,0,0,0,0,1,3639,0,342,0,342
254795,Playing,3070976,8704,0,0,0,0,1,3642,94,342,94,342
255041,Playing,3044352,8629,0,0,0,0,1,3644,0,342,0,342
255290,Playing,3064832,8687,0,0,0,0,1,3648,1,342,1,342
255541,Playing,3057664,8666,0,0,0,0,1,3651,93,342,93,342
255792,Playing,3022848,8568,0,0,0,0,1,3653,0,342,0,342
256041,Playing,3051520,8649,0,0,0,0,1,3657,0,342,0,342
256290,Playing,3044352,8629,0,0,0,0,1,3660,94,342,94,342
256541,Playing,3064832,8687,0,0,0,0,1,3664,0,342,0,342
256789,Playing,3038208,8611,0,0,0,0,1,3666,0,342,0,342
257038,Playing,3058688,8669,0,0,0,0,1,3670,0,342,0,342
257287,Playing,3051520,8649,0,0,0,0,1,3673,0,342,0,342
257537,Playing,3016704,8550,0,0,0,0,1,3678,95,342,95,342
257787,Playing,3045376,8632,0,0,0,0,1,3682,96,342,96,342
258034,Playing,3010560,8533,0,0,0,0,1,3684,0,342,0,342
258284,Playing,3003392,8513,0,0,0,0,1,3687,98,342,99,342
258535,Playing,3059712,8672,0,0,0,0,1,3692,0,342,0,342
258785,Playing,3052544,8652,0,0,0,0,1,3695,0,342,0,342
259034,Playing,3017728,8553,0,0,0,0,1,3697,0,342,0,342
259282,Playing,3038208,8611,0,0,0,0,1,3701,0,342,0,342
259531,Playing,3039232,8614,0,0,0,0,1,3704,0,342,0,342
259780,Playing,3032064,8594,0,0,0,0,1,3707,14,342,14,342
260026,Playing,3033088,8597,0,0,0,0,1,3710,1,342,1,342
260277,Playing,2970624,8420,0,0,0,0,1,3714,0,342,13,342
260525,Playing,2991104,8478,0,0,0,0,1,3718,94,342,94,342
260772,Playing,3011584,8536,0,0,0,0,1,3722,0,342,0,342
261022,Playing,3040256,8617,0,0,0,0,1,3726,0,342,0,342
261271,Playing,2977792,8440,0,0,0,0,1,3727,174,342,174,342
261521,Playing,3025920,8576,0,0,0,0,1,3732,0,342,0,342
261766,Playing,2999296,8501,0,0,0,0,1,3734,94,342,94,342
262016,Playing,3019776,8559,0,0,0,0,1,3738,95,342,95,342
262266,Playing,2984960,8460,0,0,0,0,1,3740,0,342,0,342
262518,Playing,3005440,8518,0,0,0,0,1,3744,0,342,0,342
262767,Playing,3006464,8521,0,0,0,0,1,3747,93,342,93,342
263016,Playing,2999296,8501,0,0,0,0,1,3753,0,342,0,342
263264,Playing,2992128,8481,0,0,0,0,1,3756,95,342,95,342
263513,Playing,2993152,8483,0,0,0,0,1,3759,0,342,0,342
263763,Playing,2985984,8463,0,0,0,0,1,3762,0,342,0,342
264013,Playing,3006464,8521,0,0,0,0,1,3766,0,342,0,342
264260,Playing,2999296,8501,0,0,0,0,1,3769,94,342,94,342
264510,Playing,2972672,8425,0,0,0,0,1,3771,0,342,0,342
264760,Playing,2993152,8483,0,0,0,0,1,3775,0,342,0,342
265008,Playing,2985984,8463,0,0,0,0,1,3778,96,342,96,342
265259,Playing,3014656,8544,0,0,0,0,1,3782,0,342,0,342
265508,Playing,2979840,8446,0,0,0,0,1,3784,0,342,0,342
265758,Playing,2972672,8425,0,0,0,0,1,3790,0,342,0,342
266007,Playing,2965504,8405,0,0,0,0,1,3793,0,342,0,342
266254,Playing,2994176,8486,0,0,0,0,1,3797,92,342,92,342
266503,Playing,3014656,8544,0,0,0,0,1,3801,0,342,0,342
266753,Playing,2952192,8367,0,0,0,0,1,3802,175,342,175,342
267000,Playing,2980864,8449,0,0,0,0,1,3806,0,342,0,342
267250,Playing,2973696,8428,0,0,0,0,1,3809,0,342,0,342
267559,Playing,2977792,8440,0,0,0,0,1,3813,0,342,0,342
267807,Playing,2998272,8498,0,0,0,0,1,3817,1,342,1,342
268054,Playing,2999296,8501,0,0,0,0,1,3820,15,342,15,342
268304,Playing,2964480,8402,0,0,0,0,1,3822,0,342,0,342
268555,Playing,2957312,8382,0,0,0,0,1,3828,0,342,0,342
268804,Playing,2950144,8362,0,0,0,0,1,3831,0,342,0,342
269053,Playing,2923520,8286,0,0,0,0,1,3833,13,342,13,342
269303,Playing,2944000,8344,0,0,0,0,1,3837,13,342,14,342
269553,Playing,2936832,8324,0,0,0,0,1,3840,15,342,15,342
269803,Playing,2965504,8405,0,0,0,0,1,3844,0,342,0,342
270056,Playing,2930688,8306,0,0,0,0,1,3846,0,342,0,342
270306,Playing,2923520,8286,0,0,0,0,1,3849,91,342,92,342
270556,Playing,2944000,8344,0,0,0,0,1,3853,0,342,0,342
270808,Playing,2964480,8402,0,0,0,0,1,3857,15,342,15,342
271055,Playing,2965504,8405,0,0,0,0,1,3860,12,342,12,342
271305,Playing,2930688,8306,0,0,0,0,1,3862,0,342,0,342
271556,Playing,2914304,8260,0,0,0,0,1,3868,2,342,2,342
271804,Playing,2907136,8240,0,0,0,0,1,3871,0,342,0,342
272055,Playing,2935808,8321,0,0,0,0,1,3875,0,342,0,342
272303,Playing,2900992,8222,0,0,0,0,1,3877,0,342,0,342
272553,Playing,2893824,8202,0,0,0,0,1,3880,174,342,174,342
272801,Playing,2922496,8283,0,0,0,0,1,3884,0,342,0,342
273050,Playing,2942976,8341,0,0,0,0,1,3888,1,342,1,342
273300,Playing,2880512,8164,0,0,0,0,1,3889,173,342,173,342
273551,Playing,2900992,8222,0,0,0,0,1,3893,0,342,0,342
273799,Playing,2929664,8304,0,0,0,0,1,3897,0,342,0,342
274049,Playing,2922496,8283,0,0,0,0,1,3900,0,342,0,342
274299,Playing,2850816,8080,0,0,0,0,1,3904,0,342,0,342
274547,Playing,2851840,8083,0,0,0,0,1,3907,175,342,175,342
274799,Playing,2872320,8141,0,0,0,0,1,3911,176,342,176,342
275049,Playing,2865152,8121,0,0,0,0,1,3914,174,342,174,342
275299,Playing,2830336,8022,0,0,0,0,1,3916,0,342,0,342
275548,Playing,2850816,8080,0,0,0,0,1,3920,173,342,173,342
275799,Playing,2879488,8161,0,0,0,0,1,3924,0,342,0,342
276048,Playing,2872320,8141,0,0,0,0,1,3927,177,342,177,342
276296,Playing,2892800,8199,0,0,0,0,1,3931,93,342,93,342
276548,Playing,2857984,8100,0,0,0,0,1,3933,0,342,0,342
276797,Playing,2859008,8103,0,0,0,0,1,3936,174,342,174,342
277047,Playing,2833408,8031,0,0,0,0,1,3941,0,342,14,342
277298,Playing,2863104,8115,0,0,0,0,1,3946,0,342,0,342
277547,Playing,2836480,8039,0,0,0,0,1,3948,0,342,0,342
277798,Playing,2856960,8097,0,0,0,0,1,3952,0,342,0,342
278046,Playing,2849792,8077,0,0,0,0,1,3955,0,342,0,342
278295,Playing,2814976,7978,0,0,0,0,1,3957,15,342,15,342
278543,Playing,2843648,8060,0,0,0,0,1,3961,0,342,0,342
278794,Playing,2836480,8039,0,0,0,0,1,3964,0,342,0,342
279042,Playing,2829312,8019,0,0,0,0,1,3967,173,342,173,342
279291,Playing,2885632,8179,0,0,0,0,1,3972,0,342,0,342
279538,Playing,2823168,8002,0,0,0,0,1,3973,173,342,173,342
279790,Playing,2816000,7981,0,0,0,0,1,3979,0,342,11,342
280040,Playing,2836480,8039,0,0,0,0,1,3983,0,342,0,342
280290,Playing,2837504,8042,0,0,0,0,1,3986,1,342,1,342
280539,Playing,2802688,7944,0,0,0,0,1,3988,0,342,0,342
280790,Playing,2795520,7923,0,0,0,0,1,3991,0,342,0,342
281038,Playing,2824192,8005,0,0,0,0,1,3995,92,342,92,342
281288,Playing,2844672,8063,0,0,0,0,1,3999,0,342,0,342
281536,Playing,2837504,8042,0,0,0,0,1,4002,0,342,0,342
281785,Playing,2802688,7944,0,0,0,0,1,4004,0,342,0,342
282032,Playing,2831360,8025,0,0,0,0,1,4008,0,342,0,342
282281,Playing,2824192,8005,0,0,0,0,1,4011,0,342,0,342
282531,Playing,2789376,7906,0,0,0,0,1,4013,0,342,0,342
282779,Playing,2762752,7830,0,0,0,0,1,4018,178,342,178,342
283030,Playing,2783232,7888,0,0,0,0,1,4022,174,342,174,342
283283,Playing,2776064,7868,0,0,0,0,1,4025,16,342,16,342
283529,Playing,2768896,7848,0,0,0,0,1,4028,0,342,0,342
283781,Playing,2742272,7772,0,0,0,0,1,4030,0,342,0,342
284030,Playing,2790400,7909,0,0,0,0,1,4035,0,342,0,342
284278,Playing,2755584,7810,0,0,0,0,1,4037,0,342,0,342
284528,Playing,2784256,7891,0,0,0,0,1,4041,1,342,2,342
284778,Playing,2804736,7949,0,0,0,0,1,4045,19,342,19,342
285027,Playing,2797568,7929,0,0,0,0,1,4048,0,342,0,342
285277,Playing,2790400,7909,0,0,0,0,1,4051,1,342,1,342
285530,Playing,2791424,7912,0,0,0,0,1,4057,0,342,0,342
285778,Playing,2728960,7735,0,0,0,0,1,4058,177,342,177,342
286027,Playing,2749440,7793,0,0,0,0,1,4062,0,342,0,342
286275,Playing,2778112,7874,0,0,0,0,1,4066,0,342,0,342
286523,Playing,2798592,7932,0,0,0,0,1,4070,1,342,1,342
286774,Playing,2736128,7755,0,0,0,0,1,4071,176,342,176,342
287021,Playing,2764800,7836,0,0,0,0,1,4075,0,342,0,342
287268,Playing,2757632,7816,0,0,0,0,1,4078,2,342,2,342
287518,Playing,2778112,7874,0,0,0,0,1,4082,86,342,86,342
287765,Playing,2743296,7775,0,0,0,0,1,4084,1,342,2,342
288018,Playing,2744320,7778,0,0,0,0,1,4087,89,342,89,342
288267,Playing,2737152,7758,0,0,0,0,1,4093,94,342,94,342
288515,Playing,2757632,7816,0,0,0,0,1,4097,0,342,0,342
288764,Playing,2731008,7740,0,0,0,0,1,4099,0,342,0,342
289016,Playing,2751488,7799,0,0,0,0,1,4103,0,342,0,342
289264,Playing,2744320,7778,0,0,0,0,1,4106,0,342,0,342
289513,Playing,2737152,7758,0,0,0,0,1,4109,0,342,0,342
289763,Playing,2738176,7761,0,0,0,0,1,4112,4,342,4,342
290013,Playing,2731008,7740,0,0,0,0,1,4115,0,342,0,342
290264,Playing,2723840,7720,0,0,0,0,1,4118,93,342,93,342
290513,Playing,2697216,7645,0,0,0,0,1,4120,0,342,0,342
290761,Playing,2717696,7703,0,0,0,0,1,4124,0,342,0,342
291015,Playing,2728960,7735,0,0,0,0,1,4130,0,342,12,342
291264,Playing,2731008,7740,0,0,0,0,1,4134,0,342,0,342
291513,Playing,2649088,7508,0,0,0,0,1,4134,0,342,0,342
291763,Playing,2697216,7645,0,0,0,0,1,4139,1,342,1,342
292013,Playing,2690048,7624,0,0,0,0,1,4142,0,342,0,342
292260,Playing,2710528,7682,0,0,0,0,1,4146,92,342,92,342
292509,Playing,2739200,7764,0,0,0,0,1,4150,0,342,0,342
292758,Playing,2759680,7822,0,0,0,0,1,4154,15,342,15,342
293006,Playing,2669568,7566,0,0,0,0,1,4154,15,342,15,342
293256,Playing,2725888,7726,0,0,0,0,1,4159,0,342,0,342
293505,Playing,2718720,7706,0,0,0,0,1,4162,0,342,0,342
293758,Playing,2729984,7738,0,0,0,0,1,4168,0,342,14,342
294008,Playing,2704384,7665,0,0,0,0,1,4171,0,342,0,342
294255,Playing,2677760,7590,0,0,0,0,1,4173,0,342,0,342
294506,Playing,2698240,7648,0,0,0,0,1,4177,94,342,94,342
294753,Playing,2718720,7706,0,0,0,0,1,4181,0,342,0,342
295003,Playing,2719744,7709,0,0,0,0,1,4184,0,342,0,342
295250,Playing,2684928,7610,0,0,0,0,1,4186,0,342,0,342
295503,Playing,2677760,7590,0,0,0,0,1,4189,0,342,0,342
295753,Playing,2698240,7648,0,0,0,0,1,4193,97,342,98,342
296004,Playing,2699264,7650,0,0,0,0,1,4196,93,342,93,342
296254,Playing,2664448,7552,0,0,0,0,1,4198,0,342,0,342
296501,Playing,2684928,7610,0,0,0,0,1,4202,94,342,94,342
296750,Playing,2668544,7563,0,0,0,0,1,4208,0,342,0,342
297001,Playing,2697216,7645,0,0,0,0,1,4212,0,342,0,342
297312,Playing,2665472,7555,0,0,0,0,1,4215,0,342,0,342
297561,Playing,2638848,7479,0,0,0,0,1,4217,0,342,0,342
297811,Playing,2631680,7459,0,0,0,0,1,4220,95,342,95,342
298000,Playing,2649088,7508,0,0,0,0,1,4223,0,342,0,342
298311,Playing,2617344,7418,0,0,0,0,1,4226,0,342,0,342
298500,Playing,2634752,7468,0,0,0,0,1,4229,95,342,95,342
298810,Playing,2638848,7479,0,0,0,0,1,4233,0,342,0,342
299059,Playing,2631680,7459,0,0,0,0,1,4236,176,342,176,342
299309,Playing,2596864,7360,0,0,0,0,1,4238,0,342,0,342
299558,Playing,2616320,7415,0,0,0,0,1,4245,0,342,0,342
299809,Playing,2609152,7395,0,0,0,0,1,4248,17,342,17,342
300057,Playing,2601984,7375,0,0,0,0,1,4251,93,342,93,342
300305,Playing,2630656,7456,0,0,0,0,1,4255,15,342,15,342
300554,Playing,2651136,7514,0,0,0,0,1,4259,15,342,15,342
300805,Playing,2588672,7337,0,0,0,0,1,4260,175,342,175,342
301056,Playing,2609152,7395,0,0,0,0,1,4264,0,342,0,342
301307,Playing,2637824,7476,0,0,0,0,1,4268,0,342,0,342
301553,Playing,2630656,7456,0,0,0,0,1,4271,94,342,94,342
301802,Playing,2623488,7436,0,0,0,0,1,4274,0,342,0,342
302053,Playing,2616320,7415,0,0,0,0,1,4277,0,342,0,342
302301,Playing,2598912,7366,0,0,0,0,1,4282,0,342,13,342
302551,Playing,2600960,7372,0,0,0,0,1,4286,0,342,0,342
302799,Playing,2538496,7195,0,0,0,0,1,4287,175,342,175,342
303048,Playing,2567168,7276,0,0,0,0,1,4291,174,342,174,342
303297,Playing,2587648,7334,0,0,0,0,1,4295,0,342,0,342
303547,Playing,2608128,7392,0,0,0,0,1,4299,0,342,0,342
303796,Playing,2553856,7238,0,0,0,0,1,4300,175,342,175,342
304044,Playing,2574336,7296,0,0,0,0,1,4304,0,342,0,342
304291,Playing,2567168,7276,0,0,0,0,1,4307,177,342,177,342
304543,Playing,2587648,7334,0,0,0,0,1,4311,175,342,175,342
304790,Playing,2561024,7259,0,0,0,0,1,4313,0,342,0,342
305037,Playing,2581504,7317,0,0,0,0,1,4317,13,342,13,342
305286,Playing,2582528,7320,0,0,0,0,1,4323,0,342,0,342
305537,Playing,2575360,7299,0,0,0,0,1,4326,0,342,0,342
305785,Playing,2512896,7122,0,0,0,0,1,4327,175,342,175,342
306035,Playing,2561024,7259,0,0,0,0,1,4332,0,342,0,342
306283,Playing,2562048,7262,0,0,0,0,1,4335,0,342,0,342
306528,Playing,2554880,7241,0,0,0,0,1,4338,95,342,95,342
306778,Playing,2520064,7143,0,0,0,0,1,4340,0,342,0,342
307024,Playing,2548736,7224,0,0,0,0,1,4344,0,342,0,342
307274,Playing,2569216,7282,0,0,0,0,1,4348,0,342,0,342
307523,Playing,2562048,7262,0,0,0,0,1,4351,0,342,0,342
307771,Playing,2590720,7343,0,0,0,0,1,4355,0,342,0,342
308020,Playing,2528256,7166,0,0,0,0,1,4359,0,342,0,342
308272,Playing,2548736,7224,0,0,0,0,1,4363,0,342,0,342
308519,Playing,2549760,7227,0,0,0,0,1,4366,94,342,94,342
308766,Playing,2514944,7128,0,0,0,0,1,4368,0,342,0,342
309015,Playing,2507776,7108,0,0,0,0,1,4371,0,342,0,342
309265,Playing,2536448,7189,0,0,0,0,1,4375,77,342,77,342
309516,Playing,2556928,7247,0,0,0,0,1,4379,0,342,0,342
309767,Playing,2577408,7305,0,0,0,0,1,4383,12,342,12,342
310017,Playing,2514944,7128,0,0,0,0,1,4384,173,342,173,342
310265,Playing,2543616,7209,0,0,0,0,1,4388,0,342,0,342
310516,Playing,2536448,7189,0,0,0,0,1,4391,0,342,0,342
310766,Playing,2510848,7116,0,0,0,0,1,4397,95,342,4,342
311012,Playing,2494464,7070,0,0,0,0,1,4399,0,342,0,342
311259,Playing,2495488,7073,0,0,0,0,1,4402,175,342,175,342
311507,Playing,2515968,7131,0,0,0,0,1,4406,175,342,175,342
311753,Playing,2489344,7055,0,0,0,0,1,4408,14,342,14,342
312004,Playing,2482176,7035,0,0,0,0,1,4411,94,342,94,342
312251,Playing,2502656,7093,0,0,0,0,1,4415,0,342,0,342
312561,Playing,2506752,7105,0,0,0,0,1,4419,0,342,0,342
312808,Playing,2499584,7084,0,0,0,0,1,4422,174,342,175,342
313055,Playing,2500608,7087,0,0,0,0,1,4425,11,342,11,342
313307,Playing,2493440,7067,0,0,0,0,1,4428,0,342,0,342
313555,Playing,2477056,7021,0,0,0,0,1,4433,0,342,14,342
313802,Playing,2487296,7050,0,0,0,0,1,4437,0,342,0,342
314053,Playing,2424832,6873,0,0,0,0,1,4438,95,342,95,342
314304,Playing,2472960,7009,0,0,0,0,1,4443,0,342,0,342
314553,Playing,2493440,7067,0,0,0,0,1,4447,17,342,17,342
314803,Playing,2494464,7070,0,0,0,0,1,4450,1,342,1,342
315055,Playing,2432000,6893,0,0,0,0,1,4451,171,342,172,342
315304,Playing,2452480,6951,0,0,0,0,1,4455,3,342,3,342
315553,Playing,2453504,6954,0,0,0,0,1,4458,93,342,94,342
315802,Playing,2473984,7012,0,0,0,0,1,4462,94,342,94,342
316051,Playing,2439168,6913,0,0,0,0,1,4464,0,342,0,342
316298,Playing,2467840,6995,0,0,0,0,1,4468,91,342,91,342
316544,Playing,2433024,6896,0,0,0,0,1,4473,95,342,95,342
316790,Playing,2453504,6954,0,0,0,0,1,4477,0,342,0,342
317041,Playing,2454528,6957,0,0,0,0,1,4480,94,342,94,342
317289,Playing,2447360,6936,0,0,0,0,1,4483,4,342,4,342
317538,Playing,2440192,6916,0,0,0,0,1,4486,1,342,1,342
317789,Playing,2460672,6974,0,0,0,0,1,4490,84,342,84,342
318037,Playing,2434048,6899,0,0,0,0,1,4492,0,342,0,342
318289,Playing,2426880,6878,0,0,0,0,1,4495,0,342,0,342
318537,Playing,2447360,6936,0,0,0,0,1,4499,0,342,0,342
318784,Playing,2476032,7018,0,0,0,0,1,4503,0,342,0,342
319033,Playing,2413568,6841,0,0,0,0,1,4504,89,342,89,342
319282,Playing,2434048,6899,0,0,0,0,1,4511,0,342,0,342
319530,Playing,2407424,6823,0,0,0,0,1,4513,96,342,96,342
319778,Playing,2427904,6881,0,0,0,0,1,4517,0,342,0,342
320028,Playing,2393088,6783,0,0,0,0,1,4519,0,342,0,342
320278,Playing,2385920,6762,0,0,0,0,1,4522,93,342,93,342
320530,Playing,2414592,6844,0,0,0,0,1,4526,92,342,92,342
320778,Playing,2435072,6902,0,0,0,0,1,4530,0,342,0,342
321027,Playing,2372608,6725,0,0,0,0,1,4531,174,342,174,342
321275,Playing,2428928,6884,0,0,0,0,1,4536,0,342,0,342
321526,Playing,2421760,6864,0,0,0,0,1,4539,2,342,2,342
321778,Playing,2442240,6922,0,0,0,0,1,4543,0,342,0,342
322026,Playing,2398208,6797,0,0,0,0,1,4548,96,342,96,342
322274,Playing,2371584,6722,0,0,0,0,1,4550,0,342,0,342
322523,Playing,2392064,6780,0,0,0,0,1,4554,0,342,0,342
322772,Playing,2412544,6838,0,0,0,0,1,4558,0,342,0,342
323021,Playing,2413568,6841,0,0,0,0,1,4561,0,342,0,342
323270,Playing,2351104,6664,0,0,0,0,1,4562,176,342,176,342
323519,Playing,2399232,6800,0,0,0,0,1,4567,0,342,0,342
323769,Playing,2400256,6803,0,0,0,0,1,4570,0,342,0,342
324015,Playing,2365440,6704,0,0,0,0,1,4572,0,342,0,342
324266,Playing,2385920,6762,0,0,0,0,1,4576,0,342,0,342
324515,Playing,2378752,6742,0,0,0,0,1,4579,0,342,0,342
324766,Playing,2388992,6771,0,0,0,0,1,4585,0,342,14,342
325012,Playing,2391040,6777,0,0,0,0,1,4589,0,342,0,342
325258,Playing,2300928,6521,0,0,0,0,1,4589,0,342,0,342
325510,Playing,2357248,6681,0,0,0,0,1,4594,0,342,0,342
325761,Playing,2377728,6739,0,0,0,0,1,4598,14,342,14,342
326011,Playing,2370560,6719,0,0,0,0,1,4601,0,342,0,342
326257,Playing,2343936,6643,0,0,0,0,1,4603,0,342,0,342
326509,Playing,2336768,6623,0,0,0,0,1,4606,93,342,93,342
326761,Playing,2357248,6681,0,0,0,0,1,4610,2,342,2,342
327008,Playing,2377728,6739,0,0,0,0,1,4614,0,342,0,342
327258,Playing,2323456,6585,0,0,0,0,1,4615,92,342,92,342
327506,Playing,2343936,6643,0,0,0,0,1,4619,95,342,95,342
327755,Playing,2299904,6519,0,0,0,0,1,4624,93,342,93,342
328002,Playing,2328576,6600,0,0,0,0,1,4628,90,342,90,342
328254,Playing,2321408,6579,0,0,0,0,1,4631,91,342,92,342
328504,Playing,2314240,6559,0,0,0,0,1,4634,0,342,0,342
328753,Playing,2307072,6539,0,0,0,0,1,4637,96,342,96,342
329000,Playing,2335744,6620,0,0,0,0,1,4641,93,342,93,342
329253,Playing,2328576,6600,0,0,0,0,1,4644,0,342,0,342
329500,Playing,2293760,6501,0,0,0,0,1,4646,0,342,0,342
329750,Playing,2314240,6559,0,0,0,0,1,4650,0,342,0,342
330061,Playing,2318336,6571,0,0,0,0,1,4654,0,342,0,342
330310,Playing,2311168,6550,0,0,0,0,1,4657,2,342,2,342
330562,Playing,2284544,6475,0,0,0,0,1,4662,0,342,0,342
330751,Playing,2266112,6423,0,0,0,0,1,4664,0,342,0,342
331062,Playing,2270208,6434,0,0,0,0,1,4668,93,342,93,342
331310,Playing,2290688,6492,0,0,0,0,1,4672,0,342,0,342
331559,Playing,2319360,6574,0,0,0,0,1,4676,16,342,17,342
331808,Playing,2312192,6553,0,0,0,0,1,4679,1,342,1,342
332057,Playing,2277376,6455,0,0,0,0,1,4681,0,342,0,342
332305,Playing,2278400,6458,0,0,0,0,1,4684,95,342,95,342
332554,Playing,2298880,6516,0,0,0,0,1,4688,0,342,0,342
332805,Playing,2319360,6574,0,0,0,0,1,4692,0,342,0,342
333056,Playing,2256896,6397,0,0,0,0,1,4693,177,342,177,342
333305,Playing,2257920,6400,0,0,0,0,1,4699,0,342,14,342
333554,Playing,2278400,6458,0,0,0,0,1,4703,0,342,0,342
333806,Playing,2271232,6437,0,0,0,0,1,4706,0,342,0,342
334005,Playing,2260992,6408,0,0,0,0,1,4708,0,342,0,342
334257,Playing,2281472,6466,0,0,0,0,1,4712,0,342,0,342
334507,Playing,2274304,6446,0,0,0,0,1,4715,0,342,0,342
334755,Playing,2294784,6504,0,0,0,0,1,4719,95,342,95,342
335005,Playing,2295808,6507,0,0,0,0,1,4722,91,342,91,342
335255,Playing,2260992,6408,0,0,0,0,1,4724,177,342,177,342
335504,Playing,2281472,6466,0,0,0,0,1,4728,0,342,0,342
335754,Playing,2310144,6548,0,0,0,0,1,4732,0,342,0,342
336003,Playing,2275328,6449,0,0,0,0,1,4734,97,342,97,342
336254,Playing,2240512,6350,0,0,0,0,1,4739,0,342,0,342
336501,Playing,2269184,6431,0,0,0,0,1,4743,0,342,0,342
336751,Playing,2262016,6411,0,0,0,0,1,4746,175,342,175,342
337001,Playing,2227200,6312,0,0,0,0,1,4748,0,342,0,342
337250,Playing,2247680,6370,0,0,0,0,1,4752,0,342,0,342
337561,Playing,2224128,6304,0,0,0,0,1,4755,177,342,178,342
337750,Playing,2269184,6431,0,0,0,0,1,4759,0,342,0,342
338062,Playing,2265088,6420,0,0,0,0,1,4763,0,342,0,342
338310,Playing,2266112,6423,0,0,0,0,1,4766,95,342,95,342
338560,Playing,2231296,6324,0,0,0,0,1,4768,0,342,0,342
338811,Playing,2242560,6356,0,0,0,0,1,4774,0,342,12,342
339059,Playing,2225152,6307,0,0,0,0,1,4777,176,342,176,342
339311,Playing,2245632,6365,0,0,0,0,1,4781,0,342,0,342
339560,Playing,2183168,6188,0,0,0,0,1,4782,174,342,174,342
339810,Playing,2231296,6324,0,0,0,0,1,4787,2,342,2,342
340061,Playing,2224128,6304,0,0,0,0,1,4790,1,342,1,342
340310,Playing,2252800,6385,0,0,0,0,1,4794,1,342,1,342
340558,Playing,2190336,6208,0,0,0,0,1,4795,173,342,173,342
340808,Playing,2210816,6266,0,0,0,0,1,4799,0,342,0,342
341059,Playing,2211840,6269,0,0,0,0,1,4802,175,342,175,342
341310,Playing,2232320,6327,0,0,0,0,1,4806,174,342,174,342
341557,Playing,2243584,6359,0,0,0,0,1,4810,0,342,0,342
341807,Playing,2190336,6208,0,0,0,0,1,4814,14,342,14,342
342056,Playing,2191360,6211,0,0,0,0,1,4817,0,342,0,342
342304,Playing,2211840,6269,0,0,0,0,1,4821,0,342,0,342
342554,Playing,2177024,6170,0,0,0,0,1,4823,0,342,0,342
342806,Playing,2205696,6251,0,0,0,0,1,4827,14,342,14,342
343054,Playing,2198528,6231,0,0,0,0,1,4830,0,342,0,342
343304,Playing,2219008,6289,0,0,0,0,1,4834,15,342,15,342
343553,Playing,2211840,6269,0,0,0,0,1,4837,0,342,0,342
343803,Playing,2185216,6193,0,0,0,0,1,4839,0,342,0,342
344051,Playing,2205696,6251,0,0,0,0,1,4843,0,342,0,342
344303,Playing,2226176,6310,0,0,0,0,1,4847,0,342,0,342
344553,Playing,2191360,6211,0,0,0,0,1,4852,4,342,4,342
344804,Playing,2164736,6135,0,0,0,0,1,4854,0,342,0,342
345054,Playing,2157568,6115,0,0,0,0,1,4857,96,342,96,342
345303,Playing,2178048,6173,0,0,0,0,1,4861,2,342,2,342
345553,Playing,2198528,6231,0,0,0,0,1,4865,0,342,0,342
345803,Playing,2144256,6077,0,0,0,0,1,4866,172,342,172,342
346053,Playing,2164736,6135,0,0,0,0,1,4870,91,342,91,342
346301,Playing,2185216,6193,0,0,0,0,1,4874,0,342,0,342
346550,Playing,2186240,6196,0,0,0,0,1,4877,94,342,94,342
346801,Playing,2151424,6098,0,0,0,0,1,4879,0,342,0,342
347048,Playing,2171904,6156,0,0,0,0,1,4883,0,342,0,342
347292,Playing,2154496,6106,0,0,0,0,1,4888,0,342,12,342
347544,Playing,2156544,6112,0,0,0,0,1,4892,93,342,93,342
347796,Playing,2177024,6170,0,0,0,0,1,4896,0,342,0,342
348047,Playing,2114560,5993,0,0,0,0,1,4897,177,342,177,342
348295,Playing,2143232,6074,0,0,0,0,1,4901,0,342,0,342
348546,Playing,2163712,6132,0,0,0,0,1,4905,0,342,0,342
348794,Playing,2156544,6112,0,0,0,0,1,4908,0,342,0,342
349042,Playing,2121728,6013,0,0,0,0,1,4910,0,342,0,342
349293,Playing,2150400,6095,0,0,0,0,1,4914,0,342,0,342
349542,Playing,2143232,6074,0,0,0,0,1,4917,95,342,95,342
349793,Playing,2163712,6132,0,0,0,0,1,4921,0,342,0,342
350041,Playing,2109440,5979,0,0,0,0,1,4922,175,342,176,342
350289,Playing,2093056,5932,0,0,0,0,1,4928,94,342,94,342
350539,Playing,2113536,5990,0,0,0,0,1,4932,0,342,0,342
350786,Playing,2142208,6072,0,0,0,0,1,4936,0,342,0,342
351038,Playing,2135040,6051,0,0,0,0,1,4939,0,342,0,342
351286,Playing,2100224,5953,0,0,0,0,1,4941,0,342,0,342
351534,Playing,2093056,5932,0,0,0,0,1,4944,96,342,96,342
351785,Playing,2121728,6013,0,0,0,0,1,4948,0,342,0,342
352034,Playing,2114560,5993,0,0,0,0,1,4951,95,342,95,342
352286,Playing,2107392,5973,0,0,0,0,1,4954,0,342,0,342
352534,Playing,2127872,6031,0,0,0,0,1,4958,0,342,0,342
352783,Playing,2128896,6034,0,0,0,0,1,4961,0,342,0,342
353031,Playing,2057216,5831,0,0,0,0,1,4965,0,342,0,342
353278,Playing,2077696,5889,0,0,0,0,1,4969,0,342,0,342
353526,Playing,2078720,5892,0,0,0,0,1,4972,0,342,0,342
353777,Playing,2099200,5950,0,0,0,0,1,4976,0,342,0,342
354026,Playing,2119680,6008,0,0,0,0,1,4980,2,342,2,342
354273,Playing,2065408,5854,0,0,0,0,1,4981,176,342,176,342
354525,Playing,2085888,5912,0,0,0,0,1,4985,0,342,0,342
354776,Playing,2078720,5892,0,0,0,0,1,4988,0,342,0,342
355026,Playing,2099200,5950,0,0,0,0,1,4992,0,342,0,342
355273,Playing,2072576,5874,0,0,0,0,1,4994,0,342,0,342
355523,Playing,2093056,5932,0,0,0,0,1,4998,0,342,0,342
355773,Playing,2030592,5755,0,0,0,0,1,5002,0,342,14,342
356024,Playing,2051072,5813,0,0,0,0,1,5006,94,342,94,342
356272,Playing,2024448,5738,0,0,0,0,1,5008,0,342,0,342
356522,Playing,2044928,5796,0,0,0,0,1,5012,0,342,0,342
356770,Playing,2065408,5854,0,0,0,0,1,5016,0,342,0,342
357021,Playing,2085888,5912,0,0,0,0,1,5020,0,342,0,342
357272,Playing,2031616,5758,0,0,0,0,1,5021,176,342,176,342
357521,Playing,2052096,5816,0,0,0,0,1,5025,0,342,0,342
357770,Playing,2044928,5796,0,0,0,0,1,5028,0,342,0,342
358019,Playing,2018304,5720,0,0,0,0,1,5030,13,342,13,342
358269,Playing,2038784,5778,0,0,0,0,1,5034,11,342,12,342
358520,Playing,2031616,5758,0,0,0,0,1,5037,175,342,175,342
358768,Playing,2024448,5738,0,0,0,0,1,5043,94,342,94,342
359018,Playing,1970176,5584,0,0,0,0,1,5044,177,342,177,342
359268,Playing,1990656,5642,0,0,0,0,1,5048,94,342,94,342
359516,Playing,1983488,5622,0,0,0,0,1,5051,96,342,96,342
359765,Playing,2031616,5758,0,0,0,0,1,5056,0,342,0,342
360016,Playing,1977344,5604,0,0,0,0,1,5057,96,342,96,342
360265,Playing,2025472,5741,0,0,0,0,1,5062,0,342,0,342
360516,Playing,1990656,5642,0,0,0,0,1,5064,96,342,96,342
360767,Playing,2011136,5700,0,0,0,0,1,5068,0,342,0,342
361015,Playing,1984512,5625,0,0,0,0,1,5070,0,342,0,342
361264,Playing,2004992,5683,0,0,0,0,1,5074,0,342,0,342
361516,Playing,1970176,5584,0,0,0,0,1,5079,96,342,96,342
361780,Playing,1963008,5564,0,0,0,0,1,5082,90,342,91,342
362031,Playing,1983488,5622,0,0,0,0,1,5086,117,342,117,342
362279,Playing,1976320,5601,0,0,0,0,1,5089,0,342,0,342
362529,Playing,1977344,5604,0,0,0,0,1,5092,0,342,0,342
362778,Playing,1970176,5584,0,0,0,0,1,5095,0,342,0,342
363029,Playing,1990656,5642,0,0,0,0,1,5099,176,342,176,342
363279,Playing,1955840,5543,0,0,0,0,1,5101,0,342,0,342
363525,Playing,1984512,5625,0,0,0,0,1,5105,0,342,0,342
363777,Playing,1977344,5604,0,0,0,0,1,5108,0,342,0,342
364025,Playing,1997824,5662,0,0,0,0,1,5112,0,342,0,342
364275,Playing,1971200,5587,0,0,0,0,1,5117,16,342,16,342
364520,Playing,1964032,5566,0,0,0,0,1,5120,0,342,0,342
364771,Playing,1956864,5546,0,0,0,0,1,5123,0,342,0,342
365020,Playing,1977344,5604,0,0,0,0,1,5127,0,342,0,342
365268,Playing,1923072,5450,0,0,0,0,1,5128,174,342,175,342
365517,Playing,1943552,5508,0,0,0,0,1,5132,0,342,0,342
365765,Playing,1944576,5511,0,0,0,0,1,5135,94,342,94,342
366016,Playing,1965056,5569,0,0,0,0,1,5139,0,342,0,342
366266,Playing,1930240,5471,0,0,0,0,1,5141,0,342,0,342
366515,Playing,1950720,5529,0,0,0,0,1,5145,0,342,0,342
366767,Playing,1951744,5532,0,0,0,0,1,5148,0,342,0,342
367014,Playing,1944576,5511,0,0,0,0,1,5154,96,342,96,342
367262,Playing,1937408,5491,0,0,0,0,1,5157,0,342,0,342
367513,Playing,1985536,5627,0,0,0,0,1,5162,13,342,13,342
367763,Playing,1903616,5395,0,0,0,0,1,5162,13,342,13,342
368011,Playing,1951744,5532,0,0,0,0,1,5167,0,342,0,342
368259,Playing,1944576,5511,0,0,0,0,1,5170,0,342,0,342
368508,Playing,1909760,5413,0,0,0,0,1,5172,0,342,0,342
368757,Playing,1938432,5494,0,0,0,0,1,5176,0,342,0,342
369007,Playing,1931264,5474,0,0,0,0,1,5179,0,342,0,342
369257,Playing,1924096,5453,0,0,0,0,1,5182,96,342,96,342
369504,Playing,1925120,5456,0,0,0,0,1,5185,0,342,0,342
369754,Playing,1917952,5436,0,0,0,0,1,5188,94,342,94,342
370003,Playing,1910784,5416,0,0,0,0,1,5194,0,342,0,342
370251,Playing,1903616,5395,0,0,0,0,1,5197,0,342,0,342
370500,Playing,1932288,5477,0,0,0,0,1,5201,0,342,0,342
370811,Playing,1900544,5387,0,0,0,0,1,5204,96,342,97,342
371000,Playing,1917952,5436,0,0,0,0,1,5207,0,342,0,342
371250,Playing,1918976,5439,0,0,0,0,1,5210,94,342,94,342
371558,Playing,1914880,5427,0,0,0,0,1,5214,0,342,0,342
371809,Playing,1915904,5430,0,0,0,0,1,5217,0,342,0,342
372057,Playing,1881088,5331,0,0,0,0,1,5219,0,342,0,342
372307,Playing,1901568,5389,0,0,0,0,1,5223,0,342,0,342
372558,Playing,1903616,5395,0,0,0,0,1,5229,0,342,14,342
372807,Playing,1886208,5346,0,0,0,0,1,5232,0,342,0,342
373055,Playing,1906688,5404,0,0,0,0,1,5236,0,342,0,342
373303,Playing,1899520,5384,0,0,0,0,1,5239,0,342,0,342
373552,Playing,1872896,5308,0,0,0,0,1,5241,0,342,0,342
373802,Playing,1865728,5288,0,0,0,0,1,5244,92,342,92,342
374052,Playing,1913856,5424,0,0,0,0,1,5249,0,342,0,342
374302,Playing,1906688,5404,0,0,0,0,1,5252,0,342,0,342
374550,Playing,1880064,5328,0,0,0,0,1,5254,1,342,1,342
374801,Playing,1872896,5308,0,0,0,0,1,5257,94,342,94,342
375050,Playing,1893376,5366,0,0,0,0,1,5261,0,342,0,342
375302,Playing,1886208,5346,0,0,0,0,1,5264,93,342,93,342
375552,Playing,1822720,5166,0,0,0,0,1,5268,0,342,0,342
375804,Playing,1843200,5224,0,0,0,0,1,5272,174,342,174,342
376056,Playing,1863680,5282,0,0,0,0,1,5276,0,342,0,342
376306,Playing,1856512,5262,0,0,0,0,1,5279,97,342,97,342
376558,Playing,1849344,5241,0,0,0,0,1,5282,0,342,0,342
376807,Playing,1850368,5244,0,0,0,0,1,5285,0,342,0,342
377055,Playing,1843200,5224,0,0,0,0,1,5288,0,342,0,342
377306,Playing,1863680,5282,0,0,0,0,1,5292,94,342,94,342
377554,Playing,1837056,5207,0,0,0,0,1,5294,0,342,0,342
377807,Playing,1857536,5265,0,0,0,0,1,5298,0,342,0,342
378058,Playing,1850368,5244,0,0,0,0,1,5301,0,342,0,342
378308,Playing,1833984,5198,0,0,0,0,1,5307,0,342,0,342
378558,Playing,1826816,5178,0,0,0,0,1,5310,0,342,0,342
378808,Playing,1827840,5180,0,0,0,0,1,5313,0,342,0,342
379058,Playing,1820672,5160,0,0,0,0,1,5316,0,342,0,342
379306,Playing,1813504,5140,0,0,0,0,1,5319,96,342,96,342
379556,Playing,1842176,5221,0,0,0,0,1,5323,0,342,0,342
379806,Playing,1779712,5044,0,0,0,0,1,5324,175,342,175,342
380054,Playing,1800192,5102,0,0,0,0,1,5328,177,342,177,342
380303,Playing,1820672,5160,0,0,0,0,1,5332,0,342,0,342
380553,Playing,1794048,5085,0,0,0,0,1,5334,95,342,95,342
380803,Playing,1814528,5143,0,0,0,0,1,5338,0,342,0,342
381052,Playing,1779712,5044,0,0,0,0,1,5343,0,342,13,342
381299,Playing,1772544,5024,0,0,0,0,1,5346,176,342,176,342
381548,Playing,1745920,4948,0,0,0,0,1,5348,1,342,1,342
381798,Playing,1766400,5006,0,0,0,0,1,5352,0,342,0,342
382046,Playing,1759232,4986,0,0,0,0,1,5355,174,342,174,342
382297,Playing,1807360,5122,0,0,0,0,1,5360,0,342,0,342
382546,Playing,1753088,4969,0,0,0,0,1,5361,94,342,94,342
382794,Playing,1773568,5027,0,0,0,0,1,5365,0,342,0,342
383042,Playing,1794048,5085,0,0,0,0,1,5369,0,342,0,342
383289,Playing,1795072,5088,0,0,0,0,1,5372,0,342,0,342
383543,Playing,1760256,4989,0,0,0,0,1,5374,0,342,0,342
383793,Playing,1780736,5047,0,0,0,0,1,5378,0,342,0,342
384041,Playing,1745920,4948,0,0,0,0,1,5383,0,342,0,342
384291,Playing,1719296,4873,0,0,0,0,1,5385,0,342,0,342
384539,Playing,1739776,4931,0,0,0,0,1,5389,0,342,0,342
384788,Playing,1732608,4911,0,0,0,0,1,5392,93,342,93,342
385037,Playing,1761280,4992,0,0,0,0,1,5396,0,342,0,342
385286,Playing,1698816,4815,0,0,0,0,1,5397,177,342,177,342
385535,Playing,1746944,4951,0,0,0,0,1,5402,0,342,0,342
385787,Playing,1739776,4931,0,0,0,0,1,5405,0,342,0,342
386036,Playing,1740800,4934,0,0,0,0,1,5408,0,342,0,342
386285,Playing,1761280,4992,0,0,0,0,1,5412,0,342,0,342
386535,Playing,1726464,4893,0,0,0,0,1,5414,14,342,14,342
386787,Playing,1719296,4873,0,0,0,0,1,5420,0,342,0,342
387034,Playing,1720320,4876,0,0,0,0,1,5423,96,342,96,342
387281,Playing,1740800,4934,0,0,0,0,1,5427,0,342,0,342
387533,Playing,1705984,4835,0,0,0,0,1,5429,0,342,0,342
387781,Playing,1707008,4838,0,0,0,0,1,5432,0,342,0,342
388031,Playing,1727488,4896,0,0,0,0,1,5436,0,342,0,342
388278,Playing,1720320,4876,0,0,0,0,1,5439,16,342,16,342
388525,Playing,1748992,4957,0,0,0,0,1,5443,93,342,93,342
388772,Playing,1714176,4858,0,0,0,0,1,5445,0,342,0,342
389023,Playing,1707008,4838,0,0,0,0,1,5448,93,342,93,342
389274,Playing,1727488,4896,0,0,0,0,1,5452,0,342,0,342
389524,Playing,1673216,4742,0,0,0,0,1,5453,173,342,173,342
389775,Playing,1666048,4722,0,0,0,0,1,5459,96,342,96,342
390028,Playing,1686528,4780,0,0,0,0,1,5463,0,342,0,342
390277,Playing,1679360,4760,0,0,0,0,1,5466,95,342,95,342
390525,Playing,1680384,4762,0,0,0,0,1,5469,0,342,0,342
390775,Playing,1673216,4742,0,0,0,0,1,5472,0,342,0,342
391023,Playing,1693696,4800,0,0,0,0,1,5476,0,342,0,342
391274,Playing,1686528,4780,0,0,0,0,1,5479,93,342,93,342
391522,Playing,1715200,4861,0,0,0,0,1,5483,17,342,17,342
391772,Playing,1680384,4762,0,0,0,0,1,5485,0,342,0,342
392020,Playing,1700864,4821,0,0,0,0,1,5489,0,342,0,342
392271,Playing,1684480,4774,0,0,0,0,1,5494,0,342,12,342
392519,Playing,1694720,4803,0,0,0,0,1,5498,0,342,0,342
392769,Playing,1687552,4783,0,0,0,0,1,5501,95,342,95,342
393019,Playing,1680384,4762,0,0,0,0,1,5504,93,342,93,342
393270,Playing,1645568,4664,0,0,0,0,1,5506,15,342,15,342
393518,Playing,1701888,4823,0,0,0,0,1,5511,0,342,0,342
393767,Playing,1694720,4803,0,0,0,0,1,5514,0,342,0,342
394015,Playing,1659904,4704,0,0,0,0,1,5516,0,342,0,342
394264,Playing,1688576,4786,0,0,0,0,1,5520,0,342,0,342
394514,Playing,1681408,4765,0,0,0,0,1,5523,94,342,94,342
394762,Playing,1701888,4823,0,0,0,0,1,5527,0,342,0,342
395012,Playing,1647616,4670,0,0,0,0,1,5528,175,342,175,342
395261,Playing,1640448,4649,0,0,0,0,1,5534,176,342,176,342
395509,Playing,1660928,4707,0,0,0,0,1,5538,0,342,0,342
395759,Playing,1606656,4554,0,0,0,0,1,5539,177,342,177,342
396007,Playing,1654784,4690,0,0,0,0,1,5544,0,342,0,342
396256,Playing,1647616,4670,0,0,0,0,1,5547,0,342,0,342
396505,Playing,1640448,4649,0,0,0,0,1,5550,177,342,177,342
396754,Playing,1641472,4652,0,0,0,0,1,5553,0,342,0,342
397004,Playing,1634304,4632,0,0,0,0,1,5556,12,342,12,342
397252,Playing,1627136,4612,0,0,0,0,1,5559,96,342,96,342
397502,Playing,1600512,4536,0,0,0,0,1,5561,0,342,0,342
397752,Playing,1620992,4594,0,0,0,0,1,5565,0,342,0,342
398002,Playing,1595392,4522,0,0,0,0,1,5570,0,342,14,342
398311,Playing,1581056,4481,0,0,0,0,1,5574,0,342,0,342
398561,Playing,1601536,4539,0,0,0,0,1,5578,15,342,15,342
398810,Playing,1594368,4519,0,0,0,0,1,5581,94,342,94,342
399060,Playing,1623040,4600,0,0,0,0,1,5585,0,342,0,342
399312,Playing,1588224,4501,0,0,0,0,1,5587,0,342,0,342
399560,Playing,1581056,4481,0,0,0,0,1,5590,95,342,95,342
399808,Playing,1601536,4539,0,0,0,0,1,5594,0,342,0,342
400058,Playing,1630208,4620,0,0,0,0,1,5598,0,342,0,342
400307,Playing,1595392,4522,0,0,0,0,1,5600,0,342,0,342
400557,Playing,1588224,4501,0,0,0,0,1,5603,0,342,0,342
400807,Playing,1571840,4455,0,0,0,0,1,5609,0,342,0,342
401057,Playing,1572864,4458,0,0,0,0,1,5612,0,342,0,342
401304,Playing,1593344,4516,0,0,0,0,1,5616,16,342,17,342
401553,Playing,1613824,4574,0,0,0,0,1,5620,16,342,16,342
401802,Playing,1559552,4420,0,0,0,0,1,5621,173,342,173,342
402050,Playing,1580032,4478,0,0,0,0,1,5625,0,342,0,342
402300,Playing,1600512,4536,0,0,0,0,1,5629,0,342,0,342
402550,Playing,1538048,4359,0,0,0,0,1,5630,91,342,91,342
402801,Playing,1566720,4440,0,0,0,0,1,5634,0,342,0,342
403049,Playing,1559552,4420,0,0,0,0,1,5637,0,342,0,342
403298,Playing,1580032,4478,0,0,0,0,1,5641,0,342,0,342
403548,Playing,1562624,4429,0,0,0,0,1,5644,96,342,96,342
403796,Playing,1537024,4356,0,0,0,0,1,5649,14,342,14,342
404045,Playing,1529856,4336,0,0,0,0,1,5652,1,342,1,342
404295,Playing,1558528,4417,0,0,0,0,1,5656,0,342,0,342
404543,Playing,1496064,4240,0,0,0,0,1,5657,176,342,176,342
404793,Playing,1544192,4376,0,0,0,0,1,5662,0,342,0,342
405043,Playing,1537024,4356,0,0,0,0,1,5665,1,342,1,342
405292,Playing,1538048,4359,0,0,0,0,1,5668,94,342,94,342
405541,Playing,1530880,4339,0,0,0,0,1,5671,0,342,0,342
405790,Playing,1523712,4318,0,0,0,0,1,5674,0,342,0,342
406039,Playing,1544192,4376,0,0,0,0,1,5678,14,342,14,342
406288,Playing,1545216,4379,0,0,0,0,1,5684,0,342,15,342
406537,Playing,1538048,4359,0,0,0,0,1,5687,0,342,0,342
406786,Playing,1530880,4339,0,0,0,0,1,5690,0,342,0,342
407035,Playing,1523712,4318,0,0,0,0,1,5693,1,342,1,342
407283,Playing,1524736,4321,0,0,0,0,1,5696,0,342,0,342
407533,Playing,1517568,4301,0,0,0,0,1,5699,94,342,94,342
407782,Playing,1538048,4359,0,0,0,0,1,5703,2,342,2,342
408030,Playing,1511424,4284,0,0,0,0,1,5705,0,342,0,342
408281,Playing,1504256,4263,0,0,0,0,1,5708,0,342,0,342
408529,Playing,1524736,4321,0,0,0,0,1,5712,0,342,0,342
408779,Playing,1545216,4379,0,0,0,0,1,5716,0,342,0,342
409030,Playing,1518592,4304,0,0,0,0,1,5718,0,342,0,342
409276,Playing,1483776,4205,0,0,0,0,1,5723,0,342,0,342
409526,Playing,1476608,4185,0,0,0,0,1,5726,94,342,94,342
409774,Playing,1505280,4266,0,0,0,0,1,5730,0,342,0,342
410024,Playing,1470464,4167,0,0,0,0,1,5732,0,342,0,342
410272,Playing,1490944,4226,0,0,0,0,1,5736,0,342,0,342
410523,Playing,1511424,4284,0,0,0,0,1,5740,0,342,0,342
410773,Playing,1512448,4286,0,0,0,0,1,5743,3,342,3,342
411024,Playing,1505280,4266,0,0,0,0,1,5746,92,342,92,342
411278,Playing,1470464,4167,0,0,0,0,1,5748,0,342,0,342
411528,Playing,1490944,4226,0,0,0,0,1,5752,0,342,0,342
411777,Playing,1519616,4307,0,0,0,0,1,5756,0,342,0,342
412027,Playing,1484800,4208,0,0,0,0,1,5761,95,342,95,342
412277,Playing,1449984,4109,0,0,0,0,1,5763,0,342,0,342
412528,Playing,1470464,4167,0,0,0,0,1,5767,0,342,0,342
412779,Playing,1471488,4170,0,0,0,0,1,5770,0,342,0,342
413026,Playing,1491968,4228,0,0,0,0,1,5774,0,342,0,342
413275,Playing,1429504,4051,0,0,0,0,1,5775,175,342,175,342
413526,Playing,1477632,4188,0,0,0,0,1,5780,0,342,0,342
413775,Playing,1451008,4112,0,0,0,0,1,5782,178,342,178,342
414025,Playing,1471488,4170,0,0,0,0,1,5786,95,342,95,342
414273,Playing,1436672,4072,0,0,0,0,1,5788,0,342,0,342
414521,Playing,1465344,4153,0,0,0,0,1,5792,0,342,0,342
414768,Playing,1448960,4107,0,0,0,0,1,5797,0,342,14,342
415021,Playing,1395712,3956,0,0,0,0,1,5799,1,342,1,342
415270,Playing,1416192,4014,0,0,0,0,1,5803,173,342,173,342
415520,Playing,1444864,4095,0,0,0,0,1,5807,0,342,0,342
415768,Playing,1437696,4075,0,0,0,0,1,5810,176,342,176,342
416016,Playing,1458176,4133,0,0,0,0,1,5814,95,342,95,342
416266,Playing,1431552,4057,0,0,0,0,1,5816,1,342,1,342
416515,Playing,1424384,4037,0,0,0,0,1,5819,175,342,175,342
416763,Playing,1444864,4095,0,0,0,0,1,5823,172,342,172,342
417012,Playing,1473536,4176,0,0,0,0,1,5827,1,342,1,342
417261,Playing,1438720,4078,0,0,0,0,1,5829,1,342,1,342
417511,Playing,1431552,4057,0,0,0,0,1,5832,0,342,0,342
417760,Playing,1424384,4037,0,0,0,0,1,5838,1,342,1,342
418009,Playing,1425408,4040,0,0,0,0,1,5841,175,342,175,342
418260,Playing,1418240,4019,0,0,0,0,1,5844,0,342,0,342
418510,Playing,1383424,3921,0,0,0,0,1,5846,175,342,175,342
418757,Playing,1431552,4057,0,0,0,0,1,5851,0,342,0,342
419008,Playing,1377280,3903,0,0,0,0,1,5852,95,342,95,342
419257,Playing,1397760,3961,0,0,0,0,1,5856,173,342,173,342
419505,Playing,1390592,3941,0,0,0,0,1,5859,172,342,172,342
419756,Playing,1438720,4078,0,0,0,0,1,5864,0,342,0,342
420005,Playing,1412096,4002,0,0,0,0,1,5866,93,342,93,342
420256,Playing,1404928,3982,0,0,0,0,1,5869,0,342,0,342
420506,Playing,1370112,3883,0,0,0,0,1,5874,0,342,0,342
420755,Playing,1390592,3941,0,0,0,0,1,5878,0,342,0,342
421005,Playing,1363968,3866,0,0,0,0,1,5880,0,342,0,342
421254,Playing,1356800,3845,0,0,0,0,1,5883,92,342,93,342
421506,Playing,1377280,3903,0,0,0,0,1,5887,177,342,177,342
421756,Playing,1397760,3961,0,0,0,0,1,5891,0,342,0,342
422006,Playing,1398784,3964,0,0,0,0,1,5894,0,342,0,342
422254,Playing,1363968,3866,0,0,0,0,1,5896,0,342,0,342
422502,Playing,1356800,3845,0,0,0,0,1,5899,177,342,177,342
422751,Playing,1385472,3927,0,0,0,0,1,5903,0,342,0,342
423061,Playing,1381376,3915,0,0,0,0,1,5907,176,342,176,342
423311,Playing,1373184,3892,0,0,0,0,1,5913,0,342,0,342
423560,Playing,1366016,3871,0,0,0,0,1,5916,0,342,0,342
423811,Playing,1331200,3773,0,0,0,0,1,5918,0,342,0,342
424000,Playing,1320960,3744,0,0,0,0,1,5920,0,342,0,342
424309,Playing,1352704,3834,0,0,0,0,1,5925,174,342,174,342
424559,Playing,1373184,3892,0,0,0,0,1,5929,2,342,2,342
424807,Playing,1310720,3715,0,0,0,0,1,5930,173,342,173,342
425059,Playing,1331200,3773,0,0,0,0,1,5934,173,342,173,342
425308,Playing,1359872,3854,0,0,0,0,1,5938,0,342,0,342
425557,Playing,1380352,3912,0,0,0,0,1,5942,0,342,0,342
425805,Playing,1317888,3735,0,0,0,0,1,5943,176,342,176,342
426056,Playing,1328128,3764,0,0,0,0,1,5949,0,342,15,342
426306,Playing,1302528,3691,0,0,0,0,1,5952,176,342,176,342
426556,Playing,1323008,3750,0,0,0,0,1,5956,174,342,174,342
426808,Playing,1288192,3651,0,0,0,0,1,5958,14,342,14,342
427057,Playing,1281024,3631,0,0,0,0,1,5961,93,342,93,342
427306,Playing,1309696,3712,0,0,0,0,1,5965,92,342,92,342
427556,Playing,1302528,3691,0,0,0,0,1,5968,172,342,172,342
427803,Playing,1267712,3593,0,0,0,0,1,5970,1,342,1,342
428053,Playing,1315840,3729,0,0,0,0,1,5975,15,342,16,342
428302,Playing,1316864,3732,0,0,0,0,1,5978,2,342,2,342
428554,Playing,1309696,3712,0,0,0,0,1,5981,173,342,173,342
428805,Playing,1302528,3691,0,0,0,0,1,5984,0,342,0,342
429054,Playing,1258496,3567,0,0,0,0,1,5989,0,342,0,342
429303,Playing,1259520,3570,0,0,0,0,1,5992,93,342,94,342
429552,Playing,1280000,3628,0,0,0,0,1,5996,0,342,0,342
429802,Playing,1217536,3451,0,0,0,0,1,5997,97,342,97,342
430050,Playing,1246208,3532,0,0,0,0,1,6001,91,342,91,342
430301,Playing,1294336,3668,0,0,0,0,1,6006,2,342,2,342
430550,Playing,1287168,3648,0,0,0,0,1,6009,1,342,1,342
430801,Playing,1280000,3628,0,0,0,0,1,6012,0,342,0,342
431053,Playing,1245184,3529,0,0,0,0,1,6014,12,342,12,342
431302,Playing,1246208,3532,0,0,0,0,1,6017,91,342,91,342
431548,Playing,1266688,3590,0,0,0,0,1,6021,172,342,172,342
431794,Playing,1212416,3436,0,0,0,0,1,6025,0,342,11,342
432044,Playing,1232896,3494,0,0,0,0,1,6029,93,342,93,342
432291,Playing,1225728,3474,0,0,0,0,1,6032,94,342,94,342
432539,Playing,1254400,3555,0,0,0,0,1,6036,0,342,0,342
432788,Playing,1247232,3535,0,0,0,0,1,6039,94,342,94,342
433039,Playing,1240064,3514,0,0,0,0,1,6042,0,342,0,342
433289,Playing,1232896,3494,0,0,0,0,1,6045,0,342,0,342
433540,Playing,1225728,3474,0,0,0,0,1,6048,95,342,95,342
433788,Playing,1254400,3555,0,0,0,0,1,6052,91,342,91,342
434036,Playing,1219584,3456,0,0,0,0,1,6054,0,342,0,342
434286,Playing,1212416,3436,0,0,0,0,1,6057,95,342,95,342
434536,Playing,1241088,3517,0,0,0,0,1,6064,1,342,1,342
434786,Playing,1233920,3497,0,0,0,0,1,6067,0,342,0,342
435038,Playing,1199104,3398,0,0,0,0,1,6069,0,342,0,342
435287,Playing,1191936,3378,0,0,0,0,1,6072,94,342,94,342
435538,Playing,1220608,3459,0,0,0,0,1,6076,0,342,0,342
435788,Playing,1213440,3439,0,0,0,0,1,6079,95,342,95,342
436039,Playing,1178624,3340,0,0,0,0,1,6081,0,342,0,342
436289,Playing,1199104,3398,0,0,0,0,1,6085,94,342,94,342
436537,Playing,1227776,3480,0,0,0,0,1,6089,0,342,0,342
436787,Playing,1248256,3538,0,0,0,0,1,6093,13,342,13,342
437039,Playing,1241088,3517,0,0,0,0,1,6096,0,342,0,342
437287,Playing,1206272,3419,0,0,0,0,1,6098,0,342,0,342
437534,Playing,1179648,3343,0,0,0,0,1,6103,0,342,0,342
437781,Playing,1200128,3401,0,0,0,0,1,6107,0,342,0,342
438031,Playing,1173504,3326,0,0,0,0,1,6109,0,342,0,342
438281,Playing,1166336,3305,0,0,0,0,1,6112,93,342,93,342
438529,Playing,1186816,3363,0,0,0,0,1,6116,92,342,92,342
438778,Playing,1207296,3422,0,0,0,0,1,6120,0,342,0,342
439028,Playing,1208320,3424,0,0,0,0,1,6123,0,342,0,342
439280,Playing,1173504,3326,0,0,0,0,1,6125,0,342,0,342
439528,Playing,1193984,3384,0,0,0,0,1,6129,0,342,0,342
439776,Playing,1186816,3363,0,0,0,0,1,6132,95,342,95,342
440028,Playing,1187840,3366,0,0,0,0,1,6135,0,342,0,342
440277,Playing,1208320,3424,0,0,0,0,1,6142,0,342,0,342
440523,Playing,1145856,3247,0,0,0,0,1,6143,177,342,177,342
440775,Playing,1174528,3329,0,0,0,0,1,6147,0,342,0,342
441025,Playing,1195008,3387,0,0,0,0,1,6151,14,342,14,342
441273,Playing,1187840,3366,0,0,0,0,1,6154,95,342,95,342
441522,Playing,1180672,3346,0,0,0,0,1,6157,0,342,0,342
441772,Playing,1181696,3349,0,0,0,0,1,6160,0,342,0,342
442022,Playing,1174528,3329,0,0,0,0,1,6163,0,342,0,342
442273,Playing,1195008,3387,0,0,0,0,1,6167,0,342,0,342
442522,Playing,1160192,3288,0,0,0,0,1,6169,0,342,0,342
442771,Playing,1161216,3291,0,0,0,0,1,6172,173,342,173,342
443021,Playing,1154048,3271,0,0,0,0,1,6178,0,342,0,342
443271,Playing,1174528,3329,0,0,0,0,1,6182,0,342,0,342
443518,Playing,1112064,3152,0,0,0,0,1,6183,175,342,175,342
443768,Playing,1140736,3233,0,0,0,0,1,6187,0,342,0,342
444020,Playing,1133568,3213,0,0,0,0,1,6190,174,342,174,342
444271,Playing,1154048,3271,0,0,0,0,1,6194,175,342,175,342
444522,Playing,1119232,3172,0,0,0,0,1,6196,0,342,0,342
444771,Playing,1147904,3253,0,0,0,0,1,6200,180,342,180,342
445017,Playing,1140736,3233,0,0,0,0,1,6203,175,342,175,342
445270,Playing,1161216,3291,0,0,0,0,1,6207,0,342,0,342
445521,Playing,1126400,3192,0,0,0,0,1,6209,0,342,0,342
445772,Playing,1119232,3172,0,0,0,0,1,6215,0,342,0,342
446020,Playing,1120256,3175,0,0,0,0,1,6218,1,342,1,342
446269,Playing,1113088,3155,0,0,0,0,1,6221,0,342,0,342
446518,Playing,1105920,3134,0,0,0,0,1,6224,0,342,0,342
446769,Playing,1106944,3137,0,0,0,0,1,6227,172,342,172,342
447019,Playing,1127424,3195,0,0,0,0,1,6231,0,342,0,342
447267,Playing,1147904,3253,0,0,0,0,1,6235,0,342,0,342
447517,Playing,1085440,3076,0,0,0,0,1,6236,175,342,175,342
447766,Playing,1114112,3157,0,0,0,0,1,6240,0,342,0,342
448015,Playing,1134592,3215,0,0,0,0,1,6244,0,342,0,342
448262,Playing,1127424,3195,0,0,0,0,1,6247,174,342,174,342
448511,Playing,1100800,3120,0,0,0,0,1,6249,0,342,0,342
448760,Playing,1056768,2995,0,0,0,0,1,6254,93,342,93,342
449010,Playing,1077248,3053,0,0,0,0,1,6258,0,342,0,342
449259,Playing,1097728,3111,0,0,0,0,1,6262,0,342,0,342
449509,Playing,1071104,3036,0,0,0,0,1,6264,16,342,16,342
449758,Playing,1091584,3094,0,0,0,0,1,6268,0,342,0,342
450008,Playing,1084416,3073,0,0,0,0,1,6271,0,342,0,342
450259,Playing,1104896,3131,0,0,0,0,1,6275,0,342,0,342
450509,Playing,1078272,3056,0,0,0,0,1,6277,0,342,0,342
450760,Playing,1043456,2957,0,0,0,0,1,6279,93,342,93,342
451013,Playing,1063936,3015,0,0,0,0,1,6283,172,342,172,342
451265,Playing,1084416,3073,0,0,0,0,1,6287,172,342,172,342
451515,Playing,1003520,2844,0,0,0,0,1,6290,0,342,0,342
451764,Playing,1013760,2873,0,0,0,0,1,6294,93,342,93,342
452014,Playing,1061888,3009,0,0,0,0,1,6299,0,342,0,342
452262,Playing,1054720,2989,0,0,0,0,1,6302,0,342,0,342
452512,Playing,1047552,2969,0,0,0,0,1,6305,173,342,174,342
452761,Playing,1048576,2972,0,0,0,0,1,6308,0,342,0,342
453011,Playing,1041408,2951,0,0,0,0,1,6311,176,342,176,342
453260,Playing,1061888,3009,0,0,0,0,1,6315,0,342,0,342
453509,Playing,1007616,2856,0,0,0,0,1,6316,94,342,94,342
453760,Playing,1000448,2835,0,0,0,0,1,6319,0,342,0,342
454009,Playing,1048576,2972,0,0,0,0,1,6324,0,342,0,342
454259,Playing,1032192,2925,0,0,0,0,1,6330,0,342,0,342
454505,Playing,977920,2771,0,0,0,0,1,6331,95,342,95,342
454756,Playing,970752,2751,0,0,0,0,1,6334,95,342,95,342
455005,Playing,991232,2809,0,0,0,0,1,6338,95,342,95,342
455255,Playing,984064,2789,0,0,0,0,1,6341,176,342,176,342
455503,Playing,1040384,2948,0,0,0,0,1,6346,0,342,0,342
455753,Playing,977920,2771,0,0,0,0,1,6347,94,342,94,342
456005,Playing,998400,2829,0,0,0,0,1,6351,172,342,172,342
456255,Playing,991232,2809,0,0,0,0,1,6354,0,342,0,342
456503,Playing,1019904,2890,0,0,0,0,1,6358,0,342,0,342
456755,Playing,985088,2792,0,0,0,0,1,6360,0,342,0,342
457003,Playing,977920,2771,0,0,0,0,1,6366,0,342,12,342
457252,Playing,978944,2774,0,0,0,0,1,6369,96,342,96,342
457500,Playing,999424,2832,0,0,0,0,1,6373,175,342,175,342
457751,Playing,936960,2655,0,0,0,0,1,6374,95,342,95,342
458061,Playing,996352,2824,0,0,0,0,1,6380,0,342,0,342
458310,Playing,989184,2803,0,0,0,0,1,6383,175,342,175,342
458562,Playing,982016,2783,0,0,0,0,1,6386,0,342,0,342
458750,Playing,999424,2832,0,0,0,0,1,6389,13,342,13,342
459062,Playing,1003520,2844,0,0,0,0,1,6393,13,342,13,342
459252,Playing,965632,2737,0,0,0,0,1,6394,176,342,176,342
459502,Playing,986112,2795,0,0,0,0,1,6398,0,342,0,342
459811,Playing,962560,2728,0,0,0,0,1,6404,0,342,16,342
460062,Playing,955392,2708,0,0,0,0,1,6407,0,342,0,342
460251,Playing,945152,2679,0,0,0,0,1,6409,0,342,0,342
460501,Playing,965632,2737,0,0,0,0,1,6413,0,342,0,342
460809,Playing,942080,2670,0,0,0,0,1,6416,0,342,0,342
461057,Playing,962560,2728,0,0,0,0,1,6420,0,342,0,342
461307,Playing,955392,2708,0,0,0,0,1,6423,176,342,176,342
461556,Playing,928768,2632,0,0,0,0,1,6425,0,342,0,342
461805,Playing,949248,2690,0,0,0,0,1,6429,177,342,177,342
462055,Playing,969728,2748,0,0,0,0,1,6433,0,342,0,342
462305,Playing,962560,2728,0,0,0,0,1,6436,1,342,1,342
462553,Playing,963584,2731,0,0,0,0,1,6440,0,342,0,342
462804,Playing,928768,2632,0,0,0,0,1,6444,0,342,0,342
463052,Playing,921600,2612,0,0,0,0,1,6447,0,342,1,342
463301,Playing,914432,2591,0,0,0,0,1,6450,172,342,172,342
463549,Playing,915456,2594,0,0,0,0,1,6453,0,342,0,342
463798,Playing,908288,2574,0,0,0,0,1,6456,0,342,0,342
464047,Playing,928768,2632,0,0,0,0,1,6460,0,342,0,342
464296,Playing,957440,2713,0,0,0,0,1,6464,0,342,0,342
464545,Playing,950272,2693,0,0,0,0,1,6467,0,342,0,342
464795,Playing,915456,2594,0,0,0,0,1,6469,0,342,0,342
465043,Playing,944128,2676,0,0,0,0,1,6473,0,342,0,342
465294,Playing,936960,2655,0,0,0,0,1,6476,177,342,177,342
465541,Playing,874496,2478,0,0,0,0,1,6480,0,342,0,342
465788,Playing,875520,2481,0,0,0,0,1,6483,96,342,96,342
466038,Playing,896000,2539,0,0,0,0,1,6487,178,342,178,342
466287,Playing,916480,2597,0,0,0,0,1,6491,0,342,0,342
466540,Playing,881664,2499,0,0,0,0,1,6493,0,342,0,342
466791,Playing,874496,2478,0,0,0,0,1,6496,92,342,92,342
467042,Playing,875520,2481,0,0,0,0,1,6499,92,342,93,342
467293,Playing,896000,2539,0,0,0,0,1,6503,174,342,174,342
467540,Playing,916480,2597,0,0,0,0,1,6507,0,342,0,342
467791,Playing,881664,2499,0,0,0,0,1,6509,0,342,0,342
468042,Playing,882688,2501,0,0,0,0,1,6512,95,342,95,342
468290,Playing,875520,2481,0,0,0,0,1,6518,175,342,175,342
468538,Playing,896000,2539,0,0,0,0,1,6522,0,342,0,342
468788,Playing,861184,2440,0,0,0,0,1,6524,0,342,0,342
469040,Playing,862208,2443,0,0,0,0,1,6527,0,342,0,342
469293,Playing,882688,2501,0,0,0,0,1,6531,0,342,0,342
469542,Playing,875520,2481,0,0,0,0,1,6534,176,342,176,342
469793,Playing,868352,2461,0,0,0,0,1,6537,0,342,0,342
470040,Playing,869376,2464,0,0,0,0,1,6540,0,342,0,342
470291,Playing,862208,2443,0,0,0,0,1,6543,0,342,0,342
470538,Playing,882688,2501,0,0,0,0,1,6547,0,342,0,342
470789,Playing,847872,2403,0,0,0,0,1,6549,0,342,0,342
471039,Playing,848896,2406,0,0,0,0,1,6552,93,342,93,342
471288,Playing,841728,2385,0,0,0,0,1,6558,1,342,1,342
471539,Playing,862208,2443,0,0,0,0,1,6562,3,342,3,342
471787,Playing,827392,2345,0,0,0,0,1,6564,0,342,0,342
472037,Playing,828416,2348,0,0,0,0,1,6567,1,342,1,342
472287,Playing,848896,2406,0,0,0,0,1,6571,0,342,0,342
472537,Playing,841728,2385,0,0,0,0,1,6574,93,342,93,342
472786,Playing,806912,2287,0,0,0,0,1,6576,2,342,2,342
473034,Playing,835584,2368,0,0,0,0,1,6580,1,342,1,342
473282,Playing,856064,2426,0,0,0,0,1,6584,0,342,0,342
473533,Playing,848896,2406,0,0,0,0,1,6587,0,342,0,342
473781,Playing,859136,2435,0,0,0,0,1,6591,0,342,0,342
474032,Playing,805888,2284,0,0,0,0,1,6595,0,342,0,342
474280,Playing,798720,2263,0,0,0,0,1,6598,0,342,0,342
474531,Playing,819200,2321,0,0,0,0,1,6602,0,342,0,342
474779,Playing,847872,2403,0,0,0,0,1,6606,0,342,0,342
475030,Playing,840704,2382,0,0,0,0,1,6609,13,342,13,342
475280,Playing,833536,2362,0,0,0,0,1,6612,93,342,93,342
475528,Playing,826368,2342,0,0,0,0,1,6615,0,342,0,342
475779,Playing,827392,2345,0,0,0,0,1,6618,2,342,2,342
476028,Playing,820224,2324,0,0,0,0,1,6621,94,342,94,342
476277,Playing,813056,2304,0,0,0,0,1,6624,0,342,0,342
476526,Playing,805888,2284,0,0,0,0,1,6627,95,342,95,342
476773,Playing,797696,2261,0,0,0,0,1,6633,1,342,1,342
477024,Playing,818176,2319,0,0,0,0,1,6637,6,342,6,342
477274,Playing,755712,2142,0,0,0,0,1,6638,177,342,177,342
477525,Playing,784384,2223,0,0,0,0,1,6642,0,342,0,342
477775,Playing,804864,2281,0,0,0,0,1,6646,0,342,0,342
478028,Playing,797696,2261,0,0,0,0,1,6649,96,342,96,342
478279,Playing,818176,2319,0,0,0,0,1,6653,1,342,1,342
478527,Playing,755712,2142,0,0,0,0,1,6654,174,342,174,342
478781,Playing,776192,2200,0,0,0,0,1,6658,173,342,173,342
479030,Playing,804864,2281,0,0,0,0,1,6662,0,342,0,342
479279,Playing,825344,2339,0,0,0,0,1,6666,0,342,0,342
479528,Playing,744448,2110,0,0,0,0,1,6669,0,342,12,342
479775,Playing,754688,2139,0,0,0,0,1,6673,0,342,0,342
480026,Playing,747520,2118,0,0,0,0,1,6676,0,342,0,342
480276,Playing,768000,2176,0,0,0,0,1,6680,93,342,93,342
480526,Playing,733184,2078,0,0,0,0,1,6682,0,342,0,342
480775,Playing,761856,2159,0,0,0,0,1,6686,0,342,0,342
481026,Playing,782336,2217,0,0,0,0,1,6690,0,342,0,342
481274,Playing,747520,2118,0,0,0,0,1,6692,95,342,95,342
481522,Playing,748544,2121,0,0,0,0,1,6695,0,342,0,342
481772,Playing,741376,2101,0,0,0,0,1,6698,0,342,0,342
482024,Playing,761856,2159,0,0,0,0,1,6702,0,342,0,342
482274,Playing,727040,2060,0,0,0,0,1,6707,0,342,15,342
482522,Playing,728064,2063,0,0,0,0,1,6710,0,342,0,342
482773,Playing,693248,1964,0,0,0,0,1,6712,177,342,177,342
483021,Playing,741376,2101,0,0,0,0,1,6717,0,342,0,342
483272,Playing,734208,2081,0,0,0,0,1,6720,0,342,0,342
483524,Playing,707584,2005,0,0,0,0,1,6722,0,342,0,342
483776,Playing,728064,2063,0,0,0,0,1,6726,0,342,0,342
484027,Playing,748544,2121,0,0,0,0,1,6730,0,342,0,342
484280,Playing,713728,2023,0,0,0,0,1,6732,98,342,98,342
484531,Playing,734208,2081,0,0,0,0,1,6736,97,342,97,342
484782,Playing,699392,1982,0,0,0,0,1,6738,0,342,0,342
485031,Playing,728064,2063,0,0,0,0,1,6742,94,342,94,342
485279,Playing,693248,1964,0,0,0,0,1,6747,94,342,94,342
485529,Playing,741376,2101,0,0,0,0,1,6752,0,342,0,342
485781,Playing,678912,1924,0,0,0,0,1,6753,173,342,173,342
486031,Playing,707584,2005,0,0,0,0,1,6757,0,342,0,342
486280,Playing,700416,1985,0,0,0,0,1,6760,3,342,3,342
486528,Playing,720896,2043,0,0,0,0,1,6764,0,342,0,342
486778,Playing,694272,1967,0,0,0,0,1,6766,0,342,0,342
487030,Playing,687104,1947,0,0,0,0,1,6769,1,342,1,342
487278,Playing,707584,2005,0,0,0,0,1,6773,91,342,92,342
487527,Playing,728064,2063,0,0,0,0,1,6777,0,342,0,342
487777,Playing,673792,1909,0,0,0,0,1,6778,175,342,175,342
488025,Playing,638976,1811,0,0,0,0,1,6783,0,342,13,342
488275,Playing,687104,1947,0,0,0,0,1,6788,0,342,0,342
488524,Playing,679936,1927,0,0,0,0,1,6791,93,342,93,342
488774,Playing,680960,1930,0,0,0,0,1,6794,2,342,2,342
489022,Playing,646144,1831,0,0,0,0,1,6796,178,342,178,342
489272,Playing,666624,1889,0,0,0,0,1,6800,93,342,93,342
489524,Playing,687104,1947,0,0,0,0,1,6804,0,342,0,342
489773,Playing,715776,2028,0,0,0,0,1,6808,0,342,0,342
490022,Playing,653312,1851,0,0,0,0,1,6809,173,342,173,342
490272,Playing,673792,1909,0,0,0,0,1,6813,0,342,0,342
490520,Playing,674816,1912,0,0,0,0,1,6816,94,342,94,342
490772,Playing,667648,1892,0,0,0,0,1,6822,95,342,95,342
491018,Playing,632832,1793,0,0,0,0,1,6824,0,342,0,342
491270,Playing,625664,1773,0,0,0,0,1,6827,0,342,0,342
491519,Playing,654336,1854,0,0,0,0,1,6831,95,342,95,342
491769,Playing,674816,1912,0,0,0,0,1,6835,0,342,0,342
492021,Playing,612352,1735,0,0,0,0,1,6836,174,342,174,342
492271,Playing,632832,1793,0,0,0,0,1,6840,0,342,0,342
492523,Playing,653312,1851,0,0,0,0,1,6844,1,342,1,342
492773,Playing,654336,1854,0,0,0,0,1,6847,96,342,96,342
493024,Playing,619520,1756,0,0,0,0,1,6849,0,342,0,342
493273,Playing,640000,1814,0,0,0,0,1,6853,0,342,0,342
493522,Playing,623616,1767,0,0,0,0,1,6858,0,342,13,342
493771,Playing,661504,1875,0,0,0,0,1,6863,0,342,0,342
494022,Playing,599040,1697,0,0,0,0,1,6864,178,342,178,342
494271,Playing,619520,1756,0,0,0,0,1,6868,0,342,0,342
494521,Playing,612352,1735,0,0,0,0,1,6871,94,342,95,342
494771,Playing,641024,1816,0,0,0,0,1,6875,0,342,0,342
495022,Playing,606208,1718,0,0,0,0,1,6877,0,342,0,342
495269,Playing,599040,1697,0,0,0,0,1,6880,91,342,91,342
495518,Playing,627712,1779,0,0,0,0,1,6884,0,342,0,342
495768,Playing,648192,1837,0,0,0,0,1,6888,0,342,0,342
496020,Playing,641024,1816,0,0,0,0,1,6891,0,342,0,342
496270,Playing,578560,1639,0,0,0,0,1,6892,178,342,178,342
496518,Playing,607232,1721,0,0,0,0,1,6899,0,342,0,342
496768,Playing,600064,1700,0,0,0,0,1,6902,0,342,0,342
497016,Playing,592896,1680,0,0,0,0,1,6905,94,342,94,342
497265,Playing,585728,1660,0,0,0,0,1,6908,0,342,0,342
497512,Playing,586752,1663,0,0,0,0,1,6911,176,342,176,342
497765,Playing,579584,1642,0,0,0,0,1,6914,174,342,175,342
498014,Playing,627712,1779,0,0,0,0,1,6919,0,342,0,342
498264,Playing,565248,1602,0,0,0,0,1,6920,176,342,176,342
498512,Playing,593920,1683,0,0,0,0,1,6924,0,342,0,342
498761,Playing,614400,1741,0,0,0,0,1,6928,0,342,0,342
499013,Playing,607232,1721,0,0,0,0,1,6931,0,342,0,342
499263,Playing,535552,1518,0,0,0,0,1,6935,0,342,0,342
499510,Playing,536576,1520,0,0,0,0,1,6938,173,342,173,342
499758,Playing,557056,1578,0,0,0,0,1,6942,177,342,177,342
500007,Playing,577536,1637,0,0,0,0,1,6946,0,342,0,342
500258,Playing,515072,1459,0,0,0,0,1,6947,176,342,176,342
500507,Playing,543744,1541,0,0,0,0,1,6951,175,342,175,342
500757,Playing,536576,1520,0,0,0,0,1,6954,174,342,175,342
501009,Playing,584704,1657,0,0,0,0,1,6959,0,342,0,342
501259,Playing,522240,1480,0,0,0,0,1,6960,176,342,176,342
501506,Playing,550912,1561,0,0,0,0,1,6964,2,342,2,342
501756,Playing,543744,1541,0,0,0,0,1,6967,95,342,95,342
502007,Playing,527360,1494,0,0,0,0,1,6973,0,342,0,342
502258,Playing,492544,1396,0,0,0,0,1,6975,0,342,0,342
502509,Playing,521216,1477,0,0,0,0,1,6979,0,342,0,342
502760,Playing,514048,1457,0,0,0,0,1,6982,176,342,176,342
503007,Playing,534528,1515,0,0,0,0,1,6986,0,342,0,342
503257,Playing,472064,1338,0,0,0,0,1,6987,97,342,97,342
503506,Playing,500736,1419,0,0,0,0,1,6991,0,342,0,342
503756,Playing,521216,1477,0,0,0,0,1,6995,0,342,0,342
504009,Playing,514048,1457,0,0,0,0,1,6998,0,342,0,342
504263,Playing,534528,1515,0,0,0,0,1,7002,97,342,97,342
504513,Playing,499712,1416,0,0,0,0,1,7004,0,342,0,342
504764,Playing,500736,1419,0,0,0,0,1,7007,176,342,176,342
505016,Playing,512000,1451,0,0,0,0,1,7014,0,342,0,342
505265,Playing,504832,1430,0,0,0,0,1,7017,0,342,0,342
505514,Playing,497664,1410,0,0,0,0,1,7020,92,342,92,342
505763,Playing,498688,1413,0,0,0,0,1,7023,0,342,0,342
506013,Playing,491520,1393,0,0,0,0,1,7026,0,342,0,342
506261,Playing,484352,1372,0,0,0,0,1,7029,96,342,96,342
506511,Playing,449536,1274,0,0,0,0,1,7031,0,342,0,342
506759,Playing,478208,1355,0,0,0,0,1,7035,95,342,95,342
507009,Playing,471040,1335,0,0,0,0,1,7038,95,342,95,342
507258,Playing,491520,1393,0,0,0,0,1,7042,0,342,0,342
507506,Playing,437248,1239,0,0,0,0,1,7043,167,342,167,342
507756,Playing,457728,1297,0,0,0,0,1,7050,0,342,0,342
508007,Playing,450560,1277,0,0,0,0,1,7053,0,342,0,342
508256,Playing,471040,1335,0,0,0,0,1,7057,0,342,0,342
508506,Playing,491520,1393,0,0,0,0,1,7061,0,342,0,342
508758,Playing,437248,1239,0,0,0,0,1,7062,176,342,176,342
509006,Playing,430080,1219,0,0,0,0,1,7065,176,342,176,342
509257,Playing,478208,1355,0,0,0,0,1,7070,0,342,0,342
509507,Playing,471040,1335,0,0,0,0,1,7073,0,342,0,342
509757,Playing,444416,1259,0,0,0,0,1,7075,0,342,0,342
510007,Playing,437248,1239,0,0,0,0,1,7078,0,342,0,342
510256,Playing,457728,1297,0,0,0,0,1,7082,0,342,0,342
510505,Playing,450560,1277,0,0,0,0,1,7088,95,342,95,342
510755,Playing,423936,1201,0,0,0,0,1,7090,0,342,1,342
511003,Playing,416768,1181,0,0,0,0,1,7093,0,342,0,342
511254,Playing,437248,1239,0,0,0,0,1,7097,0,342,0,342
511505,Playing,430080,1219,0,0,0,0,1,7100,0,342,0,342
511754,Playing,403456,1143,0,0,0,0,1,7102,0,342,0,342
512000,Playing,423936,1201,0,0,0,0,1,7106,0,342,0,342
512251,Playing,444416,1259,0,0,0,0,1,7110,0,342,0,342
512502,Playing,437248,1239,0,0,0,0,1,7113,94,342,95,342
512751,Playing,410624,1163,0,0,0,0,1,7115,0,342,0,342
513061,Playing,434176,1230,0,0,0,0,1,7120,14,342,15,342
513250,Playing,396288,1123,0,0,0,0,1,7124,0,342,13,342
513560,Playing,400384,1134,0,0,0,0,1,7128,0,342,0,342
513810,Playing,420864,1192,0,0,0,0,1,7132,0,342,0,342
514060,Playing,386048,1094,0,0,0,0,1,7134,94,342,94,342
514307,Playing,387072,1097,0,0,0,0,1,7137,0,342,0,342
514557,Playing,379904,1076,0,0,0,0,1,7140,174,342,174,342
514807,Playing,400384,1134,0,0,0,0,1,7144,0,342,0,342
515056,Playing,393216,1114,0,0,0,0,1,7147,173,342,173,342
515306,Playing,366592,1039,0,0,0,0,1,7149,0,342,0,342
515556,Playing,387072,1097,0,0,0,0,1,7153,175,342,175,342
515808,Playing,407552,1155,0,0,0,0,1,7157,0,342,0,342
516057,Playing,363520,1030,0,0,0,0,1,7161,0,342,12,342
516307,Playing,346112,981,0,0,0,0,1,7164,14,342,14,342
516554,Playing,366592,1039,0,0,0,0,1,7168,15,342,15,342
516804,Playing,359424,1018,0,0,0,0,1,7171,0,342,0,342
517053,Playing,360448,1021,0,0,0,0,1,7174,0,342,0,342
517304,Playing,325632,922,0,0,0,0,1,7176,94,342,94,342
517553,Playing,373760,1059,0,0,0,0,1,7181,0,342,0,342
517801,Playing,366592,1039,0,0,0,0,1,7184,0,342,0,342
518049,Playing,395264,1120,0,0,0,0,1,7188,0,342,0,342
518300,Playing,332800,943,0,0,0,0,1,7189,175,342,175,342
518549,Playing,353280,1001,0,0,0,0,1,7193,0,342,0,342
518797,Playing,354304,1004,0,0,0,0,1,7196,96,342,96,342
519047,Playing,347136,983,0,0,0,0,1,7202,96,342,96,342
519298,Playing,312320,885,0,0,0,0,1,7204,0,342,0,342
519547,Playing,305152,864,0,0,0,0,1,7207,1,342,1,342
519795,Playing,333824,946,0,0,0,0,1,7211,175,342,175,342
520045,Playing,299008,847,0,0,0,0,1,7213,0,342,0,342
520295,Playing,319488,905,0,0,0,0,1,7217,96,342,96,342
520546,Playing,339968,963,0,0,0,0,1,7221,0,342,0,342
520795,Playing,340992,966,0,0,0,0,1,7224,15,342,15,342
521048,Playing,306176,867,0,0,0,0,1,7226,0,342,0,342
521298,Playing,326656,925,0,0,0,0,1,7230,0,342,0,342
521548,Playing,319488,905,0,0,0,0,1,7233,0,342,0,342
521795,Playing,284672,806,0,0,0,0,1,7238,95,342,95,342
522046,Playing,340992,966,0,0,0,0,1,7243,0,342,0,342
522294,Playing,333824,946,0,0,0,0,1,7246,0,342,0,342
522540,Playing,326656,925,0,0,0,0,1,7249,93,342,93,342
522789,Playing,300032,850,0,0,0,0,1,7251,176,342,176,342
523042,Playing,320512,908,0,0,0,0,1,7255,0,342,0,342
523289,Playing,313344,888,0,0,0,0,1,7258,94,342,94,342
523538,Playing,333824,946,0,0,0,0,1,7262,0,342,0,342
523788,Playing,307200,870,0,0,0,0,1,7264,0,342,0,342
524040,Playing,327680,928,0,0,0,0,1,7268,0,342,0,342
524288,Playing,348160,986,0,0,0,0,1,7272,0,342,0,342
524538,Playing,267264,757,0,0,0,0,1,7275,0,342,14,342
524786,Playing,277504,786,0,0,0,0,1,7279,0,342,0,342
525035,Playing,270336,766,0,0,0,0,1,7282,0,342,0,342
525282,Playing,290816,824,0,0,0,0,1,7286,0,342,0,342
525530,Playing,264192,748,0,0,0,0,1,7288,0,342,0,342
525779,Playing,257024,728,0,0,0,0,1,7291,173,342,173,342
526030,Playing,277504,786,0,0,0,0,1,7295,172,342,172,342
526278,Playing,297984,844,0,0,0,0,1,7299,0,342,0,342
526529,Playing,299008,847,0,0,0,0,1,7302,1,342,1,342
526778,Playing,264192,748,0,0,0,0,1,7304,0,342,0,342
527030,Playing,284672,806,0,0,0,0,1,7308,0,342,0,342
527277,Playing,259072,734,0,0,0,0,1,7313,0,342,14,342
527526,Playing,214016,606,0,0,0,0,1,7315,14,342,14,342
527777,Playing,234496,664,0,0,0,0,1,7319,0,342,0,342
528026,Playing,227328,644,0,0,0,0,1,7322,174,342,174,342
528276,Playing,247808,702,0,0,0,0,1,7326,0,342,0,342
528523,Playing,193536,548,0,0,0,0,1,7327,97,342,97,342
528774,Playing,214016,606,0,0,0,0,1,7331,175,342,175,342
529024,Playing,234496,664,0,0,0,0,1,7335,0,342,0,342
529273,Playing,263168,745,0,0,0,0,1,7339,0,342,0,342
529522,Playing,228352,647,0,0,0,0,1,7341,0,342,0,342
529771,Playing,221184,626,0,0,0,0,1,7344,0,342,0,342
530017,Playing,222208,629,0,0,0,0,1,7347,176,342,176,342
530268,Playing,205824,583,0,0,0,0,1,7353,174,342,174,342
530514,Playing,171008,484,0,0,0,0,1,7355,0,342,0,342
530761,Playing,199680,565,0,0,0,0,1,7359,0,342,0,342
531012,Playing,192512,545,0,0,0,0,1,7362,93,342,93,342
531261,Playing,212992,603,0,0,0,0,1,7366,0,342,0,342
531511,Playing,150528,426,0,0,0,0,1,7367,93,342,93,342
531760,Playing,206848,586,0,0,0,0,1,7372,15,342,15,342
532012,Playing,199680,565,0,0,0,0,1,7375,0,342,0,342
532260,Playing,192512,545,0,0,0,0,1,7378,90,342,90,342
532508,Playing,185344,525,0,0,0,0,1,7381,0,342,0,342
532758,Playing,186368,528,0,0,0,0,1,7384,0,342,0,342
533008,Playing,151552,429,0,0,0,0,1,7389,0,342,14,342
533257,Playing,172032,487,0,0,0,0,1,7393,0,342,0,342
533505,Playing,137216,388,0,0,0,0,1,7395,0,342,0,342
533753,Playing,165888,470,0,0,0,0,1,7399,0,342,0,342
534004,Playing,186368,528,0,0,0,0,1,7403,0,342,0,342
534254,Playing,179200,507,0,0,0,0,1,7406,0,342,0,342
534502,Playing,172032,487,0,0,0,0,1,7409,174,342,174,342
534752,Playing,145408,412,0,0,0,0,1,7411,0,342,0,342
535003,Playing,165888,470,0,0,0,0,1,7415,89,342,89,342
535251,Playing,186368,528,0,0,0,0,1,7419,0,342,0,342
535501,Playing,179200,507,0,0,0,0,1,7422,0,342,0,342
535811,Playing,155648,441,0,0,0,0,1,7428,0,342,0,342
536060,Playing,148480,420,0,0,0,0,1,7431,176,342,176,342
536311,Playing,121856,345,0,0,0,0,1,7433,0,342,0,342
536557,Playing,114688,325,0,0,0,0,1,7436,175,342,175,342
536808,Playing,135168,383,0,0,0,0,1,7440,175,342,175,342
537058,Playing,163840,464,0,0,0,0,1,7444,0,342,0,342
537306,Playing,129024,365,0,0,0,0,1,7446,13,342,13,342
537554,Playing,121856,345,0,0,0,0,1,7449,94,342,94,342
537801,Playing,150528,426,0,0,0,0,1,7453,0,342,0,342
538051,Playing,143360,406,0,0,0,0,1,7456,174,342,174,342
538299,Playing,136192,386,0,0,0,0,1,7459,0,342,0,342
538550,Playing,129024,365,0,0,0,0,1,7462,1,342,1,342
538803,Playing,94208,267,0,0,0,0,1,7467,96,342,96,342
539055,Playing,150528,426,0,0,0,0,1,7472,0,342,0,342
539308,Playing,143360,406,0,0,0,0,1,7475,2,342,2,342
539557,Playing,108544,307,0,0,0,0,1,7477,0,342,0,342
539806,Playing,101376,287,0,0,0,0,1,7480,175,342,175,342
540055,Playing,130048,368,0,0,0,0,1,7484,0,342,0,342
540305,Playing,122880,348,0,0,0,0,1,7487,176,342,176,342
540554,Playing,115712,327,0,0,0,0,1,7490,0,342,0,342
540805,Playing,80896,229,0,0,0,0,1,7492,175,342,176,342
541056,Playing,129024,365,0,0,0,0,1,7497,0,342,0,342
541305,Playing,120832,342,0,0,0,0,1,7502,0,342,11,342
541554,Playing,67584,191,0,0,0,0,1,7504,0,342,0,342
541804,Playing,60416,171,0,0,0,0,1,7507,95,342,95,342
542053,Playing,116736,330,0,0,0,0,1,7512,0,342,0,342
542302,Playing,81920,232,0,0,0,0,1,7514,176,342,176,342
542553,Playing,74752,211,0,0,0,0,1,7517,0,342,0,342
542801,Playing,67584,191,0,0,0,0,1,7520,96,342,96,342
543052,Playing,88064,249,0,0,0,0,1,7524,0,342,0,342
543301,Playing,89088,252,0,0,0,0,1,7527,175,342,175,342
543551,Playing,54272,153,0,0,0,0,1,7529,0,342,0,342
543800,Playing,74752,211,0,0,0,0,1,7533,92,342,92,342
544050,Playing,103424,293,0,0,0,0,1,7537,15,342,15,342
544298,Playing,68608,194,0,0,0,0,1,7542,0,342,0,342
544551,Playing,61440,174,0,0,0,0,1,7545,0,342,0,342
544800,Playing,54272,153,0,0,0,0,1,7548,0,342,0,342
545050,Playing,47104,133,0,0,0,0,1,7551,0,342,0,342
545304,Playing,75776,214,0,0,0,0,1,7555,173,342,173,342
545554,Playing,13312,37,0,0,0,0,1,7556,95,342,95,342
545803,Playing,61440,174,0,0,0,0,1,7561,0,342,0,342
546051,Playing,54272,153,0,0,0,0,1,7564,0,342,0,342
546301,Playing,82944,235,0,0,0,0,1,7568,0,342,0,342
546552,Playing,20480,58,0,0,0,0,1,7569,94,342,94,342
546802,Playing,68608,194,0,0,0,0,1,7574,0,342,0,342
547051,Playing,24576,69,0,0,0,0,1,7578,0,342,13,342
547302,Playing,34816,98,0,0,0,0,1,7582,175,342,175,342
547554,Playing,55296,156,0,0,0,0,1,7586,0,342,0,342
547806,Playing,20480,58,0,0,0,0,1,7588,0,342,0,342
548056,Playing,40960,116,0,0,0,0,1,7592,14,342,14,342
548302,Playing,69632,197,0,0,0,0,1,7596,13,342,13,342
548554,Buffering,55296,156,1,0,0,0,1,7598,0,342,0,342
548804,Buffering,138240,391,1,0,0,0,1,7601,0,342,0,342
549055,Buffering,221184,626,1,0,0,0,1,7604,94,342,94,342
549303,Buffering,304128,862,1,0,0,0,1,7607,95,342,95,342
549551,Buffering,349184,989,1,1,0,0,1,7611,0,342,0,342
549802,Buffering,314368,891,1,1,0,0,1,7613,0,342,0,342
550053,Buffering,297984,844,1,1,0,0,1,7619,1,342,1,342
550304,Buffering,318464,902,1,1,0,0,1,7623,0,342,0,342
550554,Buffering,319488,905,1,1,0,0,1,7626,15,342,15,342
550801,Buffering,339968,963,1,1,0,0,1,7630,11,342,11,342
551049,Buffering,332800,943,1,1,0,0,1,7633,93,342,93,342
551295,Buffering,306176,867,1,1,0,0,1,7635,0,342,0,342
551544,Buffering,299008,847,1,1,0,0,1,7638,176,342,176,342
551790,Buffering,347136,983,1,1,0,0,1,7643,0,342,0,342
552040,Buffering,265216,751,1,1,0,0,1,7643,0,342,0,342
552288,Buffering,313344,888,1,1,0,0,1,7648,0,342,0,342
552538,Buffering,306176,867,1,1,0,0,1,7651,0,342,0,342
552786,Buffering,289792,821,1,1,0,0,1,7657,1,342,1,342
553037,Buffering,290816,824,1,1,0,0,1,7660,0,342,0,342
553286,Buffering,256000,725,1,1,0,0,1,7662,0,342,0,342
553532,Buffering,248832,705,1,1,0,0,1,7665,97,342,97,342
553781,Buffering,305152,864,1,1,0,0,1,7670,0,342,0,342
554031,Buffering,297984,844,1,1,0,0,1,7673,0,342,0,342
554279,Buffering,263168,745,1,1,0,0,1,7675,0,342,0,342
554528,Buffering,256000,725,1,1,0,0,1,7678,94,342,94,342
554777,Buffering,284672,806,1,1,0,0,1,7682,2,342,2,342
555026,Buffering,305152,864,1,1,0,0,1,7686,0,342,0,342
555277,Buffering,297984,844,1,1,0,0,1,7689,95,342,95,342
555526,Buffering,226304,641,1,1,0,0,1,7693,0,342,0,342
555777,Buffering,227328,644,1,1,0,0,1,7696,176,342,176,342
556025,Buffering,247808,702,1,1,0,0,1,7700,175,342,175,342
556276,Buffering,212992,603,1,1,0,0,1,7702,1,342,1,342
556525,Buffering,233472,661,1,1,0,0,1,7706,0,342,0,342
556775,Buffering,262144,743,1,1,0,0,1,7710,0,342,0,342
557024,Buffering,254976,722,1,1,0,0,1,7713,0,342,0,342
557272,Buffering,220160,624,1,1,0,0,1,7715,2,342,2,342
557522,Buffering,248832,705,1,1,0,0,1,7719,0,342,0,342
557770,Buffering,241664,684,1,1,0,0,1,7722,0,342,0,342
558020,Buffering,262144,743,1,1,0,0,1,7726,0,342,0,342
558271,Buffering,199680,565,1,1,0,0,1,7728,95,342,95,342
558519,Buffering,200704,568,1,1,0,0,1,7733,0,342,0,342
558768,Buffering,193536,548,1,1,0,0,1,7736,174,342,174,342
559017,Buffering,241664,684,1,1,0,0,1,7741,0,342,0,342
559269,Buffering,179200,507,1,1,0,0,1,7742,92,342,93,342
559515,Buffering,207872,589,1,1,0,0,1,7746,0,342,0,342
559767,Buffering,200704,568,1,1,0,0,1,7749,177,342,177,342
560016,Buffering,221184,626,1,1,0,0,1,7753,0,342,0,342
560267,Buffering,186368,528,1,1,0,0,1,7755,16,342,16,342
560516,Buffering,187392,531,1,1,0,0,1,7758,93,342,93,342
560766,Buffering,207872,589,1,1,0,0,1,7762,173,342,173,342
561015,Buffering,200704,568,1,1,0,0,1,7768,0,342,16,342
561263,Buffering,138240,391,1,1,0,0,1,7769,97,342,97,342
561514,Buffering,166912,473,1,1,0,0,1,7773,0,342,0,342
561763,Buffering,159744,452,1,1,0,0,1,7776,97,342,97,342
562013,Buffering,180224,510,1,1,0,0,1,7780,173,342,173,342
562264,Buffering,145408,412,1,1,0,0,1,7782,1,342,1,342
562513,Buffering,174080,493,1,1,0,0,1,7786,0,342,0,342
562760,Buffering,166912,473,1,1,0,0,1,7789,173,342,173,342
563010,Buffering,187392,531,1,1,0,0,1,7793,0,342,0,342
563258,Buffering,180224,510,1,1,0,0,1,7796,172,342,172,342
563506,Buffering,153600,435,1,1,0,0,1,7798,0,342,0,342
563759,Buffering,174080,493,1,1,0,0,1,7802,15,342,15,342
564006,Buffering,166912,473,1,1,0,0,1,7808,0,342,0,342
564255,Buffering,140288,397,1,1,0,0,1,7810,0,342,0,342
564505,Buffering,133120,377,1,1,0,0,1,7813,0,342,0,342
564754,Buffering,125952,357,1,1,0,0,1,7816,96,342,96,342
565005,Buffering,146432,415,1,1,0,0,1,7820,94,342,94,342
565251,Buffering,175104,496,1,1,0,0,1,7824,0,342,0,342
565503,Buffering,112640,319,1,1,0,0,1,7825,175,342,175,342
565751,Buffering,133120,377,1,1,0,0,1,7829,91,342,91,342
566000,Buffering,153600,435,1,1,0,0,1,7833,0,342,0,342
566313,Buffering,130048,368,1,1,0,0,1,7836,1,342,1,342
566500,Buffering,147456,417,1,1,0,0,1,7839,0,342,0,342
566751,Buffering,112640,319,1,1,0,0,1,7844,0,342,0,342
567059,Buffering,89088,252,1,1,0,0,1,7847,0,342,0,342
567308,Buffering,109568,310,1,1,0,0,1,7851,94,342,94,342
567559,Buffering,130048,368,1,1,0,0,1,7855,0,342,0,342
567807,Buffering,131072,371,1,1,0,0,1,7858,0,342,0,342
568057,Buffering,96256,272,1,1,0,0,1,7860,0,342,0,342
568308,Buffering,116736,330,1,1,0,0,1,7864,0,342,0,342
568555,Buffering,109568,310,1,1,0,0,1,7867,0,342,0,342
568792,Buffering,138240,391,1,1,0,0,1,7871,173,342,173,342
569039,Buffering,75776,214,1,1,0,0,1,7872,94,342,94,342
569288,Buffering,104448,296,1,1,0,0,1,7876,95,342,96,342
569538,Buffering,97280,275,1,1,0,0,1,7882,0,342,0,342
569789,Buffering,117760,333,1,1,0,0,1,7886,0,342,0,342
570037,Buffering,82944,235,1,1,0,0,1,7888,0,342,0,342
570286,Buffering,111616,316,1,1,0,0,1,7892,0,342,0,342
570537,Buffering,76800,217,1,1,0,0,1,7894,95,342,95,342
570784,Buffering,97280,275,1,1,0,0,1,7898,96,342,96,342
571037,Buffering,62464,177,1,1,0,0,1,7900,0,342,0,342
571289,Buffering,91136,258,1,1,0,0,1,7904,0,342,0,342
571542,Buffering,83968,238,1,1,0,0,1,7907,95,342,95,342
571791,Buffering,104448,296,1,1,0,0,1,7911,0,342,0,342
572040,Buffering,97280,275,1,1,0,0,1,7914,0,342,0,342
572288,Buffering,80896,229,1,1,0,0,1,7919,0,342,13,342
572540,Buffering,35840,101,1,1,0,0,1,7921,96,342,96,342
572788,Buffering,56320,159,1,1,0,0,1,7925,0,342,0,342
573037,Buffering,49152,139,1,1,0,0,1,7928,0,342,0,342
573288,Buffering,41984,119,1,1,0,0,1,7931,0,342,0,342
573536,Buffering,70656,200,1,1,0,0,1,7935,0,342,0,342
573787,Buffering,63488,179,1,1,0,0,1,7938,0,342,0,342
574036,Buffering,83968,238,1,1,0,0,1,7942,14,342,14,342
574285,Buffering,76800,217,1,1,0,0,1,7945,94,342,94,342
574537,Buffering,50176,142,1,1,0,0,1,7947,0,342,0,342
574790,Buffering,70656,200,1,1,0,0,1,7951,0,342,0,342
575041,Buffering,63488,179,1,1,0,0,1,7954,90,342,90,342
575292,Buffering,47104,133,1,1,0,0,1,7960,0,342,0,342
575546,Buffering,0,0,1,1,0,0,1,7961,175,342,175,342
575797,Playing,97280,275,1,2,0,0,1,7966,0,342,0,342
576047,Playing,98304,278,1,2,0,0,1,7969,0,342,0,342
576294,Playing,118784,336,1,2,0,0,1,7973,0,342,0,342
576541,Playing,111616,316,1,2,0,0,1,7976,1,342,1,342
576790,Playing,84992,240,1,2,0,0,1,7978,0,342,0,342
577040,Playing,77824,220,1,2,0,0,1,7981,90,342,90,342
577289,Playing,98304,278,1,2,0,0,1,7985,95,342,95,342
577538,Playing,118784,336,1,2,0,0,1,7989,0,342,0,342
577790,Playing,64512,182,1,2,0,0,1,7990,174,342,174,342
578037,Playing,75776,214,1,2,0,0,1,7997,0,342,0,342
578286,Playing,68608,194,1,2,0,0,1,8000,0,342,0,342
578533,Playing,69632,197,1,2,0,0,1,8003,94,342,94,342
578785,Playing,62464,177,1,2,0,0,1,8006,0,342,0,342
579034,Playing,55296,156,1,2,0,0,1,8009,0,342,0,342
579285,Playing,48128,136,1,2,0,0,1,8012,95,342,95,342
579533,Playing,96256,272,1,2,0,0,1,8017,0,342,0,342
579781,Playing,97280,275,1,2,0,0,1,8020,14,342,14,342
580031,Playing,62464,177,1,2,0,0,1,8022,0,342,0,342
580282,Playing,82944,235,1,2,0,0,1,8026,0,342,0,342
580534,Playing,75776,214,1,2,0,0,1,8029,0,342,0,342
580782,Playing,30720,87,1,2,0,0,1,8031,95,342,95,342
581030,Buffering,82944,235,2,2,0,0,1,8037,3,342,3,342
581279,Buffering,165888,470,2,2,0,0,1,8040,0,342,0,342
581528,Buffering,276480,783,2,2,0,0,1,8044,0,342,0,342
581778,Buffering,359424,1018,2,3,0,0,1,8047,1,342,2,342
582027,Buffering,324608,920,2,3,0,0,1,8049,0,342,0,342
582276,Buffering,317440,899,2,3,0,0,1,8052,176,342,176,342
582524,Buffering,373760,1059,2,3,0,0,1,8057,0,342,0,342
582774,Buffering,366592,1039,2,3,0,0,1,8060,0,342,0,342
583023,Buffering,331776,940,2,3,0,0,1,8062,0,342,0,342
583272,Buffering,324608,920,2,3,0,0,1,8065,175,342,175,342
583521,Buffering,325632,922,2,3,0,0,1,8071,0,342,9,342
583771,Buffering,290816,824,2,3,0,0,1,8073,0,342,0,342
584020,Buffering,283648,803,2,3,0,0,1,8076,1,342,1,342
584273,Buffering,276480,783,2,3,0,0,1,8079,0,342,0,342
584525,Buffering,332800,943,2,3,0,0,1,8084,0,342,0,342
584775,Buffering,325632,922,2,3,0,0,1,8087,0,342,0,342
585024,Buffering,318464,902,2,3,0,0,1,8090,94,342,94,342
585275,Buffering,311296,882,2,3,0,0,1,8093,0,342,0,342
585526,Buffering,304128,862,2,3,0,0,1,8096,96,342,96,342
585776,Buffering,305152,864,2,3,0,0,1,8099,0,342,0,342
586024,Buffering,297984,844,2,3,0,0,1,8102,0,342,0,342
586274,Buffering,290816,824,2,3,0,0,1,8105,95,342,95,342
586523,Buffering,283648,803,2,3,0,0,1,8111,0,342,0,342
586772,Buffering,284672,806,2,3,0,0,1,8114,94,342,94,342
587021,Buffering,277504,786,2,3,0,0,1,8117,0,342,0,342
587266,Buffering,306176,867,2,3,0,0,1,8121,0,342,0,342
587514,Buffering,299008,847,2,3,0,0,1,8124,0,342,0,342
587765,Buffering,291840,827,2,3,0,0,1,8127,93,342,93,342
588013,Buffering,257024,728,2,3,0,0,1,8129,0,342,0,342
588262,Buffering,258048,731,2,3,0,0,1,8132,96,342,96,342
588512,Buffering,278528,789,2,3,0,0,1,8136,94,342,94,342
588762,Buffering,243712,690,2,3,0,0,1,8138,0,342,0,342
589012,Buffering,264192,748,2,3,0,0,1,8142,0,342,0,342
589260,Buffering,265216,751,2,3,0,0,1,8148,0,342,0,342
589511,Buffering,258048,731,2,3,0,0,1,8151,0,342,0,342
589760,Buffering,278528,789,2,3,0,0,1,8155,15,342,15,342
590013,Buffering,271360,769,2,3,0,0,1,8158,0,342,0,342
590261,Buffering,244736,693,2,3,0,0,1,8160,0,342,0,342
590511,Buffering,265216,751,2,3,0,0,1,8164,0,342,0,342
590763,Buffering,285696,809,2,3,0,0,1,8168,0,342,0,342
591010,Buffering,195584,554,2,3,0,0,1,8168,0,342,0,342
591257,Buffering,251904,714,2,3,0,0,1,8173,0,342,0,342
591508,Buffering,272384,772,2,3,0,0,1,8177,0,342,0,342
591758,Buffering,265216,751,2,3,0,0,1,8180,0,342,0,342
592008,Buffering,202752,574,2,3,0,0,1,8181,173,342,173,342
592258,Buffering,231424,655,2,3,0,0,1,8188,0,342,0,342
592508,Buffering,224256,635,2,3,0,0,1,8191,0,342,0,342
592758,Buffering,244736,693,2,3,0,0,1,8195,0,342,0,342
593007,Buffering,182272,516,2,3,0,0,1,8196,174,342,174,342
593258,Buffering,202752,574,2,3,0,0,1,8200,94,342,94,342
593508,Buffering,231424,655,2,3,0,0,1,8204,0,342,0,342
593756,Buffering,251904,714,2,3,0,0,1,8208,0,342,0,342
594006,Buffering,244736,693,2,3,0,0,1,8211,0,342,0,342
594256,Buffering,209920,595,2,3,0,0,1,8213,0,342,0,342
594506,Buffering,210944,597,2,3,0,0,1,8216,91,342,91,342
594758,Buffering,222208,629,2,3,0,0,1,8222,0,342,13,342
595006,Buffering,196608,557,2,3,0,0,1,8225,95,342,95,342
595256,Buffering,244736,693,2,3,0,0,1,8230,0,342,0,342
595507,Buffering,218112,618,2,3,0,0,1,8232,94,342,94,342
595757,Buffering,210944,597,2,3,0,0,1,8235,0,342,0,342
596007,Buffering,203776,577,2,3,0,0,1,8238,0,342,0,342
596256,Buffering,168960,478,2,3,0,0,1,8240,0,342,0,342
596507,Buffering,189440,536,2,3,0,0,1,8244,1,342,1,342
596756,Buffering,190464,539,2,3,0,0,1,8247,0,342,0,342
597005,Buffering,210944,597,2,3,0,0,1,8251,94,342,94,342
597254,Buffering,231424,655,2,3,0,0,1,8255,0,342,0,342
597506,Buffering,196608,557,2,3,0,0,1,8257,0,342,0,342
597755,Buffering,169984,481,2,3,0,0,1,8262,0,342,0,342
598006,Buffering,190464,539,2,3,0,0,1,8266,0,342,0,342
598252,Buffering,183296,519,2,3,0,0,1,8269,0,342,0,342
598501,Buffering,156672,444,2,3,0,0,1,8271,0,342,0,342
598751,Buffering,149504,423,2,3,0,0,1,8274,0,342,0,342
599000,Buffering,169984,481,2,3,0,0,1,8278,175,342,175,342
599312,Buffering,174080,493,2,3,0,0,1,8282,0,342,0,342
599561,Buffering,166912,473,2,3,0,0,1,8285,94,342,94,342
599811,Buffering,187392,531,2,3,0,0,1,8289,0,342,0,342
600000,Buffering,177152,502,2,3,0,0,1,8291,0,342,0,342
