t_ms,state,buffered_bytes,buffered_ms,underruns,resumes,play_failures,stream_rebuilds,sessions,chunk_reads,last_chunk_ms,max_chunk_ms,last_push_gap_ms,max_push_gap_ms
50,Off,0,0,0,0,0,0,1,0,0,0,0,0
252,Off,0,0,0,0,0,0,1,0,0,0,0,0
505,Off,0,0,0,0,0,0,1,0,0,0,0,0
758,Off,0,0,0,0,0,0,1,0,0,0,0,0
1012,Reconnecting,0,0,0,0,0,0,1,27,0,152,0,0
1264,Reconnecting,0,0,0,0,0,0,1,27,0,152,0,0
1516,Reconnecting,0,0,0,0,0,0,1,27,0,152,0,0
1768,Reconnecting,0,0,0,0,0,0,1,27,0,152,0,0
2021,Reconnecting,0,0,0,0,0,0,1,27,0,152,0,0
2274,Reconnecting,0,0,0,0,0,0,1,27,0,152,0,0
2526,Reconnecting,0,0,0,0,0,0,1,27,0,152,0,0
2779,Reconnecting,0,0,0,0,0,0,1,27,0,152,0,0
3034,Reconnecting,0,0,0,0,0,0,1,27,0,152,0,0
3284,Reconnecting,0,0,0,0,0,0,1,27,0,152,0,0
3536,Reconnecting,0,0,0,0,0,0,1,27,0,152,0,0
3786,Reconnecting,0,0,0,0,0,0,1,27,0,152,0,0
4033,Reconnecting,0,0,0,0,0,0,1,27,0,152,0,0
4286,Reconnecting,0,0,0,0,0,0,1,27,0,152,0,0
4538,Reconnecting,0,0,0,0,0,0,1,27,0,152,0,0
4788,Reconnecting,0,0,0,0,0,0,1,27,0,152,0,0
5039,Reconnecting,0,0,0,0,0,0,1,27,0,152,0,0
5286,Reconnecting,0,0,0,0,0,0,1,27,0,152,0,0
5534,Reconnecting,0,0,0,0,0,0,1,27,0,152,0,0
5786,Reconnecting,0,0,0,0,0,0,1,27,0,152,0,0
6035,Reconnecting,0,0,0,0,0,0,1,27,0,152,0,0
6284,Reconnecting,0,0,0,0,0,0,2,27,0,152,0,0
6533,Reconnecting,0,0,0,0,0,0,2,27,0,152,0,0
6783,Reconnecting,0,0,0,0,0,0,2,27,0,152,0,0
7034,Reconnecting,801792,2272,0,0,0,0,2,58,0,155,0,156
7284,Playing,1913856,5424,0,0,0,0,2,106,0,157,0,157
7532,Playing,5666816,16062,0,0,0,0,2,258,0,157,0,157
7780,Playing,5687296,16120,0,0,0,0,2,262,0,178,0,178
8029,Playing,5688320,16123,0,0,0,0,2,265,175,178,175,178
8278,Playing,5708800,16181,0,0,0,0,2,269,0,178,0,178
8529,Playing,5646336,16004,0,0,0,0,2,270,176,178,176,178
8779,Playing,5666816,16062,0,0,0,0,2,274,0,178,0,178
9029,Playing,5695488,16143,0,0,0,0,2,278,0,178,0,178
9278,Playing,5688320,16123,0,0,0,0,2,281,93,178,94,178
9530,Playing,5681152,16103,0,0,0,0,2,284,91,179,92,179
9778,Playing,5673984,16082,0,0,0,0,2,287,0,179,0,179
10028,Playing,5675008,16085,0,0,0,0,2,293,0,179,13,179
10276,Playing,5695488,16143,0,0,0,0,2,297,0,179,0,179
10524,Playing,5633024,15966,0,0,0,0,2,298,177,179,177,179
10775,Playing,5661696,16047,0,0,0,0,2,302,0,179,0,179
11023,Playing,5682176,16105,0,0,0,0,2,306,0,179,0,179
11270,Playing,5675008,16085,0,0,0,0,2,309,0,255,0,256
11520,Playing,5648384,16010,0,0,0,0,2,311,0,255,0,256
11769,Playing,5641216,15989,0,0,0,0,2,314,175,255,175,256
12019,Playing,5634048,15969,0,0,0,0,2,317,176,255,176,256
12266,Playing,5635072,15972,0,0,0,0,2,320,1,255,1,256
12516,Playing,5627904,15952,0,0,0,0,2,323,14,255,14,256
12763,Playing,5648384,16010,0,0,0,0,2,327,174,255,174,256
13015,Playing,5641216,15989,0,0,0,0,2,333,14,255,14,256
13262,Playing,5642240,15992,0,0,0,0,2,336,0,255,0,256
13510,Playing,5607424,15894,0,0,0,0,2,338,0,255,0,256
13760,Playing,5627904,15952,0,0,0,0,2,342,0,255,0,256
14011,Playing,5628928,15955,0,0,0,0,2,345,92,255,92,256
14258,Playing,5649408,16013,0,0,0,0,2,349,14,255,14,256
14510,Playing,5642240,15992,0,0,0,0,2,352,95,255,95,256
14758,Playing,5615616,15917,0,0,0,0,2,354,0,255,0,256
15010,Playing,5636096,15975,0,0,0,0,2,358,0,255,0,256
15258,Playing,5656576,16033,0,0,0,0,2,362,0,255,0,256
15503,Playing,5602304,15879,0,0,0,0,2,363,175,255,175,256
15754,Playing,5595136,15859,0,0,0,0,2,369,0,255,0,256
16001,Playing,5615616,15917,0,0,0,0,2,373,0,255,0,256
16250,Playing,5588992,15841,0,0,0,0,2,375,94,255,94,256
16501,Playing,5637120,15978,0,0,0,0,2,380,2,255,2,256
16750,Playing,5574656,15801,0,0,0,0,2,381,175,255,175,256
17061,Playing,5634048,15969,0,0,0,0,2,387,0,255,0,256
17310,Playing,5571584,15792,0,0,0,0,2,388,174,255,174,256
17561,Playing,5619712,15928,0,0,0,0,2,393,0,255,0,256
17810,Playing,5593088,15853,0,0,0,0,2,395,95,255,95,256
18057,Playing,5585920,15833,0,0,0,0,2,398,0,255,0,256
18307,Playing,5578752,15812,0,0,0,0,2,401,0,255,0,256
18557,Playing,5579776,15815,0,0,0,0,2,407,97,255,97,256
18806,Playing,5572608,15795,0,0,0,0,2,410,94,255,95,256
19054,Playing,5620736,15931,0,0,0,0,2,415,0,255,0,256
19303,Playing,5558272,15754,0,0,0,0,2,416,176,255,176,256
19551,Playing,5586944,15836,0,0,0,0,2,420,0,255,0,256
19798,Playing,5579776,15815,0,0,0,0,2,423,94,255,94,256
20046,Playing,5580800,15818,0,0,0,0,2,426,93,255,93,256
20295,Playing,5573632,15798,0,0,0,0,2,429,0,255,0,256
20545,Playing,5566464,15777,0,0,0,0,2,432,2,255,2,256
20797,Playing,5586944,15836,0,0,0,0,2,436,96,255,96,256
21045,Playing,5615616,15917,0,0,0,0,2,440,0,255,0,256
21293,Playing,5571584,15792,0,0,0,0,2,442,97,255,97,256
21544,Playing,5545984,15719,0,0,0,0,2,447,0,255,0,256
21793,Playing,5574656,15801,0,0,0,0,2,451,0,255,0,256
22042,Playing,5567488,15780,0,0,0,0,2,454,0,255,0,256
22288,Playing,5560320,15760,0,0,0,0,2,457,0,255,0,256
22536,Playing,5533696,15685,0,0,0,0,2,459,175,255,175,256
22785,Playing,5554176,15743,0,0,0,0,2,463,173,255,174,256
23036,Playing,5574656,15801,0,0,0,0,2,467,1,255,1,256
23286,Playing,5512192,15624,0,0,0,0,2,468,173,255,173,256
23536,Playing,5540864,15705,0,0,0,0,2,472,173,255,173,256
23784,Playing,5561344,15763,0,0,0,0,2,476,0,255,0,256
24035,Playing,5554176,15743,0,0,0,0,2,479,0,255,0,256
24283,Playing,5518336,15641,0,0,0,0,2,484,0,255,0,256
24533,Playing,5511168,15621,0,0,0,0,2,487,0,255,0,256
24782,Playing,5504000,15600,0,0,0,0,2,490,0,255,0,256
25033,Playing,5524480,15658,0,0,0,0,2,494,173,255,173,256
25283,Playing,5497856,15583,0,0,0,0,2,496,15,255,15,256
25531,Playing,5490688,15563,0,0,0,0,2,499,97,255,97,256
25781,Playing,5511168,15621,0,0,0,0,2,503,0,255,0,256
26030,Playing,5539840,15702,0,0,0,0,2,507,0,255,0,256
26280,Playing,5477376,15525,0,0,0,0,2,508,93,255,93,256
26528,Playing,5497856,15583,0,0,0,0,2,512,0,255,0,256
26779,Playing,5518336,15641,0,0,0,0,2,516,0,255,0,256
27028,Playing,5473280,15513,0,0,0,0,2,520,0,255,13,256
27277,Playing,5447680,15441,0,0,0,0,2,523,0,255,0,256
27527,Playing,5468160,15499,0,0,0,0,2,527,0,255,0,256
27776,Playing,5460992,15479,0,0,0,0,2,530,95,255,95,256
28024,Playing,5489664,15560,0,0,0,0,2,534,0,255,0,256
28275,Playing,5454848,15461,0,0,0,0,2,536,0,255,0,256
28520,Playing,5455872,15464,0,0,0,0,2,539,96,255,96,256
28770,Playing,5476352,15522,0,0,0,0,2,543,0,255,0,256
29024,Playing,5469184,15502,0,0,0,0,2,546,95,255,95,256
29273,Playing,5434368,15403,0,0,0,0,2,548,0,255,0,256
29522,Playing,5463040,15484,0,0,0,0,2,552,1,255,1,256
29770,Playing,5465088,15490,0,0,0,0,2,558,0,255,15,256
30019,Playing,5439488,15418,0,0,0,0,2,561,95,255,95,256
30269,Playing,5404672,15319,0,0,0,0,2,563,0,255,0,256
30520,Playing,5433344,15400,0,0,0,0,2,567,0,255,0,256
30769,Playing,5453824,15458,0,0,0,0,2,571,0,255,0,256
31018,Playing,5446656,15438,0,0,0,0,2,574,0,255,0,256
31268,Playing,5420032,15362,0,0,0,0,2,576,0,255,0,256
31517,Playing,5440512,15420,0,0,0,0,2,580,0,255,0,256
31765,Playing,5433344,15400,0,0,0,0,2,583,0,255,0,256
32014,Playing,5462016,15481,0,0,0,0,2,587,0,255,0,256
32264,Playing,5454848,15461,0,0,0,0,2,590,0,255,0,256
32513,Playing,5420032,15362,0,0,0,0,2,592,0,255,0,256
32765,Playing,5385216,15264,0,0,0,0,2,597,96,255,96,256
33012,Playing,5413888,15345,0,0,0,0,2,601,93,255,93,256
33262,Playing,5379072,15246,0,0,0,0,2,603,0,255,0,256
33511,Playing,5399552,15304,0,0,0,0,2,607,0,255,0,256
33763,Playing,5392384,15284,0,0,0,0,2,610,93,255,93,256
34013,Playing,5421056,15365,0,0,0,0,2,614,0,255,0,256
34262,Playing,5413888,15345,0,0,0,0,2,617,174,255,174,256
34511,Playing,5379072,15246,0,0,0,0,2,619,0,255,0,256
34762,Playing,5407744,15328,0,0,0,0,2,623,95,255,95,256
35012,Playing,5428224,15386,0,0,0,0,2,627,0,255,0,256
35264,Playing,5421056,15365,0,0,0,0,2,630,0,255,0,256
35512,Playing,5358592,15188,0,0,0,0,2,634,0,255,14,256
35760,Playing,5387264,15270,0,0,0,0,2,638,0,255,0,256
36008,Playing,5380096,15249,0,0,0,0,2,641,0,255,0,256
36259,Playing,5372928,15229,0,0,0,0,2,644,0,255,0,256
36507,Playing,5373952,15232,0,0,0,0,2,647,0,255,0,256
36758,Playing,5366784,15211,0,0,0,0,2,650,94,255,94,256
37004,Playing,5387264,15270,0,0,0,0,2,654,0,255,0,256
37254,Playing,5380096,15249,0,0,0,0,2,657,0,255,0,256
37503,Playing,5408768,15330,0,0,0,0,2,661,173,255,173,256
37753,Playing,5373952,15232,0,0,0,0,2,663,0,255,0,256
38003,Playing,5394432,15290,0,0,0,0,2,667,0,255,0,256
38252,Playing,5359616,15191,0,0,0,0,2,672,0,255,17,256
38503,Playing,5388288,15272,0,0,0,0,2,676,0,255,0,256
38753,Playing,5325824,15095,0,0,0,0,2,677,98,255,98,256
39000,Playing,5346304,15153,0,0,0,0,2,681,94,255,95,256
39312,Playing,5350400,15165,0,0,0,0,2,685,0,255,0,256
39500,Playing,5395456,15293,0,0,0,0,2,689,17,255,17,256
39750,Playing,5360640,15194,0,0,0,0,2,691,96,255,96,256
40001,Playing,5353472,15174,0,0,0,0,2,694,3,255,3,256
40254,Playing,5354496,15177,0,0,0,0,2,697,0,255,0,256
40508,Playing,5374976,15235,0,0,0,0,2,701,14,255,14,256
40757,Playing,5395456,15293,0,0,0,0,2,705,0,255,0,256
41004,Playing,5332992,15116,0,0,0,0,2,706,178,255,178,256
41253,Playing,5334016,15119,0,0,0,0,2,712,96,255,96,256
41503,Playing,5326848,15098,0,0,0,0,2,715,95,255,95,256
41811,Playing,5330944,15110,0,0,0,0,2,719,0,255,0,256
42059,Playing,5351424,15168,0,0,0,0,2,723,94,255,94,256
42309,Playing,5371904,15226,0,0,0,0,2,727,0,255,0,256
42557,Playing,5317632,15072,0,0,0,0,2,728,171,255,171,256
42807,Playing,5338112,15130,0,0,0,0,2,732,97,255,97,256
43053,Playing,5358592,15188,0,0,0,0,2,736,0,255,0,256
43303,Playing,5351424,15168,0,0,0,0,2,739,14,255,14,256
43552,Playing,5380096,15249,0,0,0,0,2,743,13,255,13,256
43803,Playing,5336064,15124,0,0,0,0,2,747,0,255,13,256
44052,Playing,5310464,15052,0,0,0,0,2,750,0,255,0,256
44303,Playing,5311488,15055,0,0,0,0,2,753,13,255,13,256
44550,Playing,5359616,15191,0,0,0,0,2,758,0,338,0,339
44802,Playing,5324800,15092,0,0,0,0,2,760,0,338,0,339
45050,Playing,5325824,15095,0,0,0,0,2,763,0,338,0,339
45298,Playing,5346304,15153,0,0,0,0,2,767,0,338,0,339
45550,Playing,5339136,15133,0,0,0,0,2,770,0,338,0,339
45796,Playing,5340160,15136,0,0,0,0,2,773,0,338,0,339
46047,Playing,5305344,15037,0,0,0,0,2,775,174,338,174,339
46297,Playing,5325824,15095,0,0,0,0,2,779,91,338,91,339
46547,Playing,5337088,15127,0,0,0,0,2,785,0,338,15,339
46795,Playing,5264384,14921,0,0,0,0,2,786,174,338,174,339
47045,Playing,5257216,14901,0,0,0,0,2,789,0,338,0,339
47293,Playing,5305344,15037,0,0,0,0,2,794,0,338,0,339
47541,Playing,5278720,14962,0,0,0,0,2,796,0,338,0,339
47793,Playing,5299200,15020,0,0,0,0,2,800,0,338,0,339
48043,Playing,5292032,15000,0,0,0,0,2,803,1,338,1,339
48291,Playing,5312512,15058,0,0,0,0,2,807,2,338,2,339
48538,Playing,5313536,15061,0,0,0,0,2,810,0,338,0,339
48787,Playing,5278720,14962,0,0,0,0,2,812,0,338,0,339
49036,Playing,5271552,14942,0,0,0,0,2,815,96,338,96,339
49286,Playing,5327872,15101,0,0,0,0,2,820,0,338,0,339
49534,Playing,5283840,14976,0,0,0,0,2,825,0,338,0,339
49784,Playing,5276672,14956,0,0,0,0,2,828,94,338,94,339
50034,Playing,5250048,14881,0,0,0,0,2,830,0,338,0,339
50283,Playing,5270528,14939,0,0,0,0,2,834,0,338,0,339
50532,Playing,5235712,14840,0,0,0,0,2,836,0,338,0,339
50783,Playing,5228544,14820,0,0,0,0,2,839,0,338,0,339
51034,Playing,5249024,14878,0,0,0,0,2,843,91,338,91,339
51285,Playing,5277696,14959,0,0,0,0,2,847,0,338,0,339
51536,Playing,5215232,14782,0,0,0,0,2,848,174,338,174,339
51785,Playing,5235712,14840,0,0,0,0,2,852,0,338,0,339
52035,Playing,5256192,14898,0,0,0,0,2,856,0,338,0,339
52281,Playing,5238784,14849,0,0,0,0,2,861,0,338,13,339
52531,Playing,5240832,14854,0,0,0,0,2,865,0,338,0,339
52780,Playing,5214208,14779,0,0,0,0,2,867,3,338,3,339
53029,Playing,5207040,14759,0,0,0,0,2,870,95,338,95,339
53280,Playing,5227520,14817,0,0,0,0,2,874,0,338,0,339
53528,Playing,5248000,14875,0,0,0,0,2,878,15,338,15,339
53780,Playing,5249024,14878,0,0,0,0,2,881,0,338,0,339
54030,Playing,5214208,14779,0,0,0,0,2,883,0,338,0,339
54277,Playing,5234688,14837,0,0,0,0,2,887,0,338,0,339
54528,Playing,5227520,14817,0,0,0,0,2,890,95,338,95,339
54777,Playing,5256192,14898,0,0,0,0,2,894,0,338,0,339
55027,Playing,5221376,14799,0,0,0,0,2,896,0,338,0,339
55277,Playing,5177344,14675,0,0,0,0,2,901,96,338,96,339
55526,Playing,5206016,14756,0,0,0,0,2,905,0,338,0,339
55773,Playing,5143552,14579,0,0,0,0,2,906,176,338,176,339
56021,Playing,5164032,14637,0,0,0,0,2,910,93,338,93,339
56270,Playing,5220352,14796,0,0,0,0,2,915,0,338,0,339
56520,Playing,5213184,14776,0,0,0,0,2,918,0,338,0,339
56771,Playing,5150720,14599,0,0,0,0,2,919,174,338,174,339
57021,Playing,5171200,14657,0,0,0,0,2,923,0,338,0,339
57271,Playing,5172224,14660,0,0,0,0,2,926,91,338,91,339
57523,Playing,5192704,14718,0,0,0,0,2,930,94,338,94,339
57776,Playing,5213184,14776,0,0,0,0,2,934,9,338,10,339
58023,Playing,5206016,14756,0,0,0,0,2,940,0,338,0,339
58274,Playing,5151744,14602,0,0,0,0,2,941,176,338,176,339
58527,Playing,5172224,14660,0,0,0,0,2,945,0,338,0,339
58776,Playing,5165056,14640,0,0,0,0,2,948,175,338,175,339
59027,Playing,5185536,14698,0,0,0,0,2,952,95,338,95,339
59277,Playing,5150720,14599,0,0,0,0,2,954,0,338,0,339
59525,Playing,5151744,14602,0,0,0,0,2,957,175,338,175,339
59774,Playing,5172224,14660,0,0,0,0,2,961,171,338,171,339
60026,Playing,5137408,14561,0,0,0,0,2,963,16,338,16,339
60275,Playing,5138432,14564,0,0,0,0,2,966,95,338,95,339
60524,Playing,5158912,14622,0,0,0,0,2,970,0,338,0,339
60771,Playing,5124096,14524,0,0,0,0,2,975,0,338,15,339
61022,Playing,5116928,14503,0,0,0,0,2,978,0,338,0,339
61272,Playing,5145600,14585,0,0,0,0,2,982,0,338,0,339
61522,Playing,5138432,14564,0,0,0,0,2,985,0,338,0,339
61770,Playing,5131264,14544,0,0,0,0,2,988,179,338,179,339
62020,Playing,5096448,14445,0,0,0,0,2,990,14,338,14,339
62269,Playing,5125120,14526,0,0,0,0,2,994,94,338,94,339
62519,Playing,5145600,14585,0,0,0,0,2,998,0,338,0,339
62768,Playing,5166080,14643,0,0,0,0,2,1002,0,338,0,339
63019,Playing,5167104,14645,0,0,0,0,2,1005,0,338,0,339
63266,Playing,5132288,14547,0,0,0,0,2,1007,0,338,0,339
63516,Playing,5125120,14526,0,0,0,0,2,1010,0,338,0,339
63766,Playing,5126144,14529,0,0,0,0,2,1016,0,338,0,339
64018,Playing,5118976,14509,0,0,0,0,2,1019,175,338,175,339
64266,Playing,5084160,14410,0,0,0,0,2,1021,0,338,0,339
64515,Playing,5104640,14468,0,0,0,0,2,1025,0,338,0,339
64764,Playing,5133312,14550,0,0,0,0,2,1029,0,338,0,339
65014,Playing,5126144,14529,0,0,0,0,2,1032,177,338,177,339
65264,Playing,5091328,14431,0,0,0,0,2,1034,0,338,0,339
65511,Playing,5092352,14434,0,0,0,0,2,1037,95,338,95,339
65761,Playing,5112832,14492,0,0,0,0,2,1041,0,338,0,339
66011,Playing,5133312,14550,0,0,0,0,2,1045,0,338,0,339
66260,Playing,5106688,14474,0,0,0,0,2,1047,0,338,0,339
66509,Playing,5071872,14376,0,0,0,0,2,1052,95,338,95,339
66760,Playing,5092352,14434,0,0,0,0,2,1056,0,338,0,339
67009,Playing,5085184,14413,0,0,0,0,2,1059,0,338,0,339
67256,Playing,5086208,14416,0,0,0,0,2,1062,0,338,0,339
67506,Playing,5079040,14396,0,0,0,0,2,1065,0,338,0,339
67755,Playing,5099520,14454,0,0,0,0,2,1069,15,338,15,339
68005,Playing,5100544,14457,0,0,0,0,2,1072,0,338,0,339
68254,Playing,5065728,14358,0,0,0,0,2,1074,0,338,0,339
68506,Playing,5058560,14338,0,0,0,0,2,1077,94,338,94,339
68752,Playing,5079040,14396,0,0,0,0,2,1081,0,338,0,339
69001,Playing,5080064,14399,0,0,0,0,2,1084,97,338,97,339
69251,Playing,5100544,14457,0,0,0,0,2,1091,0,338,0,339
69562,Playing,5049344,14312,0,0,0,0,2,1093,95,338,95,339
69811,Playing,5042176,14291,0,0,0,0,2,1096,0,338,0,339
70063,Playing,5035008,14271,0,0,0,0,2,1099,94,338,94,339
70250,Playing,5080064,14399,0,0,0,0,2,1103,93,338,93,339
70560,Playing,5056512,14332,0,0,0,0,2,1106,93,338,93,339
70811,Playing,5021696,14233,0,0,0,0,2,1108,0,338,0,339
71061,Playing,5042176,14291,0,0,0,0,2,1112,94,338,94,339
71310,Playing,5070848,14373,0,0,0,0,2,1116,0,338,0,339
71500,Playing,5024768,14242,0,0,0,0,2,1117,175,338,175,339
71750,Playing,5053440,14323,0,0,0,0,2,1121,0,338,0,339
72061,Playing,5021696,14233,0,0,0,0,2,1127,0,338,0,339
72308,Playing,5022720,14236,0,0,0,0,2,1130,98,338,98,339
72558,Playing,5043200,14294,0,0,0,0,2,1134,175,338,175,339
72807,Playing,4980736,14117,0,0,0,0,2,1135,95,338,96,339
73057,Playing,5009408,14199,0,0,0,0,2,1139,94,338,94,339
73305,Playing,5029888,14257,0,0,0,0,2,1143,0,338,0,339
73556,Playing,5050368,14315,0,0,0,0,2,1147,15,338,15,339
73806,Playing,5043200,14294,0,0,0,0,2,1150,94,338,94,339
74057,Playing,5044224,14297,0,0,0,0,2,1153,0,338,0,339
74309,Playing,5037056,14277,0,0,0,0,2,1156,0,338,0,339
74559,Playing,5029888,14257,0,0,0,0,2,1159,89,338,89,339
74809,Playing,5004288,14184,0,0,0,0,2,1162,172,338,172,339
75059,Playing,4986880,14135,0,0,0,0,2,1167,93,338,93,339
75311,Playing,4979712,14114,0,0,0,0,2,1170,95,338,95,339
75559,Playing,5027840,14251,0,0,0,0,2,1175,0,338,0,339
75807,Playing,4973568,14097,0,0,0,0,2,1176,96,338,96,339
76057,Playing,4994048,14155,0,0,0,0,2,1180,0,338,0,339
76305,Playing,4986880,14135,0,0,0,0,2,1183,177,338,177,339
76556,Playing,5007360,14193,0,0,0,0,2,1187,174,338,174,339
76805,Playing,5036032,14274,0,0,0,0,2,1191,0,338,0,339
77055,Playing,4973568,14097,0,0,0,0,2,1192,94,338,94,339
77305,Playing,4994048,14155,0,0,0,0,2,1196,94,338,94,339
77552,Playing,4996096,14161,0,0,0,0,2,1202,0,338,14,339
77802,Playing,4923392,13955,0,0,0,0,2,1203,98,338,98,339
78049,Playing,4943872,14013,0,0,0,0,2,1207,0,338,0,339
78299,Playing,4964352,14071,0,0,0,0,2,1211,0,338,0,339
78549,Playing,4965376,14074,0,0,0,0,2,1214,94,338,94,339
78801,Playing,4985856,14132,0,0,0,0,2,1218,14,338,15,339
79050,Playing,5006336,14190,0,0,0,0,2,1222,15,338,15,339
79300,Playing,4999168,14169,0,0,0,0,2,1225,14,338,14,339
79553,Playing,4964352,14071,0,0,0,0,2,1227,0,338,0,339
79803,Playing,4965376,14074,0,0,0,0,2,1230,0,338,0,339
80050,Playing,4985856,14132,0,0,0,0,2,1234,0,338,0,339
80297,Playing,4978688,14111,0,0,0,0,2,1237,93,338,93,339
80548,Playing,4915200,13931,0,0,0,0,2,1241,0,338,0,339
80799,Playing,4935680,13990,0,0,0,0,2,1245,0,338,0,339
81048,Playing,4956160,14048,0,0,0,0,2,1249,0,338,0,339
81297,Playing,4948992,14027,0,0,0,0,2,1252,0,338,0,339
81549,Playing,4922368,13952,0,0,0,0,2,1254,0,338,0,339
81796,Playing,4970496,14088,0,0,0,0,2,1259,0,338,0,339
82045,Playing,4935680,13990,0,0,0,0,2,1261,96,338,96,339
82293,Playing,4936704,13992,0,0,0,0,2,1264,93,338,93,339
82539,Playing,4929536,13972,0,0,0,0,2,1267,0,338,0,339
82791,Playing,4922368,13952,0,0,0,0,2,1270,94,338,94,339
83041,Playing,4942848,14010,0,0,0,0,2,1274,93,338,93,339
83293,Playing,4916224,13934,0,0,0,0,2,1279,93,338,93,339
83541,Playing,4881408,13836,0,0,0,0,2,1281,0,338,0,339
83789,Playing,4901888,13894,0,0,0,0,2,1285,0,338,0,339
84037,Playing,4930560,13975,0,0,0,0,2,1289,0,338,0,339
84288,Playing,4923392,13955,0,0,0,0,2,1292,93,338,93,339
84535,Playing,4888576,13856,0,0,0,0,2,1294,0,338,0,339
84780,Playing,4917248,13937,0,0,0,0,2,1298,0,338,0,339
85030,Playing,4910080,13917,0,0,0,0,2,1301,0,338,0,339
85278,Playing,4930560,13975,0,0,0,0,2,1305,0,338,0,339
85528,Playing,4876288,13821,0,0,0,0,2,1306,177,338,177,339
85779,Playing,4896768,13879,0,0,0,0,2,1310,93,338,93,339
86029,Playing,4917248,13937,0,0,0,0,2,1317,0,338,0,339
86277,Playing,4910080,13917,0,0,0,0,2,1320,0,338,0,339
86527,Playing,4911104,13920,0,0,0,0,2,1323,0,338,0,339
86775,Playing,4876288,13821,0,0,0,0,2,1325,0,338,0,339
87023,Playing,4869120,13801,0,0,0,0,2,1328,93,338,93,339
87272,Playing,4897792,13882,0,0,0,0,2,1332,94,338,95,339
87519,Playing,4918272,13940,0,0,0,0,2,1336,15,338,15,339
87769,Playing,4855808,13763,0,0,0,0,2,1337,176,338,176,339
88020,Playing,4876288,13821,0,0,0,0,2,1341,175,338,175,339
88269,Playing,4904960,13902,0,0,0,0,2,1345,0,338,0,339
88519,Playing,4897792,13882,0,0,0,0,2,1348,96,338,96,339
88767,Playing,4890624,13862,0,0,0,0,2,1351,0,338,0,339
89019,Playing,4828160,13685,0,0,0,0,2,1355,177,338,177,339
89268,Playing,4856832,13766,0,0,0,0,2,1359,176,338,176,339
89518,Playing,4849664,13746,0,0,0,0,2,1362,0,338,0,339
89766,Playing,4842496,13725,0,0,0,0,2,1365,174,338,175,339
90015,Playing,4871168,13807,0,0,0,0,2,1369,0,338,0,339
90264,Playing,4891648,13865,0,0,0,0,2,1373,0,338,0,339
90514,Playing,4829184,13688,0,0,0,0,2,1374,97,338,97,339
90763,Playing,4849664,13746,0,0,0,0,2,1378,0,338,0,339
91014,Playing,4878336,13827,0,0,0,0,2,1382,0,338,0,339
91264,Playing,4871168,13807,0,0,0,0,2,1385,0,338,0,339
91510,Playing,4836352,13708,0,0,0,0,2,1387,14,338,14,339
91758,Playing,4809728,13633,0,0,0,0,2,1392,0,338,0,339
92004,Playing,4830208,13691,0,0,0,0,2,1396,174,338,174,339
92257,Playing,4850688,13749,0,0,0,0,2,1400,0,338,0,339
92508,Playing,4796416,13595,0,0,0,0,2,1401,95,338,95,339
92754,Playing,4816896,13653,0,0,0,0,2,1405,95,338,95,339
93003,Playing,4837376,13711,0,0,0,0,2,1409,0,338,0,339
93253,Playing,4838400,13714,0,0,0,0,2,1412,0,338,0,339
93503,Playing,4803584,13615,0,0,0,0,2,1414,0,338,0,339
93752,Playing,4824064,13673,0,0,0,0,2,1418,0,338,0,339
94004,Playing,4816896,13653,0,0,0,0,2,1421,175,338,175,339
94252,Playing,4873216,13812,0,0,0,0,2,1426,0,338,0,339
94501,Playing,4801536,13609,0,0,0,0,2,1429,0,338,13,339
94750,Playing,4775936,13537,0,0,0,0,2,1432,91,338,91,339
95063,Playing,4807680,13627,0,0,0,0,2,1437,0,338,0,339
95250,Playing,4825088,13676,0,0,0,0,2,1440,0,338,0,339
95502,Playing,4817920,13656,0,0,0,0,2,1443,94,338,95,339
95750,Playing,4810752,13635,0,0,0,0,2,1446,0,338,0,339
96001,Playing,4803584,13615,0,0,0,0,2,1449,0,338,0,339
96253,Playing,4804608,13618,0,0,0,0,2,1452,176,338,176,339
96502,Playing,4852736,13754,0,0,0,0,2,1457,0,338,0,339
96752,Playing,4817920,13656,0,0,0,0,2,1459,0,338,0,339
97002,Playing,4810752,13635,0,0,0,0,2,1462,0,338,0,339
97252,Playing,4811776,13638,0,0,0,0,2,1468,0,338,0,339
97502,Playing,4804608,13618,0,0,0,0,2,1471,0,338,0,339
97750,Playing,4742144,13441,0,0,0,0,2,1472,95,338,95,339
98000,Playing,4770816,13522,0,0,0,0,2,1476,174,338,174,339
98250,Playing,4763648,13502,0,0,0,0,2,1479,181,338,181,339
98562,Playing,4759552,13490,0,0,0,0,2,1483,174,338,174,339
98750,Playing,4832256,13696,0,0,0,0,2,1488,0,338,0,339
99060,Playing,4808704,13630,0,0,0,0,2,1491,0,338,0,339
99312,Playing,4801536,13609,0,0,0,0,2,1494,93,338,93,339
99560,Playing,4774912,13534,0,0,0,0,2,1496,0,338,0,339
99810,Playing,4767744,13514,0,0,0,0,2,1499,95,338,95,339
100000,Playing,4785152,13563,0,0,0,0,2,1502,0,338,0,339
100250,Playing,4741120,13438,0,0,0,0,2,1507,0,338,0,339
100559,Playing,4745216,13450,0,0,0,0,2,1511,174,338,174,339
100809,Playing,4738048,13429,0,0,0,0,2,1514,174,338,174,339
101058,Playing,4758528,13487,0,0,0,0,2,1518,0,338,0,339
101308,Playing,4759552,13490,0,0,0,0,2,1521,13,338,13,339
101556,Playing,4752384,13470,0,0,0,0,2,1524,0,338,0,339
101808,Playing,4745216,13450,0,0,0,0,2,1527,96,338,96,339
102060,Playing,4765696,13508,0,0,0,0,2,1531,175,338,175,339
102307,Playing,4739072,13432,0,0,0,0,2,1533,0,338,0,339
102558,Playing,4731904,13412,0,0,0,0,2,1536,174,338,175,339
102805,Playing,4724736,13392,0,0,0,0,2,1539,177,338,178,339
103054,Playing,4744192,13447,0,0,0,0,2,1546,0,338,0,339
103303,Playing,4681728,13270,0,0,0,0,2,1547,94,338,94,339
103554,Playing,4729856,13406,0,0,0,0,2,1552,0,338,0,339
103803,Playing,4730880,13409,0,0,0,0,2,1555,0,338,0,339
104052,Playing,4723712,13389,0,0,0,0,2,1558,173,338,173,339
104303,Playing,4688896,13290,0,0,0,0,2,1560,0,338,0,339
104553,Playing,4709376,13348,0,0,0,0,2,1564,0,338,0,339
104801,Playing,4710400,13351,0,0,0,0,2,1567,174,338,174,339
105049,Playing,4758528,13487,0,0,0,0,2,1572,0,338,0,339
105298,Playing,4696064,13310,0,0,0,0,2,1573,94,338,94,339
105547,Playing,4724736,13392,0,0,0,0,2,1577,15,338,15,339
105797,Playing,4680704,13267,0,0,0,0,2,1582,0,338,0,339
106046,Playing,4701184,13325,0,0,0,0,2,1586,11,338,11,339
106296,Playing,4694016,13305,0,0,0,0,2,1589,0,338,0,339
106545,Playing,4667392,13229,0,0,0,0,2,1591,0,338,0,339
106795,Playing,4687872,13287,0,0,0,0,2,1595,0,338,0,339
107045,Playing,4708352,13345,0,0,0,0,2,1599,0,338,0,339
107295,Playing,4701184,13325,0,0,0,0,2,1602,14,338,14,339
107545,Playing,4702208,13328,0,0,0,0,2,1605,95,338,95,339
107793,Playing,4695040,13307,0,0,0,0,2,1608,0,338,0,339
108041,Playing,4687872,13287,0,0,0,0,2,1611,0,338,0,339
108289,Playing,4688896,13290,0,0,0,0,2,1614,91,338,91,339
108539,Playing,4654080,13191,0,0,0,0,2,1619,0,338,12,339
108787,Playing,4646912,13171,0,0,0,0,2,1622,0,338,0,339
109035,Playing,4675584,13252,0,0,0,0,2,1626,0,338,0,339
109284,Playing,4696064,13310,0,0,0,0,2,1630,13,338,13,339
109537,Playing,4688896,13290,0,0,0,0,2,1633,0,338,0,339
109787,Playing,4654080,13191,0,0,0,0,2,1635,0,338,0,339
110034,Playing,4682752,13273,0,0,0,0,2,1639,0,338,0,339
110283,Playing,4675584,13252,0,0,0,0,2,1642,0,338,0,339
110534,Playing,4696064,13310,0,0,0,0,2,1646,0,338,0,339
110782,Playing,4641792,13157,0,0,0,0,2,1647,174,338,174,339
111031,Playing,4634624,13136,0,0,0,0,2,1650,0,338,0,339
111282,Playing,4655104,13194,0,0,0,0,2,1657,0,338,13,339
111530,Playing,4675584,13252,0,0,0,0,2,1661,0,338,0,339
111781,Playing,4621312,13098,0,0,0,0,2,1662,176,338,176,339
112030,Playing,4614144,13078,0,0,0,0,2,1665,0,338,0,339
112278,Playing,4634624,13136,0,0,0,0,2,1669,0,338,0,339
112526,Playing,4663296,13217,0,0,0,0,2,1673,0,338,0,339
112775,Playing,4628480,13119,0,0,0,0,2,1675,0,338,0,339
113024,Playing,4621312,13098,0,0,0,0,2,1678,175,338,175,339
113277,Playing,4641792,13157,0,0,0,0,2,1682,94,338,94,339
113528,Playing,4662272,13215,0,0,0,0,2,1686,0,338,0,339
113777,Playing,4635648,13139,0,0,0,0,2,1688,96,338,96,339
114023,Playing,4628480,13119,0,0,0,0,2,1691,0,338,0,339
114275,Playing,4621312,13098,0,0,0,0,2,1697,0,338,0,339
114522,Playing,4622336,13101,0,0,0,0,2,1700,95,338,95,339
114770,Playing,4615168,13081,0,0,0,0,2,1703,0,338,0,339
115019,Playing,4580352,12982,0,0,0,0,2,1705,175,338,176,339
115269,Playing,4636672,13142,0,0,0,0,2,1710,0,338,0,339
115517,Playing,4629504,13122,0,0,0,0,2,1713,0,338,0,339
115766,Playing,4594688,13023,0,0,0,0,2,1715,17,338,17,339
116017,Playing,4623360,13104,0,0,0,0,2,1719,0,338,0,339
116264,Playing,4616192,13084,0,0,0,0,2,1722,0,338,0,339
116515,Playing,4581376,12985,0,0,0,0,2,1724,0,338,0,339
116765,Playing,4582400,12988,0,0,0,0,2,1727,0,338,0,339
117013,Playing,4575232,12968,0,0,0,0,2,1733,0,338,0,339
117261,Playing,4595712,13026,0,0,0,0,2,1737,0,338,0,339
117511,Playing,4533248,12849,0,0,0,0,2,1738,96,338,97,339
117760,Playing,4561920,12930,0,0,0,0,2,1742,1,338,1,339
118009,Playing,4582400,12988,0,0,0,0,2,1746,176,338,176,339
118259,Playing,4575232,12968,0,0,0,0,2,1749,0,338,0,339
118509,Playing,4548608,12892,0,0,0,0,2,1751,3,338,3,339
118756,Playing,4541440,12872,0,0,0,0,2,1754,93,338,93,339
119006,Playing,4589568,13008,0,0,0,0,2,1759,16,338,16,339
119255,Playing,4590592,13011,0,0,0,0,2,1762,0,338,0,339
119504,Playing,4555776,12913,0,0,0,0,2,1764,0,338,0,339
119755,Playing,4548608,12892,0,0,0,0,2,1767,94,338,94,339
120003,Playing,4541440,12872,0,0,0,0,2,1773,93,338,93,339
120251,Playing,4542464,12875,0,0,0,0,2,1776,96,338,96,339
120560,Playing,4566016,12942,0,0,0,0,2,1781,17,338,17,339
120810,Playing,4567040,12945,0,0,0,0,2,1784,0,338,0,339
121059,Playing,4532224,12846,0,0,0,0,2,1786,0,338,0,339
121308,Playing,4525056,12826,0,0,0,0,2,1789,94,338,94,339
121558,Playing,4545536,12884,0,0,0,0,2,1793,0,338,0,339
121807,Playing,4546560,12887,0,0,0,0,2,1796,94,338,95,339
122056,Playing,4511744,12788,0,0,0,0,2,1798,0,338,0,339
122303,Playing,4540416,12869,0,0,0,0,2,1802,93,338,93,339
122554,Playing,4551680,12901,0,0,0,0,2,1808,0,338,15,339
122806,Playing,4526080,12829,0,0,0,0,2,1811,0,338,0,339
123053,Playing,4491264,12730,0,0,0,0,2,1813,0,338,0,339
123300,Playing,4519936,12811,0,0,0,0,2,1817,0,338,0,339
123549,Playing,4512768,12791,0,0,0,0,2,1820,93,338,93,339
123799,Playing,4505600,12770,0,0,0,0,2,1823,0,338,0,339
124047,Playing,4561920,12930,0,0,0,0,2,1828,0,338,0,339
124298,Playing,4527104,12831,0,0,0,0,2,1830,0,338,0,339
124546,Playing,4519936,12811,0,0,0,0,2,1833,0,338,0,339
124793,Playing,4520960,12814,0,0,0,0,2,1836,173,338,173,339
125041,Playing,4541440,12872,0,0,0,0,2,1840,0,338,0,339
125289,Playing,4506624,12773,0,0,0,0,2,1842,15,338,15,339
125539,Playing,4490240,12727,0,0,0,0,2,1848,0,338,0,339
125788,Playing,4491264,12730,0,0,0,0,2,1851,93,338,93,339
126039,Playing,4456448,12631,0,0,0,0,2,1853,0,338,0,339
126291,Playing,4449280,12611,0,0,0,0,2,1856,94,338,95,339
126540,Playing,4477952,12692,0,0,0,0,2,1860,94,338,94,339
126789,Playing,4498432,12750,0,0,0,0,2,1864,0,338,0,339
127040,Playing,4518912,12808,0,0,0,0,2,1868,0,338,0,339
127290,Playing,4456448,12631,0,0,0,0,2,1869,92,338,93,339
127537,Playing,4485120,12712,0,0,0,0,2,1873,0,338,0,339
127787,Playing,4477952,12692,0,0,0,0,2,1876,93,338,93,339
128037,Playing,4498432,12750,0,0,0,0,2,1880,0,338,0,339
128288,Playing,4445184,12599,0,0,0,0,2,1884,0,338,14,339
128538,Playing,4427776,12550,0,0,0,0,2,1887,93,338,93,339
128790,Playing,4448256,12608,0,0,0,0,2,1891,94,338,94,339
129039,Playing,4468736,12666,0,0,0,0,2,1895,0,338,0,339
129293,Playing,4433920,12567,0,0,0,0,2,1897,0,338,0,339
129545,Playing,4454400,12625,0,0,0,0,2,1901,0,338,0,339
129795,Playing,4455424,12628,0,0,0,0,2,1904,0,338,0,339
130042,Playing,4448256,12608,0,0,0,0,2,1907,177,338,177,339
130291,Playing,4496384,12744,0,0,0,0,2,1912,0,338,0,339
130540,Playing,4442112,12591,0,0,0,0,2,1913,97,338,97,339
130792,Playing,4462592,12649,0,0,0,0,2,1917,0,338,0,339
131040,Playing,4436992,12576,0,0,0,0,2,1922,0,338,13,339
131288,Playing,4391936,12448,0,0,0,0,2,1924,0,338,0,339
131536,Playing,4384768,12428,0,0,0,0,2,1927,93,338,93,339
131784,Playing,4432896,12564,0,0,0,0,2,1932,0,338,0,339
132036,Playing,4425728,12544,0,0,0,0,2,1935,0,338,0,339
132287,Playing,4426752,12547,0,0,0,0,2,1938,173,338,173,339
132536,Playing,4391936,12448,0,0,0,0,2,1940,0,338,0,339
132783,Playing,4384768,12428,0,0,0,0,2,1943,94,338,94,339
133031,Playing,4413440,12509,0,0,0,0,2,1947,176,338,176,339
133279,Playing,4461568,12646,0,0,0,0,2,1952,0,338,0,339
133528,Playing,4399104,12469,0,0,0,0,2,1953,94,338,94,339
133777,Playing,4427776,12550,0,0,0,0,2,1957,0,338,0,339
134026,Playing,4392960,12451,0,0,0,0,2,1962,94,338,94,339
134274,Playing,4385792,12431,0,0,0,0,2,1965,95,338,95,339
134523,Playing,4386816,12434,0,0,0,0,2,1968,0,338,0,339
134775,Playing,4379648,12413,0,0,0,0,2,1971,96,338,96,339
135025,Playing,4400128,12472,0,0,0,0,2,1975,92,338,92,339
135274,Playing,4420608,12530,0,0,0,0,2,1979,0,338,0,339
135523,Playing,4366336,12376,0,0,0,0,2,1980,96,338,96,339
135769,Playing,4386816,12434,0,0,0,0,2,1984,0,338,0,339
136020,Playing,4415488,12515,0,0,0,0,2,1988,0,338,0,339
136271,Playing,4408320,12495,0,0,0,0,2,1991,0,338,0,339
136520,Playing,4373504,12396,0,0,0,0,2,1993,0,338,0,339
136769,Playing,4366336,12376,0,0,0,0,2,1999,0,338,0,339
137019,Playing,4367360,12379,0,0,0,0,2,2002,92,338,92,339
137270,Playing,4387840,12437,0,0,0,0,2,2006,0,338,0,339
137520,Playing,4325376,12260,0,0,0,0,2,2007,98,338,98,339
137768,Playing,4373504,12396,0,0,0,0,2,2012,0,338,0,339
138020,Playing,4374528,12399,0,0,0,0,2,2015,0,338,0,339
138268,Playing,4395008,12457,0,0,0,0,2,2019,0,338,0,339
138519,Playing,4387840,12437,0,0,0,0,2,2022,175,338,175,339
138768,Playing,4353024,12338,0,0,0,0,2,2024,0,338,0,339
139015,Playing,4354048,12341,0,0,0,0,2,2027,94,338,94,339
139266,Playing,4374528,12399,0,0,0,0,2,2031,1,338,1,339
139516,Playing,4339712,12300,0,0,0,0,2,2034,177,338,177,339
139766,Playing,4313088,12225,0,0,0,0,2,2038,94,338,94,339
140016,Playing,4361216,12361,0,0,0,0,2,2043,0,338,0,339
140263,Playing,4326400,12263,0,0,0,0,2,2045,93,338,93,339
140512,Playing,4355072,12344,0,0,0,0,2,2049,16,338,16,339
140760,Playing,4375552,12402,0,0,0,0,2,2053,13,338,13,339
141013,Playing,4396032,12460,0,0,0,0,2,2057,0,338,0,339
141260,Playing,4333568,12283,0,0,0,0,2,2058,173,338,173,339
141509,Playing,4362240,12364,0,0,0,0,2,2062,94,338,94,339
141758,Playing,4382720,12422,0,0,0,0,2,2066,0,338,0,339
142008,Playing,4320256,12245,0,0,0,0,2,2067,172,338,172,339
142257,Playing,4339712,12300,0,0,0,0,2,2073,0,338,15,339
142507,Playing,4341760,12306,0,0,0,0,2,2077,0,338,0,339
142756,Playing,4334592,12286,0,0,0,0,2,2080,91,338,91,339
143006,Playing,4355072,12344,0,0,0,0,2,2084,94,338,94,339
143254,Playing,4300800,12190,0,0,0,0,2,2085,175,338,175,339
143504,Playing,4321280,12248,0,0,0,0,2,2089,96,338,97,339
143754,Playing,4314112,12228,0,0,0,0,2,2092,95,338,95,339
144004,Playing,4370432,12387,0,0,0,0,2,2097,0,338,0,339
144253,Playing,4307968,12210,0,0,0,0,2,2098,170,338,170,339
144502,Playing,4356096,12347,0,0,0,0,2,2103,0,338,0,339
144753,Playing,4321280,12248,0,0,0,0,2,2105,96,338,96,339
145003,Playing,4322304,12251,0,0,0,0,2,2108,0,338,0,339
145253,Playing,4315136,12231,0,0,0,0,2,2114,93,338,93,339
145503,Playing,4307968,12210,0,0,0,0,2,2117,0,338,0,339
145751,Playing,4308992,12213,0,0,0,0,2,2120,0,338,0,339
146000,Playing,4329472,12271,0,0,0,0,2,2124,0,338,0,339
146309,Playing,4305920,12204,0,0,0,0,2,2127,97,338,97,339
146559,Playing,4298752,12184,0,0,0,0,2,2130,0,338,0,339
146809,Playing,4291584,12164,0,0,0,0,2,2133,0,338,0,339
147058,Playing,4284416,12144,0,0,0,0,2,2136,94,338,94,339
147308,Playing,4313088,12225,0,0,0,0,2,2140,173,338,173,339
147558,Playing,4278272,12126,0,0,0,0,2,2142,0,338,0,339
147806,Playing,4271104,12106,0,0,0,0,2,2145,95,338,96,339
148055,Playing,4272128,12109,0,0,0,0,2,2151,14,338,14,339
148306,Playing,4292608,12167,0,0,0,0,2,2155,0,338,0,339
148557,Playing,4257792,12068,0,0,0,0,2,2157,0,338,0,339
148805,Playing,4278272,12126,0,0,0,0,2,2161,0,338,0,339
149053,Playing,4279296,12129,0,0,0,0,2,2164,1,338,1,339
149305,Playing,4299776,12187,0,0,0,0,2,2168,15,338,15,339
149556,Playing,4320256,12245,0,0,0,0,2,2172,12,338,12,339
149805,Playing,4321280,12248,0,0,0,0,2,2175,0,338,0,339
150056,Playing,4286464,12149,0,0,0,0,2,2177,0,338,0,339
150308,Playing,4279296,12129,0,0,0,0,2,2180,1,338,1,339
150560,Playing,4299776,12187,0,0,0,0,2,2184,0,338,0,339
150807,Playing,4255744,12062,0,0,0,0,2,2189,96,338,96,339
151057,Playing,4229120,11987,0,0,0,0,2,2191,0,338,0,339
151310,Playing,4249600,12045,0,0,0,0,2,2195,95,338,95,339
151500,Playing,4211712,11937,0,0,0,0,2,2196,177,338,177,339
151811,Playing,4262912,12083,0,0,0,0,2,2202,0,338,0,339
152060,Playing,4208640,11929,0,0,0,0,2,2203,176,338,176,339
152307,Playing,4256768,12065,0,0,0,0,2,2208,0,338,0,339
152557,Playing,4249600,12045,0,0,0,0,2,2211,0,338,0,339
152806,Playing,4250624,12048,0,0,0,0,2,2214,95,338,95,339
153058,Playing,4243456,12027,0,0,0,0,2,2217,0,338,0,339
153307,Playing,4236288,12007,0,0,0,0,2,2220,0,338,0,339
153557,Playing,4210688,11935,0,0,0,0,2,2225,0,338,14,339
153809,Playing,4240384,12019,0,0,0,0,2,2230,0,338,0,339
154060,Playing,4186112,11865,0,0,0,0,2,2231,175,338,175,339
154311,Playing,4206592,11923,0,0,0,0,2,2235,1,338,1,339
154561,Playing,4199424,11903,0,0,0,0,2,2238,0,338,0,339
154750,Playing,4189184,11874,0,0,0,0,2,2240,0,338,0,339
155001,Playing,4209664,11932,0,0,0,0,2,2244,0,338,0,339
155312,Playing,4213760,11943,0,0,0,0,2,2248,0,338,0,339
155561,Playing,4206592,11923,0,0,0,0,2,2251,178,338,178,339
155810,Playing,4227072,11981,0,0,0,0,2,2255,0,338,0,339
156058,Playing,4228096,11984,0,0,0,0,2,2258,0,338,0,339
156308,Playing,4202496,11911,0,0,0,0,2,2261,91,338,91,339
156561,Playing,4149248,11760,0,0,0,0,2,2265,178,338,178,339
156810,Playing,4197376,11897,0,0,0,0,2,2270,0,338,0,339
157060,Playing,4198400,11900,0,0,0,0,2,2273,95,338,95,339
157251,Playing,4179968,11847,0,0,0,0,2,2275,0,338,0,339
157501,Playing,4180992,11850,0,0,0,0,2,2278,176,338,176,339
157809,Playing,4176896,11839,0,0,0,0,2,2282,0,338,0,339
158059,Playing,4177920,11842,0,0,0,0,2,2285,176,338,176,339
158309,Playing,4143104,11743,0,0,0,0,2,2287,0,338,0,339
158559,Playing,4163584,11801,0,0,0,0,2,2291,172,338,172,339
158807,Playing,4184064,11859,0,0,0,0,2,2295,0,338,0,339
159057,Playing,4157440,11784,0,0,0,0,2,2297,11,338,11,339
159306,Playing,4122624,11685,0,0,0,0,2,2302,0,338,0,339
159555,Playing,4143104,11743,0,0,0,0,2,2306,0,338,0,339
159801,Playing,4144128,11746,0,0,0,0,2,2309,96,338,96,339
160051,Playing,4136960,11726,0,0,0,0,2,2312,0,338,0,339
160302,Playing,4129792,11705,0,0,0,0,2,2315,0,338,0,339
160552,Playing,4122624,11685,0,0,0,0,2,2318,96,338,96,339
160801,Playing,4151296,11766,0,0,0,0,2,2322,0,338,0,339
161049,Playing,4088832,11589,0,0,0,0,2,2323,93,338,93,339
161299,Playing,4136960,11726,0,0,0,0,2,2328,0,338,0,339
161548,Playing,4165632,11807,0,0,0,0,2,2332,16,338,16,339
161798,Playing,4158464,11787,0,0,0,0,2,2335,0,338,0,339
162049,Playing,4151296,11766,0,0,0,0,2,2341,13,338,13,339
162296,Playing,4144128,11746,0,0,0,0,2,2344,0,338,0,339
162544,Playing,4117504,11670,0,0,0,0,2,2346,0,338,0,339
162795,Playing,4137984,11728,0,0,0,0,2,2350,0,338,0,339
163044,Playing,4158464,11787,0,0,0,0,2,2354,0,338,0,339
163295,Playing,4068352,11531,0,0,0,0,2,2354,0,338,0,339
163544,Playing,4124672,11691,0,0,0,0,2,2359,0,338,0,339
163796,Playing,4117504,11670,0,0,0,0,2,2362,0,338,0,339
164046,Playing,4137984,11728,0,0,0,0,2,2366,11,338,12,339
164293,Playing,4166656,11810,0,0,0,0,2,2370,15,338,16,339
164543,Playing,4104192,11633,0,0,0,0,2,2371,177,338,177,339
164792,Playing,4097024,11612,0,0,0,0,2,2374,0,338,0,339
165041,Playing,4117504,11670,0,0,0,0,2,2381,0,338,0,339
165291,Playing,4118528,11673,0,0,0,0,2,2384,0,338,0,339
165540,Playing,4111360,11653,0,0,0,0,2,2387,96,338,96,339
165791,Playing,4076544,11554,0,0,0,0,2,2389,0,338,0,339
166040,Playing,4097024,11612,0,0,0,0,2,2393,0,338,0,339
166288,Playing,4098048,11615,0,0,0,0,2,2396,94,338,94,339
166540,Playing,4090880,11595,0,0,0,0,2,2399,0,338,0,339
166789,Playing,4083712,11575,0,0,0,0,2,2402,94,338,94,339
167038,Playing,4104192,11633,0,0,0,0,2,2406,0,338,0,339
167288,Playing,4105216,11636,0,0,0,0,2,2409,0,338,0,339
167537,Playing,4098048,11615,0,0,0,0,2,2415,0,338,0,339
167786,Playing,4063232,11517,0,0,0,0,2,2417,0,338,0,339
168037,Playing,4064256,11520,0,0,0,0,2,2420,178,338,178,339
168288,Playing,4057088,11499,0,0,0,0,2,2423,175,338,175,339
168537,Playing,4105216,11636,0,0,0,0,2,2428,0,338,0,339
168784,Playing,4042752,11459,0,0,0,0,2,2429,173,338,173,339
169033,Playing,4071424,11540,0,0,0,0,2,2433,176,338,176,339
169281,Playing,4091904,11598,0,0,0,0,2,2437,0,338,0,339
169532,Playing,4112384,11656,0,0,0,0,2,2441,0,338,0,339
169779,Playing,4058112,11502,0,0,0,0,2,2442,176,338,176,339
170029,Playing,4078592,11560,0,0,0,0,2,2446,0,338,0,339
170279,Playing,4071424,11540,0,0,0,0,2,2449,96,338,96,339
170529,Playing,4064256,11520,0,0,0,0,2,2455,0,338,0,339
170777,Playing,4037632,11444,0,0,0,0,2,2457,0,338,0,339
171027,Playing,4030464,11424,0,0,0,0,2,2460,0,338,0,339
171276,Playing,4050944,11482,0,0,0,0,2,2464,95,338,95,339
171527,Playing,4071424,11540,0,0,0,0,2,2468,0,338,0,339
171777,Playing,4044800,11464,0,0,0,0,2,2470,0,338,0,339
172028,Playing,4037632,11444,0,0,0,0,2,2473,0,338,0,339
172277,Playing,4058112,11502,0,0,0,0,2,2477,0,338,0,339
172529,Playing,4050944,11482,0,0,0,0,2,2480,172,338,172,339
172777,Playing,4024320,11406,0,0,0,0,2,2482,0,338,0,339
173026,Playing,4017152,11386,0,0,0,0,2,2485,175,338,175,339
173277,Playing,4009984,11366,0,0,0,0,2,2491,177,338,177,339
173524,Playing,4038656,11447,0,0,0,0,2,2495,0,338,0,339
173773,Playing,3976192,11270,0,0,0,0,2,2496,174,338,174,339
174025,Playing,3996672,11328,0,0,0,0,2,2500,174,338,175,339
174276,Playing,4044800,11464,0,0,0,0,2,2505,0,338,0,339
174525,Playing,4018176,11389,0,0,0,0,2,2507,96,338,96,339
174774,Playing,4011008,11369,0,0,0,0,2,2510,0,338,0,339
175019,Playing,4003840,11348,0,0,0,0,2,2513,174,338,174,339
175268,Playing,4032512,11430,0,0,0,0,2,2517,0,338,0,339
175518,Playing,4025344,11409,0,0,0,0,2,2520,175,338,175,339
175768,Playing,4045824,11467,0,0,0,0,2,2524,0,338,0,339
176019,Playing,3992576,11316,0,0,0,0,2,2528,0,338,10,339
176267,Playing,4002816,11345,0,0,0,0,2,2532,0,338,0,339
176519,Playing,3995648,11325,0,0,0,0,2,2535,0,338,0,339
176765,Playing,3960832,11226,0,0,0,0,2,2537,0,338,0,339
177016,Playing,3981312,11284,0,0,0,0,2,2541,0,338,0,339
177269,Playing,3982336,11287,0,0,0,0,2,2544,0,338,0,339
177519,Playing,3975168,11267,0,0,0,0,2,2547,175,338,176,339
177767,Playing,4023296,11403,0,0,0,0,2,2552,0,338,0,339
178015,Playing,3960832,11226,0,0,0,0,2,2553,174,338,174,339
178266,Playing,3989504,11308,0,0,0,0,2,2557,0,338,0,339
178515,Playing,3982336,11287,0,0,0,0,2,2560,0,338,0,339
178764,Playing,3984384,11293,0,0,0,0,2,2566,0,338,12,339
179014,Playing,3931136,11142,0,0,0,0,2,2568,0,338,0,339
179263,Playing,3932160,11145,0,0,0,0,2,2571,0,338,0,339
179514,Playing,3952640,11203,0,0,0,0,2,2575,0,338,0,339
179763,Playing,3945472,11183,0,0,0,0,2,2578,176,338,176,339
180013,Playing,3918848,11107,0,0,0,0,2,2580,0,338,0,339
180260,Playing,3939328,11165,0,0,0,0,2,2584,0,338,0,339
180512,Playing,3959808,11223,0,0,0,0,2,2588,0,338,0,339
180764,Playing,3952640,11203,0,0,0,0,2,2591,0,338,0,339
181011,Playing,3926016,11128,0,0,0,0,2,2593,13,338,13,339
181262,Playing,3946496,11186,0,0,0,0,2,2597,0,338,0,339
181507,Playing,3939328,11165,0,0,0,0,2,2600,97,338,97,339
181759,Playing,3931136,11142,0,0,0,0,2,2606,97,338,97,339
182009,Playing,3896320,11043,0,0,0,0,2,2608,0,338,0,339
182258,Playing,3889152,11023,0,0,0,0,2,2611,94,338,94,339
182508,Playing,3909632,11081,0,0,0,0,2,2615,0,338,0,339
182756,Playing,3938304,11162,0,0,0,0,2,2619,0,338,0,339
183008,Playing,3875840,10985,0,0,0,0,2,2620,94,338,95,339
183255,Playing,3896320,11043,0,0,0,0,2,2624,0,338,0,339
183504,Playing,3924992,11125,0,0,0,0,2,2628,0,338,0,339
183753,Playing,3917824,11104,0,0,0,0,2,2631,175,338,175,339
184002,Playing,3883008,11006,0,0,0,0,2,2633,0,338,0,339
184253,Playing,3875840,10985,0,0,0,0,2,2636,175,338,175,339
184505,Playing,3876864,10988,0,0,0,0,2,2642,0,338,16,339
184756,Playing,3897344,11046,0,0,0,0,2,2646,0,338,0,339
185005,Playing,3862528,10948,0,0,0,0,2,2648,0,338,0,339
185256,Playing,3855360,10927,0,0,0,0,2,2651,93,338,93,339
185506,Playing,3884032,11009,0,0,0,0,2,2655,1,338,1,339
185757,Playing,3876864,10988,0,0,0,0,2,2658,176,338,176,339
186005,Playing,3897344,11046,0,0,0,0,2,2662,175,338,175,339
186251,Playing,3870720,10971,0,0,0,0,2,2664,0,338,0,339
186560,Playing,3866624,10959,0,0,0,0,2,2668,12,338,12,339
186810,Playing,3867648,10962,0,0,0,0,2,2671,94,338,94,339
187060,Playing,3888128,11020,0,0,0,0,2,2675,0,338,0,339
187310,Playing,3853312,10922,0,0,0,0,2,2680,0,338,14,339
187560,Playing,3818496,10823,0,0,0,0,2,2682,0,338,0,339
187807,Playing,3847168,10904,0,0,0,0,2,2686,0,338,0,339
188057,Playing,3840000,10884,0,0,0,0,2,2689,96,338,96,339
188305,Playing,3860480,10942,0,0,0,0,2,2693,174,338,174,339
188557,Playing,3889152,11023,0,0,0,0,2,2697,0,338,0,339
188806,Playing,3826688,10846,0,0,0,0,2,2698,95,338,95,339
189055,Playing,3847168,10904,0,0,0,0,2,2702,0,338,0,339
189306,Playing,3867648,10962,0,0,0,0,2,2706,0,338,0,339
189552,Playing,3868672,10965,0,0,0,0,2,2709,174,338,174,339
189799,Playing,3861504,10945,0,0,0,0,2,2712,14,338,14,339
190048,Playing,3862528,10948,0,0,0,0,2,2715,0,338,0,339
190296,Playing,3827712,10849,0,0,0,0,2,2720,93,338,93,339
190549,Playing,3792896,10750,0,0,0,0,2,2722,0,338,0,339
190799,Playing,3813376,10808,0,0,0,0,2,2726,0,338,0,339
191048,Playing,3842048,10890,0,0,0,0,2,2730,0,338,0,339
191295,Playing,3862528,10948,0,0,0,0,2,2734,14,338,14,339
191542,Playing,3772416,10692,0,0,0,0,2,2734,14,338,14,339
191792,Playing,3828736,10852,0,0,0,0,2,2739,0,338,0,339
192042,Playing,3821568,10832,0,0,0,0,2,2742,0,338,0,339
192288,Playing,3814400,10811,0,0,0,0,2,2745,95,338,95,339
192538,Playing,3843072,10893,0,0,0,0,2,2749,174,338,174,339
192790,Playing,3808256,10794,0,0,0,0,2,2751,0,338,0,339
193039,Playing,3801088,10774,0,0,0,0,2,2757,0,338,0,339
193288,Playing,3793920,10753,0,0,0,0,2,2760,93,338,94,339
193536,Playing,3822592,10835,0,0,0,0,2,2764,0,338,0,339
193784,Playing,3787776,10736,0,0,0,0,2,2766,0,338,0,339
194033,Playing,3780608,10716,0,0,0,0,2,2769,0,338,0,339
194281,Playing,3809280,10797,0,0,0,0,2,2773,0,338,0,339
194531,Playing,3802112,10776,0,0,0,0,2,2776,93,338,93,339
194780,Playing,3794944,10756,0,0,0,0,2,2779,0,338,0,339
195030,Playing,3760128,10657,0,0,0,0,2,2781,0,338,0,339
195280,Playing,3816448,10817,0,0,0,0,2,2786,0,338,0,339
195528,Playing,3809280,10797,0,0,0,0,2,2789,0,338,0,339
195780,Playing,3765248,10672,0,0,0,0,2,2793,0,338,11,339
196029,Playing,3775488,10701,0,0,0,0,2,2797,0,338,0,339
196280,Playing,3795968,10759,0,0,0,0,2,2801,0,338,0,339
196534,Playing,3761152,10660,0,0,0,0,2,2803,0,338,0,339
196781,Playing,3809280,10797,0,0,0,0,2,2808,0,338,0,339
197031,Playing,3755008,10643,0,0,0,0,2,2809,94,338,94,339
197282,Playing,3775488,10701,0,0,0,0,2,2813,172,338,172,339
197530,Playing,3768320,10681,0,0,0,0,2,2816,172,338,172,339
197780,Playing,3816448,10817,0,0,0,0,2,2821,0,338,0,339
198031,Playing,3817472,10820,0,0,0,0,2,2824,0,338,0,339
198281,Playing,3782656,10721,0,0,0,0,2,2826,11,338,12,339
198530,Playing,3766272,10675,0,0,0,0,2,2831,0,338,14,339
198778,Playing,3776512,10704,0,0,0,0,2,2835,3,338,4,339
199028,Playing,3769344,10684,0,0,0,0,2,2838,96,338,96,339
199278,Playing,3734528,10585,0,0,0,0,2,2840,0,338,0,339
199527,Playing,3755008,10643,0,0,0,0,2,2844,92,338,92,339
199775,Playing,3783680,10724,0,0,0,0,2,2848,14,338,14,339
200026,Playing,3776512,10704,0,0,0,0,2,2851,2,338,2,339
200275,Playing,3741696,10605,0,0,0,0,2,2853,0,338,0,339
200526,Playing,3762176,10663,0,0,0,0,2,2857,0,338,0,339
200776,Playing,3763200,10666,0,0,0,0,2,2860,12,338,12,339
201023,Playing,3783680,10724,0,0,0,0,2,2864,92,338,92,339
201273,Playing,3721216,10547,0,0,0,0,2,2865,177,338,177,339
201524,Playing,3704832,10501,0,0,0,0,2,2871,95,338,95,339
201774,Playing,3733504,10582,0,0,0,0,2,2875,0,338,0,339
202024,Playing,3753984,10640,0,0,0,0,2,2879,0,338,0,339
202272,Playing,3746816,10620,0,0,0,0,2,2882,0,338,0,339
202520,Playing,3720192,10544,0,0,0,0,2,2884,0,338,0,339
202769,Playing,3713024,10524,0,0,0,0,2,2887,2,338,2,339
203016,Playing,3733504,10582,0,0,0,0,2,2891,93,338,93,339
203266,Playing,3762176,10663,0,0,0,0,2,2895,15,338,15,339
203517,Playing,3699712,10486,0,0,0,0,2,2896,177,338,177,339
203767,Playing,3720192,10544,0,0,0,0,2,2900,175,338,175,339
204014,Playing,3748864,10626,0,0,0,0,2,2904,0,338,0,339
204262,Playing,3677184,10422,0,0,0,0,2,2908,95,338,95,339
204513,Playing,3697664,10480,0,0,0,0,2,2912,0,338,0,339
204760,Playing,3698688,10483,0,0,0,0,2,2915,0,338,0,339
205007,Playing,3691520,10463,0,0,0,0,2,2918,93,338,93,339
205256,Playing,3712000,10521,0,0,0,0,2,2922,0,338,0,339
205503,Playing,3685376,10446,0,0,0,0,2,2924,3,338,4,339
205755,Playing,3705856,10504,0,0,0,0,2,2928,0,338,0,339
206004,Playing,3698688,10483,0,0,0,0,2,2931,0,338,0,339
206252,Playing,3719168,10541,0,0,0,0,2,2935,0,338,0,339
206502,Playing,3692544,10466,0,0,0,0,2,2937,0,338,0,339
206751,Playing,3685376,10446,0,0,0,0,2,2940,0,338,0,339
207002,Playing,3668992,10399,0,0,0,0,2,2946,0,338,0,339
207251,Playing,3661824,10379,0,0,0,0,2,2949,175,338,175,339
207501,Playing,3635200,10303,0,0,0,0,2,2951,2,338,2,339
207750,Playing,3628032,10283,0,0,0,0,2,2954,176,338,176,339
208061,Playing,3659776,10373,0,0,0,0,2,2959,0,338,0,339
208312,Playing,3652608,10353,0,0,0,0,2,2962,0,338,0,339
208560,Playing,3673088,10411,0,0,0,0,2,2966,0,338,0,339
208810,Playing,3665920,10390,0,0,0,0,2,2969,95,338,95,339
209060,Playing,3639296,10315,0,0,0,0,2,2971,0,338,0,339
209310,Playing,3632128,10295,0,0,0,0,2,2974,175,338,175,339
209559,Playing,3652608,10353,0,0,0,0,2,2978,176,338,176,339
209806,Playing,3625984,10277,0,0,0,0,2,2981,176,338,176,339
210055,Playing,3618816,10257,0,0,0,0,2,2986,0,338,0,339
210307,Playing,3611648,10237,0,0,0,0,2,2989,94,338,94,339
210555,Playing,3632128,10295,0,0,0,0,2,2993,2,338,2,339
210803,Playing,3633152,10298,0,0,0,0,2,2996,91,338,91,339
211052,Playing,3598336,10199,0,0,0,0,2,2998,0,338,0,339
211304,Playing,3618816,10257,0,0,0,0,2,3002,0,338,0,339
211554,Playing,3639296,10315,0,0,0,0,2,3006,0,338,0,339
211802,Playing,3640320,10318,0,0,0,0,2,3009,176,338,176,339
212051,Playing,3605504,10219,0,0,0,0,2,3011,0,338,0,339
212299,Playing,3606528,10222,0,0,0,0,2,3014,108,338,108,339
212548,Playing,3627008,10280,0,0,0,0,2,3021,0,338,12,339
212801,Playing,3619840,10260,0,0,0,0,2,3024,0,338,0,339
213050,Playing,3585024,10161,0,0,0,0,2,3026,0,338,0,339
213299,Playing,3613696,10242,0,0,0,0,2,3030,0,338,0,339
213551,Playing,3606528,10222,0,0,0,0,2,3033,0,338,0,339
213797,Playing,3627008,10280,0,0,0,0,2,3037,0,338,0,339
214048,Playing,3564544,10103,0,0,0,0,2,3038,93,338,93,339
214296,Playing,3593216,10184,0,0,0,0,2,3042,0,338,0,339
214545,Playing,3586048,10164,0,0,0,0,2,3045,95,338,95,339
214797,Playing,3634176,10300,0,0,0,0,2,3050,0,338,0,339
215047,Playing,3571712,10123,0,0,0,0,2,3051,94,338,94,339
215296,Playing,3600384,10205,0,0,0,0,2,3055,0,338,0,339
215546,Playing,3565568,10106,0,0,0,0,2,3060,178,338,178,339
215793,Playing,3586048,10164,0,0,0,0,2,3064,171,338,171,339
216044,Playing,3559424,10089,0,0,0,0,2,3066,0,338,0,339
216293,Playing,3552256,10068,0,0,0,0,2,3069,91,338,91,339
216544,Playing,3545088,10048,0,0,0,0,2,3072,0,338,0,339
216794,Playing,3593216,10184,0,0,0,0,2,3077,0,338,0,339
217042,Playing,3594240,10187,0,0,0,0,2,3080,0,338,0,339
217292,Playing,3587072,10167,0,0,0,0,2,3083,0,338,0,339
217543,Playing,3579904,10147,0,0,0,0,2,3086,0,338,0,339
217794,Playing,3572736,10126,0,0,0,0,2,3089,176,338,176,339
218041,Playing,3601408,10208,0,0,0,0,2,3093,0,338,0,339
218291,Playing,3538944,10031,0,0,0,0,2,3097,0,338,0,339
218540,Playing,3531776,10010,0,0,0,0,2,3100,0,338,0,339
218792,Playing,3552256,10068,0,0,0,0,2,3104,0,338,0,339
219045,Playing,3553280,10071,0,0,0,0,2,3107,174,338,174,339
219296,Playing,3518464,9972,0,0,0,0,2,3109,0,338,0,339
219548,Playing,3538944,10031,0,0,0,0,2,3113,0,338,0,339
219793,Playing,3559424,10089,0,0,0,0,2,3117,0,338,0,339
220042,Playing,3560448,10091,0,0,0,0,2,3120,174,338,174,339
220292,Playing,3525632,9993,0,0,0,0,2,3122,0,338,0,339
220540,Playing,3518464,9972,0,0,0,0,2,3125,91,338,91,339
220791,Playing,3547136,10054,0,0,0,0,2,3129,0,338,0,339
221042,Playing,3539968,10033,0,0,0,0,2,3135,0,338,0,339
221291,Playing,3505152,9935,0,0,0,0,2,3137,0,338,0,339
221538,Playing,3506176,9938,0,0,0,0,2,3140,91,338,91,339
221788,Playing,3526656,9996,0,0,0,0,2,3144,0,338,0,339
222034,Playing,3519488,9975,0,0,0,0,2,3147,93,338,93,339
222284,Playing,3512320,9955,0,0,0,0,2,3150,0,338,0,339
222533,Playing,3513344,9958,0,0,0,0,2,3153,0,338,0,339
222781,Playing,3506176,9938,0,0,0,0,2,3156,0,338,0,339
223032,Playing,3526656,9996,0,0,0,0,2,3160,177,338,177,339
223284,Playing,3464192,9819,0,0,0,0,2,3161,95,338,95,339
223536,Playing,3492864,9900,0,0,0,0,2,3165,95,338,96,339
223786,Playing,3513344,9958,0,0,0,0,2,3169,0,338,0,339
224035,Playing,3506176,9938,0,0,0,0,2,3175,0,338,0,339
224286,Playing,3499008,9917,0,0,0,0,2,3178,13,338,13,339
224535,Playing,3500032,9920,0,0,0,0,2,3181,0,338,0,339
224785,Playing,3465216,9822,0,0,0,0,2,3183,93,338,93,339
225033,Playing,3513344,9958,0,0,0,0,2,3188,0,338,0,339
225284,Playing,3533824,10016,0,0,0,0,2,3192,14,338,14,339
225534,Playing,3534848,10019,0,0,0,0,2,3195,0,338,0,339
225783,Playing,3527680,9999,0,0,0,0,2,3198,0,338,0,339
226034,Playing,3520512,9978,0,0,0,0,2,3201,0,338,0,339
226284,Playing,3485696,9880,0,0,0,0,2,3203,93,338,93,339
226533,Playing,3486720,9882,0,0,0,0,2,3206,0,338,0,339
226782,Playing,3497984,9914,0,0,0,0,2,3213,0,338,0,339
227031,Playing,3463168,9816,0,0,0,0,2,3215,0,338,0,339
227282,Playing,3464192,9819,0,0,0,0,2,3218,176,338,176,339
227532,Playing,3484672,9877,0,0,0,0,2,3222,0,338,0,339
227781,Playing,3449856,9778,0,0,0,0,2,3224,0,338,0,339
228031,Playing,3470336,9836,0,0,0,0,2,3228,0,338,0,339
228279,Playing,3471360,9839,0,0,0,0,2,3231,0,338,0,339
228527,Playing,3491840,9897,0,0,0,0,2,3235,2,338,2,339
228775,Playing,3457024,9798,0,0,0,0,2,3237,0,338,0,339
229022,Playing,3458048,9801,0,0,0,0,2,3240,11,338,11,339
229268,Playing,3450880,9781,0,0,0,0,2,3243,97,338,97,339
229517,Playing,3416064,9682,0,0,0,0,2,3245,0,338,0,339
229767,Playing,3407872,9659,0,0,0,0,2,3251,91,338,91,339
230017,Playing,3400704,9639,0,0,0,0,2,3254,95,338,95,339
230267,Playing,3448832,9775,0,0,0,0,2,3259,0,338,0,339
230517,Playing,3386368,9598,0,0,0,0,2,3260,174,338,174,339
230763,Playing,3415040,9679,0,0,0,0,2,3264,0,338,0,339
231012,Playing,3407872,9659,0,0,0,0,2,3267,0,338,0,339
231261,Playing,3428352,9717,0,0,0,0,2,3271,175,338,175,339
231513,Playing,3457024,9798,0,0,0,0,2,3275,0,338,0,339
231763,Playing,3394560,9621,0,0,0,0,2,3276,92,338,92,339
232010,Playing,3415040,9679,0,0,0,0,2,3280,0,338,0,339
232260,Playing,3425280,9708,0,0,0,0,2,3286,0,338,15,339
232509,Playing,3399680,9636,0,0,0,0,2,3289,0,338,0,339
232759,Playing,3364864,9537,0,0,0,0,2,3291,0,338,0,339
233007,Playing,3393536,9618,0,0,0,0,2,3295,0,338,0,339
233256,Playing,3386368,9598,0,0,0,0,2,3298,98,338,98,339
233505,Playing,3406848,9656,0,0,0,0,2,3302,95,338,95,339
233756,Playing,3372032,9557,0,0,0,0,2,3304,0,338,0,339
234006,Playing,3373056,9560,0,0,0,0,2,3307,95,338,95,339
234254,Playing,3393536,9618,0,0,0,0,2,3311,0,338,0,339
234504,Playing,3414016,9676,0,0,0,0,2,3315,0,338,0,339
234755,Playing,3387392,9601,0,0,0,0,2,3317,0,338,0,339
235004,Playing,3352576,9502,0,0,0,0,2,3319,90,338,90,339
235251,Playing,3373056,9560,0,0,0,0,2,3326,0,338,0,339
235503,Playing,3365888,9540,0,0,0,0,2,3329,178,338,178,339
235751,Playing,3339264,9465,0,0,0,0,2,3331,0,338,0,339
236001,Playing,3332096,9444,0,0,0,0,2,3334,98,338,98,339
236250,Playing,3352576,9502,0,0,0,0,2,3338,95,338,95,339
236500,Playing,3373056,9560,0,0,0,0,2,3342,0,338,0,339
236752,Playing,3401728,9642,0,0,0,0,2,3346,0,338,0,339
237002,Playing,3339264,9465,0,0,0,0,2,3347,96,338,96,339
237251,Playing,3359744,9523,0,0,0,0,2,3351,0,338,0,339
237561,Playing,3419136,9691,0,0,0,0,2,3357,0,338,0,339
237750,Playing,3381248,9584,0,0,0,0,2,3358,176,338,176,339
238061,Playing,3349504,9494,0,0,0,0,2,3364,0,338,0,339
238311,Playing,3350528,9496,0,0,0,0,2,3367,0,338,0,339
238560,Playing,3315712,9398,0,0,0,0,2,3369,0,338,0,339
238809,Playing,3336192,9456,0,0,0,0,2,3373,12,338,12,339
239000,Playing,3353600,9505,0,0,0,0,2,3376,95,338,95,339
239251,Playing,3346432,9485,0,0,0,0,2,3379,0,338,0,339
239501,Playing,3339264,9465,0,0,0,0,2,3382,0,338,0,339
239751,Playing,3340288,9467,0,0,0,0,2,3385,93,338,93,339
240002,Playing,3360768,9525,0,0,0,0,2,3389,91,338,92,339
240251,Playing,3325952,9427,0,0,0,0,2,3391,0,338,0,339
240503,Playing,3346432,9485,0,0,0,0,2,3395,0,338,0,339
240753,Playing,3347456,9488,0,0,0,0,2,3401,0,338,0,339
241062,Playing,3288064,9319,0,0,0,0,2,3403,92,338,93,339
241313,Playing,3316736,9401,0,0,0,0,2,3407,14,338,14,339
241560,Playing,3309568,9380,0,0,0,0,2,3410,0,338,0,339
241808,Playing,3302400,9360,0,0,0,0,2,3413,3,338,3,339
242058,Playing,3331072,9441,0,0,0,0,2,3417,0,338,0,339
242309,Playing,3351552,9499,0,0,0,0,2,3421,0,338,0,339
242560,Playing,3289088,9322,0,0,0,0,2,3422,98,338,98,339
242810,Playing,3309568,9380,0,0,0,0,2,3426,0,338,0,339
243058,Playing,3338240,9462,0,0,0,0,2,3430,0,338,0,339
243305,Playing,3331072,9441,0,0,0,0,2,3433,0,338,0,339
243554,Playing,3287040,9317,0,0,0,0,2,3437,0,338,12,339
243802,Playing,3269632,9267,0,0,0,0,2,3440,0,338,0,339
244050,Playing,3290112,9325,0,0,0,0,2,3444,94,338,94,339
244300,Playing,3310592,9383,0,0,0,0,2,3448,0,338,0,339
244548,Playing,3256320,9229,0,0,0,0,2,3449,174,338,174,339
244799,Playing,3276800,9287,0,0,0,0,2,3453,96,338,96,339
245050,Playing,3297280,9346,0,0,0,0,2,3457,0,338,0,339
245298,Playing,3290112,9325,0,0,0,0,2,3460,97,338,97,339
245548,Playing,3263488,9250,0,0,0,0,2,3462,0,338,0,339
245796,Playing,3283968,9308,0,0,0,0,2,3466,0,338,0,339
246045,Playing,3276800,9287,0,0,0,0,2,3469,0,338,0,339
246296,Playing,3288064,9319,0,0,0,0,2,3475,0,338,14,339
246546,Playing,3243008,9192,0,0,0,0,2,3477,0,338,0,339
246793,Playing,3208192,9093,0,0,0,0,2,3479,0,338,0,339
247042,Playing,3283968,9308,0,0,0,0,2,3485,0,338,0,339
247292,Playing,3284992,9311,0,0,0,0,2,3488,0,338,0,339
247542,Playing,3277824,9290,0,0,0,0,2,3491,173,338,173,339
247792,Playing,3243008,9192,0,0,0,0,2,3493,0,338,0,339
248042,Playing,3263488,9250,0,0,0,0,2,3497,0,338,0,339
248291,Playing,3264512,9253,0,0,0,0,2,3500,175,338,175,339
248540,Playing,3284992,9311,0,0,0,0,2,3504,0,338,0,339
248790,Playing,3222528,9134,0,0,0,0,2,3505,93,338,93,339
249040,Playing,3270656,9270,0,0,0,0,2,3510,0,338,0,339
249289,Playing,3244032,9195,0,0,0,0,2,3515,0,338,0,339
249539,Playing,3264512,9253,0,0,0,0,2,3519,0,338,0,339
249788,Playing,3229696,9154,0,0,0,0,2,3521,0,338,0,339
250040,Playing,3222528,9134,0,0,0,0,2,3524,0,338,0,339
250292,Playing,3223552,9137,0,0,0,0,2,3527,176,338,176,339
250544,Playing,3244032,9195,0,0,0,0,2,3531,176,338,176,339
250792,Playing,3292160,9331,0,0,0,0,2,3536,0,338,0,339
251041,Playing,3229696,9154,0,0,0,0,2,3537,175,338,175,339
251290,Playing,3230720,9157,0,0,0,0,2,3540,174,338,175,339
251542,Playing,3251200,9215,0,0,0,0,2,3544,0,338,0,339
251792,Playing,3244032,9195,0,0,0,0,2,3547,173,338,173,339
252039,Playing,3208192,9093,0,0,0,0,2,3552,0,338,0,339
252288,Playing,3201024,9073,0,0,0,0,2,3555,0,338,0,339
252535,Playing,3221504,9131,0,0,0,0,2,3559,177,338,178,339
252786,Playing,3186688,9032,0,0,0,0,2,3561,0,338,0,339
253035,Playing,3187712,9035,0,0,0,0,2,3564,0,338,0,339
253284,Playing,3208192,9093,0,0,0,0,2,3568,0,338,0,339
253533,Playing,3228672,9151,0,0,0,0,2,3572,0,338,0,339
253782,Playing,3229696,9154,0,0,0,0,2,3575,0,338,0,339
254034,Playing,3222528,9134,0,0,0,0,2,3578,0,338,0,339
254283,Playing,3215360,9113,0,0,0,0,2,3581,0,338,0,339
254533,Playing,3208192,9093,0,0,0,0,2,3584,0,338,0,339
254780,Playing,3190784,9044,0,0,0,0,2,3587,174,338,174,339
255030,Playing,3165184,8971,0,0,0,0,2,3592,0,338,0,339
255279,Playing,3158016,8951,0,0,0,0,2,3595,0,338,0,339
255525,Playing,3214336,9110,0,0,0,0,2,3600,0,338,0,339
255773,Playing,3207168,9090,0,0,0,0,2,3603,0,338,0,339
256025,Playing,3144704,8913,0,0,0,0,2,3604,95,338,95,339
256274,Playing,3165184,8971,0,0,0,0,2,3608,14,338,14,339
256522,Playing,3166208,8974,0,0,0,0,2,3611,0,338,0,339
256772,Playing,3159040,8954,0,0,0,0,2,3614,0,338,0,339
257024,Playing,3151872,8933,0,0,0,0,2,3617,0,338,0,339
257274,Playing,3180544,9015,0,0,0,0,2,3621,0,338,0,339
257521,Playing,3182592,9020,0,0,0,0,2,3627,0,338,15,339
257775,Playing,3101696,8791,0,0,0,0,2,3628,94,338,94,339
258026,Playing,3094528,8771,0,0,0,0,2,3631,94,338,94,339
258273,Playing,3150848,8930,0,0,0,0,2,3636,15,338,15,339
258526,Playing,3143680,8910,0,0,0,0,2,3639,0,338,0,339
258774,Playing,3108864,8811,0,0,0,0,2,3641,0,338,0,339
259024,Playing,3101696,8791,0,0,0,0,2,3644,94,338,94,339
259281,Playing,3122176,8849,0,0,0,0,2,3648,96,338,96,339
259524,Playing,3123200,8852,0,0,0,0,2,3651,92,338,92,339
259773,Playing,3143680,8910,0,0,0,0,2,3655,0,338,0,339
260023,Playing,3108864,8811,0,0,0,0,2,3657,0,338,0,339
260270,Playing,3137536,8893,0,0,0,0,2,3661,0,338,0,339
260519,Playing,3130368,8872,0,0,0,0,2,3667,0,338,0,339
260768,Playing,3067904,8695,0,0,0,0,2,3668,178,338,178,339
261018,Playing,3096576,8777,0,0,0,0,2,3672,0,338,0,339
261266,Playing,3089408,8756,0,0,0,0,2,3675,97,338,97,339
261516,Playing,3109888,8814,0,0,0,0,2,3679,0,338,0,339
261764,Playing,3138560,8896,0,0,0,0,2,3683,0,338,0,339
262015,Playing,3076096,8719,0,0,0,0,2,3684,95,338,95,339
262262,Playing,3096576,8777,0,0,0,0,2,3688,94,338,94,339
262513,Playing,3117056,8835,0,0,0,0,2,3692,4,338,4,339
262762,Playing,3118080,8838,0,0,0,0,2,3695,173,338,173,339
263009,Playing,3110912,8817,0,0,0,0,2,3698,0,338,0,339
263256,Playing,3076096,8719,0,0,0,0,2,3703,0,339,10,339
263506,Playing,3077120,8721,0,0,0,0,2,3706,174,339,174,339
263755,Playing,3097600,8780,0,0,0,0,2,3710,172,339,172,339
264004,Playing,3090432,8759,0,0,0,0,2,3713,172,339,172,339
264253,Playing,3083264,8739,0,0,0,0,2,3716,0,339,0,339
264501,Playing,3084288,8742,0,0,0,0,2,3719,0,339,0,339
264750,Playing,3104768,8800,0,0,0,0,2,3723,0,339,0,339
265000,Playing,3097600,8780,0,0,0,0,2,3726,177,339,177,339
265250,Playing,3098624,8782,0,0,0,0,2,3729,0,339,0,339
265558,Playing,3094528,8771,0,0,0,0,2,3733,0,339,0,339
265808,Playing,3123200,8852,0,0,0,0,2,3737,0,339,0,339
266058,Playing,3060736,8675,0,0,0,0,2,3741,0,339,14,339
266306,Playing,3081216,8733,0,0,0,0,2,3745,0,339,0,339
266556,Playing,3074048,8713,0,0,0,0,2,3748,0,339,0,339
266804,Playing,3075072,8716,0,0,0,0,2,3751,0,339,0,339
267053,Playing,3040256,8617,0,0,0,0,2,3753,174,339,174,339
267303,Playing,3060736,8675,0,0,0,0,2,3757,0,339,0,339
267550,Playing,3089408,8756,0,0,0,0,2,3761,0,339,0,339
267800,Playing,3109888,8814,0,0,0,0,2,3765,0,339,0,339
268050,Playing,3047424,8637,0,0,0,0,2,3766,173,339,173,339
268298,Playing,3067904,8695,0,0,0,0,2,3770,0,339,0,339
268546,Playing,3068928,8698,0,0,0,0,2,3773,98,339,98,339
268796,Playing,3052544,8652,0,0,0,0,2,3776,94,339,94,339
269046,Playing,3026944,8579,0,0,0,0,2,3781,0,339,0,339
269294,Playing,3027968,8582,0,0,0,0,2,3784,171,339,171,339
269544,Playing,3048448,8640,0,0,0,0,2,3788,175,339,175,339
269795,Playing,3068928,8698,0,0,0,0,2,3792,0,339,0,339
270046,Playing,3034112,8600,0,0,0,0,2,3794,0,339,0,339
270293,Playing,3035136,8602,0,0,0,0,2,3797,0,339,0,339
270546,Playing,3055616,8661,0,0,0,0,2,3801,0,339,0,339
270795,Playing,3048448,8640,0,0,0,0,2,3804,0,339,0,339
271043,Playing,3041280,8620,0,0,0,0,2,3807,0,339,0,339
271296,Playing,3042304,8623,0,0,0,0,2,3810,2,339,2,339
271545,Playing,3053568,8655,0,0,0,0,2,3816,0,339,15,339
271797,Playing,3027968,8582,0,0,0,0,2,3819,0,339,0,339
272046,Playing,2993152,8483,0,0,0,0,2,3821,13,339,14,339
272293,Playing,2994176,8486,0,0,0,0,2,3824,95,339,95,339
272543,Playing,3042304,8623,0,0,0,0,2,3829,0,339,0,339
272792,Playing,3035136,8602,0,0,0,0,2,3832,0,339,0,339
273042,Playing,3000320,8504,0,0,0,0,2,3834,0,339,0,339
273291,Playing,3001344,8507,0,0,0,0,2,3837,0,339,0,339
273542,Playing,2994176,8486,0,0,0,0,2,3840,172,339,172,339
273793,Playing,3014656,8544,0,0,0,0,2,3844,177,339,177,339
274041,Playing,2979840,8446,0,0,0,0,2,3846,0,339,0,339
274288,Playing,3008512,8527,0,0,0,0,2,3850,0,339,0,339
274539,Playing,3001344,8507,0,0,0,0,2,3856,0,339,0,339
274789,Playing,2994176,8486,0,0,0,0,2,3859,0,339,0,339
275039,Playing,2939904,8333,0,0,0,0,2,3860,96,339,96,339
275292,Playing,2988032,8469,0,0,0,0,2,3865,0,339,0,339
275543,Playing,2980864,8449,0,0,0,0,2,3868,0,339,0,339
275795,Playing,3001344,8507,0,0,0,0,2,3872,0,339,0,339
276046,Playing,2994176,8486,0,0,0,0,2,3875,93,339,94,339
276293,Playing,2967552,8411,0,0,0,0,2,3877,0,339,0,339
276542,Playing,2988032,8469,0,0,0,0,2,3881,0,339,0,339
276790,Playing,3008512,8527,0,0,0,0,2,3885,0,339,0,339
277040,Playing,3001344,8507,0,0,0,0,2,3888,0,339,0,339
277289,Playing,2956288,8379,0,0,0,0,2,3892,0,339,14,339
277538,Playing,2958336,8385,0,0,0,0,2,3896,0,339,0,339
277786,Playing,2951168,8364,0,0,0,0,2,3899,0,339,0,339
278035,Playing,2952192,8367,0,0,0,0,2,3902,179,339,179,339
278285,Playing,2917376,8269,0,0,0,0,2,3904,0,339,0,339
278536,Playing,2910208,8248,0,0,0,0,2,3907,178,339,178,339
278786,Playing,2958336,8385,0,0,0,0,2,3912,0,339,0,339
279033,Playing,2987008,8466,0,0,0,0,2,3916,0,339,0,339
279282,Playing,2924544,8289,0,0,0,0,2,3917,175,339,175,339
279530,Playing,2917376,8269,0,0,0,0,2,3920,176,339,176,339
279780,Playing,2946048,8350,0,0,0,0,2,3924,0,339,0,339
280029,Playing,2948096,8356,0,0,0,0,2,3930,0,339,13,339
280278,Playing,2894848,8205,0,0,0,0,2,3932,0,339,0,339
280526,Playing,2895872,8208,0,0,0,0,2,3935,99,339,99,339
280775,Playing,2916352,8266,0,0,0,0,2,3939,0,339,0,339
281027,Playing,2936832,8324,0,0,0,0,2,3943,0,339,0,339
281278,Playing,2874368,8147,0,0,0,0,2,3944,91,339,91,339
281526,Playing,2903040,8228,0,0,0,0,2,3948,13,339,13,339
281775,Playing,2923520,8286,0,0,0,0,2,3952,0,339,0,339
282023,Playing,2916352,8266,0,0,0,0,2,3955,0,339,0,339
282275,Playing,2881536,8167,0,0,0,0,2,3957,0,339,0,339
282523,Playing,2910208,8248,0,0,0,0,2,3961,12,339,12,339
282773,Playing,2903040,8228,0,0,0,0,2,3964,0,339,0,339
283022,Playing,2886656,8182,0,0,0,0,2,3970,14,339,14,339
283271,Playing,2907136,8240,0,0,0,0,2,3974,0,339,0,339
283520,Playing,2852864,8086,0,0,0,0,2,3975,174,339,174,339
283768,Playing,2873344,8144,0,0,0,0,2,3979,0,339,0,339
284016,Playing,2866176,8124,0,0,0,0,2,3982,96,339,96,339
284266,Playing,2894848,8205,0,0,0,0,2,3986,95,339,95,339
284517,Playing,2860032,8106,0,0,0,0,2,3988,0,339,0,339
284763,Playing,2880512,8164,0,0,0,0,2,3992,0,339,0,339
285014,Playing,2873344,8144,0,0,0,0,2,3995,97,339,97,339
285265,Playing,2902016,8225,0,0,0,0,2,3999,0,339,0,339
285513,Playing,2867200,8126,0,0,0,0,2,4001,0,339,0,339
285763,Playing,2832384,8028,0,0,0,0,2,4006,0,339,14,339
286013,Playing,2852864,8086,0,0,0,0,2,4010,0,339,0,339
286263,Playing,2853888,8089,0,0,0,0,2,4013,95,339,95,339
286512,Playing,2846720,8068,0,0,0,0,2,4016,0,339,0,339
286763,Playing,2839552,8048,0,0,0,0,2,4019,0,339,0,339
287012,Playing,2868224,8129,0,0,0,0,2,4023,0,339,0,339
287263,Playing,2833408,8031,0,0,0,0,2,4025,1,339,1,339
287514,Playing,2826240,8010,0,0,0,0,2,4028,0,339,0,339
287761,Playing,2846720,8068,0,0,0,0,2,4032,0,339,0,339
288009,Playing,2875392,8150,0,0,0,0,2,4036,0,339,0,339
288256,Playing,2868224,8129,0,0,0,0,2,4039,15,339,15,339
288505,Playing,2833408,8031,0,0,0,0,2,4041,0,339,0,339
288754,Playing,2834432,8034,0,0,0,0,2,4047,0,339,0,339
289004,Playing,2799616,7935,0,0,0,0,2,4049,0,339,0,339
289253,Playing,2792448,7915,0,0,0,0,2,4052,0,339,0,339
289501,Playing,2793472,7918,0,0,0,0,2,4055,94,339,94,339
289813,Playing,2817024,7984,0,0,0,0,2,4060,2,339,2,339
290001,Playing,2834432,8034,0,0,0,0,2,4063,0,339,0,339
290252,Playing,2799616,7935,0,0,0,0,2,4065,0,339,0,339
290502,Playing,2792448,7915,0,0,0,0,2,4068,92,339,92,339
290752,Playing,2793472,7918,0,0,0,0,2,4071,92,339,92,339
291001,Playing,2813952,7976,0,0,0,0,2,4075,95,339,95,339
291255,Playing,2806784,7955,0,0,0,0,2,4078,0,339,0,339
291502,Playing,2771968,7857,0,0,0,0,2,4083,0,339,0,339
291750,Playing,2772992,7859,0,0,0,0,2,4086,94,339,94,339
292001,Playing,2793472,7918,0,0,0,0,2,4090,92,339,92,339
292310,Playing,2797568,7929,0,0,0,0,2,4094,0,339,0,339
292558,Playing,2790400,7909,0,0,0,0,2,4097,0,339,0,339
292809,Playing,2810880,7967,0,0,0,0,2,4101,0,339,0,339
293061,Playing,2776064,7868,0,0,0,0,2,4103,14,339,14,339
293308,Playing,2777088,7871,0,0,0,0,2,4106,0,339,0,339
293558,Playing,2797568,7929,0,0,0,0,2,4110,175,339,175,339
293807,Playing,2790400,7909,0,0,0,0,2,4113,0,339,0,339
294060,Playing,2755584,7810,0,0,0,0,2,4115,0,339,0,339
294308,Playing,2756608,7813,0,0,0,0,2,4121,0,339,0,339
294558,Playing,2777088,7871,0,0,0,0,2,4125,0,339,0,339
294806,Playing,2769920,7851,0,0,0,0,2,4128,91,339,91,339
295058,Playing,2770944,7854,0,0,0,0,2,4131,0,339,0,339
295307,Playing,2736128,7755,0,0,0,0,2,4133,0,339,0,339
295554,Playing,2756608,7813,0,0,0,0,2,4137,173,339,173,339
295805,Playing,2785280,7894,0,0,0,0,2,4141,0,339,0,339
296053,Playing,2750464,7796,0,0,0,0,2,4143,14,339,14,339
296303,Playing,2743296,7775,0,0,0,0,2,4146,92,339,92,339
296553,Playing,2763776,7833,0,0,0,0,2,4150,0,339,0,339
296800,Playing,2764800,7836,0,0,0,0,2,4153,177,339,177,339
297053,Playing,2729984,7738,0,0,0,0,2,4158,0,339,0,339
297304,Playing,2722816,7717,0,0,0,0,2,4161,0,339,0,339
297553,Playing,2743296,7775,0,0,0,0,2,4165,0,339,0,339
297801,Playing,2771968,7857,0,0,0,0,2,4169,0,339,0,339
298052,Playing,2709504,7680,0,0,0,0,2,4170,172,339,172,339
298301,Playing,2729984,7738,0,0,0,0,2,4174,96,339,96,339
298550,Playing,2758656,7819,0,0,0,0,2,4178,0,339,0,339
298801,Playing,2751488,7799,0,0,0,0,2,4181,11,339,11,339
299047,Playing,2771968,7857,0,0,0,0,2,4185,0,339,0,339
299299,Playing,2764800,7836,0,0,0,0,2,4188,95,339,95,339
299547,Playing,2738176,7761,0,0,0,0,2,4190,0,339,0,339
299796,Playing,2721792,7714,0,0,0,0,2,4195,0,339,15,339
300045,Playing,2751488,7799,0,0,0,0,2,4200,0,339,0,339
300296,Playing,2689024,7621,0,0,0,0,2,4201,169,339,169,339
300545,Playing,2717696,7703,0,0,0,0,2,4205,0,339,0,339
300796,Playing,2738176,7761,0,0,0,0,2,4209,0,339,0,339
301047,Playing,2731008,7740,0,0,0,0,2,4212,16,339,16,339
301298,Playing,2751488,7799,0,0,0,0,2,4216,0,339,0,339
301548,Playing,2697216,7645,0,0,0,0,2,4217,177,339,177,339
301798,Playing,2717696,7703,0,0,0,0,2,4221,93,339,93,339
302048,Playing,2738176,7761,0,0,0,0,2,4225,0,339,0,339
302294,Playing,2758656,7819,0,0,0,0,2,4229,0,339,0,339
302544,Playing,2713600,7691,0,0,0,0,2,4233,0,339,14,339
302790,Playing,2688000,7619,0,0,0,0,2,4236,0,339,0,339
303039,Playing,2680832,7598,0,0,0,0,2,4239,179,339,179,339
303290,Playing,2681856,7601,0,0,0,0,2,4242,0,339,0,339
303538,Playing,2674688,7581,0,0,0,0,2,4245,0,339,0,339
303791,Playing,2667520,7560,0,0,0,0,2,4248,173,339,173,339
304040,Playing,2688000,7619,0,0,0,0,2,4252,177,339,177,339
304289,Playing,2661376,7543,0,0,0,0,2,4254,0,339,0,339
304535,Playing,2654208,7523,0,0,0,0,2,4257,175,339,175,339
304783,Playing,2674688,7581,0,0,0,0,2,4261,0,339,0,339
305033,Playing,2703360,7662,0,0,0,0,2,4265,0,339,0,339
305283,Playing,2668544,7563,0,0,0,0,2,4267,14,339,14,339
305534,Playing,2652160,7517,0,0,0,0,2,4273,0,339,0,339
305785,Playing,2644992,7497,0,0,0,0,2,4276,0,339,0,339
306035,Playing,2646016,7500,0,0,0,0,2,4279,0,339,0,339
306283,Playing,2611200,7401,0,0,0,0,2,4281,0,339,0,339
306530,Playing,2631680,7459,0,0,0,0,2,4285,1,339,1,339
306780,Playing,2632704,7462,0,0,0,0,2,4288,0,339,0,339
307029,Playing,2653184,7520,0,0,0,0,2,4292,0,339,0,339
307279,Playing,2590720,7343,0,0,0,0,2,4293,179,339,179,339
307529,Playing,2638848,7479,0,0,0,0,2,4298,0,339,0,339
307777,Playing,2639872,7482,0,0,0,0,2,4301,0,339,0,339
308027,Playing,2632704,7462,0,0,0,0,2,4304,93,339,93,339
308276,Playing,2597888,7363,0,0,0,0,2,4306,0,339,0,339
308525,Playing,2581504,7317,0,0,0,0,2,4312,0,339,0,339
308774,Playing,2582528,7320,0,0,0,0,2,4315,95,339,95,339
309024,Playing,2630656,7456,0,0,0,0,2,4320,0,339,0,339
309273,Playing,2568192,7279,0,0,0,0,2,4321,175,339,175,339
309521,Playing,2596864,7360,0,0,0,0,2,4325,0,339,0,339
309767,Playing,2617344,7418,0,0,0,0,2,4329,0,339,0,339
310016,Playing,2610176,7398,0,0,0,0,2,4332,0,339,0,339
310267,Playing,2555904,7244,0,0,0,0,2,4333,174,339,174,339
310516,Playing,2604032,7381,0,0,0,0,2,4338,0,339,0,339
310766,Playing,2596864,7360,0,0,0,0,2,4341,96,339,96,339
311015,Playing,2589696,7340,0,0,0,0,2,4347,0,339,14,339
311264,Playing,2590720,7343,0,0,0,0,2,4350,0,339,0,339
311512,Playing,2611200,7401,0,0,0,0,2,4354,0,339,0,339
311761,Playing,2548736,7224,0,0,0,0,2,4355,172,339,172,339
312010,Playing,2605056,7383,0,0,0,0,2,4360,0,339,0,339
312259,Playing,2597888,7363,0,0,0,0,2,4363,0,339,0,339
312509,Playing,2563072,7264,0,0,0,0,2,4365,0,339,0,339
312761,Playing,2555904,7244,0,0,0,0,2,4368,96,339,96,339
313011,Playing,2584576,7325,0,0,0,0,2,4372,92,339,92,339
313259,Playing,2605056,7383,0,0,0,0,2,4376,0,339,0,339
313509,Playing,2542592,7206,0,0,0,0,2,4377,173,339,173,339
313758,Playing,2563072,7264,0,0,0,0,2,4381,93,339,93,339
314006,Playing,2564096,7267,0,0,0,0,2,4387,0,339,0,339
314256,Playing,2556928,7247,0,0,0,0,2,4390,94,339,94,339
314506,Playing,2577408,7305,0,0,0,0,2,4394,14,339,14,339
314754,Playing,2578432,7308,0,0,0,0,2,4397,94,339,94,339
315006,Playing,2543616,7209,0,0,0,0,2,4399,0,339,0,339
315255,Playing,2591744,7346,0,0,0,0,2,4404,0,339,0,339
315503,Playing,2584576,7325,0,0,0,0,2,4407,0,339,0,339
315753,Playing,2557952,7250,0,0,0,0,2,4409,0,339,0,339
316004,Playing,2578432,7308,0,0,0,0,2,4413,0,339,0,339
316252,Playing,2571264,7288,0,0,0,0,2,4416,0,339,0,339
316503,Playing,2564096,7267,0,0,0,0,2,4419,94,339,94,339
316750,Playing,2537472,7192,0,0,0,0,2,4424,0,339,0,339
317000,Playing,2530304,7172,0,0,0,0,2,4427,0,339,0,339
317250,Playing,2550784,7230,0,0,0,0,2,4431,16,339,16,339
317560,Playing,2554880,7241,0,0,0,0,2,4435,0,339,0,339
317809,Playing,2547712,7221,0,0,0,0,2,4438,12,339,12,339
318061,Playing,2548736,7224,0,0,0,0,2,4441,95,339,95,339
318312,Playing,2541568,7203,0,0,0,0,2,4444,0,339,0,339
318500,Playing,2558976,7253,0,0,0,0,2,4447,0,339,0,339
318809,Playing,2527232,7163,0,0,0,0,2,4450,93,339,93,339
319059,Playing,2500608,7087,0,0,0,0,2,4452,0,339,0,339
319308,Playing,2493440,7067,0,0,0,0,2,4455,0,339,0,339
319559,Playing,2513920,7125,0,0,0,0,2,4462,0,339,0,339
319808,Playing,2542592,7206,0,0,0,0,2,4466,16,339,16,339
320060,Playing,2535424,7186,0,0,0,0,2,4469,15,339,15,339
320310,Playing,2500608,7087,0,0,0,0,2,4471,0,339,0,339
320562,Playing,2493440,7067,0,0,0,0,2,4474,0,339,0,339
320811,Playing,2513920,7125,0,0,0,0,2,4478,95,339,95,339
321058,Playing,2514944,7128,0,0,0,0,2,4481,93,339,93,339
321306,Playing,2480128,7029,0,0,0,0,2,4483,0,339,0,339
321555,Playing,2500608,7087,0,0,0,0,2,4487,0,339,0,339
321805,Playing,2529280,7169,0,0,0,0,2,4491,0,339,0,339
322055,Playing,2522112,7148,0,0,0,0,2,4494,0,339,0,339
322304,Playing,2514944,7128,0,0,0,0,2,4500,0,339,0,339
322555,Playing,2452480,6951,0,0,0,0,2,4501,177,339,177,339
322802,Playing,2481152,7032,0,0,0,0,2,4505,0,339,0,339
323049,Playing,2501632,7090,0,0,0,0,2,4509,91,339,91,339
323300,Playing,2522112,7148,0,0,0,0,2,4513,0,339,0,339
323551,Playing,2495488,7073,0,0,0,0,2,4515,0,339,0,339
323800,Playing,2488320,7053,0,0,0,0,2,4518,0,339,0,339
324050,Playing,2508800,7111,0,0,0,0,2,4522,0,339,0,339
324300,Playing,2501632,7090,0,0,0,0,2,4525,0,339,0,339
324547,Playing,2447360,6936,0,0,0,0,2,4526,175,339,175,339
324795,Playing,2495488,7073,0,0,0,0,2,4531,0,339,0,339
325046,Playing,2460672,6974,0,0,0,0,2,4533,0,339,0,339
325294,Playing,2434048,6899,0,0,0,0,2,4538,0,339,0,339
325544,Playing,2426880,6878,0,0,0,0,2,4541,94,339,94,339
325792,Playing,2475008,7015,0,0,0,0,2,4546,0,339,0,339
326038,Playing,2476032,7018,0,0,0,0,2,4549,1,339,1,339
326285,Playing,2496512,7076,0,0,0,0,2,4553,0,339,0,339
326536,Playing,2434048,6899,0,0,0,0,2,4554,178,339,178,339
326784,Playing,2462720,6980,0,0,0,0,2,4558,0,339,0,339
327034,Playing,2455552,6960,0,0,0,0,2,4561,91,339,91,339
327284,Playing,2448384,6939,0,0,0,0,2,4564,0,339,0,339
327534,Playing,2441216,6919,0,0,0,0,2,4567,0,339,0,339
327782,Playing,2469888,7000,0,0,0,0,2,4571,0,339,0,339
328030,Playing,2425856,6876,0,0,0,0,2,4576,94,339,94,339
328281,Playing,2446336,6934,0,0,0,0,2,4580,0,339,0,339
328529,Playing,2419712,6858,0,0,0,0,2,4582,0,339,0,339
328775,Playing,2440192,6916,0,0,0,0,2,4586,0,339,0,339
329023,Playing,2433024,6896,0,0,0,0,2,4589,10,339,10,339
329272,Playing,2461696,6977,0,0,0,0,2,4593,0,339,0,339
329521,Playing,2426880,6878,0,0,0,0,2,4595,2,339,2,339
329770,Playing,2419712,6858,0,0,0,0,2,4598,0,339,0,339
330020,Playing,2420736,6861,0,0,0,0,2,4601,94,339,94,339
330267,Playing,2441216,6919,0,0,0,0,2,4605,0,339,0,339
330518,Playing,2434048,6899,0,0,0,0,2,4608,95,339,95,339
330767,Playing,2398208,6797,0,0,0,0,2,4613,0,339,0,339
331016,Playing,2418688,6855,0,0,0,0,2,4617,0,339,0,339
331265,Playing,2411520,6835,0,0,0,0,2,4620,0,339,0,339
331514,Playing,2376704,6736,0,0,0,0,2,4622,0,339,0,339
331764,Playing,2377728,6739,0,0,0,0,2,4625,0,339,0,339
332012,Playing,2398208,6797,0,0,0,0,2,4629,0,339,0,339
332262,Playing,2418688,6855,0,0,0,0,2,4633,0,339,0,339
332512,Playing,2356224,6678,0,0,0,0,2,4634,179,339,179,339
332758,Playing,2384896,6759,0,0,0,0,2,4638,176,339,176,339
333007,Playing,2405376,6817,0,0,0,0,2,4642,0,339,0,339
333254,Playing,2406400,6820,0,0,0,0,2,4645,0,339,0,339
333504,Playing,2371584,6722,0,0,0,0,2,4647,2,339,3,339
333754,Playing,2355200,6675,0,0,0,0,2,4653,0,339,0,339
334007,Playing,2348032,6655,0,0,0,0,2,4656,177,339,177,339
334259,Playing,2340864,6635,0,0,0,0,2,4659,177,339,178,339
334508,Playing,2341888,6638,0,0,0,0,2,4662,0,339,0,339
334756,Playing,2334720,6617,0,0,0,0,2,4665,176,339,177,339
335005,Playing,2355200,6675,0,0,0,0,2,4669,0,339,0,339
335254,Playing,2348032,6655,0,0,0,0,2,4672,0,339,0,339
335506,Playing,2376704,6736,0,0,0,0,2,4676,0,339,0,339
335754,Playing,2341888,6638,0,0,0,0,2,4678,15,339,15,339
336004,Playing,2334720,6617,0,0,0,0,2,4681,0,339,0,339
336254,Playing,2363392,6698,0,0,0,0,2,4685,174,339,174,339
336504,Playing,2300928,6521,0,0,0,0,2,4689,0,339,0,339
336752,Playing,2293760,6501,0,0,0,0,2,4692,97,339,97,339
337003,Playing,2314240,6559,0,0,0,0,2,4696,0,339,0,339
337251,Playing,2342912,6640,0,0,0,0,2,4700,0,339,0,339
337500,Playing,2308096,6542,0,0,0,0,2,4702,0,339,0,339
337812,Playing,2312192,6553,0,0,0,0,2,4706,176,339,176,339
338059,Playing,2305024,6533,0,0,0,0,2,4709,15,339,15,339
338307,Playing,2297856,6513,0,0,0,0,2,4712,95,339,95,339
338558,Playing,2326528,6594,0,0,0,0,2,4716,0,339,0,339
338810,Playing,2319360,6574,0,0,0,0,2,4719,176,339,176,339
339059,Playing,2339840,6632,0,0,0,0,2,4723,0,339,0,339
339311,Playing,2277376,6455,0,0,0,0,2,4727,0,339,0,339
339561,Playing,2297856,6513,0,0,0,0,2,4731,0,339,0,339
339809,Playing,2298880,6516,0,0,0,0,2,4734,96,339,96,339
340058,Playing,2264064,6417,0,0,0,0,2,4736,0,339,0,339
340306,Playing,2284544,6475,0,0,0,0,2,4740,0,339,0,339
340555,Playing,2285568,6478,0,0,0,0,2,4743,0,339,0,339
340805,Playing,2306048,6536,0,0,0,0,2,4747,0,339,0,339
341054,Playing,2326528,6594,0,0,0,0,2,4751,0,339,0,339
341305,Playing,2299904,6519,0,0,0,0,2,4753,14,339,14,339
341555,Playing,2292736,6498,0,0,0,0,2,4756,0,339,0,339
341806,Playing,2313216,6556,0,0,0,0,2,4760,0,339,0,339
342056,Playing,2278400,6458,0,0,0,0,2,4765,0,339,0,339
342304,Playing,2279424,6460,0,0,0,0,2,4768,97,339,97,339
342554,Playing,2244608,6362,0,0,0,0,2,4770,0,339,0,339
342803,Playing,2265088,6420,0,0,0,0,2,4774,94,339,94,339
343054,Playing,2285568,6478,0,0,0,0,2,4778,0,339,0,339
343304,Playing,2314240,6559,0,0,0,0,2,4782,0,339,0,339
343554,Playing,2307072,6539,0,0,0,0,2,4785,0,339,0,339
343802,Playing,2272256,6440,0,0,0,0,2,4787,0,339,0,339
344053,Playing,2265088,6420,0,0,0,0,2,4790,96,339,96,339
344303,Playing,2293760,6501,0,0,0,0,2,4794,0,339,0,339
344553,Playing,2314240,6559,0,0,0,0,2,4798,11,339,11,339
344800,Playing,2242560,6356,0,0,0,0,2,4801,0,339,14,339
345052,Playing,2244608,6362,0,0,0,0,2,4805,173,339,173,339
345300,Playing,2245632,6365,0,0,0,0,2,4808,175,339,175,339
345550,Playing,2266112,6423,0,0,0,0,2,4812,0,339,0,339
345799,Playing,2258944,6402,0,0,0,0,2,4815,0,339,0,339
346049,Playing,2251776,6382,0,0,0,0,2,4818,0,339,0,339
346298,Playing,2252800,6385,0,0,0,0,2,4821,90,339,90,339
346549,Playing,2273280,6443,0,0,0,0,2,4825,0,339,0,339
346798,Playing,2293760,6501,0,0,0,0,2,4829,0,339,0,339
347047,Playing,2239488,6347,0,0,0,0,2,4830,176,339,176,339
347293,Playing,2259968,6405,0,0,0,0,2,4834,0,339,0,339
347542,Playing,2243584,6359,0,0,0,0,2,4839,0,339,13,339
347791,Playing,2226176,6310,0,0,0,0,2,4842,0,339,0,339
348039,Playing,2219008,6289,0,0,0,0,2,4845,3,339,3,339
348287,Playing,2239488,6347,0,0,0,0,2,4849,0,339,0,339
348537,Playing,2268160,6429,0,0,0,0,2,4853,0,339,0,339
348784,Playing,2205696,6251,0,0,0,0,2,4854,93,339,93,339
349033,Playing,2198528,6231,0,0,0,0,2,4857,95,339,95,339
349282,Playing,2227200,6312,0,0,0,0,2,4861,0,339,0,339
349532,Playing,2275328,6449,0,0,0,0,2,4866,0,339,0,339
349784,Playing,2212864,6272,0,0,0,0,2,4867,175,339,175,339
350032,Playing,2205696,6251,0,0,0,0,2,4870,172,339,172,339
350283,Playing,2226176,6310,0,0,0,0,2,4874,0,339,0,339
350532,Playing,2199552,6234,0,0,0,0,2,4879,175,339,175,339
350779,Playing,2164736,6135,0,0,0,0,2,4881,0,339,0,339
351028,Playing,2193408,6217,0,0,0,0,2,4885,0,339,0,339
351280,Playing,2213888,6275,0,0,0,0,2,4889,0,339,0,339
351530,Playing,2206720,6254,0,0,0,0,2,4892,177,339,177,339
351779,Playing,2144256,6077,0,0,0,0,2,4893,93,339,93,339
352029,Playing,2192384,6214,0,0,0,0,2,4898,0,339,0,339
352278,Playing,2221056,6295,0,0,0,0,2,4902,0,339,0,339
352528,Playing,2213888,6275,0,0,0,0,2,4905,0,339,0,339
352777,Playing,2206720,6254,0,0,0,0,2,4908,0,339,0,339
353028,Playing,2207744,6257,0,0,0,0,2,4911,0,339,0,339
353279,Playing,2163712,6132,0,0,0,0,2,4916,0,339,0,339
353530,Playing,2156544,6112,0,0,0,0,2,4919,175,339,175,339
353778,Playing,2204672,6249,0,0,0,0,2,4924,0,339,0,339
354030,Playing,2142208,6072,0,0,0,0,2,4925,177,339,177,339
354278,Playing,2170880,6153,0,0,0,0,2,4929,0,339,0,339
354528,Playing,2191360,6211,0,0,0,0,2,4933,0,339,0,339
354778,Playing,2156544,6112,0,0,0,0,2,4935,94,339,94,339
355026,Playing,2157568,6115,0,0,0,0,2,4938,0,339,0,339
355275,Playing,2150400,6095,0,0,0,0,2,4941,0,339,0,339
355525,Playing,2170880,6153,0,0,0,0,2,4945,0,339,0,339
355774,Playing,2191360,6211,0,0,0,0,2,4949,0,339,0,339
356022,Playing,2137088,6057,0,0,0,0,2,4950,174,339,174,339
356270,Playing,2120704,6011,0,0,0,0,2,4956,92,339,92,339
356519,Playing,2141184,6069,0,0,0,0,2,4960,0,339,0,339
356767,Playing,2142208,6072,0,0,0,0,2,4963,173,339,173,339
357017,Playing,2107392,5973,0,0,0,0,2,4965,0,339,0,339
357264,Playing,2127872,6031,0,0,0,0,2,4969,0,339,0,339
357513,Playing,2128896,6034,0,0,0,0,2,4972,177,339,177,339
357765,Playing,2149376,6092,0,0,0,0,2,4976,96,339,96,339
358014,Playing,2114560,5993,0,0,0,0,2,4978,0,339,0,339
358261,Playing,2107392,5973,0,0,0,0,2,4981,174,339,174,339
358511,Playing,2136064,6054,0,0,0,0,2,4985,0,339,0,339
358761,Playing,2128896,6034,0,0,0,0,2,4988,173,339,173,339
359007,Playing,2084864,5909,0,0,0,0,2,4993,0,339,0,339
359256,Playing,2085888,5912,0,0,0,0,2,4996,0,339,0,339
359504,Playing,2078720,5892,0,0,0,0,2,4999,174,339,174,339
359754,Playing,2071552,5871,0,0,0,0,2,5002,0,339,0,339
360001,Playing,2072576,5874,0,0,0,0,2,5005,0,339,0,339
360251,Playing,2065408,5854,0,0,0,0,2,5008,89,339,89,339
360558,Playing,2069504,5865,0,0,0,0,2,5012,175,339,175,339
360807,Playing,2089984,5923,0,0,0,0,2,5016,0,339,0,339
361058,Playing,2082816,5903,0,0,0,0,2,5019,173,339,173,339
361307,Playing,2111488,5984,0,0,0,0,2,5023,174,339,174,339
361557,Playing,2076672,5886,0,0,0,0,2,5025,13,339,13,339
361805,Playing,2041856,5787,0,0,0,0,2,5030,96,339,96,339
362055,Playing,2062336,5845,0,0,0,0,2,5034,0,339,0,339
362305,Playing,2035712,5770,0,0,0,0,2,5036,0,339,0,339
362556,Playing,2028544,5749,0,0,0,0,2,5039,96,339,96,339
362804,Playing,2049024,5807,0,0,0,0,2,5043,16,339,16,339
363052,Playing,2069504,5865,0,0,0,0,2,5047,0,339,0,339
363301,Playing,2070528,5868,0,0,0,0,2,5050,96,339,96,339
363553,Playing,2063360,5848,0,0,0,0,2,5053,0,339,0,339
363803,Playing,2056192,5828,0,0,0,0,2,5056,0,339,0,339
364053,Playing,2076672,5886,0,0,0,0,2,5060,0,339,0,339
364301,Playing,2077696,5889,0,0,0,0,2,5063,0,339,0,339
364552,Playing,2070528,5868,0,0,0,0,2,5069,0,339,0,339
364804,Playing,2063360,5848,0,0,0,0,2,5072,92,339,92,339
365051,Playing,2028544,5749,0,0,0,0,2,5074,0,339,0,339
365300,Playing,2057216,5831,0,0,0,0,2,5078,0,339,0,339
365550,Playing,2050048,5810,0,0,0,0,2,5081,0,339,0,339
365800,Playing,2070528,5868,0,0,0,0,2,5085,0,339,0,339
366049,Playing,2008064,5691,0,0,0,0,2,5086,175,339,175,339
366298,Playing,2036736,5773,0,0,0,0,2,5090,95,339,95,339
366547,Playing,2057216,5831,0,0,0,0,2,5094,0,339,0,339
366799,Playing,2077696,5889,0,0,0,0,2,5098,0,339,0,339
367050,Playing,2015232,5712,0,0,0,0,2,5099,175,339,175,339
367298,Playing,2016256,5715,0,0,0,0,2,5105,0,339,15,339
367549,Playing,2009088,5694,0,0,0,0,2,5108,89,339,89,339
367797,Playing,2029568,5752,0,0,0,0,2,5112,0,339,0,339
368045,Playing,2002944,5677,0,0,0,0,2,5114,0,339,0,339
368294,Playing,1995776,5656,0,0,0,0,2,5117,92,339,92,339
368543,Playing,2016256,5715,0,0,0,0,2,5121,90,339,90,339
368797,Playing,2036736,5773,0,0,0,0,2,5125,0,339,0,339
369045,Playing,2010112,5697,0,0,0,0,2,5127,0,339,0,339
369298,Playing,2030592,5755,0,0,0,0,2,5131,0,339,0,339
369548,Playing,1995776,5656,0,0,0,0,2,5133,93,339,93,339
369799,Playing,2016256,5715,0,0,0,0,2,5137,95,339,95,339
370049,Playing,2017280,5717,0,0,0,0,2,5143,95,339,95,339
370295,Playing,1982464,5619,0,0,0,0,2,5145,0,339,0,339
370544,Playing,1975296,5598,0,0,0,0,2,5148,174,339,174,339
370793,Playing,2003968,5680,0,0,0,0,2,5152,0,339,0,339
371041,Playing,2024448,5738,0,0,0,0,2,5156,0,339,0,339
371291,Playing,1961984,5561,0,0,0,0,2,5157,176,339,176,339
371541,Playing,2010112,5697,0,0,0,0,2,5162,0,339,0,339
371790,Playing,2011136,5700,0,0,0,0,2,5165,0,339,0,339
372041,Playing,2003968,5680,0,0,0,0,2,5168,95,339,95,339
372290,Playing,1969152,5581,0,0,0,0,2,5170,0,339,0,339
372538,Playing,1997824,5662,0,0,0,0,2,5174,0,339,0,339
372788,Playing,2009088,5694,0,0,0,0,2,5180,0,339,12,339
373037,Playing,1983488,5622,0,0,0,0,2,5183,0,339,0,339
373285,Playing,1948672,5523,0,0,0,0,2,5185,0,339,0,339
373535,Playing,1977344,5604,0,0,0,0,2,5189,0,339,0,339
373785,Playing,1970176,5584,0,0,0,0,2,5192,2,339,2,339
374034,Playing,1990656,5642,0,0,0,0,2,5196,0,339,0,339
374283,Playing,1964032,5566,0,0,0,0,2,5198,0,339,0,339
374533,Playing,1956864,5546,0,0,0,0,2,5201,0,339,0,339
374782,Playing,1949696,5526,0,0,0,0,2,5204,174,339,174,339
375031,Playing,1997824,5662,0,0,0,0,2,5209,0,339,0,339
375280,Playing,1915904,5430,0,0,0,0,2,5209,0,339,0,339
375530,Playing,1964032,5566,0,0,0,0,2,5214,0,339,0,339
375781,Playing,1929216,5468,0,0,0,0,2,5219,0,339,0,339
376030,Playing,1949696,5526,0,0,0,0,2,5223,0,339,0,339
376279,Playing,1950720,5529,0,0,0,0,2,5226,94,339,94,339
376529,Playing,1943552,5508,0,0,0,0,2,5229,0,339,0,339
376778,Playing,1908736,5410,0,0,0,0,2,5231,174,339,175,339
377026,Playing,1929216,5468,0,0,0,0,2,5235,96,339,96,339
377276,Playing,1957888,5549,0,0,0,0,2,5239,0,339,0,339
377528,Playing,1978368,5607,0,0,0,0,2,5243,0,339,0,339
377776,Playing,1915904,5430,0,0,0,0,2,5244,177,339,177,339
378026,Playing,1964032,5566,0,0,0,0,2,5249,0,339,0,339
378276,Playing,1937408,5491,0,0,0,0,2,5251,93,339,93,339
378526,Playing,1911808,5418,0,0,0,0,2,5256,0,339,15,339
378775,Playing,1886208,5346,0,0,0,0,2,5259,0,339,0,339
379024,Playing,1887232,5349,0,0,0,0,2,5262,173,339,173,339
379274,Playing,1907712,5407,0,0,0,0,2,5266,176,339,176,339
379522,Playing,1872896,5308,0,0,0,0,2,5268,14,339,14,339
379772,Playing,1893376,5366,0,0,0,0,2,5272,96,339,96,339
380019,Playing,1922048,5447,0,0,0,0,2,5276,14,339,14,339
380267,Playing,1914880,5427,0,0,0,0,2,5279,0,339,0,339
380515,Playing,1888256,5352,0,0,0,0,2,5281,0,339,0,339
380764,Playing,1881088,5331,0,0,0,0,2,5284,0,339,0,339
381014,Playing,1901568,5389,0,0,0,0,2,5288,0,339,0,339
381262,Playing,1903616,5395,0,0,0,0,2,5294,0,339,14,339
381513,Playing,1886208,5346,0,0,0,0,2,5297,0,339,0,339
381761,Playing,1851392,5247,0,0,0,0,2,5299,2,339,2,339
382009,Playing,1871872,5305,0,0,0,0,2,5303,0,339,0,339
382260,Playing,1864704,5285,0,0,0,0,2,5306,0,339,0,339
382507,Playing,1893376,5366,0,0,0,0,2,5310,0,339,0,339
382757,Playing,1858560,5268,0,0,0,0,2,5312,0,339,0,339
383004,Playing,1851392,5247,0,0,0,0,2,5315,0,339,0,339
383252,Playing,1880064,5328,0,0,0,0,2,5319,0,339,0,339
383501,Playing,1900544,5387,0,0,0,0,2,5323,0,339,0,339
383750,Playing,1893376,5366,0,0,0,0,2,5326,0,339,0,339
384061,Playing,1879040,5326,0,0,0,0,2,5332,0,339,15,339
384250,Playing,1850368,5244,0,0,0,0,2,5334,0,339,0,339
384500,Playing,1843200,5224,0,0,0,0,2,5337,0,339,0,339
384812,Playing,1819648,5157,0,0,0,0,2,5340,94,339,94,339
385058,Playing,1812480,5137,0,0,0,0,2,5343,0,339,0,339
385308,Playing,1805312,5117,0,0,0,0,2,5346,0,339,0,339
385558,Playing,1833984,5198,0,0,0,0,2,5350,0,339,0,339
385806,Playing,1854464,5256,0,0,0,0,2,5354,15,339,15,339
386056,Playing,1847296,5236,0,0,0,0,2,5357,0,339,0,339
386306,Playing,1848320,5239,0,0,0,0,2,5360,94,339,94,339
386554,Playing,1841152,5218,0,0,0,0,2,5363,0,339,0,339
386805,Playing,1833984,5198,0,0,0,0,2,5366,0,339,0,339
387054,Playing,1835008,5201,0,0,0,0,2,5372,0,339,0,339
387303,Playing,1827840,5180,0,0,0,0,2,5375,91,339,91,339
387552,Playing,1793024,5082,0,0,0,0,2,5377,0,339,0,339
387801,Playing,1813504,5140,0,0,0,0,2,5381,0,339,0,339
388052,Playing,1814528,5143,0,0,0,0,2,5384,0,339,0,339
388300,Playing,1779712,5044,0,0,0,0,2,5386,2,339,2,339
388551,Playing,1772544,5024,0,0,0,0,2,5389,176,339,176,339
388799,Playing,1820672,5160,0,0,0,0,2,5394,0,339,0,339
389050,Playing,1821696,5163,0,0,0,0,2,5397,0,339,0,339
389297,Playing,1814528,5143,0,0,0,0,2,5400,95,339,95,339
389548,Playing,1779712,5044,0,0,0,0,2,5402,0,339,0,339
389796,Playing,1780736,5047,0,0,0,0,2,5408,0,339,13,339
390048,Playing,1801216,5105,0,0,0,0,2,5412,0,339,0,339
390297,Playing,1738752,4928,0,0,0,0,2,5413,94,339,94,339
390546,Playing,1759232,4986,0,0,0,0,2,5417,172,339,172,339
390798,Playing,1787904,5067,0,0,0,0,2,5421,0,339,0,339
391048,Playing,1780736,5047,0,0,0,0,2,5424,172,339,172,339
391299,Playing,1801216,5105,0,0,0,0,2,5428,0,339,0,339
391550,Playing,1766400,5006,0,0,0,0,2,5430,0,339,0,339
391801,Playing,1759232,4986,0,0,0,0,2,5433,0,339,0,339
392050,Playing,1787904,5067,0,0,0,0,2,5437,177,339,177,339
392299,Playing,1808384,5125,0,0,0,0,2,5441,0,339,0,339
392549,Playing,1745920,4948,0,0,0,0,2,5442,179,339,179,339
392799,Playing,1738752,4928,0,0,0,0,2,5448,0,339,0,339
393048,Playing,1767424,5009,0,0,0,0,2,5452,0,339,0,339
393297,Playing,1732608,4911,0,0,0,0,2,5454,14,339,14,339
393547,Playing,1753088,4969,0,0,0,0,2,5458,0,339,0,339
393796,Playing,1754112,4971,0,0,0,0,2,5461,0,339,0,339
394045,Playing,1774592,5030,0,0,0,0,2,5465,0,339,0,339
394295,Playing,1767424,5009,0,0,0,0,2,5468,0,339,0,339
394546,Playing,1732608,4911,0,0,0,0,2,5470,0,339,0,339
394795,Playing,1733632,4913,0,0,0,0,2,5473,0,339,0,339
395047,Playing,1781760,5050,0,0,0,0,2,5478,0,339,0,339
395298,Playing,1765376,5003,0,0,0,0,2,5483,0,339,17,339
395545,Playing,1712128,4852,0,0,0,0,2,5485,0,339,0,339
395793,Playing,1713152,4855,0,0,0,0,2,5488,0,339,0,339
396045,Playing,1705984,4835,0,0,0,0,2,5491,180,339,180,339
396294,Playing,1754112,4971,0,0,0,0,2,5496,0,339,0,339
396543,Playing,1691648,4794,0,0,0,0,2,5497,96,339,96,339
396795,Playing,1720320,4876,0,0,0,0,2,5501,177,339,177,339
397042,Playing,1740800,4934,0,0,0,0,2,5505,0,339,0,339
397290,Playing,1733632,4913,0,0,0,0,2,5508,0,339,0,339
397540,Playing,1754112,4971,0,0,0,0,2,5512,0,339,0,339
397792,Playing,1727488,4896,0,0,0,0,2,5514,0,339,0,339
398040,Playing,1720320,4876,0,0,0,0,2,5517,0,339,0,339
398290,Playing,1685504,4777,0,0,0,0,2,5522,175,339,175,339
398538,Playing,1686528,4780,0,0,0,0,2,5525,0,339,0,339
398787,Playing,1679360,4760,0,0,0,0,2,5528,174,339,174,339
399033,Playing,1699840,4818,0,0,0,0,2,5532,0,339,0,339
399284,Playing,1692672,4797,0,0,0,0,2,5535,175,339,175,339
399534,Playing,1666048,4722,0,0,0,0,2,5537,19,339,19,339
399784,Playing,1686528,4780,0,0,0,0,2,5541,0,339,0,339
400034,Playing,1707008,4838,0,0,0,0,2,5545,0,339,0,339
400281,Playing,1680384,4762,0,0,0,0,2,5547,0,339,0,339
400530,Playing,1728512,4899,0,0,0,0,2,5552,0,339,0,339
400782,Playing,1721344,4879,0,0,0,0,2,5555,0,339,0,339
401033,Playing,1677312,4754,0,0,0,0,2,5559,0,339,14,339
401280,Playing,1659904,4704,0,0,0,0,2,5562,177,339,177,339
401528,Playing,1708032,4841,0,0,0,0,2,5567,0,339,0,339
401780,Playing,1645568,4664,0,0,0,0,2,5568,97,339,97,339
402029,Playing,1674240,4745,0,0,0,0,2,5572,0,339,0,339
402278,Playing,1667072,4725,0,0,0,0,2,5575,177,339,177,339
402527,Playing,1687552,4783,0,0,0,0,2,5579,0,339,0,339
402775,Playing,1660928,4707,0,0,0,0,2,5581,0,339,0,339
403024,Playing,1653760,4687,0,0,0,0,2,5584,0,339,0,339
403273,Playing,1674240,4745,0,0,0,0,2,5588,175,339,175,339
403521,Playing,1694720,4803,0,0,0,0,2,5592,0,339,0,339
403773,Playing,1677312,4754,0,0,0,0,2,5595,93,339,93,339
404020,Playing,1651712,4681,0,0,0,0,2,5600,0,339,0,339
404269,Playing,1644544,4661,0,0,0,0,2,5603,0,339,0,339
404518,Playing,1590272,4507,0,0,0,0,2,5604,174,339,174,339
404769,Playing,1638400,4643,0,0,0,0,2,5609,0,339,0,339
405017,Playing,1603584,4545,0,0,0,0,2,5611,94,339,94,339
405266,Playing,1624064,4603,0,0,0,0,2,5615,178,339,178,339
405516,Playing,1680384,4762,0,0,0,0,2,5620,0,339,0,339
405765,Playing,1617920,4585,0,0,0,0,2,5621,98,339,98,339
406015,Playing,1638400,4643,0,0,0,0,2,5625,15,339,15,339
406266,Playing,1658880,4702,0,0,0,0,2,5629,15,339,15,339
406514,Playing,1659904,4704,0,0,0,0,2,5632,0,339,0,339
406762,Playing,1643520,4658,0,0,0,0,2,5638,0,339,0,339
407011,Playing,1581056,4481,0,0,0,0,2,5639,172,339,172,339
407258,Playing,1609728,4562,0,0,0,0,2,5643,0,339,0,339
407509,Playing,1630208,4620,0,0,0,0,2,5647,0,339,0,339
407757,Playing,1567744,4443,0,0,0,0,2,5648,176,339,176,339
408007,Playing,1596416,4524,0,0,0,0,2,5652,93,339,93,339
408257,Playing,1616896,4583,0,0,0,0,2,5656,0,339,0,339
408505,Playing,1554432,4405,0,0,0,0,2,5657,175,339,175,339
408753,Playing,1574912,4464,0,0,0,0,2,5661,0,339,0,339
409004,Playing,1575936,4466,0,0,0,0,2,5664,95,339,95,339
409255,Playing,1596416,4524,0,0,0,0,2,5668,95,339,95,339
409504,Playing,1580032,4478,0,0,0,0,2,5674,97,339,97,339
409752,Playing,1525760,4324,0,0,0,0,2,5675,175,339,175,339
410003,Playing,1546240,4382,0,0,0,0,2,5679,96,339,96,339
410311,Playing,1542144,4371,0,0,0,0,2,5683,0,339,0,339
410560,Playing,1543168,4374,0,0,0,0,2,5686,99,339,100,339
410807,Playing,1563648,4432,0,0,0,0,2,5690,98,339,98,339
411053,Playing,1564672,4435,0,0,0,0,2,5693,0,339,0,339
411298,Playing,1529856,4336,0,0,0,0,2,5695,95,339,95,339
411547,Playing,1550336,4394,0,0,0,0,2,5699,96,339,96,339
411793,Playing,1579008,4475,0,0,0,0,2,5703,0,339,0,339
412044,Playing,1544192,4376,0,0,0,0,2,5705,0,339,0,339
412292,Playing,1537024,4356,0,0,0,0,2,5708,98,339,98,339
412541,Playing,1538048,4359,0,0,0,0,2,5714,0,339,0,339
412791,Playing,1530880,4339,0,0,0,0,2,5717,97,339,97,339
413040,Playing,1523712,4318,0,0,0,0,2,5720,0,339,0,339
413289,Playing,1516544,4298,0,0,0,0,2,5723,0,339,0,339
413540,Playing,1517568,4301,0,0,0,0,2,5726,95,339,95,339
413789,Playing,1538048,4359,0,0,0,0,2,5730,0,339,0,339
414038,Playing,1503232,4260,0,0,0,0,2,5732,0,339,0,339
414290,Playing,1496064,4240,0,0,0,0,2,5735,95,339,95,339
414539,Playing,1552384,4400,0,0,0,0,2,5740,0,339,0,339
414789,Playing,1545216,4379,0,0,0,0,2,5743,0,339,0,339
415037,Playing,1538048,4359,0,0,0,0,2,5746,176,339,176,339
415285,Playing,1483776,4205,0,0,0,0,2,5750,0,339,0,339
415534,Playing,1504256,4263,0,0,0,0,2,5754,0,339,0,339
415784,Playing,1524736,4321,0,0,0,0,2,5758,0,339,0,339
416034,Playing,1517568,4301,0,0,0,0,2,5761,0,339,0,339
416282,Playing,1490944,4226,0,0,0,0,2,5763,2,339,3,339
416531,Playing,1511424,4284,0,0,0,0,2,5767,0,339,0,339
416783,Playing,1504256,4263,0,0,0,0,2,5770,3,339,3,339
417028,Playing,1532928,4345,0,0,0,0,2,5774,15,339,15,339
417274,Playing,1498112,4246,0,0,0,0,2,5776,0,339,0,339
417526,Playing,1490944,4226,0,0,0,0,2,5779,0,339,0,339
417774,Playing,1491968,4228,0,0,0,0,2,5782,95,339,95,339
418021,Playing,1484800,4208,0,0,0,0,2,5788,95,339,95,339
418274,Playing,1505280,4266,0,0,0,0,2,5792,13,339,13,339
418524,Playing,1525760,4324,0,0,0,0,2,5796,0,339,0,339
418772,Playing,1471488,4170,0,0,0,0,2,5797,176,339,176,339
419019,Playing,1491968,4228,0,0,0,0,2,5801,0,339,0,339
419268,Playing,1484800,4208,0,0,0,0,2,5804,92,339,92,339
419518,Playing,1485824,4211,0,0,0,0,2,5807,0,339,0,339
419769,Playing,1478656,4191,0,0,0,0,2,5810,0,339,0,339
420020,Playing,1499136,4249,0,0,0,0,2,5814,95,339,95,339
420268,Playing,1519616,4307,0,0,0,0,2,5818,0,339,0,339
420519,Playing,1520640,4310,0,0,0,0,2,5821,14,339,14,339
420768,Playing,1458176,4133,0,0,0,0,2,5825,2,339,2,339
421019,Playing,1478656,4191,0,0,0,0,2,5829,0,339,0,339
421270,Playing,1471488,4170,0,0,0,0,2,5832,0,339,0,339
421518,Playing,1500160,4252,0,0,0,0,2,5836,0,339,0,339
421768,Playing,1465344,4153,0,0,0,0,2,5838,0,339,0,339
422019,Playing,1458176,4133,0,0,0,0,2,5841,0,339,0,339
422269,Playing,1451008,4112,0,0,0,0,2,5844,179,339,179,339
422518,Playing,1507328,4272,0,0,0,0,2,5849,0,339,0,339
422769,Playing,1500160,4252,0,0,0,0,2,5852,0,339,0,339
423017,Playing,1465344,4153,0,0,0,0,2,5854,0,339,0,339
423268,Playing,1458176,4133,0,0,0,0,2,5857,0,339,0,339
423519,Playing,1459200,4136,0,0,0,0,2,5863,0,339,0,339
423770,Playing,1452032,4115,0,0,0,0,2,5866,95,339,96,339
424018,Playing,1417216,4017,0,0,0,0,2,5868,0,339,0,339
424267,Playing,1437696,4075,0,0,0,0,2,5872,174,339,174,339
424516,Playing,1438720,4078,0,0,0,0,2,5875,173,339,173,339
424766,Playing,1403904,3979,0,0,0,0,2,5877,14,339,14,339
425016,Playing,1424384,4037,0,0,0,0,2,5881,172,339,172,339
425266,Playing,1444864,4095,0,0,0,0,2,5885,0,339,0,339
425514,Playing,1445888,4098,0,0,0,0,2,5888,0,339,0,339
425763,Playing,1438720,4078,0,0,0,0,2,5891,0,339,0,339
426014,Playing,1431552,4057,0,0,0,0,2,5894,0,339,0,339
426263,Playing,1432576,4060,0,0,0,0,2,5897,94,339,94,339
426512,Playing,1397760,3961,0,0,0,0,2,5902,0,339,0,339
426758,Playing,1390592,3941,0,0,0,0,2,5905,0,339,0,339
427008,Playing,1391616,3944,0,0,0,0,2,5908,95,339,95,339
427258,Playing,1412096,4002,0,0,0,0,2,5912,0,339,0,339
427506,Playing,1432576,4060,0,0,0,0,2,5916,1,339,1,339
427754,Playing,1405952,3985,0,0,0,0,2,5918,0,339,0,339
428003,Playing,1426432,4043,0,0,0,0,2,5922,14,339,14,339
428254,Playing,1419264,4022,0,0,0,0,2,5925,0,339,0,339
428507,Playing,1412096,4002,0,0,0,0,2,5928,94,339,94,339
428753,Playing,1385472,3927,0,0,0,0,2,5930,0,339,0,339
429002,Playing,1378304,3906,0,0,0,0,2,5933,92,339,92,339
429250,Playing,1389568,3938,0,0,0,0,2,5940,0,339,0,339
429501,Playing,1418240,4019,0,0,0,0,2,5944,13,339,13,339
429750,Playing,1411072,3999,0,0,0,0,2,5947,0,339,0,339
430000,Playing,1348608,3822,0,0,0,0,2,5948,178,339,178,339
430250,Playing,1369088,3880,0,0,0,0,2,5952,0,339,0,339
430503,Playing,1361920,3860,0,0,0,0,2,5955,92,339,92,339
430813,Playing,1393664,3950,0,0,0,0,2,5960,0,339,0,339
431001,Playing,1355776,3842,0,0,0,0,2,5961,96,339,96,339
431250,Playing,1376256,3900,0,0,0,0,2,5965,94,339,94,339
431500,Playing,1377280,3903,0,0,0,0,2,5968,96,339,96,339
431812,Playing,1373184,3892,0,0,0,0,2,5972,93,339,93,339
432061,Playing,1337344,3790,0,0,0,0,2,5977,95,339,95,339
432310,Playing,1330176,3770,0,0,0,0,2,5980,0,339,0,339
432559,Playing,1323008,3750,0,0,0,0,2,5983,0,339,0,339
432808,Playing,1343488,3808,0,0,0,0,2,5987,0,339,0,339
433055,Playing,1344512,3810,0,0,0,0,2,5990,174,339,174,339
433305,Playing,1309696,3712,0,0,0,0,2,5992,0,339,0,339
433554,Playing,1330176,3770,0,0,0,0,2,5996,10,339,10,339
433801,Playing,1358848,3851,0,0,0,0,2,6000,0,339,0,339
434049,Playing,1351680,3831,0,0,0,0,2,6003,15,339,15,339
434299,Playing,1344512,3810,0,0,0,0,2,6006,0,339,0,339
434548,Playing,1345536,3813,0,0,0,0,2,6009,0,339,0,339
434797,Playing,1319936,3741,0,0,0,0,2,6014,0,339,13,339
435046,Playing,1321984,3747,0,0,0,0,2,6018,0,339,0,339
435296,Playing,1342464,3805,0,0,0,0,2,6022,0,339,0,339
435549,Playing,1280000,3628,0,0,0,0,2,6023,179,339,179,339
435794,Playing,1308672,3709,0,0,0,0,2,6027,0,339,0,339
436045,Playing,1329152,3767,0,0,0,0,2,6031,0,339,0,339
436294,Playing,1321984,3747,0,0,0,0,2,6034,95,339,95,339
436544,Playing,1295360,3671,0,0,0,0,2,6036,0,339,0,339
436792,Playing,1288192,3651,0,0,0,0,2,6039,176,339,176,339
437043,Playing,1308672,3709,0,0,0,0,2,6043,177,339,177,339
437292,Playing,1337344,3790,0,0,0,0,2,6047,0,339,0,339
437542,Playing,1302528,3691,0,0,0,0,2,6050,93,339,93,339
437790,Playing,1295360,3671,0,0,0,0,2,6055,0,339,0,339
438038,Playing,1260544,3572,0,0,0,0,2,6057,179,339,179,339
438289,Playing,1289216,3654,0,0,0,0,2,6061,95,339,95,339
438538,Playing,1254400,3555,0,0,0,0,2,6063,0,339,0,339
438786,Playing,1274880,3613,0,0,0,0,2,6067,0,339,0,339
439037,Playing,1295360,3671,0,0,0,0,2,6071,0,339,0,339
439284,Playing,1296384,3674,0,0,0,0,2,6074,172,339,172,339
439534,Playing,1261568,3575,0,0,0,0,2,6076,0,339,0,339
439784,Playing,1254400,3555,0,0,0,0,2,6079,177,339,177,339
440033,Playing,1310720,3715,0,0,0,0,2,6084,0,339,0,339
440281,Playing,1303552,3694,0,0,0,0,2,6087,0,339,0,339
440530,Playing,1241088,3517,0,0,0,0,2,6091,0,339,0,339
440780,Playing,1261568,3575,0,0,0,0,2,6095,0,339,0,339
441029,Playing,1262592,3578,0,0,0,0,2,6098,175,339,175,339
441281,Playing,1255424,3558,0,0,0,0,2,6101,173,339,173,339
441530,Playing,1275904,3616,0,0,0,0,2,6105,0,339,0,339
441779,Playing,1241088,3517,0,0,0,0,2,6107,177,339,178,339
442028,Playing,1269760,3599,0,0,0,0,2,6111,0,339,0,339
442278,Playing,1290240,3657,0,0,0,0,2,6115,13,339,13,339
442527,Playing,1255424,3558,0,0,0,0,2,6117,0,339,0,339
442776,Playing,1256448,3561,0,0,0,0,2,6120,0,339,0,339
443024,Playing,1249280,3541,0,0,0,0,2,6123,96,339,96,339
443272,Playing,1242112,3520,0,0,0,0,2,6129,96,339,96,339
443521,Playing,1215488,3445,0,0,0,0,2,6131,0,339,0,339
443769,Playing,1208320,3424,0,0,0,0,2,6134,175,339,175,339
444019,Playing,1256448,3561,0,0,0,0,2,6139,2,339,2,339
444269,Playing,1249280,3541,0,0,0,0,2,6142,0,339,0,339
444518,Playing,1222656,3465,0,0,0,0,2,6144,0,339,0,339
444769,Playing,1243136,3523,0,0,0,0,2,6148,0,339,0,339
445018,Playing,1235968,3503,0,0,0,0,2,6151,0,339,0,339
445266,Playing,1228800,3482,0,0,0,0,2,6154,94,339,94,339
445516,Playing,1257472,3564,0,0,0,0,2,6158,95,339,95,339
445765,Playing,1222656,3465,0,0,0,0,2,6160,0,339,0,339
446016,Playing,1215488,3445,0,0,0,0,2,6166,0,339,0,339
446265,Playing,1208320,3424,0,0,0,0,2,6169,0,339,0,339
446515,Playing,1236992,3506,0,0,0,0,2,6173,0,339,0,339
446765,Playing,1202176,3407,0,0,0,0,2,6175,0,339,0,339
447013,Playing,1222656,3465,0,0,0,0,2,6179,0,339,0,339
447261,Playing,1187840,3366,0,0,0,0,2,6181,95,339,95,339
447507,Playing,1244160,3526,0,0,0,0,2,6186,0,339,0,339
447757,Playing,1181696,3349,0,0,0,0,2,6187,173,339,173,339
448007,Playing,1202176,3407,0,0,0,0,2,6191,0,339,0,339
448256,Playing,1203200,3410,0,0,0,0,2,6194,173,339,173,339
448505,Playing,1168384,3311,0,0,0,0,2,6196,13,339,13,339
448755,Playing,1188864,3369,0,0,0,0,2,6200,179,339,179,339
449004,Playing,1162240,3294,0,0,0,0,2,6205,15,339,15,339
449252,Playing,1127424,3195,0,0,0,0,2,6207,0,339,0,339
449504,Playing,1147904,3253,0,0,0,0,2,6211,0,339,0,339
449752,Playing,1168384,3311,0,0,0,0,2,6215,0,339,0,339
450000,Playing,1169408,3314,0,0,0,0,2,6218,0,339,0,339
450311,Playing,1165312,3303,0,0,0,0,2,6222,12,339,13,339
450558,Playing,1166336,3305,0,0,0,0,2,6225,0,339,0,339
450808,Playing,1186816,3363,0,0,0,0,2,6229,12,339,12,339
451059,Playing,1124352,3186,0,0,0,0,2,6230,174,339,174,339
451308,Playing,1172480,3323,0,0,0,0,2,6235,0,339,0,339
451558,Playing,1173504,3326,0,0,0,0,2,6238,0,339,0,339
451807,Playing,1166336,3305,0,0,0,0,2,6244,0,339,0,339
452056,Playing,1159168,3285,0,0,0,0,2,6247,0,339,0,339
452308,Playing,1124352,3186,0,0,0,0,2,6249,0,339,0,339
452556,Playing,1125376,3189,0,0,0,0,2,6252,91,339,91,339
452806,Playing,1173504,3326,0,0,0,0,2,6257,0,339,0,339
453056,Playing,1166336,3305,0,0,0,0,2,6260,13,339,13,339
453306,Playing,1139712,3230,0,0,0,0,2,6262,0,339,0,339
453558,Playing,1132544,3210,0,0,0,0,2,6265,0,339,0,339
453805,Playing,1153024,3268,0,0,0,0,2,6269,94,339,94,339
454056,Playing,1145856,3247,0,0,0,0,2,6272,91,339,91,339
454302,Playing,1119232,3172,0,0,0,0,2,6274,0,339,0,339
454552,Playing,1102848,3125,0,0,0,0,2,6280,97,339,97,339
454801,Playing,1123328,3184,0,0,0,0,2,6284,0,339,0,339
455049,Playing,1116160,3163,0,0,0,0,2,6287,0,339,0,339
455298,Playing,1117184,3166,0,0,0,0,2,6290,92,339,92,339
455547,Playing,1110016,3146,0,0,0,0,2,6293,0,339,0,339
455796,Playing,1102848,3125,0,0,0,0,2,6296,94,339,94,339
456043,Playing,1131520,3207,0,0,0,0,2,6300,0,339,0,339
456292,Playing,1152000,3265,0,0,0,0,2,6304,0,339,0,339
456544,Playing,1089536,3088,0,0,0,0,2,6305,177,339,177,339
456792,Playing,1145856,3247,0,0,0,0,2,6310,0,339,0,339
457043,Playing,1138688,3227,0,0,0,0,2,6313,0,339,0,339
457291,Playing,1085440,3076,0,0,0,0,2,6315,92,339,92,339
457543,Playing,1059840,3004,0,0,0,0,2,6320,0,339,0,339
457795,Playing,1080320,3062,0,0,0,0,2,6324,0,339,0,339
458045,Playing,1081344,3065,0,0,0,0,2,6327,176,339,177,339
458293,Playing,1046528,2966,0,0,0,0,2,6329,0,339,0,339
458545,Playing,1067008,3024,0,0,0,0,2,6333,0,339,0,339
458793,Playing,1087488,3082,0,0,0,0,2,6337,0,339,0,339
459040,Playing,1088512,3085,0,0,0,0,2,6340,0,339,0,339
459289,Playing,1026048,2908,0,0,0,0,2,6341,94,339,94,339
459541,Playing,1074176,3044,0,0,0,0,2,6346,0,339,0,339
459792,Playing,1067008,3024,0,0,0,0,2,6349,0,339,0,339
460040,Playing,1068032,3027,0,0,0,0,2,6352,174,339,175,339
460290,Playing,996352,2824,0,0,0,0,2,6356,2,339,2,339
460538,Playing,1016832,2882,0,0,0,0,2,6360,0,339,0,339
460788,Playing,1017856,2885,0,0,0,0,2,6363,92,339,92,339
461036,Playing,1038336,2943,0,0,0,0,2,6367,177,339,177,339
461287,Playing,1003520,2844,0,0,0,0,2,6369,0,339,0,339
461536,Playing,1032192,2925,0,0,0,0,2,6373,14,339,14,339
461787,Playing,1052672,2983,0,0,0,0,2,6377,0,339,0,339
462033,Playing,1045504,2963,0,0,0,0,2,6380,12,339,12,339
462286,Playing,1038336,2943,0,0,0,0,2,6383,94,339,94,339
462534,Playing,1039360,2946,0,0,0,0,2,6386,0,339,0,339
462784,Playing,1032192,2925,0,0,0,0,2,6389,0,339,0,339
463033,Playing,1025024,2905,0,0,0,0,2,6395,0,339,0,339
463293,Playing,1017856,2885,0,0,0,0,2,6398,0,339,0,339
463531,Playing,991232,2809,0,0,0,0,2,6400,0,339,0,339
463783,Playing,984064,2789,0,0,0,0,2,6403,93,339,93,339
464031,Playing,1032192,2925,0,0,0,0,2,6408,0,339,0,339
464282,Playing,1025024,2905,0,0,0,0,2,6411,96,339,96,339
464532,Playing,998400,2829,0,0,0,0,2,6413,0,339,0,339
464781,Playing,991232,2809,0,0,0,0,2,6416,0,339,0,339
465031,Playing,1011712,2867,0,0,0,0,2,6420,0,339,0,339
465280,Playing,1004544,2847,0,0,0,0,2,6423,96,339,96,339
465530,Playing,977920,2771,0,0,0,0,2,6425,0,339,0,339
465780,Playing,970752,2751,0,0,0,0,2,6431,0,339,16,339
466029,Playing,991232,2809,0,0,0,0,2,6435,0,339,0,339
466281,Playing,928768,2632,0,0,0,0,2,6436,174,339,174,339
466529,Playing,985088,2792,0,0,0,0,2,6441,0,339,0,339
466778,Playing,977920,2771,0,0,0,0,2,6444,0,339,0,339
467026,Playing,970752,2751,0,0,0,0,2,6447,2,339,2,339
467274,Playing,971776,2754,0,0,0,0,2,6450,0,339,0,339
467524,Playing,964608,2734,0,0,0,0,2,6453,0,339,0,339
467775,Playing,985088,2792,0,0,0,0,2,6457,0,339,0,339
468022,Playing,986112,2795,0,0,0,0,2,6460,2,339,2,339
468272,Playing,1006592,2853,0,0,0,0,2,6464,0,339,0,339
468521,Playing,971776,2754,0,0,0,0,2,6466,0,339,0,339
468770,Playing,972800,2757,0,0,0,0,2,6472,0,339,0,339
469020,Playing,965632,2737,0,0,0,0,2,6475,0,339,0,339
469269,Playing,986112,2795,0,0,0,0,2,6479,0,339,0,339
469516,Playing,923648,2618,0,0,0,0,2,6480,98,339,98,339
469764,Playing,952320,2699,0,0,0,0,2,6484,96,339,96,339
470014,Playing,972800,2757,0,0,0,0,2,6488,0,339,0,339
470261,Playing,993280,2815,0,0,0,0,2,6492,0,339,0,339
470511,Playing,994304,2818,0,0,0,0,2,6495,0,339,0,339
470760,Playing,959488,2719,0,0,0,0,2,6497,0,339,0,339
471009,Playing,952320,2699,0,0,0,0,2,6500,176,339,176,339
471258,Playing,963584,2731,0,0,0,0,2,6504,175,339,175,339
471506,Playing,918528,2603,0,0,0,0,2,6508,0,339,0,339
471754,Playing,911360,2583,0,0,0,0,2,6511,90,339,91,339
472003,Playing,931840,2641,0,0,0,0,2,6515,177,339,177,339
472251,Playing,905216,2565,0,0,0,0,2,6517,0,339,0,339
472502,Playing,925696,2623,0,0,0,0,2,6521,0,339,0,339
472752,Playing,918528,2603,0,0,0,0,2,6524,0,339,0,339
473000,Playing,911360,2583,0,0,0,0,2,6527,92,339,92,339
473250,Playing,940032,2664,0,0,0,0,2,6531,175,339,175,339
473561,Playing,963584,2731,0,0,0,0,2,6536,0,339,0,339
473809,Playing,956416,2710,0,0,0,0,2,6539,0,339,0,339
474060,Playing,948224,2687,0,0,0,0,2,6542,0,339,0,339
474312,Playing,922624,2615,0,0,0,0,2,6547,0,339,0,339
474501,Playing,884736,2507,0,0,0,0,2,6548,94,339,94,339
474811,Playing,908288,2574,0,0,0,0,2,6553,0,339,0,339
475060,Playing,881664,2499,0,0,0,0,2,6555,0,339,0,339
475308,Playing,902144,2557,0,0,0,0,2,6559,0,339,0,339
475559,Playing,894976,2536,0,0,0,0,2,6562,170,339,170,339
475808,Playing,915456,2594,0,0,0,0,2,6566,2,339,2,339
476058,Playing,944128,2676,0,0,0,0,2,6570,0,339,0,339
476307,Playing,881664,2499,0,0,0,0,2,6571,175,339,175,339
476555,Playing,902144,2557,0,0,0,0,2,6575,0,339,0,339
476804,Playing,930816,2638,0,0,0,0,2,6579,0,339,0,339
477054,Playing,877568,2487,0,0,0,0,2,6584,94,339,0,339
477305,Playing,861184,2440,0,0,0,0,2,6586,0,339,0,339
477554,Playing,854016,2420,0,0,0,0,2,6589,176,339,176,339
477802,Playing,882688,2501,0,0,0,0,2,6593,175,339,175,339
478053,Playing,875520,2481,0,0,0,0,2,6596,176,339,176,339
478301,Playing,868352,2461,0,0,0,0,2,6599,0,339,0,339
478550,Playing,888832,2519,0,0,0,0,2,6603,0,339,0,339
478799,Playing,889856,2522,0,0,0,0,2,6606,0,339,0,339
479052,Playing,882688,2501,0,0,0,0,2,6609,93,339,93,339
479299,Playing,903168,2560,0,0,0,0,2,6613,93,339,93,339
479549,Playing,868352,2461,0,0,0,0,2,6615,0,339,0,339
479797,Playing,860160,2438,0,0,0,0,2,6621,0,339,0,339
480048,Playing,852992,2417,0,0,0,0,2,6624,177,339,177,339
480297,Playing,873472,2475,0,0,0,0,2,6628,0,339,0,339
480546,Playing,838656,2377,0,0,0,0,2,6630,0,339,0,339
480797,Playing,867328,2458,0,0,0,0,2,6634,0,339,0,339
481045,Playing,860160,2438,0,0,0,0,2,6637,0,339,0,339
481295,Playing,880640,2496,0,0,0,0,2,6641,0,339,0,339
481545,Playing,818176,2319,0,0,0,0,2,6642,175,339,175,339
481798,Playing,819200,2321,0,0,0,0,2,6645,172,339,172,339
482051,Playing,867328,2458,0,0,0,0,2,6650,0,339,0,339
482299,Playing,860160,2438,0,0,0,0,2,6653,0,339,0,339
482549,Playing,825344,2339,0,0,0,0,2,6655,14,339,14,339
482798,Playing,808960,2292,0,0,0,0,2,6661,0,339,0,339
483047,Playing,837632,2374,0,0,0,0,2,6665,13,339,13,339
483296,Playing,830464,2353,0,0,0,0,2,6668,0,339,0,339
483544,Playing,795648,2255,0,0,0,0,2,6670,0,339,0,339
483796,Playing,796672,2258,0,0,0,0,2,6673,92,339,92,339
484047,Playing,817152,2316,0,0,0,0,2,6677,0,339,0,339
484294,Playing,809984,2295,0,0,0,0,2,6680,92,339,93,339
484543,Playing,775168,2197,0,0,0,0,2,6682,0,339,0,339
484795,Playing,776192,2200,0,0,0,0,2,6685,0,339,0,339
485044,Playing,824320,2336,0,0,0,0,2,6690,0,339,0,339
485293,Playing,761856,2159,0,0,0,0,2,6691,95,339,95,339
485543,Playing,745472,2113,0,0,0,0,2,6697,0,339,0,339
485792,Playing,738304,2092,0,0,0,0,2,6700,98,339,98,339
486041,Playing,766976,2173,0,0,0,0,2,6704,94,339,94,339
486293,Playing,759808,2153,0,0,0,0,2,6707,0,339,0,339
486542,Playing,752640,2133,0,0,0,0,2,6710,0,339,0,339
486791,Playing,745472,2113,0,0,0,0,2,6713,99,339,99,339
487042,Playing,774144,2194,0,0,0,0,2,6717,0,339,0,339
487290,Playing,794624,2252,0,0,0,0,2,6721,0,339,0,339
487540,Playing,759808,2153,0,0,0,0,2,6723,0,339,0,339
487790,Playing,752640,2133,0,0,0,0,2,6726,1,339,2,339
488041,Playing,753664,2136,0,0,0,0,2,6729,177,339,177,339
488288,Playing,718848,2037,0,0,0,0,2,6734,0,339,15,339
488539,Playing,711680,2017,0,0,0,0,2,6737,0,339,0,339
488792,Playing,704512,1996,0,0,0,0,2,6740,95,339,95,339
489043,Playing,724992,2054,0,0,0,0,2,6744,0,339,0,339
489294,Playing,753664,2136,0,0,0,0,2,6748,0,339,0,339
489543,Playing,691200,1959,0,0,0,0,2,6749,175,339,175,339
489796,Playing,711680,2017,0,0,0,0,2,6753,0,339,0,339
490045,Playing,732160,2075,0,0,0,0,2,6757,0,339,0,339
490294,Playing,733184,2078,0,0,0,0,2,6760,177,339,177,339
490541,Playing,753664,2136,0,0,0,0,2,6764,0,339,0,339
490790,Playing,718848,2037,0,0,0,0,2,6766,0,339,0,339
491040,Playing,719872,2040,0,0,0,0,2,6769,93,339,93,339
491290,Playing,712704,2020,0,0,0,0,2,6775,0,339,0,339
491542,Playing,650240,1843,0,0,0,0,2,6777,174,339,176,339
491790,Playing,698368,1979,0,0,0,0,2,6781,0,339,0,339
492038,Playing,699392,1982,0,0,0,0,2,6784,0,339,0,339
492288,Playing,719872,2040,0,0,0,0,2,6788,0,339,0,339
492537,Playing,712704,2020,0,0,0,0,2,6791,0,339,0,339
492788,Playing,677888,1921,0,0,0,0,2,6793,0,339,0,339
493037,Playing,678912,1924,0,0,0,0,2,6796,96,339,96,339
493288,Playing,699392,1982,0,0,0,0,2,6800,91,339,91,339
493537,Playing,719872,2040,0,0,0,0,2,6804,0,339,0,339
493786,Playing,665600,1886,0,0,0,0,2,6805,178,339,178,339
494035,Playing,713728,2023,0,0,0,0,2,6813,13,339,13,339
494287,Playing,706560,2002,0,0,0,0,2,6816,93,339,93,339
494536,Playing,671744,1904,0,0,0,0,2,6818,0,339,0,339
494785,Playing,700416,1985,0,0,0,0,2,6822,94,339,94,339
495034,Playing,720896,2043,0,0,0,0,2,6826,0,339,0,339
495282,Playing,686080,1944,0,0,0,0,2,6828,94,339,94,339
495532,Playing,678912,1924,0,0,0,0,2,6831,176,339,176,339
495781,Playing,707584,2005,0,0,0,0,2,6835,0,339,0,339
496030,Playing,700416,1985,0,0,0,0,2,6838,0,339,0,339
496278,Playing,693248,1964,0,0,0,0,2,6841,0,339,0,339
496529,Playing,694272,1967,0,0,0,0,2,6844,0,339,0,339
496780,Playing,659456,1869,0,0,0,0,2,6849,96,339,96,339
497031,Playing,679936,1927,0,0,0,0,2,6853,94,339,95,339
497279,Playing,700416,1985,0,0,0,0,2,6857,0,339,0,339
497531,Playing,637952,1808,0,0,0,0,2,6858,176,339,176,339
497779,Playing,694272,1967,0,0,0,0,2,6863,0,339,0,339
498027,Playing,687104,1947,0,0,0,0,2,6866,0,339,0,339
498274,Playing,679936,1927,0,0,0,0,2,6869,95,339,95,339
498524,Playing,680960,1930,0,0,0,0,2,6872,0,339,0,339
498774,Playing,673792,1909,0,0,0,0,2,6875,0,339,0,339
499023,Playing,694272,1967,0,0,0,0,2,6879,14,339,14,339
499269,Playing,695296,1970,0,0,0,0,2,6882,0,339,0,339
499518,Playing,623616,1767,0,0,0,0,2,6885,0,339,13,339
499770,Playing,625664,1773,0,0,0,0,2,6889,178,339,178,339
500018,Playing,646144,1831,0,0,0,0,2,6893,0,339,0,339
500271,Playing,666624,1889,0,0,0,0,2,6897,0,339,0,339
500522,Playing,640000,1814,0,0,0,0,2,6899,0,339,0,339
500772,Playing,632832,1793,0,0,0,0,2,6902,0,339,0,339
501022,Playing,653312,1851,0,0,0,0,2,6906,0,339,0,339
501273,Playing,646144,1831,0,0,0,0,2,6909,94,339,94,339
501524,Playing,611328,1732,0,0,0,0,2,6911,0,339,0,339
501772,Playing,640000,1814,0,0,0,0,2,6915,174,339,174,339
502018,Playing,660480,1872,0,0,0,0,2,6919,0,339,0,339
502268,Playing,616448,1747,0,0,0,0,2,6921,0,339,0,339
502515,Playing,599040,1697,0,0,0,0,2,6926,0,339,0,339
502765,Playing,591872,1677,0,0,0,0,2,6929,176,339,176,339
503017,Playing,612352,1735,0,0,0,0,2,6933,176,339,176,339
503266,Playing,605184,1715,0,0,0,0,2,6936,11,339,11,339
503515,Playing,606208,1718,0,0,0,0,2,6939,0,339,0,339
503763,Playing,571392,1619,0,0,0,0,2,6941,0,339,0,339
504012,Playing,619520,1756,0,0,0,0,2,6946,0,339,0,339
504262,Playing,648192,1837,0,0,0,0,2,6950,0,339,0,339
504512,Playing,585728,1660,0,0,0,0,2,6951,179,339,179,339
504760,Playing,578560,1639,0,0,0,0,2,6954,177,339,177,339
505011,Playing,608256,1724,0,0,0,0,2,6961,0,339,13,339
505261,Playing,535552,1518,0,0,0,0,2,6962,94,339,94,339
505511,Playing,556032,1576,0,0,0,0,2,6966,0,339,0,339
505760,Playing,548864,1555,0,0,0,0,2,6969,174,339,174,339
506008,Playing,569344,1613,0,0,0,0,2,6973,172,339,172,339
506258,Playing,598016,1695,0,0,0,0,2,6977,0,339,0,339
506507,Playing,535552,1518,0,0,0,0,2,6978,96,339,96,339
506759,Playing,556032,1576,0,0,0,0,2,6982,174,339,174,339
507007,Playing,576512,1634,0,0,0,0,2,6986,0,339,0,339
507257,Playing,577536,1637,0,0,0,0,2,6989,177,339,177,339
507506,Playing,542720,1538,0,0,0,0,2,6991,0,339,0,339
507754,Playing,563200,1596,0,0,0,0,2,6995,0,339,0,339
508004,Playing,519168,1471,0,0,0,0,2,7000,0,339,0,339
508254,Playing,520192,1474,0,0,0,0,2,7003,0,339,0,339
508503,Playing,485376,1375,0,0,0,0,2,7005,95,339,95,339
508754,Playing,533504,1512,0,0,0,0,2,7010,0,339,0,339
509006,Playing,553984,1570,0,0,0,0,2,7014,0,339,0,339
509255,Playing,555008,1573,0,0,0,0,2,7017,0,339,0,339
509503,Playing,492544,1396,0,0,0,0,2,7018,174,339,175,339
509754,Playing,540672,1532,0,0,0,0,2,7023,0,339,0,339
510004,Playing,533504,1512,0,0,0,0,2,7026,4,339,4,339
510252,Playing,562176,1593,0,0,0,0,2,7030,0,339,0,339
510500,Playing,499712,1416,0,0,0,0,2,7031,97,339,97,339
510750,Playing,501760,1422,0,0,0,0,2,7037,0,339,13,339
511062,Playing,487424,1381,0,0,0,0,2,7041,0,339,0,339
511310,Playing,507904,1439,0,0,0,0,2,7045,0,339,0,339
511560,Playing,481280,1364,0,0,0,0,2,7047,177,339,177,339
511808,Playing,529408,1500,0,0,0,0,2,7052,0,339,0,339
512059,Playing,466944,1323,0,0,0,0,2,7053,176,339,176,339
512308,Playing,487424,1381,0,0,0,0,2,7057,0,339,0,339
512558,Playing,516096,1462,0,0,0,0,2,7061,0,339,0,339
512807,Playing,536576,1520,0,0,0,0,2,7065,0,339,0,339
513057,Playing,529408,1500,0,0,0,0,2,7068,0,339,0,339
513305,Playing,494592,1401,0,0,0,0,2,7070,0,339,0,339
513552,Playing,467968,1326,0,0,0,0,2,7075,0,339,13,339
513801,Playing,488448,1384,0,0,0,0,2,7079,0,339,0,339
514050,Playing,481280,1364,0,0,0,0,2,7082,0,339,0,339
514300,Playing,454656,1288,0,0,0,0,2,7084,0,339,0,339
514549,Playing,447488,1268,0,0,0,0,2,7087,176,339,176,339
514801,Playing,495616,1404,0,0,0,0,2,7092,0,339,0,339
515052,Playing,488448,1384,0,0,0,0,2,7095,0,339,0,339
515303,Playing,453632,1285,0,0,0,0,2,7097,0,339,0,339
515551,Playing,482304,1367,0,0,0,0,2,7101,0,339,0,339
515800,Playing,475136,1346,0,0,0,0,2,7104,0,339,0,339
516050,Playing,467968,1326,0,0,0,0,2,7107,174,339,174,339
516301,Playing,460800,1306,0,0,0,0,2,7111,0,339,0,339
516551,Playing,434176,1230,0,0,0,0,2,7115,179,339,179,339
516800,Playing,427008,1210,0,0,0,0,2,7118,178,339,178,339
517048,Playing,475136,1346,0,0,0,0,2,7123,0,339,0,339
517301,Playing,412672,1169,0,0,0,0,2,7124,94,339,94,339
517549,Playing,441344,1250,0,0,0,0,2,7128,3,339,3,339
517800,Playing,434176,1230,0,0,0,0,2,7131,175,339,175,339
518052,Playing,427008,1210,0,0,0,0,2,7134,178,339,178,339
518299,Playing,419840,1190,0,0,0,0,2,7137,0,339,0,339
518548,Playing,420864,1192,0,0,0,0,2,7140,96,339,96,339
518798,Playing,441344,1250,0,0,0,0,2,7144,177,339,177,339
519045,Playing,434176,1230,0,0,0,0,2,7147,175,339,175,339
519296,Playing,371712,1053,0,0,0,0,2,7151,0,339,14,339
519544,Playing,372736,1056,0,0,0,0,2,7154,96,339,96,339
519793,Playing,420864,1192,0,0,0,0,2,7159,0,339,0,339
520040,Playing,413696,1172,0,0,0,0,2,7162,97,339,97,339
520293,Playing,442368,1253,0,0,0,0,2,7166,12,339,12,339
520544,Playing,435200,1233,0,0,0,0,2,7169,96,339,96,339
520793,Playing,400384,1134,0,0,0,0,2,7171,0,339,0,339
521041,Playing,420864,1192,0,0,0,0,2,7175,0,339,0,339
521289,Playing,449536,1274,0,0,0,0,2,7179,0,339,0,339
521540,Playing,442368,1253,0,0,0,0,2,7182,0,339,0,339
521789,Playing,407552,1155,0,0,0,0,2,7184,0,339,0,339
522038,Playing,400384,1134,0,0,0,0,2,7190,0,339,0,339
522290,Playing,401408,1137,0,0,0,0,2,7193,0,339,0,339
522541,Playing,421888,1195,0,0,0,0,2,7197,0,339,0,339
522790,Playing,359424,1018,0,0,0,0,2,7198,174,339,174,339
523042,Playing,379904,1076,0,0,0,0,2,7202,94,339,94,339
523289,Playing,408576,1158,0,0,0,0,2,7206,0,339,0,339
523538,Playing,429056,1216,0,0,0,0,2,7210,0,339,0,339
523787,Playing,421888,1195,0,0,0,0,2,7213,0,339,0,339
524046,Playing,387072,1097,0,0,0,0,2,7215,0,339,0,339
524286,Playing,388096,1100,0,0,0,0,2,7218,0,339,0,339
524535,Playing,408576,1158,0,0,0,0,2,7222,0,339,0,339
524785,Playing,401408,1137,0,0,0,0,2,7228,0,339,0,339
525034,Playing,347136,983,0,0,0,0,2,7229,175,339,175,339
525283,Playing,339968,963,0,0,0,0,2,7232,176,339,176,339
525535,Playing,388096,1100,0,0,0,0,2,7237,0,339,0,339
525787,Playing,380928,1079,0,0,0,0,2,7240,0,339,0,339
526035,Playing,354304,1004,0,0,0,0,2,7242,0,339,0,339
526282,Playing,374784,1062,0,0,0,0,2,7246,0,339,0,339
526533,Playing,367616,1041,0,0,0,0,2,7249,0,339,0,339
526783,Playing,332800,943,0,0,0,0,2,7251,0,339,0,339
527032,Playing,361472,1024,0,0,0,0,2,7255,0,339,0,339
527282,Playing,354304,1004,0,0,0,0,2,7258,96,339,96,339
527529,Playing,365568,1036,0,0,0,0,2,7264,0,339,13,339
527779,Playing,367616,1041,0,0,0,0,2,7268,0,339,0,339
528030,Playing,313344,888,0,0,0,0,2,7269,174,339,174,339
528278,Playing,361472,1024,0,0,0,0,2,7274,0,339,0,339
528527,Playing,354304,1004,0,0,0,0,2,7277,1,339,1,339
528774,Playing,355328,1007,0,0,0,0,2,7280,93,339,93,339
529024,Playing,320512,908,0,0,0,0,2,7282,0,339,0,339
529273,Playing,313344,888,0,0,0,0,2,7285,95,339,95,339
529521,Playing,333824,946,0,0,0,0,2,7289,95,339,95,339
529772,Playing,334848,949,0,0,0,0,2,7292,91,339,91,339
530023,Playing,327680,928,0,0,0,0,2,7295,0,339,0,339
530271,Playing,348160,986,0,0,0,0,2,7299,0,339,0,339
530520,Playing,304128,862,0,0,0,0,2,7304,0,339,0,339
530768,Playing,305152,864,0,0,0,0,2,7307,93,339,94,339
531018,Playing,297984,844,0,0,0,0,2,7310,0,339,0,339
531268,Playing,290816,824,0,0,0,0,2,7313,0,339,0,339
531518,Playing,283648,803,0,0,0,0,2,7316,0,339,0,339
531767,Playing,312320,885,0,0,0,0,2,7320,91,339,92,339
532017,Playing,332800,943,0,0,0,0,2,7324,0,339,0,339
532264,Playing,297984,844,0,0,0,0,2,7326,0,339,0,339
532515,Playing,290816,824,0,0,0,0,2,7329,0,339,0,339
532764,Playing,319488,905,0,0,0,0,2,7333,0,339,0,339
533012,Playing,312320,885,0,0,0,0,2,7336,0,339,0,339
533261,Playing,268288,760,0,0,0,0,2,7341,0,339,0,339
533511,Playing,241664,684,0,0,0,0,2,7343,177,339,177,339
533761,Playing,262144,743,0,0,0,0,2,7347,175,339,175,339
534010,Playing,227328,644,0,0,0,0,2,7349,13,339,13,339
534260,Playing,247808,702,0,0,0,0,2,7353,94,339,94,339
534508,Playing,276480,783,0,0,0,0,2,7357,2,339,2,339
534757,Playing,269312,763,0,0,0,0,2,7360,0,339,0,339
535010,Playing,234496,664,0,0,0,0,2,7362,0,339,0,339
535261,Playing,254976,722,0,0,0,0,2,7366,0,339,0,339
535510,Playing,256000,725,0,0,0,0,2,7369,0,339,0,339
535761,Playing,276480,783,0,0,0,0,2,7373,174,339,174,339
536012,Playing,241664,684,0,0,0,0,2,7375,0,339,0,339
536261,Playing,225280,638,0,0,0,0,2,7381,0,339,0,339
536513,Playing,218112,618,0,0,0,0,2,7384,97,339,97,339
536766,Playing,238592,676,0,0,0,0,2,7388,11,339,11,339
537014,Playing,184320,522,0,0,0,0,2,7389,176,339,176,339
537262,Playing,204800,580,0,0,0,0,2,7393,0,339,0,339
537514,Playing,197632,560,0,0,0,0,2,7396,95,339,95,339
537762,Playing,226304,641,0,0,0,0,2,7400,93,339,93,339
538011,Playing,191488,542,0,0,0,0,2,7402,0,339,0,339
538260,Playing,184320,522,0,0,0,0,2,7405,93,339,93,339
538510,Playing,204800,580,0,0,0,0,2,7409,94,339,94,339
538759,Playing,233472,661,0,0,0,0,2,7413,0,339,0,339
539007,Playing,198656,563,0,0,0,0,2,7418,98,339,98,339
539256,Playing,219136,621,0,0,0,0,2,7422,92,339,92,339
539506,Playing,192512,545,0,0,0,0,2,7424,0,339,0,339
539753,Playing,185344,525,0,0,0,0,2,7427,95,339,95,339
540003,Playing,205824,583,0,0,0,0,2,7431,93,339,93,339
540252,Playing,171008,484,0,0,0,0,2,7433,0,339,0,339
540500,Playing,172032,487,0,0,0,0,2,7436,93,339,93,339
540812,Playing,167936,476,0,0,0,0,2,7440,0,339,0,339
541062,Playing,196608,557,0,0,0,0,2,7444,14,339,14,339
541252,Playing,150528,426,0,0,0,0,2,7445,176,339,177,339
541500,Playing,179200,507,0,0,0,0,2,7449,0,339,0,339
541811,Playing,147456,417,0,0,0,0,2,7455,0,339,0,339
542062,Playing,140288,397,0,0,0,0,2,7458,96,339,96,339
542310,Playing,168960,478,0,0,0,0,2,7462,94,339,94,339
542561,Playing,189440,536,0,0,0,0,2,7466,0,339,0,339
542811,Playing,126976,359,0,0,0,0,2,7467,176,339,176,339
543061,Playing,175104,496,0,0,0,0,2,7472,0,339,0,339
543311,Playing,176128,499,0,0,0,0,2,7475,0,340,0,340
543559,Playing,168960,478,0,0,0,0,2,7478,174,340,174,340
543810,Playing,161792,458,0,0,0,0,2,7481,0,340,0,340
544062,Playing,154624,438,0,0,0,0,2,7484,0,340,0,340
544311,Playing,155648,441,0,0,0,0,2,7487,177,340,177,340
544559,Playing,148480,420,0,0,0,0,2,7493,0,340,0,340
544809,Playing,86016,243,0,0,0,0,2,7494,92,340,92,340
545060,Playing,134144,380,0,0,0,0,2,7499,15,340,15,340
545308,Playing,135168,383,0,0,0,0,2,7502,2,340,2,340
545557,Playing,155648,441,0,0,0,0,2,7506,0,340,0,340
545805,Playing,93184,264,0,0,0,0,2,7507,177,340,177,340
546056,Playing,113664,322,0,0,0,0,2,7511,0,340,0,340
546308,Playing,114688,325,0,0,0,0,2,7514,96,340,96,340
546557,Playing,135168,383,0,0,0,0,2,7518,98,340,98,340
546807,Playing,155648,441,0,0,0,0,2,7522,0,340,0,340
547056,Playing,120832,342,0,0,0,0,2,7524,0,340,0,340
547305,Playing,112640,319,0,0,0,0,2,7529,0,340,14,340
547555,Playing,114688,325,0,0,0,0,2,7533,0,340,0,340
547804,Playing,107520,304,0,0,0,0,2,7536,95,340,95,340
548054,Playing,100352,284,0,0,0,0,2,7539,0,340,0,340
548304,Playing,101376,287,0,0,0,0,2,7542,0,340,0,340
548553,Playing,121856,345,0,0,0,0,2,7546,0,340,0,340
548804,Playing,87040,246,0,0,0,0,2,7548,1,340,1,340
549052,Playing,135168,383,0,0,0,0,2,7553,0,340,0,340
549301,Playing,108544,307,0,0,0,0,2,7555,0,340,0,340
549549,Playing,101376,287,0,0,0,0,2,7558,13,340,13,340
549796,Playing,121856,345,0,0,0,0,2,7562,0,340,0,340
550045,Playing,113664,322,0,0,0,0,2,7567,0,340,15,340
550293,Playing,88064,249,0,0,0,0,2,7570,0,340,0,340
550545,Playing,80896,229,0,0,0,0,2,7573,0,340,0,340
550793,Playing,73728,208,0,0,0,0,2,7576,94,340,94,340
551044,Playing,102400,290,0,0,0,0,2,7580,15,340,15,340
551292,Playing,95232,269,0,0,0,0,2,7583,94,340,94,340
551542,Playing,60416,171,0,0,0,0,2,7585,0,340,0,340
551790,Playing,89088,252,0,0,0,0,2,7589,0,340,0,340
552038,Playing,109568,310,0,0,0,0,2,7593,0,340,0,340
552288,Playing,74752,211,0,0,0,0,2,7595,0,340,0,340
552536,Playing,67584,191,0,0,0,0,2,7598,0,340,0,340
552786,Playing,96256,272,0,0,0,0,2,7602,0,340,0,340
553036,Playing,61440,174,0,0,0,0,2,7607,94,340,94,340
553284,Playing,81920,232,0,0,0,0,2,7611,0,340,0,340
553535,Playing,47104,133,0,0,0,0,2,7613,94,340,94,340
553782,Playing,75776,214,0,0,0,0,2,7617,0,340,0,340
554035,Playing,68608,194,0,0,0,0,2,7620,0,340,0,340
554283,Playing,89088,252,0,0,0,0,2,7624,14,340,14,340
554534,Playing,54272,153,0,0,0,0,2,7626,0,340,0,340
554782,Playing,55296,156,0,0,0,0,2,7629,178,340,178,340
555031,Playing,75776,214,0,0,0,0,2,7633,0,340,0,340
555280,Playing,96256,272,0,0,0,0,2,7637,0,340,0,340
555529,Playing,41984,119,0,0,0,0,2,7638,177,340,177,340
555779,Playing,25600,72,0,0,0,0,2,7644,2,340,2,340
556028,Buffering,82944,235,1,0,0,0,2,7648,0,340,0,340
556279,Buffering,165888,470,1,0,0,0,2,7651,0,340,0,340
556529,Buffering,248832,705,1,0,0,0,2,7654,0,340,0,340
556777,Buffering,331776,940,1,0,0,0,2,7657,0,340,0,340
557026,Buffering,365568,1036,1,1,0,0,2,7660,93,340,93,340
557278,Buffering,386048,1094,1,1,0,0,2,7664,0,340,0,340
557528,Buffering,351232,995,1,1,0,0,2,7666,0,340,0,340
557777,Buffering,352256,998,1,1,0,0,2,7669,177,340,178,340
558025,Buffering,400384,1134,1,1,0,0,2,7674,0,340,0,340
558275,Buffering,393216,1114,1,1,0,0,2,7677,0,340,0,340
558523,Buffering,338944,960,1,1,0,0,2,7678,175,340,175,340
558771,Buffering,322560,914,1,1,0,0,2,7684,0,340,0,340
559022,Buffering,315392,893,1,1,0,0,2,7687,178,340,178,340
559272,Buffering,308224,873,1,1,0,0,2,7690,0,340,0,340
559519,Buffering,309248,876,1,1,0,0,2,7693,0,340,0,340
559769,Buffering,329728,934,1,1,0,0,2,7697,0,340,0,340
560019,Buffering,322560,914,1,1,0,0,2,7700,179,340,179,340
560269,Buffering,343040,972,1,1,0,0,2,7704,0,340,0,340
560519,Buffering,316416,896,1,1,0,0,2,7706,1,340,1,340
560768,Buffering,336896,954,1,1,0,0,2,7710,0,340,0,340
561017,Buffering,329728,934,1,1,0,0,2,7713,0,340,0,340
561266,Buffering,339968,963,1,1,0,0,2,7717,0,340,0,340
561518,Buffering,286720,812,1,1,0,0,2,7721,0,340,0,340
561769,Buffering,279552,792,1,1,0,0,2,7724,0,340,0,340
562017,Buffering,300032,850,1,1,0,0,2,7728,0,340,0,340
562266,Buffering,320512,908,1,1,0,0,2,7732,0,340,0,340
562517,Buffering,266240,754,1,1,0,0,2,7733,97,340,97,340
562765,Buffering,286720,812,1,1,0,0,2,7737,0,340,0,340
563014,Buffering,307200,870,1,1,0,0,2,7741,0,340,0,340
563263,Buffering,308224,873,1,1,0,0,2,7744,0,340,0,340
563516,Buffering,273408,774,1,1,0,0,2,7746,0,340,0,340
563761,Buffering,266240,754,1,1,0,0,2,7749,0,340,0,340
564008,Buffering,294912,835,1,1,0,0,2,7753,174,340,174,340
564257,Buffering,287744,815,1,1,0,0,2,7759,0,340,0,340
564510,Buffering,225280,638,1,1,0,0,2,7760,97,340,97,340
564760,Buffering,245760,696,1,1,0,0,2,7764,0,340,0,340
565008,Buffering,266240,754,1,1,0,0,2,7768,17,340,17,340
565256,Buffering,267264,757,1,1,0,0,2,7771,14,340,14,340
565504,Buffering,287744,815,1,1,0,0,2,7775,0,340,0,340
565753,Buffering,252928,716,1,1,0,0,2,7777,0,340,0,340
566001,Buffering,253952,719,1,1,0,0,2,7780,94,340,94,340
566310,Buffering,249856,708,1,1,0,0,2,7784,0,340,0,340
566558,Buffering,278528,789,1,1,0,0,2,7788,0,340,0,340
566805,Buffering,216064,612,1,1,0,0,2,7789,91,340,91,340
567056,Buffering,208896,592,1,1,0,0,2,7795,0,340,15,340
567302,Buffering,209920,595,1,1,0,0,2,7798,95,340,95,340
567550,Buffering,230400,653,1,1,0,0,2,7802,0,340,0,340
567800,Buffering,223232,632,1,1,0,0,2,7805,0,340,0,340
568049,Buffering,196608,557,1,1,0,0,2,7807,96,340,96,340
568300,Buffering,217088,615,1,1,0,0,2,7811,94,340,94,340
568552,Buffering,237568,673,1,1,0,0,2,7815,0,340,0,340
568799,Buffering,258048,731,1,1,0,0,2,7819,0,340,0,340
569049,Buffering,259072,734,1,1,0,0,2,7822,12,340,12,340
569299,Buffering,279552,792,1,1,0,0,2,7826,96,340,96,340
569547,Buffering,217088,615,1,1,0,0,2,7827,175,340,175,340
569796,Buffering,209920,595,1,1,0,0,2,7833,0,340,15,340
570048,Buffering,230400,653,1,1,0,0,2,7837,0,340,0,340
570297,Buffering,259072,734,1,1,0,0,2,7841,0,340,0,340
570543,Buffering,196608,557,1,1,0,0,2,7842,175,340,175,340
570795,Buffering,217088,615,1,1,0,0,2,7846,0,340,0,340
571043,Buffering,218112,618,1,1,0,0,2,7849,0,340,0,340
571295,Buffering,238592,676,1,1,0,0,2,7853,0,340,0,340
571545,Buffering,203776,577,1,1,0,0,2,7855,0,340,0,340
571794,Buffering,196608,557,1,1,0,0,2,7858,97,340,97,340
572042,Buffering,225280,638,1,1,0,0,2,7862,0,340,0,340
572292,Buffering,245760,696,1,1,0,0,2,7866,0,340,0,340
572545,Buffering,183296,519,1,1,0,0,2,7867,176,340,177,340
572795,Buffering,176128,499,1,1,0,0,2,7873,0,340,0,340
573043,Buffering,177152,502,1,1,0,0,2,7876,179,340,179,340
573290,Buffering,197632,560,1,1,0,0,2,7880,95,340,95,340
573541,Buffering,162816,461,1,1,0,0,2,7882,0,340,0,340
573791,Buffering,183296,519,1,1,0,0,2,7886,0,340,0,340
574041,Buffering,184320,522,1,1,0,0,2,7889,94,340,94,340
574289,Buffering,204800,580,1,1,0,0,2,7893,0,340,0,340
574538,Buffering,225280,638,1,1,0,0,2,7897,0,340,0,340
574786,Buffering,171008,484,1,1,0,0,2,7898,178,340,178,340
575036,Buffering,191488,542,1,1,0,0,2,7902,0,340,0,340
575285,Buffering,202752,574,1,1,0,0,2,7908,0,340,13,340
575535,Buffering,121856,345,1,1,0,0,2,7909,99,340,99,340
575783,Buffering,150528,426,1,1,0,0,2,7913,14,340,14,340
576033,Buffering,143360,406,1,1,0,0,2,7916,0,340,0,340
576282,Buffering,163840,464,1,1,0,0,2,7920,175,340,175,340
576532,Buffering,137216,388,1,1,0,0,2,7922,0,340,0,340
576781,Buffering,157696,446,1,1,0,0,2,7926,0,340,0,340
577033,Buffering,178176,505,1,1,0,0,2,7930,0,340,0,340
577284,Buffering,171008,484,1,1,0,0,2,7933,0,340,0,340
577535,Buffering,154624,438,1,1,0,0,2,7936,0,340,176,340
577783,Buffering,164864,467,1,1,0,0,2,7939,0,340,0,340
578032,Buffering,157696,446,1,1,0,0,2,7942,0,340,0,340
578282,Buffering,122880,348,1,1,0,0,2,7947,173,340,173,340
578532,Buffering,115712,327,1,1,0,0,2,7950,12,340,12,340
578781,Buffering,116736,330,1,1,0,0,2,7953,0,340,0,340
579030,Buffering,137216,388,1,1,0,0,2,7957,3,340,3,340
579280,Buffering,157696,446,1,1,0,0,2,7961,0,340,0,340
579528,Buffering,95232,269,1,1,0,0,2,7962,96,340,96,340
579776,Buffering,123904,351,1,1,0,0,2,7966,0,340,0,340
580027,Buffering,144384,409,1,1,0,0,2,7970,14,340,14,340
580277,Buffering,81920,232,1,1,0,0,2,7971,176,340,176,340
580527,Buffering,102400,290,1,1,0,0,2,7975,0,340,0,340
580775,Buffering,103424,293,1,1,0,0,2,7978,0,340,0,340
581024,Buffering,105472,298,1,1,0,0,2,7984,0,340,15,340
581275,Buffering,107520,304,1,1,0,0,2,7988,0,340,0,340
581523,Buffering,136192,386,1,1,0,0,2,7992,0,340,0,340
581772,Buffering,101376,287,1,1,0,0,2,7994,97,340,97,340
582020,Buffering,94208,267,1,1,0,0,2,7997,0,340,0,340
582272,Buffering,87040,246,1,1,0,0,2,8000,173,340,173,340
582520,Buffering,88064,249,1,1,0,0,2,8003,0,340,0,340
582770,Buffering,80896,229,1,1,0,0,2,8006,0,340,0,340
583018,Buffering,73728,208,1,1,0,0,2,8009,172,340,172,340
583270,Buffering,94208,267,1,1,0,0,2,8013,0,340,0,340
583520,Buffering,95232,269,1,1,0,0,2,8016,96,340,96,340
583769,Buffering,97280,275,1,1,0,0,2,8020,0,340,0,340
584021,Buffering,44032,124,1,1,0,0,2,8024,0,340,0,340
584269,Buffering,64512,182,1,1,0,0,2,8028,0,340,0,340
584518,Buffering,65536,185,1,1,0,0,2,8031,96,340,96,340
584765,Buffering,58368,165,1,1,0,0,2,8034,0,340,0,340
585015,Buffering,23552,66,1,1,0,0,2,8036,175,340,175,340
585265,Playing,113664,322,1,2,0,0,2,8041,0,340,0,340
585512,Playing,142336,403,1,2,0,0,2,8045,0,340,0,340
585761,Playing,135168,383,1,2,0,0,2,8048,0,340,0,340
586011,Playing,72704,206,1,2,0,0,2,8049,174,340,174,340
586261,Playing,101376,287,1,2,0,0,2,8053,0,340,0,340
586511,Playing,121856,345,1,2,0,0,2,8057,0,340,0,340
586761,Playing,40960,116,1,2,0,0,2,8060,0,340,14,340
587012,Playing,43008,121,1,2,0,0,2,8064,175,340,175,340
587261,Playing,44032,124,1,2,0,0,2,8067,174,340,174,340
587512,Playing,92160,261,1,2,0,0,2,8072,0,340,0,340
587760,Playing,112640,319,1,2,0,0,2,8076,0,340,0,340
588010,Playing,50176,142,1,2,0,0,2,8077,173,340,174,340
588258,Playing,78848,223,1,2,0,0,2,8081,0,340,0,340
588507,Playing,71680,203,1,2,0,0,2,8084,0,340,0,340
588756,Playing,92160,261,1,2,0,0,2,8088,2,340,2,340
589007,Playing,57344,162,1,2,0,0,2,8090,0,340,0,340
589255,Playing,58368,165,1,2,0,0,2,8093,0,340,0,340
589503,Playing,51200,145,1,2,0,0,2,8099,0,340,0,340
589752,Playing,16384,46,1,2,0,0,2,8101,14,340,14,340
590002,Playing,0,0,1,2,0,0,2,8103,95,340,95,340
590251,Buffering,138240,391,2,2,0,0,2,8108,0,340,0,340
590501,Buffering,248832,705,2,2,0,0,2,8112,0,340,0,340
590811,Buffering,331776,940,2,2,0,0,2,8115,0,340,0,340
591061,Buffering,401408,1137,2,3,0,0,2,8119,94,340,94,340
591309,Buffering,421888,1195,2,3,0,0,2,8123,0,340,0,340
591557,Buffering,367616,1041,2,3,0,0,2,8124,175,340,175,340
591807,Buffering,360448,1021,2,3,0,0,2,8127,176,340,177,340
592055,Buffering,408576,1158,2,3,0,0,2,8132,0,340,0,340
592305,Buffering,346112,981,2,3,0,0,2,8134,93,340,93,340
592555,Buffering,347136,983,2,3,0,0,2,8139,0,340,0,340
592806,Buffering,367616,1041,2,3,0,0,2,8143,0,340,0,340
593055,Buffering,360448,1021,2,3,0,0,2,8146,0,340,0,340
593304,Buffering,380928,1079,2,3,0,0,2,8150,0,340,0,340
593553,Buffering,326656,925,2,3,0,0,2,8151,171,340,171,340
593802,Buffering,347136,983,2,3,0,0,2,8155,176,340,176,340
594049,Buffering,367616,1041,2,3,0,0,2,8159,0,340,0,340
594299,Buffering,388096,1100,2,3,0,0,2,8163,0,340,0,340
594549,Buffering,333824,946,2,3,0,0,2,8164,170,340,170,340
594801,Buffering,354304,1004,2,3,0,0,2,8168,0,340,0,340
595049,Buffering,347136,983,2,3,0,0,2,8171,95,340,95,340
595299,Buffering,339968,963,2,3,0,0,2,8177,97,340,97,340
595548,Buffering,313344,888,2,3,0,0,2,8179,2,340,2,340
595795,Buffering,333824,946,2,3,0,0,2,8183,0,340,0,340
596045,Buffering,354304,1004,2,3,0,0,2,8187,0,340,0,340
596298,Buffering,347136,983,2,3,0,0,2,8190,0,340,0,340
596548,Buffering,348160,986,2,3,0,0,2,8193,93,340,93,340
596797,Buffering,340992,966,2,3,0,0,2,8196,0,340,0,340
597046,Buffering,333824,946,2,3,0,0,2,8199,0,340,0,340
597296,Buffering,354304,1004,2,3,0,0,2,8203,0,340,0,340
597546,Buffering,327680,928,2,3,0,0,2,8205,0,340,0,340
597794,Buffering,320512,908,2,3,0,0,2,8208,93,340,93,340
598045,Buffering,313344,888,2,3,0,0,2,8214,0,340,0,340
598294,Buffering,314368,891,2,3,0,0,2,8217,0,340,0,340
598546,Buffering,334848,949,2,3,0,0,2,8221,0,340,0,340
598793,Buffering,300032,850,2,3,0,0,2,8223,0,340,0,340
599039,Buffering,320512,908,2,3,0,0,2,8227,0,340,0,340
599289,Buffering,321536,911,2,3,0,0,2,8230,92,340,92,340
599539,Buffering,286720,812,2,3,0,0,2,8232,0,340,0,340
599789,Buffering,279552,792,2,3,0,0,2,8235,91,340,91,340
600037,Buffering,300032,850,2,3,0,0,2,8239,0,340,0,340
