t_ms,state,buffered_bytes,buffered_ms,underruns,resumes,play_failures,stream_rebuilds,sessions,chunk_reads,last_chunk_ms,max_chunk_ms,last_push_gap_ms,max_push_gap_ms
50,Off,0,0,0,0,0,0,1,0,0,0,0,0
253,Off,0,0,0,0,0,0,1,0,0,0,0,0
505,Off,0,0,0,0,0,0,1,0,0,0,0,0
758,Off,0,0,0,0,0,0,1,0,0,0,0,0
1011,Off,0,0,0,0,0,0,1,0,0,0,0,0
1264,Off,663552,1880,0,0,0,0,1,31,0,0,0,0
1517,Playing,2682880,7604,0,0,0,0,1,116,0,158,0,158
1769,Playing,5532672,15682,0,0,0,0,1,232,13,158,13,158
2023,Playing,5497856,15583,0,0,0,0,1,234,0,340,0,340
2277,Playing,5526528,15664,0,0,0,0,1,238,0,340,0,340
2530,Playing,5547008,15722,0,0,0,0,1,242,0,340,0,340
2784,Playing,5567488,15780,0,0,0,0,1,246,0,340,0,340
3051,Playing,5552128,15737,0,0,0,0,1,249,0,340,0,340
3303,Playing,5517312,15638,0,0,0,0,1,251,0,340,0,340
3551,Playing,5518336,15641,0,0,0,0,1,254,0,340,0,340
3800,Playing,5538816,15699,0,0,0,0,1,258,93,340,93,340
4049,Playing,5559296,15757,0,0,0,0,1,262,0,340,1,340
4297,Playing,5505024,15603,0,0,0,0,1,263,172,340,172,340
4548,Playing,5497856,15583,0,0,0,0,1,269,0,340,0,340
4798,Playing,5518336,15641,0,0,0,0,1,273,0,340,0,340
5047,Playing,5511168,15621,0,0,0,0,1,276,0,340,0,340
5295,Playing,5484544,15545,0,0,0,0,1,278,0,340,0,340
5545,Playing,5505024,15603,0,0,0,0,1,282,0,340,0,340
5791,Playing,5497856,15583,0,0,0,0,1,285,175,340,175,340
6044,Playing,5526528,15664,0,0,0,0,1,289,0,340,0,340
6293,Playing,5491712,15566,0,0,0,0,1,291,0,340,0,340
6545,Playing,5484544,15545,0,0,0,0,1,294,176,340,176,340
6794,Playing,5505024,15603,0,0,0,0,1,298,0,340,0,340
7042,Playing,5506048,15606,0,0,0,0,1,304,0,340,13,340
7289,Playing,5443584,15429,0,0,0,0,1,305,94,340,94,340
7538,Playing,5464064,15487,0,0,0,0,1,309,0,340,0,340
7787,Playing,5492736,15568,0,0,0,0,1,313,0,340,0,340
8038,Playing,5485568,15548,0,0,0,0,1,316,0,340,0,340
8289,Playing,5450752,15449,0,0,0,0,1,318,0,340,0,340
8539,Playing,5443584,15429,0,0,0,0,1,321,177,340,177,340
8787,Playing,5472256,15510,0,0,0,0,1,325,176,340,176,340
9036,Playing,5492736,15568,0,0,0,0,1,329,0,340,0,340
9286,Playing,5513216,15627,0,0,0,0,1,333,0,340,0,340
9534,Playing,5458944,15473,0,0,0,0,1,334,174,340,174,340
9783,Playing,5479424,15531,0,0,0,0,1,338,0,340,0,340
10033,Playing,5444608,15432,0,0,0,0,1,343,176,340,176,340
10283,Playing,5445632,15435,0,0,0,0,1,346,0,340,0,340
10534,Playing,5438464,15415,0,0,0,0,1,349,0,340,0,340
10787,Playing,5431296,15394,0,0,0,0,1,352,0,340,0,340
11037,Playing,5451776,15452,0,0,0,0,1,356,175,340,175,340
11285,Playing,5480448,15534,0,0,0,0,1,360,0,340,0,340
11533,Playing,5417984,15357,0,0,0,0,1,361,175,340,175,340
11781,Playing,5466112,15493,0,0,0,0,1,366,0,340,0,340
12031,Playing,5467136,15496,0,0,0,0,1,369,0,340,0,340
12281,Playing,5459968,15476,0,0,0,0,1,372,96,340,96,340
12531,Playing,5452800,15455,0,0,0,0,1,375,0,340,0,340
12783,Playing,5417984,15357,0,0,0,0,1,380,0,340,0,340
13030,Playing,5446656,15438,0,0,0,0,1,384,0,340,0,340
13279,Playing,5467136,15496,0,0,0,0,1,388,0,340,0,340
13530,Playing,5404672,15319,0,0,0,0,1,389,173,340,174,340
13778,Playing,5433344,15400,0,0,0,0,1,393,0,340,0,340
14028,Playing,5453824,15458,0,0,0,0,1,397,0,340,0,340
14276,Playing,5446656,15438,0,0,0,0,1,400,0,340,0,340
14525,Playing,5475328,15519,0,0,0,0,1,404,0,340,0,340
14774,Playing,5412864,15342,0,0,0,0,1,405,179,340,179,340
15024,Playing,5433344,15400,0,0,0,0,1,409,0,340,0,340
15273,Playing,5462016,15481,0,0,0,0,1,413,0,340,0,340
15522,Playing,5399552,15304,0,0,0,0,1,414,175,340,175,340
15775,Playing,5392384,15284,0,0,0,0,1,420,175,340,175,340
16023,Playing,5412864,15342,0,0,0,0,1,424,0,340,0,340
16274,Playing,5413888,15345,0,0,0,0,1,427,0,340,0,340
16519,Playing,5379072,15246,0,0,0,0,1,429,14,340,14,340
16768,Playing,5371904,15226,0,0,0,0,1,432,95,340,95,340
17019,Playing,5400576,15307,0,0,0,0,1,436,95,340,95,340
17265,Playing,5421056,15365,0,0,0,0,1,440,0,340,0,340
17513,Playing,5386240,15267,0,0,0,0,1,442,0,340,0,340
17763,Playing,5387264,15270,0,0,0,0,1,445,95,340,95,340
18013,Playing,5407744,15328,0,0,0,0,1,449,0,340,0,340
18262,Playing,5400576,15307,0,0,0,0,1,452,0,340,0,340
18510,Playing,5364736,15206,0,0,0,0,1,457,0,340,0,340
18758,Playing,5357568,15185,0,0,0,0,1,460,0,340,0,340
19007,Playing,5378048,15243,0,0,0,0,1,464,14,340,14,340
19256,Playing,5379072,15246,0,0,0,0,1,467,0,340,0,340
19504,Playing,5344256,15148,0,0,0,0,1,469,0,340,0,340
19753,Playing,5337088,15127,0,0,0,0,1,472,94,340,94,340
20002,Playing,5365760,15209,0,0,0,0,1,476,0,340,0,340
20251,Playing,5386240,15267,0,0,0,0,1,480,0,340,0,340
20503,Playing,5406720,15325,0,0,0,0,1,484,13,340,13,340
20752,Playing,5371904,15226,0,0,0,0,1,486,95,340,96,340
21062,Playing,5348352,15159,0,0,0,0,1,489,0,340,0,340
21310,Playing,5359616,15191,0,0,0,0,1,496,12,340,12,340
21561,Playing,5324800,15092,0,0,0,0,1,498,0,340,0,340
21810,Playing,5325824,15095,0,0,0,0,1,501,175,340,175,340
22059,Playing,5373952,15232,0,0,0,0,1,506,0,340,0,340
22308,Playing,5339136,15133,0,0,0,0,1,508,93,340,93,340
22556,Playing,5340160,15136,0,0,0,0,1,511,0,340,0,340
22804,Playing,5332992,15116,0,0,0,0,1,514,96,340,96,340
23055,Playing,5325824,15095,0,0,0,0,1,517,94,340,94,340
23304,Playing,5354496,15177,0,0,0,0,1,521,95,340,95,340
23553,Playing,5319680,15078,0,0,0,0,1,523,0,340,0,340
23805,Playing,5340160,15136,0,0,0,0,1,527,92,340,92,340
24053,Playing,5331968,15113,0,0,0,0,1,533,0,340,0,340
24303,Playing,5324800,15092,0,0,0,0,1,536,0,340,0,340
24554,Playing,5289984,14994,0,0,0,0,1,538,0,340,0,340
24802,Playing,5310464,15052,0,0,0,0,1,542,0,340,0,340
25050,Playing,5311488,15055,0,0,0,0,1,545,0,340,0,340
25298,Playing,5331968,15113,0,0,0,0,1,549,0,340,0,340
25546,Playing,5269504,14936,0,0,0,0,1,550,176,340,176,340
25797,Playing,5298176,15017,0,0,0,0,1,554,0,340,0,340
26045,Playing,5318656,15075,0,0,0,0,1,558,0,340,0,340
26293,Playing,5311488,15055,0,0,0,0,1,561,0,340,0,340
26546,Playing,5331968,15113,0,0,0,0,1,565,0,340,0,340
26795,Playing,5277696,14959,0,0,0,0,1,569,0,340,14,340
27042,Playing,5270528,14939,0,0,0,0,1,572,0,340,0,340
27290,Playing,5263360,14918,0,0,0,0,1,575,174,340,174,340
27539,Playing,5264384,14921,0,0,0,0,1,578,0,340,0,340
27787,Playing,5257216,14901,0,0,0,0,1,581,94,340,94,340
28038,Playing,5250048,14881,0,0,0,0,1,584,94,340,94,340
28285,Playing,5306368,15040,0,0,0,0,1,589,0,340,0,340
28536,Playing,5243904,14863,0,0,0,0,1,590,93,340,93,340
28787,Playing,5264384,14921,0,0,0,0,1,594,0,340,0,340
29035,Playing,5284864,14979,0,0,0,0,1,598,0,340,0,340
29283,Playing,5285888,14982,0,0,0,0,1,601,0,340,0,340
29534,Playing,5251072,14883,0,0,0,0,1,603,0,340,0,340
29784,Playing,5271552,14942,0,0,0,0,1,610,93,340,94,340
30033,Playing,5244928,14866,0,0,0,0,1,612,0,340,0,340
30283,Playing,5237760,14846,0,0,0,0,1,615,94,340,94,340
30534,Playing,5258240,14904,0,0,0,0,1,619,11,340,11,340
30783,Playing,5278720,14962,0,0,0,0,1,623,0,340,0,340
31031,Playing,5252096,14886,0,0,0,0,1,625,0,340,0,340
31277,Playing,5272576,14944,0,0,0,0,1,629,0,340,0,340
31526,Playing,5237760,14846,0,0,0,0,1,631,93,340,93,340
31775,Playing,5266432,14927,0,0,0,0,1,635,94,340,94,340
32027,Playing,5231616,14828,0,0,0,0,1,637,2,340,2,340
32277,Playing,5252096,14886,0,0,0,0,1,641,0,340,0,340
32524,Playing,5253120,14889,0,0,0,0,1,647,0,340,0,340
32774,Playing,5273600,14947,0,0,0,0,1,651,0,340,0,340
33024,Playing,5211136,14770,0,0,0,0,1,652,175,340,175,340
33274,Playing,5231616,14828,0,0,0,0,1,656,0,340,0,340
33524,Playing,5232640,14831,0,0,0,0,1,659,94,340,94,340
33772,Playing,5225472,14811,0,0,0,0,1,662,91,340,91,340
34020,Playing,5245952,14869,0,0,0,0,1,666,93,340,93,340
34267,Playing,5219328,14794,0,0,0,0,1,668,0,340,0,340
34516,Playing,5239808,14852,0,0,0,0,1,672,92,340,92,340
34769,Playing,5260288,14910,0,0,0,0,1,676,0,340,0,340
35018,Playing,5233664,14834,0,0,0,0,1,678,96,340,96,340
35269,Playing,5198848,14735,0,0,0,0,1,683,0,340,0,340
35515,Playing,5219328,14794,0,0,0,0,1,687,0,340,0,340
35767,Playing,5212160,14773,0,0,0,0,1,690,0,340,0,340
36020,Playing,5213184,14776,0,0,0,0,1,693,0,340,0,340
36271,Playing,5206016,14756,0,0,0,0,1,696,0,340,0,340
36518,Playing,5198848,14735,0,0,0,0,1,699,94,340,94,340
36768,Playing,5164032,14637,0,0,0,0,1,701,0,340,0,340
37017,Playing,5248000,14875,0,0,0,0,1,707,14,340,14,340
37267,Playing,5185536,14698,0,0,0,0,1,708,177,340,177,340
37516,Playing,5233664,14834,0,0,0,0,1,713,0,340,0,340
37763,Playing,5234688,14837,0,0,0,0,1,716,0,340,0,340
38015,Playing,5190656,14712,0,0,0,0,1,720,0,340,13,340
38267,Playing,5165056,14640,0,0,0,0,1,723,1,340,1,340
38515,Playing,5185536,14698,0,0,0,0,1,727,0,340,0,340
38761,Playing,5186560,14701,0,0,0,0,1,730,175,340,175,340
39012,Playing,5151744,14602,0,0,0,0,1,732,0,340,0,340
39259,Playing,5144576,14582,0,0,0,0,1,735,0,340,0,340
39508,Playing,5200896,14741,0,0,0,0,1,740,0,340,0,340
39755,Playing,5193728,14721,0,0,0,0,1,743,0,340,0,340
40006,Playing,5158912,14622,0,0,0,0,1,745,0,340,0,340
40255,Playing,5187584,14704,0,0,0,0,1,749,0,340,0,340
40504,Playing,5180416,14683,0,0,0,0,1,752,94,340,94,340
40753,Playing,5173248,14663,0,0,0,0,1,755,0,340,0,340
41000,Playing,5146624,14587,0,0,0,0,1,760,0,340,0,340
41310,Playing,5114880,14497,0,0,0,0,1,763,95,340,95,340
41560,Playing,5135360,14556,0,0,0,0,1,767,0,340,0,340
41811,Playing,5136384,14558,0,0,0,0,1,770,96,340,96,340
42057,Playing,5156864,14616,0,0,0,0,1,774,0,340,0,340
42307,Playing,5149696,14596,0,0,0,0,1,777,0,340,0,340
42558,Playing,5150720,14599,0,0,0,0,1,780,0,340,0,340
42809,Playing,5143552,14579,0,0,0,0,1,783,175,340,175,340
43059,Playing,5164032,14637,0,0,0,0,1,787,0,340,0,340
43304,Playing,5109760,14483,0,0,0,0,1,788,95,340,95,340
43554,Playing,5130240,14541,0,0,0,0,1,792,0,340,0,340
43805,Playing,5113856,14495,0,0,0,0,1,798,13,340,13,340
44055,Playing,5134336,14553,0,0,0,0,1,802,0,340,0,340
44304,Playing,5107712,14477,0,0,0,0,1,804,0,340,0,340
44553,Playing,5100544,14457,0,0,0,0,1,807,0,340,0,340
44803,Playing,5093376,14437,0,0,0,0,1,810,174,340,174,340
45058,Playing,5113856,14495,0,0,0,0,1,814,175,340,175,340
45304,Playing,5142528,14576,0,0,0,0,1,818,0,340,0,340
45555,Playing,5080064,14399,0,0,0,0,1,819,95,340,95,340
45804,Playing,5128192,14535,0,0,0,0,1,824,0,340,0,340
46057,Playing,5121024,14515,0,0,0,0,1,827,0,340,0,340
46305,Playing,5122048,14518,0,0,0,0,1,830,100,340,101,340
46554,Playing,5068800,14367,0,0,0,0,1,834,0,340,16,340
46804,Playing,5070848,14373,0,0,0,0,1,838,0,340,0,340
47053,Playing,5099520,14454,0,0,0,0,1,842,0,340,0,340
47303,Playing,5120000,14512,0,0,0,0,1,846,0,340,0,340
47554,Playing,5112832,14492,0,0,0,0,1,849,0,340,0,340
47804,Playing,5078016,14393,0,0,0,0,1,851,0,340,0,340
48054,Playing,5079040,14396,0,0,0,0,1,854,0,340,0,340
48302,Playing,5099520,14454,0,0,0,0,1,858,0,340,0,340
48553,Playing,5092352,14434,0,0,0,0,1,861,0,340,0,340
48801,Playing,5093376,14437,0,0,0,0,1,864,0,340,0,340
49049,Playing,5058560,14338,0,0,0,0,1,866,94,340,94,340
49301,Playing,5069824,14370,0,0,0,0,1,873,0,340,0,340
49551,Playing,5090304,14428,0,0,0,0,1,877,0,340,0,340
49799,Playing,5091328,14431,0,0,0,0,1,880,0,340,0,340
50049,Playing,5028864,14254,0,0,0,0,1,881,175,340,175,340
50299,Playing,5076992,14390,0,0,0,0,1,886,0,340,0,340
50547,Playing,5050368,14315,0,0,0,0,1,888,94,340,94,340
50798,Playing,5043200,14294,0,0,0,0,1,891,0,340,1,340
51045,Playing,5036032,14274,0,0,0,0,1,894,95,340,95,340
51297,Playing,5056512,14332,0,0,0,0,1,898,92,340,92,340
51547,Playing,5085184,14413,0,0,0,0,1,902,0,340,0,340
51796,Playing,5022720,14236,0,0,0,0,1,903,173,340,173,340
52047,Playing,5043200,14294,0,0,0,0,1,907,95,340,95,340
52297,Playing,5036032,14274,0,0,0,0,1,913,1,340,1,340
52544,Playing,5037056,14277,0,0,0,0,1,916,0,340,0,340
52792,Playing,5057536,14335,0,0,0,0,1,920,12,340,13,340
53041,Playing,5030912,14259,0,0,0,0,1,922,0,340,0,340
53292,Playing,5023744,14239,0,0,0,0,1,925,0,340,0,340
53542,Playing,5016576,14219,0,0,0,0,1,928,2,340,2,340
53791,Playing,4981760,14120,0,0,0,0,1,930,0,340,0,340
54041,Playing,5038080,14280,0,0,0,0,1,935,0,340,0,340
54291,Playing,5030912,14259,0,0,0,0,1,938,0,340,0,340
54540,Playing,5051392,14318,0,0,0,0,1,942,0,340,0,340
54790,Playing,5044224,14297,0,0,0,0,1,945,14,340,14,340
55040,Playing,4989952,14143,0,0,0,0,1,949,0,340,0,340
55289,Playing,4982784,14123,0,0,0,0,1,952,0,340,0,340
55538,Playing,5003264,14181,0,0,0,0,1,956,93,340,93,340
55791,Playing,5023744,14239,0,0,0,0,1,960,0,340,0,340
56038,Playing,4969472,14085,0,0,0,0,1,961,171,340,171,340
56289,Playing,5017600,14222,0,0,0,0,1,966,0,340,0,340
56536,Playing,5010432,14201,0,0,0,0,1,969,0,340,0,340
56785,Playing,5011456,14204,0,0,0,0,1,972,0,340,0,340
57038,Playing,5004288,14184,0,0,0,0,1,975,93,340,93,340
57287,Playing,4997120,14164,0,0,0,0,1,978,0,340,0,340
57537,Playing,4998144,14167,0,0,0,0,1,981,175,340,175,340
57787,Playing,4963328,14068,0,0,0,0,1,984,175,340,175,340
58037,Playing,4956160,14048,0,0,0,0,1,989,0,340,0,340
58287,Playing,4948992,14027,0,0,0,0,1,992,95,340,95,340
58537,Playing,4977664,14109,0,0,0,0,1,996,0,340,0,340
58785,Playing,4998144,14167,0,0,0,0,1,1000,0,340,0,340
59034,Playing,4963328,14068,0,0,0,0,1,1002,0,340,0,340
59281,Playing,4964352,14071,0,0,0,0,1,1005,0,340,0,340
59528,Playing,4984832,14129,0,0,0,0,1,1009,0,340,0,340
59778,Playing,4977664,14109,0,0,0,0,1,1012,179,340,179,340
60026,Playing,4951040,14033,0,0,0,0,1,1014,0,340,0,340
60278,Playing,4943872,14013,0,0,0,0,1,1017,94,340,94,340
60528,Playing,4955136,14045,0,0,0,0,1,1023,0,340,15,340
60776,Playing,4910080,13917,0,0,0,0,1,1025,0,340,0,340
61028,Playing,4930560,13975,0,0,0,0,1,1029,0,340,0,340
61277,Playing,4923392,13955,0,0,0,0,1,1032,95,340,95,340
61528,Playing,4943872,14013,0,0,0,0,1,1036,14,340,14,340
61777,Playing,4944896,14016,0,0,0,0,1,1039,92,340,92,340
62026,Playing,4937728,13995,0,0,0,0,1,1042,0,340,0,340
62276,Playing,4930560,13975,0,0,0,0,1,1045,0,340,0,340
62526,Playing,4923392,13955,0,0,0,0,1,1048,93,340,93,340
62775,Playing,4952064,14036,0,0,0,0,1,1052,93,340,93,340
63025,Playing,4917248,13937,0,0,0,0,1,1054,0,340,0,340
63274,Playing,4937728,13995,0,0,0,0,1,1058,0,340,0,340
63524,Playing,4938752,13998,0,0,0,0,1,1064,0,340,0,340
63774,Playing,4931584,13978,0,0,0,0,1,1067,0,340,0,340
64023,Playing,4896768,13879,0,0,0,0,1,1069,0,340,0,340
64271,Playing,4925440,13960,0,0,0,0,1,1073,0,340,0,340
64520,Playing,4918272,13940,0,0,0,0,1,1076,1,340,1,340
64771,Playing,4938752,13998,0,0,0,0,1,1080,0,340,0,340
65021,Playing,4931584,13978,0,0,0,0,1,1083,13,340,13,340
65269,Playing,4960256,14059,0,0,0,0,1,1087,0,340,0,340
65517,Playing,4897792,13882,0,0,0,0,1,1088,176,340,176,340
65766,Playing,4945920,14019,0,0,0,0,1,1093,0,340,0,340
66014,Playing,4946944,14021,0,0,0,0,1,1096,0,340,0,340
66263,Playing,4912128,13923,0,0,0,0,1,1101,94,340,94,340
66513,Playing,4904960,13902,0,0,0,0,1,1104,96,340,96,340
66762,Playing,4878336,13827,0,0,0,0,1,1106,0,340,0,340
67013,Playing,4926464,13963,0,0,0,0,1,1111,0,340,0,340
67262,Playing,4946944,14021,0,0,0,0,1,1115,12,340,12,340
67512,Playing,4884480,13844,0,0,0,0,1,1116,179,340,179,340
67759,Playing,4913152,13926,0,0,0,0,1,1120,0,340,0,340
68012,Playing,4905984,13905,0,0,0,0,1,1123,0,340,1,340
68260,Playing,4926464,13963,0,0,0,0,1,1127,0,340,0,340
68509,Playing,4899840,13888,0,0,0,0,1,1129,94,340,94,340
68759,Playing,4892672,13868,0,0,0,0,1,1132,171,340,171,340
69009,Playing,4876288,13821,0,0,0,0,1,1138,0,340,0,340
69258,Playing,4896768,13879,0,0,0,0,1,1142,0,340,0,340
69509,Playing,4842496,13725,0,0,0,0,1,1143,174,340,174,340
69758,Playing,4862976,13783,0,0,0,0,1,1147,0,340,0,340
70008,Playing,4855808,13763,0,0,0,0,1,1150,175,340,175,340
70257,Playing,4876288,13821,0,0,0,0,1,1154,0,340,0,340
70507,Playing,4904960,13902,0,0,0,0,1,1158,0,340,0,340
70757,Playing,4870144,13804,0,0,0,0,1,1160,0,340,0,340
71005,Playing,4862976,13783,0,0,0,0,1,1163,177,340,177,340
71257,Playing,4911104,13920,0,0,0,0,1,1168,0,340,0,340
71506,Playing,4884480,13844,0,0,0,0,1,1170,15,340,15,340
71755,Playing,4849664,13746,0,0,0,0,1,1172,0,340,0,340
72002,Playing,4841472,13722,0,0,0,0,1,1178,0,340,0,340
72251,Playing,4861952,13781,0,0,0,0,1,1182,0,340,0,340
72561,Playing,4810752,13635,0,0,0,0,1,1184,0,340,0,340
72807,Playing,4858880,13772,0,0,0,0,1,1189,0,340,0,340
73057,Playing,4824064,13673,0,0,0,0,1,1191,93,340,93,340
73307,Playing,4825088,13676,0,0,0,0,1,1194,0,340,0,340
73558,Playing,4845568,13734,0,0,0,0,1,1198,0,340,0,340
73804,Playing,4866048,13792,0,0,0,0,1,1202,0,340,0,340
74054,Playing,4858880,13772,0,0,0,0,1,1205,94,340,94,340
74305,Playing,4832256,13696,0,0,0,0,1,1207,0,340,0,340
74553,Playing,4825088,13676,0,0,0,0,1,1210,94,340,94,340
74802,Playing,4808704,13630,0,0,0,0,1,1216,93,340,93,340
75051,Playing,4837376,13711,0,0,0,0,1,1220,1,340,1,340
75301,Playing,4774912,13534,0,0,0,0,1,1221,175,340,175,340
75551,Playing,4795392,13592,0,0,0,0,1,1225,176,340,176,340
75799,Playing,4815872,13650,0,0,0,0,1,1229,0,340,0,340
76052,Playing,4816896,13653,0,0,0,0,1,1232,94,340,94,340
76300,Playing,4782080,13554,0,0,0,0,1,1234,0,340,0,340
76550,Playing,4802560,13612,0,0,0,0,1,1238,0,340,0,340
76801,Playing,4803584,13615,0,0,0,0,1,1241,0,340,0,340
77051,Playing,4824064,13673,0,0,0,0,1,1245,0,340,0,340
77300,Playing,4789248,13574,0,0,0,0,1,1247,0,340,0,340
77546,Playing,4782080,13554,0,0,0,0,1,1253,0,340,0,340
77794,Playing,4783104,13557,0,0,0,0,1,1256,0,340,0,340
78044,Playing,4775936,13537,0,0,0,0,1,1259,175,340,175,340
78295,Playing,4741120,13438,0,0,0,0,1,1261,0,340,0,340
78542,Playing,4769792,13519,0,0,0,0,1,1265,0,340,0,340
78791,Playing,4790272,13577,0,0,0,0,1,1269,0,340,0,340
79039,Playing,4755456,13479,0,0,0,0,1,1271,16,340,16,340
79289,Playing,4756480,13482,0,0,0,0,1,1274,1,340,1,340
79537,Playing,4749312,13461,0,0,0,0,1,1277,0,340,0,340
79786,Playing,4797440,13598,0,0,0,0,1,1282,0,340,0,340
80035,Playing,4826112,13679,0,0,0,0,1,1286,0,340,0,340
80284,Playing,4736000,13424,0,0,0,0,1,1289,0,340,14,340
80536,Playing,4756480,13482,0,0,0,0,1,1293,0,340,0,340
80784,Playing,4749312,13461,0,0,0,0,1,1296,1,340,1,340
81034,Playing,4750336,13464,0,0,0,0,1,1299,174,340,174,340
81283,Playing,4715520,13365,0,0,0,0,1,1301,0,340,0,340
81531,Playing,4736000,13424,0,0,0,0,1,1305,0,340,0,340
81780,Playing,4756480,13482,0,0,0,0,1,1309,0,340,0,340
82028,Playing,4785152,13563,0,0,0,0,1,1313,0,340,0,340
82279,Playing,4777984,13543,0,0,0,0,1,1316,0,340,0,340
82530,Playing,4743168,13444,0,0,0,0,1,1318,0,340,0,340
82777,Playing,4771840,13525,0,0,0,0,1,1322,0,340,0,340
83025,Playing,4737024,13426,0,0,0,0,1,1327,0,340,13,340
83275,Playing,4729856,13406,0,0,0,0,1,1330,175,340,175,340
83526,Playing,4695040,13307,0,0,0,0,1,1332,0,340,0,340
83775,Playing,4723712,13389,0,0,0,0,1,1336,0,340,0,340
84024,Playing,4744192,13447,0,0,0,0,1,1340,0,340,0,340
84274,Playing,4737024,13426,0,0,0,0,1,1343,0,340,0,340
84524,Playing,4710400,13351,0,0,0,0,1,1345,0,340,1,340
84773,Playing,4730880,13409,0,0,0,0,1,1349,0,340,0,340
85023,Playing,4723712,13389,0,0,0,0,1,1352,0,340,0,340
85272,Playing,4716544,13368,0,0,0,0,1,1355,95,340,95,340
85521,Playing,4717568,13371,0,0,0,0,1,1358,0,340,0,340
85771,Playing,4710400,13351,0,0,0,0,1,1361,94,340,94,340
86022,Playing,4703232,13331,0,0,0,0,1,1367,0,340,0,340
86272,Playing,4723712,13389,0,0,0,0,1,1371,0,340,0,340
86520,Playing,4724736,13392,0,0,0,0,1,1374,0,340,0,340
86768,Playing,4689920,13293,0,0,0,0,1,1376,0,340,0,340
87018,Playing,4710400,13351,0,0,0,0,1,1380,0,340,0,340
87266,Playing,4711424,13354,0,0,0,0,1,1383,0,340,0,340
87516,Playing,4731904,13412,0,0,0,0,1,1387,0,340,0,340
87765,Playing,4697088,13313,0,0,0,0,1,1389,0,340,0,340
88013,Playing,4698112,13316,0,0,0,0,1,1392,0,340,0,340
88263,Playing,4718592,13374,0,0,0,0,1,1396,0,340,0,340
88515,Playing,4711424,13354,0,0,0,0,1,1399,0,340,0,340
88765,Playing,4648960,13177,0,0,0,0,1,1403,0,340,0,340
89017,Playing,4669440,13235,0,0,0,0,1,1407,0,340,0,340
89266,Playing,4698112,13316,0,0,0,0,1,1411,0,340,0,340
89517,Playing,4690944,13296,0,0,0,0,1,1414,1,340,1,340
89764,Playing,4656128,13197,0,0,0,0,1,1416,0,340,0,340
90013,Playing,4657152,13200,0,0,0,0,1,1419,174,340,174,340
90262,Playing,4677632,13258,0,0,0,0,1,1423,173,340,173,340
90509,Playing,4698112,13316,0,0,0,0,1,1427,0,340,0,340
90757,Playing,4643840,13162,0,0,0,0,1,1428,95,340,95,340
91008,Playing,4636672,13142,0,0,0,0,1,1431,0,340,0,340
91256,Playing,4684800,13278,0,0,0,0,1,1436,0,340,0,340
91507,Playing,4640768,13154,0,0,0,0,1,1440,0,340,15,340
91755,Playing,4651008,13183,0,0,0,0,1,1444,0,340,0,340
92003,Playing,4616192,13084,0,0,0,0,1,1446,93,340,93,340
92255,Playing,4636672,13142,0,0,0,0,1,1450,174,340,174,340
92503,Playing,4637696,13145,0,0,0,0,1,1453,0,340,0,340
92751,Playing,4630528,13125,0,0,0,0,1,1456,0,340,0,340
93004,Playing,4623360,13104,0,0,0,0,1,1459,173,340,173,340
93254,Playing,4643840,13162,0,0,0,0,1,1463,0,340,0,340
93504,Playing,4644864,13165,0,0,0,0,1,1466,174,340,174,340
93750,Playing,4637696,13145,0,0,0,0,1,1469,12,340,12,340
94001,Playing,4658176,13203,0,0,0,0,1,1473,13,340,13,340
94251,Playing,4640768,13154,0,0,0,0,1,1478,0,340,13,340
94501,Playing,4615168,13081,0,0,0,0,1,1481,93,340,93,340
94812,Playing,4619264,13093,0,0,0,0,1,1485,0,340,0,340
95001,Playing,4573184,12962,0,0,0,0,1,1486,95,340,96,340
95311,Playing,4604928,13052,0,0,0,0,1,1491,0,340,0,340
95538,Playing,4605952,13055,0,0,0,0,1,1494,24,340,24,340
95794,Playing,4634624,13136,0,0,0,0,1,1498,0,340,0,340
96046,Playing,4599808,13038,0,0,0,0,1,1500,0,340,0,340
96296,Playing,4592640,13017,0,0,0,0,1,1503,0,340,0,340
96545,Playing,4585472,12997,0,0,0,0,1,1506,175,340,175,340
96794,Playing,4614144,13078,0,0,0,0,1,1510,178,340,178,340
97041,Playing,4616192,13084,0,0,0,0,1,1514,0,340,0,340
97292,Playing,4535296,12855,0,0,0,0,1,1517,95,340,95,340
97542,Playing,4591616,13014,0,0,0,0,1,1522,0,340,0,340
97789,Playing,4584448,12994,0,0,0,0,1,1525,14,340,14,340
98038,Playing,4577280,12974,0,0,0,0,1,1528,94,340,94,340
98284,Playing,4578304,12977,0,0,0,0,1,1531,0,340,0,340
98534,Playing,4571136,12956,0,0,0,0,1,1534,0,340,0,340
98783,Playing,4591616,13014,0,0,0,0,1,1538,0,340,0,340
99033,Playing,4592640,13017,0,0,0,0,1,1541,95,340,95,340
99281,Playing,4530176,12840,0,0,0,0,1,1542,177,340,177,340
99530,Playing,4578304,12977,0,0,0,0,1,1547,0,340,0,340
99780,Playing,4579328,12979,0,0,0,0,1,1550,0,340,0,340
100028,Playing,4562944,12933,0,0,0,0,1,1556,0,340,0,340
100279,Playing,4555776,12913,0,0,0,0,1,1559,14,340,14,340
100528,Playing,4520960,12814,0,0,0,0,1,1561,0,340,0,340
100777,Playing,4521984,12817,0,0,0,0,1,1564,95,340,95,340
101025,Playing,4570112,12953,0,0,0,0,1,1569,12,340,13,340
101274,Playing,4562944,12933,0,0,0,0,1,1572,0,340,0,340
101522,Playing,4591616,13014,0,0,0,0,1,1576,0,340,0,340
101772,Playing,4529152,12837,0,0,0,0,1,1577,175,340,175,340
102021,Playing,4549632,12895,0,0,0,0,1,1581,0,340,0,340
102269,Playing,4550656,12898,0,0,0,0,1,1584,95,340,96,340
102520,Playing,4571136,12956,0,0,0,0,1,1588,93,340,94,340
102766,Playing,4508672,12779,0,0,0,0,1,1592,0,340,14,340
103015,Playing,4537344,12860,0,0,0,0,1,1596,92,340,92,340
103264,Playing,4530176,12840,0,0,0,0,1,1599,175,340,176,340
103512,Playing,4495360,12741,0,0,0,0,1,1601,11,340,11,340
103762,Playing,4524032,12823,0,0,0,0,1,1605,173,340,173,340
104013,Playing,4544512,12881,0,0,0,0,1,1609,0,340,0,340
104263,Playing,4537344,12860,0,0,0,0,1,1612,0,340,0,340
104512,Playing,4502528,12762,0,0,0,0,1,1614,13,340,13,340
104761,Playing,4531200,12843,0,0,0,0,1,1618,14,340,14,340
105008,Playing,4524032,12823,0,0,0,0,1,1621,0,340,0,340
105258,Playing,4489216,12724,0,0,0,0,1,1623,0,340,0,340
105506,Playing,4490240,12727,0,0,0,0,1,1626,0,340,0,340
105757,Playing,4483072,12707,0,0,0,0,1,1632,90,340,90,340
106005,Playing,4503552,12765,0,0,0,0,1,1636,1,340,1,340
106253,Playing,4532224,12846,0,0,0,0,1,1640,0,340,0,340
106502,Playing,4525056,12826,0,0,0,0,1,1643,16,340,16,340
106752,Playing,4517888,12805,0,0,0,0,1,1646,94,340,95,340
107060,Playing,4521984,12817,0,0,0,0,1,1650,0,340,0,340
107313,Playing,4487168,12718,0,0,0,0,1,1652,0,340,0,340
107562,Playing,4480000,12698,0,0,0,0,1,1655,95,340,95,340
107808,Playing,4508672,12779,0,0,0,0,1,1659,14,340,14,340
108058,Playing,4529152,12837,0,0,0,0,1,1663,1,340,1,340
108307,Playing,4494336,12739,0,0,0,0,1,1665,0,340,0,340
108557,Playing,4467712,12663,0,0,0,0,1,1670,0,340,0,340
108806,Playing,4488192,12721,0,0,0,0,1,1674,0,340,0,340
109056,Playing,4508672,12779,0,0,0,0,1,1678,0,340,0,340
109306,Playing,4509696,12782,0,0,0,0,1,1681,0,340,0,340
109554,Playing,4474880,12683,0,0,0,0,1,1683,0,340,0,340
109807,Playing,4495360,12741,0,0,0,0,1,1687,0,340,0,340
110053,Playing,4488192,12721,0,0,0,0,1,1690,0,340,0,340
110302,Playing,4461568,12646,0,0,0,0,1,1692,0,340,0,340
110550,Playing,4482048,12704,0,0,0,0,1,1696,0,340,0,340
110800,Playing,4474880,12683,0,0,0,0,1,1699,0,340,0,340
111050,Playing,4494336,12739,0,0,0,0,1,1705,0,340,14,340
111298,Playing,4441088,12588,0,0,0,0,1,1707,15,340,15,340
111550,Playing,4433920,12567,0,0,0,0,1,1710,0,340,0,340
111800,Playing,4454400,12625,0,0,0,0,1,1714,0,340,0,340
112048,Playing,4483072,12707,0,0,0,0,1,1718,0,340,0,340
112301,Playing,4420608,12530,0,0,0,0,1,1719,176,340,176,340
112550,Playing,4441088,12588,0,0,0,0,1,1723,0,340,0,340
112799,Playing,4461568,12646,0,0,0,0,1,1727,0,340,0,340
113047,Playing,4462592,12649,0,0,0,0,1,1730,0,340,0,340
113299,Playing,4427776,12550,0,0,0,0,1,1732,0,340,0,340
113548,Playing,4420608,12530,0,0,0,0,1,1735,95,340,95,340
113798,Playing,4441088,12588,0,0,0,0,1,1739,175,340,175,340
114049,Playing,4442112,12591,0,0,0,0,1,1745,0,340,0,340
114298,Playing,4379648,12413,0,0,0,0,1,1746,95,340,95,340
114546,Playing,4400128,12472,0,0,0,0,1,1750,173,340,173,340
114794,Playing,4428800,12553,0,0,0,0,1,1754,0,340,0,340
115041,Playing,4421632,12532,0,0,0,0,1,1757,173,340,173,340
115290,Playing,4414464,12512,0,0,0,0,1,1760,16,340,16,340
115540,Playing,4415488,12515,0,0,0,0,1,1763,0,340,0,340
115788,Playing,4435968,12573,0,0,0,0,1,1767,0,340,0,340
116036,Playing,4428800,12553,0,0,0,0,1,1770,176,340,176,340
116287,Playing,4402176,12477,0,0,0,0,1,1772,0,340,0,340
116535,Playing,4422656,12535,0,0,0,0,1,1776,0,340,0,340
116786,Playing,4415488,12515,0,0,0,0,1,1782,0,340,0,340
117037,Playing,4408320,12495,0,0,0,0,1,1785,0,340,0,340
117285,Playing,4381696,12419,0,0,0,0,1,1787,0,340,0,340
117536,Playing,4402176,12477,0,0,0,0,1,1791,13,340,13,340
117786,Playing,4395008,12457,0,0,0,0,1,1794,0,340,0,340
118034,Playing,4415488,12515,0,0,0,0,1,1798,0,340,0,340
118283,Playing,4361216,12361,0,0,0,0,1,1799,95,340,95,340
118532,Playing,4381696,12419,0,0,0,0,1,1803,93,340,93,340
118781,Playing,4402176,12477,0,0,0,0,1,1807,0,340,0,340
119029,Playing,4430848,12559,0,0,0,0,1,1811,0,340,0,340
119280,Playing,4423680,12538,0,0,0,0,1,1814,0,340,0,340
119529,Playing,4388864,12440,0,0,0,0,1,1816,0,340,0,340
119779,Playing,4344832,12315,0,0,0,0,1,1821,0,340,0,340
120030,Playing,4373504,12396,0,0,0,0,1,1825,177,340,177,340
120279,Playing,4338688,12297,0,0,0,0,1,1827,0,340,0,340
120529,Playing,4331520,12277,0,0,0,0,1,1830,173,340,173,340
120777,Playing,4360192,12358,0,0,0,0,1,1834,0,340,0,340
121025,Playing,4380672,12416,0,0,0,0,1,1838,0,340,0,340
121277,Playing,4373504,12396,0,0,0,0,1,1841,0,340,0,340
121526,Playing,4338688,12297,0,0,0,0,1,1843,0,340,0,340
121775,Playing,4367360,12379,0,0,0,0,1,1847,0,340,0,340
122024,Playing,4360192,12358,0,0,0,0,1,1850,176,340,176,340
122274,Playing,4380672,12416,0,0,0,0,1,1854,0,340,0,340
122523,Playing,4317184,12236,0,0,0,0,1,1858,0,340,0,340
122775,Playing,4282368,12138,0,0,0,0,1,1860,0,340,0,340
123023,Playing,4330496,12274,0,0,0,0,1,1865,0,340,0,340
123273,Playing,4359168,12355,0,0,0,0,1,1869,0,340,0,340
123523,Playing,4352000,12335,0,0,0,0,1,1872,0,340,0,340
123774,Playing,4289536,12158,0,0,0,0,1,1873,176,340,176,340
124022,Playing,4337664,12294,0,0,0,0,1,1878,0,340,0,340
124271,Playing,4311040,12219,0,0,0,0,1,1880,0,340,0,340
124520,Playing,4359168,12355,0,0,0,0,1,1885,0,340,0,340
124769,Playing,4296704,12178,0,0,0,0,1,1886,174,340,174,340
125019,Playing,4317184,12236,0,0,0,0,1,1890,177,340,177,340
125269,Playing,4299776,12187,0,0,0,0,1,1895,0,340,14,340
125518,Playing,4246528,12036,0,0,0,0,1,1897,0,340,0,340
125767,Playing,4267008,12094,0,0,0,0,1,1901,94,340,94,340
126016,Playing,4295680,12175,0,0,0,0,1,1905,0,340,0,340
126266,Playing,4288512,12155,0,0,0,0,1,1908,173,340,173,340
126514,Playing,4308992,12213,0,0,0,0,1,1912,177,340,177,340
126764,Playing,4282368,12138,0,0,0,0,1,1914,0,340,0,340
127013,Playing,4275200,12117,0,0,0,0,1,1917,0,340,0,340
127264,Playing,4295680,12175,0,0,0,0,1,1921,173,340,173,340
127513,Playing,4316160,12234,0,0,0,0,1,1925,0,340,0,340
127761,Playing,4289536,12158,0,0,0,0,1,1927,0,340,0,340
128011,Playing,4282368,12138,0,0,0,0,1,1933,0,340,12,340
128259,Playing,4275200,12117,0,0,0,0,1,1936,0,340,0,340
128507,Playing,4276224,12120,0,0,0,0,1,1939,172,340,172,340
128757,Playing,4269056,12100,0,0,0,0,1,1942,12,340,12,340
129007,Playing,4261888,12080,0,0,0,0,1,1945,91,340,91,340
129253,Playing,4262912,12083,0,0,0,0,1,1948,172,340,172,340
129503,Playing,4311040,12219,0,0,0,0,1,1953,0,340,0,340
129753,Playing,4248576,12042,0,0,0,0,1,1954,94,340,94,340
130004,Playing,4269056,12100,0,0,0,0,1,1958,0,340,0,340
130253,Playing,4297728,12181,0,0,0,0,1,1962,0,340,0,340
130500,Playing,4290560,12161,0,0,0,0,1,1965,0,340,0,340
130750,Playing,4283392,12141,0,0,0,0,1,1969,0,340,0,340
131061,Playing,4259840,12074,0,0,0,0,1,1974,0,340,0,340
131310,Playing,4252672,12054,0,0,0,0,1,1977,95,340,95,340
131561,Playing,4253696,12056,0,0,0,0,1,1980,0,340,0,340
131809,Playing,4274176,12115,0,0,0,0,1,1984,0,340,0,340
132060,Playing,4239360,12016,0,0,0,0,1,1986,94,340,94,340
132308,Playing,4232192,11996,0,0,0,0,1,1989,0,340,0,340
132558,Playing,4233216,11998,0,0,0,0,1,1992,95,340,95,340
132804,Playing,4253696,12056,0,0,0,0,1,1996,0,340,0,340
133051,Playing,4282368,12138,0,0,0,0,1,2000,0,340,0,340
133301,Playing,4219904,11961,0,0,0,0,1,2001,175,340,175,340
133552,Playing,4240384,12019,0,0,0,0,1,2005,93,340,93,340
133802,Playing,4233216,11998,0,0,0,0,1,2011,0,340,0,340
134051,Playing,4234240,12001,0,0,0,0,1,2014,0,340,0,340
134299,Playing,4254720,12059,0,0,0,0,1,2018,0,340,0,340
134548,Playing,4219904,11961,0,0,0,0,1,2020,0,340,0,340
134797,Playing,4220928,11964,0,0,0,0,1,2023,93,340,93,340
135049,Playing,4241408,12022,0,0,0,0,1,2027,0,340,0,340
135298,Playing,4178944,11845,0,0,0,0,1,2028,175,340,175,340
135546,Playing,4199424,11903,0,0,0,0,1,2032,95,340,95,340
135795,Playing,4228096,11984,0,0,0,0,1,2036,0,340,0,340
136044,Playing,4248576,12042,0,0,0,0,1,2040,0,340,0,340
136294,Playing,4241408,12022,0,0,0,0,1,2043,14,340,14,340
136542,Playing,4187136,11868,0,0,0,0,1,2047,0,340,0,340
136792,Playing,4179968,11847,0,0,0,0,1,2050,0,340,0,340
137041,Playing,4172800,11827,0,0,0,0,1,2053,0,340,0,340
137289,Playing,4229120,11987,0,0,0,0,1,2058,14,340,14,340
137537,Playing,4166656,11810,0,0,0,0,1,2059,174,340,174,340
137785,Playing,4187136,11868,0,0,0,0,1,2063,0,340,0,340
138036,Playing,4188160,11871,0,0,0,0,1,2066,174,340,174,340
138282,Playing,4208640,11929,0,0,0,0,1,2070,0,340,0,340
138535,Playing,4173824,11830,0,0,0,0,1,2072,0,340,0,340
138785,Playing,4194304,11888,0,0,0,0,1,2076,0,340,0,340
139037,Playing,4195328,11891,0,0,0,0,1,2079,174,340,174,340
139286,Playing,4188160,11871,0,0,0,0,1,2085,0,340,0,340
139536,Playing,4153344,11772,0,0,0,0,1,2087,0,340,0,340
139784,Playing,4146176,11752,0,0,0,0,1,2090,0,340,0,340
140033,Playing,4174848,11833,0,0,0,0,1,2094,0,340,0,340
140279,Playing,4195328,11891,0,0,0,0,1,2098,0,340,0,340
140529,Playing,4160512,11792,0,0,0,0,1,2100,0,340,0,340
140778,Playing,4161536,11795,0,0,0,0,1,2103,0,340,0,340
141028,Playing,4182016,11853,0,0,0,0,1,2107,0,340,0,340
141278,Playing,4174848,11833,0,0,0,0,1,2110,173,340,173,340
141528,Playing,4140032,11734,0,0,0,0,1,2112,0,340,0,340
141777,Playing,4141056,11737,0,0,0,0,1,2115,173,340,173,340
142026,Playing,4161536,11795,0,0,0,0,1,2119,176,340,176,340
142277,Playing,4182016,11853,0,0,0,0,1,2126,0,340,0,340
142528,Playing,4119552,11676,0,0,0,0,1,2127,94,340,94,340
142778,Playing,4148224,11758,0,0,0,0,1,2131,0,340,0,340
143030,Playing,4141056,11737,0,0,0,0,1,2134,0,340,0,340
143278,Playing,4133888,11717,0,0,0,0,1,2137,175,340,175,340
143524,Playing,4162560,11798,0,0,0,0,1,2141,88,340,88,340
143772,Playing,4127744,11699,0,0,0,0,1,2143,0,340,0,340
144023,Playing,4148224,11758,0,0,0,0,1,2147,0,340,0,340
144273,Playing,4149248,11760,0,0,0,0,1,2150,179,340,179,340
144524,Playing,4169728,11818,0,0,0,0,1,2154,0,340,0,340
144776,Playing,4107264,11641,0,0,0,0,1,2155,173,340,173,340
145025,Playing,4118528,11673,0,0,0,0,1,2162,0,340,0,340
145273,Playing,4119552,11676,0,0,0,0,1,2165,0,340,0,340
145524,Playing,4112384,11656,0,0,0,0,1,2168,175,340,175,340
145770,Playing,4077568,11557,0,0,0,0,1,2170,0,340,0,340
146020,Playing,4106240,11639,0,0,0,0,1,2174,175,340,175,340
146267,Playing,4099072,11618,0,0,0,0,1,2177,174,340,174,340
146517,Playing,4147200,11755,0,0,0,0,1,2182,0,340,0,340
146766,Playing,4148224,11758,0,0,0,0,1,2185,0,340,0,340
147015,Playing,4113408,11659,0,0,0,0,1,2187,0,340,0,340
147266,Playing,4106240,11639,0,0,0,0,1,2190,0,340,0,340
147516,Playing,4126720,11697,0,0,0,0,1,2194,0,340,0,340
147764,Playing,4081664,11569,0,0,0,0,1,2198,0,340,14,340
148015,Playing,4056064,11496,0,0,0,0,1,2201,0,340,0,340
148263,Playing,4076544,11554,0,0,0,0,1,2205,175,340,175,340
148514,Playing,4105216,11636,0,0,0,0,1,2209,0,340,0,340
148765,Playing,4042752,11459,0,0,0,0,1,2210,96,340,96,340
149017,Playing,4063232,11517,0,0,0,0,1,2214,176,340,176,340
149266,Playing,4083712,11575,0,0,0,0,1,2218,0,340,0,340
149516,Playing,4084736,11578,0,0,0,0,1,2221,176,340,176,340
149766,Playing,4077568,11557,0,0,0,0,1,2224,174,340,175,340
150016,Playing,4070400,11537,0,0,0,0,1,2227,0,340,0,340
150263,Playing,4063232,11517,0,0,0,0,1,2230,177,340,177,340
150512,Playing,4073472,11546,0,0,0,0,1,2236,0,340,14,340
150760,Playing,4075520,11551,0,0,0,0,1,2240,0,340,0,340
151010,Playing,4021248,11398,0,0,0,0,1,2241,175,340,176,340
151260,Playing,4041728,11456,0,0,0,0,1,2245,0,340,0,340
151509,Playing,4062208,11514,0,0,0,0,1,2249,0,340,0,340
151756,Playing,4035584,11438,0,0,0,0,1,2251,15,340,15,340
152007,Playing,4028416,11418,0,0,0,0,1,2254,0,340,0,340
152257,Playing,4048896,11476,0,0,0,0,1,2258,12,340,12,340
152509,Playing,4041728,11456,0,0,0,0,1,2261,0,340,0,340
152755,Playing,4015104,11380,0,0,0,0,1,2263,0,340,0,340
153005,Playing,4007936,11360,0,0,0,0,1,2266,95,340,95,340
153252,Playing,4028416,11418,0,0,0,0,1,2270,95,340,95,340
153504,Playing,4021248,11398,0,0,0,0,1,2276,0,340,0,340
153754,Playing,4049920,11479,0,0,0,0,1,2280,16,340,16,340
154004,Playing,4042752,11459,0,0,0,0,1,2283,1,340,1,340
154254,Playing,4007936,11360,0,0,0,0,1,2285,0,340,0,340
154503,Playing,4008960,11363,0,0,0,0,1,2288,94,340,95,340
154752,Playing,4029440,11421,0,0,0,0,1,2292,94,340,94,340
155002,Playing,4049920,11479,0,0,0,0,1,2296,0,340,0,340
155250,Playing,3987456,11302,0,0,0,0,1,2297,175,340,175,340
155502,Playing,4016128,11383,0,0,0,0,1,2301,93,340,93,340
155750,Playing,4036608,11441,0,0,0,0,1,2305,14,340,14,340
156000,Playing,4029440,11421,0,0,0,0,1,2308,96,340,96,340
156311,Playing,4005888,11354,0,0,0,0,1,2314,94,340,94,340
156560,Playing,3971072,11255,0,0,0,0,1,2316,0,340,0,340
156810,Playing,3963904,11235,0,0,0,0,1,2319,93,340,93,340
157061,Playing,4020224,11395,0,0,0,0,1,2324,0,340,0,340
157308,Playing,4013056,11374,0,0,0,0,1,2327,0,340,0,340
157560,Playing,3978240,11276,0,0,0,0,1,2329,0,340,0,340
157809,Playing,3998720,11334,0,0,0,0,1,2333,0,340,0,340
158056,Playing,3999744,11337,0,0,0,0,1,2336,0,340,0,340
158308,Playing,3964928,11238,0,0,0,0,1,2338,0,340,0,340
158560,Playing,3985408,11296,0,0,0,0,1,2342,0,340,0,340
158808,Playing,3986432,11299,0,0,0,0,1,2345,0,340,0,340
159059,Playing,3951616,11200,0,0,0,0,1,2350,0,340,14,340
159307,Playing,3916800,11102,0,0,0,0,1,2352,0,340,0,340
159556,Playing,3937280,11160,0,0,0,0,1,2356,93,340,93,340
159807,Playing,3965952,11241,0,0,0,0,1,2360,0,340,0,340
160056,Playing,3958784,11221,0,0,0,0,1,2363,177,340,177,340
160304,Playing,3979264,11279,0,0,0,0,1,2367,0,340,0,340
160554,Playing,3952640,11203,0,0,0,0,1,2369,1,340,1,340
160805,Playing,3945472,11183,0,0,0,0,1,2372,0,340,0,340
161056,Playing,3965952,11241,0,0,0,0,1,2376,0,340,0,340
161304,Playing,3986432,11299,0,0,0,0,1,2380,0,340,0,340
161552,Playing,3932160,11145,0,0,0,0,1,2381,95,340,95,340
161800,Playing,3943424,11177,0,0,0,0,1,2387,0,340,15,340
162050,Playing,3953664,11206,0,0,0,0,1,2391,0,340,0,340
162302,Playing,3946496,11186,0,0,0,0,1,2394,0,340,0,340
162552,Playing,3966976,11244,0,0,0,0,1,2398,0,340,0,340
162805,Playing,3932160,11145,0,0,0,0,1,2400,15,340,15,340
163054,Playing,3924992,11125,0,0,0,0,1,2403,96,340,96,340
163306,Playing,3953664,11206,0,0,0,0,1,2407,175,340,175,340
163666,Playing,3850240,10913,0,0,0,0,1,2408,94,340,94,340
163786,Playing,3919872,11110,0,0,0,0,1,2412,0,340,0,340
164036,Playing,3940352,11168,0,0,0,0,1,2416,13,340,13,340
164283,Playing,3969024,11250,0,0,0,0,1,2420,0,340,0,340
164534,Playing,3934208,11151,0,0,0,0,1,2422,0,340,0,340
164783,Playing,3871744,10974,0,0,0,0,1,2426,95,340,95,340
165034,Playing,3900416,11055,0,0,0,0,1,2430,92,340,92,340
165284,Playing,3893248,11035,0,0,0,0,1,2433,0,340,0,340
165532,Playing,3886080,11014,0,0,0,0,1,2436,0,340,0,340
165783,Playing,3878912,10994,0,0,0,0,1,2439,94,340,94,340
166032,Playing,3907584,11075,0,0,0,0,1,2443,95,340,95,340
166280,Playing,3928064,11133,0,0,0,0,1,2447,14,340,14,340
166528,Playing,3920896,11113,0,0,0,0,1,2450,95,340,95,340
166779,Playing,3894272,11038,0,0,0,0,1,2452,0,340,0,340
167032,Playing,3914752,11096,0,0,0,0,1,2456,0,340,0,340
167281,Playing,3907584,11075,0,0,0,0,1,2459,94,340,94,340
167532,Playing,3900416,11055,0,0,0,0,1,2465,94,340,94,340
167781,Playing,3901440,11058,0,0,0,0,1,2468,96,340,96,340
168030,Playing,3866624,10959,0,0,0,0,1,2470,0,340,0,340
168278,Playing,3887104,11017,0,0,0,0,1,2474,0,340,0,340
168530,Playing,3907584,11075,0,0,0,0,1,2478,0,340,0,340
168779,Playing,3908608,11078,0,0,0,0,1,2481,94,340,94,340
169031,Playing,3873792,10980,0,0,0,0,1,2483,0,340,0,340
169280,Playing,3894272,11038,0,0,0,0,1,2487,1,340,1,340
169529,Playing,3895296,11041,0,0,0,0,1,2490,0,340,0,340
169781,Playing,3888128,11020,0,0,0,0,1,2493,95,340,95,340
170029,Playing,3880960,11000,0,0,0,0,1,2496,0,340,0,340
170281,Playing,3892224,11032,0,0,0,0,1,2503,94,340,94,340
170529,Playing,3865600,10956,0,0,0,0,1,2505,0,340,0,340
170778,Playing,3886080,11014,0,0,0,0,1,2509,0,340,0,340
171027,Playing,3851264,10916,0,0,0,0,1,2511,0,340,0,340
171277,Playing,3852288,10919,0,0,0,0,1,2514,94,340,94,340
171526,Playing,3845120,10898,0,0,0,0,1,2517,94,340,94,340
171777,Playing,3865600,10956,0,0,0,0,1,2521,93,340,94,340
172024,Playing,3886080,11014,0,0,0,0,1,2525,0,340,0,340
172274,Playing,3831808,10861,0,0,0,0,1,2526,173,340,174,340
172525,Playing,3852288,10919,0,0,0,0,1,2530,0,340,0,340
172774,Playing,3872768,10977,0,0,0,0,1,2534,0,340,0,340
173024,Playing,3847168,10904,0,0,0,0,1,2539,0,340,11,340
173273,Playing,3857408,10933,0,0,0,0,1,2543,95,340,95,340
173520,Playing,3822592,10835,0,0,0,0,1,2545,0,340,0,340
173771,Playing,3815424,10814,0,0,0,0,1,2548,175,340,175,340
174020,Playing,3871744,10974,0,0,0,0,1,2553,1,340,1,340
174268,Playing,3864576,10954,0,0,0,0,1,2556,0,340,0,340
174519,Playing,3829760,10855,0,0,0,0,1,2558,0,340,0,340
174768,Playing,3850240,10913,0,0,0,0,1,2562,0,340,0,340
175018,Playing,3851264,10916,0,0,0,0,1,2565,0,340,0,340
175266,Playing,3844096,10895,0,0,0,0,1,2568,95,340,95,340
175516,Playing,3836928,10875,0,0,0,0,1,2571,0,340,0,340
175767,Playing,3829760,10855,0,0,0,0,1,2574,1,340,2,340
176019,Playing,3821568,10832,0,0,0,0,1,2580,14,340,14,340
176267,Playing,3759104,10655,0,0,0,0,1,2581,176,340,176,340
176516,Playing,3779584,10713,0,0,0,0,1,2585,174,340,174,340
176765,Playing,3808256,10794,0,0,0,0,1,2589,0,340,0,340
177017,Playing,3828736,10852,0,0,0,0,1,2593,0,340,0,340
177266,Playing,3766272,10675,0,0,0,0,1,2594,94,340,94,340
177515,Playing,3767296,10678,0,0,0,0,1,2597,177,340,177,340
177763,Playing,3787776,10736,0,0,0,0,1,2601,173,340,173,340
178014,Playing,3780608,10716,0,0,0,0,1,2604,174,340,174,340
178264,Playing,3773440,10695,0,0,0,0,1,2607,0,340,0,340
178512,Playing,3774464,10698,0,0,0,0,1,2610,177,340,177,340
178763,Playing,3767296,10678,0,0,0,0,1,2616,178,340,178,340
179012,Playing,3760128,10657,0,0,0,0,1,2619,174,340,174,340
179264,Playing,3725312,10559,0,0,0,0,1,2621,0,340,0,340
179513,Playing,3753984,10640,0,0,0,0,1,2625,0,340,0,340
179762,Playing,3774464,10698,0,0,0,0,1,2629,0,340,0,340
180014,Playing,3767296,10678,0,0,0,0,1,2632,175,340,175,340
180262,Playing,3795968,10759,0,0,0,0,1,2636,0,340,0,340
180509,Playing,3761152,10660,0,0,0,0,1,2638,0,340,0,340
180758,Playing,3753984,10640,0,0,0,0,1,2641,0,340,0,340
181008,Playing,3782656,10721,0,0,0,0,1,2645,0,340,0,340
181257,Playing,3803136,10779,0,0,0,0,1,2649,0,340,0,340
181506,Playing,3740672,10602,0,0,0,0,1,2650,172,340,172,340
181754,Playing,3769344,10684,0,0,0,0,1,2657,0,340,0,340
182005,Playing,3762176,10663,0,0,0,0,1,2660,0,340,0,340
182255,Playing,3755008,10643,0,0,0,0,1,2663,0,340,0,340
182504,Playing,3720192,10544,0,0,0,0,1,2665,0,340,0,340
182754,Playing,3721216,10547,0,0,0,0,1,2668,176,340,176,340
183003,Playing,3741696,10605,0,0,0,0,1,2672,175,340,175,340
183254,Playing,3789824,10742,0,0,0,0,1,2677,0,340,0,340
183503,Playing,3727360,10565,0,0,0,0,1,2678,175,340,175,340
183751,Playing,3728384,10567,0,0,0,0,1,2681,175,340,175,340
184001,Playing,3748864,10626,0,0,0,0,1,2685,0,340,0,340
184250,Playing,3741696,10605,0,0,0,0,1,2688,0,340,0,340
184561,Playing,3718144,10538,0,0,0,0,1,2694,94,340,94,340
184751,Playing,3707904,10509,0,0,0,0,1,2696,0,340,0,340
185002,Playing,3700736,10489,0,0,0,0,1,2699,175,340,175,340
185250,Playing,3721216,10547,0,0,0,0,1,2703,0,340,0,340
185560,Playing,3725312,10559,0,0,0,0,1,2707,0,340,0,340
185811,Playing,3718144,10538,0,0,0,0,1,2710,176,340,176,340
186000,Playing,3735552,10588,0,0,0,0,1,2713,1,340,1,340
186250,Playing,3736576,10591,0,0,0,0,1,2716,0,340,0,340
186560,Playing,3704832,10501,0,0,0,0,1,2719,176,340,176,340
186810,Playing,3733504,10582,0,0,0,0,1,2723,0,340,0,340
187059,Playing,3698688,10483,0,0,0,0,1,2725,0,340,0,340
187309,Playing,3663872,10385,0,0,0,0,1,2730,95,340,95,340
187559,Playing,3712000,10521,0,0,0,0,1,2735,14,340,14,340
187806,Playing,3713024,10524,0,0,0,0,1,2738,0,340,0,340
188058,Playing,3678208,10425,0,0,0,0,1,2740,0,340,0,340
188308,Playing,3698688,10483,0,0,0,0,1,2744,0,340,0,340
188556,Playing,3691520,10463,0,0,0,0,1,2747,0,340,0,340
188806,Playing,3692544,10466,0,0,0,0,1,2750,98,340,98,340
189058,Playing,3657728,10367,0,0,0,0,1,2752,0,340,0,340
189306,Playing,3678208,10425,0,0,0,0,1,2756,94,340,94,340
189557,Playing,3698688,10483,0,0,0,0,1,2760,0,340,0,340
189806,Playing,3718144,10538,0,0,0,0,1,2764,0,340,0,340
190052,Playing,3637248,10309,0,0,0,0,1,2767,95,340,95,340
190301,Playing,3657728,10367,0,0,0,0,1,2771,0,340,0,340
190552,Playing,3658752,10370,0,0,0,0,1,2774,12,340,12,340
190799,Playing,3679232,10428,0,0,0,0,1,2778,95,340,95,340
191049,Playing,3699712,10486,0,0,0,0,1,2782,13,340,13,340
191302,Playing,3664896,10388,0,0,0,0,1,2784,95,340,95,340
191550,Playing,3665920,10390,0,0,0,0,1,2787,176,340,176,340
191797,Playing,3686400,10448,0,0,0,0,1,2791,0,340,0,340
192048,Playing,3679232,10428,0,0,0,0,1,2794,94,340,94,340
192300,Playing,3680256,10431,0,0,0,0,1,2797,95,340,95,340
192550,Playing,3673088,10411,0,0,0,0,1,2800,0,340,0,340
192797,Playing,3638272,10312,0,0,0,0,1,2805,179,340,180,340
193047,Playing,3666944,10393,0,0,0,0,1,2809,173,340,173,340
193297,Playing,3604480,10216,0,0,0,0,1,2810,95,340,95,340
193547,Playing,3624960,10274,0,0,0,0,1,2814,0,340,0,340
193795,Playing,3653632,10356,0,0,0,0,1,2818,0,340,0,340
194045,Playing,3674112,10414,0,0,0,0,1,2822,0,340,0,340
194296,Playing,3639296,10315,0,0,0,0,1,2824,1,340,1,340
194545,Playing,3632128,10295,0,0,0,0,1,2827,0,340,0,340
194793,Playing,3633152,10298,0,0,0,0,1,2830,175,340,175,340
195043,Playing,3653632,10356,0,0,0,0,1,2834,0,340,0,340
195295,Playing,3674112,10414,0,0,0,0,1,2838,0,340,0,340
195543,Playing,3611648,10237,0,0,0,0,1,2839,175,340,175,340
195793,Playing,3603456,10213,0,0,0,0,1,2845,175,340,176,340
196041,Playing,3651584,10350,0,0,0,0,1,2850,0,340,0,340
196289,Playing,3616768,10251,0,0,0,0,1,2852,96,340,96,340
196540,Playing,3590144,10176,0,0,0,0,1,2854,0,340,0,340
196790,Playing,3610624,10234,0,0,0,0,1,2858,1,340,1,340
197040,Playing,3631104,10292,0,0,0,0,1,2862,0,340,0,340
197291,Playing,3623936,10271,0,0,0,0,1,2865,174,340,174,340
197544,Playing,3589120,10173,0,0,0,0,1,2867,13,340,13,340
197792,Playing,3590144,10176,0,0,0,0,1,2870,176,340,176,340
198039,Playing,3610624,10234,0,0,0,0,1,2874,0,340,0,340
198291,Playing,3584000,10158,0,0,0,0,1,2876,0,340,0,340
198541,Playing,3539968,10033,0,0,0,0,1,2881,96,340,96,340
198790,Playing,3588096,10170,0,0,0,0,1,2886,14,340,14,340
199039,Playing,3580928,10150,0,0,0,0,1,2889,0,340,0,340
199289,Playing,3546112,10051,0,0,0,0,1,2891,0,340,0,340
199538,Playing,3547136,10054,0,0,0,0,1,2894,93,340,93,340
199788,Playing,3567616,10112,0,0,0,0,1,2898,0,340,0,340
200037,Playing,3560448,10091,0,0,0,0,1,2901,92,340,92,340
200286,Playing,3533824,10016,0,0,0,0,1,2903,0,340,0,340
200536,Playing,3554304,10074,0,0,0,0,1,2907,94,340,94,340
200784,Playing,3574784,10132,0,0,0,0,1,2911,0,340,0,340
201035,Playing,3575808,10135,0,0,0,0,1,2914,93,340,93,340
201283,Playing,3531776,10010,0,0,0,0,1,2919,97,340,97,340
201532,Playing,3524608,9990,0,0,0,0,1,2922,0,340,0,340
201781,Playing,3517440,9970,0,0,0,0,1,2925,0,340,0,340
202031,Playing,3546112,10051,0,0,0,0,1,2929,0,340,0,340
202281,Playing,3566592,10109,0,0,0,0,1,2933,0,340,0,340
202532,Playing,3504128,9932,0,0,0,0,1,2934,174,340,174,340
202782,Playing,3532800,10013,0,0,0,0,1,2938,0,340,0,340
203031,Playing,3553280,10071,0,0,0,0,1,2942,0,340,0,340
203281,Playing,3546112,10051,0,0,0,0,1,2945,0,340,0,340
203531,Playing,3511296,9952,0,0,0,0,1,2947,0,340,0,340
203781,Playing,3539968,10033,0,0,0,0,1,2951,0,340,0,340
204030,Playing,3505152,9935,0,0,0,0,1,2956,0,340,15,340
204280,Playing,3525632,9993,0,0,0,0,1,2960,14,340,14,340
204531,Playing,3518464,9972,0,0,0,0,1,2963,0,340,0,340
204778,Playing,3491840,9897,0,0,0,0,1,2965,0,340,0,340
205027,Playing,3512320,9955,0,0,0,0,1,2969,0,340,0,340
205276,Playing,3532800,10013,0,0,0,0,1,2973,0,340,0,340
205523,Playing,3533824,10016,0,0,0,0,1,2976,93,340,93,340
205772,Playing,3499008,9917,0,0,0,0,1,2978,0,340,0,340
206021,Playing,3491840,9897,0,0,0,0,1,2981,93,340,93,340
206269,Playing,3520512,9978,0,0,0,0,1,2985,1,340,1,340
206518,Playing,3540992,10036,0,0,0,0,1,2989,14,340,14,340
206767,Playing,3533824,10016,0,0,0,0,1,2995,0,340,0,340
207018,Playing,3471360,9839,0,0,0,0,1,2996,177,340,177,340
207264,Playing,3472384,9842,0,0,0,0,1,2999,175,340,175,340
207512,Playing,3492864,9900,0,0,0,0,1,3003,94,340,94,340
207764,Playing,3513344,9958,0,0,0,0,1,3007,0,340,0,340
208016,Playing,3514368,9961,0,0,0,0,1,3010,94,340,95,340
208265,Playing,3479552,9862,0,0,0,0,1,3012,0,340,0,340
208512,Playing,3500032,9920,0,0,0,0,1,3016,94,340,94,340
208764,Playing,3520512,9978,0,0,0,0,1,3020,0,340,0,340
209015,Playing,3521536,9981,0,0,0,0,1,3023,96,340,96,340
209264,Playing,3486720,9882,0,0,0,0,1,3025,0,340,0,340
209511,Playing,3507200,9941,0,0,0,0,1,3029,0,340,0,340
209759,Playing,3480576,9865,0,0,0,0,1,3034,97,340,97,340
210010,Playing,3473408,9845,0,0,0,0,1,3037,0,340,0,340
210259,Playing,3438592,9746,0,0,0,0,1,3039,176,340,176,340
210511,Playing,3459072,9804,0,0,0,0,1,3043,172,340,172,340
210758,Playing,3487744,9885,0,0,0,0,1,3047,0,340,0,340
211004,Playing,3425280,9708,0,0,0,0,1,3048,179,340,179,340
211255,Playing,3473408,9845,0,0,0,0,1,3053,0,340,0,340
211508,Playing,3493888,9903,0,0,0,0,1,3057,0,340,0,340
211757,Playing,3494912,9906,0,0,0,0,1,3060,0,340,0,340
212006,Playing,3487744,9885,0,0,0,0,1,3063,94,340,94,340
212255,Playing,3452928,9787,0,0,0,0,1,3065,0,340,0,340
212504,Playing,3426304,9711,0,0,0,0,1,3070,175,340,175,340
212753,Playing,3446784,9769,0,0,0,0,1,3074,174,340,174,340
213001,Playing,3411968,9671,0,0,0,0,1,3076,0,340,0,340
213312,Playing,3471360,9839,0,0,0,0,1,3082,0,340,0,340
213563,Playing,3436544,9740,0,0,0,0,1,3084,0,340,0,340
213751,Playing,3453952,9790,0,0,0,0,1,3087,0,340,0,340
214001,Playing,3419136,9691,0,0,0,0,1,3089,14,340,14,340
214250,Playing,3447808,9772,0,0,0,0,1,3093,13,340,13,340
214560,Playing,3416064,9682,0,0,0,0,1,3096,17,340,17,340
214811,Playing,3436544,9740,0,0,0,0,1,3100,98,340,99,340
215060,Playing,3437568,9743,0,0,0,0,1,3103,94,340,94,340
215311,Playing,3430400,9723,0,0,0,0,1,3109,0,340,0,340
215559,Playing,3395584,9624,0,0,0,0,1,3111,0,340,0,340
215808,Playing,3424256,9705,0,0,0,0,1,3115,0,340,0,340
216058,Playing,3417088,9685,0,0,0,0,1,3118,0,340,0,340
216308,Playing,3409920,9665,0,0,0,0,1,3121,94,340,95,340
216561,Playing,3402752,9644,0,0,0,0,1,3124,0,340,0,340
216809,Playing,3403776,9647,0,0,0,0,1,3127,0,340,0,340
217060,Playing,3424256,9705,0,0,0,0,1,3131,0,340,0,340
217307,Playing,3417088,9685,0,0,0,0,1,3134,15,340,15,340
217558,Playing,3437568,9743,0,0,0,0,1,3138,14,340,14,340
217808,Playing,3438592,9746,0,0,0,0,1,3141,96,340,96,340
218055,Playing,3403776,9647,0,0,0,0,1,3146,0,340,0,340
218307,Playing,3396608,9627,0,0,0,0,1,3149,0,340,0,340
218556,Playing,3389440,9607,0,0,0,0,1,3152,0,340,0,340
218806,Playing,3362816,9531,0,0,0,0,1,3154,0,340,0,340
219053,Playing,3383296,9589,0,0,0,0,1,3158,176,340,176,340
219302,Playing,3403776,9647,0,0,0,0,1,3162,0,340,0,340
219551,Playing,3432448,9729,0,0,0,0,1,3166,1,340,2,340
219801,Playing,3369984,9552,0,0,0,0,1,3167,172,340,172,340
220051,Playing,3390464,9610,0,0,0,0,1,3171,0,340,0,340
220302,Playing,3383296,9589,0,0,0,0,1,3174,92,340,92,340
220549,Playing,3411968,9671,0,0,0,0,1,3178,0,340,0,340
220799,Playing,3386368,9598,0,0,0,0,1,3181,93,340,93,340
221048,Playing,3333120,9447,0,0,0,0,1,3185,174,340,174,340
221298,Playing,3361792,9528,0,0,0,0,1,3189,178,340,178,340
221546,Playing,3382272,9586,0,0,0,0,1,3193,0,340,0,340
221797,Playing,3347456,9488,0,0,0,0,1,3195,0,340,0,340
222047,Playing,3340288,9467,0,0,0,0,1,3198,0,340,0,340
222298,Playing,3368960,9549,0,0,0,0,1,3202,0,340,0,340
222547,Playing,3361792,9528,0,0,0,0,1,3205,0,340,0,340
222795,Playing,3354624,9508,0,0,0,0,1,3208,2,340,2,340
223044,Playing,3328000,9433,0,0,0,0,1,3210,176,340,176,340
223294,Playing,3348480,9491,0,0,0,0,1,3214,0,340,0,340
223545,Playing,3368960,9549,0,0,0,0,1,3218,0,340,0,340
223795,Playing,3297280,9346,0,0,0,0,1,3222,0,340,0,340
224043,Playing,3325952,9427,0,0,0,0,1,3226,0,340,0,340
224294,Playing,3346432,9485,0,0,0,0,1,3230,0,340,0,340
224541,Playing,3311616,9386,0,0,0,0,1,3232,175,340,175,340
224792,Playing,3304448,9366,0,0,0,0,1,3235,12,340,12,340
225040,Playing,3305472,9369,0,0,0,0,1,3238,0,340,0,340
225289,Playing,3298304,9348,0,0,0,0,1,3241,0,340,0,340
225540,Playing,3346432,9485,0,0,0,0,1,3246,0,340,0,340
225787,Playing,3292160,9331,0,0,0,0,1,3247,175,340,175,340
226039,Playing,3312640,9389,0,0,0,0,1,3251,175,340,176,340
226287,Playing,3333120,9447,0,0,0,0,1,3255,0,340,0,340
226535,Playing,3289088,9322,0,0,0,0,1,3260,0,340,0,340
226783,Playing,3262464,9247,0,0,0,0,1,3262,0,340,0,340
227031,Playing,3282944,9305,0,0,0,0,1,3266,14,340,14,340
227284,Playing,3275776,9285,0,0,0,0,1,3269,0,340,0,340
227535,Playing,3304448,9366,0,0,0,0,1,3273,0,340,0,340
227783,Playing,3241984,9189,0,0,0,0,1,3274,92,340,92,340
228035,Playing,3262464,9247,0,0,0,0,1,3278,2,340,2,340
228283,Playing,3282944,9305,0,0,0,0,1,3282,0,340,0,340
228532,Playing,3311616,9386,0,0,0,0,1,3286,0,340,0,340
228782,Playing,3249152,9209,0,0,0,0,1,3287,98,340,98,340
229031,Playing,3269632,9267,0,0,0,0,1,3291,0,340,0,340
229284,Playing,3262464,9247,0,0,0,0,1,3294,175,340,176,340
229532,Playing,3263488,9250,0,0,0,0,1,3300,95,340,95,340
229782,Playing,3228672,9151,0,0,0,0,1,3302,0,340,0,340
230031,Playing,3221504,9131,0,0,0,0,1,3305,95,340,95,340
230283,Playing,3214336,9110,0,0,0,0,1,3308,0,340,0,340
230530,Playing,3270656,9270,0,0,0,0,1,3313,0,340,0,340
230779,Playing,3263488,9250,0,0,0,0,1,3316,175,340,175,340
231029,Playing,3256320,9229,0,0,0,0,1,3319,0,340,0,340
231281,Playing,3221504,9131,0,0,0,0,1,3321,95,340,95,340
231531,Playing,3250176,9212,0,0,0,0,1,3325,175,340,175,340
231777,Playing,3270656,9270,0,0,0,0,1,3329,174,340,174,340
232028,Playing,3235840,9171,0,0,0,0,1,3331,0,340,0,340
232278,Playing,3209216,9096,0,0,0,0,1,3336,97,340,97,340
232527,Playing,3229696,9154,0,0,0,0,1,3340,0,340,0,340
232778,Playing,3222528,9134,0,0,0,0,1,3343,178,340,178,340
233027,Playing,3215360,9113,0,0,0,0,1,3346,0,340,0,340
233275,Playing,3216384,9116,0,0,0,0,1,3349,0,340,0,340
233526,Playing,3236864,9174,0,0,0,0,1,3353,0,340,0,340
233777,Playing,3229696,9154,0,0,0,0,1,3356,176,340,176,340
234026,Playing,3194880,9055,0,0,0,0,1,3358,0,340,0,340
234273,Playing,3195904,9058,0,0,0,0,1,3361,95,340,95,340
234521,Playing,3216384,9116,0,0,0,0,1,3365,172,340,173,340
234772,Playing,3236864,9174,0,0,0,0,1,3369,0,340,0,340
235022,Playing,3182592,9020,0,0,0,0,1,3371,175,340,175,340
235272,Playing,3175424,9000,0,0,0,0,1,3376,93,340,93,340
235522,Playing,3195904,9058,0,0,0,0,1,3380,0,340,0,340
235772,Playing,3216384,9116,0,0,0,0,1,3384,0,340,0,340
236020,Playing,3189760,9041,0,0,0,0,1,3386,0,340,0,340
236270,Playing,3182592,9020,0,0,0,0,1,3389,0,340,0,340
236519,Playing,3175424,9000,0,0,0,0,1,3392,174,340,175,340
236770,Playing,3195904,9058,0,0,0,0,1,3396,177,340,177,340
237018,Playing,3224576,9139,0,0,0,0,1,3400,0,340,0,340
237267,Playing,3189760,9041,0,0,0,0,1,3402,0,340,0,340
237518,Playing,3210240,9099,0,0,0,0,1,3406,0,340,0,340
237770,Playing,3175424,9000,0,0,0,0,1,3411,0,340,0,340
238017,Playing,3204096,9081,0,0,0,0,1,3415,15,340,15,340
238266,Playing,3196928,9061,0,0,0,0,1,3418,95,340,95,340
238518,Playing,3162112,8962,0,0,0,0,1,3420,0,340,0,340
238765,Playing,3190784,9044,0,0,0,0,1,3424,0,340,0,340
239015,Playing,3183616,9023,0,0,0,0,1,3427,0,340,0,340
239267,Playing,3204096,9081,0,0,0,0,1,3431,0,340,0,340
239515,Playing,3141632,8904,0,0,0,0,1,3432,173,340,173,340
239764,Playing,3197952,9064,0,0,0,0,1,3437,0,340,0,340
240012,Playing,3190784,9044,0,0,0,0,1,3440,0,340,0,340
240261,Playing,3183616,9023,0,0,0,0,1,3443,96,340,96,340
240511,Playing,3156992,8948,0,0,0,0,1,3445,0,340,0,340
240759,Playing,3122176,8849,0,0,0,0,1,3450,95,340,95,340
241007,Playing,3142656,8907,0,0,0,0,1,3454,95,340,95,340
241257,Playing,3116032,8832,0,0,0,0,1,3456,0,340,0,340
241506,Playing,3136512,8890,0,0,0,0,1,3460,94,340,95,340
241756,Playing,3156992,8948,0,0,0,0,1,3464,0,340,0,340
242005,Playing,3149824,8928,0,0,0,0,1,3467,0,340,0,340
242254,Playing,3123200,8852,0,0,0,0,1,3469,0,340,0,340
242506,Playing,3143680,8910,0,0,0,0,1,3473,0,340,0,340
242756,Playing,3136512,8890,0,0,0,0,1,3476,0,340,0,340
243004,Playing,3156992,8948,0,0,0,0,1,3480,95,340,95,340
243255,Playing,3130368,8872,0,0,0,0,1,3482,0,340,0,340
243502,Playing,3123200,8852,0,0,0,0,1,3488,0,340,0,340
243755,Playing,3116032,8832,0,0,0,0,1,3491,0,340,0,340
244005,Playing,3144704,8913,0,0,0,0,1,3495,14,340,14,340
244252,Playing,3137536,8893,0,0,0,0,1,3498,93,340,93,340
244562,Playing,3113984,8826,0,0,0,0,1,3501,0,340,0,340
244754,Playing,3123200,8852,0,0,0,0,1,3504,0,340,0,340
245003,Playing,3151872,8933,0,0,0,0,1,3508,0,340,0,340
245252,Playing,3089408,8756,0,0,0,0,1,3509,95,340,95,340
245501,Playing,3082240,8736,0,0,0,0,1,3512,95,340,95,340
245750,Playing,3110912,8817,0,0,0,0,1,3516,0,340,0,340
246061,Playing,3106816,8806,0,0,0,0,1,3520,0,340,0,340
246311,Playing,3098624,8782,0,0,0,0,1,3526,0,340,0,340
246500,Playing,3080192,8730,0,0,0,0,1,3528,0,340,0,340
246809,Playing,3056640,8663,0,0,0,0,1,3531,11,340,11,340
247060,Playing,3077120,8721,0,0,0,0,1,3535,0,340,0,340
247309,Playing,3105792,8803,0,0,0,0,1,3539,0,340,0,340
247559,Playing,3098624,8782,0,0,0,0,1,3542,0,340,0,340
247810,Playing,3119104,8840,0,0,0,0,1,3546,0,340,0,340
248060,Playing,3111936,8820,0,0,0,0,1,3549,93,340,93,340
248309,Playing,3085312,8745,0,0,0,0,1,3551,0,340,0,340
248557,Playing,3078144,8724,0,0,0,0,1,3554,94,340,94,340
248806,Playing,3098624,8782,0,0,0,0,1,3558,94,340,95,340
249057,Playing,3082240,8736,0,0,0,0,1,3564,0,340,0,340
249308,Playing,3083264,8739,0,0,0,0,1,3567,0,340,0,340
249557,Playing,3076096,8719,0,0,0,0,1,3570,0,340,0,340
249805,Playing,3068928,8698,0,0,0,0,1,3573,0,340,0,340
250055,Playing,3069952,8701,0,0,0,0,1,3576,91,340,91,340
250307,Playing,3062784,8681,0,0,0,0,1,3579,95,340,96,340
250557,Playing,3055616,8661,0,0,0,0,1,3582,0,340,0,340
250809,Playing,3048448,8640,0,0,0,0,1,3585,175,340,175,340
251059,Playing,3068928,8698,0,0,0,0,1,3589,95,340,95,340
251305,Playing,3097600,8780,0,0,0,0,1,3593,0,340,0,340
251556,Playing,3062784,8681,0,0,0,0,1,3595,0,340,0,340
251806,Playing,3037184,8608,0,0,0,0,1,3600,0,340,14,340
252060,Playing,3039232,8614,0,0,0,0,1,3604,0,340,0,340
252308,Playing,2984960,8460,0,0,0,0,1,3605,96,340,96,340
252555,Playing,3033088,8597,0,0,0,0,1,3610,0,340,0,340
252806,Playing,2998272,8498,0,0,0,0,1,3612,172,340,172,340
253056,Playing,3054592,8658,0,0,0,0,1,3617,0,340,0,340
253305,Playing,2992128,8481,0,0,0,0,1,3618,93,340,93,340
253554,Playing,3012608,8539,0,0,0,0,1,3622,15,340,15,340
253803,Playing,3005440,8518,0,0,0,0,1,3625,93,340,93,340
254053,Playing,3061760,8678,0,0,0,0,1,3630,0,340,0,340
254305,Playing,2999296,8501,0,0,0,0,1,3631,95,340,95,340
254551,Playing,3019776,8559,0,0,0,0,1,3635,0,340,0,340
254800,Playing,2993152,8483,0,0,0,0,1,3640,0,340,0,340
255051,Playing,3013632,8542,0,0,0,0,1,3644,0,340,0,340
255299,Playing,2951168,8364,0,0,0,0,1,3645,98,340,98,340
255547,Playing,2979840,8446,0,0,0,0,1,3649,0,340,0,340
255798,Playing,3000320,8504,0,0,0,0,1,3653,171,340,172,340
256050,Playing,3020800,8562,0,0,0,0,1,3657,0,340,0,340
256299,Playing,2958336,8385,0,0,0,0,1,3658,94,340,94,340
256550,Playing,2978816,8443,0,0,0,0,1,3662,12,340,12,340
256798,Playing,3007488,8524,0,0,0,0,1,3666,0,340,0,340
257046,Playing,3000320,8504,0,0,0,0,1,3669,0,340,0,340
257295,Playing,2973696,8428,0,0,0,0,1,3671,0,340,0,340
257545,Playing,2938880,8330,0,0,0,0,1,3676,0,340,15,340
257796,Playing,2959360,8388,0,0,0,0,1,3680,0,340,0,340
258043,Playing,2952192,8367,0,0,0,0,1,3683,93,340,93,340
258293,Playing,2953216,8370,0,0,0,0,1,3686,0,340,0,340
258541,Playing,2946048,8350,0,0,0,0,1,3689,93,340,93,340
258793,Playing,2966528,8408,0,0,0,0,1,3693,0,340,0,340
259044,Playing,2959360,8388,0,0,0,0,1,3696,0,340,0,340
259297,Playing,2979840,8446,0,0,0,0,1,3700,95,340,95,340
259546,Playing,2953216,8370,0,0,0,0,1,3702,0,340,0,340
259797,Playing,2946048,8350,0,0,0,0,1,3705,96,340,96,340
260045,Playing,2938880,8330,0,0,0,0,1,3708,94,340,95,340
260296,Playing,2959360,8388,0,0,0,0,1,3715,0,340,0,340
260547,Playing,2905088,8234,0,0,0,0,1,3716,175,340,175,340
260797,Playing,2953216,8370,0,0,0,0,1,3721,0,340,0,340
261047,Playing,2946048,8350,0,0,0,0,1,3724,1,340,1,340
261297,Playing,2947072,8353,0,0,0,0,1,3727,0,340,0,340
261545,Playing,2967552,8411,0,0,0,0,1,3731,0,340,0,340
261795,Playing,2932736,8312,0,0,0,0,1,3733,0,340,0,340
262045,Playing,2925568,8292,0,0,0,0,1,3736,175,340,175,340
262293,Playing,2954240,8373,0,0,0,0,1,3740,2,340,2,340
262544,Playing,2974720,8431,0,0,0,0,1,3744,0,340,0,340
262794,Playing,2912256,8254,0,0,0,0,1,3745,95,340,95,340
263044,Playing,2931712,8309,0,0,0,0,1,3751,0,340,12,340
263293,Playing,2933760,8315,0,0,0,0,1,3755,0,340,0,340
263542,Playing,2926592,8295,0,0,0,0,1,3758,174,340,174,340
263789,Playing,2899968,8219,0,0,0,0,1,3760,0,340,0,340
264037,Playing,2892800,8199,0,0,0,0,1,3763,95,340,95,340
264290,Playing,2940928,8335,0,0,0,0,1,3768,0,340,0,340
264539,Playing,2906112,8237,0,0,0,0,1,3770,174,340,174,340
264790,Playing,2907136,8240,0,0,0,0,1,3773,10,340,10,340
265038,Playing,2899968,8219,0,0,0,0,1,3776,97,340,97,340
265287,Playing,2920448,8277,0,0,0,0,1,3780,0,340,0,340
265536,Playing,2913280,8257,0,0,0,0,1,3783,177,340,177,340
265785,Playing,2914304,8260,0,0,0,0,1,3786,0,340,0,340
266036,Playing,2879488,8161,0,0,0,0,1,3791,0,340,0,340
266282,Playing,2872320,8141,0,0,0,0,1,3794,11,340,11,340
266531,Playing,2873344,8144,0,0,0,0,1,3797,0,340,0,340
266781,Playing,2866176,8124,0,0,0,0,1,3800,0,340,0,340
267029,Playing,2886656,8182,0,0,0,0,1,3804,0,340,0,340
267278,Playing,2915328,8263,0,0,0,0,1,3808,0,340,0,340
267527,Playing,2908160,8243,0,0,0,0,1,3811,0,340,0,340
267775,Playing,2845696,8066,0,0,0,0,1,3812,95,340,95,340
268025,Playing,2902016,8225,0,0,0,0,1,3817,0,340,0,340
268276,Playing,2894848,8205,0,0,0,0,1,3820,14,340,14,340
268526,Playing,2915328,8263,0,0,0,0,1,3824,0,340,0,340
268775,Playing,2908160,8243,0,0,0,0,1,3830,0,340,0,340
269024,Playing,2909184,8245,0,0,0,0,1,3833,0,340,0,340
269273,Playing,2874368,8147,0,0,0,0,1,3835,0,340,0,340
269523,Playing,2894848,8205,0,0,0,0,1,3839,0,340,0,340
269772,Playing,2887680,8185,0,0,0,0,1,3842,0,340,0,340
270022,Playing,2861056,8109,0,0,0,0,1,3844,0,340,0,340
270272,Playing,2853888,8089,0,0,0,0,1,3847,0,340,0,340
270520,Playing,2874368,8147,0,0,0,0,1,3851,14,340,14,340
270766,Playing,2903040,8228,0,0,0,0,1,3855,0,340,0,340
271019,Playing,2923520,8286,0,0,0,0,1,3859,0,340,0,340
271268,Playing,2861056,8109,0,0,0,0,1,3860,179,340,179,340
271519,Playing,2844672,8063,0,0,0,0,1,3866,0,340,0,340
271769,Playing,2845696,8066,0,0,0,0,1,3869,0,340,0,340
272018,Playing,2866176,8124,0,0,0,0,1,3873,0,340,0,340
272267,Playing,2831360,8025,0,0,0,0,1,3875,0,340,0,340
272516,Playing,2824192,8005,0,0,0,0,1,3878,178,340,178,340
272769,Playing,2852864,8086,0,0,0,0,1,3882,176,340,176,340
273019,Playing,2818048,7987,0,0,0,0,1,3884,0,340,0,340
273269,Playing,2810880,7967,0,0,0,0,1,3887,175,340,175,340
273516,Playing,2831360,8025,0,0,0,0,1,3891,0,340,0,340
273767,Playing,2860032,8106,0,0,0,0,1,3895,0,340,0,340
274018,Playing,2852864,8086,0,0,0,0,1,3898,95,340,95,340
274267,Playing,2818048,7987,0,0,0,0,1,3900,0,340,0,340
274516,Playing,2809856,7964,0,0,0,0,1,3906,0,340,0,340
274766,Playing,2802688,7944,0,0,0,0,1,3909,176,340,176,340
275017,Playing,2823168,8002,0,0,0,0,1,3913,0,340,0,340
275263,Playing,2796544,7926,0,0,0,0,1,3915,0,340,0,340
275513,Playing,2789376,7906,0,0,0,0,1,3918,175,340,175,340
275764,Playing,2837504,8042,0,0,0,0,1,3923,2,340,3,340
276011,Playing,2830336,8022,0,0,0,0,1,3926,0,340,0,340
276262,Playing,2803712,7947,0,0,0,0,1,3928,0,340,0,340
276509,Playing,2796544,7926,0,0,0,0,1,3931,0,340,0,340
276759,Playing,2817024,7984,0,0,0,0,1,3935,0,340,0,340
277008,Playing,2827264,8013,0,0,0,0,1,3941,0,340,13,340
277256,Playing,2746368,7784,0,0,0,0,1,3942,178,340,178,340
277507,Playing,2766848,7842,0,0,0,0,1,3946,0,340,0,340
277756,Playing,2795520,7923,0,0,0,0,1,3950,0,340,0,340
278008,Playing,2788352,7903,0,0,0,0,1,3953,11,340,11,340
278257,Playing,2753536,7804,0,0,0,0,1,3955,0,340,0,340
278508,Playing,2774016,7862,0,0,0,0,1,3959,0,340,0,340
278756,Playing,2766848,7842,0,0,0,0,1,3962,0,340,0,340
279004,Playing,2795520,7923,0,0,0,0,1,3966,0,340,0,340
279255,Playing,2816000,7981,0,0,0,0,1,3970,0,340,0,340
279502,Playing,2753536,7804,0,0,0,0,1,3971,175,340,175,340
279751,Playing,2782208,7886,0,0,0,0,1,3975,0,340,0,340
280003,Playing,2775040,7865,0,0,0,0,1,3981,0,340,0,340
280251,Playing,2767872,7845,0,0,0,0,1,3984,0,340,0,340
280500,Playing,2705408,7668,0,0,0,0,1,3985,177,340,177,340
280752,Playing,2761728,7828,0,0,0,0,1,3990,0,340,0,340
281007,Playing,2754560,7807,0,0,0,0,1,3993,0,340,0,340
281261,Playing,2775040,7865,0,0,0,0,1,3997,0,340,0,340
281513,Playing,2767872,7845,0,0,0,0,1,4000,0,340,0,340
281763,Playing,2733056,7746,0,0,0,0,1,4002,0,340,0,340
282014,Playing,2725888,7726,0,0,0,0,1,4005,174,340,174,340
282266,Playing,2782208,7886,0,0,0,0,1,4010,0,340,0,340
282516,Playing,2775040,7865,0,0,0,0,1,4013,0,340,0,340
282764,Playing,2712576,7688,0,0,0,0,1,4017,0,340,15,340
283013,Playing,2705408,7668,0,0,0,0,1,4020,0,340,0,340
283263,Playing,2734080,7749,0,0,0,0,1,4024,0,340,0,340
283514,Playing,2699264,7650,0,0,0,0,1,4026,0,340,0,340
283764,Playing,2692096,7630,0,0,0,0,1,4029,176,340,176,340
284014,Playing,2684928,7610,0,0,0,0,1,4032,0,340,0,340
284265,Playing,2741248,7769,0,0,0,0,1,4037,0,340,0,340
284514,Playing,2734080,7749,0,0,0,0,1,4040,95,340,95,340
284762,Playing,2699264,7650,0,0,0,0,1,4042,0,340,0,340
285008,Playing,2700288,7653,0,0,0,0,1,4045,174,340,174,340
285257,Playing,2720768,7711,0,0,0,0,1,4049,94,340,95,340
285509,Playing,2713600,7691,0,0,0,0,1,4055,0,340,13,340
285759,Playing,2651136,7514,0,0,0,0,1,4056,174,340,175,340
286007,Playing,2679808,7595,0,0,0,0,1,4060,173,340,174,340
286256,Playing,2700288,7653,0,0,0,0,1,4064,3,340,3,340
286507,Playing,2693120,7633,0,0,0,0,1,4067,0,340,0,340
286756,Playing,2666496,7558,0,0,0,0,1,4069,0,340,0,340
287007,Playing,2686976,7616,0,0,0,0,1,4073,0,340,0,340
287256,Playing,2679808,7595,0,0,0,0,1,4076,0,340,0,340
287504,Playing,2700288,7653,0,0,0,0,1,4080,94,340,94,340
287753,Playing,2673664,7578,0,0,0,0,1,4082,0,340,0,340
288004,Playing,2666496,7558,0,0,0,0,1,4085,176,340,176,340
288253,Playing,2686976,7616,0,0,0,0,1,4089,0,340,0,340
288500,Playing,2688000,7619,0,0,0,0,1,4095,0,340,0,340
288811,Playing,2656256,7529,0,0,0,0,1,4098,176,340,176,340
289060,Playing,2684928,7610,0,0,0,0,1,4102,0,340,0,340
289312,Playing,2650112,7511,0,0,0,0,1,4104,0,340,0,340
289559,Playing,2642944,7491,0,0,0,0,1,4107,175,340,176,340
289807,Playing,2663424,7549,0,0,0,0,1,4111,0,340,0,340
290057,Playing,2692096,7630,0,0,0,0,1,4115,0,340,0,340
290306,Playing,2629632,7453,0,0,0,0,1,4116,175,340,175,340
290556,Playing,2677760,7590,0,0,0,0,1,4121,0,340,0,340
290806,Playing,2670592,7569,0,0,0,0,1,4124,0,340,0,340
291055,Playing,2671616,7572,0,0,0,0,1,4127,0,340,0,340
291303,Playing,2664448,7552,0,0,0,0,1,4133,94,340,94,340
291553,Playing,2629632,7453,0,0,0,0,1,4135,0,340,0,340
291804,Playing,2630656,7456,0,0,0,0,1,4138,0,340,0,340
292051,Playing,2651136,7514,0,0,0,0,1,4142,0,340,0,340
292299,Playing,2679808,7595,0,0,0,0,1,4146,0,340,0,340
292550,Playing,2617344,7418,0,0,0,0,1,4147,174,340,174,340
292798,Playing,2665472,7555,0,0,0,0,1,4152,0,340,0,340
293051,Playing,2658304,7534,0,0,0,0,1,4155,0,340,0,340
293297,Playing,2659328,7537,0,0,0,0,1,4158,0,340,0,340
293549,Playing,2679808,7595,0,0,0,0,1,4162,0,340,0,340
293798,Playing,2617344,7418,0,0,0,0,1,4163,176,340,176,340
294049,Playing,2637824,7476,0,0,0,0,1,4170,0,340,0,340
294296,Playing,2638848,7479,0,0,0,0,1,4173,0,340,0,340
294547,Playing,2659328,7537,0,0,0,0,1,4177,0,340,0,340
294792,Playing,2624512,7439,0,0,0,0,1,4179,0,340,0,340
295043,Playing,2625536,7441,0,0,0,0,1,4182,0,340,0,340
295290,Playing,2618368,7421,0,0,0,0,1,4185,95,340,95,340
295540,Playing,2638848,7479,0,0,0,0,1,4189,0,340,0,340
295790,Playing,2604032,7381,0,0,0,0,1,4191,0,340,0,340
296041,Playing,2605056,7383,0,0,0,0,1,4194,93,340,93,340
296290,Playing,2625536,7441,0,0,0,0,1,4198,92,340,92,340
296539,Playing,2646016,7500,0,0,0,0,1,4202,0,340,0,340
296788,Playing,2600960,7372,0,0,0,0,1,4206,0,340,13,340
297040,Playing,2603008,7378,0,0,0,0,1,4210,0,340,0,340
297290,Playing,2595840,7357,0,0,0,0,1,4213,0,340,0,340
297539,Playing,2616320,7415,0,0,0,0,1,4217,0,340,0,340
297789,Playing,2581504,7317,0,0,0,0,1,4219,0,340,0,340
298039,Playing,2582528,7320,0,0,0,0,1,4222,0,340,0,340
298289,Playing,2575360,7299,0,0,0,0,1,4225,180,340,180,340
298537,Playing,2623488,7436,0,0,0,0,1,4230,0,340,0,340
298786,Playing,2541568,7203,0,0,0,0,1,4230,0,340,0,340
299038,Playing,2589696,7340,0,0,0,0,1,4235,0,340,0,340
299287,Playing,2582528,7320,0,0,0,0,1,4238,0,340,0,340
299537,Playing,2584576,7325,0,0,0,0,1,4244,0,340,13,340
299785,Playing,2539520,7198,0,0,0,0,1,4246,0,340,0,340
300034,Playing,2532352,7177,0,0,0,0,1,4249,0,340,0,340
300284,Playing,2552832,7235,0,0,0,0,1,4253,0,340,0,340
300535,Playing,2573312,7293,0,0,0,0,1,4257,2,340,2,340
300784,Playing,2519040,7140,0,0,0,0,1,4258,173,340,173,340
301035,Playing,2539520,7198,0,0,0,0,1,4262,0,340,0,340
301287,Playing,2532352,7177,0,0,0,0,1,4265,174,340,174,340
301536,Playing,2552832,7235,0,0,0,0,1,4269,0,340,0,340
301786,Playing,2526208,7160,0,0,0,0,1,4271,13,340,14,340
302033,Playing,2546688,7218,0,0,0,0,1,4275,0,340,0,340
302285,Playing,2539520,7198,0,0,0,0,1,4278,15,340,15,340
302534,Playing,2523136,7151,0,0,0,0,1,4284,95,340,95,340
302781,Playing,2551808,7233,0,0,0,0,1,4288,14,340,14,340
303030,Playing,2489344,7055,0,0,0,0,1,4289,176,340,176,340
303280,Playing,2509824,7114,0,0,0,0,1,4293,0,340,0,340
303528,Playing,2538496,7195,0,0,0,0,1,4297,0,340,0,340
303779,Playing,2531328,7174,0,0,0,0,1,4300,13,340,13,340
304024,Playing,2496512,7076,0,0,0,0,1,4302,0,340,0,340
304273,Playing,2525184,7157,0,0,0,0,1,4306,0,340,0,340
304522,Playing,2518016,7137,0,0,0,0,1,4309,93,340,93,340
304770,Playing,2510848,7116,0,0,0,0,1,4312,94,340,94,340
305020,Playing,2476032,7018,0,0,0,0,1,4314,174,340,174,340
305268,Playing,2477056,7021,0,0,0,0,1,4320,0,340,14,340
305518,Playing,2525184,7157,0,0,0,0,1,4325,0,340,0,340
305766,Playing,2462720,6980,0,0,0,0,1,4326,95,340,95,340
306013,Playing,2463744,6983,0,0,0,0,1,4329,0,340,0,340
306260,Playing,2484224,7041,0,0,0,0,1,4333,0,340,0,340
306511,Playing,2477056,7021,0,0,0,0,1,4336,174,340,174,340
306762,Playing,2478080,7024,0,0,0,0,1,4339,0,340,0,340
307013,Playing,2470912,7003,0,0,0,0,1,4342,16,340,16,340
307261,Playing,2491392,7061,0,0,0,0,1,4346,14,340,14,340
307513,Playing,2484224,7041,0,0,0,0,1,4349,95,340,96,340
307761,Playing,2512896,7122,0,0,0,0,1,4353,0,340,0,340
308012,Playing,2478080,7024,0,0,0,0,1,4355,0,340,0,340
308264,Playing,2443264,6925,0,0,0,0,1,4360,0,340,0,340
308513,Playing,2463744,6983,0,0,0,0,1,4364,0,340,0,340
308763,Playing,2464768,6986,0,0,0,0,1,4367,0,340,0,340
309010,Playing,2485248,7044,0,0,0,0,1,4371,95,340,95,340
309260,Playing,2450432,6945,0,0,0,0,1,4373,0,340,0,340
309510,Playing,2479104,7026,0,0,0,0,1,4377,0,340,0,340
309758,Playing,2471936,7006,0,0,0,0,1,4380,2,340,2,340
310009,Playing,2492416,7064,0,0,0,0,1,4384,0,340,0,340
310259,Playing,2465792,6989,0,0,0,0,1,4386,0,340,0,340
310509,Playing,2486272,7047,0,0,0,0,1,4390,0,340,0,340
310757,Playing,2451456,6948,0,0,0,0,1,4392,96,340,97,340
311007,Playing,2471936,7006,0,0,0,0,1,4399,0,340,0,340
311256,Playing,2417664,6852,0,0,0,0,1,4400,173,340,173,340
311504,Playing,2410496,6832,0,0,0,0,1,4403,173,340,173,340
311754,Playing,2458624,6968,0,0,0,0,1,4408,0,340,0,340
312005,Playing,2479104,7026,0,0,0,0,1,4412,0,340,0,340
312253,Playing,2424832,6873,0,0,0,0,1,4413,174,340,174,340
312505,Playing,2445312,6931,0,0,0,0,1,4417,0,340,0,340
312751,Playing,2438144,6910,0,0,0,0,1,4420,1,340,1,340
313004,Playing,2458624,6968,0,0,0,0,1,4424,94,340,94,340
313254,Playing,2432000,6893,0,0,0,0,1,4426,94,340,94,340
313503,Playing,2424832,6873,0,0,0,0,1,4429,0,340,0,340
313753,Playing,2390016,6774,0,0,0,0,1,4434,177,340,177,340
314004,Playing,2446336,6934,0,0,0,0,1,4439,0,340,0,340
314252,Playing,2383872,6757,0,0,0,0,1,4440,176,340,176,340
314503,Playing,2404352,6815,0,0,0,0,1,4444,1,340,1,340
314754,Playing,2397184,6794,0,0,0,0,1,4447,176,340,176,340
315008,Playing,2425856,6876,0,0,0,0,1,4451,1,340,1,340
315252,Playing,2391040,6777,0,0,0,0,1,4453,0,340,0,340
315500,Playing,2383872,6757,0,0,0,0,1,4456,0,340,0,340
315751,Playing,2384896,6759,0,0,0,0,1,4459,0,340,0,340
316018,Playing,2424832,6873,0,0,0,0,1,4464,23,340,23,340
316284,Playing,2417664,6852,0,0,0,0,1,4467,0,340,0,340
316534,Playing,2410496,6832,0,0,0,0,1,4473,0,340,0,340
316782,Playing,2375680,6733,0,0,0,0,1,4475,0,340,0,340
317031,Playing,2376704,6736,0,0,0,0,1,4478,171,340,171,340
317281,Playing,2369536,6716,0,0,0,0,1,4481,175,340,175,340
317534,Playing,2417664,6852,0,0,0,0,1,4486,0,340,0,340
317784,Playing,2355200,6675,0,0,0,0,1,4487,174,340,174,340
318031,Playing,2383872,6757,0,0,0,0,1,4491,0,340,0,340
318279,Playing,2376704,6736,0,0,0,0,1,4494,174,340,174,340
318526,Playing,2405376,6817,0,0,0,0,1,4498,0,340,0,340
318775,Playing,2370560,6719,0,0,0,0,1,4500,0,340,0,340
319025,Playing,2391040,6777,0,0,0,0,1,4504,0,340,0,340
319276,Playing,2374656,6730,0,0,0,0,1,4509,0,340,14,340
319524,Playing,2384896,6759,0,0,0,0,1,4513,0,340,0,340
319773,Playing,2350080,6661,0,0,0,0,1,4515,0,340,0,340
320022,Playing,2342912,6640,0,0,0,0,1,4518,0,340,0,340
320270,Playing,2371584,6722,0,0,0,0,1,4522,0,340,0,340
320521,Playing,2392064,6780,0,0,0,0,1,4526,0,340,0,340
320773,Playing,2329600,6603,0,0,0,0,1,4527,102,340,102,340
321024,Playing,2350080,6661,0,0,0,0,1,4531,0,340,0,340
321272,Playing,2378752,6742,0,0,0,0,1,4535,0,340,0,340
321521,Playing,2371584,6722,0,0,0,0,1,4538,0,340,0,340
321775,Playing,2392064,6780,0,0,0,0,1,4542,0,340,0,340
322023,Playing,2329600,6603,0,0,0,0,1,4543,174,340,174,340
322275,Playing,2321408,6579,0,0,0,0,1,4549,95,340,95,340
322524,Playing,2341888,6638,0,0,0,0,1,4553,0,340,0,340
322775,Playing,2362368,6696,0,0,0,0,1,4557,0,340,0,340
323022,Playing,2299904,6519,0,0,0,0,1,4558,175,340,175,340
323272,Playing,2328576,6600,0,0,0,0,1,4562,0,340,0,340
323521,Playing,2321408,6579,0,0,0,0,1,4565,0,340,0,340
323769,Playing,2341888,6638,0,0,0,0,1,4569,95,340,95,340
324018,Playing,2315264,6562,0,0,0,0,1,4571,0,340,0,340
324267,Playing,2308096,6542,0,0,0,0,1,4574,94,340,94,340
324516,Playing,2356224,6678,0,0,0,0,1,4579,0,340,0,340
324765,Playing,2357248,6681,0,0,0,0,1,4582,0,340,0,340
325018,Playing,2276352,6452,0,0,0,0,1,4585,0,340,13,340
325267,Playing,2306048,6536,0,0,0,0,1,4590,0,340,0,340
325518,Playing,2298880,6516,0,0,0,0,1,4593,0,340,0,340
325768,Playing,2299904,6519,0,0,0,0,1,4596,94,340,94,340
326016,Playing,2265088,6420,0,0,0,0,1,4598,0,340,0,340
326267,Playing,2285568,6478,0,0,0,0,1,4602,0,340,0,340
326515,Playing,2286592,6481,0,0,0,0,1,4605,96,340,96,340
326766,Playing,2334720,6617,0,0,0,0,1,4610,0,340,0,340
327016,Playing,2299904,6519,0,0,0,0,1,4612,95,340,95,340
327267,Playing,2292736,6498,0,0,0,0,1,4615,0,340,0,340
327514,Playing,2321408,6579,0,0,0,0,1,4619,0,340,0,340
327765,Playing,2277376,6455,0,0,0,0,1,4624,0,340,0,340
328013,Playing,2242560,6356,0,0,0,0,1,4626,0,340,0,340
328262,Playing,2243584,6359,0,0,0,0,1,4629,174,340,175,340
328511,Playing,2264064,6417,0,0,0,0,1,4633,0,340,0,340
328764,Playing,2284544,6475,0,0,0,0,1,4637,0,340,0,340
329012,Playing,2222080,6298,0,0,0,0,1,4638,95,340,95,340
329261,Playing,2250752,6379,0,0,0,0,1,4642,175,340,175,340
329510,Playing,2271232,6437,0,0,0,0,1,4646,0,340,0,340
329761,Playing,2264064,6417,0,0,0,0,1,4649,0,340,0,340
330012,Playing,2256896,6397,0,0,0,0,1,4652,95,340,95,340
330262,Playing,2257920,6400,0,0,0,0,1,4655,0,340,0,340
330508,Playing,2250752,6379,0,0,0,0,1,4658,93,340,93,340
330757,Playing,2243584,6359,0,0,0,0,1,4664,96,340,96,340
331007,Playing,2216960,6283,0,0,0,0,1,4666,0,340,0,340
331258,Playing,2209792,6263,0,0,0,0,1,4669,0,340,0,340
331506,Playing,2230272,6321,0,0,0,0,1,4673,0,340,0,340
331756,Playing,2250752,6379,0,0,0,0,1,4677,0,340,0,340
332006,Playing,2251776,6382,0,0,0,0,1,4680,94,340,94,340
332255,Playing,2216960,6283,0,0,0,0,1,4682,0,340,0,340
332504,Playing,2237440,6341,0,0,0,0,1,4686,0,340,0,340
332756,Playing,2238464,6344,0,0,0,0,1,4689,0,340,0,340
333002,Playing,2258944,6402,0,0,0,0,1,4693,0,340,0,340
333255,Playing,2196480,6225,0,0,0,0,1,4694,177,340,178,340
333503,Playing,2216960,6283,0,0,0,0,1,4701,0,340,0,340
333752,Playing,2217984,6286,0,0,0,0,1,4704,0,340,0,340
334001,Playing,2183168,6188,0,0,0,0,1,4706,0,340,0,340
334311,Playing,2214912,6278,0,0,0,0,1,4711,0,340,0,340
334562,Playing,2235392,6336,0,0,0,0,1,4715,0,340,0,340
334750,Playing,2197504,6228,0,0,0,0,1,4716,178,340,178,340
335060,Playing,2193408,6217,0,0,0,0,1,4720,175,340,175,340
335311,Playing,2222080,6298,0,0,0,0,1,4724,0,340,1,340
335559,Playing,2242560,6356,0,0,0,0,1,4728,0,340,0,340
335807,Playing,2180096,6179,0,0,0,0,1,4729,174,340,174,340
336058,Playing,2208768,6260,0,0,0,0,1,4733,0,340,0,340
336307,Playing,2201600,6240,0,0,0,0,1,4739,0,340,0,340
336554,Playing,2194432,6220,0,0,0,0,1,4742,90,340,90,340
336803,Playing,2167808,6144,0,0,0,0,1,4744,0,340,0,340
337051,Playing,2188288,6202,0,0,0,0,1,4748,0,340,0,340
337302,Playing,2181120,6182,0,0,0,0,1,4751,178,340,178,340
337555,Playing,2201600,6240,0,0,0,0,1,4755,0,340,0,340
337806,Playing,2147328,6086,0,0,0,0,1,4756,177,340,177,340
338054,Playing,2195456,6222,0,0,0,0,1,4761,0,340,0,340
338303,Playing,2188288,6202,0,0,0,0,1,4764,0,340,0,340
338552,Playing,2189312,6205,0,0,0,0,1,4767,96,340,96,340
338801,Playing,2154496,6106,0,0,0,0,1,4769,0,340,0,340
339051,Playing,2147328,6086,0,0,0,0,1,4775,0,340,0,340
339302,Playing,2167808,6144,0,0,0,0,1,4779,0,340,0,340
339550,Playing,2168832,6147,0,0,0,0,1,4782,0,340,0,340
339800,Playing,2134016,6048,0,0,0,0,1,4784,0,340,0,340
340049,Playing,2154496,6106,0,0,0,0,1,4788,15,340,15,340
340297,Playing,2155520,6109,0,0,0,0,1,4791,0,340,0,340
340547,Playing,2148352,6089,0,0,0,0,1,4794,174,340,174,340
340797,Playing,2141184,6069,0,0,0,0,1,4797,0,340,0,340
341048,Playing,2134016,6048,0,0,0,0,1,4800,0,340,0,340
341301,Playing,2126848,6028,0,0,0,0,1,4803,93,340,93,340
341552,Playing,2183168,6188,0,0,0,0,1,4808,0,340,0,340
341802,Playing,2120704,6011,0,0,0,0,1,4809,91,340,91,340
342050,Playing,2085888,5912,0,0,0,0,1,4814,93,340,93,340
342301,Playing,2134016,6048,0,0,0,0,1,4819,0,340,0,340
342550,Playing,2135040,6051,0,0,0,0,1,4822,0,340,0,340
342800,Playing,2127872,6031,0,0,0,0,1,4825,98,340,98,340
343047,Playing,2120704,6011,0,0,0,0,1,4828,0,340,0,340
343297,Playing,2121728,6013,0,0,0,0,1,4831,2,340,2,340
343551,Playing,2142208,6072,0,0,0,0,1,4835,0,340,0,340
343796,Playing,2162688,6130,0,0,0,0,1,4839,0,340,0,340
344046,Playing,2072576,5874,0,0,0,0,1,4839,0,340,0,340
344299,Playing,2120704,6011,0,0,0,0,1,4844,0,340,0,340
344547,Playing,2121728,6013,0,0,0,0,1,4847,0,340,0,340
344796,Playing,2114560,5993,0,0,0,0,1,4853,0,340,0,340
345047,Playing,2052096,5816,0,0,0,0,1,4854,174,340,174,340
345295,Playing,2080768,5897,0,0,0,0,1,4858,0,340,0,340
345547,Playing,2073600,5877,0,0,0,0,1,4861,96,340,96,340
345796,Playing,2121728,6013,0,0,0,0,1,4866,0,340,0,340
346046,Playing,2059264,5836,0,0,0,0,1,4867,94,340,94,340
346294,Playing,2087936,5918,0,0,0,0,1,4871,96,340,96,340
346545,Playing,2080768,5897,0,0,0,0,1,4874,98,340,98,340
346793,Playing,2101248,5955,0,0,0,0,1,4878,0,340,0,340
347042,Playing,2074624,5880,0,0,0,0,1,4880,0,340,0,340
347293,Playing,2095104,5938,0,0,0,0,1,4884,0,340,0,340
347543,Playing,2051072,5813,0,0,0,0,1,4889,0,340,0,340
347791,Playing,2071552,5871,0,0,0,0,1,4893,95,340,95,340
348040,Playing,2072576,5874,0,0,0,0,1,4896,95,340,96,340
348290,Playing,2037760,5775,0,0,0,0,1,4898,0,340,0,340
348538,Playing,2058240,5834,0,0,0,0,1,4902,0,340,0,340
348788,Playing,2086912,5915,0,0,0,0,1,4906,0,340,0,340
349033,Playing,2079744,5894,0,0,0,0,1,4909,12,340,12,340
349284,Playing,2072576,5874,0,0,0,0,1,4912,94,340,94,340
349534,Playing,2065408,5854,0,0,0,0,1,4915,0,340,0,340
349784,Playing,2066432,5857,0,0,0,0,1,4918,95,340,95,340
350034,Playing,2059264,5836,0,0,0,0,1,4921,93,340,93,340
350286,Playing,2024448,5738,0,0,0,0,1,4923,0,340,0,340
350536,Playing,2008064,5691,0,0,0,0,1,4929,95,340,95,340
350785,Playing,2036736,5773,0,0,0,0,1,4933,0,340,0,340
351033,Playing,2029568,5752,0,0,0,0,1,4936,91,340,91,340
351283,Playing,2050048,5810,0,0,0,0,1,4940,0,340,0,340
351535,Playing,2042880,5790,0,0,0,0,1,4943,93,340,93,340
351782,Playing,2016256,5715,0,0,0,0,1,4945,0,340,0,340
352032,Playing,2036736,5773,0,0,0,0,1,4949,93,340,93,340
352281,Playing,2057216,5831,0,0,0,0,1,4953,0,340,0,340
352529,Playing,2058240,5834,0,0,0,0,1,4956,0,340,0,340
352779,Playing,2023424,5735,0,0,0,0,1,4958,96,340,96,340
353029,Playing,2025472,5741,0,0,0,0,1,4964,0,340,14,340
353278,Playing,1999872,5668,0,0,0,0,1,4967,0,340,0,340
353527,Playing,2028544,5749,0,0,0,0,1,4971,0,340,0,340
353777,Playing,1993728,5651,0,0,0,0,1,4973,0,340,0,340
354027,Playing,1986560,5630,0,0,0,0,1,4976,174,340,174,340
354275,Playing,2015232,5712,0,0,0,0,1,4980,173,340,173,340
354525,Playing,2035712,5770,0,0,0,0,1,4984,0,340,0,340
354775,Playing,1973248,5593,0,0,0,0,1,4985,178,340,178,340
355022,Playing,1993728,5651,0,0,0,0,1,4989,0,340,0,340
355275,Playing,2022400,5732,0,0,0,0,1,4993,1,340,1,340
355525,Playing,2015232,5712,0,0,0,0,1,4996,96,340,96,340
355773,Playing,1980416,5613,0,0,0,0,1,4998,0,340,0,340
356022,Playing,1973248,5593,0,0,0,0,1,5004,0,340,0,340
356269,Playing,1974272,5596,0,0,0,0,1,5007,174,340,174,340
356519,Playing,1994752,5654,0,0,0,0,1,5011,0,340,0,340
356769,Playing,1932288,5477,0,0,0,0,1,5012,177,340,177,340
357020,Playing,1980416,5613,0,0,0,0,1,5017,0,340,0,340
357272,Playing,2009088,5694,0,0,0,0,1,5021,0,340,0,340
357519,Playing,2001920,5674,0,0,0,0,1,5024,0,340,0,340
357769,Playing,1939456,5497,0,0,0,0,1,5025,172,340,172,340
358016,Playing,1968128,5578,0,0,0,0,1,5029,0,340,0,340
358265,Playing,1988608,5636,0,0,0,0,1,5033,0,340,0,340
358518,Playing,1981440,5616,0,0,0,0,1,5036,176,340,176,340
358767,Playing,1918976,5439,0,0,0,0,1,5040,0,340,14,340
359016,Playing,1947648,5520,0,0,0,0,1,5044,0,340,0,340
359266,Playing,1940480,5500,0,0,0,0,1,5047,174,340,174,340
359514,Playing,1960960,5558,0,0,0,0,1,5051,0,340,0,340
359764,Playing,1926144,5459,0,0,0,0,1,5053,0,340,0,340
360015,Playing,1954816,5540,0,0,0,0,1,5057,0,340,0,340
360265,Playing,1947648,5520,0,0,0,0,1,5060,1,340,1,340
360513,Playing,1968128,5578,0,0,0,0,1,5064,96,340,96,340
360759,Playing,1996800,5659,0,0,0,0,1,5068,1,340,1,340
361007,Playing,1906688,5404,0,0,0,0,1,5068,1,340,1,340
361254,Playing,1954816,5540,0,0,0,0,1,5073,0,340,0,340
361505,Playing,1947648,5520,0,0,0,0,1,5079,0,340,0,340
361755,Playing,1921024,5445,0,0,0,0,1,5081,96,340,96,340
362004,Playing,1913856,5424,0,0,0,0,1,5084,0,340,0,340
362253,Playing,1934336,5482,0,0,0,0,1,5088,0,340,0,340
362504,Playing,1927168,5462,0,0,0,0,1,5091,94,340,94,340
362752,Playing,1955840,5543,0,0,0,0,1,5095,13,340,13,340
363001,Playing,1893376,5366,0,0,0,0,1,5096,178,340,178,340
363251,Playing,1913856,5424,0,0,0,0,1,5100,96,340,96,340
363501,Playing,1942528,5506,0,0,0,0,1,5104,0,340,0,340
363810,Playing,1938432,5494,0,0,0,0,1,5108,0,340,0,340
364059,Playing,1911808,5418,0,0,0,0,1,5110,0,340,0,340
364310,Playing,1895424,5372,0,0,0,0,1,5115,0,340,13,340
364561,Playing,1897472,5378,0,0,0,0,1,5119,0,340,0,340
364812,Playing,1890304,5358,0,0,0,0,1,5122,97,340,97,340
365059,Playing,1918976,5439,0,0,0,0,1,5126,0,340,0,340
365309,Playing,1884160,5340,0,0,0,0,1,5128,0,340,0,340
365560,Playing,1876992,5320,0,0,0,0,1,5131,0,340,0,340
365809,Playing,1905664,5401,0,0,0,0,1,5135,1,340,1,340
366059,Playing,1898496,5381,0,0,0,0,1,5138,95,340,95,340
366308,Playing,1918976,5439,0,0,0,0,1,5142,15,340,15,340
366555,Playing,1892352,5363,0,0,0,0,1,5144,0,340,0,340
366804,Playing,1885184,5343,0,0,0,0,1,5147,175,340,175,340
367054,Playing,1896448,5375,0,0,0,0,1,5151,172,340,172,340
367301,Playing,1843200,5224,0,0,0,0,1,5155,97,340,97,340
367554,Playing,1816576,5149,0,0,0,0,1,5157,0,340,0,340
367803,Playing,1892352,5363,0,0,0,0,1,5163,0,340,0,340
368054,Playing,1885184,5343,0,0,0,0,1,5166,0,340,0,340
368302,Playing,1850368,5244,0,0,0,0,1,5168,0,340,0,340
368550,Playing,1879040,5326,0,0,0,0,1,5172,0,340,0,340
368801,Playing,1871872,5305,0,0,0,0,1,5175,93,340,93,340
369050,Playing,1892352,5363,0,0,0,0,1,5179,0,340,0,340
369300,Playing,1921024,5445,0,0,0,0,1,5183,0,340,0,340
369549,Playing,1830912,5189,0,0,0,0,1,5183,0,340,0,340
369798,Playing,1879040,5326,0,0,0,0,1,5188,0,340,0,340
370047,Playing,1871872,5305,0,0,0,0,1,5194,0,340,0,340
370298,Playing,1872896,5308,0,0,0,0,1,5197,0,340,0,340
370548,Playing,1838080,5209,0,0,0,0,1,5199,0,340,0,340
370800,Playing,1830912,5189,0,0,0,0,1,5202,0,340,0,340
371050,Playing,1851392,5247,0,0,0,0,1,5206,95,340,95,340
371300,Playing,1871872,5305,0,0,0,0,1,5210,1,340,1,340
371549,Playing,1817600,5151,0,0,0,0,1,5211,171,340,171,340
371798,Playing,1865728,5288,0,0,0,0,1,5216,3,340,3,340
372051,Playing,1830912,5189,0,0,0,0,1,5218,14,340,14,340
372300,Playing,1823744,5169,0,0,0,0,1,5221,0,340,0,340
372550,Playing,1852416,5250,0,0,0,0,1,5225,0,340,0,340
372798,Playing,1808384,5125,0,0,0,0,1,5230,0,340,0,340
373049,Playing,1801216,5105,0,0,0,0,1,5233,95,340,95,340
373298,Playing,1829888,5186,0,0,0,0,1,5237,93,340,93,340
373548,Playing,1795072,5088,0,0,0,0,1,5239,0,340,0,340
373798,Playing,1815552,5146,0,0,0,0,1,5243,3,340,3,340
374048,Playing,1808384,5125,0,0,0,0,1,5246,0,340,0,340
374301,Playing,1837056,5207,0,0,0,0,1,5250,0,340,0,340
374545,Playing,1802240,5108,0,0,0,0,1,5252,0,340,0,340
374799,Playing,1822720,5166,0,0,0,0,1,5256,0,340,0,340
375072,Playing,1807360,5122,0,0,0,0,1,5259,0,340,0,340
375264,Playing,1824768,5172,0,0,0,0,1,5262,0,340,0,340
375513,Playing,1798144,5096,0,0,0,0,1,5264,172,340,173,340
375765,Playing,1781760,5050,0,0,0,0,1,5270,0,340,0,340
376013,Playing,1774592,5030,0,0,0,0,1,5273,174,340,175,340
376260,Playing,1747968,4954,0,0,0,0,1,5275,0,340,0,340
376512,Playing,1768448,5012,0,0,0,0,1,5279,176,340,176,340
376760,Playing,1761280,4992,0,0,0,0,1,5282,0,340,0,340
377007,Playing,1789952,5073,0,0,0,0,1,5286,0,340,0,340
377257,Playing,1727488,4896,0,0,0,0,1,5287,95,340,95,340
377508,Playing,1775616,5032,0,0,0,0,1,5292,0,340,0,340
377758,Playing,1768448,5012,0,0,0,0,1,5295,0,340,0,340
378008,Playing,1769472,5015,0,0,0,0,1,5298,175,340,175,340
378259,Playing,1789952,5073,0,0,0,0,1,5302,0,340,0,340
378504,Playing,1718272,4870,0,0,0,0,1,5306,0,340,0,340
378754,Playing,1711104,4850,0,0,0,0,1,5309,96,340,96,340
379003,Playing,1767424,5009,0,0,0,0,1,5314,0,340,0,340
379255,Playing,1760256,4989,0,0,0,0,1,5317,0,340,0,340
379502,Playing,1725440,4890,0,0,0,0,1,5319,0,340,0,340
379751,Playing,1726464,4893,0,0,0,0,1,5322,0,340,0,340
380002,Playing,1746944,4951,0,0,0,0,1,5326,0,340,0,340
380251,Playing,1739776,4931,0,0,0,0,1,5329,172,340,172,340
380500,Playing,1704960,4832,0,0,0,0,1,5331,14,340,14,340
380751,Playing,1725440,4890,0,0,0,0,1,5335,95,340,95,340
381002,Playing,1754112,4971,0,0,0,0,1,5339,0,340,0,340
381256,Playing,1691648,4794,0,0,0,0,1,5341,175,340,175,340
381504,Playing,1684480,4774,0,0,0,0,1,5346,2,340,2,340
381754,Playing,1704960,4832,0,0,0,0,1,5350,0,340,0,340
382004,Playing,1705984,4835,0,0,0,0,1,5353,0,340,0,340
382251,Playing,1726464,4893,0,0,0,0,1,5357,0,340,0,340
382562,Playing,1730560,4905,0,0,0,0,1,5361,0,340,0,340
382809,Playing,1723392,4884,0,0,0,0,1,5364,0,340,0,340
383059,Playing,1688576,4786,0,0,0,0,1,5366,0,340,0,340
383306,Playing,1717248,4867,0,0,0,0,1,5370,0,340,0,340
383553,Playing,1710080,4847,0,0,0,0,1,5373,0,340,0,340
383804,Playing,1702912,4826,0,0,0,0,1,5376,175,340,175,340
384051,Playing,1676288,4751,0,0,0,0,1,5381,0,340,14,340
384300,Playing,1669120,4731,0,0,0,0,1,5384,0,340,0,340
384551,Playing,1689600,4789,0,0,0,0,1,5388,0,340,0,340
384800,Playing,1682432,4768,0,0,0,0,1,5391,0,340,0,340
385050,Playing,1683456,4771,0,0,0,0,1,5394,0,340,0,340
385299,Playing,1676288,4751,0,0,0,0,1,5397,0,340,0,340
385551,Playing,1696768,4809,0,0,0,0,1,5401,0,340,0,340
385799,Playing,1689600,4789,0,0,0,0,1,5404,0,340,0,340
386047,Playing,1635328,4635,0,0,0,0,1,5405,94,340,94,340
386300,Playing,1655808,4693,0,0,0,0,1,5409,95,340,95,340
386549,Playing,1676288,4751,0,0,0,0,1,5413,0,340,0,340
386799,Playing,1677312,4754,0,0,0,0,1,5419,0,340,14,340
387048,Playing,1614848,4577,0,0,0,0,1,5420,95,340,95,340
387298,Playing,1635328,4635,0,0,0,0,1,5424,98,340,98,340
387548,Playing,1628160,4614,0,0,0,0,1,5427,94,340,94,340
387798,Playing,1656832,4696,0,0,0,0,1,5431,0,340,0,340
388045,Playing,1622016,4597,0,0,0,0,1,5433,0,340,0,340
388297,Playing,1642496,4655,0,0,0,0,1,5437,0,340,0,340
388542,Playing,1643520,4658,0,0,0,0,1,5440,93,340,93,340
388794,Playing,1664000,4716,0,0,0,0,1,5444,15,340,15,340
389043,Playing,1629184,4617,0,0,0,0,1,5446,0,340,0,340
389294,Playing,1649664,4675,0,0,0,0,1,5450,0,340,0,340
389542,Playing,1650688,4678,0,0,0,0,1,5453,0,340,0,340
389794,Playing,1643520,4658,0,0,0,0,1,5459,0,340,0,340
390044,Playing,1636352,4638,0,0,0,0,1,5462,0,340,0,340
390293,Playing,1629184,4617,0,0,0,0,1,5465,95,340,95,340
390547,Playing,1622016,4597,0,0,0,0,1,5468,0,340,0,340
390798,Playing,1623040,4600,0,0,0,0,1,5471,93,340,93,340
391049,Playing,1643520,4658,0,0,0,0,1,5475,0,340,0,340
391301,Playing,1581056,4481,0,0,0,0,1,5476,93,340,93,340
391552,Playing,1601536,4539,0,0,0,0,1,5480,96,340,96,340
391801,Playing,1657856,4699,0,0,0,0,1,5485,13,340,13,340
392052,Playing,1623040,4600,0,0,0,0,1,5487,0,340,0,340
392303,Playing,1643520,4658,0,0,0,0,1,5491,0,340,0,340
392552,Playing,1581056,4481,0,0,0,0,1,5495,0,340,0,340
392801,Playing,1573888,4461,0,0,0,0,1,5498,94,340,94,340
393051,Playing,1602560,4542,0,0,0,0,1,5502,94,340,94,340
393299,Playing,1623040,4600,0,0,0,0,1,5506,0,340,0,340
393549,Playing,1560576,4423,0,0,0,0,1,5507,174,340,174,340
393800,Playing,1589248,4504,0,0,0,0,1,5511,94,340,94,340
394048,Playing,1609728,4562,0,0,0,0,1,5515,0,340,0,340
394298,Playing,1602560,4542,0,0,0,0,1,5518,93,340,93,340
394548,Playing,1567744,4443,0,0,0,0,1,5520,0,340,0,340
394797,Playing,1596416,4524,0,0,0,0,1,5524,0,340,0,340
395047,Playing,1589248,4504,0,0,0,0,1,5527,95,340,95,340
395296,Playing,1582080,4484,0,0,0,0,1,5533,96,340,96,340
395545,Playing,1527808,4330,0,0,0,0,1,5534,175,340,175,340
395794,Playing,1575936,4466,0,0,0,0,1,5539,0,340,0,340
396042,Playing,1568768,4446,0,0,0,0,1,5542,0,340,0,340
396291,Playing,1589248,4504,0,0,0,0,1,5546,0,340,0,340
396537,Playing,1562624,4429,0,0,0,0,1,5548,0,340,0,340
396787,Playing,1583104,4487,0,0,0,0,1,5552,0,340,0,340
397033,Playing,1575936,4466,0,0,0,0,1,5555,0,340,0,340
397298,Playing,1568768,4446,0,0,0,0,1,5558,16,340,16,340
397548,Playing,1533952,4347,0,0,0,0,1,5560,0,340,0,340
397797,Playing,1534976,4350,0,0,0,0,1,5563,0,340,0,340
398046,Playing,1564672,4435,0,0,0,0,1,5570,0,340,12,340
398294,Playing,1566720,4440,0,0,0,0,1,5574,0,340,0,340
398543,Playing,1512448,4286,0,0,0,0,1,5575,93,340,93,340
398795,Playing,1532928,4345,0,0,0,0,1,5579,0,340,0,340
399045,Playing,1525760,4324,0,0,0,0,1,5582,93,340,93,340
399294,Playing,1546240,4382,0,0,0,0,1,5586,0,340,0,340
399543,Playing,1547264,4385,0,0,0,0,1,5589,177,340,177,340
399792,Playing,1512448,4286,0,0,0,0,1,5591,0,340,0,340
400041,Playing,1532928,4345,0,0,0,0,1,5595,93,340,93,340
400291,Playing,1525760,4324,0,0,0,0,1,5598,0,340,0,340
400541,Playing,1554432,4405,0,0,0,0,1,5602,1,340,2,340
400789,Playing,1519616,4307,0,0,0,0,1,5604,0,340,0,340
401041,Playing,1503232,4260,0,0,0,0,1,5610,0,340,0,340
401290,Playing,1496064,4240,0,0,0,0,1,5613,97,340,97,340
401541,Playing,1524736,4321,0,0,0,0,1,5617,175,340,175,340
401789,Playing,1462272,4144,0,0,0,0,1,5618,95,340,96,340
402039,Playing,1482752,4202,0,0,0,0,1,5622,93,340,93,340
402288,Playing,1511424,4284,0,0,0,0,1,5626,0,340,0,340
402536,Playing,1531904,4342,0,0,0,0,1,5630,0,340,0,340
402787,Playing,1497088,4243,0,0,0,0,1,5632,0,340,0,340
403035,Playing,1517568,4301,0,0,0,0,1,5636,14,340,14,340
403285,Playing,1490944,4226,0,0,0,0,1,5638,92,340,93,340
403532,Playing,1511424,4284,0,0,0,0,1,5642,0,340,0,340
403784,Playing,1467392,4159,0,0,0,0,1,5647,96,340,96,340
404033,Playing,1468416,4162,0,0,0,0,1,5650,0,340,0,340
404284,Playing,1461248,4141,0,0,0,0,1,5653,94,340,94,340
404533,Playing,1481728,4199,0,0,0,0,1,5657,0,340,0,340
404782,Playing,1446912,4101,0,0,0,0,1,5659,0,340,0,340
405030,Playing,1475584,4182,0,0,0,0,1,5663,0,340,0,340
405281,Playing,1468416,4162,0,0,0,0,1,5666,0,340,0,340
405530,Playing,1461248,4141,0,0,0,0,1,5669,0,340,0,340
405776,Playing,1462272,4144,0,0,0,0,1,5672,0,340,0,340
406026,Playing,1455104,4124,0,0,0,0,1,5675,0,340,0,340
406276,Playing,1475584,4182,0,0,0,0,1,5679,92,340,92,340
406525,Playing,1448960,4107,0,0,0,0,1,5684,0,340,14,340
406775,Playing,1469440,4165,0,0,0,0,1,5688,15,340,15,340
407024,Playing,1462272,4144,0,0,0,0,1,5691,95,340,95,340
407272,Playing,1463296,4147,0,0,0,0,1,5694,0,340,0,340
407520,Playing,1456128,4127,0,0,0,0,1,5697,0,340,0,340
407769,Playing,1448960,4107,0,0,0,0,1,5700,95,340,95,340
408017,Playing,1422336,4031,0,0,0,0,1,5702,0,340,0,340
408266,Playing,1442816,4089,0,0,0,0,1,5706,0,340,0,340
408515,Playing,1463296,4147,0,0,0,0,1,5710,0,340,0,340
408763,Playing,1456128,4127,0,0,0,0,1,5713,0,340,0,340
409014,Playing,1429504,4051,0,0,0,0,1,5715,0,340,0,340
409264,Playing,1449984,4109,0,0,0,0,1,5719,0,340,0,340
409512,Playing,1415168,4011,0,0,0,0,1,5724,0,340,0,340
409761,Playing,1443840,4092,0,0,0,0,1,5728,93,340,93,340
410011,Playing,1381376,3915,0,0,0,0,1,5729,176,340,176,340
410261,Playing,1401856,3973,0,0,0,0,1,5733,94,340,95,340
410511,Playing,1394688,3953,0,0,0,0,1,5736,98,340,99,340
410759,Playing,1423360,4034,0,0,0,0,1,5740,96,340,96,340
411007,Playing,1443840,4092,0,0,0,0,1,5744,15,340,15,340
411259,Playing,1436672,4072,0,0,0,0,1,5747,98,340,98,340
411510,Playing,1401856,3973,0,0,0,0,1,5749,0,340,0,340
411759,Playing,1430528,4054,0,0,0,0,1,5753,88,340,88,340
412005,Playing,1423360,4034,0,0,0,0,1,5756,95,340,95,340
412252,Playing,1416192,4014,0,0,0,0,1,5762,93,340,93,340
412501,Playing,1389568,3938,0,0,0,0,1,5764,2,340,2,340
412752,Playing,1382400,3918,0,0,0,0,1,5767,178,340,179,340
413001,Playing,1402880,3976,0,0,0,0,1,5771,0,340,0,340
413252,Playing,1423360,4034,0,0,0,0,1,5775,0,340,0,340
413500,Playing,1424384,4037,0,0,0,0,1,5778,92,340,92,340
413750,Playing,1417216,4017,0,0,0,0,1,5781,0,340,0,340
414061,Playing,1393664,3950,0,0,0,0,1,5784,0,340,0,340
414307,Playing,1386496,3929,0,0,0,0,1,5787,93,340,93,340
414555,Playing,1351680,3831,0,0,0,0,1,5789,0,340,0,340
414806,Playing,1380352,3912,0,0,0,0,1,5793,0,340,0,340
415057,Playing,1400832,3970,0,0,0,0,1,5800,94,340,94,340
415310,Playing,1366016,3871,0,0,0,0,1,5802,0,340,0,340
415500,Playing,1411072,3999,0,0,0,0,1,5806,0,340,0,340
415751,Playing,1376256,3900,0,0,0,0,1,5808,0,340,0,340
416002,Playing,1369088,3880,0,0,0,0,1,5811,0,340,0,340
416252,Playing,1389568,3938,0,0,0,0,1,5815,0,340,0,340
416504,Playing,1382400,3918,0,0,0,0,1,5818,93,340,93,340
416756,Playing,1355776,3842,0,0,0,0,1,5820,2,340,2,340
417008,Playing,1376256,3900,0,0,0,0,1,5824,0,340,0,340
417257,Playing,1396736,3959,0,0,0,0,1,5828,0,340,0,340
417504,Playing,1334272,3781,0,0,0,0,1,5829,175,340,175,340
417750,Playing,1362944,3863,0,0,0,0,1,5836,94,340,94,340
418062,Playing,1331200,3773,0,0,0,0,1,5839,0,340,0,340
418309,Playing,1332224,3776,0,0,0,0,1,5842,0,340,0,340
418559,Playing,1352704,3834,0,0,0,0,1,5846,93,340,93,340
418808,Playing,1317888,3735,0,0,0,0,1,5848,0,340,0,340
419057,Playing,1318912,3738,0,0,0,0,1,5851,93,340,94,340
419304,Playing,1339392,3796,0,0,0,0,1,5855,0,340,0,340
419551,Playing,1359872,3854,0,0,0,0,1,5859,0,340,0,340
419804,Playing,1297408,3677,0,0,0,0,1,5860,177,340,177,340
420050,Playing,1326080,3758,0,0,0,0,1,5864,0,340,0,340
420301,Playing,1346560,3816,0,0,0,0,1,5868,0,340,0,340
420550,Playing,1330176,3770,0,0,0,0,1,5873,0,340,14,340
420799,Playing,1312768,3720,0,0,0,0,1,5876,96,340,96,340
421047,Playing,1277952,3622,0,0,0,0,1,5878,1,340,1,340
421296,Playing,1270784,3601,0,0,0,0,1,5881,93,340,93,340
421547,Playing,1318912,3738,0,0,0,0,1,5886,0,340,0,340
421799,Playing,1347584,3819,0,0,0,0,1,5890,0,340,0,340
422046,Playing,1340416,3799,0,0,0,0,1,5893,0,340,0,340
422294,Playing,1277952,3622,0,0,0,0,1,5894,174,340,174,340
422542,Playing,1306624,3703,0,0,0,0,1,5898,0,340,0,340
422790,Playing,1299456,3683,0,0,0,0,1,5901,0,340,0,340
423041,Playing,1292288,3662,0,0,0,0,1,5904,0,340,0,340
423289,Playing,1285120,3642,0,0,0,0,1,5907,0,340,0,340
423537,Playing,1276928,3619,0,0,0,0,1,5913,94,340,94,340
423788,Playing,1269760,3599,0,0,0,0,1,5916,95,340,95,340
424037,Playing,1262592,3578,0,0,0,0,1,5919,0,340,0,340
424288,Playing,1263616,3581,0,0,0,0,1,5922,0,340,0,340
424538,Playing,1284096,3639,0,0,0,0,1,5926,0,340,0,340
424788,Playing,1276928,3619,0,0,0,0,1,5929,13,340,13,340
425036,Playing,1297408,3677,0,0,0,0,1,5933,93,340,93,340
425288,Playing,1234944,3500,0,0,0,0,1,5934,174,340,174,340
425536,Playing,1263616,3581,0,0,0,0,1,5938,0,340,0,340
425785,Playing,1284096,3639,0,0,0,0,1,5942,0,340,0,340
426033,Playing,1304576,3697,0,0,0,0,1,5946,0,340,0,340
426285,Playing,1260544,3572,0,0,0,0,1,5951,0,340,0,340
426534,Playing,1261568,3575,0,0,0,0,1,5954,0,340,0,340
426784,Playing,1226752,3477,0,0,0,0,1,5956,96,340,96,340
427030,Playing,1247232,3535,0,0,0,0,1,5960,0,340,0,340
427280,Playing,1275904,3616,0,0,0,0,1,5964,16,340,16,340
427530,Playing,1241088,3517,0,0,0,0,1,5966,95,340,95,340
427781,Playing,1233920,3497,0,0,0,0,1,5969,176,340,176,340
428031,Playing,1254400,3555,0,0,0,0,1,5973,0,340,0,340
428281,Playing,1247232,3535,0,0,0,0,1,5976,95,340,95,340
428530,Playing,1275904,3616,0,0,0,0,1,5980,0,340,0,340
428777,Playing,1241088,3517,0,0,0,0,1,5982,0,340,0,340
429026,Playing,1215488,3445,0,0,0,0,1,5987,0,340,14,340
429274,Playing,1225728,3474,0,0,0,0,1,5991,85,340,85,340
429524,Playing,1218560,3453,0,0,0,0,1,5994,89,340,89,340
429774,Playing,1211392,3433,0,0,0,0,1,5997,0,340,0,340
430021,Playing,1184768,3358,0,0,0,0,1,5999,176,340,176,340
430270,Playing,1232896,3494,0,0,0,0,1,6004,0,340,0,340
430520,Playing,1225728,3474,0,0,0,0,1,6007,0,340,0,340
430770,Playing,1218560,3453,0,0,0,0,1,6010,0,340,0,340
431020,Playing,1219584,3456,0,0,0,0,1,6013,0,340,0,340
431269,Playing,1212416,3436,0,0,0,0,1,6016,174,340,174,340
431517,Playing,1232896,3494,0,0,0,0,1,6020,0,340,0,340
431767,Playing,1206272,3419,0,0,0,0,1,6023,0,340,0,340
432018,Playing,1171456,3320,0,0,0,0,1,6027,175,340,175,340
432267,Playing,1219584,3456,0,0,0,0,1,6032,0,340,0,340
432515,Playing,1212416,3436,0,0,0,0,1,6035,0,340,0,340
432765,Playing,1213440,3439,0,0,0,0,1,6038,94,340,94,340
433018,Playing,1178624,3340,0,0,0,0,1,6040,0,340,0,340
433267,Playing,1171456,3320,0,0,0,0,1,6043,95,340,95,340
433517,Playing,1191936,3378,0,0,0,0,1,6047,95,340,95,340
433765,Playing,1220608,3459,0,0,0,0,1,6051,2,340,2,340
434014,Playing,1158144,3282,0,0,0,0,1,6052,173,340,173,340
434263,Playing,1178624,3340,0,0,0,0,1,6056,94,340,94,340
434513,Playing,1171456,3320,0,0,0,0,1,6059,95,340,95,340
434763,Playing,1172480,3323,0,0,0,0,1,6065,94,340,94,340
435013,Playing,1137664,3224,0,0,0,0,1,6067,0,340,0,340
435262,Playing,1158144,3282,0,0,0,0,1,6071,0,340,0,340
435510,Playing,1159168,3285,0,0,0,0,1,6074,96,340,96,340
435758,Playing,1179648,3343,0,0,0,0,1,6078,95,340,95,340
436007,Playing,1144832,3244,0,0,0,0,1,6080,0,340,0,340
436256,Playing,1137664,3224,0,0,0,0,1,6083,0,340,0,340
436505,Playing,1166336,3305,0,0,0,0,1,6087,0,340,0,340
436755,Playing,1186816,3363,0,0,0,0,1,6091,0,340,0,340
437005,Playing,1179648,3343,0,0,0,0,1,6094,93,340,93,340
437255,Playing,1172480,3323,0,0,0,0,1,6097,0,340,0,340
437503,Playing,1145856,3247,0,0,0,0,1,6102,2,340,2,340
437752,Playing,1138688,3227,0,0,0,0,1,6105,0,340,0,340
438001,Playing,1103872,3128,0,0,0,0,1,6107,0,340,0,340
438252,Playing,1132544,3210,0,0,0,0,1,6111,0,340,0,340
438501,Playing,1125376,3189,0,0,0,0,1,6114,176,340,176,340
438810,Playing,1157120,3279,0,0,0,0,1,6119,1,340,1,340
439059,Playing,1149952,3259,0,0,0,0,1,6122,0,340,0,340
439309,Playing,1142784,3239,0,0,0,0,1,6125,94,340,94,340
439557,Playing,1116160,3163,0,0,0,0,1,6127,0,340,0,340
439806,Playing,1136640,3221,0,0,0,0,1,6131,175,340,175,340
440058,Playing,1129472,3201,0,0,0,0,1,6134,174,340,174,340
440306,Playing,1085440,3076,0,0,0,0,1,6138,0,340,14,340
440556,Playing,1095680,3105,0,0,0,0,1,6142,95,340,95,340
440808,Playing,1116160,3163,0,0,0,0,1,6146,0,340,0,340
441057,Playing,1108992,3143,0,0,0,0,1,6149,2,340,2,340
441305,Playing,1074176,3044,0,0,0,0,1,6151,0,340,0,340
441553,Playing,1102848,3125,0,0,0,0,1,6155,16,340,16,340
441800,Playing,1095680,3105,0,0,0,0,1,6158,94,340,94,340
442052,Playing,1116160,3163,0,0,0,0,1,6162,175,340,175,340
442300,Playing,1061888,3009,0,0,0,0,1,6163,91,340,91,340
442552,Playing,1082368,3067,0,0,0,0,1,6167,94,340,94,340
442799,Playing,1075200,3047,0,0,0,0,1,6170,175,340,175,340
443049,Playing,1095680,3105,0,0,0,0,1,6177,0,340,0,340
443300,Playing,1041408,2951,0,0,0,0,1,6178,96,340,96,340
443547,Playing,1089536,3088,0,0,0,0,1,6183,13,340,13,340
443799,Playing,1082368,3067,0,0,0,0,1,6186,14,340,14,340
444049,Playing,1047552,2969,0,0,0,0,1,6188,0,340,0,340
444298,Playing,1048576,2972,0,0,0,0,1,6191,96,340,96,340
444548,Playing,1069056,3030,0,0,0,0,1,6195,0,340,0,340
444797,Playing,1061888,3009,0,0,0,0,1,6198,96,340,96,340
445045,Playing,1090560,3091,0,0,0,0,1,6202,0,340,0,340
445295,Playing,1055744,2992,0,0,0,0,1,6204,0,340,0,340
445546,Playing,1076224,3050,0,0,0,0,1,6208,0,340,0,340
445796,Playing,1069056,3030,0,0,0,0,1,6211,0,340,0,340
446046,Playing,1042432,2954,0,0,0,0,1,6216,93,340,93,340
446296,Playing,1035264,2934,0,0,0,0,1,6219,0,340,0,340
446542,Playing,1028096,2914,0,0,0,0,1,6222,0,340,0,340
446793,Playing,1048576,2972,0,0,0,0,1,6226,93,340,94,340
447042,Playing,1077248,3053,0,0,0,0,1,6230,0,340,0,340
447291,Playing,1014784,2876,0,0,0,0,1,6231,174,340,174,340
447539,Playing,1035264,2934,0,0,0,0,1,6235,0,340,0,340
447789,Playing,1063936,3015,0,0,0,0,1,6239,0,340,0,340
448038,Playing,1056768,2995,0,0,0,0,1,6242,0,340,0,340
448286,Playing,1077248,3053,0,0,0,0,1,6246,0,340,0,340
448533,Playing,1050624,2977,0,0,0,0,1,6248,0,340,0,340
448783,Playing,1006592,2853,0,0,0,0,1,6253,94,340,94,340
449033,Playing,1027072,2911,0,0,0,0,1,6257,0,340,0,340
449282,Playing,964608,2734,0,0,0,0,1,6258,97,340,97,340
449529,Playing,993280,2815,0,0,0,0,1,6262,0,340,0,340
449780,Playing,1013760,2873,0,0,0,0,1,6266,0,340,0,340
450029,Playing,1034240,2931,0,0,0,0,1,6270,0,340,0,340
450276,Playing,1035264,2934,0,0,0,0,1,6273,1,340,1,340
450526,Playing,1000448,2835,0,0,0,0,1,6275,13,340,13,340
450775,Playing,993280,2815,0,0,0,0,1,6278,95,340,95,340
451024,Playing,1013760,2873,0,0,0,0,1,6282,0,340,0,340
451274,Playing,987136,2798,0,0,0,0,1,6284,0,340,0,340
451524,Playing,979968,2777,0,0,0,0,1,6287,94,340,94,340
451774,Playing,963584,2731,0,0,0,0,1,6293,94,340,94,340
452022,Playing,984064,2789,0,0,0,0,1,6297,0,340,0,340
452271,Playing,929792,2635,0,0,0,0,1,6298,173,340,173,340
452521,Playing,977920,2771,0,0,0,0,1,6303,0,340,0,340
452770,Playing,970752,2751,0,0,0,0,1,6306,0,340,0,340
453017,Playing,971776,2754,0,0,0,0,1,6309,174,340,174,340
453266,Playing,992256,2812,0,0,0,0,1,6313,174,340,174,340
453514,Playing,929792,2635,0,0,0,0,1,6314,93,340,93,340
453761,Playing,986112,2795,0,0,0,0,1,6319,14,340,14,340
454010,Playing,951296,2696,0,0,0,0,1,6321,96,340,96,340
454258,Playing,944128,2676,0,0,0,0,1,6324,0,340,0,340
454507,Playing,908288,2574,0,0,0,0,1,6329,96,340,96,340
454759,Playing,956416,2710,0,0,0,0,1,6334,0,340,0,340
455009,Playing,921600,2612,0,0,0,0,1,6336,95,340,95,340
455257,Playing,942080,2670,0,0,0,0,1,6340,92,340,92,340
455506,Playing,915456,2594,0,0,0,0,1,6342,0,340,0,340
455757,Playing,935936,2652,0,0,0,0,1,6346,0,340,0,340
456007,Playing,928768,2632,0,0,0,0,1,6349,95,340,95,340
456256,Playing,949248,2690,0,0,0,0,1,6353,0,340,0,340
456504,Playing,894976,2536,0,0,0,0,1,6354,174,340,174,340
456752,Playing,943104,2673,0,0,0,0,1,6359,0,340,0,340
457003,Playing,935936,2652,0,0,0,0,1,6362,0,340,0,340
457251,Playing,909312,2577,0,0,0,0,1,6367,91,340,91,340
457561,Playing,905216,2565,0,0,0,0,1,6371,94,340,94,340
457809,Playing,933888,2647,0,0,0,0,1,6375,0,340,0,340
458058,Playing,871424,2470,0,0,0,0,1,6376,93,340,93,340
458309,Playing,919552,2606,0,0,0,0,1,6381,0,340,0,340
458558,Playing,912384,2586,0,0,0,0,1,6384,0,340,0,340
458807,Playing,941056,2667,0,0,0,0,1,6388,0,340,0,340
459055,Playing,933888,2647,0,0,0,0,1,6391,175,340,175,340
459304,Playing,899072,2548,0,0,0,0,1,6393,0,340,0,340
459552,Playing,927744,2629,0,0,0,0,1,6397,0,340,0,340
459803,Playing,948224,2687,0,0,0,0,1,6401,0,340,0,340
460051,Playing,858112,2432,0,0,0,0,1,6404,0,340,15,340
460299,Playing,859136,2435,0,0,0,0,1,6407,91,340,91,340
460549,Playing,879616,2493,0,0,0,0,1,6411,0,340,0,340
460798,Playing,900096,2551,0,0,0,0,1,6415,0,340,0,340
461047,Playing,865280,2452,0,0,0,0,1,6417,0,340,0,340
461296,Playing,866304,2455,0,0,0,0,1,6420,94,340,94,340
461550,Playing,886784,2513,0,0,0,0,1,6424,16,340,16,340
461801,Playing,907264,2571,0,0,0,0,1,6428,17,340,17,340
462050,Playing,900096,2551,0,0,0,0,1,6431,0,340,0,340
462300,Playing,920576,2609,0,0,0,0,1,6435,0,340,0,340
462547,Playing,893952,2533,0,0,0,0,1,6437,0,340,0,340
462795,Playing,859136,2435,0,0,0,0,1,6442,0,340,15,340
463042,Playing,851968,2414,0,0,0,0,1,6445,96,340,96,340
463291,Playing,880640,2496,0,0,0,0,1,6449,0,340,0,340
463542,Playing,845824,2397,0,0,0,0,1,6451,0,340,0,340
463792,Playing,838656,2377,0,0,0,0,1,6454,94,340,94,340
464041,Playing,886784,2513,0,0,0,0,1,6459,0,340,0,340
464287,Playing,887808,2516,0,0,0,0,1,6462,0,340,0,340
464538,Playing,880640,2496,0,0,0,0,1,6465,93,340,93,340
464786,Playing,845824,2397,0,0,0,0,1,6467,0,340,0,340
465036,Playing,874496,2478,0,0,0,0,1,6471,0,340,0,340
465286,Playing,867328,2458,0,0,0,0,1,6474,92,340,93,340
465534,Playing,860160,2438,0,0,0,0,1,6480,95,340,95,340
465783,Playing,825344,2339,0,0,0,0,1,6482,0,340,0,340
466035,Playing,854016,2420,0,0,0,0,1,6486,0,340,0,340
466285,Playing,846848,2400,0,0,0,0,1,6489,0,340,0,340
466533,Playing,867328,2458,0,0,0,0,1,6493,0,340,0,340
466781,Playing,840704,2382,0,0,0,0,1,6495,0,340,0,340
467031,Playing,861184,2440,0,0,0,0,1,6499,0,340,0,340
467280,Playing,854016,2420,0,0,0,0,1,6502,0,340,0,340
467530,Playing,819200,2321,0,0,0,0,1,6504,0,340,0,340
467780,Playing,820224,2324,0,0,0,0,1,6507,93,340,93,340
468030,Playing,840704,2382,0,0,0,0,1,6511,0,340,0,340
468282,Playing,833536,2362,0,0,0,0,1,6514,91,340,91,340
468529,Playing,854016,2420,0,0,0,0,1,6521,0,340,0,340
468778,Playing,827392,2345,0,0,0,0,1,6523,87,340,87,340
469045,Playing,784384,2223,0,0,0,0,1,6525,179,340,179,340
469295,Playing,813056,2304,0,0,0,0,1,6529,95,340,95,340
469539,Playing,833536,2362,0,0,0,0,1,6533,0,340,0,340
469793,Playing,826368,2342,0,0,0,0,1,6536,101,340,101,340
470037,Playing,799744,2266,0,0,0,0,1,6538,0,340,0,340
470321,Playing,784384,2223,0,0,0,0,1,6541,26,340,26,340
470563,Playing,832512,2359,0,0,0,0,1,6546,0,340,0,340
470776,Playing,786432,2229,0,0,0,0,1,6547,155,340,155,340
471060,Playing,826368,2342,0,0,0,0,1,6552,104,340,105,340
471305,Playing,799744,2266,0,0,0,0,1,6557,1,340,1,340
471512,Playing,753664,2136,0,0,0,0,1,6558,177,340,177,340
471837,Playing,777216,2202,0,0,0,0,1,6563,148,340,148,340
472009,Playing,794624,2252,0,0,0,0,1,6566,13,340,13,340
472329,Playing,771072,2185,0,0,0,0,1,6569,157,340,157,340
472580,Playing,791552,2243,0,0,0,0,1,6573,62,340,62,340
472767,Playing,781312,2214,0,0,0,0,1,6575,1,340,2,340
473022,Playing,774144,2194,0,0,0,0,1,6578,207,340,207,340
473299,Playing,786432,2229,0,0,0,0,1,6582,0,340,0,340
473509,Playing,823296,2333,0,0,0,0,1,6586,0,340,0,340
473760,Playing,760832,2156,0,0,0,0,1,6587,178,340,178,340
474009,Playing,771072,2185,0,0,0,0,1,6593,1,340,2,340
474312,Playing,729088,2066,0,0,0,0,1,6596,188,340,188,340
474545,Playing,757760,2147,0,0,0,0,1,6600,194,340,194,340
474801,Playing,722944,2049,0,0,0,0,1,6602,13,340,13,340
475097,Playing,782336,2217,0,0,0,0,1,6608,0,340,0,340
475287,Playing,772096,2188,0,0,0,0,1,6610,20,340,20,340
475543,Playing,764928,2168,0,0,0,0,1,6613,37,340,37,340
475818,Playing,749568,2124,0,0,0,0,1,6616,2,340,2,340
476058,Playing,722944,2049,0,0,0,0,1,6618,0,340,0,340
476303,Playing,751616,2130,0,0,0,0,1,6622,1,340,1,340
476570,Playing,736256,2086,0,0,0,0,1,6625,97,340,97,340
476825,Playing,747520,2118,0,0,0,0,1,6632,0,340,0,340
477039,Playing,756736,2144,0,0,0,0,1,6635,0,340,0,340
477262,Playing,738304,2092,0,0,0,0,1,6637,16,340,16,340
477526,Playing,722944,2049,0,0,0,0,1,6640,9,340,9,340
477774,Playing,743424,2107,0,0,0,0,1,6644,0,340,0,340
478026,Playing,744448,2110,0,0,0,0,1,6647,95,340,95,340
478274,Playing,737280,2089,0,0,0,0,1,6650,0,340,0,340
478520,Playing,702464,1991,0,0,0,0,1,6652,172,340,172,340
478769,Playing,758784,2150,0,0,0,0,1,6657,0,340,0,340
479020,Playing,751616,2130,0,0,0,0,1,6660,0,340,0,340
479269,Playing,716800,2031,0,0,0,0,1,6662,0,340,0,340
479519,Playing,737280,2089,0,0,0,0,1,6666,0,340,0,340
479766,Playing,729088,2066,0,0,0,0,1,6672,0,340,0,340
480014,Playing,721920,2046,0,0,0,0,1,6675,0,340,0,340
480265,Playing,659456,1869,0,0,0,0,1,6676,176,340,176,340
480512,Playing,688128,1950,0,0,0,0,1,6680,94,340,94,340
480761,Playing,708608,2008,0,0,0,0,1,6684,0,340,0,340
481011,Playing,729088,2066,0,0,0,0,1,6688,1,340,1,340
481259,Playing,730112,2069,0,0,0,0,1,6691,0,340,0,340
481516,Playing,695296,1970,0,0,0,0,1,6693,0,340,0,340
481760,Playing,715776,2028,0,0,0,0,1,6697,2,340,2,340
482026,Playing,708608,2008,0,0,0,0,1,6700,74,340,74,340
482270,Playing,701440,1988,0,0,0,0,1,6703,93,340,93,340
482520,Playing,674816,1912,0,0,0,0,1,6708,0,340,0,340
482768,Playing,667648,1892,0,0,0,0,1,6711,0,340,0,340
483017,Playing,660480,1872,0,0,0,0,1,6714,91,340,91,340
483264,Playing,716800,2031,0,0,0,0,1,6719,0,340,0,340
483514,Playing,654336,1854,0,0,0,0,1,6720,176,340,176,340
483765,Playing,674816,1912,0,0,0,0,1,6724,0,340,0,340
484013,Playing,703488,1994,0,0,0,0,1,6728,0,340,0,340
484260,Playing,696320,1973,0,0,0,0,1,6731,0,340,0,340
484508,Playing,661504,1875,0,0,0,0,1,6733,0,340,0,340
484756,Playing,662528,1877,0,0,0,0,1,6736,175,340,175,340
485004,Playing,683008,1935,0,0,0,0,1,6740,0,340,0,340
485254,Playing,648192,1837,0,0,0,0,1,6743,174,340,174,340
485503,Playing,621568,1761,0,0,0,0,1,6747,16,340,16,340
485751,Playing,642048,1819,0,0,0,0,1,6751,176,340,176,340
486001,Playing,662528,1877,0,0,0,0,1,6755,0,340,0,340
486253,Playing,600064,1700,0,0,0,0,1,6756,92,340,92,340
486503,Playing,648192,1837,0,0,0,0,1,6761,0,340,0,340
486753,Playing,649216,1840,0,0,0,0,1,6764,0,340,0,340
487003,Playing,642048,1819,0,0,0,0,1,6767,174,340,174,340
487250,Playing,634880,1799,0,0,0,0,1,6770,0,340,0,340
487501,Playing,635904,1802,0,0,0,0,1,6773,13,340,13,340
487751,Playing,656384,1860,0,0,0,0,1,6777,0,340,0,340
488000,Playing,649216,1840,0,0,0,0,1,6780,0,340,0,340
488313,Playing,598016,1695,0,0,0,0,1,6785,174,340,174,340
488563,Playing,618496,1753,0,0,0,0,1,6789,176,340,176,340
488809,Playing,556032,1576,0,0,0,0,1,6790,94,340,94,340
489060,Playing,612352,1735,0,0,0,0,1,6795,0,340,0,340
489309,Playing,605184,1715,0,0,0,0,1,6798,175,340,175,340
489560,Playing,625664,1773,0,0,0,0,1,6802,0,340,0,340
489809,Playing,590848,1674,0,0,0,0,1,6804,0,340,0,340
490058,Playing,619520,1756,0,0,0,0,1,6808,0,340,0,340
490306,Playing,612352,1735,0,0,0,0,1,6811,2,340,2,340
490555,Playing,632832,1793,0,0,0,0,1,6815,0,340,0,340
490805,Playing,624640,1770,0,0,0,0,1,6818,174,340,174,340
491054,Playing,571392,1619,0,0,0,0,1,6822,0,340,0,340
491303,Playing,564224,1599,0,0,0,0,1,6825,176,340,176,340
491554,Playing,620544,1758,0,0,0,0,1,6830,0,340,0,340
491803,Playing,585728,1660,0,0,0,0,1,6832,177,340,177,340
492052,Playing,550912,1561,0,0,0,0,1,6834,92,340,92,340
492301,Playing,571392,1619,0,0,0,0,1,6838,175,340,175,340
492551,Playing,600064,1700,0,0,0,0,1,6842,2,340,2,340
492800,Playing,592896,1680,0,0,0,0,1,6845,175,340,175,340
493051,Playing,585728,1660,0,0,0,0,1,6848,0,340,0,340
493299,Playing,586752,1663,0,0,0,0,1,6851,0,340,0,340
493548,Playing,579584,1642,0,0,0,0,1,6854,175,340,175,340
493797,Playing,572416,1622,0,0,0,0,1,6860,175,340,175,340
494046,Playing,537600,1523,0,0,0,0,1,6862,0,340,0,340
494299,Playing,566272,1605,0,0,0,0,1,6866,0,340,0,340
494548,Playing,559104,1584,0,0,0,0,1,6869,0,340,0,340
494797,Playing,579584,1642,0,0,0,0,1,6873,0,340,0,340
495047,Playing,544768,1544,0,0,0,0,1,6875,0,340,0,340
495295,Playing,573440,1625,0,0,0,0,1,6879,17,340,17,340
495545,Playing,566272,1605,0,0,0,0,1,6882,0,340,0,340
495792,Playing,586752,1663,0,0,0,0,1,6886,0,340,0,340
496040,Playing,532480,1509,0,0,0,0,1,6887,96,340,96,340
496290,Playing,552960,1567,0,0,0,0,1,6891,0,340,0,340
496539,Playing,536576,1520,0,0,0,0,1,6896,0,340,14,340
496789,Playing,574464,1628,0,0,0,0,1,6901,0,340,0,340
497039,Playing,567296,1607,0,0,0,0,1,6904,0,340,0,340
497288,Playing,532480,1509,0,0,0,0,1,6906,0,340,0,340
497537,Playing,533504,1512,0,0,0,0,1,6909,98,340,98,340
497787,Playing,553984,1570,0,0,0,0,1,6913,12,340,12,340
498036,Playing,546816,1549,0,0,0,0,1,6916,92,340,92,340
498284,Playing,512000,1451,0,0,0,0,1,6918,0,340,0,340
498537,Playing,532480,1509,0,0,0,0,1,6922,92,340,93,340
498784,Playing,561152,1590,0,0,0,0,1,6926,0,340,0,340
499032,Playing,498688,1413,0,0,0,0,1,6927,176,340,177,340
499279,Playing,527360,1494,0,0,0,0,1,6931,0,340,0,340
499528,Playing,510976,1448,0,0,0,0,1,6937,0,340,0,340
499775,Playing,503808,1428,0,0,0,0,1,6940,94,340,94,340
500022,Playing,532480,1509,0,0,0,0,1,6944,0,340,0,340
500273,Playing,497664,1410,0,0,0,0,1,6946,0,340,0,340
500522,Playing,490496,1390,0,0,0,0,1,6949,96,340,96,340
500772,Playing,510976,1448,0,0,0,0,1,6953,0,340,0,340
501024,Playing,539648,1529,0,0,0,0,1,6957,0,340,0,340
501272,Playing,477184,1352,0,0,0,0,1,6958,173,340,174,340
501521,Playing,497664,1410,0,0,0,0,1,6962,0,340,0,340
501771,Playing,443392,1256,0,0,0,0,1,6963,176,340,176,340
502020,Playing,491520,1393,0,0,0,0,1,6968,0,340,0,340
502269,Playing,447488,1268,0,0,0,0,1,6973,0,340,0,340
502517,Playing,448512,1271,0,0,0,0,1,6976,92,340,93,340
502766,Playing,468992,1329,0,0,0,0,1,6980,1,340,1,340
503015,Playing,489472,1387,0,0,0,0,1,6984,0,340,0,340
503264,Playing,427008,1210,0,0,0,0,1,6985,171,340,171,340
503513,Playing,483328,1369,0,0,0,0,1,6990,0,340,0,340
503763,Playing,476160,1349,0,0,0,0,1,6993,0,340,0,340
504012,Playing,468992,1329,0,0,0,0,1,6996,95,340,95,340
504259,Playing,497664,1410,0,0,0,0,1,7000,14,340,14,340
504510,Playing,518144,1468,0,0,0,0,1,7004,0,340,0,340
504761,Playing,455680,1291,0,0,0,0,1,7005,178,340,178,340
505009,Playing,466944,1323,0,0,0,0,1,7012,0,340,0,340
505257,Playing,467968,1326,0,0,0,0,1,7015,0,340,0,340
505508,Playing,433152,1227,0,0,0,0,1,7017,0,340,0,340
505755,Playing,425984,1207,0,0,0,0,1,7020,0,340,0,340
506002,Playing,454656,1288,0,0,0,0,1,7024,0,340,0,340
506251,Playing,447488,1268,0,0,0,0,1,7027,94,340,94,340
506500,Playing,440320,1248,0,0,0,0,1,7030,0,340,0,340
506808,Playing,389120,1102,0,0,0,0,1,7032,175,340,175,340
507055,Playing,437248,1239,0,0,0,0,1,7037,0,340,0,340
507303,Playing,438272,1242,0,0,0,0,1,7040,0,340,0,340
507552,Playing,458752,1300,0,0,0,0,1,7044,0,340,0,340
507806,Playing,396288,1123,0,0,0,0,1,7045,172,340,172,340
508055,Playing,416768,1181,0,0,0,0,1,7052,0,340,0,340
508305,Playing,381952,1082,0,0,0,0,1,7054,94,340,94,340
508557,Playing,438272,1242,0,0,0,0,1,7059,0,340,0,340
508804,Playing,431104,1221,0,0,0,0,1,7062,0,340,0,340
509053,Playing,396288,1123,0,0,0,0,1,7064,0,340,0,340
509303,Playing,389120,1102,0,0,0,0,1,7067,95,340,95,340
509553,Playing,445440,1262,0,0,0,0,1,7072,0,340,0,340
509803,Playing,410624,1163,0,0,0,0,1,7074,95,340,95,340
510052,Playing,403456,1143,0,0,0,0,1,7077,0,340,0,340
510301,Playing,396288,1123,0,0,0,0,1,7080,92,340,93,340
510553,Playing,397312,1126,0,0,0,0,1,7086,0,340,12,340
510805,Playing,390144,1105,0,0,0,0,1,7089,93,340,93,340
511050,Playing,410624,1163,0,0,0,0,1,7093,0,340,0,340
511300,Playing,384000,1088,0,0,0,0,1,7095,0,340,0,340
511550,Playing,404480,1146,0,0,0,0,1,7099,0,340,0,340
511797,Playing,397312,1126,0,0,0,0,1,7102,3,340,3,340
512048,Playing,362496,1027,0,0,0,0,1,7104,0,340,0,340
512299,Playing,382976,1085,0,0,0,0,1,7108,0,340,0,340
512549,Playing,384000,1088,0,0,0,0,1,7111,0,340,0,340
512796,Playing,404480,1146,0,0,0,0,1,7115,0,340,0,340
513044,Playing,342016,969,0,0,0,0,1,7116,176,340,176,340
513293,Playing,370688,1050,0,0,0,0,1,7120,93,340,93,340
513545,Playing,363520,1030,0,0,0,0,1,7126,0,340,0,340
513794,Playing,384000,1088,0,0,0,0,1,7130,0,340,0,340
514044,Playing,376832,1068,0,0,0,0,1,7133,0,340,0,340
514294,Playing,350208,992,0,0,0,0,1,7135,0,340,0,340
514542,Playing,343040,972,0,0,0,0,1,7138,0,340,0,340
514791,Playing,363520,1030,0,0,0,0,1,7142,94,340,94,340
515039,Playing,336896,954,0,0,0,0,1,7144,0,340,0,340
515288,Playing,329728,934,0,0,0,0,1,7147,94,340,94,340
515536,Playing,350208,992,0,0,0,0,1,7151,0,340,0,340
515787,Playing,370688,1050,0,0,0,0,1,7155,0,340,0,340
516037,Playing,316416,896,0,0,0,0,1,7156,174,340,174,340
516286,Playing,309248,876,0,0,0,0,1,7162,0,340,0,340
516534,Playing,329728,934,0,0,0,0,1,7166,0,340,0,340
516783,Playing,322560,914,0,0,0,0,1,7169,66,340,66,340
517030,Playing,351232,995,0,0,0,0,1,7173,0,340,0,340
517278,Playing,371712,1053,0,0,0,0,1,7177,0,340,0,340
517530,Playing,309248,876,0,0,0,0,1,7178,174,340,174,340
517778,Playing,337920,957,0,0,0,0,1,7182,0,340,0,340
518026,Playing,358400,1015,0,0,0,0,1,7186,0,340,0,340
518274,Playing,351232,995,0,0,0,0,1,7189,0,340,0,340
518524,Playing,352256,998,0,0,0,0,1,7192,0,340,0,340
518772,Playing,345088,978,0,0,0,0,1,7195,0,340,0,340
519021,Playing,310272,879,0,0,0,0,1,7200,0,340,0,340
519271,Playing,330752,937,0,0,0,0,1,7204,0,340,0,340
519519,Playing,276480,783,0,0,0,0,1,7205,175,340,175,340
519769,Playing,296960,841,0,0,0,0,1,7209,174,340,174,340
520017,Playing,317440,899,0,0,0,0,1,7213,0,340,0,340
520267,Playing,290816,824,0,0,0,0,1,7215,0,340,0,340
520517,Playing,283648,803,0,0,0,0,1,7218,172,340,172,340
520765,Playing,304128,862,0,0,0,0,1,7222,0,340,0,340
521015,Playing,296960,841,0,0,0,0,1,7225,174,340,174,340
521264,Playing,270336,766,0,0,0,0,1,7227,13,340,13,340
521516,Playing,290816,824,0,0,0,0,1,7231,0,340,0,340
521767,Playing,283648,803,0,0,0,0,1,7234,0,340,1,340
522020,Playing,276480,783,0,0,0,0,1,7240,175,340,175,340
522270,Playing,241664,684,0,0,0,0,1,7242,0,340,0,340
522519,Playing,270336,766,0,0,0,0,1,7246,0,340,0,340
522770,Playing,263168,745,0,0,0,0,1,7249,2,340,2,340
523018,Playing,283648,803,0,0,0,0,1,7253,0,340,0,340
523267,Playing,284672,806,0,0,0,0,1,7256,0,340,0,340
523519,Playing,277504,786,0,0,0,0,1,7259,0,340,0,340
523768,Playing,270336,766,0,0,0,0,1,7262,0,340,0,340
524015,Playing,263168,745,0,0,0,0,1,7265,176,340,176,340
524263,Playing,291840,827,0,0,0,0,1,7269,0,340,0,340
524515,Playing,293888,833,0,0,0,0,1,7273,0,340,0,340
524765,Playing,240640,682,0,0,0,0,1,7277,0,340,0,340
525014,Playing,261120,740,0,0,0,0,1,7281,0,340,0,340
525265,Playing,253952,719,0,0,0,0,1,7284,2,340,2,340
525517,Playing,254976,722,0,0,0,0,1,7287,96,340,96,340
525769,Playing,220160,624,0,0,0,0,1,7289,1,340,1,340
526019,Playing,240640,682,0,0,0,0,1,7293,177,340,177,340
526267,Playing,261120,740,0,0,0,0,1,7297,0,340,0,340
526515,Playing,206848,586,0,0,0,0,1,7298,171,340,171,340
526767,Playing,227328,644,0,0,0,0,1,7302,174,340,175,340
527019,Playing,247808,702,0,0,0,0,1,7306,0,340,0,340
527269,Playing,240640,682,0,0,0,0,1,7309,0,340,0,340
527518,Playing,187392,531,0,0,0,0,1,7313,0,340,14,340
527769,Playing,169984,481,0,0,0,0,1,7316,177,340,177,340
528016,Playing,190464,539,0,0,0,0,1,7320,171,340,171,340
528267,Playing,210944,597,0,0,0,0,1,7324,0,340,0,340
528519,Playing,231424,655,0,0,0,0,1,7328,0,340,0,340
528765,Playing,177152,502,0,0,0,0,1,7329,171,340,171,340
529015,Playing,225280,638,0,0,0,0,1,7334,0,340,0,340
529265,Playing,218112,618,0,0,0,0,1,7337,0,340,0,340
529515,Playing,210944,597,0,0,0,0,1,7340,0,340,0,340
529765,Playing,184320,522,0,0,0,0,1,7342,0,340,0,340
530013,Playing,204800,580,0,0,0,0,1,7346,0,340,0,340
530264,Playing,179200,507,0,0,0,0,1,7351,0,340,14,340
530513,Playing,181248,513,0,0,0,0,1,7355,0,340,0,340
530763,Playing,126976,359,0,0,0,0,1,7356,90,340,90,340
531012,Playing,147456,417,0,0,0,0,1,7360,0,340,0,340
531263,Playing,167936,476,0,0,0,0,1,7364,0,340,0,340
531514,Playing,188416,534,0,0,0,0,1,7368,0,340,0,340
531761,Playing,189440,536,0,0,0,0,1,7371,1,340,1,340
532012,Playing,154624,438,0,0,0,0,1,7373,0,340,0,340
532259,Playing,147456,417,0,0,0,0,1,7376,175,340,175,340
532508,Playing,176128,499,0,0,0,0,1,7380,0,340,0,340
532759,Playing,196608,557,0,0,0,0,1,7384,0,340,0,340
533009,Playing,161792,458,0,0,0,0,1,7386,0,340,0,340
533258,Playing,126976,359,0,0,0,0,1,7391,175,340,175,340
533507,Playing,155648,441,0,0,0,0,1,7395,0,340,0,340
533756,Playing,148480,420,0,0,0,0,1,7398,0,340,0,340
534010,Playing,113664,322,0,0,0,0,1,7400,0,340,0,340
534257,Playing,134144,380,0,0,0,0,1,7404,0,340,0,340
534506,Playing,126976,359,0,0,0,0,1,7407,0,340,0,340
534755,Playing,183296,519,0,0,0,0,1,7412,0,340,0,340
535003,Playing,93184,264,0,0,0,0,1,7412,0,340,0,340
535252,Playing,141312,400,0,0,0,0,1,7417,0,340,0,340
535500,Playing,169984,481,0,0,0,0,1,7421,0,340,0,340
535750,Playing,162816,461,0,0,0,0,1,7424,0,340,0,340
536059,Playing,139264,394,0,0,0,0,1,7430,0,340,0,340
536311,Playing,104448,296,0,0,0,0,1,7432,0,340,0,340
536500,Playing,121856,345,0,0,0,0,1,7435,1,340,1,340
536812,Playing,90112,255,0,0,0,0,1,7438,96,340,96,340
537061,Playing,63488,179,0,0,0,0,1,7440,0,340,0,340
537309,Playing,83968,238,0,0,0,0,1,7444,96,340,96,340
537559,Playing,76800,217,0,0,0,0,1,7447,95,340,95,340
537810,Playing,124928,354,0,0,0,0,1,7452,0,340,0,340
538003,Playing,87040,246,0,0,0,0,1,7453,174,340,174,340
538261,Playing,107520,304,0,0,0,0,1,7457,0,340,0,340
538514,Playing,100352,284,0,0,0,0,1,7460,0,340,0,340
538762,Playing,93184,264,0,0,0,0,1,7466,0,340,0,340
539013,Playing,94208,267,0,0,0,0,1,7469,91,340,91,340
539261,Playing,59392,168,0,0,0,0,1,7471,0,340,0,340
539510,Playing,79872,226,0,0,0,0,1,7475,95,340,95,340
539760,Playing,100352,284,0,0,0,0,1,7479,0,340,0,340
540009,Playing,101376,287,0,0,0,0,1,7482,94,340,94,340
540259,Playing,94208,267,0,0,0,0,1,7485,0,340,0,340
540510,Playing,87040,246,0,0,0,0,1,7488,0,340,0,340
540757,Playing,52224,148,0,0,0,0,1,7490,0,340,0,340
541008,Playing,80896,229,0,0,0,0,1,7494,0,340,0,340
541258,Playing,46080,130,0,0,0,0,1,7496,0,340,0,340
541507,Playing,66560,188,0,0,0,0,1,7503,0,340,0,340
541756,Playing,12288,34,0,0,0,0,1,7504,96,340,97,340
542005,Playing,32768,92,0,0,0,0,1,7508,92,340,92,340
542254,Playing,25600,72,0,0,0,0,1,7511,96,340,96,340
542504,Buffering,82944,235,1,0,0,0,1,7516,0,340,0,340
542754,Buffering,138240,391,1,0,0,0,1,7518,175,340,175,340
543002,Buffering,221184,626,1,0,0,0,1,7521,0,340,0,340
543253,Buffering,304128,862,1,0,0,0,1,7524,0,340,0,340
543504,Buffering,340992,966,1,1,0,0,1,7528,175,340,175,340
543754,Buffering,361472,1024,1,1,0,0,1,7532,0,340,0,340
544002,Buffering,307200,870,1,1,0,0,1,7533,99,340,99,340
544311,Buffering,321536,911,1,1,0,0,1,7540,0,340,14,340
544558,Buffering,304128,862,1,1,0,0,1,7543,0,340,0,340
544809,Buffering,296960,841,1,1,0,0,1,7546,0,340,0,340
545057,Buffering,317440,899,1,1,0,0,1,7550,0,340,0,340
545307,Buffering,337920,957,1,1,0,0,1,7554,0,340,0,340
545555,Buffering,283648,803,1,1,0,0,1,7555,94,340,94,340
545801,Buffering,304128,862,1,1,0,0,1,7559,0,340,0,340
546054,Buffering,324608,920,1,1,0,0,1,7563,0,340,0,340
546302,Buffering,325632,922,1,1,0,0,1,7566,1,340,1,340
546553,Buffering,318464,902,1,1,0,0,1,7569,94,340,94,340
546806,Buffering,311296,882,1,1,0,0,1,7572,0,340,0,340
547053,Buffering,304128,862,1,1,0,0,1,7575,174,340,174,340
547301,Buffering,305152,864,1,1,0,0,1,7581,176,340,176,340
547550,Buffering,270336,766,1,1,0,0,1,7583,0,340,0,340
547799,Buffering,235520,667,1,1,0,0,1,7585,0,340,0,340
548048,Buffering,291840,827,1,1,0,0,1,7590,2,340,2,340
548300,Buffering,312320,885,1,1,0,0,1,7594,0,340,0,340
548545,Buffering,249856,708,1,1,0,0,1,7595,95,340,95,340
548792,Buffering,242688,687,1,1,0,0,1,7598,173,340,173,340
549043,Buffering,271360,769,1,1,0,0,1,7602,174,340,174,340
549292,Buffering,291840,827,1,1,0,0,1,7606,172,340,172,340
549542,Buffering,312320,885,1,1,0,0,1,7610,0,340,0,340
549792,Buffering,249856,708,1,1,0,0,1,7611,94,340,94,340
550040,Buffering,241664,684,1,1,0,0,1,7617,97,340,97,340
550289,Buffering,234496,664,1,1,0,0,1,7620,171,340,171,340
550537,Buffering,254976,722,1,1,0,0,1,7624,0,340,0,340
550787,Buffering,220160,624,1,1,0,0,1,7626,0,340,0,340
551035,Buffering,248832,705,1,1,0,0,1,7630,0,340,0,340
551287,Buffering,241664,684,1,1,0,0,1,7633,177,340,177,340
551535,Buffering,262144,743,1,1,0,0,1,7637,174,340,174,340
551784,Buffering,227328,644,1,1,0,0,1,7639,0,340,0,340
552032,Buffering,228352,647,1,1,0,0,1,7642,171,340,171,340
552284,Buffering,276480,783,1,1,0,0,1,7647,0,340,0,340
552534,Buffering,269312,763,1,1,0,0,1,7650,0,340,0,340
552785,Buffering,216064,612,1,1,0,0,1,7654,0,340,14,340
553032,Buffering,226304,641,1,1,0,0,1,7658,0,340,0,340
553282,Buffering,219136,621,1,1,0,0,1,7661,0,340,0,340
553532,Buffering,239616,679,1,1,0,0,1,7665,1,340,1,340
553782,Buffering,177152,502,1,1,0,0,1,7666,93,340,93,340
554029,Buffering,205824,583,1,1,0,0,1,7670,0,340,0,340
554278,Buffering,226304,641,1,1,0,0,1,7674,0,340,0,340
554530,Buffering,246784,699,1,1,0,0,1,7678,0,340,0,340
554781,Buffering,239616,679,1,1,0,0,1,7681,0,340,0,340
555029,Buffering,212992,603,1,1,0,0,1,7683,0,340,0,340
555278,Buffering,205824,583,1,1,0,0,1,7686,0,340,0,340
555530,Buffering,207872,589,1,1,0,0,1,7692,0,340,10,340
555777,Buffering,154624,438,1,1,0,0,1,7694,17,340,17,340
556026,Buffering,155648,441,1,1,0,0,1,7697,94,340,94,340
556274,Buffering,176128,499,1,1,0,0,1,7701,0,340,0,340
556524,Buffering,196608,557,1,1,0,0,1,7705,0,340,0,340
556772,Buffering,142336,403,1,1,0,0,1,7706,95,340,95,340
557022,Buffering,162816,461,1,1,0,0,1,7710,14,340,14,340
557271,Buffering,183296,519,1,1,0,0,1,7714,0,340,0,340
557522,Buffering,176128,499,1,1,0,0,1,7717,16,340,16,340
557770,Buffering,149504,423,1,1,0,0,1,7719,0,340,0,340
558020,Buffering,169984,481,1,1,0,0,1,7723,0,340,0,340
558269,Buffering,162816,461,1,1,0,0,1,7726,98,340,98,340
558518,Buffering,155648,441,1,1,0,0,1,7732,0,340,0,340
558769,Buffering,184320,522,1,1,0,0,1,7736,0,340,0,340
559017,Buffering,177152,502,1,1,0,0,1,7739,0,340,0,340
559263,Buffering,142336,403,1,1,0,0,1,7741,0,340,0,340
559513,Buffering,171008,484,1,1,0,0,1,7745,0,340,0,340
559765,Buffering,163840,464,1,1,0,0,1,7748,93,340,93,340
560014,Buffering,129024,365,1,1,0,0,1,7750,0,340,0,340
560262,Buffering,149504,423,1,1,0,0,1,7754,2,340,2,340
560508,Buffering,122880,348,1,1,0,0,1,7756,0,340,0,340
560758,Buffering,115712,327,1,1,0,0,1,7759,2,340,2,340
561007,Buffering,136192,386,1,1,0,0,1,7763,0,340,0,340
561259,Buffering,101376,287,1,1,0,0,1,7768,0,340,14,340
561508,Buffering,130048,368,1,1,0,0,1,7772,0,340,0,340
561754,Buffering,122880,348,1,1,0,0,1,7775,92,340,92,340
562006,Buffering,143360,406,1,1,0,0,1,7779,97,340,97,340
562256,Buffering,108544,307,1,1,0,0,1,7781,0,340,0,340
562506,Buffering,109568,310,1,1,0,0,1,7784,94,340,94,340
562756,Buffering,130048,368,1,1,0,0,1,7788,95,340,95,340
563004,Buffering,95232,269,1,1,0,0,1,7790,1,340,1,340
563254,Buffering,115712,327,1,1,0,0,1,7794,0,340,0,340
563504,Buffering,116736,330,1,1,0,0,1,7797,0,340,0,340
563753,Buffering,137216,388,1,1,0,0,1,7801,16,340,16,340
564003,Buffering,102400,290,1,1,0,0,1,7806,0,340,16,340
564252,Buffering,131072,371,1,1,0,0,1,7810,92,340,92,340
564504,Buffering,96256,272,1,1,0,0,1,7812,1,340,1,340
564752,Buffering,89088,252,1,1,0,0,1,7815,0,340,0,340
565000,Buffering,109568,310,1,1,0,0,1,7819,0,340,0,340
565310,Buffering,30720,87,1,1,0,0,1,7820,173,340,173,340
565559,Buffering,51200,145,1,1,0,0,1,7824,94,340,94,340
565810,Buffering,99328,281,1,1,0,0,1,7829,13,340,13,340
566059,Buffering,100352,284,1,1,0,0,1,7832,0,340,0,340
566307,Buffering,120832,342,1,1,0,0,1,7836,15,340,15,340
566556,Buffering,113664,322,1,1,0,0,1,7839,0,340,0,340
566806,Buffering,69632,197,1,1,0,0,1,7843,0,340,12,340
567057,Buffering,79872,226,1,1,0,0,1,7847,0,340,0,340
567307,Buffering,100352,284,1,1,0,0,1,7851,0,340,0,340
567556,Buffering,93184,264,1,1,0,0,1,7854,0,340,0,340
567805,Buffering,58368,165,1,1,0,0,1,7856,0,340,0,340
568055,Buffering,59392,168,1,1,0,0,1,7859,94,340,95,340
568304,Buffering,79872,226,1,1,0,0,1,7863,0,340,0,340
568553,Buffering,72704,206,1,1,0,0,1,7866,94,340,95,340
568800,Buffering,46080,130,1,1,0,0,1,7868,0,340,0,340
569049,Buffering,66560,188,1,1,0,0,1,7872,95,340,95,340
569299,Buffering,87040,246,1,1,0,0,1,7876,0,340,0,340
569548,Buffering,70656,200,1,1,0,0,1,7881,0,340,15,340
569800,Buffering,25600,72,1,1,0,0,1,7883,0,340,0,340
570048,Buffering,82944,235,1,1,0,0,1,7887,0,340,0,340
570295,Playing,83968,238,1,2,0,0,1,7890,0,340,0,340
570543,Playing,112640,319,1,2,0,0,1,7894,95,340,95,340
570792,Playing,50176,142,1,2,0,0,1,7895,176,340,176,340
571044,Playing,70656,200,1,2,0,0,1,7899,0,340,0,340
571290,Playing,91136,258,1,2,0,0,1,7903,0,340,0,340
571542,Playing,119808,339,1,2,0,0,1,7907,0,340,0,340
571791,Playing,112640,319,1,2,0,0,1,7910,0,340,0,340
572042,Playing,77824,220,1,2,0,0,1,7912,0,340,0,340
572291,Playing,98304,278,1,2,0,0,1,7916,0,340,0,340
572539,Playing,71680,203,1,2,0,0,1,7921,95,340,95,340
572789,Playing,36864,104,1,2,0,0,1,7923,0,340,0,340
573040,Playing,29696,84,1,2,0,0,1,7926,170,340,170,340
573288,Playing,50176,142,1,2,0,0,1,7930,0,340,0,340
573539,Playing,78848,223,1,2,0,0,1,7934,0,340,0,340
573787,Playing,71680,203,1,2,0,0,1,7937,95,340,95,340
574037,Playing,64512,182,1,2,0,0,1,7940,0,340,0,340
574288,Playing,57344,162,1,2,0,0,1,7943,0,340,0,340
574537,Playing,58368,165,1,2,0,0,1,7946,91,340,91,340
574784,Playing,51200,145,1,2,0,0,1,7949,0,340,0,340
575034,Buffering,82944,235,2,2,0,0,1,7952,0,340,0,340
575285,Buffering,147456,417,2,2,0,0,1,7957,0,340,13,340
575534,Buffering,211968,600,2,2,0,0,1,7960,0,340,0,340
575785,Buffering,294912,835,2,2,0,0,1,7963,96,340,96,340
576034,Buffering,364544,1033,2,3,0,0,1,7967,0,340,0,340
576283,Buffering,385024,1091,2,3,0,0,1,7971,0,340,0,340
576534,Buffering,386048,1094,2,3,0,0,1,7974,0,340,0,340
576783,Buffering,351232,995,2,3,0,0,1,7976,0,340,0,340
577034,Buffering,371712,1053,2,3,0,0,1,7980,0,340,0,340
577283,Buffering,364544,1033,2,3,0,0,1,7983,96,340,96,340
577532,Buffering,393216,1114,2,3,0,0,1,7987,0,340,0,340
577782,Buffering,330752,937,2,3,0,0,1,7988,178,340,178,340
578031,Buffering,351232,995,2,3,0,0,1,7992,95,340,95,340
578279,Buffering,334848,949,2,3,0,0,1,7998,0,340,0,340
578529,Buffering,363520,1030,2,3,0,0,1,8002,0,340,0,340
578778,Buffering,301056,853,2,3,0,0,1,8003,174,340,174,340
579027,Buffering,321536,911,2,3,0,0,1,8007,0,340,0,340
579278,Buffering,314368,891,2,3,0,0,1,8010,95,340,95,340
579526,Buffering,315392,893,2,3,0,0,1,8013,95,340,95,340
579777,Buffering,308224,873,2,3,0,0,1,8016,0,340,0,340
580026,Buffering,301056,853,2,3,0,0,1,8019,94,340,94,340
580273,Buffering,329728,934,2,3,0,0,1,8023,97,340,97,340
580521,Buffering,350208,992,2,3,0,0,1,8027,0,340,0,340
580770,Buffering,287744,815,2,3,0,0,1,8028,177,340,177,340
581021,Buffering,271360,769,2,3,0,0,1,8034,0,340,0,340
581273,Buffering,300032,850,2,3,0,0,1,8038,0,340,0,340
581523,Buffering,292864,830,2,3,0,0,1,8041,2,340,2,340
581771,Buffering,313344,888,2,3,0,0,1,8045,92,340,92,340
582018,Buffering,250880,711,2,3,0,0,1,8046,177,340,178,340
582268,Buffering,279552,792,2,3,0,0,1,8050,94,340,94,340
582518,Buffering,300032,850,2,3,0,0,1,8054,3,340,3,340
582766,Buffering,320512,908,2,3,0,0,1,8058,15,340,15,340
583016,Buffering,313344,888,2,3,0,0,1,8061,12,340,12,340
583264,Buffering,314368,891,2,3,0,0,1,8064,0,340,0,340
583517,Buffering,279552,792,2,3,0,0,1,8066,176,340,176,340
583765,Buffering,272384,772,2,3,0,0,1,8072,3,340,3,340
584016,Buffering,292864,830,2,3,0,0,1,8076,0,340,0,340
584263,Buffering,238592,676,2,3,0,0,1,8077,174,340,174,340
584514,Buffering,259072,734,2,3,0,0,1,8081,175,340,176,340
584763,Buffering,279552,792,2,3,0,0,1,8085,0,340,0,340
585012,Buffering,272384,772,2,3,0,0,1,8088,96,340,96,340
585260,Buffering,273408,774,2,3,0,0,1,8091,0,340,0,340
585511,Buffering,266240,754,2,3,0,0,1,8094,0,340,0,340
585760,Buffering,259072,734,2,3,0,0,1,8097,0,340,0,340
586009,Buffering,287744,815,2,3,0,0,1,8101,93,340,94,340
586259,Buffering,252928,716,2,3,0,0,1,8103,0,340,0,340
586506,Buffering,245760,696,2,3,0,0,1,8109,0,340,15,340
586754,Buffering,266240,754,2,3,0,0,1,8113,0,340,0,340
587006,Buffering,267264,757,2,3,0,0,1,8116,0,340,0,340
587252,Buffering,232448,658,2,3,0,0,1,8118,0,340,0,340
587502,Buffering,252928,716,2,3,0,0,1,8122,0,340,0,340
587753,Buffering,245760,696,2,3,0,0,1,8125,0,340,0,340
588002,Buffering,246784,699,2,3,0,0,1,8128,95,340,95,340
588253,Buffering,211968,600,2,3,0,0,1,8130,0,340,0,340
588503,Buffering,232448,658,2,3,0,0,1,8134,172,340,172,340
588753,Buffering,252928,716,2,3,0,0,1,8138,0,340,0,340
589004,Buffering,281600,798,2,3,0,0,1,8142,0,340,0,340
589250,Buffering,219136,621,2,3,0,0,1,8143,174,340,174,340
589502,Buffering,211968,600,2,3,0,0,1,8149,0,340,0,340
589752,Buffering,204800,580,2,3,0,0,1,8152,172,340,172,340
590000,Buffering,233472,661,2,3,0,0,1,8156,0,340,0,340
590310,Buffering,229376,650,2,3,0,0,1,8160,0,340,0,340
590559,Buffering,230400,653,2,3,0,0,1,8163,0,340,0,340
590808,Buffering,195584,554,2,3,0,0,1,8165,0,340,0,340
591057,Buffering,216064,612,2,3,0,0,1,8169,0,340,0,340
591307,Buffering,208896,592,2,3,0,0,1,8172,0,340,0,340
591556,Buffering,237568,673,2,3,0,0,1,8176,0,340,0,340
591805,Buffering,202752,574,2,3,0,0,1,8178,15,340,15,340
592055,Buffering,195584,554,2,3,0,0,1,8181,17,340,17,340
592303,Buffering,160768,455,2,3,0,0,1,8186,94,340,94,340
592551,Buffering,217088,615,2,3,0,0,1,8191,12,340,12,340
592799,Buffering,209920,595,2,3,0,0,1,8194,0,340,0,340
593048,Buffering,175104,496,2,3,0,0,1,8196,0,340,0,340
593297,Buffering,176128,499,2,3,0,0,1,8199,0,340,0,340
593546,Buffering,196608,557,2,3,0,0,1,8203,0,340,0,340
593797,Buffering,189440,536,2,3,0,0,1,8206,94,340,94,340
594048,Buffering,182272,516,2,3,0,0,1,8209,0,340,0,340
594297,Buffering,183296,519,2,3,0,0,1,8212,96,340,96,340
594544,Buffering,176128,499,2,3,0,0,1,8215,96,340,96,340
594793,Buffering,149504,423,2,3,0,0,1,8217,0,340,0,340
595042,Buffering,169984,481,2,3,0,0,1,8224,93,340,93,340
595291,Buffering,162816,461,2,3,0,0,1,8227,0,340,0,340
595541,Buffering,183296,519,2,3,0,0,1,8231,0,340,0,340
595791,Buffering,184320,522,2,3,0,0,1,8234,0,340,0,340
596038,Buffering,149504,423,2,3,0,0,1,8236,0,340,0,340
596290,Buffering,142336,403,2,3,0,0,1,8239,94,340,94,340
596539,Buffering,162816,461,2,3,0,0,1,8243,0,340,0,340
596788,Buffering,163840,464,2,3,0,0,1,8246,95,340,95,340
597041,Buffering,129024,365,2,3,0,0,1,8248,0,340,0,340
597291,Buffering,149504,423,2,3,0,0,1,8252,95,340,95,340
597544,Buffering,169984,481,2,3,0,0,1,8256,0,340,0,340
597794,Buffering,135168,383,2,3,0,0,1,8261,96,340,96,340
598046,Buffering,155648,441,2,3,0,0,1,8265,0,340,0,340
598296,Buffering,129024,365,2,3,0,0,1,8267,0,340,0,340
598546,Buffering,121856,345,2,3,0,0,1,8270,0,340,0,340
598793,Buffering,142336,403,2,3,0,0,1,8274,92,340,92,340
599041,Buffering,171008,484,2,3,0,0,1,8278,0,340,0,340
599294,Buffering,108544,307,2,3,0,0,1,8279,173,340,173,340
599546,Buffering,129024,365,2,3,0,0,1,8283,0,340,0,340
599793,Buffering,149504,423,2,3,0,0,1,8287,12,340,12,340
600044,Buffering,87040,246,2,3,0,0,1,8288,174,340,174,340
