t_ms,state,buffered_bytes,buffered_ms,underruns,resumes,play_failures,stream_rebuilds,sessions,chunk_reads,last_chunk_ms,max_chunk_ms,last_push_gap_ms,max_push_gap_ms
50,Off,0,0,0,0,0,0,1,0,0,0,0,0
252,Off,0,0,0,0,0,0,1,0,0,0,0,0
506,Off,0,0,0,0,0,0,1,5,0,118,0,0
759,Off,921600,2612,0,0,0,0,1,13,0,118,0,120
1012,Off,921600,2612,0,0,0,0,1,13,0,118,0,120
1264,Off,921600,2612,0,0,0,0,1,13,0,118,0,120
1518,Off,1133568,3213,0,0,0,0,1,15,0,680,0,681
1772,Off,1133568,3213,0,0,0,0,1,15,0,680,0,681
2025,Off,1133568,3213,0,0,0,0,1,15,0,680,0,681
2278,Off,1299456,3683,0,0,0,0,1,17,0,761,0,761
2530,Off,1299456,3683,0,0,0,0,1,17,0,761,0,761
2782,Off,1299456,3683,0,0,0,0,1,17,0,761,0,761
3001,Playing,1463296,4147,0,0,0,0,1,19,0,761,0,761
3312,Playing,1348608,3822,0,0,0,0,1,19,0,761,0,761
3562,Playing,1266688,3590,0,0,0,0,1,19,0,761,0,761
3751,Playing,1395712,3956,0,0,0,0,1,21,0,865,0,866
4060,Playing,1289216,3654,0,0,0,0,1,21,0,865,0,866
4310,Playing,1199104,3398,0,0,0,0,1,21,0,865,0,866
4558,Playing,1319936,3741,0,0,0,0,1,23,0,865,0,866
4807,Playing,1229824,3485,0,0,0,0,1,23,0,865,0,866
5057,Playing,1139712,3230,0,0,0,0,1,23,0,865,0,866
5309,Playing,1261568,3575,0,0,0,0,1,25,0,865,0,866
5559,Playing,1179648,3343,0,0,0,0,1,25,0,865,0,866
5806,Playing,1273856,3610,0,0,0,0,1,27,0,865,0,866
6055,Playing,1183744,3355,0,0,0,0,1,27,0,865,0,866
6308,Playing,1093632,3099,0,0,0,0,1,27,0,865,0,866
6555,Playing,1011712,2867,0,0,0,0,1,27,0,865,0,866
6802,Playing,1152000,3265,0,0,0,0,1,29,0,877,0,877
7052,Playing,1061888,3009,0,0,0,0,1,29,0,877,0,877
7302,Playing,979968,2777,0,0,0,0,1,29,0,877,0,877
7552,Playing,1074176,3044,0,0,0,0,1,31,0,877,0,877
7799,Playing,984064,2789,0,0,0,0,1,31,0,877,0,877
8049,Playing,1115136,3160,0,0,0,0,1,33,0,877,0,877
8300,Playing,1033216,2928,0,0,0,0,1,33,0,877,0,877
8547,Playing,943104,2673,0,0,0,0,1,33,0,877,0,877
8797,Playing,852992,2417,0,0,0,0,1,33,0,877,0,877
9045,Playing,964608,2734,0,0,0,0,1,35,0,969,0,969
9296,Playing,874496,2478,0,0,0,0,1,35,0,969,0,969
9545,Playing,1005568,2850,0,0,0,0,1,37,0,969,0,969
9795,Playing,915456,2594,0,0,0,0,1,37,0,969,0,969
10045,Playing,825344,2339,0,0,0,0,1,37,0,969,0,969
10294,Playing,872448,2472,0,0,0,0,1,39,0,969,0,969
10542,Playing,782336,2217,0,0,0,0,1,39,0,969,0,969
10793,Playing,692224,1962,0,0,0,0,1,39,0,969,0,969
11042,Playing,822272,2330,0,0,0,0,1,41,0,969,0,969
11293,Playing,732160,2075,0,0,0,0,1,41,0,969,0,969
11542,Playing,642048,1819,0,0,0,0,1,41,0,969,0,969
11792,Playing,708608,2008,0,0,0,0,1,43,0,969,0,969
12040,Playing,626688,1776,0,0,0,0,1,43,0,969,0,969
12289,Playing,748544,2121,0,0,0,0,1,45,0,969,0,969
12539,Playing,658432,1866,0,0,0,0,1,45,0,969,0,969
12788,Playing,568320,1610,0,0,0,0,1,45,0,969,0,969
13038,Playing,670720,1901,0,0,0,0,1,47,0,969,0,969
13286,Playing,580608,1645,0,0,0,0,1,47,0,969,0,969
13533,Playing,490496,1390,0,0,0,0,1,47,0,969,0,969
13784,Playing,612352,1735,0,0,0,0,1,49,0,969,0,969
14032,Playing,530432,1503,0,0,0,0,1,49,0,969,0,969
14284,Playing,440320,1248,0,0,0,0,1,49,0,969,0,969
14533,Playing,562176,1593,0,0,0,0,1,51,0,969,0,969
14780,Playing,480256,1361,0,0,0,0,1,51,0,969,0,969
15029,Playing,583680,1654,0,0,0,0,1,53,0,969,0,969
15278,Playing,493568,1399,0,0,0,0,1,53,0,969,0,969
15529,Playing,403456,1143,0,0,0,0,1,53,0,969,0,969
15779,Playing,525312,1488,0,0,0,0,1,55,0,969,0,969
16031,Playing,443392,1256,0,0,0,0,1,55,0,969,0,969
16279,Playing,353280,1001,0,0,0,0,1,55,0,969,0,969
16530,Playing,447488,1268,0,0,0,0,1,57,0,969,0,969
16779,Playing,357376,1012,0,0,0,0,1,57,0,969,0,969
17030,Playing,275456,780,0,0,0,0,1,57,0,969,0,969
17277,Playing,397312,1126,0,0,0,0,1,59,0,969,0,969
17527,Playing,307200,870,0,0,0,0,1,59,0,969,0,969
17777,Playing,217088,615,0,0,0,0,1,59,0,969,0,969
18028,Playing,319488,905,0,0,0,0,1,61,0,969,0,969
18281,Playing,229376,650,0,0,0,0,1,61,0,969,0,969
18531,Playing,360448,1021,0,0,0,0,1,63,0,969,0,969
18779,Playing,270336,766,0,0,0,0,1,63,0,969,0,969
19030,Playing,180224,510,0,0,0,0,1,63,0,969,0,969
19280,Playing,98304,278,0,0,0,0,1,63,0,969,0,969
19526,Playing,201728,571,0,0,0,0,1,65,0,969,0,969
19773,Playing,119808,339,0,0,0,0,1,65,0,969,0,969
20025,Playing,250880,711,0,0,0,0,1,67,0,969,0,969
20273,Playing,160768,455,0,0,0,0,1,67,0,969,0,969
20524,Playing,70656,200,0,0,0,0,1,67,0,969,0,969
20773,Playing,0,0,0,0,0,0,1,67,0,969,0,969
21021,Buffering,193536,548,1,0,0,0,1,69,0,969,0,969
21271,Buffering,193536,548,1,0,0,0,1,69,0,969,0,969
21521,Buffering,193536,548,1,0,0,0,1,69,0,969,0,969
21770,Buffering,331776,940,1,1,0,0,1,71,0,969,0,969
22019,Buffering,241664,684,1,1,0,0,1,71,0,969,0,969
22269,Buffering,299008,847,1,1,0,0,1,73,0,969,0,969
22521,Buffering,208896,592,1,1,0,0,1,73,0,969,0,969
22770,Buffering,126976,359,1,1,0,0,1,73,0,969,0,969
23018,Buffering,248832,705,1,1,0,0,1,75,0,969,0,969
23268,Buffering,158720,449,1,1,0,0,1,75,0,969,0,969
23518,Buffering,68608,194,1,1,0,0,1,75,0,969,0,969
23767,Buffering,180224,510,1,1,0,0,1,77,0,969,0,969
24018,Buffering,90112,255,1,1,0,0,1,77,0,969,0,969
24265,Buffering,0,0,1,1,0,0,1,77,0,969,0,969
24516,Buffering,211968,600,1,1,0,0,1,79,0,969,0,969
24765,Buffering,211968,600,1,1,0,0,1,79,0,969,0,969
25014,Buffering,211968,600,1,1,0,0,1,79,0,969,0,969
25263,Buffering,359424,1018,1,2,0,0,1,81,0,969,0,969
25511,Buffering,277504,786,1,2,0,0,1,81,0,969,0,969
25760,Buffering,187392,531,1,2,0,0,1,81,0,969,0,969
26011,Buffering,300032,850,1,2,0,0,1,83,0,969,0,969
26261,Buffering,209920,595,1,2,0,0,1,83,0,969,0,969
26511,Buffering,128000,362,1,2,0,0,1,83,0,969,0,969
26762,Buffering,249856,708,1,2,0,0,1,85,0,969,0,969
27010,Buffering,159744,452,1,2,0,0,1,85,0,969,0,969
27258,Buffering,69632,197,1,2,0,0,1,85,0,969,0,969
27505,Buffering,172032,487,1,2,0,0,1,87,0,969,0,969
27755,Buffering,81920,232,1,2,0,0,1,87,0,969,0,969
28006,Buffering,0,0,1,2,0,0,1,87,0,969,0,969
28254,Playing,130048,368,1,3,0,0,1,89,0,969,0,969
28505,Playing,48128,136,1,3,0,0,1,89,0,969,0,969
28753,Buffering,184320,522,2,3,0,0,1,91,0,969,0,969
29002,Buffering,184320,522,2,3,0,0,1,91,0,969,0,969
29253,Buffering,184320,522,2,3,0,0,1,91,0,969,0,969
29502,Buffering,364544,1033,2,4,0,0,1,93,0,969,0,969
29751,Buffering,274432,777,2,4,0,0,1,93,0,969,0,969
30003,Buffering,184320,522,2,4,0,0,1,93,0,969,0,969
30253,Buffering,223232,632,2,4,0,0,1,95,0,969,0,969
30561,Buffering,116736,330,2,4,0,0,1,95,0,969,0,969
30812,Buffering,26624,75,2,4,0,0,1,95,0,969,0,969
31001,Buffering,182272,516,2,4,0,0,1,97,0,969,0,969
31312,Buffering,75776,214,2,4,0,0,1,97,0,969,0,969
31560,Buffering,156672,444,2,4,0,0,1,99,0,969,0,969
31750,Buffering,156672,444,2,4,0,0,1,99,0,969,0,969
32059,Buffering,156672,444,2,4,0,0,1,99,0,969,0,969
32307,Buffering,335872,952,2,5,0,0,1,101,0,969,0,969
32560,Buffering,245760,696,2,5,0,0,1,101,0,969,0,969
32809,Buffering,155648,441,2,5,0,0,1,101,0,969,0,969
33058,Buffering,65536,185,2,5,0,0,1,101,0,969,0,969
33309,Buffering,186368,528,2,5,0,0,1,103,0,969,0,969
33557,Buffering,96256,272,2,5,0,0,1,103,0,969,0,969
33807,Buffering,6144,17,2,5,0,0,1,103,0,969,0,969
34057,Playing,118784,336,2,6,0,0,1,105,0,969,0,969
34307,Playing,28672,81,2,6,0,0,1,105,0,969,0,969
34558,Buffering,211968,600,3,6,0,0,1,107,0,969,0,969
34808,Buffering,211968,600,3,6,0,0,1,107,0,969,0,969
35056,Buffering,211968,600,3,6,0,0,1,107,0,969,0,969
35305,Buffering,364544,1033,3,7,0,0,1,109,0,969,0,969
35554,Buffering,274432,777,3,7,0,0,1,109,0,969,0,969
35804,Buffering,184320,522,3,7,0,0,1,109,0,969,0,969
36053,Buffering,315392,893,3,7,0,0,1,111,0,969,0,969
36303,Buffering,233472,661,3,7,0,0,1,111,0,969,0,969
36552,Buffering,143360,406,3,7,0,0,1,111,0,969,0,969
36803,Buffering,256000,725,3,7,0,0,1,113,0,969,0,969
37053,Buffering,165888,470,3,7,0,0,1,113,0,969,0,969
37300,Buffering,83968,238,3,7,0,0,1,113,0,969,0,969
37562,Buffering,0,0,3,7,0,0,1,113,0,969,0,969
37755,Buffering,211968,600,3,7,0,0,1,115,0,969,0,969
38005,Buffering,211968,600,3,7,0,0,1,115,0,969,0,969
38252,Buffering,340992,966,3,7,0,0,1,117,0,969,0,969
38503,Buffering,340992,966,3,7,0,0,1,117,0,969,0,969
38754,Buffering,340992,966,3,7,0,0,1,117,0,969,0,969
39003,Buffering,536576,1520,3,8,0,0,1,119,0,969,0,969
39253,Buffering,454656,1288,3,8,0,0,1,119,0,969,0,969
39503,Buffering,364544,1033,3,8,0,0,1,119,0,969,0,969
39752,Buffering,431104,1221,3,8,0,0,1,121,0,969,0,969
40002,Buffering,340992,966,3,8,0,0,1,121,0,969,0,969
40251,Buffering,259072,734,3,8,0,0,1,121,0,969,0,969
40502,Buffering,390144,1105,3,8,0,0,1,123,0,969,0,969
40814,Buffering,275456,780,3,8,0,0,1,123,0,969,0,969
41000,Buffering,209920,595,3,8,0,0,1,123,0,969,0,969
41250,Buffering,312320,885,3,8,0,0,1,125,0,969,0,969
41500,Buffering,222208,629,3,8,0,0,1,125,0,969,0,969
41811,Buffering,328704,931,3,8,0,0,1,127,0,969,0,969
42058,Buffering,246784,699,3,8,0,0,1,127,0,969,0,969
42308,Buffering,156672,444,3,8,0,0,1,127,0,969,0,969
42556,Buffering,278528,789,3,8,0,0,1,129,0,969,0,969
42808,Buffering,196608,557,3,8,0,0,1,129,0,969,0,969
43059,Buffering,106496,301,3,8,0,0,1,129,0,969,0,969
43306,Buffering,209920,595,3,8,0,0,1,131,0,969,0,969
43554,Buffering,119808,339,3,8,0,0,1,131,0,969,0,969
43803,Buffering,37888,107,3,8,0,0,1,131,0,969,0,969
44053,Buffering,178176,505,3,8,0,0,1,133,0,969,0,969
44301,Buffering,88064,249,3,8,0,0,1,133,0,969,0,969
44549,Buffering,6144,17,3,8,0,0,1,133,0,969,0,969
44797,Reconnecting,0,0,3,9,0,0,1,134,813,969,813,969
45047,Reconnecting,0,0,3,9,0,0,1,134,813,969,813,969
45299,Reconnecting,0,0,3,9,0,0,1,134,813,969,813,969
45549,Reconnecting,0,0,3,9,0,0,1,134,813,969,813,969
45797,Reconnecting,0,0,3,9,0,0,1,134,813,969,813,969
46046,Reconnecting,0,0,3,9,0,0,1,134,813,969,813,969
46295,Reconnecting,0,0,3,9,0,0,1,134,813,969,813,969
46544,Reconnecting,0,0,3,9,0,0,1,134,813,969,813,969
46796,Reconnecting,0,0,3,9,0,0,1,134,813,969,813,969
47046,Reconnecting,0,0,3,9,0,0,1,134,813,969,813,969
47296,Reconnecting,0,0,3,9,0,0,1,134,813,969,813,969
47546,Reconnecting,0,0,3,9,0,0,1,134,813,969,813,969
47796,Reconnecting,0,0,3,9,0,0,1,134,813,969,813,969
48044,Reconnecting,0,0,3,9,0,0,1,134,813,969,813,969
48292,Reconnecting,0,0,3,9,0,0,1,134,813,969,813,969
48540,Reconnecting,0,0,3,9,0,0,1,134,813,969,813,969
48793,Reconnecting,0,0,3,9,0,0,1,134,813,969,813,969
49042,Reconnecting,0,0,3,9,0,0,1,134,813,969,813,969
49288,Reconnecting,0,0,3,9,0,0,1,134,813,969,813,969
49537,Reconnecting,0,0,3,9,0,0,1,134,813,969,813,969
49788,Reconnecting,0,0,3,9,0,0,2,134,813,969,813,969
50035,Reconnecting,0,0,3,9,0,0,2,136,0,969,813,969
50284,Reconnecting,0,0,3,9,0,0,2,138,0,969,813,969
50535,Reconnecting,0,0,3,9,0,0,2,140,0,969,813,969
50785,Reconnecting,0,0,3,9,0,0,2,140,0,969,813,969
51034,Reconnecting,0,0,3,9,0,0,2,140,0,969,813,969
51282,Reconnecting,0,0,3,9,0,0,2,140,0,969,813,969
51532,Reconnecting,0,0,3,9,0,0,2,140,0,969,813,969
51781,Reconnecting,0,0,3,9,0,0,2,140,0,969,813,969
52029,Reconnecting,0,0,3,9,0,0,2,140,0,969,813,969
52278,Reconnecting,0,0,3,9,0,0,2,140,0,969,813,969
52527,Reconnecting,0,0,3,9,0,0,2,140,0,969,813,969
52781,Reconnecting,0,0,3,9,0,0,2,140,0,969,813,969
53031,Reconnecting,0,0,3,9,0,0,2,140,0,969,813,969
53280,Reconnecting,0,0,3,9,0,0,2,140,0,969,813,969
53532,Reconnecting,0,0,3,9,0,0,2,140,0,969,813,969
53783,Reconnecting,0,0,3,9,0,0,2,140,0,969,813,969
54035,Reconnecting,0,0,3,9,0,0,2,140,0,969,813,969
54283,Reconnecting,0,0,3,9,0,0,2,140,0,969,813,969
54534,Reconnecting,0,0,3,9,0,0,2,140,0,969,813,969
54782,Reconnecting,0,0,3,9,0,0,2,140,0,969,813,969
55033,Reconnecting,0,0,3,9,0,0,2,140,0,969,813,969
55280,Reconnecting,0,0,3,9,0,0,2,140,0,969,813,969
55531,Reconnecting,0,0,3,9,0,0,3,140,0,969,813,969
55782,Reconnecting,368640,1044,3,9,0,0,3,147,0,969,0,969
56029,Reconnecting,949248,2690,3,9,0,0,3,151,0,969,0,969
56276,Reconnecting,949248,2690,3,9,0,0,3,151,0,969,0,969
56525,Reconnecting,949248,2690,3,9,0,0,3,151,0,969,0,969
56774,Reconnecting,1161216,3291,3,9,0,0,3,153,0,969,0,969
57023,Reconnecting,1161216,3291,3,9,0,0,3,153,0,969,0,969
57272,Reconnecting,1161216,3291,3,9,0,0,3,153,0,969,0,969
57522,Reconnecting,1290240,3657,3,9,0,0,3,155,0,969,0,969
57771,Reconnecting,1290240,3657,3,9,0,0,3,155,0,969,0,969
58023,Reconnecting,1290240,3657,3,9,0,0,3,155,0,969,0,969
58271,Playing,1497088,4243,3,9,0,0,3,157,0,969,0,969
58521,Playing,1406976,3988,3,9,0,0,3,157,0,969,0,969
58772,Playing,1325056,3755,3,9,0,0,3,157,0,969,0,969
59021,Playing,1437696,4075,3,9,0,0,3,159,0,969,0,969
59268,Playing,1347584,3819,3,9,0,0,3,159,0,969,0,969
59517,Playing,1468416,4162,3,9,0,0,3,161,0,969,0,969
59763,Playing,1378304,3906,3,9,0,0,3,161,0,969,0,969
60017,Playing,1288192,3651,3,9,0,0,3,161,0,969,0,969
60267,Playing,1198080,3395,3,9,0,0,3,161,0,969,0,969
60516,Playing,1328128,3764,3,9,0,0,3,163,0,969,0,969
60763,Playing,1238016,3509,3,9,0,0,3,163,0,969,0,969
61010,Playing,1332224,3776,3,9,0,0,3,165,0,969,0,969
61259,Playing,1250304,3543,3,9,0,0,3,165,0,969,0,969
61506,Playing,1160192,3288,3,9,0,0,3,165,0,969,0,969
61757,Playing,1070080,3033,3,9,0,0,3,165,0,969,0,969
62006,Playing,1210368,3430,3,9,0,0,3,167,0,969,0,969
62255,Playing,1128448,3198,3,9,0,0,3,167,0,969,0,969
62503,Playing,1038336,2943,3,9,0,0,3,167,0,969,0,969
62752,Playing,1132544,3210,3,9,0,0,3,169,0,969,0,969
63004,Playing,1042432,2954,3,9,0,0,3,169,0,969,0,969
63254,Playing,960512,2722,3,9,0,0,3,169,0,969,0,969
63503,Playing,1091584,3094,3,9,0,0,3,171,0,969,0,969
63751,Playing,1001472,2838,3,9,0,0,3,171,0,969,0,969
64001,Playing,1104896,3131,3,9,0,0,3,173,0,969,0,969
64250,Playing,1022976,2899,3,9,0,0,3,173,0,969,0,969
64562,Playing,908288,2574,3,9,0,0,3,173,0,969,0,969
64811,Playing,1047552,2969,3,9,0,0,3,175,0,969,0,969
65062,Playing,957440,2713,3,9,0,0,3,175,0,969,0,969
65310,Playing,867328,2458,3,9,0,0,3,175,0,969,0,969
65560,Playing,906240,2568,3,9,0,0,3,177,0,969,0,969
65809,Playing,824320,2336,3,9,0,0,3,177,0,969,0,969
66058,Playing,734208,2081,3,9,0,0,3,177,0,969,0,969
66305,Playing,856064,2426,3,9,0,0,3,179,0,969,0,969
66555,Playing,774144,2194,3,9,0,0,3,179,0,969,0,969
66805,Playing,840704,2382,3,9,0,0,3,181,0,969,0,969
67055,Playing,750592,2127,3,9,0,0,3,181,0,969,0,969
67302,Playing,668672,1895,3,9,0,0,3,181,0,969,0,969
67550,Playing,578560,1639,3,9,0,0,3,181,0,969,0,969
67799,Playing,700416,1985,3,9,0,0,3,183,0,969,0,969
68048,Playing,610304,1729,3,9,0,0,3,183,0,969,0,969
68297,Playing,721920,2046,3,9,0,0,3,185,0,969,0,969
68546,Playing,631808,1790,3,9,0,0,3,185,0,969,0,969
68796,Playing,541696,1535,3,9,0,0,3,185,0,969,0,969
69046,Playing,663552,1880,3,9,0,0,3,187,0,969,0,969
69297,Playing,581632,1648,3,9,0,0,3,187,0,969,0,969
69547,Playing,491520,1393,3,9,0,0,3,187,0,969,0,969
69796,Playing,613376,1738,3,9,0,0,3,189,0,969,0,969
70046,Playing,523264,1483,3,9,0,0,3,189,0,969,0,969
70295,Playing,441344,1250,3,9,0,0,3,189,0,969,0,969
70546,Playing,544768,1544,3,9,0,0,3,191,0,969,0,969
70796,Playing,454656,1288,3,9,0,0,3,191,0,969,0,969
71047,Playing,364544,1033,3,9,0,0,3,191,0,969,0,969
71295,Playing,494592,1401,3,9,0,0,3,193,0,969,0,969
71546,Playing,404480,1146,3,9,0,0,3,193,0,969,0,969
71791,Playing,498688,1413,3,9,0,0,3,195,0,969,0,969
72042,Playing,416768,1181,3,9,0,0,3,195,0,969,0,969
72290,Playing,326656,925,3,9,0,0,3,195,0,969,0,969
72538,Playing,448512,1271,3,9,0,0,3,197,0,969,0,969
72787,Playing,358400,1015,3,9,0,0,3,197,0,969,0,969
73036,Playing,276480,783,3,9,0,0,3,197,0,969,0,969
73286,Playing,370688,1050,3,9,0,0,3,199,0,969,0,969
73536,Playing,280576,795,3,9,0,0,3,199,0,969,0,969
73787,Playing,411648,1166,3,9,0,0,3,201,0,969,0,969
74038,Playing,329728,934,3,9,0,0,3,201,0,969,0,969
74289,Playing,239616,679,3,9,0,0,3,201,0,969,0,969
74538,Playing,149504,423,3,9,0,0,3,201,0,969,0,969
74789,Playing,252928,716,3,9,0,0,3,203,0,969,0,969
75038,Playing,171008,484,3,9,0,0,3,203,0,969,0,969
75288,Playing,302080,856,3,9,0,0,3,205,0,969,0,969
75535,Playing,211968,600,3,9,0,0,3,205,0,969,0,969
75786,Playing,130048,368,3,9,0,0,3,205,0,969,0,969
76034,Playing,224256,635,3,9,0,0,3,207,0,969,0,969
76282,Playing,134144,380,3,9,0,0,3,207,0,969,0,969
76533,Playing,44032,124,3,9,0,0,3,207,0,969,0,969
76785,Buffering,211968,600,4,9,0,0,3,209,0,969,0,969
77032,Buffering,211968,600,4,9,0,0,3,209,0,969,0,969
77280,Buffering,211968,600,4,9,0,0,3,209,0,969,0,969
77530,Buffering,211968,600,4,9,0,0,3,209,0,969,0,969
77780,Buffering,285696,809,4,10,0,0,3,211,0,969,0,969
78029,Buffering,195584,554,4,10,0,0,3,211,0,969,0,969
78279,Buffering,317440,899,4,10,0,0,3,213,0,969,0,969
78530,Buffering,227328,644,4,10,0,0,3,213,0,969,0,969
78783,Buffering,137216,388,4,10,0,0,3,213,0,969,0,969
79031,Buffering,248832,705,4,10,0,0,3,215,0,969,0,969
79281,Buffering,158720,449,4,10,0,0,3,215,0,969,0,969
79529,Buffering,68608,194,4,10,0,0,3,215,0,969,0,969
79776,Buffering,198656,563,4,10,0,0,3,217,0,969,0,969
80028,Buffering,108544,307,4,10,0,0,3,217,0,969,0,969
80277,Buffering,18432,52,4,10,0,0,3,217,0,969,0,969
80524,Buffering,149504,423,4,10,0,0,3,219,0,969,0,969
80770,Buffering,67584,191,4,10,0,0,3,219,0,969,0,969
81019,Buffering,0,0,4,10,0,0,3,219,0,969,0,969
81269,Buffering,202752,574,4,10,0,0,3,221,0,969,0,969
81516,Buffering,202752,574,4,10,0,0,3,221,0,969,0,969
81763,Buffering,202752,574,4,10,0,0,3,221,0,969,0,969
82013,Buffering,406528,1152,4,11,0,0,3,223,0,969,0,969
82263,Buffering,316416,896,4,11,0,0,3,223,0,969,0,969
82512,Buffering,418816,1187,4,11,0,0,3,225,0,969,0,969
82763,Buffering,328704,931,4,11,0,0,3,225,0,969,0,969
83011,Buffering,238592,676,4,11,0,0,3,225,0,969,0,969
83262,Buffering,148480,420,4,11,0,0,3,225,0,969,0,969
83512,Buffering,278528,789,4,11,0,0,3,227,0,969,0,969
83760,Buffering,188416,534,4,11,0,0,3,227,0,969,0,969
84009,Buffering,282624,801,4,11,0,0,3,229,0,969,0,969
84259,Buffering,200704,568,4,11,0,0,3,229,0,969,0,969
84508,Buffering,110592,313,4,11,0,0,3,229,0,969,0,969
84760,Buffering,241664,684,4,11,0,0,3,231,0,969,0,969
85007,Buffering,151552,429,4,11,0,0,3,231,0,969,0,969
85256,Buffering,69632,197,4,11,0,0,3,231,0,969,0,969
85507,Playing,129024,365,4,12,0,0,3,233,0,969,0,969
85759,Playing,38912,110,4,12,0,0,3,233,0,969,0,969
86009,Playing,0,0,4,12,0,0,3,233,0,969,0,969
86258,Buffering,221184,626,5,12,0,0,3,235,0,969,0,969
86507,Buffering,221184,626,5,12,0,0,3,235,0,969,0,969
86757,Buffering,221184,626,5,12,0,0,3,235,0,969,0,969
87005,Buffering,304128,862,5,13,0,0,3,237,0,969,0,969
87256,Buffering,214016,606,5,13,0,0,3,237,0,969,0,969
87505,Buffering,132096,374,5,13,0,0,3,237,0,969,0,969
87753,Buffering,253952,719,5,13,0,0,3,239,0,969,0,969
88004,Buffering,163840,464,5,13,0,0,3,239,0,969,0,969
88253,Buffering,81920,232,5,13,0,0,3,239,0,969,0,969
88503,Buffering,194560,551,5,13,0,0,3,241,0,969,0,969
88813,Buffering,79872,226,5,13,0,0,3,241,0,969,0,969
89001,Buffering,14336,40,5,13,0,0,3,241,0,969,0,969
89252,Buffering,184320,522,5,13,0,0,3,243,0,969,0,969
89506,Buffering,184320,522,5,13,0,0,3,243,0,969,0,969
89754,Buffering,184320,522,5,13,0,0,3,243,0,969,0,969
90003,Buffering,314368,891,5,14,0,0,3,245,0,969,0,969
90252,Buffering,224256,635,5,14,0,0,3,245,0,969,0,969
90502,Buffering,142336,403,5,14,0,0,3,245,0,969,0,969
90753,Buffering,245760,696,5,14,0,0,3,247,0,969,0,969
91001,Buffering,155648,441,5,14,0,0,3,247,0,969,0,969
91251,Buffering,286720,812,5,14,0,0,3,249,0,969,0,969
91561,Buffering,180224,510,5,14,0,0,3,249,0,969,0,969
91809,Buffering,90112,255,5,14,0,0,3,249,0,969,0,969
92058,Buffering,210944,597,5,14,0,0,3,251,0,969,0,969
92307,Buffering,120832,342,5,14,0,0,3,251,0,969,0,969
92557,Buffering,30720,87,5,14,0,0,3,251,0,969,0,969
92806,Playing,187392,531,5,15,0,0,3,253,0,969,0,969
93055,Playing,105472,298,5,15,0,0,3,253,0,969,0,969
93303,Playing,15360,43,5,15,0,0,3,253,0,969,0,969
93554,Buffering,129024,365,6,15,0,0,3,255,0,969,0,969
93804,Buffering,129024,365,6,15,0,0,3,255,0,969,0,969
94055,Buffering,129024,365,6,15,0,0,3,255,0,969,0,969
94303,Buffering,340992,966,6,15,0,0,3,257,0,969,0,969
94551,Buffering,340992,966,6,15,0,0,3,257,0,969,0,969
94803,Buffering,481280,1364,6,16,0,0,3,259,0,969,0,969
95053,Buffering,399360,1131,6,16,0,0,3,259,0,969,0,969
95302,Buffering,309248,876,6,16,0,0,3,259,0,969,0,969
95552,Buffering,440320,1248,6,16,0,0,3,261,0,969,0,969
95801,Buffering,350208,992,6,16,0,0,3,261,0,969,0,969
96052,Buffering,268288,760,6,16,0,0,3,261,0,969,0,969
96301,Buffering,362496,1027,6,16,0,0,3,263,0,969,0,969
96552,Buffering,272384,772,6,16,0,0,3,263,0,969,0,969
96798,Buffering,182272,516,6,16,0,0,3,263,0,969,0,969
97047,Buffering,321536,911,6,16,0,0,3,265,0,969,0,969
97296,Buffering,231424,655,6,16,0,0,3,265,0,969,0,969
97547,Buffering,141312,400,6,16,0,0,3,265,0,969,0,969
97797,Buffering,263168,745,6,16,0,0,3,267,0,969,0,969
98044,Buffering,181248,513,6,16,0,0,3,267,0,969,0,969
98293,Buffering,91136,258,6,16,0,0,3,267,0,969,0,969
98542,Buffering,203776,577,6,16,0,0,3,269,0,969,0,969
98791,Buffering,121856,345,6,16,0,0,3,269,0,969,0,969
99040,Buffering,31744,89,6,16,0,0,3,269,0,969,0,969
99292,Reconnecting,0,0,6,17,0,0,3,270,808,969,809,969
99540,Reconnecting,0,0,6,17,0,0,3,270,808,969,809,969
99788,Reconnecting,0,0,6,17,0,0,3,270,808,969,809,969
100040,Reconnecting,0,0,6,17,0,0,3,270,808,969,809,969
100291,Reconnecting,0,0,6,17,0,0,3,270,808,969,809,969
100540,Reconnecting,0,0,6,17,0,0,3,270,808,969,809,969
100789,Reconnecting,0,0,6,17,0,0,3,270,808,969,809,969
101036,Reconnecting,0,0,6,17,0,0,3,270,808,969,809,969
101284,Reconnecting,0,0,6,17,0,0,3,270,808,969,809,969
101535,Reconnecting,0,0,6,17,0,0,3,270,808,969,809,969
101784,Reconnecting,0,0,6,17,0,0,3,270,808,969,809,969
102034,Reconnecting,0,0,6,17,0,0,3,270,808,969,809,969
102284,Reconnecting,0,0,6,17,0,0,3,270,808,969,809,969
102532,Reconnecting,0,0,6,17,0,0,3,270,808,969,809,969
102782,Reconnecting,0,0,6,17,0,0,3,270,808,969,809,969
103032,Reconnecting,0,0,6,17,0,0,3,270,808,969,809,969
103283,Reconnecting,0,0,6,17,0,0,3,270,808,969,809,969
103532,Reconnecting,0,0,6,17,0,0,3,270,808,969,809,969
103778,Reconnecting,0,0,6,17,0,0,3,270,808,969,809,969
104024,Reconnecting,0,0,6,17,0,0,3,270,808,969,809,969
104273,Reconnecting,0,0,6,17,0,0,4,270,808,969,809,969
104523,Reconnecting,0,0,6,17,0,0,4,273,0,969,809,969
104772,Reconnecting,0,0,6,17,0,0,4,277,0,969,809,969
105021,Reconnecting,0,0,6,17,0,0,4,277,0,969,809,969
105271,Reconnecting,0,0,6,17,0,0,4,277,0,969,809,969
105520,Reconnecting,0,0,6,17,0,0,4,277,0,969,809,969
105768,Reconnecting,0,0,6,17,0,0,4,277,0,969,809,969
106020,Reconnecting,0,0,6,17,0,0,4,277,0,969,809,969
106270,Reconnecting,0,0,6,17,0,0,4,277,0,969,809,969
106520,Reconnecting,0,0,6,17,0,0,4,277,0,969,809,969
106768,Reconnecting,0,0,6,17,0,0,4,277,0,969,809,969
107016,Reconnecting,0,0,6,17,0,0,4,277,0,969,809,969
107266,Reconnecting,0,0,6,17,0,0,4,277,0,969,809,969
107517,Reconnecting,0,0,6,17,0,0,4,277,0,969,809,969
107764,Reconnecting,0,0,6,17,0,0,4,277,0,969,809,969
108013,Reconnecting,0,0,6,17,0,0,4,277,0,969,809,969
108266,Reconnecting,0,0,6,17,0,0,4,277,0,969,809,969
108515,Reconnecting,0,0,6,17,0,0,4,277,0,969,809,969
108764,Reconnecting,0,0,6,17,0,0,4,277,0,969,809,969
109014,Reconnecting,0,0,6,17,0,0,4,277,0,969,809,969
109263,Reconnecting,0,0,6,17,0,0,4,277,0,969,809,969
109512,Reconnecting,0,0,6,17,0,0,4,277,0,969,809,969
109763,Reconnecting,0,0,6,17,0,0,5,277,0,969,809,969
110014,Reconnecting,0,0,6,17,0,0,5,283,0,969,809,969
110264,Reconnecting,0,0,6,17,0,0,5,283,0,969,809,969
110514,Reconnecting,0,0,6,17,0,0,5,283,0,969,809,969
110766,Reconnecting,0,0,6,17,0,0,5,283,0,969,809,969
111015,Reconnecting,0,0,6,17,0,0,5,283,0,969,809,969
111267,Reconnecting,0,0,6,17,0,0,5,283,0,969,809,969
111518,Reconnecting,0,0,6,17,0,0,5,283,0,969,809,969
111768,Reconnecting,0,0,6,17,0,0,5,283,0,969,809,969
112015,Reconnecting,0,0,6,17,0,0,5,283,0,969,809,969
112262,Reconnecting,0,0,6,17,0,0,5,283,0,969,809,969
112513,Reconnecting,0,0,6,17,0,0,5,283,0,969,809,969
112762,Reconnecting,0,0,6,17,0,0,5,283,0,969,809,969
113012,Reconnecting,0,0,6,17,0,0,5,283,0,969,809,969
113261,Reconnecting,0,0,6,17,0,0,5,283,0,969,809,969
113511,Reconnecting,0,0,6,17,0,0,5,283,0,969,809,969
113761,Reconnecting,0,0,6,17,0,0,5,283,0,969,809,969
114012,Reconnecting,0,0,6,17,0,0,5,283,0,969,809,969
114262,Reconnecting,0,0,6,17,0,0,5,283,0,969,809,969
114510,Reconnecting,0,0,6,17,0,0,5,283,0,969,809,969
114759,Reconnecting,0,0,6,17,0,0,5,283,0,969,809,969
115010,Reconnecting,0,0,6,17,0,0,6,283,0,969,809,969
115258,Reconnecting,0,0,6,17,0,0,6,287,0,969,809,969
115509,Reconnecting,847872,2403,6,17,0,0,6,296,0,969,0,969
115758,Reconnecting,847872,2403,6,17,0,0,6,296,0,969,0,969
116007,Reconnecting,1032192,2925,6,17,0,0,6,298,0,969,0,969
116257,Reconnecting,1032192,2925,6,17,0,0,6,298,0,969,0,969
116508,Reconnecting,1032192,2925,6,17,0,0,6,298,0,969,0,969
116757,Reconnecting,1244160,3526,6,17,0,0,6,300,0,969,0,969
117006,Reconnecting,1244160,3526,6,17,0,0,6,300,0,969,0,969
117256,Reconnecting,1244160,3526,6,17,0,0,6,300,0,969,0,969
117506,Playing,1382400,3918,6,17,0,0,6,302,0,969,0,969
117754,Playing,1292288,3662,6,17,0,0,6,302,0,969,0,969
118003,Playing,1395712,3956,6,17,0,0,6,304,0,969,0,969
118252,Playing,1313792,3723,6,17,0,0,6,304,0,969,0,969
118500,Playing,1223680,3468,6,17,0,0,6,304,0,969,0,969
118750,Playing,1133568,3213,6,17,0,0,6,304,0,969,0,969
119000,Playing,1263616,3581,6,17,0,0,6,306,0,969,0,969
119312,Playing,1148928,3256,6,17,0,0,6,306,0,969,0,969
119562,Playing,1252352,3549,6,17,0,0,6,308,0,969,0,969
119811,Playing,1170432,3317,6,17,0,0,6,308,0,969,0,969
120060,Playing,1080320,3062,6,17,0,0,6,308,0,969,0,969
120309,Playing,1202176,3407,6,17,0,0,6,310,0,969,0,969
120559,Playing,1120256,3175,6,17,0,0,6,310,0,969,0,969
120808,Playing,1214464,3442,6,17,0,0,6,312,0,969,0,969
121061,Playing,1124352,3186,6,17,0,0,6,312,0,969,0,969
121310,Playing,1034240,2931,6,17,0,0,6,312,0,969,0,969
121556,Playing,952320,2699,6,17,0,0,6,312,0,969,0,969
121805,Playing,1074176,3044,6,17,0,0,6,314,0,969,0,969
122053,Playing,984064,2789,6,17,0,0,6,314,0,969,0,969
122304,Playing,893952,2533,6,17,0,0,6,314,0,969,0,969
122554,Playing,996352,2824,6,17,0,0,6,316,0,969,0,969
122801,Playing,906240,2568,6,17,0,0,6,316,0,969,0,969
123051,Playing,1028096,2914,6,17,0,0,6,318,0,969,0,969
123301,Playing,937984,2658,6,17,0,0,6,318,0,969,0,969
123549,Playing,856064,2426,6,17,0,0,6,318,0,969,0,969
123798,Playing,968704,2745,6,17,0,0,6,320,0,969,0,969
124049,Playing,878592,2490,6,17,0,0,6,320,0,969,0,969
124299,Playing,796672,2258,6,17,0,0,6,320,0,969,0,969
124548,Playing,936960,2655,6,17,0,0,6,322,0,969,0,969
124799,Playing,846848,2400,6,17,0,0,6,322,0,969,0,969
125048,Playing,756736,2144,6,17,0,0,6,322,0,969,0,969
125294,Playing,822272,2330,6,17,0,0,6,324,0,969,0,969
125543,Playing,732160,2075,6,17,0,0,6,324,0,969,0,969
125796,Playing,642048,1819,6,17,0,0,6,324,0,969,0,969
126046,Playing,763904,2165,6,17,0,0,6,326,0,969,0,969
126296,Playing,681984,1933,6,17,0,0,6,326,0,969,0,969
126549,Playing,591872,1677,6,17,0,0,6,326,0,969,0,969
126801,Playing,695296,1970,6,17,0,0,6,328,0,969,0,969
127049,Playing,605184,1715,6,17,0,0,6,328,0,969,0,969
127299,Playing,515072,1459,6,17,0,0,6,328,0,969,0,969
127550,Playing,645120,1828,6,17,0,0,6,330,0,969,0,969
127797,Playing,555008,1573,6,17,0,0,6,330,0,969,0,969
128047,Playing,686080,1944,6,17,0,0,6,332,0,969,0,969
128296,Playing,595968,1689,6,17,0,0,6,332,0,969,0,969
128547,Playing,514048,1457,6,17,0,0,6,332,0,969,0,969
128796,Playing,626688,1776,6,17,0,0,6,334,0,969,0,969
129044,Playing,536576,1520,6,17,0,0,6,334,0,969,0,969
129293,Playing,446464,1265,6,17,0,0,6,334,0,969,0,969
129545,Playing,585728,1660,6,17,0,0,6,336,0,969,0,969
129792,Playing,495616,1404,6,17,0,0,6,336,0,969,0,969
130040,Playing,405504,1149,6,17,0,0,6,336,0,969,0,969
130290,Playing,526336,1491,6,17,0,0,6,338,0,969,0,969
130541,Playing,436224,1236,6,17,0,0,6,338,0,969,0,969
130790,Playing,346112,981,6,17,0,0,6,338,0,969,0,969
131043,Playing,467968,1326,6,17,0,0,6,340,0,969,0,969
131294,Playing,377856,1071,6,17,0,0,6,340,0,969,0,969
131541,Playing,480256,1361,6,17,0,0,6,342,0,969,0,969
131791,Playing,390144,1105,6,17,0,0,6,342,0,969,0,969
132039,Playing,300032,850,6,17,0,0,6,342,0,969,0,969
132288,Playing,218112,618,6,17,0,0,6,342,0,969,0,969
132538,Playing,358400,1015,6,17,0,0,6,344,0,969,0,969
132786,Playing,268288,760,6,17,0,0,6,344,0,969,0,969
133034,Playing,178176,505,6,17,0,0,6,344,0,969,0,969
133285,Playing,216064,612,6,17,0,0,6,346,0,969,0,969
133534,Playing,125952,357,6,17,0,0,6,346,0,969,0,969
133784,Playing,35840,101,6,17,0,0,6,346,0,969,0,969
134034,Playing,165888,470,6,17,0,0,6,348,0,969,0,969
134282,Playing,75776,214,6,17,0,0,6,348,0,969,0,969
134531,Playing,0,0,6,17,0,0,6,348,0,969,0,969
134779,Buffering,156672,444,7,17,0,0,6,350,0,969,0,969
135029,Buffering,156672,444,7,17,0,0,6,350,0,969,0,969
135277,Buffering,354304,1004,7,18,0,0,6,352,0,969,0,969
135526,Buffering,264192,748,7,18,0,0,6,352,0,969,0,969
135775,Buffering,174080,493,7,18,0,0,6,352,0,969,0,969
136023,Buffering,294912,835,7,18,0,0,6,354,0,969,0,969
136272,Buffering,204800,580,7,18,0,0,6,354,0,969,0,969
136523,Buffering,114688,325,7,18,0,0,6,354,0,969,0,969
136776,Buffering,208896,592,7,18,0,0,6,356,0,969,0,969
137025,Buffering,126976,359,7,18,0,0,6,356,0,969,0,969
137277,Buffering,36864,104,7,18,0,0,6,356,0,969,0,969
137530,Buffering,158720,449,7,18,0,0,6,358,0,969,0,969
137778,Buffering,68608,194,7,18,0,0,6,358,0,969,0,969
138024,Buffering,0,0,7,18,0,0,6,358,0,969,0,969
138274,Buffering,193536,548,7,18,0,0,6,360,0,969,0,969
138524,Buffering,193536,548,7,18,0,0,6,360,0,969,0,969
138770,Buffering,193536,548,7,18,0,0,6,360,0,969,0,969
139018,Buffering,372736,1056,7,19,0,0,6,362,0,969,0,969
139269,Buffering,282624,801,7,19,0,0,6,362,0,969,0,969
139517,Buffering,395264,1120,7,19,0,0,6,364,0,969,0,969
139768,Buffering,305152,864,7,19,0,0,6,364,0,969,0,969
140018,Buffering,223232,632,7,19,0,0,6,364,0,969,0,969
140267,Buffering,133120,377,7,19,0,0,6,364,0,969,0,969
140517,Buffering,264192,748,7,19,0,0,6,366,0,969,0,969
140769,Buffering,174080,493,7,19,0,0,6,366,0,969,0,969
141017,Buffering,285696,809,7,19,0,0,6,368,0,969,0,969
141266,Buffering,195584,554,7,19,0,0,6,368,0,969,0,969
141516,Buffering,105472,298,7,19,0,0,6,368,0,969,0,969
141767,Buffering,236544,670,7,19,0,0,6,370,0,969,0,969
142016,Buffering,154624,438,7,19,0,0,6,370,0,969,0,969
142265,Buffering,64512,182,7,19,0,0,6,370,0,969,0,969
142517,Buffering,94208,267,7,19,0,0,6,372,0,969,0,969
142766,Buffering,4096,11,7,19,0,0,6,372,0,969,0,969
143014,Buffering,0,0,7,19,0,0,6,372,0,969,0,969
143263,Playing,156672,444,7,20,0,0,6,374,0,969,0,969
143511,Playing,66560,188,7,20,0,0,6,374,0,969,0,969
143763,Playing,0,0,7,20,0,0,6,374,0,969,0,969
144009,Buffering,184320,522,8,20,0,0,6,376,0,969,0,969
144260,Buffering,184320,522,8,20,0,0,6,376,0,969,0,969
144510,Buffering,184320,522,8,20,0,0,6,376,0,969,0,969
144760,Buffering,322560,914,8,21,0,0,6,378,0,969,0,969
145008,Buffering,232448,658,8,21,0,0,6,378,0,969,0,969
145256,Buffering,142336,403,8,21,0,0,6,378,0,969,0,969
145505,Buffering,264192,748,8,21,0,0,6,380,0,969,0,969
145754,Buffering,182272,516,8,21,0,0,6,380,0,969,0,969
146004,Buffering,92160,261,8,21,0,0,6,380,0,969,0,969
146254,Buffering,204800,580,8,21,0,0,6,382,0,969,0,969
146503,Buffering,122880,348,8,21,0,0,6,382,0,969,0,969
146754,Buffering,32768,92,8,21,0,0,6,382,0,969,0,969
147002,Buffering,230400,653,8,21,0,0,6,384,0,969,0,969
147250,Buffering,230400,653,8,21,0,0,6,384,0,969,0,969
147562,Buffering,398336,1129,8,22,0,0,6,386,0,969,0,969
147809,Buffering,308224,873,8,22,0,0,6,386,0,969,0,969
148058,Buffering,226304,641,8,22,0,0,6,386,0,969,0,969
148308,Buffering,348160,986,8,22,0,0,6,388,0,969,0,969
148558,Buffering,258048,731,8,22,0,0,6,388,0,969,0,969
148806,Buffering,167936,476,8,22,0,0,6,388,0,969,0,969
149057,Buffering,279552,792,8,22,0,0,6,390,0,969,0,969
149308,Buffering,189440,536,8,22,0,0,6,390,0,969,0,969
149557,Buffering,99328,281,8,22,0,0,6,390,0,969,0,969
149806,Buffering,230400,653,8,22,0,0,6,392,0,969,0,969
150054,Buffering,148480,420,8,22,0,0,6,392,0,969,0,969
150304,Buffering,58368,165,8,22,0,0,6,392,0,969,0,969
150555,Buffering,161792,458,8,22,0,0,6,394,0,969,0,969
150808,Buffering,71680,203,8,22,0,0,6,394,0,969,0,969
151056,Buffering,0,0,8,22,0,0,6,394,0,969,0,969
151305,Playing,212992,603,8,23,0,0,6,396,0,969,0,969
151557,Playing,122880,348,8,23,0,0,6,396,0,969,0,969
151807,Playing,180224,510,8,23,0,0,6,398,0,969,0,969
152058,Playing,90112,255,8,23,0,0,6,398,0,969,0,969
152307,Playing,8192,23,8,23,0,0,6,398,0,969,0,969
152558,Buffering,211968,600,9,23,0,0,6,400,0,969,0,969
152803,Buffering,211968,600,9,23,0,0,6,400,0,969,0,969
153053,Buffering,211968,600,9,23,0,0,6,400,0,969,0,969
153305,Buffering,378880,1073,9,24,0,0,6,402,0,969,0,969
153556,Buffering,296960,841,9,24,0,0,6,402,0,969,0,969
153803,Buffering,206848,586,9,24,0,0,6,402,0,969,0,969
154046,Buffering,124928,354,9,24,0,0,6,402,0,969,0,969
154286,Buffering,246784,699,9,24,0,0,6,404,0,969,0,969
154537,Buffering,156672,444,9,24,0,0,6,404,0,969,0,969
154786,Buffering,277504,786,9,24,0,0,6,406,0,969,0,969
155034,Buffering,187392,531,9,24,0,0,6,406,0,969,0,969
155283,Buffering,97280,275,9,24,0,0,6,406,0,969,0,969
155531,Buffering,219136,621,9,24,0,0,6,408,0,969,0,969
155779,Buffering,137216,388,9,24,0,0,6,408,0,969,0,969
156031,Buffering,47104,133,9,24,0,0,6,408,0,969,0,969
156278,Buffering,168960,478,9,24,0,0,6,410,0,969,0,969
156529,Buffering,78848,223,9,24,0,0,6,410,0,969,0,969
156778,Buffering,181248,513,9,24,0,0,6,412,0,969,0,969
157026,Buffering,91136,258,9,24,0,0,6,412,0,969,0,969
157277,Buffering,1024,2,9,24,0,0,6,412,0,969,0,969
157526,Buffering,211968,600,9,24,0,0,6,414,0,969,0,969
157775,Buffering,211968,600,9,24,0,0,6,414,0,969,0,969
158022,Buffering,211968,600,9,24,0,0,6,414,0,969,0,969
158270,Buffering,330752,937,9,25,0,0,6,416,0,969,0,969
158519,Buffering,248832,705,9,25,0,0,6,416,0,969,0,969
158768,Buffering,158720,449,9,25,0,0,6,416,0,969,0,969
159020,Buffering,280576,795,9,25,0,0,6,418,0,969,0,969
159267,Buffering,190464,539,9,25,0,0,6,418,0,969,0,969
159518,Buffering,108544,307,9,25,0,0,6,418,0,969,0,969
159767,Buffering,202752,574,9,25,0,0,6,420,0,969,0,969
160018,Buffering,112640,319,9,25,0,0,6,420,0,969,0,969
160266,Buffering,234496,664,9,25,0,0,6,422,0,969,0,969
160516,Buffering,152576,432,9,25,0,0,6,422,0,969,0,969
160761,Buffering,62464,177,9,25,0,0,6,422,0,969,0,969
161012,Buffering,0,0,9,25,0,0,6,422,0,969,0,969
161262,Reconnecting,0,0,9,26,0,0,6,423,892,969,892,969
161510,Reconnecting,0,0,9,26,0,0,6,423,892,969,892,969
161759,Reconnecting,0,0,9,26,0,0,6,423,892,969,892,969
162008,Reconnecting,0,0,9,26,0,0,6,423,892,969,892,969
162258,Reconnecting,0,0,9,26,0,0,6,423,892,969,892,969
162508,Reconnecting,0,0,9,26,0,0,6,423,892,969,892,969
162758,Reconnecting,0,0,9,26,0,0,6,423,892,969,892,969
163009,Reconnecting,0,0,9,26,0,0,6,423,892,969,892,969
163256,Reconnecting,0,0,9,26,0,0,6,423,892,969,892,969
163505,Reconnecting,0,0,9,26,0,0,6,423,892,969,892,969
163753,Reconnecting,0,0,9,26,0,0,6,423,892,969,892,969
164003,Reconnecting,0,0,9,26,0,0,6,423,892,969,892,969
164253,Reconnecting,0,0,9,26,0,0,6,423,892,969,892,969
164500,Reconnecting,0,0,9,26,0,0,6,423,892,969,892,969
164812,Reconnecting,0,0,9,26,0,0,6,423,892,969,892,969
165001,Reconnecting,0,0,9,26,0,0,6,423,892,969,892,969
165250,Reconnecting,0,0,9,26,0,0,6,423,892,969,892,969
165562,Reconnecting,0,0,9,26,0,0,6,423,892,969,892,969
165811,Reconnecting,0,0,9,26,0,0,6,423,892,969,892,969
166000,Reconnecting,0,0,9,26,0,0,6,423,892,969,892,969
166250,Reconnecting,0,0,9,26,0,0,7,423,892,969,892,969
166559,Reconnecting,0,0,9,26,0,0,7,430,0,969,892,969
166809,Reconnecting,0,0,9,26,0,0,7,430,0,969,892,969
167059,Reconnecting,0,0,9,26,0,0,7,430,0,969,892,969
167309,Reconnecting,0,0,9,26,0,0,7,430,0,969,892,969
167558,Reconnecting,0,0,9,26,0,0,7,430,0,969,892,969
167807,Reconnecting,0,0,9,26,0,0,7,430,0,969,892,969
168056,Reconnecting,0,0,9,26,0,0,7,430,0,969,892,969
168305,Reconnecting,0,0,9,26,0,0,7,430,0,969,892,969
168554,Reconnecting,0,0,9,26,0,0,7,430,0,969,892,969
168804,Reconnecting,0,0,9,26,0,0,7,430,0,969,892,969
169052,Reconnecting,0,0,9,26,0,0,7,430,0,969,892,969
169301,Reconnecting,0,0,9,26,0,0,7,430,0,969,892,969
169552,Reconnecting,0,0,9,26,0,0,7,430,0,969,892,969
169804,Reconnecting,0,0,9,26,0,0,7,430,0,969,892,969
170052,Reconnecting,0,0,9,26,0,0,7,430,0,969,892,969
170300,Reconnecting,0,0,9,26,0,0,7,430,0,969,892,969
170550,Reconnecting,0,0,9,26,0,0,7,430,0,969,892,969
170799,Reconnecting,0,0,9,26,0,0,7,430,0,969,892,969
171049,Reconnecting,0,0,9,26,0,0,7,430,0,969,892,969
171299,Reconnecting,0,0,9,26,0,0,7,430,0,969,892,969
171546,Reconnecting,0,0,9,26,0,0,8,430,0,969,892,969
171796,Reconnecting,0,0,9,26,0,0,8,430,0,969,892,969
172048,Reconnecting,0,0,9,26,0,0,8,437,2,969,892,969
172297,Reconnecting,0,0,9,26,0,0,8,437,2,969,892,969
172545,Reconnecting,0,0,9,26,0,0,8,437,2,969,892,969
172794,Reconnecting,0,0,9,26,0,0,8,437,2,969,892,969
173045,Reconnecting,0,0,9,26,0,0,8,437,2,969,892,969
173296,Reconnecting,0,0,9,26,0,0,8,437,2,969,892,969
173547,Reconnecting,0,0,9,26,0,0,8,437,2,969,892,969
173800,Reconnecting,0,0,9,26,0,0,8,437,2,969,892,969
174047,Reconnecting,0,0,9,26,0,0,8,437,2,969,892,969
174296,Reconnecting,0,0,9,26,0,0,8,437,2,969,892,969
174547,Reconnecting,0,0,9,26,0,0,8,437,2,969,892,969
174792,Reconnecting,0,0,9,26,0,0,8,437,2,969,892,969
175041,Reconnecting,0,0,9,26,0,0,8,437,2,969,892,969
175292,Reconnecting,0,0,9,26,0,0,8,437,2,969,892,969
175542,Reconnecting,0,0,9,26,0,0,8,437,2,969,892,969
175792,Reconnecting,0,0,9,26,0,0,8,437,2,969,892,969
176041,Reconnecting,0,0,9,26,0,0,8,437,2,969,892,969
176291,Reconnecting,0,0,9,26,0,0,8,437,2,969,892,969
176541,Reconnecting,0,0,9,26,0,0,8,437,2,969,892,969
176791,Reconnecting,0,0,9,26,0,0,8,437,2,969,892,969
177042,Reconnecting,0,0,9,26,0,0,9,437,2,969,892,969
177291,Reconnecting,0,0,9,26,0,0,9,439,0,969,892,969
177539,Reconnecting,488448,1384,9,26,0,0,9,447,0,969,0,969
177789,Reconnecting,847872,2403,9,26,0,0,9,449,0,969,0,969
178038,Reconnecting,847872,2403,9,26,0,0,9,449,0,969,0,969
178286,Reconnecting,847872,2403,9,26,0,0,9,449,0,969,0,969
178538,Reconnecting,847872,2403,9,26,0,0,9,449,0,969,0,969
178785,Reconnecting,1059840,3004,9,26,0,0,9,451,0,1003,0,1004
179035,Reconnecting,1225728,3474,9,26,0,0,9,453,0,1003,0,1004
179283,Reconnecting,1225728,3474,9,26,0,0,9,453,0,1003,0,1004
179533,Reconnecting,1225728,3474,9,26,0,0,9,453,0,1003,0,1004
179783,Playing,1438720,4078,9,26,0,0,9,455,0,1003,0,1004
180034,Playing,1356800,3845,9,26,0,0,9,455,0,1003,0,1004
180283,Playing,1266688,3590,9,26,0,0,9,455,0,1003,0,1004
180535,Playing,1176576,3334,9,26,0,0,9,455,0,1003,0,1004
180783,Playing,1289216,3654,9,26,0,0,9,457,0,1003,0,1004
181031,Playing,1207296,3422,9,26,0,0,9,457,0,1003,0,1004
181278,Playing,1329152,3767,9,26,0,0,9,459,0,1003,0,1004
181528,Playing,1239040,3512,9,26,0,0,9,459,0,1003,0,1004
181780,Playing,1148928,3256,9,26,0,0,9,459,0,1003,0,1004
182028,Playing,1278976,3625,9,26,0,0,9,461,0,1003,0,1004
182277,Playing,1188864,3369,9,26,0,0,9,461,0,1003,0,1004
182522,Playing,1098752,3114,9,26,0,0,9,461,0,1003,0,1004
182772,Playing,1210368,3430,9,26,0,0,9,463,0,1003,0,1004
183024,Playing,1120256,3175,9,26,0,0,9,463,0,1003,0,1004
183273,Playing,1030144,2919,9,26,0,0,9,463,0,1003,0,1004
183524,Playing,1170432,3317,9,26,0,0,9,465,0,1003,0,1004
183775,Playing,1080320,3062,9,26,0,0,9,465,0,1003,0,1004
184026,Playing,998400,2829,9,26,0,0,9,465,0,1003,0,1004
184277,Playing,1092608,3096,9,26,0,0,9,467,0,1003,0,1004
184523,Playing,1002496,2841,9,26,0,0,9,467,0,1003,0,1004
184772,Playing,920576,2609,9,26,0,0,9,467,0,1003,0,1004
185021,Playing,1042432,2954,9,26,0,0,9,469,0,1003,0,1004
185270,Playing,952320,2699,9,26,0,0,9,469,0,1003,0,1004
185519,Playing,862208,2443,9,26,0,0,9,469,0,1003,0,1004
185768,Playing,973824,2760,9,26,0,0,9,471,0,1003,0,1004
186017,Playing,883712,2504,9,26,0,0,9,471,0,1003,0,1004
186263,Playing,793600,2249,9,26,0,0,9,471,0,1003,0,1004
186513,Playing,932864,2644,9,26,0,0,9,473,0,1003,0,1004
186766,Playing,842752,2388,9,26,0,0,9,473,0,1003,0,1004
187017,Playing,752640,2133,9,26,0,0,9,473,0,1003,0,1004
187265,Playing,791552,2243,9,26,0,0,9,475,0,1003,0,1004
187516,Playing,701440,1988,9,26,0,0,9,475,0,1003,0,1004
187765,Playing,831488,2356,9,26,0,0,9,477,0,1003,0,1004
188014,Playing,741376,2101,9,26,0,0,9,477,0,1003,0,1004
188266,Playing,651264,1845,9,26,0,0,9,477,0,1003,0,1004
188516,Playing,717824,2034,9,26,0,0,9,479,0,1003,0,1004
188764,Playing,635904,1802,9,26,0,0,9,479,0,1003,0,1004
189012,Playing,545792,1547,9,26,0,0,9,479,0,1003,0,1004
189262,Playing,667648,1892,9,26,0,0,9,481,0,1003,0,1004
189513,Playing,577536,1637,9,26,0,0,9,481,0,1003,0,1004
189765,Playing,671744,1904,9,26,0,0,9,483,0,1003,0,1004
190015,Playing,589824,1671,9,26,0,0,9,483,0,1003,0,1004
190267,Playing,499712,1416,9,26,0,0,9,483,0,1003,0,1004
190517,Playing,621568,1761,9,26,0,0,9,485,0,1003,0,1004
190768,Playing,531456,1506,9,26,0,0,9,485,0,1003,0,1004
191018,Playing,449536,1274,9,26,0,0,9,485,0,1003,0,1004
191266,Playing,571392,1619,9,26,0,0,9,487,0,1003,0,1004
191517,Playing,481280,1364,9,26,0,0,9,487,0,1003,0,1004
191766,Playing,391168,1108,9,26,0,0,9,487,0,1003,0,1004
192017,Playing,502784,1425,9,26,0,0,9,489,0,1003,0,1004
192265,Playing,412672,1169,9,26,0,0,9,489,0,1003,0,1004
192512,Playing,322560,914,9,26,0,0,9,489,0,1003,0,1004
192762,Playing,452608,1282,9,26,0,0,9,491,0,1003,0,1004
193013,Playing,362496,1027,9,26,0,0,9,491,0,1003,0,1004
193262,Playing,272384,772,9,26,0,0,9,491,0,1003,0,1004
193514,Playing,366592,1039,9,26,0,0,9,493,0,1003,0,1004
193765,Playing,276480,783,9,26,0,0,9,493,0,1003,0,1004
194014,Playing,406528,1152,9,26,0,0,9,495,0,1003,0,1004
194264,Playing,316416,896,9,26,0,0,9,495,0,1003,0,1004
194516,Playing,226304,641,9,26,0,0,9,495,0,1003,0,1004
194766,Playing,329728,934,9,26,0,0,9,497,0,1003,0,1004
195014,Playing,247808,702,9,26,0,0,9,497,0,1003,0,1004
195264,Playing,157696,446,9,26,0,0,9,497,0,1003,0,1004
195514,Playing,279552,792,9,26,0,0,9,499,0,1003,0,1004
195764,Playing,189440,536,9,26,0,0,9,499,0,1003,0,1004
196014,Playing,107520,304,9,26,0,0,9,499,0,1003,0,1004
196263,Playing,210944,597,9,26,0,0,9,501,0,1003,0,1004
196512,Playing,120832,342,9,26,0,0,9,501,0,1003,0,1004
196761,Playing,30720,87,9,26,0,0,9,501,0,1003,0,1004
197011,Buffering,221184,626,10,26,0,0,9,503,0,1003,0,1004
197262,Buffering,221184,626,10,26,0,0,9,503,0,1003,0,1004
197512,Buffering,221184,626,10,26,0,0,9,503,0,1003,0,1004
197759,Buffering,374784,1062,10,27,0,0,9,505,0,1003,0,1004
198009,Buffering,292864,830,10,27,0,0,9,505,0,1003,0,1004
198261,Buffering,202752,574,10,27,0,0,9,505,0,1003,0,1004
198513,Buffering,324608,920,10,27,0,0,9,507,0,1003,0,1004
198762,Buffering,234496,664,10,27,0,0,9,507,0,1003,0,1004
199011,Buffering,144384,409,10,27,0,0,9,507,0,1003,0,1004
199261,Buffering,209920,595,10,27,0,0,9,509,0,1003,0,1004
199510,Buffering,119808,339,10,27,0,0,9,509,0,1003,0,1004
199759,Buffering,29696,84,10,27,0,0,9,509,0,1003,0,1004
200008,Buffering,159744,452,10,27,0,0,9,511,0,1003,0,1004
200259,Buffering,69632,197,10,27,0,0,9,511,0,1003,0,1004
200507,Buffering,173056,490,10,27,0,0,9,513,0,1003,0,1004
200759,Buffering,82944,235,10,27,0,0,9,513,0,1003,0,1004
201005,Buffering,1024,2,10,27,0,0,9,513,0,1003,0,1004
201254,Buffering,0,0,10,27,0,0,9,513,0,1003,0,1004
201504,Buffering,221184,626,10,27,0,0,9,515,0,1041,0,1042
201755,Buffering,221184,626,10,27,0,0,9,515,0,1041,0,1042
202005,Buffering,393216,1114,10,28,0,0,9,517,0,1041,0,1042
202252,Buffering,303104,859,10,28,0,0,9,517,0,1041,0,1042
202501,Buffering,212992,603,10,28,0,0,9,517,0,1041,0,1042
202752,Buffering,122880,348,10,28,0,0,9,517,0,1041,0,1042
203004,Buffering,252928,716,10,28,0,0,9,519,0,1041,0,1042
203253,Buffering,162816,461,10,28,0,0,9,519,0,1041,0,1042
203502,Buffering,284672,806,10,28,0,0,9,521,0,1041,0,1042
203752,Buffering,194560,551,10,28,0,0,9,521,0,1041,0,1042
204002,Buffering,112640,319,10,28,0,0,9,521,0,1041,0,1042
204251,Buffering,206848,586,10,28,0,0,9,523,0,1041,0,1042
204500,Buffering,116736,330,10,28,0,0,9,523,0,1041,0,1042
204752,Buffering,26624,75,10,28,0,0,9,523,0,1041,0,1042
205001,Buffering,156672,444,10,28,0,0,9,525,0,1041,0,1042
205250,Buffering,66560,188,10,28,0,0,9,525,0,1041,0,1042
205561,Playing,176128,499,10,29,0,0,9,527,0,1041,0,1042
205807,Playing,94208,267,10,29,0,0,9,527,0,1041,0,1042
206058,Playing,4096,11,10,29,0,0,9,527,0,1041,0,1042
206308,Buffering,211968,600,11,29,0,0,9,529,0,1041,0,1042
206555,Buffering,211968,600,11,29,0,0,9,529,0,1041,0,1042
206803,Buffering,211968,600,11,29,0,0,9,529,0,1041,0,1042
207053,Buffering,340992,966,11,29,0,0,9,531,0,1041,0,1042
207301,Buffering,340992,966,11,29,0,0,9,531,0,1041,0,1042
207547,Buffering,340992,966,11,29,0,0,9,531,0,1041,0,1042
207796,Buffering,529408,1500,11,30,0,0,9,533,0,1041,0,1042
208046,Buffering,439296,1245,11,30,0,0,9,533,0,1041,0,1042
208297,Buffering,357376,1012,11,30,0,0,9,533,0,1041,0,1042
208544,Buffering,423936,1201,11,30,0,0,9,535,0,1041,0,1042
208793,Buffering,333824,946,11,30,0,0,9,535,0,1041,0,1042
209042,Buffering,251904,714,11,30,0,0,9,535,0,1041,0,1042
209291,Buffering,382976,1085,11,30,0,0,9,537,0,1041,0,1042
209540,Buffering,292864,830,11,30,0,0,9,537,0,1041,0,1042
209789,Buffering,202752,574,11,30,0,0,9,537,0,1041,0,1042
210037,Buffering,323584,917,11,30,0,0,9,539,0,1041,0,1042
210287,Buffering,233472,661,11,30,0,0,9,539,0,1041,0,1042
210537,Buffering,143360,406,11,30,0,0,9,539,0,1041,0,1042
210788,Buffering,237568,673,11,30,0,0,9,541,0,1041,0,1042
211037,Buffering,155648,441,11,30,0,0,9,541,0,1041,0,1042
211286,Buffering,65536,185,11,30,0,0,9,541,0,1041,0,1042
211535,Buffering,187392,531,11,30,0,0,9,543,0,1041,0,1042
211786,Buffering,97280,275,11,30,0,0,9,543,0,1041,0,1042
212035,Buffering,15360,43,11,30,0,0,9,543,0,1041,0,1042
212284,Playing,159744,452,11,31,0,0,9,545,0,1041,0,1042
212532,Playing,69632,197,11,31,0,0,9,545,0,1041,0,1042
212782,Playing,208896,592,11,31,0,0,9,547,0,1041,0,1042
213029,Playing,118784,336,11,31,0,0,9,547,0,1041,0,1042
213279,Playing,28672,81,11,31,0,0,9,547,0,1041,0,1042
213528,Buffering,211968,600,12,31,0,0,9,549,0,1041,0,1042
213778,Buffering,211968,600,12,31,0,0,9,549,0,1041,0,1042
214030,Buffering,211968,600,12,31,0,0,9,549,0,1041,0,1042
214278,Buffering,211968,600,12,31,0,0,9,549,0,1041,0,1042
214528,Buffering,350208,992,12,32,0,0,9,551,0,1041,0,1042
214778,Buffering,268288,760,12,32,0,0,9,551,0,1041,0,1042
215026,Buffering,178176,505,12,32,0,0,9,551,0,1041,0,1042
215275,Buffering,217088,615,12,32,0,0,9,553,0,1041,0,1042
215526,Buffering,126976,359,12,32,0,0,9,553,0,1041,0,1042
215774,Buffering,45056,127,12,32,0,0,9,553,0,1041,0,1042
216022,Buffering,166912,473,12,32,0,0,9,555,0,1041,0,1042
216272,Buffering,76800,217,12,32,0,0,9,555,0,1041,0,1042
216523,Buffering,152576,432,12,32,0,0,9,557,0,1041,0,1042
216772,Buffering,70656,200,12,32,0,0,9,557,0,1041,0,1042
217022,Buffering,0,0,12,32,0,0,9,557,0,1041,0,1042
217271,Buffering,211968,600,12,32,0,0,9,559,0,1041,0,1042
217521,Buffering,211968,600,12,32,0,0,9,559,0,1041,0,1042
217770,Buffering,211968,600,12,32,0,0,9,559,0,1041,0,1042
218020,Buffering,347136,983,12,33,0,0,9,561,0,1041,0,1042
218269,Buffering,257024,728,12,33,0,0,9,561,0,1041,0,1042
218523,Buffering,166912,473,12,33,0,0,9,561,0,1041,0,1042
218771,Buffering,297984,844,12,33,0,0,9,563,0,1041,0,1042
219020,Buffering,216064,612,12,33,0,0,9,563,0,1041,0,1042
219268,Buffering,125952,357,12,33,0,0,9,563,0,1041,0,1042
219518,Buffering,247808,702,12,33,0,0,9,565,0,1041,0,1042
219767,Buffering,165888,470,12,33,0,0,9,565,0,1041,0,1042
220017,Buffering,269312,763,12,33,0,0,9,567,0,1041,0,1042
220264,Buffering,179200,507,12,33,0,0,9,567,0,1041,0,1042
220512,Buffering,97280,275,12,33,0,0,9,567,0,1041,0,1042
220762,Buffering,237568,673,12,33,0,0,9,569,0,1041,0,1042
221013,Buffering,147456,417,12,33,0,0,9,569,0,1041,0,1042
221262,Buffering,57344,162,12,33,0,0,9,569,0,1041,0,1042
221512,Reconnecting,0,0,12,34,0,0,9,570,833,1041,833,1042
221760,Reconnecting,0,0,12,34,0,0,9,570,833,1041,833,1042
222009,Reconnecting,0,0,12,34,0,0,9,570,833,1041,833,1042
222257,Reconnecting,0,0,12,34,0,0,9,570,833,1041,833,1042
222506,Reconnecting,0,0,12,34,0,0,9,570,833,1041,833,1042
222756,Reconnecting,0,0,12,34,0,0,9,570,833,1041,833,1042
223003,Reconnecting,0,0,12,34,0,0,9,570,833,1041,833,1042
223254,Reconnecting,0,0,12,34,0,0,9,570,833,1041,833,1042
223503,Reconnecting,0,0,12,34,0,0,9,570,833,1041,833,1042
223753,Reconnecting,0,0,12,34,0,0,9,570,833,1041,833,1042
224001,Reconnecting,0,0,12,34,0,0,9,570,833,1041,833,1042
224251,Reconnecting,0,0,12,34,0,0,9,570,833,1041,833,1042
224501,Reconnecting,0,0,12,34,0,0,9,570,833,1041,833,1042
224751,Reconnecting,0,0,12,34,0,0,9,570,833,1041,833,1042
225063,Reconnecting,0,0,12,34,0,0,9,570,833,1041,833,1042
225253,Reconnecting,0,0,12,34,0,0,9,570,833,1041,833,1042
225503,Reconnecting,0,0,12,34,0,0,9,570,833,1041,833,1042
225753,Reconnecting,0,0,12,34,0,0,9,570,833,1041,833,1042
226003,Reconnecting,0,0,12,34,0,0,9,570,833,1041,833,1042
226253,Reconnecting,0,0,12,34,0,0,9,570,833,1041,833,1042
226503,Reconnecting,0,0,12,34,0,0,9,570,833,1041,833,1042
226750,Reconnecting,0,0,12,34,0,0,10,570,833,1041,833,1042
227061,Reconnecting,0,0,12,34,0,0,10,578,0,1041,833,1042
227250,Reconnecting,0,0,12,34,0,0,10,578,0,1041,833,1042
227500,Reconnecting,0,0,12,34,0,0,10,578,0,1041,833,1042
227811,Reconnecting,0,0,12,34,0,0,10,578,0,1041,833,1042
228059,Reconnecting,0,0,12,34,0,0,10,578,0,1041,833,1042
228307,Reconnecting,0,0,12,34,0,0,10,578,0,1041,833,1042
228555,Reconnecting,0,0,12,34,0,0,10,578,0,1041,833,1042
228802,Reconnecting,0,0,12,34,0,0,10,578,0,1041,833,1042
229053,Reconnecting,0,0,12,34,0,0,10,578,0,1041,833,1042
229304,Reconnecting,0,0,12,34,0,0,10,578,0,1041,833,1042
229555,Reconnecting,0,0,12,34,0,0,10,578,0,1041,833,1042
229802,Reconnecting,0,0,12,34,0,0,10,578,0,1041,833,1042
230050,Reconnecting,0,0,12,34,0,0,10,578,0,1041,833,1042
230299,Reconnecting,0,0,12,34,0,0,10,578,0,1041,833,1042
230549,Reconnecting,0,0,12,34,0,0,10,578,0,1041,833,1042
230796,Reconnecting,0,0,12,34,0,0,10,578,0,1041,833,1042
231045,Reconnecting,0,0,12,34,0,0,10,578,0,1041,833,1042
231294,Reconnecting,0,0,12,34,0,0,10,578,0,1041,833,1042
231543,Reconnecting,0,0,12,34,0,0,10,578,0,1041,833,1042
231793,Reconnecting,0,0,12,34,0,0,10,578,0,1041,833,1042
232041,Reconnecting,0,0,12,34,0,0,11,578,0,1041,833,1042
232291,Reconnecting,0,0,12,34,0,0,11,581,0,1041,833,1042
232539,Reconnecting,866304,2455,12,34,0,0,11,590,0,1041,0,1042
232791,Reconnecting,866304,2455,12,34,0,0,11,590,0,1041,0,1042
233040,Reconnecting,1059840,3004,12,34,0,0,11,592,0,1041,0,1042
233290,Reconnecting,1059840,3004,12,34,0,0,11,592,0,1041,0,1042
233539,Reconnecting,1059840,3004,12,34,0,0,11,592,0,1041,0,1042
233789,Reconnecting,1281024,3631,12,34,0,0,11,594,0,1041,0,1042
234040,Reconnecting,1281024,3631,12,34,0,0,11,594,0,1041,0,1042
234291,Reconnecting,1281024,3631,12,34,0,0,11,594,0,1041,0,1042
234540,Playing,1468416,4162,12,34,0,0,11,596,0,1041,0,1042
234789,Playing,1378304,3906,12,34,0,0,11,596,0,1041,0,1042
235037,Playing,1296384,3674,12,34,0,0,11,596,0,1041,0,1042
235285,Playing,1399808,3967,12,34,0,0,11,598,0,1041,0,1042
235535,Playing,1309696,3712,12,34,0,0,11,598,0,1041,0,1042
235782,Playing,1227776,3480,12,34,0,0,11,598,0,1041,0,1042
236032,Playing,1358848,3851,12,34,0,0,11,600,0,1041,0,1042
236283,Playing,1268736,3596,12,34,0,0,11,600,0,1041,0,1042
236533,Playing,1372160,3889,12,34,0,0,11,602,0,1041,0,1042
236781,Playing,1290240,3657,12,34,0,0,11,602,0,1041,0,1042
237030,Playing,1200128,3401,12,34,0,0,11,602,0,1041,0,1042
237282,Playing,1110016,3146,12,34,0,0,11,602,0,1041,0,1042
237532,Playing,1259520,3570,12,34,0,0,11,604,0,1041,0,1042
237779,Playing,1177600,3337,12,34,0,0,11,604,0,1041,0,1042
238029,Playing,1087488,3082,12,34,0,0,11,604,0,1041,0,1042
238279,Playing,1126400,3192,12,34,0,0,11,606,0,1041,0,1042
238527,Playing,1036288,2937,12,34,0,0,11,606,0,1041,0,1042
238778,Playing,1166336,3305,12,34,0,0,11,608,0,1041,0,1042
239027,Playing,1076224,3050,12,34,0,0,11,608,0,1041,0,1042
239275,Playing,986112,2795,12,34,0,0,11,608,0,1041,0,1042
239524,Playing,904192,2562,12,34,0,0,11,608,0,1041,0,1042
239770,Playing,961536,2725,12,34,0,0,11,610,0,1041,0,1042
240019,Playing,871424,2470,12,34,0,0,11,610,0,1041,0,1042
240268,Playing,789504,2237,12,34,0,0,11,610,0,1041,0,1042
240517,Playing,911360,2583,12,34,0,0,11,612,0,1041,0,1042
240767,Playing,821248,2327,12,34,0,0,11,612,0,1041,0,1042
241017,Playing,915456,2594,12,34,0,0,11,614,0,1041,0,1042
241266,Playing,833536,2362,12,34,0,0,11,614,0,1041,0,1042
241514,Playing,743424,2107,12,34,0,0,11,614,0,1041,0,1042
241762,Playing,883712,2504,12,34,0,0,11,616,0,1041,0,1042
242011,Playing,793600,2249,12,34,0,0,11,616,0,1041,0,1042
242262,Playing,711680,2017,12,34,0,0,11,616,0,1041,0,1042
242511,Playing,833536,2362,12,34,0,0,11,618,0,1041,0,1042
242761,Playing,743424,2107,12,34,0,0,11,618,0,1041,0,1042
243012,Playing,653312,1851,12,34,0,0,11,618,0,1041,0,1042
243262,Playing,764928,2168,12,34,0,0,11,620,0,1041,0,1042
243512,Playing,674816,1912,12,34,0,0,11,620,0,1041,0,1042
243763,Playing,584704,1657,12,34,0,0,11,620,0,1041,0,1042
244012,Playing,706560,2002,12,34,0,0,11,622,0,1041,0,1042
244261,Playing,624640,1770,12,34,0,0,11,622,0,1041,0,1042
244512,Playing,737280,2089,12,34,0,0,11,624,0,1041,0,1042
244762,Playing,647168,1834,12,34,0,0,11,624,0,1041,0,1042
245011,Playing,557056,1578,12,34,0,0,11,624,0,1041,0,1042
245260,Playing,475136,1346,12,34,0,0,11,624,0,1041,0,1042
245511,Playing,596992,1692,12,34,0,0,11,626,0,1041,0,1042
245759,Playing,506880,1436,12,34,0,0,11,626,0,1041,0,1042
246010,Playing,610304,1729,12,34,0,0,11,628,0,1041,0,1042
246261,Playing,520192,1474,12,34,0,0,11,628,0,1041,0,1042
246509,Playing,438272,1242,12,34,0,0,11,628,0,1041,0,1042
246754,Playing,348160,986,12,34,0,0,11,628,0,1041,0,1042
247005,Playing,479232,1358,12,34,0,0,11,630,0,1041,0,1042
247256,Playing,397312,1126,12,34,0,0,11,630,0,1041,0,1042
247506,Playing,427008,1210,12,34,0,0,11,632,0,1041,0,1042
247755,Playing,336896,954,12,34,0,0,11,632,0,1041,0,1042
248003,Playing,246784,699,12,34,0,0,11,632,0,1041,0,1042
248253,Playing,395264,1120,12,34,0,0,11,634,0,1041,0,1042
248502,Playing,305152,864,12,34,0,0,11,634,0,1041,0,1042
248754,Playing,215040,609,12,34,0,0,11,634,0,1041,0,1042
249001,Playing,309248,876,12,34,0,0,11,636,0,1041,0,1042
249251,Playing,227328,644,12,34,0,0,11,636,0,1041,0,1042
249562,Playing,333824,946,12,34,0,0,11,638,0,1041,0,1042
249750,Playing,268288,760,12,34,0,0,11,638,0,1041,0,1042
250059,Playing,161792,458,12,34,0,0,11,638,0,1041,0,1042
250309,Playing,274432,777,12,34,0,0,11,640,0,1041,0,1042
250555,Playing,192512,545,12,34,0,0,11,640,0,1041,0,1042
250804,Playing,102400,290,12,34,0,0,11,640,0,1041,0,1042
251056,Playing,215040,609,12,34,0,0,11,642,0,1041,0,1042
251304,Playing,124928,354,12,34,0,0,11,642,0,1041,0,1042
251552,Playing,43008,121,12,34,0,0,11,642,0,1041,0,1042
251801,Buffering,221184,626,13,34,0,0,11,644,0,1041,0,1042
252052,Buffering,221184,626,13,34,0,0,11,644,0,1041,0,1042
252301,Buffering,221184,626,13,34,0,0,11,644,0,1041,0,1042
252553,Buffering,221184,626,13,34,0,0,11,644,0,1041,0,1042
252803,Buffering,340992,966,13,35,0,0,11,646,0,1041,0,1042
253053,Buffering,250880,711,13,35,0,0,11,646,0,1041,0,1042
253304,Buffering,372736,1056,13,35,0,0,11,648,0,1041,0,1042
253554,Buffering,290816,824,13,35,0,0,11,648,0,1041,0,1042
253802,Buffering,200704,568,13,35,0,0,11,648,0,1041,0,1042
254053,Buffering,304128,862,13,35,0,0,11,650,0,1041,0,1042
254300,Buffering,214016,606,13,35,0,0,11,650,0,1041,0,1042
254550,Buffering,132096,374,13,35,0,0,11,650,0,1041,0,1042
254798,Buffering,253952,719,13,35,0,0,11,652,0,1041,0,1042
255053,Buffering,163840,464,13,35,0,0,11,652,0,1041,0,1042
255301,Buffering,73728,208,13,35,0,0,11,652,0,1041,0,1042
255550,Buffering,176128,499,13,35,0,0,11,654,0,1041,0,1042
255799,Buffering,86016,243,13,35,0,0,11,654,0,1041,0,1042
256046,Buffering,0,0,13,35,0,0,11,654,0,1041,0,1042
256297,Buffering,211968,600,13,35,0,0,11,656,0,1041,0,1042
256546,Buffering,211968,600,13,35,0,0,11,656,0,1041,0,1042
256795,Buffering,356352,1010,13,36,0,0,11,658,0,1041,0,1042
257044,Buffering,266240,754,13,36,0,0,11,658,0,1041,0,1042
257294,Buffering,176128,499,13,36,0,0,11,658,0,1041,0,1042
257545,Buffering,306176,867,13,36,0,0,11,660,0,1041,0,1042
257794,Buffering,216064,612,13,36,0,0,11,660,0,1041,0,1042
258043,Buffering,125952,357,13,36,0,0,11,660,0,1041,0,1042
258292,Buffering,164864,467,13,36,0,0,11,662,0,1041,0,1042
258542,Buffering,82944,235,13,36,0,0,11,662,0,1041,0,1042
258791,Buffering,0,0,13,36,0,0,11,662,0,1041,0,1042
259041,Playing,171008,484,13,37,0,0,11,664,0,1041,0,1042
259292,Playing,80896,229,13,37,0,0,11,664,0,1041,0,1042
259543,Buffering,156672,444,14,37,0,0,11,666,0,1041,0,1042
259795,Buffering,156672,444,14,37,0,0,11,666,0,1041,0,1042
260049,Buffering,156672,444,14,37,0,0,11,666,0,1041,0,1042
260296,Buffering,311296,882,14,38,0,0,11,668,0,1041,0,1042
260545,Buffering,221184,626,14,38,0,0,11,668,0,1041,0,1042
260794,Buffering,139264,394,14,38,0,0,11,668,0,1041,0,1042
261043,Buffering,233472,661,14,38,0,0,11,670,0,1041,0,1042
261292,Buffering,143360,406,14,38,0,0,11,670,0,1041,0,1042
261541,Buffering,53248,150,14,38,0,0,11,670,0,1041,0,1042
261788,Buffering,183296,519,14,38,0,0,11,672,0,1041,0,1042
262037,Buffering,93184,264,14,38,0,0,11,672,0,1041,0,1042
262289,Buffering,3072,8,14,38,0,0,11,672,0,1041,0,1042
262535,Buffering,211968,600,14,38,0,0,11,674,0,1041,0,1042
262786,Buffering,211968,600,14,38,0,0,11,674,0,1041,0,1042
263036,Buffering,211968,600,14,38,0,0,11,674,0,1041,0,1042
263284,Buffering,390144,1105,14,39,0,0,11,676,0,1041,0,1042
263535,Buffering,308224,873,14,39,0,0,11,676,0,1041,0,1042
263785,Buffering,218112,618,14,39,0,0,11,676,0,1041,0,1042
264032,Buffering,358400,1015,14,39,0,0,11,678,0,1041,0,1042
264277,Buffering,276480,783,14,39,0,0,11,678,0,1041,0,1042
264527,Buffering,186368,528,14,39,0,0,11,678,0,1041,0,1042
264778,Buffering,280576,795,14,39,0,0,11,680,0,1041,0,1042
265030,Buffering,190464,539,14,39,0,0,11,680,0,1041,0,1042
265279,Buffering,108544,307,14,39,0,0,11,680,0,1041,0,1042
265526,Buffering,230400,653,14,39,0,0,11,682,0,1041,0,1042
265775,Buffering,140288,397,14,39,0,0,11,682,0,1041,0,1042
266023,Buffering,50176,142,14,39,0,0,11,682,0,1041,0,1042
266273,Buffering,152576,432,14,39,0,0,11,684,0,1041,0,1042
266526,Buffering,62464,177,14,39,0,0,11,684,0,1041,0,1042
266773,Buffering,184320,522,14,39,0,0,11,686,0,1041,0,1042
267024,Buffering,94208,267,14,39,0,0,11,686,0,1041,0,1042
267272,Buffering,12288,34,14,39,0,0,11,686,0,1041,0,1042
267521,Playing,128000,362,14,40,0,0,11,688,0,1041,0,1042
267773,Playing,37888,107,14,40,0,0,11,688,0,1041,0,1042
268019,Playing,0,0,14,40,0,0,11,688,0,1041,0,1042
268266,Buffering,221184,626,15,40,0,0,11,690,0,1041,0,1042
268515,Buffering,221184,626,15,40,0,0,11,690,0,1041,0,1042
268766,Buffering,369664,1047,15,41,0,0,11,692,0,1041,0,1042
269015,Buffering,287744,815,15,41,0,0,11,692,0,1041,0,1042
269262,Buffering,197632,560,15,41,0,0,11,692,0,1041,0,1042
269511,Buffering,107520,304,15,41,0,0,11,692,0,1041,0,1042
269760,Buffering,237568,673,15,41,0,0,11,694,0,1041,0,1042
270013,Buffering,147456,417,15,41,0,0,11,694,0,1041,0,1042
270262,Buffering,57344,162,15,41,0,0,11,694,0,1041,0,1042
270511,Buffering,142336,403,15,41,0,0,11,696,0,1041,0,1042
270759,Buffering,60416,171,15,41,0,0,11,696,0,1041,0,1042
271009,Buffering,0,0,15,41,0,0,11,696,0,1041,0,1042
271256,Buffering,221184,626,15,41,0,0,11,698,0,1041,0,1042
271505,Buffering,221184,626,15,41,0,0,11,698,0,1041,0,1042
271755,Buffering,407552,1155,15,42,0,0,11,700,0,1041,0,1042
272005,Buffering,317440,899,15,42,0,0,11,700,0,1041,0,1042
272254,Buffering,227328,644,15,42,0,0,11,700,0,1041,0,1042
272504,Buffering,349184,989,15,42,0,0,11,702,0,1041,0,1042
272752,Buffering,267264,757,15,42,0,0,11,702,0,1041,0,1042
273002,Buffering,177152,502,15,42,0,0,11,702,0,1041,0,1042
273251,Buffering,299008,847,15,42,0,0,11,704,0,1041,0,1042
273502,Buffering,208896,592,15,42,0,0,11,704,0,1041,0,1042
273752,Buffering,126976,359,15,42,0,0,11,704,0,1041,0,1042
274005,Buffering,221184,626,15,42,0,0,11,706,0,1041,0,1042
274257,Buffering,131072,371,15,42,0,0,11,706,0,1041,0,1042
274504,Buffering,40960,116,15,42,0,0,11,706,0,1041,0,1042
274753,Buffering,189440,536,15,42,0,0,11,708,0,1041,0,1042
275003,Buffering,99328,281,15,42,0,0,11,708,0,1041,0,1042
275252,Buffering,9216,26,15,42,0,0,11,708,0,1041,0,1042
275501,Reconnecting,0,0,15,43,0,0,11,709,981,1041,981,1042
275750,Reconnecting,0,0,15,43,0,0,11,709,981,1041,981,1042
276061,Reconnecting,0,0,15,43,0,0,11,709,981,1041,981,1042
276312,Reconnecting,0,0,15,43,0,0,11,709,981,1041,981,1042
276563,Reconnecting,0,0,15,43,0,0,11,709,981,1041,981,1042
276751,Reconnecting,0,0,15,43,0,0,11,709,981,1041,981,1042
277001,Reconnecting,0,0,15,43,0,0,11,709,981,1041,981,1042
277311,Reconnecting,0,0,15,43,0,0,11,709,981,1041,981,1042
277559,Reconnecting,0,0,15,43,0,0,11,709,981,1041,981,1042
277809,Reconnecting,0,0,15,43,0,0,11,709,981,1041,981,1042
278059,Reconnecting,0,0,15,43,0,0,11,709,981,1041,981,1042
278309,Reconnecting,0,0,15,43,0,0,11,709,981,1041,981,1042
278557,Reconnecting,0,0,15,43,0,0,11,709,981,1041,981,1042
278808,Reconnecting,0,0,15,43,0,0,11,709,981,1041,981,1042
279059,Reconnecting,0,0,15,43,0,0,11,709,981,1041,981,1042
279309,Reconnecting,0,0,15,43,0,0,11,709,981,1041,981,1042
279560,Reconnecting,0,0,15,43,0,0,11,709,981,1041,981,1042
279807,Reconnecting,0,0,15,43,0,0,11,709,981,1041,981,1042
280054,Reconnecting,0,0,15,43,0,0,11,709,981,1041,981,1042
280303,Reconnecting,0,0,15,43,0,0,11,709,981,1041,981,1042
280553,Reconnecting,0,0,15,43,0,0,12,709,981,1041,981,1042
280804,Reconnecting,0,0,15,43,0,0,12,711,0,1041,981,1042
281056,Reconnecting,0,0,15,43,0,0,12,714,1,1041,981,1042
281306,Reconnecting,0,0,15,43,0,0,12,714,1,1041,981,1042
281558,Reconnecting,0,0,15,43,0,0,12,714,1,1041,981,1042
281808,Reconnecting,0,0,15,43,0,0,12,714,1,1041,981,1042
282055,Reconnecting,0,0,15,43,0,0,12,714,1,1041,981,1042
282304,Reconnecting,0,0,15,43,0,0,12,714,1,1041,981,1042
282553,Reconnecting,0,0,15,43,0,0,12,714,1,1041,981,1042
282801,Reconnecting,0,0,15,43,0,0,12,714,1,1041,981,1042
283050,Reconnecting,0,0,15,43,0,0,12,714,1,1041,981,1042
283296,Reconnecting,0,0,15,43,0,0,12,714,1,1041,981,1042
283545,Reconnecting,0,0,15,43,0,0,12,714,1,1041,981,1042
283795,Reconnecting,0,0,15,43,0,0,12,714,1,1041,981,1042
284044,Reconnecting,0,0,15,43,0,0,12,714,1,1041,981,1042
284296,Reconnecting,0,0,15,43,0,0,12,714,1,1041,981,1042
284544,Reconnecting,0,0,15,43,0,0,12,714,1,1041,981,1042
284793,Reconnecting,0,0,15,43,0,0,12,714,1,1041,981,1042
285043,Reconnecting,0,0,15,43,0,0,12,714,1,1041,981,1042
285295,Reconnecting,0,0,15,43,0,0,12,714,1,1041,981,1042
285544,Reconnecting,0,0,15,43,0,0,12,714,1,1041,981,1042
285792,Reconnecting,0,0,15,43,0,0,12,714,1,1041,981,1042
286042,Reconnecting,0,0,15,43,0,0,13,714,1,1041,981,1042
286293,Reconnecting,0,0,15,43,0,0,13,717,0,1041,981,1042
286542,Reconnecting,0,0,15,43,0,0,13,721,0,1041,981,1042
286793,Reconnecting,0,0,15,43,0,0,13,721,0,1041,981,1042
287043,Reconnecting,0,0,15,43,0,0,13,721,0,1041,981,1042
287290,Reconnecting,0,0,15,43,0,0,13,721,0,1041,981,1042
287538,Reconnecting,0,0,15,43,0,0,13,721,0,1041,981,1042
287791,Reconnecting,0,0,15,43,0,0,13,721,0,1041,981,1042
288040,Reconnecting,0,0,15,43,0,0,13,721,0,1041,981,1042
288290,Reconnecting,0,0,15,43,0,0,13,721,0,1041,981,1042
288537,Reconnecting,0,0,15,43,0,0,13,721,0,1041,981,1042
288786,Reconnecting,0,0,15,43,0,0,13,721,0,1041,981,1042
289036,Reconnecting,0,0,15,43,0,0,13,721,0,1041,981,1042
289287,Reconnecting,0,0,15,43,0,0,13,721,0,1041,981,1042
289537,Reconnecting,0,0,15,43,0,0,13,721,0,1041,981,1042
289786,Reconnecting,0,0,15,43,0,0,13,721,0,1041,981,1042
290036,Reconnecting,0,0,15,43,0,0,13,721,0,1041,981,1042
290283,Reconnecting,0,0,15,43,0,0,13,721,0,1041,981,1042
290532,Reconnecting,0,0,15,43,0,0,13,721,0,1041,981,1042
290782,Reconnecting,0,0,15,43,0,0,13,721,0,1041,981,1042
291035,Reconnecting,0,0,15,43,0,0,13,721,0,1041,981,1042
291283,Reconnecting,0,0,15,43,0,0,13,721,0,1041,981,1042
291534,Reconnecting,0,0,15,43,0,0,14,721,0,1041,981,1042
291785,Reconnecting,589824,1671,15,43,0,0,14,728,0,1041,0,1042
292033,Reconnecting,1069056,3030,15,43,0,0,14,732,0,1041,0,1042
292282,Reconnecting,1253376,3552,15,43,0,0,14,734,0,1041,0,1042
292531,Reconnecting,1253376,3552,15,43,0,0,14,734,0,1041,0,1042
292778,Reconnecting,1253376,3552,15,43,0,0,14,734,0,1041,0,1042
293029,Reconnecting,1253376,3552,15,43,0,0,14,734,0,1041,0,1042
293279,Playing,1416192,4014,15,43,0,0,14,736,0,1041,0,1042
293528,Playing,1334272,3781,15,43,0,0,14,736,0,1041,0,1042
293778,Playing,1244160,3526,15,43,0,0,14,736,0,1041,0,1042
294027,Playing,1366016,3871,15,43,0,0,14,738,0,1041,0,1042
294275,Playing,1275904,3616,15,43,0,0,14,738,0,1041,0,1042
294523,Playing,1193984,3384,15,43,0,0,14,738,0,1041,0,1042
294771,Playing,1306624,3703,15,43,0,0,14,740,0,1041,0,1042
295020,Playing,1216512,3448,15,43,0,0,14,740,0,1041,0,1042
295268,Playing,1346560,3816,15,43,0,0,14,742,0,1041,0,1042
295518,Playing,1256448,3561,15,43,0,0,14,742,0,1041,0,1042
295766,Playing,1166336,3305,15,43,0,0,14,742,0,1041,0,1042
296017,Playing,1277952,3622,15,43,0,0,14,744,0,1041,0,1042
296267,Playing,1187840,3366,15,43,0,0,14,744,0,1041,0,1042
296516,Playing,1097728,3111,15,43,0,0,14,744,0,1041,0,1042
296766,Playing,1219584,3456,15,43,0,0,14,746,0,1041,0,1042
297016,Playing,1137664,3224,15,43,0,0,14,746,0,1041,0,1042
297266,Playing,1047552,2969,15,43,0,0,14,746,0,1041,0,1042
297515,Playing,1141760,3236,15,43,0,0,14,748,0,1041,0,1042
297762,Playing,1059840,3004,15,43,0,0,14,748,0,1041,0,1042
298013,Playing,1181696,3349,15,43,0,0,14,750,0,1041,0,1042
298263,Playing,1091584,3094,15,43,0,0,14,750,0,1041,0,1042
298512,Playing,1001472,2838,15,43,0,0,14,750,0,1041,0,1042
298761,Playing,1103872,3128,15,43,0,0,14,752,0,1041,0,1042
299012,Playing,1013760,2873,15,43,0,0,14,752,0,1041,0,1042
299260,Playing,923648,2618,15,43,0,0,14,752,0,1041,0,1042
299511,Playing,1045504,2963,15,43,0,0,14,754,0,1041,0,1042
299762,Playing,955392,2708,15,43,0,0,14,754,0,1041,0,1042
300009,Playing,873472,2475,15,43,0,0,14,754,0,1041,0,1042
300259,Playing,986112,2795,15,43,0,0,14,756,0,1041,0,1042
300510,Playing,896000,2539,15,43,0,0,14,756,0,1041,0,1042
300760,Playing,805888,2284,15,43,0,0,14,756,0,1041,0,1042
301008,Playing,945152,2679,15,43,0,0,14,758,0,1041,0,1042
301261,Playing,855040,2423,15,43,0,0,14,758,0,1041,0,1042
301511,Playing,764928,2168,15,43,0,0,14,758,0,1041,0,1042
301761,Playing,831488,2356,15,43,0,0,14,760,0,1041,0,1042
302011,Playing,749568,2124,15,43,0,0,14,760,0,1041,0,1042
302260,Playing,659456,1869,15,43,0,0,14,760,0,1041,0,1042
302512,Playing,781312,2214,15,43,0,0,14,762,0,1041,0,1042
302761,Playing,691200,1959,15,43,0,0,14,762,0,1041,0,1042
303011,Playing,812032,2301,15,43,0,0,14,764,0,1041,0,1042
303260,Playing,721920,2046,15,43,0,0,14,764,0,1041,0,1042
303510,Playing,631808,1790,15,43,0,0,14,764,0,1041,0,1042
303762,Playing,541696,1535,15,43,0,0,14,764,0,1041,0,1042
304008,Playing,671744,1904,15,43,0,0,14,766,0,1041,0,1042
304256,Playing,581632,1648,15,43,0,0,14,766,0,1041,0,1042
304506,Playing,712704,2020,15,43,0,0,14,768,0,1041,0,1042
304752,Playing,630784,1787,15,43,0,0,14,768,0,1041,0,1042
305006,Playing,540672,1532,15,43,0,0,14,768,0,1041,0,1042
305255,Playing,653312,1851,15,43,0,0,14,770,0,1041,0,1042
305505,Playing,563200,1596,15,43,0,0,14,770,0,1041,0,1042
305752,Playing,481280,1364,15,43,0,0,14,770,0,1041,0,1042
306004,Playing,612352,1735,15,43,0,0,14,772,0,1041,0,1042
306254,Playing,522240,1480,15,43,0,0,14,772,0,1041,0,1042
306503,Playing,625664,1773,15,43,0,0,14,774,0,1041,0,1042
306752,Playing,543744,1541,15,43,0,0,14,774,0,1041,0,1042
307003,Playing,453632,1285,15,43,0,0,14,774,0,1041,0,1042
307251,Playing,363520,1030,15,43,0,0,14,774,0,1041,0,1042
307501,Playing,485376,1375,15,43,0,0,14,776,0,1041,0,1042
307752,Playing,403456,1143,15,43,0,0,14,776,0,1041,0,1042
308000,Playing,506880,1436,15,43,0,0,14,778,0,1041,0,1042
308250,Playing,416768,1181,15,43,0,0,14,778,0,1041,0,1042
308561,Playing,310272,879,15,43,0,0,14,778,0,1041,0,1042
308810,Playing,450560,1277,15,43,0,0,14,780,0,1041,0,1042
309062,Playing,360448,1021,15,43,0,0,14,780,0,1041,0,1042
309250,Playing,294912,835,15,43,0,0,14,780,0,1041,0,1042
309559,Playing,308224,873,15,43,0,0,14,782,0,1041,0,1042
309808,Playing,218112,618,15,43,0,0,14,782,0,1041,0,1042
310059,Playing,128000,362,15,43,0,0,14,782,0,1041,0,1042
310308,Playing,249856,708,15,43,0,0,14,784,0,1041,0,1042
310557,Playing,167936,476,15,43,0,0,14,784,0,1041,0,1042
310807,Playing,77824,220,15,43,0,0,14,784,0,1041,0,1042
311058,Playing,144384,409,15,43,0,0,14,786,0,1041,0,1042
311308,Playing,62464,177,15,43,0,0,14,786,0,1041,0,1042
311558,Buffering,221184,626,16,43,0,0,14,788,0,1041,0,1042
311809,Buffering,221184,626,16,43,0,0,14,788,0,1041,0,1042
312060,Buffering,221184,626,16,43,0,0,14,788,0,1041,0,1042
312250,Buffering,221184,626,16,43,0,0,14,788,0,1041,0,1042
312502,Buffering,359424,1018,16,44,0,0,14,790,0,1041,0,1042
312751,Buffering,269312,763,16,44,0,0,14,790,0,1041,0,1042
313000,Buffering,187392,531,16,44,0,0,14,790,0,1041,0,1042
313310,Buffering,266240,754,16,44,0,0,14,792,0,1041,0,1042
313559,Buffering,176128,499,16,44,0,0,14,792,0,1041,0,1042
313811,Buffering,94208,267,16,44,0,0,14,792,0,1041,0,1042
314060,Buffering,216064,612,16,44,0,0,14,794,0,1041,0,1042
314308,Buffering,125952,357,16,44,0,0,14,794,0,1041,0,1042
314559,Buffering,35840,101,16,44,0,0,14,794,0,1041,0,1042
314807,Buffering,147456,417,16,44,0,0,14,796,0,1041,0,1042
315057,Buffering,57344,162,16,44,0,0,14,796,0,1041,0,1042
315305,Buffering,0,0,16,44,0,0,14,796,0,1041,0,1042
315554,Buffering,221184,626,16,44,0,0,14,798,0,1041,0,1042
315804,Buffering,221184,626,16,44,0,0,14,798,0,1041,0,1042
316051,Buffering,365568,1036,16,45,0,0,14,800,0,1041,0,1042
316300,Buffering,283648,803,16,45,0,0,14,800,0,1041,0,1042
316547,Buffering,193536,548,16,45,0,0,14,800,0,1041,0,1042
316794,Buffering,324608,920,16,45,0,0,14,802,0,1041,0,1042
317042,Buffering,242688,687,16,45,0,0,14,802,0,1041,0,1042
317290,Buffering,152576,432,16,45,0,0,14,802,0,1041,0,1042
317539,Buffering,265216,751,16,45,0,0,14,804,0,1041,0,1042
317788,Buffering,183296,519,16,45,0,0,14,804,0,1041,0,1042
318041,Buffering,93184,264,16,45,0,0,14,804,0,1041,0,1042
318289,Buffering,215040,609,16,45,0,0,14,806,0,1041,0,1042
318538,Buffering,124928,354,16,45,0,0,14,806,0,1041,0,1042
318787,Buffering,43008,121,16,45,0,0,14,806,0,1041,0,1042
319038,Buffering,72704,206,16,45,0,0,14,808,0,1041,0,1042
319285,Buffering,0,0,16,45,0,0,14,808,0,1041,0,1042
319536,Buffering,0,0,16,45,0,0,14,808,0,1041,0,1042
319784,Playing,197632,560,16,46,0,0,14,810,0,1041,0,1042
320032,Playing,107520,304,16,46,0,0,14,810,0,1041,0,1042
320282,Playing,17408,49,16,46,0,0,14,810,0,1041,0,1042
320533,Buffering,184320,522,17,46,0,0,14,812,0,1041,0,1042
320781,Buffering,184320,522,17,46,0,0,14,812,0,1041,0,1042
321029,Buffering,184320,522,17,46,0,0,14,812,0,1041,0,1042
321280,Buffering,330752,937,17,47,0,0,14,814,0,1041,0,1042
321527,Buffering,248832,705,17,47,0,0,14,814,0,1041,0,1042
321778,Buffering,370688,1050,17,47,0,0,14,816,0,1041,0,1042
322027,Buffering,280576,795,17,47,0,0,14,816,0,1041,0,1042
322277,Buffering,190464,539,17,47,0,0,14,816,0,1041,0,1042
322527,Buffering,303104,859,17,47,0,0,14,818,0,1041,0,1042
322776,Buffering,221184,626,17,47,0,0,14,818,0,1041,0,1042
323027,Buffering,131072,371,17,47,0,0,14,818,0,1041,0,1042
323275,Buffering,40960,116,17,47,0,0,14,818,0,1041,0,1042
323521,Buffering,189440,536,17,47,0,0,14,820,0,1041,0,1042
323772,Buffering,99328,281,17,47,0,0,14,820,0,1041,0,1042
324021,Buffering,9216,26,17,47,0,0,14,820,0,1041,0,1042
324271,Buffering,184320,522,17,47,0,0,14,822,0,1041,0,1042
324517,Buffering,184320,522,17,47,0,0,14,822,0,1041,0,1042
324765,Buffering,184320,522,17,47,0,0,14,822,0,1041,0,1042
325013,Buffering,347136,983,17,48,0,0,14,824,0,1041,0,1042
325265,Buffering,257024,728,17,48,0,0,14,824,0,1041,0,1042
325512,Buffering,351232,995,17,48,0,0,14,826,0,1041,0,1042
325764,Buffering,261120,740,17,48,0,0,14,826,0,1041,0,1042
326010,Buffering,179200,507,17,48,0,0,14,826,0,1041,0,1042
326258,Buffering,301056,853,17,48,0,0,14,828,0,1041,0,1042
326508,Buffering,210944,597,17,48,0,0,14,828,0,1041,0,1042
326760,Buffering,120832,342,17,48,0,0,14,828,0,1041,0,1042
327012,Buffering,233472,661,17,48,0,0,14,830,0,1041,0,1042
327263,Buffering,151552,429,17,48,0,0,14,830,0,1041,0,1042
327512,Buffering,61440,174,17,48,0,0,14,830,0,1041,0,1042
327760,Buffering,192512,545,17,48,0,0,14,832,0,1041,0,1042
328011,Buffering,102400,290,17,48,0,0,14,832,0,1041,0,1042
328258,Buffering,20480,58,17,48,0,0,14,832,0,1041,0,1042
328506,Playing,90112,255,17,49,0,0,14,834,0,1041,0,1042
328756,Playing,0,0,17,49,0,0,14,834,0,1041,0,1042
329006,Buffering,221184,626,18,49,0,0,14,836,0,1041,0,1042
329250,Buffering,221184,626,18,49,0,0,14,836,0,1041,0,1042
329502,Buffering,221184,626,18,49,0,0,14,836,0,1041,0,1042
329751,Buffering,363520,1030,18,50,0,0,14,838,0,1041,0,1042
330002,Buffering,273408,774,18,50,0,0,14,838,0,1041,0,1042
330252,Buffering,183296,519,18,50,0,0,14,838,0,1041,0,1042
330562,Buffering,297984,844,18,50,0,0,14,840,0,1041,0,1042
330810,Buffering,207872,589,18,50,0,0,14,840,0,1041,0,1042
331060,Buffering,117760,333,18,50,0,0,14,840,0,1041,0,1042
331310,Buffering,247808,702,18,50,0,0,14,842,0,1041,0,1042
331560,Buffering,157696,446,18,50,0,0,14,842,0,1041,0,1042
331809,Buffering,279552,792,18,50,0,0,14,844,0,1041,0,1042
332058,Buffering,189440,536,18,50,0,0,14,844,0,1041,0,1042
332306,Buffering,107520,304,18,50,0,0,14,844,0,1041,0,1042
332555,Buffering,17408,49,18,50,0,0,14,844,0,1041,0,1042
332805,Buffering,211968,600,18,50,0,0,14,846,0,1041,0,1042
333053,Buffering,211968,600,18,50,0,0,14,846,0,1041,0,1042
333302,Buffering,330752,937,18,51,0,0,14,848,0,1041,0,1042
333552,Buffering,240640,682,18,51,0,0,14,848,0,1041,0,1042
333804,Buffering,150528,426,18,51,0,0,14,848,0,1041,0,1042
334053,Buffering,281600,798,18,51,0,0,14,850,0,1041,0,1042
334302,Buffering,199680,565,18,51,0,0,14,850,0,1041,0,1042
334550,Buffering,109568,310,18,51,0,0,14,850,0,1041,0,1042
334802,Buffering,212992,603,18,51,0,0,14,852,0,1041,0,1042
335052,Buffering,122880,348,18,51,0,0,14,852,0,1041,0,1042
335303,Buffering,40960,116,18,51,0,0,14,852,0,1041,0,1042
335555,Buffering,172032,487,18,51,0,0,14,854,0,1041,0,1042
335806,Buffering,81920,232,18,51,0,0,14,854,0,1041,0,1042
336053,Buffering,176128,499,18,51,0,0,14,856,0,1041,0,1042
336304,Buffering,94208,267,18,51,0,0,14,856,0,1041,0,1042
336552,Buffering,4096,11,18,51,0,0,14,856,0,1041,0,1042
336802,Reconnecting,0,0,18,52,0,0,14,857,698,1041,699,1042
337051,Reconnecting,0,0,18,52,0,0,14,857,698,1041,699,1042
337299,Reconnecting,0,0,18,52,0,0,14,857,698,1041,699,1042
337549,Reconnecting,0,0,18,52,0,0,14,857,698,1041,699,1042
337800,Reconnecting,0,0,18,52,0,0,14,857,698,1041,699,1042
338049,Reconnecting,0,0,18,52,0,0,14,857,698,1041,699,1042
338299,Reconnecting,0,0,18,52,0,0,14,857,698,1041,699,1042
338548,Reconnecting,0,0,18,52,0,0,14,857,698,1041,699,1042
338797,Reconnecting,0,0,18,52,0,0,14,857,698,1041,699,1042
339048,Reconnecting,0,0,18,52,0,0,14,857,698,1041,699,1042
339297,Reconnecting,0,0,18,52,0,0,14,857,698,1041,699,1042
339550,Reconnecting,0,0,18,52,0,0,14,857,698,1041,699,1042
339799,Reconnecting,0,0,18,52,0,0,14,857,698,1041,699,1042
340047,Reconnecting,0,0,18,52,0,0,14,857,698,1041,699,1042
340297,Reconnecting,0,0,18,52,0,0,14,857,698,1041,699,1042
340547,Reconnecting,0,0,18,52,0,0,14,857,698,1041,699,1042
340795,Reconnecting,0,0,18,52,0,0,14,857,698,1041,699,1042
341044,Reconnecting,0,0,18,52,0,0,14,857,698,1041,699,1042
341295,Reconnecting,0,0,18,52,0,0,14,857,698,1041,699,1042
341543,Reconnecting,0,0,18,52,0,0,14,857,698,1041,699,1042
341790,Reconnecting,0,0,18,52,0,0,15,857,698,1041,699,1042
342040,Reconnecting,0,0,18,52,0,0,15,857,698,1041,699,1042
342288,Reconnecting,0,0,18,52,0,0,15,864,1,1041,699,1042
342538,Reconnecting,0,0,18,52,0,0,15,864,1,1041,699,1042
342784,Reconnecting,0,0,18,52,0,0,15,864,1,1041,699,1042
343033,Reconnecting,0,0,18,52,0,0,15,864,1,1041,699,1042
343282,Reconnecting,0,0,18,52,0,0,15,864,1,1041,699,1042
343533,Reconnecting,0,0,18,52,0,0,15,864,1,1041,699,1042
343782,Reconnecting,0,0,18,52,0,0,15,864,1,1041,699,1042
344031,Reconnecting,0,0,18,52,0,0,15,864,1,1041,699,1042
344283,Reconnecting,0,0,18,52,0,0,15,864,1,1041,699,1042
344532,Reconnecting,0,0,18,52,0,0,15,864,1,1041,699,1042
344781,Reconnecting,0,0,18,52,0,0,15,864,1,1041,699,1042
345028,Reconnecting,0,0,18,52,0,0,15,864,1,1041,699,1042
345278,Reconnecting,0,0,18,52,0,0,15,864,1,1041,699,1042
345527,Reconnecting,0,0,18,52,0,0,15,864,1,1041,699,1042
345773,Reconnecting,0,0,18,52,0,0,15,864,1,1041,699,1042
346026,Reconnecting,0,0,18,52,0,0,15,864,1,1041,699,1042
346274,Reconnecting,0,0,18,52,0,0,15,864,1,1041,699,1042
346526,Reconnecting,0,0,18,52,0,0,15,864,1,1041,699,1042
346772,Reconnecting,0,0,18,52,0,0,15,864,1,1041,699,1042
347021,Reconnecting,0,0,18,52,0,0,15,864,1,1041,699,1042
347268,Reconnecting,0,0,18,52,0,0,16,864,1,1041,699,1042
347517,Reconnecting,258048,731,18,52,0,0,16,867,0,1041,0,1042
347766,Reconnecting,1327104,3761,18,52,0,0,16,876,0,1041,0,1042
348014,Reconnecting,1327104,3761,18,52,0,0,16,876,0,1041,0,1042
348261,Playing,1463296,4147,18,52,0,0,16,878,0,1041,0,1042
348509,Playing,1381376,3915,18,52,0,0,16,878,0,1041,0,1042
348759,Playing,1291264,3660,18,52,0,0,16,878,0,1041,0,1042
349007,Playing,1201152,3404,18,52,0,0,16,878,0,1041,0,1042
349257,Playing,1332224,3776,18,52,0,0,16,880,0,1041,0,1042
349506,Playing,1250304,3543,18,52,0,0,16,880,0,1041,0,1042
349757,Playing,1160192,3288,18,52,0,0,16,880,0,1041,0,1042
350006,Playing,1282048,3633,18,52,0,0,16,882,0,1041,0,1042
350253,Playing,1200128,3401,18,52,0,0,16,882,0,1041,0,1042
350503,Playing,1303552,3694,18,52,0,0,16,884,0,1041,0,1042
350753,Playing,1213440,3439,18,52,0,0,16,884,0,1041,0,1042
351001,Playing,1123328,3184,18,52,0,0,16,884,0,1041,0,1042
351252,Playing,1262592,3578,18,52,0,0,16,886,0,1041,0,1042
351502,Playing,1172480,3323,18,52,0,0,16,886,0,1041,0,1042
351753,Playing,1082368,3067,18,52,0,0,16,886,0,1041,0,1042
352003,Playing,1185792,3361,18,52,0,0,16,888,0,1041,0,1042
352251,Playing,1103872,3128,18,52,0,0,16,888,0,1041,0,1042
352560,Playing,1219584,3456,18,52,0,0,16,890,0,1041,0,1042
352809,Playing,1137664,3224,18,52,0,0,16,890,0,1041,0,1042
353060,Playing,1047552,2969,18,52,0,0,16,890,0,1041,0,1042
353310,Playing,957440,2713,18,52,0,0,16,890,0,1041,0,1042
353557,Playing,996352,2824,18,52,0,0,16,892,0,1041,0,1042
353808,Playing,914432,2591,18,52,0,0,16,892,0,1041,0,1042
354056,Playing,824320,2336,18,52,0,0,16,892,0,1041,0,1042
354308,Playing,946176,2681,18,52,0,0,16,894,0,1041,0,1042
354558,Playing,856064,2426,18,52,0,0,16,894,0,1041,0,1042
354809,Playing,765952,2171,18,52,0,0,16,894,0,1041,0,1042
355059,Playing,840704,2382,18,52,0,0,16,896,0,1041,0,1042
355308,Playing,750592,2127,18,52,0,0,16,896,0,1041,0,1042
355556,Playing,660480,1872,18,52,0,0,16,896,0,1041,0,1042
355804,Playing,790528,2240,18,52,0,0,16,898,0,1041,0,1042
356054,Playing,700416,1985,18,52,0,0,16,898,0,1041,0,1042
356305,Playing,794624,2252,18,52,0,0,16,900,0,1041,0,1042
356555,Playing,704512,1996,18,52,0,0,16,900,0,1041,0,1042
356803,Playing,622592,1764,18,52,0,0,16,900,0,1041,0,1042
357053,Playing,753664,2136,18,52,0,0,16,902,0,1041,0,1042
357301,Playing,663552,1880,18,52,0,0,16,902,0,1041,0,1042
357549,Playing,573440,1625,18,52,0,0,16,902,0,1041,0,1042
357798,Playing,703488,1994,18,52,0,0,16,904,0,1041,0,1042
358047,Playing,613376,1738,18,52,0,0,16,904,0,1041,0,1042
358299,Playing,523264,1483,18,52,0,0,16,904,0,1041,0,1042
358551,Playing,626688,1776,18,52,0,0,16,906,0,1041,0,1042
358800,Playing,544768,1544,18,52,0,0,16,906,0,1041,0,1042
359047,Playing,666624,1889,18,52,0,0,16,908,0,1041,0,1042
359298,Playing,576512,1634,18,52,0,0,16,908,0,1041,0,1042
359546,Playing,494592,1401,18,52,0,0,16,908,0,1041,0,1042
359797,Playing,607232,1721,18,52,0,0,16,910,0,1041,0,1042
360047,Playing,517120,1465,18,52,0,0,16,910,0,1041,0,1042
360296,Playing,427008,1210,18,52,0,0,16,910,0,1041,0,1042
360543,Playing,345088,978,18,52,0,0,16,910,0,1041,0,1042
360794,Playing,466944,1323,18,52,0,0,16,912,0,1041,0,1042
361044,Playing,376832,1068,18,52,0,0,16,912,0,1041,0,1042
361294,Playing,480256,1361,18,52,0,0,16,914,0,1041,0,1042
361545,Playing,390144,1105,18,52,0,0,16,914,0,1041,0,1042
361794,Playing,308224,873,18,52,0,0,16,914,0,1041,0,1042
362042,Playing,218112,618,18,52,0,0,16,914,0,1041,0,1042
362293,Playing,349184,989,18,52,0,0,16,916,0,1041,0,1042
362539,Playing,267264,757,18,52,0,0,16,916,0,1041,0,1042
362787,Playing,296960,841,18,52,0,0,16,918,0,1041,0,1042
363036,Playing,206848,586,18,52,0,0,16,918,0,1041,0,1042
363284,Playing,124928,354,18,52,0,0,16,918,0,1041,0,1042
363535,Playing,265216,751,18,52,0,0,16,920,0,1041,0,1042
363784,Playing,175104,496,18,52,0,0,16,920,0,1041,0,1042
364031,Playing,93184,264,18,52,0,0,16,920,0,1041,0,1042
364281,Playing,187392,531,18,52,0,0,16,922,0,1041,0,1042
364529,Playing,97280,275,18,52,0,0,16,922,0,1041,0,1042
364777,Playing,7168,20,18,52,0,0,16,922,0,1041,0,1042
365029,Buffering,211968,600,19,52,0,0,16,924,0,1041,0,1042
365277,Buffering,211968,600,19,52,0,0,16,924,0,1041,0,1042
365529,Buffering,211968,600,19,52,0,0,16,924,0,1041,0,1042
365778,Buffering,406528,1152,19,53,0,0,16,926,0,1041,0,1042
366030,Buffering,324608,920,19,53,0,0,16,926,0,1041,0,1042
366279,Buffering,234496,664,19,53,0,0,16,926,0,1041,0,1042
366530,Buffering,347136,983,19,53,0,0,16,928,0,1041,0,1042
366777,Buffering,257024,728,19,53,0,0,16,928,0,1041,0,1042
367026,Buffering,175104,496,19,53,0,0,16,928,0,1041,0,1042
367276,Buffering,306176,867,19,53,0,0,16,930,0,1041,0,1042
367527,Buffering,216064,612,19,53,0,0,16,930,0,1041,0,1042
367778,Buffering,125952,357,19,53,0,0,16,930,0,1041,0,1042
368030,Buffering,229376,650,19,53,0,0,16,932,0,1041,0,1042
368279,Buffering,147456,417,19,53,0,0,16,932,0,1041,0,1042
368529,Buffering,269312,763,19,53,0,0,16,934,0,1041,0,1042
368777,Buffering,179200,507,19,53,0,0,16,934,0,1041,0,1042
369029,Buffering,89088,252,19,53,0,0,16,934,0,1041,0,1042
369279,Buffering,7168,20,19,53,0,0,16,934,0,1041,0,1042
369528,Buffering,184320,522,19,53,0,0,16,936,0,1041,0,1042
369777,Buffering,184320,522,19,53,0,0,16,936,0,1041,0,1042
370026,Buffering,396288,1123,19,54,0,0,16,938,0,1041,0,1042
370276,Buffering,306176,867,19,54,0,0,16,938,0,1041,0,1042
370525,Buffering,216064,612,19,54,0,0,16,938,0,1041,0,1042
370773,Buffering,336896,954,19,54,0,0,16,940,0,1041,0,1042
371020,Buffering,246784,699,19,54,0,0,16,940,0,1041,0,1042
371270,Buffering,156672,444,19,54,0,0,16,940,0,1041,0,1042
371520,Buffering,66560,188,19,54,0,0,16,940,0,1041,0,1042
371770,Buffering,196608,557,19,54,0,0,16,942,0,1041,0,1042
372019,Buffering,106496,301,19,54,0,0,16,942,0,1041,0,1042
372268,Buffering,163840,464,19,54,0,0,16,944,0,1041,0,1042
372521,Buffering,73728,208,19,54,0,0,16,944,0,1041,0,1042
372772,Buffering,0,0,19,54,0,0,16,944,0,1041,0,1042
373018,Playing,196608,557,19,55,0,0,16,946,0,1041,0,1042
373269,Playing,106496,301,19,55,0,0,16,946,0,1041,0,1042
373516,Playing,24576,69,19,55,0,0,16,946,0,1041,0,1042
373766,Buffering,184320,522,20,55,0,0,16,948,0,1041,0,1042
374013,Buffering,184320,522,20,55,0,0,16,948,0,1041,0,1042
374261,Buffering,184320,522,20,55,0,0,16,948,0,1041,0,1042
374509,Buffering,347136,983,20,56,0,0,16,950,0,1041,0,1042
374762,Buffering,257024,728,20,56,0,0,16,950,0,1041,0,1042
375013,Buffering,166912,473,20,56,0,0,16,950,0,1041,0,1042
375260,Buffering,288768,818,20,56,0,0,16,952,0,1041,0,1042
375509,Buffering,206848,586,20,56,0,0,16,952,0,1041,0,1042
375758,Buffering,301056,853,20,56,0,0,16,954,0,1041,0,1042
376005,Buffering,210944,597,20,56,0,0,16,954,0,1041,0,1042
376252,Buffering,129024,365,20,56,0,0,16,954,0,1041,0,1042
376502,Buffering,250880,711,20,56,0,0,16,956,0,1041,0,1042
376808,Buffering,144384,409,20,56,0,0,16,956,0,1041,0,1042
377058,Buffering,54272,153,20,56,0,0,16,956,0,1041,0,1042
377307,Buffering,157696,446,20,56,0,0,16,958,0,1041,0,1042
377556,Buffering,75776,214,20,56,0,0,16,958,0,1041,0,1042
377807,Buffering,221184,626,20,56,0,0,16,960,0,1041,0,1042
378055,Buffering,221184,626,20,56,0,0,16,960,0,1041,0,1042
378302,Buffering,221184,626,20,56,0,0,16,960,0,1041,0,1042
378552,Buffering,221184,626,20,56,0,0,16,960,0,1041,0,1042
378802,Buffering,390144,1105,20,57,0,0,16,962,0,1041,0,1042
379051,Buffering,300032,850,20,57,0,0,16,962,0,1041,0,1042
379299,Buffering,430080,1219,20,57,0,0,16,964,0,1041,0,1042
379548,Buffering,339968,963,20,57,0,0,16,964,0,1041,0,1042
379795,Buffering,249856,708,20,57,0,0,16,964,0,1041,0,1042
380046,Buffering,159744,452,20,57,0,0,16,964,0,1041,0,1042
380295,Buffering,262144,743,20,57,0,0,16,966,0,1041,0,1042
380544,Buffering,172032,487,20,57,0,0,16,966,0,1041,0,1042
380794,Buffering,81920,232,20,57,0,0,16,966,0,1041,0,1042
381042,Buffering,203776,577,20,57,0,0,16,968,0,1041,0,1042
381290,Buffering,121856,345,20,57,0,0,16,968,0,1041,0,1042
381543,Buffering,179200,507,20,57,0,0,16,970,0,1041,0,1042
381793,Buffering,89088,252,20,57,0,0,16,970,0,1041,0,1042
382041,Buffering,7168,20,20,57,0,0,16,970,0,1041,0,1042
382289,Buffering,0,0,20,57,0,0,16,970,0,1041,0,1042
382537,Playing,130048,368,20,58,0,0,16,972,0,1041,0,1042
382785,Playing,39936,113,20,58,0,0,16,972,0,1041,0,1042
383035,Buffering,202752,574,21,58,0,0,16,974,0,1041,0,1042
383285,Buffering,202752,574,21,58,0,0,16,974,0,1041,0,1042
383534,Buffering,202752,574,21,58,0,0,16,974,0,1041,0,1042
383785,Buffering,390144,1105,21,59,0,0,16,976,0,1041,0,1042
384035,Buffering,308224,873,21,59,0,0,16,976,0,1041,0,1042
384283,Buffering,218112,618,21,59,0,0,16,976,0,1041,0,1042
384533,Buffering,339968,963,21,59,0,0,16,978,0,1041,0,1042
384779,Buffering,258048,731,21,59,0,0,16,978,0,1041,0,1042
385029,Buffering,167936,476,21,59,0,0,16,978,0,1041,0,1042
385279,Buffering,280576,795,21,59,0,0,16,980,0,1041,0,1042
385528,Buffering,190464,539,21,59,0,0,16,980,0,1041,0,1042
385780,Buffering,108544,307,21,59,0,0,16,980,0,1041,0,1042
386030,Buffering,230400,653,21,59,0,0,16,982,0,1041,0,1042
386279,Buffering,140288,397,21,59,0,0,16,982,0,1041,0,1042
386528,Buffering,50176,142,21,59,0,0,16,982,0,1041,0,1042
386778,Buffering,161792,458,21,59,0,0,16,984,0,1041,0,1042
387026,Buffering,71680,203,21,59,0,0,16,984,0,1041,0,1042
387276,Buffering,0,0,21,59,0,0,16,984,0,1041,0,1042
387528,Buffering,211968,600,21,59,0,0,16,986,0,1041,0,1042
387777,Buffering,211968,600,21,59,0,0,16,986,0,1041,0,1042
388027,Buffering,211968,600,21,59,0,0,16,986,0,1041,0,1042
388276,Buffering,331776,940,21,60,0,0,16,988,0,1041,0,1042
388526,Buffering,241664,684,21,60,0,0,16,988,0,1041,0,1042
388776,Buffering,372736,1056,21,60,0,0,16,990,0,1041,0,1042
389026,Buffering,290816,824,21,60,0,0,16,990,0,1041,0,1042
389274,Buffering,200704,568,21,60,0,0,16,990,0,1041,0,1042
389524,Buffering,239616,679,21,60,0,0,16,992,0,1041,0,1042
389776,Buffering,149504,423,21,60,0,0,16,992,0,1041,0,1042
390021,Buffering,67584,191,21,60,0,0,16,992,0,1041,0,1042
390270,Buffering,189440,536,21,60,0,0,16,994,0,1041,0,1042
390519,Buffering,99328,281,21,60,0,0,16,994,0,1041,0,1042
390769,Buffering,17408,49,21,60,0,0,16,994,0,1041,0,1042
391019,Reconnecting,0,0,21,61,0,0,16,995,778,1041,779,1042
391266,Reconnecting,0,0,21,61,0,0,16,995,778,1041,779,1042
391517,Reconnecting,0,0,21,61,0,0,16,995,778,1041,779,1042
391766,Reconnecting,0,0,21,61,0,0,16,995,778,1041,779,1042
392015,Reconnecting,0,0,21,61,0,0,16,995,778,1041,779,1042
392264,Reconnecting,0,0,21,61,0,0,16,995,778,1041,779,1042
392511,Reconnecting,0,0,21,61,0,0,16,995,778,1041,779,1042
392763,Reconnecting,0,0,21,61,0,0,16,995,778,1041,779,1042
393015,Reconnecting,0,0,21,61,0,0,16,995,778,1041,779,1042
393263,Reconnecting,0,0,21,61,0,0,16,995,778,1041,779,1042
393513,Reconnecting,0,0,21,61,0,0,16,995,778,1041,779,1042
393761,Reconnecting,0,0,21,61,0,0,16,995,778,1041,779,1042
394014,Reconnecting,0,0,21,61,0,0,16,995,778,1041,779,1042
394263,Reconnecting,0,0,21,61,0,0,16,995,778,1041,779,1042
394513,Reconnecting,0,0,21,61,0,0,16,995,778,1041,779,1042
394762,Reconnecting,0,0,21,61,0,0,16,995,778,1041,779,1042
395012,Reconnecting,0,0,21,61,0,0,16,995,778,1041,779,1042
395262,Reconnecting,0,0,21,61,0,0,16,995,778,1041,779,1042
395514,Reconnecting,0,0,21,61,0,0,16,995,778,1041,779,1042
395763,Reconnecting,0,0,21,61,0,0,16,995,778,1041,779,1042
396010,Reconnecting,0,0,21,61,0,0,17,995,778,1041,779,1042
396261,Reconnecting,0,0,21,61,0,0,17,998,0,1041,779,1042
396512,Reconnecting,0,0,21,61,0,0,17,1002,0,1041,779,1042
396760,Reconnecting,0,0,21,61,0,0,17,1002,0,1041,779,1042
397011,Reconnecting,0,0,21,61,0,0,17,1002,0,1041,779,1042
397260,Reconnecting,0,0,21,61,0,0,17,1002,0,1041,779,1042
397511,Reconnecting,0,0,21,61,0,0,17,1002,0,1041,779,1042
397760,Reconnecting,0,0,21,61,0,0,17,1002,0,1041,779,1042
398009,Reconnecting,0,0,21,61,0,0,17,1002,0,1041,779,1042
398259,Reconnecting,0,0,21,61,0,0,17,1002,0,1041,779,1042
398511,Reconnecting,0,0,21,61,0,0,17,1002,0,1041,779,1042
398762,Reconnecting,0,0,21,61,0,0,17,1002,0,1041,779,1042
399009,Reconnecting,0,0,21,61,0,0,17,1002,0,1041,779,1042
399257,Reconnecting,0,0,21,61,0,0,17,1002,0,1041,779,1042
399508,Reconnecting,0,0,21,61,0,0,17,1002,0,1041,779,1042
399756,Reconnecting,0,0,21,61,0,0,17,1002,0,1041,779,1042
400006,Reconnecting,0,0,21,61,0,0,17,1002,0,1041,779,1042
400255,Reconnecting,0,0,21,61,0,0,17,1002,0,1041,779,1042
400505,Reconnecting,0,0,21,61,0,0,17,1002,0,1041,779,1042
400756,Reconnecting,0,0,21,61,0,0,17,1002,0,1041,779,1042
401003,Reconnecting,0,0,21,61,0,0,17,1002,0,1041,779,1042
401252,Reconnecting,0,0,21,61,0,0,17,1002,0,1041,779,1042
401503,Reconnecting,0,0,21,61,0,0,18,1002,0,1041,779,1042
401755,Reconnecting,0,0,21,61,0,0,18,1009,1,1041,779,1042
402005,Reconnecting,0,0,21,61,0,0,18,1009,1,1041,779,1042
402254,Reconnecting,0,0,21,61,0,0,18,1009,1,1041,779,1042
402504,Reconnecting,0,0,21,61,0,0,18,1009,1,1041,779,1042
402755,Reconnecting,0,0,21,61,0,0,18,1009,1,1041,779,1042
403005,Reconnecting,0,0,21,61,0,0,18,1009,1,1041,779,1042
403255,Reconnecting,0,0,21,61,0,0,18,1009,1,1041,779,1042
403504,Reconnecting,0,0,21,61,0,0,18,1009,1,1041,779,1042
403754,Reconnecting,0,0,21,61,0,0,18,1009,1,1041,779,1042
404003,Reconnecting,0,0,21,61,0,0,18,1009,1,1041,779,1042
404253,Reconnecting,0,0,21,61,0,0,18,1009,1,1041,779,1042
404501,Reconnecting,0,0,21,61,0,0,18,1009,1,1041,779,1042
404753,Reconnecting,0,0,21,61,0,0,18,1009,1,1041,779,1042
405005,Reconnecting,0,0,21,61,0,0,18,1009,1,1041,779,1042
405256,Reconnecting,0,0,21,61,0,0,18,1009,1,1041,779,1042
405504,Reconnecting,0,0,21,61,0,0,18,1009,1,1041,779,1042
405754,Reconnecting,0,0,21,61,0,0,18,1009,1,1041,779,1042
406003,Reconnecting,0,0,21,61,0,0,18,1009,1,1041,779,1042
406254,Reconnecting,0,0,21,61,0,0,18,1009,1,1041,779,1042
406502,Reconnecting,0,0,21,61,0,0,18,1009,1,1041,779,1042
406750,Reconnecting,0,0,21,61,0,0,19,1009,1,1041,779,1042
407002,Reconnecting,0,0,21,61,0,0,19,1011,0,1041,779,1042
407252,Reconnecting,1004544,2847,21,61,0,0,19,1020,0,1041,0,1042
407501,Reconnecting,1004544,2847,21,61,0,0,19,1020,0,1041,0,1042
407750,Reconnecting,1188864,3369,21,61,0,0,19,1022,0,1041,0,1042
408060,Reconnecting,1188864,3369,21,61,0,0,19,1022,0,1041,0,1042
408307,Reconnecting,1188864,3369,21,61,0,0,19,1022,0,1041,0,1042
408557,Reconnecting,1410048,3996,21,61,0,0,19,1024,0,1041,0,1042
408804,Reconnecting,1410048,3996,21,61,0,0,19,1024,0,1041,0,1042
409052,Reconnecting,1410048,3996,21,61,0,0,19,1024,0,1041,0,1042
409302,Playing,1622016,4597,21,61,0,0,19,1026,0,1041,0,1042
409552,Playing,1531904,4342,21,61,0,0,19,1026,0,1041,0,1042
409801,Playing,1441792,4086,21,61,0,0,19,1026,0,1041,0,1042
410052,Playing,1536000,4353,21,61,0,0,19,1028,0,1041,0,1042
410301,Playing,1454080,4121,21,61,0,0,19,1028,0,1041,0,1042
410551,Playing,1363968,3866,21,61,0,0,19,1028,0,1041,0,1042
410801,Playing,1495040,4237,21,61,0,0,19,1030,0,1041,0,1042
411049,Playing,1413120,4005,21,61,0,0,19,1030,0,1041,0,1042
411298,Playing,1516544,4298,21,61,0,0,19,1032,0,1041,0,1042
411547,Playing,1426432,4043,21,61,0,0,19,1032,0,1041,0,1042
411798,Playing,1336320,3787,21,61,0,0,19,1032,0,1041,0,1042
412047,Playing,1475584,4182,21,61,0,0,19,1034,0,1041,0,1042
412297,Playing,1385472,3927,21,61,0,0,19,1034,0,1041,0,1042
412546,Playing,1295360,3671,21,61,0,0,19,1034,0,1041,0,1042
412797,Playing,1398784,3964,21,61,0,0,19,1036,0,1041,0,1042
413045,Playing,1316864,3732,21,61,0,0,19,1036,0,1041,0,1042
413294,Playing,1226752,3477,21,61,0,0,19,1036,0,1041,0,1042
413544,Playing,1348608,3822,21,61,0,0,19,1038,0,1041,0,1042
413794,Playing,1258496,3567,21,61,0,0,19,1038,0,1041,0,1042
414044,Playing,1176576,3334,21,61,0,0,19,1038,0,1041,0,1042
414291,Playing,1270784,3601,21,61,0,0,19,1040,0,1041,0,1042
414543,Playing,1180672,3346,21,61,0,0,19,1040,0,1041,0,1042
414793,Playing,1090560,3091,21,61,0,0,19,1040,0,1041,0,1042
415041,Playing,1220608,3459,21,61,0,0,19,1042,0,1041,0,1042
415294,Playing,1130496,3204,21,61,0,0,19,1042,0,1041,0,1042
415540,Playing,1040384,2948,21,61,0,0,19,1042,0,1041,0,1042
415791,Playing,1106944,3137,21,61,0,0,19,1044,0,1041,0,1042
416043,Playing,1025024,2905,21,61,0,0,19,1044,0,1041,0,1042
416291,Playing,934912,2649,21,61,0,0,19,1044,0,1041,0,1042
416541,Playing,1056768,2995,21,61,0,0,19,1046,0,1041,0,1042
416790,Playing,966656,2739,21,61,0,0,19,1046,0,1041,0,1042
417040,Playing,1096704,3108,21,61,0,0,19,1048,0,1041,0,1042
417288,Playing,1006592,2853,21,61,0,0,19,1048,0,1041,0,1042
417536,Playing,916480,2597,21,61,0,0,19,1048,0,1041,0,1042
417789,Playing,826368,2342,21,61,0,0,19,1048,0,1041,0,1042
418039,Playing,947200,2684,21,61,0,0,19,1050,0,1041,0,1042
418287,Playing,857088,2429,21,61,0,0,19,1050,0,1041,0,1042
418537,Playing,978944,2774,21,61,0,0,19,1052,0,1041,0,1042
418786,Playing,888832,2519,21,61,0,0,19,1052,0,1041,0,1042
419036,Playing,806912,2287,21,61,0,0,19,1052,0,1041,0,1042
419285,Playing,716800,2031,21,61,0,0,19,1052,0,1041,0,1042
419534,Playing,829440,2351,21,61,0,0,19,1054,0,1041,0,1042
419783,Playing,747520,2118,21,61,0,0,19,1054,0,1041,0,1042
420033,Playing,657408,1863,21,61,0,0,19,1054,0,1041,0,1042
420279,Playing,779264,2208,21,61,0,0,19,1056,0,1041,0,1042
420528,Playing,689152,1953,21,61,0,0,19,1056,0,1041,0,1042
420780,Playing,607232,1721,21,61,0,0,19,1056,0,1041,0,1042
421032,Playing,701440,1988,21,61,0,0,19,1058,0,1041,0,1042
421280,Playing,611328,1732,21,61,0,0,19,1058,0,1041,0,1042
421533,Playing,733184,2078,21,61,0,0,19,1060,0,1041,0,1042
421786,Playing,643072,1822,21,61,0,0,19,1060,0,1041,0,1042
422035,Playing,561152,1590,21,61,0,0,19,1060,0,1041,0,1042
422283,Playing,673792,1909,21,61,0,0,19,1062,0,1041,0,1042
422531,Playing,583680,1654,21,61,0,0,19,1062,0,1041,0,1042
422780,Playing,501760,1422,21,61,0,0,19,1062,0,1041,0,1042
423030,Playing,632832,1793,21,61,0,0,19,1064,0,1041,0,1042
423280,Playing,542720,1538,21,61,0,0,19,1064,0,1041,0,1042
423530,Playing,452608,1282,21,61,0,0,19,1064,0,1041,0,1042
423777,Playing,518144,1468,21,61,0,0,19,1066,0,1041,0,1042
424027,Playing,428032,1213,21,61,0,0,19,1066,0,1041,0,1042
424275,Playing,549888,1558,21,61,0,0,19,1068,0,1041,0,1042
424524,Playing,459776,1303,21,61,0,0,19,1068,0,1041,0,1042
424775,Playing,377856,1071,21,61,0,0,19,1068,0,1041,0,1042
425027,Playing,453632,1285,21,61,0,0,19,1070,0,1041,0,1042
425277,Playing,363520,1030,21,61,0,0,19,1070,0,1041,0,1042
425524,Playing,273408,774,21,61,0,0,19,1070,0,1041,0,1042
425774,Playing,403456,1143,21,61,0,0,19,1072,0,1041,0,1042
426025,Playing,313344,888,21,61,0,0,19,1072,0,1041,0,1042
426275,Playing,223232,632,21,61,0,0,19,1072,0,1041,0,1042
426524,Playing,345088,978,21,61,0,0,19,1074,0,1041,0,1042
426775,Playing,254976,722,21,61,0,0,19,1074,0,1041,0,1042
427023,Playing,173056,490,21,61,0,0,19,1074,0,1041,0,1042
427273,Playing,82944,235,21,61,0,0,19,1074,0,1041,0,1042
427527,Playing,177152,502,21,61,0,0,19,1076,0,1041,0,1042
427776,Playing,87040,246,21,61,0,0,19,1076,0,1041,0,1042
428026,Playing,226304,641,21,61,0,0,19,1078,0,1041,0,1042
428273,Playing,136192,386,21,61,0,0,19,1078,0,1041,0,1042
428523,Playing,46080,130,21,61,0,0,19,1078,0,1041,0,1042
428771,Buffering,193536,548,22,61,0,0,19,1080,0,1041,0,1042
429022,Buffering,193536,548,22,61,0,0,19,1080,0,1041,0,1042
429273,Buffering,193536,548,22,61,0,0,19,1080,0,1041,0,1042
429522,Buffering,331776,940,22,62,0,0,19,1082,0,1041,0,1042
429773,Buffering,241664,684,22,62,0,0,19,1082,0,1041,0,1042
430024,Buffering,151552,429,22,62,0,0,19,1082,0,1041,0,1042
430274,Buffering,272384,772,22,62,0,0,19,1084,0,1041,0,1042
430521,Buffering,182272,516,22,62,0,0,19,1084,0,1041,0,1042
430772,Buffering,92160,261,22,62,0,0,19,1084,0,1041,0,1042
431022,Buffering,214016,606,22,62,0,0,19,1086,0,1041,0,1042
431271,Buffering,132096,374,22,62,0,0,19,1086,0,1041,0,1042
431521,Buffering,41984,119,22,62,0,0,19,1086,0,1041,0,1042
431770,Buffering,90112,255,22,62,0,0,19,1088,0,1041,0,1042
432021,Buffering,0,0,22,62,0,0,19,1088,0,1041,0,1042
432271,Buffering,0,0,22,62,0,0,19,1088,0,1041,0,1042
432521,Buffering,211968,600,22,62,0,0,19,1090,0,1041,0,1042
432770,Buffering,211968,600,22,62,0,0,19,1090,0,1041,0,1042
433017,Buffering,337920,957,22,63,0,0,19,1092,0,1041,0,1042
433269,Buffering,247808,702,22,63,0,0,19,1092,0,1041,0,1042
433519,Buffering,157696,446,22,63,0,0,19,1092,0,1041,0,1042
433768,Buffering,288768,818,22,63,0,0,19,1094,0,1041,0,1042
434016,Buffering,198656,563,22,63,0,0,19,1094,0,1041,0,1042
434264,Buffering,116736,330,22,63,0,0,19,1094,0,1041,0,1042
434512,Buffering,229376,650,22,63,0,0,19,1096,0,1041,0,1042
434758,Buffering,139264,394,22,63,0,0,19,1096,0,1041,0,1042
435009,Buffering,57344,162,22,63,0,0,19,1096,0,1041,0,1042
435255,Buffering,169984,481,22,63,0,0,19,1098,0,1041,0,1042
435505,Buffering,79872,226,22,63,0,0,19,1098,0,1041,0,1042
435754,Buffering,0,0,22,63,0,0,19,1098,0,1041,0,1042
436003,Playing,146432,415,22,64,0,0,19,1100,0,1041,0,1042
436254,Playing,56320,159,22,64,0,0,19,1100,0,1041,0,1042
436504,Playing,0,0,22,64,0,0,19,1100,0,1041,0,1042
436757,Buffering,184320,522,23,64,0,0,19,1102,0,1041,0,1042
437007,Buffering,184320,522,23,64,0,0,19,1102,0,1041,0,1042
437257,Buffering,184320,522,23,64,0,0,19,1102,0,1041,0,1042
437506,Buffering,340992,966,23,65,0,0,19,1104,0,1041,0,1042
437754,Buffering,250880,711,23,65,0,0,19,1104,0,1041,0,1042
438001,Buffering,168960,478,23,65,0,0,19,1104,0,1041,0,1042
438252,Buffering,263168,745,23,65,0,0,19,1106,0,1041,0,1042
438501,Buffering,173056,490,23,65,0,0,19,1106,0,1041,0,1042
438750,Buffering,91136,258,23,65,0,0,19,1106,0,1041,0,1042
439000,Buffering,222208,629,23,65,0,0,19,1108,0,1041,0,1042
439310,Buffering,115712,327,23,65,0,0,19,1108,0,1041,0,1042
439559,Buffering,25600,72,23,65,0,0,19,1108,0,1041,0,1042
439810,Buffering,129024,365,23,65,0,0,19,1110,0,1041,0,1042
440061,Buffering,38912,110,23,65,0,0,19,1110,0,1041,0,1042
440250,Buffering,185344,525,23,65,0,0,19,1112,0,1041,0,1042
440562,Buffering,78848,223,23,65,0,0,19,1112,0,1041,0,1042
440753,Buffering,5120,14,23,65,0,0,19,1112,0,1041,0,1042
441004,Buffering,147456,417,23,65,0,0,19,1114,0,1041,0,1042
441255,Buffering,147456,417,23,65,0,0,19,1114,0,1041,0,1042
441505,Buffering,147456,417,23,65,0,0,19,1114,0,1041,0,1042
441755,Buffering,343040,972,23,66,0,0,19,1116,0,1041,0,1042
442002,Buffering,261120,740,23,66,0,0,19,1116,0,1041,0,1042
442255,Buffering,171008,484,23,66,0,0,19,1116,0,1041,0,1042
442505,Buffering,274432,777,23,66,0,0,19,1118,0,1041,0,1042
442753,Buffering,184320,522,23,66,0,0,19,1118,0,1041,0,1042
443002,Buffering,94208,267,23,66,0,0,19,1118,0,1041,0,1042
443254,Buffering,224256,635,23,66,0,0,19,1120,0,1041,0,1042
443504,Buffering,134144,380,23,66,0,0,19,1120,0,1041,0,1042
443752,Buffering,44032,124,23,66,0,0,19,1120,0,1041,0,1042
444003,Buffering,175104,496,23,66,0,0,19,1122,0,1041,0,1042
444252,Buffering,93184,264,23,66,0,0,19,1122,0,1041,0,1042
444503,Buffering,196608,557,23,66,0,0,19,1124,0,1041,0,1042
444751,Buffering,106496,301,23,66,0,0,19,1124,0,1041,0,1042
445001,Buffering,16384,46,23,66,0,0,19,1124,0,1041,0,1042
445310,Playing,204800,580,23,67,0,0,19,1126,0,1041,0,1042
445561,Playing,114688,325,23,67,0,0,19,1126,0,1041,0,1042
445811,Playing,24576,69,23,67,0,0,19,1126,0,1041,0,1042
446060,Playing,126976,359,23,67,0,0,19,1128,0,1041,0,1042
446308,Playing,36864,104,23,67,0,0,19,1128,0,1041,0,1042
446558,Playing,0,0,23,67,0,0,19,1128,0,1041,0,1042
446806,Playing,0,0,23,67,0,0,19,1128,0,1041,0,1042
447056,Buffering,211968,600,24,67,0,0,19,1130,0,1041,0,1042
447304,Buffering,211968,600,24,67,0,0,19,1130,0,1041,0,1042
447554,Buffering,306176,867,24,68,0,0,19,1132,0,1041,0,1042
447805,Buffering,216064,612,24,68,0,0,19,1132,0,1041,0,1042
448056,Buffering,134144,380,24,68,0,0,19,1132,0,1041,0,1042
448306,Buffering,274432,777,24,68,0,0,19,1134,0,1041,0,1042
448557,Buffering,184320,522,24,68,0,0,19,1134,0,1041,0,1042
448807,Buffering,94208,267,24,68,0,0,19,1134,0,1041,0,1042
449056,Buffering,132096,374,24,68,0,0,19,1136,0,1041,0,1042
449304,Buffering,41984,119,24,68,0,0,19,1136,0,1041,0,1042
449551,Buffering,0,0,24,68,0,0,19,1136,0,1041,0,1042
449802,Buffering,221184,626,24,68,0,0,19,1138,0,1041,0,1042
450052,Buffering,221184,626,24,68,0,0,19,1138,0,1041,0,1042
450305,Buffering,221184,626,24,68,0,0,19,1138,0,1041,0,1042
450553,Buffering,320512,908,24,69,0,0,19,1140,0,1041,0,1042
450804,Buffering,230400,653,24,69,0,0,19,1140,0,1041,0,1042
451055,Buffering,352256,998,24,69,0,0,19,1142,0,1041,0,1042
451303,Buffering,270336,766,24,69,0,0,19,1142,0,1041,0,1042
451556,Buffering,180224,510,24,69,0,0,19,1142,0,1041,0,1042
451806,Buffering,292864,830,24,69,0,0,19,1144,0,1041,0,1042
452055,Buffering,202752,574,24,69,0,0,19,1144,0,1041,0,1042
452304,Buffering,120832,342,24,69,0,0,19,1144,0,1041,0,1042
452553,Buffering,30720,87,24,69,0,0,19,1144,0,1041,0,1042
452803,Buffering,124928,354,24,69,0,0,19,1146,0,1041,0,1042
453054,Buffering,34816,98,24,69,0,0,19,1146,0,1041,0,1042
453303,Reconnecting,0,0,24,70,0,0,19,1147,694,1041,694,1042
453553,Reconnecting,0,0,24,70,0,0,19,1147,694,1041,694,1042
453802,Reconnecting,0,0,24,70,0,0,19,1147,694,1041,694,1042
454052,Reconnecting,0,0,24,70,0,0,19,1147,694,1041,694,1042
454301,Reconnecting,0,0,24,70,0,0,19,1147,694,1041,694,1042
454550,Reconnecting,0,0,24,70,0,0,19,1147,694,1041,694,1042
454799,Reconnecting,0,0,24,70,0,0,19,1147,694,1041,694,1042
455049,Reconnecting,0,0,24,70,0,0,19,1147,694,1041,694,1042
455299,Reconnecting,0,0,24,70,0,0,19,1147,694,1041,694,1042
455547,Reconnecting,0,0,24,70,0,0,19,1147,694,1041,694,1042
455798,Reconnecting,0,0,24,70,0,0,19,1147,694,1041,694,1042
456045,Reconnecting,0,0,24,70,0,0,19,1147,694,1041,694,1042
456298,Reconnecting,0,0,24,70,0,0,19,1147,694,1041,694,1042
456547,Reconnecting,0,0,24,70,0,0,19,1147,694,1041,694,1042
456795,Reconnecting,0,0,24,70,0,0,19,1147,694,1041,694,1042
457045,Reconnecting,0,0,24,70,0,0,19,1147,694,1041,694,1042
457294,Reconnecting,0,0,24,70,0,0,19,1147,694,1041,694,1042
457546,Reconnecting,0,0,24,70,0,0,19,1147,694,1041,694,1042
457794,Reconnecting,0,0,24,70,0,0,19,1147,694,1041,694,1042
458044,Reconnecting,0,0,24,70,0,0,19,1147,694,1041,694,1042
458294,Reconnecting,0,0,24,70,0,0,19,1147,694,1041,694,1042
458542,Reconnecting,0,0,24,70,0,0,20,1147,694,1041,694,1042
458791,Reconnecting,0,0,24,70,0,0,20,1154,0,1041,694,1042
459041,Reconnecting,0,0,24,70,0,0,20,1154,0,1041,694,1042
459291,Reconnecting,0,0,24,70,0,0,20,1154,0,1041,694,1042
459539,Reconnecting,0,0,24,70,0,0,20,1154,0,1041,694,1042
459785,Reconnecting,0,0,24,70,0,0,20,1154,0,1041,694,1042
460037,Reconnecting,0,0,24,70,0,0,20,1154,0,1041,694,1042
460286,Reconnecting,0,0,24,70,0,0,20,1154,0,1041,694,1042
460536,Reconnecting,0,0,24,70,0,0,20,1154,0,1041,694,1042
460789,Reconnecting,0,0,24,70,0,0,20,1154,0,1041,694,1042
461039,Reconnecting,0,0,24,70,0,0,20,1154,0,1041,694,1042
461289,Reconnecting,0,0,24,70,0,0,20,1154,0,1041,694,1042
461542,Reconnecting,0,0,24,70,0,0,20,1154,0,1041,694,1042
461789,Reconnecting,0,0,24,70,0,0,20,1154,0,1041,694,1042
462035,Reconnecting,0,0,24,70,0,0,20,1154,0,1041,694,1042
462284,Reconnecting,0,0,24,70,0,0,20,1154,0,1041,694,1042
462534,Reconnecting,0,0,24,70,0,0,20,1154,0,1041,694,1042
462781,Reconnecting,0,0,24,70,0,0,20,1154,0,1041,694,1042
463032,Reconnecting,0,0,24,70,0,0,20,1154,0,1041,694,1042
463283,Reconnecting,0,0,24,70,0,0,20,1154,0,1041,694,1042
463531,Reconnecting,0,0,24,70,0,0,20,1154,0,1041,694,1042
463779,Reconnecting,0,0,24,70,0,0,21,1154,0,1041,694,1042
464030,Reconnecting,0,0,24,70,0,0,21,1158,0,1041,694,1042
464279,Reconnecting,986112,2795,24,70,0,0,21,1166,0,1041,0,1042
464529,Reconnecting,986112,2795,24,70,0,0,21,1166,0,1041,0,1042
464779,Reconnecting,1170432,3317,24,70,0,0,21,1168,0,1041,0,1042
465030,Reconnecting,1170432,3317,24,70,0,0,21,1168,0,1041,0,1042
465280,Reconnecting,1170432,3317,24,70,0,0,21,1168,0,1041,0,1042
465530,Reconnecting,1382400,3918,24,70,0,0,21,1170,0,1041,0,1042
465781,Reconnecting,1382400,3918,24,70,0,0,21,1170,0,1041,0,1042
466028,Reconnecting,1382400,3918,24,70,0,0,21,1170,0,1041,0,1042
466277,Playing,1504256,4263,24,70,0,0,21,1172,0,1041,0,1042
466525,Playing,1422336,4031,24,70,0,0,21,1172,0,1041,0,1042
466774,Playing,1525760,4324,24,70,0,0,21,1174,0,1041,0,1042
467023,Playing,1435648,4069,24,70,0,0,21,1174,0,1041,0,1042
467273,Playing,1345536,3813,24,70,0,0,21,1174,0,1041,0,1042
467522,Playing,1475584,4182,24,70,0,0,21,1176,0,1041,0,1042
467771,Playing,1385472,3927,24,70,0,0,21,1176,0,1041,0,1042
468022,Playing,1295360,3671,24,70,0,0,21,1176,0,1041,0,1042
468272,Playing,1389568,3938,24,70,0,0,21,1178,0,1041,0,1042
468522,Playing,1307648,3706,24,70,0,0,21,1178,0,1041,0,1042
468770,Playing,1217536,3451,24,70,0,0,21,1178,0,1041,0,1042
469018,Playing,1339392,3796,24,70,0,0,21,1180,0,1041,0,1042
469268,Playing,1249280,3541,24,70,0,0,21,1180,0,1041,0,1042
469518,Playing,1351680,3831,24,70,0,0,21,1182,0,1041,0,1042
469768,Playing,1261568,3575,24,70,0,0,21,1182,0,1041,0,1042
470018,Playing,1171456,3320,24,70,0,0,21,1182,0,1041,0,1042
470268,Playing,1293312,3665,24,70,0,0,21,1184,0,1041,0,1042
470518,Playing,1211392,3433,24,70,0,0,21,1184,0,1041,0,1042
470767,Playing,1121280,3178,24,70,0,0,21,1184,0,1041,0,1042
471018,Playing,1031168,2922,24,70,0,0,21,1184,0,1041,0,1042
471266,Playing,1133568,3213,24,70,0,0,21,1186,0,1041,0,1042
471514,Playing,1043456,2957,24,70,0,0,21,1186,0,1041,0,1042
471761,Playing,1174528,3329,24,70,0,0,21,1188,0,1041,0,1042
472010,Playing,1084416,3073,24,70,0,0,21,1188,0,1041,0,1042
472259,Playing,1002496,2841,24,70,0,0,21,1188,0,1041,0,1042
472512,Playing,1105920,3134,24,70,0,0,21,1190,0,1041,0,1042
472760,Playing,1015808,2879,24,70,0,0,21,1190,0,1041,0,1042
473010,Playing,925696,2623,24,70,0,0,21,1190,0,1041,0,1042
473258,Playing,1064960,3018,24,70,0,0,21,1192,0,1041,0,1042
473510,Playing,974848,2763,24,70,0,0,21,1192,0,1041,0,1042
473759,Playing,884736,2507,24,70,0,0,21,1192,0,1041,0,1042
474009,Playing,942080,2670,24,70,0,0,21,1194,0,1041,0,1042
474259,Playing,860160,2438,24,70,0,0,21,1194,0,1041,0,1042
474508,Playing,770048,2182,24,70,0,0,21,1194,0,1041,0,1042
474759,Playing,891904,2528,24,70,0,0,21,1196,0,1041,0,1042
475006,Playing,801792,2272,24,70,0,0,21,1196,0,1041,0,1042
475256,Playing,719872,2040,24,70,0,0,21,1196,0,1041,0,1042
475504,Playing,823296,2333,24,70,0,0,21,1198,0,1041,0,1042
475755,Playing,733184,2078,24,70,0,0,21,1198,0,1041,0,1042
476002,Playing,643072,1822,24,70,0,0,21,1198,0,1041,0,1042
476251,Playing,773120,2191,24,70,0,0,21,1200,0,1041,0,1042
476500,Playing,683008,1935,24,70,0,0,21,1200,0,1041,0,1042
476811,Playing,788480,2234,24,70,0,0,21,1202,0,1041,0,1042
477063,Playing,698368,1979,24,70,0,0,21,1202,0,1041,0,1042
477251,Playing,632832,1793,24,70,0,0,21,1202,0,1041,0,1042
477560,Playing,711680,2017,24,70,0,0,21,1204,0,1041,0,1042
477807,Playing,629760,1785,24,70,0,0,21,1204,0,1041,0,1042
478056,Playing,539648,1529,24,70,0,0,21,1204,0,1041,0,1042
478304,Playing,670720,1901,24,70,0,0,21,1206,0,1041,0,1042
478552,Playing,588800,1668,24,70,0,0,21,1206,0,1041,0,1042
478801,Playing,498688,1413,24,70,0,0,21,1206,0,1041,0,1042
479050,Playing,592896,1680,24,70,0,0,21,1208,0,1041,0,1042
479302,Playing,502784,1425,24,70,0,0,21,1208,0,1041,0,1042
479551,Playing,420864,1192,24,70,0,0,21,1208,0,1041,0,1042
479801,Playing,542720,1538,24,70,0,0,21,1210,2,1041,2,1042
480048,Playing,452608,1282,24,70,0,0,21,1210,2,1041,2,1042
480298,Playing,370688,1050,24,70,0,0,21,1210,2,1041,2,1042
480549,Playing,464896,1317,24,70,0,0,21,1212,0,1041,0,1042
480797,Playing,374784,1062,24,70,0,0,21,1212,0,1041,0,1042
481048,Playing,515072,1459,24,70,0,0,21,1214,0,1041,0,1042
481296,Playing,433152,1227,24,70,0,0,21,1214,0,1041,0,1042
481545,Playing,343040,972,24,70,0,0,21,1214,0,1041,0,1042
481794,Playing,372736,1056,24,70,0,0,21,1216,0,1041,0,1042
482042,Playing,290816,824,24,70,0,0,21,1216,0,1041,0,1042
482294,Playing,200704,568,24,70,0,0,21,1216,0,1041,0,1042
482541,Playing,110592,313,24,70,0,0,21,1216,0,1041,0,1042
482790,Playing,241664,684,24,70,0,0,21,1218,0,1041,0,1042
483038,Playing,159744,452,24,70,0,0,21,1218,0,1041,0,1042
483286,Playing,69632,197,24,70,0,0,21,1218,0,1041,0,1042
483536,Playing,136192,386,24,70,0,0,21,1220,0,1041,0,1042
483786,Playing,46080,130,24,70,0,0,21,1220,0,1041,0,1042
484034,Playing,185344,525,24,70,0,0,21,1222,0,1041,0,1042
484285,Playing,95232,269,24,70,0,0,21,1222,0,1041,0,1042
484533,Playing,5120,14,24,70,0,0,21,1222,0,1041,0,1042
484784,Buffering,202752,574,25,70,0,0,21,1224,0,1041,0,1042
485034,Buffering,202752,574,25,70,0,0,21,1224,0,1041,0,1042
485281,Buffering,202752,574,25,70,0,0,21,1224,0,1041,0,1042
485532,Buffering,362496,1027,25,71,0,0,21,1226,0,1041,0,1042
485780,Buffering,280576,795,25,71,0,0,21,1226,0,1041,0,1042
486032,Buffering,190464,539,25,71,0,0,21,1226,0,1041,0,1042
486281,Buffering,312320,885,25,71,0,0,21,1228,0,1041,0,1042
486530,Buffering,222208,629,25,71,0,0,21,1228,0,1041,0,1042
486780,Buffering,140288,397,25,71,0,0,21,1228,0,1041,0,1042
487028,Buffering,234496,664,25,71,0,0,21,1230,0,1041,0,1042
487279,Buffering,144384,409,25,71,0,0,21,1230,0,1041,0,1042
487529,Buffering,54272,153,25,71,0,0,21,1230,0,1041,0,1042
487778,Buffering,184320,522,25,71,0,0,21,1232,0,1041,0,1042
488027,Buffering,94208,267,25,71,0,0,21,1232,0,1041,0,1042
488277,Buffering,197632,560,25,71,0,0,21,1234,0,1041,0,1042
488526,Buffering,107520,304,25,71,0,0,21,1234,0,1041,0,1042
488775,Buffering,25600,72,25,71,0,0,21,1234,0,1041,0,1042
489022,Buffering,221184,626,25,71,0,0,21,1236,0,1041,0,1042
489272,Buffering,221184,626,25,71,0,0,21,1236,0,1041,0,1042
489523,Buffering,221184,626,25,71,0,0,21,1236,0,1041,0,1042
489772,Buffering,221184,626,25,71,0,0,21,1236,0,1041,0,1042
490022,Buffering,315392,893,25,72,0,0,21,1238,0,1041,0,1042
490272,Buffering,225280,638,25,72,0,0,21,1238,0,1041,0,1042
490521,Buffering,143360,406,25,72,0,0,21,1238,0,1041,0,1042
490769,Buffering,265216,751,25,72,0,0,21,1240,0,1041,0,1042
491017,Buffering,294912,835,25,72,0,0,21,1242,0,1041,0,1042
491267,Buffering,212992,603,25,72,0,0,21,1242,0,1041,0,1042
491513,Buffering,122880,348,25,72,0,0,21,1242,0,1041,0,1042
491763,Buffering,32768,92,25,72,0,0,21,1242,0,1041,0,1042
492014,Playing,181248,513,25,73,0,0,21,1244,0,1041,0,1042
492264,Playing,99328,281,25,73,0,0,21,1244,0,1041,0,1042
492513,Playing,9216,26,25,73,0,0,21,1244,0,1041,0,1042
492762,Buffering,184320,522,26,73,0,0,21,1246,0,1041,0,1042
493013,Buffering,184320,522,26,73,0,0,21,1246,0,1041,0,1042
493261,Buffering,184320,522,26,73,0,0,21,1246,0,1041,0,1042
493510,Buffering,372736,1056,26,74,0,0,21,1248,0,1041,0,1042
493758,Buffering,282624,801,26,74,0,0,21,1248,0,1041,0,1042
494007,Buffering,200704,568,26,74,0,0,21,1248,0,1041,0,1042
494255,Buffering,322560,914,26,74,0,0,21,1250,0,1041,0,1042
494502,Buffering,232448,658,26,74,0,0,21,1250,0,1041,0,1042
494750,Buffering,344064,975,26,74,0,0,21,1252,0,1041,0,1042
495002,Buffering,253952,719,26,74,0,0,21,1252,0,1041,0,1042
495253,Buffering,163840,464,26,74,0,0,21,1252,0,1041,0,1042
495503,Buffering,304128,862,26,74,0,0,21,1254,0,1041,0,1042
495755,Buffering,214016,606,26,74,0,0,21,1254,0,1041,0,1042
496005,Buffering,132096,374,26,74,0,0,21,1254,0,1041,0,1042
496250,Buffering,41984,119,26,74,0,0,21,1254,0,1041,0,1042
496561,Buffering,119808,339,26,74,0,0,21,1256,0,1041,0,1042
496810,Buffering,29696,84,26,74,0,0,21,1256,0,1041,0,1042
497059,Buffering,211968,600,26,74,0,0,21,1258,0,1041,0,1042
497311,Buffering,211968,600,26,74,0,0,21,1258,0,1041,0,1042
497501,Buffering,211968,600,26,74,0,0,21,1258,0,1041,0,1042
497751,Buffering,211968,600,26,74,0,0,21,1258,0,1041,0,1042
498000,Buffering,322560,914,26,75,0,0,21,1260,0,1041,0,1042
498250,Buffering,232448,658,26,75,0,0,21,1260,0,1041,0,1042
498562,Buffering,347136,983,26,75,0,0,21,1262,0,1041,0,1042
498813,Buffering,257024,728,26,75,0,0,21,1262,0,1041,0,1042
499061,Buffering,360448,1021,26,75,0,0,21,1264,0,1041,0,1042
499250,Buffering,294912,835,26,75,0,0,21,1264,0,1041,0,1042
499559,Buffering,188416,534,26,75,0,0,21,1264,0,1041,0,1042
499805,Buffering,98304,278,26,75,0,0,21,1264,0,1041,0,1042
500057,Buffering,229376,650,26,75,0,0,21,1266,0,1041,0,1042
500305,Buffering,139264,394,26,75,0,0,21,1266,0,1041,0,1042
500557,Buffering,204800,580,26,75,0,0,21,1268,0,1041,0,1042
500808,Buffering,114688,325,26,75,0,0,21,1268,0,1041,0,1042
501056,Buffering,24576,69,26,75,0,0,21,1268,0,1041,0,1042
501309,Playing,195584,554,26,76,0,0,21,1270,0,1041,0,1042
501558,Playing,105472,298,26,76,0,0,21,1270,0,1041,0,1042
501809,Playing,23552,66,26,76,0,0,21,1270,0,1041,0,1042
502056,Buffering,175104,496,27,76,0,0,21,1272,0,1041,0,1042
502308,Buffering,175104,496,27,76,0,0,21,1272,0,1041,0,1042
502556,Buffering,175104,496,27,76,0,0,21,1272,0,1041,0,1042
502805,Buffering,175104,496,27,76,0,0,21,1272,0,1041,0,1042
503056,Buffering,321536,911,27,77,0,0,21,1274,0,1041,0,1042
503303,Buffering,231424,655,27,77,0,0,21,1274,0,1041,0,1042
503552,Buffering,361472,1024,27,77,0,0,21,1276,0,1041,0,1042
503800,Buffering,271360,769,27,77,0,0,21,1276,0,1041,0,1042
504051,Buffering,181248,513,27,77,0,0,21,1276,0,1041,0,1042
504299,Buffering,284672,806,27,77,0,0,21,1278,0,1041,0,1042
504548,Buffering,202752,574,27,77,0,0,21,1278,0,1041,0,1042
504797,Buffering,112640,319,27,77,0,0,21,1278,0,1041,0,1042
505045,Buffering,22528,63,27,77,0,0,21,1278,0,1041,0,1042
505294,Buffering,161792,458,27,77,0,0,21,1280,0,1041,0,1042
505544,Buffering,71680,203,27,77,0,0,21,1280,0,1041,0,1042
505793,Buffering,165888,470,27,77,0,0,21,1282,0,1041,0,1042
506043,Buffering,75776,214,27,77,0,0,21,1282,0,1041,0,1042
506293,Buffering,0,0,27,77,0,0,21,1282,0,1041,0,1042
506542,Buffering,230400,653,27,77,0,0,21,1284,0,1041,0,1042
506792,Buffering,230400,653,27,77,0,0,21,1284,0,1041,0,1042
507040,Buffering,230400,653,27,77,0,0,21,1284,0,1041,0,1042
507288,Buffering,406528,1152,27,78,0,0,21,1286,0,1041,0,1042
507540,Buffering,316416,896,27,78,0,0,21,1286,0,1041,0,1042
507788,Buffering,438272,1242,27,78,0,0,21,1288,0,1041,0,1042
508040,Buffering,348160,986,27,78,0,0,21,1288,0,1041,0,1042
508287,Buffering,266240,754,27,78,0,0,21,1288,0,1041,0,1042
508536,Buffering,176128,499,27,78,0,0,21,1288,0,1041,0,1042
508785,Buffering,224256,635,27,78,0,0,21,1290,0,1041,0,1042
509036,Buffering,134144,380,27,78,0,0,21,1290,0,1041,0,1042
509284,Buffering,52224,148,27,78,0,0,21,1290,0,1041,0,1042
509533,Buffering,183296,519,27,78,0,0,21,1292,0,1041,0,1042
509782,Buffering,93184,264,27,78,0,0,21,1292,0,1041,0,1042
510033,Buffering,186368,528,27,78,0,0,21,1294,0,1041,0,1042
510281,Buffering,96256,272,27,78,0,0,21,1294,0,1041,0,1042
510531,Buffering,6144,17,27,78,0,0,21,1294,0,1041,0,1042
510780,Reconnecting,0,0,27,79,0,0,21,1295,738,1041,739,1042
511031,Reconnecting,0,0,27,79,0,0,21,1295,738,1041,739,1042
511280,Reconnecting,0,0,27,79,0,0,21,1295,738,1041,739,1042
511527,Reconnecting,0,0,27,79,0,0,21,1295,738,1041,739,1042
511776,Reconnecting,0,0,27,79,0,0,21,1295,738,1041,739,1042
512026,Reconnecting,0,0,27,79,0,0,21,1295,738,1041,739,1042
512276,Reconnecting,0,0,27,79,0,0,21,1295,738,1041,739,1042
512525,Reconnecting,0,0,27,79,0,0,21,1295,738,1041,739,1042
512775,Reconnecting,0,0,27,79,0,0,21,1295,738,1041,739,1042
513023,Reconnecting,0,0,27,79,0,0,21,1295,738,1041,739,1042
513271,Reconnecting,0,0,27,79,0,0,21,1295,738,1041,739,1042
513517,Reconnecting,0,0,27,79,0,0,21,1295,738,1041,739,1042
513769,Reconnecting,0,0,27,79,0,0,21,1295,738,1041,739,1042
514020,Reconnecting,0,0,27,79,0,0,21,1295,738,1041,739,1042
514268,Reconnecting,0,0,27,79,0,0,21,1295,738,1041,739,1042
514517,Reconnecting,0,0,27,79,0,0,21,1295,738,1041,739,1042
514764,Reconnecting,0,0,27,79,0,0,21,1295,738,1041,739,1042
515014,Reconnecting,0,0,27,79,0,0,21,1295,738,1041,739,1042
515263,Reconnecting,0,0,27,79,0,0,21,1295,738,1041,739,1042
515513,Reconnecting,0,0,27,79,0,0,21,1295,738,1041,739,1042
515763,Reconnecting,0,0,27,79,0,0,22,1295,738,1041,739,1042
516012,Reconnecting,18432,52,27,79,0,0,22,1299,0,1041,0,1042
516263,Reconnecting,1087488,3082,27,79,0,0,22,1309,0,1041,0,1042
516512,Reconnecting,1087488,3082,27,79,0,0,22,1309,0,1041,0,1042
516764,Reconnecting,1271808,3604,27,79,0,0,22,1311,0,1041,0,1042
517017,Reconnecting,1271808,3604,27,79,0,0,22,1311,0,1041,0,1042
517269,Reconnecting,1271808,3604,27,79,0,0,22,1311,0,1041,0,1042
517521,Playing,1443840,4092,27,79,0,0,22,1313,0,1041,0,1042
517772,Playing,1353728,3837,27,79,0,0,22,1313,0,1041,0,1042
518022,Playing,1263616,3581,27,79,0,0,22,1313,0,1041,0,1042
518275,Playing,1394688,3953,27,79,0,0,22,1315,0,1041,0,1042
518523,Playing,1312768,3720,27,79,0,0,22,1315,0,1041,0,1042
518771,Playing,1222656,3465,27,79,0,0,22,1315,0,1041,0,1042
519021,Playing,1326080,3758,27,79,0,0,22,1317,0,1041,0,1042
519268,Playing,1244160,3526,27,79,0,0,22,1317,0,1041,0,1042
519516,Playing,1154048,3271,27,79,0,0,22,1317,0,1041,0,1042
519763,Playing,1285120,3642,27,79,0,0,22,1319,0,1041,0,1042
520012,Playing,1203200,3410,27,79,0,0,22,1319,0,1041,0,1042
520260,Playing,1297408,3677,27,79,0,0,22,1321,0,1041,0,1042
520511,Playing,1207296,3422,27,79,0,0,22,1321,0,1041,0,1042
520760,Playing,1117184,3166,27,79,0,0,22,1321,0,1041,0,1042
521011,Playing,1035264,2934,27,79,0,0,22,1321,0,1041,0,1042
521258,Playing,1175552,3332,27,79,0,0,22,1323,0,1041,0,1042
521508,Playing,1085440,3076,27,79,0,0,22,1323,0,1041,0,1042
521758,Playing,1003520,2844,27,79,0,0,22,1323,0,1041,0,1042
522007,Playing,1042432,2954,27,79,0,0,22,1325,0,1041,0,1042
522257,Playing,952320,2699,27,79,0,0,22,1325,0,1041,0,1042
522506,Playing,1083392,3070,27,79,0,0,22,1327,0,1041,0,1042
522756,Playing,1001472,2838,27,79,0,0,22,1327,0,1041,0,1042
523008,Playing,911360,2583,27,79,0,0,22,1327,0,1041,0,1042
523257,Playing,821248,2327,27,79,0,0,22,1327,0,1041,0,1042
523506,Playing,878592,2490,27,79,0,0,22,1329,0,1041,0,1042
523755,Playing,796672,2258,27,79,0,0,22,1329,0,1041,0,1042
524004,Playing,927744,2629,27,79,0,0,22,1331,0,1041,0,1042
524253,Playing,837632,2374,27,79,0,0,22,1331,0,1041,0,1042
524502,Playing,747520,2118,27,79,0,0,22,1331,0,1041,0,1042
524754,Playing,868352,2461,27,79,0,0,22,1333,0,1041,0,1042
525000,Playing,778240,2205,27,79,0,0,22,1333,0,1041,0,1042
525252,Playing,688128,1950,27,79,0,0,22,1333,0,1041,0,1042
525502,Playing,782336,2217,27,79,0,0,22,1335,0,1041,0,1042
525752,Playing,700416,1985,27,79,0,0,22,1335,0,1041,0,1042
526000,Playing,610304,1729,27,79,0,0,22,1335,0,1041,0,1042
526250,Playing,732160,2075,27,79,0,0,22,1337,0,1041,0,1042
526560,Playing,625664,1773,27,79,0,0,22,1337,0,1041,0,1042
526812,Playing,535552,1518,27,79,0,0,22,1337,0,1041,0,1042
527000,Playing,654336,1854,27,79,0,0,22,1339,0,1041,0,1042
527251,Playing,564224,1599,27,79,0,0,22,1339,0,1041,0,1042
527500,Playing,474112,1343,27,79,0,0,22,1339,0,1041,0,1042
527750,Playing,604160,1712,27,79,0,0,22,1341,0,1041,0,1042
528059,Playing,489472,1387,27,79,0,0,22,1341,0,1041,0,1042
528307,Playing,591872,1677,27,79,0,0,22,1343,0,1041,0,1042
528556,Playing,501760,1422,27,79,0,0,22,1343,0,1041,0,1042
528807,Playing,411648,1166,27,79,0,0,22,1343,0,1041,0,1042
529058,Playing,542720,1538,27,79,0,0,22,1345,0,1041,0,1042
529306,Playing,460800,1306,27,79,0,0,22,1345,0,1041,0,1042
529555,Playing,370688,1050,27,79,0,0,22,1345,0,1041,0,1042
529802,Playing,474112,1343,27,79,0,0,22,1347,0,1041,0,1042
530052,Playing,392192,1111,27,79,0,0,22,1347,0,1041,0,1042
530302,Playing,302080,856,27,79,0,0,22,1347,0,1041,0,1042
530551,Playing,433152,1227,27,79,0,0,22,1349,0,1041,0,1042
530800,Playing,343040,972,27,79,0,0,22,1349,0,1041,0,1042
531049,Playing,380928,1079,27,79,0,0,22,1351,0,1041,0,1042
531299,Playing,290816,824,27,79,0,0,22,1351,0,1041,0,1042
531549,Playing,200704,568,27,79,0,0,22,1351,0,1041,0,1042
531799,Playing,110592,313,27,79,0,0,22,1351,0,1041,0,1042
532051,Playing,250880,711,27,79,0,0,22,1353,0,1041,0,1042
532299,Playing,168960,478,27,79,0,0,22,1353,0,1041,0,1042
532549,Playing,78848,223,27,79,0,0,22,1353,0,1041,0,1042
532799,Playing,173056,490,27,79,0,0,22,1355,0,1041,0,1042
533049,Playing,82944,235,27,79,0,0,22,1355,0,1041,0,1042
533298,Playing,1024,2,27,79,0,0,22,1355,0,1041,0,1042
533547,Buffering,211968,600,28,79,0,0,22,1357,0,1041,0,1042
533799,Buffering,211968,600,28,79,0,0,22,1357,0,1041,0,1042
534048,Buffering,390144,1105,28,80,0,0,22,1359,0,1041,0,1042
534298,Buffering,308224,873,28,80,0,0,22,1359,0,1041,0,1042
534546,Buffering,218112,618,28,80,0,0,22,1359,0,1041,0,1042
534795,Buffering,330752,937,28,80,0,0,22,1361,0,1041,0,1042
535044,Buffering,240640,682,28,80,0,0,22,1361,0,1041,0,1042
535291,Buffering,158720,449,28,80,0,0,22,1361,0,1041,0,1042
535542,Buffering,308224,873,28,80,0,0,22,1363,0,1041,0,1042
535792,Buffering,218112,618,28,80,0,0,22,1363,0,1041,0,1042
536040,Buffering,128000,362,28,80,0,0,22,1363,0,1041,0,1042
536289,Buffering,46080,130,28,80,0,0,22,1363,0,1041,0,1042
536539,Buffering,140288,397,28,80,0,0,22,1365,0,1041,0,1042
536791,Buffering,50176,142,28,80,0,0,22,1365,0,1041,0,1042
537043,Buffering,211968,600,28,80,0,0,22,1367,0,1041,0,1042
537293,Buffering,211968,600,28,80,0,0,22,1367,0,1041,0,1042
537545,Buffering,211968,600,28,80,0,0,22,1367,0,1041,0,1042
537795,Buffering,211968,600,28,80,0,0,22,1367,0,1041,0,1042
538046,Buffering,322560,914,28,81,0,0,22,1369,0,1041,0,1042
538296,Buffering,232448,658,28,81,0,0,22,1369,0,1041,0,1042
538545,Buffering,362496,1027,28,81,0,0,22,1371,0,1041,0,1042
538793,Buffering,272384,772,28,81,0,0,22,1371,0,1041,0,1042
539042,Buffering,182272,516,28,81,0,0,22,1371,0,1041,0,1042
539290,Buffering,284672,806,28,81,0,0,22,1373,0,1041,0,1042
539540,Buffering,194560,551,28,81,0,0,22,1373,0,1041,0,1042
539790,Buffering,104448,296,28,81,0,0,22,1373,0,1041,0,1042
540038,Buffering,235520,667,28,81,0,0,22,1375,0,1041,0,1042
540284,Buffering,153600,435,28,81,0,0,22,1375,0,1041,0,1042
540535,Buffering,210944,597,28,81,0,0,22,1377,0,1041,0,1042
540783,Buffering,120832,342,28,81,0,0,22,1377,0,1041,0,1042
541031,Buffering,38912,110,28,81,0,0,22,1377,0,1041,0,1042
541281,Playing,188416,534,28,82,0,0,22,1379,0,1041,0,1042
541532,Playing,98304,278,28,82,0,0,22,1379,0,1041,0,1042
541782,Playing,8192,23,28,82,0,0,22,1379,0,1041,0,1042
542036,Buffering,175104,496,29,82,0,0,22,1381,0,1041,0,1042
542287,Buffering,175104,496,29,82,0,0,22,1381,0,1041,0,1042
542537,Buffering,175104,496,29,82,0,0,22,1381,0,1041,0,1042
542791,Buffering,321536,911,29,83,0,0,22,1383,0,1041,0,1042
543042,Buffering,231424,655,29,83,0,0,22,1383,0,1041,0,1042
543292,Buffering,141312,400,29,83,0,0,22,1383,0,1041,0,1042
543543,Buffering,262144,743,29,83,0,0,22,1385,0,1041,0,1042
543793,Buffering,172032,487,29,83,0,0,22,1385,0,1041,0,1042
544042,Buffering,284672,806,29,83,0,0,22,1387,0,1041,0,1042
544290,Buffering,194560,551,29,83,0,0,22,1387,0,1041,0,1042
544539,Buffering,112640,319,29,83,0,0,22,1387,0,1041,0,1042
544788,Buffering,22528,63,29,83,0,0,22,1387,0,1041,0,1042
545041,Buffering,211968,600,29,83,0,0,22,1389,0,1041,0,1042
545292,Buffering,211968,600,29,83,0,0,22,1389,0,1041,0,1042
545542,Buffering,338944,960,29,84,0,0,22,1391,0,1041,0,1042
545790,Buffering,257024,728,29,84,0,0,22,1391,0,1041,0,1042
546037,Buffering,166912,473,29,84,0,0,22,1391,0,1041,0,1042
546286,Buffering,76800,217,29,84,0,0,22,1391,0,1041,0,1042
546535,Buffering,206848,586,29,84,0,0,22,1393,0,1041,0,1042
546786,Buffering,116736,330,29,84,0,0,22,1393,0,1041,0,1042
547035,Buffering,210944,597,29,84,0,0,22,1395,0,1041,0,1042
547286,Buffering,120832,342,29,84,0,0,22,1395,0,1041,0,1042
547535,Buffering,30720,87,29,84,0,0,22,1395,0,1041,0,1042
547786,Playing,179200,507,29,85,0,0,22,1397,0,1041,0,1042
548034,Playing,89088,252,29,85,0,0,22,1397,0,1041,0,1042
548283,Playing,0,0,29,85,0,0,22,1397,0,1041,0,1042
548531,Buffering,184320,522,30,85,0,0,22,1399,0,1041,0,1042
548782,Buffering,184320,522,30,85,0,0,22,1399,0,1041,0,1042
549033,Buffering,371712,1053,30,86,0,0,22,1401,0,1041,0,1042
549285,Buffering,281600,798,30,86,0,0,22,1401,0,1041,0,1042
549533,Buffering,191488,542,30,86,0,0,22,1401,0,1041,0,1042
549783,Buffering,293888,833,30,86,0,0,22,1403,0,1041,0,1042
550034,Buffering,203776,577,30,86,0,0,22,1403,0,1041,0,1042
550284,Buffering,113664,322,30,86,0,0,22,1403,0,1041,0,1042
550533,Buffering,244736,693,30,86,0,0,22,1405,0,1041,0,1042
550784,Buffering,154624,438,30,86,0,0,22,1405,0,1041,0,1042
551032,Buffering,266240,754,30,86,0,0,22,1407,0,1041,0,1042
551281,Buffering,176128,499,30,86,0,0,22,1407,0,1041,0,1042
551529,Buffering,86016,243,30,86,0,0,22,1407,0,1041,0,1042
551778,Buffering,4096,11,30,86,0,0,22,1407,0,1041,0,1042
552028,Buffering,221184,626,30,86,0,0,22,1409,0,1041,0,1042
552276,Buffering,221184,626,30,86,0,0,22,1409,0,1041,0,1042
552524,Buffering,344064,975,30,87,0,0,22,1411,0,1041,0,1042
552772,Buffering,253952,719,30,87,0,0,22,1411,0,1041,0,1042
553020,Buffering,163840,464,30,87,0,0,22,1411,0,1041,0,1042
553269,Buffering,73728,208,30,87,0,0,22,1411,0,1041,0,1042
553520,Buffering,203776,577,30,87,0,0,22,1413,0,1041,0,1042
553768,Buffering,113664,322,30,87,0,0,22,1413,0,1041,0,1042
554019,Buffering,198656,563,30,87,0,0,22,1415,0,1041,0,1042
554268,Buffering,108544,307,30,87,0,0,22,1415,0,1041,0,1042
554516,Buffering,26624,75,30,87,0,0,22,1415,0,1041,0,1042
554766,Buffering,0,0,30,87,0,0,22,1415,0,1041,0,1042
555016,Reconnecting,0,0,30,88,0,0,22,1416,931,1041,931,1042
555262,Reconnecting,0,0,30,88,0,0,22,1416,931,1041,931,1042
555511,Reconnecting,0,0,30,88,0,0,22,1416,931,1041,931,1042
555759,Reconnecting,0,0,30,88,0,0,22,1416,931,1041,931,1042
556011,Reconnecting,0,0,30,88,0,0,22,1416,931,1041,931,1042
556258,Reconnecting,0,0,30,88,0,0,22,1416,931,1041,931,1042
556506,Reconnecting,0,0,30,88,0,0,22,1416,931,1041,931,1042
556755,Reconnecting,0,0,30,88,0,0,22,1416,931,1041,931,1042
557009,Reconnecting,0,0,30,88,0,0,22,1416,931,1041,931,1042
557261,Reconnecting,0,0,30,88,0,0,22,1416,931,1041,931,1042
557510,Reconnecting,0,0,30,88,0,0,22,1416,931,1041,931,1042
557760,Reconnecting,0,0,30,88,0,0,22,1416,931,1041,931,1042
558012,Reconnecting,0,0,30,88,0,0,22,1416,931,1041,931,1042
558262,Reconnecting,0,0,30,88,0,0,22,1416,931,1041,931,1042
558510,Reconnecting,0,0,30,88,0,0,22,1416,931,1041,931,1042
558760,Reconnecting,0,0,30,88,0,0,22,1416,931,1041,931,1042
559010,Reconnecting,0,0,30,88,0,0,22,1416,931,1041,931,1042
559260,Reconnecting,0,0,30,88,0,0,22,1416,931,1041,931,1042
559508,Reconnecting,0,0,30,88,0,0,22,1416,931,1041,931,1042
559757,Reconnecting,0,0,30,88,0,0,22,1416,931,1041,931,1042
560007,Reconnecting,0,0,30,88,0,0,23,1416,931,1041,931,1042
560256,Reconnecting,608256,1724,30,88,0,0,23,1423,0,1041,0,1042
560503,Reconnecting,1179648,3343,30,88,0,0,23,1428,0,1041,0,1042
560755,Reconnecting,1179648,3343,30,88,0,0,23,1428,0,1041,0,1042
561008,Reconnecting,1179648,3343,30,88,0,0,23,1428,0,1041,0,1042
561256,Reconnecting,1179648,3343,30,88,0,0,23,1428,0,1041,0,1042
561506,Reconnecting,1391616,3944,30,88,0,0,23,1430,0,1041,0,1042
561756,Reconnecting,1391616,3944,30,88,0,0,23,1430,0,1041,0,1042
562004,Playing,1504256,4263,30,88,0,0,23,1432,0,1041,0,1042
562255,Playing,1414144,4008,30,88,0,0,23,1432,0,1041,0,1042
562504,Playing,1332224,3776,30,88,0,0,23,1432,0,1041,0,1042
562750,Playing,1472512,4173,30,88,0,0,23,1434,0,1041,0,1042
563002,Playing,1382400,3918,30,88,0,0,23,1434,0,1041,0,1042
563254,Playing,1292288,3662,30,88,0,0,23,1434,0,1041,0,1042
563504,Playing,1404928,3982,30,88,0,0,23,1436,0,1041,0,1042
563755,Playing,1323008,3750,30,88,0,0,23,1436,0,1041,0,1042
564002,Playing,1232896,3494,30,88,0,0,23,1436,0,1041,0,1042
564250,Playing,1345536,3813,30,88,0,0,23,1438,0,1041,0,1042
564502,Playing,1255424,3558,30,88,0,0,23,1438,0,1041,0,1042
564753,Playing,1173504,3326,30,88,0,0,23,1438,0,1041,0,1042
565002,Playing,1295360,3671,30,88,0,0,23,1440,0,1041,0,1042
565250,Playing,1205248,3416,30,88,0,0,23,1440,0,1041,0,1042
565500,Playing,1123328,3184,30,88,0,0,23,1440,0,1041,0,1042
565810,Playing,1192960,3381,30,88,0,0,23,1442,0,1041,0,1042
566061,Playing,1102848,3125,30,88,0,0,23,1442,0,1041,0,1042
566308,Playing,1020928,2893,30,88,0,0,23,1442,0,1041,0,1042
566558,Playing,1161216,3291,30,88,0,0,23,1444,0,1041,0,1042
566807,Playing,1071104,3036,30,88,0,0,23,1444,0,1041,0,1042
567056,Playing,989184,2803,30,88,0,0,23,1444,0,1041,0,1042
567305,Playing,1083392,3070,30,88,0,0,23,1446,0,1041,0,1042
567553,Playing,993280,2815,30,88,0,0,23,1446,0,1041,0,1042
567803,Playing,911360,2583,30,88,0,0,23,1446,0,1041,0,1042
568055,Playing,1042432,2954,30,88,0,0,23,1448,0,1041,0,1042
568303,Playing,952320,2699,30,88,0,0,23,1448,0,1041,0,1042
568552,Playing,1055744,2992,30,88,0,0,23,1450,0,1041,0,1042
568801,Playing,973824,2760,30,88,0,0,23,1450,0,1041,0,1042
569052,Playing,883712,2504,30,88,0,0,23,1450,0,1041,0,1042
569302,Playing,1014784,2876,30,88,0,0,23,1452,0,1041,0,1042
569551,Playing,924672,2620,30,88,0,0,23,1452,0,1041,0,1042
569799,Playing,842752,2388,30,88,0,0,23,1452,0,1041,0,1042
570049,Playing,900096,2551,30,88,0,0,23,1454,0,1041,0,1042
570296,Playing,809984,2295,30,88,0,0,23,1454,0,1041,0,1042
570544,Playing,728064,2063,30,88,0,0,23,1454,0,1041,0,1042
570795,Playing,637952,1808,30,88,0,0,23,1454,0,1041,0,1042
571044,Playing,759808,2153,30,88,0,0,23,1456,0,1041,0,1042
571295,Playing,669696,1898,30,88,0,0,23,1456,0,1041,0,1042
571544,Playing,781312,2214,30,88,0,0,23,1458,0,1041,0,1042
571794,Playing,691200,1959,30,88,0,0,23,1458,0,1041,0,1042
572045,Playing,601088,1703,30,88,0,0,23,1458,0,1041,0,1042
572294,Playing,722944,2049,30,88,0,0,23,1460,0,1041,0,1042
572543,Playing,632832,1793,30,88,0,0,23,1460,0,1041,0,1042
572791,Playing,550912,1561,30,88,0,0,23,1460,0,1041,0,1042
573043,Playing,672768,1906,30,88,0,0,23,1462,0,1041,0,1042
573292,Playing,582656,1651,30,88,0,0,23,1462,0,1041,0,1042
573542,Playing,492544,1396,30,88,0,0,23,1462,0,1041,0,1042
573791,Playing,604160,1712,30,88,0,0,23,1464,0,1041,0,1042
574039,Playing,514048,1457,30,88,0,0,23,1464,0,1041,0,1042
574288,Playing,423936,1201,30,88,0,0,23,1464,0,1041,0,1042
574538,Playing,563200,1596,30,88,0,0,23,1466,0,1041,0,1042
574786,Playing,473088,1340,30,88,0,0,23,1466,0,1041,0,1042
575034,Playing,567296,1607,30,88,0,0,23,1468,0,1041,0,1042
575285,Playing,477184,1352,30,88,0,0,23,1468,0,1041,0,1042
575536,Playing,395264,1120,30,88,0,0,23,1468,0,1041,0,1042
575787,Playing,517120,1465,30,88,0,0,23,1470,0,1041,0,1042
576037,Playing,427008,1210,30,88,0,0,23,1470,0,1041,0,1042
576284,Playing,336896,954,30,88,0,0,23,1470,0,1041,0,1042
576533,Playing,439296,1245,30,88,0,0,23,1472,0,1041,0,1042
576783,Playing,349184,989,30,88,0,0,23,1472,0,1041,0,1042
577032,Playing,259072,734,30,88,0,0,23,1472,0,1041,0,1042
577282,Playing,399360,1131,30,88,0,0,23,1474,0,1041,0,1042
577532,Playing,317440,899,30,88,0,0,23,1474,0,1041,0,1042
577784,Playing,227328,644,30,88,0,0,23,1474,0,1041,0,1042
578030,Playing,137216,388,30,88,0,0,23,1474,0,1041,0,1042
578282,Playing,166912,473,30,88,0,0,23,1476,0,1041,0,1042
578532,Playing,84992,240,30,88,0,0,23,1476,0,1041,0,1042
578779,Playing,216064,612,30,88,0,0,23,1478,0,1041,0,1042
579029,Playing,125952,357,30,88,0,0,23,1478,0,1041,0,1042
579279,Playing,35840,101,30,88,0,0,23,1478,0,1041,0,1042
579528,Buffering,156672,444,31,88,0,0,23,1480,0,1041,0,1042
579778,Buffering,156672,444,31,88,0,0,23,1480,0,1041,0,1042
580029,Buffering,156672,444,31,88,0,0,23,1480,0,1041,0,1042
580278,Buffering,304128,862,31,89,0,0,23,1482,0,1041,0,1042
580528,Buffering,214016,606,31,89,0,0,23,1482,0,1041,0,1042
580777,Buffering,132096,374,31,89,0,0,23,1482,0,1041,0,1042
581026,Buffering,244736,693,31,89,0,0,23,1484,0,1041,0,1042
581278,Buffering,154624,438,31,89,0,0,23,1484,0,1041,0,1042
581527,Buffering,72704,206,31,89,0,0,23,1484,0,1041,0,1042
581775,Buffering,166912,473,31,89,0,0,23,1486,0,1041,0,1042
582025,Buffering,76800,217,31,89,0,0,23,1486,0,1041,0,1042
582275,Buffering,211968,600,31,89,0,0,23,1488,0,1041,0,1042
582526,Buffering,211968,600,31,89,0,0,23,1488,0,1041,0,1042
582775,Buffering,211968,600,31,89,0,0,23,1488,0,1041,0,1042
583024,Buffering,363520,1030,31,90,0,0,23,1490,0,1041,0,1042
583276,Buffering,273408,774,31,90,0,0,23,1490,0,1041,0,1042
583527,Buffering,183296,519,31,90,0,0,23,1490,0,1041,0,1042
583777,Buffering,313344,888,31,90,0,0,23,1492,0,1041,0,1042
584027,Buffering,223232,632,31,90,0,0,23,1492,0,1041,0,1042
584277,Buffering,133120,377,31,90,0,0,23,1492,0,1041,0,1042
584526,Buffering,236544,670,31,90,0,0,23,1494,0,1041,0,1042
584777,Buffering,146432,415,31,90,0,0,23,1494,0,1041,0,1042
585027,Buffering,64512,182,31,90,0,0,23,1494,0,1041,0,1042
585276,Playing,196608,557,31,91,0,0,23,1496,0,1041,0,1042
585525,Playing,106496,301,31,91,0,0,23,1496,0,1041,0,1042
585773,Playing,24576,69,31,91,0,0,23,1496,0,1041,0,1042
586020,Buffering,184320,522,32,91,0,0,23,1498,0,1041,0,1042
586270,Buffering,184320,522,32,91,0,0,23,1498,0,1041,0,1042
586520,Buffering,184320,522,32,91,0,0,23,1498,0,1041,0,1042
586769,Buffering,355328,1007,32,92,0,0,23,1500,0,1041,0,1042
587019,Buffering,265216,751,32,92,0,0,23,1500,0,1041,0,1042
587266,Buffering,294912,835,32,92,0,0,23,1502,0,1041,0,1042
587518,Buffering,204800,580,32,92,0,0,23,1502,0,1041,0,1042
587769,Buffering,122880,348,32,92,0,0,23,1502,0,1041,0,1042
588017,Buffering,32768,92,32,92,0,0,23,1502,0,1041,0,1042
588268,Buffering,173056,490,32,92,0,0,23,1504,0,1041,0,1042
588516,Buffering,91136,258,32,92,0,0,23,1504,0,1041,0,1042
588765,Buffering,1024,2,32,92,0,0,23,1504,0,1041,0,1042
589017,Buffering,184320,522,32,92,0,0,23,1506,0,1041,0,1042
589266,Buffering,184320,522,32,92,0,0,23,1506,0,1041,0,1042
589517,Buffering,348160,986,32,93,0,0,23,1508,0,1041,0,1042
589766,Buffering,266240,754,32,93,0,0,23,1508,0,1041,0,1042
590016,Buffering,176128,499,32,93,0,0,23,1508,0,1041,0,1042
590266,Buffering,297984,844,32,93,0,0,23,1510,0,1041,0,1042
590514,Buffering,216064,612,32,93,0,0,23,1510,0,1041,0,1042
590764,Buffering,125952,357,32,93,0,0,23,1510,0,1041,0,1042
591012,Buffering,229376,650,32,93,0,0,23,1512,0,1041,0,1042
591261,Buffering,139264,394,32,93,0,0,23,1512,0,1041,0,1042
591512,Buffering,57344,162,32,93,0,0,23,1512,0,1041,0,1042
591764,Playing,222208,629,32,94,0,0,23,1514,0,1041,0,1042
592011,Playing,132096,374,32,94,0,0,23,1514,0,1041,0,1042
592262,Playing,41984,119,32,94,0,0,23,1514,0,1041,0,1042
592512,Playing,0,0,32,94,0,0,23,1514,0,1041,0,1042
592760,Buffering,184320,522,33,94,0,0,23,1516,0,1041,0,1042
593009,Buffering,184320,522,33,94,0,0,23,1516,0,1041,0,1042
593260,Buffering,379904,1076,33,95,0,0,23,1518,0,1041,0,1042
593509,Buffering,297984,844,33,95,0,0,23,1518,0,1041,0,1042
593760,Buffering,207872,589,33,95,0,0,23,1518,0,1041,0,1042
594007,Buffering,302080,856,33,95,0,0,23,1520,0,1041,0,1042
594257,Buffering,211968,600,33,95,0,0,23,1520,0,1041,0,1042
594507,Buffering,130048,368,33,95,0,0,23,1520,0,1041,0,1042
594754,Buffering,261120,740,33,95,0,0,23,1522,0,1041,0,1042
595006,Buffering,171008,484,33,95,0,0,23,1522,0,1041,0,1042
595257,Buffering,274432,777,33,95,0,0,23,1524,0,1041,0,1042
595507,Buffering,192512,545,33,95,0,0,23,1524,0,1041,0,1042
595754,Buffering,102400,290,33,95,0,0,23,1524,0,1041,0,1042
596003,Buffering,12288,34,33,95,0,0,23,1524,0,1041,0,1042
596252,Buffering,143360,406,33,95,0,0,23,1526,0,1041,0,1042
596501,Buffering,61440,174,33,95,0,0,23,1526,0,1041,0,1042
596811,Buffering,94208,267,33,95,0,0,23,1528,0,1041,0,1042
597060,Buffering,12288,34,33,95,0,0,23,1528,0,1041,0,1042
597310,Buffering,0,0,33,95,0,0,23,1528,0,1041,0,1042
597558,Buffering,0,0,33,95,0,0,23,1528,0,1041,0,1042
597807,Reconnecting,0,0,33,96,0,0,23,1529,1041,1041,1042,1042
598057,Reconnecting,0,0,33,96,0,0,23,1529,1041,1041,1042,1042
598304,Reconnecting,0,0,33,96,0,0,23,1529,1041,1041,1042,1042
598554,Reconnecting,0,0,33,96,0,0,23,1529,1041,1041,1042,1042
