t_ms,state,buffered_bytes,buffered_ms,underruns,resumes,play_failures,stream_rebuilds,sessions,chunk_reads,last_chunk_ms,max_chunk_ms,last_push_gap_ms,max_push_gap_ms
50,Off,0,0,0,0,0,0,1,0,0,0,0,0
253,Off,0,0,0,0,0,0,1,0,0,0,0,0
505,Off,0,0,0,0,0,0,1,0,0,0,0,0
757,Off,0,0,0,0,0,0,1,0,0,0,0,0
1010,Reconnecting,0,0,0,0,0,0,1,6,111,111,0,0
1262,Reconnecting,0,0,0,0,0,0,1,6,111,111,0,0
1515,Reconnecting,0,0,0,0,0,0,1,6,111,111,0,0
1767,Reconnecting,0,0,0,0,0,0,1,6,111,111,0,0
2020,Reconnecting,0,0,0,0,0,0,1,6,111,111,0,0
2272,Reconnecting,0,0,0,0,0,0,1,6,111,111,0,0
2524,Reconnecting,0,0,0,0,0,0,1,6,111,111,0,0
2777,Reconnecting,0,0,0,0,0,0,1,6,111,111,0,0
3033,Reconnecting,0,0,0,0,0,0,1,6,111,111,0,0
3283,Reconnecting,0,0,0,0,0,0,1,6,111,111,0,0
3531,Reconnecting,0,0,0,0,0,0,1,6,111,111,0,0
3783,Reconnecting,0,0,0,0,0,0,1,6,111,111,0,0
4033,Reconnecting,0,0,0,0,0,0,1,6,111,111,0,0
4282,Reconnecting,0,0,0,0,0,0,1,6,111,111,0,0
4529,Reconnecting,0,0,0,0,0,0,1,6,111,111,0,0
4780,Reconnecting,0,0,0,0,0,0,1,6,111,111,0,0
5028,Reconnecting,0,0,0,0,0,0,1,6,111,111,0,0
5280,Reconnecting,0,0,0,0,0,0,1,6,111,111,0,0
5525,Reconnecting,0,0,0,0,0,0,1,6,111,111,0,0
5777,Reconnecting,0,0,0,0,0,0,1,6,111,111,0,0
6026,Reconnecting,0,0,0,0,0,0,2,6,111,111,0,0
6276,Reconnecting,0,0,0,0,0,0,2,6,111,111,0,0
6527,Reconnecting,0,0,0,0,0,0,2,6,111,111,0,0
6777,Playing,1532928,4345,0,0,0,0,2,19,0,111,0,108
7024,Playing,2575360,7299,0,0,0,0,2,27,0,111,0,108
7275,Playing,2485248,7044,0,0,0,0,2,27,0,111,0,108
7525,Playing,2395136,6788,0,0,0,0,2,27,0,111,0,108
7776,Playing,2313216,6556,0,0,0,0,2,27,0,111,0,108
8022,Playing,2518016,7137,0,0,0,0,2,29,0,1097,0,1097
8270,Playing,2427904,6881,0,0,0,0,2,29,0,1097,0,1097
8521,Playing,2337792,6626,0,0,0,0,2,29,0,1097,0,1097
8767,Playing,2255872,6394,0,0,0,0,2,29,0,1097,0,1097
9020,Playing,2451456,6948,0,0,0,0,2,31,0,1097,0,1097
9269,Playing,2361344,6693,0,0,0,0,2,31,0,1097,0,1097
9517,Playing,2279424,6460,0,0,0,0,2,31,0,1097,0,1097
9768,Playing,2189312,6205,0,0,0,0,2,31,0,1097,0,1097
10016,Playing,2099200,5950,0,0,0,0,2,31,0,1097,0,1097
10267,Playing,2221056,6295,0,0,0,0,2,33,0,1270,0,1271
10516,Playing,2139136,6063,0,0,0,0,2,33,0,1270,0,1271
10764,Playing,2049024,5807,0,0,0,0,2,33,0,1270,0,1271
11015,Playing,2207744,6257,0,0,0,0,2,35,0,1270,0,1271
11267,Playing,2117632,6002,0,0,0,0,2,35,0,1270,0,1271
11519,Playing,2027520,5746,0,0,0,0,2,35,0,1270,0,1271
11768,Playing,1945600,5514,0,0,0,0,2,35,0,1270,0,1271
12017,Playing,2085888,5912,0,0,0,0,2,37,0,1270,0,1271
12265,Playing,1995776,5656,0,0,0,0,2,37,0,1270,0,1271
12514,Playing,1913856,5424,0,0,0,0,2,37,0,1270,0,1271
12765,Playing,1823744,5169,0,0,0,0,2,37,0,1270,0,1271
13013,Playing,1733632,4913,0,0,0,0,2,37,0,1270,0,1271
13265,Playing,1892352,5363,0,0,0,0,2,39,0,1270,0,1271
13515,Playing,1802240,5108,0,0,0,0,2,39,0,1270,0,1271
13769,Playing,1720320,4876,0,0,0,0,2,39,0,1270,0,1271
14020,Playing,1630208,4620,0,0,0,0,2,39,0,1270,0,1271
14271,Playing,1788928,5070,0,0,0,0,2,41,0,1270,0,1271
14524,Playing,1698816,4815,0,0,0,0,2,41,0,1270,0,1271
14774,Playing,1608704,4559,0,0,0,0,2,41,0,1270,0,1271
15021,Playing,1526784,4327,0,0,0,0,2,41,0,1270,0,1271
15273,Playing,1685504,4777,0,0,0,0,2,43,0,1270,0,1271
15520,Playing,1595392,4522,0,0,0,0,2,43,0,1270,0,1271
15772,Playing,1505280,4266,0,0,0,0,2,43,0,1270,0,1271
16021,Playing,1423360,4034,0,0,0,0,2,43,0,1270,0,1271
16270,Playing,1609728,4562,0,0,0,0,2,45,0,1270,0,1271
16519,Playing,1519616,4307,0,0,0,0,2,45,0,1270,0,1271
16767,Playing,1437696,4075,0,0,0,0,2,45,0,1270,0,1271
17018,Playing,1347584,3819,0,0,0,0,2,45,0,1270,0,1271
17269,Playing,1543168,4374,0,0,0,0,2,47,0,1270,0,1271
17520,Playing,1453056,4118,0,0,0,0,2,47,0,1270,0,1271
17770,Playing,1362944,3863,0,0,0,0,2,47,0,1270,0,1271
18018,Playing,1281024,3631,0,0,0,0,2,47,0,1270,0,1271
18268,Playing,1485824,4211,0,0,0,0,2,49,0,1270,0,1271
18518,Playing,1395712,3956,0,0,0,0,2,49,0,1270,0,1271
18768,Playing,1305600,3700,0,0,0,0,2,49,0,1270,0,1271
19014,Playing,1223680,3468,0,0,0,0,2,49,0,1270,0,1271
19265,Playing,1419264,4022,0,0,0,0,2,51,0,1270,0,1271
19515,Playing,1329152,3767,0,0,0,0,2,51,0,1270,0,1271
19763,Playing,1247232,3535,0,0,0,0,2,51,0,1270,0,1271
20011,Playing,1157120,3279,0,0,0,0,2,51,0,1270,0,1271
20259,Playing,1067008,3024,0,0,0,0,2,51,0,1270,0,1271
20510,Playing,1298432,3680,0,0,0,0,2,53,0,1270,0,1271
20760,Playing,1208320,3424,0,0,0,0,2,53,0,1270,0,1271
21011,Playing,1118208,3169,0,0,0,0,2,53,0,1270,0,1271
21260,Playing,1332224,3776,0,0,0,0,2,55,0,1270,0,1271
21510,Playing,1242112,3520,0,0,0,0,2,55,0,1270,0,1271
21760,Playing,1160192,3288,0,0,0,0,2,55,0,1270,0,1271
22007,Playing,1070080,3033,0,0,0,0,2,55,0,1270,0,1271
22256,Playing,979968,2777,0,0,0,0,2,55,0,1270,0,1271
22505,Playing,1202176,3407,0,0,0,0,2,57,0,1270,0,1271
22753,Playing,1112064,3152,0,0,0,0,2,57,0,1270,0,1271
23003,Playing,1021952,2896,0,0,0,0,2,57,0,1270,0,1271
23255,Playing,931840,2641,0,0,0,0,2,57,0,1270,0,1271
23506,Playing,1144832,3244,0,0,0,0,2,59,0,1270,0,1271
23753,Playing,1054720,2989,0,0,0,0,2,59,0,1270,0,1271
24002,Playing,964608,2734,0,0,0,0,2,59,0,1270,0,1271
24250,Playing,882688,2501,0,0,0,0,2,59,0,1270,0,1271
24501,Playing,1096704,3108,0,0,0,0,2,61,0,1270,0,1271
24752,Playing,1006592,2853,0,0,0,0,2,61,0,1270,0,1271
25000,Playing,916480,2597,0,0,0,0,2,61,0,1270,0,1271
25251,Playing,826368,2342,0,0,0,0,2,61,0,1270,0,1271
25561,Playing,1024000,2902,0,0,0,0,2,63,0,1270,0,1271
25811,Playing,933888,2647,0,0,0,0,2,63,0,1270,0,1271
26060,Playing,851968,2414,0,0,0,0,2,63,0,1270,0,1271
26308,Playing,761856,2159,0,0,0,0,2,63,0,1270,0,1271
26556,Playing,948224,2687,0,0,0,0,2,65,0,1270,0,1271
26805,Playing,866304,2455,0,0,0,0,2,65,0,1270,0,1271
27055,Playing,776192,2200,0,0,0,0,2,65,0,1270,0,1271
27304,Playing,686080,1944,0,0,0,0,2,65,0,1270,0,1271
27552,Playing,881664,2499,0,0,0,0,2,67,0,1270,0,1271
27803,Playing,799744,2266,0,0,0,0,2,67,0,1270,0,1271
28053,Playing,709632,2011,0,0,0,0,2,67,0,1270,0,1271
28301,Playing,914432,2591,0,0,0,0,2,69,0,1270,0,1271
28552,Playing,824320,2336,0,0,0,0,2,69,0,1270,0,1271
28802,Playing,734208,2081,0,0,0,0,2,69,0,1270,0,1271
29052,Playing,652288,1848,0,0,0,0,2,69,0,1270,0,1271
29303,Playing,562176,1593,0,0,0,0,2,69,0,1270,0,1271
29551,Playing,472064,1338,0,0,0,0,2,69,0,1270,0,1271
29802,Playing,676864,1918,0,0,0,0,2,71,0,1271,0,1271
30051,Playing,594944,1686,0,0,0,0,2,71,0,1271,0,1271
30301,Playing,504832,1430,0,0,0,0,2,71,0,1271,0,1271
30552,Playing,414720,1175,0,0,0,0,2,71,0,1271,0,1271
30802,Playing,610304,1729,0,0,0,0,2,73,0,1271,0,1271
31051,Playing,528384,1497,0,0,0,0,2,73,0,1271,0,1271
31299,Playing,438272,1242,0,0,0,0,2,73,0,1271,0,1271
31547,Playing,578560,1639,0,0,0,0,2,75,0,1271,0,1271
31796,Playing,488448,1384,0,0,0,0,2,75,0,1271,0,1271
32048,Playing,406528,1152,0,0,0,0,2,75,0,1271,0,1271
32299,Playing,316416,896,0,0,0,0,2,75,0,1271,0,1271
32547,Playing,447488,1268,0,0,0,0,2,77,0,1271,0,1271
32797,Playing,357376,1012,0,0,0,0,2,77,0,1271,0,1271
33046,Playing,275456,780,0,0,0,0,2,77,0,1271,0,1271
33297,Playing,185344,525,0,0,0,0,2,77,0,1271,0,1271
33543,Playing,95232,269,0,0,0,0,2,77,0,1271,0,1271
33792,Playing,252928,716,0,0,0,0,2,79,0,1271,0,1271
34041,Playing,162816,461,0,0,0,0,2,79,0,1271,0,1271
34290,Playing,72704,206,0,0,0,0,2,79,0,1271,0,1271
34538,Playing,0,0,0,0,0,0,2,79,0,1271,0,1271
34787,Buffering,239616,679,1,0,0,0,2,81,0,1271,0,1271
35035,Buffering,239616,679,1,0,0,0,2,81,0,1271,0,1271
35283,Buffering,239616,679,1,0,0,0,2,81,0,1271,0,1271
35535,Buffering,239616,679,1,0,0,0,2,81,0,1271,0,1271
35783,Buffering,473088,1340,1,1,0,0,2,83,0,1271,0,1271
36033,Buffering,382976,1085,1,1,0,0,2,83,0,1271,0,1271
36283,Buffering,292864,830,1,1,0,0,2,83,0,1271,0,1271
36531,Buffering,210944,597,1,1,0,0,2,83,0,1271,0,1271
36783,Buffering,397312,1126,1,1,0,0,2,85,0,1271,0,1271
37031,Buffering,307200,870,1,1,0,0,2,85,0,1271,0,1271
37277,Buffering,217088,615,1,1,0,0,2,85,0,1271,0,1271
37527,Buffering,135168,383,1,1,0,0,2,85,0,1271,0,1271
37777,Buffering,321536,911,1,1,0,0,2,87,0,1271,0,1271
38027,Buffering,231424,655,1,1,0,0,2,87,0,1271,0,1271
38276,Buffering,141312,400,1,1,0,0,2,87,0,1271,0,1271
38526,Buffering,59392,168,1,1,0,0,2,87,0,1271,0,1271
38775,Buffering,285696,809,1,1,0,0,2,89,0,1271,0,1271
39026,Buffering,285696,809,1,1,0,0,2,89,0,1271,0,1271
39276,Buffering,285696,809,1,1,0,0,2,89,0,1271,0,1271
39528,Buffering,285696,809,1,1,0,0,2,89,0,1271,0,1271
39777,Buffering,572416,1622,1,2,0,0,2,91,0,1271,0,1271
40027,Buffering,482304,1367,1,2,0,0,2,91,0,1271,0,1271
40274,Buffering,392192,1111,1,2,0,0,2,91,0,1271,0,1271
40526,Buffering,302080,856,1,2,0,0,2,91,0,1271,0,1271
40776,Buffering,220160,624,1,2,0,0,2,91,0,1271,0,1271
41027,Buffering,415744,1178,1,2,0,0,2,93,0,1271,0,1271
41276,Buffering,325632,922,1,2,0,0,2,93,0,1271,0,1271
41523,Buffering,235520,667,1,2,0,0,2,93,0,1271,0,1271
41774,Buffering,448512,1271,1,2,0,0,2,95,0,1271,0,1271
42024,Buffering,358400,1015,1,2,0,0,2,95,0,1271,0,1271
42273,Buffering,268288,760,1,2,0,0,2,95,0,1271,0,1271
42522,Buffering,186368,528,1,2,0,0,2,95,0,1271,0,1271
42772,Buffering,400384,1134,1,2,0,0,2,97,0,1271,0,1271
43020,Buffering,310272,879,1,2,0,0,2,97,0,1271,0,1271
43268,Buffering,220160,624,1,2,0,0,2,97,0,1271,0,1271
43514,Buffering,138240,391,1,2,0,0,2,97,0,1271,0,1271
43769,Buffering,48128,136,1,2,0,0,2,97,0,1271,0,1271
44017,Buffering,262144,743,1,2,0,0,2,99,0,1271,0,1271
44268,Buffering,172032,487,1,2,0,0,2,99,0,1271,0,1271
44516,Buffering,90112,255,1,2,0,0,2,99,0,1271,0,1271
44767,Buffering,0,0,1,2,0,0,2,99,0,1271,0,1271
45014,Playing,251904,714,1,3,0,0,2,101,0,1271,0,1271
45260,Playing,169984,481,1,3,0,0,2,101,0,1271,0,1271
45511,Playing,79872,226,1,3,0,0,2,101,0,1271,0,1271
45760,Playing,0,0,1,3,0,0,2,101,0,1271,0,1271
46009,Buffering,276480,783,2,3,0,0,2,103,0,1271,0,1271
46258,Buffering,276480,783,2,3,0,0,2,103,0,1271,0,1271
46506,Buffering,276480,783,2,3,0,0,2,103,0,1271,0,1271
46754,Buffering,276480,783,2,3,0,0,2,103,0,1271,0,1271
47006,Buffering,520192,1474,2,4,0,0,2,105,0,1271,0,1271
47257,Buffering,430080,1219,2,4,0,0,2,105,0,1271,0,1271
47505,Buffering,339968,963,2,4,0,0,2,105,0,1271,0,1271
47757,Buffering,249856,708,2,4,0,0,2,105,0,1271,0,1271
48007,Buffering,463872,1314,2,4,0,0,2,107,0,1271,0,1271
48257,Buffering,381952,1082,2,4,0,0,2,107,0,1271,0,1271
48506,Buffering,291840,827,2,4,0,0,2,107,0,1271,0,1271
48756,Buffering,201728,571,2,4,0,0,2,107,0,1271,0,1271
49005,Buffering,415744,1178,2,4,0,0,2,109,0,1271,0,1271
49256,Buffering,333824,946,2,4,0,0,2,109,0,1271,0,1271
49504,Buffering,243712,690,2,4,0,0,2,109,0,1271,0,1271
49753,Buffering,153600,435,2,4,0,0,2,109,0,1271,0,1271
50004,Buffering,63488,179,2,4,0,0,2,109,0,1271,0,1271
50255,Buffering,258048,731,2,4,0,0,2,111,0,1271,0,1271
50505,Buffering,167936,476,2,4,0,0,2,111,0,1271,0,1271
50751,Buffering,77824,220,2,4,0,0,2,111,0,1271,0,1271
51000,Buffering,281600,798,2,4,0,0,2,113,0,1271,0,1271
51251,Buffering,191488,542,2,4,0,0,2,113,0,1271,0,1271
51562,Buffering,76800,217,2,4,0,0,2,113,0,1271,0,1271
51812,Buffering,0,0,2,4,0,0,2,113,0,1271,0,1271
52060,Playing,188416,534,2,5,0,0,2,115,0,1271,0,1271
52310,Playing,98304,278,2,5,0,0,2,115,0,1271,0,1271
52562,Playing,8192,23,2,5,0,0,2,115,0,1271,0,1271
52750,Playing,0,0,2,5,0,0,2,115,0,1271,0,1271
53060,Playing,0,0,2,5,0,0,2,115,0,1271,0,1271
53308,Buffering,230400,653,3,5,0,0,2,117,0,1271,0,1271
53559,Buffering,230400,653,3,5,0,0,2,117,0,1271,0,1271
53810,Buffering,230400,653,3,5,0,0,2,117,0,1271,0,1271
54000,Buffering,230400,653,3,5,0,0,2,117,0,1271,0,1271
54252,Buffering,404480,1146,3,6,0,0,2,119,0,1271,0,1271
54501,Buffering,314368,891,3,6,0,0,2,119,0,1271,0,1271
54752,Buffering,224256,635,3,6,0,0,2,119,0,1271,0,1271
55002,Buffering,134144,380,3,6,0,0,2,119,0,1271,0,1271
55252,Buffering,283648,803,3,6,0,0,2,121,0,1271,0,1271
55500,Buffering,201728,571,3,6,0,0,2,121,0,1271,0,1271
55751,Buffering,111616,316,3,6,0,0,2,121,0,1271,0,1271
56000,Buffering,21504,60,3,6,0,0,2,121,0,1271,0,1271
56312,Buffering,239616,679,3,6,0,0,2,123,0,1271,0,1271
56561,Buffering,239616,679,3,6,0,0,2,123,0,1271,0,1271
56811,Buffering,239616,679,3,6,0,0,2,123,0,1271,0,1271
57058,Buffering,239616,679,3,6,0,0,2,123,0,1271,0,1271
57306,Buffering,432128,1224,3,7,0,0,2,125,0,1271,0,1271
57558,Buffering,342016,969,3,7,0,0,2,125,0,1271,0,1271
57807,Buffering,251904,714,3,7,0,0,2,125,0,1271,0,1271
58057,Buffering,169984,481,3,7,0,0,2,125,0,1271,0,1271
58309,Buffering,347136,983,3,7,0,0,2,127,0,1271,0,1271
58557,Buffering,257024,728,3,7,0,0,2,127,0,1271,0,1271
58806,Buffering,166912,473,3,7,0,0,2,127,0,1271,0,1271
59056,Buffering,84992,240,3,7,0,0,2,127,0,1271,0,1271
59304,Buffering,280576,795,3,7,0,0,2,129,0,1271,0,1271
59554,Buffering,190464,539,3,7,0,0,2,129,0,1271,0,1271
59803,Buffering,100352,284,3,7,0,0,2,129,0,1271,0,1271
60051,Buffering,18432,52,3,7,0,0,2,129,0,1271,0,1271
60302,Reconnecting,0,0,3,8,0,0,2,130,973,1271,973,1271
60553,Reconnecting,0,0,3,8,0,0,2,130,973,1271,973,1271
60803,Reconnecting,0,0,3,8,0,0,2,130,973,1271,973,1271
61050,Reconnecting,0,0,3,8,0,0,2,130,973,1271,973,1271
61300,Reconnecting,0,0,3,8,0,0,2,130,973,1271,973,1271
61552,Reconnecting,0,0,3,8,0,0,2,130,973,1271,973,1271
61802,Reconnecting,0,0,3,8,0,0,2,130,973,1271,973,1271
62050,Reconnecting,0,0,3,8,0,0,2,130,973,1271,973,1271
62301,Reconnecting,0,0,3,8,0,0,2,130,973,1271,973,1271
62551,Reconnecting,0,0,3,8,0,0,2,130,973,1271,973,1271
62800,Reconnecting,0,0,3,8,0,0,2,130,973,1271,973,1271
63053,Reconnecting,0,0,3,8,0,0,2,130,973,1271,973,1271
63305,Reconnecting,0,0,3,8,0,0,2,130,973,1271,973,1271
63558,Reconnecting,0,0,3,8,0,0,2,130,973,1271,973,1271
63810,Reconnecting,0,0,3,8,0,0,2,130,973,1271,973,1271
64058,Reconnecting,0,0,3,8,0,0,2,130,973,1271,973,1271
64306,Reconnecting,0,0,3,8,0,0,2,130,973,1271,973,1271
64553,Reconnecting,0,0,3,8,0,0,2,130,973,1271,973,1271
64804,Reconnecting,0,0,3,8,0,0,2,130,973,1271,973,1271
65052,Reconnecting,0,0,3,8,0,0,2,130,973,1271,973,1271
65304,Reconnecting,0,0,3,8,0,0,3,130,973,1271,973,1271
65556,Reconnecting,0,0,3,8,0,0,3,130,973,1271,973,1271
65807,Reconnecting,0,0,3,8,0,0,3,130,973,1271,973,1271
66058,Reconnecting,1059840,3004,3,8,0,0,3,143,0,1271,0,1271
66307,Playing,2102272,5958,3,8,0,0,3,151,0,1271,0,1271
66557,Playing,2012160,5703,3,8,0,0,3,151,0,1271,0,1271
66806,Playing,1930240,5471,3,8,0,0,3,151,0,1271,0,1271
67054,Playing,2116608,5999,3,8,0,0,3,153,0,1271,0,1271
67305,Playing,2026496,5744,3,8,0,0,3,153,0,1271,0,1271
67553,Playing,1936384,5488,3,8,0,0,3,153,0,1271,0,1271
67805,Playing,1854464,5256,3,8,0,0,3,153,0,1271,0,1271
68054,Playing,1764352,5000,3,8,0,0,3,153,0,1271,0,1271
68304,Playing,1950720,5529,3,8,0,0,3,155,0,1271,0,1271
68553,Playing,1860608,5273,3,8,0,0,3,155,0,1271,0,1271
68801,Playing,1778688,5041,3,8,0,0,3,155,0,1271,0,1271
69051,Playing,1688576,4786,3,8,0,0,3,155,0,1271,0,1271
69300,Playing,1819648,5157,3,8,0,0,3,157,0,1271,0,1271
69546,Playing,1737728,4925,3,8,0,0,3,157,0,1271,0,1271
69797,Playing,1647616,4670,3,8,0,0,3,157,0,1271,0,1271
70046,Playing,1557504,4414,3,8,0,0,3,157,0,1271,0,1271
70295,Playing,1688576,4786,3,8,0,0,3,159,0,1271,0,1271
70547,Playing,1606656,4554,3,8,0,0,3,159,0,1271,0,1271
70795,Playing,1516544,4298,3,8,0,0,3,159,0,1271,0,1271
71044,Playing,1426432,4043,3,8,0,0,3,159,0,1271,0,1271
71293,Playing,1557504,4414,3,8,0,0,3,161,0,1271,0,1271
71543,Playing,1475584,4182,3,8,0,0,3,161,0,1271,0,1271
71790,Playing,1385472,3927,3,8,0,0,3,161,0,1271,0,1271
72041,Playing,1295360,3671,3,8,0,0,3,161,0,1271,0,1271
72291,Playing,1213440,3439,3,8,0,0,3,161,0,1271,0,1271
72540,Playing,1362944,3863,3,8,0,0,3,163,0,1271,0,1271
72788,Playing,1272832,3607,3,8,0,0,3,163,0,1271,0,1271
73038,Playing,1182720,3352,3,8,0,0,3,163,0,1271,0,1271
73287,Playing,1100800,3120,3,8,0,0,3,163,0,1271,0,1271
73538,Playing,1259520,3570,3,8,0,0,3,165,0,1271,0,1271
73785,Playing,1169408,3314,3,8,0,0,3,165,0,1271,0,1271
74036,Playing,1079296,3059,3,8,0,0,3,165,0,1271,0,1271
74286,Playing,1255424,3558,3,8,0,0,3,167,0,1271,0,1271
74537,Playing,1165312,3303,3,8,0,0,3,167,0,1271,0,1271
74790,Playing,1075200,3047,3,8,0,0,3,167,0,1271,0,1271
75038,Playing,985088,2792,3,8,0,0,3,167,0,1271,0,1271
75289,Playing,894976,2536,3,8,0,0,3,167,0,1271,0,1271
75536,Playing,1071104,3036,3,8,0,0,3,169,0,1271,0,1271
75787,Playing,980992,2780,3,8,0,0,3,169,0,1271,0,1271
76036,Playing,890880,2525,3,8,0,0,3,169,0,1271,0,1271
76286,Playing,808960,2292,3,8,0,0,3,169,0,1271,0,1271
76536,Playing,986112,2795,3,8,0,0,3,171,0,1271,0,1271
76786,Playing,896000,2539,3,8,0,0,3,171,0,1271,0,1271
77034,Playing,805888,2284,3,8,0,0,3,171,0,1271,0,1271
77284,Playing,723968,2052,3,8,0,0,3,171,0,1271,0,1271
77531,Playing,919552,2606,3,8,0,0,3,173,0,1271,0,1271
77780,Playing,829440,2351,3,8,0,0,3,173,0,1271,0,1271
78030,Playing,739328,2095,3,8,0,0,3,173,0,1271,0,1271
78280,Playing,657408,1863,3,8,0,0,3,173,0,1271,0,1271
78529,Playing,862208,2443,3,8,0,0,3,175,0,1271,0,1271
78779,Playing,772096,2188,3,8,0,0,3,175,0,1271,0,1271
79031,Playing,681984,1933,3,8,0,0,3,175,0,1271,0,1271
79281,Playing,600064,1700,3,8,0,0,3,175,0,1271,0,1271
79531,Playing,804864,2281,3,8,0,0,3,177,0,1271,0,1271
79780,Playing,714752,2025,3,8,0,0,3,177,0,1271,0,1271
80029,Playing,624640,1770,3,8,0,0,3,177,0,1271,0,1271
80279,Playing,542720,1538,3,8,0,0,3,177,0,1271,0,1271
80528,Playing,775168,2197,3,8,0,0,3,179,0,1271,0,1271
80781,Playing,685056,1941,3,8,0,0,3,179,0,1271,0,1271
81027,Playing,594944,1686,3,8,0,0,3,179,0,1271,0,1271
81275,Playing,513024,1454,3,8,0,0,3,179,0,1271,0,1271
81524,Playing,736256,2086,3,8,0,0,3,181,0,1271,0,1271
81775,Playing,646144,1831,3,8,0,0,3,181,0,1271,0,1271
82025,Playing,556032,1576,3,8,0,0,3,181,0,1271,0,1271
82275,Playing,474112,1343,3,8,0,0,3,181,0,1271,0,1271
82522,Playing,384000,1088,3,8,0,0,3,181,0,1271,0,1271
82775,Playing,598016,1695,3,8,0,0,3,183,0,1271,0,1271
83023,Playing,507904,1439,3,8,0,0,3,183,0,1271,0,1271
83272,Playing,425984,1207,3,8,0,0,3,183,0,1271,0,1271
83523,Playing,621568,1761,3,8,0,0,3,185,0,1271,0,1271
83774,Playing,531456,1506,3,8,0,0,3,185,0,1271,0,1271
84025,Playing,441344,1250,3,8,0,0,3,185,0,1271,0,1271
84275,Playing,351232,995,3,8,0,0,3,185,0,1271,0,1271
84523,Playing,269312,763,3,8,0,0,3,185,0,1271,0,1271
84772,Playing,464896,1317,3,8,0,0,3,187,0,1271,0,1271
85022,Playing,374784,1062,3,8,0,0,3,187,0,1271,0,1271
85274,Playing,284672,806,3,8,0,0,3,187,0,1271,0,1271
85522,Playing,202752,574,3,8,0,0,3,187,0,1271,0,1271
85771,Playing,398336,1129,3,8,0,0,3,189,0,1271,0,1271
86019,Playing,308224,873,3,8,0,0,3,189,0,1271,0,1271
86271,Playing,218112,618,3,8,0,0,3,189,0,1271,0,1271
86521,Playing,136192,386,3,8,0,0,3,189,0,1271,0,1271
86772,Playing,322560,914,3,8,0,0,3,191,0,1271,0,1271
87020,Playing,232448,658,3,8,0,0,3,191,0,1271,0,1271
87271,Playing,142336,403,3,8,0,0,3,191,0,1271,0,1271
87523,Playing,60416,171,3,8,0,0,3,191,0,1271,0,1271
87770,Playing,246784,699,3,8,0,0,3,193,0,1271,0,1271
88019,Playing,156672,444,3,8,0,0,3,193,0,1271,0,1271
88270,Playing,66560,188,3,8,0,0,3,193,0,1271,0,1271
88519,Playing,0,0,3,8,0,0,3,193,0,1271,0,1271
88769,Buffering,276480,783,4,8,0,0,3,195,0,1271,0,1271
89019,Buffering,276480,783,4,8,0,0,3,195,0,1271,0,1271
89268,Buffering,276480,783,4,8,0,0,3,195,0,1271,0,1271
89519,Buffering,276480,783,4,8,0,0,3,195,0,1271,0,1271
89767,Buffering,503808,1428,4,9,0,0,3,197,0,1271,0,1271
90016,Buffering,413696,1172,4,9,0,0,3,197,0,1271,0,1271
90265,Buffering,323584,917,4,9,0,0,3,197,0,1271,0,1271
90514,Buffering,241664,684,4,9,0,0,3,197,0,1271,0,1271
90763,Buffering,437248,1239,4,9,0,0,3,199,0,1271,0,1271
91014,Buffering,347136,983,4,9,0,0,3,199,0,1271,0,1271
91264,Buffering,257024,728,4,9,0,0,3,199,0,1271,0,1271
91511,Buffering,175104,496,4,9,0,0,3,199,0,1271,0,1271
91764,Buffering,306176,867,4,9,0,0,3,201,0,1271,0,1271
92009,Buffering,216064,612,4,9,0,0,3,201,0,1271,0,1271
92259,Buffering,134144,380,4,9,0,0,3,201,0,1271,0,1271
92508,Buffering,44032,124,4,9,0,0,3,201,0,1271,0,1271
92757,Buffering,0,0,4,9,0,0,3,201,0,1271,0,1271
93008,Buffering,221184,626,4,9,0,0,3,203,0,1271,0,1271
93259,Buffering,221184,626,4,9,0,0,3,203,0,1271,0,1271
93505,Buffering,221184,626,4,9,0,0,3,203,0,1271,0,1271
93755,Playing,427008,1210,4,10,0,0,3,205,0,1271,0,1271
94003,Playing,336896,954,4,10,0,0,3,205,0,1271,0,1271
94252,Playing,254976,722,4,10,0,0,3,205,0,1271,0,1271
94504,Playing,164864,467,4,10,0,0,3,205,0,1271,0,1271
94753,Playing,74752,211,4,10,0,0,3,205,0,1271,0,1271
95002,Playing,224256,635,4,10,0,0,3,207,0,1271,0,1271
95250,Playing,142336,403,4,10,0,0,3,207,0,1271,0,1271
95500,Playing,52224,148,4,10,0,0,3,207,0,1271,0,1271
95750,Playing,0,0,4,10,0,0,3,207,0,1271,0,1271
96061,Buffering,258048,731,5,10,0,0,3,209,0,1271,0,1271
96310,Buffering,258048,731,5,10,0,0,3,209,0,1271,0,1271
96558,Buffering,258048,731,5,10,0,0,3,209,0,1271,0,1271
96805,Buffering,258048,731,5,10,0,0,3,209,0,1271,0,1271
97056,Buffering,450560,1277,5,11,0,0,3,211,0,1271,0,1271
97307,Buffering,360448,1021,5,11,0,0,3,211,0,1271,0,1271
97557,Buffering,270336,766,5,11,0,0,3,211,0,1271,0,1271
97804,Buffering,188416,534,5,11,0,0,3,211,0,1271,0,1271
98053,Buffering,365568,1036,5,11,0,0,3,213,0,1271,0,1271
98303,Buffering,275456,780,5,11,0,0,3,213,0,1271,0,1271
98506,Buffering,209920,595,5,11,0,0,3,213,0,1271,0,1271
98756,Buffering,119808,339,5,11,0,0,3,213,0,1271,0,1271
99006,Buffering,315392,893,5,11,0,0,3,215,0,1271,0,1271
99254,Buffering,233472,661,5,11,0,0,3,215,0,1271,0,1271
99504,Buffering,143360,406,5,11,0,0,3,215,0,1271,0,1271
99754,Buffering,53248,150,5,11,0,0,3,215,0,1271,0,1271
100003,Buffering,285696,809,5,11,0,0,3,217,0,1271,0,1271
100252,Buffering,285696,809,5,11,0,0,3,217,0,1271,0,1271
100502,Buffering,285696,809,5,11,0,0,3,217,0,1271,0,1271
100753,Buffering,285696,809,5,11,0,0,3,217,0,1271,0,1271
101004,Buffering,556032,1576,5,12,0,0,3,219,0,1271,0,1271
101251,Buffering,474112,1343,5,12,0,0,3,219,0,1271,0,1271
101502,Buffering,384000,1088,5,12,0,0,3,219,0,1271,0,1271
101758,Buffering,293888,833,5,12,0,0,3,219,0,1271,0,1271
102017,Buffering,498688,1413,5,12,0,0,3,221,0,1271,0,1271
102265,Buffering,408576,1158,5,12,0,0,3,221,0,1271,0,1271
102515,Buffering,318464,902,5,12,0,0,3,221,0,1271,0,1271
102765,Buffering,236544,670,5,12,0,0,3,221,0,1271,0,1271
103058,Buffering,434176,1230,5,12,0,0,3,223,2,1271,2,1271
103319,Buffering,344064,975,5,12,0,0,3,223,2,1271,2,1271
103543,Buffering,262144,743,5,12,0,0,3,223,2,1271,2,1271
103806,Buffering,172032,487,5,12,0,0,3,223,2,1271,2,1271
104056,Buffering,367616,1041,5,12,0,0,3,225,0,1271,0,1271
104307,Buffering,277504,786,5,12,0,0,3,225,0,1271,0,1271
104593,Buffering,179200,507,5,12,0,0,3,225,0,1271,0,1271
104777,Buffering,113664,322,5,12,0,0,3,225,0,1271,0,1271
105024,Buffering,300032,850,5,12,0,0,3,227,0,1271,0,1271
105273,Buffering,218112,618,5,12,0,0,3,227,0,1271,0,1271
105525,Buffering,128000,362,5,12,0,0,3,227,0,1271,0,1271
105775,Buffering,37888,107,5,12,0,0,3,227,0,1271,0,1271
106024,Playing,261120,740,5,13,0,0,3,229,0,1271,0,1271
106272,Playing,179200,507,5,13,0,0,3,229,0,1271,0,1271
106522,Playing,89088,252,5,13,0,0,3,229,0,1271,0,1271
106770,Playing,0,0,5,13,0,0,3,229,0,1271,0,1271
107019,Playing,0,0,5,13,0,0,3,229,0,1271,0,1271
107269,Buffering,285696,809,6,13,0,0,3,231,0,1271,0,1271
107519,Buffering,285696,809,6,13,0,0,3,231,0,1271,0,1271
107769,Buffering,285696,809,6,13,0,0,3,231,0,1271,0,1271
108016,Buffering,285696,809,6,13,0,0,3,231,0,1271,0,1271
108265,Buffering,488448,1384,6,14,0,0,3,233,0,1271,0,1271
108515,Buffering,398336,1129,6,14,0,0,3,233,0,1271,0,1271
108766,Buffering,308224,873,6,14,0,0,3,233,0,1271,0,1271
109019,Buffering,218112,618,6,14,0,0,3,233,0,1271,0,1271
109265,Buffering,412672,1169,6,14,0,0,3,235,0,1271,0,1271
109512,Buffering,322560,914,6,14,0,0,3,235,0,1271,0,1271
109760,Buffering,232448,658,6,14,0,0,3,235,0,1271,0,1271
110008,Buffering,150528,426,6,14,0,0,3,235,0,1271,0,1271
110260,Buffering,336896,954,6,14,0,0,3,237,0,1271,0,1271
110512,Buffering,246784,699,6,14,0,0,3,237,0,1271,0,1271
110759,Buffering,156672,444,6,14,0,0,3,237,0,1271,0,1271
111009,Buffering,74752,211,6,14,0,0,3,237,0,1271,0,1271
111259,Buffering,279552,792,6,14,0,0,3,239,0,1271,0,1271
111511,Buffering,189440,536,6,14,0,0,3,239,0,1271,0,1271
111763,Buffering,99328,281,6,14,0,0,3,239,0,1271,0,1271
112013,Buffering,9216,26,6,14,0,0,3,239,0,1271,0,1271
112262,Reconnecting,0,0,6,15,0,0,3,240,987,1271,988,1271
112512,Reconnecting,0,0,6,15,0,0,3,240,987,1271,988,1271
112760,Reconnecting,0,0,6,15,0,0,3,240,987,1271,988,1271
113006,Reconnecting,0,0,6,15,0,0,3,240,987,1271,988,1271
113256,Reconnecting,0,0,6,15,0,0,3,240,987,1271,988,1271
113504,Reconnecting,0,0,6,15,0,0,3,240,987,1271,988,1271
113757,Reconnecting,0,0,6,15,0,0,3,240,987,1271,988,1271
114010,Reconnecting,0,0,6,15,0,0,3,240,987,1271,988,1271
114258,Reconnecting,0,0,6,15,0,0,3,240,987,1271,988,1271
114507,Reconnecting,0,0,6,15,0,0,3,240,987,1271,988,1271
114756,Reconnecting,0,0,6,15,0,0,3,240,987,1271,988,1271
115007,Reconnecting,0,0,6,15,0,0,3,240,987,1271,988,1271
115254,Reconnecting,0,0,6,15,0,0,3,240,987,1271,988,1271
115506,Reconnecting,0,0,6,15,0,0,3,240,987,1271,988,1271
115754,Reconnecting,0,0,6,15,0,0,3,240,987,1271,988,1271
116039,Reconnecting,0,0,6,15,0,0,3,240,987,1271,988,1271
116286,Reconnecting,0,0,6,15,0,0,3,240,987,1271,988,1271
116555,Reconnecting,0,0,6,15,0,0,3,240,987,1271,988,1271
116811,Reconnecting,0,0,6,15,0,0,3,240,987,1271,988,1271
117042,Reconnecting,0,0,6,15,0,0,3,240,987,1271,988,1271
117340,Reconnecting,0,0,6,15,0,0,4,240,987,1271,988,1271
117565,Reconnecting,0,0,6,15,0,0,4,240,987,1271,988,1271
117797,Reconnecting,0,0,6,15,0,0,4,241,0,1271,988,1271
118036,Playing,2166784,6141,6,15,0,0,4,259,1,1271,2,1271
118327,Playing,2354176,6672,6,15,0,0,4,261,22,1271,22,1271
118521,Playing,2288640,6487,6,15,0,0,4,261,22,1271,22,1271
118806,Playing,2182144,6185,6,15,0,0,4,261,22,1271,22,1271
119031,Playing,2108416,5976,6,15,0,0,4,261,22,1271,22,1271
119369,Playing,2262016,6411,6,15,0,0,4,263,0,1271,0,1271
119567,Playing,2196480,6225,6,15,0,0,4,263,0,1271,0,1271
119795,Playing,2114560,5993,6,15,0,0,4,263,0,1271,0,1271
120060,Playing,2024448,5738,6,15,0,0,4,263,0,1271,0,1271
120269,Playing,2098176,5947,6,15,0,0,4,264,917,1271,917,1271
120582,Playing,2112512,5987,6,15,0,0,4,265,49,1271,50,1271
120783,Playing,2046976,5802,6,15,0,0,4,265,49,1271,50,1271
121031,Playing,1956864,5546,6,15,0,0,4,265,49,1271,50,1271
121299,Playing,2078720,5892,6,15,0,0,4,267,0,1271,0,1271
121523,Playing,1996800,5659,6,15,0,0,4,267,0,1271,0,1271
121761,Playing,1914880,5427,6,15,0,0,4,267,0,1271,0,1271
122035,Playing,1816576,5149,6,15,0,0,4,267,0,1271,0,1271
122336,Playing,1866752,5291,6,15,0,0,4,268,1050,1271,1050,1271
122571,Playing,1858560,5268,6,15,0,0,4,269,59,1271,59,1271
122758,Playing,1793024,5082,6,15,0,0,4,269,59,1271,59,1271
123026,Playing,1702912,4826,6,15,0,0,4,269,59,1271,59,1271
123307,Playing,1604608,4548,6,15,0,0,4,269,59,1271,59,1271
123556,Playing,1754112,4971,6,15,0,0,4,271,1,1271,1,1271
123751,Playing,1688576,4786,6,15,0,0,4,271,1,1271,1,1271
124077,Playing,1573888,4461,6,15,0,0,4,271,1,1271,1,1271
124332,Playing,1483776,4205,6,15,0,0,4,271,1,1271,1,1271
124528,Playing,1685504,4777,6,15,0,0,4,273,39,1271,39,1271
124782,Playing,1595392,4522,6,15,0,0,4,273,39,1271,39,1271
125018,Playing,1513472,4289,6,15,0,0,4,273,39,1271,39,1271
125268,Playing,1423360,4034,6,15,0,0,4,273,39,1271,39,1271
125500,Playing,1341440,3802,6,15,0,0,4,273,39,1271,39,1271
125803,Playing,1483776,4205,6,15,0,0,4,275,0,1271,0,1271
126069,Playing,1393664,3950,6,15,0,0,4,275,0,1271,0,1271
126345,Playing,1295360,3671,6,15,0,0,4,275,0,1271,0,1271
126570,Playing,1470464,4167,6,15,0,0,4,277,19,1271,20,1271
126867,Playing,1363968,3866,6,15,0,0,4,277,19,1271,20,1271
127022,Playing,1306624,3703,6,15,0,0,4,277,19,1271,20,1271
127321,Playing,1208320,3424,6,15,0,0,4,277,19,1271,20,1271
127537,Playing,1393664,3950,6,15,0,0,4,279,0,1271,0,1271
127753,Playing,1319936,3741,6,15,0,0,4,279,0,1271,0,1271
128063,Playing,1213440,3439,6,15,0,0,4,279,0,1271,0,1271
128273,Playing,1139712,3230,6,15,0,0,4,279,0,1271,0,1271
128565,Playing,1309696,3712,6,15,0,0,4,281,39,1271,40,1271
128811,Playing,1227776,3480,6,15,0,0,4,281,39,1271,40,1271
129064,Playing,1137664,3224,6,15,0,0,4,281,39,1271,40,1271
129300,Playing,1055744,2992,6,15,0,0,4,281,39,1271,40,1271
129561,Playing,965632,2737,6,15,0,0,4,281,39,1271,40,1271
129852,Playing,1154048,3271,6,15,0,0,4,283,0,1271,0,1271
130040,Playing,1088512,3085,6,15,0,0,4,283,0,1271,0,1271
130316,Playing,990208,2806,6,15,0,0,4,283,0,1271,0,1271
130558,Playing,1193984,3384,6,15,0,0,4,285,13,1271,14,1271
130815,Playing,1103872,3128,6,15,0,0,4,285,13,1271,14,1271
131026,Playing,1030144,2919,6,15,0,0,4,285,13,1271,14,1271
131287,Playing,940032,2664,6,15,0,0,4,285,13,1271,14,1271
131516,Playing,858112,2432,6,15,0,0,4,285,13,1271,14,1271
131760,Playing,1071104,3036,6,15,0,0,4,287,0,1271,0,1271
132014,Playing,980992,2780,6,15,0,0,4,287,0,1271,0,1271
132325,Playing,866304,2455,6,15,0,0,4,287,0,1271,0,1271
132517,Playing,948224,2687,6,15,0,0,4,288,834,1271,835,1271
132774,Playing,1005568,2850,6,15,0,0,4,289,2,1271,3,1271
133016,Playing,923648,2618,6,15,0,0,4,289,2,1271,3,1271
133332,Playing,808960,2292,6,15,0,0,4,289,2,1271,3,1271
133513,Playing,751616,2130,6,15,0,0,4,289,2,1271,3,1271
133799,Playing,940032,2664,6,15,0,0,4,291,27,1271,27,1271
134028,Playing,858112,2432,6,15,0,0,4,291,27,1271,27,1271
134351,Playing,751616,2130,6,15,0,0,4,291,27,1271,27,1271
134537,Playing,686080,1944,6,15,0,0,4,291,27,1271,27,1271
134798,Playing,882688,2501,6,15,0,0,4,293,0,1271,0,1271
135025,Playing,808960,2292,6,15,0,0,4,293,0,1271,0,1271
135325,Playing,702464,1991,6,15,0,0,4,293,0,1271,0,1271
135502,Playing,636928,1805,6,15,0,0,4,293,0,1271,0,1271
135832,Playing,798720,2263,6,15,0,0,4,295,42,1271,43,1271
136036,Playing,724992,2054,6,15,0,0,4,295,42,1271,43,1271
136312,Playing,634880,1799,6,15,0,0,4,295,42,1271,43,1271
136539,Playing,552960,1567,6,15,0,0,4,295,42,1271,43,1271
136770,Playing,747520,2118,6,15,0,0,4,297,0,1271,1,1271
137037,Playing,649216,1840,6,15,0,0,4,297,0,1271,1,1271
137308,Playing,559104,1584,6,15,0,0,4,297,0,1271,1,1271
137552,Playing,468992,1329,6,15,0,0,4,297,0,1271,1,1271
137802,Playing,663552,1880,6,15,0,0,4,299,0,1271,0,1271
138061,Playing,573440,1625,6,15,0,0,4,299,0,1271,0,1271
138306,Playing,483328,1369,6,15,0,0,4,299,0,1271,0,1271
138559,Playing,393216,1114,6,15,0,0,4,299,0,1271,0,1271
138809,Playing,579584,1642,6,15,0,0,4,301,0,1271,0,1271
139057,Playing,497664,1410,6,15,0,0,4,301,0,1271,0,1271
139306,Playing,407552,1155,6,15,0,0,4,301,0,1271,0,1271
139555,Playing,317440,899,6,15,0,0,4,301,0,1271,0,1271
139804,Playing,521216,1477,6,15,0,0,4,303,0,1271,0,1271
140055,Playing,431104,1221,6,15,0,0,4,303,0,1271,0,1271
140303,Playing,340992,966,6,15,0,0,4,303,0,1271,0,1271
140555,Playing,250880,711,6,15,0,0,4,303,0,1271,0,1271
140803,Playing,168960,478,6,15,0,0,4,303,0,1271,0,1271
141052,Playing,364544,1033,6,15,0,0,4,305,0,1271,0,1271
141303,Playing,274432,777,6,15,0,0,4,305,0,1271,0,1271
141551,Playing,192512,545,6,15,0,0,4,305,0,1271,0,1271
141803,Playing,378880,1073,6,15,0,0,4,307,0,1271,0,1271
142055,Playing,288768,818,6,15,0,0,4,307,0,1271,0,1271
142304,Playing,198656,563,6,15,0,0,4,307,0,1271,0,1271
142558,Playing,108544,307,6,15,0,0,4,307,0,1271,0,1271
142809,Playing,230400,653,6,15,0,0,4,309,0,1271,0,1271
143057,Playing,148480,420,6,15,0,0,4,309,0,1271,0,1271
143307,Playing,58368,165,6,15,0,0,4,309,0,1271,0,1271
143559,Playing,0,0,6,15,0,0,4,309,0,1271,0,1271
143809,Playing,0,0,6,15,0,0,4,309,0,1271,0,1271
144060,Buffering,221184,626,7,15,0,0,4,311,0,1271,0,1271
144312,Buffering,221184,626,7,15,0,0,4,311,0,1271,0,1271
144561,Buffering,221184,626,7,15,0,0,4,311,0,1271,0,1271
144811,Buffering,221184,626,7,15,0,0,4,311,0,1271,0,1271
145000,Buffering,418816,1187,7,16,0,0,4,313,0,1271,0,1271
145250,Buffering,328704,931,7,16,0,0,4,313,0,1271,0,1271
145557,Buffering,222208,629,7,16,0,0,4,313,0,1271,0,1271
145805,Buffering,132096,374,7,16,0,0,4,313,0,1271,0,1271
146053,Buffering,299008,847,7,16,0,0,4,315,0,1271,0,1271
146304,Buffering,208896,592,7,16,0,0,4,315,0,1271,0,1271
146552,Buffering,118784,336,7,16,0,0,4,315,0,1271,0,1271
146802,Buffering,36864,104,7,16,0,0,4,315,0,1271,0,1271
147052,Buffering,214016,606,7,16,0,0,4,317,0,1271,0,1271
147302,Buffering,123904,351,7,16,0,0,4,317,0,1271,0,1271
147550,Buffering,33792,95,7,16,0,0,4,317,0,1271,0,1271
147799,Buffering,0,0,7,16,0,0,4,317,0,1271,0,1271
148050,Buffering,258048,731,7,16,0,0,4,319,0,1271,0,1271
148300,Buffering,258048,731,7,16,0,0,4,319,0,1271,0,1271
148549,Buffering,258048,731,7,16,0,0,4,319,0,1271,0,1271
148798,Buffering,258048,731,7,16,0,0,4,319,0,1271,0,1271
149047,Buffering,475136,1346,7,17,0,0,4,321,0,1271,0,1271
149301,Buffering,385024,1091,7,17,0,0,4,321,0,1271,0,1271
149551,Buffering,294912,835,7,17,0,0,4,321,0,1271,0,1271
149798,Buffering,204800,580,7,17,0,0,4,321,0,1271,0,1271
150047,Buffering,122880,348,7,17,0,0,4,321,0,1271,0,1271
150297,Buffering,309248,876,7,17,0,0,4,323,0,1271,0,1271
150546,Buffering,219136,621,7,17,0,0,4,323,0,1271,0,1271
150795,Buffering,137216,388,7,17,0,0,4,323,0,1271,0,1271
151043,Buffering,332800,943,7,17,0,0,4,325,0,1271,0,1271
151294,Buffering,242688,687,7,17,0,0,4,325,0,1271,0,1271
151542,Buffering,152576,432,7,17,0,0,4,325,0,1271,0,1271
151793,Buffering,70656,200,7,17,0,0,4,325,0,1271,0,1271
152040,Playing,286720,812,7,18,0,0,4,327,0,1271,0,1271
152286,Playing,196608,557,7,18,0,0,4,327,0,1271,0,1271
152537,Playing,114688,325,7,18,0,0,4,327,0,1271,0,1271
152785,Playing,24576,69,7,18,0,0,4,327,0,1271,0,1271
153034,Buffering,294912,835,8,18,0,0,4,329,0,1271,0,1271
153284,Buffering,294912,835,8,18,0,0,4,329,0,1271,0,1271
153534,Buffering,294912,835,8,18,0,0,4,329,0,1271,0,1271
153786,Buffering,294912,835,8,18,0,0,4,329,0,1271,0,1271
154035,Buffering,294912,835,8,18,0,0,4,329,0,1271,0,1271
154285,Buffering,524288,1486,8,19,0,0,4,331,0,1271,0,1271
154534,Buffering,442368,1253,8,19,0,0,4,331,0,1271,0,1271
154785,Buffering,352256,998,8,19,0,0,4,331,0,1271,0,1271
155034,Buffering,262144,743,8,19,0,0,4,331,0,1271,0,1271
155284,Buffering,466944,1323,8,19,0,0,4,333,0,1271,0,1271
155534,Buffering,385024,1091,8,19,0,0,4,333,0,1271,0,1271
155782,Buffering,294912,835,8,19,0,0,4,333,0,1271,0,1271
156032,Buffering,204800,580,8,19,0,0,4,333,0,1271,0,1271
156281,Buffering,391168,1108,8,19,0,0,4,335,0,1271,0,1271
156530,Buffering,309248,876,8,19,0,0,4,335,0,1271,0,1271
156782,Buffering,219136,621,8,19,0,0,4,335,0,1271,0,1271
157030,Buffering,129024,365,8,19,0,0,4,335,0,1271,0,1271
157279,Buffering,323584,917,8,19,0,0,4,337,0,1271,0,1271
157529,Buffering,233472,661,8,19,0,0,4,337,0,1271,0,1271
157781,Buffering,143360,406,8,19,0,0,4,337,0,1271,0,1271
158032,Buffering,53248,150,8,19,0,0,4,337,0,1271,0,1271
158291,Buffering,239616,679,8,19,0,0,4,339,0,1271,0,1271
158537,Buffering,149504,423,8,19,0,0,4,339,0,1271,0,1271
158788,Buffering,67584,191,8,19,0,0,4,339,0,1271,0,1271
159038,Buffering,0,0,8,19,0,0,4,339,0,1271,0,1271
159287,Playing,227328,644,8,20,0,0,4,341,0,1271,0,1271
159536,Playing,137216,388,8,20,0,0,4,341,0,1271,0,1271
159785,Playing,55296,156,8,20,0,0,4,341,0,1271,0,1271
160036,Playing,0,0,8,20,0,0,4,341,0,1271,0,1271
160285,Buffering,285696,809,9,20,0,0,4,343,0,1271,0,1271
160535,Buffering,285696,809,9,20,0,0,4,343,0,1271,0,1271
160784,Buffering,285696,809,9,20,0,0,4,343,0,1271,0,1271
161034,Buffering,285696,809,9,20,0,0,4,343,0,1271,0,1271
161281,Buffering,545792,1547,9,21,0,0,4,345,0,1271,0,1271
161533,Buffering,463872,1314,9,21,0,0,4,345,0,1271,0,1271
161784,Buffering,373760,1059,9,21,0,0,4,345,0,1271,0,1271
162039,Buffering,283648,803,9,21,0,0,4,345,0,1271,0,1271
162290,Buffering,193536,548,9,21,0,0,4,345,0,1271,0,1271
162539,Buffering,379904,1076,9,21,0,0,4,347,0,1271,0,1271
162788,Buffering,289792,821,9,21,0,0,4,347,0,1271,0,1271
163036,Buffering,207872,589,9,21,0,0,4,347,0,1271,0,1271
163290,Buffering,329728,934,9,21,0,0,4,349,0,1271,0,1271
163549,Buffering,239616,679,9,21,0,0,4,349,0,1271,0,1271
163797,Buffering,149504,423,9,21,0,0,4,349,0,1271,0,1271
164046,Buffering,67584,191,9,21,0,0,4,349,0,1271,0,1271
164297,Buffering,221184,626,9,21,0,0,4,351,0,1271,0,1271
164546,Buffering,221184,626,9,21,0,0,4,351,0,1271,0,1271
164806,Buffering,221184,626,9,21,0,0,4,351,0,1271,0,1271
165043,Buffering,221184,626,9,21,0,0,4,351,0,1271,0,1271
165366,Buffering,221184,626,9,21,0,0,4,351,0,1271,0,1271
165524,Buffering,436224,1236,9,22,0,0,4,353,3,1271,3,1271
165842,Buffering,321536,911,9,22,0,0,4,353,3,1271,3,1271
166043,Buffering,256000,725,9,22,0,0,4,353,3,1271,3,1271
166407,Buffering,124928,354,9,22,0,0,4,353,3,1271,3,1271
166504,Buffering,322560,914,9,22,0,0,4,355,46,1271,46,1271
166770,Buffering,224256,635,9,22,0,0,4,355,46,1271,46,1271
167022,Buffering,142336,403,9,22,0,0,4,355,46,1271,46,1271
167281,Buffering,44032,124,9,22,0,0,4,355,46,1271,46,1271
167539,Buffering,193536,548,9,22,0,0,4,357,0,1271,1,1271
167755,Buffering,119808,339,9,22,0,0,4,357,0,1271,1,1271
168018,Buffering,29696,84,9,22,0,0,4,357,0,1271,1,1271
168285,Buffering,0,0,9,22,0,0,4,357,0,1271,1,1271
168558,Reconnecting,0,0,9,23,0,0,4,358,995,1271,995,1271
168827,Reconnecting,0,0,9,23,0,0,4,358,995,1271,995,1271
169082,Reconnecting,0,0,9,23,0,0,4,358,995,1271,995,1271
169320,Reconnecting,0,0,9,23,0,0,4,358,995,1271,995,1271
169557,Reconnecting,0,0,9,23,0,0,4,358,995,1271,995,1271
169787,Reconnecting,0,0,9,23,0,0,4,358,995,1271,995,1271
170024,Reconnecting,0,0,9,23,0,0,4,358,995,1271,995,1271
170282,Reconnecting,0,0,9,23,0,0,4,358,995,1271,995,1271
170559,Reconnecting,0,0,9,23,0,0,4,358,995,1271,995,1271
170770,Reconnecting,0,0,9,23,0,0,4,358,995,1271,995,1271
171012,Reconnecting,0,0,9,23,0,0,4,358,995,1271,995,1271
171291,Reconnecting,0,0,9,23,0,0,4,358,995,1271,995,1271
171555,Reconnecting,0,0,9,23,0,0,4,358,995,1271,995,1271
171793,Reconnecting,0,0,9,23,0,0,4,358,995,1271,995,1271
172064,Reconnecting,0,0,9,23,0,0,4,358,995,1271,995,1271
172305,Reconnecting,0,0,9,23,0,0,4,358,995,1271,995,1271
172594,Reconnecting,0,0,9,23,0,0,4,358,995,1271,995,1271
172773,Reconnecting,0,0,9,23,0,0,4,358,995,1271,995,1271
173041,Reconnecting,0,0,9,23,0,0,4,358,995,1271,995,1271
173252,Reconnecting,0,0,9,23,0,0,4,358,995,1271,995,1271
173541,Reconnecting,0,0,9,23,0,0,5,358,995,1271,995,1271
173789,Reconnecting,0,0,9,23,0,0,5,358,995,1271,995,1271
174060,Reconnecting,0,0,9,23,0,0,5,358,995,1271,995,1271
174320,Playing,1549312,4391,9,23,0,0,5,371,0,1271,1,1271
174595,Playing,2566144,7273,9,23,0,0,5,379,0,1271,0,1271
174839,Playing,2484224,7041,9,23,0,0,5,379,0,1271,0,1271
175082,Playing,2394112,6786,9,23,0,0,5,379,0,1271,0,1271
175277,Playing,2328576,6600,9,23,0,0,5,379,0,1271,0,1271
175526,Playing,2514944,7128,9,23,0,0,5,381,0,1271,0,1271
175775,Playing,2433024,6896,9,23,0,0,5,381,0,1271,0,1271
176023,Playing,2342912,6640,9,23,0,0,5,381,0,1271,0,1271
176275,Playing,2252800,6385,9,23,0,0,5,381,0,1271,0,1271
176524,Playing,2439168,6913,9,23,0,0,5,383,0,1271,0,1271
176775,Playing,2357248,6681,9,23,0,0,5,383,0,1271,0,1271
177027,Playing,2267136,6426,9,23,0,0,5,383,0,1271,0,1271
177278,Playing,2177024,6170,9,23,0,0,5,383,0,1271,0,1271
177530,Playing,2298880,6516,9,23,0,0,5,385,0,1271,0,1271
177782,Playing,2208768,6260,9,23,0,0,5,385,0,1271,0,1271
178034,Playing,2118656,6005,9,23,0,0,5,385,0,1271,0,1271
178285,Playing,2036736,5773,9,23,0,0,5,385,0,1271,0,1271
178538,Playing,1946624,5517,9,23,0,0,5,385,0,1271,0,1271
178788,Playing,2086912,5915,9,23,0,0,5,387,0,1271,0,1271
179039,Playing,1996800,5659,9,23,0,0,5,387,0,1271,0,1271
179290,Playing,1906688,5404,9,23,0,0,5,387,0,1271,0,1271
179539,Playing,2064384,5851,9,23,0,0,5,389,0,1271,0,1271
179785,Playing,1974272,5596,9,23,0,0,5,389,0,1271,0,1271
180034,Playing,1892352,5363,9,23,0,0,5,389,0,1271,0,1271
180285,Playing,1802240,5108,9,23,0,0,5,389,0,1271,0,1271
180536,Playing,1979392,5610,9,23,0,0,5,391,0,1271,0,1271
180785,Playing,1889280,5355,9,23,0,0,5,391,0,1271,0,1271
181033,Playing,1807360,5122,9,23,0,0,5,391,0,1271,0,1271
181282,Playing,1717248,4867,9,23,0,0,5,391,0,1271,0,1271
181531,Playing,1627136,4612,9,23,0,0,5,391,0,1271,0,1271
181782,Playing,1785856,5061,9,23,0,0,5,393,0,1271,0,1271
182030,Playing,1703936,4829,9,23,0,0,5,393,0,1271,0,1271
182280,Playing,1613824,4574,9,23,0,0,5,393,0,1271,0,1271
182528,Playing,1523712,4318,9,23,0,0,5,393,0,1271,0,1271
182776,Playing,1699840,4818,9,23,0,0,5,395,0,1271,0,1271
183025,Playing,1609728,4562,9,23,0,0,5,395,0,1271,0,1271
183274,Playing,1519616,4307,9,23,0,0,5,395,0,1271,0,1271
183522,Playing,1437696,4075,9,23,0,0,5,395,0,1271,0,1271
183771,Playing,1614848,4577,9,23,0,0,5,397,0,1271,0,1271
184024,Playing,1524736,4321,9,23,0,0,5,397,0,1271,0,1271
184274,Playing,1434624,4066,9,23,0,0,5,397,0,1271,0,1271
184522,Playing,1352704,3834,9,23,0,0,5,397,0,1271,0,1271
184772,Playing,1539072,4362,9,23,0,0,5,399,0,1271,0,1271
185022,Playing,1448960,4107,9,23,0,0,5,399,0,1271,0,1271
185272,Playing,1367040,3874,9,23,0,0,5,399,0,1271,0,1271
185524,Playing,1276928,3619,9,23,0,0,5,399,0,1271,0,1271
185773,Playing,1481728,4199,9,23,0,0,5,401,0,1271,0,1271
186019,Playing,1391616,3944,9,23,0,0,5,401,0,1271,0,1271
186272,Playing,1309696,3712,9,23,0,0,5,401,0,1271,0,1271
186518,Playing,1219584,3456,9,23,0,0,5,401,0,1271,0,1271
186767,Playing,1424384,4037,9,23,0,0,5,403,0,1271,0,1271
187032,Playing,1334272,3781,9,23,0,0,5,403,0,1271,0,1271
187282,Playing,1244160,3526,9,23,0,0,5,403,0,1271,0,1271
187532,Playing,1162240,3294,9,23,0,0,5,403,0,1271,0,1271
187781,Playing,1072128,3038,9,23,0,0,5,403,0,1271,0,1271
188037,Playing,1276928,3619,9,23,0,0,5,405,0,1271,0,1271
188316,Playing,1178624,3340,9,23,0,0,5,405,0,1271,0,1271
188577,Playing,1088512,3085,9,23,0,0,5,405,0,1271,0,1271
188760,Playing,1170432,3317,9,23,0,0,5,406,966,1271,966,1271
189087,Playing,1203200,3410,9,23,0,0,5,407,27,1271,28,1271
189289,Playing,1129472,3201,9,23,0,0,5,407,27,1271,28,1271
189510,Playing,1055744,2992,9,23,0,0,5,407,27,1271,28,1271
189795,Playing,957440,2713,9,23,0,0,5,407,27,1271,28,1271
190061,Playing,1172480,3323,9,23,0,0,5,409,1,1271,3,1271
190264,Playing,1106944,3137,9,23,0,0,5,409,1,1271,3,1271
190513,Playing,1016832,2882,9,23,0,0,5,409,1,1271,3,1271
190847,Playing,902144,2557,9,23,0,0,5,409,1,1271,3,1271
191010,Playing,1139712,3230,9,23,0,0,5,411,0,1271,0,1271
191286,Playing,1041408,2951,9,23,0,0,5,411,0,1271,0,1271
191526,Playing,951296,2696,9,23,0,0,5,411,0,1271,0,1271
191773,Playing,869376,2464,9,23,0,0,5,411,0,1271,0,1271
192113,Playing,1041408,2951,9,23,0,0,5,413,28,1271,29,1271
192256,Playing,992256,2812,9,23,0,0,5,413,28,1271,29,1271
192548,Playing,893952,2533,9,23,0,0,5,413,28,1271,29,1271
192805,Playing,1080320,3062,9,23,0,0,5,415,25,1271,25,1271
193023,Playing,998400,2829,9,23,0,0,5,415,25,1271,25,1271
193284,Playing,908288,2574,9,23,0,0,5,415,25,1271,25,1271
193517,Playing,826368,2342,9,23,0,0,5,415,25,1271,25,1271
193766,Playing,736256,2086,9,23,0,0,5,415,25,1271,25,1271
194045,Playing,914432,2591,9,23,0,0,5,417,15,1271,15,1271
194282,Playing,832512,2359,9,23,0,0,5,417,15,1271,15,1271
194520,Playing,750592,2127,9,23,0,0,5,417,15,1271,15,1271
194771,Playing,660480,1872,9,23,0,0,5,417,15,1271,15,1271
195056,Playing,838656,2377,9,23,0,0,5,419,0,1271,0,1271
195263,Playing,764928,2168,9,23,0,0,5,419,0,1271,0,1271
195507,Playing,683008,1935,9,23,0,0,5,419,0,1271,0,1271
195757,Playing,592896,1680,9,23,0,0,5,419,0,1271,0,1271
196022,Playing,788480,2234,9,23,0,0,5,421,0,1271,0,1271
196268,Playing,698368,1979,9,23,0,0,5,421,0,1271,0,1271
196518,Playing,608256,1724,9,23,0,0,5,421,0,1271,0,1271
196771,Playing,518144,1468,9,23,0,0,5,421,0,1271,0,1271
197017,Playing,712704,2020,9,23,0,0,5,423,0,1271,0,1271
197267,Playing,622592,1764,9,23,0,0,5,423,0,1271,0,1271
197515,Playing,532480,1509,9,23,0,0,5,423,0,1271,0,1271
197765,Playing,450560,1277,9,23,0,0,5,423,0,1271,0,1271
198016,Playing,360448,1021,9,23,0,0,5,423,0,1271,0,1271
198264,Playing,565248,1602,9,23,0,0,5,425,0,1271,0,1271
198513,Playing,475136,1346,9,23,0,0,5,425,0,1271,0,1271
198763,Playing,393216,1114,9,23,0,0,5,425,0,1271,0,1271
199013,Playing,524288,1486,9,23,0,0,5,427,0,1271,0,1271
199263,Playing,434176,1230,9,23,0,0,5,427,0,1271,0,1271
199513,Playing,344064,975,9,23,0,0,5,427,0,1271,0,1271
199760,Playing,262144,743,9,23,0,0,5,427,0,1271,0,1271
200009,Playing,172032,487,9,23,0,0,5,427,0,1271,0,1271
200260,Playing,303104,859,9,23,0,0,5,429,0,1271,0,1271
200509,Playing,221184,626,9,23,0,0,5,429,0,1271,0,1271
200757,Playing,131072,371,9,23,0,0,5,429,0,1271,0,1271
201008,Playing,271360,769,9,23,0,0,5,431,0,1271,0,1271
201259,Playing,181248,513,9,23,0,0,5,431,0,1271,0,1271
201508,Playing,99328,281,9,23,0,0,5,431,0,1271,0,1271
201757,Playing,9216,26,9,23,0,0,5,431,0,1271,0,1271
202006,Playing,0,0,9,23,0,0,5,431,0,1271,0,1271
202253,Buffering,248832,705,10,23,0,0,5,433,0,1271,0,1271
202504,Buffering,248832,705,10,23,0,0,5,433,0,1271,0,1271
202755,Buffering,248832,705,10,23,0,0,5,433,0,1271,0,1271
203005,Buffering,248832,705,10,23,0,0,5,433,0,1271,0,1271
203254,Buffering,432128,1224,10,24,0,0,5,435,0,1271,0,1271
203503,Buffering,350208,992,10,24,0,0,5,435,0,1271,0,1271
203750,Buffering,260096,737,10,24,0,0,5,435,0,1271,0,1271
204061,Buffering,153600,435,10,24,0,0,5,435,0,1271,0,1271
204310,Buffering,330752,937,10,24,0,0,5,437,0,1271,0,1271
204560,Buffering,240640,682,10,24,0,0,5,437,0,1271,0,1271
204808,Buffering,150528,426,10,24,0,0,5,437,0,1271,0,1271
205057,Buffering,68608,194,10,24,0,0,5,437,0,1271,0,1271
205307,Buffering,245760,696,10,24,0,0,5,439,0,1271,0,1271
205555,Buffering,155648,441,10,24,0,0,5,439,0,1271,0,1271
205808,Buffering,65536,185,10,24,0,0,5,439,0,1271,0,1271
206059,Buffering,0,0,10,24,0,0,5,439,0,1271,0,1271
206310,Buffering,276480,783,10,24,0,0,5,441,0,1271,0,1271
206562,Buffering,276480,783,10,24,0,0,5,441,0,1271,0,1271
206750,Buffering,276480,783,10,24,0,0,5,441,0,1271,0,1271
207000,Buffering,276480,783,10,24,0,0,5,441,0,1271,0,1271
207250,Buffering,513024,1454,10,25,0,0,5,443,0,1271,0,1271
207561,Buffering,406528,1152,10,25,0,0,5,443,0,1271,0,1271
207811,Buffering,316416,896,10,25,0,0,5,443,0,1271,0,1271
208000,Buffering,250880,711,10,25,0,0,5,443,0,1271,0,1271
208310,Buffering,430080,1219,10,25,0,0,5,445,0,1271,0,1271
208559,Buffering,339968,963,10,25,0,0,5,445,0,1271,0,1271
208807,Buffering,249856,708,10,25,0,0,5,445,0,1271,0,1271
209056,Buffering,167936,476,10,25,0,0,5,445,0,1271,0,1271
209305,Buffering,372736,1056,10,25,0,0,5,447,0,1271,0,1271
209557,Buffering,282624,801,10,25,0,0,5,447,0,1271,0,1271
209809,Buffering,192512,545,10,25,0,0,5,447,0,1271,0,1271
210001,Buffering,126976,359,10,25,0,0,5,447,0,1271,0,1271
210252,Buffering,331776,940,10,25,0,0,5,449,0,1271,0,1271
210503,Buffering,241664,684,10,25,0,0,5,449,0,1271,0,1271
210752,Buffering,159744,452,10,25,0,0,5,449,0,1271,0,1271
211001,Buffering,69632,197,10,25,0,0,5,449,0,1271,0,1271
211274,Buffering,0,0,10,25,0,0,5,449,0,1271,0,1271
211553,Playing,212992,603,10,26,0,0,5,451,1,1271,2,1271
211809,Playing,122880,348,10,26,0,0,5,451,1,1271,2,1271
212011,Playing,57344,162,10,26,0,0,5,451,1,1271,2,1271
212268,Playing,0,0,10,26,0,0,5,451,1,1271,2,1271
212517,Buffering,276480,783,11,26,0,0,5,453,0,1271,1,1271
212772,Buffering,276480,783,11,26,0,0,5,453,0,1271,1,1271
213028,Buffering,276480,783,11,26,0,0,5,453,0,1271,1,1271
213282,Buffering,553984,1570,11,27,0,0,5,455,0,1271,0,1271
213532,Buffering,463872,1314,11,27,0,0,5,455,0,1271,0,1271
213781,Buffering,373760,1059,11,27,0,0,5,455,0,1271,0,1271
214032,Buffering,291840,827,11,27,0,0,5,455,0,1271,0,1271
214281,Buffering,201728,571,11,27,0,0,5,455,0,1271,0,1271
214529,Buffering,388096,1100,11,27,0,0,5,457,0,1271,0,1271
214779,Buffering,297984,844,11,27,0,0,5,457,0,1271,0,1271
215031,Buffering,216064,612,11,27,0,0,5,457,0,1271,0,1271
215280,Buffering,125952,357,11,27,0,0,5,457,0,1271,0,1271
215544,Buffering,312320,885,11,27,0,0,5,459,0,1271,0,1271
215757,Buffering,230400,653,11,27,0,0,5,459,0,1271,0,1271
216040,Buffering,132096,374,11,27,0,0,5,459,0,1271,0,1271
216306,Buffering,41984,119,11,27,0,0,5,459,0,1271,0,1271
216522,Buffering,285696,809,11,27,0,0,5,461,7,1271,8,1271
216784,Buffering,285696,809,11,27,0,0,5,461,7,1271,8,1271
217009,Buffering,285696,809,11,27,0,0,5,461,7,1271,8,1271
217259,Buffering,285696,809,11,27,0,0,5,461,7,1271,8,1271
217578,Buffering,522240,1480,11,28,0,0,5,463,0,1271,0,1271
217772,Buffering,456704,1294,11,28,0,0,5,463,0,1271,0,1271
218051,Buffering,358400,1015,11,28,0,0,5,463,0,1271,0,1271
218256,Buffering,284672,806,11,28,0,0,5,463,0,1271,0,1271
218547,Buffering,472064,1338,11,28,0,0,5,465,4,1271,4,1271
218756,Buffering,398336,1129,11,28,0,0,5,465,4,1271,4,1271
219061,Buffering,291840,827,11,28,0,0,5,465,4,1271,4,1271
219259,Buffering,218112,618,11,28,0,0,5,465,4,1271,4,1271
219547,Buffering,331776,940,11,28,0,0,5,467,38,1271,38,1271
219795,Buffering,241664,684,11,28,0,0,5,467,38,1271,38,1271
220066,Buffering,151552,429,11,28,0,0,5,467,38,1271,38,1271
220361,Buffering,45056,127,11,28,0,0,5,467,38,1271,38,1271
220616,Playing,180224,510,11,29,0,0,5,469,120,1271,120,1271
220806,Playing,114688,325,11,29,0,0,5,469,120,1271,120,1271
221057,Playing,24576,69,11,29,0,0,5,469,120,1271,120,1271
221322,Playing,0,0,11,29,0,0,5,469,120,1271,120,1271
221501,Playing,0,0,11,29,0,0,5,469,120,1271,120,1271
221768,Buffering,239616,679,12,29,0,0,5,471,0,1271,0,1271
222020,Buffering,239616,679,12,29,0,0,5,471,0,1271,0,1271
222303,Buffering,239616,679,12,29,0,0,5,471,0,1271,0,1271
222554,Buffering,239616,679,12,29,0,0,5,471,0,1271,0,1271
222805,Buffering,404480,1146,12,30,0,0,5,473,0,1271,0,1271
223057,Buffering,314368,891,12,30,0,0,5,473,0,1271,0,1271
223272,Buffering,240640,682,12,30,0,0,5,473,0,1271,0,1271
223573,Buffering,134144,380,12,30,0,0,5,473,0,1271,0,1271
223805,Buffering,291840,827,12,30,0,0,5,475,1,1271,1,1271
224030,Buffering,209920,595,12,30,0,0,5,475,1,1271,1,1271
224307,Buffering,111616,316,12,30,0,0,5,475,1,1271,1,1271
224539,Buffering,29696,84,12,30,0,0,5,475,1,1271,1,1271
224822,Buffering,189440,536,12,30,0,0,5,477,20,1271,21,1271
225069,Buffering,99328,281,12,30,0,0,5,477,20,1271,21,1271
225329,Buffering,9216,26,12,30,0,0,5,477,20,1271,21,1271
225603,Buffering,267264,757,12,30,0,0,5,479,0,1271,0,1271
225796,Buffering,267264,757,12,30,0,0,5,479,0,1271,0,1271
226060,Buffering,267264,757,12,30,0,0,5,479,0,1271,0,1271
226296,Buffering,267264,757,12,30,0,0,5,479,0,1271,0,1271
226573,Buffering,267264,757,12,30,0,0,5,479,0,1271,0,1271
226788,Buffering,502784,1425,12,31,0,0,5,481,1,1271,1,1271
227028,Buffering,420864,1192,12,31,0,0,5,481,1,1271,1,1271
227281,Buffering,330752,937,12,31,0,0,5,481,1,1271,1,1271
227539,Buffering,240640,682,12,31,0,0,5,481,1,1271,1,1271
227818,Buffering,428032,1213,12,31,0,0,5,483,36,1271,36,1271
228059,Buffering,346112,981,12,31,0,0,5,483,36,1271,36,1271
228318,Buffering,256000,725,12,31,0,0,5,483,36,1271,36,1271
228527,Buffering,182272,516,12,31,0,0,5,483,36,1271,36,1271
228791,Buffering,387072,1097,12,31,0,0,5,485,0,1271,0,1271
229042,Buffering,296960,841,12,31,0,0,5,485,0,1271,0,1271
229291,Buffering,206848,586,12,31,0,0,5,485,0,1271,0,1271
229539,Buffering,116736,330,12,31,0,0,5,485,0,1271,0,1271
229788,Buffering,329728,934,12,31,0,0,5,487,0,1271,0,1271
230037,Buffering,239616,679,12,31,0,0,5,487,0,1271,0,1271
230290,Buffering,149504,423,12,31,0,0,5,487,0,1271,0,1271
230543,Buffering,67584,191,12,31,0,0,5,487,0,1271,0,1271
230785,Buffering,281600,798,12,31,0,0,5,489,0,1271,0,1271
231045,Buffering,191488,542,12,31,0,0,5,489,0,1271,0,1271
231288,Buffering,109568,310,12,31,0,0,5,489,0,1271,0,1271
231561,Buffering,11264,31,12,31,0,0,5,489,0,1271,0,1271
231768,Buffering,0,0,12,31,0,0,5,489,0,1271,0,1271
232018,Reconnecting,0,0,12,32,0,0,5,490,1124,1271,1124,1271
232301,Reconnecting,0,0,12,32,0,0,5,490,1124,1271,1124,1271
232564,Reconnecting,0,0,12,32,0,0,5,490,1124,1271,1124,1271
232797,Reconnecting,0,0,12,32,0,0,5,490,1124,1271,1124,1271
233088,Reconnecting,0,0,12,32,0,0,5,490,1124,1271,1124,1271
233300,Reconnecting,0,0,12,32,0,0,5,490,1124,1271,1124,1271
233521,Reconnecting,0,0,12,32,0,0,5,490,1124,1271,1124,1271
233769,Reconnecting,0,0,12,32,0,0,5,490,1124,1271,1124,1271
234020,Reconnecting,0,0,12,32,0,0,5,490,1124,1271,1124,1271
234273,Reconnecting,0,0,12,32,0,0,5,490,1124,1271,1124,1271
234518,Reconnecting,0,0,12,32,0,0,5,490,1124,1271,1124,1271
234768,Reconnecting,0,0,12,32,0,0,5,490,1124,1271,1124,1271
235026,Reconnecting,0,0,12,32,0,0,5,490,1124,1271,1124,1271
235285,Reconnecting,0,0,12,32,0,0,5,490,1124,1271,1124,1271
235541,Reconnecting,0,0,12,32,0,0,5,490,1124,1271,1124,1271
235797,Reconnecting,0,0,12,32,0,0,5,490,1124,1271,1124,1271
236044,Reconnecting,0,0,12,32,0,0,5,490,1124,1271,1124,1271
236344,Reconnecting,0,0,12,32,0,0,5,490,1124,1271,1124,1271
236559,Reconnecting,0,0,12,32,0,0,5,490,1124,1271,1124,1271
236805,Reconnecting,0,0,12,32,0,0,5,490,1124,1271,1124,1271
237052,Reconnecting,0,0,12,32,0,0,6,490,1124,1271,1124,1271
237340,Reconnecting,0,0,12,32,0,0,6,490,1124,1271,1124,1271
237510,Reconnecting,0,0,12,32,0,0,6,490,1124,1271,1124,1271
237803,Reconnecting,783360,2220,12,32,0,0,6,499,3,1271,3,1271
238005,Playing,1745920,4948,12,32,0,0,6,506,55,1271,56,1271
238265,Playing,2347008,6652,12,32,0,0,6,511,0,1271,0,1271
238602,Playing,2224128,6304,12,32,0,0,6,511,0,1271,0,1271
238807,Playing,2158592,6118,12,32,0,0,6,511,0,1271,0,1271
239055,Playing,2344960,6646,12,32,0,0,6,513,0,1271,0,1271
239305,Playing,2254848,6391,12,32,0,0,6,513,0,1271,0,1271
239551,Playing,2172928,6159,12,32,0,0,6,513,0,1271,0,1271
239802,Playing,2082816,5903,12,32,0,0,6,513,0,1271,0,1271
240051,Playing,2269184,6431,12,32,0,0,6,515,0,1271,0,1271
240302,Playing,2187264,6199,12,32,0,0,6,515,0,1271,0,1271
240550,Playing,2097152,5944,12,32,0,0,6,515,0,1271,0,1271
240798,Playing,2007040,5688,12,32,0,0,6,515,0,1271,0,1271
241048,Playing,2137088,6057,12,32,0,0,6,517,0,1271,0,1271
241296,Playing,2046976,5802,12,32,0,0,6,517,0,1271,0,1271
241546,Playing,1956864,5546,12,32,0,0,6,517,0,1271,0,1271
241798,Playing,1874944,5314,12,32,0,0,6,517,0,1271,0,1271
242047,Playing,2024448,5738,12,32,0,0,6,519,1,1271,1,1271
242310,Playing,1934336,5482,12,32,0,0,6,519,1,1271,1,1271
242559,Playing,1844224,5227,12,32,0,0,6,519,1,1271,1,1271
242808,Playing,1754112,4971,12,32,0,0,6,519,1,1271,1,1271
243057,Playing,1911808,5418,12,32,0,0,6,521,0,1271,0,1271
243306,Playing,1821696,5163,12,32,0,0,6,521,0,1271,0,1271
243555,Playing,1731584,4908,12,32,0,0,6,521,0,1271,0,1271
243807,Playing,1641472,4652,12,32,0,0,6,521,0,1271,0,1271
244056,Playing,1559552,4420,12,32,0,0,6,521,0,1271,0,1271
244304,Playing,1736704,4922,12,32,0,0,6,523,0,1271,0,1271
244554,Playing,1646592,4667,12,32,0,0,6,523,0,1271,0,1271
244804,Playing,1564672,4435,12,32,0,0,6,523,0,1271,0,1271
245051,Playing,1474560,4179,12,32,0,0,6,523,0,1271,0,1271
245301,Playing,1633280,4629,12,32,0,0,6,525,0,1271,0,1271
245552,Playing,1543168,4374,12,32,0,0,6,525,0,1271,0,1271
245802,Playing,1461248,4141,12,32,0,0,6,525,0,1271,0,1271
246051,Playing,1619968,4591,12,32,0,0,6,527,0,1271,0,1271
246301,Playing,1529856,4336,12,32,0,0,6,527,0,1271,0,1271
246551,Playing,1447936,4104,12,32,0,0,6,527,0,1271,0,1271
246802,Playing,1357824,3848,12,32,0,0,6,527,0,1271,0,1271
247054,Playing,1267712,3593,12,32,0,0,6,527,0,1271,0,1271
247304,Playing,1444864,4095,12,32,0,0,6,529,0,1271,0,1271
247552,Playing,1362944,3863,12,32,0,0,6,529,0,1271,0,1271
247805,Playing,1272832,3607,12,32,0,0,6,529,0,1271,0,1271
248051,Playing,1182720,3352,12,32,0,0,6,529,0,1271,0,1271
248301,Playing,1377280,3903,12,32,0,0,6,531,0,1271,0,1271
248550,Playing,1287168,3648,12,32,0,0,6,531,0,1271,0,1271
248801,Playing,1197056,3393,12,32,0,0,6,531,0,1271,0,1271
249052,Playing,1106944,3137,12,32,0,0,6,531,0,1271,0,1271
249301,Playing,1319936,3741,12,32,0,0,6,533,0,1271,0,1271
249547,Playing,1229824,3485,12,32,0,0,6,533,0,1271,0,1271
249796,Playing,1139712,3230,12,32,0,0,6,533,0,1271,0,1271
250045,Playing,1057792,2998,12,32,0,0,6,533,0,1271,0,1271
250294,Playing,1253376,3552,12,32,0,0,6,535,0,1271,0,1271
250545,Playing,1163264,3297,12,32,0,0,6,535,0,1271,0,1271
250794,Playing,1073152,3041,12,32,0,0,6,535,0,1271,0,1271
251042,Playing,991232,2809,12,32,0,0,6,535,0,1271,0,1271
251292,Playing,1196032,3390,12,32,0,0,6,537,0,1271,0,1271
251538,Playing,1105920,3134,12,32,0,0,6,537,0,1271,0,1271
251789,Playing,1024000,2902,12,32,0,0,6,537,0,1271,0,1271
252039,Playing,933888,2647,12,32,0,0,6,537,0,1271,0,1271
252288,Playing,843776,2391,12,32,0,0,6,537,0,1271,0,1271
252539,Playing,1048576,2972,12,32,0,0,6,539,0,1271,0,1271
252789,Playing,966656,2739,12,32,0,0,6,539,0,1271,0,1271
253036,Playing,876544,2484,12,32,0,0,6,539,0,1271,0,1271
253286,Playing,1081344,3065,12,32,0,0,6,541,0,1271,0,1271
253535,Playing,999424,2832,12,32,0,0,6,541,0,1271,0,1271
253784,Playing,909312,2577,12,32,0,0,6,541,0,1271,0,1271
254033,Playing,819200,2321,12,32,0,0,6,541,0,1271,0,1271
254283,Playing,1024000,2902,12,32,0,0,6,543,0,1271,0,1271
254535,Playing,942080,2670,12,32,0,0,6,543,0,1271,0,1271
254784,Playing,851968,2414,12,32,0,0,6,543,0,1271,0,1271
255032,Playing,761856,2159,12,32,0,0,6,543,0,1271,0,1271
255283,Playing,948224,2687,12,32,0,0,6,545,0,1271,0,1271
255533,Playing,866304,2455,12,32,0,0,6,545,0,1271,0,1271
255782,Playing,776192,2200,12,32,0,0,6,545,0,1271,0,1271
256032,Playing,686080,1944,12,32,0,0,6,545,0,1271,0,1271
256279,Playing,604160,1712,12,32,0,0,6,545,0,1271,0,1271
256525,Playing,790528,2240,12,32,0,0,6,547,0,1271,0,1271
256777,Playing,700416,1985,12,32,0,0,6,547,0,1271,0,1271
257026,Playing,610304,1729,12,32,0,0,6,547,0,1271,0,1271
257272,Playing,528384,1497,12,32,0,0,6,547,0,1271,0,1271
257523,Playing,714752,2025,12,32,0,0,6,549,0,1271,0,1271
257771,Playing,624640,1770,12,32,0,0,6,549,0,1271,0,1271
258021,Playing,542720,1538,12,32,0,0,6,549,0,1271,0,1271
258271,Playing,452608,1282,12,32,0,0,6,549,0,1271,0,1271
258519,Playing,638976,1811,12,32,0,0,6,551,0,1271,0,1271
258768,Playing,557056,1578,12,32,0,0,6,551,0,1271,0,1271
259019,Playing,466944,1323,12,32,0,0,6,551,0,1271,0,1271
259268,Playing,376832,1068,12,32,0,0,6,551,0,1271,0,1271
259520,Playing,572416,1622,12,32,0,0,6,553,0,1271,0,1271
259767,Playing,490496,1390,12,32,0,0,6,553,0,1271,0,1271
260018,Playing,400384,1134,12,32,0,0,6,553,0,1271,0,1271
260265,Playing,310272,879,12,32,0,0,6,553,0,1271,0,1271
260517,Playing,496640,1407,12,32,0,0,6,555,0,1271,0,1271
260764,Playing,414720,1175,12,32,0,0,6,555,0,1271,0,1271
261047,Playing,316416,896,12,32,0,0,6,555,0,1271,0,1271
261297,Playing,226304,641,12,32,0,0,6,555,0,1271,0,1271
261550,Playing,412672,1169,12,32,0,0,6,557,1,1271,1,1271
261798,Playing,322560,914,12,32,0,0,6,557,1,1271,1,1271
262046,Playing,240640,682,12,32,0,0,6,557,1,1271,1,1271
262296,Playing,150528,426,12,32,0,0,6,557,1,1271,1,1271
262503,Playing,288768,818,12,32,0,0,6,559,0,1271,0,1271
262814,Playing,182272,516,12,32,0,0,6,559,0,1271,0,1271
263060,Playing,92160,261,12,32,0,0,6,559,0,1271,0,1271
263310,Playing,2048,5,12,32,0,0,6,559,0,1271,0,1271
263564,Buffering,221184,626,13,32,0,0,6,561,0,1271,0,1271
263775,Buffering,221184,626,13,32,0,0,6,561,0,1271,0,1271
264049,Buffering,221184,626,13,32,0,0,6,561,0,1271,0,1271
264313,Buffering,221184,626,13,32,0,0,6,561,0,1271,0,1271
264500,Buffering,221184,626,13,32,0,0,6,561,0,1271,0,1271
264751,Buffering,377856,1071,13,33,0,0,6,563,0,1271,0,1271
265060,Buffering,271360,769,13,33,0,0,6,563,0,1271,0,1271
265310,Buffering,181248,513,13,33,0,0,6,563,0,1271,0,1271
265560,Buffering,338944,960,13,33,0,0,6,565,0,1271,0,1271
265810,Buffering,248832,705,13,33,0,0,6,565,0,1271,0,1271
266060,Buffering,158720,449,13,33,0,0,6,565,0,1271,0,1271
266312,Buffering,68608,194,13,33,0,0,6,565,0,1271,0,1271
266500,Buffering,3072,8,13,33,0,0,6,565,0,1271,0,1271
266812,Buffering,248832,705,13,33,0,0,6,567,0,1271,0,1271
267002,Buffering,248832,705,13,33,0,0,6,567,0,1271,0,1271
267254,Buffering,248832,705,13,33,0,0,6,567,0,1271,0,1271
267501,Buffering,248832,705,13,33,0,0,6,567,0,1271,0,1271
267754,Buffering,416768,1181,13,34,0,0,6,569,0,1271,0,1271
268003,Buffering,326656,925,13,34,0,0,6,569,0,1271,0,1271
268251,Buffering,244736,693,13,34,0,0,6,569,0,1271,0,1271
268500,Buffering,154624,438,13,34,0,0,6,569,0,1271,0,1271
268750,Buffering,322560,914,13,34,0,0,6,571,1,1271,2,1271
269000,Buffering,240640,682,13,34,0,0,6,571,1,1271,2,1271
269250,Buffering,150528,426,13,34,0,0,6,571,1,1271,2,1271
269562,Buffering,35840,101,13,34,0,0,6,571,1,1271,2,1271
269751,Playing,260096,737,13,35,0,0,6,573,0,1271,0,1271
270002,Playing,178176,505,13,35,0,0,6,573,0,1271,0,1271
270254,Playing,88064,249,13,35,0,0,6,573,0,1271,0,1271
270501,Playing,0,0,13,35,0,0,6,573,0,1271,0,1271
270755,Buffering,285696,809,14,35,0,0,6,575,0,1271,0,1271
271005,Buffering,285696,809,14,35,0,0,6,575,0,1271,0,1271
271255,Buffering,285696,809,14,35,0,0,6,575,0,1271,0,1271
271501,Buffering,285696,809,14,35,0,0,6,575,0,1271,0,1271
271752,Buffering,546816,1549,14,36,0,0,6,577,0,1271,0,1271
272001,Buffering,456704,1294,14,36,0,0,6,577,0,1271,0,1271
272251,Buffering,374784,1062,14,36,0,0,6,577,0,1271,0,1271
272501,Buffering,284672,806,14,36,0,0,6,577,0,1271,0,1271
272751,Buffering,489472,1387,14,36,0,0,6,579,0,1271,0,1271
273002,Buffering,399360,1131,14,36,0,0,6,579,0,1271,0,1271
273250,Buffering,317440,899,14,36,0,0,6,579,0,1271,0,1271
273501,Buffering,227328,644,14,36,0,0,6,579,0,1271,0,1271
273811,Buffering,407552,1155,14,36,0,0,6,581,0,1271,0,1271
274061,Buffering,325632,922,14,36,0,0,6,581,0,1271,0,1271
274312,Buffering,235520,667,14,36,0,0,6,581,0,1271,0,1271
274500,Buffering,169984,481,14,36,0,0,6,581,0,1271,0,1271
274812,Buffering,350208,992,14,36,0,0,6,583,0,1271,0,1271
275057,Buffering,268288,760,14,36,0,0,6,583,0,1271,0,1271
275305,Buffering,178176,505,14,36,0,0,6,583,0,1271,0,1271
275556,Buffering,88064,249,14,36,0,0,6,583,0,1271,0,1271
275807,Buffering,0,0,14,36,0,0,6,583,0,1271,0,1271
276057,Playing,210944,597,14,37,0,0,6,585,0,1271,0,1271
276307,Playing,120832,342,14,37,0,0,6,585,0,1271,0,1271
276556,Playing,30720,87,14,37,0,0,6,585,0,1271,0,1271
276803,Playing,0,0,14,37,0,0,6,585,0,1271,0,1271
277054,Buffering,276480,783,15,37,0,0,6,587,0,1271,0,1271
277305,Buffering,276480,783,15,37,0,0,6,587,0,1271,0,1271
277555,Buffering,276480,783,15,37,0,0,6,587,0,1271,0,1271
277803,Buffering,276480,783,15,37,0,0,6,587,0,1271,0,1271
278052,Buffering,471040,1335,15,38,0,0,6,589,0,1271,0,1271
278301,Buffering,380928,1079,15,38,0,0,6,589,0,1271,0,1271
278551,Buffering,290816,824,15,38,0,0,6,589,0,1271,0,1271
278801,Buffering,485376,1375,15,38,0,0,6,591,0,1271,0,1271
279049,Buffering,395264,1120,15,38,0,0,6,591,0,1271,0,1271
279301,Buffering,305152,864,15,38,0,0,6,591,0,1271,0,1271
279549,Buffering,215040,609,15,38,0,0,6,591,0,1271,0,1271
279799,Buffering,133120,377,15,38,0,0,6,591,0,1271,0,1271
280049,Buffering,337920,957,15,38,0,0,6,593,0,1271,0,1271
280296,Buffering,247808,702,15,38,0,0,6,593,0,1271,0,1271
280544,Buffering,165888,470,15,38,0,0,6,593,0,1271,0,1271
280794,Buffering,75776,214,15,38,0,0,6,593,0,1271,0,1271
281041,Buffering,262144,743,15,38,0,0,6,595,0,1271,0,1271
281292,Buffering,172032,487,15,38,0,0,6,595,0,1271,0,1271
281540,Buffering,90112,255,15,38,0,0,6,595,0,1271,0,1271
281791,Buffering,0,0,15,38,0,0,6,595,0,1271,0,1271
282041,Reconnecting,0,0,15,39,0,0,6,596,1117,1271,1117,1271
282290,Reconnecting,0,0,15,39,0,0,6,596,1117,1271,1117,1271
282540,Reconnecting,0,0,15,39,0,0,6,596,1117,1271,1117,1271
282788,Reconnecting,0,0,15,39,0,0,6,596,1117,1271,1117,1271
283038,Reconnecting,0,0,15,39,0,0,6,596,1117,1271,1117,1271
283287,Reconnecting,0,0,15,39,0,0,6,596,1117,1271,1117,1271
283538,Reconnecting,0,0,15,39,0,0,6,596,1117,1271,1117,1271
283786,Reconnecting,0,0,15,39,0,0,6,596,1117,1271,1117,1271
284035,Reconnecting,0,0,15,39,0,0,6,596,1117,1271,1117,1271
284283,Reconnecting,0,0,15,39,0,0,6,596,1117,1271,1117,1271
284531,Reconnecting,0,0,15,39,0,0,6,596,1117,1271,1117,1271
284779,Reconnecting,0,0,15,39,0,0,6,596,1117,1271,1117,1271
285028,Reconnecting,0,0,15,39,0,0,6,596,1117,1271,1117,1271
285277,Reconnecting,0,0,15,39,0,0,6,596,1117,1271,1117,1271
285526,Reconnecting,0,0,15,39,0,0,6,596,1117,1271,1117,1271
285775,Reconnecting,0,0,15,39,0,0,6,596,1117,1271,1117,1271
286025,Reconnecting,0,0,15,39,0,0,6,596,1117,1271,1117,1271
286276,Reconnecting,0,0,15,39,0,0,6,596,1117,1271,1117,1271
286525,Reconnecting,0,0,15,39,0,0,6,596,1117,1271,1117,1271
286774,Reconnecting,0,0,15,39,0,0,6,596,1117,1271,1117,1271
287021,Reconnecting,0,0,15,39,0,0,7,596,1117,1271,1117,1271
287271,Reconnecting,0,0,15,39,0,0,7,596,1117,1271,1117,1271
287522,Reconnecting,0,0,15,39,0,0,7,596,1117,1271,1117,1271
287771,Reconnecting,0,0,15,39,0,0,7,602,119,1271,1117,1271
288020,Reconnecting,0,0,15,39,0,0,7,602,119,1271,1117,1271
288270,Reconnecting,0,0,15,39,0,0,7,602,119,1271,1117,1271
288517,Reconnecting,0,0,15,39,0,0,7,602,119,1271,1117,1271
288766,Reconnecting,0,0,15,39,0,0,7,602,119,1271,1117,1271
289016,Reconnecting,0,0,15,39,0,0,7,602,119,1271,1117,1271
289267,Reconnecting,0,0,15,39,0,0,7,602,119,1271,1117,1271
289517,Reconnecting,0,0,15,39,0,0,7,602,119,1271,1117,1271
289766,Reconnecting,0,0,15,39,0,0,7,602,119,1271,1117,1271
290016,Reconnecting,0,0,15,39,0,0,7,602,119,1271,1117,1271
290266,Reconnecting,0,0,15,39,0,0,7,602,119,1271,1117,1271
290515,Reconnecting,0,0,15,39,0,0,7,602,119,1271,1117,1271
290766,Reconnecting,0,0,15,39,0,0,7,602,119,1271,1117,1271
291015,Reconnecting,0,0,15,39,0,0,7,602,119,1271,1117,1271
291264,Reconnecting,0,0,15,39,0,0,7,602,119,1271,1117,1271
291517,Reconnecting,0,0,15,39,0,0,7,602,119,1271,1117,1271
291764,Reconnecting,0,0,15,39,0,0,7,602,119,1271,1117,1271
292014,Reconnecting,0,0,15,39,0,0,7,602,119,1271,1117,1271
292264,Reconnecting,0,0,15,39,0,0,7,602,119,1271,1117,1271
292514,Reconnecting,0,0,15,39,0,0,7,602,119,1271,1117,1271
292763,Reconnecting,0,0,15,39,0,0,7,602,119,1271,1117,1271
293013,Reconnecting,0,0,15,39,0,0,8,602,119,1271,1117,1271
293263,Reconnecting,0,0,15,39,0,0,8,602,119,1271,1117,1271
293509,Reconnecting,294912,835,15,39,0,0,8,607,0,1271,0,1271
293761,Playing,2488320,7053,15,39,0,0,8,623,0,1271,0,1271
294009,Playing,2398208,6797,15,39,0,0,8,623,0,1271,0,1271
294260,Playing,2308096,6542,15,39,0,0,8,623,0,1271,0,1271
294510,Playing,2217984,6286,15,39,0,0,8,623,0,1271,0,1271
294757,Playing,2412544,6838,15,39,0,0,8,625,0,1271,0,1271
295008,Playing,2322432,6582,15,39,0,0,8,625,0,1271,0,1271
295259,Playing,2232320,6327,15,39,0,0,8,625,0,1271,0,1271
295507,Playing,2150400,6095,15,39,0,0,8,625,0,1271,0,1271
295758,Playing,2336768,6623,15,39,0,0,8,627,2,1271,2,1271
296007,Playing,2246656,6368,15,39,0,0,8,627,2,1271,2,1271
296259,Playing,2156544,6112,15,39,0,0,8,627,2,1271,2,1271
296509,Playing,2074624,5880,15,39,0,0,8,627,2,1271,2,1271
296757,Playing,2196480,6225,15,39,0,0,8,629,0,1271,0,1271
297006,Playing,2106368,5970,15,39,0,0,8,629,0,1271,0,1271
297255,Playing,2016256,5715,15,39,0,0,8,629,0,1271,0,1271
297507,Playing,1934336,5482,15,39,0,0,8,629,0,1271,0,1271
297758,Playing,1844224,5227,15,39,0,0,8,629,0,1271,0,1271
298005,Playing,1984512,5625,15,39,0,0,8,631,0,1271,0,1271
298255,Playing,1894400,5369,15,39,0,0,8,631,0,1271,0,1271
298504,Playing,1812480,5137,15,39,0,0,8,631,0,1271,0,1271
298755,Playing,1961984,5561,15,39,0,0,8,633,0,1271,0,1271
299008,Playing,1871872,5305,15,39,0,0,8,633,0,1271,0,1271
299254,Playing,1789952,5073,15,39,0,0,8,633,0,1271,0,1271
299503,Playing,1699840,4818,15,39,0,0,8,633,0,1271,0,1271
299751,Playing,1876992,5320,15,39,0,0,8,635,0,1271,0,1271
300000,Playing,1795072,5088,15,39,0,0,8,635,0,1271,0,1271
300251,Playing,1704960,4832,15,39,0,0,8,635,0,1271,0,1271
300502,Playing,1614848,4577,15,39,0,0,8,635,0,1271,0,1271
300754,Playing,1524736,4321,15,39,0,0,8,635,0,1271,0,1271
301005,Playing,1683456,4771,15,39,0,0,8,637,0,1271,0,1271
301254,Playing,1601536,4539,15,39,0,0,8,637,0,1271,0,1271
301500,Playing,1511424,4284,15,39,0,0,8,637,0,1271,0,1271
301751,Playing,1421312,4028,15,39,0,0,8,637,0,1271,0,1271
302003,Playing,1580032,4478,15,39,0,0,8,639,0,1271,0,1271
302251,Playing,1498112,4246,15,39,0,0,8,639,0,1271,0,1271
302560,Playing,1383424,3921,15,39,0,0,8,639,0,1271,0,1271
302809,Playing,1559552,4420,15,39,0,0,8,641,0,1271,0,1271
303057,Playing,1469440,4165,15,39,0,0,8,641,0,1271,0,1271
303305,Playing,1379328,3909,15,39,0,0,8,641,0,1271,0,1271
303558,Playing,1289216,3654,15,39,0,0,8,641,0,1271,0,1271
303806,Playing,1483776,4205,15,39,0,0,8,643,0,1271,0,1271
304055,Playing,1393664,3950,15,39,0,0,8,643,0,1271,0,1271
304301,Playing,1303552,3694,15,39,0,0,8,643,0,1271,0,1271
304551,Playing,1221632,3462,15,39,0,0,8,643,0,1271,0,1271
304801,Playing,1131520,3207,15,39,0,0,8,643,0,1271,0,1271
305051,Playing,1327104,3761,15,39,0,0,8,645,0,1271,0,1271
305299,Playing,1236992,3506,15,39,0,0,8,645,0,1271,0,1271
305549,Playing,1155072,3274,15,39,0,0,8,645,0,1271,0,1271
305800,Playing,1064960,3018,15,39,0,0,8,645,0,1271,0,1271
306048,Playing,1269760,3599,15,39,0,0,8,647,0,1271,0,1271
306299,Playing,1179648,3343,15,39,0,0,8,647,0,1271,0,1271
306549,Playing,1097728,3111,15,39,0,0,8,647,0,1271,0,1271
306799,Playing,1007616,2856,15,39,0,0,8,647,0,1271,0,1271
307051,Playing,1212416,3436,15,39,0,0,8,649,0,1271,0,1271
307299,Playing,1130496,3204,15,39,0,0,8,649,0,1271,0,1271
307549,Playing,1040384,2948,15,39,0,0,8,649,0,1271,0,1271
307798,Playing,950272,2693,15,39,0,0,8,649,0,1271,0,1271
308046,Playing,1164288,3300,15,39,0,0,8,651,0,1271,0,1271
308295,Playing,1082368,3067,15,39,0,0,8,651,0,1271,0,1271
308544,Playing,992256,2812,15,39,0,0,8,651,0,1271,0,1271
308791,Playing,902144,2557,15,39,0,0,8,651,0,1271,0,1271
309039,Playing,1115136,3160,15,39,0,0,8,653,0,1271,0,1271
309287,Playing,1025024,2905,15,39,0,0,8,653,0,1271,0,1271
309537,Playing,934912,2649,15,39,0,0,8,653,0,1271,0,1271
309787,Playing,852992,2417,15,39,0,0,8,653,0,1271,0,1271
310036,Playing,1048576,2972,15,39,0,0,8,655,0,1271,0,1271
310286,Playing,958464,2716,15,39,0,0,8,655,0,1271,0,1271
310536,Playing,868352,2461,15,39,0,0,8,655,0,1271,0,1271
310782,Playing,786432,2229,15,39,0,0,8,655,0,1271,0,1271
311032,Playing,982016,2783,15,39,0,0,8,657,0,1271,0,1271
311283,Playing,891904,2528,15,39,0,0,8,657,0,1271,0,1271
311530,Playing,809984,2295,15,39,0,0,8,657,0,1271,0,1271
311781,Playing,719872,2040,15,39,0,0,8,657,0,1271,0,1271
312030,Playing,915456,2594,15,39,0,0,8,659,1,1271,2,1271
312279,Playing,825344,2339,15,39,0,0,8,659,1,1271,2,1271
312529,Playing,743424,2107,15,39,0,0,8,659,1,1271,2,1271
312792,Playing,645120,1828,15,39,0,0,8,659,1,1271,2,1271
313041,Playing,563200,1596,15,39,0,0,8,659,1,1271,2,1271
313331,Playing,742400,2104,15,39,0,0,8,661,0,1271,0,1271
313522,Playing,676864,1918,15,39,0,0,8,661,0,1271,0,1271
313806,Playing,578560,1639,15,39,0,0,8,661,0,1271,0,1271
314060,Playing,488448,1384,15,39,0,0,8,661,0,1271,0,1271
314310,Playing,674816,1912,15,39,0,0,8,663,0,1271,0,1271
314562,Playing,584704,1657,15,39,0,0,8,663,0,1271,0,1271
314750,Playing,519168,1471,15,39,0,0,8,663,0,1271,0,1271
315001,Playing,437248,1239,15,39,0,0,8,663,0,1271,0,1271
315251,Playing,642048,1819,15,39,0,0,8,665,0,1271,0,1271
315560,Playing,535552,1518,15,39,0,0,8,665,0,1271,0,1271
315750,Playing,461824,1309,15,39,0,0,8,665,0,1271,0,1271
316059,Playing,355328,1007,15,39,0,0,8,665,0,1271,0,1271
316310,Playing,550912,1561,15,39,0,0,8,667,0,1271,0,1271
316560,Playing,468992,1329,15,39,0,0,8,667,0,1271,0,1271
316806,Playing,378880,1073,15,39,0,0,8,667,0,1271,0,1271
317056,Playing,288768,818,15,39,0,0,8,667,0,1271,0,1271
317314,Playing,475136,1346,15,39,0,0,8,669,0,1271,0,1271
317557,Playing,393216,1114,15,39,0,0,8,669,0,1271,0,1271
317817,Playing,303104,859,15,39,0,0,8,669,0,1271,0,1271
318058,Playing,212992,603,15,39,0,0,8,669,0,1271,0,1271
318310,Playing,343040,972,15,39,0,0,8,671,0,1271,1,1271
318560,Playing,252928,716,15,39,0,0,8,671,0,1271,1,1271
318811,Playing,162816,461,15,39,0,0,8,671,0,1271,1,1271
319004,Playing,97280,275,15,39,0,0,8,671,0,1271,1,1271
319256,Playing,228352,647,15,39,0,0,8,673,0,1271,0,1271
319560,Playing,121856,345,15,39,0,0,8,673,0,1271,0,1271
319813,Playing,31744,89,15,39,0,0,8,673,0,1271,0,1271
320002,Playing,0,0,15,39,0,0,8,673,0,1271,0,1271
320251,Buffering,221184,626,16,39,0,0,8,675,0,1271,0,1271
320560,Buffering,221184,626,16,39,0,0,8,675,0,1271,0,1271
320809,Buffering,221184,626,16,39,0,0,8,675,0,1271,0,1271
321002,Buffering,221184,626,16,39,0,0,8,675,0,1271,0,1271
321308,Buffering,411648,1166,16,40,0,0,8,677,0,1271,0,1271
321558,Buffering,321536,911,16,40,0,0,8,677,0,1271,0,1271
321807,Buffering,239616,679,16,40,0,0,8,677,0,1271,0,1271
322057,Buffering,149504,423,16,40,0,0,8,677,0,1271,0,1271
322305,Buffering,308224,873,16,40,0,0,8,679,0,1271,0,1271
322554,Buffering,226304,641,16,40,0,0,8,679,0,1271,0,1271
322803,Buffering,136192,386,16,40,0,0,8,679,0,1271,0,1271
323052,Buffering,46080,130,16,40,0,0,8,679,0,1271,0,1271
323302,Buffering,258048,731,16,40,0,0,8,681,1,1271,1,1271
323551,Buffering,258048,731,16,40,0,0,8,681,1,1271,1,1271
323799,Buffering,258048,731,16,40,0,0,8,681,1,1271,1,1271
324050,Buffering,258048,731,16,40,0,0,8,681,1,1271,1,1271
324304,Buffering,499712,1416,16,41,0,0,8,683,1,1271,1,1271
324554,Buffering,417792,1184,16,41,0,0,8,683,1,1271,1,1271
324806,Buffering,327680,928,16,41,0,0,8,683,1,1271,1,1271
325056,Buffering,237568,673,16,41,0,0,8,683,1,1271,1,1271
325305,Buffering,147456,417,16,41,0,0,8,683,1,1271,1,1271
325553,Buffering,332800,943,16,41,0,0,8,685,0,1271,0,1271
325804,Buffering,242688,687,16,41,0,0,8,685,0,1271,0,1271
326053,Buffering,152576,432,16,41,0,0,8,685,0,1271,0,1271
326304,Buffering,70656,200,16,41,0,0,8,685,0,1271,0,1271
326552,Buffering,266240,754,16,41,0,0,8,687,0,1271,0,1271
326801,Buffering,176128,499,16,41,0,0,8,687,0,1271,0,1271
327051,Buffering,94208,267,16,41,0,0,8,687,0,1271,0,1271
327304,Buffering,4096,11,16,41,0,0,8,687,0,1271,0,1271
327551,Playing,203776,577,16,42,0,0,8,689,0,1271,0,1271
327801,Playing,113664,322,16,42,0,0,8,689,0,1271,0,1271
328050,Playing,31744,89,16,42,0,0,8,689,0,1271,0,1271
328301,Playing,0,0,16,42,0,0,8,689,0,1271,0,1271
328548,Buffering,294912,835,17,42,0,0,8,691,0,1271,0,1271
328800,Buffering,294912,835,17,42,0,0,8,691,0,1271,0,1271
329049,Buffering,294912,835,17,42,0,0,8,691,0,1271,0,1271
329297,Buffering,294912,835,17,42,0,0,8,691,0,1271,0,1271
329547,Buffering,548864,1555,17,43,0,0,8,693,0,1271,0,1271
329797,Buffering,466944,1323,17,43,0,0,8,693,0,1271,0,1271
330045,Buffering,376832,1068,17,43,0,0,8,693,0,1271,0,1271
330295,Buffering,286720,812,17,43,0,0,8,693,0,1271,0,1271
330544,Buffering,499712,1416,17,43,0,0,8,695,0,1271,0,1271
330794,Buffering,409600,1160,17,43,0,0,8,695,0,1271,0,1271
331045,Buffering,319488,905,17,43,0,0,8,695,0,1271,0,1271
331291,Buffering,229376,650,17,43,0,0,8,695,0,1271,0,1271
331542,Buffering,433152,1227,17,43,0,0,8,697,0,1271,0,1271
331791,Buffering,343040,972,17,43,0,0,8,697,0,1271,0,1271
332041,Buffering,252928,716,17,43,0,0,8,697,0,1271,0,1271
332292,Buffering,162816,461,17,43,0,0,8,697,0,1271,0,1271
332541,Buffering,357376,1012,17,43,0,0,8,699,0,1271,0,1271
332791,Buffering,267264,757,17,43,0,0,8,699,0,1271,0,1271
333039,Buffering,177152,502,17,43,0,0,8,699,0,1271,0,1271
333287,Buffering,95232,269,17,43,0,0,8,699,0,1271,0,1271
333537,Buffering,281600,798,17,43,0,0,8,701,0,1271,0,1271
333786,Buffering,191488,542,17,43,0,0,8,701,0,1271,0,1271
334033,Buffering,109568,310,17,43,0,0,8,701,0,1271,0,1271
334281,Buffering,19456,55,17,43,0,0,8,701,0,1271,0,1271
334530,Playing,261120,740,17,44,0,0,8,703,0,1271,0,1271
334780,Playing,179200,507,17,44,0,0,8,703,0,1271,0,1271
335028,Playing,89088,252,17,44,0,0,8,703,0,1271,0,1271
335276,Playing,0,0,17,44,0,0,8,703,0,1271,0,1271
335528,Playing,0,0,17,44,0,0,8,703,0,1271,0,1271
335774,Buffering,276480,783,18,44,0,0,8,705,0,1271,0,1271
336022,Buffering,276480,783,18,44,0,0,8,705,0,1271,0,1271
336270,Buffering,276480,783,18,44,0,0,8,705,0,1271,0,1271
336520,Buffering,276480,783,18,44,0,0,8,705,0,1271,0,1271
336770,Buffering,480256,1361,18,45,0,0,8,707,0,1271,0,1271
337018,Buffering,390144,1105,18,45,0,0,8,707,0,1271,0,1271
337267,Buffering,308224,873,18,45,0,0,8,707,0,1271,0,1271
337518,Buffering,218112,618,18,45,0,0,8,707,0,1271,0,1271
337767,Buffering,404480,1146,18,45,0,0,8,709,0,1271,0,1271
338015,Buffering,314368,891,18,45,0,0,8,709,0,1271,0,1271
338263,Buffering,232448,658,18,45,0,0,8,709,0,1271,0,1271
338513,Buffering,142336,403,18,45,0,0,8,709,0,1271,0,1271
338762,Buffering,328704,931,18,45,0,0,8,711,0,1271,0,1271
339011,Buffering,246784,699,18,45,0,0,8,711,0,1271,0,1271
339260,Buffering,156672,444,18,45,0,0,8,711,0,1271,0,1271
339508,Buffering,66560,188,18,45,0,0,8,711,0,1271,0,1271
339759,Buffering,197632,560,18,45,0,0,8,713,0,1271,0,1271
340008,Buffering,115712,327,18,45,0,0,8,713,0,1271,0,1271
340258,Buffering,25600,72,18,45,0,0,8,713,0,1271,0,1271
340506,Buffering,0,0,18,45,0,0,8,713,0,1271,0,1271
340755,Reconnecting,0,0,18,46,0,0,8,714,1105,1271,1106,1271
341005,Reconnecting,0,0,18,46,0,0,8,714,1105,1271,1106,1271
341256,Reconnecting,0,0,18,46,0,0,8,714,1105,1271,1106,1271
341503,Reconnecting,0,0,18,46,0,0,8,714,1105,1271,1106,1271
341751,Reconnecting,0,0,18,46,0,0,8,714,1105,1271,1106,1271
342016,Reconnecting,0,0,18,46,0,0,8,714,1105,1271,1106,1271
342266,Reconnecting,0,0,18,46,0,0,8,714,1105,1271,1106,1271
342515,Reconnecting,0,0,18,46,0,0,8,714,1105,1271,1106,1271
342766,Reconnecting,0,0,18,46,0,0,8,714,1105,1271,1106,1271
343014,Reconnecting,0,0,18,46,0,0,8,714,1105,1271,1106,1271
343263,Reconnecting,0,0,18,46,0,0,8,714,1105,1271,1106,1271
343514,Reconnecting,0,0,18,46,0,0,8,714,1105,1271,1106,1271
343761,Reconnecting,0,0,18,46,0,0,8,714,1105,1271,1106,1271
344009,Reconnecting,0,0,18,46,0,0,8,714,1105,1271,1106,1271
344258,Reconnecting,0,0,18,46,0,0,8,714,1105,1271,1106,1271
344507,Reconnecting,0,0,18,46,0,0,8,714,1105,1271,1106,1271
344758,Reconnecting,0,0,18,46,0,0,8,714,1105,1271,1106,1271
345010,Reconnecting,0,0,18,46,0,0,8,714,1105,1271,1106,1271
345262,Reconnecting,0,0,18,46,0,0,8,714,1105,1271,1106,1271
345512,Reconnecting,0,0,18,46,0,0,8,714,1105,1271,1106,1271
345762,Reconnecting,0,0,18,46,0,0,8,714,1105,1271,1106,1271
346009,Reconnecting,0,0,18,46,0,0,9,714,1105,1271,1106,1271
346262,Reconnecting,0,0,18,46,0,0,9,714,1105,1271,1106,1271
346510,Reconnecting,0,0,18,46,0,0,9,719,0,1271,1106,1271
346758,Playing,2288640,6487,18,46,0,0,9,735,0,1271,0,1271
347008,Playing,2198528,6231,18,46,0,0,9,735,0,1271,0,1271
347259,Playing,2116608,5999,18,46,0,0,9,735,0,1271,0,1271
347508,Playing,2026496,5744,18,46,0,0,9,735,0,1271,0,1271
347758,Playing,2212864,6272,18,46,0,0,9,737,0,1271,0,1271
348008,Playing,2122752,6016,18,46,0,0,9,737,0,1271,0,1271
348257,Playing,2040832,5784,18,46,0,0,9,737,0,1271,0,1271
348506,Playing,1950720,5529,18,46,0,0,9,737,0,1271,0,1271
348754,Playing,2137088,6057,18,46,0,0,9,739,0,1271,0,1271
349004,Playing,2055168,5825,18,46,0,0,9,739,0,1271,0,1271
349256,Playing,1965056,5569,18,46,0,0,9,739,0,1271,0,1271
349505,Playing,1874944,5314,18,46,0,0,9,739,0,1271,0,1271
349754,Playing,1996800,5659,18,46,0,0,9,741,0,1271,0,1271
350001,Playing,1914880,5427,18,46,0,0,9,741,0,1271,0,1271
350250,Playing,1824768,5172,18,46,0,0,9,741,0,1271,0,1271
350560,Playing,1718272,4870,18,46,0,0,9,741,0,1271,0,1271
350808,Playing,1867776,5294,18,46,0,0,9,743,0,1271,0,1271
351057,Playing,1785856,5061,18,46,0,0,9,743,0,1271,0,1271
351308,Playing,1695744,4806,18,46,0,0,9,743,0,1271,0,1271
351558,Playing,1605632,4551,18,46,0,0,9,743,0,1271,0,1271
351807,Playing,1773568,5027,18,46,0,0,9,745,0,1271,0,1271
352058,Playing,1683456,4771,18,46,0,0,9,745,0,1271,0,1271
352307,Playing,1601536,4539,18,46,0,0,9,745,0,1271,0,1271
352557,Playing,1511424,4284,18,46,0,0,9,745,0,1271,0,1271
352806,Playing,1688576,4786,18,46,0,0,9,747,0,1271,0,1271
353055,Playing,1606656,4554,18,46,0,0,9,747,0,1271,0,1271
353306,Playing,1516544,4298,18,46,0,0,9,747,0,1271,0,1271
353556,Playing,1426432,4043,18,46,0,0,9,747,0,1271,0,1271
353750,Playing,1360896,3857,18,46,0,0,9,747,0,1271,0,1271
354057,Playing,1521664,4313,18,46,0,0,9,749,0,1271,0,1271
354305,Playing,1431552,4057,18,46,0,0,9,749,0,1271,0,1271
354555,Playing,1341440,3802,18,46,0,0,9,749,0,1271,0,1271
354805,Playing,1251328,3546,18,46,0,0,9,749,0,1271,0,1271
355054,Playing,1418240,4019,18,46,0,0,9,751,0,1271,0,1271
355304,Playing,1328128,3764,18,46,0,0,9,751,0,1271,0,1271
355550,Playing,1238016,3509,18,46,0,0,9,751,0,1271,0,1271
355799,Playing,1156096,3276,18,46,0,0,9,751,0,1271,0,1271
356048,Playing,1333248,3779,18,46,0,0,9,753,0,1271,0,1271
356296,Playing,1243136,3523,18,46,0,0,9,753,0,1271,0,1271
356546,Playing,1161216,3291,18,46,0,0,9,753,0,1271,0,1271
356793,Playing,1071104,3036,18,46,0,0,9,753,0,1271,0,1271
357043,Playing,1266688,3590,18,46,0,0,9,755,0,1271,0,1271
357292,Playing,1184768,3358,18,46,0,0,9,755,0,1271,0,1271
357541,Playing,1094656,3102,18,46,0,0,9,755,0,1271,0,1271
357790,Playing,1004544,2847,18,46,0,0,9,755,0,1271,0,1271
358041,Playing,1227776,3480,18,46,0,0,9,757,0,1271,0,1271
358292,Playing,1145856,3247,18,46,0,0,9,757,0,1271,0,1271
358541,Playing,1055744,2992,18,46,0,0,9,757,0,1271,0,1271
358791,Playing,965632,2737,18,46,0,0,9,757,0,1271,0,1271
359040,Playing,875520,2481,18,46,0,0,9,757,0,1271,0,1271
359288,Playing,1079296,3059,18,46,0,0,9,759,0,1271,0,1271
359536,Playing,989184,2803,18,46,0,0,9,759,0,1271,0,1271
359784,Playing,899072,2548,18,46,0,0,9,759,0,1271,0,1271
360034,Playing,817152,2316,18,46,0,0,9,759,0,1271,0,1271
360287,Playing,1021952,2896,18,46,0,0,9,761,0,1271,0,1271
360535,Playing,931840,2641,18,46,0,0,9,761,0,1271,0,1271
360784,Playing,841728,2385,18,46,0,0,9,761,0,1271,0,1271
361034,Playing,1073152,3041,18,46,0,0,9,763,0,1271,0,1271
361285,Playing,983040,2786,18,46,0,0,9,763,0,1271,0,1271
361534,Playing,892928,2530,18,46,0,0,9,763,0,1271,0,1271
361784,Playing,802816,2275,18,46,0,0,9,763,0,1271,0,1271
362034,Playing,1025024,2905,18,46,0,0,9,765,0,1271,0,1271
362285,Playing,934912,2649,18,46,0,0,9,765,0,1271,0,1271
362532,Playing,844800,2394,18,46,0,0,9,765,0,1271,0,1271
362781,Playing,762880,2162,18,46,0,0,9,765,0,1271,0,1271
363029,Playing,672768,1906,18,46,0,0,9,765,0,1271,0,1271
363281,Playing,896000,2539,18,46,0,0,9,767,0,1271,0,1271
363529,Playing,805888,2284,18,46,0,0,9,767,0,1271,0,1271
363777,Playing,723968,2052,18,46,0,0,9,767,0,1271,0,1271
364024,Playing,633856,1796,18,46,0,0,9,767,0,1271,0,1271
364276,Playing,829440,2351,18,46,0,0,9,769,0,1271,0,1271
364525,Playing,747520,2118,18,46,0,0,9,769,0,1271,0,1271
364771,Playing,657408,1863,18,46,0,0,9,769,0,1271,0,1271
365023,Playing,567296,1607,18,46,0,0,9,769,0,1271,0,1271
365274,Playing,753664,2136,18,46,0,0,9,771,0,1271,0,1271
365522,Playing,671744,1904,18,46,0,0,9,771,0,1271,0,1271
365769,Playing,581632,1648,18,46,0,0,9,771,0,1271,0,1271
366018,Playing,491520,1393,18,46,0,0,9,771,0,1271,0,1271
366265,Playing,695296,1970,18,46,0,0,9,773,0,1271,0,1271
366516,Playing,605184,1715,18,46,0,0,9,773,0,1271,0,1271
366766,Playing,515072,1459,18,46,0,0,9,773,0,1271,0,1271
367017,Playing,710656,2014,18,46,0,0,9,775,0,1271,0,1271
367267,Playing,628736,1782,18,46,0,0,9,775,0,1271,0,1271
367515,Playing,538624,1526,18,46,0,0,9,775,0,1271,0,1271
367766,Playing,448512,1271,18,46,0,0,9,775,0,1271,0,1271
368015,Playing,358400,1015,18,46,0,0,9,775,0,1271,0,1271
368268,Playing,553984,1570,18,46,0,0,9,777,0,1271,0,1271
368516,Playing,472064,1338,18,46,0,0,9,777,0,1271,0,1271
368764,Playing,381952,1082,18,46,0,0,9,777,0,1271,0,1271
369014,Playing,291840,827,18,46,0,0,9,777,0,1271,0,1271
369263,Playing,486400,1378,18,46,0,0,9,779,0,1271,0,1271
369511,Playing,396288,1123,18,46,0,0,9,779,0,1271,0,1271
369758,Playing,306176,867,18,46,0,0,9,779,0,1271,0,1271
370004,Playing,224256,635,18,46,0,0,9,779,0,1271,0,1271
370253,Playing,410624,1163,18,46,0,0,9,781,0,1271,0,1271
370500,Playing,320512,908,18,46,0,0,9,781,0,1271,0,1271
370812,Playing,214016,606,18,46,0,0,9,781,0,1271,0,1271
371061,Playing,123904,351,18,46,0,0,9,781,0,1271,0,1271
371309,Playing,253952,719,18,46,0,0,9,783,0,1271,0,1271
371559,Playing,163840,464,18,46,0,0,9,783,0,1271,0,1271
371807,Playing,73728,208,18,46,0,0,9,783,0,1271,0,1271
372057,Playing,0,0,18,46,0,0,9,783,0,1271,0,1271
372308,Buffering,221184,626,19,46,0,0,9,785,0,1271,0,1271
372557,Buffering,221184,626,19,46,0,0,9,785,0,1271,0,1271
372805,Buffering,221184,626,19,46,0,0,9,785,0,1271,0,1271
373054,Buffering,221184,626,19,46,0,0,9,785,0,1271,0,1271
373305,Buffering,451584,1280,19,47,0,0,9,787,0,1271,0,1271
373556,Buffering,361472,1024,19,47,0,0,9,787,0,1271,0,1271
373805,Buffering,271360,769,19,47,0,0,9,787,0,1271,0,1271
374057,Buffering,181248,513,19,47,0,0,9,787,0,1271,0,1271
374305,Buffering,338944,960,19,47,0,0,9,789,0,1271,0,1271
374553,Buffering,248832,705,19,47,0,0,9,789,0,1271,0,1271
374804,Buffering,158720,449,19,47,0,0,9,789,0,1271,0,1271
375053,Buffering,68608,194,19,47,0,0,9,789,0,1271,0,1271
375329,Buffering,248832,705,19,47,0,0,9,791,2,1271,2,1271
375506,Buffering,248832,705,19,47,0,0,9,791,2,1271,2,1271
375758,Buffering,248832,705,19,47,0,0,9,791,2,1271,2,1271
376007,Buffering,248832,705,19,47,0,0,9,791,2,1271,2,1271
376253,Buffering,516096,1462,19,48,0,0,9,793,0,1271,0,1271
376505,Buffering,425984,1207,19,48,0,0,9,793,0,1271,0,1271
376755,Buffering,335872,952,19,48,0,0,9,793,0,1271,0,1271
377003,Buffering,245760,696,19,48,0,0,9,793,0,1271,0,1271
377253,Buffering,163840,464,19,48,0,0,9,793,0,1271,0,1271
377502,Buffering,331776,940,19,48,0,0,9,795,0,1271,0,1271
377752,Buffering,241664,684,19,48,0,0,9,795,0,1271,0,1271
378002,Buffering,159744,452,19,48,0,0,9,795,0,1271,0,1271
378251,Buffering,69632,197,19,48,0,0,9,795,0,1271,0,1271
378502,Buffering,256000,725,19,48,0,0,9,797,0,1271,0,1271
378812,Buffering,149504,423,19,48,0,0,9,797,0,1271,0,1271
379061,Buffering,59392,168,19,48,0,0,9,797,0,1271,0,1271
379251,Buffering,0,0,19,48,0,0,9,797,0,1271,0,1271
379501,Playing,286720,812,19,49,0,0,9,799,0,1271,0,1271
379751,Playing,196608,557,19,49,0,0,9,799,0,1271,0,1271
380001,Playing,106496,301,19,49,0,0,9,799,0,1271,0,1271
380312,Playing,0,0,19,49,0,0,9,799,0,1271,0,1271
380561,Buffering,285696,809,20,49,0,0,9,801,0,1271,0,1271
380808,Buffering,285696,809,20,49,0,0,9,801,0,1271,0,1271
381058,Buffering,285696,809,20,49,0,0,9,801,0,1271,0,1271
381307,Buffering,285696,809,20,49,0,0,9,801,0,1271,0,1271
381557,Buffering,523264,1483,20,50,0,0,9,803,0,1271,0,1271
381809,Buffering,441344,1250,20,50,0,0,9,803,0,1271,0,1271
382059,Buffering,351232,995,20,50,0,0,9,803,0,1271,0,1271
382308,Buffering,261120,740,20,50,0,0,9,803,0,1271,0,1271
382555,Buffering,465920,1320,20,50,0,0,9,805,0,1271,0,1271
382803,Buffering,384000,1088,20,50,0,0,9,805,0,1271,0,1271
383053,Buffering,293888,833,20,50,0,0,9,805,0,1271,0,1271
383301,Buffering,203776,577,20,50,0,0,9,805,0,1271,0,1271
383551,Buffering,425984,1207,20,50,0,0,9,807,0,1271,0,1271
383800,Buffering,335872,952,20,50,0,0,9,807,0,1271,0,1271
384051,Buffering,245760,696,20,50,0,0,9,807,0,1271,0,1271
384303,Buffering,155648,441,20,50,0,0,9,807,0,1271,0,1271
384550,Buffering,350208,992,20,50,0,0,9,809,0,1271,0,1271
384800,Buffering,260096,737,20,50,0,0,9,809,0,1271,0,1271
385050,Buffering,169984,481,20,50,0,0,9,809,0,1271,0,1271
385298,Buffering,79872,226,20,50,0,0,9,809,0,1271,0,1271
385550,Buffering,274432,777,20,50,0,0,9,811,0,1271,0,1271
385798,Buffering,184320,522,20,50,0,0,9,811,0,1271,0,1271
386046,Buffering,94208,267,20,50,0,0,9,811,0,1271,0,1271
386295,Buffering,12288,34,20,50,0,0,9,811,0,1271,0,1271
386541,Buffering,0,0,20,50,0,0,9,811,0,1271,0,1271
386793,Playing,220160,624,20,51,0,0,9,813,0,1271,0,1271
387042,Playing,130048,368,20,51,0,0,9,813,0,1271,0,1271
387292,Playing,48128,136,20,51,0,0,9,813,0,1271,0,1271
387541,Playing,0,0,20,51,0,0,9,813,0,1271,0,1271
387787,Buffering,285696,809,21,51,0,0,9,815,0,1271,0,1271
388038,Buffering,285696,809,21,51,0,0,9,815,0,1271,0,1271
388287,Buffering,285696,809,21,51,0,0,9,815,0,1271,0,1271
388536,Buffering,285696,809,21,51,0,0,9,815,0,1271,0,1271
388800,Buffering,556032,1576,21,52,0,0,9,817,0,1271,1,1271
389008,Buffering,482304,1367,21,52,0,0,9,817,0,1271,1,1271
389255,Buffering,392192,1111,21,52,0,0,9,817,0,1271,1,1271
389504,Buffering,302080,856,21,52,0,0,9,817,0,1271,1,1271
389768,Buffering,497664,1410,21,52,0,0,9,819,0,1271,0,1271
390016,Buffering,407552,1155,21,52,0,0,9,819,0,1271,0,1271
390268,Buffering,325632,922,21,52,0,0,9,819,0,1271,0,1271
390522,Buffering,235520,667,21,52,0,0,9,819,0,1271,0,1271
390768,Buffering,421888,1195,21,52,0,0,9,821,0,1271,0,1271
391018,Buffering,331776,940,21,52,0,0,9,821,0,1271,0,1271
391267,Buffering,249856,708,21,52,0,0,9,821,0,1271,0,1271
391571,Buffering,143360,406,21,52,0,0,9,821,0,1271,0,1271
391762,Buffering,69632,197,21,52,0,0,9,821,0,1271,0,1271
392000,Buffering,199680,565,21,52,0,0,9,823,0,1271,0,1271
392279,Buffering,101376,287,21,52,0,0,9,823,0,1271,0,1271
392507,Buffering,19456,55,21,52,0,0,9,823,0,1271,0,1271
392758,Reconnecting,0,0,21,53,0,0,9,824,925,1271,925,1271
393009,Reconnecting,0,0,21,53,0,0,9,824,925,1271,925,1271
393289,Reconnecting,0,0,21,53,0,0,9,824,925,1271,925,1271
393516,Reconnecting,0,0,21,53,0,0,9,824,925,1271,925,1271
393764,Reconnecting,0,0,21,53,0,0,9,824,925,1271,925,1271
394014,Reconnecting,0,0,21,53,0,0,9,824,925,1271,925,1271
394268,Reconnecting,0,0,21,53,0,0,9,824,925,1271,925,1271
394547,Reconnecting,0,0,21,53,0,0,9,824,925,1271,925,1271
394772,Reconnecting,0,0,21,53,0,0,9,824,925,1271,925,1271
395037,Reconnecting,0,0,21,53,0,0,9,824,925,1271,925,1271
395290,Reconnecting,0,0,21,53,0,0,9,824,925,1271,925,1271
395538,Reconnecting,0,0,21,53,0,0,9,824,925,1271,925,1271
395788,Reconnecting,0,0,21,53,0,0,9,824,925,1271,925,1271
396038,Reconnecting,0,0,21,53,0,0,9,824,925,1271,925,1271
396288,Reconnecting,0,0,21,53,0,0,9,824,925,1271,925,1271
396536,Reconnecting,0,0,21,53,0,0,9,824,925,1271,925,1271
396786,Reconnecting,0,0,21,53,0,0,9,824,925,1271,925,1271
397038,Reconnecting,0,0,21,53,0,0,9,824,925,1271,925,1271
397286,Reconnecting,0,0,21,53,0,0,9,824,925,1271,925,1271
397536,Reconnecting,0,0,21,53,0,0,9,824,925,1271,925,1271
397782,Reconnecting,0,0,21,53,0,0,9,824,925,1271,925,1271
398033,Reconnecting,0,0,21,53,0,0,10,824,925,1271,925,1271
398281,Reconnecting,0,0,21,53,0,0,10,824,925,1271,925,1271
398530,Playing,1539072,4362,21,53,0,0,10,837,0,1271,0,1271
398782,Playing,2564096,7267,21,53,0,0,10,845,0,1271,0,1271
399030,Playing,2473984,7012,21,53,0,0,10,845,0,1271,0,1271
399279,Playing,2383872,6757,21,53,0,0,10,845,0,1271,0,1271
399527,Playing,2301952,6524,21,53,0,0,10,845,0,1271,0,1271
399774,Playing,2488320,7053,21,53,0,0,10,847,0,1271,0,1271
400023,Playing,2398208,6797,21,53,0,0,10,847,0,1271,0,1271
400273,Playing,2316288,6565,21,53,0,0,10,847,0,1271,0,1271
400521,Playing,2226176,6310,21,53,0,0,10,847,0,1271,0,1271
400769,Playing,2421760,6864,21,53,0,0,10,849,0,1271,0,1271
401024,Playing,2331648,6608,21,53,0,0,10,849,0,1271,0,1271
401275,Playing,2249728,6376,21,53,0,0,10,849,0,1271,0,1271
401528,Playing,2159616,6121,21,53,0,0,10,849,0,1271,0,1271
401779,Playing,2281472,6466,21,53,0,0,10,851,0,1271,0,1271
402028,Playing,2191360,6211,21,53,0,0,10,851,0,1271,0,1271
402276,Playing,2109440,5979,21,53,0,0,10,851,0,1271,0,1271
402526,Playing,2019328,5723,21,53,0,0,10,851,0,1271,0,1271
402776,Playing,1929216,5468,21,53,0,0,10,851,0,1271,0,1271
403028,Playing,2069504,5865,21,53,0,0,10,853,0,1271,0,1271
403275,Playing,1987584,5633,21,53,0,0,10,853,0,1271,0,1271
403523,Playing,1897472,5378,21,53,0,0,10,853,0,1271,0,1271
403772,Playing,1807360,5122,21,53,0,0,10,853,0,1271,0,1271
404020,Playing,1965056,5569,21,53,0,0,10,855,0,1271,0,1271
404269,Playing,1874944,5314,21,53,0,0,10,855,0,1271,0,1271
404520,Playing,1784832,5059,21,53,0,0,10,855,0,1271,0,1271
404773,Playing,1961984,5561,21,53,0,0,10,857,0,1271,0,1271
405020,Playing,1880064,5328,21,53,0,0,10,857,0,1271,0,1271
405269,Playing,1789952,5073,21,53,0,0,10,857,0,1271,0,1271
405516,Playing,1699840,4818,21,53,0,0,10,857,0,1271,0,1271
405766,Playing,1609728,4562,21,53,0,0,10,857,0,1271,0,1271
406014,Playing,1785856,5061,21,53,0,0,10,859,0,1271,0,1271
406262,Playing,1695744,4806,21,53,0,0,10,859,0,1271,0,1271
406513,Playing,1605632,4551,21,53,0,0,10,859,0,1271,0,1271
406763,Playing,1523712,4318,21,53,0,0,10,859,0,1271,0,1271
407013,Playing,1682432,4768,21,53,0,0,10,861,0,1271,0,1271
407261,Playing,1592320,4513,21,53,0,0,10,861,0,1271,0,1271
407509,Playing,1510400,4281,21,53,0,0,10,861,0,1271,0,1271
407758,Playing,1420288,4025,21,53,0,0,10,861,0,1271,0,1271
408007,Playing,1597440,4527,21,53,0,0,10,863,0,1271,0,1271
408256,Playing,1507328,4272,21,53,0,0,10,863,0,1271,0,1271
408507,Playing,1425408,4040,21,53,0,0,10,863,0,1271,0,1271
408758,Playing,1335296,3784,21,53,0,0,10,863,0,1271,0,1271
409008,Playing,1521664,4313,21,53,0,0,10,865,0,1271,0,1271
409255,Playing,1439744,4080,21,53,0,0,10,865,0,1271,0,1271
409503,Playing,1349632,3825,21,53,0,0,10,865,0,1271,0,1271
409813,Playing,1243136,3523,21,53,0,0,10,865,0,1271,0,1271
410000,Playing,1169408,3314,21,53,0,0,10,865,0,1271,0,1271
410250,Playing,1382400,3918,21,53,0,0,10,867,0,1271,0,1271
410500,Playing,1292288,3662,21,53,0,0,10,867,0,1271,0,1271
410813,Playing,1177600,3337,21,53,0,0,10,867,0,1271,0,1271
411061,Playing,1095680,3105,21,53,0,0,10,867,0,1271,0,1271
411311,Playing,1291264,3660,21,53,0,0,10,869,0,1271,0,1271
411557,Playing,1201152,3404,21,53,0,0,10,869,0,1271,0,1271
411807,Playing,1119232,3172,21,53,0,0,10,869,0,1271,0,1271
412055,Playing,1324032,3752,21,53,0,0,10,871,0,1271,0,1271
412305,Playing,1233920,3497,21,53,0,0,10,871,0,1271,0,1271
412552,Playing,1152000,3265,21,53,0,0,10,871,0,1271,0,1271
412803,Playing,1061888,3009,21,53,0,0,10,871,0,1271,0,1271
413051,Playing,1266688,3590,21,53,0,0,10,873,0,1271,0,1271
413300,Playing,1176576,3334,21,53,0,0,10,873,0,1271,0,1271
413552,Playing,1094656,3102,21,53,0,0,10,873,0,1271,0,1271
413799,Playing,1004544,2847,21,53,0,0,10,873,0,1271,0,1271
414049,Playing,914432,2591,21,53,0,0,10,873,0,1271,0,1271
414300,Playing,1119232,3172,21,53,0,0,10,875,0,1271,0,1271
414547,Playing,1037312,2940,21,53,0,0,10,875,0,1271,0,1271
414797,Playing,947200,2684,21,53,0,0,10,875,0,1271,0,1271
415047,Playing,1152000,3265,21,53,0,0,10,877,0,1271,0,1271
415297,Playing,1070080,3033,21,53,0,0,10,877,0,1271,0,1271
415543,Playing,979968,2777,21,53,0,0,10,877,0,1271,0,1271
415792,Playing,889856,2522,21,53,0,0,10,877,0,1271,0,1271
416041,Playing,1084416,3073,21,53,0,0,10,879,0,1271,0,1271
416291,Playing,994304,2818,21,53,0,0,10,879,0,1271,0,1271
416537,Playing,904192,2562,21,53,0,0,10,879,0,1271,0,1271
416788,Playing,814080,2307,21,53,0,0,10,879,0,1271,0,1271
417037,Playing,732160,2075,21,53,0,0,10,879,0,1271,0,1271
417286,Playing,918528,2603,21,53,0,0,10,881,0,1271,0,1271
417535,Playing,828416,2348,21,53,0,0,10,881,0,1271,0,1271
417783,Playing,746496,2115,21,53,0,0,10,881,0,1271,0,1271
418031,Playing,942080,2670,21,53,0,0,10,883,0,1271,0,1271
418284,Playing,851968,2414,21,53,0,0,10,883,0,1271,0,1271
418532,Playing,761856,2159,21,53,0,0,10,883,0,1271,0,1271
418780,Playing,679936,1927,21,53,0,0,10,883,0,1271,0,1271
419030,Playing,589824,1671,21,53,0,0,10,883,0,1271,0,1271
419281,Playing,776192,2200,21,53,0,0,10,885,0,1271,0,1271
419531,Playing,686080,1944,21,53,0,0,10,885,0,1271,0,1271
419780,Playing,604160,1712,21,53,0,0,10,885,0,1271,0,1271
420028,Playing,514048,1457,21,53,0,0,10,885,0,1271,0,1271
420275,Playing,727040,2060,21,53,0,0,10,887,0,1271,0,1271
420525,Playing,636928,1805,21,53,0,0,10,887,0,1271,0,1271
420774,Playing,546816,1549,21,53,0,0,10,887,0,1271,0,1271
421025,Playing,456704,1294,21,53,0,0,10,887,0,1271,0,1271
421274,Playing,374784,1062,21,53,0,0,10,887,0,1271,0,1271
421524,Playing,561152,1590,21,53,0,0,10,889,0,1271,0,1271
421750,Playing,479232,1358,21,53,0,0,10,889,0,1271,0,1271
422010,Playing,389120,1102,21,53,0,0,10,889,0,1271,0,1271
422260,Playing,307200,870,21,53,0,0,10,889,0,1271,0,1271
422510,Playing,493568,1399,21,53,0,0,10,891,0,1271,0,1271
422758,Playing,403456,1143,21,53,0,0,10,891,0,1271,0,1271
423009,Playing,313344,888,21,53,0,0,10,891,0,1271,0,1271
423256,Playing,231424,655,21,53,0,0,10,891,0,1271,0,1271
423505,Playing,353280,1001,21,53,0,0,10,893,0,1271,0,1271
423753,Playing,263168,745,21,53,0,0,10,893,0,1271,0,1271
424003,Playing,181248,513,21,53,0,0,10,893,0,1271,0,1271
424250,Playing,91136,258,21,53,0,0,10,893,0,1271,0,1271
424562,Playing,205824,583,21,53,0,0,10,895,0,1271,0,1271
424750,Playing,132096,374,21,53,0,0,10,895,0,1271,0,1271
425000,Playing,50176,142,21,53,0,0,10,895,0,1271,0,1271
425250,Playing,0,0,21,53,0,0,10,895,0,1271,0,1271
425500,Buffering,239616,679,22,53,0,0,10,897,0,1271,0,1271
425810,Buffering,239616,679,22,53,0,0,10,897,0,1271,0,1271
426057,Buffering,239616,679,22,53,0,0,10,897,0,1271,0,1271
426304,Buffering,239616,679,22,53,0,0,10,897,0,1271,0,1271
426551,Buffering,421888,1195,22,54,0,0,10,899,0,1271,0,1271
426803,Buffering,331776,940,22,54,0,0,10,899,0,1271,0,1271
427055,Buffering,241664,684,22,54,0,0,10,899,0,1271,0,1271
427308,Buffering,151552,429,22,54,0,0,10,899,0,1271,0,1271
427559,Buffering,318464,902,22,54,0,0,10,901,0,1271,0,1271
427808,Buffering,228352,647,22,54,0,0,10,901,0,1271,0,1271
428057,Buffering,138240,391,22,54,0,0,10,901,0,1271,0,1271
428307,Buffering,48128,136,22,54,0,0,10,901,0,1271,0,1271
428558,Buffering,258048,731,22,54,0,0,10,903,0,1271,0,1271
428807,Buffering,258048,731,22,54,0,0,10,903,0,1271,0,1271
429056,Buffering,258048,731,22,54,0,0,10,903,0,1271,0,1271
429304,Buffering,258048,731,22,54,0,0,10,903,0,1271,0,1271
429554,Buffering,491520,1393,22,55,0,0,10,905,0,1271,0,1271
429801,Buffering,401408,1137,22,55,0,0,10,905,0,1271,0,1271
430051,Buffering,311296,882,22,55,0,0,10,905,0,1271,0,1271
430302,Buffering,221184,626,22,55,0,0,10,905,0,1271,0,1271
430554,Buffering,415744,1178,22,55,0,0,10,907,0,1271,0,1271
430805,Buffering,325632,922,22,55,0,0,10,907,0,1271,0,1271
431057,Buffering,235520,667,22,55,0,0,10,907,0,1271,0,1271
431307,Buffering,145408,412,22,55,0,0,10,907,0,1271,0,1271
431555,Buffering,63488,179,22,55,0,0,10,907,0,1271,0,1271
431804,Buffering,259072,734,22,55,0,0,10,909,0,1271,0,1271
432053,Buffering,168960,478,22,55,0,0,10,909,0,1271,0,1271
432302,Buffering,78848,223,22,55,0,0,10,909,0,1271,0,1271
432555,Playing,277504,786,22,56,0,0,10,911,0,1271,0,1271
432807,Playing,195584,554,22,56,0,0,10,911,0,1271,0,1271
433059,Playing,105472,298,22,56,0,0,10,911,0,1271,0,1271
433310,Playing,15360,43,22,56,0,0,10,911,0,1271,0,1271
433558,Buffering,294912,835,23,56,0,0,10,913,0,1271,0,1271
433807,Buffering,294912,835,23,56,0,0,10,913,0,1271,0,1271
434055,Buffering,294912,835,23,56,0,0,10,913,0,1271,0,1271
434303,Buffering,294912,835,23,56,0,0,10,913,0,1271,0,1271
434552,Buffering,294912,835,23,56,0,0,10,913,0,1271,0,1271
434800,Buffering,532480,1509,23,57,0,0,10,915,0,1271,0,1271
435048,Buffering,442368,1253,23,57,0,0,10,915,0,1271,0,1271
435299,Buffering,352256,998,23,57,0,0,10,915,0,1271,0,1271
435547,Buffering,270336,766,23,57,0,0,10,915,0,1271,0,1271
435797,Buffering,475136,1346,23,57,0,0,10,917,0,1271,0,1271
436048,Buffering,385024,1091,23,57,0,0,10,917,0,1271,0,1271
436297,Buffering,294912,835,23,57,0,0,10,917,0,1271,0,1271
436546,Buffering,212992,603,23,57,0,0,10,917,0,1271,0,1271
436796,Buffering,399360,1131,23,57,0,0,10,919,0,1271,0,1271
437043,Buffering,309248,876,23,57,0,0,10,919,0,1271,0,1271
437292,Buffering,227328,644,23,57,0,0,10,919,0,1271,0,1271
437542,Buffering,137216,388,23,57,0,0,10,919,0,1271,0,1271
437791,Buffering,323584,917,23,57,0,0,10,921,0,1271,0,1271
438039,Buffering,233472,661,23,57,0,0,10,921,0,1271,0,1271
438287,Buffering,151552,429,23,57,0,0,10,921,0,1271,0,1271
438537,Buffering,61440,174,23,57,0,0,10,921,0,1271,0,1271
438788,Buffering,266240,754,23,57,0,0,10,923,0,1271,0,1271
439038,Buffering,176128,499,23,57,0,0,10,923,0,1271,0,1271
439287,Buffering,94208,267,23,57,0,0,10,923,0,1271,0,1271
439534,Buffering,4096,11,23,57,0,0,10,923,0,1271,0,1271
439784,Playing,227328,644,23,58,0,0,10,925,0,1271,0,1271
440038,Playing,137216,388,23,58,0,0,10,925,0,1271,0,1271
440291,Playing,47104,133,23,58,0,0,10,925,0,1271,0,1271
440541,Playing,0,0,23,58,0,0,10,925,0,1271,0,1271
440789,Buffering,294912,835,24,58,0,0,10,927,0,1271,0,1271
441037,Buffering,294912,835,24,58,0,0,10,927,0,1271,0,1271
441289,Buffering,294912,835,24,58,0,0,10,927,0,1271,0,1271
441538,Buffering,294912,835,24,58,0,0,10,927,0,1271,0,1271
441787,Buffering,564224,1599,24,59,0,0,10,929,0,1271,0,1271
442037,Buffering,474112,1343,24,59,0,0,10,929,0,1271,0,1271
442287,Buffering,384000,1088,24,59,0,0,10,929,0,1271,0,1271
442536,Buffering,302080,856,24,59,0,0,10,929,0,1271,0,1271
442785,Buffering,488448,1384,24,59,0,0,10,931,0,1271,0,1271
443036,Buffering,398336,1129,24,59,0,0,10,931,0,1271,0,1271
443286,Buffering,308224,873,24,59,0,0,10,931,0,1271,0,1271
443536,Buffering,226304,641,24,59,0,0,10,931,0,1271,0,1271
443786,Buffering,136192,386,24,59,0,0,10,931,0,1271,0,1271
444035,Buffering,258048,731,24,59,0,0,10,933,0,1271,0,1271
444284,Buffering,167936,476,24,59,0,0,10,933,0,1271,0,1271
444533,Buffering,86016,243,24,59,0,0,10,933,0,1271,0,1271
444782,Buffering,0,0,24,59,0,0,10,933,0,1271,0,1271
445033,Buffering,221184,626,24,59,0,0,10,935,0,1271,0,1271
445282,Buffering,221184,626,24,59,0,0,10,935,0,1271,0,1271
445530,Buffering,221184,626,24,59,0,0,10,935,0,1271,0,1271
445779,Buffering,443392,1256,24,60,0,0,10,937,0,1271,0,1271
446029,Buffering,353280,1001,24,60,0,0,10,937,0,1271,0,1271
446281,Buffering,271360,769,24,60,0,0,10,937,0,1271,0,1271
446531,Buffering,181248,513,24,60,0,0,10,937,0,1271,0,1271
446779,Buffering,91136,258,24,60,0,0,10,937,0,1271,0,1271
447029,Buffering,231424,655,24,60,0,0,10,939,0,1271,0,1271
447279,Buffering,149504,423,24,60,0,0,10,939,0,1271,0,1271
447527,Buffering,59392,168,24,60,0,0,10,939,0,1271,0,1271
447774,Buffering,0,0,24,60,0,0,10,939,0,1271,0,1271
448024,Reconnecting,0,0,24,61,0,0,10,940,973,1271,973,1271
448273,Reconnecting,0,0,24,61,0,0,10,940,973,1271,973,1271
448523,Reconnecting,0,0,24,61,0,0,10,940,973,1271,973,1271
448774,Reconnecting,0,0,24,61,0,0,10,940,973,1271,973,1271
449020,Reconnecting,0,0,24,61,0,0,10,940,973,1271,973,1271
449270,Reconnecting,0,0,24,61,0,0,10,940,973,1271,973,1271
449519,Reconnecting,0,0,24,61,0,0,10,940,973,1271,973,1271
449773,Reconnecting,0,0,24,61,0,0,10,940,973,1271,973,1271
450021,Reconnecting,0,0,24,61,0,0,10,940,973,1271,973,1271
450272,Reconnecting,0,0,24,61,0,0,10,940,973,1271,973,1271
450522,Reconnecting,0,0,24,61,0,0,10,940,973,1271,973,1271
450771,Reconnecting,0,0,24,61,0,0,10,940,973,1271,973,1271
451021,Reconnecting,0,0,24,61,0,0,10,940,973,1271,973,1271
451270,Reconnecting,0,0,24,61,0,0,10,940,973,1271,973,1271
451521,Reconnecting,0,0,24,61,0,0,10,940,973,1271,973,1271
451773,Reconnecting,0,0,24,61,0,0,10,940,973,1271,973,1271
452020,Reconnecting,0,0,24,61,0,0,10,940,973,1271,973,1271
452267,Reconnecting,0,0,24,61,0,0,10,940,973,1271,973,1271
452518,Reconnecting,0,0,24,61,0,0,10,940,973,1271,973,1271
452770,Reconnecting,0,0,24,61,0,0,10,940,973,1271,973,1271
453020,Reconnecting,0,0,24,61,0,0,11,940,973,1271,973,1271
453269,Reconnecting,0,0,24,61,0,0,11,940,973,1271,973,1271
453517,Reconnecting,0,0,24,61,0,0,11,940,973,1271,973,1271
453768,Playing,1607680,4556,24,61,0,0,11,953,0,1271,0,1271
454019,Playing,2669568,7566,24,61,0,0,11,961,0,1271,0,1271
454268,Playing,2587648,7334,24,61,0,0,11,961,0,1271,0,1271
454517,Playing,2497536,7079,24,61,0,0,11,961,0,1271,0,1271
454767,Playing,2702336,7659,24,61,0,0,11,963,0,1271,0,1271
455017,Playing,2620416,7427,24,61,0,0,11,963,0,1271,0,1271
455263,Playing,2530304,7172,24,61,0,0,11,963,0,1271,0,1271
455513,Playing,2440192,6916,24,61,0,0,11,963,0,1271,0,1271
455763,Playing,2358272,6684,24,61,0,0,11,963,0,1271,0,1271
456009,Playing,2563072,7264,24,61,0,0,11,965,0,1271,0,1271
456257,Playing,2472960,7009,24,61,0,0,11,965,0,1271,0,1271
456505,Playing,2391040,6777,24,61,0,0,11,965,0,1271,0,1271
456754,Playing,2300928,6521,24,61,0,0,11,965,0,1271,0,1271
457006,Playing,2441216,6919,24,61,0,0,11,967,0,1271,0,1271
457259,Playing,2351104,6664,24,61,0,0,11,967,0,1271,0,1271
457511,Playing,2260992,6408,24,61,0,0,11,967,0,1271,0,1271
457757,Playing,2179072,6176,24,61,0,0,11,967,0,1271,0,1271
458009,Playing,2088960,5921,24,61,0,0,11,967,0,1271,0,1271
458263,Playing,2238464,6344,24,61,0,0,11,969,0,1271,0,1271
458513,Playing,2148352,6089,24,61,0,0,11,969,0,1271,0,1271
458764,Playing,2058240,5834,24,61,0,0,11,969,0,1271,0,1271
459017,Playing,2225152,6307,24,61,0,0,11,971,0,1271,0,1271
459266,Playing,2135040,6051,24,61,0,0,11,971,0,1271,0,1271
459516,Playing,2044928,5796,24,61,0,0,11,971,0,1271,0,1271
459767,Playing,1954816,5540,24,61,0,0,11,971,0,1271,0,1271
460014,Playing,1872896,5308,24,61,0,0,11,971,0,1271,0,1271
460263,Playing,2031616,5758,24,61,0,0,11,973,0,1271,0,1271
460514,Playing,1941504,5503,24,61,0,0,11,973,0,1271,0,1271
460764,Playing,1859584,5270,24,61,0,0,11,973,0,1271,0,1271
461016,Playing,2027520,5746,24,61,0,0,11,975,0,1271,0,1271
461264,Playing,1937408,5491,24,61,0,0,11,975,0,1271,0,1271
461513,Playing,1847296,5236,24,61,0,0,11,975,0,1271,0,1271
461760,Playing,1765376,5003,24,61,0,0,11,975,0,1271,0,1271
462008,Playing,1675264,4748,24,61,0,0,11,975,0,1271,0,1271
462258,Playing,1852416,5250,24,61,0,0,11,977,0,1271,0,1271
462506,Playing,1770496,5018,24,61,0,0,11,977,0,1271,0,1271
462757,Playing,1680384,4762,24,61,0,0,11,977,0,1271,0,1271
463005,Playing,1590272,4507,24,61,0,0,11,977,0,1271,0,1271
463252,Playing,1785856,5061,24,61,0,0,11,979,0,1271,0,1271
463503,Playing,1703936,4829,24,61,0,0,11,979,0,1271,0,1271
463752,Playing,1613824,4574,24,61,0,0,11,979,0,1271,0,1271
464004,Playing,1523712,4318,24,61,0,0,11,979,0,1271,0,1271
464250,Playing,1736704,4922,24,61,0,0,11,981,0,1271,0,1271
464563,Playing,1622016,4597,24,61,0,0,11,981,0,1271,0,1271
464811,Playing,1540096,4365,24,61,0,0,11,981,0,1271,0,1271
465060,Playing,1449984,4109,24,61,0,0,11,981,0,1271,0,1271
465310,Playing,1673216,4742,24,61,0,0,11,983,0,1271,0,1271
465559,Playing,1583104,4487,24,61,0,0,11,983,0,1271,0,1271
465808,Playing,1501184,4255,24,61,0,0,11,983,0,1271,0,1271
466057,Playing,1411072,3999,24,61,0,0,11,983,0,1271,0,1271
466307,Playing,1615872,4580,24,61,0,0,11,985,0,1271,0,1271
466556,Playing,1533952,4347,24,61,0,0,11,985,0,1271,0,1271
466804,Playing,1443840,4092,24,61,0,0,11,985,0,1271,0,1271
467053,Playing,1353728,3837,24,61,0,0,11,985,0,1271,0,1271
467305,Playing,1576960,4469,24,61,0,0,11,987,0,1271,0,1271
467554,Playing,1495040,4237,24,61,0,0,11,987,0,1271,0,1271
467803,Playing,1404928,3982,24,61,0,0,11,987,0,1271,0,1271
468052,Playing,1323008,3750,24,61,0,0,11,987,0,1271,0,1271
468258,Playing,1562624,4429,24,61,0,0,11,989,0,1271,0,1271
468520,Playing,1472512,4173,24,61,0,0,11,989,0,1271,0,1271
468769,Playing,1382400,3918,24,61,0,0,11,989,0,1271,0,1271
469015,Playing,1292288,3662,24,61,0,0,11,989,0,1271,0,1271
469266,Playing,1210368,3430,24,61,0,0,11,989,0,1271,0,1271
469515,Playing,1433600,4063,24,61,0,0,11,991,0,1271,0,1271
469765,Playing,1343488,3808,24,61,0,0,11,991,0,1271,0,1271
470013,Playing,1261568,3575,24,61,0,0,11,991,0,1271,0,1271
470263,Playing,1484800,4208,24,61,0,0,11,993,0,1271,0,1271
470512,Playing,1394688,3953,24,61,0,0,11,993,0,1271,0,1271
470763,Playing,1304576,3697,24,61,0,0,11,993,0,1271,0,1271
471012,Playing,1222656,3465,24,61,0,0,11,993,0,1271,0,1271
471261,Playing,1436672,4072,24,61,0,0,11,995,0,1271,0,1271
471510,Playing,1346560,3816,24,61,0,0,11,995,0,1271,0,1271
471759,Playing,1264640,3584,24,61,0,0,11,995,0,1271,0,1271
472013,Playing,1174528,3329,24,61,0,0,11,995,0,1271,0,1271
472264,Playing,1084416,3073,24,61,0,0,11,995,0,1271,0,1271
472510,Playing,1298432,3680,24,61,0,0,11,997,0,1271,0,1271
472761,Playing,1216512,3448,24,61,0,0,11,997,0,1271,0,1271
473010,Playing,1126400,3192,24,61,0,0,11,997,0,1271,0,1271
473258,Playing,1036288,2937,24,61,0,0,11,997,0,1271,0,1271
473507,Playing,1258496,3567,24,61,0,0,11,999,0,1271,0,1271
473754,Playing,1168384,3311,24,61,0,0,11,999,0,1271,0,1271
474004,Playing,1078272,3056,24,61,0,0,11,999,0,1271,0,1271
474256,Playing,996352,2824,24,61,0,0,11,999,0,1271,0,1271
474504,Playing,1191936,3378,24,61,0,0,11,1001,0,1271,0,1271
474752,Playing,1101824,3123,24,61,0,0,11,1001,0,1271,0,1271
475002,Playing,1019904,2890,24,61,0,0,11,1001,0,1271,0,1271
475252,Playing,929792,2635,24,61,0,0,11,1001,0,1271,0,1271
475562,Playing,1128448,3198,24,61,0,0,11,1003,0,1271,0,1271
475811,Playing,1046528,2966,24,61,0,0,11,1003,0,1271,0,1271
476060,Playing,956416,2710,24,61,0,0,11,1003,0,1271,0,1271
476307,Playing,874496,2478,24,61,0,0,11,1003,0,1271,0,1271
476557,Playing,1088512,3085,24,61,0,0,11,1005,0,1271,0,1271
476805,Playing,998400,2829,24,61,0,0,11,1005,0,1271,0,1271
477054,Playing,908288,2574,24,61,0,0,11,1005,0,1271,0,1271
477304,Playing,826368,2342,24,61,0,0,11,1005,0,1271,0,1271
477552,Playing,1031168,2922,24,61,0,0,11,1007,0,1271,0,1271
477802,Playing,941056,2667,24,61,0,0,11,1007,0,1271,0,1271
478050,Playing,859136,2435,24,61,0,0,11,1007,0,1271,0,1271
478302,Playing,769024,2179,24,61,0,0,11,1007,0,1271,0,1271
478551,Playing,900096,2551,24,61,0,0,11,1009,0,1271,0,1271
478801,Playing,809984,2295,24,61,0,0,11,1009,0,1271,0,1271
479050,Playing,728064,2063,24,61,0,0,11,1009,0,1271,0,1271
479299,Playing,637952,1808,24,61,0,0,11,1009,0,1271,0,1271
479549,Playing,778240,2205,24,61,0,0,11,1011,0,1271,0,1271
479796,Playing,696320,1973,24,61,0,0,11,1011,0,1271,0,1271
480042,Playing,606208,1718,24,61,0,0,11,1011,0,1271,0,1271
480293,Playing,516096,1462,24,61,0,0,11,1011,0,1271,0,1271
480541,Playing,683008,1935,24,61,0,0,11,1013,0,1271,0,1271
480792,Playing,592896,1680,24,61,0,0,11,1013,0,1271,0,1271
481041,Playing,502784,1425,24,61,0,0,11,1013,0,1271,0,1271
481292,Playing,412672,1169,24,61,0,0,11,1013,0,1271,0,1271
481538,Playing,330752,937,24,61,0,0,11,1013,0,1271,0,1271
481786,Playing,480256,1361,24,61,0,0,11,1015,0,1271,0,1271
482035,Playing,390144,1105,24,61,0,0,11,1015,0,1271,0,1271
482285,Playing,308224,873,24,61,0,0,11,1015,0,1271,0,1271
482533,Playing,319488,905,24,61,0,0,11,1016,972,1271,972,1271
482782,Playing,395264,1120,24,61,0,0,11,1017,0,1271,0,1271
483032,Playing,305152,864,24,61,0,0,11,1017,0,1271,0,1271
483281,Playing,223232,632,24,61,0,0,11,1017,0,1271,0,1271
483528,Playing,133120,377,24,61,0,0,11,1017,0,1271,0,1271
483777,Playing,310272,879,24,61,0,0,11,1019,0,1271,0,1271
484024,Playing,228352,647,24,61,0,0,11,1019,0,1271,0,1271
484274,Playing,138240,391,24,61,0,0,11,1019,0,1271,0,1271
484524,Playing,315392,893,24,61,0,0,11,1021,0,1271,0,1271
484775,Playing,225280,638,24,61,0,0,11,1021,0,1271,0,1271
485023,Playing,143360,406,24,61,0,0,11,1021,0,1271,0,1271
485273,Playing,53248,150,24,61,0,0,11,1021,0,1271,0,1271
485526,Buffering,285696,809,25,61,0,0,11,1023,0,1271,0,1271
485776,Buffering,285696,809,25,61,0,0,11,1023,0,1271,0,1271
486023,Buffering,285696,809,25,61,0,0,11,1023,0,1271,0,1271
486274,Buffering,285696,809,25,61,0,0,11,1023,0,1271,0,1271
486523,Buffering,285696,809,25,61,0,0,11,1023,0,1271,0,1271
486774,Buffering,573440,1625,25,62,0,0,11,1025,0,1271,0,1271
487023,Buffering,491520,1393,25,62,0,0,11,1025,0,1271,0,1271
487274,Buffering,401408,1137,25,62,0,0,11,1025,0,1271,0,1271
487520,Buffering,311296,882,25,62,0,0,11,1025,0,1271,0,1271
487770,Buffering,515072,1459,25,62,0,0,11,1027,0,1271,0,1271
488021,Buffering,424960,1204,25,62,0,0,11,1027,0,1271,0,1271
488271,Buffering,334848,949,25,62,0,0,11,1027,0,1271,0,1271
488521,Buffering,244736,693,25,62,0,0,11,1027,0,1271,0,1271
488770,Buffering,457728,1297,25,62,0,0,11,1029,0,1271,0,1271
489021,Buffering,367616,1041,25,62,0,0,11,1029,0,1271,0,1271
489273,Buffering,277504,786,25,62,0,0,11,1029,0,1271,0,1271
489519,Buffering,195584,554,25,62,0,0,11,1029,0,1271,0,1271
489770,Buffering,418816,1187,25,62,0,0,11,1031,0,1271,0,1271
490020,Buffering,328704,931,25,62,0,0,11,1031,0,1271,0,1271
490273,Buffering,238592,676,25,62,0,0,11,1031,0,1271,0,1271
490524,Buffering,148480,420,25,62,0,0,11,1031,0,1271,0,1271
490769,Buffering,370688,1050,25,62,0,0,11,1033,0,1271,0,1271
491019,Buffering,280576,795,25,62,0,0,11,1033,0,1271,0,1271
491268,Buffering,190464,539,25,62,0,0,11,1033,0,1271,0,1271
491518,Buffering,108544,307,25,62,0,0,11,1033,0,1271,0,1271
491768,Buffering,18432,52,25,62,0,0,11,1033,0,1271,0,1271
492013,Buffering,223232,632,25,62,0,0,11,1035,0,1271,0,1271
492264,Buffering,141312,400,25,62,0,0,11,1035,0,1271,0,1271
492513,Buffering,51200,145,25,62,0,0,11,1035,0,1271,0,1271
492761,Buffering,0,0,25,62,0,0,11,1035,0,1271,0,1271
493011,Playing,194560,551,25,63,0,0,11,1037,0,1271,0,1271
493261,Playing,112640,319,25,63,0,0,11,1037,0,1271,0,1271
493510,Playing,22528,63,25,63,0,0,11,1037,0,1271,0,1271
493760,Playing,0,0,25,63,0,0,11,1037,0,1271,0,1271
494008,Buffering,276480,783,26,63,0,0,11,1039,0,1271,0,1271
494260,Buffering,276480,783,26,63,0,0,11,1039,0,1271,0,1271
494509,Buffering,276480,783,26,63,0,0,11,1039,0,1271,0,1271
494754,Buffering,276480,783,26,63,0,0,11,1039,0,1271,0,1271
495004,Buffering,530432,1503,26,64,0,0,11,1041,0,1271,0,1271
495253,Buffering,440320,1248,26,64,0,0,11,1041,0,1271,0,1271
495504,Buffering,350208,992,26,64,0,0,11,1041,0,1271,0,1271
495753,Buffering,260096,737,26,64,0,0,11,1041,0,1271,0,1271
496001,Buffering,455680,1291,26,64,0,0,11,1043,0,1271,0,1271
496252,Buffering,373760,1059,26,64,0,0,11,1043,0,1271,0,1271
496500,Buffering,283648,803,26,64,0,0,11,1043,0,1271,0,1271
496811,Buffering,177152,502,26,64,0,0,11,1043,0,1271,0,1271
497000,Buffering,397312,1126,26,64,0,0,11,1045,0,1271,0,1271
497250,Buffering,307200,870,26,64,0,0,11,1045,0,1271,0,1271
497556,Buffering,200704,568,26,64,0,0,11,1045,0,1271,0,1271
497806,Buffering,110592,313,26,64,0,0,11,1045,0,1271,0,1271
498057,Buffering,315392,893,26,64,0,0,11,1047,0,1271,0,1271
498310,Buffering,225280,638,26,64,0,0,11,1047,0,1271,0,1271
498557,Buffering,143360,406,26,64,0,0,11,1047,0,1271,0,1271
498807,Buffering,53248,150,26,64,0,0,11,1047,0,1271,0,1271
499055,Playing,188416,534,26,65,0,0,11,1049,0,1271,0,1271
499306,Playing,98304,278,26,65,0,0,11,1049,0,1271,0,1271
499554,Playing,16384,46,26,65,0,0,11,1049,0,1271,0,1271
499804,Playing,0,0,26,65,0,0,11,1049,0,1271,0,1271
500052,Buffering,230400,653,27,65,0,0,11,1051,0,1271,0,1271
500302,Buffering,230400,653,27,65,0,0,11,1051,0,1271,0,1271
500555,Buffering,230400,653,27,65,0,0,11,1051,0,1271,0,1271
500804,Buffering,230400,653,27,65,0,0,11,1051,0,1271,0,1271
501054,Buffering,419840,1190,27,66,0,0,11,1053,0,1271,0,1271
501307,Buffering,329728,934,27,66,0,0,11,1053,0,1271,0,1271
501557,Buffering,239616,679,27,66,0,0,11,1053,0,1271,0,1271
501805,Buffering,157696,446,27,66,0,0,11,1053,0,1271,0,1271
502053,Buffering,297984,844,27,66,0,0,11,1055,0,1271,0,1271
502303,Buffering,207872,589,27,66,0,0,11,1055,0,1271,0,1271
502552,Buffering,125952,357,27,66,0,0,11,1055,0,1271,0,1271
502802,Buffering,35840,101,27,66,0,0,11,1055,0,1271,0,1271
503053,Buffering,248832,705,27,66,0,0,11,1057,0,1271,0,1271
503306,Buffering,248832,705,27,66,0,0,11,1057,0,1271,0,1271
503553,Buffering,248832,705,27,66,0,0,11,1057,0,1271,0,1271
503811,Buffering,248832,705,27,66,0,0,11,1057,0,1271,0,1271
504052,Buffering,248832,705,27,66,0,0,11,1057,0,1271,0,1271
504302,Buffering,442368,1253,27,67,0,0,11,1059,0,1271,0,1271
504551,Buffering,352256,998,27,67,0,0,11,1059,0,1271,0,1271
504802,Buffering,270336,766,27,67,0,0,11,1059,0,1271,0,1271
505050,Buffering,180224,510,27,67,0,0,11,1059,0,1271,0,1271
505298,Buffering,348160,986,27,67,0,0,11,1061,0,1271,0,1271
505549,Buffering,266240,754,27,67,0,0,11,1061,0,1271,0,1271
505797,Buffering,176128,499,27,67,0,0,11,1061,0,1271,0,1271
506046,Buffering,86016,243,27,67,0,0,11,1061,0,1271,0,1271
506297,Buffering,290816,824,27,67,0,0,11,1063,0,1271,0,1271
506547,Buffering,208896,592,27,67,0,0,11,1063,0,1271,0,1271
506795,Buffering,118784,336,27,67,0,0,11,1063,0,1271,0,1271
507043,Buffering,28672,81,27,67,0,0,11,1063,0,1271,0,1271
507293,Reconnecting,0,0,27,68,0,0,11,1064,1122,1271,1122,1271
507540,Reconnecting,0,0,27,68,0,0,11,1064,1122,1271,1122,1271
507790,Reconnecting,0,0,27,68,0,0,11,1064,1122,1271,1122,1271
508039,Reconnecting,0,0,27,68,0,0,11,1064,1122,1271,1122,1271
508287,Reconnecting,0,0,27,68,0,0,11,1064,1122,1271,1122,1271
508536,Reconnecting,0,0,27,68,0,0,11,1064,1122,1271,1122,1271
508785,Reconnecting,0,0,27,68,0,0,11,1064,1122,1271,1122,1271
509037,Reconnecting,0,0,27,68,0,0,11,1064,1122,1271,1122,1271
509285,Reconnecting,0,0,27,68,0,0,11,1064,1122,1271,1122,1271
509534,Reconnecting,0,0,27,68,0,0,11,1064,1122,1271,1122,1271
509784,Reconnecting,0,0,27,68,0,0,11,1064,1122,1271,1122,1271
510031,Reconnecting,0,0,27,68,0,0,11,1064,1122,1271,1122,1271
510280,Reconnecting,0,0,27,68,0,0,11,1064,1122,1271,1122,1271
510529,Reconnecting,0,0,27,68,0,0,11,1064,1122,1271,1122,1271
510786,Reconnecting,0,0,27,68,0,0,11,1064,1122,1271,1122,1271
511032,Reconnecting,0,0,27,68,0,0,11,1064,1122,1271,1122,1271
511317,Reconnecting,0,0,27,68,0,0,11,1064,1122,1271,1122,1271
511519,Reconnecting,0,0,27,68,0,0,11,1064,1122,1271,1122,1271
511773,Reconnecting,0,0,27,68,0,0,11,1064,1122,1271,1122,1271
512026,Reconnecting,0,0,27,68,0,0,11,1064,1122,1271,1122,1271
512288,Reconnecting,0,0,27,68,0,0,12,1064,1122,1271,1122,1271
512541,Reconnecting,0,0,27,68,0,0,12,1064,1122,1271,1122,1271
512791,Reconnecting,0,0,27,68,0,0,12,1064,1122,1271,1122,1271
513041,Reconnecting,0,0,27,68,0,0,12,1070,109,1271,1122,1271
513290,Reconnecting,0,0,27,68,0,0,12,1070,109,1271,1122,1271
513508,Reconnecting,0,0,27,68,0,0,12,1070,109,1271,1122,1271
513814,Reconnecting,0,0,27,68,0,0,12,1070,109,1271,1122,1271
514038,Reconnecting,0,0,27,68,0,0,12,1070,109,1271,1122,1271
514308,Reconnecting,0,0,27,68,0,0,12,1070,109,1271,1122,1271
514500,Reconnecting,0,0,27,68,0,0,12,1070,109,1271,1122,1271
514765,Reconnecting,0,0,27,68,0,0,12,1070,109,1271,1122,1271
515013,Reconnecting,0,0,27,68,0,0,12,1070,109,1271,1122,1271
515262,Reconnecting,0,0,27,68,0,0,12,1070,109,1271,1122,1271
515512,Reconnecting,0,0,27,68,0,0,12,1070,109,1271,1122,1271
515765,Reconnecting,0,0,27,68,0,0,12,1070,109,1271,1122,1271
516014,Reconnecting,0,0,27,68,0,0,12,1070,109,1271,1122,1271
516278,Reconnecting,0,0,27,68,0,0,12,1070,109,1271,1122,1271
516531,Reconnecting,0,0,27,68,0,0,12,1070,109,1271,1122,1271
516778,Reconnecting,0,0,27,68,0,0,12,1070,109,1271,1122,1271
517028,Reconnecting,0,0,27,68,0,0,12,1070,109,1271,1122,1271
517333,Reconnecting,0,0,27,68,0,0,12,1070,109,1271,1122,1271
517537,Reconnecting,0,0,27,68,0,0,12,1070,109,1271,1122,1271
517777,Reconnecting,0,0,27,68,0,0,12,1070,109,1271,1122,1271
518027,Reconnecting,0,0,27,68,0,0,13,1070,109,1271,1122,1271
518277,Reconnecting,0,0,27,68,0,0,13,1070,109,1271,1122,1271
518527,Reconnecting,0,0,27,68,0,0,13,1070,109,1271,1122,1271
518776,Playing,1594368,4519,27,68,0,0,13,1083,0,1271,0,1271
519022,Playing,2683904,7607,27,68,0,0,13,1091,0,1271,0,1271
519270,Playing,2593792,7352,27,68,0,0,13,1091,0,1271,0,1271
519520,Playing,2511872,7119,27,68,0,0,13,1091,0,1271,0,1271
519768,Playing,2421760,6864,27,68,0,0,13,1091,0,1271,0,1271
520018,Playing,2617344,7418,27,68,0,0,13,1093,0,1271,0,1271
520270,Playing,2527232,7163,27,68,0,0,13,1093,0,1271,0,1271
520516,Playing,2445312,6931,27,68,0,0,13,1093,0,1271,0,1271
520764,Playing,2355200,6675,27,68,0,0,13,1093,0,1271,0,1271
521012,Playing,2560000,7256,27,68,0,0,13,1095,0,1271,0,1271
521260,Playing,2478080,7024,27,68,0,0,13,1095,0,1271,0,1271
521510,Playing,2387968,6768,27,68,0,0,13,1095,0,1271,0,1271
521759,Playing,2297856,6513,27,68,0,0,13,1095,0,1271,0,1271
522009,Playing,2446336,6934,27,68,0,0,13,1097,0,1271,0,1271
522260,Playing,2356224,6678,27,68,0,0,13,1097,0,1271,0,1271
522507,Playing,2266112,6423,27,68,0,0,13,1097,0,1271,0,1271
522758,Playing,2176000,6167,27,68,0,0,13,1097,0,1271,0,1271
523008,Playing,2342912,6640,27,68,0,0,13,1099,0,1271,0,1271
523260,Playing,2252800,6385,27,68,0,0,13,1099,0,1271,0,1271
523507,Playing,2162688,6130,27,68,0,0,13,1099,0,1271,0,1271
523757,Playing,2080768,5897,27,68,0,0,13,1099,0,1271,0,1271
524008,Playing,1990656,5642,27,68,0,0,13,1099,0,1271,0,1271
524253,Playing,2149376,6092,27,68,0,0,13,1101,0,1271,0,1271
524501,Playing,2067456,5860,27,68,0,0,13,1101,0,1271,0,1271
524753,Playing,1977344,5604,27,68,0,0,13,1101,0,1271,0,1271
525001,Playing,2163712,6132,27,68,0,0,13,1103,0,1271,0,1271
525316,Playing,2057216,5831,27,68,0,0,13,1103,0,1271,0,1271
525500,Playing,1991680,5645,27,68,0,0,13,1103,0,1271,0,1271
525751,Playing,1901568,5389,27,68,0,0,13,1103,0,1271,0,1271
526002,Playing,1811456,5134,27,68,0,0,13,1103,0,1271,0,1271
526252,Playing,1979392,5610,27,68,0,0,13,1105,0,1271,0,1271
526561,Playing,1872896,5308,27,68,0,0,13,1105,0,1271,0,1271
526750,Playing,1807360,5122,27,68,0,0,13,1105,0,1271,0,1271
527001,Playing,1717248,4867,27,68,0,0,13,1105,0,1271,0,1271
527251,Playing,1894400,5369,27,68,0,0,13,1107,0,1271,0,1271
527500,Playing,1812480,5137,27,68,0,0,13,1107,0,1271,0,1271
527811,Playing,1697792,4812,27,68,0,0,13,1107,0,1271,0,1271
528001,Playing,1632256,4626,27,68,0,0,13,1107,0,1271,0,1271
528314,Playing,1802240,5108,27,68,0,0,13,1109,0,1271,0,1271
528561,Playing,1712128,4852,27,68,0,0,13,1109,0,1271,0,1271
528751,Playing,1646592,4667,27,68,0,0,13,1109,0,1271,0,1271
529002,Playing,1556480,4411,27,68,0,0,13,1109,0,1271,0,1271
529250,Playing,1751040,4963,27,68,0,0,13,1111,0,1271,0,1271
529562,Playing,1636352,4638,27,68,0,0,13,1111,0,1271,0,1271
529812,Playing,1546240,4382,27,68,0,0,13,1111,0,1271,0,1271
530000,Playing,1480704,4197,27,68,0,0,13,1111,0,1271,0,1271
530311,Playing,1669120,4731,27,68,0,0,13,1113,0,1271,0,1271
530502,Playing,1603584,4545,27,68,0,0,13,1113,0,1271,0,1271
530752,Playing,1513472,4289,27,68,0,0,13,1113,0,1271,0,1271
531061,Playing,1406976,3988,27,68,0,0,13,1113,0,1271,0,1271
531251,Playing,1636352,4638,27,68,0,0,13,1115,0,1271,0,1271
531500,Playing,1546240,4382,27,68,0,0,13,1115,0,1271,0,1271
531812,Playing,1431552,4057,27,68,0,0,13,1115,0,1271,0,1271
532059,Playing,1349632,3825,27,68,0,0,13,1115,0,1271,0,1271
532310,Playing,1563648,4432,27,68,0,0,13,1117,0,1271,0,1271
532563,Playing,1473536,4176,27,68,0,0,13,1117,0,1271,0,1271
532811,Playing,1383424,3921,27,68,0,0,13,1117,0,1271,0,1271
533058,Playing,1301504,3689,27,68,0,0,13,1117,0,1271,0,1271
533309,Playing,1506304,4269,27,68,0,0,13,1119,0,1271,0,1271
533558,Playing,1416192,4014,27,68,0,0,13,1119,0,1271,0,1271
533808,Playing,1326080,3758,27,68,0,0,13,1119,0,1271,0,1271
534055,Playing,1244160,3526,27,68,0,0,13,1119,0,1271,0,1271
534303,Playing,1467392,4159,27,68,0,0,13,1121,0,1271,0,1271
534552,Playing,1385472,3927,27,68,0,0,13,1121,0,1271,0,1271
534802,Playing,1295360,3671,27,68,0,0,13,1121,0,1271,0,1271
535051,Playing,1205248,3416,27,68,0,0,13,1121,0,1271,0,1271
535300,Playing,1419264,4022,27,68,0,0,13,1123,0,1271,0,1271
535549,Playing,1337344,3790,27,68,0,0,13,1123,0,1271,0,1271
535799,Playing,1247232,3535,27,68,0,0,13,1123,0,1271,0,1271
536049,Playing,1157120,3279,27,68,0,0,13,1123,0,1271,0,1271
536297,Playing,1361920,3860,27,68,0,0,13,1125,0,1271,0,1271
536547,Playing,1280000,3628,27,68,0,0,13,1125,0,1271,0,1271
536797,Playing,1189888,3372,27,68,0,0,13,1125,0,1271,0,1271
537048,Playing,1099776,3117,27,68,0,0,13,1125,0,1271,0,1271
537297,Playing,1313792,3723,27,68,0,0,13,1127,0,1271,0,1271
537545,Playing,1231872,3491,27,68,0,0,13,1127,0,1271,0,1271
537793,Playing,1141760,3236,27,68,0,0,13,1127,0,1271,0,1271
538043,Playing,1051648,2980,27,68,0,0,13,1127,0,1271,0,1271
538291,Playing,969728,2748,27,68,0,0,13,1127,0,1271,0,1271
538541,Playing,1174528,3329,27,68,0,0,13,1129,0,1271,0,1271
538790,Playing,1084416,3073,27,68,0,0,13,1129,0,1271,0,1271
539037,Playing,1002496,2841,27,68,0,0,13,1129,0,1271,0,1271
539287,Playing,912384,2586,27,68,0,0,13,1129,0,1271,0,1271
539536,Playing,1107968,3140,27,68,0,0,13,1131,0,1271,0,1271
539784,Playing,1026048,2908,27,68,0,0,13,1131,0,1271,0,1271
540031,Playing,935936,2652,27,68,0,0,13,1131,0,1271,0,1271
540284,Playing,1149952,3259,27,68,0,0,13,1133,0,1271,0,1271
540533,Playing,1059840,3004,27,68,0,0,13,1133,0,1271,0,1271
540781,Playing,977920,2771,27,68,0,0,13,1133,0,1271,0,1271
541030,Playing,887808,2516,27,68,0,0,13,1133,0,1271,0,1271
541282,Playing,797696,2261,27,68,0,0,13,1133,0,1271,0,1271
541530,Playing,993280,2815,27,68,0,0,13,1135,0,1271,0,1271
541781,Playing,911360,2583,27,68,0,0,13,1135,0,1271,0,1271
542031,Playing,821248,2327,27,68,0,0,13,1135,0,1271,0,1271
542279,Playing,731136,2072,27,68,0,0,13,1135,0,1271,0,1271
542527,Playing,935936,2652,27,68,0,0,13,1137,0,1271,0,1271
542783,Playing,845824,2397,27,68,0,0,13,1137,0,1271,0,1271
543047,Playing,755712,2142,27,68,0,0,13,1137,0,1271,0,1271
543283,Playing,673792,1909,27,68,0,0,13,1137,0,1271,0,1271
543536,Playing,814080,2307,27,68,0,0,13,1139,0,1271,0,1271
543783,Playing,732160,2075,27,68,0,0,13,1139,0,1271,0,1271
544035,Playing,642048,1819,27,68,0,0,13,1139,0,1271,0,1271
544285,Playing,551936,1564,27,68,0,0,13,1139,0,1271,0,1271
544530,Playing,709632,2011,27,68,0,0,13,1141,0,1271,0,1271
544782,Playing,619520,1756,27,68,0,0,13,1141,0,1271,0,1271
545030,Playing,529408,1500,27,68,0,0,13,1141,0,1271,0,1271
545281,Playing,439296,1245,27,68,0,0,13,1141,0,1271,0,1271
545531,Playing,588800,1668,27,68,0,0,13,1143,0,1271,0,1271
545779,Playing,506880,1436,27,68,0,0,13,1143,0,1271,0,1271
546028,Playing,416768,1181,27,68,0,0,13,1143,0,1271,0,1271
546277,Playing,326656,925,27,68,0,0,13,1143,0,1271,0,1271
546526,Playing,485376,1375,27,68,0,0,13,1145,0,1271,0,1271
546775,Playing,403456,1143,27,68,0,0,13,1145,0,1271,0,1271
547025,Playing,313344,888,27,68,0,0,13,1145,0,1271,0,1271
547273,Playing,223232,632,27,68,0,0,13,1145,0,1271,0,1271
547523,Playing,141312,400,27,68,0,0,13,1145,0,1271,0,1271
547777,Playing,309248,876,27,68,0,0,13,1147,0,1271,0,1271
548024,Playing,219136,621,27,68,0,0,13,1147,0,1271,0,1271
548273,Playing,129024,365,27,68,0,0,13,1147,0,1271,0,1271
548526,Playing,296960,841,27,68,0,0,13,1149,0,1271,0,1271
548774,Playing,215040,609,27,68,0,0,13,1149,0,1271,0,1271
549023,Playing,124928,354,27,68,0,0,13,1149,0,1271,0,1271
549272,Playing,34816,98,27,68,0,0,13,1149,0,1271,0,1271
549522,Buffering,267264,757,28,68,0,0,13,1151,0,1271,1,1271
549772,Buffering,267264,757,28,68,0,0,13,1151,0,1271,1,1271
550021,Buffering,267264,757,28,68,0,0,13,1151,0,1271,1,1271
550270,Buffering,267264,757,28,68,0,0,13,1151,0,1271,1,1271
550519,Buffering,267264,757,28,68,0,0,13,1151,0,1271,1,1271
550769,Buffering,486400,1378,28,69,0,0,13,1153,0,1271,0,1271
551020,Buffering,396288,1123,28,69,0,0,13,1153,0,1271,0,1271
551270,Buffering,306176,867,28,69,0,0,13,1153,0,1271,0,1271
551520,Buffering,224256,635,28,69,0,0,13,1153,0,1271,0,1271
551770,Buffering,438272,1242,28,69,0,0,13,1155,0,1271,0,1271
552020,Buffering,348160,986,28,69,0,0,13,1155,0,1271,0,1271
552270,Buffering,258048,731,28,69,0,0,13,1155,0,1271,0,1271
552517,Buffering,176128,499,28,69,0,0,13,1155,0,1271,0,1271
552767,Buffering,390144,1105,28,69,0,0,13,1157,0,1271,0,1271
553018,Buffering,300032,850,28,69,0,0,13,1157,0,1271,0,1271
553268,Buffering,209920,595,28,69,0,0,13,1157,0,1271,0,1271
553519,Buffering,128000,362,28,69,0,0,13,1157,0,1271,0,1271
553767,Buffering,351232,995,28,69,0,0,13,1159,0,1271,0,1271
554015,Buffering,261120,740,28,69,0,0,13,1159,0,1271,0,1271
554266,Buffering,179200,507,28,69,0,0,13,1159,0,1271,0,1271
554513,Buffering,89088,252,28,69,0,0,13,1159,0,1271,0,1271
554762,Buffering,293888,833,28,69,0,0,13,1161,0,1271,0,1271
555011,Buffering,211968,600,28,69,0,0,13,1161,0,1271,0,1271
555260,Buffering,121856,345,28,69,0,0,13,1161,0,1271,0,1271
555509,Buffering,31744,89,28,69,0,0,13,1161,0,1271,0,1271
555758,Playing,280576,795,28,70,0,0,13,1163,0,1271,0,1271
556008,Playing,198656,563,28,70,0,0,13,1163,0,1271,0,1271
556255,Playing,108544,307,28,70,0,0,13,1163,0,1271,0,1271
556504,Playing,18432,52,28,70,0,0,13,1163,0,1271,0,1271
556754,Playing,0,0,28,70,0,0,13,1163,0,1271,0,1271
557002,Buffering,276480,783,29,70,0,0,13,1165,0,1271,0,1271
557252,Buffering,276480,783,29,70,0,0,13,1165,0,1271,0,1271
557561,Buffering,276480,783,29,70,0,0,13,1165,0,1271,0,1271
557811,Buffering,528384,1497,29,71,0,0,13,1167,0,1271,0,1271
558061,Buffering,438272,1242,29,71,0,0,13,1167,0,1271,0,1271
558312,Buffering,348160,986,29,71,0,0,13,1167,0,1271,0,1271
558562,Buffering,266240,754,29,71,0,0,13,1167,0,1271,0,1271
558809,Buffering,452608,1282,29,71,0,0,13,1169,0,1271,0,1271
559059,Buffering,362496,1027,29,71,0,0,13,1169,0,1271,0,1271
559307,Buffering,280576,795,29,71,0,0,13,1169,0,1271,0,1271
559558,Buffering,190464,539,29,71,0,0,13,1169,0,1271,0,1271
559807,Buffering,100352,284,29,71,0,0,13,1169,0,1271,0,1271
560055,Buffering,286720,812,29,71,0,0,13,1171,0,1271,0,1271
560305,Buffering,204800,580,29,71,0,0,13,1171,0,1271,0,1271
560555,Buffering,114688,325,29,71,0,0,13,1171,0,1271,0,1271
560803,Buffering,24576,69,29,71,0,0,13,1171,0,1271,0,1271
561053,Buffering,220160,624,29,71,0,0,13,1173,0,1271,0,1271
561301,Buffering,138240,391,29,71,0,0,13,1173,0,1271,0,1271
561551,Buffering,48128,136,29,71,0,0,13,1173,0,1271,0,1271
561801,Buffering,0,0,29,71,0,0,13,1173,0,1271,0,1271
562051,Playing,194560,551,29,72,0,0,13,1175,0,1271,0,1271
562300,Playing,104448,296,29,72,0,0,13,1175,0,1271,0,1271
562551,Playing,14336,40,29,72,0,0,13,1175,0,1271,0,1271
562802,Playing,0,0,29,72,0,0,13,1175,0,1271,0,1271
563051,Buffering,276480,783,30,72,0,0,13,1177,0,1271,0,1271
563302,Buffering,276480,783,30,72,0,0,13,1177,0,1271,0,1271
563551,Buffering,276480,783,30,72,0,0,13,1177,0,1271,0,1271
563799,Buffering,276480,783,30,72,0,0,13,1177,0,1271,0,1271
564050,Buffering,431104,1221,30,73,0,0,13,1179,0,1271,0,1271
564301,Buffering,340992,966,30,73,0,0,13,1179,0,1271,0,1271
564549,Buffering,250880,711,30,73,0,0,13,1179,0,1271,0,1271
564797,Buffering,160768,455,30,73,0,0,13,1179,0,1271,0,1271
565045,Buffering,300032,850,30,73,0,0,13,1181,0,1271,0,1271
565293,Buffering,209920,595,30,73,0,0,13,1181,0,1271,0,1271
565541,Buffering,119808,339,30,73,0,0,13,1181,0,1271,0,1271
565791,Buffering,37888,107,30,73,0,0,13,1181,0,1271,0,1271
566042,Buffering,230400,653,30,73,0,0,13,1183,0,1271,0,1271
566293,Buffering,230400,653,30,73,0,0,13,1183,0,1271,0,1271
566546,Buffering,230400,653,30,73,0,0,13,1183,0,1271,0,1271
566796,Buffering,230400,653,30,73,0,0,13,1183,0,1271,0,1271
567047,Buffering,428032,1213,30,74,0,0,13,1185,0,1271,0,1271
567296,Buffering,346112,981,30,74,0,0,13,1185,0,1271,0,1271
567543,Buffering,256000,725,30,74,0,0,13,1185,0,1271,0,1271
567789,Buffering,174080,493,30,74,0,0,13,1185,0,1271,0,1271
568039,Buffering,323584,917,30,74,0,0,13,1187,0,1271,0,1271
568289,Buffering,233472,661,30,74,0,0,13,1187,0,1271,0,1271
568538,Buffering,143360,406,30,74,0,0,13,1187,0,1271,0,1271
568788,Buffering,61440,174,30,74,0,0,13,1187,0,1271,0,1271
569035,Buffering,0,0,30,74,0,0,13,1187,0,1271,0,1271
569284,Reconnecting,0,0,30,75,0,0,13,1188,1119,1271,1119,1271
569532,Reconnecting,0,0,30,75,0,0,13,1188,1119,1271,1119,1271
569786,Reconnecting,0,0,30,75,0,0,13,1188,1119,1271,1119,1271
570034,Reconnecting,0,0,30,75,0,0,13,1188,1119,1271,1119,1271
570285,Reconnecting,0,0,30,75,0,0,13,1188,1119,1271,1119,1271
570535,Reconnecting,0,0,30,75,0,0,13,1188,1119,1271,1119,1271
570787,Reconnecting,0,0,30,75,0,0,13,1188,1119,1271,1119,1271
571038,Reconnecting,0,0,30,75,0,0,13,1188,1119,1271,1119,1271
571290,Reconnecting,0,0,30,75,0,0,13,1188,1119,1271,1119,1271
571538,Reconnecting,0,0,30,75,0,0,13,1188,1119,1271,1119,1271
571790,Reconnecting,0,0,30,75,0,0,13,1188,1119,1271,1119,1271
572041,Reconnecting,0,0,30,75,0,0,13,1188,1119,1271,1119,1271
572293,Reconnecting,0,0,30,75,0,0,13,1188,1119,1271,1119,1271
572545,Reconnecting,0,0,30,75,0,0,13,1188,1119,1271,1119,1271
572795,Reconnecting,0,0,30,75,0,0,13,1188,1119,1271,1119,1271
573043,Reconnecting,0,0,30,75,0,0,13,1188,1119,1271,1119,1271
573291,Reconnecting,0,0,30,75,0,0,13,1188,1119,1271,1119,1271
573538,Reconnecting,0,0,30,75,0,0,13,1188,1119,1271,1119,1271
573788,Reconnecting,0,0,30,75,0,0,13,1188,1119,1271,1119,1271
574037,Reconnecting,0,0,30,75,0,0,13,1188,1119,1271,1119,1271
574289,Reconnecting,0,0,30,75,0,0,14,1188,1119,1271,1119,1271
574536,Reconnecting,0,0,30,75,0,0,14,1188,1119,1271,1119,1271
574786,Reconnecting,0,0,30,75,0,0,14,1193,0,1271,1119,1271
575038,Reconnecting,0,0,30,75,0,0,14,1194,116,1271,1119,1271
575286,Reconnecting,0,0,30,75,0,0,14,1194,116,1271,1119,1271
575536,Reconnecting,0,0,30,75,0,0,14,1194,116,1271,1119,1271
575786,Reconnecting,0,0,30,75,0,0,14,1194,116,1271,1119,1271
576033,Reconnecting,0,0,30,75,0,0,14,1194,116,1271,1119,1271
576284,Reconnecting,0,0,30,75,0,0,14,1194,116,1271,1119,1271
576532,Reconnecting,0,0,30,75,0,0,14,1194,116,1271,1119,1271
576782,Reconnecting,0,0,30,75,0,0,14,1194,116,1271,1119,1271
577028,Reconnecting,0,0,30,75,0,0,14,1194,116,1271,1119,1271
577280,Reconnecting,0,0,30,75,0,0,14,1194,116,1271,1119,1271
577528,Reconnecting,0,0,30,75,0,0,14,1194,116,1271,1119,1271
577780,Reconnecting,0,0,30,75,0,0,14,1194,116,1271,1119,1271
578031,Reconnecting,0,0,30,75,0,0,14,1194,116,1271,1119,1271
578283,Reconnecting,0,0,30,75,0,0,14,1194,116,1271,1119,1271
578532,Reconnecting,0,0,30,75,0,0,14,1194,116,1271,1119,1271
578780,Reconnecting,0,0,30,75,0,0,14,1194,116,1271,1119,1271
579026,Reconnecting,0,0,30,75,0,0,14,1194,116,1271,1119,1271
579278,Reconnecting,0,0,30,75,0,0,14,1194,116,1271,1119,1271
579526,Reconnecting,0,0,30,75,0,0,14,1194,116,1271,1119,1271
579775,Reconnecting,0,0,30,75,0,0,14,1194,116,1271,1119,1271
580026,Reconnecting,0,0,30,75,0,0,15,1194,116,1271,1119,1271
580273,Reconnecting,0,0,30,75,0,0,15,1194,116,1271,1119,1271
580523,Reconnecting,516096,1462,30,75,0,0,15,1199,0,1271,0,1271
580773,Playing,2725888,7726,30,75,0,0,15,1215,0,1271,0,1271
581023,Playing,2643968,7494,30,75,0,0,15,1215,0,1271,0,1271
581272,Playing,2553856,7238,30,75,0,0,15,1215,0,1271,0,1271
581521,Playing,2463744,6983,30,75,0,0,15,1215,0,1271,0,1271
581770,Playing,2650112,7511,30,75,0,0,15,1217,0,1271,0,1271
582023,Playing,2568192,7279,30,75,0,0,15,1217,0,1271,0,1271
582271,Playing,2478080,7024,30,75,0,0,15,1217,0,1271,0,1271
582519,Playing,2387968,6768,30,75,0,0,15,1217,0,1271,0,1271
582770,Playing,2297856,6513,30,75,0,0,15,1217,0,1271,0,1271
583019,Playing,2492416,7064,30,75,0,0,15,1219,0,1271,0,1271
583270,Playing,2402304,6809,30,75,0,0,15,1219,0,1271,0,1271
583522,Playing,2312192,6553,30,75,0,0,15,1219,0,1271,0,1271
583771,Playing,2222080,6298,30,75,0,0,15,1219,0,1271,0,1271
584022,Playing,2352128,6667,30,75,0,0,15,1221,0,1271,0,1271
584270,Playing,2262016,6411,30,75,0,0,15,1221,0,1271,0,1271
584520,Playing,2171904,6156,30,75,0,0,15,1221,0,1271,0,1271
584770,Playing,2312192,6553,30,75,0,0,15,1223,0,1271,0,1271
585019,Playing,2230272,6321,30,75,0,0,15,1223,0,1271,0,1271
585267,Playing,2140160,6066,30,75,0,0,15,1223,0,1271,0,1271
585516,Playing,2050048,5810,30,75,0,0,15,1223,0,1271,0,1271
585765,Playing,2207744,6257,30,75,0,0,15,1225,0,1271,0,1271
586014,Playing,2117632,6002,30,75,0,0,15,1225,0,1271,0,1271
586265,Playing,2027520,5746,30,75,0,0,15,1225,0,1271,0,1271
586514,Playing,1937408,5491,30,75,0,0,15,1225,0,1271,0,1271
586763,Playing,1855488,5259,30,75,0,0,15,1225,0,1271,0,1271
587012,Playing,2032640,5761,30,75,0,0,15,1227,0,1271,0,1271
587262,Playing,1942528,5506,30,75,0,0,15,1227,0,1271,0,1271
587514,Playing,1852416,5250,30,75,0,0,15,1227,0,1271,0,1271
587765,Playing,1770496,5018,30,75,0,0,15,1227,0,1271,0,1271
588018,Playing,1929216,5468,30,75,0,0,15,1229,0,1271,0,1271
588297,Playing,1830912,5189,30,75,0,0,15,1229,0,1271,0,1271
588547,Playing,1740800,4934,30,75,0,0,15,1229,0,1271,0,1271
588795,Playing,1658880,4702,30,75,0,0,15,1229,0,1271,0,1271
589047,Playing,1817600,5151,30,75,0,0,15,1231,0,1271,0,1271
589294,Playing,1727488,4896,30,75,0,0,15,1231,0,1271,0,1271
589542,Playing,1637376,4641,30,75,0,0,15,1231,0,1271,0,1271
589790,Playing,1555456,4408,30,75,0,0,15,1231,0,1271,0,1271
590038,Playing,1732608,4911,30,75,0,0,15,1233,0,1271,0,1271
590286,Playing,1642496,4655,30,75,0,0,15,1233,0,1271,0,1271
590532,Playing,1560576,4423,30,75,0,0,15,1233,0,1271,0,1271
590783,Playing,1470464,4167,30,75,0,0,15,1233,0,1271,0,1271
591033,Playing,1656832,4696,30,75,0,0,15,1235,0,1271,0,1271
591283,Playing,1566720,4440,30,75,0,0,15,1235,0,1271,0,1271
591534,Playing,1484800,4208,30,75,0,0,15,1235,0,1271,0,1271
591782,Playing,1394688,3953,30,75,0,0,15,1235,0,1271,0,1271
592030,Playing,1599488,4533,30,75,0,0,15,1237,0,1271,0,1271
592280,Playing,1517568,4301,30,75,0,0,15,1237,0,1271,0,1271
592530,Playing,1427456,4046,30,75,0,0,15,1237,0,1271,0,1271
592778,Playing,1337344,3790,30,75,0,0,15,1237,0,1271,0,1271
593027,Playing,1541120,4368,30,75,0,0,15,1239,0,1271,0,1271
593279,Playing,1451008,4112,30,75,0,0,15,1239,0,1271,0,1271
593529,Playing,1360896,3857,30,75,0,0,15,1239,0,1271,0,1271
593778,Playing,1270784,3601,30,75,0,0,15,1239,0,1271,0,1271
594028,Playing,1180672,3346,30,75,0,0,15,1239,0,1271,0,1271
594276,Playing,1393664,3950,30,75,0,0,15,1241,0,1271,0,1271
594525,Playing,1303552,3694,30,75,0,0,15,1241,0,1271,0,1271
594775,Playing,1213440,3439,30,75,0,0,15,1241,0,1271,0,1271
595022,Playing,1131520,3207,30,75,0,0,15,1241,0,1271,0,1271
595269,Playing,1336320,3787,30,75,0,0,15,1243,0,1271,0,1271
595519,Playing,1246208,3532,30,75,0,0,15,1243,0,1271,0,1271
595769,Playing,1164288,3300,30,75,0,0,15,1243,0,1271,0,1271
596016,Playing,1074176,3044,30,75,0,0,15,1243,0,1271,0,1271
596267,Playing,1278976,3625,30,75,0,0,15,1245,0,1271,0,1271
596518,Playing,1188864,3369,30,75,0,0,15,1245,0,1271,0,1271
596767,Playing,1106944,3137,30,75,0,0,15,1245,0,1271,0,1271
597017,Playing,1311744,3718,30,75,0,0,15,1247,0,1271,0,1271
597265,Playing,1221632,3462,30,75,0,0,15,1247,0,1271,0,1271
597513,Playing,1139712,3230,30,75,0,0,15,1247,0,1271,0,1271
597761,Playing,1049600,2975,30,75,0,0,15,1247,0,1271,0,1271
598008,Playing,959488,2719,30,75,0,0,15,1247,0,1271,0,1271
598259,Playing,1154048,3271,30,75,0,0,15,1249,0,1271,0,1271
598508,Playing,1063936,3015,30,75,0,0,15,1249,0,1271,0,1271
598759,Playing,973824,2760,30,75,0,0,15,1249,0,1271,0,1271
599007,Playing,883712,2504,30,75,0,0,15,1249,0,1271,0,1271
599256,Playing,1078272,3056,30,75,0,0,15,1251,0,1271,0,1271
599506,Playing,988160,2800,30,75,0,0,15,1251,0,1271,0,1271
599757,Playing,898048,2545,30,75,0,0,15,1251,0,1271,0,1271
600006,Playing,807936,2290,30,75,0,0,15,1251,0,1271,0,1271
