t_ms,state,buffered_bytes,buffered_ms,underruns,resumes,play_failures,stream_rebuilds,sessions,chunk_reads,last_chunk_ms,max_chunk_ms,last_push_gap_ms,max_push_gap_ms
50,Off,0,0,0,0,0,0,1,0,0,0,0,0
252,Off,0,0,0,0,0,0,1,0,0,0,0,0
506,Off,0,0,0,0,0,0,1,0,0,0,0,0
760,Off,0,0,0,0,0,0,1,0,0,0,0,0
1012,Off,0,0,0,0,0,0,1,0,0,0,0,0
1265,Playing,1872896,5308,0,0,0,0,1,79,0,158,0,158
1520,Playing,3635200,10303,0,0,0,0,1,150,0,163,0,163
1772,Playing,5591040,15847,0,0,0,0,1,233,0,163,0,163
2025,Playing,5611520,15905,0,0,0,0,1,237,0,178,0,179
2278,Playing,5632000,15963,0,0,0,0,1,241,0,179,0,179
2532,Playing,5597184,15865,0,0,0,0,1,243,177,179,177,179
2784,Playing,5598208,15867,0,0,0,0,1,246,0,180,0,180
3047,Playing,5582848,15824,0,0,0,0,1,249,0,180,0,180
3299,Playing,5611520,15905,0,0,0,0,1,253,0,180,0,180
3550,Playing,5632000,15963,0,0,0,0,1,257,0,180,0,180
3799,Playing,5652480,16021,0,0,0,0,1,261,0,180,0,180
4049,Playing,5617664,15923,0,0,0,0,1,264,0,180,0,180
4296,Playing,5591040,15847,0,0,0,0,1,268,0,180,0,180
4547,Playing,5583872,15827,0,0,0,0,1,271,2,180,2,180
4797,Playing,5576704,15806,0,0,0,0,1,274,94,180,94,180
5046,Playing,5569536,15786,0,0,0,0,1,277,0,180,0,180
5295,Playing,5570560,15789,0,0,0,0,1,280,175,180,175,180
5546,Playing,5591040,15847,0,0,0,0,1,284,96,180,96,180
5794,Playing,5583872,15827,0,0,0,0,1,287,0,180,0,180
6041,Playing,5612544,15908,0,0,0,0,1,291,0,180,0,180
6290,Playing,5577728,15809,0,0,0,0,1,293,0,180,0,180
6538,Playing,5598208,15867,0,0,0,0,1,297,0,180,0,180
6787,Playing,5599232,15870,0,0,0,0,1,300,0,180,0,180
7036,Playing,5564416,15772,0,0,0,0,1,305,0,180,0,180
7285,Playing,5529600,15673,0,0,0,0,1,307,177,180,177,180
7538,Playing,5550080,15731,0,0,0,0,1,311,0,180,0,180
7786,Playing,5578752,15812,0,0,0,0,1,315,0,180,0,180
8034,Playing,5516288,15635,0,0,0,0,1,316,95,180,95,180
8284,Playing,5536768,15693,0,0,0,0,1,320,177,180,177,180
8532,Playing,5565440,15775,0,0,0,0,1,324,0,180,0,180
8783,Playing,5558272,15754,0,0,0,0,1,327,179,180,179,180
9031,Playing,5578752,15812,0,0,0,0,1,331,0,180,0,180
9280,Playing,5552128,15737,0,0,0,0,1,333,0,180,0,180
9529,Playing,5544960,15717,0,0,0,0,1,336,178,180,178,180
9777,Playing,5537792,15696,0,0,0,0,1,342,175,180,175,180
10028,Playing,5475328,15519,0,0,0,0,1,343,93,180,93,180
10274,Playing,5531648,15679,0,0,0,0,1,348,3,180,4,180
10524,Playing,5524480,15658,0,0,0,0,1,351,0,180,0,180
10773,Playing,5544960,15717,0,0,0,0,1,355,0,180,0,180
11024,Playing,5545984,15719,0,0,0,0,1,358,174,180,174,180
11273,Playing,5538816,15699,0,0,0,0,1,361,0,180,0,180
11522,Playing,5504000,15600,0,0,0,0,1,363,177,180,177,180
11772,Playing,5524480,15658,0,0,0,0,1,367,177,180,177,180
12021,Playing,5497856,15583,0,0,0,0,1,369,13,180,13,180
12270,Playing,5490688,15563,0,0,0,0,1,372,92,180,92,180
12520,Playing,5511168,15621,0,0,0,0,1,376,174,180,174,180
12771,Playing,5539840,15702,0,0,0,0,1,383,0,180,0,180
13020,Playing,5477376,15525,0,0,0,0,1,384,95,180,95,180
13273,Playing,5497856,15583,0,0,0,0,1,388,0,180,0,180
13524,Playing,5490688,15563,0,0,0,0,1,391,15,180,15,180
13774,Playing,5511168,15621,0,0,0,0,1,395,0,180,0,180
14022,Playing,5484544,15545,0,0,0,0,1,397,0,180,0,180
14272,Playing,5477376,15525,0,0,0,0,1,400,0,180,0,180
14520,Playing,5470208,15505,0,0,0,0,1,403,93,180,93,180
14769,Playing,5526528,15664,0,0,0,0,1,408,0,180,0,180
15017,Playing,5464064,15487,0,0,0,0,1,409,92,180,92,180
15267,Playing,5484544,15545,0,0,0,0,1,413,0,180,0,180
15516,Playing,5485568,15548,0,0,0,0,1,419,0,180,0,180
15766,Playing,5478400,15528,0,0,0,0,1,422,0,180,0,180
16015,Playing,5498880,15586,0,0,0,0,1,426,13,180,13,180
16263,Playing,5519360,15644,0,0,0,0,1,430,13,180,14,180
16513,Playing,5465088,15490,0,0,0,0,1,431,176,180,176,180
16763,Playing,5485568,15548,0,0,0,0,1,435,0,180,0,180
17011,Playing,5506048,15606,0,0,0,0,1,439,0,180,0,180
17261,Playing,5498880,15586,0,0,0,0,1,442,2,180,2,180
17511,Playing,5472256,15510,0,0,0,0,1,444,0,180,0,180
17763,Playing,5492736,15568,0,0,0,0,1,448,0,180,0,180
18014,Playing,5485568,15548,0,0,0,0,1,451,96,180,97,180
18261,Playing,5477376,15525,0,0,0,0,1,457,0,180,0,180
18508,Playing,5442560,15426,0,0,0,0,1,459,0,180,0,180
18758,Playing,5435392,15406,0,0,0,0,1,462,176,180,176,180
19007,Playing,5455872,15464,0,0,0,0,1,466,0,180,0,180
19256,Playing,5484544,15545,0,0,0,0,1,470,0,180,0,180
19506,Playing,5422080,15368,0,0,0,0,1,471,174,180,174,180
19757,Playing,5442560,15426,0,0,0,0,1,475,0,180,0,180
20006,Playing,5443584,15429,0,0,0,0,1,478,178,180,178,180
20254,Playing,5408768,15330,0,0,0,0,1,480,14,180,14,180
20505,Playing,5429248,15389,0,0,0,0,1,484,0,180,0,180
20751,Playing,5430272,15391,0,0,0,0,1,487,92,180,92,180
21002,Playing,5432320,15397,0,0,0,0,1,493,0,180,13,180
21253,Playing,5379072,15246,0,0,0,0,1,495,0,180,0,180
21504,Playing,5371904,15226,0,0,0,0,1,498,94,180,95,180
21750,Playing,5400576,15307,0,0,0,0,1,502,0,180,0,180
22000,Playing,5421056,15365,0,0,0,0,1,506,0,180,0,180
22311,Playing,5397504,15299,0,0,0,0,1,509,176,180,176,180
22560,Playing,5417984,15357,0,0,0,0,1,513,176,180,176,180
22810,Playing,5438464,15415,0,0,0,0,1,517,0,180,0,180
23059,Playing,5403648,15316,0,0,0,0,1,519,0,180,0,180
23308,Playing,5404672,15319,0,0,0,0,1,522,0,180,0,180
23559,Playing,5425152,15377,0,0,0,0,1,526,0,180,0,180
23807,Playing,5399552,15304,0,0,0,0,1,531,0,180,15,180
24057,Playing,5382144,15255,0,0,0,0,1,534,0,180,0,180
24305,Playing,5374976,15235,0,0,0,0,1,537,0,180,0,180
24554,Playing,5395456,15293,0,0,0,0,1,541,0,180,0,180
24805,Playing,5388288,15272,0,0,0,0,1,544,0,180,0,180
25054,Playing,5361664,15197,0,0,0,0,1,546,0,180,0,180
25304,Playing,5354496,15177,0,0,0,0,1,549,178,180,178,180
25553,Playing,5402624,15313,0,0,0,0,1,554,0,180,0,180
25802,Playing,5403648,15316,0,0,0,0,1,557,0,180,0,180
26049,Playing,5368832,15217,0,0,0,0,1,559,0,180,0,180
26301,Playing,5361664,15197,0,0,0,0,1,562,0,180,0,180
26553,Playing,5382144,15255,0,0,0,0,1,566,0,180,0,180
26802,Playing,5355520,15180,0,0,0,0,1,571,95,180,95,180
27049,Playing,5320704,15081,0,0,0,0,1,573,0,180,0,180
27298,Playing,5341184,15139,0,0,0,0,1,577,177,180,177,180
27546,Playing,5369856,15220,0,0,0,0,1,581,0,180,0,180
27796,Playing,5362688,15200,0,0,0,0,1,584,95,180,95,180
28049,Playing,5355520,15180,0,0,0,0,1,587,95,180,95,180
28300,Playing,5348352,15159,0,0,0,0,1,590,0,180,0,180
28550,Playing,5349376,15162,0,0,0,0,1,593,0,180,0,180
28801,Playing,5369856,15220,0,0,0,0,1,597,95,180,95,180
29049,Playing,5390336,15278,0,0,0,0,1,601,0,180,0,180
29300,Playing,5327872,15101,0,0,0,0,1,602,177,180,177,180
29549,Playing,5356544,15182,0,0,0,0,1,609,0,180,0,180
29798,Playing,5349376,15162,0,0,0,0,1,612,0,261,0,261
30047,Playing,5342208,15142,0,0,0,0,1,615,96,261,96,261
30294,Playing,5343232,15145,0,0,0,0,1,618,0,261,0,261
30543,Playing,5336064,15124,0,0,0,0,1,621,0,261,0,261
30793,Playing,5328896,15104,0,0,0,0,1,624,94,261,94,261
31040,Playing,5302272,15029,0,0,0,0,1,626,0,261,0,261
31290,Playing,5295104,15008,0,0,0,0,1,629,96,261,96,261
31539,Playing,5343232,15145,0,0,0,0,1,634,0,261,0,261
31790,Playing,5363712,15203,0,0,0,0,1,638,15,261,15,261
32039,Playing,5281792,14971,0,0,0,0,1,638,15,261,15,261
32290,Playing,5302272,15029,0,0,0,0,1,645,0,341,14,341
32537,Playing,5295104,15008,0,0,0,0,1,648,0,341,0,341
32787,Playing,5315584,15066,0,0,0,0,1,652,0,341,0,341
33035,Playing,5316608,15069,0,0,0,0,1,655,0,341,0,341
33285,Playing,5281792,14971,0,0,0,0,1,657,0,341,0,341
33533,Playing,5274624,14950,0,0,0,0,1,660,175,341,175,341
33783,Playing,5330944,15110,0,0,0,0,1,665,0,341,0,341
34032,Playing,5323776,15090,0,0,0,0,1,668,0,341,0,341
34283,Playing,5316608,15069,0,0,0,0,1,671,93,341,93,341
34532,Playing,5281792,14971,0,0,0,0,1,673,0,341,0,341
34781,Playing,5310464,15052,0,0,0,0,1,677,0,341,0,341
35032,Playing,5294080,15005,0,0,0,0,1,682,0,341,14,341
35281,Playing,5268480,14933,0,0,0,0,1,685,0,341,0,341
35531,Playing,5269504,14936,0,0,0,0,1,688,179,341,179,341
35782,Playing,5289984,14994,0,0,0,0,1,692,0,341,0,341
36032,Playing,5282816,14973,0,0,0,0,1,695,0,341,0,341
36283,Playing,5303296,15032,0,0,0,0,1,699,0,341,0,341
36534,Playing,5268480,14933,0,0,0,0,1,701,0,341,0,341
36783,Playing,5297152,15014,0,0,0,0,1,705,0,341,0,341
37030,Playing,5289984,14994,0,0,0,0,1,708,3,341,3,341
37281,Playing,5310464,15052,0,0,0,0,1,712,0,341,0,341
37531,Playing,5256192,14898,0,0,0,0,1,713,176,341,176,341
37783,Playing,5276672,14956,0,0,0,0,1,717,0,341,0,341
38032,Playing,5269504,14936,0,0,0,0,1,723,0,341,0,341
38282,Playing,5289984,14994,0,0,0,0,1,727,0,341,0,341
38530,Playing,5235712,14840,0,0,0,0,1,728,174,341,174,341
38781,Playing,5256192,14898,0,0,0,0,1,732,0,341,0,341
39029,Playing,5249024,14878,0,0,0,0,1,735,177,341,177,341
39278,Playing,5214208,14779,0,0,0,0,1,737,0,341,0,341
39528,Playing,5242880,14860,0,0,0,0,1,741,0,341,0,341
39777,Playing,5235712,14840,0,0,0,0,1,744,0,341,0,341
40028,Playing,5256192,14898,0,0,0,0,1,748,0,341,0,341
40276,Playing,5201920,14744,0,0,0,0,1,749,95,341,95,341
40526,Playing,5222400,14802,0,0,0,0,1,753,173,341,173,341
40772,Playing,5215232,14782,0,0,0,0,1,759,0,341,0,341
41022,Playing,5243904,14863,0,0,0,0,1,763,0,341,0,341
41270,Playing,5181440,14686,0,0,0,0,1,764,178,341,179,341
41517,Playing,5229568,14823,0,0,0,0,1,769,0,341,0,341
41770,Playing,5202944,14747,0,0,0,0,1,771,0,341,0,341
42019,Playing,5223424,14805,0,0,0,0,1,775,172,341,172,341
42267,Playing,5243904,14863,0,0,0,0,1,779,0,341,0,341
42517,Playing,5181440,14686,0,0,0,0,1,780,91,341,91,341
42766,Playing,5210112,14767,0,0,0,0,1,784,0,341,0,341
43015,Playing,5230592,14825,0,0,0,0,1,788,0,341,0,341
43264,Playing,5223424,14805,0,0,0,0,1,791,175,341,175,341
43514,Playing,5196800,14730,0,0,0,0,1,793,0,341,0,341
43763,Playing,5180416,14683,0,0,0,0,1,799,0,341,0,341
44013,Playing,5173248,14663,0,0,0,0,1,802,93,341,93,341
44260,Playing,5201920,14744,0,0,0,0,1,806,13,341,13,341
44509,Playing,5222400,14802,0,0,0,0,1,810,0,341,0,341
44762,Playing,5215232,14782,0,0,0,0,1,813,0,341,0,341
45012,Playing,5180416,14683,0,0,0,0,1,815,0,341,0,341
45262,Playing,5181440,14686,0,0,0,0,1,818,95,341,95,341
45513,Playing,5201920,14744,0,0,0,0,1,822,96,341,96,341
45763,Playing,5194752,14724,0,0,0,0,1,825,94,341,94,341
46012,Playing,5187584,14704,0,0,0,0,1,828,0,341,0,341
46261,Playing,5188608,14706,0,0,0,0,1,831,177,341,177,341
46509,Playing,5172224,14660,0,0,0,0,1,837,0,341,0,341
46758,Playing,5165056,14640,0,0,0,0,1,840,0,341,0,341
47007,Playing,5138432,14564,0,0,0,0,1,842,0,341,0,341
47256,Playing,5158912,14622,0,0,0,0,1,846,0,341,0,341
47508,Playing,5179392,14680,0,0,0,0,1,850,0,341,0,341
47757,Playing,5172224,14660,0,0,0,0,1,853,95,341,95,341
48008,Playing,5137408,14561,0,0,0,0,1,855,0,341,0,341
48255,Playing,5138432,14564,0,0,0,0,1,858,175,341,175,341
48506,Playing,5158912,14622,0,0,0,0,1,862,0,341,0,341
48757,Playing,5179392,14680,0,0,0,0,1,866,0,341,0,341
49004,Playing,5125120,14526,0,0,0,0,1,867,178,341,178,341
49256,Playing,5108736,14480,0,0,0,0,1,873,176,341,176,341
49502,Playing,5129216,14538,0,0,0,0,1,877,0,341,0,341
49751,Playing,5130240,14541,0,0,0,0,1,880,177,341,177,341
50000,Playing,5095424,14442,0,0,0,0,1,882,14,341,14,341
50311,Playing,5154816,14611,0,0,0,0,1,888,0,341,0,341
50561,Playing,5092352,14434,0,0,0,0,1,889,176,341,176,341
50811,Playing,5112832,14492,0,0,0,0,1,893,179,341,179,341
51060,Playing,5133312,14550,0,0,0,0,1,897,0,341,0,341
51311,Playing,5134336,14553,0,0,0,0,1,900,95,341,95,341
51500,Playing,5115904,14500,0,0,0,0,1,902,0,341,0,341
51811,Playing,5120000,14512,0,0,0,0,1,906,0,341,0,341
52060,Playing,5112832,14492,0,0,0,0,1,912,0,341,0,341
52250,Playing,5102592,14463,0,0,0,0,1,914,0,341,0,341
52558,Playing,5079040,14396,0,0,0,0,1,917,0,341,0,341
52809,Playing,5099520,14454,0,0,0,0,1,921,3,341,3,341
53060,Playing,5092352,14434,0,0,0,0,1,924,0,341,0,341
53310,Playing,5112832,14492,0,0,0,0,1,928,0,341,0,341
53560,Playing,5058560,14338,0,0,0,0,1,929,96,341,96,341
53808,Playing,5106688,14474,0,0,0,0,1,934,0,341,0,341
54059,Playing,5099520,14454,0,0,0,0,1,937,0,341,0,341
54310,Playing,5120000,14512,0,0,0,0,1,941,0,341,0,341
54558,Playing,5065728,14358,0,0,0,0,1,942,94,341,94,341
54805,Playing,5058560,14338,0,0,0,0,1,945,0,341,0,341
55054,Playing,5059584,14341,0,0,0,0,1,951,173,341,173,341
55304,Playing,5107712,14477,0,0,0,0,1,956,0,341,0,341
55555,Playing,5045248,14300,0,0,0,0,1,957,94,341,94,341
55805,Playing,5038080,14280,0,0,0,0,1,960,174,341,174,341
56056,Playing,5058560,14338,0,0,0,0,1,964,177,341,177,341
56303,Playing,5087232,14419,0,0,0,0,1,968,0,341,0,341
56553,Playing,5052416,14320,0,0,0,0,1,970,0,341,0,341
56802,Playing,5045248,14300,0,0,0,0,1,973,0,341,0,341
57053,Playing,5073920,14381,0,0,0,0,1,977,0,341,0,341
57302,Playing,5094400,14439,0,0,0,0,1,981,0,341,0,341
57553,Playing,5059584,14341,0,0,0,0,1,984,0,341,0,341
57801,Playing,5052416,14320,0,0,0,0,1,989,0,341,0,341
58050,Playing,5053440,14323,0,0,0,0,1,992,0,341,0,341
58301,Playing,5046272,14303,0,0,0,0,1,995,173,341,174,341
58547,Playing,5011456,14204,0,0,0,0,1,997,0,341,0,341
58800,Playing,5031936,14262,0,0,0,0,1,1001,0,341,0,341
59048,Playing,5032960,14265,0,0,0,0,1,1004,177,341,177,341
59296,Playing,5053440,14323,0,0,0,0,1,1008,0,341,0,341
59545,Playing,5046272,14303,0,0,0,0,1,1011,177,341,177,341
59792,Playing,5019648,14228,0,0,0,0,1,1013,0,341,0,341
60042,Playing,5067776,14364,0,0,0,0,1,1018,0,341,0,341
60291,Playing,5051392,14318,0,0,0,0,1,1023,0,341,15,341
60543,Playing,4998144,14167,0,0,0,0,1,1025,0,341,0,341
60793,Playing,4999168,14169,0,0,0,0,1,1028,0,341,0,341
61046,Playing,4992000,14149,0,0,0,0,1,1031,176,341,176,341
61295,Playing,5040128,14286,0,0,0,0,1,1036,0,341,0,341
61544,Playing,5032960,14265,0,0,0,0,1,1039,0,341,0,341
61796,Playing,4978688,14111,0,0,0,0,1,1040,174,341,174,341
62045,Playing,5026816,14248,0,0,0,0,1,1045,0,341,0,341
62292,Playing,5019648,14228,0,0,0,0,1,1048,0,341,0,341
62540,Playing,4993024,14152,0,0,0,0,1,1050,13,341,13,341
62789,Playing,4985856,14132,0,0,0,0,1,1053,0,341,0,341
63036,Playing,5006336,14190,0,0,0,0,1,1057,95,341,95,341
63286,Playing,4979712,14114,0,0,0,0,1,1062,96,341,96,341
63536,Playing,4972544,14094,0,0,0,0,1,1065,0,341,0,341
63785,Playing,4937728,13995,0,0,0,0,1,1067,94,341,94,341
64032,Playing,4994048,14155,0,0,0,0,1,1072,0,341,0,341
64281,Playing,4986880,14135,0,0,0,0,1,1075,0,341,0,341
64529,Playing,4952064,14036,0,0,0,0,1,1077,2,341,2,341
64777,Playing,4980736,14117,0,0,0,0,1,1081,2,341,2,341
65027,Playing,4973568,14097,0,0,0,0,1,1084,95,341,95,341
65277,Playing,4966400,14077,0,0,0,0,1,1087,95,341,95,341
65526,Playing,4967424,14080,0,0,0,0,1,1090,0,341,0,341
65777,Playing,4960256,14059,0,0,0,0,1,1093,98,341,98,341
66027,Playing,4971520,14091,0,0,0,0,1,1099,0,341,14,341
66277,Playing,4945920,14019,0,0,0,0,1,1102,93,341,93,341
66528,Playing,5002240,14178,0,0,0,0,1,1107,0,341,0,341
66777,Playing,4967424,14080,0,0,0,0,1,1109,95,341,95,341
67028,Playing,4960256,14059,0,0,0,0,1,1112,0,341,0,341
67281,Playing,4953088,14039,0,0,0,0,1,1115,0,341,0,341
67532,Playing,4981760,14120,0,0,0,0,1,1119,94,341,94,341
67782,Playing,4974592,14100,0,0,0,0,1,1122,92,341,92,341
68031,Playing,4939776,14001,0,0,0,0,1,1124,0,341,0,341
68280,Playing,4960256,14059,0,0,0,0,1,1128,95,341,95,341
68528,Playing,4988928,14140,0,0,0,0,1,1132,0,341,0,341
68777,Playing,4963328,14068,0,0,0,0,1,1137,0,341,14,341
69026,Playing,4965376,14074,0,0,0,0,1,1141,0,341,0,341
69277,Playing,4930560,13975,0,0,0,0,1,1143,0,341,0,341
69527,Playing,4931584,13978,0,0,0,0,1,1146,0,341,0,341
69775,Playing,4952064,14036,0,0,0,0,1,1150,2,341,2,341
70024,Playing,4917248,13937,0,0,0,0,1,1152,0,341,0,341
70273,Playing,4918272,13940,0,0,0,0,1,1155,94,341,94,341
70522,Playing,4938752,13998,0,0,0,0,1,1159,0,341,0,341
70773,Playing,4959232,14056,0,0,0,0,1,1163,14,341,14,341
71023,Playing,4952064,14036,0,0,0,0,1,1166,95,341,95,341
71271,Playing,4953088,14039,0,0,0,0,1,1169,0,341,0,341
71520,Playing,4918272,13940,0,0,0,0,1,1171,0,341,0,341
71769,Playing,4929536,13972,0,0,0,0,1,1178,15,341,15,341
72019,Playing,4930560,13975,0,0,0,0,1,1181,0,341,0,341
72266,Playing,4895744,13876,0,0,0,0,1,1183,0,341,0,341
72516,Playing,4916224,13934,0,0,0,0,1,1187,0,341,0,341
72765,Playing,4944896,14016,0,0,0,0,1,1191,0,341,0,341
73015,Playing,4910080,13917,0,0,0,0,1,1193,13,341,13,341
73264,Playing,4902912,13897,0,0,0,0,1,1196,0,341,0,341
73511,Playing,4895744,13876,0,0,0,0,1,1199,95,341,95,341
73761,Playing,4896768,13879,0,0,0,0,1,1202,0,341,0,341
74012,Playing,4889600,13859,0,0,0,0,1,1205,0,341,0,341
74262,Playing,4882432,13839,0,0,0,0,1,1208,97,341,97,341
74510,Playing,4874240,13815,0,0,0,0,1,1214,96,341,96,341
74760,Playing,4894720,13873,0,0,0,0,1,1218,0,341,0,341
75006,Playing,4887552,13853,0,0,0,0,1,1221,0,341,0,341
75255,Playing,4860928,13778,0,0,0,0,1,1223,0,341,0,341
75504,Playing,4853760,13757,0,0,0,0,1,1226,173,341,173,341
75757,Playing,4874240,13815,0,0,0,0,1,1230,0,341,0,341
76007,Playing,4839424,13717,0,0,0,0,1,1232,0,341,0,341
76254,Playing,4840448,13720,0,0,0,0,1,1235,0,341,0,341
76504,Playing,4860928,13778,0,0,0,0,1,1239,0,341,0,341
76754,Playing,4881408,13836,0,0,0,0,1,1243,0,341,0,341
77002,Playing,4882432,13839,0,0,0,0,1,1246,0,341,0,341
77251,Playing,4847616,13740,0,0,0,0,1,1248,0,341,0,341
77503,Playing,4840448,13720,0,0,0,0,1,1254,0,341,0,341
77752,Playing,4833280,13699,0,0,0,0,1,1257,0,341,0,341
78000,Playing,4834304,13702,0,0,0,0,1,1260,0,341,0,341
78250,Playing,4827136,13682,0,0,0,0,1,1263,0,341,0,341
78501,Playing,4819968,13662,0,0,0,0,1,1266,176,341,176,341
78750,Playing,4840448,13720,0,0,0,0,1,1270,0,341,0,341
79060,Playing,4844544,13731,0,0,0,0,1,1274,0,341,0,341
79310,Playing,4837376,13711,0,0,0,0,1,1277,0,341,0,341
79556,Playing,4838400,13714,0,0,0,0,1,1280,96,341,96,341
79804,Playing,4831232,13693,0,0,0,0,1,1283,0,341,0,341
80054,Playing,4824064,13673,0,0,0,0,1,1286,179,341,179,341
80303,Playing,4797440,13598,0,0,0,0,1,1291,177,341,178,341
80550,Playing,4817920,13656,0,0,0,0,1,1295,176,341,176,341
80796,Playing,4791296,13580,0,0,0,0,1,1297,0,341,0,341
81042,Playing,4811776,13638,0,0,0,0,1,1301,0,341,0,341
81292,Playing,4832256,13696,0,0,0,0,1,1305,0,341,0,341
81541,Playing,4833280,13699,0,0,0,0,1,1308,0,341,0,341
81790,Playing,4798464,13601,0,0,0,0,1,1310,0,341,0,341
82040,Playing,4818944,13659,0,0,0,0,1,1314,0,341,0,341
82290,Playing,4811776,13638,0,0,0,0,1,1317,0,341,0,341
82539,Playing,4840448,13720,0,0,0,0,1,1321,0,341,0,341
82789,Playing,4777984,13543,0,0,0,0,1,1322,96,341,96,341
83039,Playing,4770816,13522,0,0,0,0,1,1328,95,341,95,341
83289,Playing,4791296,13580,0,0,0,0,1,1332,0,341,0,341
83539,Playing,4819968,13662,0,0,0,0,1,1336,0,341,0,341
83789,Playing,4757504,13484,0,0,0,0,1,1337,95,341,95,341
84040,Playing,4777984,13543,0,0,0,0,1,1341,0,341,0,341
84288,Playing,4779008,13545,0,0,0,0,1,1344,0,341,0,341
84539,Playing,4799488,13603,0,0,0,0,1,1348,175,341,175,341
84787,Playing,4764672,13505,0,0,0,0,1,1350,0,341,0,341
85036,Playing,4765696,13508,0,0,0,0,1,1353,97,341,97,341
85285,Playing,4758528,13487,0,0,0,0,1,1356,0,341,0,341
85538,Playing,4806656,13624,0,0,0,0,1,1361,0,341,0,341
85786,Playing,4734976,13421,0,0,0,0,1,1364,0,341,15,341
86035,Playing,4772864,13528,0,0,0,0,1,1369,14,341,14,341
86283,Playing,4765696,13508,0,0,0,0,1,1372,0,341,0,341
86530,Playing,4758528,13487,0,0,0,0,1,1375,95,341,95,341
86779,Playing,4731904,13412,0,0,0,0,1,1377,0,341,0,341
87031,Playing,4752384,13470,0,0,0,0,1,1381,0,341,0,341
87281,Playing,4745216,13450,0,0,0,0,1,1384,93,341,93,341
87532,Playing,4765696,13508,0,0,0,0,1,1388,0,341,0,341
87780,Playing,4739072,13432,0,0,0,0,1,1390,0,341,0,341
88030,Playing,4731904,13412,0,0,0,0,1,1393,98,341,98,341
88278,Playing,4752384,13470,0,0,0,0,1,1397,0,341,0,341
88530,Playing,4745216,13450,0,0,0,0,1,1403,0,341,0,341
88777,Playing,4746240,13453,0,0,0,0,1,1406,0,341,0,341
89025,Playing,4711424,13354,0,0,0,0,1,1408,0,341,0,341
89274,Playing,4704256,13334,0,0,0,0,1,1411,95,341,95,341
89522,Playing,4760576,13493,0,0,0,0,1,1416,0,341,0,341
89773,Playing,4753408,13473,0,0,0,0,1,1419,0,341,0,341
90021,Playing,4773888,13531,0,0,0,0,1,1423,0,341,0,341
90273,Playing,4711424,13354,0,0,0,0,1,1424,175,341,175,341
90522,Playing,4740096,13435,0,0,0,0,1,1428,0,341,0,341
90771,Playing,4732928,13415,0,0,0,0,1,1431,96,341,96,341
91019,Playing,4753408,13473,0,0,0,0,1,1435,95,341,95,341
91270,Playing,4737024,13426,0,0,0,0,1,1440,0,341,14,341
91519,Playing,4691968,13299,0,0,0,0,1,1442,0,341,0,341
91770,Playing,4712448,13357,0,0,0,0,1,1446,176,341,176,341
92023,Playing,4732928,13415,0,0,0,0,1,1450,0,341,0,341
92273,Playing,4725760,13395,0,0,0,0,1,1453,92,341,92,341
92526,Playing,4690944,13296,0,0,0,0,1,1455,0,341,0,341
92776,Playing,4719616,13377,0,0,0,0,1,1459,0,341,0,341
93023,Playing,4712448,13357,0,0,0,0,1,1462,0,341,0,341
93273,Playing,4732928,13415,0,0,0,0,1,1466,95,341,95,341
93524,Playing,4706304,13339,0,0,0,0,1,1468,0,341,0,341
93775,Playing,4699136,13319,0,0,0,0,1,1471,176,341,176,341
94020,Playing,4719616,13377,0,0,0,0,1,1475,0,341,0,341
94272,Playing,4647936,13174,0,0,0,0,1,1479,2,341,2,341
94522,Playing,4621312,13098,0,0,0,0,1,1481,0,341,0,341
94771,Playing,4697088,13313,0,0,0,0,1,1487,0,341,0,341
95020,Playing,4662272,13215,0,0,0,0,1,1489,176,341,177,341
95269,Playing,4663296,13217,0,0,0,0,1,1492,13,341,13,341
95521,Playing,4656128,13197,0,0,0,0,1,1495,0,341,0,341
95768,Playing,4648960,13177,0,0,0,0,1,1498,177,341,177,341
96019,Playing,4669440,13235,0,0,0,0,1,1502,177,341,177,341
96268,Playing,4725760,13395,0,0,0,0,1,1507,0,341,0,341
96518,Playing,4663296,13217,0,0,0,0,1,1508,91,341,91,341
96768,Playing,4683776,13276,0,0,0,0,1,1512,0,341,0,341
97018,Playing,4647936,13174,0,0,0,0,1,1517,1,341,1,341
97269,Playing,4640768,13154,0,0,0,0,1,1520,174,341,174,341
97519,Playing,4633600,13133,0,0,0,0,1,1523,0,341,0,341
97766,Playing,4626432,13113,0,0,0,0,1,1526,0,341,0,341
98016,Playing,4627456,13116,0,0,0,0,1,1529,176,341,176,341
98267,Playing,4675584,13252,0,0,0,0,1,1534,0,341,0,341
98516,Playing,4613120,13075,0,0,0,0,1,1535,97,341,97,341
98765,Playing,4633600,13133,0,0,0,0,1,1539,0,341,0,341
99012,Playing,4634624,13136,0,0,0,0,1,1542,0,341,0,341
99261,Playing,4655104,13194,0,0,0,0,1,1546,0,341,0,341
99511,Playing,4620288,13096,0,0,0,0,1,1548,0,341,1,341
99760,Playing,4621312,13098,0,0,0,0,1,1551,0,341,0,341
100008,Playing,4604928,13052,0,0,0,0,1,1557,0,341,0,341
100258,Playing,4570112,12953,0,0,0,0,1,1559,0,341,0,341
100504,Playing,4571136,12956,0,0,0,0,1,1562,94,341,94,341
100755,Playing,4591616,13014,0,0,0,0,1,1566,0,341,0,341
101006,Playing,4612096,13072,0,0,0,0,1,1570,0,341,0,341
101253,Playing,4613120,13075,0,0,0,0,1,1573,14,341,14,341
101504,Playing,4633600,13133,0,0,0,0,1,1577,17,341,17,341
101753,Playing,4654080,13191,0,0,0,0,1,1581,0,341,0,341
102004,Playing,4591616,13014,0,0,0,0,1,1582,177,341,177,341
102255,Playing,4612096,13072,0,0,0,0,1,1586,0,341,0,341
102505,Playing,4613120,13075,0,0,0,0,1,1592,0,341,14,341
102754,Playing,4605952,13055,0,0,0,0,1,1595,0,341,0,341
103002,Playing,4571136,12956,0,0,0,0,1,1597,0,341,0,341
103252,Playing,4599808,13038,0,0,0,0,1,1601,0,341,0,341
103503,Playing,4592640,13017,0,0,0,0,1,1604,99,341,99,341
103754,Playing,4585472,12997,0,0,0,0,1,1607,0,341,0,341
104001,Playing,4578304,12977,0,0,0,0,1,1610,0,341,0,341
104252,Playing,4579328,12979,0,0,0,0,1,1613,174,341,174,341
104500,Playing,4599808,13038,0,0,0,0,1,1617,0,341,0,341
104810,Playing,4603904,13049,0,0,0,0,1,1621,0,341,0,341
105061,Playing,4596736,13029,0,0,0,0,1,1624,2,341,2,341
105311,Playing,4589568,13008,0,0,0,0,1,1627,97,341,97,341
105562,Playing,4554752,12910,0,0,0,0,1,1632,0,341,0,341
105810,Playing,4555776,12913,0,0,0,0,1,1635,2,341,2,341
106060,Playing,4576256,12971,0,0,0,0,1,1639,0,341,0,341
106308,Playing,4596736,13029,0,0,0,0,1,1643,0,341,0,341
106559,Playing,4534272,12852,0,0,0,0,1,1644,175,341,175,341
106810,Playing,4562944,12933,0,0,0,0,1,1648,0,341,0,341
107059,Playing,4583424,12991,0,0,0,0,1,1652,0,341,0,341
107307,Playing,4576256,12971,0,0,0,0,1,1655,17,341,17,341
107556,Playing,4569088,12950,0,0,0,0,1,1658,95,341,95,341
107806,Playing,4542464,12875,0,0,0,0,1,1660,177,341,177,341
108055,Playing,4562944,12933,0,0,0,0,1,1664,176,341,177,341
108303,Playing,4500480,12756,0,0,0,0,1,1668,0,341,12,341
108549,Playing,4501504,12759,0,0,0,0,1,1671,96,341,96,341
108800,Playing,4494336,12739,0,0,0,0,1,1674,0,341,0,341
109051,Playing,4542464,12875,0,0,0,0,1,1679,0,341,0,341
109301,Playing,4507648,12776,0,0,0,0,1,1681,0,341,0,341
109549,Playing,4508672,12779,0,0,0,0,1,1684,0,341,0,341
109798,Playing,4529152,12837,0,0,0,0,1,1688,0,341,0,341
110048,Playing,4521984,12817,0,0,0,0,1,1691,177,341,177,341
110295,Playing,4523008,12820,0,0,0,0,1,1694,0,341,0,341
110545,Playing,4515840,12800,0,0,0,0,1,1697,0,341,0,341
110793,Playing,4508672,12779,0,0,0,0,1,1700,92,341,93,341
111040,Playing,4500480,12756,0,0,0,0,1,1703,175,341,175,341
111288,Playing,4474880,12683,0,0,0,0,1,1708,0,341,0,341
111537,Playing,4467712,12663,0,0,0,0,1,1711,95,341,95,341
111787,Playing,4524032,12823,0,0,0,0,1,1716,14,341,14,341
112037,Playing,4516864,12802,0,0,0,0,1,1719,0,341,0,341
112289,Playing,4482048,12704,0,0,0,0,1,1721,0,341,0,341
112533,Playing,4474880,12683,0,0,0,0,1,1724,0,341,0,341
112779,Playing,4503552,12765,0,0,0,0,1,1728,0,341,0,341
113031,Playing,4496384,12744,0,0,0,0,1,1731,93,341,93,341
113283,Playing,4516864,12802,0,0,0,0,1,1735,0,341,0,341
113534,Playing,4537344,12860,0,0,0,0,1,1739,14,341,14,341
113785,Playing,4483072,12707,0,0,0,0,1,1740,176,341,176,341
114037,Playing,4475904,12686,0,0,0,0,1,1746,0,341,0,341
114288,Playing,4468736,12666,0,0,0,0,1,1749,97,341,98,341
114538,Playing,4489216,12724,0,0,0,0,1,1753,96,341,96,341
114787,Playing,4462592,12649,0,0,0,0,1,1755,0,341,0,341
115036,Playing,4455424,12628,0,0,0,0,1,1758,171,341,171,341
115288,Playing,4503552,12765,0,0,0,0,1,1763,0,341,0,341
115540,Playing,4496384,12744,0,0,0,0,1,1766,0,341,0,341
115790,Playing,4461568,12646,0,0,0,0,1,1768,0,341,0,341
116039,Playing,4462592,12649,0,0,0,0,1,1771,0,341,0,341
116289,Playing,4483072,12707,0,0,0,0,1,1775,0,341,0,341
116537,Playing,4494336,12739,0,0,0,0,1,1781,0,341,15,341
116789,Playing,4449280,12611,0,0,0,0,1,1783,0,341,0,341
117037,Playing,4414464,12512,0,0,0,0,1,1785,97,341,97,341
117286,Playing,4462592,12649,0,0,0,0,1,1790,0,341,0,341
117535,Playing,4463616,12651,0,0,0,0,1,1793,0,341,0,341
117786,Playing,4428800,12553,0,0,0,0,1,1795,0,341,0,341
118036,Playing,4449280,12611,0,0,0,0,1,1799,0,341,0,341
118287,Playing,4469760,12669,0,0,0,0,1,1803,0,341,0,341
118535,Playing,4443136,12593,0,0,0,0,1,1805,178,341,179,341
118783,Playing,4435968,12573,0,0,0,0,1,1808,0,341,0,341
119031,Playing,4428800,12553,0,0,0,0,1,1811,94,341,94,341
119282,Playing,4449280,12611,0,0,0,0,1,1815,0,341,0,341
119532,Playing,4413440,12509,0,0,0,0,1,1820,96,341,96,341
119782,Playing,4378624,12411,0,0,0,0,1,1822,0,341,0,341
120030,Playing,4399104,12469,0,0,0,0,1,1826,95,341,95,341
120280,Playing,4427776,12550,0,0,0,0,1,1830,0,341,0,341
120531,Playing,4420608,12530,0,0,0,0,1,1833,15,341,15,341
120783,Playing,4385792,12431,0,0,0,0,1,1835,0,341,0,341
121031,Playing,4406272,12489,0,0,0,0,1,1839,0,341,0,341
121278,Playing,4407296,12492,0,0,0,0,1,1842,0,341,0,341
121529,Playing,4427776,12550,0,0,0,0,1,1846,95,341,95,341
121780,Playing,4365312,12373,0,0,0,0,1,1847,178,341,178,341
122030,Playing,4413440,12509,0,0,0,0,1,1852,0,341,0,341
122279,Playing,4396032,12460,0,0,0,0,1,1857,0,341,13,341
122527,Playing,4398080,12466,0,0,0,0,1,1861,0,341,0,341
122779,Playing,4390912,12445,0,0,0,0,1,1864,0,341,0,341
123027,Playing,4383744,12425,0,0,0,0,1,1867,0,341,0,341
123277,Playing,4357120,12350,0,0,0,0,1,1869,0,341,0,341
123526,Playing,4377600,12408,0,0,0,0,1,1873,96,341,96,341
123776,Playing,4342784,12309,0,0,0,0,1,1875,0,341,0,341
124026,Playing,4343808,12312,0,0,0,0,1,1878,92,341,92,341
124277,Playing,4391936,12448,0,0,0,0,1,1883,0,341,0,341
124524,Playing,4412416,12506,0,0,0,0,1,1887,14,341,14,341
124774,Playing,4322304,12251,0,0,0,0,1,1887,14,341,14,341
125023,Playing,4378624,12411,0,0,0,0,1,1892,0,341,0,341
125272,Playing,4334592,12286,0,0,0,0,1,1897,0,341,0,341
125522,Playing,4327424,12265,0,0,0,0,1,1900,94,341,94,341
125773,Playing,4347904,12323,0,0,0,0,1,1904,0,341,0,341
126024,Playing,4376576,12405,0,0,0,0,1,1908,0,341,0,341
126273,Playing,4314112,12228,0,0,0,0,1,1909,177,341,177,341
126527,Playing,4362240,12364,0,0,0,0,1,1914,0,341,0,341
126779,Playing,4355072,12344,0,0,0,0,1,1917,0,341,0,341
127029,Playing,4356096,12347,0,0,0,0,1,1920,0,341,0,341
127282,Playing,4321280,12248,0,0,0,0,1,1922,0,341,0,341
127532,Playing,4341760,12306,0,0,0,0,1,1926,0,341,0,341
127782,Playing,4334592,12286,0,0,0,0,1,1929,99,341,99,341
128034,Playing,4355072,12344,0,0,0,0,1,1936,0,341,0,341
128286,Playing,4292608,12167,0,0,0,0,1,1937,176,341,176,341
128534,Playing,4321280,12248,0,0,0,0,1,1941,0,341,0,341
128781,Playing,4314112,12228,0,0,0,0,1,1944,0,341,0,341
129032,Playing,4334592,12286,0,0,0,0,1,1948,0,341,0,341
129281,Playing,4307968,12210,0,0,0,0,1,1950,0,341,0,341
129532,Playing,4300800,12190,0,0,0,0,1,1953,0,341,0,341
129783,Playing,4293632,12170,0,0,0,0,1,1956,93,341,93,341
130034,Playing,4341760,12306,0,0,0,0,1,1961,13,341,13,341
130281,Playing,4342784,12309,0,0,0,0,1,1964,0,341,0,341
130529,Playing,4363264,12367,0,0,0,0,1,1968,0,341,0,341
130779,Playing,4273152,12112,0,0,0,0,1,1971,0,341,17,341
131030,Playing,4293632,12170,0,0,0,0,1,1975,0,341,0,341
131281,Playing,4294656,12173,0,0,0,0,1,1978,179,341,179,341
131531,Playing,4315136,12231,0,0,0,0,1,1982,96,341,96,341
131781,Playing,4280320,12132,0,0,0,0,1,1984,0,341,0,341
132029,Playing,4281344,12135,0,0,0,0,1,1987,171,341,171,341
132278,Playing,4301824,12193,0,0,0,0,1,1991,173,341,173,341
132527,Playing,4322304,12251,0,0,0,0,1,1995,0,341,0,341
132775,Playing,4259840,12074,0,0,0,0,1,1996,175,341,175,341
133024,Playing,4316160,12234,0,0,0,0,1,2001,0,341,0,341
133273,Playing,4308992,12213,0,0,0,0,1,2004,0,341,0,341
133522,Playing,4274176,12115,0,0,0,0,1,2009,0,341,15,341
133774,Playing,4267008,12094,0,0,0,0,1,2012,0,341,0,341
134023,Playing,4268032,12097,0,0,0,0,1,2015,0,341,0,341
134273,Playing,4260864,12077,0,0,0,0,1,2018,174,341,175,341
134522,Playing,4281344,12135,0,0,0,0,1,2022,0,341,0,341
134771,Playing,4246528,12036,0,0,0,0,1,2024,0,341,0,341
135019,Playing,4275200,12117,0,0,0,0,1,2028,0,341,0,341
135269,Playing,4268032,12097,0,0,0,0,1,2031,0,341,0,341
135519,Playing,4288512,12155,0,0,0,0,1,2035,0,341,0,341
135766,Playing,4261888,12080,0,0,0,0,1,2037,0,341,0,341
136016,Playing,4254720,12059,0,0,0,0,1,2040,177,341,177,341
136269,Playing,4265984,12091,0,0,0,0,1,2046,0,341,13,341
136519,Playing,4185088,11862,0,0,0,0,1,2047,95,341,95,341
136773,Playing,4213760,11943,0,0,0,0,1,2051,96,341,96,341
137023,Playing,4206592,11923,0,0,0,0,1,2054,0,341,0,341
137274,Playing,4254720,12059,0,0,0,0,1,2059,1,341,2,341
137526,Playing,4247552,12039,0,0,0,0,1,2062,0,341,0,341
137777,Playing,4240384,12019,0,0,0,0,1,2065,176,341,176,341
138027,Playing,4213760,11943,0,0,0,0,1,2067,0,341,0,341
138275,Playing,4234240,12001,0,0,0,0,1,2071,0,341,0,341
138525,Playing,4254720,12059,0,0,0,0,1,2075,0,341,0,341
138775,Playing,4275200,12117,0,0,0,0,1,2079,0,341,0,341
139025,Playing,4220928,11964,0,0,0,0,1,2080,173,341,173,341
139273,Playing,4213760,11943,0,0,0,0,1,2086,0,341,0,341
139521,Playing,4234240,12001,0,0,0,0,1,2090,0,341,0,341
139772,Playing,4235264,12004,0,0,0,0,1,2093,175,341,175,341
140024,Playing,4200448,11906,0,0,0,0,1,2095,0,341,0,341
140273,Playing,4220928,11964,0,0,0,0,1,2099,0,341,0,341
140521,Playing,4186112,11865,0,0,0,0,1,2101,0,341,0,341
140769,Playing,4242432,12025,0,0,0,0,1,2106,0,341,0,341
141015,Playing,4179968,11847,0,0,0,0,1,2107,96,341,96,341
141264,Playing,4200448,11906,0,0,0,0,1,2111,92,341,93,341
141516,Playing,4229120,11987,0,0,0,0,1,2115,0,341,0,341
141765,Playing,4249600,12045,0,0,0,0,1,2119,0,341,0,341
142016,Playing,4177920,11842,0,0,0,0,1,2122,0,341,15,341
142265,Playing,4179968,11847,0,0,0,0,1,2126,0,341,0,341
142514,Playing,4180992,11850,0,0,0,0,1,2129,93,341,93,341
142764,Playing,4146176,11752,0,0,0,0,1,2131,0,341,0,341
143013,Playing,4166656,11810,0,0,0,0,1,2135,0,341,0,341
143262,Playing,4167680,11813,0,0,0,0,1,2138,0,341,0,341
143511,Playing,4215808,11949,0,0,0,0,1,2143,0,341,0,341
143762,Playing,4208640,11929,0,0,0,0,1,2146,0,341,0,341
144012,Playing,4173824,11830,0,0,0,0,1,2148,0,341,0,341
144260,Playing,4202496,11911,0,0,0,0,1,2152,0,341,0,341
144509,Playing,4195328,11891,0,0,0,0,1,2155,0,341,0,341
144760,Playing,4169728,11818,0,0,0,0,1,2158,0,341,0,341
145009,Playing,4144128,11746,0,0,0,0,1,2163,0,341,0,341
145261,Playing,4117504,11670,0,0,0,0,1,2165,95,341,95,341
145514,Playing,4137984,11728,0,0,0,0,1,2169,91,341,91,341
145764,Playing,4158464,11787,0,0,0,0,1,2173,0,341,0,341
146012,Playing,4123648,11688,0,0,0,0,1,2175,94,341,94,341
146264,Playing,4144128,11746,0,0,0,0,1,2179,0,341,0,341
146515,Playing,4172800,11827,0,0,0,0,1,2183,11,341,11,341
146765,Playing,4165632,11807,0,0,0,0,1,2186,0,341,0,341
147014,Playing,4158464,11787,0,0,0,0,1,2189,96,341,96,341
147264,Playing,4123648,11688,0,0,0,0,1,2191,0,341,0,341
147514,Playing,4152320,11769,0,0,0,0,1,2195,0,341,0,341
147768,Playing,4135936,11723,0,0,0,0,1,2201,0,341,0,341
148016,Playing,4156416,11781,0,0,0,0,1,2205,14,341,14,341
148266,Playing,4066304,11525,0,0,0,0,1,2205,14,341,14,341
148519,Playing,4122624,11685,0,0,0,0,1,2210,0,341,0,341
148767,Playing,4115456,11665,0,0,0,0,1,2213,0,341,0,341
149018,Playing,4135936,11723,0,0,0,0,1,2217,92,341,92,341
149265,Playing,4109312,11647,0,0,0,0,1,2219,0,341,0,341
149513,Playing,4102144,11627,0,0,0,0,1,2222,98,341,98,341
149761,Playing,4094976,11607,0,0,0,0,1,2225,0,341,0,341
150012,Playing,4087808,11586,0,0,0,0,1,2228,0,341,0,341
150263,Playing,4088832,11589,0,0,0,0,1,2231,95,341,95,341
150513,Playing,4072448,11543,0,0,0,0,1,2237,0,341,0,341
150761,Playing,4065280,11522,0,0,0,0,1,2240,96,341,96,341
151015,Playing,4085760,11580,0,0,0,0,1,2244,93,341,93,341
151265,Playing,4086784,11583,0,0,0,0,1,2247,0,341,0,341
151515,Playing,4051968,11485,0,0,0,0,1,2249,0,341,0,341
151765,Playing,4072448,11543,0,0,0,0,1,2253,174,341,174,341
152012,Playing,4092928,11601,0,0,0,0,1,2257,0,341,0,341
152262,Playing,4066304,11525,0,0,0,0,1,2259,0,341,0,341
152513,Playing,4086784,11583,0,0,0,0,1,2263,0,341,0,341
152765,Playing,4079616,11563,0,0,0,0,1,2266,12,341,12,341
153014,Playing,4100096,11621,0,0,0,0,1,2270,0,341,0,341
153261,Playing,4073472,11546,0,0,0,0,1,2275,97,341,97,341
153509,Playing,4093952,11604,0,0,0,0,1,2279,0,341,0,341
153757,Playing,4031488,11427,0,0,0,0,1,2280,175,341,175,341
154006,Playing,4060160,11508,0,0,0,0,1,2284,95,341,95,341
154259,Playing,4080640,11566,0,0,0,0,1,2288,0,341,0,341
154507,Playing,4073472,11546,0,0,0,0,1,2291,15,341,15,341
154758,Playing,4066304,11525,0,0,0,0,1,2294,0,341,0,341
155007,Playing,4067328,11528,0,0,0,0,1,2297,2,341,2,341
155256,Playing,4060160,11508,0,0,0,0,1,2300,95,341,95,341
155507,Playing,4080640,11566,0,0,0,0,1,2304,91,341,91,341
155751,Playing,4054016,11490,0,0,0,0,1,2306,1,341,1,341
156002,Playing,4046848,11470,0,0,0,0,1,2312,0,341,13,341
156251,Playing,4039680,11450,0,0,0,0,1,2315,0,341,0,341
156502,Playing,3977216,11273,0,0,0,0,1,2316,95,341,95,341
156752,Playing,4033536,11432,0,0,0,0,1,2321,0,341,0,341
157002,Playing,4026368,11412,0,0,0,0,1,2324,1,341,1,341
157312,Playing,4030464,11424,0,0,0,0,1,2328,0,341,0,341
157561,Playing,4023296,11403,0,0,0,0,1,2331,0,341,0,341
157809,Playing,4016128,11383,0,0,0,0,1,2334,97,341,97,341
158057,Playing,4072448,11543,0,0,0,0,1,2339,0,341,0,341
158307,Playing,4037632,11444,0,0,0,0,1,2341,0,341,0,341
158556,Playing,4030464,11424,0,0,0,0,1,2344,0,341,0,341
158804,Playing,4031488,11427,0,0,0,0,1,2350,0,341,15,341
159050,Playing,4024320,11406,0,0,0,0,1,2353,0,341,0,341
159296,Playing,3997696,11331,0,0,0,0,1,2355,0,341,0,341
159542,Playing,3990528,11311,0,0,0,0,1,2358,174,341,175,341
159791,Playing,4011008,11369,0,0,0,0,1,2362,180,341,181,341
160041,Playing,3984384,11293,0,0,0,0,1,2364,1,341,1,341
160289,Playing,4004864,11351,0,0,0,0,1,2368,0,341,0,341
160539,Playing,3997696,11331,0,0,0,0,1,2371,159,341,159,341
160788,Playing,4026368,11412,0,0,0,0,1,2375,0,341,0,341
161036,Playing,3991552,11313,0,0,0,0,1,2377,0,341,0,341
161283,Playing,4012032,11371,0,0,0,0,1,2381,0,341,0,341
161532,Playing,4013056,11374,0,0,0,0,1,2384,0,341,0,341
161784,Playing,3978240,11276,0,0,0,0,1,2389,95,341,95,341
162034,Playing,3971072,11255,0,0,0,0,1,2392,0,341,0,341
162285,Playing,3963904,11235,0,0,0,0,1,2395,0,341,0,341
162533,Playing,3964928,11238,0,0,0,0,1,2398,95,341,95,341
162782,Playing,4013056,11374,0,0,0,0,1,2403,0,341,0,341
163030,Playing,3950592,11197,0,0,0,0,1,2404,97,341,97,341
163279,Playing,3979264,11279,0,0,0,0,1,2408,0,341,0,341
163526,Playing,3972096,11258,0,0,0,0,1,2411,0,341,0,341
163778,Playing,3992576,11316,0,0,0,0,1,2415,0,341,0,341
164024,Playing,3965952,11241,0,0,0,0,1,2417,0,341,0,341
164272,Playing,3958784,11221,0,0,0,0,1,2420,0,341,0,341
164527,Playing,3951616,11200,0,0,0,0,1,2426,95,341,95,341
164773,Playing,3980288,11281,0,0,0,0,1,2430,14,341,15,341
165023,Playing,3973120,11261,0,0,0,0,1,2433,0,341,0,341
165271,Playing,3993600,11319,0,0,0,0,1,2437,15,341,15,341
165519,Playing,3966976,11244,0,0,0,0,1,2439,0,341,0,341
165770,Playing,3959808,11223,0,0,0,0,1,2442,0,341,0,341
166018,Playing,3980288,11281,0,0,0,0,1,2446,94,341,94,341
166268,Playing,4008960,11363,0,0,0,0,1,2450,0,341,0,341
166516,Playing,3946496,11186,0,0,0,0,1,2451,178,341,178,341
166765,Playing,3966976,11244,0,0,0,0,1,2455,176,341,176,341
167017,Playing,3987456,11302,0,0,0,0,1,2459,0,341,0,341
167264,Playing,3933184,11148,0,0,0,0,1,2460,91,341,91,341
167517,Playing,3953664,11206,0,0,0,0,1,2467,12,341,12,341
167769,Playing,3946496,11186,0,0,0,0,1,2470,0,341,0,341
168019,Playing,3947520,11189,0,0,0,0,1,2473,15,341,15,341
168270,Playing,3940352,11168,0,0,0,0,1,2476,0,341,0,341
168521,Playing,3933184,11148,0,0,0,0,1,2479,0,341,0,341
168774,Playing,3926016,11128,0,0,0,0,1,2482,94,341,94,341
169023,Playing,3954688,11209,0,0,0,0,1,2486,0,341,0,341
169272,Playing,3892224,11032,0,0,0,0,1,2487,176,341,176,341
169523,Playing,3940352,11168,0,0,0,0,1,2492,0,341,0,341
169772,Playing,3960832,11226,0,0,0,0,1,2496,0,341,0,341
170020,Playing,3943424,11177,0,0,0,0,1,2501,0,341,13,341
170269,Playing,3917824,11104,0,0,0,0,1,2504,0,341,0,341
170517,Playing,3883008,11006,0,0,0,0,1,2506,0,341,0,341
170766,Playing,3884032,11009,0,0,0,0,1,2509,98,341,98,341
171014,Playing,3932160,11145,0,0,0,0,1,2514,0,341,0,341
171263,Playing,3952640,11203,0,0,0,0,1,2518,15,341,15,341
171511,Playing,3898368,11049,0,0,0,0,1,2519,175,341,175,341
171762,Playing,3891200,11029,0,0,0,0,1,2522,179,341,179,341
172015,Playing,3911680,11087,0,0,0,0,1,2526,95,341,95,341
172263,Playing,3904512,11067,0,0,0,0,1,2529,98,341,98,341
172512,Playing,3905536,11070,0,0,0,0,1,2532,0,341,0,341
172761,Playing,3898368,11049,0,0,0,0,1,2535,0,341,0,341
173013,Playing,3854336,10924,0,0,0,0,1,2540,1,341,1,341
173263,Playing,3910656,11084,0,0,0,0,1,2545,0,341,0,341
173514,Playing,3848192,10907,0,0,0,0,1,2546,175,341,175,341
173762,Playing,3868672,10965,0,0,0,0,1,2550,0,341,0,341
174012,Playing,3889152,11023,0,0,0,0,1,2554,0,341,0,341
174261,Playing,3890176,11026,0,0,0,0,1,2557,0,341,0,341
174509,Playing,3855360,10927,0,0,0,0,1,2559,0,341,0,341
174757,Playing,3875840,10985,0,0,0,0,1,2563,0,341,0,341
175006,Playing,3876864,10988,0,0,0,0,1,2566,171,341,172,341
175256,Playing,3897344,11046,0,0,0,0,1,2570,0,341,0,341
175507,Playing,3862528,10948,0,0,0,0,1,2572,0,341,0,341
175756,Playing,3845120,10898,0,0,0,0,1,2577,0,341,15,341
176005,Playing,3847168,10904,0,0,0,0,1,2581,0,341,0,341
176255,Playing,3867648,10962,0,0,0,0,1,2585,0,341,0,341
176504,Playing,3805184,10785,0,0,0,0,1,2586,96,341,96,341
176753,Playing,3833856,10866,0,0,0,0,1,2590,0,341,0,341
177001,Playing,3826688,10846,0,0,0,0,1,2593,0,341,0,341
177253,Playing,3874816,10983,0,0,0,0,1,2598,0,341,0,341
177561,Playing,3851264,10916,0,0,0,0,1,2601,0,341,0,341
177811,Playing,3844096,10895,0,0,0,0,1,2604,93,341,93,341
178060,Playing,3845120,10898,0,0,0,0,1,2607,0,341,0,341
178310,Playing,3837952,10878,0,0,0,0,1,2610,0,341,0,341
178560,Playing,3803136,10779,0,0,0,0,1,2615,0,341,14,341
178810,Playing,3795968,10759,0,0,0,0,1,2618,13,341,13,341
179060,Playing,3796992,10762,0,0,0,0,1,2621,0,341,0,341
179310,Playing,3789824,10742,0,0,0,0,1,2624,91,341,91,341
179559,Playing,3837952,10878,0,0,0,0,1,2629,0,341,0,341
179808,Playing,3811328,10803,0,0,0,0,1,2631,178,341,178,341
180059,Playing,3776512,10704,0,0,0,0,1,2633,92,341,92,341
180307,Playing,3796992,10762,0,0,0,0,1,2637,0,341,0,341
180557,Playing,3817472,10820,0,0,0,0,1,2641,0,341,0,341
180807,Playing,3818496,10823,0,0,0,0,1,2644,11,341,11,341
181056,Playing,3811328,10803,0,0,0,0,1,2647,92,341,93,341
181306,Playing,3804160,10782,0,0,0,0,1,2650,176,341,176,341
181557,Playing,3796992,10762,0,0,0,0,1,2656,0,341,0,341
181809,Playing,3825664,10843,0,0,0,0,1,2660,0,341,0,341
182058,Playing,3763200,10666,0,0,0,0,1,2661,177,341,177,341
182310,Playing,3811328,10803,0,0,0,0,1,2666,0,341,0,341
182558,Playing,3812352,10805,0,0,0,0,1,2669,0,341,0,341
182807,Playing,3805184,10785,0,0,0,0,1,2672,0,341,0,341
183060,Playing,3770368,10686,0,0,0,0,1,2674,0,341,0,341
183306,Playing,3790848,10745,0,0,0,0,1,2678,0,341,0,341
183553,Playing,3764224,10669,0,0,0,0,1,2680,0,341,0,341
183801,Playing,3757056,10649,0,0,0,0,1,2683,0,341,0,341
184054,Playing,3777536,10707,0,0,0,0,1,2687,0,341,0,341
184307,Playing,3770368,10686,0,0,0,0,1,2693,2,341,2,341
184559,Playing,3771392,10689,0,0,0,0,1,2696,0,341,0,341
184811,Playing,3736576,10591,0,0,0,0,1,2698,0,341,0,341
185060,Playing,3757056,10649,0,0,0,0,1,2702,0,341,0,341
185310,Playing,3749888,10628,0,0,0,0,1,2705,0,341,0,341
185559,Playing,3750912,10631,0,0,0,0,1,2708,95,341,95,341
185807,Playing,3743744,10611,0,0,0,0,1,2711,0,341,0,341
186056,Playing,3736576,10591,0,0,0,0,1,2714,95,341,95,341
186305,Playing,3765248,10672,0,0,0,0,1,2718,0,341,0,341
186554,Playing,3758080,10652,0,0,0,0,1,2721,0,341,0,341
186805,Playing,3723264,10553,0,0,0,0,1,2723,0,341,0,341
187053,Playing,3724288,10556,0,0,0,0,1,2729,0,341,0,341
187303,Playing,3744768,10614,0,0,0,0,1,2733,0,341,0,341
187552,Playing,3737600,10594,0,0,0,0,1,2736,0,341,0,341
187800,Playing,3730432,10573,0,0,0,0,1,2739,97,341,97,341
188051,Playing,3703808,10498,0,0,0,0,1,2741,0,341,0,341
188300,Playing,3724288,10556,0,0,0,0,1,2745,0,341,0,341
188549,Playing,3744768,10614,0,0,0,0,1,2749,0,341,0,341
188798,Playing,3773440,10695,0,0,0,0,1,2753,15,341,15,341
189048,Playing,3766272,10675,0,0,0,0,1,2756,0,341,0,341
189297,Playing,3786752,10733,0,0,0,0,1,2760,0,341,0,341
189547,Playing,3724288,10556,0,0,0,0,1,2761,179,341,179,341
189794,Playing,3725312,10559,0,0,0,0,1,2767,0,341,0,341
190042,Playing,3718144,10538,0,0,0,0,1,2770,175,341,175,341
190291,Playing,3691520,10463,0,0,0,0,1,2772,0,341,0,341
190539,Playing,3712000,10521,0,0,0,0,1,2776,175,341,175,341
190789,Playing,3732480,10579,0,0,0,0,1,2780,0,341,0,341
191038,Playing,3725312,10559,0,0,0,0,1,2783,0,341,0,341
191289,Playing,3698688,10483,0,0,0,0,1,2785,0,341,0,341
191536,Playing,3719168,10541,0,0,0,0,1,2789,0,341,0,341
191789,Playing,3712000,10521,0,0,0,0,1,2792,0,341,0,341
192038,Playing,3713024,10524,0,0,0,0,1,2795,14,341,14,341
192287,Playing,3678208,10425,0,0,0,0,1,2797,93,341,93,341
192536,Playing,3698688,10483,0,0,0,0,1,2801,92,341,92,341
192784,Playing,3699712,10486,0,0,0,0,1,2807,15,341,16,341
193038,Playing,3720192,10544,0,0,0,0,1,2811,0,341,0,341
193285,Playing,3713024,10524,0,0,0,0,1,2814,0,341,0,341
193536,Playing,3678208,10425,0,0,0,0,1,2816,0,341,0,341
193784,Playing,3679232,10428,0,0,0,0,1,2819,93,341,93,341
194032,Playing,3699712,10486,0,0,0,0,1,2823,0,341,0,341
194283,Playing,3692544,10466,0,0,0,0,1,2826,93,341,93,341
194532,Playing,3657728,10367,0,0,0,0,1,2828,0,341,0,341
194784,Playing,3686400,10448,0,0,0,0,1,2832,95,341,95,341
195032,Playing,3706880,10507,0,0,0,0,1,2836,0,341,0,341
195283,Playing,3699712,10486,0,0,0,0,1,2839,94,341,95,341
195531,Playing,3691520,10463,0,0,0,0,1,2845,16,341,16,341
195780,Playing,3656704,10364,0,0,0,0,1,2847,0,341,0,341
196030,Playing,3649536,10344,0,0,0,0,1,2850,174,341,174,341
196281,Playing,3670016,10402,0,0,0,0,1,2854,0,341,0,341
196534,Playing,3690496,10460,0,0,0,0,1,2858,0,341,0,341
196782,Playing,3663872,10385,0,0,0,0,1,2860,0,341,0,341
197034,Playing,3656704,10364,0,0,0,0,1,2863,0,341,0,341
197282,Playing,3677184,10422,0,0,0,0,1,2867,0,341,0,341
197532,Playing,3678208,10425,0,0,0,0,1,2870,0,341,0,341
197781,Playing,3643392,10327,0,0,0,0,1,2872,0,341,0,341
198030,Playing,3663872,10385,0,0,0,0,1,2876,0,341,0,341
198277,Playing,3647488,10338,0,0,0,0,1,2882,0,341,0,341
198528,Playing,3648512,10341,0,0,0,0,1,2885,0,341,0,341
198777,Playing,3586048,10164,0,0,0,0,1,2886,178,341,178,341
199030,Playing,3634176,10300,0,0,0,0,1,2891,0,341,0,341
199277,Playing,3627008,10280,0,0,0,0,1,2894,0,341,0,341
199527,Playing,3655680,10361,0,0,0,0,1,2898,0,341,0,341
199776,Playing,3620864,10263,0,0,0,0,1,2900,0,341,0,341
200024,Playing,3613696,10242,0,0,0,0,1,2903,0,341,0,341
200271,Playing,3614720,10245,0,0,0,0,1,2906,0,341,0,341
200523,Playing,3635200,10303,0,0,0,0,1,2910,0,341,0,341
200772,Playing,3600384,10205,0,0,0,0,1,2912,0,341,0,341
201020,Playing,3593216,10184,0,0,0,0,1,2915,97,341,97,341
201269,Playing,3585024,10161,0,0,0,0,1,2921,95,341,95,341
201519,Playing,3605504,10219,0,0,0,0,1,2925,0,341,0,341
201768,Playing,3543040,10042,0,0,0,0,1,2926,177,341,177,341
202017,Playing,3571712,10123,0,0,0,0,1,2930,0,341,0,341
202268,Playing,3592192,10181,0,0,0,0,1,2934,0,341,0,341
202518,Playing,3585024,10161,0,0,0,0,1,2937,96,341,96,341
202767,Playing,3577856,10141,0,0,0,0,1,2940,0,341,0,341
203018,Playing,3578880,10144,0,0,0,0,1,2943,0,341,0,341
203266,Playing,3571712,10123,0,0,0,0,1,2946,98,341,98,341
203516,Playing,3592192,10181,0,0,0,0,1,2950,0,341,0,341
203764,Playing,3565568,10106,0,0,0,0,1,2952,0,341,0,341
204015,Playing,3530752,10007,0,0,0,0,1,2957,98,341,98,341
204265,Playing,3578880,10144,0,0,0,0,1,2962,16,341,16,341
204513,Playing,3571712,10123,0,0,0,0,1,2965,0,341,0,341
204763,Playing,3545088,10048,0,0,0,0,1,2967,0,341,0,341
205015,Playing,3537920,10028,0,0,0,0,1,2970,0,341,0,341
205264,Playing,3558400,10086,0,0,0,0,1,2974,0,341,0,341
205513,Playing,3551232,10065,0,0,0,0,1,2977,95,341,95,341
205762,Playing,3524608,9990,0,0,0,0,1,2979,0,341,0,341
206011,Playing,3545088,10048,0,0,0,0,1,2983,93,341,93,341
206262,Playing,3565568,10106,0,0,0,0,1,2987,0,341,0,341
206511,Playing,3566592,10109,0,0,0,0,1,2990,93,341,93,341
206761,Playing,3531776,10010,0,0,0,0,1,2995,93,341,93,341
207010,Playing,3552256,10068,0,0,0,0,1,2999,95,341,95,341
207261,Playing,3517440,9970,0,0,0,0,1,3001,0,341,0,341
207509,Playing,3546112,10051,0,0,0,0,1,3005,177,341,177,341
207756,Playing,3538944,10031,0,0,0,0,1,3008,176,341,176,341
208006,Playing,3559424,10089,0,0,0,0,1,3012,0,341,0,341
208254,Playing,3532800,10013,0,0,0,0,1,3014,0,341,0,341
208505,Playing,3553280,10071,0,0,0,0,1,3018,0,341,0,341
208754,Playing,3546112,10051,0,0,0,0,1,3021,0,341,0,341
209005,Playing,3566592,10109,0,0,0,0,1,3025,0,341,0,341
209255,Playing,3539968,10033,0,0,0,0,1,3027,0,341,0,341
209506,Playing,3505152,9935,0,0,0,0,1,3032,0,341,15,341
209756,Playing,3525632,9993,0,0,0,0,1,3036,0,341,0,341
210007,Playing,3546112,10051,0,0,0,0,1,3040,0,341,0,341
210255,Playing,3464192,9819,0,0,0,0,1,3040,0,341,0,341
210506,Playing,3539968,10033,0,0,0,0,1,3046,0,341,0,341
210755,Playing,3532800,10013,0,0,0,0,1,3049,0,341,0,341
211003,Playing,3525632,9993,0,0,0,0,1,3052,94,341,94,341
211254,Playing,3499008,9917,0,0,0,0,1,3054,0,341,0,341
211502,Playing,3491840,9897,0,0,0,0,1,3057,175,341,175,341
211752,Playing,3539968,10033,0,0,0,0,1,3062,0,341,0,341
212001,Playing,3540992,10036,0,0,0,0,1,3065,0,341,0,341
212252,Playing,3496960,9912,0,0,0,0,1,3067,94,341,94,341
212501,Playing,3471360,9839,0,0,0,0,1,3072,176,341,176,341
212752,Playing,3491840,9897,0,0,0,0,1,3076,0,341,0,341
213005,Playing,3484672,9877,0,0,0,0,1,3079,97,341,97,341
213252,Playing,3458048,9801,0,0,0,0,1,3081,0,341,0,341
213502,Playing,3478528,9859,0,0,0,0,1,3085,0,341,0,341
213750,Playing,3471360,9839,0,0,0,0,1,3088,178,341,178,341
214003,Playing,3491840,9897,0,0,0,0,1,3092,178,341,178,341
214253,Playing,3437568,9743,0,0,0,0,1,3093,96,341,96,341
214505,Playing,3485696,9880,0,0,0,0,1,3098,0,341,0,341
214755,Playing,3478528,9859,0,0,0,0,1,3101,0,341,0,341
215001,Playing,3497984,9914,0,0,0,0,1,3107,0,341,13,341
215311,Playing,3447808,9772,0,0,0,0,1,3110,178,341,178,341
215561,Playing,3468288,9830,0,0,0,0,1,3114,178,341,178,341
215809,Playing,3441664,9755,0,0,0,0,1,3116,0,341,0,341
216059,Playing,3462144,9813,0,0,0,0,1,3120,0,341,0,341
216308,Playing,3454976,9793,0,0,0,0,1,3123,0,341,0,341
216557,Playing,3483648,9874,0,0,0,0,1,3127,0,341,0,341
216806,Playing,3448832,9775,0,0,0,0,1,3129,0,341,0,341
217055,Playing,3469312,9833,0,0,0,0,1,3133,0,341,0,341
217307,Playing,3434496,9734,0,0,0,0,1,3135,178,341,178,341
217556,Playing,3463168,9816,0,0,0,0,1,3139,176,341,176,341
217805,Playing,3428352,9717,0,0,0,0,1,3141,0,341,0,341
218053,Playing,3421184,9697,0,0,0,0,1,3147,0,341,0,341
218305,Playing,3441664,9755,0,0,0,0,1,3151,0,341,0,341
218555,Playing,3470336,9836,0,0,0,0,1,3155,0,341,0,341
218806,Playing,3407872,9659,0,0,0,0,1,3156,97,341,97,341
219056,Playing,3428352,9717,0,0,0,0,1,3160,0,341,0,341
219304,Playing,3421184,9697,0,0,0,0,1,3163,0,341,0,341
219553,Playing,3449856,9778,0,0,0,0,1,3167,0,341,0,341
219804,Playing,3387392,9601,0,0,0,0,1,3168,94,341,94,341
220053,Playing,3407872,9659,0,0,0,0,1,3172,0,341,0,341
220303,Playing,3436544,9740,0,0,0,0,1,3176,176,341,176,341
220553,Playing,3457024,9798,0,0,0,0,1,3180,0,341,0,341
220803,Playing,3385344,9595,0,0,0,0,1,3184,2,341,2,341
221051,Playing,3378176,9575,0,0,0,0,1,3187,0,341,0,341
221298,Playing,3406848,9656,0,0,0,0,1,3191,0,341,0,341
221547,Playing,3399680,9636,0,0,0,0,1,3194,0,341,0,341
221799,Playing,3364864,9537,0,0,0,0,1,3196,0,341,0,341
222048,Playing,3365888,9540,0,0,0,0,1,3199,96,341,96,341
222296,Playing,3386368,9598,0,0,0,0,1,3203,96,341,96,341
222546,Playing,3406848,9656,0,0,0,0,1,3207,0,341,0,341
222796,Playing,3344384,9479,0,0,0,0,1,3208,175,341,175,341
223048,Playing,3364864,9537,0,0,0,0,1,3212,93,341,93,341
223295,Playing,3393536,9618,0,0,0,0,1,3216,0,341,0,341
223543,Playing,3367936,9546,0,0,0,0,1,3221,0,341,13,341
223794,Playing,3369984,9552,0,0,0,0,1,3225,96,341,96,341
224042,Playing,3398656,9633,0,0,0,0,1,3229,15,341,15,341
224291,Playing,3336192,9456,0,0,0,0,1,3230,174,341,174,341
224542,Playing,3356672,9514,0,0,0,0,1,3234,174,341,174,341
224791,Playing,3377152,9572,0,0,0,0,1,3238,0,341,0,341
225041,Playing,3378176,9575,0,0,0,0,1,3241,0,341,0,341
225291,Playing,3371008,9555,0,0,0,0,1,3244,0,341,0,341
225540,Playing,3363840,9534,0,0,0,0,1,3247,0,341,0,341
225786,Playing,3337216,9459,0,0,0,0,1,3249,0,341,0,341
226034,Playing,3357696,9517,0,0,0,0,1,3253,0,341,0,341
226284,Playing,3350528,9496,0,0,0,0,1,3256,0,341,0,341
226534,Playing,3334144,9450,0,0,0,0,1,3262,98,341,98,341
226784,Playing,3335168,9453,0,0,0,0,1,3265,0,341,0,341
227033,Playing,3355648,9511,0,0,0,0,1,3269,13,341,13,341
227281,Playing,3320832,9412,0,0,0,0,1,3271,0,341,0,341
227533,Playing,3313664,9392,0,0,0,0,1,3274,0,341,0,341
227781,Playing,3342336,9473,0,0,0,0,1,3278,0,341,0,341
228031,Playing,3362816,9531,0,0,0,0,1,3282,0,341,0,341
228280,Playing,3300352,9354,0,0,0,0,1,3283,175,341,175,341
228530,Playing,3320832,9412,0,0,0,0,1,3287,97,341,97,341
228779,Playing,3349504,9494,0,0,0,0,1,3291,0,341,0,341
229031,Playing,3342336,9473,0,0,0,0,1,3294,0,341,0,341
229279,Playing,3279872,9296,0,0,0,0,1,3298,0,341,0,341
229531,Playing,3300352,9354,0,0,0,0,1,3302,0,341,0,341
229781,Playing,3301376,9357,0,0,0,0,1,3305,0,341,0,341
230028,Playing,3294208,9337,0,0,0,0,1,3308,94,341,94,341
230279,Playing,3287040,9317,0,0,0,0,1,3311,0,341,0,341
230528,Playing,3288064,9319,0,0,0,0,1,3314,176,341,176,341
230776,Playing,3308544,9377,0,0,0,0,1,3318,0,341,0,341
231026,Playing,3329024,9436,0,0,0,0,1,3322,0,341,0,341
231274,Playing,3294208,9337,0,0,0,0,1,3324,94,341,94,341
231523,Playing,3295232,9340,0,0,0,0,1,3327,0,341,0,341
231774,Playing,3315712,9398,0,0,0,0,1,3331,0,341,0,341
232023,Playing,3280896,9299,0,0,0,0,1,3336,0,341,0,341
232272,Playing,3254272,9224,0,0,0,0,1,3338,0,341,0,341
232522,Playing,3274752,9282,0,0,0,0,1,3342,0,341,0,341
232776,Playing,3267584,9261,0,0,0,0,1,3345,0,341,0,341
233025,Playing,3288064,9319,0,0,0,0,1,3349,0,341,0,341
233271,Playing,3289088,9322,0,0,0,0,1,3352,0,341,0,341
233523,Playing,3254272,9224,0,0,0,0,1,3354,13,341,13,341
233773,Playing,3247104,9203,0,0,0,0,1,3357,94,341,94,341
234025,Playing,3295232,9340,0,0,0,0,1,3362,0,341,0,341
234272,Playing,3296256,9343,0,0,0,0,1,3365,0,341,0,341
234524,Playing,3261440,9244,0,0,0,0,1,3367,18,341,18,341
234772,Playing,3254272,9224,0,0,0,0,1,3370,101,341,101,341
235021,Playing,3255296,9227,0,0,0,0,1,3376,0,341,0,341
235271,Playing,3248128,9206,0,0,0,0,1,3379,95,341,95,341
235522,Playing,3240960,9186,0,0,0,0,1,3382,0,341,0,341
235772,Playing,3233792,9166,0,0,0,0,1,3385,96,341,96,341
236019,Playing,3262464,9247,0,0,0,0,1,3389,0,341,0,341
236268,Playing,3255296,9227,0,0,0,0,1,3392,0,341,0,341
236520,Playing,3220480,9128,0,0,0,0,1,3394,0,341,0,341
236769,Playing,3240960,9186,0,0,0,0,1,3398,0,341,0,341
237018,Playing,3241984,9189,0,0,0,0,1,3401,0,341,0,341
237268,Playing,3234816,9168,0,0,0,0,1,3404,2,341,2,341
237519,Playing,3227648,9148,0,0,0,0,1,3407,0,341,0,341
237782,Playing,3192832,9049,0,0,0,0,1,3412,97,341,97,341
238031,Playing,3213312,9108,0,0,0,0,1,3416,0,341,0,341
238281,Playing,3206144,9087,0,0,0,0,1,3419,0,341,0,341
238531,Playing,3234816,9168,0,0,0,0,1,3423,93,341,93,341
238783,Playing,3227648,9148,0,0,0,0,1,3426,96,341,96,341
239031,Playing,3220480,9128,0,0,0,0,1,3429,0,341,0,341
239282,Playing,3213312,9108,0,0,0,0,1,3432,96,341,96,341
239531,Playing,3241984,9189,0,0,0,0,1,3436,14,341,15,341
239780,Playing,3234816,9168,0,0,0,0,1,3439,98,341,98,341
240032,Playing,3227648,9148,0,0,0,0,1,3442,0,341,0,341
240284,Playing,3220480,9128,0,0,0,0,1,3445,0,341,0,341
240535,Playing,3213312,9108,0,0,0,0,1,3451,0,341,0,341
240783,Playing,3186688,9032,0,0,0,0,1,3453,14,341,14,341
241032,Playing,3179520,9012,0,0,0,0,1,3456,0,341,0,341
241280,Playing,3172352,8991,0,0,0,0,1,3459,94,341,94,341
241532,Playing,3201024,9073,0,0,0,0,1,3463,0,341,0,341
241779,Playing,3166208,8974,0,0,0,0,1,3465,0,341,0,341
242028,Playing,3186688,9032,0,0,0,0,1,3469,15,341,15,341
242277,Playing,3187712,9035,0,0,0,0,1,3472,99,341,99,341
242527,Playing,3208192,9093,0,0,0,0,1,3476,0,341,0,341
242778,Playing,3173376,8994,0,0,0,0,1,3478,0,341,0,341
243029,Playing,3166208,8974,0,0,0,0,1,3481,0,341,0,341
243279,Playing,3167232,8977,0,0,0,0,1,3487,0,341,0,341
243527,Playing,3160064,8957,0,0,0,0,1,3490,94,341,94,341
243778,Playing,3180544,9015,0,0,0,0,1,3494,93,341,93,341
244027,Playing,3118080,8838,0,0,0,0,1,3495,176,341,176,341
244279,Playing,3174400,8997,0,0,0,0,1,3500,0,341,0,341
244531,Playing,3167232,8977,0,0,0,0,1,3503,0,341,0,341
244784,Playing,3187712,9035,0,0,0,0,1,3507,0,341,0,341
245033,Playing,3180544,9015,0,0,0,0,1,3510,15,341,15,341
245285,Playing,3201024,9073,0,0,0,0,1,3514,91,341,91,341
245534,Playing,3146752,8919,0,0,0,0,1,3515,174,341,174,341
245782,Playing,3167232,8977,0,0,0,0,1,3519,94,341,94,341
246029,Playing,3150848,8930,0,0,0,0,1,3525,0,341,0,341
246280,Playing,3179520,9012,0,0,0,0,1,3529,0,341,0,341
246531,Playing,3144704,8913,0,0,0,0,1,3531,0,341,0,341
246779,Playing,3165184,8971,0,0,0,0,1,3535,0,341,0,341
247029,Playing,3130368,8872,0,0,0,0,1,3537,94,341,94,341
247278,Playing,3159040,8954,0,0,0,0,1,3541,95,341,95,341
247527,Playing,3124224,8855,0,0,0,0,1,3543,0,341,0,341
247778,Playing,3117056,8835,0,0,0,0,1,3546,179,341,179,341
248028,Playing,3137536,8893,0,0,0,0,1,3550,0,341,0,341
248277,Playing,3166208,8974,0,0,0,0,1,3554,0,341,0,341
248528,Playing,3131392,8875,0,0,0,0,1,3556,0,341,0,341
248775,Playing,3133440,8881,0,0,0,0,1,3562,0,341,14,341
249025,Playing,3116032,8832,0,0,0,0,1,3565,0,341,0,341
249274,Playing,3108864,8811,0,0,0,0,1,3568,97,341,97,341
249524,Playing,3101696,8791,0,0,0,0,1,3571,0,341,0,341
249771,Playing,3094528,8771,0,0,0,0,1,3574,0,341,0,341
250020,Playing,3095552,8774,0,0,0,0,1,3577,176,341,176,341
250271,Playing,3143680,8910,0,0,0,0,1,3582,0,341,0,341
250518,Playing,3081216,8733,0,0,0,0,1,3583,175,341,175,341
250766,Playing,3109888,8814,0,0,0,0,1,3587,0,341,0,341
251016,Playing,3130368,8872,0,0,0,0,1,3591,0,341,0,341
251269,Playing,3123200,8852,0,0,0,0,1,3594,0,341,0,341
251518,Playing,3088384,8753,0,0,0,0,1,3596,0,341,0,341
251764,Playing,3052544,8652,0,0,0,0,1,3601,0,341,0,341
252014,Playing,3073024,8710,0,0,0,0,1,3605,0,341,0,341
252262,Playing,3093504,8768,0,0,0,0,1,3609,0,341,0,341
252509,Playing,3039232,8614,0,0,0,0,1,3610,97,341,97,341
252758,Playing,3059712,8672,0,0,0,0,1,3614,0,341,0,341
253007,Playing,3080192,8730,0,0,0,0,1,3618,0,341,0,341
253256,Playing,3081216,8733,0,0,0,0,1,3621,0,341,0,341
253506,Playing,3046400,8634,0,0,0,0,1,3623,0,341,0,341
253756,Playing,3066880,8692,0,0,0,0,1,3627,0,341,0,341
254004,Playing,3059712,8672,0,0,0,0,1,3630,179,341,179,341
254252,Playing,3088384,8753,0,0,0,0,1,3634,0,341,0,341
254502,Playing,3025920,8576,0,0,0,0,1,3638,0,341,13,341
254752,Playing,3018752,8556,0,0,0,0,1,3641,95,341,95,341
255004,Playing,3047424,8637,0,0,0,0,1,3645,16,341,16,341
255253,Playing,3067904,8695,0,0,0,0,1,3649,12,341,12,341
255502,Playing,3060736,8675,0,0,0,0,1,3652,92,341,93,341
255753,Playing,2998272,8498,0,0,0,0,1,3653,179,341,179,341
256002,Playing,3054592,8658,0,0,0,0,1,3658,0,341,0,341
256253,Playing,3047424,8637,0,0,0,0,1,3661,92,341,93,341
256561,Playing,3051520,8649,0,0,0,0,1,3665,0,341,0,341
256809,Playing,3044352,8629,0,0,0,0,1,3668,14,341,14,341
257058,Playing,3064832,8687,0,0,0,0,1,3672,93,341,93,341
257307,Playing,3002368,8510,0,0,0,0,1,3673,174,341,174,341
257557,Playing,3031040,8591,0,0,0,0,1,3680,0,341,0,341
257806,Playing,3023872,8571,0,0,0,0,1,3683,98,341,98,341
258057,Playing,3044352,8629,0,0,0,0,1,3687,0,341,0,341
258309,Playing,2981888,8452,0,0,0,0,1,3688,176,341,176,341
258558,Playing,3010560,8533,0,0,0,0,1,3692,95,341,95,341
258807,Playing,3031040,8591,0,0,0,0,1,3696,0,341,0,341
259055,Playing,3051520,8649,0,0,0,0,1,3700,0,341,0,341
259304,Playing,2989056,8472,0,0,0,0,1,3701,176,341,176,341
259553,Playing,3017728,8553,0,0,0,0,1,3705,0,341,0,341
259802,Playing,3010560,8533,0,0,0,0,1,3708,175,341,175,341
260050,Playing,3003392,8513,0,0,0,0,1,3711,14,341,14,341
260299,Playing,2976768,8437,0,0,0,0,1,3716,0,341,0,341
260548,Playing,2969600,8417,0,0,0,0,1,3719,0,341,0,341
260798,Playing,3017728,8553,0,0,0,0,1,3724,16,341,16,341
261048,Playing,3010560,8533,0,0,0,0,1,3727,0,341,0,341
261301,Playing,3011584,8536,0,0,0,0,1,3730,92,341,92,341
261545,Playing,3004416,8515,0,0,0,0,1,3733,0,341,0,341
261797,Playing,2997248,8495,0,0,0,0,1,3736,2,341,2,341
262046,Playing,2998272,8498,0,0,0,0,1,3739,94,341,94,341
262296,Playing,2991104,8478,0,0,0,0,1,3742,0,341,0,341
262545,Playing,2983936,8457,0,0,0,0,1,3745,0,341,0,341
262795,Playing,2976768,8437,0,0,0,0,1,3748,96,341,96,341
263044,Playing,2977792,8440,0,0,0,0,1,3754,0,341,0,341
263296,Playing,2970624,8420,0,0,0,0,1,3757,95,341,95,341
263546,Playing,2963456,8399,0,0,0,0,1,3760,0,341,0,341
263798,Playing,2983936,8457,0,0,0,0,1,3764,0,341,0,341
264051,Playing,2984960,8460,0,0,0,0,1,3767,0,341,0,341
264300,Playing,2977792,8440,0,0,0,0,1,3770,94,341,94,341
264552,Playing,2942976,8341,0,0,0,0,1,3772,0,341,0,341
264805,Playing,2935808,8321,0,0,0,0,1,3775,92,341,92,341
265054,Playing,2956288,8379,0,0,0,0,1,3779,0,341,0,341
265306,Playing,2929664,8304,0,0,0,0,1,3781,0,341,0,341
265557,Playing,2950144,8362,0,0,0,0,1,3785,95,341,95,341
265808,Playing,2942976,8341,0,0,0,0,1,3791,0,341,0,341
266063,Playing,2935808,8321,0,0,0,0,1,3794,0,341,0,341
266251,Playing,2925568,8292,0,0,0,0,1,3796,0,341,0,341
266502,Playing,2918400,8272,0,0,0,0,1,3799,0,341,0,341
266751,Playing,2938880,8330,0,0,0,0,1,3803,173,341,173,341
267001,Playing,2939904,8333,0,0,0,0,1,3806,175,341,175,341
267311,Playing,2963456,8399,0,0,0,0,1,3811,0,341,0,341
267561,Playing,2964480,8402,0,0,0,0,1,3814,0,341,0,341
267811,Playing,2929664,8304,0,0,0,0,1,3816,0,341,0,341
268060,Playing,2922496,8283,0,0,0,0,1,3819,0,341,0,341
268312,Playing,2942976,8341,0,0,0,0,1,3823,0,341,0,341
268559,Playing,2916352,8266,0,0,0,0,1,3828,96,341,96,341
268808,Playing,2909184,8245,0,0,0,0,1,3831,0,341,0,341
269057,Playing,2874368,8147,0,0,0,0,1,3833,177,341,177,341
269305,Playing,2903040,8228,0,0,0,0,1,3837,176,341,177,341
269554,Playing,2868224,8129,0,0,0,0,1,3839,12,341,12,341
269801,Playing,2888704,8187,0,0,0,0,1,3843,94,341,94,341
270051,Playing,2881536,8167,0,0,0,0,1,3846,177,341,177,341
270301,Playing,2937856,8327,0,0,0,0,1,3851,0,341,0,341
270549,Playing,2903040,8228,0,0,0,0,1,3853,0,341,0,341
270800,Playing,2895872,8208,0,0,0,0,1,3856,0,341,0,341
271048,Playing,2896896,8211,0,0,0,0,1,3859,175,341,175,341
271296,Playing,2898944,8216,0,0,0,0,1,3865,0,341,14,341
271546,Playing,2845696,8066,0,0,0,0,1,3867,0,341,0,341
271796,Playing,2838528,8045,0,0,0,0,1,3870,14,341,14,341
272046,Playing,2867200,8126,0,0,0,0,1,3874,93,341,93,341
272296,Playing,2887680,8185,0,0,0,0,1,3878,0,341,0,341
272545,Playing,2852864,8086,0,0,0,0,1,3880,0,341,0,341
272795,Playing,2881536,8167,0,0,0,0,1,3884,0,341,0,341
273046,Playing,2874368,8147,0,0,0,0,1,3887,0,341,0,341
273295,Playing,2867200,8126,0,0,0,0,1,3890,0,341,0,341
273544,Playing,2887680,8185,0,0,0,0,1,3894,177,341,177,341
273793,Playing,2833408,8031,0,0,0,0,1,3895,97,341,97,341
274043,Playing,2853888,8089,0,0,0,0,1,3899,176,341,176,341
274290,Playing,2837504,8042,0,0,0,0,1,3905,0,341,0,341
274541,Playing,2802688,7944,0,0,0,0,1,3907,0,341,0,341
274789,Playing,2803712,7947,0,0,0,0,1,3910,94,341,94,341
275039,Playing,2851840,8083,0,0,0,0,1,3915,0,341,0,341
275285,Playing,2844672,8063,0,0,0,0,1,3918,0,341,0,341
275533,Playing,2845696,8066,0,0,0,0,1,3921,98,341,98,341
275786,Playing,2810880,7967,0,0,0,0,1,3923,0,341,0,341
276036,Playing,2803712,7947,0,0,0,0,1,3926,96,341,96,341
276282,Playing,2832384,8028,0,0,0,0,1,3930,174,341,174,341
276532,Playing,2797568,7929,0,0,0,0,1,3932,0,341,0,341
276780,Playing,2790400,7909,0,0,0,0,1,3935,95,341,95,341
277029,Playing,2809856,7964,0,0,0,0,1,3942,0,341,0,341
277280,Playing,2802688,7944,0,0,0,0,1,3945,93,341,93,341
277529,Playing,2823168,8002,0,0,0,0,1,3949,0,341,0,341
277777,Playing,2816000,7981,0,0,0,0,1,3952,0,341,0,341
278029,Playing,2836480,8039,0,0,0,0,1,3956,0,341,0,341
278280,Playing,2782208,7886,0,0,0,0,1,3957,176,341,176,341
278533,Playing,2830336,8022,0,0,0,0,1,3962,0,341,0,341
278779,Playing,2823168,8002,0,0,0,0,1,3965,0,341,0,341
279027,Playing,2824192,8005,0,0,0,0,1,3968,94,341,94,341
279276,Playing,2789376,7906,0,0,0,0,1,3970,0,341,0,341
279528,Playing,2809856,7964,0,0,0,0,1,3974,0,341,0,341
279777,Playing,2775040,7865,0,0,0,0,1,3979,0,341,14,341
280026,Playing,2831360,8025,0,0,0,0,1,3984,0,341,0,341
280276,Playing,2768896,7848,0,0,0,0,1,3985,174,341,174,341
280526,Playing,2789376,7906,0,0,0,0,1,3989,0,341,0,341
280776,Playing,2809856,7964,0,0,0,0,1,3993,0,341,0,341
281027,Playing,2802688,7944,0,0,0,0,1,3996,0,341,0,341
281280,Playing,2776064,7868,0,0,0,0,1,3998,0,341,0,341
281532,Playing,2768896,7848,0,0,0,0,1,4001,0,341,0,341
281782,Playing,2789376,7906,0,0,0,0,1,4005,0,341,0,341
282030,Playing,2809856,7964,0,0,0,0,1,4009,0,341,0,341
282279,Playing,2755584,7810,0,0,0,0,1,4010,173,341,173,341
282529,Playing,2776064,7868,0,0,0,0,1,4014,0,341,0,341
282780,Playing,2768896,7848,0,0,0,0,1,4020,0,341,0,341
283030,Playing,2761728,7828,0,0,0,0,1,4023,0,341,0,341
283278,Playing,2735104,7752,0,0,0,0,1,4025,0,341,0,341
283527,Playing,2755584,7810,0,0,0,0,1,4029,0,341,0,341
283776,Playing,2748416,7790,0,0,0,0,1,4032,0,341,0,341
284025,Playing,2777088,7871,0,0,0,0,1,4036,0,341,0,341
284274,Playing,2742272,7772,0,0,0,0,1,4038,0,341,0,341
284523,Playing,2735104,7752,0,0,0,0,1,4041,0,341,0,341
284771,Playing,2755584,7810,0,0,0,0,1,4045,0,341,0,341
285022,Playing,2784256,7891,0,0,0,0,1,4049,0,341,0,341
285271,Playing,2721792,7714,0,0,0,0,1,4050,173,341,173,341
285521,Playing,2714624,7694,0,0,0,0,1,4056,0,341,0,341
285771,Playing,2735104,7752,0,0,0,0,1,4060,0,341,0,341
286019,Playing,2680832,7598,0,0,0,0,1,4061,98,341,98,341
286270,Playing,2701312,7656,0,0,0,0,1,4065,0,341,0,341
286521,Playing,2694144,7636,0,0,0,0,1,4068,95,341,95,341
286771,Playing,2722816,7717,0,0,0,0,1,4072,174,341,174,341
287021,Playing,2743296,7775,0,0,0,0,1,4076,0,341,0,341
287270,Playing,2680832,7598,0,0,0,0,1,4077,93,341,93,341
287519,Playing,2701312,7656,0,0,0,0,1,4081,96,341,96,341
287768,Playing,2729984,7738,0,0,0,0,1,4085,0,341,0,341
288019,Playing,2722816,7717,0,0,0,0,1,4088,0,341,0,341
288271,Playing,2688000,7619,0,0,0,0,1,4093,0,341,0,341
288517,Playing,2680832,7598,0,0,0,0,1,4096,0,341,0,341
288769,Playing,2681856,7601,0,0,0,0,1,4099,97,341,97,341
289017,Playing,2702336,7659,0,0,0,0,1,4103,94,341,94,341
289266,Playing,2667520,7560,0,0,0,0,1,4105,0,341,0,341
289517,Playing,2660352,7540,0,0,0,0,1,4108,95,341,95,341
289767,Playing,2716672,7700,0,0,0,0,1,4113,0,341,0,341
290013,Playing,2709504,7680,0,0,0,0,1,4116,0,341,0,341
290266,Playing,2674688,7581,0,0,0,0,1,4118,0,341,0,341
290515,Playing,2695168,7639,0,0,0,0,1,4122,0,341,0,341
290763,Playing,2696192,7642,0,0,0,0,1,4125,0,341,0,341
291011,Playing,2679808,7595,0,0,0,0,1,4130,0,341,17,341
291262,Playing,2681856,7601,0,0,0,0,1,4134,0,341,0,341
291513,Playing,2655232,7526,0,0,0,0,1,4136,0,341,0,341
291761,Playing,2675712,7584,0,0,0,0,1,4140,0,341,0,341
292011,Playing,2668544,7563,0,0,0,0,1,4143,0,341,0,341
292261,Playing,2689024,7621,0,0,0,0,1,4147,15,341,15,341
292512,Playing,2690048,7624,0,0,0,0,1,4150,93,341,93,341
292765,Playing,2655232,7526,0,0,0,0,1,4152,1,341,1,341
293017,Playing,2648064,7505,0,0,0,0,1,4155,97,341,97,341
293268,Playing,2696192,7642,0,0,0,0,1,4160,0,341,0,341
293518,Playing,2689024,7621,0,0,0,0,1,4163,0,341,0,341
293769,Playing,2680832,7598,0,0,0,0,1,4166,96,341,96,341
294015,Playing,2655232,7526,0,0,0,0,1,4171,0,341,0,341
294265,Playing,2648064,7505,0,0,0,0,1,4174,0,341,0,341
294515,Playing,2668544,7563,0,0,0,0,1,4178,0,341,0,341
294765,Playing,2669568,7566,0,0,0,0,1,4181,96,341,96,341
295014,Playing,2634752,7468,0,0,0,0,1,4183,0,341,0,341
295265,Playing,2655232,7526,0,0,0,0,1,4187,95,341,95,341
295513,Playing,2648064,7505,0,0,0,0,1,4190,93,341,93,341
295764,Playing,2676736,7587,0,0,0,0,1,4194,0,341,0,341
296013,Playing,2641920,7488,0,0,0,0,1,4196,0,341,0,341
296260,Playing,2662400,7546,0,0,0,0,1,4200,0,341,0,341
296510,Playing,2663424,7549,0,0,0,0,1,4203,0,341,0,341
296762,Playing,2647040,7502,0,0,0,0,1,4209,0,341,0,341
297013,Playing,2612224,7404,0,0,0,0,1,4211,0,341,0,341
297265,Playing,2577408,7305,0,0,0,0,1,4213,172,341,172,341
297514,Playing,2625536,7441,0,0,0,0,1,4218,0,341,0,341
297766,Playing,2626560,7444,0,0,0,0,1,4221,0,341,0,341
298017,Playing,2591744,7346,0,0,0,0,1,4223,12,341,12,341
298266,Playing,2612224,7404,0,0,0,0,1,4227,0,341,0,341
298513,Playing,2632704,7462,0,0,0,0,1,4231,0,341,0,341
298761,Playing,2578432,7308,0,0,0,0,1,4232,92,341,92,341
299008,Playing,2598912,7366,0,0,0,0,1,4236,0,341,0,341
299257,Playing,2591744,7346,0,0,0,0,1,4239,176,341,176,341
299505,Playing,2583552,7322,0,0,0,0,1,4245,173,341,173,341
299754,Playing,2548736,7224,0,0,0,0,1,4247,0,341,0,341
300006,Playing,2541568,7203,0,0,0,0,1,4250,96,341,96,341
300256,Playing,2562048,7262,0,0,0,0,1,4254,97,341,97,341
300507,Playing,2590720,7343,0,0,0,0,1,4258,0,341,0,341
300756,Playing,2583552,7322,0,0,0,0,1,4261,95,341,95,341
301004,Playing,2548736,7224,0,0,0,0,1,4263,0,341,0,341
301254,Playing,2577408,7305,0,0,0,0,1,4267,0,341,0,341
301510,Playing,2570240,7285,0,0,0,0,1,4270,0,341,0,341
301757,Playing,2563072,7264,0,0,0,0,1,4273,0,341,0,341
302009,Playing,2555904,7244,0,0,0,0,1,4276,0,341,0,341
302260,Playing,2557952,7250,0,0,0,0,1,4282,0,341,15,341
302511,Playing,2540544,7201,0,0,0,0,1,4285,0,341,0,341
302763,Playing,2561024,7259,0,0,0,0,1,4289,0,341,0,341
303012,Playing,2553856,7238,0,0,0,0,1,4292,96,341,96,341
303259,Playing,2546688,7218,0,0,0,0,1,4295,1,341,1,341
303508,Playing,2547712,7221,0,0,0,0,1,4298,0,341,0,341
303756,Playing,2568192,7279,0,0,0,0,1,4302,0,341,0,341
304008,Playing,2561024,7259,0,0,0,0,1,4305,0,341,0,341
304257,Playing,2553856,7238,0,0,0,0,1,4308,95,341,95,341
304508,Playing,2554880,7241,0,0,0,0,1,4311,0,341,0,341
304756,Playing,2575360,7299,0,0,0,0,1,4315,0,341,0,341
305004,Playing,2485248,7044,0,0,0,0,1,4315,0,341,0,341
305254,Playing,2513920,7125,0,0,0,0,1,4322,0,341,0,341
305504,Playing,2506752,7105,0,0,0,0,1,4325,0,341,0,341
305752,Playing,2499584,7084,0,0,0,0,1,4328,90,341,90,341
306000,Playing,2464768,6986,0,0,0,0,1,4330,0,341,0,341
306250,Playing,2493440,7067,0,0,0,0,1,4334,93,341,93,341
306500,Playing,2513920,7125,0,0,0,0,1,4338,0,341,0,341
306751,Playing,2534400,7183,0,0,0,0,1,4342,0,341,0,341
307000,Playing,2444288,6928,0,0,0,0,1,4342,0,341,0,341
307250,Playing,2500608,7087,0,0,0,0,1,4347,0,342,0,342
307560,Playing,2496512,7076,0,0,0,0,1,4351,0,342,0,342
307806,Playing,2497536,7079,0,0,0,0,1,4354,0,342,0,342
308057,Playing,2462720,6980,0,0,0,0,1,4359,95,342,95,342
308309,Playing,2483200,7038,0,0,0,0,1,4363,0,342,0,342
308558,Playing,2420736,6861,0,0,0,0,1,4364,93,342,93,342
308805,Playing,2477056,7021,0,0,0,0,1,4369,0,342,0,342
309055,Playing,2469888,7000,0,0,0,0,1,4372,0,342,0,342
309301,Playing,2490368,7058,0,0,0,0,1,4376,0,342,0,342
309553,Playing,2427904,6881,0,0,0,0,1,4377,172,342,172,342
309801,Playing,2456576,6963,0,0,0,0,1,4381,1,342,1,342
310051,Playing,2449408,6942,0,0,0,0,1,4384,93,342,93,342
310300,Playing,2497536,7079,0,0,0,0,1,4389,0,342,0,342
310548,Playing,2443264,6925,0,0,0,0,1,4390,95,342,95,342
310799,Playing,2436096,6905,0,0,0,0,1,4396,0,342,11,342
311048,Playing,2428928,6884,0,0,0,0,1,4399,96,342,96,342
311296,Playing,2449408,6942,0,0,0,0,1,4403,0,342,0,342
311545,Playing,2450432,6945,0,0,0,0,1,4406,95,342,95,342
311794,Playing,2443264,6925,0,0,0,0,1,4409,0,342,0,342
312043,Playing,2436096,6905,0,0,0,0,1,4412,0,342,0,342
312291,Playing,2464768,6986,0,0,0,0,1,4416,90,342,90,342
312540,Playing,2457600,6965,0,0,0,0,1,4419,94,342,94,342
312788,Playing,2478080,7024,0,0,0,0,1,4423,0,342,0,342
313037,Playing,2470912,7003,0,0,0,0,1,4426,96,342,96,342
313287,Playing,2471936,7006,0,0,0,0,1,4429,0,342,0,342
313536,Playing,2437120,6907,0,0,0,0,1,4434,0,342,0,342
313786,Playing,2457600,6965,0,0,0,0,1,4438,0,342,0,342
314035,Playing,2458624,6968,0,0,0,0,1,4441,95,342,95,342
314287,Playing,2423808,6870,0,0,0,0,1,4443,0,342,0,342
314534,Playing,2444288,6928,0,0,0,0,1,4447,0,342,0,342
314783,Playing,2464768,6986,0,0,0,0,1,4451,0,342,0,342
315031,Playing,2465792,6989,0,0,0,0,1,4454,0,342,0,342
315279,Playing,2430976,6890,0,0,0,0,1,4456,0,342,0,342
315533,Playing,2451456,6948,0,0,0,0,1,4460,0,342,0,342
315782,Playing,2444288,6928,0,0,0,0,1,4463,0,342,0,342
316034,Playing,2445312,6931,0,0,0,0,1,4466,96,342,96,342
316283,Playing,2410496,6832,0,0,0,0,1,4468,0,342,0,342
316533,Playing,2403328,6812,0,0,0,0,1,4474,95,342,95,342
316782,Playing,2423808,6870,0,0,0,0,1,4478,0,342,0,342
317029,Playing,2369536,6716,0,0,0,0,1,4479,173,342,173,342
317277,Playing,2390016,6774,0,0,0,0,1,4483,175,342,175,342
317527,Playing,2410496,6832,0,0,0,0,1,4487,0,342,0,342
317776,Playing,2411520,6835,0,0,0,0,1,4490,0,342,0,342
318025,Playing,2432000,6893,0,0,0,0,1,4494,94,342,94,342
318275,Playing,2397184,6794,0,0,0,0,1,4496,1,342,1,342
318526,Playing,2390016,6774,0,0,0,0,1,4499,176,342,176,342
318776,Playing,2418688,6855,0,0,0,0,1,4503,0,342,0,342
319025,Playing,2383872,6757,0,0,0,0,1,4505,15,342,15,342
319276,Playing,2349056,6658,0,0,0,0,1,4510,96,342,96,342
319523,Playing,2377728,6739,0,0,0,0,1,4514,0,342,0,342
319775,Playing,2370560,6719,0,0,0,0,1,4517,95,342,95,342
320025,Playing,2363392,6698,0,0,0,0,1,4520,0,342,0,342
320273,Playing,2356224,6678,0,0,0,0,1,4523,0,342,0,342
320522,Playing,2384896,6759,0,0,0,0,1,4527,0,342,0,342
320772,Playing,2377728,6739,0,0,0,0,1,4530,96,342,96,342
321021,Playing,2342912,6640,0,0,0,0,1,4532,0,342,0,342
321272,Playing,2335744,6620,0,0,0,0,1,4535,0,342,0,342
321517,Playing,2392064,6780,0,0,0,0,1,4540,0,342,0,342
321769,Playing,2412544,6838,0,0,0,0,1,4544,0,342,0,342
322020,Playing,2331648,6608,0,0,0,0,1,4547,0,342,15,342
322269,Playing,2341888,6638,0,0,0,0,1,4551,0,342,0,342
322518,Playing,2334720,6617,0,0,0,0,1,4554,0,342,0,342
322766,Playing,2327552,6597,0,0,0,0,1,4557,98,342,98,342
323017,Playing,2320384,6577,0,0,0,0,1,4560,0,342,0,342
323263,Playing,2321408,6579,0,0,0,0,1,4563,96,342,96,342
323513,Playing,2341888,6638,0,0,0,0,1,4567,94,342,94,342
323760,Playing,2334720,6617,0,0,0,0,1,4570,94,342,94,342
324013,Playing,2299904,6519,0,0,0,0,1,4572,0,342,0,342
324261,Playing,2328576,6600,0,0,0,0,1,4576,0,342,0,342
324514,Playing,2349056,6658,0,0,0,0,1,4580,0,342,0,342
324762,Playing,2323456,6585,0,0,0,0,1,4585,0,342,14,342
325011,Playing,2297856,6513,0,0,0,0,1,4588,0,342,0,342
325261,Playing,2298880,6516,0,0,0,0,1,4591,0,342,0,342
325510,Playing,2291712,6495,0,0,0,0,1,4594,0,342,0,342
325761,Playing,2312192,6553,0,0,0,0,1,4598,0,342,0,342
326012,Playing,2305024,6533,0,0,0,0,1,4601,0,342,0,342
326263,Playing,2333696,6614,0,0,0,0,1,4605,0,342,0,342
326513,Playing,2271232,6437,0,0,0,0,1,4606,174,342,174,342
326766,Playing,2319360,6574,0,0,0,0,1,4611,0,342,0,342
327019,Playing,2284544,6475,0,0,0,0,1,4613,94,342,94,342
327271,Playing,2277376,6455,0,0,0,0,1,4616,0,342,0,342
327523,Playing,2270208,6434,0,0,0,0,1,4619,95,342,95,342
327773,Playing,2262016,6411,0,0,0,0,1,4625,89,342,89,342
328021,Playing,2282496,6469,0,0,0,0,1,4629,0,342,0,342
328270,Playing,2302976,6527,0,0,0,0,1,4633,0,342,0,342
328517,Playing,2276352,6452,0,0,0,0,1,4635,95,342,95,342
328768,Playing,2269184,6431,0,0,0,0,1,4638,0,342,0,342
329017,Playing,2262016,6411,0,0,0,0,1,4641,93,342,93,342
329266,Playing,2282496,6469,0,0,0,0,1,4645,97,342,97,342
329516,Playing,2255872,6394,0,0,0,0,1,4647,0,342,0,342
329765,Playing,2248704,6373,0,0,0,0,1,4650,96,342,96,342
330016,Playing,2269184,6431,0,0,0,0,1,4654,91,342,91,342
330267,Playing,2289664,6489,0,0,0,0,1,4658,0,342,0,342
330517,Playing,2263040,6414,0,0,0,0,1,4663,0,342,0,342
330767,Playing,2228224,6315,0,0,0,0,1,4665,0,342,0,342
331018,Playing,2221056,6295,0,0,0,0,1,4668,95,342,95,342
331265,Playing,2241536,6353,0,0,0,0,1,4672,94,342,94,342
331514,Playing,2270208,6434,0,0,0,0,1,4676,0,342,0,342
331764,Playing,2290688,6492,0,0,0,0,1,4680,0,342,0,342
332017,Playing,2255872,6394,0,0,0,0,1,4682,96,342,96,342
332266,Playing,2248704,6373,0,0,0,0,1,4685,0,342,0,342
332512,Playing,2249728,6376,0,0,0,0,1,4688,0,342,0,342
332762,Playing,2270208,6434,0,0,0,0,1,4692,0,342,0,342
333014,Playing,2235392,6336,0,0,0,0,1,4694,0,342,0,342
333265,Playing,2200576,6237,0,0,0,0,1,4699,0,342,12,342
333513,Playing,2229248,6318,0,0,0,0,1,4703,178,342,178,342
333764,Playing,2194432,6220,0,0,0,0,1,4705,0,342,0,342
334015,Playing,2187264,6199,0,0,0,0,1,4708,96,342,96,342
334265,Playing,2207744,6257,0,0,0,0,1,4712,0,342,0,342
334512,Playing,2236416,6339,0,0,0,0,1,4716,0,342,0,342
334761,Playing,2201600,6240,0,0,0,0,1,4718,15,342,15,342
335011,Playing,2194432,6220,0,0,0,0,1,4721,0,342,0,342
335258,Playing,2223104,6301,0,0,0,0,1,4725,0,342,0,342
335508,Playing,2215936,6280,0,0,0,0,1,4728,91,342,91,342
335759,Playing,2236416,6339,0,0,0,0,1,4732,95,342,95,342
336009,Playing,2201600,6240,0,0,0,0,1,4734,0,342,0,342
336256,Playing,2174976,6164,0,0,0,0,1,4739,0,342,0,342
336505,Playing,2195456,6222,0,0,0,0,1,4743,0,342,0,342
336754,Playing,2215936,6280,0,0,0,0,1,4747,0,342,0,342
337005,Playing,2153472,6103,0,0,0,0,1,4748,177,342,177,342
337256,Playing,2209792,6263,0,0,0,0,1,4753,0,342,0,342
337506,Playing,2202624,6243,0,0,0,0,1,4756,0,342,0,342
337755,Playing,2195456,6222,0,0,0,0,1,4759,0,342,0,342
338006,Playing,2215936,6280,0,0,0,0,1,4763,0,342,0,342
338254,Playing,2161664,6127,0,0,0,0,1,4764,176,342,176,342
338503,Playing,2182144,6185,0,0,0,0,1,4768,97,342,97,342
338753,Playing,2193408,6217,0,0,0,0,1,4774,0,342,10,342
339060,Playing,2179072,6176,0,0,0,0,1,4778,0,342,0,342
339250,Playing,2141184,6069,0,0,0,0,1,4779,179,342,179,342
339560,Playing,2200576,6237,0,0,0,0,1,4785,0,342,0,342
339810,Playing,2193408,6217,0,0,0,0,1,4788,0,342,0,342
340060,Playing,2158592,6118,0,0,0,0,1,4790,0,342,0,342
340309,Playing,2179072,6176,0,0,0,0,1,4794,0,342,0,342
340559,Playing,2171904,6156,0,0,0,0,1,4797,0,342,0,342
340808,Playing,2200576,6237,0,0,0,0,1,4801,0,342,0,342
341058,Playing,2165760,6138,0,0,0,0,1,4803,0,342,0,342
341307,Playing,2158592,6118,0,0,0,0,1,4806,0,342,0,342
341556,Playing,2178048,6173,0,0,0,0,1,4812,0,342,17,342
341804,Playing,2097152,5944,0,0,0,0,1,4813,94,342,94,342
342054,Playing,2117632,6002,0,0,0,0,1,4817,174,342,174,342
342306,Playing,2138112,6060,0,0,0,0,1,4821,174,342,174,342
342557,Playing,2166784,6141,0,0,0,0,1,4825,0,342,0,342
342805,Playing,2104320,5964,0,0,0,0,1,4826,99,342,99,342
343053,Playing,2124800,6022,0,0,0,0,1,4830,0,342,0,342
343300,Playing,2153472,6103,0,0,0,0,1,4834,0,342,0,342
343551,Playing,2146304,6083,0,0,0,0,1,4837,0,342,0,342
343798,Playing,2111488,5984,0,0,0,0,1,4839,9,342,9,342
344047,Playing,2140160,6066,0,0,0,0,1,4843,0,342,0,342
344299,Playing,2132992,6045,0,0,0,0,1,4846,177,342,177,342
344548,Playing,2088960,5921,0,0,0,0,1,4850,0,342,10,342
344797,Playing,2063360,5848,0,0,0,0,1,4853,96,342,96,342
345046,Playing,2092032,5929,0,0,0,0,1,4857,1,342,1,342
345295,Playing,2112512,5987,0,0,0,0,1,4861,0,342,0,342
345548,Playing,2132992,6045,0,0,0,0,1,4865,0,342,0,342
345798,Playing,2098176,5947,0,0,0,0,1,4867,0,342,0,342
346045,Playing,2099200,5950,0,0,0,0,1,4870,0,342,0,342
346294,Playing,2092032,5929,0,0,0,0,1,4873,93,342,93,342
346545,Playing,2140160,6066,0,0,0,0,1,4878,0,342,0,342
346797,Playing,2105344,5967,0,0,0,0,1,4880,93,342,93,342
347044,Playing,2106368,5970,0,0,0,0,1,4883,0,342,0,342
347292,Playing,2080768,5897,0,0,0,0,1,4888,0,342,16,342
347539,Playing,2082816,5903,0,0,0,0,1,4892,0,342,0,342
347788,Playing,2083840,5906,0,0,0,0,1,4895,99,342,99,342
348039,Playing,2076672,5886,0,0,0,0,1,4898,0,342,0,342
348288,Playing,2069504,5865,0,0,0,0,1,4901,0,342,0,342
348537,Playing,2089984,5923,0,0,0,0,1,4905,0,342,0,342
348786,Playing,2091008,5926,0,0,0,0,1,4908,95,342,95,342
349035,Playing,2028544,5749,0,0,0,0,1,4909,179,342,179,342
349284,Playing,2076672,5886,0,0,0,0,1,4914,0,342,0,342
349533,Playing,2077696,5889,0,0,0,0,1,4917,0,342,0,342
349784,Playing,2098176,5947,0,0,0,0,1,4921,0,342,0,342
350034,Playing,2072576,5874,0,0,0,0,1,4926,0,342,12,342
350283,Playing,2046976,5802,0,0,0,0,1,4929,2,342,2,342
350533,Playing,2020352,5726,0,0,0,0,1,4931,176,342,176,342
350781,Playing,2068480,5863,0,0,0,0,1,4936,0,342,0,342
351032,Playing,2061312,5842,0,0,0,0,1,4939,0,342,0,342
351282,Playing,2081792,5900,0,0,0,0,1,4943,0,342,0,342
351529,Playing,2027520,5746,0,0,0,0,1,4944,178,342,178,342
351777,Playing,2075648,5883,0,0,0,0,1,4949,0,342,0,342
352025,Playing,2040832,5784,0,0,0,0,1,4951,0,342,0,342
352276,Playing,2041856,5787,0,0,0,0,1,4954,0,342,0,342
352526,Playing,2034688,5767,0,0,0,0,1,4957,0,342,0,342
352776,Playing,2027520,5746,0,0,0,0,1,4960,94,342,94,342
353024,Playing,2011136,5700,0,0,0,0,1,4966,94,342,94,342
353273,Playing,2039808,5781,0,0,0,0,1,4970,0,342,0,342
353521,Playing,1977344,5604,0,0,0,0,1,4971,176,342,176,342
353770,Playing,2025472,5741,0,0,0,0,1,4976,0,342,0,342
354020,Playing,2018304,5720,0,0,0,0,1,4979,2,342,2,342
354273,Playing,2019328,5723,0,0,0,0,1,4982,92,342,92,342
354523,Playing,1984512,5625,0,0,0,0,1,4984,0,342,0,342
354773,Playing,2004992,5683,0,0,0,0,1,4988,175,342,175,342
355024,Playing,1997824,5662,0,0,0,0,1,4991,0,342,0,342
355274,Playing,2018304,5720,0,0,0,0,1,4995,0,342,0,342
355522,Playing,1991680,5645,0,0,0,0,1,4997,0,342,0,342
355770,Playing,1984512,5625,0,0,0,0,1,5003,0,342,0,342
356020,Playing,1977344,5604,0,0,0,0,1,5006,0,342,0,342
356269,Playing,1950720,5529,0,0,0,0,1,5008,0,342,0,342
356518,Playing,1971200,5587,0,0,0,0,1,5012,0,342,0,342
356768,Playing,1964032,5566,0,0,0,0,1,5015,0,342,0,342
357018,Playing,1984512,5625,0,0,0,0,1,5019,0,342,0,342
357266,Playing,1985536,5627,0,0,0,0,1,5022,173,342,173,342
357514,Playing,1950720,5529,0,0,0,0,1,5024,93,342,93,342
357763,Playing,1971200,5587,0,0,0,0,1,5028,0,342,0,342
358012,Playing,1972224,5590,0,0,0,0,1,5031,176,342,176,342
358262,Playing,1992704,5648,0,0,0,0,1,5035,0,342,0,342
358509,Playing,1966080,5572,0,0,0,0,1,5037,0,342,0,342
358755,Playing,1958912,5552,0,0,0,0,1,5043,0,342,0,342
359002,Playing,1951744,5532,0,0,0,0,1,5046,177,342,177,342
359255,Playing,1916928,5433,0,0,0,0,1,5048,0,342,0,342
359503,Playing,1945600,5514,0,0,0,0,1,5052,0,342,0,342
359754,Playing,1938432,5494,0,0,0,0,1,5055,0,342,0,342
360001,Playing,1958912,5552,0,0,0,0,1,5059,0,342,0,342
360252,Playing,1904640,5398,0,0,0,0,1,5060,97,342,98,342
360501,Playing,1925120,5456,0,0,0,0,1,5064,0,342,0,342
360752,Playing,1945600,5514,0,0,0,0,1,5068,0,342,0,342
361001,Playing,1966080,5572,0,0,0,0,1,5072,15,342,15,342
361251,Playing,1967104,5575,0,0,0,0,1,5075,0,342,0,342
361500,Playing,1959936,5555,0,0,0,0,1,5081,14,342,14,342
361809,Playing,1964032,5566,0,0,0,0,1,5085,0,342,0,342
362062,Playing,1956864,5546,0,0,0,0,1,5088,15,342,15,342
362312,Playing,1894400,5369,0,0,0,0,1,5089,177,342,177,342
362560,Playing,1942528,5506,0,0,0,0,1,5094,0,342,0,342
362806,Playing,1943552,5508,0,0,0,0,1,5097,0,342,0,342
363058,Playing,1908736,5410,0,0,0,0,1,5099,14,342,14,342
363308,Playing,1901568,5389,0,0,0,0,1,5102,14,342,14,342
363557,Playing,1922048,5447,0,0,0,0,1,5106,0,342,0,342
363808,Playing,1914880,5427,0,0,0,0,1,5109,178,342,178,342
364058,Playing,1888256,5352,0,0,0,0,1,5111,0,342,0,342
364310,Playing,1881088,5331,0,0,0,0,1,5117,95,342,96,342
364560,Playing,1901568,5389,0,0,0,0,1,5121,0,342,0,342
364811,Playing,1894400,5369,0,0,0,0,1,5124,0,342,0,342
365062,Playing,1859584,5270,0,0,0,0,1,5126,0,342,0,342
365251,Playing,1904640,5398,0,0,0,0,1,5130,0,342,0,342
365504,Playing,1897472,5378,0,0,0,0,1,5133,96,342,96,342
365755,Playing,1926144,5459,0,0,0,0,1,5137,94,342,94,342
366003,Playing,1891328,5360,0,0,0,0,1,5139,0,342,0,342
366255,Playing,1911808,5418,0,0,0,0,1,5143,0,342,0,342
366504,Playing,1932288,5477,0,0,0,0,1,5147,0,342,0,342
366754,Playing,1905664,5401,0,0,0,0,1,5149,96,342,96,342
367003,Playing,1870848,5302,0,0,0,0,1,5154,0,342,0,342
367251,Playing,1891328,5360,0,0,0,0,1,5158,0,342,0,342
367502,Playing,1892352,5363,0,0,0,0,1,5161,0,342,0,342
367751,Playing,1857536,5265,0,0,0,0,1,5163,0,342,0,342
368062,Playing,1825792,5175,0,0,0,0,1,5166,0,342,0,342
368251,Playing,1843200,5224,0,0,0,0,1,5169,93,342,93,342
368561,Playing,1874944,5314,0,0,0,0,1,5174,0,342,0,342
368810,Playing,1867776,5294,0,0,0,0,1,5177,0,342,0,342
369061,Playing,1888256,5352,0,0,0,0,1,5181,0,342,0,342
369309,Playing,1861632,5276,0,0,0,0,1,5183,3,342,3,342
369562,Playing,1854464,5256,0,0,0,0,1,5186,1,342,1,342
369752,Playing,1862656,5279,0,0,0,0,1,5191,0,342,12,342
370000,Playing,1864704,5285,0,0,0,0,1,5195,0,342,0,342
370310,Playing,1813504,5140,0,0,0,0,1,5197,0,342,0,342
370560,Playing,1806336,5120,0,0,0,0,1,5200,96,342,96,342
370809,Playing,1854464,5256,0,0,0,0,1,5205,0,342,0,342
371061,Playing,1847296,5236,0,0,0,0,1,5208,0,342,0,342
371313,Playing,1812480,5137,0,0,0,0,1,5210,0,342,0,342
371501,Playing,1829888,5186,0,0,0,0,1,5213,0,342,0,342
371753,Playing,1850368,5244,0,0,0,0,1,5217,0,342,0,342
372004,Playing,1823744,5169,0,0,0,0,1,5219,0,342,0,342
372253,Playing,1844224,5227,0,0,0,0,1,5223,0,342,0,342
372501,Playing,1809408,5128,0,0,0,0,1,5225,99,342,99,342
372753,Playing,1765376,5003,0,0,0,0,1,5230,0,342,0,342
373003,Playing,1766400,5006,0,0,0,0,1,5233,90,342,90,342
373251,Playing,1786880,5064,0,0,0,0,1,5237,94,342,94,342
373500,Playing,1807360,5122,0,0,0,0,1,5241,0,342,0,342
373750,Playing,1836032,5204,0,0,0,0,1,5245,0,342,0,342
374061,Playing,1776640,5035,0,0,0,0,1,5247,94,342,94,342
374310,Playing,1777664,5038,0,0,0,0,1,5250,0,342,0,342
374557,Playing,1770496,5018,0,0,0,0,1,5253,95,342,95,342
374809,Playing,1790976,5076,0,0,0,0,1,5257,94,342,94,342
375057,Playing,1792000,5079,0,0,0,0,1,5260,91,342,91,342
375306,Playing,1821696,5163,0,0,0,0,1,5265,0,342,0,342
375555,Playing,1768448,5012,0,0,0,0,1,5269,99,342,99,342
375806,Playing,1761280,4992,0,0,0,0,1,5272,0,342,0,342
376057,Playing,1754112,4971,0,0,0,0,1,5275,95,342,95,342
376306,Playing,1782784,5053,0,0,0,0,1,5279,0,342,0,342
376554,Playing,1775616,5032,0,0,0,0,1,5282,96,342,97,342
376803,Playing,1740800,4934,0,0,0,0,1,5284,0,342,0,342
377055,Playing,1769472,5015,0,0,0,0,1,5288,93,342,93,342
377304,Playing,1789952,5073,0,0,0,0,1,5292,0,342,0,342
377554,Playing,1727488,4896,0,0,0,0,1,5293,175,342,175,342
377805,Playing,1775616,5032,0,0,0,0,1,5298,0,342,0,342
378052,Playing,1776640,5035,0,0,0,0,1,5301,0,342,0,342
378301,Playing,1732608,4911,0,0,0,0,1,5306,95,342,95,342
378550,Playing,1725440,4890,0,0,0,0,1,5309,0,342,0,342
378803,Playing,1718272,4870,0,0,0,0,1,5312,0,342,0,342
379054,Playing,1719296,4873,0,0,0,0,1,5315,95,342,95,342
379303,Playing,1767424,5009,0,0,0,0,1,5320,0,342,0,342
379552,Playing,1704960,4832,0,0,0,0,1,5321,92,342,92,342
379800,Playing,1725440,4890,0,0,0,0,1,5325,0,342,0,342
380051,Playing,1754112,4971,0,0,0,0,1,5329,12,342,13,342
380299,Playing,1746944,4951,0,0,0,0,1,5332,0,342,0,342
380548,Playing,1712128,4852,0,0,0,0,1,5334,0,342,0,342
380799,Playing,1713152,4855,0,0,0,0,1,5337,0,342,0,342
381047,Playing,1705984,4835,0,0,0,0,1,5343,0,342,14,342
381297,Playing,1726464,4893,0,0,0,0,1,5347,0,342,0,342
381546,Playing,1746944,4951,0,0,0,0,1,5351,0,342,0,342
381793,Playing,1747968,4954,0,0,0,0,1,5354,18,342,18,342
382039,Playing,1713152,4855,0,0,0,0,1,5356,0,342,0,342
382290,Playing,1714176,4858,0,0,0,0,1,5359,0,342,0,342
382540,Playing,1734656,4916,0,0,0,0,1,5363,2,342,3,342
382789,Playing,1727488,4896,0,0,0,0,1,5366,1,342,1,342
383039,Playing,1692672,4797,0,0,0,0,1,5368,0,342,0,342
383289,Playing,1721344,4879,0,0,0,0,1,5372,0,342,0,342
383537,Playing,1741824,4937,0,0,0,0,1,5376,0,342,0,342
383787,Playing,1707008,4838,0,0,0,0,1,5381,0,342,12,342
384035,Playing,1680384,4762,0,0,0,0,1,5383,0,342,0,342
384288,Playing,1700864,4821,0,0,0,0,1,5387,0,342,0,342
384535,Playing,1693696,4800,0,0,0,0,1,5390,0,342,0,342
384785,Playing,1686528,4780,0,0,0,0,1,5393,96,342,96,342
385035,Playing,1659904,4704,0,0,0,0,1,5395,94,342,94,342
385283,Playing,1652736,4684,0,0,0,0,1,5398,0,342,0,342
385531,Playing,1700864,4821,0,0,0,0,1,5403,0,342,0,342
385781,Playing,1638400,4643,0,0,0,0,1,5404,96,342,97,342
386029,Playing,1667072,4725,0,0,0,0,1,5408,176,342,176,342
386280,Playing,1687552,4783,0,0,0,0,1,5412,0,342,0,342
386529,Playing,1680384,4762,0,0,0,0,1,5415,178,342,178,342
386778,Playing,1617920,4585,0,0,0,0,1,5419,0,342,15,342
387028,Playing,1646592,4667,0,0,0,0,1,5423,0,342,0,342
387278,Playing,1639424,4646,0,0,0,0,1,5426,95,342,95,342
387524,Playing,1659904,4704,0,0,0,0,1,5430,175,342,175,342
387772,Playing,1633280,4629,0,0,0,0,1,5432,0,342,0,342
388023,Playing,1653760,4687,0,0,0,0,1,5436,0,342,0,342
388270,Playing,1646592,4667,0,0,0,0,1,5439,0,342,0,342
388520,Playing,1675264,4748,0,0,0,0,1,5443,0,342,0,342
388767,Playing,1612800,4571,0,0,0,0,1,5444,182,342,182,342
389017,Playing,1660928,4707,0,0,0,0,1,5449,0,342,0,342
389265,Playing,1653760,4687,0,0,0,0,1,5452,0,342,0,342
389515,Playing,1654784,4690,0,0,0,0,1,5458,0,342,0,342
389765,Playing,1647616,4670,0,0,0,0,1,5461,0,342,0,342
390014,Playing,1585152,4493,0,0,0,0,1,5462,180,342,180,342
390264,Playing,1633280,4629,0,0,0,0,1,5467,0,342,0,342
390513,Playing,1634304,4632,0,0,0,0,1,5470,0,342,0,342
390759,Playing,1654784,4690,0,0,0,0,1,5474,0,342,0,342
391010,Playing,1592320,4513,0,0,0,0,1,5475,174,342,174,342
391259,Playing,1620992,4594,0,0,0,0,1,5479,0,342,0,342
391508,Playing,1613824,4574,0,0,0,0,1,5482,95,342,95,342
391757,Playing,1634304,4632,0,0,0,0,1,5486,96,342,96,342
392008,Playing,1599488,4533,0,0,0,0,1,5488,2,342,2,342
392257,Playing,1628160,4614,0,0,0,0,1,5495,97,342,97,342
392505,Playing,1593344,4516,0,0,0,0,1,5497,174,342,174,342
392754,Playing,1613824,4574,0,0,0,0,1,5501,0,342,0,342
393004,Playing,1614848,4577,0,0,0,0,1,5504,0,342,0,342
393258,Playing,1607680,4556,0,0,0,0,1,5507,0,342,0,342
393510,Playing,1600512,4536,0,0,0,0,1,5510,0,342,0,342
393757,Playing,1593344,4516,0,0,0,0,1,5513,178,342,178,342
394011,Playing,1613824,4574,0,0,0,0,1,5517,0,342,0,342
394260,Playing,1634304,4632,0,0,0,0,1,5521,0,342,0,342
394509,Playing,1580032,4478,0,0,0,0,1,5522,177,342,177,342
394759,Playing,1628160,4614,0,0,0,0,1,5527,0,342,0,342
395005,Playing,1611776,4568,0,0,0,0,1,5532,0,342,13,342
395254,Playing,1566720,4440,0,0,0,0,1,5534,0,342,0,342
395504,Playing,1559552,4420,0,0,0,0,1,5537,0,342,0,342
395753,Playing,1580032,4478,0,0,0,0,1,5541,0,342,0,342
396002,Playing,1572864,4458,0,0,0,0,1,5544,176,342,176,342
396251,Playing,1583104,4487,0,0,0,0,1,5548,0,342,92,342
396500,Playing,1566720,4440,0,0,0,0,1,5550,0,342,0,342
396750,Playing,1587200,4498,0,0,0,0,1,5554,0,342,0,342
397061,Playing,1591296,4510,0,0,0,0,1,5558,0,342,0,342
397250,Playing,1608704,4559,0,0,0,0,1,5561,0,342,0,342
397561,Playing,1604608,4548,0,0,0,0,1,5565,15,342,15,342
397810,Playing,1587200,4498,0,0,0,0,1,5568,0,342,0,342
398058,Playing,1533952,4347,0,0,0,0,1,5572,0,342,0,342
398308,Playing,1554432,4405,0,0,0,0,1,5576,0,342,0,342
398556,Playing,1547264,4385,0,0,0,0,1,5579,0,342,0,342
398804,Playing,1520640,4310,0,0,0,0,1,5581,0,342,0,342
399053,Playing,1541120,4368,0,0,0,0,1,5585,0,342,0,342
399307,Playing,1533952,4347,0,0,0,0,1,5588,0,342,0,342
399557,Playing,1526784,4327,0,0,0,0,1,5591,177,342,177,342
399806,Playing,1527808,4330,0,0,0,0,1,5594,14,342,14,342
400055,Playing,1520640,4310,0,0,0,0,1,5597,94,342,94,342
400303,Playing,1541120,4368,0,0,0,0,1,5601,171,342,171,342
400553,Playing,1506304,4269,0,0,0,0,1,5603,0,342,0,342
400803,Playing,1488896,4220,0,0,0,0,1,5608,0,342,13,342
401052,Playing,1490944,4226,0,0,0,0,1,5612,0,342,0,342
401300,Playing,1511424,4284,0,0,0,0,1,5616,0,342,0,342
401549,Playing,1512448,4286,0,0,0,0,1,5619,0,342,0,342
401798,Playing,1505280,4266,0,0,0,0,1,5622,0,342,0,342
402048,Playing,1498112,4246,0,0,0,0,1,5625,0,342,0,342
402299,Playing,1490944,4226,0,0,0,0,1,5628,0,342,0,342
402548,Playing,1491968,4228,0,0,0,0,1,5631,96,342,96,342
402797,Playing,1457152,4130,0,0,0,0,1,5633,0,342,0,342
403046,Playing,1505280,4266,0,0,0,0,1,5638,0,342,0,342
403297,Playing,1533952,4347,0,0,0,0,1,5642,0,342,0,342
403546,Playing,1489920,4223,0,0,0,0,1,5647,0,342,0,342
403794,Playing,1482752,4202,0,0,0,0,1,5650,0,342,0,342
404042,Playing,1447936,4104,0,0,0,0,1,5652,0,342,0,342
404293,Playing,1448960,4107,0,0,0,0,1,5655,95,342,95,342
404546,Playing,1469440,4165,0,0,0,0,1,5659,93,342,93,342
404795,Playing,1489920,4223,0,0,0,0,1,5663,0,342,0,342
405042,Playing,1510400,4281,0,0,0,0,1,5667,12,342,13,342
405293,Playing,1456128,4127,0,0,0,0,1,5668,177,342,177,342
405541,Playing,1476608,4185,0,0,0,0,1,5672,0,342,0,342
405793,Playing,1469440,4165,0,0,0,0,1,5675,96,342,96,342
406045,Playing,1489920,4223,0,0,0,0,1,5679,92,342,92,342
406294,Playing,1463296,4147,0,0,0,0,1,5681,0,342,0,342
406540,Playing,1456128,4127,0,0,0,0,1,5687,0,342,0,342
406793,Playing,1448960,4107,0,0,0,0,1,5690,175,342,175,342
407038,Playing,1422336,4031,0,0,0,0,1,5692,0,342,0,342
407288,Playing,1415168,4011,0,0,0,0,1,5695,176,342,176,342
407536,Playing,1435648,4069,0,0,0,0,1,5699,0,342,0,342
407784,Playing,1456128,4127,0,0,0,0,1,5703,0,342,0,342
408033,Playing,1429504,4051,0,0,0,0,1,5705,0,342,0,342
408284,Playing,1422336,4031,0,0,0,0,1,5708,0,342,0,342
408532,Playing,1442816,4089,0,0,0,0,1,5712,0,342,0,342
408787,Playing,1435648,4069,0,0,0,0,1,5715,177,342,177,342
409036,Playing,1464320,4150,0,0,0,0,1,5719,0,342,0,342
409288,Playing,1401856,3973,0,0,0,0,1,5723,0,342,0,342
409536,Playing,1422336,4031,0,0,0,0,1,5727,0,342,0,342
409783,Playing,1423360,4034,0,0,0,0,1,5730,0,342,0,342
410036,Playing,1388544,3935,0,0,0,0,1,5732,0,342,0,342
410284,Playing,1409024,3993,0,0,0,0,1,5736,0,342,0,342
410536,Playing,1401856,3973,0,0,0,0,1,5739,0,342,0,342
410787,Playing,1394688,3953,0,0,0,0,1,5742,0,342,0,342
411038,Playing,1451008,4112,0,0,0,0,1,5747,0,342,0,342
411287,Playing,1388544,3935,0,0,0,0,1,5748,94,342,94,342
411538,Playing,1409024,3993,0,0,0,0,1,5752,177,342,177,342
411788,Playing,1429504,4051,0,0,0,0,1,5756,0,342,0,342
412036,Playing,1402880,3976,0,0,0,0,1,5761,0,342,0,342
412286,Playing,1368064,3877,0,0,0,0,1,5763,0,342,0,342
412535,Playing,1388544,3935,0,0,0,0,1,5767,0,342,0,342
412782,Playing,1389568,3938,0,0,0,0,1,5770,0,342,0,342
413032,Playing,1382400,3918,0,0,0,0,1,5773,0,342,0,342
413283,Playing,1347584,3819,0,0,0,0,1,5775,0,342,0,342
413532,Playing,1340416,3799,0,0,0,0,1,5778,0,342,0,342
413781,Playing,1369088,3880,0,0,0,0,1,5782,173,342,174,342
414030,Playing,1417216,4017,0,0,0,0,1,5787,0,342,0,342
414280,Playing,1410048,3996,0,0,0,0,1,5790,0,342,0,342
414529,Playing,1347584,3819,0,0,0,0,1,5791,176,342,176,342
414778,Playing,1367040,3874,0,0,0,0,1,5797,0,342,11,342
415026,Playing,1369088,3880,0,0,0,0,1,5801,14,342,14,342
415275,Playing,1361920,3860,0,0,0,0,1,5804,96,342,96,342
415526,Playing,1335296,3784,0,0,0,0,1,5806,0,342,0,342
415773,Playing,1355776,3842,0,0,0,0,1,5810,0,342,0,342
416024,Playing,1348608,3822,0,0,0,0,1,5813,95,342,95,342
416273,Playing,1369088,3880,0,0,0,0,1,5817,15,342,15,342
416521,Playing,1397760,3961,0,0,0,0,1,5821,14,342,14,342
416771,Playing,1362944,3863,0,0,0,0,1,5823,0,342,0,342
417023,Playing,1355776,3842,0,0,0,0,1,5826,0,342,0,342
417271,Playing,1376256,3900,0,0,0,0,1,5830,0,342,0,342
417521,Playing,1368064,3877,0,0,0,0,1,5835,0,342,14,342
417772,Playing,1314816,3726,0,0,0,0,1,5837,0,342,0,342
418021,Playing,1335296,3784,0,0,0,0,1,5841,0,342,0,342
418270,Playing,1355776,3842,0,0,0,0,1,5845,0,342,0,342
418518,Playing,1356800,3845,0,0,0,0,1,5848,0,342,0,342
418770,Playing,1321984,3747,0,0,0,0,1,5850,0,342,0,342
419022,Playing,1342464,3805,0,0,0,0,1,5854,0,342,0,342
419272,Playing,1335296,3784,0,0,0,0,1,5857,96,342,96,342
419524,Playing,1355776,3842,0,0,0,0,1,5861,0,342,0,342
419774,Playing,1301504,3689,0,0,0,0,1,5862,176,342,176,342
420019,Playing,1321984,3747,0,0,0,0,1,5866,172,342,172,342
420270,Playing,1342464,3805,0,0,0,0,1,5870,0,342,0,342
420522,Playing,1315840,3729,0,0,0,0,1,5875,97,342,97,342
420770,Playing,1281024,3631,0,0,0,0,1,5877,0,342,0,342
421017,Playing,1301504,3689,0,0,0,0,1,5881,0,342,0,342
421266,Playing,1302528,3691,0,0,0,0,1,5884,0,342,0,342
421515,Playing,1323008,3750,0,0,0,0,1,5888,176,342,177,342
421764,Playing,1288192,3651,0,0,0,0,1,5890,13,342,13,342
422013,Playing,1289216,3654,0,0,0,0,1,5893,96,342,96,342
422261,Playing,1309696,3712,0,0,0,0,1,5897,176,342,176,342
422511,Playing,1330176,3770,0,0,0,0,1,5901,0,342,0,342
422762,Playing,1267712,3593,0,0,0,0,1,5902,92,342,92,342
423011,Playing,1324032,3752,0,0,0,0,1,5907,0,342,0,342
423259,Playing,1280000,3628,0,0,0,0,1,5912,0,342,0,342
423510,Playing,1245184,3529,0,0,0,0,1,5914,0,342,0,342
423764,Playing,1265664,3587,0,0,0,0,1,5918,0,342,0,342
424015,Playing,1258496,3567,0,0,0,0,1,5921,94,342,94,342
424264,Playing,1287168,3648,0,0,0,0,1,5925,0,342,0,342
424513,Playing,1307648,3706,0,0,0,0,1,5929,0,342,0,342
424763,Playing,1217536,3451,0,0,0,0,1,5929,0,342,0,342
425012,Playing,1265664,3587,0,0,0,0,1,5934,0,342,0,342
425261,Playing,1294336,3668,0,0,0,0,1,5938,0,342,0,342
425511,Playing,1287168,3648,0,0,0,0,1,5941,0,342,0,342
425760,Playing,1252352,3549,0,0,0,0,1,5943,12,342,12,342
426008,Playing,1253376,3552,0,0,0,0,1,5946,174,342,174,342
426258,Playing,1236992,3506,0,0,0,0,1,5952,94,342,94,342
426509,Playing,1257472,3564,0,0,0,0,1,5956,14,342,14,342
426759,Playing,1250304,3543,0,0,0,0,1,5959,0,342,0,342
427009,Playing,1215488,3445,0,0,0,0,1,5961,0,342,0,342
427259,Playing,1216512,3448,0,0,0,0,1,5964,93,342,93,342
427507,Playing,1236992,3506,0,0,0,0,1,5968,0,342,0,342
427756,Playing,1229824,3485,0,0,0,0,1,5971,95,342,95,342
428005,Playing,1230848,3488,0,0,0,0,1,5974,0,342,0,342
428256,Playing,1223680,3468,0,0,0,0,1,5977,95,342,95,342
428504,Playing,1244160,3526,0,0,0,0,1,5981,0,342,0,342
428755,Playing,1246208,3532,0,0,0,0,1,5987,0,342,14,342
429005,Playing,1220608,3459,0,0,0,0,1,5990,0,342,0,342
429253,Playing,1193984,3384,0,0,0,0,1,5992,0,342,0,342
429504,Playing,1214464,3442,0,0,0,0,1,5996,0,342,0,342
429752,Playing,1207296,3422,0,0,0,0,1,5999,0,342,0,342
430002,Playing,1235968,3503,0,0,0,0,1,6003,0,342,0,342
430250,Playing,1201152,3404,0,0,0,0,1,6005,0,342,0,342
430562,Playing,1224704,3471,0,0,0,0,1,6010,0,342,0,342
430811,Playing,1198080,3395,0,0,0,0,1,6012,0,342,0,342
431060,Playing,1218560,3453,0,0,0,0,1,6016,0,342,0,342
431309,Playing,1211392,3433,0,0,0,0,1,6019,0,342,0,342
431558,Playing,1212416,3436,0,0,0,0,1,6023,12,342,12,342
431807,Playing,1177600,3337,0,0,0,0,1,6027,0,342,0,342
432058,Playing,1170432,3317,0,0,0,0,1,6030,0,342,0,342
432308,Playing,1163264,3297,0,0,0,0,1,6033,172,342,172,342
432557,Playing,1219584,3456,0,0,0,0,1,6038,0,342,0,342
432806,Playing,1157120,3279,0,0,0,0,1,6039,178,342,178,342
433058,Playing,1177600,3337,0,0,0,0,1,6043,0,342,0,342
433306,Playing,1198080,3395,0,0,0,0,1,6047,0,342,0,342
433557,Playing,1199104,3398,0,0,0,0,1,6050,0,342,0,342
433807,Playing,1164288,3300,0,0,0,0,1,6052,0,342,0,342
434056,Playing,1157120,3279,0,0,0,0,1,6055,180,342,180,342
434307,Playing,1177600,3337,0,0,0,0,1,6059,179,342,179,342
434557,Playing,1123328,3184,0,0,0,0,1,6063,0,342,12,342
434804,Playing,1143808,3242,0,0,0,0,1,6067,14,342,14,342
435054,Playing,1136640,3221,0,0,0,0,1,6070,95,342,95,342
435304,Playing,1157120,3279,0,0,0,0,1,6074,0,342,0,342
435556,Playing,1102848,3125,0,0,0,0,1,6075,180,342,180,342
435807,Playing,1150976,3262,0,0,0,0,1,6080,0,342,0,342
436056,Playing,1143808,3242,0,0,0,0,1,6083,0,342,0,342
436305,Playing,1136640,3221,0,0,0,0,1,6086,173,342,174,342
436554,Playing,1137664,3224,0,0,0,0,1,6089,0,342,0,342
436802,Playing,1130496,3204,0,0,0,0,1,6092,95,342,95,342
437049,Playing,1150976,3262,0,0,0,0,1,6096,15,342,15,342
437299,Playing,1152000,3265,0,0,0,0,1,6102,0,342,0,342
437547,Playing,1144832,3244,0,0,0,0,1,6105,0,342,0,342
437797,Playing,1110016,3146,0,0,0,0,1,6107,0,342,0,342
438047,Playing,1130496,3204,0,0,0,0,1,6111,0,342,0,342
438296,Playing,1131520,3207,0,0,0,0,1,6114,0,342,0,342
438546,Playing,1096704,3108,0,0,0,0,1,6116,0,342,0,342
438796,Playing,1089536,3088,0,0,0,0,1,6119,93,342,93,342
439044,Playing,1118208,3169,0,0,0,0,1,6123,93,342,93,342
439293,Playing,1138688,3227,0,0,0,0,1,6127,14,342,14,342
439543,Playing,1159168,3285,0,0,0,0,1,6131,0,342,0,342
439793,Playing,1152000,3265,0,0,0,0,1,6134,0,342,0,342
440041,Playing,1097728,3111,0,0,0,0,1,6135,175,342,175,342
440291,Playing,1090560,3091,0,0,0,0,1,6141,93,342,93,342
440541,Playing,1083392,3070,0,0,0,0,1,6144,0,342,0,342
440790,Playing,1076224,3050,0,0,0,0,1,6147,0,342,0,342
441040,Playing,1077248,3053,0,0,0,0,1,6150,94,342,94,342
441289,Playing,1097728,3111,0,0,0,0,1,6154,94,342,94,342
441539,Playing,1118208,3169,0,0,0,0,1,6158,0,342,0,342
441786,Playing,1063936,3015,0,0,0,0,1,6159,176,342,176,342
442035,Playing,1084416,3073,0,0,0,0,1,6163,0,342,0,342
442283,Playing,1104896,3131,0,0,0,0,1,6167,0,342,0,342
442532,Playing,1097728,3111,0,0,0,0,1,6170,98,342,99,342
442784,Playing,1098752,3114,0,0,0,0,1,6173,0,342,0,342
443036,Playing,1063936,3015,0,0,0,0,1,6178,0,342,0,342
443283,Playing,1056768,2995,0,0,0,0,1,6181,175,342,175,342
443533,Playing,1077248,3053,0,0,0,0,1,6185,0,342,0,342
443783,Playing,1105920,3134,0,0,0,0,1,6189,0,342,0,342
444032,Playing,1071104,3036,0,0,0,0,1,6191,0,342,0,342
444284,Playing,1091584,3094,0,0,0,0,1,6195,0,342,0,342
444535,Playing,1084416,3073,0,0,0,0,1,6198,0,342,0,342
444786,Playing,1077248,3053,0,0,0,0,1,6201,0,342,0,342
445035,Playing,1105920,3134,0,0,0,0,1,6205,0,342,0,342
445288,Playing,1071104,3036,0,0,0,0,1,6207,0,342,0,342
445536,Playing,1063936,3015,0,0,0,0,1,6210,173,342,173,342
445781,Playing,1092608,3096,0,0,0,0,1,6217,0,342,0,342
446030,Playing,1030144,2919,0,0,0,0,1,6218,96,342,96,342
446278,Playing,1022976,2899,0,0,0,0,1,6221,0,342,0,342
446528,Playing,1051648,2980,0,0,0,0,1,6225,0,342,0,342
446777,Playing,1072128,3038,0,0,0,0,1,6229,0,342,0,342
447028,Playing,1037312,2940,0,0,0,0,1,6231,0,342,0,342
447277,Playing,1030144,2919,0,0,0,0,1,6234,0,342,0,342
447527,Playing,1031168,2922,0,0,0,0,1,6237,177,342,178,342
447777,Playing,1051648,2980,0,0,0,0,1,6241,0,342,0,342
448024,Playing,1016832,2882,0,0,0,0,1,6243,0,342,0,342
448275,Playing,1009664,2861,0,0,0,0,1,6246,177,342,177,342
448526,Playing,1029120,2917,0,0,0,0,1,6253,0,342,0,342
448777,Playing,1021952,2896,0,0,0,0,1,6256,176,342,176,342
449028,Playing,1014784,2876,0,0,0,0,1,6259,0,342,0,342
449276,Playing,979968,2777,0,0,0,0,1,6261,0,342,0,342
449525,Playing,1008640,2858,0,0,0,0,1,6265,177,342,177,342
449773,Playing,1001472,2838,0,0,0,0,1,6268,175,342,175,342
450022,Playing,966656,2739,0,0,0,0,1,6270,0,342,0,342
450274,Playing,987136,2798,0,0,0,0,1,6274,175,342,175,342
450522,Playing,1015808,2879,0,0,0,0,1,6278,0,342,0,342
450772,Playing,1008640,2858,0,0,0,0,1,6281,0,342,0,342
451020,Playing,973824,2760,0,0,0,0,1,6283,0,342,0,342
451270,Playing,1002496,2841,0,0,0,0,1,6287,0,342,0,342
451518,Playing,958464,2716,0,0,0,0,1,6292,96,342,96,342
451770,Playing,978944,2774,0,0,0,0,1,6296,0,342,0,342
452019,Playing,944128,2676,0,0,0,0,1,6298,0,342,0,342
452268,Playing,972800,2757,0,0,0,0,1,6302,0,342,0,342
452518,Playing,965632,2737,0,0,0,0,1,6305,0,342,0,342
452770,Playing,986112,2795,0,0,0,0,1,6309,0,342,0,342
453019,Playing,923648,2618,0,0,0,0,1,6310,175,342,175,342
453266,Playing,952320,2699,0,0,0,0,1,6314,0,342,0,342
453515,Playing,972800,2757,0,0,0,0,1,6318,0,342,0,342
453764,Playing,965632,2737,0,0,0,0,1,6321,179,342,179,342
454016,Playing,930816,2638,0,0,0,0,1,6323,0,342,0,342
454265,Playing,922624,2615,0,0,0,0,1,6329,0,342,0,342
454515,Playing,915456,2594,0,0,0,0,1,6332,93,342,93,342
454765,Playing,935936,2652,0,0,0,0,1,6336,0,342,0,342
455015,Playing,956416,2710,0,0,0,0,1,6340,15,342,15,342
455264,Playing,957440,2713,0,0,0,0,1,6343,92,342,92,342
455512,Playing,922624,2615,0,0,0,0,1,6345,0,342,0,342
455762,Playing,915456,2594,0,0,0,0,1,6348,97,342,97,342
456011,Playing,963584,2731,0,0,0,0,1,6353,0,342,0,342
456262,Playing,964608,2734,0,0,0,0,1,6356,0,342,0,342
456511,Playing,902144,2557,0,0,0,0,1,6357,175,342,175,342
456761,Playing,922624,2615,0,0,0,0,1,6361,94,342,94,342
457010,Playing,915456,2594,0,0,0,0,1,6367,0,342,0,342
457260,Playing,916480,2597,0,0,0,0,1,6370,96,342,96,342
457508,Playing,881664,2499,0,0,0,0,1,6372,1,342,1,342
457756,Playing,902144,2557,0,0,0,0,1,6376,0,342,0,342
458004,Playing,903168,2560,0,0,0,0,1,6379,176,342,176,342
458254,Playing,923648,2618,0,0,0,0,1,6383,90,342,90,342
458505,Playing,888832,2519,0,0,0,0,1,6385,0,342,0,342
458753,Playing,881664,2499,0,0,0,0,1,6388,179,342,179,342
459003,Playing,910336,2580,0,0,0,0,1,6392,0,342,0,342
459255,Playing,930816,2638,0,0,0,0,1,6396,0,342,0,342
459504,Playing,923648,2618,0,0,0,0,1,6399,96,342,96,342
459755,Playing,888832,2519,0,0,0,0,1,6404,0,342,14,342
460002,Playing,889856,2522,0,0,0,0,1,6407,0,342,0,342
460251,Playing,882688,2501,0,0,0,0,1,6410,175,342,175,342
460500,Playing,847872,2403,0,0,0,0,1,6412,0,342,0,342
460750,Playing,868352,2461,0,0,0,0,1,6416,0,342,0,342
461000,Playing,869376,2464,0,0,0,0,1,6419,177,342,177,342
461311,Playing,892928,2530,0,0,0,0,1,6424,0,342,0,342
461559,Playing,893952,2533,0,0,0,0,1,6427,0,342,0,342
461808,Playing,886784,2513,0,0,0,0,1,6430,95,342,95,342
462055,Playing,907264,2571,0,0,0,0,1,6434,0,342,0,342
462304,Playing,852992,2417,0,0,0,0,1,6435,177,342,177,342
462553,Playing,873472,2475,0,0,0,0,1,6439,175,342,175,342
462803,Playing,893952,2533,0,0,0,0,1,6446,0,342,0,342
463049,Playing,803840,2278,0,0,0,0,1,6446,0,342,0,342
463298,Playing,860160,2438,0,0,0,0,1,6451,0,342,0,342
463547,Playing,852992,2417,0,0,0,0,1,6454,0,342,0,342
463796,Playing,873472,2475,0,0,0,0,1,6458,0,342,0,342
464047,Playing,874496,2478,0,0,0,0,1,6461,174,342,174,342
464298,Playing,839680,2380,0,0,0,0,1,6463,0,342,0,342
464548,Playing,860160,2438,0,0,0,0,1,6467,0,342,0,342
464795,Playing,880640,2496,0,0,0,0,1,6471,0,342,0,342
465042,Playing,881664,2499,0,0,0,0,1,6474,0,342,0,342
465291,Playing,846848,2400,0,0,0,0,1,6476,0,342,0,342
465541,Playing,839680,2380,0,0,0,0,1,6482,0,342,0,342
465789,Playing,832512,2359,0,0,0,0,1,6485,0,342,0,342
466039,Playing,805888,2284,0,0,0,0,1,6487,0,342,0,342
466289,Playing,826368,2342,0,0,0,0,1,6491,0,342,0,342
466537,Playing,819200,2321,0,0,0,0,1,6494,175,342,175,342
466786,Playing,847872,2403,0,0,0,0,1,6498,0,342,0,342
467036,Playing,813056,2304,0,0,0,0,1,6500,15,342,15,342
467286,Playing,778240,2205,0,0,0,0,1,6502,0,342,0,342
467536,Playing,826368,2342,0,0,0,0,1,6507,0,342,0,342
467783,Playing,855040,2423,0,0,0,0,1,6511,0,342,0,342
468031,Playing,820224,2324,0,0,0,0,1,6513,0,342,0,342
468280,Playing,785408,2226,0,0,0,0,1,6518,0,342,0,342
468530,Playing,786432,2229,0,0,0,0,1,6521,176,342,176,342
468777,Playing,806912,2287,0,0,0,0,1,6525,0,342,0,342
469027,Playing,772096,2188,0,0,0,0,1,6527,0,342,0,342
469277,Playing,764928,2168,0,0,0,0,1,6530,93,342,93,342
469528,Playing,821248,2327,0,0,0,0,1,6535,1,342,2,342
469782,Playing,786432,2229,0,0,0,0,1,6537,177,342,177,342
470033,Playing,779264,2208,0,0,0,0,1,6540,14,342,14,342
470282,Playing,772096,2188,0,0,0,0,1,6543,0,342,0,342
470532,Playing,792576,2246,0,0,0,0,1,6547,16,342,16,342
470783,Playing,793600,2249,0,0,0,0,1,6550,95,342,95,342
471029,Playing,777216,2202,0,0,0,0,1,6555,0,342,10,342
471280,Playing,751616,2130,0,0,0,0,1,6558,95,342,95,342
471531,Playing,744448,2110,0,0,0,0,1,6561,93,342,93,342
471777,Playing,773120,2191,0,0,0,0,1,6565,0,342,0,342
472029,Playing,793600,2249,0,0,0,0,1,6569,15,342,15,342
472279,Playing,786432,2229,0,0,0,0,1,6572,92,342,92,342
472529,Playing,779264,2208,0,0,0,0,1,6575,0,342,0,342
472777,Playing,752640,2133,0,0,0,0,1,6577,0,342,0,342
473026,Playing,745472,2113,0,0,0,0,1,6580,0,342,0,342
473275,Playing,738304,2092,0,0,0,0,1,6583,92,342,92,342
473525,Playing,766976,2173,0,0,0,0,1,6587,0,342,0,342
473774,Playing,769024,2179,0,0,0,0,1,6593,0,342,15,342
474022,Playing,771072,2185,0,0,0,0,1,6597,0,342,0,342
474274,Playing,736256,2086,0,0,0,0,1,6599,97,342,97,342
474521,Playing,737280,2089,0,0,0,0,1,6602,0,342,0,342
474771,Playing,730112,2069,0,0,0,0,1,6605,97,342,97,342
475021,Playing,750592,2127,0,0,0,0,1,6609,0,342,0,342
475271,Playing,751616,2130,0,0,0,0,1,6612,97,342,97,342
475520,Playing,716800,2031,0,0,0,0,1,6614,0,342,0,342
475770,Playing,737280,2089,0,0,0,0,1,6618,93,342,93,342
476018,Playing,757760,2147,0,0,0,0,1,6622,0,342,0,342
476266,Playing,758784,2150,0,0,0,0,1,6625,96,342,96,342
476515,Playing,723968,2052,0,0,0,0,1,6627,0,342,0,342
476763,Playing,707584,2005,0,0,0,0,1,6633,0,342,0,342
477010,Playing,708608,2008,0,0,0,0,1,6636,0,342,0,342
477260,Playing,729088,2066,0,0,0,0,1,6640,95,342,96,342
477511,Playing,666624,1889,0,0,0,0,1,6641,177,342,177,342
477758,Playing,687104,1947,0,0,0,0,1,6645,175,342,176,342
478007,Playing,715776,2028,0,0,0,0,1,6649,0,342,0,342
478257,Playing,653312,1851,0,0,0,0,1,6650,95,342,95,342
478506,Playing,646144,1831,0,0,0,0,1,6653,0,342,0,342
478758,Playing,694272,1967,0,0,0,0,1,6658,0,342,0,342
479009,Playing,695296,1970,0,0,0,0,1,6661,94,342,94,342
479257,Playing,715776,2028,0,0,0,0,1,6665,93,342,93,342
479504,Playing,662528,1877,0,0,0,0,1,6669,0,342,15,342
479753,Playing,645120,1828,0,0,0,0,1,6672,175,342,175,342
480004,Playing,665600,1886,0,0,0,0,1,6676,179,342,179,342
480258,Playing,686080,1944,0,0,0,0,1,6680,1,342,1,342
480506,Playing,623616,1767,0,0,0,0,1,6681,172,342,172,342
480754,Playing,652288,1848,0,0,0,0,1,6685,0,342,0,342
481003,Playing,672768,1906,0,0,0,0,1,6689,0,342,0,342
481253,Playing,637952,1808,0,0,0,0,1,6691,14,342,14,342
481502,Playing,658432,1866,0,0,0,0,1,6695,0,342,0,342
481751,Playing,659456,1869,0,0,0,0,1,6698,0,342,0,342
482003,Playing,652288,1848,0,0,0,0,1,6701,176,342,176,342
482251,Playing,617472,1750,0,0,0,0,1,6703,0,342,0,342
482562,Playing,649216,1840,0,0,0,0,1,6711,0,342,0,342
482751,Playing,638976,1811,0,0,0,0,1,6713,0,342,0,342
483061,Playing,607232,1721,0,0,0,0,1,6716,0,342,0,342
483310,Playing,635904,1802,0,0,0,0,1,6720,0,342,0,342
483559,Playing,628736,1782,0,0,0,0,1,6723,14,342,14,342
483808,Playing,593920,1683,0,0,0,0,1,6725,0,342,0,342
484059,Playing,622592,1764,0,0,0,0,1,6729,0,342,0,342
484307,Playing,615424,1744,0,0,0,0,1,6732,0,342,0,342
484557,Playing,635904,1802,0,0,0,0,1,6736,1,342,1,342
484804,Playing,656384,1860,0,0,0,0,1,6740,13,342,13,342
485052,Playing,629760,1785,0,0,0,0,1,6745,0,342,14,342
485302,Playing,594944,1686,0,0,0,0,1,6747,0,342,0,342
485551,Playing,615424,1744,0,0,0,0,1,6751,0,342,0,342
485798,Playing,616448,1747,0,0,0,0,1,6754,94,342,94,342
486045,Playing,636928,1805,0,0,0,0,1,6758,0,342,0,342
486293,Playing,574464,1628,0,0,0,0,1,6759,171,342,172,342
486542,Playing,630784,1787,0,0,0,0,1,6764,0,342,0,342
486793,Playing,623616,1767,0,0,0,0,1,6767,0,342,0,342
487046,Playing,616448,1747,0,0,0,0,1,6770,92,342,92,342
487291,Playing,609280,1726,0,0,0,0,1,6773,0,342,0,342
487541,Playing,610304,1729,0,0,0,0,1,6776,0,342,0,342
487789,Playing,603136,1709,0,0,0,0,1,6779,0,342,0,342
488037,Playing,623616,1767,0,0,0,0,1,6786,0,342,0,342
488285,Playing,569344,1613,0,0,0,0,1,6787,177,342,177,342
488535,Playing,562176,1593,0,0,0,0,1,6790,93,342,93,342
488783,Playing,610304,1729,0,0,0,0,1,6795,0,342,0,342
489032,Playing,603136,1709,0,0,0,0,1,6798,0,342,0,342
489281,Playing,576512,1634,0,0,0,0,1,6800,0,342,0,342
489529,Playing,596992,1692,0,0,0,0,1,6804,0,342,0,342
489778,Playing,589824,1671,0,0,0,0,1,6807,0,342,0,342
490028,Playing,618496,1753,0,0,0,0,1,6811,0,342,0,342
490277,Playing,556032,1576,0,0,0,0,1,6812,177,342,177,342
490526,Playing,576512,1634,0,0,0,0,1,6816,1,342,1,342
490776,Playing,569344,1613,0,0,0,0,1,6822,0,342,0,342
491024,Playing,570368,1616,0,0,0,0,1,6825,0,342,0,342
491273,Playing,535552,1518,0,0,0,0,1,6827,0,342,0,342
491522,Playing,556032,1576,0,0,0,0,1,6831,0,342,0,342
491771,Playing,557056,1578,0,0,0,0,1,6834,179,342,179,342
492020,Playing,577536,1637,0,0,0,0,1,6838,0,342,0,342
492268,Playing,542720,1538,0,0,0,0,1,6840,0,342,0,342
492519,Playing,535552,1518,0,0,0,0,1,6843,177,342,177,342
492767,Playing,536576,1520,0,0,0,0,1,6846,0,342,0,342
493019,Playing,584704,1657,0,0,0,0,1,6851,0,342,0,342
493268,Playing,522240,1480,0,0,0,0,1,6852,180,342,180,342
493516,Playing,541696,1535,0,0,0,0,1,6858,0,342,14,342
493767,Playing,543744,1541,0,0,0,0,1,6862,0,342,0,342
494014,Playing,536576,1520,0,0,0,0,1,6865,0,342,0,342
494265,Playing,529408,1500,0,0,0,0,1,6868,0,342,0,342
494513,Playing,530432,1503,0,0,0,0,1,6871,0,342,0,342
494761,Playing,523264,1483,0,0,0,0,1,6874,93,342,93,342
495011,Playing,543744,1541,0,0,0,0,1,6878,0,342,0,342
495258,Playing,544768,1544,0,0,0,0,1,6881,95,342,96,342
495510,Playing,509952,1445,0,0,0,0,1,6883,0,342,0,342
495757,Playing,558080,1581,0,0,0,0,1,6888,0,342,0,342
496004,Playing,559104,1584,0,0,0,0,1,6891,0,342,0,342
496253,Playing,542720,1538,0,0,0,0,1,6896,0,342,14,342
496503,Playing,489472,1387,0,0,0,0,1,6898,0,342,0,342
496752,Playing,482304,1367,0,0,0,0,1,6901,173,342,173,342
497061,Playing,486400,1378,0,0,0,0,1,6905,0,342,0,342
497313,Playing,506880,1436,0,0,0,0,1,6909,0,342,0,342
497562,Playing,527360,1494,0,0,0,0,1,6913,0,342,0,342
497809,Playing,528384,1497,0,0,0,0,1,6916,0,342,0,342
498062,Playing,493568,1399,0,0,0,0,1,6918,0,342,0,342
498252,Playing,510976,1448,0,0,0,0,1,6921,0,342,0,342
498561,Playing,506880,1436,0,0,0,0,1,6925,95,342,95,342
498811,Playing,535552,1518,0,0,0,0,1,6929,15,342,15,342
499060,Playing,500736,1419,0,0,0,0,1,6931,95,342,95,342
499307,Playing,456704,1294,0,0,0,0,1,6936,178,342,178,342
499557,Playing,477184,1352,0,0,0,0,1,6940,0,342,0,342
499807,Playing,450560,1277,0,0,0,0,1,6942,0,342,0,342
500058,Playing,443392,1256,0,0,0,0,1,6945,0,342,0,342
500307,Playing,463872,1314,0,0,0,0,1,6949,0,342,0,342
500557,Playing,456704,1294,0,0,0,0,1,6952,0,342,0,342
500806,Playing,457728,1297,0,0,0,0,1,6955,0,342,0,342
501054,Playing,422912,1198,0,0,0,0,1,6957,98,342,98,342
501307,Playing,443392,1256,0,0,0,0,1,6961,176,342,176,342
501555,Playing,463872,1314,0,0,0,0,1,6965,0,342,0,342
501804,Playing,492544,1396,0,0,0,0,1,6969,0,342,0,342
502052,Playing,411648,1166,0,0,0,0,1,6972,0,342,15,342
502299,Playing,449536,1274,0,0,0,0,1,6977,0,342,0,342
502548,Playing,414720,1175,0,0,0,0,1,6979,94,342,94,342
502798,Playing,407552,1155,0,0,0,0,1,6982,0,342,0,342
503045,Playing,400384,1134,0,0,0,0,1,6985,0,342,0,342
503293,Playing,401408,1137,0,0,0,0,1,6988,92,342,92,342
503542,Playing,421888,1195,0,0,0,0,1,6992,96,342,96,342
503791,Playing,442368,1253,0,0,0,0,1,6996,0,342,0,342
504041,Playing,443392,1256,0,0,0,0,1,6999,95,342,95,342
504289,Playing,436224,1236,0,0,0,0,1,7002,0,342,0,342
504539,Playing,429056,1216,0,0,0,0,1,7005,0,342,0,342
504791,Playing,403456,1143,0,0,0,0,1,7010,0,342,14,342
505038,Playing,413696,1172,0,0,0,0,1,7014,94,342,94,342
505288,Playing,378880,1073,0,0,0,0,1,7016,2,342,2,342
505539,Playing,399360,1131,0,0,0,0,1,7020,95,342,96,342
505788,Playing,419840,1190,0,0,0,0,1,7024,0,342,0,342
506036,Playing,420864,1192,0,0,0,0,1,7027,0,342,0,342
506283,Playing,386048,1094,0,0,0,0,1,7029,0,342,0,342
506532,Playing,414720,1175,0,0,0,0,1,7033,0,342,0,342
506781,Playing,407552,1155,0,0,0,0,1,7036,0,342,0,342
507030,Playing,400384,1134,0,0,0,0,1,7039,0,342,0,342
507279,Playing,365568,1036,0,0,0,0,1,7041,0,342,0,342
507525,Playing,394240,1117,0,0,0,0,1,7045,95,342,95,342
507774,Playing,387072,1097,0,0,0,0,1,7051,0,342,0,342
508024,Playing,379904,1076,0,0,0,0,1,7054,0,342,0,342
508270,Playing,353280,1001,0,0,0,0,1,7056,0,342,0,342
508521,Playing,373760,1059,0,0,0,0,1,7060,0,342,0,342
508768,Playing,366592,1039,0,0,0,0,1,7063,91,342,91,342
509017,Playing,395264,1120,0,0,0,0,1,7067,0,342,0,342
509269,Playing,360448,1021,0,0,0,0,1,7069,0,342,0,342
509518,Playing,353280,1001,0,0,0,0,1,7072,0,342,0,342
509766,Playing,381952,1082,0,0,0,0,1,7076,0,342,0,342
510016,Playing,402432,1140,0,0,0,0,1,7080,0,342,0,342
510267,Playing,395264,1120,0,0,0,0,1,7083,15,342,15,342
510517,Playing,332800,943,0,0,0,0,1,7087,0,342,0,342
510764,Playing,361472,1024,0,0,0,0,1,7091,0,342,0,342
511014,Playing,354304,1004,0,0,0,0,1,7094,0,342,0,342
511264,Playing,319488,905,0,0,0,0,1,7096,13,342,13,342
511515,Playing,339968,963,0,0,0,0,1,7100,0,342,0,342
511764,Playing,340992,966,0,0,0,0,1,7103,177,342,177,342
512013,Playing,361472,1024,0,0,0,0,1,7107,0,342,0,342
512262,Playing,299008,847,0,0,0,0,1,7108,94,342,94,342
512510,Playing,355328,1007,0,0,0,0,1,7113,15,342,15,342
512760,Playing,320512,908,0,0,0,0,1,7115,97,342,97,342
513012,Playing,285696,809,0,0,0,0,1,7117,0,342,0,342
513260,Playing,306176,867,0,0,0,0,1,7124,0,342,13,342
513509,Playing,307200,870,0,0,0,0,1,7127,0,342,0,342
513757,Playing,300032,850,0,0,0,0,1,7130,0,342,0,342
514008,Playing,292864,830,0,0,0,0,1,7133,0,342,0,342
514256,Playing,349184,989,0,0,0,0,1,7138,15,342,15,342
514504,Playing,369664,1047,0,0,0,0,1,7142,0,342,0,342
514757,Playing,307200,870,0,0,0,0,1,7143,173,342,174,342
515005,Playing,327680,928,0,0,0,0,1,7147,0,342,0,342
515254,Playing,328704,931,0,0,0,0,1,7150,0,342,0,342
515503,Playing,321536,911,0,0,0,0,1,7153,0,342,0,342
515755,Playing,314368,891,0,0,0,0,1,7156,0,342,0,342
516003,Playing,297984,844,0,0,0,0,1,7161,0,342,12,342
516252,Playing,308224,873,0,0,0,0,1,7165,176,342,176,342
516502,Playing,273408,774,0,0,0,0,1,7167,0,342,0,342
516751,Playing,266240,754,0,0,0,0,1,7170,175,342,175,342
517001,Playing,314368,891,0,0,0,0,1,7175,0,342,0,342
517311,Playing,290816,824,0,0,0,0,1,7178,0,342,0,342
517561,Playing,283648,803,0,0,0,0,1,7181,95,342,95,342
517810,Playing,312320,885,0,0,0,0,1,7185,92,342,92,342
518060,Playing,332800,943,0,0,0,0,1,7189,0,342,0,342
518310,Playing,297984,844,0,0,0,0,1,7191,0,342,0,342
518561,Playing,318464,902,0,0,0,0,1,7195,0,342,0,342
518811,Playing,283648,803,0,0,0,0,1,7200,0,342,0,342
519059,Playing,257024,728,0,0,0,0,1,7202,0,342,0,342
519307,Playing,277504,786,0,0,0,0,1,7206,0,342,0,342
519557,Playing,270336,766,0,0,0,0,1,7209,0,342,0,342
519806,Playing,299008,847,0,0,0,0,1,7213,0,342,0,342
520054,Playing,264192,748,0,0,0,0,1,7215,95,342,95,342
520306,Playing,257024,728,0,0,0,0,1,7218,0,342,0,342
520555,Playing,277504,786,0,0,0,0,1,7222,0,342,0,342
520806,Playing,297984,844,0,0,0,0,1,7226,0,342,0,342
521057,Playing,299008,847,0,0,0,0,1,7229,15,342,15,342
521303,Playing,264192,748,0,0,0,0,1,7231,0,342,0,342
521550,Playing,265216,751,0,0,0,0,1,7234,0,342,0,342
521798,Playing,258048,731,0,0,0,0,1,7240,0,342,0,342
522048,Playing,223232,632,0,0,0,0,1,7242,0,342,0,342
522297,Playing,216064,612,0,0,0,0,1,7245,0,342,0,342
522548,Playing,217088,615,0,0,0,0,1,7248,173,342,173,342
522796,Playing,265216,751,0,0,0,0,1,7253,0,342,0,342
523046,Playing,202752,574,0,0,0,0,1,7254,93,342,93,342
523295,Playing,223232,632,0,0,0,0,1,7258,0,342,0,342
523545,Playing,251904,714,0,0,0,0,1,7262,0,342,0,342
523796,Playing,244736,693,0,0,0,0,1,7265,0,342,0,342
524045,Playing,237568,673,0,0,0,0,1,7268,174,342,174,342
524293,Playing,238592,676,0,0,0,0,1,7271,0,342,0,342
524544,Playing,185344,525,0,0,0,0,1,7275,0,342,15,342
524794,Playing,215040,609,0,0,0,0,1,7280,0,342,0,342
525043,Playing,207872,589,0,0,0,0,1,7283,0,342,0,342
525292,Playing,173056,490,0,0,0,0,1,7285,0,342,0,342
525541,Playing,229376,650,0,0,0,0,1,7290,0,342,0,342
525791,Playing,222208,629,0,0,0,0,1,7293,0,342,0,342
526040,Playing,187392,531,0,0,0,0,1,7295,0,342,0,342
526290,Playing,188416,534,0,0,0,0,1,7298,0,342,0,342
526539,Playing,181248,513,0,0,0,0,1,7301,95,342,95,342
526789,Playing,201728,571,0,0,0,0,1,7305,93,342,94,342
527039,Playing,166912,473,0,0,0,0,1,7307,0,342,0,342
527288,Playing,214016,606,0,0,0,0,1,7315,0,342,0,342
527540,Playing,151552,429,0,0,0,0,1,7316,176,342,177,342
527789,Playing,172032,487,0,0,0,0,1,7320,0,342,0,342
528038,Playing,164864,467,0,0,0,0,1,7323,93,342,93,342
528287,Playing,193536,548,0,0,0,0,1,7327,95,342,95,342
528535,Playing,158720,449,0,0,0,0,1,7329,0,342,0,342
528784,Playing,179200,507,0,0,0,0,1,7333,0,342,0,342
529035,Playing,172032,487,0,0,0,0,1,7336,96,342,97,342
529284,Playing,200704,568,0,0,0,0,1,7340,0,342,0,342
529535,Playing,165888,470,0,0,0,0,1,7342,0,342,0,342
529784,Playing,186368,528,0,0,0,0,1,7346,0,342,0,342
530032,Playing,168960,478,0,0,0,0,1,7351,0,342,11,342
530281,Playing,143360,406,0,0,0,0,1,7354,95,342,95,342
530529,Playing,136192,386,0,0,0,0,1,7357,0,342,0,342
530779,Playing,101376,287,0,0,0,0,1,7359,179,342,179,342
531028,Playing,157696,446,0,0,0,0,1,7364,0,342,0,342
531278,Playing,150528,426,0,0,0,0,1,7367,0,342,0,342
531527,Playing,115712,327,0,0,0,0,1,7369,0,342,0,342
531775,Playing,108544,307,0,0,0,0,1,7372,178,342,178,342
532025,Playing,164864,467,0,0,0,0,1,7377,0,342,0,342
532274,Playing,74752,211,0,0,0,0,1,7377,0,342,0,342
532523,Playing,122880,348,0,0,0,0,1,7382,0,342,0,342
532772,Playing,115712,327,0,0,0,0,1,7385,93,342,93,342
533022,Playing,116736,330,0,0,0,0,1,7391,0,342,0,342
533271,Playing,137216,388,0,0,0,0,1,7395,14,342,14,342
533520,Playing,102400,290,0,0,0,0,1,7397,0,342,0,342
533766,Playing,75776,214,0,0,0,0,1,7399,0,342,0,342
534018,Playing,123904,351,0,0,0,0,1,7404,0,343,0,343
534266,Playing,116736,330,0,0,0,0,1,7407,0,343,0,343
534513,Playing,90112,255,0,0,0,0,1,7409,0,343,0,343
534762,Playing,82944,235,0,0,0,0,1,7412,174,343,174,343
535012,Playing,103424,293,0,0,0,0,1,7416,94,343,94,343
535262,Playing,96256,272,0,0,0,0,1,7419,97,343,97,343
535512,Playing,97280,275,0,0,0,0,1,7422,0,343,0,343
535757,Playing,62464,177,0,0,0,0,1,7427,0,343,14,343
536007,Playing,82944,235,0,0,0,0,1,7431,0,343,0,343
536257,Playing,48128,136,0,0,0,0,1,7433,0,343,0,343
536508,Playing,49152,139,0,0,0,0,1,7436,96,343,96,343
536756,Playing,69632,197,0,0,0,0,1,7440,0,343,0,343
537005,Playing,62464,177,0,0,0,0,1,7443,173,343,173,343
537253,Playing,35840,101,0,0,0,0,1,7445,2,343,2,343
537502,Playing,56320,159,0,0,0,0,1,7449,0,343,0,343
537753,Playing,76800,217,0,0,0,0,1,7453,0,343,0,343
538002,Playing,69632,197,0,0,0,0,1,7456,0,343,0,343
538252,Playing,98304,278,0,0,0,0,1,7460,0,343,0,343
538500,Playing,35840,101,0,0,0,0,1,7461,96,343,96,343
538751,Playing,28672,81,0,0,0,0,1,7467,0,343,0,343
539060,Playing,32768,92,0,0,0,0,1,7471,0,343,0,343
539310,Playing,25600,72,0,0,0,0,1,7474,97,343,97,343
539561,Playing,46080,130,0,0,0,0,1,7478,0,343,0,343
539807,Playing,47104,133,0,0,0,0,1,7481,95,343,95,343
540058,Playing,12288,34,0,0,0,0,1,7483,0,343,0,343
540309,Buffering,110592,313,1,0,0,0,1,7487,0,343,0,343
540560,Buffering,221184,626,1,0,0,0,1,7491,0,343,0,343
540810,Buffering,304128,862,1,0,0,0,1,7494,0,343,0,343
541060,Buffering,337920,957,1,1,0,0,1,7497,97,343,97,343
541311,Buffering,330752,937,1,1,0,0,1,7503,95,343,95,343
541559,Buffering,295936,838,1,1,0,0,1,7505,0,343,0,343
541807,Buffering,324608,920,1,1,0,0,1,7509,0,343,0,343
542056,Buffering,345088,978,1,1,0,0,1,7513,0,343,0,343
542308,Buffering,337920,957,1,1,0,0,1,7516,0,343,0,343
542556,Buffering,303104,859,1,1,0,0,1,7518,0,343,0,343
542807,Buffering,323584,917,1,1,0,0,1,7522,0,343,0,343
543056,Buffering,324608,920,1,1,0,0,1,7525,0,343,0,343
543307,Buffering,345088,978,1,1,0,0,1,7529,0,343,0,343
543556,Buffering,337920,957,1,1,0,0,1,7532,0,343,0,343
543806,Buffering,311296,882,1,1,0,0,1,7534,0,343,0,343
544055,Buffering,304128,862,1,1,0,0,1,7537,95,343,96,343
544304,Buffering,324608,920,1,1,0,0,1,7544,0,343,0,343
544554,Buffering,262144,743,1,1,0,0,1,7545,174,343,174,343
544803,Buffering,290816,824,1,1,0,0,1,7549,0,343,0,343
545054,Buffering,283648,803,1,1,0,0,1,7552,0,343,0,343
545303,Buffering,304128,862,1,1,0,0,1,7556,1,343,1,343
545552,Buffering,324608,920,1,1,0,0,1,7560,0,343,0,343
545800,Buffering,270336,766,1,1,0,0,1,7561,176,343,176,343
546053,Buffering,263168,745,1,1,0,0,1,7564,172,343,172,343
546305,Buffering,311296,882,1,1,0,0,1,7569,0,343,0,343
546556,Buffering,304128,862,1,1,0,0,1,7572,0,343,0,343
546810,Buffering,269312,763,1,1,0,0,1,7574,0,343,0,343
547060,Buffering,242688,687,1,1,0,0,1,7579,177,343,177,343
547309,Buffering,263168,745,1,1,0,0,1,7583,0,343,0,343
547560,Buffering,256000,725,1,1,0,0,1,7586,176,343,176,343
547809,Buffering,248832,705,1,1,0,0,1,7589,0,343,0,343
548058,Buffering,249856,708,1,1,0,0,1,7592,175,343,176,343
548306,Buffering,270336,766,1,1,0,0,1,7596,0,343,0,343
548554,Buffering,263168,745,1,1,0,0,1,7599,0,343,0,343
548803,Buffering,228352,647,1,1,0,0,1,7601,2,343,2,343
549054,Buffering,257024,728,1,1,0,0,1,7605,0,343,0,343
549302,Buffering,277504,786,1,1,0,0,1,7609,0,343,0,343
549552,Buffering,270336,766,1,1,0,0,1,7612,0,343,0,343
549803,Buffering,217088,615,1,1,0,0,1,7616,0,343,12,343
550052,Buffering,199680,565,1,1,0,0,1,7619,175,343,175,343
550301,Buffering,220160,624,1,1,0,0,1,7623,0,343,0,343
550549,Buffering,185344,525,1,1,0,0,1,7625,0,343,0,343
550797,Buffering,186368,528,1,1,0,0,1,7628,92,343,92,343
551047,Buffering,206848,586,1,1,0,0,1,7632,176,343,176,343
551295,Buffering,227328,644,1,1,0,0,1,7636,0,343,0,343
551544,Buffering,220160,624,1,1,0,0,1,7639,97,343,97,343
551791,Buffering,193536,548,1,1,0,0,1,7641,15,343,15,343
552040,Buffering,214016,606,1,1,0,0,1,7645,0,343,0,343
552289,Buffering,206848,586,1,1,0,0,1,7648,15,343,15,343
552538,Buffering,217088,615,1,1,0,0,1,7654,0,343,15,343
552787,Buffering,219136,621,1,1,0,0,1,7658,0,343,0,343
553035,Buffering,156672,444,1,1,0,0,1,7659,175,343,175,343
553286,Buffering,177152,502,1,1,0,0,1,7663,1,343,1,343
553535,Buffering,205824,583,1,1,0,0,1,7667,1,343,1,343
553785,Buffering,198656,563,1,1,0,0,1,7670,0,343,0,343
554033,Buffering,163840,464,1,1,0,0,1,7672,0,343,0,343
554281,Buffering,164864,467,1,1,0,0,1,7675,96,343,96,343
554532,Buffering,185344,525,1,1,0,0,1,7679,97,343,97,343
554779,Buffering,205824,583,1,1,0,0,1,7683,0,343,0,343
555028,Buffering,206848,586,1,1,0,0,1,7686,0,343,0,343
555277,Buffering,172032,487,1,1,0,0,1,7688,0,343,0,343
555523,Buffering,183296,519,1,1,0,0,1,7695,0,343,0,343
555768,Buffering,156672,444,1,1,0,0,1,7697,0,343,0,343
556016,Buffering,177152,502,1,1,0,0,1,7701,95,343,95,343
556265,Buffering,142336,403,1,1,0,0,1,7703,2,343,2,343
556516,Buffering,135168,383,1,1,0,0,1,7706,96,343,96,343
556765,Buffering,163840,464,1,1,0,0,1,7710,92,343,92,343
557017,Buffering,184320,522,1,1,0,0,1,7714,0,343,0,343
557268,Buffering,121856,345,1,1,0,0,1,7715,176,343,176,343
557515,Buffering,169984,481,1,1,0,0,1,7720,0,343,0,343
557765,Buffering,143360,406,1,1,0,0,1,7722,94,343,94,343
558014,Buffering,163840,464,1,1,0,0,1,7726,95,343,95,343
558265,Buffering,129024,365,1,1,0,0,1,7731,2,343,2,343
558518,Buffering,121856,345,1,1,0,0,1,7734,0,343,0,343
558771,Buffering,114688,325,1,1,0,0,1,7737,177,343,177,343
559021,Buffering,143360,406,1,1,0,0,1,7741,2,343,2,343
559270,Buffering,108544,307,1,1,0,0,1,7743,0,343,0,343
559521,Buffering,101376,287,1,1,0,0,1,7746,176,343,176,343
559767,Buffering,121856,345,1,1,0,0,1,7750,0,343,0,343
560014,Buffering,95232,269,1,1,0,0,1,7752,14,343,14,343
560263,Buffering,88064,249,1,1,0,0,1,7755,91,343,91,343
560514,Buffering,108544,307,1,1,0,0,1,7759,0,343,0,343
560764,Buffering,101376,287,1,1,0,0,1,7762,176,343,176,343
561014,Buffering,102400,290,1,1,0,0,1,7766,178,343,178,343
561263,Buffering,67584,191,1,1,0,0,1,7770,95,343,95,343
561513,Buffering,60416,171,1,1,0,0,1,7773,94,343,94,343
561765,Buffering,108544,307,1,1,0,0,1,7778,0,343,0,343
562015,Buffering,54272,153,1,1,0,0,1,7779,98,343,98,343
562260,Buffering,74752,211,1,1,0,0,1,7783,0,343,0,343
562507,Buffering,67584,191,1,1,0,0,1,7786,14,343,14,343
562761,Buffering,96256,272,1,1,0,0,1,7790,0,343,0,343
563010,Buffering,89088,252,1,1,0,0,1,7793,95,343,95,343
563257,Buffering,81920,232,1,1,0,0,1,7796,0,343,0,343
563508,Buffering,74752,211,1,1,0,0,1,7799,0,343,0,343
563757,Buffering,103424,293,1,1,0,0,1,7803,0,343,0,343
564006,Buffering,68608,194,1,1,0,0,1,7808,0,343,0,343
564256,Buffering,89088,252,1,1,0,0,1,7812,0,343,0,343
564507,Buffering,81920,232,1,1,0,0,1,7815,0,343,0,343
564756,Buffering,82944,235,1,1,0,0,1,7818,0,343,0,343
565005,Buffering,75776,214,1,1,0,0,1,7821,0,343,0,343
565253,Buffering,68608,194,1,1,0,0,1,7824,94,343,94,343
565502,Buffering,41984,119,1,1,0,0,1,7826,0,343,0,343
565751,Buffering,62464,177,1,1,0,0,1,7830,0,343,0,343
566001,Buffering,55296,156,1,1,0,0,1,7833,91,343,92,343
566251,Buffering,103424,293,1,1,0,0,1,7838,0,343,0,343
566561,Buffering,70656,200,1,1,0,0,1,7843,0,343,14,343
566810,Buffering,45056,127,1,1,0,0,1,7846,94,343,94,343
567062,Buffering,55296,156,1,1,0,0,1,7848,0,343,0,343
567310,Playing,72704,206,1,2,0,0,1,7851,0,343,0,343
567561,Playing,93184,264,1,2,0,0,1,7855,173,343,173,343
567812,Playing,58368,165,1,2,0,0,1,7857,0,343,0,343
568001,Playing,103424,293,1,2,0,0,1,7861,94,343,94,343
568253,Playing,123904,351,1,2,0,0,1,7865,14,343,14,343
568503,Playing,116736,330,1,2,0,0,1,7868,0,343,0,343
568752,Playing,81920,232,1,2,0,0,1,7870,0,343,0,343
569002,Playing,110592,313,1,2,0,0,1,7874,0,343,0,343
569252,Playing,103424,293,1,2,0,0,1,7877,0,343,0,343
569502,Playing,68608,194,1,2,0,0,1,7882,0,343,0,343
569750,Playing,69632,197,1,2,0,0,1,7885,0,343,0,343
570061,Playing,37888,107,1,2,0,0,1,7888,96,343,96,343
570310,Playing,58368,165,1,2,0,0,1,7892,1,343,1,343
570561,Playing,59392,168,1,2,0,0,1,7895,96,343,96,343
570810,Playing,52224,148,1,2,0,0,1,7898,0,343,0,343
571061,Playing,45056,127,1,2,0,0,1,7901,0,343,0,343
571308,Playing,65536,185,1,2,0,0,1,7905,0,343,0,343
571555,Playing,66560,188,1,2,0,0,1,7908,176,343,176,343
571806,Playing,31744,89,1,2,0,0,1,7910,0,343,0,343
572057,Playing,52224,148,1,2,0,0,1,7914,0,343,0,343
572309,Playing,45056,127,1,2,0,0,1,7920,0,343,0,343
572557,Playing,46080,130,1,2,0,0,1,7923,0,343,0,343
572807,Playing,66560,188,1,2,0,0,1,7927,0,343,0,343
573055,Playing,59392,168,1,2,0,0,1,7930,0,343,0,343
573304,Playing,24576,69,1,2,0,0,1,7932,0,343,0,343
573552,Playing,25600,72,1,2,0,0,1,7935,93,343,94,343
573799,Buffering,110592,313,2,2,0,0,1,7939,0,343,0,343
574049,Buffering,193536,548,2,2,0,0,1,7942,98,343,98,343
574299,Buffering,248832,705,2,2,0,0,1,7944,0,343,0,343
574548,Buffering,326656,925,2,3,0,0,1,7948,93,343,93,343
574797,Buffering,347136,983,2,3,0,0,1,7952,0,343,0,343
575047,Buffering,321536,911,2,3,0,0,1,7957,0,343,14,343
575295,Buffering,331776,940,2,3,0,0,1,7961,0,343,0,343
575545,Buffering,296960,841,2,3,0,0,1,7963,0,343,0,343
575794,Buffering,289792,821,2,3,0,0,1,7966,175,343,175,343
576045,Buffering,310272,879,2,3,0,0,1,7970,96,343,96,343
576294,Buffering,338944,960,2,3,0,0,1,7974,0,343,0,343
576543,Buffering,276480,783,2,3,0,0,1,7975,175,343,175,343
576790,Buffering,296960,841,2,3,0,0,1,7979,0,343,0,343
577039,Buffering,325632,922,2,3,0,0,1,7983,0,343,0,343
577286,Buffering,318464,902,2,3,0,0,1,7986,0,343,0,343
577533,Buffering,311296,882,2,3,0,0,1,7989,0,343,0,343
577782,Buffering,284672,806,2,3,0,0,1,7991,94,343,94,343
578030,Buffering,268288,760,2,3,0,0,1,7997,95,343,95,343
578280,Buffering,288768,818,2,3,0,0,1,8001,0,343,0,343
578532,Buffering,253952,719,2,3,0,0,1,8003,0,343,0,343
578780,Buffering,254976,722,2,3,0,0,1,8006,177,343,177,343
579029,Buffering,275456,780,2,3,0,0,1,8010,0,343,0,343
579279,Buffering,240640,682,2,3,0,0,1,8012,12,343,13,343
579531,Buffering,261120,740,2,3,0,0,1,8016,0,343,0,343
579778,Buffering,262144,743,2,3,0,0,1,8019,0,343,0,343
580023,Buffering,254976,722,2,3,0,0,1,8022,173,343,173,343
580271,Buffering,247808,702,2,3,0,0,1,8025,0,343,0,343
580521,Buffering,248832,705,2,3,0,0,1,8028,0,343,0,343
580769,Buffering,232448,658,2,3,0,0,1,8034,0,343,0,343
581021,Buffering,225280,638,2,3,0,0,1,8037,0,343,0,343
581267,Buffering,253952,719,2,3,0,0,1,8041,12,343,12,343
581517,Buffering,219136,621,2,3,0,0,1,8043,97,343,97,343
581768,Buffering,239616,679,2,3,0,0,1,8047,0,343,0,343
582020,Buffering,232448,658,2,3,0,0,1,8050,0,343,0,343
582268,Buffering,225280,638,2,3,0,0,1,8053,93,343,94,343
582517,Buffering,198656,563,2,3,0,0,1,8055,0,343,0,343
582765,Buffering,219136,621,2,3,0,0,1,8059,0,343,0,343
583013,Buffering,239616,679,2,3,0,0,1,8063,0,343,0,343
583261,Buffering,240640,682,2,3,0,0,1,8066,0,343,0,343
583514,Buffering,178176,505,2,3,0,0,1,8067,178,343,178,343
583762,Buffering,198656,563,2,3,0,0,1,8074,0,343,0,343
584010,Buffering,191488,542,2,3,0,0,1,8077,2,343,2,343
584260,Buffering,192512,545,2,3,0,0,1,8080,175,343,175,343
584512,Buffering,185344,525,2,3,0,0,1,8083,12,343,12,343
584760,Buffering,178176,505,2,3,0,0,1,8086,0,343,0,343
585008,Buffering,198656,563,2,3,0,0,1,8090,0,343,0,343
585255,Buffering,199680,565,2,3,0,0,1,8093,97,343,97,343
585506,Buffering,164864,467,2,3,0,0,1,8095,0,343,0,343
585752,Buffering,185344,525,2,3,0,0,1,8099,0,343,0,343
586001,Buffering,186368,528,2,3,0,0,1,8102,0,343,0,343
586251,Buffering,206848,586,2,3,0,0,1,8106,0,343,0,343
586500,Buffering,172032,487,2,3,0,0,1,8111,94,343,94,343
586752,Buffering,192512,545,2,3,0,0,1,8115,95,343,95,343
587001,Buffering,165888,470,2,3,0,0,1,8117,0,343,0,343
587311,Buffering,134144,380,2,3,0,0,1,8120,93,343,93,343
587561,Buffering,162816,461,2,3,0,0,1,8124,0,343,0,343
587811,Buffering,183296,519,2,3,0,0,1,8128,0,343,0,343
588058,Buffering,120832,342,2,3,0,0,1,8129,96,343,96,343
588308,Buffering,177152,502,2,3,0,0,1,8134,0,343,0,343
588556,Buffering,169984,481,2,3,0,0,1,8137,0,343,0,343
588807,Buffering,162816,461,2,3,0,0,1,8140,172,343,173,343
589057,Buffering,128000,362,2,3,0,0,1,8142,0,343,0,343
589305,Buffering,129024,365,2,3,0,0,1,8148,0,343,0,343
589554,Buffering,121856,345,2,3,0,0,1,8151,95,343,95,343
589801,Buffering,169984,481,2,3,0,0,1,8156,0,343,0,343
590053,Buffering,162816,461,2,3,0,0,1,8159,15,343,15,343
590300,Buffering,136192,386,2,3,0,0,1,8161,0,343,0,343
590551,Buffering,129024,365,2,3,0,0,1,8164,95,343,95,343
590798,Buffering,149504,423,2,3,0,0,1,8168,0,343,0,343
591046,Buffering,150528,426,2,3,0,0,1,8171,0,343,0,343
591295,Buffering,171008,484,2,3,0,0,1,8175,0,343,0,343
591546,Buffering,136192,386,2,3,0,0,1,8177,0,343,0,343
591794,Buffering,156672,444,2,3,0,0,1,8181,0,343,0,343
592041,Buffering,130048,368,2,3,0,0,1,8186,0,343,0,343
592293,Buffering,150528,426,2,3,0,0,1,8190,0,343,0,343
592541,Buffering,115712,327,2,3,0,0,1,8192,0,343,0,343
592790,Buffering,116736,330,2,3,0,0,1,8195,0,343,0,343
593038,Buffering,137216,388,2,3,0,0,1,8199,0,343,0,343
593287,Buffering,157696,446,2,3,0,0,1,8203,15,343,15,343
593535,Buffering,103424,293,2,3,0,0,1,8204,176,343,176,343
593784,Buffering,96256,272,2,3,0,0,1,8207,178,343,178,343
594033,Buffering,144384,409,2,3,0,0,1,8212,0,343,0,343
594281,Buffering,137216,388,2,3,0,0,1,8215,0,343,0,343
594531,Buffering,138240,391,2,3,0,0,1,8218,0,343,0,343
594781,Buffering,103424,293,2,3,0,0,1,8223,0,343,0,343
595029,Buffering,96256,272,2,3,0,0,1,8226,175,343,175,343
595277,Buffering,69632,197,2,3,0,0,1,8228,0,343,0,343
595529,Buffering,62464,177,2,3,0,0,1,8231,175,343,175,343
595776,Buffering,110592,313,2,3,0,0,1,8236,0,343,0,343
596028,Buffering,103424,293,2,3,0,0,1,8239,0,343,0,343
596281,Buffering,123904,351,2,3,0,0,1,8243,0,343,0,343
596528,Buffering,97280,275,2,3,0,0,1,8245,0,343,0,343
596777,Buffering,90112,255,2,3,0,0,1,8248,0,343,0,343
597022,Buffering,82944,235,2,3,0,0,1,8251,96,343,96,343
597269,Buffering,111616,316,2,3,0,0,1,8255,0,343,0,343
597519,Buffering,76800,217,2,3,0,0,1,8257,0,343,0,343
597768,Buffering,41984,119,2,3,0,0,1,8262,173,343,173,343
598017,Buffering,70656,200,2,3,0,0,1,8266,174,343,174,343
598267,Buffering,35840,101,2,3,0,0,1,8268,0,343,0,343
598519,Buffering,56320,159,2,3,0,0,1,8272,0,343,0,343
598767,Buffering,49152,139,2,3,0,0,1,8275,0,343,0,343
599016,Buffering,77824,220,2,3,0,0,1,8279,0,343,0,343
599266,Buffering,70656,200,2,3,0,0,1,8282,175,343,176,343
599515,Buffering,63488,179,2,3,0,0,1,8285,0,343,0,343
599763,Buffering,56320,159,2,3,0,0,1,8288,0,343,0,343
600014,Buffering,57344,162,2,3,0,0,1,8291,178,343,179,343
