t_ms,state,buffered_bytes,buffered_ms,underruns,resumes,play_failures,stream_rebuilds,sessions,chunk_reads,last_chunk_ms,max_chunk_ms,last_push_gap_ms,max_push_gap_ms
50,Off,0,0,0,0,0,0,1,0,0,0,0,0
253,Off,0,0,0,0,0,0,1,0,0,0,0,0
507,Reconnecting,0,0,0,0,0,0,1,7,1,127,0,0
759,Reconnecting,0,0,0,0,0,0,1,7,1,127,0,0
1013,Reconnecting,0,0,0,0,0,0,1,7,1,127,0,0
1266,Reconnecting,0,0,0,0,0,0,1,7,1,127,0,0
1519,Reconnecting,0,0,0,0,0,0,1,7,1,127,0,0
1772,Reconnecting,0,0,0,0,0,0,1,7,1,127,0,0
2024,Reconnecting,0,0,0,0,0,0,1,7,1,127,0,0
2290,Reconnecting,0,0,0,0,0,0,1,7,1,127,0,0
2544,Reconnecting,0,0,0,0,0,0,1,7,1,127,0,0
2798,Reconnecting,0,0,0,0,0,0,1,7,1,127,0,0
3026,Reconnecting,0,0,0,0,0,0,1,7,1,127,0,0
3279,Reconnecting,0,0,0,0,0,0,1,7,1,127,0,0
3530,Reconnecting,0,0,0,0,0,0,1,7,1,127,0,0
3779,Reconnecting,0,0,0,0,0,0,1,7,1,127,0,0
4028,Reconnecting,0,0,0,0,0,0,1,7,1,127,0,0
4277,Reconnecting,0,0,0,0,0,0,1,7,1,127,0,0
4528,Reconnecting,0,0,0,0,0,0,1,7,1,127,0,0
4777,Reconnecting,0,0,0,0,0,0,1,7,1,127,0,0
5026,Reconnecting,0,0,0,0,0,0,1,7,1,127,0,0
5276,Reconnecting,0,0,0,0,0,0,1,7,1,127,0,0
5527,Reconnecting,0,0,0,0,0,0,1,7,1,127,0,0
5778,Reconnecting,0,0,0,0,0,0,2,7,1,127,0,0
6029,Reconnecting,0,0,0,0,0,0,2,13,7,127,0,0
6281,Reconnecting,0,0,0,0,0,0,2,13,7,127,0,0
6527,Reconnecting,0,0,0,0,0,0,2,13,7,127,0,0
6779,Reconnecting,0,0,0,0,0,0,2,13,7,127,0,0
7048,Reconnecting,0,0,0,0,0,0,2,13,7,127,0,0
7272,Reconnecting,0,0,0,0,0,0,2,13,7,127,0,0
7500,Reconnecting,0,0,0,0,0,0,2,13,7,127,0,0
7808,Reconnecting,0,0,0,0,0,0,2,13,7,127,0,0
8061,Reconnecting,0,0,0,0,0,0,2,13,7,127,0,0
8310,Reconnecting,0,0,0,0,0,0,2,13,7,127,0,0
8558,Reconnecting,0,0,0,0,0,0,2,13,7,127,0,0
8758,Reconnecting,0,0,0,0,0,0,2,13,7,127,0,0
9035,Reconnecting,0,0,0,0,0,0,2,13,7,127,0,0
9290,Reconnecting,0,0,0,0,0,0,2,13,7,127,0,0
9539,Reconnecting,0,0,0,0,0,0,2,13,7,127,0,0
9782,Reconnecting,0,0,0,0,0,0,2,13,7,127,0,0
10045,Reconnecting,0,0,0,0,0,0,2,13,7,127,0,0
10275,Reconnecting,0,0,0,0,0,0,2,13,7,127,0,0
10533,Reconnecting,0,0,0,0,0,0,2,13,7,127,0,0
10811,Reconnecting,0,0,0,0,0,0,2,13,7,127,0,0
11040,Reconnecting,0,0,0,0,0,0,3,13,7,127,0,0
11270,Reconnecting,0,0,0,0,0,0,3,13,7,127,0,0
11545,Reconnecting,0,0,0,0,0,0,3,20,3,127,0,0
11812,Reconnecting,0,0,0,0,0,0,3,20,3,127,0,0
12098,Reconnecting,0,0,0,0,0,0,3,20,3,127,0,0
12323,Reconnecting,0,0,0,0,0,0,3,20,3,127,0,0
12568,Reconnecting,0,0,0,0,0,0,3,20,3,127,0,0
12774,Reconnecting,0,0,0,0,0,0,3,20,3,127,0,0
13019,Reconnecting,0,0,0,0,0,0,3,20,3,127,0,0
13281,Reconnecting,0,0,0,0,0,0,3,20,3,127,0,0
13560,Reconnecting,0,0,0,0,0,0,3,20,3,127,0,0
13772,Reconnecting,0,0,0,0,0,0,3,20,3,127,0,0
14029,Reconnecting,0,0,0,0,0,0,3,20,3,127,0,0
14317,Reconnecting,0,0,0,0,0,0,3,20,3,127,0,0
14635,Reconnecting,0,0,0,0,0,0,3,20,3,127,0,0
14752,Reconnecting,0,0,0,0,0,0,3,20,3,127,0,0
15065,Reconnecting,0,0,0,0,0,0,3,20,3,127,0,0
15320,Reconnecting,0,0,0,0,0,0,3,20,3,127,0,0
15510,Reconnecting,0,0,0,0,0,0,3,20,3,127,0,0
15770,Reconnecting,0,0,0,0,0,0,3,20,3,127,0,0
16061,Reconnecting,0,0,0,0,0,0,3,20,3,127,0,0
16265,Reconnecting,0,0,0,0,0,0,3,20,3,127,0,0
16553,Reconnecting,0,0,0,0,0,0,3,20,3,127,0,0
16799,Reconnecting,0,0,0,0,0,0,4,20,3,127,0,0
17093,Reconnecting,0,0,0,0,0,0,4,23,76,127,0,0
17257,Reconnecting,0,0,0,0,0,0,4,25,10,127,0,0
17516,Reconnecting,0,0,0,0,0,0,4,25,10,127,0,0
17791,Reconnecting,0,0,0,0,0,0,4,25,10,127,0,0
18015,Reconnecting,0,0,0,0,0,0,4,25,10,127,0,0
18274,Reconnecting,0,0,0,0,0,0,4,25,10,127,0,0
18548,Reconnecting,0,0,0,0,0,0,4,25,10,127,0,0
18793,Reconnecting,0,0,0,0,0,0,4,25,10,127,0,0
19060,Reconnecting,0,0,0,0,0,0,4,25,10,127,0,0
19332,Reconnecting,0,0,0,0,0,0,4,25,10,127,0,0
19519,Reconnecting,0,0,0,0,0,0,4,25,10,127,0,0
19789,Reconnecting,0,0,0,0,0,0,4,25,10,127,0,0
20029,Reconnecting,0,0,0,0,0,0,4,25,10,127,0,0
20294,Reconnecting,0,0,0,0,0,0,4,25,10,127,0,0
20500,Reconnecting,0,0,0,0,0,0,4,25,10,127,0,0
20752,Reconnecting,0,0,0,0,0,0,4,25,10,127,0,0
21057,Reconnecting,0,0,0,0,0,0,4,25,10,127,0,0
21308,Reconnecting,0,0,0,0,0,0,4,25,10,127,0,0
21561,Reconnecting,0,0,0,0,0,0,4,25,10,127,0,0
21760,Reconnecting,0,0,0,0,0,0,4,25,10,127,0,0
22027,Reconnecting,0,0,0,0,0,0,4,25,10,127,0,0
22277,Reconnecting,0,0,0,0,0,0,5,25,10,127,0,0
22523,Reconnecting,0,0,0,0,0,0,5,27,0,127,17,17
22771,Reconnecting,654336,1854,0,0,0,0,5,41,0,127,0,117
23024,Reconnecting,995328,2821,0,0,0,0,5,48,1,127,1,122
23272,Playing,1469440,4165,0,0,0,0,5,60,78,127,79,122
23524,Playing,2014208,5709,0,0,0,0,5,79,0,127,0,122
23774,Playing,2034688,5767,0,0,0,0,5,83,125,127,126,126
24023,Playing,2027520,5746,0,0,0,0,5,85,0,249,0,249
24274,Playing,2038784,5778,0,0,0,0,5,88,0,249,0,249
24524,Playing,2039808,5781,0,0,0,0,5,90,173,249,173,249
24777,Playing,1977344,5604,0,0,0,0,5,92,27,249,27,249
25029,Playing,1979392,5610,0,0,0,0,5,96,111,260,111,260
25283,Playing,1963008,5564,0,0,0,0,5,98,0,260,0,260
25530,Playing,1946624,5517,0,0,0,0,5,100,175,260,175,260
25779,Playing,1956864,5546,0,0,0,0,5,104,2,260,2,260
26028,Playing,1894400,5369,0,0,0,0,5,105,117,260,117,260
26278,Playing,1905664,5401,0,0,0,0,5,108,126,315,126,315
26545,Playing,1898496,5381,0,0,0,0,5,111,4,315,4,315
26793,Playing,1882112,5334,0,0,0,0,5,113,0,315,0,315
27044,Playing,1893376,5366,0,0,0,0,5,116,0,315,0,315
27293,Playing,1885184,5343,0,0,0,0,5,119,2,315,2,315
27543,Playing,1822720,5166,0,0,0,0,5,121,78,315,78,315
27790,Playing,1824768,5172,0,0,0,0,5,124,119,315,119,315
28041,Playing,1817600,5151,0,0,0,0,5,126,0,315,0,315
28291,Playing,1810432,5131,0,0,0,0,5,128,178,315,178,315
28539,Playing,1756160,4977,0,0,0,0,5,130,29,315,29,315
28789,Playing,1758208,4983,0,0,0,0,5,133,119,315,119,315
29037,Playing,1769472,5015,0,0,0,0,5,137,110,315,110,315
29290,Playing,1725440,4890,0,0,0,0,5,138,177,315,177,315
29538,Playing,1671168,4736,0,0,0,0,5,140,26,315,27,315
29789,Playing,1673216,4742,0,0,0,0,5,143,120,315,120,315
30039,Playing,1684480,4774,0,0,0,0,5,146,120,315,120,315
30287,Playing,1685504,4777,0,0,0,0,5,148,91,315,92,315
30536,Playing,1595392,4522,0,0,0,0,5,149,26,315,27,315
30785,Playing,1597440,4527,0,0,0,0,5,152,120,315,120,315
31034,Playing,1608704,4559,0,0,0,0,5,155,120,315,120,315
31285,Playing,1591296,4510,0,0,0,0,5,159,90,315,90,315
31534,Playing,1574912,4464,0,0,0,0,5,164,95,315,95,315
31785,Playing,1484800,4208,0,0,0,0,5,164,95,315,95,315
32034,Playing,1523712,4318,0,0,0,0,5,169,0,331,0,331
32285,Playing,1460224,4138,0,0,0,0,5,171,29,331,29,331
32533,Playing,1462272,4144,0,0,0,0,5,175,113,331,113,331
32782,Playing,1464320,4150,0,0,0,0,5,178,119,331,119,331
33031,Playing,1429504,4051,0,0,0,0,5,179,178,331,178,331
33280,Playing,1393664,3950,0,0,0,0,5,181,39,331,39,331
33530,Playing,1404928,3982,0,0,0,0,5,184,119,331,119,331
33781,Playing,1416192,4014,0,0,0,0,5,187,120,331,120,331
34031,Playing,1409024,3993,0,0,0,0,5,189,93,331,93,331
34280,Playing,1327104,3761,0,0,0,0,5,190,27,331,27,331
34529,Playing,1329152,3767,0,0,0,0,5,193,110,331,110,331
34780,Playing,1340416,3799,0,0,0,0,5,196,119,331,119,331
35029,Playing,1342464,3805,0,0,0,0,5,199,28,331,28,331
35278,Playing,1260544,3572,0,0,0,0,5,199,28,331,28,331
35527,Playing,1262592,3578,0,0,0,0,5,202,120,331,120,331
35779,Playing,1273856,3610,0,0,0,0,5,205,120,331,120,331
36032,Playing,1275904,3616,0,0,0,0,5,208,26,331,26,331
36278,Playing,1286144,3645,0,0,0,0,5,211,11,331,11,331
36530,Playing,1196032,3390,0,0,0,0,5,212,108,331,108,331
36781,Playing,1198080,3395,0,0,0,0,5,215,122,331,122,331
37033,Playing,1190912,3375,0,0,0,0,5,218,35,331,35,331
37284,Playing,1202176,3407,0,0,0,0,5,221,121,331,121,331
37531,Playing,1203200,3410,0,0,0,0,5,223,0,331,0,331
37781,Playing,1214464,3442,0,0,0,0,5,226,93,331,93,331
38032,Playing,1124352,3186,0,0,0,0,5,227,27,331,27,331
38279,Playing,1134592,3215,0,0,0,0,5,230,119,331,119,331
38526,Playing,1145856,3247,0,0,0,0,5,233,119,331,119,331
38778,Playing,1147904,3253,0,0,0,0,5,236,29,331,29,331
39048,Playing,1131520,3207,0,0,0,0,5,238,1,331,1,331
39298,Playing,1041408,2951,0,0,0,0,5,239,113,331,113,331
39549,Playing,1043456,2957,0,0,0,0,5,242,133,331,133,331
39795,Playing,1036288,2937,0,0,0,0,5,246,82,331,82,331
40044,Playing,1046528,2966,0,0,0,0,5,249,8,331,8,331
40302,Playing,1030144,2919,0,0,0,0,5,252,3,331,3,331
40543,Playing,958464,2716,0,0,0,0,5,253,115,331,115,331
40793,Playing,959488,2719,0,0,0,0,5,256,37,331,37,331
41045,Playing,952320,2699,0,0,0,0,5,258,0,331,0,331
41307,Playing,955392,2708,0,0,0,0,5,261,0,331,0,331
41554,Playing,891904,2528,0,0,0,0,5,262,119,331,119,331
41806,Playing,884736,2507,0,0,0,0,5,265,27,331,27,331
42057,Playing,868352,2461,0,0,0,0,5,267,0,331,0,331
42270,Playing,813056,2304,0,0,0,0,5,269,208,331,120,331
42524,Playing,805888,2284,0,0,0,0,5,271,81,331,81,331
42772,Playing,798720,2263,0,0,0,0,5,274,32,331,32,331
43020,Playing,808960,2292,0,0,0,0,5,277,121,331,121,331
43271,Playing,801792,2272,0,0,0,0,5,279,0,331,0,331
43520,Playing,831488,2356,0,0,0,0,5,282,121,331,121,331
43769,Playing,824320,2336,0,0,0,0,5,284,0,331,0,331
44020,Playing,760832,2156,0,0,0,0,5,285,119,331,119,331
44266,Playing,772096,2188,0,0,0,0,5,288,120,331,120,331
44515,Playing,746496,2115,0,0,0,0,5,292,38,331,38,331
44764,Playing,747520,2118,0,0,0,0,5,294,0,331,0,331
45011,Playing,758784,2150,0,0,0,0,5,297,0,331,0,331
45260,Playing,687104,1947,0,0,0,0,5,298,120,331,120,331
45507,Playing,688128,1950,0,0,0,0,5,301,28,331,28,331
45758,Playing,671744,1904,0,0,0,0,5,303,0,331,0,331
46010,Playing,673792,1909,0,0,0,0,5,306,2,331,2,331
46261,Playing,611328,1732,0,0,0,0,5,307,122,331,122,331
46508,Playing,613376,1738,0,0,0,0,5,310,29,331,29,331
46758,Playing,605184,1715,0,0,0,0,5,312,0,331,0,331
47007,Playing,616448,1747,0,0,0,0,5,315,0,331,0,331
47258,Playing,609280,1726,0,0,0,0,5,317,177,331,177,331
47507,Playing,546816,1549,0,0,0,0,5,319,29,331,29,331
47758,Playing,557056,1578,0,0,0,0,5,322,119,331,119,331
48007,Playing,549888,1558,0,0,0,0,5,325,116,331,116,331
48256,Playing,533504,1512,0,0,0,0,5,328,34,331,34,331
48508,Playing,443392,1256,0,0,0,0,5,328,34,331,34,331
48753,Playing,462848,1311,0,0,0,0,5,331,120,331,120,331
49061,Playing,449536,1274,0,0,0,0,5,334,119,331,119,331
49312,Playing,450560,1277,0,0,0,0,5,337,28,331,28,331
49561,Playing,415744,1178,0,0,0,0,5,339,7,331,7,331
49810,Playing,445440,1262,0,0,0,0,5,342,0,331,0,331
50060,Playing,373760,1059,0,0,0,0,5,343,120,331,120,331
50311,Playing,384000,1088,0,0,0,0,5,346,27,331,27,331
50502,Playing,402432,1140,0,0,0,0,5,349,120,331,120,331
50753,Playing,320512,908,0,0,0,0,5,349,120,331,120,331
51002,Playing,331776,940,0,0,0,0,5,352,119,331,119,331
51252,Playing,333824,946,0,0,0,0,5,355,29,331,29,331
51507,Playing,335872,952,0,0,0,0,5,358,120,331,120,331
51755,Playing,328704,931,0,0,0,0,5,360,0,331,0,331
52001,Playing,320512,908,0,0,0,0,5,362,176,331,176,331
52252,Playing,258048,731,0,0,0,0,5,364,37,331,37,331
52560,Playing,335872,952,0,0,0,0,5,369,0,331,0,331
52811,Playing,245760,696,0,0,0,0,5,370,110,331,110,331
53001,Playing,226304,641,0,0,0,0,5,371,316,331,316,331
53252,Playing,237568,673,0,0,0,0,5,375,0,331,0,331
53522,Playing,240640,682,0,0,0,0,5,378,0,331,0,331
53770,Playing,177152,502,0,0,0,0,5,379,120,331,120,331
54054,Playing,162816,461,0,0,0,0,5,381,128,331,128,331
54300,Playing,173056,490,0,0,0,0,5,385,120,331,120,331
54549,Playing,165888,470,0,0,0,0,5,387,0,331,0,331
54802,Playing,131072,371,0,0,0,0,5,391,2,331,2,331
55052,Playing,87040,246,0,0,0,0,5,392,165,331,165,331
55303,Playing,106496,301,0,0,0,0,5,395,120,331,120,331
55554,Playing,117760,333,0,0,0,0,5,398,118,331,118,331
55803,Playing,92160,261,0,0,0,0,5,400,83,331,83,331
56053,Playing,20480,58,0,0,0,0,5,401,36,331,37,331
56303,Playing,39936,113,0,0,0,0,5,404,112,331,112,331
56552,Playing,51200,145,0,0,0,0,5,407,123,331,123,331
56799,Playing,44032,124,0,0,0,0,5,410,26,331,26,331
57049,Playing,0,0,0,0,0,0,5,410,26,331,26,331
57299,Buffering,92160,261,1,0,0,0,5,413,121,331,121,331
57548,Buffering,193536,548,1,0,0,0,5,416,120,331,120,331
57799,Buffering,285696,809,1,0,0,0,5,419,27,331,27,331
58048,Buffering,351232,995,1,1,0,0,5,421,0,331,0,331
58298,Buffering,389120,1102,1,1,0,0,5,424,0,331,0,331
58548,Buffering,299008,847,1,1,0,0,5,425,112,331,112,331
58794,Buffering,273408,774,1,1,0,0,5,429,33,331,33,331
59044,Buffering,257024,728,1,1,0,0,5,432,52,331,52,331
59293,Buffering,267264,757,1,1,0,0,5,435,119,331,119,331
59543,Buffering,177152,502,1,1,0,0,5,435,119,331,119,331
59793,Buffering,169984,481,1,1,0,0,5,438,35,331,35,331
60040,Buffering,189440,536,1,1,0,0,5,441,123,331,123,331
60291,Buffering,200704,568,1,1,0,0,5,444,120,331,120,331
60540,Buffering,193536,548,1,1,0,0,5,447,28,331,28,331
60790,Buffering,103424,293,1,1,0,0,5,447,28,331,28,331
61039,Buffering,113664,322,1,1,0,0,5,450,119,331,119,331
61289,Buffering,124928,354,1,1,0,0,5,453,120,331,120,331
61543,Buffering,99328,281,1,1,0,0,5,457,31,331,31,331
61789,Buffering,82944,235,1,1,0,0,5,459,0,331,0,331
62040,Buffering,11264,31,1,1,0,0,5,460,123,331,123,331
62294,Buffering,22528,63,1,1,0,0,5,464,113,331,113,331
62544,Buffering,5120,14,1,1,0,0,5,468,19,331,19,331
62794,Buffering,73728,208,1,1,0,0,5,470,0,331,0,331
63048,Playing,100352,284,1,2,0,0,5,473,1,331,1,331
63265,Playing,54272,153,1,2,0,0,5,474,191,331,191,331
63515,Playing,47104,133,1,2,0,0,5,477,41,331,41,331
63766,Buffering,82944,235,2,2,0,0,5,479,0,331,0,331
64015,Buffering,184320,522,2,2,0,0,5,483,108,331,108,331
64266,Buffering,184320,522,2,2,0,0,5,483,108,331,108,331
64514,Buffering,258048,731,2,2,0,0,5,486,25,331,25,331
64761,Buffering,350208,992,2,2,0,0,5,489,108,331,108,331
65010,Buffering,386048,1094,2,3,0,0,5,492,119,331,119,331
65260,Buffering,304128,862,2,3,0,0,5,492,119,331,119,331
65514,Buffering,296960,841,2,3,0,0,5,495,28,331,28,331
65764,Buffering,271360,769,2,3,0,0,5,499,122,331,122,331
66010,Buffering,282624,801,2,3,0,0,5,503,113,331,113,331
66261,Buffering,265216,751,2,3,0,0,5,507,27,331,27,331
66515,Buffering,248832,705,2,3,0,0,5,509,0,331,0,331
66809,Buffering,243712,690,2,3,0,0,5,513,3,331,3,331
67058,Buffering,153600,435,2,3,0,0,5,513,3,331,3,331
67307,Buffering,145408,412,2,3,0,0,5,516,41,331,41,331
67556,Buffering,138240,391,2,3,0,0,5,518,0,331,0,331
67802,Buffering,149504,423,2,3,0,0,5,521,0,331,0,331
68055,Buffering,133120,377,2,3,0,0,5,523,173,331,173,331
68303,Buffering,161792,458,2,3,0,0,5,527,0,331,0,331
68552,Buffering,90112,255,2,3,0,0,5,528,121,331,121,331
68802,Buffering,82944,235,2,3,0,0,5,530,0,331,0,331
69051,Buffering,66560,188,2,3,0,0,5,532,174,331,174,331
69299,Buffering,86016,243,2,3,0,0,5,536,0,331,0,331
69549,Buffering,14336,40,2,3,0,0,5,537,120,331,120,331
69802,Buffering,25600,72,2,3,0,0,5,541,112,331,112,331
70052,Buffering,27648,78,2,3,0,0,5,543,0,331,0,331
70306,Playing,95232,269,2,4,0,0,5,549,36,331,36,331
70550,Playing,77824,220,2,4,0,0,5,551,0,331,0,331
70798,Playing,15360,43,2,4,0,0,5,552,116,331,116,331
71048,Playing,8192,23,2,4,0,0,5,555,39,331,39,331
71298,Buffering,82944,235,3,4,0,0,5,557,0,331,0,331
71549,Buffering,184320,522,3,4,0,0,5,560,0,331,0,331
71802,Buffering,258048,731,3,4,0,0,5,562,174,331,174,331
72052,Buffering,285696,809,3,4,0,0,5,564,38,331,38,331
72305,Buffering,337920,957,3,5,0,0,5,567,118,331,118,331
72553,Buffering,329728,934,3,5,0,0,5,569,2,331,2,331
72802,Buffering,322560,914,3,5,0,0,5,572,7,331,7,331
73061,Buffering,333824,946,3,5,0,0,5,576,0,331,0,331
73311,Buffering,243712,690,3,5,0,0,5,577,89,331,89,331
73560,Buffering,245760,696,3,5,0,0,5,581,108,335,108,335
73810,Buffering,201728,571,3,5,0,0,5,582,176,335,176,335
74006,Buffering,228352,647,3,5,0,0,5,587,0,335,0,335
74310,Buffering,121856,345,3,5,0,0,5,588,45,335,45,335
74556,Buffering,123904,351,3,5,0,0,5,591,123,380,123,380
74807,Buffering,98304,278,3,5,0,0,5,593,84,380,84,380
75053,Buffering,117760,333,3,5,0,0,5,596,0,380,0,380
75302,Buffering,129024,365,3,5,0,0,5,599,1,380,1,380
75552,Buffering,57344,162,3,5,0,0,5,600,120,380,120,380
75798,Buffering,58368,165,3,5,0,0,5,603,33,380,33,380
76052,Buffering,69632,197,3,5,0,0,5,606,116,380,116,380
76300,Buffering,53248,150,3,5,0,0,5,608,0,380,0,380
76502,Buffering,7168,20,3,5,0,0,5,609,120,380,120,380
76753,Buffering,8192,23,3,5,0,0,5,612,21,380,21,380
77002,Reconnecting,0,0,3,6,0,0,5,615,120,380,120,380
77253,Reconnecting,0,0,3,6,0,0,5,615,120,380,120,380
77501,Reconnecting,0,0,3,6,0,0,5,615,120,380,120,380
77752,Reconnecting,0,0,3,6,0,0,5,615,120,380,120,380
78040,Reconnecting,0,0,3,6,0,0,5,615,120,380,120,380
78285,Reconnecting,0,0,3,6,0,0,5,615,120,380,120,380
78552,Reconnecting,0,0,3,6,0,0,5,615,120,380,120,380
78814,Reconnecting,0,0,3,6,0,0,5,615,120,380,120,380
79002,Reconnecting,0,0,3,6,0,0,5,615,120,380,120,380
79256,Reconnecting,0,0,3,6,0,0,5,615,120,380,120,380
79503,Reconnecting,0,0,3,6,0,0,5,615,120,380,120,380
79752,Reconnecting,0,0,3,6,0,0,5,615,120,380,120,380
80003,Reconnecting,0,0,3,6,0,0,5,615,120,380,120,380
80256,Reconnecting,0,0,3,6,0,0,5,615,120,380,120,380
80623,Reconnecting,0,0,3,6,0,0,5,615,120,380,120,380
80808,Reconnecting,0,0,3,6,0,0,5,615,120,380,120,380
81056,Reconnecting,0,0,3,6,0,0,5,615,120,380,120,380
81311,Reconnecting,0,0,3,6,0,0,5,615,120,380,120,380
81520,Reconnecting,0,0,3,6,0,0,5,615,120,380,120,380
81764,Reconnecting,0,0,3,6,0,0,5,615,120,380,120,380
82019,Reconnecting,0,0,3,6,0,0,5,615,120,380,120,380
82281,Reconnecting,0,0,3,6,0,0,6,615,120,380,120,380
82541,Reconnecting,0,0,3,6,0,0,6,621,0,380,120,380
82798,Reconnecting,0,0,3,6,0,0,6,621,0,380,120,380
83048,Reconnecting,0,0,3,6,0,0,6,621,0,380,120,380
83301,Reconnecting,0,0,3,6,0,0,6,621,0,380,120,380
83549,Reconnecting,0,0,3,6,0,0,6,621,0,380,120,380
83797,Reconnecting,0,0,3,6,0,0,6,621,0,380,120,380
84049,Reconnecting,0,0,3,6,0,0,6,621,0,380,120,380
84298,Reconnecting,0,0,3,6,0,0,6,621,0,380,120,380
84551,Reconnecting,0,0,3,6,0,0,6,621,0,380,120,380
84801,Reconnecting,0,0,3,6,0,0,6,621,0,380,120,380
85047,Reconnecting,0,0,3,6,0,0,6,621,0,380,120,380
85295,Reconnecting,0,0,3,6,0,0,6,621,0,380,120,380
85548,Reconnecting,0,0,3,6,0,0,6,621,0,380,120,380
85799,Reconnecting,0,0,3,6,0,0,6,621,0,380,120,380
86049,Reconnecting,0,0,3,6,0,0,6,621,0,380,120,380
86298,Reconnecting,0,0,3,6,0,0,6,621,0,380,120,380
86548,Reconnecting,0,0,3,6,0,0,6,621,0,380,120,380
86797,Reconnecting,0,0,3,6,0,0,6,621,0,380,120,380
87045,Reconnecting,0,0,3,6,0,0,6,621,0,380,120,380
87297,Reconnecting,0,0,3,6,0,0,6,621,0,380,120,380
87545,Reconnecting,0,0,3,6,0,0,7,621,0,380,120,380
87795,Reconnecting,0,0,3,6,0,0,7,621,0,380,120,380
88047,Reconnecting,0,0,3,6,0,0,7,627,8,380,120,380
88293,Reconnecting,0,0,3,6,0,0,7,627,8,380,120,380
88544,Reconnecting,0,0,3,6,0,0,7,627,8,380,120,380
88793,Reconnecting,0,0,3,6,0,0,7,627,8,380,120,380
89040,Reconnecting,0,0,3,6,0,0,7,627,8,380,120,380
89293,Reconnecting,0,0,3,6,0,0,7,627,8,380,120,380
89545,Reconnecting,0,0,3,6,0,0,7,627,8,380,120,380
89794,Reconnecting,0,0,3,6,0,0,7,627,8,380,120,380
90052,Reconnecting,0,0,3,6,0,0,7,627,8,380,120,380
90293,Reconnecting,0,0,3,6,0,0,7,627,8,380,120,380
90545,Reconnecting,0,0,3,6,0,0,7,627,8,380,120,380
90793,Reconnecting,0,0,3,6,0,0,7,627,8,380,120,380
91040,Reconnecting,0,0,3,6,0,0,7,627,8,380,120,380
91292,Reconnecting,0,0,3,6,0,0,7,627,8,380,120,380
91543,Reconnecting,0,0,3,6,0,0,7,627,8,380,120,380
91794,Reconnecting,0,0,3,6,0,0,7,627,8,380,120,380
92043,Reconnecting,0,0,3,6,0,0,7,627,8,380,120,380
92301,Reconnecting,0,0,3,6,0,0,7,627,8,380,120,380
92542,Reconnecting,0,0,3,6,0,0,7,627,8,380,120,380
92790,Reconnecting,0,0,3,6,0,0,7,627,8,380,120,380
93043,Reconnecting,0,0,3,6,0,0,8,627,8,380,120,380
93290,Reconnecting,0,0,3,6,0,0,8,627,8,380,120,380
93540,Reconnecting,0,0,3,6,0,0,8,634,0,380,120,380
93789,Reconnecting,0,0,3,6,0,0,8,634,0,380,120,380
94039,Reconnecting,0,0,3,6,0,0,8,634,0,380,120,380
94289,Reconnecting,0,0,3,6,0,0,8,634,0,380,120,380
94536,Reconnecting,0,0,3,6,0,0,8,634,0,380,120,380
94786,Reconnecting,0,0,3,6,0,0,8,634,0,380,120,380
95032,Reconnecting,0,0,3,6,0,0,8,634,0,380,120,380
95298,Reconnecting,0,0,3,6,0,0,8,634,0,380,120,380
95547,Reconnecting,0,0,3,6,0,0,8,634,0,380,120,380
95798,Reconnecting,0,0,3,6,0,0,8,634,0,380,120,380
96043,Reconnecting,0,0,3,6,0,0,8,634,0,380,120,380
96293,Reconnecting,0,0,3,6,0,0,8,634,0,380,120,380
96551,Reconnecting,0,0,3,6,0,0,8,634,0,380,120,380
96797,Reconnecting,0,0,3,6,0,0,8,634,0,380,120,380
97057,Reconnecting,0,0,3,6,0,0,8,634,0,380,120,380
97253,Reconnecting,0,0,3,6,0,0,8,634,0,380,120,380
97514,Reconnecting,0,0,3,6,0,0,8,634,0,380,120,380
97756,Reconnecting,0,0,3,6,0,0,8,634,0,380,120,380
98011,Reconnecting,0,0,3,6,0,0,8,634,0,380,120,380
98257,Reconnecting,0,0,3,6,0,0,8,634,0,380,120,380
98507,Reconnecting,0,0,3,6,0,0,9,634,0,380,120,380
98756,Reconnecting,0,0,3,6,0,0,9,634,0,380,120,380
99006,Reconnecting,0,0,3,6,0,0,9,642,0,380,0,380
99255,Reconnecting,774144,2194,3,6,0,0,9,654,64,380,64,380
99510,Reconnecting,1290240,3657,3,6,0,0,9,668,0,380,0,380
99761,Playing,1767424,5009,3,6,0,0,9,682,0,380,0,380
100011,Playing,1990656,5642,3,6,0,0,9,692,40,380,40,380
100266,Playing,1974272,5596,3,6,0,0,9,694,0,380,0,380
100511,Playing,1910784,5416,3,6,0,0,9,695,123,380,124,380
100761,Playing,1922048,5447,3,6,0,0,9,698,127,380,127,380
101010,Playing,1896448,5375,3,6,0,0,9,701,31,380,31,380
101264,Playing,1880064,5328,3,6,0,0,9,703,0,380,0,380
101523,Playing,1891328,5360,3,6,0,0,9,706,0,380,0,380
101765,Playing,1827840,5180,3,6,0,0,9,707,124,380,124,380
102014,Playing,1820672,5160,3,6,0,0,9,710,37,380,37,380
102263,Playing,1804288,5114,3,6,0,0,9,712,0,380,0,380
102541,Playing,1807360,5122,3,6,0,0,9,715,0,380,0,380
102790,Playing,1790976,5076,3,6,0,0,9,717,170,380,170,380
103039,Playing,1736704,4922,3,6,0,0,9,719,33,380,33,380
103290,Playing,1738752,4928,3,6,0,0,9,723,115,380,115,380
103539,Playing,1740800,4934,3,6,0,0,9,726,126,380,126,380
103790,Playing,1715200,4861,3,6,0,0,9,728,68,380,68,380
104040,Playing,1642496,4655,3,6,0,0,9,730,44,380,44,380
104289,Playing,1644544,4661,3,6,0,0,9,733,124,380,125,380
104539,Playing,1655808,4693,3,6,0,0,9,735,1,380,1,380
104789,Playing,1630208,4620,3,6,0,0,9,737,82,380,82,380
105039,Playing,1649664,4675,3,6,0,0,9,741,1,380,1,380
105287,Playing,1559552,4420,3,6,0,0,9,741,1,380,1,380
105536,Playing,1589248,4504,3,6,0,0,9,746,0,422,0,422
105789,Playing,1516544,4298,3,6,0,0,9,749,31,422,31,422
106035,Playing,1518592,4304,3,6,0,0,9,752,125,422,125,422
106285,Playing,1511424,4284,3,6,0,0,9,754,0,422,0,422
106535,Playing,1495040,4237,3,6,0,0,9,757,0,422,0,422
106784,Playing,1440768,4083,3,6,0,0,9,759,80,422,80,422
107034,Playing,1442816,4089,3,6,0,0,9,763,115,422,115,422
107285,Playing,1444864,4095,3,6,0,0,9,766,125,422,125,422
107532,Playing,1427456,4046,3,6,0,0,9,768,83,422,83,422
107785,Playing,1346560,3816,3,6,0,0,9,770,31,422,31,422
108032,Playing,1348608,3822,3,6,0,0,9,773,125,422,125,422
108282,Playing,1323008,3750,3,6,0,0,9,777,1,422,1,422
108534,Playing,1296384,3674,3,6,0,0,9,779,82,422,82,422
108781,Playing,1224704,3471,3,6,0,0,9,780,46,422,46,422
109032,Playing,1217536,3451,3,6,0,0,9,784,123,422,123,422
109280,Playing,1201152,3404,3,6,0,0,9,787,123,422,123,422
109531,Playing,1211392,3433,3,6,0,0,9,790,48,422,48,422
109777,Playing,1204224,3413,3,6,0,0,9,793,9,422,9,422
110032,Playing,1114112,3157,3,6,0,0,9,793,9,422,9,422
110281,Playing,1116160,3163,3,6,0,0,9,796,104,423,104,424
110561,Playing,1100800,3120,3,6,0,0,9,799,22,423,22,424
110807,Playing,1111040,3149,3,6,0,0,9,802,3,423,3,424
111061,Playing,1094656,3102,3,6,0,0,9,804,0,423,0,424
111307,Playing,1087488,3082,3,6,0,0,9,807,6,423,6,424
111561,Playing,997376,2827,3,6,0,0,9,808,34,423,34,424
111807,Playing,999424,2832,3,6,0,0,9,811,125,423,125,424
112060,Playing,1000448,2835,3,6,0,0,9,814,123,423,124,424
112340,Playing,967680,2742,3,6,0,0,9,817,96,423,96,424
112526,Playing,902144,2557,3,6,0,0,9,817,96,423,96,424
112776,Playing,921600,2612,3,6,0,0,9,820,124,423,124,424
113025,Playing,932864,2644,3,6,0,0,9,823,124,423,124,424
113277,Playing,925696,2623,3,6,0,0,9,826,50,423,50,424
113530,Playing,918528,2603,3,6,0,0,9,828,0,423,0,424
113780,Playing,855040,2423,3,6,0,0,9,829,124,423,124,424
114030,Playing,847872,2403,3,6,0,0,9,833,126,423,126,424
114279,Playing,831488,2356,3,6,0,0,9,836,81,423,81,424
114528,Playing,833536,2362,3,6,0,0,9,840,7,423,7,424
114777,Playing,806912,2287,3,6,0,0,9,843,3,423,167,424
115026,Playing,753664,2136,3,6,0,0,9,844,128,423,128,424
115276,Playing,737280,2089,3,6,0,0,9,848,36,423,36,424
115539,Playing,720896,2043,3,6,0,0,9,851,53,423,53,424
115793,Playing,704512,1996,3,6,0,0,9,853,0,423,0,424
116040,Playing,632832,1793,3,6,0,0,9,854,125,423,125,424
116290,Playing,708608,2008,3,6,0,0,9,859,10,423,10,424
116540,Playing,626688,1776,3,6,0,0,9,860,4,423,4,424
116790,Playing,610304,1729,3,6,0,0,9,862,0,423,0,424
117038,Playing,603136,1709,3,6,0,0,9,866,31,423,31,424
117290,Playing,586752,1663,3,6,0,0,9,868,0,423,0,424
117538,Playing,523264,1483,3,6,0,0,9,869,125,423,125,424
117789,Playing,534528,1515,3,6,0,0,9,872,128,423,128,424
118056,Playing,546816,1549,3,6,0,0,9,875,171,423,172,424
118313,Playing,530432,1503,3,6,0,0,9,877,1,423,1,424
118557,Playing,559104,1584,3,6,0,0,9,881,4,423,4,424
118761,Playing,485376,1375,3,6,0,0,9,881,4,423,4,424
119011,Playing,459776,1303,3,6,0,0,9,885,37,423,37,424
119264,Playing,434176,1230,3,6,0,0,9,887,0,423,0,424
119527,Playing,473088,1340,3,6,0,0,9,890,2,423,2,424
119789,Playing,438272,1242,3,6,0,0,9,891,274,423,274,424
120040,Playing,375808,1065,3,6,0,0,9,893,44,423,44,424
120290,Playing,387072,1097,3,6,0,0,9,896,127,423,127,424
120539,Playing,379904,1076,3,6,0,0,9,898,0,423,0,424
120789,Playing,344064,975,3,6,0,0,9,900,173,423,173,424
121039,Playing,281600,798,3,6,0,0,9,902,62,423,62,424
121284,Playing,292864,830,3,6,0,0,9,905,136,423,136,424
121561,Playing,277504,786,3,6,0,0,9,907,7,423,7,424
121756,Playing,258048,731,3,6,0,0,9,910,6,423,6,424
122001,Playing,306176,867,3,6,0,0,9,913,0,423,0,424
122322,Playing,199680,565,3,6,0,0,9,914,96,423,96,424
122528,Playing,199680,565,3,6,0,0,9,916,3,423,3,424
122781,Playing,118784,336,3,6,0,0,9,920,33,423,33,424
123032,Playing,102400,290,3,6,0,0,9,922,1,423,1,424
123297,Playing,113664,322,3,6,0,0,9,926,7,423,7,424
123548,Playing,69632,197,3,6,0,0,9,927,280,423,280,424
123797,Playing,7168,20,3,6,0,0,9,929,46,423,46,424
124048,Buffering,101376,287,4,6,0,0,9,932,127,423,127,424
124255,Buffering,184320,522,4,6,0,0,9,935,4,423,4,424
124565,Buffering,211968,600,4,6,0,0,9,937,0,423,0,424
124753,Buffering,239616,679,4,6,0,0,9,939,59,423,59,424
125003,Buffering,340992,966,4,6,0,0,9,942,126,423,126,424
125265,Buffering,380928,1079,4,7,0,0,9,943,187,423,187,424
125519,Buffering,401408,1137,4,7,0,0,9,945,179,423,179,424
125785,Buffering,366592,1039,4,7,0,0,9,946,124,423,124,424
126034,Buffering,377856,1071,4,7,0,0,9,949,132,423,132,424
126281,Buffering,389120,1102,4,7,0,0,9,952,120,423,121,424
126538,Buffering,363520,1030,4,7,0,0,9,954,81,423,81,424
126801,Buffering,356352,1010,4,7,0,0,9,959,53,423,53,424
127002,Buffering,282624,801,4,7,0,0,9,959,53,423,53,424
127256,Buffering,284672,806,4,7,0,0,9,962,129,423,130,424
127515,Buffering,259072,734,4,7,0,0,9,964,48,423,48,424
127764,Buffering,270336,766,4,7,0,0,9,968,58,423,58,424
128031,Buffering,180224,510,4,7,0,0,9,968,58,423,58,424
128289,Buffering,163840,464,4,7,0,0,9,971,119,423,119,424
128543,Buffering,82944,235,4,7,0,0,9,974,34,423,34,424
128873,Buffering,60416,171,4,7,0,0,9,977,125,423,125,424
129060,Buffering,88064,249,4,7,0,0,9,980,109,423,109,424
129309,Buffering,70656,200,4,7,0,0,9,983,7,423,7,424
129501,Buffering,0,0,4,7,0,0,9,984,35,423,35,424
129751,Playing,83968,238,4,8,0,0,9,987,126,423,126,424
130061,Playing,70656,200,4,8,0,0,9,990,124,423,124,424
130311,Playing,62464,177,4,8,0,0,9,994,37,423,37,424
130559,Playing,0,0,4,8,0,0,9,994,37,423,37,424
130809,Buffering,92160,261,5,8,0,0,9,997,124,423,124,424
131061,Buffering,193536,548,5,8,0,0,9,1000,126,423,126,424
131310,Buffering,267264,757,5,8,0,0,9,1004,39,423,39,424
131559,Buffering,340992,966,5,8,0,0,9,1006,0,423,0,424
131809,Buffering,302080,856,5,9,0,0,9,1007,124,423,124,424
132001,Buffering,337920,957,5,9,0,0,9,1010,124,423,124,424
132252,Buffering,312320,885,5,9,0,0,9,1012,83,423,83,424
132560,Buffering,325632,922,5,9,0,0,9,1015,3,423,3,424
132807,Buffering,336896,954,5,9,0,0,9,1018,6,423,7,424
133059,Buffering,246784,699,5,9,0,0,9,1019,118,423,118,424
133306,Buffering,221184,626,5,9,0,0,9,1023,45,423,45,424
133560,Buffering,204800,580,5,9,0,0,9,1026,57,423,57,424
133807,Buffering,196608,557,5,9,0,0,9,1028,0,423,0,424
134001,Buffering,141312,400,5,9,0,0,9,1029,124,423,124,424
134305,Buffering,163840,464,5,9,0,0,9,1034,0,423,0,424
134556,Buffering,109568,310,5,9,0,0,9,1035,125,423,125,424
134806,Buffering,120832,342,5,9,0,0,9,1038,126,423,126,424
135055,Buffering,104448,296,5,9,0,0,9,1042,37,423,37,424
135305,Buffering,88064,249,5,9,0,0,9,1044,0,423,0,424
135556,Buffering,24576,69,5,9,0,0,9,1045,125,423,125,424
135807,Buffering,35840,101,5,9,0,0,9,1048,125,423,125,424
136060,Buffering,28672,81,5,9,0,0,9,1052,37,423,37,424
136310,Buffering,64512,182,5,9,0,0,9,1054,3,423,3,424
136514,Playing,34816,98,5,10,0,0,9,1055,121,423,121,424
136762,Playing,54272,153,5,10,0,0,9,1058,124,423,124,424
137014,Playing,37888,107,5,10,0,0,9,1062,39,423,39,424
137264,Buffering,73728,208,6,10,0,0,9,1064,0,423,0,424
137515,Buffering,175104,496,6,10,0,0,9,1068,115,423,115,424
137764,Buffering,175104,496,6,10,0,0,9,1068,115,423,115,424
138016,Buffering,239616,679,6,10,0,0,9,1072,33,423,33,424
138264,Buffering,313344,888,6,10,0,0,9,1074,0,423,0,424
138513,Buffering,398336,1129,6,11,0,0,9,1077,0,423,0,424
138761,Buffering,334848,949,6,11,0,0,9,1078,127,423,127,424
139010,Buffering,318464,902,6,11,0,0,9,1082,51,423,51,424
139263,Buffering,302080,856,6,11,0,0,9,1085,61,423,61,424
139527,Buffering,304128,862,6,11,0,0,9,1088,125,423,125,424
139776,Buffering,269312,763,6,11,0,0,9,1089,308,423,308,424
140027,Buffering,280576,795,6,11,0,0,9,1094,0,423,0,424
140277,Buffering,190464,539,6,11,0,0,9,1095,46,423,46,424
140527,Buffering,191488,542,6,11,0,0,9,1099,107,423,107,424
140778,Buffering,165888,470,6,11,0,0,9,1103,3,423,3,424
141023,Buffering,149504,423,6,11,0,0,9,1105,0,423,0,424
141271,Buffering,86016,243,6,11,0,0,9,1106,125,423,125,424
141522,Buffering,97280,275,6,11,0,0,9,1108,0,423,0,424
141772,Buffering,80896,229,6,11,0,0,9,1112,29,423,29,424
142023,Buffering,64512,182,6,11,0,0,9,1114,0,423,0,424
142269,Buffering,102400,290,6,11,0,0,9,1117,0,423,0,424
142522,Buffering,12288,34,6,11,0,0,9,1117,0,423,0,424
142769,Buffering,73728,208,6,11,0,0,9,1121,35,423,35,424
143017,Reconnecting,0,0,6,12,0,0,9,1122,113,423,113,424
143300,Reconnecting,0,0,6,12,0,0,9,1122,113,423,113,424
143551,Reconnecting,0,0,6,12,0,0,9,1122,113,423,113,424
143807,Reconnecting,0,0,6,12,0,0,9,1122,113,423,113,424
144048,Reconnecting,0,0,6,12,0,0,9,1122,113,423,113,424
144301,Reconnecting,0,0,6,12,0,0,9,1122,113,423,113,424
144551,Reconnecting,0,0,6,12,0,0,9,1122,113,423,113,424
144798,Reconnecting,0,0,6,12,0,0,9,1122,113,423,113,424
145047,Reconnecting,0,0,6,12,0,0,9,1122,113,423,113,424
145297,Reconnecting,0,0,6,12,0,0,9,1122,113,423,113,424
145501,Reconnecting,0,0,6,12,0,0,9,1122,113,423,113,424
145756,Reconnecting,0,0,6,12,0,0,9,1122,113,423,113,424
146005,Reconnecting,0,0,6,12,0,0,9,1122,113,423,113,424
146260,Reconnecting,0,0,6,12,0,0,9,1122,113,423,113,424
146505,Reconnecting,0,0,6,12,0,0,9,1122,113,423,113,424
146752,Reconnecting,0,0,6,12,0,0,9,1122,113,423,113,424
147001,Reconnecting,0,0,6,12,0,0,9,1122,113,423,113,424
147252,Reconnecting,0,0,6,12,0,0,9,1122,113,423,113,424
147502,Reconnecting,0,0,6,12,0,0,9,1122,113,423,113,424
147751,Reconnecting,0,0,6,12,0,0,9,1122,113,423,113,424
148001,Reconnecting,0,0,6,12,0,0,10,1122,113,423,113,424
148251,Reconnecting,0,0,6,12,0,0,10,1124,0,423,18,424
148501,Reconnecting,645120,1828,6,12,0,0,10,1138,0,423,0,424
148754,Playing,1428480,4048,6,12,0,0,10,1156,0,423,0,424
149000,Playing,1982464,5619,6,12,0,0,10,1170,0,423,0,424
149314,Playing,2098176,5947,6,12,0,0,10,1176,103,423,103,424
149500,Playing,2032640,5761,6,12,0,0,10,1176,103,423,103,424
149750,Playing,2016256,5715,6,12,0,0,10,1180,30,423,30,424
150060,Playing,2084864,5909,6,12,0,0,10,1185,0,423,0,424
150306,Playing,2013184,5706,6,12,0,0,10,1186,119,423,120,424
150555,Playing,2023424,5735,6,12,0,0,10,1189,26,423,26,424
150805,Playing,2025472,5741,6,12,0,0,10,1192,9,423,9,424
151052,Playing,2009088,5694,6,12,0,0,10,1195,1,423,1,424
151302,Playing,1937408,5491,6,12,0,0,10,1196,122,423,122,424
151552,Playing,1920000,5442,6,12,0,0,10,1200,10,423,10,424
151801,Playing,1903616,5395,6,12,0,0,10,1202,2,423,2,424
152052,Playing,1887232,5349,6,12,0,0,10,1205,0,423,0,424
152303,Playing,1870848,5302,6,12,0,0,10,1207,173,423,173,424
152551,Playing,1890304,5358,6,12,0,0,10,1211,0,423,0,424
152798,Playing,1818624,5154,6,12,0,0,10,1212,119,423,119,424
153047,Playing,1811456,5134,6,12,0,0,10,1214,0,423,0,424
153303,Playing,1804288,5114,6,12,0,0,10,1216,171,423,171,424
153550,Playing,1823744,5169,6,12,0,0,10,1220,0,423,0,424
153798,Playing,1752064,4966,6,12,0,0,10,1221,120,423,120,424
154048,Playing,1744896,4945,6,12,0,0,10,1223,0,423,0,424
154315,Playing,1710080,4847,6,12,0,0,10,1227,3,423,3,424
154509,Playing,1737728,4925,6,12,0,0,10,1231,0,423,0,424
154757,Playing,1655808,4693,6,12,0,0,10,1232,87,423,87,424
155002,Playing,1657856,4699,6,12,0,0,10,1235,119,423,119,424
155254,Playing,1623040,4600,6,12,0,0,10,1236,313,423,313,424
155507,Playing,1643520,4658,6,12,0,0,10,1241,9,423,9,424
155755,Playing,1635328,4635,6,12,0,0,10,1244,0,423,0,424
156052,Playing,1602560,4542,6,12,0,0,10,1247,5,423,5,424
156303,Playing,1540096,4365,6,12,0,0,10,1249,74,423,74,424
156552,Playing,1542144,4371,6,12,0,0,10,1252,118,423,118,424
156806,Playing,1543168,4374,6,12,0,0,10,1254,0,423,0,424
157055,Playing,1536000,4353,6,12,0,0,10,1256,171,423,171,424
157304,Playing,1473536,4176,6,12,0,0,10,1258,28,423,28,424
157506,Playing,1473536,4176,6,12,0,0,10,1260,0,423,0,424
157754,Playing,1492992,4231,6,12,0,0,10,1263,0,423,0,424
158010,Playing,1485824,4211,6,12,0,0,10,1265,178,423,178,424
158260,Playing,1497088,4243,6,12,0,0,10,1269,0,423,0,424
158510,Playing,1425408,4040,6,12,0,0,10,1270,121,423,121,424
158760,Playing,1418240,4019,6,12,0,0,10,1272,2,423,2,424
159010,Playing,1410048,3996,6,12,0,0,10,1274,173,423,173,424
159263,Playing,1448960,4107,6,12,0,0,10,1278,0,423,0,424
159513,Playing,1377280,3903,6,12,0,0,10,1279,118,423,118,424
159763,Playing,1388544,3935,6,12,0,0,10,1282,119,423,119,424
160013,Playing,1381376,3915,6,12,0,0,10,1284,92,423,93,424
160263,Playing,1373184,3892,6,12,0,0,10,1287,0,423,0,424
160515,Playing,1384448,3924,6,12,0,0,10,1290,0,423,0,424
160766,Playing,1312768,3720,6,12,0,0,10,1291,120,423,120,424
161013,Playing,1314816,3726,6,12,0,0,10,1294,26,423,26,424
161267,Playing,1325056,3755,6,12,0,0,10,1297,119,423,120,424
161522,Playing,1317888,3735,6,12,0,0,10,1299,0,423,0,424
161768,Playing,1310720,3715,6,12,0,0,10,1301,173,423,173,424
162018,Playing,1248256,3538,6,12,0,0,10,1303,29,423,29,424
162268,Playing,1250304,3543,6,12,0,0,10,1306,119,423,119,424
162518,Playing,1269760,3599,6,12,0,0,10,1309,120,423,120,424
162786,Playing,1235968,3503,6,12,0,0,10,1311,87,423,87,424
163016,Playing,1172480,3323,6,12,0,0,10,1312,45,423,46,424
163303,Playing,1175552,3332,6,12,0,0,10,1315,121,423,121,424
163531,Playing,1176576,3334,6,12,0,0,10,1318,15,423,15,424
163760,Playing,1168384,3311,6,12,0,0,10,1320,81,423,81,424
164035,Playing,1162240,3294,6,12,0,0,10,1324,123,423,123,424
164281,Playing,1080320,3062,6,12,0,0,10,1324,123,423,123,424
164548,Playing,1064960,3018,6,12,0,0,10,1327,110,423,110,424
164798,Playing,1057792,2998,6,12,0,0,10,1330,27,423,27,424
165047,Playing,1068032,3027,6,12,0,0,10,1333,123,423,124,424
165269,Playing,986112,2795,6,12,0,0,10,1333,123,423,124,424
165530,Playing,997376,2827,6,12,0,0,10,1337,112,423,112,424
165781,Playing,980992,2780,6,12,0,0,10,1340,42,423,42,424
166029,Playing,992256,2812,6,12,0,0,10,1343,118,423,118,424
166280,Playing,1011712,2867,6,12,0,0,10,1346,122,423,122,424
166528,Playing,921600,2612,6,12,0,0,10,1346,122,423,122,424
166780,Playing,914432,2591,6,12,0,0,10,1349,40,423,40,424
167029,Playing,925696,2623,6,12,0,0,10,1352,121,423,121,424
167279,Playing,945152,2679,6,12,0,0,10,1355,120,423,120,424
167527,Playing,937984,2658,6,12,0,0,10,1358,89,423,89,424
167776,Playing,847872,2403,6,12,0,0,10,1359,81,423,81,424
168040,Playing,849920,2409,6,12,0,0,10,1362,119,423,119,424
168292,Playing,861184,2440,6,12,0,0,10,1365,120,423,120,424
168538,Playing,863232,2446,6,12,0,0,10,1368,26,423,26,424
168789,Playing,846848,2400,6,12,0,0,10,1370,0,423,0,424
169037,Playing,783360,2220,6,12,0,0,10,1371,120,423,120,424
169290,Playing,794624,2252,6,12,0,0,10,1375,110,423,110,424
169539,Playing,778240,2205,6,12,0,0,10,1378,37,423,37,424
169789,Playing,789504,2237,6,12,0,0,10,1381,118,423,118,424
170039,Playing,790528,2240,6,12,0,0,10,1383,0,423,0,424
170290,Playing,718848,2037,6,12,0,0,10,1384,120,423,120,424
170542,Playing,711680,2017,6,12,0,0,10,1387,35,423,35,424
170788,Playing,713728,2023,6,12,0,0,10,1391,101,423,101,424
171038,Playing,696320,1973,6,12,0,0,10,1393,3,423,3,424
171285,Playing,633856,1796,6,12,0,0,10,1394,118,423,118,424
171539,Playing,700416,1985,6,12,0,0,10,1399,1,423,1,424
171786,Playing,628736,1782,6,12,0,0,10,1400,120,423,120,424
172036,Playing,648192,1837,6,12,0,0,10,1403,120,423,120,424
172290,Playing,604160,1712,6,12,0,0,10,1405,0,423,0,424
172551,Playing,607232,1721,6,12,0,0,10,1409,0,423,0,424
172755,Playing,560128,1587,6,12,0,0,10,1410,125,423,125,424
173002,Playing,571392,1619,6,12,0,0,10,1414,120,423,120,424
173255,Playing,555008,1573,6,12,0,0,10,1417,37,423,37,424
173507,Playing,547840,1552,6,12,0,0,10,1419,0,423,0,424
173752,Playing,484352,1372,6,12,0,0,10,1420,119,423,119,424
174006,Playing,495616,1404,6,12,0,0,10,1423,119,423,119,424
174254,Playing,488448,1384,6,12,0,0,10,1426,38,423,38,424
174519,Playing,472064,1338,6,12,0,0,10,1428,0,423,0,424
174776,Playing,492544,1396,6,12,0,0,10,1431,0,423,0,424
175021,Playing,420864,1192,6,12,0,0,10,1432,118,423,119,424
175272,Playing,413696,1172,6,12,0,0,10,1435,28,423,28,424
175519,Playing,415744,1178,6,12,0,0,10,1438,120,423,120,424
175767,Playing,416768,1181,6,12,0,0,10,1440,0,423,0,424
176018,Playing,428032,1213,6,12,0,0,10,1444,29,423,29,424
176269,Playing,411648,1166,6,12,0,0,10,1446,3,423,3,424
176556,Playing,331776,940,6,12,0,0,10,1447,116,423,116,424
176809,Playing,343040,972,6,12,0,0,10,1450,122,423,122,424
177047,Playing,344064,975,6,12,0,0,10,1453,37,423,37,424
177298,Playing,336896,954,6,12,0,0,10,1455,0,423,0,424
177552,Playing,348160,986,6,12,0,0,10,1458,0,423,0,424
177811,Playing,276480,783,6,12,0,0,10,1459,118,423,118,424
178063,Playing,250880,711,6,12,0,0,10,1461,81,423,81,424
178310,Playing,280576,795,6,12,0,0,10,1465,121,423,121,424
178560,Playing,273408,774,6,12,0,0,10,1467,0,423,0,424
178809,Playing,265216,751,6,12,0,0,10,1469,176,423,176,424
179059,Playing,202752,574,6,12,0,0,10,1471,28,423,28,424
179309,Playing,204800,580,6,12,0,0,10,1474,120,423,120,424
179559,Playing,205824,583,6,12,0,0,10,1476,0,423,0,424
179806,Playing,189440,536,6,12,0,0,10,1478,176,423,176,424
180056,Playing,136192,386,6,12,0,0,10,1480,32,423,32,424
180304,Playing,138240,391,6,12,0,0,10,1483,120,423,120,424
180554,Playing,157696,446,6,12,0,0,10,1487,105,423,105,424
180805,Playing,122880,348,6,12,0,0,10,1489,83,423,83,424
181056,Playing,115712,327,6,12,0,0,10,1494,36,423,36,424
181304,Playing,25600,72,6,12,0,0,10,1494,36,423,36,424
181554,Buffering,92160,261,7,12,0,0,10,1497,120,423,120,424
181801,Buffering,156672,444,7,12,0,0,10,1500,26,423,26,424
182051,Buffering,248832,705,7,12,0,0,10,1503,119,423,119,424
182302,Buffering,331776,940,7,12,0,0,10,1505,0,423,0,424
182552,Buffering,389120,1102,7,13,0,0,10,1507,182,423,182,424
182802,Buffering,334848,949,7,13,0,0,10,1509,29,423,29,424
183051,Buffering,336896,954,7,13,0,0,10,1512,119,423,119,424
183300,Buffering,320512,908,7,13,0,0,10,1514,0,423,0,424
183548,Buffering,303104,859,7,13,0,0,10,1517,1,423,1,424
183797,Buffering,249856,708,7,13,0,0,10,1519,32,423,32,424
184046,Buffering,251904,714,7,13,0,0,10,1522,120,423,120,424
184297,Buffering,263168,745,7,13,0,0,10,1526,111,423,111,424
184547,Buffering,236544,670,7,13,0,0,10,1528,83,423,83,424
184797,Buffering,155648,441,7,13,0,0,10,1530,28,423,28,424
185047,Buffering,157696,446,7,13,0,0,10,1533,123,423,123,424
185297,Buffering,168960,478,7,13,0,0,10,1536,121,423,121,424
185549,Buffering,143360,406,7,13,0,0,10,1538,79,423,79,424
185800,Buffering,71680,203,7,13,0,0,10,1539,38,423,38,424
186052,Buffering,81920,232,7,13,0,0,10,1543,104,423,104,424
186304,Buffering,83968,238,7,13,0,0,10,1546,120,423,120,424
186554,Buffering,76800,217,7,13,0,0,10,1549,29,423,29,424
186804,Buffering,78848,223,7,13,0,0,10,1552,122,423,122,424
187052,Buffering,0,0,7,13,0,0,10,1552,122,423,122,424
187301,Playing,123904,351,7,14,0,0,10,1556,36,423,36,424
187552,Playing,61440,174,7,14,0,0,10,1558,28,423,28,424
187802,Playing,63488,179,7,14,0,0,10,1561,119,423,120,424
188050,Playing,27648,78,7,14,0,0,10,1562,312,423,120,424
188300,Buffering,101376,287,8,14,0,0,10,1566,119,423,119,424
188547,Buffering,110592,313,8,14,0,0,10,1568,28,423,28,424
188795,Buffering,202752,574,8,14,0,0,10,1571,119,423,119,424
189043,Buffering,304128,862,8,14,0,0,10,1574,119,423,119,424
189269,Buffering,335872,952,8,15,0,0,10,1576,90,423,90,424
189509,Buffering,272384,772,8,15,0,0,10,1577,38,423,38,424
189759,Buffering,283648,803,8,15,0,0,10,1580,120,423,120,424
190009,Buffering,294912,835,8,15,0,0,10,1583,120,423,120,424
190259,Buffering,287744,815,8,15,0,0,10,1585,90,423,90,424
190509,Buffering,205824,583,8,15,0,0,10,1586,30,423,30,424
190791,Buffering,199680,565,8,15,0,0,10,1589,125,423,125,424
191039,Buffering,210944,597,8,15,0,0,10,1592,119,423,119,424
191287,Buffering,203776,577,8,15,0,0,10,1595,26,423,26,424
191537,Buffering,205824,583,8,15,0,0,10,1598,8,423,8,424
191788,Buffering,123904,351,8,15,0,0,10,1599,112,423,112,424
192034,Buffering,125952,357,8,15,0,0,10,1602,119,423,119,424
192284,Buffering,109568,310,8,15,0,0,10,1606,27,423,27,424
192532,Buffering,101376,287,8,15,0,0,10,1609,34,423,34,424
192781,Buffering,84992,240,8,15,0,0,10,1611,0,423,0,424
193035,Buffering,77824,220,8,15,0,0,10,1614,9,423,9,424
193283,Buffering,0,0,8,15,0,0,10,1615,31,423,31,424
193531,Playing,59392,168,8,16,0,0,10,1618,120,423,120,424
193788,Buffering,82944,235,9,16,0,0,10,1620,0,423,0,424
194031,Buffering,165888,470,9,16,0,0,10,1624,27,423,27,424
194283,Buffering,239616,679,9,16,0,0,10,1626,1,423,1,424
194536,Buffering,258048,731,9,16,0,0,10,1627,121,423,121,424
194781,Buffering,326656,925,9,17,0,0,10,1630,123,423,123,424
195033,Buffering,319488,905,9,17,0,0,10,1633,33,423,33,424
195281,Buffering,321536,911,9,17,0,0,10,1636,6,423,7,424
195530,Buffering,231424,655,9,17,0,0,10,1637,116,423,116,424
195779,Buffering,241664,684,9,17,0,0,10,1640,120,423,120,424
196029,Buffering,225280,638,9,17,0,0,10,1644,28,423,28,424
196277,Buffering,208896,592,9,17,0,0,10,1646,0,423,0,424
196529,Buffering,220160,624,9,17,0,0,10,1649,1,423,1,424
196780,Buffering,148480,420,9,17,0,0,10,1650,120,423,120,424
197046,Buffering,141312,400,9,17,0,0,10,1653,36,423,36,424
197297,Buffering,124928,354,9,17,0,0,10,1655,0,423,0,424
197547,Buffering,145408,412,9,17,0,0,10,1658,0,423,0,424
197800,Buffering,137216,388,9,17,0,0,10,1660,172,423,172,424
198050,Buffering,157696,446,9,17,0,0,10,1664,0,423,0,424
198296,Buffering,86016,243,9,17,0,0,10,1665,119,423,120,424
198544,Buffering,87040,246,9,17,0,0,10,1667,0,423,0,424
198796,Buffering,98304,278,9,17,0,0,10,1671,28,423,28,424
199044,Buffering,100352,284,9,17,0,0,10,1674,11,423,11,424
199293,Buffering,83968,238,9,17,0,0,10,1677,0,423,0,424
199543,Buffering,20480,58,9,17,0,0,10,1678,120,423,120,424
199796,Buffering,4096,11,9,17,0,0,10,1682,27,423,27,424
200043,Buffering,73728,208,9,17,0,0,10,1684,0,423,0,424
200292,Reconnecting,0,0,9,18,0,0,10,1685,119,423,119,424
200542,Reconnecting,0,0,9,18,0,0,10,1685,119,423,119,424
200792,Reconnecting,0,0,9,18,0,0,10,1685,119,423,119,424
201042,Reconnecting,0,0,9,18,0,0,10,1685,119,423,119,424
201289,Reconnecting,0,0,9,18,0,0,10,1685,119,423,119,424
201539,Reconnecting,0,0,9,18,0,0,10,1685,119,423,119,424
201788,Reconnecting,0,0,9,18,0,0,10,1685,119,423,119,424
202038,Reconnecting,0,0,9,18,0,0,10,1685,119,423,119,424
202288,Reconnecting,0,0,9,18,0,0,10,1685,119,423,119,424
202537,Reconnecting,0,0,9,18,0,0,10,1685,119,423,119,424
202788,Reconnecting,0,0,9,18,0,0,10,1685,119,423,119,424
203037,Reconnecting,0,0,9,18,0,0,10,1685,119,423,119,424
203288,Reconnecting,0,0,9,18,0,0,10,1685,119,423,119,424
203537,Reconnecting,0,0,9,18,0,0,10,1685,119,423,119,424
203789,Reconnecting,0,0,9,18,0,0,10,1685,119,423,119,424
204038,Reconnecting,0,0,9,18,0,0,10,1685,119,423,119,424
204289,Reconnecting,0,0,9,18,0,0,10,1685,119,423,119,424
204539,Reconnecting,0,0,9,18,0,0,10,1685,119,423,119,424
204789,Reconnecting,0,0,9,18,0,0,10,1685,119,423,119,424
205037,Reconnecting,0,0,9,18,0,0,10,1685,119,423,119,424
205288,Reconnecting,0,0,9,18,0,0,11,1685,119,423,119,424
205534,Reconnecting,0,0,9,18,0,0,11,1691,4,423,119,424
205788,Reconnecting,0,0,9,18,0,0,11,1691,4,423,119,424
206039,Reconnecting,0,0,9,18,0,0,11,1691,4,423,119,424
206285,Reconnecting,0,0,9,18,0,0,11,1691,4,423,119,424
206537,Reconnecting,0,0,9,18,0,0,11,1691,4,423,119,424
206788,Reconnecting,0,0,9,18,0,0,11,1691,4,423,119,424
207034,Reconnecting,0,0,9,18,0,0,11,1691,4,423,119,424
207284,Reconnecting,0,0,9,18,0,0,11,1691,4,423,119,424
207532,Reconnecting,0,0,9,18,0,0,11,1691,4,423,119,424
207784,Reconnecting,0,0,9,18,0,0,11,1691,4,423,119,424
208031,Reconnecting,0,0,9,18,0,0,11,1691,4,423,119,424
208282,Reconnecting,0,0,9,18,0,0,11,1691,4,423,119,424
208630,Reconnecting,0,0,9,18,0,0,11,1691,4,423,119,424
208750,Reconnecting,0,0,9,18,0,0,11,1691,4,423,119,424
209002,Reconnecting,0,0,9,18,0,0,11,1691,4,423,119,424
209251,Reconnecting,0,0,9,18,0,0,11,1691,4,423,119,424
209500,Reconnecting,0,0,9,18,0,0,11,1691,4,423,119,424
209750,Reconnecting,0,0,9,18,0,0,11,1691,4,423,119,424
210000,Reconnecting,0,0,9,18,0,0,11,1691,4,423,119,424
210250,Reconnecting,0,0,9,18,0,0,11,1691,4,423,119,424
210501,Reconnecting,0,0,9,18,0,0,11,1691,4,423,119,424
210750,Reconnecting,0,0,9,18,0,0,12,1691,4,423,119,424
211059,Reconnecting,0,0,9,18,0,0,12,1697,3,423,119,424
211308,Reconnecting,0,0,9,18,0,0,12,1697,3,423,119,424
211556,Reconnecting,0,0,9,18,0,0,12,1697,3,423,119,424
211809,Reconnecting,0,0,9,18,0,0,12,1697,3,423,119,424
212055,Reconnecting,0,0,9,18,0,0,12,1697,3,423,119,424
212304,Reconnecting,0,0,9,18,0,0,12,1697,3,423,119,424
212554,Reconnecting,0,0,9,18,0,0,12,1697,3,423,119,424
212804,Reconnecting,0,0,9,18,0,0,12,1697,3,423,119,424
213054,Reconnecting,0,0,9,18,0,0,12,1697,3,423,119,424
213308,Reconnecting,0,0,9,18,0,0,12,1697,3,423,119,424
213552,Reconnecting,0,0,9,18,0,0,12,1697,3,423,119,424
213801,Reconnecting,0,0,9,18,0,0,12,1697,3,423,119,424
214051,Reconnecting,0,0,9,18,0,0,12,1697,3,423,119,424
214300,Reconnecting,0,0,9,18,0,0,12,1697,3,423,119,424
214547,Reconnecting,0,0,9,18,0,0,12,1697,3,423,119,424
214797,Reconnecting,0,0,9,18,0,0,12,1697,3,423,119,424
215047,Reconnecting,0,0,9,18,0,0,12,1697,3,423,119,424
215301,Reconnecting,0,0,9,18,0,0,12,1697,3,423,119,424
215547,Reconnecting,0,0,9,18,0,0,12,1697,3,423,119,424
215800,Reconnecting,0,0,9,18,0,0,12,1697,3,423,119,424
216048,Reconnecting,0,0,9,18,0,0,13,1697,3,423,119,424
216297,Reconnecting,0,0,9,18,0,0,13,1698,4,423,119,424
216546,Reconnecting,202752,574,9,18,0,0,13,1706,1,423,1,424
216796,Reconnecting,1096704,3108,9,18,0,0,13,1724,23,423,23,424
217043,Playing,1625088,4606,9,18,0,0,13,1738,50,423,50,424
217293,Playing,1931264,5474,9,18,0,0,13,1747,0,423,0,424
217543,Playing,1933312,5479,9,18,0,0,13,1751,111,423,111,424
217792,Playing,1897472,5378,9,18,0,0,13,1756,26,423,26,424
218043,Playing,1881088,5331,9,18,0,0,13,1759,44,423,44,424
218296,Playing,1855488,5259,9,18,0,0,13,1761,2,423,2,424
218546,Playing,1793024,5082,9,18,0,0,13,1762,120,423,120,424
218796,Playing,1785856,5061,9,18,0,0,13,1765,33,423,33,424
219046,Playing,1805312,5117,9,18,0,0,13,1768,119,423,119,424
219295,Playing,1816576,5149,9,18,0,0,13,1771,119,423,119,424
219546,Playing,1809408,5128,9,18,0,0,13,1773,87,423,87,424
219816,Playing,1719296,4873,9,18,0,0,13,1774,32,423,32,424
220058,Playing,1702912,4826,9,18,0,0,13,1777,79,423,79,424
220309,Playing,1704960,4832,9,18,0,0,13,1780,120,423,121,424
220558,Playing,1705984,4835,9,18,0,0,13,1783,82,423,83,424
220809,Playing,1689600,4789,9,18,0,0,13,1786,0,423,0,424
221057,Playing,1617920,4585,9,18,0,0,13,1787,119,423,119,424
221306,Playing,1637376,4641,9,18,0,0,13,1791,108,423,108,424
221555,Playing,1611776,4568,9,18,0,0,13,1795,30,423,30,424
221804,Playing,1595392,4522,9,18,0,0,13,1798,35,423,35,424
222055,Playing,1505280,4266,9,18,0,0,13,1798,35,423,35,424
222305,Playing,1507328,4272,9,18,0,0,13,1801,121,423,121,424
222554,Playing,1508352,4275,9,18,0,0,13,1804,35,423,35,424
222804,Playing,1519616,4307,9,18,0,0,13,1807,121,423,121,424
223052,Playing,1512448,4286,9,18,0,0,13,1809,0,423,0,424
223301,Playing,1448960,4107,9,18,0,0,13,1810,119,423,119,424
223550,Playing,1441792,4086,9,18,0,0,13,1813,23,423,23,424
223800,Playing,1443840,4092,9,18,0,0,13,1816,119,423,119,424
224055,Playing,1455104,4124,9,18,0,0,13,1819,121,423,121,424
224300,Playing,1373184,3892,9,18,0,0,13,1819,121,423,121,424
224546,Playing,1366016,3871,9,18,0,0,13,1823,70,423,70,424
224796,Playing,1349632,3825,9,18,0,0,13,1826,82,423,82,424
225046,Playing,1359872,3854,9,18,0,0,13,1830,111,423,111,424
225295,Playing,1334272,3781,9,18,0,0,13,1834,32,423,32,424
225546,Playing,1317888,3735,9,18,0,0,13,1836,0,423,0,424
225793,Playing,1246208,3532,9,18,0,0,13,1837,121,423,121,424
226043,Playing,1265664,3587,9,18,0,0,13,1840,121,423,121,424
226293,Playing,1258496,3567,9,18,0,0,13,1843,38,423,38,424
226541,Playing,1242112,3520,9,18,0,0,13,1845,0,423,0,424
226792,Playing,1270784,3601,9,18,0,0,13,1848,0,423,0,424
227059,Playing,1190912,3375,9,18,0,0,13,1849,119,423,119,424
227309,Playing,1202176,3407,9,18,0,0,13,1852,38,423,38,424
227502,Playing,1238016,3509,9,18,0,0,13,1855,119,423,119,424
227751,Playing,1147904,3253,9,18,0,0,13,1855,119,423,119,424
228047,Playing,1142784,3239,9,18,0,0,13,1858,118,423,118,424
228263,Playing,1152000,3265,9,18,0,0,13,1861,1,423,1,424
228521,Playing,1154048,3271,9,18,0,0,13,1864,94,423,94,424
228763,Playing,1145856,3247,9,18,0,0,13,1866,0,423,0,424
229013,Playing,1074176,3044,9,18,0,0,13,1867,118,423,118,424
229259,Playing,1057792,2998,9,18,0,0,13,1871,28,423,28,424
229514,Playing,1041408,2951,9,18,0,0,13,1874,38,423,38,424
229789,Playing,1035264,2934,9,18,0,0,13,1877,120,423,120,424
230047,Playing,1000448,2835,9,18,0,0,13,1878,314,423,314,424
230317,Playing,1020928,2893,9,18,0,0,13,1882,0,423,0,424
230573,Playing,1004544,2847,9,18,0,0,13,1885,0,423,0,424
230758,Playing,930816,2638,9,18,0,0,13,1886,80,423,80,424
231034,Playing,914432,2591,9,18,0,0,13,1889,38,423,38,424
231289,Playing,824320,2336,9,18,0,0,13,1889,38,423,38,424
231518,Playing,935936,2652,9,18,0,0,13,1892,70,469,71,469
231805,Playing,829440,2351,9,18,0,0,13,1893,79,469,79,469
232046,Playing,848896,2406,9,18,0,0,13,1895,132,469,133,469
232250,Playing,876544,2484,9,18,0,0,13,1897,1,469,1,469
232593,Playing,827392,2345,9,18,0,0,13,1901,104,469,104,469
232871,Playing,729088,2066,9,18,0,0,13,1901,104,469,104,469
233026,Playing,744448,2110,9,18,0,0,13,1905,20,469,20,469
233368,Playing,796672,2258,9,18,0,0,13,1908,225,469,226,469
233501,Playing,747520,2118,9,18,0,0,13,1911,94,469,94,469
233818,Playing,696320,1973,9,18,0,0,13,1915,15,469,15,469
234104,Playing,589824,1671,9,18,0,0,13,1915,15,469,15,469
234285,Playing,616448,1747,9,18,0,0,13,1917,42,469,42,469
234535,Playing,635904,1802,9,18,0,0,13,1919,4,469,4,469
234784,Playing,628736,1782,9,18,0,0,13,1922,59,469,59,469
235034,Playing,621568,1761,9,18,0,0,13,1924,23,469,23,469
235287,Playing,531456,1506,9,18,0,0,13,1926,99,469,99,469
235536,Playing,515072,1459,9,18,0,0,13,1930,166,469,166,469
235818,Playing,490496,1390,9,18,0,0,13,1932,236,469,237,469
236009,Playing,498688,1413,9,18,0,0,13,1935,24,469,24,469
236318,Playing,484352,1372,9,18,0,0,13,1939,3,469,3,469
236567,Playing,394240,1117,9,18,0,0,13,1940,106,469,107,469
236902,Playing,335872,952,9,18,0,0,13,1944,64,469,64,469
237079,Playing,352256,998,9,18,0,0,13,1946,118,469,118,469
237368,Playing,347136,983,9,18,0,0,13,1949,0,469,0,469
237772,Playing,290816,824,9,18,0,0,13,1952,40,469,40,469
237885,Playing,249856,708,9,18,0,0,13,1952,40,469,40,469
238042,Playing,293888,833,9,18,0,0,13,1955,121,469,121,469
238259,Playing,303104,859,9,18,0,0,13,1958,120,469,120,469
238552,Playing,242688,687,9,18,0,0,13,1959,301,469,301,469
238825,Playing,263168,745,9,18,0,0,13,1963,79,469,79,469
239064,Playing,246784,699,9,18,0,0,13,1967,26,469,26,469
239292,Playing,164864,467,9,18,0,0,13,1969,115,469,115,469
239505,Playing,164864,467,9,18,0,0,13,1972,84,469,84,469
239751,Playing,156672,444,9,18,0,0,13,1975,12,469,12,469
240106,Playing,117760,333,9,18,0,0,13,1979,0,469,0,469
240331,Playing,90112,255,9,18,0,0,13,1981,192,469,193,469
240509,Playing,43008,121,9,18,0,0,13,1984,66,469,66,469
240839,Buffering,73728,208,10,18,0,0,13,1986,0,469,0,469
241019,Buffering,175104,496,10,18,0,0,13,1989,32,469,32,469
241267,Buffering,221184,626,10,18,0,0,13,1992,110,469,110,469
241581,Buffering,248832,705,10,18,0,0,13,1994,0,469,0,469
241814,Buffering,331776,940,10,18,0,0,13,1996,103,469,103,469
242014,Buffering,380928,1079,10,19,0,0,13,1998,90,469,90,469
242289,Buffering,356352,1010,10,19,0,0,13,2001,111,469,112,469
242556,Buffering,267264,757,10,19,0,0,13,2004,17,469,17,469
242843,Buffering,344064,975,10,19,0,0,13,2008,0,469,0,469
243059,Buffering,288768,818,10,19,0,0,13,2009,124,469,124,469
243306,Buffering,281600,798,10,19,0,0,13,2011,91,469,91,469
243635,Buffering,259072,734,10,19,0,0,13,2015,110,469,110,469
243839,Buffering,277504,786,10,19,0,0,13,2017,0,469,0,469
244010,Buffering,220160,624,10,19,0,0,13,2017,0,469,0,469
244268,Buffering,194560,551,10,19,0,0,13,2019,83,469,83,469
244569,Buffering,171008,484,10,19,0,0,13,2024,25,469,25,469
244872,Buffering,156672,444,10,19,0,0,13,2027,121,469,121,469
245006,Buffering,107520,304,10,19,0,0,13,2027,121,469,121,469
245259,Buffering,100352,284,10,19,0,0,13,2030,50,469,50,469
245585,Buffering,87040,246,10,19,0,0,13,2033,129,469,129,469
245805,Buffering,88064,249,10,19,0,0,13,2035,0,469,0,469
246059,Buffering,71680,203,10,19,0,0,13,2037,173,469,173,469
246251,Buffering,33792,95,10,19,0,0,13,2039,40,469,40,469
246502,Buffering,46080,130,10,19,0,0,13,2040,393,469,393,469
246809,Playing,68608,194,10,20,0,0,13,2045,110,469,110,469
247004,Playing,49152,139,10,20,0,0,13,2046,174,469,174,469
247252,Playing,78848,223,10,20,0,0,13,2051,7,469,7,469
247567,Playing,0,0,10,20,0,0,13,2052,113,469,113,469
247810,Buffering,92160,261,11,20,0,0,13,2055,121,469,121,469
248001,Buffering,138240,391,11,20,0,0,13,2056,178,469,178,469
248375,Buffering,239616,679,11,20,0,0,13,2062,58,469,58,469
248502,Buffering,313344,888,11,20,0,0,13,2064,2,469,2,469
248818,Buffering,331776,940,11,20,0,0,13,2065,124,469,124,469
249093,Buffering,339968,963,11,21,0,0,13,2069,29,469,29,469
249256,Buffering,356352,1010,11,21,0,0,13,2072,38,469,38,469
249568,Buffering,333824,946,11,21,0,0,13,2075,120,469,120,469
249759,Buffering,268288,760,11,21,0,0,13,2075,120,469,120,469
250056,Buffering,244736,693,11,21,0,0,13,2078,37,469,37,469
250305,Buffering,256000,725,11,21,0,0,13,2081,122,469,122,469
250605,Buffering,250880,711,11,21,0,0,13,2084,147,469,147,469
250789,Buffering,268288,760,11,21,0,0,13,2086,91,469,91,469
251043,Buffering,186368,528,11,21,0,0,13,2087,30,469,30,469
251276,Buffering,188416,534,11,21,0,0,13,2091,115,469,115,469
251527,Buffering,198656,563,11,21,0,0,13,2094,122,469,122,469
251776,Buffering,182272,516,11,21,0,0,13,2097,10,469,10,469
252026,Buffering,92160,261,11,21,0,0,13,2098,31,469,31,469
252275,Buffering,94208,267,11,21,0,0,13,2101,120,469,120,469
252526,Buffering,113664,322,11,21,0,0,13,2104,124,469,124,469
252772,Buffering,97280,275,11,21,0,0,13,2108,29,469,29,469
253025,Buffering,62464,177,11,21,0,0,13,2112,46,469,46,469
253272,Buffering,0,0,11,21,0,0,13,2112,46,469,46,469
253529,Playing,51200,145,11,22,0,0,13,2115,122,469,122,469
253784,Playing,44032,124,11,22,0,0,13,2118,39,469,39,469
254034,Playing,55296,156,11,22,0,0,13,2121,121,469,121,469
254284,Playing,74752,211,11,22,0,0,13,2124,119,469,119,469
254533,Playing,0,0,11,22,0,0,13,2124,119,469,119,469
254784,Buffering,82944,235,12,22,0,0,13,2127,30,469,30,469
255033,Buffering,175104,496,12,22,0,0,13,2131,113,469,113,469
255280,Buffering,267264,757,12,22,0,0,13,2134,119,469,119,469
255530,Buffering,267264,757,12,22,0,0,13,2134,119,469,119,469
255779,Buffering,340992,966,12,22,0,0,13,2138,28,469,28,469
256028,Buffering,332800,943,12,23,0,0,13,2141,47,469,47,469
256296,Buffering,326656,925,12,23,0,0,13,2144,120,469,120,469
256542,Buffering,310272,879,12,23,0,0,13,2148,26,469,26,469
256791,Buffering,302080,856,12,23,0,0,13,2150,0,469,0,469
257042,Buffering,230400,653,12,23,0,0,13,2151,121,469,121,469
257290,Buffering,241664,684,12,23,0,0,13,2154,120,469,120,469
257592,Buffering,301056,853,12,23,0,0,13,2159,0,469,0,469
257774,Buffering,235520,667,12,23,0,0,13,2160,124,469,124,469
258024,Buffering,227328,644,12,23,0,0,13,2162,0,469,0,469
258275,Buffering,155648,441,12,23,0,0,13,2163,130,469,130,469
258525,Buffering,148480,420,12,23,0,0,13,2166,36,469,36,469
258772,Buffering,150528,426,12,23,0,0,13,2169,120,469,120,469
259021,Buffering,142336,403,12,23,0,0,13,2171,0,469,0,469
259272,Buffering,70656,200,12,23,0,0,13,2172,120,469,120,469
259522,Buffering,54272,153,12,23,0,0,13,2176,28,469,28,469
259772,Buffering,37888,107,12,23,0,0,13,2179,38,469,38,469
260018,Buffering,48128,136,12,23,0,0,13,2182,121,469,121,469
260268,Buffering,55296,156,12,23,0,0,13,2183,311,469,311,469
260521,Reconnecting,0,0,12,24,0,0,13,2187,128,469,128,469
260770,Reconnecting,0,0,12,24,0,0,13,2187,128,469,128,469
261018,Reconnecting,0,0,12,24,0,0,13,2187,128,469,128,469
261268,Reconnecting,0,0,12,24,0,0,13,2187,128,469,128,469
261516,Reconnecting,0,0,12,24,0,0,13,2187,128,469,128,469
261766,Reconnecting,0,0,12,24,0,0,13,2187,128,469,128,469
262016,Reconnecting,0,0,12,24,0,0,13,2187,128,469,128,469
262267,Reconnecting,0,0,12,24,0,0,13,2187,128,469,128,469
262513,Reconnecting,0,0,12,24,0,0,13,2187,128,469,128,469
262763,Reconnecting,0,0,12,24,0,0,13,2187,128,469,128,469
263008,Reconnecting,0,0,12,24,0,0,13,2187,128,469,128,469
263259,Reconnecting,0,0,12,24,0,0,13,2187,128,469,128,469
263513,Reconnecting,0,0,12,24,0,0,13,2187,128,469,128,469
263755,Reconnecting,0,0,12,24,0,0,13,2187,128,469,128,469
264004,Reconnecting,0,0,12,24,0,0,13,2187,128,469,128,469
264251,Reconnecting,0,0,12,24,0,0,13,2187,128,469,128,469
264559,Reconnecting,0,0,12,24,0,0,13,2187,128,469,128,469
264800,Reconnecting,0,0,12,24,0,0,13,2187,128,469,128,469
265046,Reconnecting,0,0,12,24,0,0,13,2187,128,469,128,469
265295,Reconnecting,0,0,12,24,0,0,13,2187,128,469,128,469
265546,Reconnecting,0,0,12,24,0,0,13,2187,128,469,128,469
265794,Reconnecting,0,0,12,24,0,0,14,2187,128,469,128,469
266043,Reconnecting,9216,26,12,24,0,0,14,2195,0,469,0,469
266292,Reconnecting,700416,1985,12,24,0,0,14,2210,0,469,0,469
266542,Reconnecting,1327104,3761,12,24,0,0,14,2225,0,469,0,469
266793,Playing,1823744,5169,12,24,0,0,14,2240,18,469,18,469
267042,Playing,1964032,5566,12,24,0,0,14,2246,31,469,31,469
267291,Playing,1946624,5517,12,24,0,0,14,2250,28,469,28,469
267541,Playing,1930240,5471,12,24,0,0,14,2252,0,469,0,469
267789,Playing,1858560,5268,12,24,0,0,14,2253,120,469,120,469
268039,Playing,1869824,5299,12,24,0,0,14,2256,120,469,120,469
268287,Playing,1870848,5302,12,24,0,0,14,2259,36,469,36,469
268537,Playing,1882112,5334,12,24,0,0,14,2262,122,469,122,469
268786,Playing,1792000,5079,12,24,0,0,14,2262,122,469,122,469
269034,Playing,1866752,5291,12,24,0,0,14,2266,117,469,117,469
269283,Playing,1785856,5061,12,24,0,0,14,2268,26,469,26,469
269537,Playing,1787904,5067,12,24,0,0,14,2271,124,469,124,469
269783,Playing,1799168,5099,12,24,0,0,14,2274,121,469,121,469
270033,Playing,1800192,5102,12,24,0,0,14,2276,92,469,92,469
270284,Playing,1710080,4847,12,24,0,0,14,2277,28,469,28,469
270537,Playing,1712128,4852,12,24,0,0,14,2281,111,469,111,469
270787,Playing,1714176,4858,12,24,0,0,14,2284,120,469,120,469
271036,Playing,1705984,4835,12,24,0,0,14,2288,27,469,27,469
271288,Playing,1689600,4789,12,24,0,0,14,2290,0,469,0,469
271537,Playing,1617920,4585,12,24,0,0,14,2291,118,469,118,469
271783,Playing,1629184,4617,12,24,0,0,14,2294,120,469,120,469
272033,Playing,1611776,4568,12,24,0,0,14,2298,38,469,38,469
272282,Playing,1604608,4548,12,24,0,0,14,2300,0,469,0,469
272533,Playing,1615872,4580,12,24,0,0,14,2303,0,469,0,469
272783,Playing,1544192,4376,12,24,0,0,14,2304,120,469,120,469
273033,Playing,1545216,4379,12,24,0,0,14,2307,29,469,29,469
273280,Playing,1528832,4333,12,24,0,0,14,2309,0,469,0,469
273547,Playing,1540096,4365,12,24,0,0,14,2312,0,469,0,469
273795,Playing,1523712,4318,12,24,0,0,14,2314,174,469,174,469
274049,Playing,1553408,4403,12,24,0,0,14,2319,8,469,8,469
274298,Playing,1463296,4147,12,24,0,0,14,2320,112,469,112,469
274547,Playing,1455104,4124,12,24,0,0,14,2322,0,469,0,469
274797,Playing,1447936,4104,12,24,0,0,14,2326,29,469,29,469
275045,Playing,1431552,4057,12,24,0,0,14,2328,0,469,0,469
275296,Playing,1359872,3854,12,24,0,0,14,2329,121,469,121,469
275546,Playing,1379328,3909,12,24,0,0,14,2332,119,469,120,469
275793,Playing,1372160,3889,12,24,0,0,14,2335,37,469,38,469
276048,Playing,1364992,3869,12,24,0,0,14,2336,330,469,331,469
276308,Playing,1348608,3822,12,24,0,0,14,2340,0,469,0,469
276558,Playing,1276928,3619,12,24,0,0,14,2341,120,469,120,469
276809,Playing,1269760,3599,12,24,0,0,14,2343,92,469,92,469
277063,Playing,1253376,3552,12,24,0,0,14,2347,37,469,37,469
277250,Playing,1261568,3575,12,24,0,0,14,2349,0,469,0,469
277505,Playing,1189888,3372,12,24,0,0,14,2350,117,469,118,469
277808,Playing,1166336,3305,12,24,0,0,14,2353,30,469,30,469
278058,Playing,1176576,3334,12,24,0,0,14,2357,112,469,112,469
278306,Playing,1160192,3288,12,24,0,0,14,2359,0,469,0,469
278556,Playing,1143808,3242,12,24,0,0,14,2361,173,469,174,469
278808,Playing,1072128,3038,12,24,0,0,14,2364,30,469,30,469
279058,Playing,1082368,3067,12,24,0,0,14,2367,120,469,120,469
279308,Playing,1093632,3099,12,24,0,0,14,2370,119,469,119,469
279555,Playing,1058816,3001,12,24,0,0,14,2371,189,469,189,469
279750,Playing,1103872,3128,12,24,0,0,14,2376,0,469,0,469
280055,Playing,997376,2827,12,24,0,0,14,2377,118,469,118,469
280254,Playing,997376,2827,12,24,0,0,14,2379,0,469,0,469
280555,Playing,973824,2760,12,24,0,0,14,2383,32,469,32,469
280805,Playing,957440,2713,12,24,0,0,14,2385,0,469,0,469
281053,Playing,967680,2742,12,24,0,0,14,2388,0,469,0,469
281300,Playing,960512,2722,12,24,0,0,14,2390,174,469,174,469
281551,Playing,898048,2545,12,24,0,0,14,2392,28,469,28,469
281800,Playing,900096,2551,12,24,0,0,14,2396,108,469,108,469
282050,Playing,891904,2528,12,24,0,0,14,2398,0,469,0,469
282300,Playing,875520,2481,12,24,0,0,14,2400,175,469,175,469
282558,Playing,803840,2278,12,24,0,0,14,2403,28,469,28,469
282801,Playing,805888,2284,12,24,0,0,14,2406,120,469,120,469
283001,Playing,823296,2333,12,24,0,0,14,2408,0,469,0,469
283268,Playing,798720,2263,12,24,0,0,14,2410,175,469,175,469
283521,Playing,736256,2086,12,24,0,0,14,2412,38,469,38,469
283771,Playing,755712,2142,12,24,0,0,14,2415,120,469,120,469
284022,Playing,766976,2173,12,24,0,0,14,2418,121,469,121,469
284274,Playing,741376,2101,12,24,0,0,14,2420,82,469,82,469
284559,Playing,762880,2162,12,24,0,0,14,2424,132,469,132,469
284805,Playing,672768,1906,12,24,0,0,14,2424,132,469,132,469
285052,Playing,684032,1938,12,24,0,0,14,2427,117,469,117,469
285301,Playing,712704,2020,12,24,0,0,14,2429,120,469,120,469
285555,Playing,705536,1999,12,24,0,0,14,2432,36,469,36,469
285800,Playing,615424,1744,12,24,0,0,14,2432,36,469,36,469
286049,Playing,617472,1750,12,24,0,0,14,2435,118,469,118,469
286300,Playing,609280,1726,12,24,0,0,14,2439,28,469,28,469
286547,Playing,592896,1680,12,24,0,0,14,2442,49,469,49,469
286751,Playing,592896,1680,12,24,0,0,14,2444,0,469,0,469
287018,Playing,548864,1555,12,24,0,0,14,2446,185,469,185,469
287270,Playing,486400,1378,12,24,0,0,14,2448,41,469,42,469
287538,Playing,489472,1387,12,24,0,0,14,2451,124,469,125,469
287776,Playing,490496,1390,12,24,0,0,14,2454,0,469,0,469
288041,Playing,455680,1291,12,24,0,0,14,2456,81,469,81,469
288359,Playing,442368,1253,12,24,0,0,14,2458,259,469,259,469
288543,Playing,376832,1068,12,24,0,0,14,2461,64,469,64,469
288750,Playing,395264,1120,12,24,0,0,14,2465,117,469,117,469
289038,Playing,361472,1024,12,24,0,0,14,2469,8,469,8,469
289276,Playing,271360,769,12,24,0,0,14,2469,8,469,8,469
289543,Playing,273408,774,12,24,0,0,14,2472,118,469,118,469
289793,Playing,284672,806,12,24,0,0,14,2475,118,469,118,469
290041,Playing,268288,760,12,24,0,0,14,2479,27,469,27,469
290288,Playing,260096,737,12,24,0,0,14,2482,29,469,29,469
290601,Playing,219136,621,12,24,0,0,14,2483,396,469,396,469
290810,Playing,145408,412,12,24,0,0,14,2486,50,469,50,469
291034,Playing,145408,412,12,24,0,0,14,2489,46,469,46,469
291280,Playing,156672,444,12,24,0,0,14,2492,121,469,121,469
291576,Playing,151552,429,12,24,0,0,14,2495,125,469,125,469
291759,Playing,86016,243,12,24,0,0,14,2495,125,469,125,469
292009,Playing,50176,142,12,24,0,0,14,2496,444,469,444,469
292258,Playing,98304,278,12,24,0,0,14,2499,18,469,18,469
292522,Playing,109568,310,12,24,0,0,14,2503,112,469,113,469
292772,Playing,56320,159,12,24,0,0,14,2504,311,469,311,469
293020,Playing,0,0,12,24,0,0,14,2507,27,469,27,469
293270,Buffering,73728,208,13,24,0,0,14,2510,42,469,42,469
293525,Buffering,165888,470,13,24,0,0,14,2513,120,469,120,469
293771,Buffering,239616,679,13,24,0,0,14,2517,26,469,26,469
294022,Buffering,313344,888,13,24,0,0,14,2519,0,469,0,469
294275,Buffering,331776,940,13,24,0,0,14,2520,120,469,120,469
294529,Buffering,343040,972,13,25,0,0,14,2523,120,469,120,469
294780,Buffering,335872,952,13,25,0,0,14,2526,37,469,37,469
295029,Buffering,355328,1007,13,25,0,0,14,2529,121,469,121,469
295282,Buffering,348160,986,13,25,0,0,14,2531,0,469,0,469
295529,Buffering,276480,783,13,25,0,0,14,2532,119,469,120,469
295779,Buffering,269312,763,13,25,0,0,14,2535,37,469,37,469
296029,Buffering,270336,766,13,25,0,0,14,2537,2,469,2,469
296277,Buffering,300032,850,13,25,0,0,14,2541,107,469,107,469
296530,Buffering,246784,699,13,25,0,0,14,2542,321,469,321,469
296776,Buffering,266240,754,13,25,0,0,14,2547,0,469,0,469
297012,Buffering,176128,499,13,25,0,0,14,2548,65,469,65,469
297260,Buffering,186368,528,13,25,0,0,14,2551,116,469,116,469
297507,Buffering,142336,403,13,25,0,0,14,2552,312,469,312,469
297758,Buffering,153600,435,13,25,0,0,14,2557,0,469,0,469
298012,Buffering,63488,179,13,25,0,0,14,2558,29,469,29,469
298259,Buffering,73728,208,13,25,0,0,14,2561,116,469,116,469
298508,Buffering,57344,162,13,25,0,0,14,2565,29,469,29,469
298759,Buffering,73728,208,13,25,0,0,14,2567,0,469,0,469
299003,Playing,100352,284,13,26,0,0,14,2570,0,469,0,469
299253,Playing,37888,107,13,26,0,0,14,2571,120,469,120,469
299503,Playing,12288,34,13,26,0,0,14,2574,36,469,36,469
299754,Buffering,101376,287,14,26,0,0,14,2578,109,469,109,469
300003,Buffering,193536,548,14,26,0,0,14,2581,5,469,5,469
300251,Buffering,193536,548,14,26,0,0,14,2582,114,469,114,469
300562,Buffering,239616,679,14,26,0,0,14,2587,27,469,27,469
300768,Buffering,313344,888,14,26,0,0,14,2590,36,469,36,469
301014,Buffering,356352,1010,14,27,0,0,14,2593,119,469,119,469
301262,Buffering,312320,885,14,27,0,0,14,2594,174,469,174,469
301512,Buffering,258048,731,14,27,0,0,14,2597,26,469,26,469
301761,Buffering,260096,737,14,27,0,0,14,2600,121,469,121,469
302011,Buffering,271360,769,14,27,0,0,14,2603,120,469,120,469
302262,Buffering,254976,722,14,27,0,0,14,2606,8,469,8,469
302516,Buffering,246784,699,14,27,0,0,14,2610,44,469,44,469
302766,Buffering,156672,444,14,27,0,0,14,2610,44,469,44,469
303012,Buffering,158720,449,14,27,0,0,14,2613,120,469,120,469
303262,Buffering,151552,429,14,27,0,0,14,2616,39,469,40,469
303512,Buffering,171008,484,14,27,0,0,14,2619,1,469,1,469
303762,Buffering,80896,229,14,27,0,0,14,2619,1,469,1,469
304012,Buffering,82944,235,14,27,0,0,14,2622,120,469,120,469
304317,Buffering,50176,142,14,27,0,0,14,2626,108,469,108,469
304513,Buffering,58368,165,14,27,0,0,14,2629,41,469,41,469
304758,Buffering,60416,171,14,27,0,0,14,2632,120,469,120,469
305009,Buffering,0,0,14,27,0,0,14,2632,120,469,120,469
305258,Buffering,73728,208,14,27,0,0,14,2636,27,469,27,469
305508,Playing,81920,232,14,28,0,0,14,2639,35,469,35,469
305760,Playing,83968,238,14,28,0,0,14,2642,113,469,113,469
306012,Playing,0,0,14,28,0,0,14,2642,113,469,113,469
306261,Buffering,73728,208,15,28,0,0,14,2646,28,469,28,469
306513,Buffering,147456,417,15,28,0,0,14,2649,36,469,36,469
306761,Buffering,239616,679,15,28,0,0,14,2652,121,469,121,469
307010,Buffering,285696,809,15,28,0,0,14,2653,311,469,311,469
307261,Buffering,388096,1100,15,29,0,0,14,2657,0,469,0,469
307507,Buffering,306176,867,15,29,0,0,14,2658,37,469,37,469
307756,Buffering,308224,873,15,29,0,0,14,2661,120,469,121,469
308006,Buffering,301056,853,15,29,0,0,14,2664,28,469,28,469
308258,Buffering,303104,859,15,29,0,0,14,2668,107,469,107,469
308504,Buffering,221184,626,15,29,0,0,14,2668,107,469,107,469
308755,Buffering,223232,632,15,29,0,0,14,2671,119,469,119,469
309001,Buffering,206848,586,15,29,0,0,14,2675,27,469,27,469
309266,Buffering,190464,539,15,29,0,0,14,2678,34,469,34,469
309520,Buffering,174080,493,15,29,0,0,14,2680,0,469,0,469
309771,Buffering,102400,290,15,29,0,0,14,2681,121,469,121,469
310016,Buffering,94208,267,15,29,0,0,14,2685,38,469,38,469
310267,Buffering,77824,220,15,29,0,0,14,2688,47,469,47,469
310516,Buffering,79872,226,15,29,0,0,14,2691,120,469,120,469
310772,Buffering,55296,156,15,29,0,0,14,2692,314,469,314,469
311029,Buffering,165888,470,15,29,0,0,14,2696,0,469,0,469
311280,Reconnecting,0,0,15,30,0,0,14,2697,119,469,119,469
311532,Reconnecting,0,0,15,30,0,0,14,2697,119,469,119,469
311782,Reconnecting,0,0,15,30,0,0,14,2697,119,469,119,469
312034,Reconnecting,0,0,15,30,0,0,14,2697,119,469,119,469
312287,Reconnecting,0,0,15,30,0,0,14,2697,119,469,119,469
312536,Reconnecting,0,0,15,30,0,0,14,2697,119,469,119,469
312787,Reconnecting,0,0,15,30,0,0,14,2697,119,469,119,469
313037,Reconnecting,0,0,15,30,0,0,14,2697,119,469,119,469
313287,Reconnecting,0,0,15,30,0,0,14,2697,119,469,119,469
313538,Reconnecting,0,0,15,30,0,0,14,2697,119,469,119,469
313789,Reconnecting,0,0,15,30,0,0,14,2697,119,469,119,469
314038,Reconnecting,0,0,15,30,0,0,14,2697,119,469,119,469
314288,Reconnecting,0,0,15,30,0,0,14,2697,119,469,119,469
314538,Reconnecting,0,0,15,30,0,0,14,2697,119,469,119,469
314788,Reconnecting,0,0,15,30,0,0,14,2697,119,469,119,469
315037,Reconnecting,0,0,15,30,0,0,14,2697,119,469,119,469
315285,Reconnecting,0,0,15,30,0,0,14,2697,119,469,119,469
315537,Reconnecting,0,0,15,30,0,0,14,2697,119,469,119,469
315784,Reconnecting,0,0,15,30,0,0,14,2697,119,469,119,469
316032,Reconnecting,0,0,15,30,0,0,14,2697,119,469,119,469
316285,Reconnecting,0,0,15,30,0,0,15,2697,119,469,119,469
316537,Reconnecting,0,0,15,30,0,0,15,2699,1,469,119,469
316783,Reconnecting,0,0,15,30,0,0,15,2704,7,469,119,469
317033,Reconnecting,0,0,15,30,0,0,15,2704,7,469,119,469
317284,Reconnecting,0,0,15,30,0,0,15,2704,7,469,119,469
317533,Reconnecting,0,0,15,30,0,0,15,2704,7,469,119,469
317783,Reconnecting,0,0,15,30,0,0,15,2704,7,469,119,469
318033,Reconnecting,0,0,15,30,0,0,15,2704,7,469,119,469
318283,Reconnecting,0,0,15,30,0,0,15,2704,7,469,119,469
318532,Reconnecting,0,0,15,30,0,0,15,2704,7,469,119,469
318780,Reconnecting,0,0,15,30,0,0,15,2704,7,469,119,469
319030,Reconnecting,0,0,15,30,0,0,15,2704,7,469,119,469
319283,Reconnecting,0,0,15,30,0,0,15,2704,7,469,119,469
319533,Reconnecting,0,0,15,30,0,0,15,2704,7,469,119,469
319780,Reconnecting,0,0,15,30,0,0,15,2704,7,469,119,469
320029,Reconnecting,0,0,15,30,0,0,15,2704,7,469,119,469
320311,Reconnecting,0,0,15,30,0,0,15,2704,7,469,119,469
320503,Reconnecting,0,0,15,30,0,0,15,2704,7,469,119,469
320810,Reconnecting,0,0,15,30,0,0,15,2704,7,469,119,469
321059,Reconnecting,0,0,15,30,0,0,15,2704,7,469,119,469
321307,Reconnecting,0,0,15,30,0,0,15,2704,7,469,119,469
321557,Reconnecting,0,0,15,30,0,0,15,2704,7,469,119,469
321807,Reconnecting,0,0,15,30,0,0,16,2704,7,469,119,469
322057,Reconnecting,0,0,15,30,0,0,16,2710,4,469,119,469
322308,Reconnecting,0,0,15,30,0,0,16,2710,4,469,119,469
322557,Reconnecting,0,0,15,30,0,0,16,2710,4,469,119,469
322807,Reconnecting,0,0,15,30,0,0,16,2710,4,469,119,469
323056,Reconnecting,0,0,15,30,0,0,16,2710,4,469,119,469
323306,Reconnecting,0,0,15,30,0,0,16,2710,4,469,119,469
323555,Reconnecting,0,0,15,30,0,0,16,2710,4,469,119,469
323803,Reconnecting,0,0,15,30,0,0,16,2710,4,469,119,469
324053,Reconnecting,0,0,15,30,0,0,16,2710,4,469,119,469
324303,Reconnecting,0,0,15,30,0,0,16,2710,4,469,119,469
324553,Reconnecting,0,0,15,30,0,0,16,2710,4,469,119,469
324800,Reconnecting,0,0,15,30,0,0,16,2710,4,469,119,469
325048,Reconnecting,0,0,15,30,0,0,16,2710,4,469,119,469
325299,Reconnecting,0,0,15,30,0,0,16,2710,4,469,119,469
325547,Reconnecting,0,0,15,30,0,0,16,2710,4,469,119,469
325798,Reconnecting,0,0,15,30,0,0,16,2710,4,469,119,469
326050,Reconnecting,0,0,15,30,0,0,16,2710,4,469,119,469
326304,Reconnecting,0,0,15,30,0,0,16,2710,4,469,119,469
326558,Reconnecting,0,0,15,30,0,0,16,2710,4,469,119,469
326780,Reconnecting,0,0,15,30,0,0,16,2710,4,469,119,469
327020,Reconnecting,0,0,15,30,0,0,16,2710,4,469,119,469
327269,Reconnecting,0,0,15,30,0,0,17,2710,4,469,119,469
327521,Reconnecting,211968,600,15,30,0,0,17,2717,1,469,1,469
327769,Reconnecting,617472,1750,15,30,0,0,17,2726,0,469,0,469
328026,Playing,1420288,4025,15,30,0,0,17,2746,13,469,13,469
328275,Playing,1883136,5337,15,30,0,0,17,2759,1,469,1,469
328524,Playing,2022400,5732,15,30,0,0,17,2767,115,469,115,469
328778,Playing,1987584,5633,15,30,0,0,17,2771,85,469,85,469
329026,Playing,1971200,5587,15,30,0,0,17,2774,0,469,0,469
329277,Playing,1899520,5384,15,30,0,0,17,2775,124,469,124,469
329527,Playing,1910784,5416,15,30,0,0,17,2778,124,469,124,469
329778,Playing,1911808,5418,15,30,0,0,17,2782,85,469,85,469
330027,Playing,1886208,5346,15,30,0,0,17,2784,2,469,2,469
330275,Playing,1823744,5169,15,30,0,0,17,2785,126,469,126,469
330524,Playing,1843200,5224,15,30,0,0,17,2788,127,469,127,469
330774,Playing,1854464,5256,15,30,0,0,17,2791,176,469,176,469
331024,Playing,1847296,5236,15,30,0,0,17,2794,107,469,107,469
331273,Playing,1830912,5189,15,30,0,0,17,2796,0,469,0,469
331524,Playing,1767424,5009,15,30,0,0,17,2797,125,469,125,469
331774,Playing,1760256,4989,15,30,0,0,17,2800,34,469,34,469
332021,Playing,1743872,4942,15,30,0,0,17,2803,2,469,2,469
332271,Playing,1727488,4896,15,30,0,0,17,2805,0,469,0,469
332521,Playing,1737728,4925,15,30,0,0,17,2809,33,469,33,469
332771,Playing,1721344,4879,15,30,0,0,17,2811,0,469,0,469
333019,Playing,1649664,4675,15,30,0,0,17,2812,133,469,133,469
333267,Playing,1650688,4678,15,30,0,0,17,2815,1,469,1,469
333516,Playing,1643520,4658,15,30,0,0,17,2818,32,469,32,469
333763,Playing,1627136,4612,15,30,0,0,17,2820,0,469,0,469
334011,Playing,1563648,4432,15,30,0,0,17,2821,124,469,124,469
334258,Playing,1574912,4464,15,30,0,0,17,2825,123,469,123,469
334508,Playing,1558528,4417,15,30,0,0,17,2828,38,469,38,469
334759,Playing,1550336,4394,15,30,0,0,17,2830,0,469,0,469
335004,Playing,1561600,4426,15,30,0,0,17,2834,3,469,3,469
335254,Playing,1471488,4170,15,30,0,0,17,2834,3,469,3,469
335503,Playing,1463296,4147,15,30,0,0,17,2837,33,469,33,469
335751,Playing,1446912,4101,15,30,0,0,17,2839,0,469,0,469
336000,Playing,1448960,4107,15,30,0,0,17,2842,4,469,5,469
336312,Playing,1425408,4040,15,30,0,0,17,2845,5,469,5,469
336561,Playing,1436672,4072,15,30,0,0,17,2849,0,469,0,469
336807,Playing,1354752,3840,15,30,0,0,17,2850,100,469,100,469
337057,Playing,1356800,3845,15,30,0,0,17,2853,124,469,124,469
337310,Playing,1312768,3720,15,30,0,0,17,2854,172,469,172,469
337557,Playing,1360896,3857,15,30,0,0,17,2858,2,469,2,469
337807,Playing,1278976,3625,15,30,0,0,17,2858,2,469,2,469
338057,Playing,1281024,3631,15,30,0,0,17,2862,116,469,116,469
338305,Playing,1200128,3401,15,30,0,0,17,2865,35,469,35,469
338553,Playing,1210368,3430,15,30,0,0,17,2868,126,469,126,469
338804,Playing,1203200,3410,15,30,0,0,17,2871,3,469,3,469
339057,Playing,1113088,3155,15,30,0,0,17,2871,3,469,3,469
339287,Playing,1104896,3131,15,30,0,0,17,2874,34,469,34,469
339536,Playing,1088512,3085,15,30,0,0,17,2877,7,469,7,469
339786,Playing,1080320,3062,15,30,0,0,17,2879,0,469,0,469
340036,Playing,1063936,3015,15,30,0,0,17,2882,6,469,6,469
340287,Playing,1001472,2838,15,30,0,0,17,2884,84,469,84,469
340534,Playing,1003520,2844,15,30,0,0,17,2887,124,469,124,469
340782,Playing,1004544,2847,15,30,0,0,17,2889,0,469,0,469
341033,Playing,969728,2748,15,30,0,0,17,2893,1,469,1,469
341283,Playing,907264,2571,15,30,0,0,17,2895,82,469,82,469
341533,Playing,909312,2577,15,30,0,0,17,2899,117,469,117,469
341782,Playing,919552,2606,15,30,0,0,17,2902,123,469,123,469
342029,Playing,893952,2533,15,30,0,0,17,2904,84,469,84,469
342282,Playing,905216,2565,15,30,0,0,17,2908,2,469,2,469
342530,Playing,823296,2333,15,30,0,0,17,2908,2,469,2,469
342779,Playing,825344,2339,15,30,0,0,17,2911,124,469,124,469
343033,Playing,818176,2319,15,30,0,0,17,2914,35,469,35,469
343282,Playing,801792,2272,15,30,0,0,17,2917,47,469,47,469
343533,Playing,785408,2226,15,30,0,0,17,2919,0,469,0,469
343781,Playing,721920,2046,15,30,0,0,17,2920,125,469,125,469
344028,Playing,687104,1947,15,30,0,0,17,2925,34,469,34,469
344278,Playing,670720,1901,15,30,0,0,17,2928,7,469,7,469
344525,Playing,680960,1930,15,30,0,0,17,2931,124,469,124,469
344774,Playing,590848,1674,15,30,0,0,17,2931,124,469,124,469
345023,Playing,592896,1680,15,30,0,0,17,2934,32,469,32,469
345274,Playing,584704,1657,15,30,0,0,17,2937,1,469,1,469
345523,Playing,586752,1663,15,30,0,0,17,2940,125,469,125,469
345771,Playing,579584,1642,15,30,0,0,17,2943,88,469,88,469
346019,Playing,497664,1410,15,30,0,0,17,2944,82,469,82,469
346267,Playing,499712,1416,15,30,0,0,17,2947,125,469,126,469
346517,Playing,510976,1448,15,30,0,0,17,2950,1,469,1,469
346766,Playing,494592,1401,15,30,0,0,17,2953,34,469,34,469
347017,Playing,486400,1378,15,30,0,0,17,2956,4,469,4,469
347270,Playing,396288,1123,15,30,0,0,17,2956,4,469,4,469
347519,Playing,398336,1129,15,30,0,0,17,2959,126,469,126,469
347787,Playing,391168,1108,15,30,0,0,17,2962,99,469,99,469
348034,Playing,374784,1062,15,30,0,0,17,2966,107,469,107,469
348284,Playing,358400,1015,15,30,0,0,17,2968,0,469,0,469
348534,Playing,286720,812,15,30,0,0,17,2969,125,469,125,469
348786,Playing,287744,815,15,30,0,0,17,2973,89,469,89,469
349036,Playing,271360,769,15,30,0,0,17,2976,108,469,108,469
349282,Playing,273408,774,15,30,0,0,17,2979,124,469,124,469
349532,Playing,191488,542,15,30,0,0,17,2979,124,469,124,469
349783,Playing,193536,548,15,30,0,0,17,2982,33,469,33,469
350032,Playing,195584,554,15,30,0,0,17,2985,0,469,0,469
350280,Playing,197632,560,15,30,0,0,17,2988,124,469,124,469
350528,Playing,171008,484,15,30,0,0,17,2989,314,469,314,469
350778,Playing,182272,516,15,30,0,0,17,2993,0,469,0,469
351030,Playing,92160,261,15,30,0,0,17,2994,53,469,53,469
351281,Playing,94208,267,15,30,0,0,17,2997,125,469,125,469
351532,Playing,95232,269,15,30,0,0,17,3001,84,469,84,469
351781,Playing,69632,197,15,30,0,0,17,3003,1,469,1,469
352036,Playing,90112,255,15,30,0,0,17,3006,0,469,0,469
352286,Playing,18432,52,15,30,0,0,17,3007,125,469,125,469
352537,Buffering,36864,104,16,30,0,0,17,3008,306,469,306,469
352784,Buffering,175104,496,16,30,0,0,17,3013,17,469,17,469
353038,Buffering,248832,705,16,30,0,0,17,3015,0,469,0,469
353282,Buffering,322560,914,16,30,0,0,17,3017,167,469,167,469
353530,Buffering,423936,1201,16,31,0,0,17,3022,0,469,0,469
353780,Buffering,333824,946,16,31,0,0,17,3023,95,469,95,469
354031,Buffering,335872,952,16,31,0,0,17,3026,7,469,7,469
354278,Buffering,291840,827,16,31,0,0,17,3028,170,469,170,469
354529,Buffering,311296,882,16,31,0,0,17,3033,3,469,3,469
354779,Buffering,221184,626,16,31,0,0,17,3033,3,469,3,469
355028,Buffering,223232,632,16,31,0,0,17,3036,130,469,130,469
355278,Buffering,188416,534,16,31,0,0,17,3038,1,469,1,469
355528,Buffering,217088,615,16,31,0,0,17,3042,0,469,0,469
355777,Buffering,200704,568,16,31,0,0,17,3045,0,469,0,469
356029,Buffering,129024,365,16,31,0,0,17,3046,125,469,125,469
356274,Buffering,93184,264,16,31,0,0,17,3048,2,469,2,469
356521,Buffering,104448,296,16,31,0,0,17,3053,1,469,1,469
356770,Buffering,60416,171,16,31,0,0,17,3056,0,469,0,469
357020,Buffering,6144,17,16,31,0,0,17,3057,125,469,125,469
357269,Buffering,92160,261,16,31,0,0,17,3060,32,469,32,469
357520,Buffering,165888,470,16,31,0,0,17,3062,0,469,0,469
357770,Playing,167936,476,16,32,0,0,17,3065,0,469,0,469
358020,Playing,168960,478,16,32,0,0,17,3067,170,469,170,469
358266,Playing,180224,510,16,32,0,0,17,3072,4,469,4,469
358516,Playing,90112,255,16,32,0,0,17,3072,4,469,4,469
358767,Playing,73728,208,16,32,0,0,17,3074,0,469,0,469
359019,Playing,47104,133,16,32,0,0,17,3078,11,469,11,469
359267,Playing,67584,191,16,32,0,0,17,3082,9,469,9,469
359502,Playing,0,0,16,32,0,0,17,3083,106,469,106,469
359752,Buffering,73728,208,17,32,0,0,17,3085,0,469,0,469
360062,Buffering,175104,496,17,32,0,0,17,3089,84,469,84,469
360250,Buffering,248832,705,17,32,0,0,17,3092,7,469,8,469
360502,Buffering,340992,966,17,32,0,0,17,3096,10,469,10,469
360812,Buffering,340992,966,17,32,0,0,17,3097,114,469,114,469
361062,Buffering,338944,960,17,33,0,0,17,3101,46,469,46,469
361312,Buffering,331776,940,17,33,0,0,17,3104,3,469,3,469
361500,Buffering,339968,963,17,33,0,0,17,3106,0,469,0,469
361750,Buffering,323584,917,17,33,0,0,17,3108,171,469,171,469
362060,Buffering,244736,693,17,33,0,0,17,3110,36,469,36,469
362310,Buffering,246784,699,17,33,0,0,17,3113,124,469,125,469
362560,Buffering,258048,731,17,33,0,0,17,3116,126,469,126,469
362808,Buffering,260096,737,17,33,0,0,17,3118,92,469,92,469
363058,Buffering,178176,505,17,33,0,0,17,3119,33,469,33,469
363307,Buffering,180224,510,17,33,0,0,17,3122,125,469,125,469
363559,Buffering,191488,542,17,33,0,0,17,3124,0,469,0,469
363804,Buffering,183296,519,17,33,0,0,17,3128,33,469,33,469
364054,Buffering,166912,473,17,33,0,0,17,3131,4,469,4,469
364303,Buffering,76800,217,17,33,0,0,17,3131,4,469,4,469
364549,Buffering,87040,246,17,33,0,0,17,3135,116,469,116,469
364799,Buffering,70656,200,17,33,0,0,17,3138,46,469,46,469
365050,Buffering,63488,179,17,33,0,0,17,3141,4,469,4,469
365302,Buffering,0,0,17,33,0,0,17,3141,4,469,4,469
365552,Playing,51200,145,17,34,0,0,17,3144,124,469,124,469
365804,Playing,52224,148,17,34,0,0,17,3147,38,469,38,469
366053,Playing,35840,101,17,34,0,0,17,3150,51,469,51,469
366307,Playing,37888,107,17,34,0,0,17,3153,125,469,125,469
366533,Playing,0,0,17,34,0,0,17,3153,125,469,125,469
366779,Buffering,64512,182,18,34,0,0,17,3157,28,469,28,469
367028,Buffering,138240,391,18,34,0,0,17,3160,1,469,1,469
367277,Buffering,230400,653,18,34,0,0,17,3163,125,469,125,469
367527,Buffering,230400,653,18,34,0,0,17,3163,125,469,125,469
367775,Buffering,322560,914,18,34,0,0,17,3166,30,469,30,469
368024,Buffering,342016,969,18,35,0,0,17,3168,60,469,60,469
368274,Buffering,353280,1001,18,35,0,0,17,3171,126,469,126,469
368523,Buffering,346112,981,18,35,0,0,17,3174,42,469,42,469
368771,Buffering,337920,957,18,35,0,0,17,3176,1,469,2,469
369019,Buffering,275456,780,18,35,0,0,17,3177,124,469,124,469
369269,Buffering,286720,812,18,35,0,0,17,3179,9,469,9,469
369616,Buffering,320512,908,18,35,0,0,17,3184,0,469,0,469
369800,Buffering,254976,722,18,35,0,0,17,3185,69,469,69,469
370049,Buffering,246784,699,18,35,0,0,17,3187,0,469,0,469
370295,Buffering,175104,496,18,35,0,0,17,3188,125,469,125,469
370550,Buffering,167936,476,18,35,0,0,17,3192,84,469,84,469
370795,Buffering,159744,452,18,35,0,0,17,3195,99,469,99,469
371050,Buffering,143360,406,18,35,0,0,17,3197,0,469,0,469
371250,Buffering,88064,249,18,35,0,0,17,3198,125,469,125,469
371500,Buffering,62464,177,18,35,0,0,17,3203,82,469,82,469
371750,Buffering,72704,206,18,35,0,0,17,3206,90,469,90,469
372012,Buffering,66560,188,18,35,0,0,17,3209,124,469,124,469
372261,Buffering,0,0,18,35,0,0,17,3209,124,469,124,469
372512,Buffering,64512,182,18,35,0,0,17,3213,42,469,42,469
372770,Reconnecting,0,0,18,36,0,0,17,3214,121,469,121,469
373066,Reconnecting,0,0,18,36,0,0,17,3214,121,469,121,469
373274,Reconnecting,0,0,18,36,0,0,17,3214,121,469,121,469
373525,Reconnecting,0,0,18,36,0,0,17,3214,121,469,121,469
373775,Reconnecting,0,0,18,36,0,0,17,3214,121,469,121,469
374026,Reconnecting,0,0,18,36,0,0,17,3214,121,469,121,469
374278,Reconnecting,0,0,18,36,0,0,17,3214,121,469,121,469
374541,Reconnecting,0,0,18,36,0,0,17,3214,121,469,121,469
374796,Reconnecting,0,0,18,36,0,0,17,3214,121,469,121,469
375045,Reconnecting,0,0,18,36,0,0,17,3214,121,469,121,469
375291,Reconnecting,0,0,18,36,0,0,17,3214,121,469,121,469
375542,Reconnecting,0,0,18,36,0,0,17,3214,121,469,121,469
375790,Reconnecting,0,0,18,36,0,0,17,3214,121,469,121,469
376041,Reconnecting,0,0,18,36,0,0,17,3214,121,469,121,469
376290,Reconnecting,0,0,18,36,0,0,17,3214,121,469,121,469
376504,Reconnecting,0,0,18,36,0,0,17,3214,121,469,121,469
376813,Reconnecting,0,0,18,36,0,0,17,3214,121,469,121,469
377008,Reconnecting,0,0,18,36,0,0,17,3214,121,469,121,469
377261,Reconnecting,0,0,18,36,0,0,17,3214,121,469,121,469
377542,Reconnecting,0,0,18,36,0,0,18,3214,121,469,121,469
377770,Reconnecting,0,0,18,36,0,0,18,3214,121,469,121,469
378039,Reconnecting,0,0,18,36,0,0,18,3220,8,469,121,469
378319,Reconnecting,0,0,18,36,0,0,18,3220,8,469,121,469
378517,Reconnecting,0,0,18,36,0,0,18,3220,8,469,121,469
378757,Reconnecting,0,0,18,36,0,0,18,3220,8,469,121,469
379007,Reconnecting,0,0,18,36,0,0,18,3220,8,469,121,469
379256,Reconnecting,0,0,18,36,0,0,18,3220,8,469,121,469
379524,Reconnecting,0,0,18,36,0,0,18,3220,8,469,121,469
379825,Reconnecting,0,0,18,36,0,0,18,3220,8,469,121,469
380158,Reconnecting,0,0,18,36,0,0,18,3220,8,469,121,469
380336,Reconnecting,0,0,18,36,0,0,18,3220,8,469,121,469
380620,Reconnecting,0,0,18,36,0,0,18,3220,8,469,121,469
380766,Reconnecting,0,0,18,36,0,0,18,3220,8,469,121,469
381000,Reconnecting,0,0,18,36,0,0,18,3220,8,469,121,469
381320,Reconnecting,0,0,18,36,0,0,18,3220,8,469,121,469
381592,Reconnecting,0,0,18,36,0,0,18,3220,8,469,121,469
381783,Reconnecting,0,0,18,36,0,0,18,3220,8,469,121,469
382050,Reconnecting,0,0,18,36,0,0,18,3220,8,469,121,469
382337,Reconnecting,0,0,18,36,0,0,18,3220,8,469,121,469
382584,Reconnecting,0,0,18,36,0,0,18,3220,8,469,121,469
382795,Reconnecting,0,0,18,36,0,0,18,3220,8,469,121,469
383079,Reconnecting,0,0,18,36,0,0,19,3220,8,469,121,469
383254,Reconnecting,0,0,18,36,0,0,19,3220,8,469,121,469
383541,Reconnecting,0,0,18,36,0,0,19,3223,33,469,121,469
383754,Reconnecting,0,0,18,36,0,0,19,3226,11,469,121,469
384012,Reconnecting,0,0,18,36,0,0,19,3226,11,469,121,469
384279,Reconnecting,0,0,18,36,0,0,19,3226,11,469,121,469
384654,Reconnecting,0,0,18,36,0,0,19,3226,11,469,121,469
385046,Reconnecting,0,0,18,36,0,0,19,3226,11,469,121,469
385117,Reconnecting,0,0,18,36,0,0,19,3226,11,469,121,469
385387,Reconnecting,0,0,18,36,0,0,19,3226,11,469,121,469
385521,Reconnecting,0,0,18,36,0,0,19,3226,11,469,121,469
385778,Reconnecting,0,0,18,36,0,0,19,3226,11,469,121,469
386053,Reconnecting,0,0,18,36,0,0,19,3226,11,469,121,469
386274,Reconnecting,0,0,18,36,0,0,19,3226,11,469,121,469
386524,Reconnecting,0,0,18,36,0,0,19,3226,11,469,121,469
386766,Reconnecting,0,0,18,36,0,0,19,3226,11,469,121,469
387054,Reconnecting,0,0,18,36,0,0,19,3226,11,469,121,469
387354,Reconnecting,0,0,18,36,0,0,19,3226,11,469,121,469
387500,Reconnecting,0,0,18,36,0,0,19,3226,11,469,121,469
387750,Reconnecting,0,0,18,36,0,0,19,3226,11,469,121,469
388007,Reconnecting,0,0,18,36,0,0,19,3226,11,469,121,469
388313,Reconnecting,0,0,18,36,0,0,19,3226,11,469,121,469
388503,Reconnecting,0,0,18,36,0,0,19,3226,11,469,121,469
388807,Reconnecting,0,0,18,36,0,0,20,3226,11,469,121,469
389043,Reconnecting,0,0,18,36,0,0,20,3226,11,469,121,469
389288,Reconnecting,0,0,18,36,0,0,20,3231,0,469,121,469
389536,Reconnecting,0,0,18,36,0,0,20,3231,0,469,121,469
389789,Reconnecting,0,0,18,36,0,0,20,3231,0,469,121,469
390038,Reconnecting,0,0,18,36,0,0,20,3231,0,469,121,469
390289,Reconnecting,0,0,18,36,0,0,20,3231,0,469,121,469
390538,Reconnecting,0,0,18,36,0,0,20,3231,0,469,121,469
390787,Reconnecting,0,0,18,36,0,0,20,3231,0,469,121,469
391036,Reconnecting,0,0,18,36,0,0,20,3231,0,469,121,469
391287,Reconnecting,0,0,18,36,0,0,20,3231,0,469,121,469
391537,Reconnecting,0,0,18,36,0,0,20,3231,0,469,121,469
391786,Reconnecting,0,0,18,36,0,0,20,3231,0,469,121,469
392000,Reconnecting,0,0,18,36,0,0,20,3231,0,469,121,469
392410,Reconnecting,0,0,18,36,0,0,20,3231,0,469,121,469
392567,Reconnecting,0,0,18,36,0,0,20,3231,0,469,121,469
392754,Reconnecting,0,0,18,36,0,0,20,3231,0,469,121,469
393034,Reconnecting,0,0,18,36,0,0,20,3231,0,469,121,469
393270,Reconnecting,0,0,18,36,0,0,20,3231,0,469,121,469
393537,Reconnecting,0,0,18,36,0,0,20,3231,0,469,121,469
393799,Reconnecting,0,0,18,36,0,0,20,3231,0,469,121,469
394000,Reconnecting,0,0,18,36,0,0,20,3231,0,469,121,469
394275,Reconnecting,0,0,18,36,0,0,21,3231,0,469,121,469
394507,Reconnecting,0,0,18,36,0,0,21,3231,0,469,121,469
394782,Reconnecting,46080,130,18,36,0,0,21,3238,4,469,4,469
395035,Reconnecting,792576,2246,18,36,0,0,21,3252,0,469,0,469
395282,Playing,1520640,4310,18,36,0,0,21,3269,3,469,3,469
395633,Playing,1979392,5610,18,36,0,0,21,3281,1,469,1,469
396050,Playing,1924096,5453,18,36,0,0,21,3284,41,469,41,469
396267,Playing,1850368,5244,18,36,0,0,21,3284,41,469,41,469
396375,Playing,1883136,5337,18,36,0,0,21,3287,7,469,7,469
396536,Playing,1926144,5459,18,36,0,0,21,3289,2,469,2,469
396804,Playing,1892352,5363,18,36,0,0,21,3290,239,469,239,469
397028,Playing,1838080,5209,18,36,0,0,21,3292,14,469,14,469
397291,Playing,1821696,5163,18,36,0,0,21,3295,0,469,0,469
397520,Playing,1813504,5140,18,36,0,0,21,3298,2,469,2,469
397808,Playing,1788928,5070,18,36,0,0,21,3301,3,469,3,469
398028,Playing,1753088,4969,18,36,0,0,21,3302,170,469,171,469
398275,Playing,1745920,4948,18,36,0,0,21,3306,118,469,118,469
398569,Playing,1721344,4879,18,36,0,0,21,3309,5,469,5,469
398758,Playing,1701888,4823,18,36,0,0,21,3310,278,469,278,469
399028,Playing,1631232,4623,18,36,0,0,21,3312,33,469,33,469
399291,Playing,1688576,4786,18,36,0,0,21,3317,0,469,0,469
399500,Playing,1614848,4577,18,36,0,0,21,3318,109,469,109,469
399795,Playing,1591296,4510,18,36,0,0,21,3320,74,469,74,469
400058,Playing,1574912,4464,18,36,0,0,21,3323,5,469,5,469
400312,Playing,1586176,4495,18,36,0,0,21,3326,6,469,6,469
400514,Playing,1512448,4286,18,36,0,0,21,3327,108,469,108,469
400833,Playing,1489920,4223,18,36,0,0,21,3329,0,469,0,469
401021,Playing,1534976,4350,18,36,0,0,21,3331,63,469,63,469
401286,Playing,1518592,4304,18,36,0,0,21,3333,0,469,0,469
401515,Playing,1519616,4307,18,36,0,0,21,3335,217,469,217,469
401775,Playing,1457152,4130,18,36,0,0,21,3337,41,469,41,469
402028,Playing,1459200,4136,18,36,0,0,21,3340,124,469,124,469
402304,Playing,1462272,4144,18,36,0,0,21,3343,115,469,115,469
402575,Playing,1446912,4101,18,36,0,0,21,3346,81,469,81,469
402820,Playing,1438720,4078,18,36,0,0,21,3348,205,469,205,469
403008,Playing,1383424,3921,18,36,0,0,21,3350,121,469,121,469
403308,Playing,1368064,3877,18,36,0,0,21,3353,25,469,25,469
403687,Playing,1247232,3535,18,36,0,0,21,3357,0,469,0,469
403820,Playing,1271808,3604,18,36,0,0,21,3359,26,469,26,469
404012,Playing,1206272,3419,18,36,0,0,21,3361,69,469,69,469
404299,Playing,1181696,3349,18,36,0,0,21,3364,163,469,163,469
404546,Playing,1137664,3224,18,36,0,0,21,3366,38,469,38,469
404854,Playing,1132544,3210,18,36,0,0,21,3369,180,469,181,469
405049,Playing,1150976,3262,18,36,0,0,21,3374,78,469,78,469
405292,Playing,1069056,3030,18,36,0,0,21,3374,78,469,78,469
405541,Playing,1071104,3036,18,36,0,0,21,3377,62,469,62,469
405780,Playing,1072128,3038,18,36,0,0,21,3380,0,469,0,469
406078,Playing,1039360,2946,18,36,0,0,21,3384,95,469,95,469
406258,Playing,973824,2760,18,36,0,0,21,3384,95,469,95,469
406516,Playing,957440,2713,18,36,0,0,21,3387,36,469,36,469
406825,Playing,943104,2673,18,36,0,0,21,3389,0,469,0,469
407054,Playing,944128,2676,18,36,0,0,21,3393,58,469,58,469
407250,Playing,933888,2647,18,36,0,0,21,3394,179,469,179,469
407647,Playing,822272,2330,18,36,0,0,21,3396,20,469,20,469
407754,Playing,873472,2475,18,36,0,0,21,3398,3,469,3,469
408024,Playing,858112,2432,18,36,0,0,21,3402,99,469,99,469
408279,Playing,850944,2411,18,36,0,0,21,3405,32,469,32,469
408561,Playing,844800,2394,18,36,0,0,21,3408,1,469,1,469
408803,Playing,836608,2371,18,36,0,0,21,3411,0,469,0,469
409045,Playing,764928,2168,18,36,0,0,21,3412,121,469,121,469
409317,Playing,739328,2095,18,36,0,0,21,3416,57,469,57,469
409543,Playing,657408,1863,18,36,0,0,21,3416,57,469,57,469
409787,Playing,751616,2130,18,36,0,0,21,3419,182,469,183,469
410039,Playing,679936,1927,18,36,0,0,21,3420,32,469,33,469
410286,Playing,662528,1877,18,36,0,0,21,3424,33,469,33,469
410535,Playing,646144,1831,18,36,0,0,21,3426,0,469,0,469
410785,Playing,657408,1863,18,36,0,0,21,3428,34,469,35,469
411035,Playing,575488,1631,18,36,0,0,21,3430,0,469,0,469
411283,Playing,568320,1610,18,36,0,0,21,3433,29,469,29,469
411531,Playing,551936,1564,18,36,0,0,21,3435,0,469,0,469
411780,Playing,535552,1518,18,36,0,0,21,3439,88,469,88,469
412032,Playing,500736,1419,18,36,0,0,21,3440,309,469,309,469
412282,Playing,520192,1474,18,36,0,0,21,3443,47,469,47,469
412532,Playing,430080,1219,18,36,0,0,21,3446,73,469,73,469
412782,Playing,422912,1198,18,36,0,0,21,3448,2,469,2,469
413030,Playing,424960,1204,18,36,0,0,21,3451,32,469,32,469
413282,Playing,343040,972,18,36,0,0,21,3451,32,469,32,469
413531,Playing,428032,1213,18,36,0,0,21,3454,145,469,145,469
413781,Playing,337920,957,18,36,0,0,21,3456,1,469,1,469
414031,Playing,321536,911,18,36,0,0,21,3459,45,469,45,469
414280,Playing,313344,888,18,36,0,0,21,3462,4,469,4,469
414530,Playing,296960,841,18,36,0,0,21,3466,0,469,0,469
414779,Playing,206848,586,18,36,0,0,21,3467,217,469,217,469
415029,Playing,190464,539,18,36,0,0,21,3471,41,469,41,469
415280,Playing,174080,493,18,36,0,0,21,3474,43,469,43,469
415528,Playing,165888,470,18,36,0,0,21,3476,0,469,0,469
415779,Playing,149504,423,18,36,0,0,21,3479,1,469,1,469
416030,Playing,87040,246,18,36,0,0,21,3481,164,469,164,469
416278,Playing,78848,223,18,36,0,0,21,3484,1,469,1,469
416541,Playing,54272,153,18,36,0,0,21,3488,110,469,110,469
416777,Buffering,46080,130,19,36,0,0,21,3489,338,469,338,469
417090,Buffering,156672,444,19,36,0,0,21,3492,154,469,154,469
417262,Buffering,230400,653,19,36,0,0,21,3496,42,469,42,469
417539,Buffering,230400,653,19,36,0,0,21,3497,134,469,134,469
417808,Buffering,230400,653,19,36,0,0,21,3498,186,469,186,469
418008,Buffering,380928,1079,19,37,0,0,21,3501,0,469,0,469
418367,Buffering,323584,917,19,37,0,0,21,3504,92,469,92,469
418579,Buffering,249856,708,19,37,0,0,21,3505,74,469,74,469
418824,Buffering,250880,711,19,37,0,0,21,3508,22,469,22,469
419115,Buffering,218112,618,19,37,0,0,21,3511,28,469,28,469
419306,Buffering,152576,432,19,37,0,0,21,3511,28,469,28,469
419583,Buffering,238592,676,19,37,0,0,21,3515,44,469,44,469
419796,Buffering,164864,467,19,37,0,0,21,3516,175,469,175,469
420006,Buffering,164864,467,19,37,0,0,21,3517,114,469,114,469
420293,Buffering,76800,217,19,37,0,0,21,3519,20,469,20,469
420543,Buffering,152576,432,19,37,0,0,21,3523,71,469,71,469
420791,Buffering,89088,252,19,37,0,0,21,3524,121,469,121,469
421040,Buffering,81920,232,19,37,0,0,21,3528,75,469,75,469
421288,Buffering,65536,185,19,37,0,0,21,3531,90,469,90,469
421538,Buffering,57344,162,19,37,0,0,21,3533,52,469,53,469
421791,Buffering,0,0,19,37,0,0,21,3534,57,469,57,469
422042,Playing,150528,426,19,38,0,0,21,3537,1,469,1,469
422292,Playing,60416,171,19,38,0,0,21,3538,110,469,110,469
422543,Playing,53248,150,19,38,0,0,21,3541,75,469,75,469
422800,Buffering,92160,261,20,38,0,0,21,3544,0,469,0,469
423043,Buffering,193536,548,20,38,0,0,21,3546,0,469,0,469
423294,Buffering,193536,548,20,38,0,0,21,3547,33,469,33,469
423543,Buffering,285696,809,20,38,0,0,21,3549,5,469,6,469
423794,Buffering,303104,859,20,39,0,0,21,3552,0,469,0,469
424045,Buffering,305152,864,20,39,0,0,21,3555,120,469,120,469
424294,Buffering,287744,815,20,39,0,0,21,3557,80,469,81,469
424546,Buffering,216064,612,20,39,0,0,21,3558,48,469,48,469
424796,Buffering,208896,592,20,39,0,0,21,3562,109,469,109,469
425045,Buffering,210944,597,20,39,0,0,21,3565,129,469,129,469
425298,Buffering,203776,577,20,39,0,0,21,3567,77,469,77,469
425544,Buffering,195584,554,20,39,0,0,21,3569,241,469,241,469
425791,Buffering,123904,351,20,39,0,0,21,3571,136,469,136,469
426042,Buffering,135168,383,20,39,0,0,21,3573,0,469,0,469
426291,Buffering,145408,412,20,39,0,0,21,3576,29,469,29,469
426540,Buffering,129024,365,20,39,0,0,21,3578,17,469,17,469
426791,Buffering,38912,110,20,39,0,0,21,3580,95,469,95,469
427040,Buffering,40960,116,20,39,0,0,21,3583,15,469,15,469
427289,Buffering,23552,66,20,39,0,0,21,3587,35,469,35,469
427537,Buffering,73728,208,20,39,0,0,21,3589,0,469,0,469
427787,Playing,166912,473,20,40,0,0,21,3593,111,469,111,469
428128,Playing,99328,281,20,40,0,0,21,3594,316,469,317,469
428340,Playing,126976,359,20,40,0,0,21,3599,1,469,1,469
428706,Playing,77824,220,20,40,0,0,21,3601,0,469,0,469
429012,Playing,0,0,20,40,0,0,21,3602,122,469,122,469
429154,Buffering,64512,182,21,40,0,0,21,3605,91,469,91,469
429324,Buffering,138240,391,21,40,0,0,21,3608,0,469,0,469
429539,Buffering,138240,391,21,40,0,0,21,3609,135,469,135,469
429815,Buffering,211968,600,21,40,0,0,21,3612,20,469,20,469
430027,Buffering,294912,835,21,40,0,0,21,3615,28,469,28,469
430291,Buffering,370688,1050,21,41,0,0,21,3618,9,469,9,469
430537,Buffering,288768,818,21,41,0,0,21,3619,109,469,109,469
430782,Buffering,290816,824,21,41,0,0,21,3622,119,469,119,469
431035,Buffering,274432,777,21,41,0,0,21,3626,30,469,30,469
431279,Buffering,266240,754,21,41,0,0,21,3628,0,469,0,469
431558,Buffering,269312,763,21,41,0,0,21,3631,0,469,0,469
431808,Buffering,197632,560,21,41,0,0,21,3632,121,469,121,469
432060,Buffering,190464,539,21,41,0,0,21,3635,39,469,39,469
432266,Buffering,199680,565,21,41,0,0,21,3637,0,469,0,469
432550,Buffering,202752,574,21,41,0,0,21,3640,0,469,0,469
432782,Buffering,139264,394,21,41,0,0,21,3641,125,469,125,469
433037,Buffering,132096,374,21,41,0,0,21,3644,58,469,58,469
433286,Buffering,115712,327,21,41,0,0,21,3646,0,469,0,469
433558,Buffering,118784,336,21,41,0,0,21,3650,107,469,107,469
433798,Buffering,64512,182,21,41,0,0,21,3652,0,469,0,469
434064,Buffering,86016,243,21,41,0,0,21,3657,5,469,5,469
434284,Buffering,12288,34,21,41,0,0,21,3658,113,469,113,469
434599,Buffering,0,0,21,41,0,0,21,3661,121,469,121,469
434799,Buffering,55296,156,21,41,0,0,21,3662,311,469,311,469
435070,Reconnecting,0,0,21,42,0,0,21,3666,126,469,126,469
435316,Reconnecting,0,0,21,42,0,0,21,3666,126,469,126,469
435511,Reconnecting,0,0,21,42,0,0,21,3666,126,469,126,469
435764,Reconnecting,0,0,21,42,0,0,21,3666,126,469,126,469
436035,Reconnecting,0,0,21,42,0,0,21,3666,126,469,126,469
436258,Reconnecting,0,0,21,42,0,0,21,3666,126,469,126,469
436520,Reconnecting,0,0,21,42,0,0,21,3666,126,469,126,469
436777,Reconnecting,0,0,21,42,0,0,21,3666,126,469,126,469
437037,Reconnecting,0,0,21,42,0,0,21,3666,126,469,126,469
437294,Reconnecting,0,0,21,42,0,0,21,3666,126,469,126,469
437569,Reconnecting,0,0,21,42,0,0,21,3666,126,469,126,469
437777,Reconnecting,0,0,21,42,0,0,21,3666,126,469,126,469
438046,Reconnecting,0,0,21,42,0,0,21,3666,126,469,126,469
438298,Reconnecting,0,0,21,42,0,0,21,3666,126,469,126,469
438518,Reconnecting,0,0,21,42,0,0,21,3666,126,469,126,469
438818,Reconnecting,0,0,21,42,0,0,21,3666,126,469,126,469
439016,Reconnecting,0,0,21,42,0,0,21,3666,126,469,126,469
439262,Reconnecting,0,0,21,42,0,0,21,3666,126,469,126,469
439519,Reconnecting,0,0,21,42,0,0,21,3666,126,469,126,469
439787,Reconnecting,0,0,21,42,0,0,21,3666,126,469,126,469
440041,Reconnecting,0,0,21,42,0,0,22,3666,126,469,126,469
440308,Reconnecting,0,0,21,42,0,0,22,3666,126,469,126,469
440562,Reconnecting,0,0,21,42,0,0,22,3672,7,469,126,469
440766,Reconnecting,0,0,21,42,0,0,22,3672,7,469,126,469
441062,Reconnecting,0,0,21,42,0,0,22,3672,7,469,126,469
441266,Reconnecting,0,0,21,42,0,0,22,3672,7,469,126,469
441528,Reconnecting,0,0,21,42,0,0,22,3672,7,469,126,469
441773,Reconnecting,0,0,21,42,0,0,22,3672,7,469,126,469
442037,Reconnecting,0,0,21,42,0,0,22,3672,7,469,126,469
442257,Reconnecting,0,0,21,42,0,0,22,3672,7,469,126,469
442504,Reconnecting,0,0,21,42,0,0,22,3672,7,469,126,469
442795,Reconnecting,0,0,21,42,0,0,22,3672,7,469,126,469
443048,Reconnecting,0,0,21,42,0,0,22,3672,7,469,126,469
443260,Reconnecting,0,0,21,42,0,0,22,3672,7,469,126,469
443674,Reconnecting,0,0,21,42,0,0,22,3672,7,469,126,469
443828,Reconnecting,0,0,21,42,0,0,22,3672,7,469,126,469
444040,Reconnecting,0,0,21,42,0,0,22,3672,7,469,126,469
444279,Reconnecting,0,0,21,42,0,0,22,3672,7,469,126,469
444503,Reconnecting,0,0,21,42,0,0,22,3672,7,469,126,469
444800,Reconnecting,0,0,21,42,0,0,22,3672,7,469,126,469
445042,Reconnecting,0,0,21,42,0,0,22,3672,7,469,126,469
445283,Reconnecting,0,0,21,42,0,0,22,3672,7,469,126,469
445533,Reconnecting,0,0,21,42,0,0,22,3672,7,469,126,469
445784,Reconnecting,0,0,21,42,0,0,23,3672,7,469,126,469
446035,Reconnecting,0,0,21,42,0,0,23,3674,2,469,126,469
446285,Reconnecting,82944,235,21,42,0,0,23,3680,3,469,3,469
446538,Reconnecting,995328,2821,21,42,0,0,23,3697,8,469,8,469
446790,Playing,1497088,4243,21,42,0,0,23,3709,0,469,0,469
447042,Playing,1949696,5526,21,42,0,0,23,3721,0,469,0,469
447291,Playing,1887232,5349,21,42,0,0,23,3723,11,469,11,469
447539,Playing,1889280,5355,21,42,0,0,23,3726,120,469,120,469
447789,Playing,1900544,5387,21,42,0,0,23,3729,120,469,120,469
448038,Playing,1883136,5337,21,42,0,0,23,3731,82,469,82,469
448288,Playing,1894400,5369,21,42,0,0,23,3734,0,469,0,469
448537,Playing,1822720,5166,21,42,0,0,23,3735,122,469,122,469
448787,Playing,1833984,5198,21,42,0,0,23,3738,118,469,118,469
449036,Playing,1826816,5178,21,42,0,0,23,3741,28,469,28,469
449377,Playing,1804288,5114,21,42,0,0,23,3744,125,469,125,469
449578,Playing,1831936,5192,21,42,0,0,23,3746,4,469,4,469
449811,Playing,1750016,4960,21,42,0,0,23,3746,4,469,4,469
450073,Playing,1770496,5018,21,42,0,0,23,3748,112,469,112,469
450374,Playing,1746944,4951,21,42,0,0,23,3751,47,469,47,469
450602,Playing,1757184,4980,21,42,0,0,23,3754,126,469,126,469
450854,Playing,1722368,4881,21,42,0,0,23,3755,308,469,308,469
451015,Playing,1683456,4771,21,42,0,0,23,3758,32,469,32,469
451312,Playing,1650688,4678,21,42,0,0,23,3761,47,469,47,469
451590,Playing,1626112,4609,21,42,0,0,23,3765,114,469,114,469
451770,Playing,1615872,4580,21,42,0,0,23,3767,82,469,82,469
452254,Playing,1571840,4455,21,42,0,0,23,3771,129,469,129,469
452374,Playing,1605632,4551,21,42,0,0,23,3773,1,469,1,469
452507,Playing,1564672,4435,21,42,0,0,23,3774,117,469,117,469
452861,Playing,1479680,4194,21,42,0,0,23,3779,18,469,18,469
453095,Playing,1471488,4170,21,42,0,0,23,3781,1,469,1,469
453289,Playing,1424384,4037,21,42,0,0,23,3782,123,469,123,469
453599,Playing,1419264,4022,21,42,0,0,23,3785,119,469,119,469
453824,Playing,1420288,4025,21,42,0,0,23,3789,47,469,47,469
454045,Playing,1412096,4002,21,42,0,0,23,3792,40,469,40,469
454320,Playing,1387520,3932,21,42,0,0,23,3794,1,469,1,469
454511,Playing,1340416,3799,21,42,0,0,23,3795,118,469,118,469
454781,Playing,1324032,3752,21,42,0,0,23,3799,24,469,24,469
455011,Playing,1315840,3729,21,42,0,0,23,3802,35,469,35,469
455279,Playing,1309696,3712,21,42,0,0,23,3805,123,469,123,469
455695,Playing,1245184,3529,21,42,0,0,23,3808,37,469,37,469
455898,Playing,1254400,3555,21,42,0,0,23,3810,0,469,0,469
456024,Playing,1231872,3491,21,42,0,0,23,3811,119,469,120,469
456279,Playing,1243136,3523,21,42,0,0,23,3814,115,469,116,469
456507,Playing,1161216,3291,21,42,0,0,23,3814,115,469,116,469
456790,Playing,1247232,3535,21,42,0,0,23,3819,0,469,0,469
457052,Playing,1258496,3567,21,42,0,0,23,3822,0,469,0,469
457307,Playing,1186816,3363,21,42,0,0,23,3824,111,469,111,469
457507,Playing,1177600,3337,21,42,0,0,23,3828,29,469,29,469
457773,Playing,1161216,3291,21,42,0,0,23,3830,0,469,0,469
458040,Playing,1155072,3274,21,42,0,0,23,3833,1,469,1,469
458287,Playing,1083392,3070,21,42,0,0,23,3834,119,469,119,469
458591,Playing,1087488,3082,21,42,0,0,23,3836,119,469,119,469
458757,Playing,1113088,3155,21,42,0,0,23,3838,0,469,0,469
459085,Playing,1099776,3117,21,42,0,0,23,3841,0,469,0,469
459254,Playing,1060864,3006,21,42,0,0,23,3842,124,469,124,469
459578,Playing,1112064,3152,21,42,0,0,23,3847,0,469,0,469
459786,Playing,1038336,2943,21,42,0,0,23,3848,120,469,120,469
460031,Playing,1021952,2896,21,42,0,0,23,3850,0,469,0,469
460257,Playing,1013760,2873,21,42,0,0,23,3852,175,469,175,469
460595,Playing,1009664,2861,21,42,0,0,23,3856,0,469,0,469
460816,Playing,1047552,2969,21,42,0,0,23,3860,5,469,6,469
461047,Playing,965632,2737,21,42,0,0,23,3861,114,469,114,469
461274,Playing,920576,2609,21,42,0,0,23,3862,311,469,311,469
461568,Playing,923648,2618,21,42,0,0,23,3868,31,469,31,469
461774,Playing,914432,2591,21,42,0,0,23,3870,3,469,3,469
462031,Playing,851968,2414,21,42,0,0,23,3871,119,469,120,469
462290,Playing,817152,2316,21,42,0,0,23,3875,8,469,8,469
462569,Playing,792576,2246,21,42,0,0,23,3879,40,469,40,469
462814,Playing,776192,2200,21,42,0,0,23,3881,0,469,0,469
463066,Playing,759808,2153,21,42,0,0,23,3883,168,469,169,469
463269,Playing,713728,2023,21,42,0,0,23,3885,45,469,45,469
463509,Playing,714752,2025,21,42,0,0,23,3887,0,469,0,469
463811,Playing,709632,2011,21,42,0,0,23,3890,0,469,0,469
464060,Playing,693248,1964,21,42,0,0,23,3892,171,469,172,469
464318,Playing,713728,2023,21,42,0,0,23,3896,0,469,0,469
464508,Playing,666624,1889,21,42,0,0,23,3897,122,469,122,469
464769,Playing,677888,1921,21,42,0,0,23,3900,8,469,8,469
465027,Playing,624640,1770,21,42,0,0,23,3902,175,469,175,469
465269,Playing,635904,1802,21,42,0,0,23,3908,31,469,31,469
465516,Playing,545792,1547,21,42,0,0,23,3908,31,469,31,469
465781,Playing,547840,1552,21,42,0,0,23,3911,120,469,120,469
466029,Playing,531456,1506,21,42,0,0,23,3914,8,469,8,469
466298,Playing,515072,1459,21,42,0,0,23,3918,41,469,41,469
466549,Playing,489472,1387,21,42,0,0,23,3920,0,469,0,469
466781,Playing,435200,1233,21,42,0,0,23,3921,121,469,121,469
467066,Playing,419840,1190,21,42,0,0,23,3924,39,469,39,469
467278,Playing,439296,1245,21,42,0,0,23,3927,123,469,123,469
467531,Playing,440320,1248,21,42,0,0,23,3929,0,469,0,469
467778,Playing,368640,1044,21,42,0,0,23,3930,120,469,120,469
468028,Playing,361472,1024,21,42,0,0,23,3933,37,469,38,469
468277,Playing,372736,1056,21,42,0,0,23,3936,121,469,121,469
468544,Playing,384000,1088,21,42,0,0,23,3940,115,469,115,469
468816,Playing,350208,992,21,42,0,0,23,3943,12,469,12,469
469027,Playing,276480,783,21,42,0,0,23,3944,29,469,29,469
469303,Playing,270336,766,21,42,0,0,23,3947,119,469,119,469
469503,Playing,297984,844,21,42,0,0,23,3950,121,469,121,469
469766,Playing,272384,772,21,42,0,0,23,3952,83,469,83,469
470024,Playing,265216,751,21,42,0,0,23,3957,46,469,46,469
470281,Playing,175104,496,21,42,0,0,23,3957,46,469,46,469
470637,Playing,136192,386,21,42,0,0,23,3960,119,469,120,469
470815,Playing,161792,458,21,42,0,0,23,3963,52,469,52,469
471057,Playing,154624,438,21,42,0,0,23,3966,10,469,10,469
471310,Playing,64512,182,21,42,0,0,23,3966,10,469,10,469
471562,Playing,74752,211,21,42,0,0,23,3969,119,469,119,469
471807,Playing,67584,191,21,42,0,0,23,3972,36,469,36,469
472058,Playing,78848,223,21,42,0,0,23,3975,119,469,119,469
472312,Playing,90112,255,21,42,0,0,23,3979,109,469,109,469
472566,Playing,0,0,21,42,0,0,23,3979,109,469,109,469
472753,Buffering,64512,182,22,42,0,0,23,3983,30,469,30,469
473011,Buffering,138240,391,22,42,0,0,23,3986,35,469,35,469
473254,Buffering,221184,626,22,42,0,0,23,3989,119,469,119,469
473506,Buffering,276480,783,22,42,0,0,23,3991,2,469,2,469
473790,Buffering,331776,940,22,42,0,0,23,3992,174,469,174,469
474044,Buffering,343040,972,22,43,0,0,23,3995,120,469,121,469
474306,Buffering,354304,1004,22,43,0,0,23,3998,119,469,120,469
474519,Buffering,363520,1030,22,43,0,0,23,4001,43,469,43,469
474787,Buffering,348160,986,22,43,0,0,23,4003,0,469,0,469
475032,Buffering,284672,806,22,43,0,0,23,4004,120,469,120,469
475298,Buffering,287744,815,22,43,0,0,23,4007,119,469,120,469
475562,Buffering,262144,743,22,43,0,0,23,4011,38,469,38,469
475765,Buffering,289792,821,22,43,0,0,23,4015,113,469,113,469
476028,Buffering,199680,565,22,43,0,0,23,4015,113,469,113,469
476278,Buffering,201728,571,22,43,0,0,23,4018,119,469,119,469
476532,Buffering,185344,525,22,43,0,0,23,4022,31,469,31,469
476795,Buffering,168960,478,22,43,0,0,23,4025,34,469,34,469
477058,Buffering,144384,409,22,43,0,0,23,4027,0,469,0,469
477269,Buffering,89088,252,22,43,0,0,23,4028,119,469,119,469
477574,Buffering,130048,368,22,43,0,0,23,4034,0,469,0,469
477765,Buffering,64512,182,22,43,0,0,23,4035,47,469,47,469
478016,Buffering,66560,188,22,43,0,0,23,4038,122,469,122,469
478290,Buffering,55296,156,22,43,0,0,23,4039,308,469,309,469
478537,Playing,139264,394,22,44,0,0,23,4044,0,469,0,469
478790,Playing,49152,139,22,44,0,0,23,4045,49,469,49,469
479049,Playing,51200,145,22,44,0,0,23,4048,120,469,120,469
479303,Playing,44032,124,22,44,0,0,23,4051,42,469,42,469
479549,Buffering,101376,287,23,44,0,0,23,4054,6,469,6,469
479807,Buffering,165888,470,23,44,0,0,23,4057,0,469,0,469
480056,Buffering,193536,548,23,44,0,0,23,4058,124,469,124,469
480256,Buffering,267264,757,23,44,0,0,23,4062,27,469,27,469
480503,Buffering,340992,966,23,44,0,0,23,4064,0,469,0,469
480756,Buffering,293888,833,23,45,0,0,23,4065,121,469,121,469
481007,Buffering,305152,864,23,45,0,0,23,4068,121,469,121,469
481253,Buffering,279552,792,23,45,0,0,23,4071,24,469,24,469
481507,Buffering,281600,798,23,45,0,0,23,4074,122,469,122,469
481766,Buffering,292864,830,23,45,0,0,23,4077,119,469,119,469
482019,Buffering,258048,731,23,45,0,0,23,4078,174,469,174,469
482266,Buffering,194560,551,23,45,0,0,23,4081,27,469,27,469
482519,Buffering,196608,557,23,45,0,0,23,4084,121,469,121,469
482790,Buffering,199680,565,23,45,0,0,23,4087,120,469,120,469
483045,Buffering,174080,493,23,45,0,0,23,4091,34,469,34,469
483299,Buffering,157696,446,23,45,0,0,23,4093,1,469,1,469
483581,Buffering,77824,220,23,45,0,0,23,4095,117,469,117,469
483819,Buffering,69632,197,23,45,0,0,23,4099,117,469,117,469
484066,Buffering,44032,124,23,45,0,0,23,4103,24,469,24,469
484308,Buffering,73728,208,23,45,0,0,23,4105,0,469,0,469
484569,Playing,175104,496,23,46,0,0,23,4109,3,469,3,469
484922,Playing,80896,229,23,46,0,0,23,4111,184,469,184,469
485119,Playing,43008,121,23,46,0,0,23,4114,33,469,33,469
485268,Playing,59392,168,23,46,0,0,23,4116,1,469,1,469
485509,Playing,0,0,23,46,0,0,23,4117,122,469,122,469
485824,Buffering,101376,287,24,46,0,0,23,4120,118,469,118,469
486065,Buffering,175104,496,24,46,0,0,23,4124,28,469,28,469
486315,Buffering,248832,705,24,46,0,0,23,4127,55,469,55,469
486536,Buffering,322560,914,24,46,0,0,23,4129,0,469,0,469
486869,Buffering,356352,1010,24,47,0,0,23,4133,29,469,29,469
487139,Buffering,358400,1015,24,47,0,0,23,4136,11,469,11,469
487278,Buffering,309248,876,24,47,0,0,23,4137,112,469,112,469
487552,Buffering,303104,859,24,47,0,0,23,4140,122,469,122,469
487865,Buffering,262144,743,24,47,0,0,23,4144,28,469,28,469
488049,Buffering,270336,766,24,47,0,0,23,4146,1,469,1,469
488257,Buffering,215040,609,24,47,0,0,23,4147,118,469,118,469
488586,Buffering,201728,571,24,47,0,0,23,4150,136,469,136,469
488915,Buffering,160768,455,24,47,0,0,23,4154,23,469,23,469
489016,Buffering,201728,571,24,47,0,0,23,4156,0,469,0,469
489307,Buffering,196608,557,24,47,0,0,23,4159,0,469,0,469
489565,Buffering,180224,510,24,47,0,0,23,4161,177,469,177,469
489806,Buffering,116736,330,24,47,0,0,23,4164,31,469,31,469
490061,Buffering,100352,284,24,47,0,0,23,4166,1,469,1,469
490265,Buffering,128000,362,24,47,0,0,23,4169,2,469,2,469
490540,Buffering,103424,293,24,47,0,0,23,4171,178,469,178,469
490837,Buffering,98304,278,24,47,0,0,23,4177,2,469,2,469
491028,Buffering,32768,92,24,47,0,0,23,4178,117,469,117,469
491295,Buffering,73728,208,24,47,0,0,23,4180,0,469,0,469
491565,Reconnecting,0,0,24,48,0,0,23,4181,121,469,121,469
491781,Reconnecting,0,0,24,48,0,0,23,4181,121,469,121,469
492032,Reconnecting,0,0,24,48,0,0,23,4181,121,469,121,469
492285,Reconnecting,0,0,24,48,0,0,23,4181,121,469,121,469
492535,Reconnecting,0,0,24,48,0,0,23,4181,121,469,121,469
492781,Reconnecting,0,0,24,48,0,0,23,4181,121,469,121,469
493040,Reconnecting,0,0,24,48,0,0,23,4181,121,469,121,469
493293,Reconnecting,0,0,24,48,0,0,23,4181,121,469,121,469
493545,Reconnecting,0,0,24,48,0,0,23,4181,121,469,121,469
493794,Reconnecting,0,0,24,48,0,0,23,4181,121,469,121,469
494041,Reconnecting,0,0,24,48,0,0,23,4181,121,469,121,469
494291,Reconnecting,0,0,24,48,0,0,23,4181,121,469,121,469
494511,Reconnecting,0,0,24,48,0,0,23,4181,121,469,121,469
494757,Reconnecting,0,0,24,48,0,0,23,4181,121,469,121,469
495032,Reconnecting,0,0,24,48,0,0,23,4181,121,469,121,469
495273,Reconnecting,0,0,24,48,0,0,23,4181,121,469,121,469
495528,Reconnecting,0,0,24,48,0,0,23,4181,121,469,121,469
495774,Reconnecting,0,0,24,48,0,0,23,4181,121,469,121,469
496020,Reconnecting,0,0,24,48,0,0,23,4181,121,469,121,469
496269,Reconnecting,0,0,24,48,0,0,23,4181,121,469,121,469
496519,Reconnecting,0,0,24,48,0,0,24,4181,121,469,121,469
496778,Reconnecting,0,0,24,48,0,0,24,4185,110,469,121,469
497028,Reconnecting,0,0,24,48,0,0,24,4188,4,469,121,469
497269,Reconnecting,0,0,24,48,0,0,24,4188,4,469,121,469
497534,Reconnecting,0,0,24,48,0,0,24,4188,4,469,121,469
497785,Reconnecting,0,0,24,48,0,0,24,4188,4,469,121,469
498045,Reconnecting,0,0,24,48,0,0,24,4188,4,469,121,469
498256,Reconnecting,0,0,24,48,0,0,24,4188,4,469,121,469
498526,Reconnecting,0,0,24,48,0,0,24,4188,4,469,121,469
498797,Reconnecting,0,0,24,48,0,0,24,4188,4,469,121,469
499044,Reconnecting,0,0,24,48,0,0,24,4188,4,469,121,469
499295,Reconnecting,0,0,24,48,0,0,24,4188,4,469,121,469
499565,Reconnecting,0,0,24,48,0,0,24,4188,4,469,121,469
499815,Reconnecting,0,0,24,48,0,0,24,4188,4,469,121,469
500005,Reconnecting,0,0,24,48,0,0,24,4188,4,469,121,469
500309,Reconnecting,0,0,24,48,0,0,24,4188,4,469,121,469
500557,Reconnecting,0,0,24,48,0,0,24,4188,4,469,121,469
500816,Reconnecting,0,0,24,48,0,0,24,4188,4,469,121,469
501011,Reconnecting,0,0,24,48,0,0,24,4188,4,469,121,469
501261,Reconnecting,0,0,24,48,0,0,24,4188,4,469,121,469
501510,Reconnecting,0,0,24,48,0,0,24,4188,4,469,121,469
501774,Reconnecting,0,0,24,48,0,0,24,4188,4,469,121,469
502035,Reconnecting,0,0,24,48,0,0,25,4188,4,469,121,469
502288,Reconnecting,55296,156,24,48,0,0,25,4195,0,469,0,469
502537,Reconnecting,506880,1436,24,48,0,0,25,4205,11,469,11,469
502785,Reconnecting,1290240,3657,24,48,0,0,25,4223,0,469,0,469
503041,Playing,1696768,4809,24,48,0,0,25,4237,34,469,35,469
503293,Playing,1818624,5154,24,48,0,0,25,4242,0,469,0,469
503536,Playing,1792000,5079,24,48,0,0,25,4244,189,469,189,469
503822,Playing,1804288,5114,24,48,0,0,25,4248,7,469,7,469
504006,Playing,1738752,4928,24,48,0,0,25,4249,65,469,65,469
504255,Playing,1740800,4934,24,48,0,0,25,4252,8,469,8,469
504505,Playing,1715200,4861,24,48,0,0,25,4256,42,469,42,469
504756,Playing,1698816,4815,24,48,0,0,25,4258,0,469,0,469
505018,Playing,1627136,4612,24,48,0,0,25,4259,133,469,133,469
505278,Playing,1638400,4643,24,48,0,0,25,4262,135,469,135,469
505522,Playing,1640448,4649,24,48,0,0,25,4264,132,469,133,469
505771,Playing,1651712,4681,24,48,0,0,25,4267,8,469,8,469
506035,Playing,1635328,4635,24,48,0,0,25,4271,13,469,13,469
506286,Playing,1545216,4379,24,48,0,0,25,4271,13,469,13,469
506539,Playing,1528832,4333,24,48,0,0,25,4274,41,469,41,469
506794,Playing,1494016,4234,24,48,0,0,25,4278,76,469,76,469
507038,Playing,1485824,4211,24,48,0,0,25,4280,1,469,1,469
507289,Playing,1469440,4165,24,48,0,0,25,4283,24,469,24,469
507538,Playing,1406976,3988,24,48,0,0,25,4285,117,469,117,469
507784,Playing,1398784,3964,24,48,0,0,25,4288,5,469,5,469
508036,Playing,1400832,3970,24,48,0,0,25,4291,133,469,133,469
508289,Playing,1393664,3950,24,48,0,0,25,4294,70,469,70,469
508539,Playing,1303552,3694,24,48,0,0,25,4295,113,469,113,469
508790,Playing,1287168,3648,24,48,0,0,25,4298,7,469,7,469
509056,Playing,1270784,3601,24,48,0,0,25,4302,125,469,125,469
509260,Playing,1243136,3523,24,48,0,0,25,4304,16,469,16,469
509506,Playing,1282048,3633,24,48,0,0,25,4307,0,469,0,469
509765,Playing,1191936,3378,24,48,0,0,25,4308,122,469,122,469
510022,Playing,1193984,3384,24,48,0,0,25,4311,135,469,135,469
510276,Playing,1186816,3363,24,48,0,0,25,4314,65,469,65,469
510528,Playing,1170432,3317,24,48,0,0,25,4318,125,469,125,469
510784,Playing,1080320,3062,24,48,0,0,25,4318,125,469,125,469
511027,Playing,1090560,3091,24,48,0,0,25,4321,134,469,134,469
511280,Playing,1083392,3070,24,48,0,0,25,4324,78,469,78,469
511528,Playing,1067008,3024,24,48,0,0,25,4328,121,469,121,469
511777,Playing,1032192,2925,24,48,0,0,25,4332,13,469,14,469
512026,Playing,950272,2693,24,48,0,0,25,4332,13,469,14,469
512276,Playing,943104,2673,24,48,0,0,25,4335,40,469,40,469
512523,Playing,945152,2679,24,48,0,0,25,4338,71,469,71,469
512772,Playing,947200,2684,24,48,0,0,25,4341,140,469,140,469
513023,Playing,939008,2661,24,48,0,0,25,4343,58,469,58,469
513274,Playing,959488,2719,24,48,0,0,25,4346,0,469,0,469
513536,Playing,879616,2493,24,48,0,0,25,4347,153,469,153,469
513789,Playing,899072,2548,24,48,0,0,25,4349,0,469,0,469
514035,Playing,891904,2528,24,48,0,0,25,4352,93,469,93,469
514282,Playing,875520,2481,24,48,0,0,25,4355,0,469,0,469
514532,Playing,812032,2301,24,48,0,0,25,4356,137,469,137,469
514781,Playing,804864,2281,24,48,0,0,25,4359,19,469,19,469
515036,Playing,797696,2261,24,48,0,0,25,4362,45,469,45,469
515332,Playing,764928,2168,24,48,0,0,25,4365,64,469,64,469
515523,Playing,773120,2191,24,48,0,0,25,4366,374,469,374,469
515764,Playing,691200,1959,24,48,0,0,25,4368,116,469,116,469
516014,Playing,674816,1912,24,48,0,0,25,4372,117,469,117,469
516263,Playing,676864,1918,24,48,0,0,25,4375,123,469,123,469
516510,Playing,642048,1819,24,48,0,0,25,4379,5,469,5,469
516768,Playing,551936,1564,24,48,0,0,25,4379,5,469,5,469
517014,Playing,543744,1541,24,48,0,0,25,4382,56,469,56,469
517273,Playing,528384,1497,24,48,0,0,25,4385,15,469,15,469
517547,Playing,530432,1503,24,48,0,0,25,4388,137,469,137,469
517753,Playing,512000,1451,24,48,0,0,25,4389,292,469,292,469
518060,Playing,498688,1413,24,48,0,0,25,4394,53,469,53,469
518260,Playing,433152,1227,24,48,0,0,25,4394,53,469,53,469
518511,Playing,435200,1233,24,48,0,0,25,4397,126,469,126,469
518778,Playing,401408,1137,24,48,0,0,25,4400,191,469,191,469
519039,Playing,421888,1195,24,48,0,0,25,4403,1,469,1,469
519294,Playing,387072,1097,24,48,0,0,25,4408,1,469,1,469
519563,Playing,296960,841,24,48,0,0,25,4408,1,469,1,469
519782,Playing,288768,818,24,48,0,0,25,4412,118,469,118,469
520040,Playing,290816,824,24,48,0,0,25,4414,0,469,0,469
520298,Playing,200704,568,24,48,0,0,25,4414,0,469,0,469
520503,Playing,209920,595,24,48,0,0,25,4416,21,469,21,469
520823,Playing,251904,714,24,48,0,0,25,4422,0,469,0,469
521010,Playing,186368,528,24,48,0,0,25,4423,123,469,123,469
521261,Playing,169984,481,24,48,0,0,25,4425,0,469,0,469
521548,Playing,117760,333,24,48,0,0,25,4428,19,469,19,469
521794,Playing,129024,365,24,48,0,0,25,4432,0,469,0,469
522036,Playing,120832,342,24,48,0,0,25,4436,3,469,3,469
522303,Playing,22528,63,24,48,0,0,25,4436,3,469,3,469
522510,Buffering,55296,156,25,48,0,0,25,4437,416,469,416,469
522798,Buffering,156672,444,25,48,0,0,25,4442,13,469,13,469
523041,Buffering,230400,653,25,48,0,0,25,4444,0,469,0,469
523318,Buffering,248832,705,25,48,0,0,25,4445,134,469,134,469
523548,Buffering,340992,966,25,48,0,0,25,4447,82,469,82,469
523793,Buffering,373760,1059,25,49,0,0,25,4451,4,469,4,469
524072,Buffering,349184,989,25,49,0,0,25,4453,0,469,0,469
524277,Buffering,349184,989,25,49,0,0,25,4455,179,469,179,469
524539,Buffering,286720,812,25,49,0,0,25,4457,69,469,69,469
524794,Buffering,297984,844,25,49,0,0,25,4460,131,469,131,469
525045,Buffering,290816,824,25,49,0,0,25,4463,19,469,19,469
525260,Buffering,217088,615,25,49,0,0,25,4463,19,469,19,469
525526,Buffering,192512,545,25,49,0,0,25,4466,42,469,42,469
525777,Buffering,157696,446,25,49,0,0,25,4470,75,469,75,469
526030,Buffering,159744,452,25,49,0,0,25,4473,130,469,130,469
526307,Buffering,125952,357,25,49,0,0,25,4474,329,469,329,469
526560,Buffering,145408,412,25,49,0,0,25,4478,0,469,0,469
526806,Buffering,55296,156,25,49,0,0,25,4479,34,469,34,469
527018,Buffering,73728,208,25,49,0,0,25,4482,129,469,129,469
527251,Buffering,74752,211,25,49,0,0,25,4485,70,469,70,469
527590,Playing,67584,191,25,50,0,0,25,4488,0,469,0,469
527835,Playing,68608,194,25,50,0,0,25,4491,0,469,0,469
528030,Playing,0,0,25,50,0,0,25,4492,86,469,86,469
528289,Buffering,55296,156,26,50,0,0,25,4496,54,469,54,469
528535,Buffering,129024,365,26,50,0,0,25,4498,0,469,0,469
528781,Buffering,211968,600,26,50,0,0,25,4503,15,469,15,469
529031,Buffering,211968,600,26,50,0,0,25,4503,15,469,15,469
529294,Buffering,285696,809,26,50,0,0,25,4506,37,469,37,469
529531,Buffering,285696,809,26,51,0,0,25,4509,66,469,66,469
529784,Buffering,269312,763,26,51,0,0,25,4511,0,469,0,469
530035,Buffering,252928,716,26,51,0,0,25,4513,162,469,163,469
530290,Buffering,273408,774,26,51,0,0,25,4518,0,469,0,469
530569,Buffering,230400,653,26,51,0,0,25,4522,8,469,8,469
530760,Buffering,164864,467,26,51,0,0,25,4523,18,469,18,469
531010,Buffering,130048,368,26,51,0,0,25,4524,412,469,413,469
531255,Buffering,159744,452,26,51,0,0,25,4528,14,469,14,469
531506,Buffering,69632,197,26,51,0,0,25,4529,52,469,52,469
531757,Buffering,71680,203,26,51,0,0,25,4532,129,469,129,469
532036,Buffering,28672,81,26,51,0,0,25,4533,297,469,298,469
532285,Buffering,57344,162,26,51,0,0,25,4538,17,469,17,469
532548,Buffering,73728,208,26,51,0,0,25,4540,6,469,6,469
532774,Buffering,73728,208,26,51,0,0,25,4541,118,469,118,469
533022,Buffering,147456,417,26,51,0,0,25,4544,104,469,104,469
533298,Playing,172032,487,26,52,0,0,25,4546,5,469,5,469
533502,Playing,199680,565,26,52,0,0,25,4548,191,469,191,469
533768,Playing,183296,519,26,52,0,0,25,4550,248,469,248,469
534018,Playing,212992,603,26,52,0,0,25,4554,3,469,3,469
534285,Playing,114688,325,26,52,0,0,25,4555,75,469,75,469
534531,Playing,124928,354,26,52,0,0,25,4558,4,469,4,469
534781,Playing,80896,229,26,52,0,0,25,4561,28,469,28,469
535035,Playing,110592,313,26,52,0,0,25,4565,7,469,7,469
535289,Playing,20480,58,26,52,0,0,25,4566,124,469,124,469
535548,Buffering,92160,261,27,52,0,0,25,4569,132,469,132,469
535797,Buffering,156672,444,27,52,0,0,25,4571,61,469,61,469
536048,Buffering,258048,731,27,52,0,0,25,4575,88,469,88,469
536294,Buffering,331776,940,27,52,0,0,25,4577,0,469,0,469
536544,Buffering,350208,992,27,52,0,0,25,4578,134,469,134,469
536793,Buffering,384000,1088,27,53,0,0,25,4581,40,469,40,469
537045,Buffering,367616,1041,27,53,0,0,25,4584,17,469,17,469
537293,Buffering,350208,992,27,53,0,0,25,4586,3,469,3,469
537543,Buffering,287744,815,27,53,0,0,25,4587,131,469,131,469
537793,Buffering,289792,821,27,53,0,0,25,4590,44,469,44,469
538044,Buffering,273408,774,27,53,0,0,25,4593,66,469,66,469
538292,Buffering,265216,751,27,53,0,0,25,4595,0,469,0,469
538543,Buffering,248832,705,27,53,0,0,25,4598,12,469,12,469
538793,Buffering,204800,580,27,53,0,0,25,4599,188,469,188,469
539040,Buffering,197632,560,27,53,0,0,25,4602,0,469,0,469
539288,Buffering,207872,589,27,53,0,0,25,4605,132,469,132,469
539538,Buffering,182272,516,27,53,0,0,25,4607,54,469,54,469
539790,Buffering,193536,548,27,53,0,0,25,4611,89,469,89,469
540044,Buffering,103424,293,27,53,0,0,25,4611,89,469,89,469
540290,Buffering,105472,298,27,53,0,0,25,4614,128,469,128,469
540536,Buffering,106496,301,27,53,0,0,25,4616,70,469,70,469
540786,Buffering,90112,255,27,53,0,0,25,4620,83,469,83,469
541051,Buffering,0,0,27,53,0,0,25,4620,83,469,83,469
541303,Reconnecting,0,0,27,54,0,0,25,4623,134,469,134,469
541557,Reconnecting,0,0,27,54,0,0,25,4623,134,469,134,469
541756,Reconnecting,0,0,27,54,0,0,25,4623,134,469,134,469
542031,Reconnecting,0,0,27,54,0,0,25,4623,134,469,134,469
542284,Reconnecting,0,0,27,54,0,0,25,4623,134,469,134,469
542534,Reconnecting,0,0,27,54,0,0,25,4623,134,469,134,469
542785,Reconnecting,0,0,27,54,0,0,25,4623,134,469,134,469
543034,Reconnecting,0,0,27,54,0,0,25,4623,134,469,134,469
543297,Reconnecting,0,0,27,54,0,0,25,4623,134,469,134,469
543567,Reconnecting,0,0,27,54,0,0,25,4623,134,469,134,469
543755,Reconnecting,0,0,27,54,0,0,25,4623,134,469,134,469
544005,Reconnecting,0,0,27,54,0,0,25,4623,134,469,134,469
544253,Reconnecting,0,0,27,54,0,0,25,4623,134,469,134,469
544564,Reconnecting,0,0,27,54,0,0,25,4623,134,469,134,469
544809,Reconnecting,0,0,27,54,0,0,25,4623,134,469,134,469
545001,Reconnecting,0,0,27,54,0,0,25,4623,134,469,134,469
545318,Reconnecting,0,0,27,54,0,0,25,4623,134,469,134,469
545511,Reconnecting,0,0,27,54,0,0,25,4623,134,469,134,469
545759,Reconnecting,0,0,27,54,0,0,25,4623,134,469,134,469
546010,Reconnecting,0,0,27,54,0,0,25,4623,134,469,134,469
546260,Reconnecting,0,0,27,54,0,0,26,4623,134,469,134,469
546514,Reconnecting,0,0,27,54,0,0,26,4623,134,469,134,469
546759,Reconnecting,0,0,27,54,0,0,26,4630,0,469,134,469
547009,Reconnecting,0,0,27,54,0,0,26,4630,0,469,134,469
547259,Reconnecting,0,0,27,54,0,0,26,4630,0,469,134,469
547513,Reconnecting,0,0,27,54,0,0,26,4630,0,469,134,469
547797,Reconnecting,0,0,27,54,0,0,26,4630,0,469,134,469
548040,Reconnecting,0,0,27,54,0,0,26,4630,0,469,134,469
548293,Reconnecting,0,0,27,54,0,0,26,4630,0,469,134,469
548543,Reconnecting,0,0,27,54,0,0,26,4630,0,469,134,469
548790,Reconnecting,0,0,27,54,0,0,26,4630,0,469,134,469
549074,Reconnecting,0,0,27,54,0,0,26,4630,0,469,134,469
549267,Reconnecting,0,0,27,54,0,0,26,4630,0,469,134,469
549523,Reconnecting,0,0,27,54,0,0,26,4630,0,469,134,469
549772,Reconnecting,0,0,27,54,0,0,26,4630,0,469,134,469
550021,Reconnecting,0,0,27,54,0,0,26,4630,0,469,134,469
550273,Reconnecting,0,0,27,54,0,0,26,4630,0,469,134,469
550522,Reconnecting,0,0,27,54,0,0,26,4630,0,469,134,469
550773,Reconnecting,0,0,27,54,0,0,26,4630,0,469,134,469
551027,Reconnecting,0,0,27,54,0,0,26,4630,0,469,134,469
551273,Reconnecting,0,0,27,54,0,0,26,4630,0,469,134,469
551523,Reconnecting,0,0,27,54,0,0,26,4630,0,469,134,469
551772,Reconnecting,0,0,27,54,0,0,27,4630,0,469,134,469
552023,Reconnecting,0,0,27,54,0,0,27,4630,0,469,134,469
552273,Reconnecting,0,0,27,54,0,0,27,4636,3,469,134,469
552534,Reconnecting,0,0,27,54,0,0,27,4636,3,469,134,469
552784,Reconnecting,0,0,27,54,0,0,27,4636,3,469,134,469
553032,Reconnecting,0,0,27,54,0,0,27,4636,3,469,134,469
553280,Reconnecting,0,0,27,54,0,0,27,4636,3,469,134,469
553544,Reconnecting,0,0,27,54,0,0,27,4636,3,469,134,469
553794,Reconnecting,0,0,27,54,0,0,27,4636,3,469,134,469
554002,Reconnecting,0,0,27,54,0,0,27,4636,3,469,134,469
554251,Reconnecting,0,0,27,54,0,0,27,4636,3,469,134,469
554560,Reconnecting,0,0,27,54,0,0,27,4636,3,469,134,469
554807,Reconnecting,0,0,27,54,0,0,27,4636,3,469,134,469
555059,Reconnecting,0,0,27,54,0,0,27,4636,3,469,134,469
555307,Reconnecting,0,0,27,54,0,0,27,4636,3,469,134,469
555560,Reconnecting,0,0,27,54,0,0,27,4636,3,469,134,469
555809,Reconnecting,0,0,27,54,0,0,27,4636,3,469,134,469
556059,Reconnecting,0,0,27,54,0,0,27,4636,3,469,134,469
556250,Reconnecting,0,0,27,54,0,0,27,4636,3,469,134,469
556555,Reconnecting,0,0,27,54,0,0,27,4636,3,469,134,469
556806,Reconnecting,0,0,27,54,0,0,27,4636,3,469,134,469
557057,Reconnecting,0,0,27,54,0,0,27,4636,3,469,134,469
557306,Reconnecting,0,0,27,54,0,0,28,4636,3,469,134,469
557551,Reconnecting,0,0,27,54,0,0,28,4638,0,469,134,469
557801,Reconnecting,0,0,27,54,0,0,28,4642,9,469,134,469
558050,Reconnecting,0,0,27,54,0,0,28,4642,9,469,134,469
558309,Reconnecting,0,0,27,54,0,0,28,4642,9,469,134,469
558560,Reconnecting,0,0,27,54,0,0,28,4642,9,469,134,469
558798,Reconnecting,0,0,27,54,0,0,28,4642,9,469,134,469
559047,Reconnecting,0,0,27,54,0,0,28,4642,9,469,134,469
559314,Reconnecting,0,0,27,54,0,0,28,4642,9,469,134,469
559511,Reconnecting,0,0,27,54,0,0,28,4642,9,469,134,469
559765,Reconnecting,0,0,27,54,0,0,28,4642,9,469,134,469
560015,Reconnecting,0,0,27,54,0,0,28,4642,9,469,134,469
560268,Reconnecting,0,0,27,54,0,0,28,4642,9,469,134,469
560513,Reconnecting,0,0,27,54,0,0,28,4642,9,469,134,469
560763,Reconnecting,0,0,27,54,0,0,28,4642,9,469,134,469
561010,Reconnecting,0,0,27,54,0,0,28,4642,9,469,134,469
561286,Reconnecting,0,0,27,54,0,0,28,4642,9,469,134,469
561501,Reconnecting,0,0,27,54,0,0,28,4642,9,469,134,469
561768,Reconnecting,0,0,27,54,0,0,28,4642,9,469,134,469
562022,Reconnecting,0,0,27,54,0,0,28,4642,9,469,134,469
562264,Reconnecting,0,0,27,54,0,0,28,4642,9,469,134,469
562517,Reconnecting,0,0,27,54,0,0,28,4642,9,469,134,469
562834,Reconnecting,0,0,27,54,0,0,29,4642,9,469,134,469
563015,Reconnecting,0,0,27,54,0,0,29,4642,9,469,134,469
563252,Reconnecting,46080,130,27,54,0,0,29,4649,0,469,0,469
563505,Reconnecting,1059840,3004,27,54,0,0,29,4666,14,469,14,469
563781,Playing,1524736,4321,27,54,0,0,29,4681,2,469,2,469
564034,Playing,1858560,5268,27,54,0,0,29,4691,9,469,9,469
564286,Playing,1850368,5244,27,54,0,0,29,4693,3,469,3,469
564532,Playing,1880064,5328,27,54,0,0,29,4696,124,469,124,469
564800,Playing,1864704,5285,27,54,0,0,29,4699,58,469,58,469
565081,Playing,1840128,5215,27,54,0,0,29,4701,0,469,0,469
565269,Playing,1774592,5030,27,54,0,0,29,4702,88,469,88,469
565522,Playing,1758208,4983,27,54,0,0,29,4705,62,469,62,469
565769,Playing,1759232,4986,27,54,0,0,29,4708,81,469,81,469
566036,Playing,1734656,4916,27,54,0,0,29,4712,141,469,141,469
566298,Playing,1644544,4661,27,54,0,0,29,4712,141,469,141,469
566551,Playing,1628160,4614,27,54,0,0,29,4715,40,469,40,469
566814,Playing,1611776,4568,27,54,0,0,29,4718,34,469,34,469
567060,Playing,1613824,4574,27,54,0,0,29,4721,129,469,129,469
567314,Playing,1579008,4475,27,54,0,0,29,4722,307,469,307,469
567559,Playing,1590272,4507,27,54,0,0,29,4727,3,469,3,469
567809,Playing,1545216,4379,27,54,0,0,29,4728,283,469,3,469
568059,Playing,1510400,4281,27,54,0,0,29,4730,124,469,124,469
568309,Playing,1521664,4313,27,54,0,0,29,4733,173,469,173,469
568557,Playing,1514496,4292,27,54,0,0,29,4735,0,469,0,469
568809,Playing,1525760,4324,27,54,0,0,29,4739,4,469,4,469
569054,Playing,1443840,4092,27,54,0,0,29,4739,4,469,4,469
569305,Playing,1427456,4046,27,54,0,0,29,4742,42,469,43,469
569555,Playing,1420288,4025,27,54,0,0,29,4745,3,469,3,469
569806,Playing,1403904,3979,27,54,0,0,29,4747,0,469,0,469
570054,Playing,1340416,3799,27,54,0,0,29,4748,125,469,125,469
570305,Playing,1406976,3988,27,54,0,0,29,4753,7,469,7,469
570502,Playing,1333248,3779,27,54,0,0,29,4754,75,469,75,469
570833,Playing,1283072,3636,27,54,0,0,29,4756,0,469,0,469
571013,Playing,1245184,3529,27,54,0,0,29,4757,124,469,124,469
571272,Playing,1311744,3718,27,54,0,0,29,4761,109,469,109,469
571578,Playing,1205248,3416,27,54,0,0,29,4763,25,469,25,469
571802,Playing,1215488,3445,27,54,0,0,29,4766,83,469,83,469
572043,Playing,1179648,3343,27,54,0,0,29,4767,317,469,317,469
572298,Playing,1181696,3349,27,54,0,0,29,4773,54,469,54,469
572540,Playing,1091584,3094,27,54,0,0,29,4773,54,469,54,469
572797,Playing,1075200,3047,27,54,0,0,29,4776,111,469,111,469
573042,Playing,1048576,2972,27,54,0,0,29,4778,82,469,82,469
573289,Playing,1059840,3004,27,54,0,0,29,4782,4,469,4,469
573560,Playing,1035264,2934,27,54,0,0,29,4784,0,469,0,469
573767,Playing,969728,2748,27,54,0,0,29,4785,116,469,116,469
574040,Playing,963584,2731,27,54,0,0,29,4788,60,469,60,469
574288,Playing,956416,2710,27,54,0,0,29,4790,0,469,0,469
574536,Playing,967680,2742,27,54,0,0,29,4793,0,469,0,469
574785,Playing,941056,2667,27,54,0,0,29,4796,2,469,2,469
575034,Playing,952320,2699,27,54,0,0,29,4801,3,469,3,469
575285,Playing,862208,2443,27,54,0,0,29,4801,3,469,3,469
575594,Playing,820224,2324,27,54,0,0,29,4803,1,469,1,469
575792,Playing,829440,2351,27,54,0,0,29,4806,17,469,17,469
576067,Playing,860160,2438,27,54,0,0,29,4809,0,469,0,469
576272,Playing,794624,2252,27,54,0,0,29,4810,88,469,88,469
576523,Playing,778240,2205,27,54,0,0,29,4812,1,469,1,469
576773,Playing,761856,2159,27,54,0,0,29,4814,175,469,175,469
577021,Playing,763904,2165,27,54,0,0,29,4819,8,469,8,469
577277,Playing,738304,2092,27,54,0,0,29,4822,0,469,0,469
577527,Playing,675840,1915,27,54,0,0,29,4823,125,469,125,469
577777,Playing,658432,1866,27,54,0,0,29,4825,82,469,82,469
578027,Playing,669696,1898,27,54,0,0,29,4829,0,469,0,469
578315,Playing,636928,1805,27,54,0,0,29,4832,0,469,0,469
578515,Playing,617472,1750,27,54,0,0,29,4835,3,469,3,469
578760,Playing,555008,1573,27,54,0,0,29,4837,90,469,90,469
579009,Playing,557056,1578,27,54,0,0,29,4840,125,469,125,469
579255,Playing,558080,1581,27,54,0,0,29,4842,0,469,0,469
579535,Playing,542720,1538,27,54,0,0,29,4844,168,469,168,469
579756,Playing,479232,1358,27,54,0,0,29,4847,0,469,0,469
580001,Playing,489472,1387,27,54,0,0,29,4850,126,469,126,469
580269,Playing,474112,1343,27,54,0,0,29,4853,5,469,5,469
580552,Playing,421888,1195,27,54,0,0,29,4854,287,469,287,469
580818,Playing,479232,1358,27,54,0,0,29,4857,3,469,3,469
581002,Playing,413696,1172,27,54,0,0,29,4857,3,469,3,469
581252,Playing,424960,1204,27,54,0,0,29,4860,124,469,124,469
581502,Playing,399360,1131,27,54,0,0,29,4862,70,469,70,469
581809,Playing,394240,1117,27,54,0,0,29,4866,58,469,58,469
582059,Playing,304128,862,27,54,0,0,29,4866,58,469,58,469
582311,Playing,306176,867,27,54,0,0,29,4869,124,469,124,469
582506,Playing,323584,917,27,54,0,0,29,4872,84,469,84,469
582754,Playing,307200,870,27,54,0,0,29,4876,103,469,103,469
583059,Playing,292864,830,27,54,0,0,29,4880,119,469,119,469
583308,Playing,202752,574,27,54,0,0,29,4880,119,469,119,469
583558,Playing,158720,449,27,54,0,0,29,4885,40,469,40,469
583806,Playing,150528,426,27,54,0,0,29,4889,58,469,58,469
584055,Playing,152576,432,27,54,0,0,29,4892,130,469,131,469
584305,Playing,126976,359,27,54,0,0,29,4894,83,469,83,469
584555,Playing,55296,156,27,54,0,0,29,4895,41,469,41,469
584805,Playing,74752,211,27,54,0,0,29,4898,125,469,126,469
585005,Playing,83968,238,27,54,0,0,29,4901,4,469,4,469
585252,Playing,49152,139,27,54,0,0,29,4903,86,469,86,469
585555,Buffering,82944,235,28,54,0,0,29,4906,0,469,2,469
585781,Buffering,101376,287,28,54,0,0,29,4907,238,469,238,469
586040,Buffering,202752,574,28,54,0,0,29,4909,34,469,34,469
586305,Buffering,285696,809,28,54,0,0,29,4912,35,469,35,469
586560,Buffering,293888,833,28,55,0,0,29,4915,10,469,10,469
586756,Buffering,220160,624,28,55,0,0,29,4915,10,469,10,469
587068,Buffering,205824,583,28,55,0,0,29,4919,119,469,119,469
587277,Buffering,187392,531,28,55,0,0,29,4921,150,469,150,469
587514,Buffering,198656,563,28,55,0,0,29,4925,56,469,56,469
587786,Buffering,200704,568,28,55,0,0,29,4928,134,469,134,469
588030,Buffering,110592,313,28,55,0,0,29,4928,134,469,134,469
588252,Buffering,119808,339,28,55,0,0,29,4931,66,469,66,469
588526,Buffering,86016,243,28,55,0,0,29,4935,9,469,9,469
588777,Buffering,88064,249,28,55,0,0,29,4938,124,469,124,469
589022,Buffering,0,0,28,55,0,0,29,4938,124,469,124,469
589276,Buffering,82944,235,28,55,0,0,29,4941,41,469,41,469
589540,Buffering,165888,470,28,55,0,0,29,4944,121,469,121,469
589793,Buffering,239616,679,28,55,0,0,29,4947,5,469,5,469
590038,Buffering,313344,888,28,55,0,0,29,4950,36,469,36,469
590285,Buffering,389120,1102,28,56,0,0,29,4953,9,469,9,469
590535,Buffering,299008,847,28,56,0,0,29,4954,115,469,115,469
590789,Buffering,301056,853,28,56,0,0,29,4957,123,469,123,469
591035,Buffering,292864,830,28,56,0,0,29,4961,31,469,31,469
591294,Buffering,276480,783,28,56,0,0,29,4963,0,469,0,469
591536,Buffering,287744,815,28,56,0,0,29,4967,1,469,1,469
591789,Buffering,197632,560,28,56,0,0,29,4967,1,469,1,469
592035,Buffering,181248,513,28,56,0,0,29,4970,45,469,45,469
592284,Buffering,182272,516,28,56,0,0,29,4973,4,469,4,469
592532,Buffering,165888,470,28,56,0,0,29,4975,0,469,0,469
592781,Buffering,94208,267,28,56,0,0,29,4976,124,469,124,469
593035,Buffering,169984,481,28,56,0,0,29,4981,0,469,0,469
593283,Buffering,88064,249,28,56,0,0,29,4982,53,469,53,469
593534,Buffering,90112,255,28,56,0,0,29,4985,127,469,127,469
593784,Buffering,55296,156,28,56,0,0,29,4986,306,469,306,469
594035,Buffering,84992,240,28,56,0,0,29,4991,0,469,0,469
594285,Buffering,68608,194,28,56,0,0,29,4993,0,469,0,469
594555,Buffering,0,0,28,56,0,0,29,4994,148,469,148,469
594854,Playing,101376,287,28,57,0,0,29,4996,4,469,4,469
595047,Playing,118784,336,28,57,0,0,29,4999,40,469,40,469
595298,Playing,102400,290,28,57,0,0,29,5001,1,469,1,469
595548,Playing,30720,87,28,57,0,0,29,5002,124,469,124,469
595796,Playing,14336,40,28,57,0,0,29,5006,39,469,39,469
596048,Buffering,73728,208,29,57,0,0,29,5008,0,469,0,469
596300,Buffering,175104,496,29,57,0,0,29,5011,0,469,0,469
596546,Buffering,230400,653,29,57,0,0,29,5014,0,469,0,469
596798,Buffering,258048,731,29,57,0,0,29,5016,47,469,47,469
597051,Buffering,343040,972,29,58,0,0,29,5019,125,469,125,469
597301,Buffering,335872,952,29,58,0,0,29,5021,0,469,0,469
597551,Buffering,327680,928,29,58,0,0,29,5023,174,469,174,469
597797,Buffering,357376,1012,29,58,0,0,29,5028,48,469,48,469
598046,Buffering,275456,780,29,58,0,0,29,5028,48,469,48,469
598293,Buffering,277504,786,29,58,0,0,29,5031,124,469,124,469
598559,Buffering,234496,664,29,58,0,0,29,5035,3,469,3,469
598809,Buffering,226304,641,29,58,0,0,29,5039,75,469,75,469
599097,Buffering,184320,522,29,58,0,0,29,5041,0,469,0,469
599280,Buffering,146432,415,29,58,0,0,29,5042,131,469,131,469
599534,Buffering,130048,368,29,58,0,0,29,5045,11,469,11,469
599780,Buffering,121856,345,29,58,0,0,29,5049,45,469,45,469
600029,Buffering,105472,298,29,58,0,0,29,5051,0,469,0,469
