t_ms,state,buffered_bytes,buffered_ms,underruns,resumes,play_failures,stream_rebuilds,sessions,chunk_reads,last_chunk_ms,max_chunk_ms,last_push_gap_ms,max_push_gap_ms
51,Off,0,0,0,0,0,0,1,0,0,0,0,0
254,Off,0,0,0,0,0,0,1,0,0,0,0,0
507,Off,0,0,0,0,0,0,1,0,0,0,0,0
760,Off,0,0,0,0,0,0,1,0,0,0,0,0
1012,Off,0,0,0,0,0,0,1,0,0,0,0,0
1265,Off,0,0,0,0,0,0,1,0,0,0,0,0
1517,Off,0,0,0,0,0,0,1,0,0,0,0,0
1772,Playing,1642496,4655,0,0,0,0,1,79,0,157,0,157
2025,Playing,3552256,10068,0,0,0,0,1,158,0,158,0,158
2277,Playing,5368832,15217,0,0,0,0,1,233,0,158,0,158
2529,Playing,5361664,15197,0,0,0,0,1,236,0,174,0,174
2783,Playing,5299200,15020,0,0,0,0,1,237,174,174,174,174
3045,Playing,5347328,15156,0,0,0,0,1,242,0,175,0,175
3295,Playing,5340160,15136,0,0,0,0,1,245,0,175,0,175
3544,Playing,5332992,15116,0,0,0,0,1,248,98,175,98,175
3796,Playing,5298176,15017,0,0,0,0,1,250,0,176,0,176
4047,Playing,5326848,15098,0,0,0,0,1,254,0,177,0,177
4296,Playing,5347328,15156,0,0,0,0,1,258,0,177,0,177
4546,Playing,5284864,14979,0,0,0,0,1,259,96,177,96,177
4795,Playing,5285888,14982,0,0,0,0,1,262,0,177,0,177
5044,Playing,5306368,15040,0,0,0,0,1,269,0,258,0,258
5293,Playing,5299200,15020,0,0,0,0,1,272,0,258,0,258
5541,Playing,5272576,14944,0,0,0,0,1,274,0,258,0,258
5793,Playing,5265408,14924,0,0,0,0,1,277,92,258,92,258
6043,Playing,5285888,14982,0,0,0,0,1,281,89,258,89,258
6292,Playing,5286912,14985,0,0,0,0,1,284,0,258,0,258
6540,Playing,5335040,15121,0,0,0,0,1,289,0,258,0,258
6789,Playing,5272576,14944,0,0,0,0,1,290,93,258,93,258
7037,Playing,5301248,15026,0,0,0,0,1,294,0,258,0,258
7287,Playing,5321728,15084,0,0,0,0,1,298,0,258,0,258
7536,Playing,5314560,15063,0,0,0,0,1,301,0,258,0,258
7783,Playing,5260288,14910,0,0,0,0,1,305,0,258,0,258
8034,Playing,5280768,14968,0,0,0,0,1,309,0,258,0,258
8286,Playing,5273600,14947,0,0,0,0,1,312,0,258,0,258
8536,Playing,5294080,15005,0,0,0,0,1,316,0,258,0,258
8787,Playing,5239808,14852,0,0,0,0,1,317,95,258,96,258
9041,Playing,5260288,14910,0,0,0,0,1,321,172,258,172,258
9292,Playing,5280768,14968,0,0,0,0,1,325,0,258,0,258
9542,Playing,5301248,15026,0,0,0,0,1,329,0,258,0,258
9791,Playing,5302272,15029,0,0,0,0,1,332,98,258,98,258
10040,Playing,5267456,14930,0,0,0,0,1,334,0,258,0,258
10291,Playing,5287936,14988,0,0,0,0,1,338,0,258,0,258
10544,Playing,5253120,14889,0,0,0,0,1,343,0,258,0,258
10795,Playing,5309440,15049,0,0,0,0,1,348,0,258,0,258
11046,Playing,5246976,14872,0,0,0,0,1,349,89,258,89,258
11297,Playing,5267456,14930,0,0,0,0,1,353,0,258,0,258
11549,Playing,5260288,14910,0,0,0,0,1,356,0,258,0,258
11801,Playing,5253120,14889,0,0,0,0,1,359,175,258,175,258
12053,Playing,5281792,14971,0,0,0,0,1,363,176,258,177,258
12306,Playing,5246976,14872,0,0,0,0,1,365,0,258,0,258
12556,Playing,5267456,14930,0,0,0,0,1,369,0,258,0,258
12807,Playing,5260288,14910,0,0,0,0,1,372,173,258,174,258
13056,Playing,5288960,14991,0,0,0,0,1,376,0,258,0,258
13304,Playing,5226496,14814,0,0,0,0,1,380,0,258,0,258
13555,Playing,5246976,14872,0,0,0,0,1,384,0,258,0,258
13803,Playing,5248000,14875,0,0,0,0,1,387,0,258,0,258
14053,Playing,5240832,14854,0,0,0,0,1,390,0,258,0,258
14302,Playing,5233664,14834,0,0,0,0,1,393,0,258,0,258
14558,Playing,5226496,14814,0,0,0,0,1,396,1,258,1,258
14797,Playing,5255168,14895,0,0,0,0,1,400,2,258,2,258
15042,Playing,5283840,14976,0,0,0,0,1,404,0,258,0,258
15292,Playing,5221376,14799,0,0,0,0,1,405,93,258,93,258
15546,Playing,5214208,14779,0,0,0,0,1,408,174,258,174,258
15808,Playing,5262336,14915,0,0,0,0,1,413,0,258,0,258
16062,Playing,5218304,14791,0,0,0,0,1,417,0,258,16,258
16309,Playing,5192704,14718,0,0,0,0,1,420,0,258,0,258
16558,Playing,5193728,14721,0,0,0,0,1,423,0,258,0,258
16809,Playing,5214208,14779,0,0,0,0,1,427,172,258,172,258
17056,Playing,5234688,14837,0,0,0,0,1,431,0,258,0,258
17307,Playing,5172224,14660,0,0,0,0,1,432,94,258,94,258
17557,Playing,5200896,14741,0,0,0,0,1,436,175,258,175,258
17807,Playing,5221376,14799,0,0,0,0,1,440,0,258,0,258
18057,Playing,5214208,14779,0,0,0,0,1,443,176,258,177,258
18304,Playing,5187584,14704,0,0,0,0,1,445,0,258,0,258
18555,Playing,5208064,14762,0,0,0,0,1,449,0,258,0,258
18805,Playing,5200896,14741,0,0,0,0,1,452,175,258,175,258
19056,Playing,5156864,14616,0,0,0,0,1,457,0,258,0,258
19306,Playing,5213184,14776,0,0,0,0,1,462,0,336,0,336
19552,Playing,5150720,14599,0,0,0,0,1,463,176,336,176,336
19803,Playing,5198848,14735,0,0,0,0,1,468,0,336,0,336
20053,Playing,5172224,14660,0,0,0,0,1,470,175,336,175,336
20303,Playing,5192704,14718,0,0,0,0,1,474,0,336,0,336
20554,Playing,5185536,14698,0,0,0,0,1,477,0,336,0,336
20804,Playing,5186560,14701,0,0,0,0,1,480,0,339,0,339
21054,Playing,5179392,14680,0,0,0,0,1,483,177,339,178,339
21303,Playing,5199872,14738,0,0,0,0,1,487,0,339,0,339
21552,Playing,5173248,14663,0,0,0,0,1,489,0,339,0,339
21802,Playing,5156864,14616,0,0,0,0,1,495,0,339,0,339
22052,Playing,5149696,14596,0,0,0,0,1,498,0,339,0,339
22302,Playing,5087232,14419,0,0,0,0,1,499,175,339,175,339
22552,Playing,5143552,14579,0,0,0,0,1,504,0,339,0,339
22801,Playing,5136384,14558,0,0,0,0,1,507,13,339,13,339
23049,Playing,5129216,14538,0,0,0,0,1,510,0,339,0,339
23299,Playing,5130240,14541,0,0,0,0,1,513,0,339,0,339
23548,Playing,5123072,14521,0,0,0,0,1,516,98,339,98,339
23799,Playing,5143552,14579,0,0,0,0,1,520,179,339,179,339
24050,Playing,5172224,14660,0,0,0,0,1,524,0,339,0,339
24300,Playing,5165056,14640,0,0,0,0,1,527,0,339,0,339
24546,Playing,5111808,14489,0,0,0,0,1,531,0,339,16,339
24798,Playing,5086208,14416,0,0,0,0,1,534,95,339,95,339
25049,Playing,5114880,14497,0,0,0,0,1,538,0,339,0,339
25299,Playing,5135360,14556,0,0,0,0,1,542,173,339,173,339
25551,Playing,5072896,14378,0,0,0,0,1,543,96,339,96,339
25803,Playing,5101568,14460,0,0,0,0,1,547,93,339,93,339
26062,Playing,5113856,14495,0,0,0,0,1,551,0,339,0,339
26307,Playing,5142528,14576,0,0,0,0,1,555,0,339,0,339
26558,Playing,5135360,14556,0,0,0,0,1,558,0,339,0,339
26807,Playing,5072896,14378,0,0,0,0,1,559,96,339,96,339
27056,Playing,5101568,14460,0,0,0,0,1,563,170,339,170,339
27306,Playing,5094400,14439,0,0,0,0,1,569,0,339,11,339
27553,Playing,5095424,14442,0,0,0,0,1,572,176,339,176,339
27803,Playing,5060608,14344,0,0,0,0,1,574,0,339,0,339
28056,Playing,5081088,14402,0,0,0,0,1,578,176,339,176,339
28304,Playing,5073920,14381,0,0,0,0,1,581,179,339,179,339
28556,Playing,5102592,14463,0,0,0,0,1,585,0,339,0,339
28808,Playing,5067776,14364,0,0,0,0,1,587,0,339,0,339
29055,Playing,5088256,14422,0,0,0,0,1,591,15,339,15,339
29305,Playing,5081088,14402,0,0,0,0,1,594,96,339,96,339
29554,Playing,5109760,14483,0,0,0,0,1,598,0,339,0,339
29802,Playing,5074944,14384,0,0,0,0,1,600,0,339,0,339
30055,Playing,5067776,14364,0,0,0,0,1,603,1,339,1,339
30306,Playing,5060608,14344,0,0,0,0,1,609,0,339,0,339
30560,Playing,5089280,14425,0,0,0,0,1,613,1,339,1,339
30807,Playing,5026816,14248,0,0,0,0,1,614,92,339,92,339
31057,Playing,5047296,14306,0,0,0,0,1,618,0,339,0,339
31308,Playing,5075968,14387,0,0,0,0,1,622,0,339,0,339
31556,Playing,5068800,14367,0,0,0,0,1,625,93,339,93,339
31807,Playing,5089280,14425,0,0,0,0,1,629,0,339,0,339
32057,Playing,5026816,14248,0,0,0,0,1,630,95,339,95,339
32309,Playing,5055488,14329,0,0,0,0,1,634,97,339,98,339
32562,Playing,5075968,14387,0,0,0,0,1,638,13,339,13,339
32811,Playing,5096448,14445,0,0,0,0,1,642,12,339,12,339
33000,Playing,5030912,14259,0,0,0,0,1,645,0,339,13,339
33253,Playing,5051392,14318,0,0,0,0,1,649,0,339,0,339
33502,Playing,5044224,14297,0,0,0,0,1,652,0,339,0,339
33752,Playing,5072896,14378,0,0,0,0,1,656,93,339,93,339
34001,Playing,5038080,14280,0,0,0,0,1,658,0,339,0,339
34250,Playing,5030912,14259,0,0,0,0,1,661,179,339,179,339
34502,Playing,5059584,14341,0,0,0,0,1,665,1,339,1,339
34812,Playing,5055488,14329,0,0,0,0,1,669,0,339,0,339
35000,Playing,5017600,14222,0,0,0,0,1,670,177,339,177,339
35310,Playing,5076992,14390,0,0,0,0,1,676,0,339,0,339
35562,Playing,5042176,14291,0,0,0,0,1,678,0,339,0,339
35810,Playing,5015552,14216,0,0,0,0,1,683,177,339,177,339
36060,Playing,5036032,14274,0,0,0,0,1,687,175,339,175,339
36310,Playing,5056512,14332,0,0,0,0,1,691,0,339,0,339
36559,Playing,4994048,14155,0,0,0,0,1,692,175,339,175,339
36809,Playing,5022720,14236,0,0,0,0,1,696,0,339,0,339
37058,Playing,5043200,14294,0,0,0,0,1,700,0,339,0,339
37308,Playing,5036032,14274,0,0,0,0,1,703,96,339,96,339
37560,Playing,5037056,14277,0,0,0,0,1,706,0,339,0,339
37808,Playing,5029888,14257,0,0,0,0,1,709,0,339,0,339
38059,Playing,5050368,14315,0,0,0,0,1,713,0,339,0,339
38307,Playing,5051392,14318,0,0,0,0,1,716,0,339,0,339
38556,Playing,4988928,14140,0,0,0,0,1,717,174,339,174,339
38807,Playing,4981760,14120,0,0,0,0,1,723,180,339,180,339
39009,Playing,4971520,14091,0,0,0,0,1,725,0,339,0,339
39260,Playing,4992000,14149,0,0,0,0,1,729,0,339,0,339
39512,Playing,5012480,14207,0,0,0,0,1,733,0,339,0,339
39761,Playing,5005312,14187,0,0,0,0,1,736,0,339,0,339
40012,Playing,5006336,14190,0,0,0,0,1,739,175,339,175,339
40262,Playing,4999168,14169,0,0,0,0,1,742,0,339,0,339
40513,Playing,4992000,14149,0,0,0,0,1,745,94,339,94,339
40762,Playing,5012480,14207,0,0,0,0,1,749,173,339,173,339
41011,Playing,5013504,14210,0,0,0,0,1,752,171,339,171,339
41262,Playing,4978688,14111,0,0,0,0,1,754,0,339,0,339
41511,Playing,4971520,14091,0,0,0,0,1,760,0,339,0,339
41763,Playing,5000192,14172,0,0,0,0,1,764,13,339,13,339
42013,Playing,4993024,14152,0,0,0,0,1,767,12,339,12,339
42258,Playing,4994048,14155,0,0,0,0,1,770,92,339,92,339
42515,Playing,4978688,14111,0,0,0,0,1,773,0,339,0,339
42775,Playing,4971520,14091,0,0,0,0,1,776,0,339,0,339
43027,Playing,5000192,14172,0,0,0,0,1,780,0,339,0,339
43278,Playing,5020672,14230,0,0,0,0,1,784,14,339,14,339
43525,Playing,5013504,14210,0,0,0,0,1,787,0,339,0,339
43775,Playing,4959232,14056,0,0,0,0,1,788,173,339,174,339
44024,Playing,5007360,14193,0,0,0,0,1,793,0,339,0,339
44276,Playing,4935680,13990,0,0,0,0,1,797,100,339,100,339
44524,Playing,4992000,14149,0,0,0,0,1,802,0,339,0,339
44775,Playing,4929536,13972,0,0,0,0,1,803,177,339,177,339
45028,Playing,4950016,14030,0,0,0,0,1,807,171,339,171,339
45279,Playing,4970496,14088,0,0,0,0,1,811,0,339,0,339
45529,Playing,4999168,14169,0,0,0,0,1,815,0,339,0,339
45778,Playing,4936704,13992,0,0,0,0,1,816,176,339,176,339
46046,Playing,4948992,14027,0,0,0,0,1,820,1,339,1,339
46298,Playing,4950016,14030,0,0,0,0,1,823,3,339,3,339
46549,Playing,4942848,14010,0,0,0,0,1,826,175,339,175,339
46798,Playing,4990976,14146,0,0,0,0,1,831,0,339,0,339
47049,Playing,4910080,13917,0,0,0,0,1,834,0,339,14,339
47300,Playing,4920320,13946,0,0,0,0,1,838,0,339,0,339
47552,Playing,4940800,14004,0,0,0,0,1,842,0,339,0,339
47802,Playing,4933632,13984,0,0,0,0,1,845,0,339,0,339
48052,Playing,4898816,13885,0,0,0,0,1,847,0,339,0,339
48302,Playing,4899840,13888,0,0,0,0,1,850,174,339,174,339
48552,Playing,4920320,13946,0,0,0,0,1,854,0,339,0,339
48800,Playing,4913152,13926,0,0,0,0,1,857,176,339,176,339
49050,Playing,4969472,14085,0,0,0,0,1,862,0,339,0,339
49302,Playing,4907008,13908,0,0,0,0,1,863,175,339,175,339
49554,Playing,4927488,13966,0,0,0,0,1,867,0,339,0,339
49805,Playing,4911104,13920,0,0,0,0,1,873,0,339,0,339
50057,Playing,4912128,13923,0,0,0,0,1,876,0,339,0,339
50309,Playing,4877312,13824,0,0,0,0,1,878,0,339,0,339
50557,Playing,4870144,13804,0,0,0,0,1,881,0,339,0,339
50753,Playing,4859904,13775,0,0,0,0,1,883,0,339,0,339
51057,Playing,4919296,13943,0,0,0,0,1,889,0,339,0,339
51308,Playing,4856832,13766,0,0,0,0,1,890,171,339,171,339
51557,Playing,4904960,13902,0,0,0,0,1,895,0,339,0,339
51807,Playing,4870144,13804,0,0,0,0,1,897,171,339,171,339
52055,Playing,4898816,13885,0,0,0,0,1,901,176,339,177,339
52304,Playing,4891648,13865,0,0,0,0,1,904,0,339,0,339
52554,Playing,4884480,13844,0,0,0,0,1,907,0,339,0,339
52802,Playing,4857856,13769,0,0,0,0,1,912,174,339,174,339
53052,Playing,4878336,13827,0,0,0,0,1,916,174,339,174,339
53299,Playing,4851712,13752,0,0,0,0,1,918,0,339,0,339
53550,Playing,4844544,13731,0,0,0,0,1,921,0,339,0,339
53799,Playing,4865024,13789,0,0,0,0,1,925,0,339,0,339
54050,Playing,4885504,13847,0,0,0,0,1,929,0,339,0,339
54300,Playing,4858880,13772,0,0,0,0,1,931,15,339,15,339
54552,Playing,4851712,13752,0,0,0,0,1,934,0,339,0,339
54802,Playing,4872192,13810,0,0,0,0,1,938,0,339,0,339
55049,Playing,4873216,13812,0,0,0,0,1,941,173,339,173,339
55298,Playing,4838400,13714,0,0,0,0,1,943,0,339,0,339
55547,Playing,4803584,13615,0,0,0,0,1,948,0,339,11,339
55796,Playing,4832256,13696,0,0,0,0,1,952,94,339,94,339
56044,Playing,4852736,13754,0,0,0,0,1,956,0,339,0,339
56294,Playing,4873216,13812,0,0,0,0,1,960,13,339,13,339
56544,Playing,4874240,13815,0,0,0,0,1,963,93,339,94,339
56796,Playing,4839424,13717,0,0,0,0,1,965,0,339,0,339
57043,Playing,4832256,13696,0,0,0,0,1,968,98,339,98,339
57295,Playing,4825088,13676,0,0,0,0,1,971,0,339,0,339
57545,Playing,4826112,13679,0,0,0,0,1,974,4,339,4,339
57795,Playing,4818944,13659,0,0,0,0,1,977,96,339,96,339
58042,Playing,4839424,13717,0,0,0,0,1,981,93,339,93,339
58290,Playing,4840448,13720,0,0,0,0,1,987,0,339,0,339
58540,Playing,4777984,13543,0,0,0,0,1,988,174,339,174,339
58790,Playing,4798464,13601,0,0,0,0,1,992,0,339,0,339
59039,Playing,4827136,13682,0,0,0,0,1,996,1,339,1,339
59289,Playing,4819968,13662,0,0,0,0,1,999,91,339,91,339
59539,Playing,4785152,13563,0,0,0,0,1,1001,0,339,0,339
59790,Playing,4805632,13621,0,0,0,0,1,1005,0,339,0,339
60044,Playing,4806656,13624,0,0,0,0,1,1008,93,339,93,339
60296,Playing,4827136,13682,0,0,0,0,1,1012,15,339,15,339
60548,Playing,4847616,13740,0,0,0,0,1,1016,0,339,0,339
60800,Playing,4812800,13641,0,0,0,0,1,1018,0,339,0,339
61049,Playing,4804608,13618,0,0,0,0,1,1023,0,339,12,339
61298,Playing,4806656,13624,0,0,0,0,1,1027,0,339,0,339
61553,Playing,4799488,13603,0,0,0,0,1,1030,94,339,94,339
61803,Playing,4819968,13662,0,0,0,0,1,1034,0,339,0,339
62056,Playing,4757504,13484,0,0,0,0,1,1035,178,339,178,339
62305,Playing,4786176,13566,0,0,0,0,1,1039,94,339,94,339
62556,Playing,4834304,13702,0,0,0,0,1,1044,15,339,15,339
62806,Playing,4827136,13682,0,0,0,0,1,1047,0,339,0,339
63057,Playing,4828160,13685,0,0,0,0,1,1050,94,339,94,339
63306,Playing,4793344,13586,0,0,0,0,1,1052,2,339,2,339
63554,Playing,4813824,13644,0,0,0,0,1,1056,0,339,0,339
63804,Playing,4814848,13647,0,0,0,0,1,1062,0,339,0,339
64056,Playing,4835328,13705,0,0,0,0,1,1066,0,339,0,339
64309,Playing,4772864,13528,0,0,0,0,1,1067,175,339,175,339
64559,Playing,4793344,13586,0,0,0,0,1,1071,0,339,0,339
64810,Playing,4786176,13566,0,0,0,0,1,1074,94,339,94,339
65060,Playing,4787200,13569,0,0,0,0,1,1077,95,339,95,339
65311,Playing,4780032,13548,0,0,0,0,1,1080,0,339,0,339
65561,Playing,4772864,13528,0,0,0,0,1,1083,0,339,0,339
65750,Playing,4790272,13577,0,0,0,0,1,1086,3,339,3,339
66002,Playing,4783104,13557,0,0,0,0,1,1089,0,339,0,339
66252,Playing,4811776,13638,0,0,0,0,1,1093,0,339,0,339
66502,Playing,4804608,13618,0,0,0,0,1,1096,0,339,0,339
66753,Playing,4732928,13415,0,0,0,0,1,1099,0,339,13,339
67003,Playing,4770816,13522,0,0,0,0,1,1104,0,339,0,339
67252,Playing,4791296,13580,0,0,0,0,1,1108,0,339,0,339
67503,Playing,4765696,13508,0,0,0,0,1,1111,0,339,179,339
67752,Playing,4729856,13406,0,0,0,0,1,1112,87,339,87,339
68002,Playing,4750336,13464,0,0,0,0,1,1116,0,339,0,339
68254,Playing,4743168,13444,0,0,0,0,1,1119,174,339,174,339
68506,Playing,4763648,13502,0,0,0,0,1,1123,178,339,178,339
68755,Playing,4737024,13426,0,0,0,0,1,1125,0,339,0,339
69007,Playing,4757504,13484,0,0,0,0,1,1129,0,339,0,339
69257,Playing,4750336,13464,0,0,0,0,1,1132,172,339,173,339
69506,Playing,4733952,13418,0,0,0,0,1,1138,0,339,0,339
69759,Playing,4707328,13342,0,0,0,0,1,1140,0,339,0,339
70007,Playing,4727808,13400,0,0,0,0,1,1144,0,339,0,339
70256,Playing,4720640,13380,0,0,0,0,1,1147,0,339,0,339
70508,Playing,4741120,13438,0,0,0,0,1,1151,175,339,175,339
70756,Playing,4686848,13284,0,0,0,0,1,1152,94,339,95,339
71006,Playing,4707328,13342,0,0,0,0,1,1156,194,339,194,339
71256,Playing,4700160,13322,0,0,0,0,1,1159,176,339,176,339
71506,Playing,4756480,13482,0,0,0,0,1,1164,0,339,0,339
71754,Playing,4749312,13461,0,0,0,0,1,1167,0,339,0,339
72003,Playing,4714496,13363,0,0,0,0,1,1169,0,339,0,339
72253,Playing,4724736,13392,0,0,0,0,1,1175,0,339,11,339
72507,Playing,4699136,13319,0,0,0,0,1,1178,175,339,175,339
72756,Playing,4691968,13299,0,0,0,0,1,1181,173,339,173,339
73007,Playing,4657152,13200,0,0,0,0,1,1183,0,339,0,339
73256,Playing,4685824,13281,0,0,0,0,1,1187,176,339,176,339
73506,Playing,4733952,13418,0,0,0,0,1,1192,0,339,0,339
73757,Playing,4699136,13319,0,0,0,0,1,1194,0,339,0,339
74006,Playing,4700160,13322,0,0,0,0,1,1197,0,339,0,339
74254,Playing,4692992,13302,0,0,0,0,1,1200,5,339,5,339
74502,Playing,4685824,13281,0,0,0,0,1,1203,0,339,0,339
74750,Playing,4714496,13363,0,0,0,0,1,1207,79,339,79,339
75001,Playing,4707328,13342,0,0,0,0,1,1210,89,339,89,339
75252,Playing,4663296,13217,0,0,0,0,1,1215,0,339,0,339
75504,Playing,4683776,13276,0,0,0,0,1,1219,0,339,0,339
75756,Playing,4684800,13278,0,0,0,0,1,1222,0,339,0,339
76004,Playing,4622336,13101,0,0,0,0,1,1223,96,339,96,339
76253,Playing,4670464,13238,0,0,0,0,1,1228,0,339,0,339
76502,Playing,4671488,13241,0,0,0,0,1,1231,0,339,0,339
76754,Playing,4664320,13220,0,0,0,0,1,1234,174,339,174,339
77002,Playing,4684800,13278,0,0,0,0,1,1238,0,339,0,339
77250,Playing,4658176,13203,0,0,0,0,1,1240,0,339,0,339
77500,Playing,4651008,13183,0,0,0,0,1,1243,177,339,177,339
77811,Playing,4655104,13194,0,0,0,0,1,1247,3,339,3,339
78000,Playing,4609024,13064,0,0,0,0,1,1251,0,339,10,339
78250,Playing,4610048,13067,0,0,0,0,1,1254,174,339,174,339
78500,Playing,4658176,13203,0,0,0,0,1,1259,4,339,4,339
78752,Playing,4651008,13183,0,0,0,0,1,1262,1,339,1,339
79004,Playing,4652032,13186,0,0,0,0,1,1265,177,339,177,339
79252,Playing,4617216,13087,0,0,0,0,1,1267,0,339,0,339
79502,Playing,4610048,13067,0,0,0,0,1,1270,163,339,163,339
79751,Playing,4658176,13203,0,0,0,0,1,1275,0,339,0,339
80000,Playing,4686848,13284,0,0,0,0,1,1279,0,339,0,339
80250,Playing,4624384,13107,0,0,0,0,1,1280,174,339,174,339
80562,Playing,4683776,13276,0,0,0,0,1,1286,0,339,0,339
80812,Playing,4593664,13020,0,0,0,0,1,1289,0,339,17,339
81000,Playing,4611072,13069,0,0,0,0,1,1292,174,339,174,339
81311,Playing,4615168,13081,0,0,0,0,1,1296,174,339,174,339
81519,Playing,4596736,13029,0,0,0,0,1,1298,0,339,0,339
81766,Playing,4617216,13087,0,0,0,0,1,1302,174,339,174,339
82015,Playing,4618240,13090,0,0,0,0,1,1305,1,339,1,339
82264,Playing,4638720,13148,0,0,0,0,1,1309,0,339,0,339
82516,Playing,4603904,13049,0,0,0,0,1,1311,0,339,0,339
82765,Playing,4624384,13107,0,0,0,0,1,1315,0,339,0,339
83013,Playing,4625408,13110,0,0,0,0,1,1318,0,339,0,339
83263,Playing,4645888,13168,0,0,0,0,1,1322,174,339,175,339
83512,Playing,4583424,12991,0,0,0,0,1,1323,94,339,94,339
83760,Playing,4584448,12994,0,0,0,0,1,1329,1,339,1,339
84007,Playing,4577280,12974,0,0,0,0,1,1332,93,339,93,339
84258,Playing,4542464,12875,0,0,0,0,1,1334,0,339,0,339
84505,Playing,4571136,12956,0,0,0,0,1,1338,92,339,92,339
84754,Playing,4591616,13014,0,0,0,0,1,1342,0,339,0,339
85003,Playing,4584448,12994,0,0,0,0,1,1345,175,339,175,339
85254,Playing,4557824,12919,0,0,0,0,1,1347,1,339,2,339
85504,Playing,4578304,12977,0,0,0,0,1,1351,0,339,0,339
85757,Playing,4571136,12956,0,0,0,0,1,1354,94,339,94,339
86009,Playing,4591616,13014,0,0,0,0,1,1358,179,339,179,339
86257,Playing,4611072,13069,0,0,0,0,1,1362,0,339,0,339
86506,Playing,4530176,12840,0,0,0,0,1,1365,95,339,95,339
86758,Playing,4550656,12898,0,0,0,0,1,1369,0,339,0,339
87005,Playing,4579328,12979,0,0,0,0,1,1373,0,339,0,339
87257,Playing,4572160,12959,0,0,0,0,1,1376,0,339,0,339
87507,Playing,4537344,12860,0,0,0,0,1,1378,0,339,0,339
87755,Playing,4557824,12919,0,0,0,0,1,1382,11,339,11,339
88005,Playing,4586496,13000,0,0,0,0,1,1386,0,339,0,339
88255,Playing,4579328,12979,0,0,0,0,1,1389,0,339,0,339
88503,Playing,4599808,13038,0,0,0,0,1,1393,15,339,15,339
88754,Playing,4545536,12884,0,0,0,0,1,1394,174,339,174,339
89004,Playing,4566016,12942,0,0,0,0,1,1398,1,339,2,339
89254,Playing,4558848,12921,0,0,0,0,1,1404,0,339,0,339
89502,Playing,4551680,12901,0,0,0,0,1,1407,0,339,0,339
89752,Playing,4552704,12904,0,0,0,0,1,1410,94,339,95,339
90003,Playing,4517888,12805,0,0,0,0,1,1412,176,339,176,339
90253,Playing,4538368,12863,0,0,0,0,1,1416,177,339,177,339
90504,Playing,4567040,12945,0,0,0,0,1,1420,0,339,0,339
90755,Playing,4504576,12768,0,0,0,0,1,1421,92,339,92,339
91002,Playing,4525056,12826,0,0,0,0,1,1425,177,339,177,339
91252,Playing,4553728,12907,0,0,0,0,1,1429,0,339,0,339
91504,Playing,4546560,12887,0,0,0,0,1,1432,0,339,0,339
91756,Playing,4567040,12945,0,0,0,0,1,1436,92,339,92,339
92007,Playing,4523008,12820,0,0,0,0,1,1440,0,339,11,339
92258,Playing,4497408,12747,0,0,0,0,1,1443,97,339,97,339
92506,Playing,4526080,12829,0,0,0,0,1,1447,174,339,175,339
92756,Playing,4518912,12808,0,0,0,0,1,1450,178,339,178,339
93004,Playing,4511744,12788,0,0,0,0,1,1453,0,339,0,339
93254,Playing,4512768,12791,0,0,0,0,1,1456,0,339,0,339
93506,Playing,4533248,12849,0,0,0,0,1,1460,0,339,0,339
93753,Playing,4526080,12829,0,0,0,0,1,1463,176,339,176,339
94003,Playing,4527104,12831,0,0,0,0,1,1466,0,339,0,339
94251,Playing,4519936,12811,0,0,0,0,1,1469,0,339,0,339
94500,Playing,4512768,12791,0,0,0,0,1,1472,0,339,0,339
94751,Playing,4514816,12797,0,0,0,0,1,1476,0,339,0,339
95002,Playing,4442112,12591,0,0,0,0,1,1479,99,339,99,339
95250,Playing,4462592,12649,0,0,0,0,1,1483,97,339,97,339
95562,Playing,4494336,12739,0,0,0,0,1,1488,0,339,0,339
95750,Playing,4511744,12788,0,0,0,0,1,1491,0,339,0,339
96061,Playing,4452352,12620,0,0,0,0,1,1493,175,339,175,339
96311,Playing,4508672,12779,0,0,0,0,1,1498,0,339,0,339
96500,Playing,4470784,12672,0,0,0,0,1,1499,92,339,92,339
96751,Playing,4518912,12808,0,0,0,0,1,1504,0,339,0,339
97001,Playing,4539392,12866,0,0,0,0,1,1508,0,339,0,339
97251,Playing,4476928,12689,0,0,0,0,1,1509,93,339,93,339
97500,Playing,4477952,12692,0,0,0,0,1,1512,175,339,175,339
97751,Playing,4461568,12646,0,0,0,0,1,1518,14,339,14,339
98061,Playing,4438016,12579,0,0,0,0,1,1521,174,339,174,339
98310,Playing,4458496,12637,0,0,0,0,1,1525,176,339,176,339
98502,Playing,4448256,12608,0,0,0,0,1,1527,0,339,0,339
98754,Playing,4468736,12666,0,0,0,0,1,1531,92,339,92,339
99005,Playing,4433920,12567,0,0,0,0,1,1533,0,339,0,339
99256,Playing,4426752,12547,0,0,0,0,1,1536,0,339,0,339
99505,Playing,4427776,12550,0,0,0,0,1,1539,93,339,94,339
99755,Playing,4475904,12686,0,0,0,0,1,1544,0,339,0,339
100006,Playing,4468736,12666,0,0,0,0,1,1547,0,339,0,339
100255,Playing,4433920,12567,0,0,0,0,1,1549,0,339,0,339
100505,Playing,4425728,12544,0,0,0,0,1,1555,0,339,0,339
100754,Playing,4418560,12524,0,0,0,0,1,1558,94,339,94,339
101002,Playing,4419584,12527,0,0,0,0,1,1561,169,339,169,339
101250,Playing,4384768,12428,0,0,0,0,1,1563,0,339,0,339
101500,Playing,4405248,12486,0,0,0,0,1,1567,94,339,94,339
101750,Playing,4453376,12622,0,0,0,0,1,1572,0,339,0,339
102000,Playing,4454400,12625,0,0,0,0,1,1575,2,339,2,339
102310,Playing,4430848,12559,0,0,0,0,1,1578,95,339,95,339
102560,Playing,4451328,12617,0,0,0,0,1,1582,0,339,0,339
102810,Playing,4471808,12675,0,0,0,0,1,1586,2,339,2,339
103058,Playing,4409344,12498,0,0,0,0,1,1587,173,339,174,339
103306,Playing,4410368,12501,0,0,0,0,1,1593,0,339,0,339
103555,Playing,4430848,12559,0,0,0,0,1,1597,0,339,0,339
103805,Playing,4396032,12460,0,0,0,0,1,1599,0,339,0,339
104053,Playing,4397056,12463,0,0,0,0,1,1602,0,339,0,339
104302,Playing,4389888,12442,0,0,0,0,1,1605,176,339,176,339
104552,Playing,4410368,12501,0,0,0,0,1,1609,0,339,0,339
104800,Playing,4383744,12425,0,0,0,0,1,1611,0,339,0,339
105050,Playing,4376576,12405,0,0,0,0,1,1614,172,339,172,339
105300,Playing,4397056,12463,0,0,0,0,1,1618,175,339,175,339
105549,Playing,4425728,12544,0,0,0,0,1,1622,0,339,0,339
105797,Playing,4390912,12445,0,0,0,0,1,1624,13,339,13,339
106046,Playing,4383744,12425,0,0,0,0,1,1627,0,339,0,339
106297,Playing,4384768,12428,0,0,0,0,1,1633,0,339,0,339
106548,Playing,4377600,12408,0,0,0,0,1,1636,95,339,95,339
106797,Playing,4370432,12387,0,0,0,0,1,1639,0,339,0,339
107050,Playing,4363264,12367,0,0,0,0,1,1642,0,339,0,339
107301,Playing,4364288,12370,0,0,0,0,1,1645,94,339,94,339
107550,Playing,4384768,12428,0,0,0,0,1,1649,0,339,0,339
107803,Playing,4405248,12486,0,0,0,0,1,1653,0,339,0,339
108054,Playing,4370432,12387,0,0,0,0,1,1655,0,339,0,339
108302,Playing,4399104,12469,0,0,0,0,1,1659,0,339,0,339
108553,Playing,4391936,12448,0,0,0,0,1,1662,16,339,16,339
108803,Playing,4384768,12428,0,0,0,0,1,1668,0,339,14,339
109050,Playing,4385792,12431,0,0,0,0,1,1671,0,339,0,339
109299,Playing,4323328,12254,0,0,0,0,1,1672,175,339,175,339
109547,Playing,4343808,12312,0,0,0,0,1,1676,175,339,175,339
109799,Playing,4400128,12472,0,0,0,0,1,1681,2,339,2,339
110052,Playing,4365312,12373,0,0,0,0,1,1683,103,339,103,339
110303,Playing,4358144,12353,0,0,0,0,1,1686,0,339,0,339
110554,Playing,4350976,12332,0,0,0,0,1,1689,2,339,2,339
110802,Playing,4379648,12413,0,0,0,0,1,1693,0,339,0,339
111055,Playing,4400128,12472,0,0,0,0,1,1697,0,339,0,339
111306,Playing,4392960,12451,0,0,0,0,1,1700,0,339,0,339
111558,Playing,4358144,12353,0,0,0,0,1,1702,177,339,177,339
111808,Playing,4350976,12332,0,0,0,0,1,1708,0,339,0,339
112058,Playing,4352000,12335,0,0,0,0,1,1711,0,339,0,339
112307,Playing,4317184,12236,0,0,0,0,1,1713,0,339,0,339
112556,Playing,4337664,12294,0,0,0,0,1,1717,0,339,0,339
112806,Playing,4338688,12297,0,0,0,0,1,1720,176,339,177,339
113054,Playing,4359168,12355,0,0,0,0,1,1724,0,339,0,339
113302,Playing,4296704,12178,0,0,0,0,1,1725,177,339,177,339
113552,Playing,4325376,12260,0,0,0,0,1,1729,179,339,180,339
113803,Playing,4345856,12318,0,0,0,0,1,1733,0,339,0,339
114053,Playing,4366336,12376,0,0,0,0,1,1737,0,339,0,339
114303,Playing,4367360,12379,0,0,0,0,1,1740,0,339,0,339
114554,Playing,4332544,12280,0,0,0,0,1,1745,0,339,0,339
114802,Playing,4297728,12181,0,0,0,0,1,1747,174,339,174,339
115052,Playing,4318208,12239,0,0,0,0,1,1751,174,339,174,339
115302,Playing,4291584,12164,0,0,0,0,1,1753,0,339,0,339
115551,Playing,4284416,12144,0,0,0,0,1,1756,1,339,1,339
115801,Playing,4304896,12202,0,0,0,0,1,1760,175,339,175,339
116050,Playing,4333568,12283,0,0,0,0,1,1764,0,339,0,339
116299,Playing,4298752,12184,0,0,0,0,1,1766,15,339,15,339
116551,Playing,4291584,12164,0,0,0,0,1,1769,0,339,0,339
116801,Playing,4312064,12222,0,0,0,0,1,1773,0,339,0,339
117050,Playing,4313088,12225,0,0,0,0,1,1776,0,339,0,339
117299,Playing,4296704,12178,0,0,0,0,1,1781,0,339,13,339
117548,Playing,4271104,12106,0,0,0,0,1,1784,0,339,0,339
117798,Playing,4299776,12187,0,0,0,0,1,1788,0,339,0,339
118046,Playing,4320256,12245,0,0,0,0,1,1792,0,339,0,339
118298,Playing,4257792,12068,0,0,0,0,1,1793,95,339,95,339
118549,Playing,4258816,12071,0,0,0,0,1,1796,95,339,95,339
118799,Playing,4306944,12207,0,0,0,0,1,1801,0,339,0,339
119051,Playing,4299776,12187,0,0,0,0,1,1804,1,339,1,339
119298,Playing,4264960,12088,0,0,0,0,1,1806,15,339,15,339
119548,Playing,4265984,12091,0,0,0,0,1,1809,16,339,16,339
119798,Playing,4286464,12149,0,0,0,0,1,1813,0,339,0,339
120047,Playing,4279296,12129,0,0,0,0,1,1816,176,339,176,339
120296,Playing,4215808,11949,0,0,0,0,1,1820,5,339,5,339
120548,Playing,4236288,12007,0,0,0,0,1,1824,97,339,97,339
120795,Playing,4256768,12065,0,0,0,0,1,1828,0,339,0,339
121048,Playing,4249600,12045,0,0,0,0,1,1831,4,339,4,339
121296,Playing,4250624,12048,0,0,0,0,1,1834,93,339,93,339
121551,Playing,4243456,12027,0,0,0,0,1,1837,0,339,0,339
121802,Playing,4236288,12007,0,0,0,0,1,1840,96,339,96,339
122053,Playing,4229120,11987,0,0,0,0,1,1843,93,339,93,339
122305,Playing,4257792,12068,0,0,0,0,1,1847,94,339,95,339
122555,Playing,4222976,11969,0,0,0,0,1,1849,0,339,0,339
122804,Playing,4243456,12027,0,0,0,0,1,1853,0,339,0,339
123055,Playing,4199424,11903,0,0,0,0,1,1858,0,339,0,339
123305,Playing,4228096,11984,0,0,0,0,1,1862,0,339,0,339
123555,Playing,4193280,11885,0,0,0,0,1,1864,0,339,0,339
123801,Playing,4213760,11943,0,0,0,0,1,1868,0,339,0,339
124051,Playing,4214784,11946,0,0,0,0,1,1871,0,339,0,339
124301,Playing,4235264,12004,0,0,0,0,1,1875,0,339,0,339
124551,Playing,4172800,11827,0,0,0,0,1,1876,175,339,176,339
124802,Playing,4201472,11908,0,0,0,0,1,1880,0,339,0,339
125053,Playing,4221952,11966,0,0,0,0,1,1884,0,339,0,339
125306,Playing,4242432,12025,0,0,0,0,1,1888,0,339,0,339
125558,Playing,4235264,12004,0,0,0,0,1,1891,0,339,0,339
125809,Playing,4218880,11958,0,0,0,0,1,1897,0,339,0,339
126060,Playing,4219904,11961,0,0,0,0,1,1900,0,339,0,339
126251,Playing,4209664,11932,0,0,0,0,1,1902,0,339,0,339
126500,Playing,4202496,11911,0,0,0,0,1,1905,95,339,95,339
126750,Playing,4195328,11891,0,0,0,0,1,1908,94,339,94,339
127061,Playing,4227072,11981,0,0,0,0,1,1913,0,339,0,339
127311,Playing,4192256,11882,0,0,0,0,1,1915,0,339,0,339
127560,Playing,4185088,11862,0,0,0,0,1,1918,0,339,0,339
127809,Playing,4213760,11943,0,0,0,0,1,1922,95,339,95,339
128060,Playing,4178944,11845,0,0,0,0,1,1924,0,339,0,339
128309,Playing,4171776,11824,0,0,0,0,1,1927,0,339,0,339
128560,Playing,4172800,11827,0,0,0,0,1,1933,0,339,15,339
128810,Playing,4193280,11885,0,0,0,0,1,1937,0,339,0,339
129061,Playing,4130816,11708,0,0,0,0,1,1938,174,339,174,339
129311,Playing,4151296,11766,0,0,0,0,1,1942,0,339,0,339
129559,Playing,4179968,11847,0,0,0,0,1,1946,0,339,0,339
129750,Playing,4142080,11740,0,0,0,0,1,1947,177,339,177,339
130014,Playing,4182016,11853,0,0,0,0,1,1952,0,339,0,339
130265,Playing,4174848,11833,0,0,0,0,1,1955,0,339,0,339
130513,Playing,4203520,11914,0,0,0,0,1,1959,0,339,0,339
130762,Playing,4196352,11894,0,0,0,0,1,1962,0,339,0,339
131012,Playing,4169728,11818,0,0,0,0,1,1964,0,339,0,339
131263,Playing,4162560,11798,0,0,0,0,1,1967,176,339,176,339
131513,Playing,4183040,11856,0,0,0,0,1,1974,0,339,0,339
131763,Playing,4175872,11836,0,0,0,0,1,1977,13,339,13,339
132014,Playing,4141056,11737,0,0,0,0,1,1979,0,339,0,339
132261,Playing,4142080,11740,0,0,0,0,1,1982,0,339,0,339
132511,Playing,4162560,11798,0,0,0,0,1,1986,93,339,93,339
132761,Playing,4183040,11856,0,0,0,0,1,1990,0,339,0,339
133010,Playing,4128768,11702,0,0,0,0,1,1991,174,339,174,339
133261,Playing,4149248,11760,0,0,0,0,1,1995,178,339,178,339
133514,Playing,4169728,11818,0,0,0,0,1,1999,0,339,0,339
133765,Playing,4162560,11798,0,0,0,0,1,2002,2,339,2,339
134016,Playing,4135936,11723,0,0,0,0,1,2004,0,339,0,339
134267,Playing,4128768,11702,0,0,0,0,1,2010,0,339,0,339
134516,Playing,4121600,11682,0,0,0,0,1,2013,173,339,174,339
134765,Playing,4122624,11685,0,0,0,0,1,2016,173,339,174,339
135018,Playing,4115456,11665,0,0,0,0,1,2019,0,339,0,339
135269,Playing,4108288,11644,0,0,0,0,1,2022,176,339,176,339
135520,Playing,4128768,11702,0,0,0,0,1,2026,0,339,0,339
135773,Playing,4121600,11682,0,0,0,0,1,2029,93,339,93,339
136026,Playing,4150272,11763,0,0,0,0,1,2033,94,339,94,339
136273,Playing,4115456,11665,0,0,0,0,1,2035,0,339,0,339
136522,Playing,4135936,11723,0,0,0,0,1,2039,0,339,0,339
136771,Playing,4136960,11726,0,0,0,0,1,2042,173,339,173,339
137022,Playing,4092928,11601,0,0,0,0,1,2046,0,339,13,339
137270,Playing,4067328,11528,0,0,0,0,1,2049,95,339,95,339
137520,Playing,4096000,11609,0,0,0,0,1,2053,0,339,0,339
137769,Playing,4116480,11668,0,0,0,0,1,2057,0,339,0,339
138015,Playing,4081664,11569,0,0,0,0,1,2059,0,339,0,339
138264,Playing,4082688,11572,0,0,0,0,1,2062,93,339,93,339
138518,Playing,4103168,11630,0,0,0,0,1,2066,0,339,0,339
138768,Playing,4096000,11609,0,0,0,0,1,2069,177,339,177,339
139017,Playing,4088832,11589,0,0,0,0,1,2072,0,339,0,339
139266,Playing,4089856,11592,0,0,0,0,1,2075,0,339,0,339
139515,Playing,4110336,11650,0,0,0,0,1,2079,0,339,0,339
139768,Playing,4093952,11604,0,0,0,0,1,2084,0,339,13,339
140016,Playing,4104192,11633,0,0,0,0,1,2088,12,339,12,339
140266,Playing,4097024,11612,0,0,0,0,1,2091,96,339,96,339
140516,Playing,4117504,11670,0,0,0,0,1,2095,13,339,13,339
140766,Playing,4090880,11595,0,0,0,0,1,2097,0,339,0,339
141016,Playing,4083712,11575,0,0,0,0,1,2100,0,339,0,339
141265,Playing,4104192,11633,0,0,0,0,1,2104,0,339,0,339
141515,Playing,4049920,11479,0,0,0,0,1,2105,174,339,174,339
141764,Playing,4070400,11537,0,0,0,0,1,2109,91,339,91,339
142013,Playing,4090880,11595,0,0,0,0,1,2113,0,339,0,339
142261,Playing,4119552,11676,0,0,0,0,1,2117,0,339,0,339
142511,Playing,4103168,11630,0,0,0,0,1,2120,15,339,15,339
142759,Playing,4077568,11557,0,0,0,0,1,2125,0,339,0,339
143010,Playing,4050944,11482,0,0,0,0,1,2127,175,339,176,339
143259,Playing,4071424,11540,0,0,0,0,1,2131,94,339,94,339
143509,Playing,4091904,11598,0,0,0,0,1,2135,0,339,0,339
143758,Playing,4037632,11444,0,0,0,0,1,2136,171,339,171,339
144009,Playing,4085760,11580,0,0,0,0,1,2141,0,339,0,339
144258,Playing,4078592,11560,0,0,0,0,1,2144,1,339,1,339
144507,Playing,4043776,11461,0,0,0,0,1,2146,0,339,0,339
144758,Playing,4072448,11543,0,0,0,0,1,2150,0,339,0,339
145008,Playing,4065280,11522,0,0,0,0,1,2153,0,339,0,339
145259,Playing,4085760,11580,0,0,0,0,1,2157,1,339,1,339
145509,Playing,4014080,11377,0,0,0,0,1,2161,0,339,0,339
145757,Playing,4015104,11380,0,0,0,0,1,2164,0,339,0,339
146008,Playing,4035584,11438,0,0,0,0,1,2168,0,339,0,339
146256,Playing,4056064,11496,0,0,0,0,1,2172,0,339,0,339
146508,Playing,4057088,11499,0,0,0,0,1,2175,0,339,0,339
146757,Playing,3994624,11322,0,0,0,0,1,2176,177,339,177,339
147005,Playing,4015104,11380,0,0,0,0,1,2180,176,339,176,339
147256,Playing,4035584,11438,0,0,0,0,1,2184,175,339,175,339
147505,Playing,4008960,11363,0,0,0,0,1,2186,15,339,15,339
147754,Playing,4001792,11342,0,0,0,0,1,2189,0,339,0,339
148003,Playing,4022272,11400,0,0,0,0,1,2193,175,339,175,339
148251,Playing,4014080,11377,0,0,0,0,1,2199,0,339,0,339
148561,Playing,3990528,11311,0,0,0,0,1,2202,0,339,0,339
148809,Playing,4011008,11369,0,0,0,0,1,2206,0,339,0,339
149059,Playing,3976192,11270,0,0,0,0,1,2208,15,339,15,339
149312,Playing,3969024,11250,0,0,0,0,1,2211,18,339,18,339
149561,Playing,3997696,11331,0,0,0,0,1,2215,15,339,16,339
149810,Playing,4018176,11389,0,0,0,0,1,2219,0,339,0,339
150060,Playing,4011008,11369,0,0,0,0,1,2222,16,339,16,339
150310,Playing,4039680,11450,0,0,0,0,1,2226,0,339,0,339
150560,Playing,3977216,11273,0,0,0,0,1,2227,175,339,175,339
150811,Playing,3997696,11331,0,0,0,0,1,2231,0,339,0,339
151057,Playing,3989504,11308,0,0,0,0,1,2237,0,339,0,339
151306,Playing,3954688,11209,0,0,0,0,1,2239,0,339,0,339
151558,Playing,3947520,11189,0,0,0,0,1,2242,174,339,174,339
151811,Playing,3968000,11247,0,0,0,0,1,2246,175,339,175,339
152062,Playing,3996672,11328,0,0,0,0,1,2250,0,339,0,339
152251,Playing,3950592,11197,0,0,0,0,1,2251,175,339,175,339
152504,Playing,3979264,11279,0,0,0,0,1,2255,0,339,0,339
152758,Playing,3916800,11102,0,0,0,0,1,2256,92,339,92,339
153008,Playing,3937280,11160,0,0,0,0,1,2260,174,339,174,339
153255,Playing,3957760,11218,0,0,0,0,1,2264,0,339,0,339
153508,Playing,3986432,11299,0,0,0,0,1,2268,0,339,0,339
153757,Playing,3979264,11279,0,0,0,0,1,2271,0,339,0,339
154008,Playing,3916800,11102,0,0,0,0,1,2275,0,339,0,339
154259,Playing,3909632,11081,0,0,0,0,1,2278,92,339,92,339
154509,Playing,3938304,11162,0,0,0,0,1,2282,0,339,0,339
154757,Playing,3931136,11142,0,0,0,0,1,2285,175,339,175,339
155007,Playing,3923968,11122,0,0,0,0,1,2288,0,339,0,339
155257,Playing,3924992,11125,0,0,0,0,1,2291,172,339,172,339
155506,Playing,3945472,11183,0,0,0,0,1,2295,0,339,0,339
155755,Playing,3938304,11162,0,0,0,0,1,2298,171,339,171,339
156007,Playing,3931136,11142,0,0,0,0,1,2301,13,339,13,339
156257,Playing,3932160,11145,0,0,0,0,1,2304,0,339,0,339
156506,Playing,3924992,11125,0,0,0,0,1,2307,96,339,96,339
156755,Playing,3917824,11104,0,0,0,0,1,2313,94,339,94,339
157005,Playing,3891200,11029,0,0,0,0,1,2315,0,339,0,339
157253,Playing,3911680,11087,0,0,0,0,1,2319,0,339,0,339
157502,Playing,3904512,11067,0,0,0,0,1,2322,0,339,0,339
157751,Playing,3933184,11148,0,0,0,0,1,2326,0,339,0,339
158003,Playing,3870720,10971,0,0,0,0,1,2327,93,339,94,339
158255,Playing,3918848,11107,0,0,0,0,1,2332,0,339,0,339
158507,Playing,3911680,11087,0,0,0,0,1,2335,0,339,0,339
158758,Playing,3912704,11090,0,0,0,0,1,2338,175,339,176,339
159006,Playing,3933184,11148,0,0,0,0,1,2342,0,339,0,339
159257,Playing,3898368,11049,0,0,0,0,1,2344,0,339,0,339
159507,Playing,3891200,11029,0,0,0,0,1,2347,1,339,1,339
159759,Playing,3892224,11032,0,0,0,0,1,2353,0,339,0,339
160004,Playing,3912704,11090,0,0,0,0,1,2357,13,339,13,339
160256,Playing,3877888,10991,0,0,0,0,1,2359,0,339,0,339
160505,Playing,3878912,10994,0,0,0,0,1,2362,0,339,0,339
160756,Playing,3871744,10974,0,0,0,0,1,2365,94,339,94,339
161005,Playing,3919872,11110,0,0,0,0,1,2370,0,339,0,339
161256,Playing,3912704,11090,0,0,0,0,1,2373,0,339,0,339
161506,Playing,3941376,11171,0,0,0,0,1,2377,16,339,16,339
161755,Playing,3906560,11073,0,0,0,0,1,2379,0,339,0,339
162005,Playing,3899392,11052,0,0,0,0,1,2382,0,339,0,339
162256,Playing,3872768,10977,0,0,0,0,1,2384,0,339,0,339
162504,Playing,3865600,10956,0,0,0,0,1,2390,0,339,0,339
162811,Playing,3842048,10890,0,0,0,0,1,2393,0,339,0,339
163001,Playing,3859456,10939,0,0,0,0,1,2396,94,339,94,339
163252,Playing,3907584,11075,0,0,0,0,1,2401,12,339,12,339
163503,Playing,3845120,10898,0,0,0,0,1,2402,174,339,174,339
163755,Playing,3865600,10956,0,0,0,0,1,2406,0,339,0,339
164004,Playing,3866624,10959,0,0,0,0,1,2409,0,339,0,339
164252,Playing,3887104,11017,0,0,0,0,1,2413,13,339,13,339
164504,Playing,3879936,10997,0,0,0,0,1,2416,3,339,3,339
164752,Playing,3880960,11000,0,0,0,0,1,2419,0,339,0,339
165001,Playing,3873792,10980,0,0,0,0,1,2422,92,339,92,339
165251,Playing,3866624,10959,0,0,0,0,1,2428,0,339,0,339
165501,Playing,3867648,10962,0,0,0,0,1,2431,0,339,0,339
165755,Playing,3832832,10864,0,0,0,0,1,2433,0,339,0,339
166004,Playing,3825664,10843,0,0,0,0,1,2436,176,339,176,339
166252,Playing,3881984,11003,0,0,0,0,1,2441,0,339,0,339
166501,Playing,3874816,10983,0,0,0,0,1,2444,0,339,0,339
166751,Playing,3867648,10962,0,0,0,0,1,2447,93,339,93,339
167002,Playing,3832832,10864,0,0,0,0,1,2449,178,339,178,339
167312,Playing,3809280,10797,0,0,0,0,1,2452,0,339,0,339
167562,Playing,3829760,10855,0,0,0,0,1,2456,96,339,96,339
167811,Playing,3830784,10858,0,0,0,0,1,2459,0,339,0,339
168063,Playing,3823616,10837,0,0,0,0,1,2465,94,339,94,339
168310,Playing,3816448,10817,0,0,0,0,1,2468,0,339,0,339
168562,Playing,3817472,10820,0,0,0,0,1,2471,109,339,109,339
168752,Playing,3862528,10948,0,0,0,0,1,2475,91,339,91,339
169001,Playing,3827712,10849,0,0,0,0,1,2477,0,339,0,339
169252,Playing,3820544,10829,0,0,0,0,1,2480,0,339,0,339
169501,Playing,3841024,10887,0,0,0,0,1,2484,91,339,92,339
169756,Playing,3869696,10968,0,0,0,0,1,2488,0,339,0,339
170001,Playing,3807232,10791,0,0,0,0,1,2489,170,339,171,339
170310,Playing,3838976,10881,0,0,0,0,1,2494,0,339,0,339
170560,Playing,3831808,10861,0,0,0,0,1,2497,1,339,1,339
170808,Playing,3787776,10736,0,0,0,0,1,2502,0,339,0,339
171055,Playing,3816448,10817,0,0,0,0,1,2506,95,339,95,339
171306,Playing,3753984,10640,0,0,0,0,1,2507,175,339,175,339
171556,Playing,3774464,10698,0,0,0,0,1,2511,92,339,92,339
171805,Playing,3803136,10779,0,0,0,0,1,2515,0,339,0,339
172055,Playing,3823616,10837,0,0,0,0,1,2519,2,339,2,339
172303,Playing,3788800,10739,0,0,0,0,1,2521,0,339,0,339
172555,Playing,3817472,10820,0,0,0,0,1,2525,0,339,0,339
172803,Playing,3810304,10800,0,0,0,0,1,2528,0,339,0,339
173053,Playing,3803136,10779,0,0,0,0,1,2531,95,339,95,339
173303,Playing,3768320,10681,0,0,0,0,1,2533,1,339,1,339
173526,Playing,3777536,10707,0,0,0,0,1,2536,164,339,164,339
173752,Playing,3714048,10527,0,0,0,0,1,2540,0,339,0,339
174051,Playing,3809280,10797,0,0,0,0,1,2547,0,339,0,339
174301,Playing,3719168,10541,0,0,0,0,1,2547,0,339,0,339
174551,Playing,3767296,10678,0,0,0,0,1,2552,0,339,0,339
174799,Playing,3760128,10657,0,0,0,0,1,2555,0,339,0,339
175051,Playing,3761152,10660,0,0,0,0,1,2558,0,339,0,339
175302,Playing,3753984,10640,0,0,0,0,1,2561,0,339,0,339
175552,Playing,3746816,10620,0,0,0,0,1,2564,95,339,95,339
175806,Playing,3739648,10599,0,0,0,0,1,2567,93,339,93,339
176055,Playing,3713024,10524,0,0,0,0,1,2569,0,339,0,339
176306,Playing,3733504,10582,0,0,0,0,1,2573,104,339,104,339
176556,Playing,3717120,10536,0,0,0,0,1,2579,0,339,0,339
176810,Playing,3709952,10515,0,0,0,0,1,2582,95,339,96,339
177061,Playing,3738624,10597,0,0,0,0,1,2586,0,339,0,339
177311,Playing,3731456,10576,0,0,0,0,1,2589,94,339,94,339
177560,Playing,3696640,10478,0,0,0,0,1,2591,0,339,0,339
177811,Playing,3697664,10480,0,0,0,0,1,2594,93,339,93,339
178062,Playing,3745792,10617,0,0,0,0,1,2599,0,339,0,339
178310,Playing,3738624,10597,0,0,0,0,1,2602,0,339,0,339
178559,Playing,3712000,10521,0,0,0,0,1,2604,0,339,0,339
178809,Playing,3760128,10657,0,0,0,0,1,2609,0,339,0,339
179057,Playing,3725312,10559,0,0,0,0,1,2611,0,339,0,339
179306,Playing,3698688,10483,0,0,0,0,1,2616,0,339,0,339
179557,Playing,3691520,10463,0,0,0,0,1,2619,1,339,1,339
179807,Playing,3684352,10443,0,0,0,0,1,2622,93,339,93,339
180057,Playing,3704832,10501,0,0,0,0,1,2626,0,339,0,339
180306,Playing,3705856,10504,0,0,0,0,1,2629,175,339,175,339
180556,Playing,3671040,10405,0,0,0,0,1,2631,0,339,0,339
180805,Playing,3691520,10463,0,0,0,0,1,2635,0,339,0,339
181055,Playing,3720192,10544,0,0,0,0,1,2639,0,339,0,339
181305,Playing,3713024,10524,0,0,0,0,1,2642,174,339,174,339
181555,Playing,3678208,10425,0,0,0,0,1,2644,0,339,0,339
181758,Playing,3723264,10553,0,0,0,0,1,2648,6,339,7,339
182006,Playing,3688448,10454,0,0,0,0,1,2653,0,339,15,339
182256,Playing,3653632,10356,0,0,0,0,1,2655,0,339,0,339
182507,Playing,3646464,10335,0,0,0,0,1,2658,96,339,96,339
182756,Playing,3675136,10417,0,0,0,0,1,2662,95,339,95,339
183006,Playing,3695616,10475,0,0,0,0,1,2666,15,339,15,339
183256,Playing,3716096,10533,0,0,0,0,1,2670,0,339,0,339
183505,Playing,3661824,10379,0,0,0,0,1,2671,170,339,170,339
183753,Playing,3682304,10437,0,0,0,0,1,2675,0,339,0,339
184006,Playing,3675136,10417,0,0,0,0,1,2678,95,339,95,339
184256,Playing,3667968,10396,0,0,0,0,1,2681,0,339,0,339
184505,Playing,3668992,10399,0,0,0,0,1,2684,0,339,0,339
184753,Playing,3689472,10457,0,0,0,0,1,2688,0,339,0,339
185003,Playing,3682304,10437,0,0,0,0,1,2694,0,339,0,339
185252,Playing,3683328,10440,0,0,0,0,1,2697,0,339,0,339
185502,Playing,3648512,10341,0,0,0,0,1,2699,0,339,0,339
185756,Playing,3668992,10399,0,0,0,0,1,2703,0,339,0,339
186002,Playing,3670016,10402,0,0,0,0,1,2706,0,339,0,339
186253,Playing,3690496,10460,0,0,0,0,1,2710,0,339,0,339
186501,Playing,3655680,10361,0,0,0,0,1,2712,1,339,1,339
186753,Playing,3648512,10341,0,0,0,0,1,2715,95,339,95,339
187002,Playing,3649536,10344,0,0,0,0,1,2718,86,339,86,339
187256,Playing,3697664,10480,0,0,0,0,1,2723,0,339,0,339
187506,Playing,3635200,10303,0,0,0,0,1,2724,91,339,91,339
187755,Playing,3628032,10283,0,0,0,0,1,2730,0,339,0,339
188007,Playing,3656704,10364,0,0,0,0,1,2734,0,339,0,339
188256,Playing,3649536,10344,0,0,0,0,1,2737,0,339,0,339
188505,Playing,3614720,10245,0,0,0,0,1,2739,1,339,1,339
188755,Playing,3615744,10248,0,0,0,0,1,2742,0,339,0,339
189004,Playing,3636224,10306,0,0,0,0,1,2746,13,339,13,339
189255,Playing,3656704,10364,0,0,0,0,1,2750,12,339,12,339
189505,Playing,3677184,10422,0,0,0,0,1,2754,15,339,15,339
189755,Playing,3678208,10425,0,0,0,0,1,2757,0,339,0,339
190007,Playing,3643392,10327,0,0,0,0,1,2759,0,339,0,339
190256,Playing,3636224,10306,0,0,0,0,1,2762,94,339,95,339
190509,Playing,3629056,10286,0,0,0,0,1,2768,95,339,95,339
190759,Playing,3657728,10367,0,0,0,0,1,2772,0,339,0,339
191011,Playing,3595264,10190,0,0,0,0,1,2773,174,339,174,339
191263,Playing,3615744,10248,0,0,0,0,1,2777,178,339,178,339
191514,Playing,3636224,10306,0,0,0,0,1,2781,0,339,0,339
191765,Playing,3609600,10231,0,0,0,0,1,2783,176,339,176,339
192017,Playing,3630080,10289,0,0,0,0,1,2787,0,339,0,339
192266,Playing,3622912,10269,0,0,0,0,1,2790,9,339,9,339
192515,Playing,3623936,10271,0,0,0,0,1,2793,96,339,96,339
192765,Playing,3644416,10329,0,0,0,0,1,2797,98,339,98,339
193015,Playing,3637248,10309,0,0,0,0,1,2800,95,339,95,339
193267,Playing,3593216,10184,0,0,0,0,1,2804,0,339,12,339
193514,Playing,3603456,10213,0,0,0,0,1,2808,0,339,0,339
193763,Playing,3623936,10271,0,0,0,0,1,2812,0,339,0,339
194018,Playing,3616768,10251,0,0,0,0,1,2815,96,339,96,339
194266,Playing,3617792,10254,0,0,0,0,1,2818,0,339,0,339
194517,Playing,3610624,10234,0,0,0,0,1,2821,0,339,0,339
194765,Playing,3603456,10213,0,0,0,0,1,2824,0,339,0,339
195018,Playing,3623936,10271,0,0,0,0,1,2828,0,339,0,339
195268,Playing,3569664,10118,0,0,0,0,1,2829,176,339,176,339
195516,Playing,3590144,10176,0,0,0,0,1,2833,174,339,174,339
195767,Playing,3610624,10234,0,0,0,0,1,2837,0,339,0,339
196017,Playing,3602432,10210,0,0,0,0,1,2843,0,339,0,339
196268,Playing,3539968,10033,0,0,0,0,1,2844,175,339,175,339
196520,Playing,3560448,10091,0,0,0,0,1,2848,0,339,0,339
196771,Playing,3553280,10071,0,0,0,0,1,2851,174,339,174,339
197020,Playing,3581952,10152,0,0,0,0,1,2855,177,339,177,339
197269,Playing,3547136,10054,0,0,0,0,1,2857,0,339,0,339
197520,Playing,3567616,10112,0,0,0,0,1,2861,175,339,175,339
197767,Playing,3568640,10115,0,0,0,0,1,2864,176,339,176,339
198018,Playing,3589120,10173,0,0,0,0,1,2868,0,339,0,339
198265,Playing,3554304,10074,0,0,0,0,1,2870,0,339,0,339
198514,Playing,3582976,10155,0,0,0,0,1,2874,0,339,0,339
198764,Playing,3575808,10135,0,0,0,0,1,2877,0,339,0,339
199014,Playing,3559424,10089,0,0,0,0,1,2883,0,339,0,339
199263,Playing,3532800,10013,0,0,0,0,1,2885,0,339,0,339
199513,Playing,3525632,9993,0,0,0,0,1,2888,0,339,0,339
199763,Playing,3518464,9972,0,0,0,0,1,2891,177,339,177,339
200014,Playing,3538944,10031,0,0,0,0,1,2895,0,339,0,339
200261,Playing,3512320,9955,0,0,0,0,1,2897,0,339,0,339
200514,Playing,3532800,10013,0,0,0,0,1,2901,0,339,0,339
200764,Playing,3525632,9993,0,0,0,0,1,2904,0,339,0,339
201013,Playing,3526656,9996,0,0,0,0,1,2907,0,339,0,339
201265,Playing,3547136,10054,0,0,0,0,1,2911,95,339,95,339
201519,Playing,3512320,9955,0,0,0,0,1,2913,1,339,1,339
201771,Playing,3495936,9909,0,0,0,0,1,2919,169,339,169,339
202022,Playing,3488768,9888,0,0,0,0,1,2922,175,339,175,339
202273,Playing,3517440,9970,0,0,0,0,1,2926,0,339,0,339
202524,Playing,3482624,9871,0,0,0,0,1,2928,0,339,0,339
202777,Playing,3503104,9929,0,0,0,0,1,2932,1,339,1,339
203031,Playing,3495936,9909,0,0,0,0,1,2935,93,339,93,339
203277,Playing,3524608,9990,0,0,0,0,1,2939,0,339,0,339
203537,Playing,3517440,9970,0,0,0,0,1,2942,13,339,13,339
203780,Playing,3537920,10028,0,0,0,0,1,2946,14,339,14,339
204030,Playing,3475456,9851,0,0,0,0,1,2947,177,339,177,339
204277,Playing,3504128,9932,0,0,0,0,1,2951,0,339,0,339
204527,Playing,3496960,9912,0,0,0,0,1,2957,0,339,0,339
204777,Playing,3489792,9891,0,0,0,0,1,2960,89,339,89,339
205028,Playing,3463168,9816,0,0,0,0,1,2962,0,339,0,339
205276,Playing,3483648,9874,0,0,0,0,1,2966,0,339,0,339
205526,Playing,3476480,9853,0,0,0,0,1,2969,0,339,0,339
205773,Playing,3505152,9935,0,0,0,0,1,2973,0,339,0,339
206023,Playing,3470336,9836,0,0,0,0,1,2975,0,339,0,339
206272,Playing,3463168,9816,0,0,0,0,1,2978,175,339,175,339
206524,Playing,3491840,9897,0,0,0,0,1,2982,0,339,0,339
206772,Playing,3512320,9955,0,0,0,0,1,2986,0,339,0,339
207019,Playing,3449856,9778,0,0,0,0,1,2987,93,339,94,339
207268,Playing,3478528,9859,0,0,0,0,1,2991,0,339,0,339
207517,Playing,3443712,9761,0,0,0,0,1,2996,176,339,176,339
207769,Playing,3464192,9819,0,0,0,0,1,3000,177,339,177,339
208022,Playing,3429376,9720,0,0,0,0,1,3002,0,339,0,339
208270,Playing,3430400,9723,0,0,0,0,1,3005,94,339,94,339
208517,Playing,3450880,9781,0,0,0,0,1,3009,174,339,174,339
208767,Playing,3471360,9839,0,0,0,0,1,3013,0,339,0,339
209017,Playing,3444736,9763,0,0,0,0,1,3015,0,339,0,339
209265,Playing,3465216,9822,0,0,0,0,1,3019,0,339,0,339
209515,Playing,3466240,9824,0,0,0,0,1,3022,0,339,0,339
209768,Playing,3486720,9882,0,0,0,0,1,3026,0,339,0,339
210014,Playing,3451904,9784,0,0,0,0,1,3028,0,339,0,339
210264,Playing,3417088,9685,0,0,0,0,1,3033,0,339,0,339
210513,Playing,3445760,9766,0,0,0,0,1,3037,0,339,0,339
210763,Playing,3466240,9824,0,0,0,0,1,3041,0,339,0,339
211014,Playing,3459072,9804,0,0,0,0,1,3044,0,339,0,339
211263,Playing,3424256,9705,0,0,0,0,1,3046,0,339,0,339
211511,Playing,3452928,9787,0,0,0,0,1,3050,0,339,0,339
211761,Playing,3445760,9766,0,0,0,0,1,3053,0,339,0,339
212011,Playing,3438592,9746,0,0,0,0,1,3056,178,339,178,339
212299,Playing,3450880,9781,0,0,0,0,1,3060,0,339,0,339
212542,Playing,3424256,9705,0,0,0,0,1,3062,0,339,0,339
212789,Playing,3444736,9763,0,0,0,0,1,3066,0,339,0,339
213039,Playing,3409920,9665,0,0,0,0,1,3071,0,339,0,339
213289,Playing,3438592,9746,0,0,0,0,1,3075,0,339,0,339
213540,Playing,3403776,9647,0,0,0,0,1,3077,0,339,0,339
213788,Playing,3396608,9627,0,0,0,0,1,3080,0,339,0,339
214038,Playing,3425280,9708,0,0,0,0,1,3084,174,339,175,339
214285,Playing,3445760,9766,0,0,0,0,1,3088,0,339,0,339
214534,Playing,3383296,9589,0,0,0,0,1,3089,96,339,96,339
214782,Playing,3411968,9671,0,0,0,0,1,3093,0,339,0,339
215034,Playing,3432448,9729,0,0,0,0,1,3097,0,339,0,339
215282,Playing,3425280,9708,0,0,0,0,1,3100,0,339,0,339
215534,Playing,3445760,9766,0,0,0,0,1,3104,0,339,0,339
215782,Playing,3391488,9613,0,0,0,0,1,3108,0,339,0,339
216032,Playing,3384320,9592,0,0,0,0,1,3111,176,339,177,339
216284,Playing,3404800,9650,0,0,0,0,1,3115,0,339,0,339
216535,Playing,3433472,9732,0,0,0,0,1,3119,0,339,0,339
216788,Playing,3343360,9476,0,0,0,0,1,3119,0,339,0,339
217040,Playing,3363840,9534,0,0,0,0,1,3123,93,339,93,339
217289,Playing,3411968,9671,0,0,0,0,1,3128,14,339,14,339
217542,Playing,3404800,9650,0,0,0,0,1,3131,97,339,97,339
217792,Playing,3433472,9732,0,0,0,0,1,3135,95,339,95,339
218042,Playing,3398656,9633,0,0,0,0,1,3137,0,339,0,339
218292,Playing,3391488,9613,0,0,0,0,1,3140,174,339,175,339
218539,Playing,3392512,9615,0,0,0,0,1,3146,0,339,0,339
218788,Playing,3330048,9438,0,0,0,0,1,3147,174,339,175,339
219037,Playing,3350528,9496,0,0,0,0,1,3151,173,339,173,339
219288,Playing,3371008,9555,0,0,0,0,1,3155,0,339,0,339
219539,Playing,3399680,9636,0,0,0,0,1,3159,0,339,0,339
219788,Playing,3364864,9537,0,0,0,0,1,3161,93,339,93,339
220035,Playing,3357696,9517,0,0,0,0,1,3164,0,339,0,339
220288,Playing,3358720,9520,0,0,0,0,1,3167,93,339,93,339
220538,Playing,3379200,9578,0,0,0,0,1,3171,94,339,94,339
220786,Playing,3399680,9636,0,0,0,0,1,3175,0,339,0,339
221035,Playing,3345408,9482,0,0,0,0,1,3176,172,339,172,339
221284,Playing,3365888,9540,0,0,0,0,1,3180,94,339,94,339
221533,Playing,3349504,9494,0,0,0,0,1,3186,0,339,0,339
221784,Playing,3342336,9473,0,0,0,0,1,3189,93,339,93,339
222035,Playing,3315712,9398,0,0,0,0,1,3191,0,339,0,339
222283,Playing,3336192,9456,0,0,0,0,1,3195,0,339,0,339
222532,Playing,3356672,9514,0,0,0,0,1,3199,0,339,0,339
222780,Playing,3330048,9438,0,0,0,0,1,3201,0,339,0,339
223029,Playing,3322880,9418,0,0,0,0,1,3204,0,339,0,339
223280,Playing,3315712,9398,0,0,0,0,1,3207,90,339,90,339
223529,Playing,3372032,9557,0,0,0,0,1,3212,14,339,14,339
223780,Playing,3364864,9537,0,0,0,0,1,3215,0,339,0,339
224028,Playing,3357696,9517,0,0,0,0,1,3218,95,339,95,339
224276,Playing,3321856,9415,0,0,0,0,1,3223,0,339,0,339
224525,Playing,3287040,9317,0,0,0,0,1,3225,174,339,175,339
224777,Playing,3307520,9375,0,0,0,0,1,3229,94,339,94,339
225027,Playing,3328000,9433,0,0,0,0,1,3233,2,339,2,339
225276,Playing,3301376,9357,0,0,0,0,1,3235,0,339,0,339
225527,Playing,3321856,9415,0,0,0,0,1,3239,0,339,0,339
225779,Playing,3342336,9473,0,0,0,0,1,3243,0,339,0,339
226043,Playing,3307520,9375,0,0,0,0,1,3245,87,339,87,339
226294,Playing,3300352,9354,0,0,0,0,1,3248,0,339,0,339
226546,Playing,3293184,9334,0,0,0,0,1,3251,0,339,0,339
226798,Playing,3321856,9415,0,0,0,0,1,3255,0,339,0,339
227047,Playing,3277824,9290,0,0,0,0,1,3260,95,339,95,339
227297,Playing,3298304,9348,0,0,0,0,1,3264,0,339,0,339
227544,Playing,3271680,9273,0,0,0,0,1,3266,0,339,0,339
227794,Playing,3292160,9331,0,0,0,0,1,3270,0,339,0,339
228045,Playing,3284992,9311,0,0,0,0,1,3273,0,339,0,339
228292,Playing,3305472,9369,0,0,0,0,1,3277,0,339,0,339
228543,Playing,3251200,9215,0,0,0,0,1,3278,174,339,174,339
228795,Playing,3271680,9273,0,0,0,0,1,3282,172,339,172,339
229045,Playing,3264512,9253,0,0,0,0,1,3285,93,339,93,339
229293,Playing,3320832,9412,0,0,0,0,1,3290,0,339,0,339
229543,Playing,3230720,9157,0,0,0,0,1,3290,0,339,0,339
229796,Playing,3251200,9215,0,0,0,0,1,3297,0,339,11,339
230045,Playing,3271680,9273,0,0,0,0,1,3301,0,339,0,339
230296,Playing,3272704,9276,0,0,0,0,1,3304,0,339,0,339
230544,Playing,3210240,9099,0,0,0,0,1,3305,175,339,175,339
230798,Playing,3230720,9157,0,0,0,0,1,3309,95,339,95,339
231051,Playing,3251200,9215,0,0,0,0,1,3313,0,339,0,339
231302,Playing,3244032,9195,0,0,0,0,1,3316,93,339,93,339
231555,Playing,3217408,9119,0,0,0,0,1,3318,0,339,0,339
231805,Playing,3237888,9177,0,0,0,0,1,3322,96,339,96,339
232054,Playing,3230720,9157,0,0,0,0,1,3325,95,339,95,339
232306,Playing,3195904,9058,0,0,0,0,1,3327,0,339,0,339
232555,Playing,3252224,9218,0,0,0,0,1,3332,0,339,0,339
232802,Playing,3217408,9119,0,0,0,0,1,3337,0,339,0,339
233048,Playing,3218432,9122,0,0,0,0,1,3340,0,339,0,339
233302,Playing,3238912,9180,0,0,0,0,1,3344,0,339,0,339
233551,Playing,3231744,9160,0,0,0,0,1,3347,92,339,92,339
233800,Playing,3196928,9061,0,0,0,0,1,3349,0,339,0,339
234050,Playing,3225600,9142,0,0,0,0,1,3353,0,339,0,339
234300,Playing,3246080,9200,0,0,0,0,1,3357,0,339,0,339
234549,Playing,3247104,9203,0,0,0,0,1,3360,0,339,0,339
234801,Playing,3212288,9105,0,0,0,0,1,3362,0,339,0,339
235050,Playing,3232768,9163,0,0,0,0,1,3366,0,339,0,339
235298,Playing,3225600,9142,0,0,0,0,1,3369,91,339,91,339
235548,Playing,3226624,9145,0,0,0,0,1,3375,0,339,0,339
235799,Playing,3164160,8968,0,0,0,0,1,3376,174,339,175,339
236047,Playing,3184640,9026,0,0,0,0,1,3380,96,339,96,339
236298,Playing,3205120,9084,0,0,0,0,1,3384,0,339,0,339
236548,Playing,3233792,9166,0,0,0,0,1,3388,0,339,0,339
236797,Playing,3226624,9145,0,0,0,0,1,3391,12,339,12,339
237047,Playing,3191808,9047,0,0,0,0,1,3393,0,339,0,339
237297,Playing,3192832,9049,0,0,0,0,1,3396,174,339,174,339
237544,Playing,3213312,9108,0,0,0,0,1,3400,172,339,172,339
237793,Playing,3186688,9032,0,0,0,0,1,3402,14,339,14,339
238042,Playing,3179520,9012,0,0,0,0,1,3405,96,339,96,339
238290,Playing,3172352,8991,0,0,0,0,1,3411,0,339,0,339
238539,Playing,3201024,9073,0,0,0,0,1,3415,11,339,11,339
238792,Playing,3193856,9052,0,0,0,0,1,3418,13,339,13,339
239039,Playing,3214336,9110,0,0,0,0,1,3422,98,339,98,339
239292,Playing,3179520,9012,0,0,0,0,1,3424,0,339,0,339
239540,Playing,3180544,9015,0,0,0,0,1,3427,0,339,0,339
239792,Playing,3201024,9073,0,0,0,0,1,3431,0,339,0,339
240041,Playing,3166208,8974,0,0,0,0,1,3433,0,339,0,339
240292,Playing,3194880,9055,0,0,0,0,1,3437,0,339,0,339
240542,Playing,3187712,9035,0,0,0,0,1,3440,0,339,0,339
240791,Playing,3208192,9093,0,0,0,0,1,3444,0,339,0,339
241041,Playing,3173376,8994,0,0,0,0,1,3449,0,339,0,339
241290,Playing,3146752,8919,0,0,0,0,1,3451,0,339,0,339
241539,Playing,3167232,8977,0,0,0,0,1,3455,0,339,0,339
241790,Playing,3132416,8878,0,0,0,0,1,3457,0,339,0,339
242038,Playing,3133440,8881,0,0,0,0,1,3460,0,339,0,339
242291,Playing,3126272,8861,0,0,0,0,1,3463,96,339,96,339
242542,Playing,3174400,8997,0,0,0,0,1,3468,0,339,0,339
242789,Playing,3139584,8899,0,0,0,0,1,3470,93,339,93,339
243038,Playing,3195904,9058,0,0,0,0,1,3475,0,339,0,339
243288,Playing,3161088,8960,0,0,0,0,1,3477,95,339,95,339
243539,Playing,3153920,8939,0,0,0,0,1,3480,0,339,0,339
243788,Playing,3154944,8942,0,0,0,0,1,3483,94,339,94,339
244038,Playing,3147776,8922,0,0,0,0,1,3489,0,339,0,339
244288,Playing,3168256,8980,0,0,0,0,1,3493,0,339,0,339
244535,Playing,3113984,8826,0,0,0,0,1,3494,178,339,178,339
244793,Playing,3134464,8884,0,0,0,0,1,3498,176,339,176,339
245038,Playing,3127296,8864,0,0,0,0,1,3501,0,339,0,339
245288,Playing,3147776,8922,0,0,0,0,1,3505,89,339,89,339
245538,Playing,3148800,8925,0,0,0,0,1,3508,0,339,0,339
245789,Playing,3141632,8904,0,0,0,0,1,3511,0,339,0,339
246040,Playing,3134464,8884,0,0,0,0,1,3514,0,339,0,339
246291,Playing,3154944,8942,0,0,0,0,1,3518,94,339,94,339
246539,Playing,3165184,8971,0,0,0,0,1,3522,0,339,0,339
246790,Playing,3084288,8742,0,0,0,0,1,3525,174,339,174,339
247039,Playing,3104768,8800,0,0,0,0,1,3529,1,339,1,339
247288,Playing,3133440,8881,0,0,0,0,1,3533,0,339,0,339
247538,Playing,3126272,8861,0,0,0,0,1,3536,0,339,0,339
247788,Playing,3119104,8840,0,0,0,0,1,3539,0,339,0,339
248037,Playing,3092480,8765,0,0,0,0,1,3541,0,339,0,339
248286,Playing,3085312,8745,0,0,0,0,1,3544,0,339,0,339
248536,Playing,3078144,8724,0,0,0,0,1,3547,0,339,0,339
248784,Playing,3106816,8806,0,0,0,0,1,3551,0,339,0,339
249036,Playing,3127296,8864,0,0,0,0,1,3555,0,339,0,339
249285,Playing,3120128,8843,0,0,0,0,1,3558,0,339,0,339
249537,Playing,3076096,8719,0,0,0,0,1,3563,99,339,99,339
249789,Playing,3068928,8698,0,0,0,0,1,3566,0,339,0,339
250039,Playing,3069952,8701,0,0,0,0,1,3569,0,339,0,339
250288,Playing,3062784,8681,0,0,0,0,1,3572,93,339,93,339
250539,Playing,3110912,8817,0,0,0,0,1,3577,0,339,0,339
250785,Playing,3056640,8663,0,0,0,0,1,3578,173,339,173,339
251037,Playing,3049472,8643,0,0,0,0,1,3581,0,339,0,339
251286,Playing,3014656,8544,0,0,0,0,1,3583,0,339,0,339
251534,Playing,3043328,8626,0,0,0,0,1,3587,92,339,93,339
251784,Playing,3063808,8684,0,0,0,0,1,3591,0,339,0,339
252034,Playing,3056640,8663,0,0,0,0,1,3594,95,339,96,339
252286,Playing,3058688,8669,0,0,0,0,1,3600,0,339,14,339
252534,Playing,3041280,8620,0,0,0,0,1,3603,93,339,93,339
252784,Playing,3006464,8521,0,0,0,0,1,3605,1,339,1,339
253034,Playing,3026944,8579,0,0,0,0,1,3609,0,339,0,339
253287,Playing,3047424,8637,0,0,0,0,1,3613,0,339,0,339
253539,Playing,3076096,8719,0,0,0,0,1,3617,0,339,0,339
253788,Playing,3013632,8542,0,0,0,0,1,3618,176,339,176,339
254047,Playing,3034112,8600,0,0,0,0,1,3622,0,339,0,339
254288,Playing,3035136,8602,0,0,0,0,1,3625,0,339,0,339
254540,Playing,3000320,8504,0,0,0,0,1,3627,0,339,0,339
254788,Playing,3020800,8562,0,0,0,0,1,3631,0,339,0,339
255034,Playing,3021824,8565,0,0,0,0,1,3634,95,339,95,339
255283,Playing,3014656,8544,0,0,0,0,1,3640,0,339,0,339
255533,Playing,3035136,8602,0,0,0,0,1,3644,0,339,0,339
255781,Playing,3036160,8605,0,0,0,0,1,3647,0,339,0,339
256030,Playing,3001344,8507,0,0,0,0,1,3649,0,339,0,339
256280,Playing,3021824,8565,0,0,0,0,1,3653,0,339,0,339
256529,Playing,3014656,8544,0,0,0,0,1,3656,94,339,94,339
256779,Playing,3043328,8626,0,0,0,0,1,3660,16,339,16,339
257030,Playing,3036160,8605,0,0,0,0,1,3663,93,339,93,339
257279,Playing,3001344,8507,0,0,0,0,1,3665,0,339,0,339
257529,Playing,3030016,8588,0,0,0,0,1,3669,0,339,0,339
257779,Playing,3050496,8646,0,0,0,0,1,3673,0,339,0,339
258039,Playing,2988032,8469,0,0,0,0,1,3677,81,339,81,339
258279,Playing,2980864,8449,0,0,0,0,1,3680,0,339,0,339
258527,Playing,3009536,8530,0,0,0,0,1,3684,0,339,0,339
258775,Playing,3002368,8510,0,0,0,0,1,3687,0,339,0,339
259023,Playing,3031040,8591,0,0,0,0,1,3691,0,339,0,339
259275,Playing,2968576,8414,0,0,0,0,1,3692,175,339,175,339
259524,Playing,2989056,8472,0,0,0,0,1,3696,92,339,92,339
259772,Playing,3009536,8530,0,0,0,0,1,3700,0,339,0,339
260021,Playing,3038208,8611,0,0,0,0,1,3704,0,339,0,339
260272,Playing,2975744,8434,0,0,0,0,1,3705,176,339,176,339
260519,Playing,2996224,8492,0,0,0,0,1,3709,0,339,0,339
260770,Playing,2969600,8417,0,0,0,0,1,3714,0,339,15,339
261017,Playing,2990080,8475,0,0,0,0,1,3718,98,339,98,339
261268,Playing,2955264,8376,0,0,0,0,1,3720,0,339,0,339
261518,Playing,2983936,8457,0,0,0,0,1,3724,0,339,0,339
261771,Playing,2976768,8437,0,0,0,0,1,3727,173,339,173,339
262022,Playing,2997248,8495,0,0,0,0,1,3731,0,339,0,339
262276,Playing,2962432,8396,0,0,0,0,1,3733,0,339,0,339
262526,Playing,2982912,8454,0,0,0,0,1,3737,0,339,0,339
262777,Playing,2983936,8457,0,0,0,0,1,3740,0,339,0,339
263028,Playing,2976768,8437,0,0,0,0,1,3743,94,339,94,339
263276,Playing,2997248,8495,0,0,0,0,1,3747,93,339,93,339
263527,Playing,2953216,8370,0,0,0,0,1,3751,0,339,13,339
263778,Playing,2935808,8321,0,0,0,0,1,3754,175,339,175,339
264030,Playing,2983936,8457,0,0,0,0,1,3759,0,339,0,339
264281,Playing,2976768,8437,0,0,0,0,1,3762,0,339,0,339
264530,Playing,2941952,8338,0,0,0,0,1,3764,0,339,0,339
264781,Playing,2942976,8341,0,0,0,0,1,3767,94,339,94,339
265030,Playing,2963456,8399,0,0,0,0,1,3771,0,339,0,339
265281,Playing,2983936,8457,0,0,0,0,1,3775,14,339,14,339
265530,Playing,2921472,8280,0,0,0,0,1,3776,175,339,175,339
265779,Playing,2950144,8362,0,0,0,0,1,3780,0,339,0,339
266030,Playing,2970624,8420,0,0,0,0,1,3784,0,339,0,339
266279,Playing,2963456,8399,0,0,0,0,1,3790,0,339,0,339
266530,Playing,2909184,8245,0,0,0,0,1,3791,175,339,175,339
266779,Playing,2929664,8304,0,0,0,0,1,3795,0,339,0,339
267029,Playing,2922496,8283,0,0,0,0,1,3798,0,339,0,339
267277,Playing,2951168,8364,0,0,0,0,1,3802,0,339,0,339
267529,Playing,2916352,8266,0,0,0,0,1,3804,0,339,0,339
267777,Playing,2909184,8245,0,0,0,0,1,3807,0,339,0,339
268029,Playing,2929664,8304,0,0,0,0,1,3811,88,339,88,339
268279,Playing,2958336,8385,0,0,0,0,1,3815,0,339,0,339
268529,Playing,2923520,8286,0,0,0,0,1,3817,96,339,96,339
268779,Playing,2916352,8266,0,0,0,0,1,3820,0,339,0,339
269030,Playing,2936832,8324,0,0,0,0,1,3824,0,339,0,339
269280,Playing,2910208,8248,0,0,0,0,1,3829,93,339,94,339
269531,Playing,2903040,8228,0,0,0,0,1,3832,0,339,0,339
269779,Playing,2895872,8208,0,0,0,0,1,3835,0,339,0,339
270029,Playing,2896896,8211,0,0,0,0,1,3838,0,339,0,339
270279,Playing,2917376,8269,0,0,0,0,1,3842,0,339,0,339
270529,Playing,2937856,8327,0,0,0,0,1,3846,0,339,0,339
270779,Playing,2875392,8150,0,0,0,0,1,3847,175,339,175,339
271029,Playing,2904064,8231,0,0,0,0,1,3851,0,339,0,339
271280,Playing,2924544,8289,0,0,0,0,1,3855,0,339,0,339
271533,Playing,2917376,8269,0,0,0,0,1,3858,3,339,4,339
271786,Playing,2937856,8327,0,0,0,0,1,3862,0,339,0,339
272033,Playing,2865152,8121,0,0,0,0,1,3865,0,339,12,339
272281,Playing,2867200,8126,0,0,0,0,1,3869,174,339,174,339
272529,Playing,2915328,8263,0,0,0,0,1,3874,0,339,0,339
272778,Playing,2861056,8109,0,0,0,0,1,3875,176,339,176,339
273027,Playing,2853888,8089,0,0,0,0,1,3878,174,339,174,339
273277,Playing,2874368,8147,0,0,0,0,1,3882,0,339,0,339
273527,Playing,2875392,8150,0,0,0,0,1,3885,175,339,175,339
273779,Playing,2868224,8129,0,0,0,0,1,3888,15,339,15,339
274026,Playing,2861056,8109,0,0,0,0,1,3891,0,339,0,339
274277,Playing,2881536,8167,0,0,0,0,1,3895,0,339,0,339
274530,Playing,2874368,8147,0,0,0,0,1,3898,178,339,178,339
274775,Playing,2847744,8071,0,0,0,0,1,3900,0,339,0,339
275025,Playing,2831360,8025,0,0,0,0,1,3906,6,339,7,339
275277,Playing,2832384,8028,0,0,0,0,1,3909,8,339,8,339
275523,Playing,2852864,8086,0,0,0,0,1,3913,0,339,0,339
275776,Playing,2818048,7987,0,0,0,0,1,3915,0,339,0,339
276023,Playing,2810880,7967,0,0,0,0,1,3918,0,339,0,339
276272,Playing,2839552,8048,0,0,0,0,1,3922,12,339,12,339
276524,Playing,2832384,8028,0,0,0,0,1,3925,97,339,97,339
276777,Playing,2797568,7929,0,0,0,0,1,3927,0,339,0,339
277026,Playing,2818048,7987,0,0,0,0,1,3931,92,339,92,339
277277,Playing,2846720,8068,0,0,0,0,1,3935,0,339,0,339
277527,Playing,2839552,8048,0,0,0,0,1,3938,94,339,94,339
277778,Playing,2795520,7923,0,0,0,0,1,3943,95,339,95,339
278029,Playing,2796544,7926,0,0,0,0,1,3946,0,339,0,339
278279,Playing,2789376,7906,0,0,0,0,1,3949,95,339,95,339
278531,Playing,2809856,7964,0,0,0,0,1,3953,0,339,0,339
278780,Playing,2830336,8022,0,0,0,0,1,3957,13,339,13,339
279033,Playing,2831360,8025,0,0,0,0,1,3960,0,339,0,339
279280,Playing,2796544,7926,0,0,0,0,1,3962,0,339,0,339
279530,Playing,2817024,7984,0,0,0,0,1,3966,0,339,0,339
279780,Playing,2809856,7964,0,0,0,0,1,3969,94,339,94,339
280029,Playing,2810880,7967,0,0,0,0,1,3972,95,339,95,339
280280,Playing,2831360,8025,0,0,0,0,1,3976,0,339,0,339
280530,Playing,2768896,7848,0,0,0,0,1,3980,0,339,0,339
280779,Playing,2769920,7851,0,0,0,0,1,3983,174,339,174,339
281029,Playing,2790400,7909,0,0,0,0,1,3987,0,339,0,339
281278,Playing,2810880,7967,0,0,0,0,1,3991,0,339,0,339
281529,Playing,2776064,7868,0,0,0,0,1,3993,0,339,0,339
281779,Playing,2777088,7871,0,0,0,0,1,3996,0,339,0,339
282028,Playing,2797568,7929,0,0,0,0,1,4000,0,339,0,339
282279,Playing,2790400,7909,0,0,0,0,1,4003,0,339,0,339
282532,Playing,2755584,7810,0,0,0,0,1,4005,0,339,0,339
282781,Playing,2756608,7813,0,0,0,0,1,4008,174,339,174,339
283029,Playing,2804736,7949,0,0,0,0,1,4013,0,339,0,339
283289,Playing,2742272,7772,0,0,0,0,1,4014,98,339,98,339
283543,Playing,2735104,7752,0,0,0,0,1,4020,1,339,1,339
283794,Playing,2727936,7732,0,0,0,0,1,4023,89,339,89,339
284043,Playing,2756608,7813,0,0,0,0,1,4027,15,339,15,339
284292,Playing,2749440,7793,0,0,0,0,1,4030,96,339,96,339
284542,Playing,2714624,7694,0,0,0,0,1,4032,0,339,0,339
284791,Playing,2735104,7752,0,0,0,0,1,4036,0,339,0,339
285041,Playing,2763776,7833,0,0,0,0,1,4040,0,339,0,339
285292,Playing,2728960,7735,0,0,0,0,1,4042,0,339,0,339
285542,Playing,2721792,7714,0,0,0,0,1,4045,0,339,0,339
285794,Playing,2742272,7772,0,0,0,0,1,4049,0,339,0,339
286046,Playing,2743296,7775,0,0,0,0,1,4055,0,339,12,339
286292,Playing,2736128,7755,0,0,0,0,1,4058,0,339,0,339
286540,Playing,2728960,7735,0,0,0,0,1,4061,96,339,96,339
286788,Playing,2729984,7738,0,0,0,0,1,4064,0,339,0,339
287038,Playing,2722816,7717,0,0,0,0,1,4067,94,339,94,339
287291,Playing,2715648,7697,0,0,0,0,1,4070,97,339,97,339
287542,Playing,2744320,7778,0,0,0,0,1,4074,0,339,0,339
287789,Playing,2709504,7680,0,0,0,0,1,4076,0,339,0,339
288039,Playing,2729984,7738,0,0,0,0,1,4080,0,339,0,339
288290,Playing,2758656,7819,0,0,0,0,1,4084,0,339,0,339
288542,Playing,2751488,7799,0,0,0,0,1,4087,12,339,12,339
288791,Playing,2716672,7700,0,0,0,0,1,4089,0,339,0,339
289043,Playing,2681856,7601,0,0,0,0,1,4094,4,339,4,339
289294,Playing,2702336,7659,0,0,0,0,1,4098,2,339,2,339
289543,Playing,2731008,7740,0,0,0,0,1,4102,0,339,0,339
289793,Playing,2751488,7799,0,0,0,0,1,4106,0,339,0,339
290041,Playing,2744320,7778,0,0,0,0,1,4109,0,339,0,339
290291,Playing,2717696,7703,0,0,0,0,1,4111,0,339,0,339
290541,Playing,2710528,7682,0,0,0,0,1,4114,0,339,0,339
290790,Playing,2731008,7740,0,0,0,0,1,4118,10,339,10,339
291039,Playing,2704384,7665,0,0,0,0,1,4120,0,339,0,339
291288,Playing,2697216,7645,0,0,0,0,1,4123,2,339,2,339
291538,Playing,2690048,7624,0,0,0,0,1,4126,0,339,0,339
291788,Playing,2718720,7706,0,0,0,0,1,4133,4,339,4,339
292048,Playing,2675712,7584,0,0,0,0,1,4135,0,339,0,339
292290,Playing,2676736,7587,0,0,0,0,1,4138,0,339,0,339
292542,Playing,2697216,7645,0,0,0,0,1,4142,18,339,18,339
292794,Playing,2690048,7624,0,0,0,0,1,4145,96,339,96,339
293042,Playing,2663424,7549,0,0,0,0,1,4147,4,339,4,339
293292,Playing,2683904,7607,0,0,0,0,1,4151,8,339,8,339
293542,Playing,2676736,7587,0,0,0,0,1,4154,94,339,94,339
293790,Playing,2650112,7511,0,0,0,0,1,4156,1,339,1,339
294040,Playing,2670592,7569,0,0,0,0,1,4160,0,339,0,339
294290,Playing,2663424,7549,0,0,0,0,1,4163,95,339,95,339
294542,Playing,2664448,7552,0,0,0,0,1,4169,1,339,1,339
294792,Playing,2684928,7610,0,0,0,0,1,4173,0,339,0,339
295042,Playing,2650112,7511,0,0,0,0,1,4175,0,339,0,339
295292,Playing,2642944,7491,0,0,0,0,1,4178,0,339,0,339
295539,Playing,2643968,7494,0,0,0,0,1,4181,96,339,97,339
295792,Playing,2609152,7395,0,0,0,0,1,4183,0,339,0,339
296039,Playing,2629632,7453,0,0,0,0,1,4187,100,339,100,339
296288,Playing,2658304,7534,0,0,0,0,1,4191,93,339,94,339
296542,Playing,2651136,7514,0,0,0,0,1,4194,99,339,99,339
296790,Playing,2671616,7572,0,0,0,0,1,4198,0,339,0,339
297041,Playing,2636800,7473,0,0,0,0,1,4200,1,339,1,339
297293,Playing,2647040,7502,0,0,0,0,1,4206,0,339,14,339
297548,Playing,2621440,7430,0,0,0,0,1,4209,2,339,2,339
297800,Playing,2614272,7410,0,0,0,0,1,4212,174,339,174,339
298050,Playing,2607104,7389,0,0,0,0,1,4215,0,339,0,339
298300,Playing,2599936,7369,0,0,0,0,1,4218,94,339,95,339
298550,Playing,2600960,7372,0,0,0,0,1,4221,92,339,92,339
298802,Playing,2649088,7508,0,0,0,0,1,4226,0,339,0,339
299052,Playing,2641920,7488,0,0,0,0,1,4229,0,339,0,339
299302,Playing,2607104,7389,0,0,0,0,1,4231,0,339,0,339
299556,Playing,2635776,7471,0,0,0,0,1,4235,0,339,0,339
299810,Playing,2628608,7450,0,0,0,0,1,4238,0,339,0,339
300060,Playing,2630656,7456,0,0,0,0,1,4244,0,339,14,339
300309,Playing,2549760,7227,0,0,0,0,1,4245,93,339,93,339
300562,Playing,2570240,7285,0,0,0,0,1,4249,95,339,95,339
300751,Playing,2560000,7256,0,0,0,0,1,4251,0,339,0,339
301004,Playing,2588672,7337,0,0,0,0,1,4255,94,339,94,339
301250,Playing,2609152,7395,0,0,0,0,1,4259,0,339,0,339
301502,Playing,2601984,7375,0,0,0,0,1,4262,0,339,0,339
301752,Playing,2603008,7378,0,0,0,0,1,4265,173,339,173,339
302000,Playing,2595840,7357,0,0,0,0,1,4268,0,339,0,339
302312,Playing,2647040,7502,0,0,0,0,1,4274,14,339,14,339
302501,Playing,2609152,7395,0,0,0,0,1,4275,175,339,175,339
302751,Playing,2628608,7450,0,0,0,0,1,4279,0,339,180,339
303059,Playing,2569216,7282,0,0,0,0,1,4284,0,339,0,339
303308,Playing,2570240,7285,0,0,0,0,1,4287,0,339,0,339
303558,Playing,2563072,7264,0,0,0,0,1,4290,0,339,0,339
303810,Playing,2555904,7244,0,0,0,0,1,4293,0,339,0,339
304059,Playing,2576384,7302,0,0,0,0,1,4297,0,339,0,339
304309,Playing,2605056,7383,0,0,0,0,1,4301,0,339,0,339
304558,Playing,2597888,7363,0,0,0,0,1,4304,0,339,0,339
304808,Playing,2563072,7264,0,0,0,0,1,4306,0,339,0,339
305057,Playing,2591744,7346,0,0,0,0,1,4310,0,339,0,339
305306,Playing,2584576,7325,0,0,0,0,1,4313,0,339,0,339
305560,Playing,2577408,7305,0,0,0,0,1,4316,92,339,92,339
305805,Playing,2550784,7230,0,0,0,0,1,4321,0,339,0,339
306055,Playing,2543616,7209,0,0,0,0,1,4324,0,339,0,339
306308,Playing,2536448,7189,0,0,0,0,1,4327,177,339,177,339
306559,Playing,2501632,7090,0,0,0,0,1,4329,11,339,11,339
306809,Playing,2530304,7172,0,0,0,0,1,4333,176,339,176,339
307059,Playing,2550784,7230,0,0,0,0,1,4337,0,339,0,339
307250,Playing,2540544,7201,0,0,0,0,1,4339,0,339,0,339
307501,Playing,2561024,7259,0,0,0,0,1,4343,15,339,15,339
307752,Playing,2553856,7238,0,0,0,0,1,4346,0,339,0,339
308004,Playing,2519040,7140,0,0,0,0,1,4348,0,339,0,339
308254,Playing,2547712,7221,0,0,0,0,1,4352,0,339,0,339
308505,Playing,2540544,7201,0,0,0,0,1,4355,0,339,0,339
308754,Playing,2505728,7102,0,0,0,0,1,4360,179,339,180,339
309021,Playing,2553856,7238,0,0,0,0,1,4365,0,339,0,339
309268,Playing,2491392,7061,0,0,0,0,1,4366,97,339,97,339
309518,Playing,2511872,7119,0,0,0,0,1,4370,0,339,0,339
309771,Playing,2512896,7122,0,0,0,0,1,4373,0,339,0,339
310022,Playing,2533376,7180,0,0,0,0,1,4377,0,339,0,339
310272,Playing,2498560,7082,0,0,0,0,1,4379,0,339,0,339
310521,Playing,2527232,7163,0,0,0,0,1,4383,14,339,14,339
310770,Playing,2520064,7143,0,0,0,0,1,4386,0,339,0,339
311021,Playing,2512896,7122,0,0,0,0,1,4389,0,339,0,339
311271,Playing,2478080,7024,0,0,0,0,1,4391,0,339,0,339
311524,Playing,2443264,6925,0,0,0,0,1,4396,0,339,12,339
311772,Playing,2499584,7084,0,0,0,0,1,4401,0,339,0,339
312025,Playing,2520064,7143,0,0,0,0,1,4405,0,339,0,339
312277,Playing,2485248,7044,0,0,0,0,1,4407,175,339,175,339
312531,Playing,2450432,6945,0,0,0,0,1,4409,0,339,0,339
312780,Playing,2479104,7026,0,0,0,0,1,4413,0,339,0,339
313030,Playing,2499584,7084,0,0,0,0,1,4417,0,339,0,339
313283,Playing,2520064,7143,0,0,0,0,1,4421,0,339,0,339
313533,Playing,2540544,7201,0,0,0,0,1,4425,0,339,0,339
313782,Playing,2486272,7047,0,0,0,0,1,4426,176,339,176,339
314032,Playing,2479104,7026,0,0,0,0,1,4429,0,339,0,339
314280,Playing,2471936,7006,0,0,0,0,1,4435,0,339,0,339
314529,Playing,2445312,6931,0,0,0,0,1,4437,0,339,0,339
314779,Playing,2465792,6989,0,0,0,0,1,4441,0,339,0,339
315029,Playing,2458624,6968,0,0,0,0,1,4444,13,339,13,339
315280,Playing,2479104,7026,0,0,0,0,1,4448,0,339,0,339
315530,Playing,2424832,6873,0,0,0,0,1,4449,98,339,98,339
315779,Playing,2445312,6931,0,0,0,0,1,4453,91,339,91,339
316029,Playing,2438144,6910,0,0,0,0,1,4456,95,339,95,339
316277,Playing,2494464,7070,0,0,0,0,1,4461,0,339,0,339
316526,Playing,2432000,6893,0,0,0,0,1,4462,94,339,94,339
316777,Playing,2480128,7029,0,0,0,0,1,4467,13,339,13,339
317025,Playing,2436096,6905,0,0,0,0,1,4471,0,339,15,339
317276,Playing,2446336,6934,0,0,0,0,1,4475,92,339,92,339
317524,Playing,2439168,6913,0,0,0,0,1,4478,93,339,94,339
317774,Playing,2432000,6893,0,0,0,0,1,4481,0,339,0,339
318024,Playing,2433024,6896,0,0,0,0,1,4484,94,339,94,339
318273,Playing,2453504,6954,0,0,0,0,1,4488,0,339,0,339
318522,Playing,2446336,6934,0,0,0,0,1,4491,95,339,95,339
318771,Playing,2475008,7015,0,0,0,0,1,4495,0,339,1,339
319021,Playing,2440192,6916,0,0,0,0,1,4497,0,339,0,339
319272,Playing,2433024,6896,0,0,0,0,1,4500,0,339,0,339
319520,Playing,2461696,6977,0,0,0,0,1,4504,93,339,93,339
319770,Playing,2426880,6878,0,0,0,0,1,4506,0,339,0,339
320020,Playing,2419712,6858,0,0,0,0,1,4512,0,339,0,339
320267,Playing,2448384,6939,0,0,0,0,1,4516,0,339,0,339
320517,Playing,2441216,6919,0,0,0,0,1,4519,0,339,0,339
320767,Playing,2434048,6899,0,0,0,0,1,4522,96,339,96,339
321017,Playing,2399232,6800,0,0,0,0,1,4524,0,339,0,339
321268,Playing,2427904,6881,0,0,0,0,1,4528,0,339,0,339
321518,Playing,2420736,6861,0,0,0,0,1,4531,96,339,96,339
321771,Playing,2385920,6762,0,0,0,0,1,4533,0,339,0,339
322020,Playing,2406400,6820,0,0,0,0,1,4537,97,339,97,339
322268,Playing,2435072,6902,0,0,0,0,1,4541,0,339,0,339
322518,Playing,2400256,6803,0,0,0,0,1,4543,175,339,175,339
322768,Playing,2347008,6652,0,0,0,0,1,4547,0,339,14,339
323029,Playing,2376704,6736,0,0,0,0,1,4552,0,339,0,339
323283,Playing,2369536,6716,0,0,0,0,1,4555,94,339,95,339
323534,Playing,2390016,6774,0,0,0,0,1,4559,177,339,177,339
323784,Playing,2418688,6855,0,0,0,0,1,4563,0,339,0,339
324037,Playing,2356224,6678,0,0,0,0,1,4564,99,339,99,339
324287,Playing,2349056,6658,0,0,0,0,1,4567,84,339,84,339
324537,Playing,2369536,6716,0,0,0,0,1,4571,175,339,175,339
324787,Playing,2398208,6797,0,0,0,0,1,4575,0,339,0,339
325037,Playing,2391040,6777,0,0,0,0,1,4578,174,339,174,339
325285,Playing,2383872,6757,0,0,0,0,1,4581,13,339,13,339
325537,Playing,2348032,6655,0,0,0,0,1,4586,95,339,95,339
325784,Playing,2340864,6635,0,0,0,0,1,4589,94,339,94,339
326036,Playing,2388992,6771,0,0,0,0,1,4594,0,339,0,339
326286,Playing,2326528,6594,0,0,0,0,1,4595,174,339,174,339
326534,Playing,2355200,6675,0,0,0,0,1,4599,0,339,0,339
326785,Playing,2348032,6655,0,0,0,0,1,4602,0,339,0,339
327036,Playing,2368512,6713,0,0,0,0,1,4606,0,339,0,339
327283,Playing,2369536,6716,0,0,0,0,1,4609,94,339,95,339
327533,Playing,2362368,6696,0,0,0,0,1,4612,0,339,0,339
327783,Playing,2355200,6675,0,0,0,0,1,4615,0,339,0,339
328030,Playing,2348032,6655,0,0,0,0,1,4618,176,339,176,339
328281,Playing,2321408,6579,0,0,0,0,1,4620,2,339,2,339
328530,Playing,2305024,6533,0,0,0,0,1,4626,0,339,0,339
328779,Playing,2333696,6614,0,0,0,0,1,4630,0,339,0,339
329027,Playing,2354176,6672,0,0,0,0,1,4634,13,339,13,339
329279,Playing,2347008,6652,0,0,0,0,1,4637,0,339,0,339
329529,Playing,2312192,6553,0,0,0,0,1,4639,0,339,0,339
329780,Playing,2313216,6556,0,0,0,0,1,4642,94,339,94,339
330029,Playing,2333696,6614,0,0,0,0,1,4646,0,339,0,339
330278,Playing,2326528,6594,0,0,0,0,1,4649,92,339,92,339
330528,Playing,2291712,6495,0,0,0,0,1,4651,0,339,0,339
330777,Playing,2320384,6577,0,0,0,0,1,4655,94,339,94,339
331028,Playing,2313216,6556,0,0,0,0,1,4661,0,339,13,339
331279,Playing,2306048,6536,0,0,0,0,1,4664,94,339,94,339
331529,Playing,2334720,6617,0,0,0,0,1,4668,0,339,0,339
331781,Playing,2299904,6519,0,0,0,0,1,4670,0,339,0,339
332033,Playing,2292736,6498,0,0,0,0,1,4673,0,339,0,339
332283,Playing,2313216,6556,0,0,0,0,1,4677,85,339,85,339
332530,Playing,2286592,6481,0,0,0,0,1,4679,0,339,0,339
332779,Playing,2279424,6460,0,0,0,0,1,4682,96,339,96,339
333028,Playing,2299904,6519,0,0,0,0,1,4686,0,339,0,339
333277,Playing,2328576,6600,0,0,0,0,1,4690,0,339,0,339
333526,Playing,2266112,6423,0,0,0,0,1,4691,178,339,178,339
333801,Playing,2306048,6536,0,0,0,0,1,4696,0,339,0,339
334046,Playing,2279424,6460,0,0,0,0,1,4701,0,339,0,339
334296,Playing,2272256,6440,0,0,0,0,1,4704,96,339,96,339
334548,Playing,2237440,6341,0,0,0,0,1,4706,0,339,0,339
334800,Playing,2257920,6400,0,0,0,0,1,4710,0,339,0,339
335050,Playing,2250752,6379,0,0,0,0,1,4713,93,339,93,339
335300,Playing,2279424,6460,0,0,0,0,1,4717,0,339,0,339
335552,Playing,2244608,6362,0,0,0,0,1,4719,0,339,0,339
335803,Playing,2265088,6420,0,0,0,0,1,4723,0,339,0,339
336051,Playing,2266112,6423,0,0,0,0,1,4726,0,339,0,339
336299,Playing,2286592,6481,0,0,0,0,1,4730,176,339,176,339
336551,Playing,2307072,6539,0,0,0,0,1,4734,0,339,0,339
336804,Playing,2216960,6283,0,0,0,0,1,4737,0,339,14,339
337054,Playing,2217984,6286,0,0,0,0,1,4740,0,339,0,339
337304,Playing,2266112,6423,0,0,0,0,1,4745,0,339,0,339
337554,Playing,2258944,6402,0,0,0,0,1,4748,0,339,0,339
337808,Playing,2251776,6382,0,0,0,0,1,4751,176,339,176,339
338059,Playing,2216960,6283,0,0,0,0,1,4753,176,339,176,339
338314,Playing,2237440,6341,0,0,0,0,1,4757,178,339,178,339
338503,Playing,2254848,6391,0,0,0,0,1,4760,0,339,0,339
338756,Playing,2255872,6394,0,0,0,0,1,4763,0,339,0,339
339005,Playing,2248704,6373,0,0,0,0,1,4766,174,339,174,339
339258,Playing,2269184,6431,0,0,0,0,1,4770,0,339,0,339
339508,Playing,2225152,6307,0,0,0,0,1,4774,0,339,13,339
339759,Playing,2199552,6234,0,0,0,0,1,4777,0,339,0,339
340008,Playing,2228224,6315,0,0,0,0,1,4781,0,339,0,339
340261,Playing,2248704,6373,0,0,0,0,1,4785,0,339,0,339
340513,Playing,2241536,6353,0,0,0,0,1,4788,177,339,177,339
340766,Playing,2206720,6254,0,0,0,0,1,4790,0,339,0,339
341014,Playing,2207744,6257,0,0,0,0,1,4793,176,339,176,339
341265,Playing,2228224,6315,0,0,0,0,1,4797,0,339,0,339
341513,Playing,2248704,6373,0,0,0,0,1,4801,0,339,0,339
341762,Playing,2194432,6220,0,0,0,0,1,4802,174,339,174,339
342012,Playing,2242560,6356,0,0,0,0,1,4807,0,339,0,339
342262,Playing,2226176,6310,0,0,0,0,1,4812,0,339,11,339
342512,Playing,2200576,6237,0,0,0,0,1,4815,178,339,178,339
342762,Playing,2173952,6161,0,0,0,0,1,4817,0,339,0,339
343013,Playing,2194432,6220,0,0,0,0,1,4821,0,339,0,339
343260,Playing,2214912,6278,0,0,0,0,1,4825,0,339,0,339
343521,Playing,2207744,6257,0,0,0,0,1,4828,175,339,175,339
343762,Playing,2236416,6339,0,0,0,0,1,4832,0,339,0,339
344010,Playing,2201600,6240,0,0,0,0,1,4834,0,339,0,339
344262,Playing,2194432,6220,0,0,0,0,1,4837,0,339,0,339
344512,Playing,2223104,6301,0,0,0,0,1,4841,0,339,0,339
344763,Playing,2215936,6280,0,0,0,0,1,4844,0,339,0,339
345022,Playing,2227200,6312,0,0,0,0,1,4850,0,339,11,339
345266,Playing,2173952,6161,0,0,0,0,1,4852,0,339,0,339
345529,Playing,2194432,6220,0,0,0,0,1,4856,0,339,0,339
345769,Playing,2195456,6222,0,0,0,0,1,4859,0,339,0,339
346019,Playing,2215936,6280,0,0,0,0,1,4863,0,339,0,339
346271,Playing,2153472,6103,0,0,0,0,1,4864,174,339,174,339
346520,Playing,2209792,6263,0,0,0,0,1,4869,0,339,0,339
346771,Playing,2174976,6164,0,0,0,0,1,4871,173,339,174,339
347020,Playing,2223104,6301,0,0,0,0,1,4876,0,339,0,339
347348,Playing,2191360,6211,0,0,0,0,1,4879,0,339,0,339
347533,Playing,2153472,6103,0,0,0,0,1,4880,166,339,167,339
347789,Playing,2173952,6161,0,0,0,0,1,4884,171,339,171,339
348033,Playing,2165760,6138,0,0,0,0,1,4890,1,339,1,339
348280,Playing,2158592,6118,0,0,0,0,1,4893,97,339,97,339
348531,Playing,2151424,6098,0,0,0,0,1,4896,0,339,0,339
348783,Playing,2152448,6101,0,0,0,0,1,4899,1,339,1,339
349032,Playing,2172928,6159,0,0,0,0,1,4903,0,339,0,339
349283,Playing,2165760,6138,0,0,0,0,1,4906,0,339,0,339
349529,Playing,2139136,6063,0,0,0,0,1,4908,14,339,14,339
349779,Playing,2159616,6121,0,0,0,0,1,4912,0,339,0,339
350032,Playing,2180096,6179,0,0,0,0,1,4916,0,339,0,339
350282,Playing,2172928,6159,0,0,0,0,1,4919,0,339,0,339
350537,Playing,2138112,6060,0,0,0,0,1,4921,0,339,0,339
350787,Playing,2129920,6037,0,0,0,0,1,4927,0,339,0,339
351039,Playing,2122752,6016,0,0,0,0,1,4930,0,339,0,339
351291,Playing,2115584,5996,0,0,0,0,1,4933,175,339,175,339
351542,Playing,2080768,5897,0,0,0,0,1,4935,0,339,0,339
351791,Playing,2109440,5979,0,0,0,0,1,4939,172,339,172,339
352041,Playing,2129920,6037,0,0,0,0,1,4943,0,339,0,339
352274,Playing,2158592,6118,0,0,0,0,1,4947,0,339,0,339
352525,Playing,2096128,5941,0,0,0,0,1,4948,87,339,87,339
352774,Playing,2124800,6022,0,0,0,0,1,4952,0,339,0,339
353025,Playing,2117632,6002,0,0,0,0,1,4955,177,339,178,339
353272,Playing,2110464,5982,0,0,0,0,1,4958,176,339,176,339
353520,Playing,2111488,5984,0,0,0,0,1,4961,0,339,0,339
353772,Playing,2067456,5860,0,0,0,0,1,4966,95,339,95,339
354022,Playing,2087936,5918,0,0,0,0,1,4970,0,339,0,339
354274,Playing,2108416,5976,0,0,0,0,1,4974,0,339,0,339
354521,Playing,2054144,5822,0,0,0,0,1,4975,96,339,96,339
354770,Playing,2102272,5958,0,0,0,0,1,4980,0,339,0,339
355020,Playing,2095104,5938,0,0,0,0,1,4983,0,339,0,339
355272,Playing,2096128,5941,0,0,0,0,1,4986,0,339,0,339
355520,Playing,2061312,5842,0,0,0,0,1,4988,0,339,0,339
355770,Playing,2081792,5900,0,0,0,0,1,4992,2,339,2,339
356020,Playing,2082816,5903,0,0,0,0,1,4995,171,339,171,339
356270,Playing,2103296,5961,0,0,0,0,1,4999,0,339,0,339
356517,Playing,2013184,5706,0,0,0,0,1,5002,0,339,14,339
356767,Playing,2041856,5787,0,0,0,0,1,5006,90,339,91,339
357016,Playing,2062336,5845,0,0,0,0,1,5010,0,339,0,339
357266,Playing,2082816,5903,0,0,0,0,1,5014,12,339,12,339
357516,Playing,2075648,5883,0,0,0,0,1,5017,0,339,0,339
357767,Playing,2049024,5807,0,0,0,0,1,5019,0,339,0,339
358018,Playing,2041856,5787,0,0,0,0,1,5022,93,339,94,339
358266,Playing,2062336,5845,0,0,0,0,1,5026,91,339,91,339
358516,Playing,2035712,5770,0,0,0,0,1,5028,0,339,1,339
358763,Playing,2056192,5828,0,0,0,0,1,5032,0,339,0,339
359016,Playing,2049024,5807,0,0,0,0,1,5035,95,339,95,339
359266,Playing,2041856,5787,0,0,0,0,1,5041,0,339,0,339
359516,Playing,2042880,5790,0,0,0,0,1,5044,0,339,0,339
359766,Playing,2008064,5691,0,0,0,0,1,5046,0,339,0,339
360020,Playing,2028544,5749,0,0,0,0,1,5050,0,339,0,339
360270,Playing,2049024,5807,0,0,0,0,1,5054,0,339,0,339
360518,Playing,2022400,5732,0,0,0,0,1,5056,0,339,0,339
360766,Playing,2015232,5712,0,0,0,0,1,5059,0,339,0,339
361016,Playing,2008064,5691,0,0,0,0,1,5062,93,339,93,339
361264,Playing,2064384,5851,0,0,0,0,1,5067,0,339,0,339
361513,Playing,2057216,5831,0,0,0,0,1,5070,0,339,0,339
361762,Playing,2022400,5732,0,0,0,0,1,5072,0,339,0,339
362011,Playing,2023424,5735,0,0,0,0,1,5078,0,339,15,339
362263,Playing,2016256,5715,0,0,0,0,1,5081,0,339,0,339
362516,Playing,2009088,5694,0,0,0,0,1,5084,95,339,95,339
362766,Playing,1974272,5596,0,0,0,0,1,5086,0,339,0,339
363017,Playing,2002944,5677,0,0,0,0,1,5090,94,339,94,339
363263,Playing,1995776,5656,0,0,0,0,1,5093,96,339,96,339
363512,Playing,2043904,5793,0,0,0,0,1,5098,0,339,0,339
363763,Playing,1989632,5639,0,0,0,0,1,5099,95,339,95,339
364013,Playing,2010112,5697,0,0,0,0,1,5103,0,339,0,339
364261,Playing,2002944,5677,0,0,0,0,1,5106,95,339,95,339
364511,Playing,2031616,5758,0,0,0,0,1,5110,0,339,0,339
364759,Playing,1969152,5581,0,0,0,0,1,5111,98,339,98,339
365008,Playing,1961984,5561,0,0,0,0,1,5117,95,339,96,339
365263,Playing,1954816,5540,0,0,0,0,1,5120,0,339,0,339
365512,Playing,2011136,5700,0,0,0,0,1,5125,0,339,0,339
365757,Playing,2003968,5680,0,0,0,0,1,5128,0,339,0,339
366017,Playing,1969152,5581,0,0,0,0,1,5130,0,339,0,339
366257,Playing,1970176,5584,0,0,0,0,1,5133,0,339,0,339
366510,Playing,1990656,5642,0,0,0,0,1,5137,0,339,0,339
366759,Playing,1983488,5622,0,0,0,0,1,5140,174,339,174,339
367006,Playing,1976320,5601,0,0,0,0,1,5143,0,339,0,339
367254,Playing,1977344,5604,0,0,0,0,1,5146,0,339,0,339
367508,Playing,1997824,5662,0,0,0,0,1,5150,0,339,0,339
367756,Playing,1990656,5642,0,0,0,0,1,5156,11,339,11,339
368001,Playing,1991680,5645,0,0,0,0,1,5159,0,339,0,339
368250,Playing,1956864,5546,0,0,0,0,1,5161,0,339,0,339
368509,Playing,1977344,5604,0,0,0,0,1,5165,0,339,0,339
368751,Playing,1950720,5529,0,0,0,0,1,5167,95,339,95,339
369002,Playing,1943552,5508,0,0,0,0,1,5170,0,339,0,339
369255,Playing,1936384,5488,0,0,0,0,1,5173,95,339,96,339
369503,Playing,1929216,5468,0,0,0,0,1,5176,95,339,95,339
369753,Playing,1957888,5549,0,0,0,0,1,5180,94,339,94,339
370000,Playing,2006016,5685,0,0,0,0,1,5185,13,339,13,339
370254,Playing,1971200,5587,0,0,0,0,1,5187,93,339,93,339
370503,Playing,1964032,5566,0,0,0,0,1,5193,95,339,95,339
370751,Playing,1937408,5491,0,0,0,0,1,5195,173,339,173,339
371001,Playing,1957888,5549,0,0,0,0,1,5199,0,339,0,339
371251,Playing,1978368,5607,0,0,0,0,1,5203,0,339,0,339
371503,Playing,1915904,5430,0,0,0,0,1,5204,177,339,177,339
371752,Playing,1944576,5511,0,0,0,0,1,5208,0,339,0,339
372003,Playing,1965056,5569,0,0,0,0,1,5212,0,339,0,339
372251,Playing,1957888,5549,0,0,0,0,1,5215,0,339,0,339
372503,Playing,1986560,5630,0,0,0,0,1,5219,0,339,0,339
372751,Playing,1951744,5532,0,0,0,0,1,5221,0,339,0,339
373001,Playing,1944576,5511,0,0,0,0,1,5224,0,339,0,339
373254,Playing,1918976,5439,0,0,0,0,1,5229,0,339,13,339
373506,Playing,1956864,5546,0,0,0,0,1,5234,2,339,2,339
373758,Playing,1894400,5369,0,0,0,0,1,5235,174,339,174,339
374010,Playing,1914880,5427,0,0,0,0,1,5239,0,339,0,339
374262,Playing,1935360,5485,0,0,0,0,1,5243,0,339,0,339
374512,Playing,1928192,5465,0,0,0,0,1,5246,0,339,0,339
374761,Playing,1901568,5389,0,0,0,0,1,5248,0,339,0,339
375011,Playing,1894400,5369,0,0,0,0,1,5251,0,339,0,339
375259,Playing,1914880,5427,0,0,0,0,1,5255,175,339,175,339
375507,Playing,1943552,5508,0,0,0,0,1,5259,0,339,0,339
375757,Playing,1881088,5331,0,0,0,0,1,5260,93,339,93,339
376011,Playing,1901568,5389,0,0,0,0,1,5264,174,339,174,339
376262,Playing,1885184,5343,0,0,0,0,1,5270,0,339,0,339
376514,Playing,1886208,5346,0,0,0,0,1,5273,0,339,0,339
376766,Playing,1851392,5247,0,0,0,0,1,5275,0,339,0,339
377016,Playing,1871872,5305,0,0,0,0,1,5279,0,339,0,339
377267,Playing,1864704,5285,0,0,0,0,1,5282,177,339,177,339
377520,Playing,1885184,5343,0,0,0,0,1,5286,0,339,0,339
377767,Playing,1858560,5268,0,0,0,0,1,5288,11,339,11,339
378014,Playing,1851392,5247,0,0,0,0,1,5291,96,339,96,339
378264,Playing,1871872,5305,0,0,0,0,1,5295,0,339,0,339
378521,Playing,1892352,5363,0,0,0,0,1,5299,0,339,0,339
378768,Playing,1865728,5288,0,0,0,0,1,5301,0,339,0,339
379019,Playing,1821696,5163,0,0,0,0,1,5306,0,339,0,339
379264,Playing,1842176,5221,0,0,0,0,1,5310,0,339,0,339
379532,Playing,1835008,5201,0,0,0,0,1,5313,0,339,0,339
379784,Playing,1855488,5259,0,0,0,0,1,5317,13,339,14,339
380034,Playing,1848320,5239,0,0,0,0,1,5320,16,339,16,339
380300,Playing,1868800,5297,0,0,0,0,1,5324,15,339,15,339
380502,Playing,1850368,5244,0,0,0,0,1,5326,0,339,0,339
380770,Playing,1870848,5302,0,0,0,0,1,5330,0,339,0,339
381019,Playing,1863680,5282,0,0,0,0,1,5333,0,339,0,339
381272,Playing,1884160,5340,0,0,0,0,1,5337,0,339,0,339
381524,Playing,1821696,5163,0,0,0,0,1,5338,172,339,172,339
381769,Playing,1822720,5166,0,0,0,0,1,5344,0,339,0,339
382020,Playing,1815552,5146,0,0,0,0,1,5347,176,339,176,339
382266,Playing,1780736,5047,0,0,0,0,1,5349,0,339,0,339
382516,Playing,1809408,5128,0,0,0,0,1,5353,183,339,183,339
382765,Playing,1829888,5186,0,0,0,0,1,5357,0,339,0,339
383016,Playing,1822720,5166,0,0,0,0,1,5360,0,339,0,339
383266,Playing,1851392,5247,0,0,0,0,1,5364,93,339,93,339
383518,Playing,1816576,5149,0,0,0,0,1,5366,0,339,0,339
383770,Playing,1809408,5128,0,0,0,0,1,5369,0,339,0,339
384022,Playing,1829888,5186,0,0,0,0,1,5373,95,339,95,339
384271,Playing,1850368,5244,0,0,0,0,1,5377,0,339,0,339
384521,Playing,1796096,5090,0,0,0,0,1,5381,0,339,14,339
384769,Playing,1788928,5070,0,0,0,0,1,5384,0,339,0,339
385020,Playing,1809408,5128,0,0,0,0,1,5388,0,339,0,339
385268,Playing,1810432,5131,0,0,0,0,1,5391,2,339,2,339
385522,Playing,1803264,5111,0,0,0,0,1,5394,0,339,0,339
385768,Playing,1796096,5090,0,0,0,0,1,5397,0,339,0,339
386021,Playing,1788928,5070,0,0,0,0,1,5400,96,339,97,339
386291,Playing,1754112,4971,0,0,0,0,1,5402,0,339,0,339
386557,Playing,1766400,5006,0,0,0,0,1,5406,97,339,97,339
386805,Playing,1795072,5088,0,0,0,0,1,5410,0,339,0,339
387055,Playing,1815552,5146,0,0,0,0,1,5414,0,339,0,339
387305,Playing,1780736,5047,0,0,0,0,1,5419,0,339,15,339
387553,Playing,1781760,5050,0,0,0,0,1,5422,96,339,96,339
387798,Playing,1746944,4951,0,0,0,0,1,5424,1,339,1,339
388050,Playing,1767424,5009,0,0,0,0,1,5428,0,339,0,339
388301,Playing,1796096,5090,0,0,0,0,1,5432,0,339,0,339
388509,Playing,1805312,5117,0,0,0,0,1,5435,0,339,0,339
388772,Playing,1734656,4916,0,0,0,0,1,5436,13,339,13,339
389018,Playing,1790976,5076,0,0,0,0,1,5441,0,339,0,339
389268,Playing,1783808,5056,0,0,0,0,1,5444,94,339,94,339
389525,Playing,1748992,4957,0,0,0,0,1,5446,0,339,0,339
389773,Playing,1741824,4937,0,0,0,0,1,5449,97,339,97,339
390021,Playing,1770496,5018,0,0,0,0,1,5453,93,339,93,339
390270,Playing,1763328,4998,0,0,0,0,1,5459,0,339,0,339
390520,Playing,1783808,5056,0,0,0,0,1,5463,0,339,0,339
390770,Playing,1748992,4957,0,0,0,0,1,5465,94,339,94,339
391020,Playing,1750016,4960,0,0,0,0,1,5468,0,339,0,339
391257,Playing,1778688,5041,0,0,0,0,1,5472,0,339,0,339
391534,Playing,1763328,4998,0,0,0,0,1,5475,85,339,85,339
391786,Playing,1756160,4977,0,0,0,0,1,5478,94,339,94,339
392033,Playing,1748992,4957,0,0,0,0,1,5481,0,339,0,339
392287,Playing,1741824,4937,0,0,0,0,1,5484,90,339,90,339
392536,Playing,1770496,5018,0,0,0,0,1,5488,0,339,0,339
392785,Playing,1781760,5050,0,0,0,0,1,5494,1,339,17,339
393043,Playing,1700864,4821,0,0,0,0,1,5495,173,339,173,339
393299,Playing,1721344,4879,0,0,0,0,1,5499,0,339,0,339
393550,Playing,1741824,4937,0,0,0,0,1,5503,0,339,0,339
393800,Playing,1734656,4916,0,0,0,0,1,5506,0,339,0,339
394053,Playing,1735680,4919,0,0,0,0,1,5509,94,339,94,339
394299,Playing,1728512,4899,0,0,0,0,1,5512,1,339,1,339
394547,Playing,1721344,4879,0,0,0,0,1,5515,0,339,0,339
394799,Playing,1777664,5038,0,0,0,0,1,5520,14,339,14,339
395049,Playing,1715200,4861,0,0,0,0,1,5521,178,339,178,339
395299,Playing,1735680,4919,0,0,0,0,1,5525,0,339,0,339
395555,Playing,1728512,4899,0,0,0,0,1,5528,0,339,0,339
395801,Playing,1693696,4800,0,0,0,0,1,5533,92,339,92,339
396054,Playing,1722368,4881,0,0,0,0,1,5537,87,339,87,339
396310,Playing,1715200,4861,0,0,0,0,1,5540,95,339,96,339
396562,Playing,1708032,4841,0,0,0,0,1,5543,0,339,0,339
396806,Playing,1700864,4821,0,0,0,0,1,5546,168,339,168,339
397061,Playing,1721344,4879,0,0,0,0,1,5550,0,339,0,339
397255,Playing,1683456,4771,0,0,0,0,1,5551,95,339,95,339
397501,Playing,1656832,4696,0,0,0,0,1,5553,0,339,0,339
397754,Playing,1677312,4754,0,0,0,0,1,5557,96,339,96,339
398003,Playing,1670144,4733,0,0,0,0,1,5560,95,339,95,339
398253,Playing,1718272,4870,0,0,0,0,1,5565,0,339,0,339
398505,Playing,1700864,4821,0,0,0,0,1,5568,1,339,1,339
398754,Playing,1647616,4670,0,0,0,0,1,5572,0,339,0,339
399005,Playing,1640448,4649,0,0,0,0,1,5575,91,339,91,339
399254,Playing,1660928,4707,0,0,0,0,1,5579,0,339,0,339
399503,Playing,1661952,4710,0,0,0,0,1,5582,94,339,94,339
399752,Playing,1627136,4612,0,0,0,0,1,5584,0,339,0,339
400002,Playing,1647616,4670,0,0,0,0,1,5588,91,339,92,339
400255,Playing,1668096,4728,0,0,0,0,1,5592,13,339,13,339
400501,Playing,1669120,4731,0,0,0,0,1,5595,94,339,94,339
400753,Playing,1634304,4632,0,0,0,0,1,5597,0,339,0,339
401003,Playing,1654784,4690,0,0,0,0,1,5601,0,339,0,339
401254,Playing,1655808,4693,0,0,0,0,1,5604,98,339,98,339
401504,Playing,1639424,4646,0,0,0,0,1,5610,103,339,103,339
401813,Playing,1643520,4658,0,0,0,0,1,5614,0,339,0,339
402061,Playing,1636352,4638,0,0,0,0,1,5617,176,339,176,339
402311,Playing,1601536,4539,0,0,0,0,1,5619,0,339,0,339
402501,Playing,1646592,4667,0,0,0,0,1,5623,0,339,0,339
402754,Playing,1584128,4490,0,0,0,0,1,5624,174,339,174,339
403061,Playing,1615872,4580,0,0,0,0,1,5629,0,339,0,339
403251,Playing,1605632,4551,0,0,0,0,1,5631,0,339,0,339
403559,Playing,1637376,4641,0,0,0,0,1,5636,0,339,0,339
403811,Playing,1657856,4699,0,0,0,0,1,5640,0,339,0,339
404059,Playing,1623040,4600,0,0,0,0,1,5642,176,339,176,339
404310,Playing,1569792,4449,0,0,0,0,1,5646,0,339,15,339
404561,Playing,1607680,4556,0,0,0,0,1,5651,12,339,12,339
404811,Playing,1600512,4536,0,0,0,0,1,5654,3,339,3,339
405000,Playing,1590272,4507,0,0,0,0,1,5656,0,339,0,339
405308,Playing,1622016,4597,0,0,0,0,1,5661,0,339,0,339
405500,Playing,1603584,4545,0,0,0,0,1,5663,0,339,0,339
405812,Playing,1580032,4478,0,0,0,0,1,5666,0,339,0,339
406059,Playing,1600512,4536,0,0,0,0,1,5670,0,339,0,339
406312,Playing,1601536,4539,0,0,0,0,1,5673,179,339,179,339
406564,Playing,1622016,4597,0,0,0,0,1,5677,171,339,171,339
406812,Playing,1587200,4498,0,0,0,0,1,5679,0,339,0,339
407063,Playing,1552384,4400,0,0,0,0,1,5684,0,339,17,339
407251,Playing,1569792,4449,0,0,0,0,1,5687,0,339,0,339
407561,Playing,1546240,4382,0,0,0,0,1,5690,0,339,0,339
407809,Playing,1539072,4362,0,0,0,0,1,5693,90,339,90,339
408058,Playing,1595392,4522,0,0,0,0,1,5698,0,339,0,339
408308,Playing,1588224,4501,0,0,0,0,1,5701,0,339,0,339
408558,Playing,1581056,4481,0,0,0,0,1,5704,95,339,96,339
408807,Playing,1546240,4382,0,0,0,0,1,5706,0,339,0,339
409057,Playing,1574912,4464,0,0,0,0,1,5710,0,339,0,339
409307,Playing,1595392,4522,0,0,0,0,1,5714,0,339,0,339
409559,Playing,1588224,4501,0,0,0,0,1,5717,0,339,0,339
409809,Playing,1553408,4403,0,0,0,0,1,5720,94,339,94,339
410061,Playing,1526784,4327,0,0,0,0,1,5724,94,339,94,339
410309,Playing,1547264,4385,0,0,0,0,1,5728,0,339,0,339
410562,Playing,1567744,4443,0,0,0,0,1,5732,0,339,0,339
410811,Playing,1560576,4423,0,0,0,0,1,5735,2,339,2,339
411000,Playing,1550336,4394,0,0,0,0,1,5737,0,339,0,339
411309,Playing,1526784,4327,0,0,0,0,1,5740,176,339,177,339
411559,Playing,1547264,4385,0,0,0,0,1,5744,173,339,174,339
411812,Playing,1595392,4522,0,0,0,0,1,5749,0,339,0,339
412061,Playing,1541120,4368,0,0,0,0,1,5750,96,339,96,339
412310,Playing,1533952,4347,0,0,0,0,1,5753,178,339,178,339
412560,Playing,1554432,4405,0,0,0,0,1,5757,0,339,0,339
412808,Playing,1500160,4252,0,0,0,0,1,5761,0,339,0,339
413059,Playing,1520640,4310,0,0,0,0,1,5765,0,339,0,339
413309,Playing,1513472,4289,0,0,0,0,1,5768,0,339,0,339
413559,Playing,1506304,4269,0,0,0,0,1,5771,96,339,96,339
413806,Playing,1534976,4350,0,0,0,0,1,5775,173,339,173,339
414007,Playing,1516544,4298,0,0,0,0,1,5777,6,339,7,339
414258,Playing,1537024,4356,0,0,0,0,1,5781,0,339,0,339
414511,Playing,1482752,4202,0,0,0,0,1,5782,173,339,173,339
414761,Playing,1503232,4260,0,0,0,0,1,5786,0,339,0,339
415009,Playing,1523712,4318,0,0,0,0,1,5790,0,339,0,339
415258,Playing,1552384,4400,0,0,0,0,1,5794,14,339,14,339
415508,Playing,1480704,4197,0,0,0,0,1,5795,338,339,338,339
415763,Playing,1482752,4202,0,0,0,0,1,5801,0,339,0,339
416009,Playing,1475584,4182,0,0,0,0,1,5804,0,339,0,339
416259,Playing,1504256,4263,0,0,0,0,1,5808,90,339,90,339
416514,Playing,1524736,4321,0,0,0,0,1,5812,0,339,0,339
416773,Playing,1509376,4278,0,0,0,0,1,5815,4,339,4,339
417024,Playing,1538048,4359,0,0,0,0,1,5819,15,339,15,339
417273,Playing,1503232,4260,0,0,0,0,1,5821,0,339,0,339
417523,Playing,1496064,4240,0,0,0,0,1,5824,0,339,0,339
417773,Playing,1497088,4243,0,0,0,0,1,5827,97,339,97,339
418025,Playing,1545216,4379,0,0,0,0,1,5832,0,339,0,339
418276,Playing,1510400,4281,0,0,0,0,1,5837,0,339,0,339
418529,Playing,1475584,4182,0,0,0,0,1,5839,0,339,0,339
418779,Playing,1496064,4240,0,0,0,0,1,5843,0,339,0,339
419033,Playing,1497088,4243,0,0,0,0,1,5846,0,339,0,339
419283,Playing,1462272,4144,0,0,0,0,1,5848,0,339,0,339
419531,Playing,1455104,4124,0,0,0,0,1,5851,95,339,95,339
419780,Playing,1475584,4182,0,0,0,0,1,5855,0,339,0,339
420032,Playing,1476608,4185,0,0,0,0,1,5858,94,339,94,339
420281,Playing,1469440,4165,0,0,0,0,1,5861,0,339,0,339
420528,Playing,1470464,4167,0,0,0,0,1,5864,94,339,94,339
420779,Playing,1490944,4226,0,0,0,0,1,5868,0,339,0,339
421028,Playing,1483776,4205,0,0,0,0,1,5874,0,339,0,339
421275,Playing,1476608,4185,0,0,0,0,1,5877,0,339,0,339
421524,Playing,1422336,4031,0,0,0,0,1,5878,178,339,178,339
421776,Playing,1470464,4167,0,0,0,0,1,5883,0,339,0,339
422023,Playing,1435648,4069,0,0,0,0,1,5885,96,339,96,339
422273,Playing,1436672,4072,0,0,0,0,1,5888,0,339,0,339
422522,Playing,1429504,4051,0,0,0,0,1,5891,90,339,91,339
422779,Playing,1449984,4109,0,0,0,0,1,5895,0,339,0,339
423040,Playing,1470464,4167,0,0,0,0,1,5899,0,339,0,339
423291,Playing,1408000,3990,0,0,0,0,1,5900,91,339,91,339
423545,Playing,1428480,4048,0,0,0,0,1,5904,94,339,94,339
423795,Playing,1448960,4107,0,0,0,0,1,5908,0,339,0,339
424043,Playing,1413120,4005,0,0,0,0,1,5913,0,339,0,339
424293,Playing,1433600,4063,0,0,0,0,1,5917,100,339,100,339
424545,Playing,1398784,3964,0,0,0,0,1,5919,0,339,0,339
424795,Playing,1391616,3944,0,0,0,0,1,5922,0,339,0,339
425046,Playing,1420288,4025,0,0,0,0,1,5926,94,339,95,339
425293,Playing,1357824,3848,0,0,0,0,1,5927,174,339,174,339
425543,Playing,1378304,3906,0,0,0,0,1,5931,93,339,93,339
425790,Playing,1406976,3988,0,0,0,0,1,5935,0,339,0,339
426040,Playing,1427456,4046,0,0,0,0,1,5939,12,339,12,339
426290,Playing,1420288,4025,0,0,0,0,1,5942,14,339,14,339
426540,Playing,1448960,4107,0,0,0,0,1,5946,97,339,97,339
426788,Playing,1368064,3877,0,0,0,0,1,5949,0,339,15,339
427038,Playing,1397760,3961,0,0,0,0,1,5954,0,339,0,339
427289,Playing,1390592,3941,0,0,0,0,1,5957,0,339,0,339
427543,Playing,1411072,3999,0,0,0,0,1,5961,0,339,0,339
427792,Playing,1356800,3845,0,0,0,0,1,5962,94,339,94,339
428042,Playing,1404928,3982,0,0,0,0,1,5967,0,339,0,339
428292,Playing,1370112,3883,0,0,0,0,1,5969,0,339,0,339
428542,Playing,1426432,4043,0,0,0,0,1,5974,1,339,2,339
428791,Playing,1419264,4022,0,0,0,0,1,5977,0,339,0,339
429041,Playing,1412096,4002,0,0,0,0,1,5980,0,339,0,339
429290,Playing,1377280,3903,0,0,0,0,1,5982,0,339,0,339
429539,Playing,1369088,3880,0,0,0,0,1,5988,0,339,0,339
429787,Playing,1361920,3860,0,0,0,0,1,5991,94,339,94,339
430041,Playing,1354752,3840,0,0,0,0,1,5994,0,339,0,339
430288,Playing,1328128,3764,0,0,0,0,1,5996,168,339,168,339
430540,Playing,1348608,3822,0,0,0,0,1,6000,174,339,174,339
430787,Playing,1369088,3880,0,0,0,0,1,6004,0,339,0,339
431040,Playing,1334272,3781,0,0,0,0,1,6006,12,339,12,339
431292,Playing,1327104,3761,0,0,0,0,1,6009,174,339,174,339
431542,Playing,1383424,3921,0,0,0,0,1,6014,0,339,0,339
431794,Playing,1376256,3900,0,0,0,0,1,6017,0,339,0,339
432046,Playing,1369088,3880,0,0,0,0,1,6020,174,339,175,339
432294,Playing,1334272,3781,0,0,0,0,1,6022,0,339,0,339
432545,Playing,1335296,3784,0,0,0,0,1,6028,0,339,0,339
432792,Playing,1328128,3764,0,0,0,0,1,6031,175,339,176,339
433042,Playing,1293312,3665,0,0,0,0,1,6033,0,339,0,339
433295,Playing,1313792,3723,0,0,0,0,1,6037,0,339,0,339
433546,Playing,1314816,3726,0,0,0,0,1,6040,177,339,177,339
433795,Playing,1335296,3784,0,0,0,0,1,6044,0,339,0,339
434042,Playing,1355776,3842,0,0,0,0,1,6048,0,339,0,339
434294,Playing,1329152,3767,0,0,0,0,1,6050,15,339,15,339
434545,Playing,1321984,3747,0,0,0,0,1,6053,0,339,0,339
434793,Playing,1314816,3726,0,0,0,0,1,6056,92,339,92,339
435042,Playing,1335296,3784,0,0,0,0,1,6060,171,339,171,339
435295,Playing,1281024,3631,0,0,0,0,1,6064,0,339,0,339
435551,Playing,1301504,3689,0,0,0,0,1,6068,0,339,0,339
435791,Playing,1294336,3668,0,0,0,0,1,6071,96,339,96,339
436040,Playing,1323008,3750,0,0,0,0,1,6075,0,339,0,339
436291,Playing,1260544,3572,0,0,0,0,1,6076,173,339,173,339
436544,Playing,1281024,3631,0,0,0,0,1,6080,0,339,0,339
436796,Playing,1301504,3689,0,0,0,0,1,6084,0,339,0,339
437046,Playing,1294336,3668,0,0,0,0,1,6087,0,339,0,339
437298,Playing,1295360,3671,0,0,0,0,1,6090,0,339,0,339
437572,Playing,1280000,3628,0,0,0,0,1,6093,0,339,0,339
437771,Playing,1289216,3654,0,0,0,0,1,6096,58,339,58,339
438020,Playing,1262592,3578,0,0,0,0,1,6098,0,339,0,339
438269,Playing,1310720,3715,0,0,0,0,1,6106,0,339,0,339
438518,Playing,1275904,3616,0,0,0,0,1,6108,0,339,0,339
438770,Playing,1296384,3674,0,0,0,0,1,6112,0,339,0,339
439019,Playing,1297408,3677,0,0,0,0,1,6115,0,339,0,339
439267,Playing,1234944,3500,0,0,0,0,1,6116,95,339,95,339
439516,Playing,1255424,3558,0,0,0,0,1,6120,0,339,0,339
439769,Playing,1284096,3639,0,0,0,0,1,6124,0,339,0,339
440017,Playing,1276928,3619,0,0,0,0,1,6127,167,339,167,339
440267,Playing,1242112,3520,0,0,0,0,1,6129,1,339,1,339
440516,Playing,1262592,3578,0,0,0,0,1,6133,93,339,93,339
440767,Playing,1263616,3581,0,0,0,0,1,6139,0,339,0,339
441019,Playing,1256448,3561,0,0,0,0,1,6142,0,339,0,339
441269,Playing,1221632,3462,0,0,0,0,1,6144,0,339,0,339
441519,Playing,1214464,3442,0,0,0,0,1,6147,92,339,92,339
441769,Playing,1243136,3523,0,0,0,0,1,6151,92,339,92,339
442020,Playing,1235968,3503,0,0,0,0,1,6154,88,339,88,339
442269,Playing,1284096,3639,0,0,0,0,1,6159,0,339,0,339
442520,Playing,1221632,3462,0,0,0,0,1,6160,91,339,91,339
442770,Playing,1250304,3543,0,0,0,0,1,6164,0,339,0,339
443020,Playing,1243136,3523,0,0,0,0,1,6167,13,339,13,339
443271,Playing,1263616,3581,0,0,0,0,1,6171,14,339,14,339
443521,Playing,1247232,3535,0,0,0,0,1,6176,0,339,17,339
443771,Playing,1285120,3642,0,0,0,0,1,6181,14,339,14,339
444024,Playing,1222656,3465,0,0,0,0,1,6182,174,339,175,339
444269,Playing,1243136,3523,0,0,0,0,1,6186,0,339,0,339
444519,Playing,1244160,3526,0,0,0,0,1,6189,0,339,0,339
444770,Playing,1209344,3427,0,0,0,0,1,6191,0,339,0,339
445024,Playing,1229824,3485,0,0,0,0,1,6195,0,339,0,339
445267,Playing,1258496,3567,0,0,0,0,1,6199,0,339,0,339
445520,Playing,1223680,3468,0,0,0,0,1,6201,95,339,95,339
445770,Playing,1271808,3604,0,0,0,0,1,6206,0,339,0,339
446019,Playing,1209344,3427,0,0,0,0,1,6207,175,339,175,339
446269,Playing,1238016,3509,0,0,0,0,1,6211,0,339,0,339
446516,Playing,1203200,3410,0,0,0,0,1,6216,92,339,92,339
446765,Playing,1196032,3390,0,0,0,0,1,6219,0,339,0,339
447019,Playing,1188864,3369,0,0,0,0,1,6222,171,339,171,339
447266,Playing,1217536,3451,0,0,0,0,1,6226,0,339,0,339
447519,Playing,1210368,3430,0,0,0,0,1,6229,175,339,175,339
447768,Playing,1175552,3332,0,0,0,0,1,6231,15,339,15,339
448017,Playing,1196032,3390,0,0,0,0,1,6235,0,339,0,339
448266,Playing,1197056,3393,0,0,0,0,1,6238,0,339,0,339
448519,Playing,1217536,3451,0,0,0,0,1,6242,177,339,177,339
448770,Playing,1238016,3509,0,0,0,0,1,6246,0,339,0,339
449019,Playing,1175552,3332,0,0,0,0,1,6247,175,339,175,339
449269,Playing,1195008,3387,0,0,0,0,1,6254,0,339,0,339
449517,Playing,1187840,3366,0,0,0,0,1,6257,1,339,1,339
449769,Playing,1180672,3346,0,0,0,0,1,6260,0,339,0,339
450019,Playing,1173504,3326,0,0,0,0,1,6263,0,339,0,339
450270,Playing,1146880,3250,0,0,0,0,1,6265,96,339,96,339
450525,Playing,1167360,3308,0,0,0,0,1,6269,0,339,0,339
450778,Playing,1187840,3366,0,0,0,0,1,6273,1,339,1,339
451028,Playing,1208320,3424,0,0,0,0,1,6277,0,339,0,339
451279,Playing,1145856,3247,0,0,0,0,1,6278,176,339,176,339
451528,Playing,1174528,3329,0,0,0,0,1,6282,0,339,0,339
451779,Playing,1167360,3308,0,0,0,0,1,6285,0,339,0,339
452031,Playing,1178624,3340,0,0,0,0,1,6292,0,339,0,339
452277,Playing,1124352,3186,0,0,0,0,1,6293,92,339,92,339
452529,Playing,1117184,3166,0,0,0,0,1,6296,175,339,175,339
452782,Playing,1137664,3224,0,0,0,0,1,6300,177,339,177,339
453029,Playing,1158144,3282,0,0,0,0,1,6304,0,339,0,339
453281,Playing,1103872,3128,0,0,0,0,1,6305,94,339,95,339
453532,Playing,1152000,3265,0,0,0,0,1,6310,0,339,0,339
453783,Playing,1144832,3244,0,0,0,0,1,6313,0,339,0,339
454037,Playing,1137664,3224,0,0,0,0,1,6316,175,339,175,339
454287,Playing,1102848,3125,0,0,0,0,1,6318,16,339,16,339
454538,Playing,1123328,3184,0,0,0,0,1,6322,0,339,0,339
454788,Playing,1124352,3186,0,0,0,0,1,6325,174,339,174,339
455040,Playing,1135616,3218,0,0,0,0,1,6332,1,339,1,339
455287,Playing,1073152,3041,0,0,0,0,1,6333,95,339,95,339
455540,Playing,1074176,3044,0,0,0,0,1,6336,96,339,96,339
455788,Playing,1094656,3102,0,0,0,0,1,6340,3,339,3,339
456038,Playing,1115136,3160,0,0,0,0,1,6344,0,339,0,339
456288,Playing,1080320,3062,0,0,0,0,1,6346,0,339,0,339
456536,Playing,1081344,3065,0,0,0,0,1,6349,0,339,0,339
456788,Playing,1074176,3044,0,0,0,0,1,6352,91,339,91,339
457036,Playing,1122304,3181,0,0,0,0,1,6357,0,339,0,339
457283,Playing,1123328,3184,0,0,0,0,1,6360,1,339,1,339
457533,Playing,1088512,3085,0,0,0,0,1,6362,11,339,11,339
457783,Playing,1053696,2986,0,0,0,0,1,6367,96,339,96,339
458031,Playing,1082368,3067,0,0,0,0,1,6371,0,339,0,339
458281,Playing,1102848,3125,0,0,0,0,1,6375,13,339,13,339
458531,Playing,1095680,3105,0,0,0,0,1,6378,93,339,93,339
458781,Playing,1060864,3006,0,0,0,0,1,6380,1,339,1,339
459032,Playing,1061888,3009,0,0,0,0,1,6383,99,339,99,339
459281,Playing,1082368,3067,0,0,0,0,1,6387,98,339,98,339
459528,Playing,1102848,3125,0,0,0,0,1,6391,0,339,0,339
459779,Playing,1103872,3128,0,0,0,0,1,6394,93,339,93,339
460027,Playing,1069056,3030,0,0,0,0,1,6396,0,339,0,339
460277,Playing,1089536,3088,0,0,0,0,1,6400,0,339,0,339
460527,Playing,1062912,3012,0,0,0,0,1,6405,0,339,0,339
460778,Playing,1083392,3070,0,0,0,0,1,6409,95,339,95,339
461027,Playing,1076224,3050,0,0,0,0,1,6412,91,339,91,339
461278,Playing,1069056,3030,0,0,0,0,1,6415,0,339,0,339
461527,Playing,1097728,3111,0,0,0,0,1,6419,0,339,0,339
461777,Playing,1090560,3091,0,0,0,0,1,6422,0,339,0,339
462027,Playing,1028096,2914,0,0,0,0,1,6423,176,339,176,339
462278,Playing,1084416,3073,0,0,0,0,1,6428,0,339,0,339
462525,Playing,1077248,3053,0,0,0,0,1,6431,0,339,0,339
462778,Playing,1097728,3111,0,0,0,0,1,6435,0,339,0,339
463025,Playing,1043456,2957,0,0,0,0,1,6436,178,339,178,339
463274,Playing,1036288,2937,0,0,0,0,1,6442,0,339,16,339
463525,Playing,1056768,2995,0,0,0,0,1,6446,0,339,0,339
463770,Playing,1085440,3076,0,0,0,0,1,6450,0,339,0,339
464021,Playing,1022976,2899,0,0,0,0,1,6451,174,339,174,339
464271,Playing,1043456,2957,0,0,0,0,1,6455,0,339,0,339
464520,Playing,1036288,2937,0,0,0,0,1,6458,92,339,92,339
464773,Playing,1009664,2861,0,0,0,0,1,6460,0,339,0,339
465024,Playing,1030144,2919,0,0,0,0,1,6464,0,339,0,339
465275,Playing,1022976,2899,0,0,0,0,1,6467,92,339,92,339
465523,Playing,1043456,2957,0,0,0,0,1,6471,95,339,95,339
465775,Playing,1016832,2882,0,0,0,0,1,6473,0,339,0,339
466027,Playing,1028096,2914,0,0,0,0,1,6479,0,339,15,339
466278,Playing,1002496,2841,0,0,0,0,1,6482,0,339,0,339
466531,Playing,1022976,2899,0,0,0,0,1,6486,0,339,0,339
466783,Playing,1015808,2879,0,0,0,0,1,6489,93,339,93,339
467036,Playing,1008640,2858,0,0,0,0,1,6492,1,339,1,339
467286,Playing,1009664,2861,0,0,0,0,1,6495,0,339,0,339
467535,Playing,1002496,2841,0,0,0,0,1,6498,174,339,174,339
467785,Playing,967680,2742,0,0,0,0,1,6500,2,339,2,339
468039,Playing,988160,2800,0,0,0,0,1,6504,93,339,93,339
468290,Playing,1008640,2858,0,0,0,0,1,6508,0,339,0,339
468543,Playing,1009664,2861,0,0,0,0,1,6511,14,339,15,339
468794,Playing,1020928,2893,0,0,0,0,1,6517,0,339,16,339
469045,Playing,995328,2821,0,0,0,0,1,6520,96,339,97,339
469295,Playing,960512,2722,0,0,0,0,1,6522,0,339,0,339
469545,Playing,980992,2780,0,0,0,0,1,6526,0,339,0,339
469794,Playing,982016,2783,0,0,0,0,1,6529,94,339,94,339
470045,Playing,1002496,2841,0,0,0,0,1,6533,0,339,0,339
470295,Playing,967680,2742,0,0,0,0,1,6535,0,339,0,339
470545,Playing,996352,2824,0,0,0,0,1,6539,0,339,0,339
470798,Playing,989184,2803,0,0,0,0,1,6542,0,339,0,339
471047,Playing,1009664,2861,0,0,0,0,1,6546,15,339,15,339
471298,Playing,1002496,2841,0,0,0,0,1,6549,94,339,95,339
471546,Playing,975872,2766,0,0,0,0,1,6551,0,339,0,339
471795,Playing,968704,2745,0,0,0,0,1,6557,0,339,0,339
472048,Playing,989184,2803,0,0,0,0,1,6561,0,339,1,339
472295,Playing,899072,2548,0,0,0,0,1,6561,0,339,1,339
472546,Playing,955392,2708,0,0,0,0,1,6566,0,339,0,339
472795,Playing,975872,2766,0,0,0,0,1,6570,6,339,6,339
473049,Playing,968704,2745,0,0,0,0,1,6573,1,339,1,339
473302,Playing,906240,2568,0,0,0,0,1,6574,174,339,174,339
473554,Playing,954368,2705,0,0,0,0,1,6579,0,339,0,339
473805,Playing,955392,2708,0,0,0,0,1,6582,115,339,116,339
474056,Playing,975872,2766,0,0,0,0,1,6586,0,339,0,339
474306,Playing,996352,2824,0,0,0,0,1,6590,13,339,13,339
474557,Playing,952320,2699,0,0,0,0,1,6595,0,339,0,339
474808,Playing,945152,2679,0,0,0,0,1,6598,93,339,94,339
475060,Playing,937984,2658,0,0,0,0,1,6601,0,339,0,339
475310,Playing,911360,2583,0,0,0,0,1,6603,96,339,96,339
475561,Playing,959488,2719,0,0,0,0,1,6608,0,339,0,339
475750,Playing,921600,2612,0,0,0,0,1,6609,179,339,179,339
476002,Playing,942080,2670,0,0,0,0,1,6613,92,339,92,339
476253,Playing,934912,2649,0,0,0,0,1,6616,94,339,94,339
476504,Playing,900096,2551,0,0,0,0,1,6618,0,339,0,339
476756,Playing,928768,2632,0,0,0,0,1,6622,173,339,173,339
477004,Playing,949248,2690,0,0,0,0,1,6626,0,339,0,339
477252,Playing,923648,2618,0,0,0,0,1,6631,0,339,15,339
477502,Playing,878592,2490,0,0,0,0,1,6633,0,339,0,339
477754,Playing,899072,2548,0,0,0,0,1,6637,0,339,0,339
478005,Playing,891904,2528,0,0,0,0,1,6640,0,339,0,339
478259,Playing,912384,2586,0,0,0,0,1,6644,95,339,95,339
478512,Playing,849920,2409,0,0,0,0,1,6645,172,339,173,339
478764,Playing,906240,2568,0,0,0,0,1,6650,0,339,0,339
479016,Playing,926720,2626,0,0,0,0,1,6654,0,339,0,339
479268,Playing,919552,2606,0,0,0,0,1,6657,0,339,0,339
479518,Playing,912384,2586,0,0,0,0,1,6660,98,339,98,339
479769,Playing,905216,2565,0,0,0,0,1,6663,0,339,0,339
480020,Playing,906240,2568,0,0,0,0,1,6666,0,339,0,339
480279,Playing,854016,2420,0,0,0,0,1,6671,95,339,95,339
480525,Playing,882688,2501,0,0,0,0,1,6675,0,339,0,339
480775,Playing,903168,2560,0,0,0,0,1,6679,3,339,3,339
481027,Playing,840704,2382,0,0,0,0,1,6680,172,339,172,339
481277,Playing,897024,2542,0,0,0,0,1,6685,15,339,15,339
481525,Playing,889856,2522,0,0,0,0,1,6688,2,339,2,339
481774,Playing,855040,2423,0,0,0,0,1,6690,0,339,0,339
482027,Playing,847872,2403,0,0,0,0,1,6693,0,339,0,339
482277,Playing,876544,2484,0,0,0,0,1,6697,0,339,0,339
482527,Playing,897024,2542,0,0,0,0,1,6701,2,339,2,339
482774,Playing,889856,2522,0,0,0,0,1,6704,13,339,13,339
483025,Playing,827392,2345,0,0,0,0,1,6708,0,339,0,339
483274,Playing,856064,2426,0,0,0,0,1,6712,0,339,0,339
483523,Playing,848896,2406,0,0,0,0,1,6715,0,339,0,339
483772,Playing,814080,2307,0,0,0,0,1,6717,0,339,0,339
484022,Playing,842752,2388,0,0,0,0,1,6721,0,339,0,339
484271,Playing,835584,2368,0,0,0,0,1,6724,0,339,0,339
484521,Playing,828416,2348,0,0,0,0,1,6727,173,339,173,339
484775,Playing,876544,2484,0,0,0,0,1,6732,1,339,1,339
485026,Playing,794624,2252,0,0,0,0,1,6732,1,339,1,339
485277,Playing,842752,2388,0,0,0,0,1,6737,0,339,0,339
485527,Playing,835584,2368,0,0,0,0,1,6740,0,339,0,339
485782,Playing,800768,2269,0,0,0,0,1,6743,177,339,177,339
486033,Playing,793600,2249,0,0,0,0,1,6748,0,339,0,339
486281,Playing,794624,2252,0,0,0,0,1,6751,94,339,94,339
486529,Playing,787456,2232,0,0,0,0,1,6754,175,339,175,339
486781,Playing,835584,2368,0,0,0,0,1,6759,0,339,0,339
487028,Playing,781312,2214,0,0,0,0,1,6760,95,339,95,339
487278,Playing,801792,2272,0,0,0,0,1,6764,94,339,94,339
487530,Playing,794624,2252,0,0,0,0,1,6767,178,339,178,339
487781,Playing,815104,2310,0,0,0,0,1,6771,0,339,0,339
488027,Playing,788480,2234,0,0,0,0,1,6773,0,339,0,339
488277,Playing,808960,2292,0,0,0,0,1,6777,0,339,0,339
488529,Playing,801792,2272,0,0,0,0,1,6780,180,339,180,339
488781,Playing,794624,2252,0,0,0,0,1,6786,178,339,178,339
489031,Playing,768000,2176,0,0,0,0,1,6788,0,339,0,339
489282,Playing,760832,2156,0,0,0,0,1,6791,0,339,1,339
489536,Playing,781312,2214,0,0,0,0,1,6795,0,339,0,339
489783,Playing,774144,2194,0,0,0,0,1,6798,0,339,0,339
490032,Playing,747520,2118,0,0,0,0,1,6800,1,339,1,339
490285,Playing,768000,2176,0,0,0,0,1,6804,0,339,0,339
490531,Playing,788480,2234,0,0,0,0,1,6808,0,339,0,339
490807,Playing,773120,2191,0,0,0,0,1,6811,4,339,4,339
491052,Playing,801792,2272,0,0,0,0,1,6815,0,339,0,339
491302,Playing,785408,2226,0,0,0,0,1,6818,98,339,98,339
491553,Playing,732160,2075,0,0,0,0,1,6822,95,339,95,339
491804,Playing,760832,2156,0,0,0,0,1,6826,0,339,0,339
492056,Playing,781312,2214,0,0,0,0,1,6830,0,339,0,339
492304,Playing,774144,2194,0,0,0,0,1,6833,175,339,176,339
492552,Playing,747520,2118,0,0,0,0,1,6835,0,339,0,339
492802,Playing,740352,2098,0,0,0,0,1,6838,174,339,174,339
493053,Playing,760832,2156,0,0,0,0,1,6842,172,339,172,339
493305,Playing,781312,2214,0,0,0,0,1,6846,0,339,0,339
493556,Playing,727040,2060,0,0,0,0,1,6847,95,339,95,339
493802,Playing,747520,2118,0,0,0,0,1,6851,175,339,175,339
494050,Playing,768000,2176,0,0,0,0,1,6855,0,339,0,339
494302,Playing,733184,2078,0,0,0,0,1,6860,0,339,0,339
494550,Playing,734208,2081,0,0,0,0,1,6863,0,339,0,339
494801,Playing,727040,2060,0,0,0,0,1,6866,0,339,0,339
495052,Playing,719872,2040,0,0,0,0,1,6869,93,339,93,339
495299,Playing,748544,2121,0,0,0,0,1,6873,0,339,0,339
495550,Playing,713728,2023,0,0,0,0,1,6875,0,339,0,339
495799,Playing,706560,2002,0,0,0,0,1,6878,174,339,175,339
496052,Playing,727040,2060,0,0,0,0,1,6882,0,339,0,339
496306,Playing,747520,2118,0,0,0,0,1,6886,0,339,0,339
496554,Playing,720896,2043,0,0,0,0,1,6888,0,339,0,339
496806,Playing,741376,2101,0,0,0,0,1,6892,14,339,14,339
497057,Playing,706560,2002,0,0,0,0,1,6897,0,339,0,339
497303,Playing,707584,2005,0,0,0,0,1,6900,91,339,92,339
497554,Playing,672768,1906,0,0,0,0,1,6902,0,339,0,339
497802,Playing,693248,1964,0,0,0,0,1,6906,94,339,94,339
498054,Playing,713728,2023,0,0,0,0,1,6910,15,339,15,339
498304,Playing,742400,2104,0,0,0,0,1,6914,14,339,14,339
498552,Playing,735232,2083,0,0,0,0,1,6917,10,339,10,339
498801,Playing,728064,2063,0,0,0,0,1,6920,90,339,91,339
499052,Playing,701440,1988,0,0,0,0,1,6922,3,339,3,339
499304,Playing,694272,1967,0,0,0,0,1,6925,0,339,0,339
499553,Playing,687104,1947,0,0,0,0,1,6928,2,339,2,339
499802,Playing,679936,1927,0,0,0,0,1,6931,97,339,97,339
500051,Playing,671744,1904,0,0,0,0,1,6937,94,339,94,339
500302,Playing,664576,1883,0,0,0,0,1,6940,176,339,176,339
500552,Playing,685056,1941,0,0,0,0,1,6944,1,339,1,339
500800,Playing,705536,1999,0,0,0,0,1,6948,0,339,0,339
501051,Playing,643072,1822,0,0,0,0,1,6949,175,339,175,339
501298,Playing,671744,1904,0,0,0,0,1,6953,177,339,177,339
501548,Playing,692224,1962,0,0,0,0,1,6957,0,339,0,339
501798,Playing,685056,1941,0,0,0,0,1,6960,174,339,174,339
502048,Playing,658432,1866,0,0,0,0,1,6962,0,339,0,339
502298,Playing,678912,1924,0,0,0,0,1,6966,0,339,0,339
502546,Playing,680960,1930,0,0,0,0,1,6972,0,339,13,339
502797,Playing,600064,1700,0,0,0,0,1,6974,174,339,96,339
503048,Playing,656384,1860,0,0,0,0,1,6978,0,339,0,339
503298,Playing,649216,1840,0,0,0,0,1,6981,1,339,1,339
503546,Playing,642048,1819,0,0,0,0,1,6984,176,339,176,339
503794,Playing,670720,1901,0,0,0,0,1,6988,0,339,0,339
504047,Playing,608256,1724,0,0,0,0,1,6989,95,339,95,339
504297,Playing,628736,1782,0,0,0,0,1,6993,173,339,174,339
504547,Playing,649216,1840,0,0,0,0,1,6997,0,339,0,339
504794,Playing,677888,1921,0,0,0,0,1,7001,0,339,0,339
505046,Playing,615424,1744,0,0,0,0,1,7002,174,339,174,339
505296,Playing,635904,1802,0,0,0,0,1,7006,0,339,0,339
505549,Playing,591872,1677,0,0,0,0,1,7011,176,339,176,339
505796,Playing,620544,1758,0,0,0,0,1,7015,175,339,175,339
506048,Playing,585728,1660,0,0,0,0,1,7017,0,339,0,339
506295,Playing,606208,1718,0,0,0,0,1,7021,0,339,0,339
506546,Playing,607232,1721,0,0,0,0,1,7024,175,339,175,339
506793,Playing,627712,1779,0,0,0,0,1,7028,0,339,0,339
507044,Playing,565248,1602,0,0,0,0,1,7029,96,339,96,339
507296,Playing,613376,1738,0,0,0,0,1,7034,0,339,0,339
507547,Playing,614400,1741,0,0,0,0,1,7037,1,339,1,339
507798,Playing,634880,1799,0,0,0,0,1,7041,94,339,94,339
508046,Playing,655360,1857,0,0,0,0,1,7045,0,339,0,339
508295,Playing,565248,1602,0,0,0,0,1,7048,0,339,16,339
508547,Playing,566272,1605,0,0,0,0,1,7051,176,339,176,339
508799,Playing,614400,1741,0,0,0,0,1,7056,0,339,0,339
509049,Playing,607232,1721,0,0,0,0,1,7059,2,339,2,339
509302,Playing,572416,1622,0,0,0,0,1,7061,0,339,0,339
509554,Playing,592896,1680,0,0,0,0,1,7065,0,339,0,339
509803,Playing,593920,1683,0,0,0,0,1,7068,0,339,0,339
510054,Playing,586752,1663,0,0,0,0,1,7071,94,339,94,339
510306,Playing,607232,1721,0,0,0,0,1,7075,0,339,0,339
510557,Playing,572416,1622,0,0,0,0,1,7077,174,339,174,339
510827,Playing,592896,1680,0,0,0,0,1,7081,0,339,0,339
511011,Playing,555008,1573,0,0,0,0,1,7082,163,339,163,339
511260,Playing,575488,1631,0,0,0,0,1,7089,0,339,0,339
511510,Playing,568320,1610,0,0,0,0,1,7092,0,339,0,339
511760,Playing,542720,1538,0,0,0,0,1,7095,177,339,0,339
512007,Playing,534528,1515,0,0,0,0,1,7097,15,339,15,339
512260,Playing,555008,1573,0,0,0,0,1,7101,0,339,0,339
512511,Playing,575488,1631,0,0,0,0,1,7105,0,339,0,339
512761,Playing,540672,1532,0,0,0,0,1,7107,0,339,0,339
513012,Playing,541696,1535,0,0,0,0,1,7110,94,339,94,339
513303,Playing,518144,1468,0,0,0,0,1,7113,174,339,175,339
513516,Playing,582656,1651,0,0,0,0,1,7118,0,339,0,339
513764,Playing,575488,1631,0,0,0,0,1,7121,0,339,0,339
514014,Playing,548864,1555,0,0,0,0,1,7126,0,339,0,339
514266,Playing,541696,1535,0,0,0,0,1,7129,0,339,0,339
514516,Playing,534528,1515,0,0,0,0,1,7132,0,339,0,339
514765,Playing,555008,1573,0,0,0,0,1,7136,0,339,0,339
515004,Playing,492544,1396,0,0,0,0,1,7137,217,339,217,339
515265,Playing,521216,1477,0,0,0,0,1,7141,0,339,0,339
515521,Playing,541696,1535,0,0,0,0,1,7145,0,339,0,339
515787,Playing,553984,1570,0,0,0,0,1,7149,0,339,0,339
516038,Playing,546816,1549,0,0,0,0,1,7152,0,339,0,339
516287,Playing,575488,1631,0,0,0,0,1,7156,0,339,0,339
516541,Playing,513024,1454,0,0,0,0,1,7157,172,339,173,339
516789,Playing,478208,1355,0,0,0,0,1,7162,174,339,174,339
517038,Playing,506880,1436,0,0,0,0,1,7166,178,339,178,339
517290,Playing,472064,1338,0,0,0,0,1,7168,14,339,14,339
517541,Playing,492544,1396,0,0,0,0,1,7172,0,339,0,339
517790,Playing,485376,1375,0,0,0,0,1,7175,0,339,0,339
518039,Playing,514048,1457,0,0,0,0,1,7179,0,339,0,339
518289,Playing,506880,1436,0,0,0,0,1,7182,174,339,175,339
518540,Playing,499712,1416,0,0,0,0,1,7185,0,339,0,339
518789,Playing,492544,1396,0,0,0,0,1,7188,0,339,0,339
519037,Playing,521216,1477,0,0,0,0,1,7192,171,339,171,339
519286,Playing,458752,1300,0,0,0,0,1,7193,95,339,95,339
519537,Playing,470016,1332,0,0,0,0,1,7199,0,339,14,339
519789,Playing,472064,1338,0,0,0,0,1,7203,0,339,0,339
520037,Playing,500736,1419,0,0,0,0,1,7207,0,339,0,339
520291,Playing,493568,1399,0,0,0,0,1,7210,0,339,0,339
520545,Playing,486400,1378,0,0,0,0,1,7213,15,339,15,339
520788,Playing,451584,1280,0,0,0,0,1,7215,93,339,93,339
521039,Playing,480256,1361,0,0,0,0,1,7219,95,339,95,339
521287,Playing,445440,1262,0,0,0,0,1,7221,0,339,0,339
521540,Playing,438272,1242,0,0,0,0,1,7224,0,339,0,339
521793,Playing,458752,1300,0,0,0,0,1,7228,94,339,94,339
522062,Playing,506880,1436,0,0,0,0,1,7233,0,339,0,339
522307,Playing,462848,1311,0,0,0,0,1,7237,0,339,13,339
522524,Playing,425984,1207,0,0,0,0,1,7239,0,339,0,339
522796,Playing,438272,1242,0,0,0,0,1,7243,0,339,0,339
523003,Playing,392192,1111,0,0,0,0,1,7244,175,339,175,339
523256,Playing,440320,1248,0,0,0,0,1,7249,0,339,0,339
523508,Playing,441344,1250,0,0,0,0,1,7252,0,339,0,339
523761,Playing,434176,1230,0,0,0,0,1,7255,95,339,95,339
524015,Playing,482304,1367,0,0,0,0,1,7260,0,339,0,339
524267,Playing,419840,1190,0,0,0,0,1,7261,97,339,98,339
524521,Playing,440320,1248,0,0,0,0,1,7265,0,339,0,339
524777,Playing,460800,1306,0,0,0,0,1,7269,0,339,0,339
525031,Playing,453632,1285,0,0,0,0,1,7272,0,339,0,339
525283,Playing,409600,1160,0,0,0,0,1,7277,94,339,94,339
525500,Playing,391168,1108,0,0,0,0,1,7279,1,339,1,339
525754,Playing,411648,1166,0,0,0,0,1,7283,96,339,96,339
526010,Playing,404480,1146,0,0,0,0,1,7286,93,339,93,339
526264,Playing,369664,1047,0,0,0,0,1,7288,0,339,0,339
526519,Playing,390144,1105,0,0,0,0,1,7292,0,339,0,339
526771,Playing,410624,1163,0,0,0,0,1,7296,0,339,0,339
527027,Playing,403456,1143,0,0,0,0,1,7299,0,339,0,339
527280,Playing,404480,1146,0,0,0,0,1,7302,177,339,177,339
527537,Playing,452608,1282,0,0,0,0,1,7307,0,339,0,339
527791,Playing,390144,1105,0,0,0,0,1,7308,102,339,102,339
528044,Playing,364544,1033,0,0,0,0,1,7313,0,339,14,339
528299,Playing,394240,1117,0,0,0,0,1,7318,0,339,0,339
528506,Playing,348160,986,0,0,0,0,1,7319,177,339,177,339
528765,Playing,368640,1044,0,0,0,0,1,7323,0,339,0,339
529021,Playing,361472,1024,0,0,0,0,1,7326,0,339,0,339
529276,Playing,381952,1082,0,0,0,0,1,7330,13,339,13,339
529529,Playing,374784,1062,0,0,0,0,1,7333,96,339,96,339
529784,Playing,422912,1198,0,0,0,0,1,7338,0,339,0,339
530037,Playing,415744,1178,0,0,0,0,1,7341,13,339,13,339
530293,Playing,408576,1158,0,0,0,0,1,7344,98,339,98,339
530507,Playing,417792,1184,0,0,0,0,1,7347,0,339,0,339
530766,Playing,373760,1059,0,0,0,0,1,7352,2,339,2,339
531019,Playing,366592,1039,0,0,0,0,1,7355,94,339,94,339
531275,Playing,359424,1018,0,0,0,0,1,7358,0,339,0,339
531528,Playing,352256,998,0,0,0,0,1,7361,0,339,0,339
531784,Playing,345088,978,0,0,0,0,1,7364,172,339,172,339
532039,Playing,365568,1036,0,0,0,0,1,7368,0,339,0,339
532294,Playing,394240,1117,0,0,0,0,1,7372,1,339,1,339
532548,Playing,359424,1018,0,0,0,0,1,7374,0,339,0,339
532750,Playing,396288,1123,0,0,0,0,1,7378,0,339,0,339
533015,Playing,389120,1102,0,0,0,0,1,7381,1,339,1,339
533273,Playing,354304,1004,0,0,0,0,1,7383,0,339,0,339
533526,Playing,347136,983,0,0,0,0,1,7386,0,339,0,339
533781,Playing,339968,963,0,0,0,0,1,7392,0,339,0,339
534036,Playing,360448,1021,0,0,0,0,1,7396,0,339,0,339
534290,Playing,353280,1001,0,0,0,0,1,7399,0,339,0,339
534544,Playing,318464,902,0,0,0,0,1,7401,0,339,0,339
534799,Playing,311296,882,0,0,0,0,1,7404,170,339,170,339
535003,Playing,348160,986,0,0,0,0,1,7408,93,339,93,339
535256,Playing,313344,888,0,0,0,0,1,7410,0,339,0,339
535511,Playing,333824,946,0,0,0,0,1,7414,0,339,0,339
535773,Playing,326656,925,0,0,0,0,1,7417,0,339,0,339
536027,Playing,347136,983,0,0,0,0,1,7421,0,339,0,339
536266,Playing,348160,986,0,0,0,0,1,7425,1,339,1,339
536520,Playing,285696,809,0,0,0,0,1,7428,173,339,173,339
536777,Playing,306176,867,0,0,0,0,1,7432,0,339,0,339
537008,Playing,251904,714,0,0,0,0,1,7433,93,339,93,339
537266,Playing,327680,928,0,0,0,0,1,7439,0,339,0,339
537521,Playing,320512,908,0,0,0,0,1,7442,0,339,0,339
537777,Playing,313344,888,0,0,0,0,1,7445,0,339,0,339
538036,Playing,306176,867,0,0,0,0,1,7448,97,339,97,339
538289,Playing,326656,925,0,0,0,0,1,7452,0,339,0,339
538543,Playing,347136,983,0,0,0,0,1,7456,0,339,0,339
538796,Playing,265216,751,0,0,0,0,1,7456,0,339,0,339
539050,Playing,313344,888,0,0,0,0,1,7461,1,339,1,339
539253,Playing,267264,757,0,0,0,0,1,7462,174,339,174,339
539506,Playing,260096,737,0,0,0,0,1,7468,94,339,94,339
539781,Playing,272384,772,0,0,0,0,1,7472,0,339,0,339
540037,Playing,265216,751,0,0,0,0,1,7475,94,339,94,339
540291,Playing,266240,754,0,0,0,0,1,7478,0,339,0,339
540500,Playing,267264,757,0,0,0,0,1,7481,0,339,0,339
540762,Playing,287744,815,0,0,0,0,1,7485,0,339,0,339
541025,Playing,308224,873,0,0,0,0,1,7489,0,339,0,339
541280,Playing,301056,853,0,0,0,0,1,7492,0,339,0,339
541536,Playing,293888,833,0,0,0,0,1,7495,95,339,96,339
541791,Playing,286720,812,0,0,0,0,1,7498,0,339,0,339
542049,Playing,251904,714,0,0,0,0,1,7503,0,339,0,339
542254,Playing,261120,740,0,0,0,0,1,7506,94,339,94,339
542507,Playing,253952,719,0,0,0,0,1,7509,0,339,0,339
542760,Playing,246784,699,0,0,0,0,1,7512,174,339,174,339
543014,Playing,275456,780,0,0,0,0,1,7516,0,339,0,339
543269,Playing,268288,760,0,0,0,0,1,7519,0,339,0,339
543524,Playing,288768,818,0,0,0,0,1,7523,0,339,0,339
543776,Playing,253952,719,0,0,0,0,1,7525,0,339,0,339
544030,Playing,274432,777,0,0,0,0,1,7529,0,339,0,339
544283,Playing,267264,757,0,0,0,0,1,7532,0,339,0,339
544536,Playing,287744,815,0,0,0,0,1,7536,0,339,0,339
544788,Playing,280576,795,0,0,0,0,1,7542,0,339,0,339
545041,Playing,218112,618,0,0,0,0,1,7543,173,339,173,339
545294,Playing,246784,699,0,0,0,0,1,7547,0,339,0,339
545549,Playing,267264,757,0,0,0,0,1,7551,0,339,0,339
545751,Playing,221184,626,0,0,0,0,1,7552,175,339,175,339
546005,Playing,241664,684,0,0,0,0,1,7556,0,339,0,339
546257,Playing,234496,664,0,0,0,0,1,7559,96,339,96,339
546511,Playing,254976,722,0,0,0,0,1,7563,0,339,0,339
546762,Playing,283648,803,0,0,0,0,1,7567,0,339,0,339
547016,Playing,221184,626,0,0,0,0,1,7568,175,339,175,339
547269,Playing,241664,684,0,0,0,0,1,7572,92,339,92,339
547524,Playing,252928,716,0,0,0,0,1,7578,0,339,16,339
547778,Playing,227328,644,0,0,0,0,1,7581,0,339,0,339
548032,Playing,192512,545,0,0,0,0,1,7583,0,339,0,339
548288,Playing,212992,603,0,0,0,0,1,7587,0,339,0,339
548541,Playing,233472,661,0,0,0,0,1,7591,0,339,0,339
548794,Playing,226304,641,0,0,0,0,1,7594,94,339,94,339
549047,Playing,163840,464,0,0,0,0,1,7595,176,339,176,339
549298,Playing,192512,545,0,0,0,0,1,7599,92,339,92,339
549500,Playing,229376,650,0,0,0,0,1,7603,0,339,0,339
549754,Playing,194560,551,0,0,0,0,1,7605,0,339,0,339
550009,Playing,187392,531,0,0,0,0,1,7608,93,339,93,339
550262,Playing,235520,667,0,0,0,0,1,7613,0,339,0,339
550516,Playing,163840,464,0,0,0,0,1,7617,95,339,96,339
550770,Playing,184320,522,0,0,0,0,1,7621,95,339,95,339
551024,Playing,212992,603,0,0,0,0,1,7625,1,339,1,339
551277,Playing,178176,505,0,0,0,0,1,7627,0,339,0,339
551543,Playing,162816,461,0,0,0,0,1,7630,178,339,178,339
551756,Playing,199680,565,0,0,0,0,1,7634,0,339,0,339
552011,Playing,164864,467,0,0,0,0,1,7636,0,339,0,339
552265,Playing,185344,525,0,0,0,0,1,7640,0,339,0,339
552519,Playing,178176,505,0,0,0,0,1,7643,0,339,0,339
552772,Playing,171008,484,0,0,0,0,1,7646,94,339,94,339
553024,Playing,172032,487,0,0,0,0,1,7649,0,339,0,339
553278,Playing,146432,415,0,0,0,0,1,7654,0,339,12,339
553531,Playing,148480,420,0,0,0,0,1,7658,95,339,95,339
553785,Playing,168960,478,0,0,0,0,1,7662,0,339,0,339
554036,Playing,161792,458,0,0,0,0,1,7665,2,339,2,339
554288,Playing,126976,359,0,0,0,0,1,7667,0,339,0,339
554541,Playing,155648,441,0,0,0,0,1,7671,0,339,0,339
554795,Playing,148480,420,0,0,0,0,1,7674,0,339,0,339
555048,Playing,113664,322,0,0,0,0,1,7676,0,339,0,339
555250,Playing,122880,348,0,0,0,0,1,7679,93,339,93,339
555503,Playing,143360,406,0,0,0,0,1,7683,94,339,94,339
555756,Playing,163840,464,0,0,0,0,1,7687,0,339,0,339
556009,Playing,101376,287,0,0,0,0,1,7688,174,339,174,339
556262,Playing,112640,319,0,0,0,0,1,7695,0,339,0,339
556515,Playing,141312,400,0,0,0,0,1,7699,0,339,0,339
556769,Playing,51200,145,0,0,0,0,1,7699,0,339,0,339
557023,Playing,99328,281,0,0,0,0,1,7704,0,339,0,339
557276,Playing,92160,261,0,0,0,0,1,7707,0,339,0,339
557531,Playing,84992,240,0,0,0,0,1,7710,174,339,174,339
557784,Playing,133120,377,0,0,0,0,1,7715,0,339,0,339
558014,Playing,78848,223,0,0,0,0,1,7716,93,339,93,339
558268,Playing,71680,203,0,0,0,0,1,7719,0,339,0,339
558520,Playing,128000,362,0,0,0,0,1,7724,0,339,0,339
558773,Playing,120832,342,0,0,0,0,1,7727,1,339,1,339
559025,Playing,58368,165,0,0,0,0,1,7731,0,339,0,339
559278,Playing,78848,223,0,0,0,0,1,7735,0,339,0,339
559531,Playing,71680,203,0,0,0,0,1,7738,0,339,0,339
559782,Playing,92160,261,0,0,0,0,1,7742,0,339,0,339
560036,Playing,84992,240,0,0,0,0,1,7745,0,339,0,339
560287,Playing,58368,165,0,0,0,0,1,7747,0,339,0,339
560540,Playing,78848,223,0,0,0,0,1,7751,0,339,0,339
560794,Playing,71680,203,0,0,0,0,1,7754,0,339,0,339
561045,Playing,92160,261,0,0,0,0,1,7758,0,339,0,339
561298,Playing,84992,240,0,0,0,0,1,7761,174,339,174,339
561500,Playing,74752,211,0,0,0,0,1,7763,0,339,0,339
561754,Playing,39936,113,0,0,0,0,1,7768,0,339,14,339
562007,Playing,32768,92,0,0,0,0,1,7771,0,339,0,339
562265,Playing,25600,72,0,0,0,0,1,7774,0,339,0,339
562526,Playing,46080,130,0,0,0,0,1,7778,7,339,7,339
562778,Playing,66560,188,0,0,0,0,1,7782,0,339,0,339
563032,Playing,59392,168,0,0,0,0,1,7785,0,339,0,339
563287,Playing,24576,69,0,0,0,0,1,7787,0,339,0,339
563539,Playing,45056,127,0,0,0,0,1,7791,0,339,0,339
563794,Playing,37888,107,0,0,0,0,1,7794,96,339,96,339
564048,Playing,58368,165,0,0,0,0,1,7798,13,339,13,339
564250,Playing,67584,191,0,0,0,0,1,7801,94,339,94,339
564502,Playing,32768,92,0,0,0,0,1,7803,0,339,0,339
564755,Playing,33792,95,0,0,0,0,1,7809,0,339,0,339
565008,Buffering,82944,235,1,0,0,0,1,7813,0,339,0,339
565261,Buffering,165888,470,1,0,0,0,1,7816,0,339,0,339
565514,Buffering,248832,705,1,0,0,0,1,7819,94,339,94,339
565767,Buffering,331776,940,1,0,0,0,1,7822,0,339,0,339
566021,Buffering,349184,989,1,1,0,0,1,7825,0,339,0,339
566274,Buffering,369664,1047,1,1,0,0,1,7829,0,339,0,339
566528,Buffering,390144,1105,1,1,0,0,1,7833,0,339,0,339
566781,Buffering,327680,928,1,1,0,0,1,7834,174,339,174,339
567035,Buffering,356352,1010,1,1,0,0,1,7838,0,339,0,339
567287,Buffering,349184,989,1,1,0,0,1,7844,2,339,2,339
567540,Buffering,342016,969,1,1,0,0,1,7847,0,339,0,339
567794,Buffering,334848,949,1,1,0,0,1,7850,93,339,93,339
568047,Buffering,300032,850,1,1,0,0,1,7852,0,339,0,339
568299,Buffering,320512,908,1,1,0,0,1,7856,0,339,0,339
568502,Buffering,357376,1012,1,1,0,0,1,7860,0,339,0,339
568756,Buffering,358400,1015,1,1,0,0,1,7863,15,339,15,339
569010,Buffering,295936,838,1,1,0,0,1,7864,173,339,173,339
569265,Buffering,344064,975,1,1,0,0,1,7869,0,339,0,339
569520,Buffering,336896,954,1,1,0,0,1,7872,0,339,0,339
569774,Buffering,357376,1012,1,1,0,0,1,7876,16,339,16,339
570027,Buffering,340992,966,1,1,0,0,1,7879,0,339,0,339
570281,Buffering,287744,815,1,1,0,0,1,7883,0,339,0,339
570534,Buffering,308224,873,1,1,0,0,1,7887,0,339,0,339
570786,Buffering,328704,931,1,1,0,0,1,7891,0,339,0,339
571041,Buffering,321536,911,1,1,0,0,1,7894,0,339,0,339
571309,Buffering,286720,812,1,1,0,0,1,7896,0,339,0,339
571536,Buffering,315392,893,1,1,0,0,1,7900,0,339,0,339
571799,Buffering,308224,873,1,1,0,0,1,7903,94,339,94,339
572002,Buffering,289792,821,1,1,0,0,1,7905,0,339,0,339
572258,Buffering,310272,879,1,1,0,0,1,7909,0,339,0,339
572514,Buffering,303104,859,1,1,0,0,1,7912,174,339,174,339
572767,Buffering,323584,917,1,1,0,0,1,7916,0,339,0,339
573020,Buffering,251904,714,1,1,0,0,1,7919,0,339,11,339
573274,Buffering,253952,719,1,1,0,0,1,7923,95,339,95,339
573528,Buffering,274432,777,1,1,0,0,1,7927,0,339,0,339
573783,Buffering,303104,859,1,1,0,0,1,7931,0,339,0,339
574038,Buffering,240640,682,1,1,0,0,1,7932,95,339,95,339
574290,Buffering,261120,740,1,1,0,0,1,7936,17,339,17,339
574544,Buffering,253952,719,1,1,0,0,1,7939,91,339,91,339
574798,Buffering,274432,777,1,1,0,0,1,7943,178,339,178,339
575000,Buffering,256000,725,1,1,0,0,1,7945,1,339,1,339
575253,Buffering,276480,783,1,1,0,0,1,7949,0,339,0,339
575505,Buffering,269312,763,1,1,0,0,1,7952,92,339,92,339
575759,Buffering,251904,714,1,1,0,0,1,7955,0,339,0,339
576012,Buffering,226304,641,1,1,0,0,1,7960,0,339,0,339
576265,Buffering,246784,699,1,1,0,0,1,7964,0,339,0,339
576518,Buffering,239616,679,1,1,0,0,1,7967,0,339,0,339
576771,Buffering,232448,658,1,1,0,0,1,7970,98,339,98,339
577027,Buffering,197632,560,1,1,0,0,1,7972,0,339,0,339
577279,Buffering,190464,539,1,1,0,0,1,7975,92,339,92,339
577532,Buffering,210944,597,1,1,0,0,1,7979,92,339,92,339
577785,Buffering,239616,679,1,1,0,0,1,7983,0,339,0,339
578038,Buffering,260096,737,1,1,0,0,1,7987,0,339,0,339
578290,Buffering,252928,716,1,1,0,0,1,7990,0,339,0,339
578544,Buffering,227328,644,1,1,0,0,1,7995,0,339,11,339
578798,Buffering,174080,493,1,1,0,0,1,7997,95,339,95,339
579000,Buffering,210944,597,1,1,0,0,1,8001,91,339,91,339
579253,Buffering,184320,522,1,1,0,0,1,8003,0,339,0,339
579509,Buffering,204800,580,1,1,0,0,1,8007,0,339,0,339
579762,Buffering,169984,481,1,1,0,0,1,8009,2,339,2,339
580015,Buffering,245760,696,1,1,0,0,1,8015,0,339,0,339
580268,Buffering,183296,519,1,1,0,0,1,8016,94,339,94,339
580522,Buffering,203776,577,1,1,0,0,1,8020,0,339,0,339
580776,Buffering,196608,557,1,1,0,0,1,8023,0,339,0,339
581028,Buffering,217088,615,1,1,0,0,1,8027,0,339,0,339
581281,Buffering,209920,595,1,1,0,0,1,8030,175,339,175,339
581536,Buffering,138240,391,1,1,0,0,1,8034,0,339,0,339
581789,Buffering,139264,394,1,1,0,0,1,8037,94,339,94,339
582042,Buffering,187392,531,1,1,0,0,1,8042,0,339,0,339
582294,Buffering,180224,510,1,1,0,0,1,8045,1,339,1,339
582548,Buffering,173056,490,1,1,0,0,1,8048,175,339,175,339
582752,Buffering,154624,438,1,1,0,0,1,8050,0,339,0,339
583006,Buffering,175104,496,1,1,0,0,1,8054,0,339,0,339
583259,Buffering,167936,476,1,1,0,0,1,8057,0,339,0,339
583511,Buffering,133120,377,1,1,0,0,1,8059,0,339,0,339
583767,Buffering,153600,435,1,1,0,0,1,8063,175,339,175,339
584019,Buffering,182272,516,1,1,0,0,1,8067,0,339,0,339
584273,Buffering,147456,417,1,1,0,0,1,8072,1,339,1,339
584535,Buffering,167936,476,1,1,0,0,1,8076,0,339,0,339
584786,Buffering,133120,377,1,1,0,0,1,8078,0,339,0,339
585038,Buffering,125952,357,1,1,0,0,1,8081,0,339,0,339
585291,Buffering,146432,415,1,1,0,0,1,8085,1,339,1,339
585545,Buffering,139264,394,1,1,0,0,1,8088,0,339,0,339
585798,Buffering,159744,452,1,1,0,0,1,8092,0,339,0,339
586001,Buffering,141312,400,1,1,0,0,1,8094,0,339,0,339
586255,Buffering,161792,458,1,1,0,0,1,8098,0,339,0,339
586507,Buffering,107520,304,1,1,0,0,1,8099,96,339,96,339
586760,Buffering,128000,362,1,1,0,0,1,8103,0,339,0,339
587017,Buffering,120832,342,1,1,0,0,1,8109,0,339,14,339
587272,Buffering,113664,322,1,1,0,0,1,8112,0,339,0,339
587526,Buffering,134144,380,1,1,0,0,1,8116,15,339,15,339
587780,Buffering,154624,438,1,1,0,0,1,8120,0,339,0,339
588032,Buffering,147456,417,1,1,0,0,1,8123,0,339,0,339
588286,Buffering,112640,319,1,1,0,0,1,8125,0,339,0,339
588539,Buffering,105472,298,1,1,0,0,1,8128,0,339,0,339
588792,Buffering,134144,380,1,1,0,0,1,8132,0,339,0,339
589047,Buffering,71680,203,1,1,0,0,1,8133,176,339,176,339
589300,Buffering,119808,339,1,1,0,0,1,8138,2,339,2,339
589503,Buffering,129024,365,1,1,0,0,1,8141,0,339,0,339
589758,Buffering,121856,345,1,1,0,0,1,8144,96,339,96,339
590012,Buffering,142336,403,1,1,0,0,1,8151,0,339,0,339
590265,Buffering,79872,226,1,1,0,0,1,8152,175,339,175,339
590522,Buffering,100352,284,1,1,0,0,1,8156,0,339,0,339
590776,Buffering,120832,342,1,1,0,0,1,8160,0,339,0,339
591028,Buffering,121856,345,1,1,0,0,1,8163,0,339,0,339
591285,Buffering,142336,403,1,1,0,0,1,8167,14,339,14,339
591539,Buffering,79872,226,1,1,0,0,1,8168,175,339,176,339
591792,Buffering,100352,284,1,1,0,0,1,8172,0,339,0,339
592043,Buffering,120832,342,1,1,0,0,1,8176,0,339,0,339
592297,Buffering,141312,400,1,1,0,0,1,8180,0,339,0,339
592500,Buffering,67584,191,1,1,0,0,1,8180,0,339,0,339
592754,Buffering,88064,249,1,1,0,0,1,8187,0,339,0,339
593008,Buffering,89088,252,1,1,0,0,1,8190,0,339,0,339
593263,Buffering,54272,153,1,1,0,0,1,8192,0,339,0,339
593516,Buffering,74752,211,1,1,0,0,1,8196,0,339,0,339
593769,Buffering,67584,191,1,1,0,0,1,8199,96,339,96,339
594020,Buffering,88064,249,1,1,0,0,1,8203,96,339,96,339
594273,Buffering,108544,307,1,1,0,0,1,8207,0,339,0,339
594527,Buffering,73728,208,1,1,0,0,1,8209,92,339,92,339
594780,Buffering,66560,188,1,1,0,0,1,8212,0,339,0,339
595034,Buffering,67584,191,1,1,0,0,1,8215,173,339,174,339
595286,Buffering,88064,249,1,1,0,0,1,8219,0,339,0,339
595539,Buffering,53248,150,1,1,0,0,1,8224,0,339,0,339
595792,Buffering,82944,235,1,1,0,0,1,8227,0,339,0,339
596045,Playing,75776,214,1,2,0,0,1,8230,178,339,179,339
596298,Playing,96256,272,1,2,0,0,1,8234,0,339,0,339
596549,Playing,124928,354,1,2,0,0,1,8238,0,339,0,339
596751,Playing,78848,223,1,2,0,0,1,8239,174,339,174,339
597004,Playing,99328,281,1,2,0,0,1,8243,0,339,0,339
597259,Playing,119808,339,1,2,0,0,1,8247,0,339,0,339
597514,Playing,112640,319,1,2,0,0,1,8250,95,339,95,339
597768,Playing,77824,220,1,2,0,0,1,8252,0,339,0,339
598020,Playing,70656,200,1,2,0,0,1,8255,95,339,95,339
598276,Playing,63488,179,1,2,0,0,1,8261,91,339,91,339
598530,Playing,92160,261,1,2,0,0,1,8265,0,339,0,339
598782,Playing,29696,84,1,2,0,0,1,8266,176,339,176,339
599035,Playing,50176,142,1,2,0,0,1,8270,174,339,174,339
599288,Playing,70656,200,1,2,0,0,1,8274,0,339,0,339
599542,Playing,63488,179,1,2,0,0,1,8277,95,339,95,339
599795,Playing,83968,238,1,2,0,0,1,8281,96,339,96,339
600048,Playing,49152,139,1,2,0,0,1,8283,0,339,0,339
