t_ms,state,buffered_bytes,buffered_ms,underruns,resumes,play_failures,stream_rebuilds,sessions,chunk_reads,last_chunk_ms,max_chunk_ms,last_push_gap_ms,max_push_gap_ms
50,Off,0,0,0,0,0,0,1,0,0,0,0,0
254,Off,0,0,0,0,0,0,1,0,0,0,0,0
508,Off,0,0,0,0,0,0,1,0,0,0,0,0
766,Off,0,0,0,0,0,0,1,0,0,0,0,0
1021,Off,0,0,0,0,0,0,1,0,0,0,0,0
1274,Reconnecting,0,0,0,0,0,0,1,27,0,1,0,0
1528,Reconnecting,0,0,0,0,0,0,1,27,0,1,0,0
1783,Reconnecting,0,0,0,0,0,0,1,27,0,1,0,0
2037,Reconnecting,0,0,0,0,0,0,1,27,0,1,0,0
2293,Reconnecting,0,0,0,0,0,0,1,27,0,1,0,0
2500,Reconnecting,0,0,0,0,0,0,1,27,0,1,0,0
2754,Reconnecting,0,0,0,0,0,0,1,27,0,1,0,0
3007,Reconnecting,0,0,0,0,0,0,1,27,0,1,0,0
3262,Reconnecting,0,0,0,0,0,0,1,27,0,1,0,0
3516,Reconnecting,0,0,0,0,0,0,1,27,0,1,0,0
3784,Reconnecting,0,0,0,0,0,0,1,27,0,1,0,0
4038,Reconnecting,0,0,0,0,0,0,1,27,0,1,0,0
4293,Reconnecting,0,0,0,0,0,0,1,27,0,1,0,0
4546,Reconnecting,0,0,0,0,0,0,1,27,0,1,0,0
4750,Reconnecting,0,0,0,0,0,0,1,27,0,1,0,0
5002,Reconnecting,0,0,0,0,0,0,1,27,0,1,0,0
5255,Reconnecting,0,0,0,0,0,0,1,27,0,1,0,0
5509,Reconnecting,0,0,0,0,0,0,1,27,0,1,0,0
5763,Reconnecting,0,0,0,0,0,0,1,27,0,1,0,0
6016,Reconnecting,0,0,0,0,0,0,1,27,0,1,0,0
6272,Reconnecting,0,0,0,0,0,0,2,27,0,1,0,0
6524,Reconnecting,0,0,0,0,0,0,2,27,0,1,0,0
6776,Reconnecting,0,0,0,0,0,0,2,27,0,1,0,0
7033,Reconnecting,525312,1488,0,0,0,0,2,49,0,152,0,152
7288,Playing,2430976,6890,0,0,0,0,2,126,0,153,0,153
7542,Playing,5575680,15804,0,0,0,0,2,256,0,153,0,153
7794,Playing,5568512,15783,0,0,0,0,2,259,0,172,0,172
8049,Playing,5588992,15841,0,0,0,0,2,263,175,175,175,175
8253,Playing,5570560,15789,0,0,0,0,2,265,0,175,0,175
8509,Playing,5599232,15870,0,0,0,0,2,269,0,175,0,175
8762,Playing,5592064,15850,0,0,0,0,2,272,0,177,0,178
9015,Playing,5612544,15908,0,0,0,0,2,276,174,177,174,178
9268,Playing,5605376,15888,0,0,0,0,2,279,174,177,174,178
9545,Playing,5590016,15844,0,0,0,0,2,282,177,177,177,178
9750,Playing,5607424,15894,0,0,0,0,2,285,12,177,12,178
10005,Playing,5627904,15952,0,0,0,0,2,289,0,177,0,178
10263,Playing,5565440,15775,0,0,0,0,2,290,176,177,177,178
10516,Playing,5585920,15833,0,0,0,0,2,297,0,177,0,178
10755,Playing,5559296,15757,0,0,0,0,2,299,104,177,104,178
11020,Playing,5571584,15792,0,0,0,0,2,303,93,177,93,178
11275,Playing,5592064,15850,0,0,0,0,2,307,0,177,0,178
11529,Playing,5529600,15673,0,0,0,0,2,308,95,177,95,178
11782,Playing,5558272,15754,0,0,0,0,2,312,93,177,93,178
12036,Playing,5578752,15812,0,0,0,0,2,316,14,179,15,179
12292,Playing,5571584,15792,0,0,0,0,2,319,85,185,85,185
12546,Playing,5564416,15772,0,0,0,0,2,322,168,185,168,185
12753,Playing,5573632,15798,0,0,0,0,2,325,1,185,1,185
13007,Playing,5566464,15777,0,0,0,0,2,328,0,185,0,185
13265,Playing,5559296,15757,0,0,0,0,2,334,93,185,93,185
13520,Playing,5579776,15815,0,0,0,0,2,338,0,185,0,185
13771,Playing,5517312,15638,0,0,0,0,2,339,177,185,177,185
14025,Playing,5537792,15696,0,0,0,0,2,343,0,185,0,185
14279,Playing,5566464,15777,0,0,0,0,2,347,0,185,0,185
14513,Playing,5567488,15780,0,0,0,0,2,350,65,212,65,212
14773,Playing,5579776,15815,0,0,0,0,2,354,11,212,11,212
15029,Playing,5544960,15717,0,0,0,0,2,356,0,212,0,212
15313,Playing,5529600,15673,0,0,0,0,2,359,95,212,95,212
15532,Playing,5594112,15856,0,0,0,0,2,364,0,212,0,212
15787,Playing,5559296,15757,0,0,0,0,2,369,0,212,15,212
16041,Playing,5552128,15737,0,0,0,0,2,372,0,212,0,212
16255,Playing,5561344,15763,0,0,0,0,2,375,2,212,3,212
16513,Playing,5554176,15743,0,0,0,0,2,378,0,212,0,212
16771,Playing,5547008,15722,0,0,0,0,2,381,91,212,91,212
17029,Playing,5512192,15624,0,0,0,0,2,383,0,212,0,212
17288,Playing,5532672,15682,0,0,0,0,2,387,0,212,0,212
17545,Playing,5525504,15661,0,0,0,0,2,390,93,212,94,212
17800,Playing,5545984,15719,0,0,0,0,2,394,0,212,0,212
18045,Playing,5483520,15542,0,0,0,0,2,395,176,212,176,212
18295,Playing,5539840,15702,0,0,0,0,2,400,0,212,0,212
18543,Playing,5532672,15682,0,0,0,0,2,403,0,212,0,212
18794,Playing,5525504,15661,0,0,0,0,2,409,0,212,0,212
19042,Playing,5526528,15664,0,0,0,0,2,412,0,212,0,212
19295,Playing,5547008,15722,0,0,0,0,2,416,0,212,0,212
19541,Playing,5484544,15545,0,0,0,0,2,417,169,212,169,212
19792,Playing,5513216,15627,0,0,0,0,2,421,94,212,94,212
20041,Playing,5533696,15685,0,0,0,0,2,425,0,212,0,212
20290,Playing,5526528,15664,0,0,0,0,2,428,94,212,94,212
20538,Playing,5499904,15589,0,0,0,0,2,430,0,212,0,212
20790,Playing,5520384,15647,0,0,0,0,2,434,0,212,0,212
21042,Playing,5513216,15627,0,0,0,0,2,437,96,212,96,212
21290,Playing,5533696,15685,0,0,0,0,2,441,91,212,91,212
21542,Playing,5479424,15531,0,0,0,0,2,445,0,212,0,212
21791,Playing,5499904,15589,0,0,0,0,2,449,0,212,0,212
22036,Playing,5492736,15568,0,0,0,0,2,452,0,212,0,212
22286,Playing,5521408,15650,0,0,0,0,2,456,1,212,1,212
22534,Playing,5514240,15629,0,0,0,0,2,459,93,212,93,212
22784,Playing,5515264,15632,0,0,0,0,2,462,0,212,0,212
23033,Playing,5508096,15612,0,0,0,0,2,465,0,212,0,212
23282,Playing,5528576,15670,0,0,0,0,2,469,0,212,0,212
23529,Playing,5529600,15673,0,0,0,0,2,472,0,212,0,212
23777,Playing,5494784,15574,0,0,0,0,2,474,0,212,0,212
24026,Playing,5487616,15554,0,0,0,0,2,477,95,212,95,212
24276,Playing,5498880,15586,0,0,0,0,2,484,0,212,0,212
24527,Playing,5472256,15510,0,0,0,0,2,486,93,212,93,212
24774,Playing,5465088,15490,0,0,0,0,2,489,0,212,0,212
25024,Playing,5457920,15470,0,0,0,0,2,492,94,212,94,212
25274,Playing,5486592,15551,0,0,0,0,2,496,0,212,0,212
25523,Playing,5479424,15531,0,0,0,0,2,499,0,212,0,212
25773,Playing,5444608,15432,0,0,0,0,2,501,0,212,0,212
26023,Playing,5473280,15513,0,0,0,0,2,505,94,212,94,212
26272,Playing,5493760,15571,0,0,0,0,2,509,0,212,0,212
26550,Playing,5478400,15528,0,0,0,0,2,512,0,212,0,212
26753,Playing,5432320,15397,0,0,0,0,2,513,179,212,179,212
27005,Playing,5470208,15505,0,0,0,0,2,520,0,212,17,212
27261,Playing,5444608,15432,0,0,0,0,2,523,1,212,1,212
27515,Playing,5465088,15490,0,0,0,0,2,527,0,212,0,212
27768,Playing,5430272,15391,0,0,0,0,2,529,0,212,0,212
28025,Playing,5423104,15371,0,0,0,0,2,532,0,212,0,212
28288,Playing,5415936,15351,0,0,0,0,2,535,95,212,95,212
28542,Playing,5464064,15487,0,0,0,0,2,540,0,212,0,212
28795,Playing,5401600,15310,0,0,0,0,2,541,174,212,175,212
29049,Playing,5422080,15368,0,0,0,0,2,545,0,212,0,212
29292,Playing,5442560,15426,0,0,0,0,2,549,12,212,12,212
29545,Playing,5443584,15429,0,0,0,0,2,552,92,212,92,212
29800,Playing,5408768,15330,0,0,0,0,2,554,0,212,0,212
30015,Playing,5372928,15229,0,0,0,0,2,559,96,212,96,212
30265,Playing,5401600,15310,0,0,0,0,2,563,94,212,94,212
30513,Playing,5422080,15368,0,0,0,0,2,567,0,212,0,212
30763,Playing,5395456,15293,0,0,0,0,2,569,0,212,0,212
31011,Playing,5388288,15272,0,0,0,0,2,572,96,212,96,212
31261,Playing,5408768,15330,0,0,0,0,2,576,0,212,0,212
31512,Playing,5401600,15310,0,0,0,0,2,579,95,212,95,212
31760,Playing,5402624,15313,0,0,0,0,2,582,0,212,0,212
32011,Playing,5395456,15293,0,0,0,0,2,585,13,253,13,253
32260,Playing,5388288,15272,0,0,0,0,2,588,94,253,94,253
32511,Playing,5389312,15275,0,0,0,0,2,591,0,253,0,253
32762,Playing,5354496,15177,0,0,0,0,2,596,0,253,15,253
33015,Playing,5374976,15235,0,0,0,0,2,600,0,253,0,253
33263,Playing,5367808,15214,0,0,0,0,2,603,0,253,0,253
33513,Playing,5396480,15296,0,0,0,0,2,607,14,253,14,253
33783,Playing,5381120,15252,0,0,0,0,2,610,103,253,103,253
34040,Playing,5373952,15232,0,0,0,0,2,613,4,253,4,253
34292,Playing,5366784,15211,0,0,0,0,2,616,95,253,95,253
34542,Playing,5367808,15214,0,0,0,0,2,619,93,253,93,253
34791,Playing,5332992,15116,0,0,0,0,2,621,0,253,0,253
35041,Playing,5353472,15174,0,0,0,0,2,625,0,253,0,253
35291,Playing,5382144,15255,0,0,0,0,2,629,0,253,0,253
35539,Playing,5374976,15235,0,0,0,0,2,635,0,253,0,253
35791,Playing,5367808,15214,0,0,0,0,2,638,89,253,89,253
36039,Playing,5368832,15217,0,0,0,0,2,641,68,253,68,253
36290,Playing,5334016,15119,0,0,0,0,2,643,0,253,0,253
36539,Playing,5354496,15177,0,0,0,0,2,647,0,253,0,253
36790,Playing,5374976,15235,0,0,0,0,2,651,11,253,11,253
37041,Playing,5320704,15081,0,0,0,0,2,652,161,253,161,253
37292,Playing,5341184,15139,0,0,0,0,2,656,95,253,95,253
37541,Playing,5361664,15197,0,0,0,0,2,660,0,253,0,253
37790,Playing,5362688,15200,0,0,0,0,2,663,94,253,94,253
38040,Playing,5355520,15180,0,0,0,0,2,666,0,253,0,253
38290,Playing,5348352,15159,0,0,0,0,2,669,0,253,0,253
38542,Playing,5313536,15061,0,0,0,0,2,674,92,253,93,253
38795,Playing,5334016,15119,0,0,0,0,2,678,95,253,95,253
39045,Playing,5362688,15200,0,0,0,0,2,682,0,253,0,253
39292,Playing,5300224,15023,0,0,0,0,2,683,173,253,173,253
39540,Playing,5320704,15081,0,0,0,0,2,687,0,253,0,253
39790,Playing,5349376,15162,0,0,0,0,2,691,0,253,0,253
40040,Playing,5342208,15142,0,0,0,0,2,694,12,253,13,253
40290,Playing,5335040,15121,0,0,0,0,2,697,0,253,0,253
40537,Playing,5308416,15046,0,0,0,0,2,699,93,253,93,253
40787,Playing,5328896,15104,0,0,0,0,2,703,94,253,94,253
41036,Playing,5340160,15136,0,0,0,0,2,709,0,253,9,253
41287,Playing,5350400,15165,0,0,0,0,2,713,0,253,0,253
41545,Playing,5287936,14988,0,0,0,0,2,714,173,253,173,253
41795,Playing,5336064,15124,0,0,0,0,2,719,0,253,0,253
42046,Playing,5301248,15026,0,0,0,0,2,721,0,256,0,256
42303,Playing,5294080,15005,0,0,0,0,2,724,4,256,4,256
42545,Playing,5295104,15008,0,0,0,0,2,727,0,256,0,256
42795,Playing,5287936,14988,0,0,0,0,2,730,95,256,95,256
43049,Playing,5288960,14991,0,0,0,0,2,733,1,256,1,256
43254,Playing,5298176,15017,0,0,0,0,2,736,2,256,2,256
43504,Playing,5318656,15075,0,0,0,0,2,740,0,256,0,256
43763,Playing,5339136,15133,0,0,0,0,2,744,0,256,0,256
44029,Playing,5304320,15034,0,0,0,0,2,749,0,256,0,256
44296,Playing,5288960,14991,0,0,0,0,2,752,91,256,91,256
44542,Playing,5317632,15072,0,0,0,0,2,756,94,256,94,256
44794,Playing,5282816,14973,0,0,0,0,2,758,0,256,0,256
45046,Playing,5303296,15032,0,0,0,0,2,762,2,256,2,256
45324,Playing,5315584,15066,0,0,0,0,2,766,0,256,0,256
45603,Playing,5280768,14968,0,0,0,0,2,768,99,256,99,256
45763,Playing,5306368,15040,0,0,0,0,2,771,0,256,0,256
46050,Playing,5310464,15052,0,0,0,0,2,775,0,256,0,256
46292,Playing,5311488,15055,0,0,0,0,2,778,3,256,3,256
46500,Playing,5293056,15002,0,0,0,0,2,780,11,256,11,256
46757,Playing,5276672,14956,0,0,0,0,2,785,1,256,6,256
47009,Playing,5286912,14985,0,0,0,0,2,789,0,256,0,256
47258,Playing,5252096,14886,0,0,0,0,2,791,9,256,9,256
47574,Playing,5220352,14796,0,0,0,0,2,794,73,256,73,256
47775,Playing,5265408,14924,0,0,0,0,2,798,1,256,1,256
48046,Playing,5277696,14959,0,0,0,0,2,802,32,256,32,256
48417,Playing,5237760,14846,0,0,0,0,2,805,56,256,56,256
48536,Playing,5299200,15020,0,0,0,0,2,809,0,256,0,256
48792,Playing,5272576,14944,0,0,0,0,2,811,16,256,16,256
49129,Playing,5260288,14910,0,0,0,0,2,815,89,256,89,256
49316,Playing,5222400,14802,0,0,0,0,2,816,118,256,118,256
49561,Playing,5251072,14883,0,0,0,0,2,820,21,256,21,256
49795,Playing,5215232,14782,0,0,0,0,2,825,69,256,69,256
50007,Playing,5252096,14886,0,0,0,0,2,829,0,256,0,256
50272,Playing,5264384,14921,0,0,0,0,2,833,0,256,0,256
50524,Playing,5229568,14823,0,0,0,0,2,835,0,256,0,256
50800,Playing,5222400,14802,0,0,0,0,2,838,10,256,11,256
51051,Playing,5242880,14860,0,0,0,0,2,842,44,256,44,256
51307,Playing,5235712,14840,0,0,0,0,2,845,134,256,134,256
51504,Playing,5225472,14811,0,0,0,0,2,847,4,256,4,256
51800,Playing,5201920,14744,0,0,0,0,2,850,91,256,91,256
52054,Playing,5222400,14802,0,0,0,0,2,854,129,256,129,256
52329,Playing,5234688,14837,0,0,0,0,2,858,49,256,50,256
52570,Playing,5226496,14814,0,0,0,0,2,864,0,256,0,256
52778,Playing,5180416,14683,0,0,0,0,2,865,108,256,108,256
53042,Playing,5200896,14741,0,0,0,0,2,869,0,256,0,256
53288,Playing,5201920,14744,0,0,0,0,2,872,174,256,174,256
53541,Playing,5222400,14802,0,0,0,0,2,876,169,256,169,256
53762,Playing,5195776,14727,0,0,0,0,2,878,0,256,0,256
54029,Playing,5216256,14785,0,0,0,0,2,882,0,256,1,256
54308,Playing,5200896,14741,0,0,0,0,2,885,229,256,229,256
54516,Playing,5182464,14689,0,0,0,0,2,887,6,256,6,256
54767,Playing,5202944,14747,0,0,0,0,2,891,8,256,8,256
55013,Playing,5231616,14828,0,0,0,0,2,895,0,256,0,256
55262,Playing,5187584,14704,0,0,0,0,2,900,2,256,2,256
55511,Playing,5160960,14628,0,0,0,0,2,902,1,256,1,256
55761,Playing,5181440,14686,0,0,0,0,2,906,0,256,0,256
56016,Playing,5174272,14666,0,0,0,0,2,909,16,256,16,256
56261,Playing,5175296,14669,0,0,0,0,2,912,139,256,139,256
56508,Playing,5140480,14570,0,0,0,0,2,914,2,256,2,256
56759,Playing,5160960,14628,0,0,0,0,2,918,95,256,95,256
57017,Playing,5181440,14686,0,0,0,0,2,922,4,256,4,256
57295,Playing,5174272,14666,0,0,0,0,2,925,0,256,0,256
57544,Playing,5111808,14489,0,0,0,0,2,926,178,256,179,256
57796,Playing,5187584,14704,0,0,0,0,2,932,169,256,169,256
58042,Playing,5160960,14628,0,0,0,0,2,934,0,256,0,256
58296,Playing,5153792,14608,0,0,0,0,2,940,107,256,107,256
58544,Playing,5174272,14666,0,0,0,0,2,944,0,256,0,256
58753,Playing,5136384,14558,0,0,0,0,2,945,94,256,94,256
59056,Playing,5195776,14727,0,0,0,0,2,951,0,256,0,256
59303,Playing,5160960,14628,0,0,0,0,2,953,0,256,0,256
59551,Playing,5153792,14608,0,0,0,0,2,956,0,256,0,256
59760,Playing,5171200,14657,0,0,0,0,2,959,0,256,0,256
60004,Playing,5136384,14558,0,0,0,0,2,961,85,256,85,256
60256,Playing,5156864,14616,0,0,0,0,2,965,93,256,93,256
60506,Playing,5157888,14619,0,0,0,0,2,968,174,256,174,256
60763,Playing,5150720,14599,0,0,0,0,2,971,0,256,0,256
61006,Playing,5115904,14500,0,0,0,0,2,976,95,256,95,256
61254,Playing,5144576,14582,0,0,0,0,2,980,0,256,0,256
61505,Playing,5137408,14561,0,0,0,0,2,983,93,256,93,256
61753,Playing,5157888,14619,0,0,0,0,2,987,1,256,1,256
62012,Playing,5123072,14521,0,0,0,0,2,989,0,256,0,256
62260,Playing,5151744,14602,0,0,0,0,2,993,0,256,0,256
62509,Playing,5144576,14582,0,0,0,0,2,996,0,256,0,256
62756,Playing,5165056,14640,0,0,0,0,2,1000,15,256,15,256
63008,Playing,5166080,14643,0,0,0,0,2,1003,0,256,0,256
63257,Playing,5131264,14544,0,0,0,0,2,1005,0,256,0,256
63504,Playing,5159936,14625,0,0,0,0,2,1009,0,256,0,256
63752,Playing,5152768,14605,0,0,0,0,2,1015,0,256,0,256
64003,Playing,5117952,14506,0,0,0,0,2,1017,0,256,0,256
64254,Playing,5118976,14509,0,0,0,0,2,1020,0,256,0,256
64502,Playing,5111808,14489,0,0,0,0,2,1023,94,256,94,256
64752,Playing,5132288,14547,0,0,0,0,2,1027,0,256,0,256
65002,Playing,5105664,14471,0,0,0,0,2,1029,0,256,0,256
65269,Playing,5090304,14428,0,0,0,0,2,1032,0,256,0,256
65515,Playing,5146624,14587,0,0,0,0,2,1037,0,256,0,256
65762,Playing,5139456,14567,0,0,0,0,2,1040,0,340,0,340
66017,Playing,5132288,14547,0,0,0,0,2,1043,0,340,0,340
66265,Playing,5133312,14550,0,0,0,0,2,1046,1,340,1,340
66515,Playing,5098496,14451,0,0,0,0,2,1051,0,340,0,340
66761,Playing,5091328,14431,0,0,0,0,2,1054,0,340,0,340
67049,Playing,5103616,14466,0,0,0,0,2,1058,178,340,178,340
67291,Playing,5132288,14547,0,0,0,0,2,1062,0,340,0,340
67537,Playing,5069824,14370,0,0,0,0,2,1063,176,340,176,340
67788,Playing,5098496,14451,0,0,0,0,2,1067,0,340,0,340
68038,Playing,5118976,14509,0,0,0,0,2,1071,0,340,0,340
68290,Playing,5139456,14567,0,0,0,0,2,1075,0,340,0,340
68540,Playing,5104640,14468,0,0,0,0,2,1077,12,340,12,340
68786,Playing,5078016,14393,0,0,0,0,2,1079,98,340,98,340
69037,Playing,5126144,14529,0,0,0,0,2,1084,0,340,0,340
69285,Playing,5099520,14454,0,0,0,0,2,1089,1,340,1,340
69535,Playing,5064704,14355,0,0,0,0,2,1091,0,340,0,340
69782,Playing,5057536,14335,0,0,0,0,2,1094,96,340,96,340
70034,Playing,5113856,14495,0,0,0,0,2,1099,0,340,0,340
70286,Playing,5106688,14474,0,0,0,0,2,1102,0,340,0,340
70529,Playing,5071872,14376,0,0,0,0,2,1104,4,340,4,340
70779,Playing,5072896,14378,0,0,0,0,2,1107,0,340,0,340
71029,Playing,5093376,14437,0,0,0,0,2,1111,0,340,0,340
71282,Playing,5113856,14495,0,0,0,0,2,1115,0,340,0,340
71556,Playing,5134336,14553,0,0,0,0,2,1119,0,340,0,340
71808,Playing,5044224,14297,0,0,0,0,2,1119,0,340,0,340
72061,Playing,5083136,14407,0,0,0,0,2,1126,0,340,15,340
72304,Playing,5065728,14358,0,0,0,0,2,1129,0,340,0,340
72553,Playing,5086208,14416,0,0,0,0,2,1133,92,340,92,340
72800,Playing,5106688,14474,0,0,0,0,2,1137,0,340,0,340
73051,Playing,5052416,14320,0,0,0,0,2,1138,176,340,176,340
73299,Playing,5072896,14378,0,0,0,0,2,1142,95,340,95,340
73548,Playing,5093376,14437,0,0,0,0,2,1146,0,340,0,340
73799,Playing,5094400,14439,0,0,0,0,2,1149,0,340,0,340
74049,Playing,5087232,14419,0,0,0,0,2,1152,94,340,94,340
74298,Playing,5052416,14320,0,0,0,0,2,1154,175,340,175,340
74550,Playing,5081088,14402,0,0,0,0,2,1158,0,340,0,340
74809,Playing,5073920,14381,0,0,0,0,2,1161,103,340,103,340
75058,Playing,5085184,14413,0,0,0,0,2,1168,0,340,0,340
75311,Playing,5022720,14236,0,0,0,0,2,1169,178,340,178,340
75561,Playing,5051392,14318,0,0,0,0,2,1173,0,340,0,340
75750,Playing,5041152,14288,0,0,0,0,2,1175,29,340,29,340
76061,Playing,5064704,14355,0,0,0,0,2,1180,0,340,0,340
76308,Playing,5038080,14280,0,0,0,0,2,1182,1,340,1,340
76558,Playing,5030912,14259,0,0,0,0,2,1185,0,340,0,340
76803,Playing,5059584,14341,0,0,0,0,2,1189,174,340,174,340
77063,Playing,5024768,14242,0,0,0,0,2,1191,2,340,2,340
77304,Playing,5017600,14222,0,0,0,0,2,1194,168,340,168,340
77554,Playing,5046272,14303,0,0,0,0,2,1198,175,340,175,340
77806,Playing,5029888,14257,0,0,0,0,2,1204,0,340,0,340
78057,Playing,4967424,14080,0,0,0,0,2,1205,95,340,95,340
78303,Playing,5023744,14239,0,0,0,0,2,1210,0,340,0,340
78554,Playing,5016576,14219,0,0,0,0,2,1213,0,340,0,340
78802,Playing,5009408,14199,0,0,0,0,2,1216,175,340,176,340
79052,Playing,5010432,14201,0,0,0,0,2,1219,0,340,0,340
79302,Playing,5003264,14181,0,0,0,0,2,1222,0,340,0,340
79554,Playing,5023744,14239,0,0,0,0,2,1226,0,340,0,340
79754,Playing,4985856,14132,0,0,0,0,2,1227,93,340,93,340
80024,Playing,4970496,14088,0,0,0,0,2,1230,95,340,95,340
80307,Playing,5010432,14201,0,0,0,0,2,1235,14,340,14,340
80524,Playing,5001216,14175,0,0,0,0,2,1240,0,340,11,340
80763,Playing,5011456,14204,0,0,0,0,2,1244,16,340,16,340
81004,Playing,5004288,14184,0,0,0,0,2,1247,17,340,17,340
81333,Playing,5000192,14172,0,0,0,0,2,1251,2,340,2,340
81533,Playing,4962304,14065,0,0,0,0,2,1252,172,340,172,340
81795,Playing,4982784,14123,0,0,0,0,2,1256,0,340,0,340
82054,Playing,5003264,14181,0,0,0,0,2,1260,50,340,50,340
82320,Playing,5015552,14216,0,0,0,0,2,1264,0,340,0,340
82580,Playing,5008384,14196,0,0,0,0,2,1267,0,340,0,340
82774,Playing,4970496,14088,0,0,0,0,2,1268,174,340,174,340
83021,Playing,4999168,14169,0,0,0,0,2,1272,0,340,0,340
83349,Playing,4967424,14080,0,0,0,0,2,1277,0,340,0,340
83501,Playing,4965376,14074,0,0,0,0,2,1280,0,340,0,340
83750,Playing,4930560,13975,0,0,0,0,2,1282,107,340,107,340
84058,Playing,4934656,13987,0,0,0,0,2,1286,0,340,0,340
84295,Playing,4935680,13990,0,0,0,0,2,1289,0,340,0,340
84559,Playing,4928512,13969,0,0,0,0,2,1292,142,340,142,340
84828,Playing,4976640,14106,0,0,0,0,2,1297,0,340,0,340
85061,Playing,4977664,14109,0,0,0,0,2,1300,52,340,52,340
85300,Playing,4970496,14088,0,0,0,0,2,1303,25,340,25,340
85513,Playing,4979712,14114,0,0,0,0,2,1306,0,340,0,340
85765,Playing,4980736,14117,0,0,0,0,2,1309,8,340,8,340
86000,Playing,4981760,14120,0,0,0,0,2,1312,40,340,40,340
86253,Playing,4974592,14100,0,0,0,0,2,1318,0,340,1,340
86571,Playing,4942848,14010,0,0,0,0,2,1321,0,340,0,340
86758,Playing,4960256,14059,0,0,0,0,2,1324,0,340,0,340
87053,Playing,4944896,14016,0,0,0,0,2,1327,0,340,0,340
87262,Playing,4926464,13963,0,0,0,0,2,1329,12,340,12,340
87500,Playing,4955136,14045,0,0,0,0,2,1333,0,340,0,340
87775,Playing,4939776,14001,0,0,0,0,2,1336,0,340,0,340
88032,Playing,4932608,13981,0,0,0,0,2,1339,125,340,125,340
88287,Playing,4953088,14039,0,0,0,0,2,1343,144,340,144,340
88500,Playing,4934656,13987,0,0,0,0,2,1345,0,340,1,340
88828,Playing,4985856,14132,0,0,0,0,2,1351,0,340,0,340
89086,Playing,4951040,14033,0,0,0,0,2,1356,81,340,81,340
89312,Playing,4932608,13981,0,0,0,0,2,1358,28,340,28,340
89541,Playing,4933632,13984,0,0,0,0,2,1361,85,340,85,340
89753,Playing,4942848,14010,0,0,0,0,2,1364,0,340,0,340
90061,Playing,4919296,13943,0,0,0,0,2,1367,202,340,202,340
90273,Playing,4928512,13969,0,0,0,0,2,1370,168,340,169,340
90504,Playing,4929536,13972,0,0,0,0,2,1373,20,340,20,340
90753,Playing,4894720,13873,0,0,0,0,2,1375,2,340,2,340
91012,Playing,4942848,14010,0,0,0,0,2,1380,0,340,0,340
91333,Playing,4911104,13920,0,0,0,0,2,1383,33,340,33,340
91550,Playing,4947968,14024,0,0,0,0,2,1387,0,340,0,340
91787,Playing,4912128,13923,0,0,0,0,2,1391,6,340,17,340
92033,Playing,4922368,13952,0,0,0,0,2,1395,0,340,0,340
92367,Playing,4854784,13760,0,0,0,0,2,1397,238,340,238,340
92574,Playing,4927488,13966,0,0,0,0,2,1402,0,340,0,340
92800,Playing,4928512,13969,0,0,0,0,2,1405,0,340,0,340
93024,Playing,4874240,13815,0,0,0,0,2,1406,82,340,83,340
93445,Playing,4873216,13812,0,0,0,0,2,1411,56,340,56,340
93669,Playing,4874240,13815,0,0,0,0,2,1414,170,340,170,340
93820,Playing,4852736,13754,0,0,0,0,2,1415,107,340,107,340
94070,Playing,4956160,14048,0,0,0,0,2,1422,0,340,0,340
94254,Playing,4918272,13940,0,0,0,0,2,1423,186,340,186,340
94616,Playing,4878336,13827,0,0,0,0,2,1426,78,340,78,340
94848,Playing,4879360,13830,0,0,0,0,2,1432,221,340,221,340
95075,Playing,4880384,13833,0,0,0,0,2,1435,153,340,153,340
95288,Playing,4889600,13859,0,0,0,0,2,1438,143,340,143,340
95568,Playing,4846592,13737,0,0,0,0,2,1440,186,340,186,340
95812,Playing,4847616,13740,0,0,0,0,2,1443,61,340,61,340
96183,Playing,4937728,13995,0,0,0,0,2,1451,0,340,0,340
96295,Playing,4896768,13879,0,0,0,0,2,1451,0,340,0,340
96512,Playing,4905984,13905,0,0,0,0,2,1454,105,340,105,340
96828,Playing,4901888,13894,0,0,0,0,2,1458,33,340,33,340
97037,Playing,4891648,13865,0,0,0,0,2,1460,149,340,149,340
97366,Playing,4851712,13752,0,0,0,0,2,1463,194,340,195,340
97527,Playing,4885504,13847,0,0,0,0,2,1469,3,340,3,340
97829,Playing,4806656,13624,0,0,0,0,2,1470,110,340,110,340
98058,Playing,4862976,13783,0,0,0,0,2,1475,6,340,6,340
98286,Playing,4891648,13865,0,0,0,0,2,1479,0,340,0,340
98624,Playing,4915200,13931,0,0,0,0,2,1484,0,341,0,342
98819,Playing,4877312,13824,0,0,0,0,2,1485,156,341,157,342
99061,Playing,4897792,13882,0,0,0,0,2,1489,0,341,0,342
99302,Playing,4843520,13728,0,0,0,0,2,1490,74,341,74,342
99553,Playing,4864000,13786,0,0,0,0,2,1494,7,341,7,342
99773,Playing,4900864,13891,0,0,0,0,2,1498,0,341,0,342
100019,Playing,4893696,13871,0,0,0,0,2,1501,181,341,181,342
100332,Playing,4860928,13778,0,0,0,0,2,1507,18,341,19,342
100565,Playing,4834304,13702,0,0,0,0,2,1509,12,341,12,342
100773,Playing,4843520,13728,0,0,0,0,2,1512,98,341,98,342
101049,Playing,4855808,13763,0,0,0,0,2,1516,1,341,1,342
101375,Playing,4832256,13696,0,0,0,0,2,1519,171,341,171,342
101502,Playing,4838400,13714,0,0,0,0,2,1521,0,341,0,342
101799,Playing,4850688,13749,0,0,0,0,2,1525,34,341,34,342
102037,Playing,4871168,13807,0,0,0,0,2,1529,0,341,0,342
102274,Playing,4844544,13731,0,0,0,0,2,1531,22,341,22,342
102558,Playing,4829184,13688,0,0,0,0,2,1534,0,341,0,342
102814,Playing,4849664,13746,0,0,0,0,2,1538,18,341,18,342
103044,Playing,4840448,13720,0,0,0,0,2,1543,0,341,7,342
103311,Playing,4834304,13702,0,0,0,0,2,1547,0,341,0,342
103523,Playing,4788224,13572,0,0,0,0,2,1548,7,341,8,342
103803,Playing,4800512,13606,0,0,0,0,2,1552,154,341,154,342
104007,Playing,4845568,13734,0,0,0,0,2,1556,0,341,0,342
104291,Playing,4802560,13612,0,0,0,0,2,1558,173,341,173,342
104552,Playing,4842496,13725,0,0,0,0,2,1563,81,341,81,342
104761,Playing,4832256,13696,0,0,0,0,2,1565,0,341,0,342
105094,Playing,4792320,13583,0,0,0,0,2,1568,158,341,158,342
105254,Playing,4826112,13679,0,0,0,0,2,1571,3,341,3,342
105502,Playing,4818944,13659,0,0,0,0,2,1574,16,341,16,342
105753,Playing,4839424,13717,0,0,0,0,2,1578,5,341,5,342
106016,Playing,4795392,13592,0,0,0,0,2,1583,91,341,91,342
106305,Playing,4807680,13627,0,0,0,0,2,1587,0,341,0,342
106562,Playing,4800512,13606,0,0,0,0,2,1590,165,341,165,342
106861,Playing,4795392,13592,0,0,0,0,2,1594,227,341,0,342
107000,Playing,4783104,13557,0,0,0,0,2,1595,55,341,55,342
107315,Playing,4787200,13569,0,0,0,0,2,1599,167,341,167,342
107542,Playing,4815872,13650,0,0,0,0,2,1603,150,341,150,342
107791,Playing,4789248,13574,0,0,0,0,2,1605,0,341,0,342
108054,Playing,4801536,13609,0,0,0,0,2,1609,0,341,0,342
108291,Playing,4830208,13691,0,0,0,0,2,1613,0,341,0,342
108515,Playing,4784128,13560,0,0,0,0,2,1614,65,341,65,342
108762,Playing,4776960,13540,0,0,0,0,2,1620,2,341,2,342
109037,Playing,4797440,13598,0,0,0,0,2,1624,0,341,0,342
109317,Playing,4782080,13554,0,0,0,0,2,1627,0,341,0,342
109506,Playing,4771840,13525,0,0,0,0,2,1629,0,341,0,342
109783,Playing,4756480,13482,0,0,0,0,2,1632,7,341,8,342
110060,Playing,4768768,13516,0,0,0,0,2,1636,13,341,13,342
110308,Playing,4789248,13574,0,0,0,0,2,1640,6,341,6,342
110563,Playing,4809728,13633,0,0,0,0,2,1644,1,341,1,342
110808,Playing,4810752,13635,0,0,0,0,2,1647,13,341,13,342
111070,Playing,4775936,13537,0,0,0,0,2,1649,3,341,3,342
111291,Playing,4776960,13540,0,0,0,0,2,1652,4,341,4,342
111565,Playing,4769792,13519,0,0,0,0,2,1658,88,341,89,342
111766,Playing,4806656,13624,0,0,0,0,2,1662,3,341,3,342
112019,Playing,4744192,13447,0,0,0,0,2,1663,175,341,175,342
112312,Playing,4784128,13560,0,0,0,0,2,1668,93,341,93,342
112516,Playing,4793344,13586,0,0,0,0,2,1671,28,341,28,342
112782,Playing,4786176,13566,0,0,0,0,2,1674,0,341,0,342
113062,Playing,4770816,13522,0,0,0,0,2,1677,2,341,2,342
113316,Playing,4763648,13502,0,0,0,0,2,1680,0,341,0,342
113503,Playing,4781056,13551,0,0,0,0,2,1683,98,341,98,342
113815,Playing,4785152,13563,0,0,0,0,2,1687,0,341,0,342
114058,Playing,4813824,13644,0,0,0,0,2,1691,0,341,0,342
114267,Playing,4767744,13514,0,0,0,0,2,1692,172,341,172,342
114540,Playing,4752384,13470,0,0,0,0,2,1698,0,341,0,342
114795,Playing,4745216,13450,0,0,0,0,2,1701,96,341,96,342
115041,Playing,4773888,13531,0,0,0,0,2,1705,0,341,0,342
115308,Playing,4786176,13566,0,0,0,0,2,1709,0,341,0,342
115563,Playing,4759552,13490,0,0,0,0,2,1711,0,341,0,342
115770,Playing,4741120,13438,0,0,0,0,2,1713,0,341,0,342
116041,Playing,4725760,13395,0,0,0,0,2,1716,7,341,7,342
116262,Playing,4762624,13499,0,0,0,0,2,1720,1,341,2,342
116508,Playing,4755456,13479,0,0,0,0,2,1723,93,341,93,342
116762,Playing,4720640,13380,0,0,0,0,2,1725,0,341,0,342
117025,Playing,4741120,13438,0,0,0,0,2,1729,13,341,13,342
117320,Playing,4725760,13395,0,0,0,0,2,1735,0,341,0,342
117515,Playing,4734976,13421,0,0,0,0,2,1738,0,341,0,342
117770,Playing,4727808,13400,0,0,0,0,2,1741,95,341,95,342
118011,Playing,4756480,13482,0,0,0,0,2,1745,93,341,93,342
118262,Playing,4721664,13383,0,0,0,0,2,1747,0,341,0,342
118511,Playing,4750336,13464,0,0,0,0,2,1751,0,341,0,342
118765,Playing,4743168,13444,0,0,0,0,2,1754,95,341,95,342
119049,Playing,4755456,13479,0,0,0,0,2,1758,1,341,1,342
119250,Playing,4709376,13348,0,0,0,0,2,1759,174,341,174,342
119527,Playing,4749312,13461,0,0,0,0,2,1764,0,341,0,342
119782,Playing,4750336,13464,0,0,0,0,2,1767,1,341,1,342
120040,Playing,4715520,13365,0,0,0,0,2,1772,97,341,97,342
120283,Playing,4708352,13345,0,0,0,0,2,1775,0,341,0,342
120529,Playing,4709376,13348,0,0,0,0,2,1778,0,341,0,342
120779,Playing,4729856,13406,0,0,0,0,2,1782,0,341,0,342
121031,Playing,4722688,13386,0,0,0,0,2,1785,0,341,0,342
121286,Playing,4687872,13287,0,0,0,0,2,1787,0,341,0,342
121537,Playing,4716544,13368,0,0,0,0,2,1791,3,341,3,342
121790,Playing,4737024,13426,0,0,0,0,2,1795,10,341,10,342
122052,Playing,4729856,13406,0,0,0,0,2,1798,1,341,1,342
122308,Playing,4750336,13464,0,0,0,0,2,1802,16,341,16,342
122566,Playing,4743168,13444,0,0,0,0,2,1805,2,341,2,342
122810,Playing,4736000,13424,0,0,0,0,2,1811,0,341,0,342
123056,Playing,4681728,13270,0,0,0,0,2,1812,179,341,179,342
123252,Playing,4671488,13241,0,0,0,0,2,1814,14,341,14,342
123557,Playing,4730880,13409,0,0,0,0,2,1820,0,341,0,342
123804,Playing,4723712,13389,0,0,0,0,2,1823,91,341,91,342
124056,Playing,4688896,13290,0,0,0,0,2,1825,0,341,0,342
124305,Playing,4717568,13371,0,0,0,0,2,1829,1,341,1,342
124556,Playing,4738048,13429,0,0,0,0,2,1833,0,341,0,342
124802,Playing,4730880,13409,0,0,0,0,2,1836,15,341,15,342
125054,Playing,4676608,13255,0,0,0,0,2,1837,174,341,174,342
125306,Playing,4724736,13392,0,0,0,0,2,1842,1,341,1,342
125553,Playing,4680704,13267,0,0,0,0,2,1847,0,341,0,342
125753,Playing,4670464,13238,0,0,0,0,2,1849,0,341,0,342
126003,Playing,4690944,13296,0,0,0,0,2,1853,0,341,0,342
126293,Playing,4675584,13252,0,0,0,0,2,1856,0,341,0,342
126535,Playing,4668416,13232,0,0,0,0,2,1859,174,341,174,342
126783,Playing,4641792,13157,0,0,0,0,2,1861,0,341,0,342
127032,Playing,4662272,13215,0,0,0,0,2,1865,172,341,172,342
127285,Playing,4682752,13273,0,0,0,0,2,1869,0,341,0,342
127536,Playing,4683776,13276,0,0,0,0,2,1872,0,341,0,342
127785,Playing,4704256,13334,0,0,0,0,2,1876,0,341,1,342
128035,Playing,4669440,13235,0,0,0,0,2,1878,2,341,2,342
128283,Playing,4670464,13238,0,0,0,0,2,1881,1,341,1,342
128535,Playing,4654080,13191,0,0,0,0,2,1887,0,341,0,342
128803,Playing,4674560,13249,0,0,0,0,2,1891,0,341,0,342
129052,Playing,4612096,13072,0,0,0,0,2,1892,94,341,94,342
129304,Playing,4632576,13130,0,0,0,0,2,1896,0,341,0,342
129552,Playing,4661248,13212,0,0,0,0,2,1900,1,341,1,342
129853,Playing,4637696,13145,0,0,0,0,2,1903,0,341,0,342
130036,Playing,4627456,13116,0,0,0,0,2,1905,42,341,42,342
130296,Playing,4647936,13174,0,0,0,0,2,1909,45,341,46,342
130519,Playing,4648960,13177,0,0,0,0,2,1912,2,341,2,342
130812,Playing,4661248,13212,0,0,0,0,2,1916,8,341,8,342
131045,Playing,4662272,13215,0,0,0,0,2,1919,153,341,153,342
131300,Playing,4590592,13011,0,0,0,0,2,1923,0,341,0,342
131515,Playing,4627456,13116,0,0,0,0,2,1927,0,341,0,342
131781,Playing,4592640,13017,0,0,0,0,2,1929,154,341,154,342
132040,Playing,4585472,12997,0,0,0,0,2,1932,76,341,76,342
132293,Playing,4605952,13055,0,0,0,0,2,1936,0,341,0,342
132544,Playing,4626432,13113,0,0,0,0,2,1940,1,341,1,342
132793,Playing,4619264,13093,0,0,0,0,2,1943,0,341,0,342
133065,Playing,4639744,13151,0,0,0,0,2,1947,0,341,1,342
133308,Playing,4668416,13232,0,0,0,0,2,1951,0,341,0,342
133560,Playing,4661248,13212,0,0,0,0,2,1954,0,341,0,342
133831,Playing,4590592,13011,0,0,0,0,2,1955,213,341,213,342
134020,Playing,4580352,12982,0,0,0,0,2,1957,0,341,0,342
134283,Playing,4545536,12884,0,0,0,0,2,1962,3,341,3,342
134548,Playing,4593664,13020,0,0,0,0,2,1967,0,341,0,342
134797,Playing,4586496,13000,0,0,0,0,2,1970,170,341,170,342
135045,Playing,4606976,13058,0,0,0,0,2,1974,0,341,0,342
135295,Playing,4635648,13139,0,0,0,0,2,1978,0,341,0,342
135544,Playing,4573184,12962,0,0,0,0,2,1979,175,341,175,342
135794,Playing,4593664,13020,0,0,0,0,2,1983,172,341,172,342
136043,Playing,4622336,13101,0,0,0,0,2,1987,1,341,1,342
136307,Playing,4615168,13081,0,0,0,0,2,1990,1,341,1,342
136556,Playing,4635648,13139,0,0,0,0,2,1994,0,341,0,342
136807,Playing,4573184,12962,0,0,0,0,2,1996,93,341,93,342
137053,Playing,4574208,12965,0,0,0,0,2,2001,0,341,0,342
137256,Playing,4555776,12913,0,0,0,0,2,2003,0,341,0,342
137507,Playing,4576256,12971,0,0,0,0,2,2007,0,341,0,342
137760,Playing,4577280,12974,0,0,0,0,2,2010,164,341,164,342
138005,Playing,4597760,13032,0,0,0,0,2,2014,0,341,0,342
138256,Playing,4590592,13011,0,0,0,0,2,2017,175,341,175,342
138506,Playing,4563968,12936,0,0,0,0,2,2019,0,341,0,342
138755,Playing,4584448,12994,0,0,0,0,2,2023,0,341,0,342
139005,Playing,4604928,13052,0,0,0,0,2,2027,0,341,0,342
139253,Playing,4605952,13055,0,0,0,0,2,2030,0,341,0,342
139502,Playing,4571136,12956,0,0,0,0,2,2032,0,341,0,342
139752,Playing,4536320,12858,0,0,0,0,2,2037,175,341,175,342
140002,Playing,4564992,12939,0,0,0,0,2,2041,0,341,0,342
140252,Playing,4585472,12997,0,0,0,0,2,2045,0,341,0,342
140501,Playing,4523008,12820,0,0,0,0,2,2046,94,341,94,342
140750,Playing,4579328,12979,0,0,0,0,2,2051,0,341,0,342
141063,Playing,4547584,12889,0,0,0,0,2,2054,0,341,0,342
141252,Playing,4564992,12939,0,0,0,0,2,2057,0,341,0,342
141503,Playing,4593664,13020,0,0,0,0,2,2061,94,341,94,342
141752,Playing,4558848,12921,0,0,0,0,2,2063,0,341,0,342
142007,Playing,4551680,12901,0,0,0,0,2,2066,0,341,0,342
142253,Playing,4580352,12982,0,0,0,0,2,2070,95,341,95,342
142501,Playing,4573184,12962,0,0,0,0,2,2076,0,341,0,342
142752,Playing,4538368,12863,0,0,0,0,2,2078,0,341,0,342
143000,Playing,4539392,12866,0,0,0,0,2,2081,0,341,0,342
143252,Playing,4559872,12924,0,0,0,0,2,2085,0,341,0,342
143506,Playing,4552704,12904,0,0,0,0,2,2088,0,341,0,342
143759,Playing,4573184,12962,0,0,0,0,2,2092,90,341,90,342
144010,Playing,4518912,12808,0,0,0,0,2,2093,172,341,172,342
144260,Playing,4567040,12945,0,0,0,0,2,2098,0,341,0,342
144510,Playing,4559872,12924,0,0,0,0,2,2101,0,341,0,342
144759,Playing,4580352,12982,0,0,0,0,2,2105,0,341,0,342
145012,Playing,4581376,12985,0,0,0,0,2,2108,0,341,0,342
145261,Playing,4546560,12887,0,0,0,0,2,2113,0,341,0,342
145510,Playing,4511744,12788,0,0,0,0,2,2115,177,341,177,342
145762,Playing,4540416,12869,0,0,0,0,2,2119,176,341,176,342
146007,Playing,4505600,12770,0,0,0,0,2,2121,0,341,0,342
146256,Playing,4506624,12773,0,0,0,0,2,2124,175,341,175,342
146508,Playing,4527104,12831,0,0,0,0,2,2128,0,341,0,342
146756,Playing,4547584,12889,0,0,0,0,2,2132,0,341,0,342
147004,Playing,4520960,12814,0,0,0,0,2,2134,13,341,13,342
147252,Playing,4541440,12872,0,0,0,0,2,2138,0,341,0,342
147503,Playing,4534272,12852,0,0,0,0,2,2141,0,341,0,342
147755,Playing,4507648,12776,0,0,0,0,2,2143,0,341,0,342
148005,Playing,4518912,12808,0,0,0,0,2,2149,0,341,14,342
148254,Playing,4493312,12736,0,0,0,0,2,2152,3,341,4,342
148505,Playing,4486144,12715,0,0,0,0,2,2155,95,341,95,342
148758,Playing,4459520,12640,0,0,0,0,2,2157,1,341,1,342
149020,Playing,4480000,12698,0,0,0,0,2,2161,0,341,0,342
149286,Playing,4492288,12733,0,0,0,0,2,2165,0,341,0,342
149539,Playing,4485120,12712,0,0,0,0,2,2168,15,341,15,342
149790,Playing,4513792,12794,0,0,0,0,2,2172,0,341,0,342
150040,Playing,4506624,12773,0,0,0,0,2,2175,174,341,174,342
150293,Playing,4471808,12675,0,0,0,0,2,2177,0,341,0,342
150544,Playing,4492288,12733,0,0,0,0,2,2181,0,341,0,342
150797,Playing,4493312,12736,0,0,0,0,2,2184,174,341,174,342
151048,Playing,4476928,12689,0,0,0,0,2,2190,0,341,0,342
151298,Playing,4442112,12591,0,0,0,0,2,2192,0,341,0,342
151544,Playing,4470784,12672,0,0,0,0,2,2196,0,341,0,342
151792,Playing,4463616,12651,0,0,0,0,2,2199,0,341,0,342
152042,Playing,4484096,12710,0,0,0,0,2,2203,15,341,15,342
152290,Playing,4512768,12791,0,0,0,0,2,2207,0,341,0,342
152542,Playing,4450304,12614,0,0,0,0,2,2208,172,341,173,342
152790,Playing,4470784,12672,0,0,0,0,2,2212,0,341,0,342
153039,Playing,4499456,12753,0,0,0,0,2,2216,0,341,0,342
153291,Playing,4436992,12576,0,0,0,0,2,2217,177,341,177,342
153540,Playing,4457472,12634,0,0,0,0,2,2221,0,341,0,342
153789,Playing,4421632,12532,0,0,0,0,2,2226,0,341,0,342
154064,Playing,4433920,12567,0,0,0,0,2,2230,4,341,4,342
154269,Playing,4387840,12437,0,0,0,0,2,2231,196,341,196,342
154532,Playing,4435968,12573,0,0,0,0,2,2236,0,341,0,342
154774,Playing,4436992,12576,0,0,0,0,2,2239,83,341,83,342
155048,Playing,4449280,12611,0,0,0,0,2,2243,7,341,8,342
155311,Playing,4442112,12591,0,0,0,0,2,2246,8,341,9,342
155508,Playing,4423680,12538,0,0,0,0,2,2248,0,341,0,342
155757,Playing,4424704,12541,0,0,0,0,2,2251,82,341,82,342
156015,Playing,4472832,12678,0,0,0,0,2,2256,0,341,0,342
156253,Playing,4473856,12680,0,0,0,0,2,2259,0,341,0,342
156506,Playing,4457472,12634,0,0,0,0,2,2265,0,341,0,342
156787,Playing,4442112,12591,0,0,0,0,2,2268,15,341,15,342
157041,Playing,4407296,12492,0,0,0,0,2,2270,0,341,0,342
157291,Playing,4435968,12573,0,0,0,0,2,2274,0,341,0,342
157538,Playing,4428800,12553,0,0,0,0,2,2277,0,341,0,342
157790,Playing,4449280,12611,0,0,0,0,2,2281,0,341,0,342
158040,Playing,4422656,12535,0,0,0,0,2,2283,0,341,0,342
158289,Playing,4415488,12515,0,0,0,0,2,2286,0,341,0,342
158536,Playing,4435968,12573,0,0,0,0,2,2290,94,341,94,342
158786,Playing,4409344,12498,0,0,0,0,2,2292,0,341,0,342
159035,Playing,4402176,12477,0,0,0,0,2,2295,95,341,95,342
159285,Playing,4395008,12457,0,0,0,0,2,2301,0,341,15,342
159534,Playing,4423680,12538,0,0,0,0,2,2305,0,341,0,342
159784,Playing,4416512,12518,0,0,0,0,2,2308,1,341,1,342
160035,Playing,4409344,12498,0,0,0,0,2,2311,98,341,98,342
160295,Playing,4402176,12477,0,0,0,0,2,2314,3,341,3,342
160549,Playing,4395008,12457,0,0,0,0,2,2317,54,341,54,342
160799,Playing,4423680,12538,0,0,0,0,2,2321,95,341,95,342
161019,Playing,4397056,12463,0,0,0,0,2,2323,0,341,0,342
161262,Playing,4398080,12466,0,0,0,0,2,2326,98,341,98,342
161519,Playing,4418560,12524,0,0,0,0,2,2330,0,341,0,342
161785,Playing,4411392,12503,0,0,0,0,2,2333,103,341,103,342
162036,Playing,4404224,12483,0,0,0,0,2,2339,0,341,12,342
162312,Playing,4388864,12440,0,0,0,0,2,2342,87,341,87,342
162537,Playing,4370432,12387,0,0,0,0,2,2344,0,341,0,342
162770,Playing,4399104,12469,0,0,0,0,2,2348,92,341,92,342
163020,Playing,4419584,12527,0,0,0,0,2,2352,2,341,2,342
163270,Playing,4357120,12350,0,0,0,0,2,2353,188,341,189,342
163523,Playing,4413440,12509,0,0,0,0,2,2358,0,341,0,342
163770,Playing,4406272,12489,0,0,0,0,2,2361,3,341,3,342
164044,Playing,4418560,12524,0,0,0,0,2,2365,0,341,0,342
164295,Playing,4419584,12527,0,0,0,0,2,2368,6,341,6,342
164552,Playing,4384768,12428,0,0,0,0,2,2370,0,341,0,342
164795,Playing,4377600,12408,0,0,0,0,2,2373,1,341,1,342
165048,Playing,4378624,12411,0,0,0,0,2,2379,0,341,0,342
165299,Playing,4399104,12469,0,0,0,0,2,2383,20,341,20,342
165533,Playing,4344832,12315,0,0,0,0,2,2384,170,341,170,342
165816,Playing,4357120,12350,0,0,0,0,2,2388,177,341,177,342
166006,Playing,4346880,12321,0,0,0,0,2,2390,0,341,0,342
166252,Playing,4339712,12300,0,0,0,0,2,2393,170,341,170,342
166561,Playing,4399104,12469,0,0,0,0,2,2399,0,341,0,342
166752,Playing,4388864,12440,0,0,0,0,2,2401,0,341,0,342
167023,Playing,4373504,12396,0,0,0,0,2,2404,181,341,182,342
167282,Playing,4366336,12376,0,0,0,0,2,2407,0,341,0,342
167545,Playing,4331520,12277,0,0,0,0,2,2409,173,341,173,342
167791,Playing,4332544,12280,0,0,0,0,2,2415,175,341,175,342
168044,Playing,4353024,12338,0,0,0,0,2,2419,7,341,7,342
168253,Playing,4334592,12286,0,0,0,0,2,2421,15,341,15,342
168523,Playing,4319232,12242,0,0,0,0,2,2424,67,341,67,342
168795,Playing,4367360,12379,0,0,0,0,2,2429,0,341,0,342
169053,Playing,4332544,12280,0,0,0,0,2,2431,170,341,170,342
169302,Playing,4353024,12338,0,0,0,0,2,2435,180,341,180,342
169553,Playing,4318208,12239,0,0,0,0,2,2437,2,341,2,342
169798,Playing,4319232,12242,0,0,0,0,2,2440,176,341,176,342
170048,Playing,4367360,12379,0,0,0,0,2,2445,0,341,0,342
170299,Playing,4360192,12358,0,0,0,0,2,2448,0,341,0,342
170569,Playing,4316160,12234,0,0,0,0,2,2452,0,341,16,342
170787,Playing,4334592,12286,0,0,0,0,2,2456,0,341,0,342
171036,Playing,4327424,12265,0,0,0,0,2,2459,0,341,0,342
171285,Playing,4320256,12245,0,0,0,0,2,2462,55,341,55,342
171535,Playing,4321280,12248,0,0,0,0,2,2465,0,341,0,342
171786,Playing,4314112,12228,0,0,0,0,2,2468,0,341,0,342
172035,Playing,4334592,12286,0,0,0,0,2,2472,171,341,171,342
172285,Playing,4363264,12367,0,0,0,0,2,2476,0,341,0,342
172535,Playing,4300800,12190,0,0,0,0,2,2477,94,341,94,342
172786,Playing,4321280,12248,0,0,0,0,2,2481,0,341,0,342
173040,Playing,4349952,12329,0,0,0,0,2,2485,0,341,0,342
173290,Playing,4333568,12283,0,0,0,0,2,2490,0,341,11,342
173541,Playing,4280320,12132,0,0,0,0,2,2492,0,341,0,342
173794,Playing,4273152,12112,0,0,0,0,2,2495,176,341,176,342
174070,Playing,4293632,12170,0,0,0,0,2,2499,174,341,174,342
174257,Playing,4283392,12141,0,0,0,0,2,2501,0,341,0,342
174530,Playing,4295680,12175,0,0,0,0,2,2505,0,341,0,342
174785,Playing,4316160,12234,0,0,0,0,2,2509,0,341,0,342
175054,Playing,4308992,12213,0,0,0,0,2,2512,0,341,0,342
175253,Playing,4318208,12239,0,0,0,0,2,2515,155,341,155,342
175514,Playing,4311040,12219,0,0,0,0,2,2518,0,341,0,342
175785,Playing,4303872,12199,0,0,0,0,2,2521,0,341,0,342
176033,Playing,4324352,12257,0,0,0,0,2,2525,0,341,0,342
176290,Playing,4252672,12054,0,0,0,0,2,2529,175,341,175,342
176532,Playing,4308992,12213,0,0,0,0,2,2534,0,341,0,342
176815,Playing,4293632,12170,0,0,0,0,2,2537,0,341,0,342
177049,Playing,4267008,12094,0,0,0,0,2,2539,67,341,67,342
177266,Playing,4295680,12175,0,0,0,0,2,2543,7,341,7,342
177502,Playing,4269056,12100,0,0,0,0,2,2545,1,341,1,342
177769,Playing,4289536,12158,0,0,0,0,2,2549,0,341,0,342
178045,Playing,4274176,12115,0,0,0,0,2,2552,175,341,175,342
178320,Playing,4267008,12094,0,0,0,0,2,2555,200,341,201,342
178543,Playing,4323328,12254,0,0,0,0,2,2560,0,341,0,342
178781,Playing,4269056,12100,0,0,0,0,2,2561,170,341,170,342
179035,Playing,4252672,12054,0,0,0,0,2,2567,0,341,0,342
179289,Playing,4245504,12033,0,0,0,0,2,2570,0,341,0,342
179548,Playing,4265984,12091,0,0,0,0,2,2574,0,341,1,342
179796,Playing,4267008,12094,0,0,0,0,2,2577,171,341,171,342
180045,Playing,4232192,11996,0,0,0,0,2,2579,0,341,0,342
180283,Playing,4233216,11998,0,0,0,0,2,2582,171,341,171,342
180548,Playing,4226048,11978,0,0,0,0,2,2585,31,341,31,342
180774,Playing,4227072,11981,0,0,0,0,2,2588,28,341,28,342
181033,Playing,4247552,12039,0,0,0,0,2,2592,9,341,9,342
181269,Playing,4248576,12042,0,0,0,0,2,2595,90,341,90,342
181566,Playing,4252672,12054,0,0,0,0,2,2599,9,341,10,342
181772,Playing,4243456,12027,0,0,0,0,2,2604,0,341,13,342
182015,Playing,4253696,12056,0,0,0,0,2,2608,91,341,91,342
182262,Playing,4218880,11958,0,0,0,0,2,2610,0,341,0,342
182510,Playing,4219904,11961,0,0,0,0,2,2613,96,341,96,342
182756,Playing,4240384,12019,0,0,0,0,2,2617,94,341,94,342
183005,Playing,4241408,12022,0,0,0,0,2,2620,96,341,96,342
183256,Playing,4234240,12001,0,0,0,0,2,2623,0,341,0,342
183504,Playing,4254720,12059,0,0,0,0,2,2627,0,341,0,342
183785,Playing,4239360,12016,0,0,0,0,2,2630,95,341,95,342
184043,Playing,4259840,12074,0,0,0,0,2,2634,1,341,1,342
184286,Playing,4260864,12077,0,0,0,0,2,2637,96,341,96,342
184534,Playing,4226048,11978,0,0,0,0,2,2639,0,341,0,342
184786,Playing,4218880,11958,0,0,0,0,2,2645,0,341,0,342
185039,Playing,4219904,11961,0,0,0,0,2,2648,0,341,0,342
185253,Playing,4193280,11885,0,0,0,0,2,2650,0,341,0,342
185501,Playing,4194304,11888,0,0,0,0,2,2653,157,341,157,342
185755,Playing,4242432,12025,0,0,0,0,2,2658,0,341,0,342
186003,Playing,4179968,11847,0,0,0,0,2,2659,176,341,176,342
186270,Playing,4200448,11906,0,0,0,0,2,2663,19,341,19,342
186539,Playing,4220928,11964,0,0,0,0,2,2667,93,341,93,342
186793,Playing,4213760,11943,0,0,0,0,2,2670,0,341,0,342
187043,Playing,4234240,12001,0,0,0,0,2,2674,0,341,0,342
187319,Playing,4218880,11958,0,0,0,0,2,2677,3,341,3,342
187507,Playing,4153344,11772,0,0,0,0,2,2680,2,341,11,342
187782,Playing,4173824,11830,0,0,0,0,2,2684,166,341,166,342
188036,Playing,4194304,11888,0,0,0,0,2,2688,0,341,0,342
188328,Playing,4170752,11821,0,0,0,0,2,2691,190,341,190,342
188586,Playing,4163584,11801,0,0,0,0,2,2694,148,341,148,342
188798,Playing,4172800,11827,0,0,0,0,2,2697,0,341,0,342
189073,Playing,4165632,11807,0,0,0,0,2,2700,184,341,184,342
189270,Playing,4202496,11911,0,0,0,0,2,2704,149,341,149,342
189536,Playing,4167680,11813,0,0,0,0,2,2706,90,341,91,342
189832,Playing,4171776,11824,0,0,0,0,2,2710,20,341,20,342
190069,Playing,4172800,11827,0,0,0,0,2,2713,64,341,64,342
190320,Playing,4165632,11807,0,0,0,0,2,2719,0,341,0,342
190552,Playing,4166656,11810,0,0,0,0,2,2722,98,341,98,342
190765,Playing,4175872,11836,0,0,0,0,2,2725,0,341,0,342
191052,Playing,4132864,11714,0,0,0,0,2,2727,89,341,90,342
191303,Playing,4153344,11772,0,0,0,0,2,2731,92,341,92,342
191535,Playing,4182016,11853,0,0,0,0,2,2735,19,341,19,342
191791,Playing,4210688,11935,0,0,0,0,2,2739,1,341,1,342
192053,Playing,4167680,11813,0,0,0,0,2,2741,0,341,0,342
192256,Playing,4212736,11940,0,0,0,0,2,2745,0,341,0,342
192540,Playing,4161536,11795,0,0,0,0,2,2747,106,341,106,342
192795,Playing,4162560,11798,0,0,0,0,2,2750,0,341,0,342
193002,Playing,4162560,11798,0,0,0,0,2,2755,0,341,11,342
193336,Playing,4195328,11891,0,0,0,0,2,2761,3,341,3,342
193611,Playing,4124672,11691,0,0,0,0,2,2762,213,341,213,342
193755,Playing,4213760,11943,0,0,0,0,2,2767,0,341,0,342
194022,Playing,4143104,11743,0,0,0,0,2,2768,180,341,180,342
194253,Playing,4171776,11824,0,0,0,0,2,2772,0,341,0,342
194548,Playing,4156416,11781,0,0,0,0,2,2775,0,341,0,342
194757,Playing,4193280,11885,0,0,0,0,2,2779,16,341,16,342
195065,Playing,4169728,11818,0,0,0,0,2,2782,107,341,107,342
195252,Playing,4159488,11789,0,0,0,0,2,2784,0,341,0,342
195542,Playing,4163584,11801,0,0,0,0,2,2788,0,341,0,342
195770,Playing,4172800,11827,0,0,0,0,2,2794,0,341,0,342
196065,Playing,4149248,11760,0,0,0,0,2,2797,0,341,0,342
196336,Playing,4133888,11717,0,0,0,0,2,2800,89,341,89,342
196552,Playing,4143104,11743,0,0,0,0,2,2803,0,341,0,342
196840,Playing,4127744,11699,0,0,0,0,2,2806,0,341,0,342
197080,Playing,4156416,11781,0,0,0,0,2,2810,0,341,0,342
197334,Playing,4176896,11839,0,0,0,0,2,2814,8,341,8,342
197566,Playing,4122624,11685,0,0,0,0,2,2815,188,341,188,342
197907,Playing,4110336,11650,0,0,0,0,2,2819,7,341,8,342
198003,Playing,4105216,11636,0,0,0,0,2,2820,198,341,198,342
198360,Playing,4148224,11758,0,0,0,0,2,2826,64,341,64,342
198506,Playing,4154368,11775,0,0,0,0,2,2828,0,341,0,342
198784,Playing,4111360,11653,0,0,0,0,2,2833,100,341,100,342
199056,Playing,4123648,11688,0,0,0,0,2,2837,110,341,110,342
199256,Playing,4085760,11580,0,0,0,0,2,2838,186,341,186,342
199528,Playing,4098048,11615,0,0,0,0,2,2842,145,341,145,342
199785,Playing,4118528,11673,0,0,0,0,2,2846,88,341,88,342
200027,Playing,4147200,11755,0,0,0,0,2,2850,0,341,0,342
200318,Playing,4123648,11688,0,0,0,0,2,2853,74,341,74,342
200539,Playing,4105216,11636,0,0,0,0,2,2855,1,341,1,342
200753,Playing,4114432,11662,0,0,0,0,2,2858,116,341,116,342
201015,Playing,4134912,11720,0,0,0,0,2,2862,0,341,0,342
201311,Playing,4111360,11653,0,0,0,0,2,2865,101,341,102,342
201511,Playing,4083712,11575,0,0,0,0,2,2870,0,341,0,342
201816,Playing,4060160,11508,0,0,0,0,2,2873,160,341,160,342
202010,Playing,4049920,11479,0,0,0,0,2,2875,19,341,19,342
202403,Playing,3993600,11319,0,0,0,0,2,2878,135,341,135,342
202590,Playing,4066304,11525,0,0,0,0,2,2883,57,341,57,342
202790,Playing,4056064,11496,0,0,0,0,2,2885,161,341,162,342
203030,Playing,4112384,11656,0,0,0,0,2,2890,1,341,1,342
203266,Playing,4085760,11580,0,0,0,0,2,2892,29,341,29,342
203574,Playing,4054016,11490,0,0,0,0,2,2895,3,341,3,342
203753,Playing,4099072,11618,0,0,0,0,2,2899,11,341,11,342
204014,Playing,4100096,11621,0,0,0,0,2,2902,94,341,94,342
204253,Playing,4073472,11546,0,0,0,0,2,2904,0,341,0,342
204503,Playing,4057088,11499,0,0,0,0,2,2910,20,341,20,342
204765,Playing,4077568,11557,0,0,0,0,2,2914,29,341,29,342
205035,Playing,4062208,11514,0,0,0,0,2,2917,11,341,11,342
205306,Playing,4055040,11493,0,0,0,0,2,2920,95,341,95,342
205551,Playing,4047872,11473,0,0,0,0,2,2923,1,341,1,342
205803,Playing,4040704,11453,0,0,0,0,2,2926,0,341,0,342
206068,Playing,4061184,11511,0,0,0,0,2,2930,0,341,0,342
206257,Playing,4106240,11639,0,0,0,0,2,2934,0,341,0,342
206541,Playing,4035584,11438,0,0,0,0,2,2935,162,341,162,342
206777,Playing,4064256,11520,0,0,0,0,2,2939,2,341,2,342
207065,Playing,4048896,11476,0,0,0,0,2,2942,29,341,29,342
207356,Playing,4016128,11383,0,0,0,0,2,2948,0,341,0,342
207519,Playing,4041728,11456,0,0,0,0,2,2951,2,341,2,342
207794,Playing,4034560,11435,0,0,0,0,2,2954,0,341,0,342
208010,Playing,4035584,11438,0,0,0,0,2,2957,0,341,0,342
208303,Playing,4020224,11395,0,0,0,0,2,2960,103,341,103,342
208552,Playing,3985408,11296,0,0,0,0,2,2962,1,341,1,342
208778,Playing,4022272,11400,0,0,0,0,2,2966,79,341,79,342
209020,Playing,4015104,11380,0,0,0,0,2,2969,98,341,98,342
209306,Playing,4055040,11493,0,0,0,0,2,2974,0,341,0,342
209532,Playing,4008960,11363,0,0,0,0,2,2975,178,341,178,342
209777,Playing,4029440,11421,0,0,0,0,2,2979,6,341,6,342
210048,Playing,3994624,11322,0,0,0,0,2,2984,95,341,95,342
210302,Playing,4015104,11380,0,0,0,0,2,2988,9,341,9,342
210540,Playing,4016128,11383,0,0,0,0,2,2991,85,341,85,342
210753,Playing,3997696,11331,0,0,0,0,2,2993,2,341,2,342
211073,Playing,3965952,11241,0,0,0,0,2,2996,8,341,8,342
211260,Playing,4038656,11447,0,0,0,0,2,3001,49,392,49,392
211591,Playing,3951616,11200,0,0,0,0,2,3002,143,392,143,392
211778,Playing,4024320,11406,0,0,0,0,2,3007,0,392,0,392
212055,Playing,4008960,11363,0,0,0,0,2,3010,1,392,1,392
212265,Playing,4018176,11389,0,0,0,0,2,3013,37,392,37,392
212502,Playing,4019200,11392,0,0,0,0,2,3016,0,392,0,392
212847,Playing,3979264,11279,0,0,0,0,2,3022,157,392,157,392
213060,Playing,3988480,11305,0,0,0,0,2,3025,2,392,2,392
213272,Playing,3997696,11331,0,0,0,0,2,3028,0,392,0,392
213544,Playing,3990528,11311,0,0,0,0,2,3031,99,392,99,392
213793,Playing,3983360,11290,0,0,0,0,2,3034,0,392,0,392
214011,Playing,4020224,11395,0,0,0,0,2,3038,0,392,0,392
214260,Playing,3930112,11139,0,0,0,0,2,3038,0,392,0,392
214535,Playing,3997696,11331,0,0,0,0,2,3044,140,392,141,392
214778,Playing,3971072,11255,0,0,0,0,2,3046,0,392,0,392
215035,Playing,3991552,11313,0,0,0,0,2,3050,3,392,3,392
215285,Playing,3984384,11293,0,0,0,0,2,3053,105,392,105,392
215549,Playing,3977216,11273,0,0,0,0,2,3059,13,392,28,392
215760,Playing,3958784,11221,0,0,0,0,2,3061,0,392,1,392
216044,Playing,3943424,11177,0,0,0,0,2,3064,104,392,104,392
216252,Playing,3980288,11281,0,0,0,0,2,3068,0,392,0,392
216507,Playing,3973120,11261,0,0,0,0,2,3071,100,392,100,392
216768,Playing,3938304,11162,0,0,0,0,2,3073,0,392,0,392
217021,Playing,3958784,11221,0,0,0,0,2,3077,94,392,94,392
217293,Playing,3951616,11200,0,0,0,0,2,3080,114,392,114,392
217548,Playing,3999744,11337,0,0,0,0,2,3085,2,392,2,392
217753,Playing,3926016,11128,0,0,0,0,2,3085,2,392,2,392
218011,Playing,3974144,11264,0,0,0,0,2,3090,0,392,0,392
218271,Playing,3966976,11244,0,0,0,0,2,3093,93,392,93,392
218530,Playing,3959808,11223,0,0,0,0,2,3099,0,392,0,392
218786,Playing,3980288,11281,0,0,0,0,2,3103,0,392,0,392
219042,Playing,3945472,11183,0,0,0,0,2,3105,0,392,0,392
219266,Playing,3927040,11131,0,0,0,0,2,3107,89,392,90,392
219526,Playing,3939328,11165,0,0,0,0,2,3111,88,392,88,392
219782,Playing,3959808,11223,0,0,0,0,2,3115,0,392,0,392
220045,Playing,3980288,11281,0,0,0,0,2,3119,0,392,0,392
220265,Playing,3934208,11151,0,0,0,0,2,3120,85,392,85,392
220524,Playing,3982336,11287,0,0,0,0,2,3125,0,392,0,392
220793,Playing,3939328,11165,0,0,0,0,2,3127,74,392,74,392
221043,Playing,3968000,11247,0,0,0,0,2,3131,161,392,162,392
221281,Playing,3905536,11070,0,0,0,0,2,3135,0,392,0,392
221548,Playing,3926016,11128,0,0,0,0,2,3139,0,392,0,392
221753,Playing,3935232,11154,0,0,0,0,2,3142,95,392,95,392
222019,Playing,3900416,11055,0,0,0,0,2,3144,4,392,4,392
222292,Playing,3912704,11090,0,0,0,0,2,3148,0,392,0,392
222548,Playing,3933184,11148,0,0,0,0,2,3152,3,392,3,392
222790,Playing,3934208,11151,0,0,0,0,2,3155,2,392,2,392
223014,Playing,3935232,11154,0,0,0,0,2,3158,178,392,178,392
223297,Playing,3919872,11110,0,0,0,0,2,3161,0,392,0,392
223577,Playing,3904512,11067,0,0,0,0,2,3164,15,392,15,392
223802,Playing,3941376,11171,0,0,0,0,2,3168,6,392,6,392
224035,Playing,3942400,11174,0,0,0,0,2,3174,0,392,0,392
224261,Playing,3888128,11020,0,0,0,0,2,3175,82,392,82,392
224530,Playing,3908608,11078,0,0,0,0,2,3179,10,392,10,392
224772,Playing,3929088,11136,0,0,0,0,2,3183,0,392,0,392
225031,Playing,3921920,11116,0,0,0,0,2,3186,10,392,10,392
225270,Playing,3922944,11119,0,0,0,0,2,3189,171,392,172,392
225549,Playing,3879936,10997,0,0,0,0,2,3191,12,392,12,392
225773,Playing,3916800,11102,0,0,0,0,2,3195,87,392,87,392
226031,Playing,3937280,11160,0,0,0,0,2,3199,0,392,0,392
226277,Playing,3902464,11061,0,0,0,0,2,3201,174,392,175,392
226532,Playing,3895296,11041,0,0,0,0,2,3204,0,392,0,392
226764,Playing,3913728,11093,0,0,0,0,2,3210,0,392,7,392
227057,Playing,3871744,10974,0,0,0,0,2,3213,0,392,0,392
227292,Playing,3872768,10977,0,0,0,0,2,3216,3,392,3,392
227552,Playing,3865600,10956,0,0,0,0,2,3219,16,392,16,392
227795,Playing,3866624,10959,0,0,0,0,2,3222,87,392,87,392
228019,Playing,3895296,11041,0,0,0,0,2,3226,20,392,20,392
228313,Playing,3899392,11052,0,0,0,0,2,3230,0,392,0,392
228502,Playing,3861504,10945,0,0,0,0,2,3231,175,392,175,392
228800,Playing,3865600,10956,0,0,0,0,2,3235,0,392,0,392
229022,Playing,3902464,11061,0,0,0,0,2,3239,7,392,7,392
229293,Playing,3895296,11041,0,0,0,0,2,3242,0,392,0,392
229519,Playing,3868672,10965,0,0,0,0,2,3244,1,392,2,392
229789,Playing,3907584,11075,0,0,0,0,2,3252,32,392,32,392
230027,Playing,3853312,10922,0,0,0,0,2,3253,155,392,155,392
230293,Playing,3865600,10956,0,0,0,0,2,3257,4,392,4,392
230549,Playing,3886080,11014,0,0,0,0,2,3261,0,392,0,392
230769,Playing,3895296,11041,0,0,0,0,2,3264,4,392,4,392
231044,Playing,3907584,11075,0,0,0,0,2,3268,4,392,5,392
231299,Playing,3872768,10977,0,0,0,0,2,3270,2,392,2,392
231552,Playing,3873792,10980,0,0,0,0,2,3273,3,392,4,392
231764,Playing,3910656,11084,0,0,0,0,2,3277,0,392,0,392
232039,Playing,3895296,11041,0,0,0,0,2,3280,7,392,7,392
232269,Playing,3868672,10965,0,0,0,0,2,3282,3,392,4,392
232535,Playing,3824640,10840,0,0,0,0,2,3287,191,392,191,392
232793,Playing,3872768,10977,0,0,0,0,2,3292,0,392,0,392
233011,Playing,3818496,10823,0,0,0,0,2,3293,96,392,96,392
233299,Playing,3830784,10858,0,0,0,0,2,3297,16,392,16,392
233545,Playing,3831808,10861,0,0,0,0,2,3300,112,392,112,392
233773,Playing,3832832,10864,0,0,0,0,2,3303,0,392,0,392
234037,Playing,3825664,10843,0,0,0,0,2,3306,2,392,3,392
234274,Playing,3818496,10823,0,0,0,0,2,3309,95,392,95,392
234537,Playing,3838976,10881,0,0,0,0,2,3313,87,392,88,392
234761,Playing,3820544,10829,0,0,0,0,2,3315,8,392,8,392
235032,Playing,3805184,10785,0,0,0,0,2,3318,92,392,92,392
235256,Playing,3833856,10866,0,0,0,0,2,3325,0,392,0,392
235534,Playing,3826688,10846,0,0,0,0,2,3328,0,392,0,392
235789,Playing,3819520,10826,0,0,0,0,2,3331,170,392,170,392
236042,Playing,3812352,10805,0,0,0,0,2,3334,0,392,0,392
236253,Playing,3821568,10832,0,0,0,0,2,3337,0,392,0,392
236506,Playing,3814400,10811,0,0,0,0,2,3340,16,392,16,392
236798,Playing,3854336,10924,0,0,0,0,2,3345,0,392,0,392
237022,Playing,3800064,10771,0,0,0,0,2,3346,82,392,82,392
237256,Playing,3828736,10852,0,0,0,0,2,3350,12,392,12,392
237514,Playing,3849216,10910,0,0,0,0,2,3354,0,392,0,392
237772,Playing,3842048,10890,0,0,0,0,2,3357,15,392,15,392
238028,Playing,3807232,10791,0,0,0,0,2,3359,0,392,0,392
238285,Playing,3772416,10692,0,0,0,0,2,3364,93,392,93,392
238540,Playing,3792896,10750,0,0,0,0,2,3368,91,392,91,392
238794,Playing,3813376,10808,0,0,0,0,2,3372,0,392,0,392
239001,Playing,3858432,10936,0,0,0,0,2,3376,1,392,1,392
239264,Playing,3760128,10657,0,0,0,0,2,3376,1,392,1,392
239523,Playing,3808256,10794,0,0,0,0,2,3381,0,392,0,392
239799,Playing,3801088,10774,0,0,0,0,2,3384,6,392,6,392
240056,Playing,3793920,10753,0,0,0,0,2,3387,57,392,57,392
240297,Playing,3786752,10733,0,0,0,0,2,3390,2,392,2,392
240506,Playing,3795968,10759,0,0,0,0,2,3393,85,392,85,392
240793,Playing,3808256,10794,0,0,0,0,2,3397,0,392,0,392
241049,Playing,3801088,10774,0,0,0,0,2,3403,0,392,0,392
241289,Playing,3746816,10620,0,0,0,0,2,3404,100,392,100,392
241510,Playing,3811328,10803,0,0,0,0,2,3409,18,392,18,392
241769,Playing,3768320,10681,0,0,0,0,2,3411,91,392,92,392
242030,Playing,3733504,10582,0,0,0,0,2,3413,0,392,0,392
242294,Playing,3753984,10640,0,0,0,0,2,3417,4,392,4,392
242506,Playing,3790848,10745,0,0,0,0,2,3421,0,392,0,392
242773,Playing,3783680,10724,0,0,0,0,2,3424,99,392,99,392
243027,Playing,3804160,10782,0,0,0,0,2,3428,1,392,1,392
243293,Playing,3796992,10762,0,0,0,0,2,3431,91,392,91,392
243511,Playing,3770368,10686,0,0,0,0,2,3433,0,392,0,392
243801,Playing,3755008,10643,0,0,0,0,2,3439,21,392,21,392
244011,Playing,3791872,10747,0,0,0,0,2,3443,0,392,0,392
244284,Playing,3748864,10626,0,0,0,0,2,3445,93,392,93,392
244543,Playing,3796992,10762,0,0,0,0,2,3450,15,392,16,392
244797,Playing,3762176,10663,0,0,0,0,2,3452,0,392,0,392
245011,Playing,3799040,10768,0,0,0,0,2,3456,0,392,0,392
245265,Playing,3791872,10747,0,0,0,0,2,3459,4,392,4,392
245518,Playing,3765248,10672,0,0,0,0,2,3461,0,392,1,392
245771,Playing,3785728,10730,0,0,0,0,2,3465,0,392,0,392
246024,Playing,3778560,10710,0,0,0,0,2,3468,0,392,0,392
246251,Playing,3779584,10713,0,0,0,0,2,3471,103,392,103,392
246531,Playing,3764224,10669,0,0,0,0,2,3477,81,392,81,392
246789,Playing,3729408,10570,0,0,0,0,2,3479,0,392,0,392
247051,Playing,3722240,10550,0,0,0,0,2,3482,174,392,174,392
247278,Playing,3759104,10655,0,0,0,0,2,3486,166,392,166,392
247507,Playing,3732480,10579,0,0,0,0,2,3488,15,392,15,392
247765,Playing,3752960,10637,0,0,0,0,2,3492,11,392,11,392
248080,Playing,3748864,10626,0,0,0,0,2,3496,0,392,0,392
248251,Playing,3774464,10698,0,0,0,0,2,3499,12,392,12,392
248544,Playing,3723264,10553,0,0,0,0,2,3501,4,392,5,392
248765,Playing,3760128,10657,0,0,0,0,2,3505,0,392,0,392
249043,Playing,3744768,10614,0,0,0,0,2,3508,8,392,8,392
249278,Playing,3736576,10591,0,0,0,0,2,3511,99,392,100,392
249548,Playing,3729408,10570,0,0,0,0,2,3517,40,392,109,392
249785,Playing,3712000,10521,0,0,0,0,2,3519,0,392,0,392
250019,Playing,3740672,10602,0,0,0,0,2,3523,5,392,5,392
250264,Playing,3761152,10660,0,0,0,0,2,3527,17,392,17,392
250590,Playing,3701760,10492,0,0,0,0,2,3529,108,392,108,392
250770,Playing,3727360,10565,0,0,0,0,2,3532,0,392,0,392
251043,Playing,3712000,10521,0,0,0,0,2,3535,115,392,115,392
251339,Playing,3716096,10533,0,0,0,0,2,3539,0,392,0,392
251519,Playing,3714048,10527,0,0,0,0,2,3541,22,392,22,392
251776,Playing,3706880,10507,0,0,0,0,2,3544,59,392,59,392
252035,Playing,3699712,10486,0,0,0,0,2,3547,0,392,0,392
252302,Playing,3702784,10495,0,0,0,0,2,3554,10,392,10,392
252552,Playing,3695616,10475,0,0,0,0,2,3557,4,392,4,392
252803,Playing,3668992,10399,0,0,0,0,2,3559,20,392,20,392
253015,Playing,3705856,10504,0,0,0,0,2,3563,0,392,0,392
253351,Playing,3693568,10469,0,0,0,0,2,3567,0,392,0,392
253607,Playing,3686400,10448,0,0,0,0,2,3570,0,392,0,392
253769,Playing,3656704,10364,0,0,0,0,2,3571,21,392,21,392
254051,Playing,3668992,10399,0,0,0,0,2,3575,58,392,58,392
254332,Playing,3681280,10434,0,0,0,0,2,3579,20,392,20,392
254515,Playing,3679232,10428,0,0,0,0,2,3581,21,392,21,392
254786,Playing,3663872,10385,0,0,0,0,2,3584,19,392,19,392
255077,Playing,3639296,10315,0,0,0,0,2,3590,0,392,0,392
255314,Playing,3640320,10318,0,0,0,0,2,3593,17,392,17,392
255522,Playing,3677184,10422,0,0,0,0,2,3597,0,392,0,392
255765,Playing,3642368,10324,0,0,0,0,2,3599,21,392,21,392
256028,Playing,3635200,10303,0,0,0,0,2,3602,50,392,51,392
256269,Playing,3691520,10463,0,0,0,0,2,3607,1,392,1,392
256515,Playing,3684352,10443,0,0,0,0,2,3610,0,392,0,392
256752,Playing,3630080,10289,0,0,0,0,2,3611,148,392,148,392
257029,Playing,3678208,10425,0,0,0,0,2,3616,5,392,5,392
257301,Playing,3662848,10382,0,0,0,0,2,3619,0,392,0,392
257523,Playing,3672064,10408,0,0,0,0,2,3622,182,392,183,392
257755,Playing,3645440,10332,0,0,0,0,2,3624,2,392,2,392
258002,Playing,3629056,10286,0,0,0,0,2,3630,3,392,3,392
258282,Playing,3613696,10242,0,0,0,0,2,3633,104,392,104,392
258501,Playing,3650560,10347,0,0,0,0,2,3637,1,392,1,392
258769,Playing,3607552,10225,0,0,0,0,2,3639,181,392,181,392
259041,Playing,3655680,10361,0,0,0,0,2,3644,169,392,169,392
259293,Playing,3620864,10263,0,0,0,0,2,3646,0,392,1,392
259530,Playing,3649536,10344,0,0,0,0,2,3650,20,392,20,392
259798,Playing,3614720,10245,0,0,0,0,2,3652,182,392,182,392
260068,Playing,3654656,10359,0,0,0,0,2,3657,7,392,7,392
260302,Playing,3683328,10440,0,0,0,0,2,3661,0,392,0,392
260535,Playing,3629056,10286,0,0,0,0,2,3665,0,392,12,392
260819,Playing,3613696,10242,0,0,0,0,2,3668,3,392,3,392
261043,Playing,3650560,10347,0,0,0,0,2,3672,12,392,12,392
261290,Playing,3588096,10170,0,0,0,0,2,3673,166,392,166,392
261503,Playing,3597312,10196,0,0,0,0,2,3676,136,392,136,392
261774,Playing,3609600,10231,0,0,0,0,2,3680,16,392,16,392
262047,Playing,3630080,10289,0,0,0,0,2,3684,12,392,12,392
262335,Playing,3578880,10144,0,0,0,0,2,3686,2,392,2,392
262569,Playing,3607552,10225,0,0,0,0,2,3690,41,392,41,392
262793,Playing,3616768,10251,0,0,0,0,2,3693,53,392,53,392
263060,Playing,3629056,10286,0,0,0,0,2,3697,5,392,5,392
263255,Playing,3591168,10179,0,0,0,0,2,3698,212,392,212,392
263557,Playing,3567616,10112,0,0,0,0,2,3704,6,392,6,392
263799,Playing,3568640,10115,0,0,0,0,2,3707,83,392,83,392
264038,Playing,3597312,10196,0,0,0,0,2,3711,114,392,114,392
264261,Playing,3598336,10199,0,0,0,0,2,3714,104,392,105,392
264533,Playing,3591168,10179,0,0,0,0,2,3717,0,392,0,392
264778,Playing,3584000,10158,0,0,0,0,2,3720,93,392,93,392
265035,Playing,3632128,10295,0,0,0,0,2,3725,5,392,5,392
265255,Playing,3558400,10086,0,0,0,0,2,3725,5,392,5,392
265502,Playing,3606528,10222,0,0,0,0,2,3730,0,392,0,392
265768,Playing,3599360,10202,0,0,0,0,2,3733,0,392,0,392
266044,Playing,3611648,10237,0,0,0,0,2,3737,0,392,0,392
266302,Playing,3576832,10138,0,0,0,0,2,3742,69,392,69,392
266535,Playing,3605504,10219,0,0,0,0,2,3746,22,392,22,392
266760,Playing,3559424,10089,0,0,0,0,2,3747,146,392,146,392
267044,Playing,3571712,10123,0,0,0,0,2,3751,1,392,1,392
267273,Playing,3600384,10205,0,0,0,0,2,3755,10,392,10,392
267539,Playing,3620864,10263,0,0,0,0,2,3759,12,392,12,392
267751,Playing,3630080,10289,0,0,0,0,2,3762,0,392,0,392
268015,Playing,3587072,10167,0,0,0,0,2,3764,0,392,0,392
268293,Playing,3571712,10123,0,0,0,0,2,3767,11,392,11,392
268535,Playing,3600384,10205,0,0,0,0,2,3771,0,392,0,392
268797,Playing,3620864,10263,0,0,0,0,2,3775,0,392,0,392
269010,Playing,3602432,10210,0,0,0,0,2,3780,0,392,0,392
269285,Playing,3559424,10089,0,0,0,0,2,3782,178,392,179,392
269500,Playing,3596288,10193,0,0,0,0,2,3786,0,392,0,392
269759,Playing,3589120,10173,0,0,0,0,2,3789,95,392,95,392
270022,Playing,3581952,10152,0,0,0,0,2,3792,107,392,107,392
270251,Playing,3582976,10155,0,0,0,0,2,3795,0,392,0,392
270534,Playing,3567616,10112,0,0,0,0,2,3798,0,392,0,392
270835,Playing,3571712,10123,0,0,0,0,2,3802,91,392,91,392
271047,Playing,3608576,10228,0,0,0,0,2,3806,1,392,1,392
271251,Playing,3590144,10176,0,0,0,0,2,3808,0,392,1,392
271536,Playing,3574784,10132,0,0,0,0,2,3811,0,392,0,392
271798,Playing,3567616,10112,0,0,0,0,2,3817,0,392,0,392
272015,Playing,3521536,9981,0,0,0,0,2,3818,87,392,87,392
272293,Playing,3589120,10173,0,0,0,0,2,3824,6,392,6,392
272522,Playing,3534848,10019,0,0,0,0,2,3825,158,392,158,392
272777,Playing,3555328,10077,0,0,0,0,2,3829,173,392,174,392
273034,Playing,3575808,10135,0,0,0,0,2,3833,0,392,0,392
273290,Playing,3596288,10193,0,0,0,0,2,3837,0,392,0,392
273545,Playing,3589120,10173,0,0,0,0,2,3840,0,392,0,392
273800,Playing,3581952,10152,0,0,0,0,2,3843,0,392,0,392
274002,Playing,3571712,10123,0,0,0,0,2,3845,99,392,100,392
274302,Playing,3575808,10135,0,0,0,0,2,3849,81,392,81,392
274512,Playing,3557376,10083,0,0,0,0,2,3851,0,392,0,392
274769,Playing,3522560,9984,0,0,0,0,2,3856,0,392,0,392
275023,Playing,3543040,10042,0,0,0,0,2,3860,95,392,95,392
275294,Playing,3555328,10077,0,0,0,0,2,3864,0,392,0,392
275502,Playing,3545088,10048,0,0,0,0,2,3866,0,392,0,392
275756,Playing,3565568,10106,0,0,0,0,2,3870,0,392,0,392
276001,Playing,3558400,10086,0,0,0,0,2,3873,0,392,0,392
276273,Playing,3551232,10065,0,0,0,0,2,3876,91,392,91,392
276515,Playing,3544064,10045,0,0,0,0,2,3879,0,392,0,392
276780,Playing,3536896,10025,0,0,0,0,2,3882,0,392,0,392
277038,Playing,3529728,10004,0,0,0,0,2,3885,92,392,92,392
277298,Playing,3494912,9906,0,0,0,0,2,3887,0,392,0,392
277502,Playing,3494912,9906,0,0,0,0,2,3893,91,392,91,392
277755,Playing,3515392,9964,0,0,0,0,2,3897,0,392,0,392
278010,Playing,3508224,9943,0,0,0,0,2,3900,0,392,0,392
278288,Playing,3520512,9978,0,0,0,0,2,3904,2,392,3,392
278546,Playing,3513344,9958,0,0,0,0,2,3907,92,392,92,392
278755,Playing,3494912,9906,0,0,0,0,2,3909,0,392,0,392
279013,Playing,3515392,9964,0,0,0,0,2,3913,0,392,0,392
279267,Playing,3544064,10045,0,0,0,0,2,3917,0,392,0,392
279531,Playing,3528704,10001,0,0,0,0,2,3920,0,392,0,392
279789,Playing,3549184,10060,0,0,0,0,2,3924,15,392,15,392
280006,Playing,3530752,10007,0,0,0,0,2,3926,3,392,3,392
280264,Playing,3486720,9882,0,0,0,0,2,3931,0,392,0,392
280535,Playing,3507200,9941,0,0,0,0,2,3935,0,392,0,392
280797,Playing,3519488,9975,0,0,0,0,2,3939,1,392,1,392
281001,Playing,3481600,9868,0,0,0,0,2,3940,175,392,175,392
281255,Playing,3502080,9926,0,0,0,0,2,3944,0,392,0,392
281510,Playing,3522560,9984,0,0,0,0,2,3948,0,392,0,392
281769,Playing,3460096,9807,0,0,0,0,2,3949,175,392,175,392
282035,Playing,3472384,9842,0,0,0,0,2,3953,0,392,0,392
282289,Playing,3501056,9923,0,0,0,0,2,3957,0,392,0,392
282515,Playing,3446784,9769,0,0,0,0,2,3958,191,392,191,392
282769,Playing,3467264,9827,0,0,0,0,2,3962,12,392,12,392
283005,Playing,3477504,9856,0,0,0,0,2,3968,3,392,12,392
283285,Playing,3443712,9761,0,0,0,0,2,3971,0,392,0,392
283548,Playing,3464192,9819,0,0,0,0,2,3975,0,392,0,392
283764,Playing,3418112,9688,0,0,0,0,2,3976,170,392,171,392
284021,Playing,3438592,9746,0,0,0,0,2,3980,169,392,169,392
284281,Playing,3459072,9804,0,0,0,0,2,3984,0,392,0,392
284507,Playing,3487744,9885,0,0,0,0,2,3988,0,392,0,392
284793,Playing,3472384,9842,0,0,0,0,2,3991,0,392,0,392
285000,Playing,3453952,9790,0,0,0,0,2,3993,0,392,0,392
285264,Playing,3446784,9769,0,0,0,0,2,3996,180,392,180,392
285523,Playing,3459072,9804,0,0,0,0,2,4000,92,392,92,392
285777,Playing,3460096,9807,0,0,0,0,2,4003,93,392,93,392
286034,Playing,3480576,9865,0,0,0,0,2,4010,0,392,0,392
286268,Playing,3426304,9711,0,0,0,0,2,4011,192,392,192,392
286540,Playing,3438592,9746,0,0,0,0,2,4015,0,392,0,392
286798,Playing,3431424,9726,0,0,0,0,2,4018,99,392,99,392
287023,Playing,3460096,9807,0,0,0,0,2,4022,0,392,0,392
287293,Playing,3425280,9708,0,0,0,0,2,4024,0,392,0,392
287547,Playing,3418112,9688,0,0,0,0,2,4027,0,392,0,392
287755,Playing,3427328,9714,0,0,0,0,2,4030,170,392,170,392
288019,Playing,3475456,9851,0,0,0,0,2,4035,0,392,0,392
288276,Playing,3412992,9674,0,0,0,0,2,4036,175,392,175,392
288531,Playing,3433472,9732,0,0,0,0,2,4040,0,392,0,392
288790,Playing,3426304,9711,0,0,0,0,2,4046,0,392,0,392
289044,Playing,3419136,9691,0,0,0,0,2,4049,89,392,89,392
289289,Playing,3420160,9694,0,0,0,0,2,4052,1,392,2,392
289505,Playing,3421184,9697,0,0,0,0,2,4055,0,392,0,392
289760,Playing,3414016,9676,0,0,0,0,2,4058,97,392,97,392
290022,Playing,3462144,9813,0,0,0,0,2,4063,0,392,0,392
290293,Playing,3372032,9557,0,0,0,0,2,4063,0,392,0,392
290504,Playing,3436544,9740,0,0,0,0,2,4068,1,392,1,392
290761,Playing,3457024,9798,0,0,0,0,2,4072,0,392,0,392
291018,Playing,3366912,9543,0,0,0,0,2,4072,0,392,0,392
291260,Playing,3415040,9679,0,0,0,0,2,4077,0,392,1,392
291548,Playing,3372032,9557,0,0,0,0,2,4082,5,392,11,392
291755,Playing,3381248,9584,0,0,0,0,2,4085,89,392,89,392
292019,Playing,3346432,9485,0,0,0,0,2,4087,0,392,0,392
292252,Playing,3375104,9566,0,0,0,0,2,4091,93,392,93,392
292531,Playing,3359744,9523,0,0,0,0,2,4094,94,392,94,392
292793,Playing,3407872,9659,0,0,0,0,2,4099,20,392,20,392
293005,Playing,3361792,9528,0,0,0,0,2,4100,78,392,78,392
293300,Playing,3393536,9618,0,0,0,0,2,4105,175,392,175,392
293514,Playing,3402752,9644,0,0,0,0,2,4108,1,392,1,392
293771,Playing,3395584,9624,0,0,0,0,2,4111,0,392,0,392
294034,Playing,3388416,9604,0,0,0,0,2,4114,177,392,177,392
294280,Playing,3372032,9557,0,0,0,0,2,4119,2,392,16,392
294505,Playing,3335168,9453,0,0,0,0,2,4121,0,392,0,392
294769,Playing,3383296,9589,0,0,0,0,2,4126,0,392,0,392
295052,Playing,3387392,9601,0,0,0,0,2,4130,0,392,0,392
295294,Playing,3333120,9447,0,0,0,0,2,4131,80,392,80,392
295514,Playing,3342336,9473,0,0,0,0,2,4134,36,392,36,392
295781,Playing,3382272,9586,0,0,0,0,2,4139,3,392,3,392
296043,Playing,3347456,9488,0,0,0,0,2,4141,172,392,173,392
296297,Playing,3395584,9624,0,0,0,0,2,4146,4,392,4,392
296513,Playing,3349504,9494,0,0,0,0,2,4147,87,392,87,392
296779,Playing,3369984,9552,0,0,0,0,2,4151,0,392,0,392
297043,Playing,3354624,9508,0,0,0,0,2,4154,172,392,172,392
297271,Playing,3308544,9377,0,0,0,0,2,4158,0,392,0,392
297550,Playing,3376128,9569,0,0,0,0,2,4164,0,392,0,392
297756,Playing,3357696,9517,0,0,0,0,2,4166,0,392,0,392
298017,Playing,3350528,9496,0,0,0,0,2,4169,19,392,19,392
298277,Playing,3343360,9476,0,0,0,0,2,4172,101,392,101,392
298551,Playing,3355648,9511,0,0,0,0,2,4176,172,392,172,392
298766,Playing,3337216,9459,0,0,0,0,2,4178,0,392,0,392
299023,Playing,3357696,9517,0,0,0,0,2,4182,94,392,94,392
299281,Playing,3378176,9575,0,0,0,0,2,4186,11,392,11,392
299541,Playing,3371008,9555,0,0,0,0,2,4189,6,392,6,392
299760,Playing,3344384,9479,0,0,0,0,2,4191,0,392,0,392
300042,Playing,3329024,9436,0,0,0,0,2,4197,0,392,0,392
300323,Playing,3313664,9392,0,0,0,0,2,4200,53,392,53,392
300540,Playing,3350528,9496,0,0,0,0,2,4204,15,392,16,392
300755,Playing,3332096,9444,0,0,0,0,2,4206,0,392,0,392
301051,Playing,3363840,9534,0,0,0,0,2,4211,3,392,3,392
301285,Playing,3337216,9459,0,0,0,0,2,4213,10,392,10,392
301505,Playing,3374080,9563,0,0,0,0,2,4217,0,392,0,392
301763,Playing,3366912,9543,0,0,0,0,2,4220,3,392,3,392
302021,Playing,3332096,9444,0,0,0,0,2,4222,0,392,0,392
302274,Playing,3324928,9424,0,0,0,0,2,4225,0,392,0,392
302527,Playing,3345408,9482,0,0,0,0,2,4229,94,392,94,392
302780,Playing,3329024,9436,0,0,0,0,2,4235,1,392,1,392
303034,Playing,3321856,9415,0,0,0,0,2,4238,0,392,0,392
303293,Playing,3314688,9395,0,0,0,0,2,4241,93,392,93,392
303546,Playing,3307520,9375,0,0,0,0,2,4244,0,392,0,392
303800,Playing,3300352,9354,0,0,0,0,2,4247,0,392,0,392
304002,Playing,3290112,9325,0,0,0,0,2,4249,0,392,0,392
304271,Playing,3274752,9282,0,0,0,0,2,4252,173,392,173,392
304530,Playing,3295232,9340,0,0,0,0,2,4256,2,392,2,392
304788,Playing,3315712,9398,0,0,0,0,2,4260,0,392,0,392
305043,Playing,3336192,9456,0,0,0,0,2,4264,0,392,0,392
305300,Playing,3329024,9436,0,0,0,0,2,4267,0,392,0,392
305503,Playing,3300352,9354,0,0,0,0,2,4271,0,392,11,392
305770,Playing,3266560,9258,0,0,0,0,2,4274,0,392,0,392
306042,Playing,3278848,9293,0,0,0,0,2,4278,0,392,0,392
306305,Playing,3271680,9273,0,0,0,0,2,4281,177,392,177,392
306522,Playing,3280896,9299,0,0,0,0,2,4284,0,392,0,392
306783,Playing,3273728,9279,0,0,0,0,2,4287,0,392,0,392
307051,Playing,3286016,9314,0,0,0,0,2,4291,10,392,10,392
307286,Playing,3231744,9160,0,0,0,0,2,4292,88,392,88,392
307547,Playing,3252224,9218,0,0,0,0,2,4296,0,392,0,392
307751,Playing,3261440,9244,0,0,0,0,2,4299,175,392,175,392
308014,Playing,3309568,9380,0,0,0,0,2,4304,0,392,0,392
308275,Playing,3283968,9308,0,0,0,0,2,4307,0,392,0,392
308535,Playing,3230720,9157,0,0,0,0,2,4311,0,392,0,392
308789,Playing,3223552,9137,0,0,0,0,2,4314,0,392,0,392
309046,Playing,3244032,9195,0,0,0,0,2,4318,173,392,173,392
309254,Playing,3217408,9119,0,0,0,0,2,4320,0,392,0,392
309534,Playing,3210240,9099,0,0,0,0,2,4323,3,392,3,392
309788,Playing,3230720,9157,0,0,0,0,2,4327,175,392,175,392
310041,Playing,3259392,9238,0,0,0,0,2,4331,0,392,0,392
310294,Playing,3252224,9218,0,0,0,0,2,4334,94,392,94,392
310500,Playing,3233792,9166,0,0,0,0,2,4336,0,392,0,392
310754,Playing,3254272,9224,0,0,0,0,2,4340,0,392,0,392
311012,Playing,3247104,9203,0,0,0,0,2,4343,0,392,0,392
311272,Playing,3239936,9183,0,0,0,0,2,4349,95,392,95,392
311531,Playing,3205120,9084,0,0,0,0,2,4351,0,392,0,392
311750,Playing,3214336,9110,0,0,0,0,2,4354,170,392,170,392
312003,Playing,3234816,9168,0,0,0,0,2,4358,0,392,0,392
312260,Playing,3255296,9227,0,0,0,0,2,4362,0,392,0,392
312514,Playing,3220480,9128,0,0,0,0,2,4364,0,392,0,392
312768,Playing,3240960,9186,0,0,0,0,2,4368,0,392,1,392
313029,Playing,3233792,9166,0,0,0,0,2,4371,0,392,0,392
313293,Playing,3218432,9122,0,0,0,0,2,4374,94,392,94,392
313519,Playing,3200000,9070,0,0,0,0,2,4376,29,392,29,392
313784,Playing,3248128,9206,0,0,0,0,2,4381,95,392,95,392
314043,Playing,3205120,9084,0,0,0,0,2,4386,0,392,0,392
314252,Playing,3167232,8977,0,0,0,0,2,4387,94,392,94,392
314521,Playing,3207168,9090,0,0,0,0,2,4392,0,392,0,392
314788,Playing,3227648,9148,0,0,0,0,2,4396,92,392,92,392
315045,Playing,3192832,9049,0,0,0,0,2,4398,0,392,0,392
315267,Playing,3221504,9131,0,0,0,0,2,4402,3,392,3,392
315526,Playing,3241984,9189,0,0,0,0,2,4406,0,392,0,392
315797,Playing,3262464,9247,0,0,0,0,2,4410,4,392,4,392
316018,Playing,3180544,9015,0,0,0,0,2,4410,4,392,4,392
316255,Playing,3209216,9096,0,0,0,0,2,4414,91,392,91,392
316522,Playing,3202048,9076,0,0,0,0,2,4417,94,392,94,392
316794,Playing,3186688,9032,0,0,0,0,2,4420,1,392,1,392
317002,Playing,3195904,9058,0,0,0,0,2,4426,0,392,0,392
317288,Playing,3180544,9015,0,0,0,0,2,4429,76,392,76,392
317530,Playing,3209216,9096,0,0,0,0,2,4433,20,392,20,392
317752,Playing,3182592,9020,0,0,0,0,2,4435,7,392,8,392
318030,Playing,3139584,8899,0,0,0,0,2,4437,3,392,3,392
318298,Playing,3187712,9035,0,0,0,0,2,4442,0,392,0,392
318530,Playing,3216384,9116,0,0,0,0,2,4446,14,392,14,392
318785,Playing,3181568,9018,0,0,0,0,2,4448,105,392,105,392
319002,Playing,3190784,9044,0,0,0,0,2,4451,0,392,0,392
319264,Playing,3203072,9079,0,0,0,0,2,4455,0,392,0,392
319527,Playing,3186688,9032,0,0,0,0,2,4460,0,392,15,392
319792,Playing,3188736,9038,0,0,0,0,2,4464,0,392,1,392
320050,Playing,3181568,9018,0,0,0,0,2,4467,15,392,15,392
320256,Playing,3163136,8965,0,0,0,0,2,4469,1,392,1,392
320520,Playing,3183616,9023,0,0,0,0,2,4473,0,392,0,392
320780,Playing,3204096,9081,0,0,0,0,2,4477,14,392,14,392
321039,Playing,3161088,8960,0,0,0,0,2,4479,0,392,0,392
321260,Playing,3170304,8986,0,0,0,0,2,4482,0,392,0,392
321510,Playing,3163136,8965,0,0,0,0,2,4485,90,392,91,392
321784,Playing,3183616,9023,0,0,0,0,2,4489,6,392,6,392
322014,Playing,3184640,9026,0,0,0,0,2,4492,90,392,90,392
322315,Playing,3133440,8881,0,0,0,0,2,4494,4,392,4,392
322521,Playing,3142656,8907,0,0,0,0,2,4500,80,392,80,392
322751,Playing,3171328,8989,0,0,0,0,2,4504,0,392,0,392
323043,Playing,3155968,8945,0,0,0,0,2,4507,83,392,83,392
323293,Playing,3121152,8846,0,0,0,0,2,4509,2,392,2,392
323504,Playing,3158016,8951,0,0,0,0,2,4513,5,392,5,392
323801,Playing,3134464,8884,0,0,0,0,2,4516,22,392,22,392
324009,Playing,3151872,8933,0,0,0,0,2,4519,0,392,0,392
324251,Playing,3117056,8835,0,0,0,0,2,4521,118,392,118,392
324547,Playing,3156992,8948,0,0,0,0,2,4526,7,392,7,392
324780,Playing,3158016,8951,0,0,0,0,2,4529,12,392,12,392
325002,Playing,3186688,9032,0,0,0,0,2,4533,0,392,0,392
325280,Playing,3106816,8806,0,0,0,0,2,4536,0,392,38,392
325500,Playing,3125248,8858,0,0,0,0,2,4540,1,392,1,392
325768,Playing,3118080,8838,0,0,0,0,2,4543,79,392,79,392
326038,Playing,3158016,8951,0,0,0,0,2,4548,3,392,3,392
326301,Playing,3150848,8930,0,0,0,0,2,4551,25,392,25,392
326534,Playing,3124224,8855,0,0,0,0,2,4553,0,392,0,392
326752,Playing,3133440,8881,0,0,0,0,2,4556,92,392,92,392
327035,Playing,3165184,8971,0,0,0,0,2,4561,0,392,0,392
327250,Playing,3119104,8840,0,0,0,0,2,4562,175,392,175,392
327513,Playing,3139584,8899,0,0,0,0,2,4566,0,392,0,392
327764,Playing,3132416,8878,0,0,0,0,2,4569,0,392,0,392
328001,Playing,3115008,8829,0,0,0,0,2,4574,0,392,0,392
328272,Playing,3089408,8756,0,0,0,0,2,4577,0,392,0,392
328502,Playing,3090432,8759,0,0,0,0,2,4580,77,392,77,392
328759,Playing,3110912,8817,0,0,0,0,2,4584,91,392,91,392
329033,Playing,3123200,8852,0,0,0,0,2,4588,12,392,12,392
329252,Playing,3049472,8643,0,0,0,0,2,4588,12,392,12,392
329543,Playing,3081216,8733,0,0,0,0,2,4593,2,392,2,392
329768,Playing,3090432,8759,0,0,0,0,2,4596,5,392,5,392
330027,Playing,3110912,8817,0,0,0,0,2,4600,97,392,97,392
330292,Playing,3095552,8774,0,0,0,0,2,4603,3,392,3,392
330531,Playing,3068928,8698,0,0,0,0,2,4605,0,392,0,392
330796,Playing,3089408,8756,0,0,0,0,2,4609,169,392,169,392
331006,Playing,3089408,8756,0,0,0,0,2,4615,3,392,3,392
331292,Playing,3074048,8713,0,0,0,0,2,4618,96,392,96,392
331514,Playing,3047424,8637,0,0,0,0,2,4620,6,392,6,392
331769,Playing,3067904,8695,0,0,0,0,2,4624,14,392,14,392
332030,Playing,3060736,8675,0,0,0,0,2,4627,0,392,0,392
332296,Playing,3081216,8733,0,0,0,0,2,4631,0,392,0,392
332550,Playing,3046400,8634,0,0,0,0,2,4633,1,392,1,392
332754,Playing,3055616,8661,0,0,0,0,2,4636,91,392,91,392
333009,Playing,3076096,8719,0,0,0,0,2,4640,0,392,0,392
333285,Playing,3041280,8620,0,0,0,0,2,4642,0,392,0,392
333529,Playing,3034112,8600,0,0,0,0,2,4645,68,392,68,392
333771,Playing,3025920,8576,0,0,0,0,2,4651,0,392,0,392
334051,Playing,3038208,8611,0,0,0,0,2,4655,0,392,0,392
334259,Playing,3047424,8637,0,0,0,0,2,4658,92,392,92,392
334523,Playing,3067904,8695,0,0,0,0,2,4662,15,392,15,392
334793,Playing,3052544,8652,0,0,0,0,2,4665,78,392,78,392
335016,Playing,3034112,8600,0,0,0,0,2,4667,1,392,1,392
335297,Playing,3046400,8634,0,0,0,0,2,4671,16,392,16,392
335526,Playing,3075072,8716,0,0,0,0,2,4675,0,392,0,392
335781,Playing,3067904,8695,0,0,0,0,2,4678,0,392,0,392
336038,Playing,3005440,8518,0,0,0,0,2,4679,174,392,174,392
336293,Playing,3053568,8655,0,0,0,0,2,4684,0,392,0,392
336523,Playing,2999296,8501,0,0,0,0,2,4685,175,392,175,392
336754,Playing,3000320,8504,0,0,0,0,2,4691,0,392,0,392
337009,Playing,2993152,8483,0,0,0,0,2,4694,176,392,176,392
337263,Playing,3021824,8565,0,0,0,0,2,4698,176,392,176,392
337533,Playing,3034112,8600,0,0,0,0,2,4702,4,392,4,392
337751,Playing,2988032,8469,0,0,0,0,2,4703,91,392,91,392
338012,Playing,3008512,8527,0,0,0,0,2,4707,173,392,173,392
338289,Playing,3020800,8562,0,0,0,0,2,4711,3,392,3,392
338509,Playing,3021824,8565,0,0,0,0,2,4714,106,392,106,392
338788,Playing,3034112,8600,0,0,0,0,2,4718,90,392,90,392
339051,Playing,3026944,8579,0,0,0,0,2,4721,91,392,91,392
339295,Playing,3000320,8504,0,0,0,0,2,4726,5,392,8,392
339501,Playing,2981888,8452,0,0,0,0,2,4728,13,392,13,392
339756,Playing,3030016,8588,0,0,0,0,2,4733,2,392,2,392
340014,Playing,3022848,8568,0,0,0,0,2,4736,94,392,94,392
340278,Playing,3015680,8547,0,0,0,0,2,4739,0,392,0,392
340535,Playing,3008512,8527,0,0,0,0,2,4742,0,392,0,392
340791,Playing,3001344,8507,0,0,0,0,2,4745,92,392,92,392
341002,Playing,3010560,8533,0,0,0,0,2,4748,0,392,0,392
341267,Playing,2995200,8489,0,0,0,0,2,4751,0,392,0,392
341543,Playing,2988032,8469,0,0,0,0,2,4754,92,392,92,392
341768,Playing,2961408,8394,0,0,0,0,2,4756,9,392,9,392
342054,Playing,2973696,8428,0,0,0,0,2,4760,90,392,91,392
342302,Playing,2938880,8330,0,0,0,0,2,4765,0,392,0,392
342522,Playing,3003392,8513,0,0,0,0,2,4770,0,392,0,392
342784,Playing,2996224,8492,0,0,0,0,2,4773,0,392,0,392
343054,Playing,2953216,8370,0,0,0,0,2,4775,2,392,2,392
343280,Playing,2962432,8396,0,0,0,0,2,4778,92,392,92,392
343550,Playing,2974720,8431,0,0,0,0,2,4782,4,392,4,392
343793,Playing,2975744,8434,0,0,0,0,2,4785,29,392,29,392
344039,Playing,2940928,8335,0,0,0,0,2,4787,0,392,0,392
344267,Playing,2969600,8417,0,0,0,0,2,4791,0,392,0,392
344506,Playing,2998272,8498,0,0,0,0,2,4795,0,392,0,392
344809,Playing,2974720,8431,0,0,0,0,2,4798,0,392,0,392
345004,Playing,2936832,8324,0,0,0,0,2,4802,0,392,0,392
345308,Playing,2913280,8257,0,0,0,0,2,4805,95,392,95,392
345538,Playing,2941952,8338,0,0,0,0,2,4809,6,392,6,392
345755,Playing,2951168,8364,0,0,0,0,2,4812,76,392,76,392
346026,Playing,2935808,8321,0,0,0,0,2,4815,0,392,0,392
346308,Playing,2920448,8277,0,0,0,0,2,4818,2,392,2,392
346509,Playing,2965504,8405,0,0,0,0,2,4822,0,392,0,392
346754,Playing,2958336,8385,0,0,0,0,2,4825,14,392,14,392
347014,Playing,2978816,8443,0,0,0,0,2,4829,1,392,1,392
347310,Playing,2908160,8243,0,0,0,0,2,4830,201,392,201,392
347514,Playing,2972672,8425,0,0,0,0,2,4835,4,392,4,392
347780,Playing,2928640,8301,0,0,0,0,2,4839,2,392,29,392
348004,Playing,2966528,8408,0,0,0,0,2,4844,19,392,19,392
348351,Playing,2926592,8295,0,0,0,0,2,4847,18,392,18,392
348556,Playing,2971648,8423,0,0,0,0,2,4851,2,392,3,392
348758,Playing,2925568,8292,0,0,0,0,2,4852,194,392,194,392
349006,Playing,2973696,8428,0,0,0,0,2,4857,0,392,0,392
349314,Playing,2922496,8283,0,0,0,0,2,4859,91,392,91,392
349550,Playing,2923520,8286,0,0,0,0,2,4862,0,392,0,392
349784,Playing,2924544,8289,0,0,0,0,2,4865,4,392,4,392
350034,Playing,2953216,8370,0,0,0,0,2,4869,0,392,0,392
350280,Playing,2946048,8350,0,0,0,0,2,4872,72,392,72,392
350584,Playing,2894848,8205,0,0,0,0,2,4874,23,392,23,392
350751,Playing,2920448,8277,0,0,0,0,2,4880,69,392,69,392
351051,Playing,2924544,8289,0,0,0,0,2,4884,7,392,7,392
351250,Playing,2859008,8103,0,0,0,0,2,4884,7,392,7,392
351572,Playing,2937856,8327,0,0,0,0,2,4891,1,392,1,392
351760,Playing,2899968,8219,0,0,0,0,2,4892,175,392,175,392
352022,Playing,2920448,8277,0,0,0,0,2,4896,2,392,2,392
352251,Playing,2949120,8359,0,0,0,0,2,4900,123,392,123,392
352542,Playing,2878464,8158,0,0,0,0,2,4901,130,392,130,392
352759,Playing,2907136,8240,0,0,0,0,2,4905,47,392,47,392
353050,Playing,2919424,8275,0,0,0,0,2,4909,0,392,0,392
353331,Playing,2913280,8257,0,0,0,0,2,4915,26,392,33,392
353554,Playing,2831360,8025,0,0,0,0,2,4915,26,392,33,392
353771,Playing,2877440,8156,0,0,0,0,2,4920,2,392,2,392
354048,Playing,2862080,8112,0,0,0,0,2,4923,2,392,2,392
354314,Playing,2882560,8170,0,0,0,0,2,4927,205,392,205,392
354504,Playing,2872320,8141,0,0,0,0,2,4929,1,392,1,392
354754,Playing,2892800,8199,0,0,0,0,2,4933,8,392,8,392
355046,Playing,2877440,8156,0,0,0,0,2,4936,0,392,0,392
355250,Playing,2914304,8260,0,0,0,0,2,4940,17,392,18,392
355547,Playing,2863104,8115,0,0,0,0,2,4942,256,392,256,392
355777,Playing,2891776,8196,0,0,0,0,2,4946,0,392,0,392
356000,Playing,2900992,8222,0,0,0,0,2,4949,2,392,2,392
356280,Playing,2839552,8048,0,0,0,0,2,4952,13,392,164,392
356530,Playing,2869248,8132,0,0,0,0,2,4958,135,392,135,392
356797,Playing,2834432,8034,0,0,0,0,2,4960,3,392,3,392
357013,Playing,2843648,8060,0,0,0,0,2,4963,69,392,69,392
357371,Playing,2823168,8002,0,0,0,0,2,4967,22,392,22,392
357513,Playing,2884608,8176,0,0,0,0,2,4971,26,392,26,392
357779,Playing,2877440,8156,0,0,0,0,2,4974,81,392,82,392
358018,Playing,2850816,8080,0,0,0,0,2,4976,15,392,15,392
358301,Playing,2863104,8115,0,0,0,0,2,4980,2,392,2,392
358580,Playing,2847744,8071,0,0,0,0,2,4983,101,392,101,392
358780,Playing,2829312,8019,0,0,0,0,2,4985,0,392,0,392
359013,Playing,2839552,8048,0,0,0,0,2,4991,0,392,0,392
359386,Playing,2800640,7938,0,0,0,0,2,4995,132,392,132,392
359563,Playing,2826240,8010,0,0,0,0,2,4998,2,392,2,392
359829,Playing,2838528,8045,0,0,0,0,2,5002,12,392,12,392
360078,Playing,2839552,8048,0,0,0,0,2,5005,151,392,152,392
360312,Playing,2812928,7973,0,0,0,0,2,5007,55,392,55,392
360506,Playing,2830336,8022,0,0,0,0,2,5010,77,392,77,392
360804,Playing,2834432,8034,0,0,0,0,2,5014,92,392,92,392
361047,Playing,2827264,8013,0,0,0,0,2,5017,54,392,54,392
361297,Playing,2800640,7938,0,0,0,0,2,5019,10,392,10,392
361539,Playing,2821120,7996,0,0,0,0,2,5023,84,392,84,392
361792,Playing,2822144,7999,0,0,0,0,2,5029,0,392,0,392
362022,Playing,2823168,8002,0,0,0,0,2,5032,125,392,126,392
362289,Playing,2807808,7958,0,0,0,0,2,5035,0,392,0,392
362500,Playing,2817024,7984,0,0,0,0,2,5038,3,392,3,392
362784,Playing,2829312,8019,0,0,0,0,2,5042,0,392,0,392
363038,Playing,2822144,7999,0,0,0,0,2,5045,8,392,8,392
363301,Playing,2787328,7900,0,0,0,0,2,5047,11,392,12,392
363501,Playing,2804736,7949,0,0,0,0,2,5050,77,392,78,392
363752,Playing,2852864,8086,0,0,0,0,2,5055,0,392,0,392
364016,Playing,2845696,8066,0,0,0,0,2,5058,0,392,0,392
364251,Playing,2791424,7912,0,0,0,0,2,5059,169,392,169,392
364554,Playing,2823168,8002,0,0,0,0,2,5064,6,392,6,392
364808,Playing,2733056,7746,0,0,0,0,2,5066,63,392,328,392
365013,Playing,2825216,8007,0,0,0,0,2,5073,0,392,0,392
365314,Playing,2746368,7784,0,0,0,0,2,5074,181,392,181,392
365551,Playing,2747392,7787,0,0,0,0,2,5077,32,392,32,392
365800,Playing,2776064,7868,0,0,0,0,2,5081,95,392,95,392
366000,Playing,2840576,8051,0,0,0,0,2,5086,25,392,25,392
366301,Playing,2734080,7749,0,0,0,0,2,5086,25,392,25,392
366514,Playing,2798592,7932,0,0,0,0,2,5091,0,392,0,392
366827,Playing,2775040,7865,0,0,0,0,2,5094,0,392,0,392
367017,Playing,2764800,7836,0,0,0,0,2,5096,49,392,49,392
367268,Playing,2785280,7894,0,0,0,0,2,5100,42,392,42,392
367512,Playing,2758656,7819,0,0,0,0,2,5105,0,392,8,392
367839,Playing,2726912,7729,0,0,0,0,2,5108,93,392,93,392
368073,Playing,2783232,7888,0,0,0,0,2,5113,16,392,16,392
368254,Playing,2800640,7938,0,0,0,0,2,5116,0,392,0,392
368530,Playing,2785280,7894,0,0,0,0,2,5119,83,392,83,392
368751,Playing,2766848,7842,0,0,0,0,2,5121,2,392,2,392
369026,Playing,2779136,7877,0,0,0,0,2,5125,28,392,28,392
369250,Playing,2760704,7825,0,0,0,0,2,5127,26,392,26,392
369528,Playing,2772992,7859,0,0,0,0,2,5131,0,392,0,392
369765,Playing,2774016,7862,0,0,0,0,2,5134,18,392,18,392
370064,Playing,2778112,7874,0,0,0,0,2,5138,0,392,0,392
370306,Playing,2751488,7799,0,0,0,0,2,5143,49,392,49,392
370543,Playing,2771968,7857,0,0,0,0,2,5147,1,392,1,392
370800,Playing,2764800,7836,0,0,0,0,2,5150,121,392,122,392
371059,Playing,2757632,7816,0,0,0,0,2,5153,0,392,0,392
371343,Playing,2714624,7694,0,0,0,0,2,5155,4,392,4,392
371533,Playing,2732032,7743,0,0,0,0,2,5158,0,392,0,392
371750,Playing,2741248,7769,0,0,0,0,2,5161,41,392,41,392
372005,Playing,2761728,7828,0,0,0,0,2,5165,61,392,61,392
372291,Playing,2746368,7784,0,0,0,0,2,5168,85,392,85,392
372501,Playing,2727936,7732,0,0,0,0,2,5170,42,392,43,392
372767,Playing,2776064,7868,0,0,0,0,2,5175,11,392,12,392
373051,Playing,2743296,7775,0,0,0,0,2,5180,0,392,0,392
373260,Playing,2742272,7772,0,0,0,0,2,5183,57,392,57,392
373513,Playing,2735104,7752,0,0,0,0,2,5186,12,392,12,392
373784,Playing,2719744,7709,0,0,0,0,2,5189,3,392,3,392
374089,Playing,2696192,7642,0,0,0,0,2,5192,2,392,2,392
374255,Playing,2749440,7793,0,0,0,0,2,5196,38,392,38,392
374526,Playing,2761728,7828,0,0,0,0,2,5200,17,392,17,392
374793,Playing,2754560,7807,0,0,0,0,2,5203,67,392,67,392
375011,Playing,2736128,7755,0,0,0,0,2,5205,0,392,0,392
375314,Playing,2740224,7767,0,0,0,0,2,5209,0,392,0,392
375513,Playing,2749440,7793,0,0,0,0,2,5212,19,392,19,392
375806,Playing,2734080,7749,0,0,0,0,2,5215,0,392,0,392
376005,Playing,2688000,7619,0,0,0,0,2,5219,63,392,63,392
376267,Playing,2708480,7677,0,0,0,0,2,5223,122,392,122,392
376531,Playing,2728960,7735,0,0,0,0,2,5227,0,392,0,392
376761,Playing,2702336,7659,0,0,0,0,2,5229,7,392,7,392
377034,Playing,2714624,7694,0,0,0,0,2,5233,0,392,0,392
377263,Playing,2751488,7799,0,0,0,0,2,5237,21,392,21,392
377543,Playing,2708480,7677,0,0,0,0,2,5239,83,392,83,392
377822,Playing,2720768,7711,0,0,0,0,2,5243,167,392,167,392
378034,Playing,2702336,7659,0,0,0,0,2,5245,77,392,77,392
378281,Playing,2722816,7717,0,0,0,0,2,5249,83,392,83,392
378552,Playing,2715648,7697,0,0,0,0,2,5252,91,392,91,392
378783,Playing,2707456,7674,0,0,0,0,2,5258,0,392,0,392
379059,Playing,2636800,7473,0,0,0,0,2,5259,88,392,88,392
379313,Playing,2684928,7610,0,0,0,0,2,5264,0,392,0,392
379505,Playing,2702336,7659,0,0,0,0,2,5267,57,392,58,392
379789,Playing,2686976,7616,0,0,0,0,2,5270,83,392,83,392
380051,Playing,2679808,7595,0,0,0,0,2,5273,0,392,0,392
380289,Playing,2680832,7598,0,0,0,0,2,5276,107,392,107,392
380506,Playing,2681856,7601,0,0,0,0,2,5279,24,392,24,392
380754,Playing,2655232,7526,0,0,0,0,2,5281,0,392,0,392
381050,Playing,2659328,7537,0,0,0,0,2,5285,99,392,99,392
381254,Playing,2696192,7642,0,0,0,0,2,5289,0,392,0,392
381534,Playing,2662400,7546,0,0,0,0,2,5294,0,392,8,392
381813,Playing,2664448,7552,0,0,0,0,2,5298,4,392,4,392
382004,Playing,2673664,7578,0,0,0,0,2,5301,84,392,84,392
382293,Playing,2630656,7456,0,0,0,0,2,5303,0,392,0,392
382517,Playing,2659328,7537,0,0,0,0,2,5307,67,392,67,392
382787,Playing,2679808,7595,0,0,0,0,2,5311,2,392,2,392
383042,Playing,2672640,7575,0,0,0,0,2,5314,0,392,0,392
383278,Playing,2646016,7500,0,0,0,0,2,5316,0,392,0,392
383500,Playing,2674688,7581,0,0,0,0,2,5320,0,392,0,392
383763,Playing,2667520,7560,0,0,0,0,2,5323,0,392,0,392
384017,Playing,2688000,7619,0,0,0,0,2,5327,1,392,1,392
384296,Playing,2653184,7520,0,0,0,0,2,5329,0,392,0,392
384531,Playing,2609152,7395,0,0,0,0,2,5334,0,392,0,392
384793,Playing,2629632,7453,0,0,0,0,2,5338,0,392,0,392
385043,Playing,2658304,7534,0,0,0,0,2,5342,5,392,5,392
385271,Playing,2604032,7381,0,0,0,0,2,5343,161,392,161,392
385621,Playing,2564096,7267,0,0,0,0,2,5346,108,392,108,392
385771,Playing,2644992,7497,0,0,0,0,2,5351,6,392,6,392
386063,Playing,2629632,7453,0,0,0,0,2,5354,87,392,87,392
386417,Playing,2617344,7418,0,0,0,0,2,5358,0,392,0,392
386518,Playing,2604032,7381,0,0,0,0,2,5359,291,392,291,392
386800,Playing,2616320,7415,0,0,0,0,2,5363,8,392,8,392
387130,Playing,2612224,7404,0,0,0,0,2,5367,6,392,7,392
387250,Playing,2571264,7288,0,0,0,0,2,5368,254,392,254,392
387516,Playing,2647040,7502,0,0,0,0,2,5376,95,392,95,392
387768,Playing,2584576,7325,0,0,0,0,2,5377,262,392,262,392
388034,Playing,2632704,7462,0,0,0,0,2,5382,2,392,2,392
388271,Playing,2633728,7465,0,0,0,0,2,5385,4,392,4,392
388512,Playing,2626560,7444,0,0,0,0,2,5388,105,392,105,392
388750,Playing,2599936,7369,0,0,0,0,2,5390,175,392,175,392
389004,Playing,2620416,7427,0,0,0,0,2,5394,196,392,196,392
389333,Playing,2616320,7415,0,0,0,0,2,5398,13,392,13,392
389539,Playing,2625536,7441,0,0,0,0,2,5401,29,392,29,392
389758,Playing,2607104,7389,0,0,0,0,2,5403,126,392,127,392
390006,Playing,2608128,7392,0,0,0,0,2,5409,0,392,0,392
390286,Playing,2592768,7349,0,0,0,0,2,5412,0,392,0,392
390513,Playing,2621440,7430,0,0,0,0,2,5416,61,392,61,392
390768,Playing,2586624,7331,0,0,0,0,2,5418,0,392,0,392
391054,Playing,2571264,7288,0,0,0,0,2,5421,153,392,153,392
391306,Playing,2564096,7267,0,0,0,0,2,5424,71,392,72,392
391509,Playing,2573312,7293,0,0,0,0,2,5427,24,392,24,392
391762,Playing,2601984,7375,0,0,0,0,2,5431,2,392,2,392
392015,Playing,2622464,7433,0,0,0,0,2,5435,18,392,18,392
392267,Playing,2615296,7412,0,0,0,0,2,5438,0,392,0,392
392520,Playing,2580480,7314,0,0,0,0,2,5440,0,392,0,392
392773,Playing,2573312,7293,0,0,0,0,2,5446,2,392,10,392
393025,Playing,2574336,7296,0,0,0,0,2,5449,20,392,20,392
393277,Playing,2567168,7276,0,0,0,0,2,5452,125,392,125,392
393530,Playing,2587648,7334,0,0,0,0,2,5456,22,392,22,392
393758,Playing,2561024,7259,0,0,0,0,2,5458,125,392,125,392
394000,Playing,2589696,7340,0,0,0,0,2,5462,0,392,0,392
394272,Playing,2574336,7296,0,0,0,0,2,5465,0,392,0,392
394509,Playing,2603008,7378,0,0,0,0,2,5469,0,392,0,392
394763,Playing,2568192,7279,0,0,0,0,2,5471,0,392,0,392
395034,Playing,2533376,7180,0,0,0,0,2,5473,245,392,245,392
395309,Playing,2573312,7293,0,0,0,0,2,5478,12,392,12,392
395517,Playing,2573312,7293,0,0,0,0,2,5481,174,392,174,392
395814,Playing,2531328,7174,0,0,0,0,2,5486,149,392,149,392
396009,Playing,2548736,7224,0,0,0,0,2,5489,3,392,3,392
396266,Playing,2569216,7282,0,0,0,0,2,5493,0,392,0,392
396547,Playing,2553856,7238,0,0,0,0,2,5496,171,392,171,392
396755,Playing,2535424,7186,0,0,0,0,2,5498,32,392,33,392
397000,Playing,2536448,7189,0,0,0,0,2,5501,51,392,51,392
397296,Playing,2540544,7201,0,0,0,0,2,5505,160,392,161,392
397542,Playing,2569216,7282,0,0,0,0,2,5509,163,392,163,392
397774,Playing,2570240,7285,0,0,0,0,2,5512,163,392,163,392
398000,Playing,2515968,7131,0,0,0,0,2,5513,90,392,90,392
398276,Playing,2555904,7244,0,0,0,0,2,5518,28,392,29,392
398500,Playing,2537472,7192,0,0,0,0,2,5523,100,392,101,392
398766,Playing,2494464,7070,0,0,0,0,2,5525,79,392,79,392
399055,Playing,2562048,7262,0,0,0,0,2,5531,0,392,0,392
399278,Playing,2535424,7186,0,0,0,0,2,5533,0,392,0,392
399555,Playing,2528256,7166,0,0,0,0,2,5536,158,392,158,392
399772,Playing,2556928,7247,0,0,0,0,2,5540,19,392,19,392
400014,Playing,2502656,7093,0,0,0,0,2,5541,65,392,66,392
400300,Playing,2514944,7128,0,0,0,0,2,5545,58,392,58,392
400546,Playing,2507776,7108,0,0,0,0,2,5548,132,392,132,392
400792,Playing,2564096,7267,0,0,0,0,2,5553,0,392,0,392
401005,Playing,2545664,7215,0,0,0,0,2,5555,187,392,187,392
401274,Playing,2502656,7093,0,0,0,0,2,5560,21,392,21,392
401563,Playing,2487296,7050,0,0,0,0,2,5563,104,392,104,392
401801,Playing,2460672,6974,0,0,0,0,2,5565,0,392,0,392
402112,Playing,2456576,6963,0,0,0,0,2,5569,83,392,83,392
402338,Playing,2521088,7145,0,0,0,0,2,5574,64,392,64,392
402558,Playing,2522112,7148,0,0,0,0,2,5577,70,392,70,392
402788,Playing,2531328,7174,0,0,0,0,2,5580,1,392,1,392
403033,Playing,2524160,7154,0,0,0,0,2,5583,175,392,175,392
403291,Playing,2544640,7212,0,0,0,0,2,5587,3,392,3,392
403566,Playing,2529280,7169,0,0,0,0,2,5590,176,392,176,392
403829,Playing,2522112,7148,0,0,0,0,2,5593,100,392,100,392
404011,Playing,2510848,7116,0,0,0,0,2,5598,0,392,0,392
404276,Playing,2440192,6916,0,0,0,0,2,5599,106,392,106,392
404551,Playing,2452480,6951,0,0,0,0,2,5603,29,392,29,392
404796,Playing,2508800,7111,0,0,0,0,2,5608,5,392,5,392
405046,Playing,2501632,7090,0,0,0,0,2,5611,0,392,0,392
405329,Playing,2486272,7047,0,0,0,0,2,5614,0,392,0,392
405500,Playing,2511872,7119,0,0,0,0,2,5617,11,392,11,392
405778,Playing,2468864,6997,0,0,0,0,2,5619,89,392,90,392
406009,Playing,2525184,7157,0,0,0,0,2,5624,0,392,0,392
406313,Playing,2501632,7090,0,0,0,0,2,5627,0,392,0,392
406514,Playing,2491392,7061,0,0,0,0,2,5629,0,392,0,392
406753,Playing,2501632,7090,0,0,0,0,2,5635,7,392,21,392
407021,Playing,2467840,6995,0,0,0,0,2,5638,13,392,13,392
407310,Playing,2424832,6873,0,0,0,0,2,5640,167,392,167,392
407521,Playing,2461696,6977,0,0,0,0,2,5644,0,392,0,392
407783,Playing,2454528,6957,0,0,0,0,2,5647,7,392,7,392
408043,Playing,2439168,6913,0,0,0,0,2,5650,98,392,98,392
408257,Playing,2476032,7018,0,0,0,0,2,5654,0,392,0,392
408509,Playing,2449408,6942,0,0,0,0,2,5656,0,392,0,392
408795,Playing,2453504,6954,0,0,0,0,2,5660,0,392,0,392
409000,Playing,2498560,7082,0,0,0,0,2,5664,0,392,0,392
409287,Playing,2475008,7015,0,0,0,0,2,5667,0,392,0,392
409500,Playing,2484224,7041,0,0,0,0,2,5670,77,392,77,392
409759,Playing,2467840,6995,0,0,0,0,2,5676,16,392,16,392
410025,Playing,2460672,6974,0,0,0,0,2,5679,95,392,95,392
410301,Playing,2417664,6852,0,0,0,0,2,5681,174,392,174,392
410529,Playing,2473984,7012,0,0,0,0,2,5686,0,392,0,392
410751,Playing,2400256,6803,0,0,0,0,2,5686,0,392,0,392
411035,Playing,2467840,6995,0,0,0,0,2,5692,67,392,67,392
411270,Playing,2441216,6919,0,0,0,0,2,5694,9,392,9,392
411550,Playing,2453504,6954,0,0,0,0,2,5698,4,392,4,392
411776,Playing,2482176,7035,0,0,0,0,2,5702,0,392,0,392
412046,Playing,2475008,7015,0,0,0,0,2,5705,0,392,0,392
412271,Playing,2420736,6861,0,0,0,0,2,5706,151,392,151,392
412516,Playing,2413568,6841,0,0,0,0,2,5712,74,392,74,392
412766,Playing,2414592,6844,0,0,0,0,2,5715,96,392,97,392
413007,Playing,2407424,6823,0,0,0,0,2,5718,155,392,155,392
413317,Playing,2411520,6835,0,0,0,0,2,5722,98,392,98,392
413525,Playing,2420736,6861,0,0,0,0,2,5725,0,392,0,392
413767,Playing,2421760,6864,0,0,0,0,2,5728,166,392,166,392
414005,Playing,2422784,6867,0,0,0,0,2,5731,0,392,0,392
414296,Playing,2399232,6800,0,0,0,0,2,5734,10,392,10,392
414529,Playing,2427904,6881,0,0,0,0,2,5738,13,392,13,392
414784,Playing,2420736,6861,0,0,0,0,2,5741,116,392,116,392
415007,Playing,2402304,6809,0,0,0,0,2,5743,7,392,7,392
415258,Playing,2395136,6788,0,0,0,0,2,5749,0,392,27,392
415514,Playing,2415616,6846,0,0,0,0,2,5753,0,392,0,392
415754,Playing,2416640,6849,0,0,0,0,2,5756,0,392,0,392
416016,Playing,2381824,6751,0,0,0,0,2,5758,1,392,1,392
416279,Playing,2402304,6809,0,0,0,0,2,5762,0,392,0,392
416542,Playing,2386944,6765,0,0,0,0,2,5765,3,392,3,392
416753,Playing,2396160,6791,0,0,0,0,2,5768,173,392,173,392
417029,Playing,2444288,6928,0,0,0,0,2,5773,0,392,0,392
417290,Playing,2428928,6884,0,0,0,0,2,5776,0,392,0,392
417551,Playing,2421760,6864,0,0,0,0,2,5779,95,392,95,392
417765,Playing,2430976,6890,0,0,0,0,2,5782,0,392,0,392
418026,Playing,2396160,6791,0,0,0,0,2,5787,0,392,16,392
418259,Playing,2369536,6716,0,0,0,0,2,5789,3,392,3,392
418546,Playing,2354176,6672,0,0,0,0,2,5792,2,392,2,392
418769,Playing,2382848,6754,0,0,0,0,2,5796,179,392,179,392
419030,Playing,2403328,6812,0,0,0,0,2,5800,0,392,0,392
419308,Playing,2415616,6846,0,0,0,0,2,5804,0,392,0,392
419540,Playing,2388992,6771,0,0,0,0,2,5806,96,392,96,392
419755,Playing,2398208,6797,0,0,0,0,2,5809,0,392,0,392
420017,Playing,2418688,6855,0,0,0,0,2,5813,0,392,0,392
420279,Playing,2403328,6812,0,0,0,0,2,5816,97,392,97,392
420546,Playing,2423808,6870,0,0,0,0,2,5820,0,392,0,392
420750,Playing,2377728,6739,0,0,0,0,2,5821,174,392,174,392
421005,Playing,2370560,6719,0,0,0,0,2,5827,0,392,0,392
421283,Playing,2363392,6698,0,0,0,0,2,5830,184,392,184,392
421500,Playing,2364416,6701,0,0,0,0,2,5833,0,392,0,392
421758,Playing,2384896,6759,0,0,0,0,2,5837,0,392,0,392
422013,Playing,2377728,6739,0,0,0,0,2,5840,0,392,0,392
422296,Playing,2362368,6696,0,0,0,0,2,5843,84,392,84,392
422514,Playing,2371584,6722,0,0,0,0,2,5846,0,392,0,392
422776,Playing,2364416,6701,0,0,0,0,2,5849,0,392,0,392
423020,Playing,2329600,6603,0,0,0,0,2,5851,23,392,23,392
423257,Playing,2330624,6606,0,0,0,0,2,5854,38,392,39,392
423541,Playing,2342912,6640,0,0,0,0,2,5858,13,392,13,392
423757,Playing,2352128,6667,0,0,0,0,2,5864,2,392,2,392
424044,Playing,2356224,6678,0,0,0,0,2,5868,3,392,4,392
424288,Playing,2357248,6681,0,0,0,0,2,5871,11,392,11,392
424501,Playing,2338816,6629,0,0,0,0,2,5873,0,392,0,392
424775,Playing,2323456,6585,0,0,0,0,2,5876,0,392,0,392
425020,Playing,2324480,6588,0,0,0,0,2,5879,96,392,96,392
425310,Playing,2300928,6521,0,0,0,0,2,5882,11,392,11,392
425543,Playing,2301952,6524,0,0,0,0,2,5885,71,392,71,392
425796,Playing,2330624,6606,0,0,0,0,2,5889,1,392,1,392
426012,Playing,2331648,6608,0,0,0,0,2,5892,98,392,98,392
426281,Playing,2296832,6510,0,0,0,0,2,5894,0,392,0,392
426575,Playing,2300928,6521,0,0,0,0,2,5901,68,392,68,392
426787,Playing,2310144,6548,0,0,0,0,2,5904,0,392,0,392
427012,Playing,2311168,6550,0,0,0,0,2,5907,95,392,95,392
427300,Playing,2323456,6585,0,0,0,0,2,5911,0,392,0,392
427545,Playing,2324480,6588,0,0,0,0,2,5914,88,392,88,392
427754,Playing,2278400,6458,0,0,0,0,2,5915,171,392,171,392
428034,Playing,2318336,6571,0,0,0,0,2,5920,2,392,2,392
428300,Playing,2338816,6629,0,0,0,0,2,5924,13,392,13,392
428504,Playing,2348032,6655,0,0,0,0,2,5927,0,392,0,392
428762,Playing,2313216,6556,0,0,0,0,2,5929,0,392,0,392
429016,Playing,2333696,6614,0,0,0,0,2,5933,0,392,0,392
429279,Playing,2308096,6542,0,0,0,0,2,5938,2,392,7,392
429501,Playing,2290688,6492,0,0,0,0,2,5941,100,392,100,392
429764,Playing,2338816,6629,0,0,0,0,2,5946,2,392,2,392
430028,Playing,2304000,6530,0,0,0,0,2,5948,96,392,96,392
430280,Playing,2296832,6510,0,0,0,0,2,5951,6,392,6,392
430521,Playing,2325504,6591,0,0,0,0,2,5955,0,392,0,392
430778,Playing,2318336,6571,0,0,0,0,2,5958,0,392,0,392
431038,Playing,2338816,6629,0,0,0,0,2,5962,16,392,16,392
431298,Playing,2268160,6429,0,0,0,0,2,5963,190,392,190,392
431520,Playing,2332672,6611,0,0,0,0,2,5968,2,392,2,392
431784,Playing,2325504,6591,0,0,0,0,2,5971,2,392,2,392
432048,Playing,2300928,6521,0,0,0,0,2,5977,0,392,0,392
432266,Playing,2254848,6391,0,0,0,0,2,5978,165,392,165,392
432529,Playing,2275328,6449,0,0,0,0,2,5982,2,392,2,392
432800,Playing,2259968,6405,0,0,0,0,2,5985,0,392,0,392
433013,Playing,2241536,6353,0,0,0,0,2,5987,0,392,0,392
433304,Playing,2253824,6388,0,0,0,0,2,5991,2,392,2,392
433500,Playing,2263040,6414,0,0,0,0,2,5994,92,392,92,392
433758,Playing,2255872,6394,0,0,0,0,2,5997,79,392,79,392
434020,Playing,2304000,6530,0,0,0,0,2,6002,0,392,0,392
434316,Playing,2233344,6330,0,0,0,0,2,6003,176,392,176,392
434529,Playing,2262016,6411,0,0,0,0,2,6007,53,392,53,392
434759,Playing,2298880,6516,0,0,0,0,2,6011,8,392,8,392
435017,Playing,2246656,6368,0,0,0,0,2,6016,84,392,84,392
435296,Playing,2258944,6402,0,0,0,0,2,6020,0,392,0,392
435513,Playing,2212864,6272,0,0,0,0,2,6021,170,392,171,392
435780,Playing,2233344,6330,0,0,0,0,2,6025,88,392,88,392
436003,Playing,2234368,6333,0,0,0,0,2,6028,87,392,87,392
436296,Playing,2246656,6368,0,0,0,0,2,6033,12,392,95,392
436530,Playing,2220032,6292,0,0,0,0,2,6034,165,392,165,392
436789,Playing,2268160,6429,0,0,0,0,2,6039,0,392,0,392
437045,Playing,2233344,6330,0,0,0,0,2,6041,106,392,106,392
437274,Playing,2234368,6333,0,0,0,0,2,6044,1,392,1,392
437509,Playing,2235392,6336,0,0,0,0,2,6047,48,392,48,392
437784,Playing,2220032,6292,0,0,0,0,2,6053,0,392,0,392
438075,Playing,2204672,6249,0,0,0,0,2,6056,109,392,109,392
438296,Playing,2260992,6408,0,0,0,0,2,6061,15,392,15,392
438513,Playing,2214912,6278,0,0,0,0,2,6062,167,392,168,392
438780,Playing,2227200,6312,0,0,0,0,2,6066,1,392,1,392
439005,Playing,2236416,6339,0,0,0,0,2,6069,0,392,0,392
439320,Playing,2204672,6249,0,0,0,0,2,6072,113,392,113,392
439546,Playing,2269184,6431,0,0,0,0,2,6077,0,392,0,392
439767,Playing,2214912,6278,0,0,0,0,2,6078,178,392,178,392
440030,Playing,2235392,6336,0,0,0,0,2,6082,170,392,170,392
440269,Playing,2181120,6182,0,0,0,0,2,6083,83,392,83,392
440504,Playing,2209792,6263,0,0,0,0,2,6087,0,392,0,392
440790,Playing,2186240,6196,0,0,0,0,2,6093,0,392,0,392
441004,Playing,2223104,6301,0,0,0,0,2,6097,0,392,0,392
441288,Playing,2207744,6257,0,0,0,0,2,6100,5,392,5,392
441534,Playing,2153472,6103,0,0,0,0,2,6101,181,392,181,392
441799,Playing,2165760,6138,0,0,0,0,2,6105,176,392,176,392
442011,Playing,2202624,6243,0,0,0,0,2,6109,2,392,2,392
442292,Playing,2214912,6278,0,0,0,0,2,6113,0,392,0,392
442529,Playing,2160640,6124,0,0,0,0,2,6114,178,392,179,392
442778,Playing,2181120,6182,0,0,0,0,2,6118,0,392,0,392
443020,Playing,2209792,6263,0,0,0,0,2,6122,0,392,0,392
443282,Playing,2202624,6243,0,0,0,0,2,6125,1,392,1,392
443516,Playing,2148352,6089,0,0,0,0,2,6129,3,392,3,392
443779,Playing,2160640,6124,0,0,0,0,2,6133,3,392,3,392
444003,Playing,2114560,5993,0,0,0,0,2,6134,176,392,176,392
444288,Playing,2126848,6028,0,0,0,0,2,6138,0,392,0,392
444508,Playing,2155520,6109,0,0,0,0,2,6142,0,392,0,392
444791,Playing,2167808,6144,0,0,0,0,2,6146,24,392,24,392
445009,Playing,2121728,6013,0,0,0,0,2,6147,70,392,70,392
445280,Playing,2134016,6048,0,0,0,0,2,6151,4,392,4,392
445550,Playing,2182144,6185,0,0,0,0,2,6156,134,392,134,392
445791,Playing,2147328,6086,0,0,0,0,2,6158,0,392,0,392
446021,Playing,2148352,6089,0,0,0,0,2,6161,86,392,87,392
446317,Playing,2132992,6045,0,0,0,0,2,6167,86,392,86,392
446551,Playing,2134016,6048,0,0,0,0,2,6170,132,392,132,392
446774,Playing,2107392,5973,0,0,0,0,2,6172,1,392,1,392
447042,Playing,2127872,6031,0,0,0,0,2,6176,95,392,95,392
447297,Playing,2148352,6089,0,0,0,0,2,6180,9,392,10,392
447503,Playing,2185216,6193,0,0,0,0,2,6184,0,392,0,392
447762,Playing,2150400,6095,0,0,0,0,2,6186,0,392,0,392
448042,Playing,2135040,6051,0,0,0,0,2,6189,0,392,1,392
448271,Playing,2163712,6132,0,0,0,0,2,6193,0,392,0,392
448500,Playing,2164736,6135,0,0,0,0,2,6196,94,392,94,392
448766,Playing,2129920,6037,0,0,0,0,2,6198,0,392,0,392
449049,Playing,2105344,5967,0,0,0,0,2,6203,0,392,15,392
449298,Playing,2135040,6051,0,0,0,0,2,6208,5,392,5,392
449533,Playing,2136064,6054,0,0,0,0,2,6211,17,392,17,392
449776,Playing,2137088,6057,0,0,0,0,2,6214,99,392,99,392
450036,Playing,2129920,6037,0,0,0,0,2,6217,0,392,0,392
450292,Playing,2122752,6016,0,0,0,0,2,6220,0,392,0,392
450513,Playing,2151424,6098,0,0,0,0,2,6224,0,392,0,392
450757,Playing,2152448,6101,0,0,0,0,2,6227,76,392,76,392
451030,Playing,2109440,5979,0,0,0,0,2,6229,14,392,14,392
451271,Playing,2138112,6060,0,0,0,0,2,6233,27,392,27,392
451546,Playing,2150400,6095,0,0,0,0,2,6237,5,392,5,392
451771,Playing,2076672,5886,0,0,0,0,2,6237,5,392,5,392
452016,Playing,2097152,5944,0,0,0,0,2,6244,9,392,9,392
452282,Playing,2117632,6002,0,0,0,0,2,6248,0,392,0,392
452541,Playing,2110464,5982,0,0,0,0,2,6251,14,392,14,392
452788,Playing,2130944,6040,0,0,0,0,2,6255,0,392,0,392
453032,Playing,2076672,5886,0,0,0,0,2,6256,181,392,181,392
453329,Playing,2080768,5897,0,0,0,0,2,6260,99,392,99,392
453513,Playing,2125824,6025,0,0,0,0,2,6264,0,392,0,392
453792,Playing,2138112,6060,0,0,0,0,2,6268,16,392,16,392
454012,Playing,2147328,6086,0,0,0,0,2,6271,7,392,7,392
454250,Playing,2093056,5932,0,0,0,0,2,6272,186,392,186,392
454530,Playing,2105344,5967,0,0,0,0,2,6276,41,392,41,392
454784,Playing,2080768,5897,0,0,0,0,2,6282,22,392,22,392
455045,Playing,2081792,5900,0,0,0,0,2,6285,162,392,162,392
455292,Playing,2046976,5802,0,0,0,0,2,6287,162,392,162,392
455501,Playing,2083840,5906,0,0,0,0,2,6291,150,392,150,392
455788,Playing,2068480,5863,0,0,0,0,2,6294,125,392,125,392
456087,Playing,2072576,5874,0,0,0,0,2,6298,109,392,109,392
456350,Playing,2065408,5854,0,0,0,0,2,6301,46,392,46,392
456516,Playing,2091008,5926,0,0,0,0,2,6304,0,392,0,392
456796,Playing,2048000,5804,0,0,0,0,2,6306,225,392,225,392
457078,Playing,2087936,5918,0,0,0,0,2,6311,41,392,41,392
457253,Playing,2077696,5889,0,0,0,0,2,6313,1,392,1,392
457537,Playing,2025472,5741,0,0,0,0,2,6318,0,392,0,392
457753,Playing,2007040,5688,0,0,0,0,2,6320,19,392,19,392
458076,Playing,2030592,5755,0,0,0,0,2,6325,33,392,33,392
458338,Playing,1995776,5656,0,0,0,0,2,6327,118,392,118,392
458549,Playing,2032640,5761,0,0,0,0,2,6331,0,392,0,392
458778,Playing,2061312,5842,0,0,0,0,2,6335,4,392,5,392
459038,Playing,2026496,5744,0,0,0,0,2,6337,0,392,0,392
459267,Playing,2027520,5746,0,0,0,0,2,6340,0,392,0,392
459508,Playing,2028544,5749,0,0,0,0,2,6343,0,392,0,392
459755,Playing,2049024,5807,0,0,0,0,2,6347,161,392,162,392
460008,Playing,2014208,5709,0,0,0,0,2,6349,7,392,7,392
460263,Playing,2016256,5715,0,0,0,0,2,6355,4,392,30,392
460505,Playing,2026496,5744,0,0,0,0,2,6359,0,392,0,392
460811,Playing,2002944,5677,0,0,0,0,2,6362,0,392,0,392
461046,Playing,2003968,5680,0,0,0,0,2,6365,0,392,0,392
461332,Playing,1980416,5613,0,0,0,0,2,6368,0,392,0,392
461507,Playing,2006016,5685,0,0,0,0,2,6371,2,392,2,392
461780,Playing,1990656,5642,0,0,0,0,2,6374,170,392,170,392
462041,Playing,2038784,5778,0,0,0,0,2,6379,0,392,0,392
462273,Playing,2039808,5781,0,0,0,0,2,6382,0,392,0,392
462546,Playing,1977344,5604,0,0,0,0,2,6383,175,392,175,392
462779,Playing,2033664,5764,0,0,0,0,2,6388,0,392,0,392
463045,Playing,1990656,5642,0,0,0,0,2,6393,6,392,33,392
463278,Playing,1964032,5566,0,0,0,0,2,6395,0,392,0,392
463549,Playing,1984512,5625,0,0,0,0,2,6399,10,392,10,392
463782,Playing,1985536,5627,0,0,0,0,2,6402,2,392,2,392
464011,Playing,2014208,5709,0,0,0,0,2,6406,2,392,2,392
464273,Playing,1951744,5532,0,0,0,0,2,6407,91,392,92,392
464570,Playing,2011136,5700,0,0,0,0,2,6413,8,392,8,392
464780,Playing,1992704,5648,0,0,0,0,2,6415,16,392,16,392
465059,Playing,2004992,5683,0,0,0,0,2,6419,0,392,0,392
465309,Playing,1997824,5662,0,0,0,0,2,6422,27,392,27,392
465584,Playing,2018304,5720,0,0,0,0,2,6426,0,392,0,392
465750,Playing,1988608,5636,0,0,0,0,2,6427,134,392,135,392
466008,Playing,1953792,5537,0,0,0,0,2,6432,0,392,0,392
466279,Playing,1966080,5572,0,0,0,0,2,6436,54,392,54,392
466546,Playing,2006016,5685,0,0,0,0,2,6441,0,392,0,392
466775,Playing,1959936,5555,0,0,0,0,2,6442,212,392,212,392
467008,Playing,1988608,5636,0,0,0,0,2,6446,0,392,0,392
467342,Playing,1948672,5523,0,0,0,0,2,6449,86,392,86,392
467552,Playing,1985536,5627,0,0,0,0,2,6453,78,392,79,392
467786,Playing,1986560,5630,0,0,0,0,2,6456,90,392,91,392
468042,Playing,1951744,5532,0,0,0,0,2,6458,184,392,184,392
468265,Playing,1960960,5558,0,0,0,0,2,6461,56,392,57,392
468545,Playing,1973248,5593,0,0,0,0,2,6465,120,392,120,392
468821,Playing,1930240,5471,0,0,0,0,2,6470,0,392,0,392
469002,Playing,1947648,5520,0,0,0,0,2,6473,12,392,12,392
469270,Playing,1912832,5421,0,0,0,0,2,6475,203,392,203,392
469630,Playing,1928192,5465,0,0,0,0,2,6480,179,392,179,392
469775,Playing,1953792,5537,0,0,0,0,2,6483,2,392,2,392
470030,Playing,1946624,5517,0,0,0,0,2,6486,8,392,8,392
470307,Playing,1939456,5497,0,0,0,0,2,6489,111,392,112,392
470554,Playing,1959936,5555,0,0,0,0,2,6493,20,392,20,392
470753,Playing,1941504,5503,0,0,0,0,2,6495,4,392,4,392
471050,Playing,1953792,5537,0,0,0,0,2,6499,0,392,0,392
471304,Playing,1974272,5596,0,0,0,0,2,6503,0,392,0,392
471517,Playing,1928192,5465,0,0,0,0,2,6507,94,392,94,392
471792,Playing,1940480,5500,0,0,0,0,2,6511,93,392,93,392
472032,Playing,1913856,5424,0,0,0,0,2,6513,173,392,173,392
472299,Playing,1926144,5459,0,0,0,0,2,6517,16,392,16,392
472554,Playing,1946624,5517,0,0,0,0,2,6521,1,392,1,392
472825,Playing,1911808,5418,0,0,0,0,2,6523,149,392,149,392
473041,Playing,1921024,5445,0,0,0,0,2,6526,141,392,141,392
473279,Playing,1941504,5503,0,0,0,0,2,6530,0,392,0,392
473549,Playing,1934336,5482,0,0,0,0,2,6533,87,392,87,392
473758,Playing,1888256,5352,0,0,0,0,2,6534,154,392,154,392
474021,Playing,1936384,5488,0,0,0,0,2,6539,14,392,14,392
474254,Playing,1928192,5465,0,0,0,0,2,6544,0,392,24,392
474541,Playing,1913856,5424,0,0,0,0,2,6548,164,392,164,392
474799,Playing,1934336,5482,0,0,0,0,2,6552,0,392,0,392
475028,Playing,1880064,5328,0,0,0,0,2,6553,166,392,166,392
475291,Playing,1900544,5387,0,0,0,0,2,6557,8,392,8,392
475503,Playing,1937408,5491,0,0,0,0,2,6561,0,392,0,392
475770,Playing,1930240,5471,0,0,0,0,2,6564,8,392,9,392
476041,Playing,1887232,5349,0,0,0,0,2,6566,0,392,0,392
476328,Playing,1954816,5540,0,0,0,0,2,6572,25,392,25,392
476580,Playing,1920000,5442,0,0,0,0,2,6574,71,392,71,392
476812,Playing,1893376,5366,0,0,0,0,2,6576,176,392,176,392
477016,Playing,1902592,5392,0,0,0,0,2,6579,3,392,3,392
477283,Playing,1867776,5294,0,0,0,0,2,6584,175,392,175,392
477603,Playing,1836032,5204,0,0,0,0,2,6587,134,392,134,392
477832,Playing,1864704,5285,0,0,0,0,2,6591,99,392,99,392
478092,Playing,1885184,5343,0,0,0,0,2,6595,133,392,133,392
478271,Playing,1883136,5337,0,0,0,0,2,6597,0,392,0,392
478533,Playing,1867776,5294,0,0,0,0,2,6600,150,392,150,392
478759,Playing,1876992,5320,0,0,0,0,2,6603,0,392,0,392
479046,Playing,1936384,5488,0,0,0,0,2,6609,0,392,0,392
479291,Playing,1882112,5334,0,0,0,0,2,6610,158,392,158,392
479524,Playing,1883136,5337,0,0,0,0,2,6613,0,392,0,392
479775,Playing,1903616,5395,0,0,0,0,2,6617,13,392,13,392
480026,Playing,1859584,5270,0,0,0,0,2,6622,84,392,84,392
480261,Playing,1860608,5273,0,0,0,0,2,6625,0,392,0,392
480529,Playing,1853440,5253,0,0,0,0,2,6628,0,392,0,392
480763,Playing,1882112,5334,0,0,0,0,2,6632,1,392,1,392
481010,Playing,1819648,5157,0,0,0,0,2,6633,169,392,169,392
481266,Playing,1784832,5059,0,0,0,0,2,6635,0,392,0,392
481520,Playing,1832960,5195,0,0,0,0,2,6640,23,392,23,392
481770,Playing,1861632,5276,0,0,0,0,2,6644,20,392,20,392
482060,Playing,1865728,5288,0,0,0,0,2,6648,5,392,5,392
482333,Playing,1858560,5268,0,0,0,0,2,6651,2,392,2,392
482541,Playing,1840128,5215,0,0,0,0,2,6653,13,392,13,392
482771,Playing,1822720,5166,0,0,0,0,2,6658,0,392,29,392
483054,Playing,1788928,5070,0,0,0,0,2,6661,12,392,12,392
483291,Playing,1781760,5050,0,0,0,0,2,6664,25,392,25,392
483549,Playing,1802240,5108,0,0,0,0,2,6668,99,392,99,392
483833,Playing,1814528,5143,0,0,0,0,2,6672,13,392,13,392
484040,Playing,1823744,5169,0,0,0,0,2,6675,36,392,36,392
484287,Playing,1797120,5093,0,0,0,0,2,6677,18,392,18,392
484570,Playing,1781760,5050,0,0,0,0,2,6680,18,392,18,392
484800,Playing,1810432,5131,0,0,0,0,2,6684,0,392,0,392
485008,Playing,1792000,5079,0,0,0,0,2,6686,107,392,107,392
485342,Playing,1843200,5224,0,0,0,0,2,6692,0,392,0,392
485534,Playing,1797120,5093,0,0,0,0,2,6693,99,392,99,392
485829,Playing,1772544,5024,0,0,0,0,2,6699,0,392,0,392
486016,Playing,1789952,5073,0,0,0,0,2,6702,1,392,1,392
486260,Playing,1810432,5131,0,0,0,0,2,6706,0,392,0,392
486533,Playing,1822720,5166,0,0,0,0,2,6710,0,392,0,392
486762,Playing,1804288,5114,0,0,0,0,2,6712,21,392,21,392
487015,Playing,1797120,5093,0,0,0,0,2,6715,42,392,42,392
487265,Playing,1789952,5073,0,0,0,0,2,6718,85,392,85,392
487521,Playing,1810432,5131,0,0,0,0,2,6722,2,392,2,392
487753,Playing,1783808,5056,0,0,0,0,2,6724,141,392,141,392
488105,Playing,1743872,4942,0,0,0,0,2,6727,223,392,223,392
488304,Playing,1788928,5070,0,0,0,0,2,6731,40,392,40,392
488599,Playing,1765376,5003,0,0,0,0,2,6737,16,392,16,392
488787,Playing,1782784,5053,0,0,0,0,2,6740,9,392,9,392
489028,Playing,1720320,4876,0,0,0,0,2,6741,55,392,55,392
489351,Playing,1696768,4809,0,0,0,0,2,6744,15,392,15,392
489500,Playing,1777664,5038,0,0,0,0,2,6749,124,392,124,392
489779,Playing,1762304,4995,0,0,0,0,2,6752,44,392,44,392
490036,Playing,1755136,4974,0,0,0,0,2,6755,148,392,148,392
490308,Playing,1775616,5032,0,0,0,0,2,6759,39,392,40,392
490579,Playing,1760256,4989,0,0,0,0,2,6762,79,392,79,392
490808,Playing,1733632,4913,0,0,0,0,2,6764,2,392,2,392
491070,Playing,1754112,4971,0,0,0,0,2,6768,8,392,8,392
491328,Playing,1691648,4794,0,0,0,0,2,6772,40,392,82,392
491520,Playing,1764352,5000,0,0,0,0,2,6777,79,392,80,392
491782,Playing,1748992,4957,0,0,0,0,2,6780,85,392,85,392
492042,Playing,1714176,4858,0,0,0,0,2,6782,184,392,184,392
492257,Playing,1751040,4963,0,0,0,0,2,6786,47,392,47,392
492545,Playing,1763328,4998,0,0,0,0,2,6790,1,392,1,392
492811,Playing,1747968,4954,0,0,0,0,2,6793,59,392,59,392
493062,Playing,1740800,4934,0,0,0,0,2,6796,13,392,13,392
493450,Playing,1747968,4954,0,0,0,0,2,6801,0,392,0,392
493619,Playing,1718272,4870,0,0,0,0,2,6802,54,392,54,392
493758,Playing,1724416,4887,0,0,0,0,2,6804,0,392,0,392
494090,Playing,1712128,4852,0,0,0,0,2,6811,95,392,95,392
494323,Playing,1713152,4855,0,0,0,0,2,6814,5,392,5,392
494615,Playing,1697792,4812,0,0,0,0,2,6817,0,392,0,392
494770,Playing,1751040,4963,0,0,0,0,2,6821,0,392,0,392
495057,Playing,1680384,4762,0,0,0,0,2,6822,170,392,170,392
495281,Playing,1717248,4867,0,0,0,0,2,6826,6,392,6,392
495582,Playing,1693696,4800,0,0,0,0,2,6829,95,392,96,392
495779,Playing,1730560,4905,0,0,0,0,2,6833,15,392,15,392
496042,Playing,1751040,4963,0,0,0,0,2,6837,0,392,0,392
496310,Playing,1680384,4762,0,0,0,0,2,6838,187,392,187,392
496588,Playing,1692672,4797,0,0,0,0,2,6842,73,392,73,392
496791,Playing,1710080,4847,0,0,0,0,2,6848,0,392,0,392
497029,Playing,1711104,4850,0,0,0,0,2,6851,102,392,102,392
497341,Playing,1707008,4838,0,0,0,0,2,6855,0,392,0,392
497523,Playing,1696768,4809,0,0,0,0,2,6857,5,392,6,392
497777,Playing,1697792,4812,0,0,0,0,2,6860,167,392,167,392
498034,Playing,1745920,4948,0,0,0,0,2,6865,13,392,13,392
498312,Playing,1675264,4748,0,0,0,0,2,6866,168,392,168,392
498516,Playing,1684480,4774,0,0,0,0,2,6869,114,392,114,392
498773,Playing,1704960,4832,0,0,0,0,2,6873,0,392,0,392
499026,Playing,1725440,4890,0,0,0,0,2,6877,4,392,4,392
499341,Playing,1701888,4823,0,0,0,0,2,6880,88,392,88,392
499544,Playing,1701888,4823,0,0,0,0,2,6885,0,392,8,392
499798,Playing,1648640,4673,0,0,0,0,2,6887,226,392,226,392
500025,Playing,1677312,4754,0,0,0,0,2,6891,179,392,179,392
500306,Playing,1689600,4789,0,0,0,0,2,6895,0,392,0,392
500508,Playing,1679360,4760,0,0,0,0,2,6897,1,392,1,392
500759,Playing,1672192,4739,0,0,0,0,2,6900,177,392,177,392
501011,Playing,1665024,4719,0,0,0,0,2,6903,165,392,165,392
501263,Playing,1657856,4699,0,0,0,0,2,6906,170,392,170,392
501516,Playing,1678336,4757,0,0,0,0,2,6910,0,392,0,392
501767,Playing,1671168,4736,0,0,0,0,2,6913,182,392,182,392
502020,Playing,1699840,4818,0,0,0,0,2,6917,4,392,4,392
502272,Playing,1665024,4719,0,0,0,0,2,6919,0,392,0,392
502525,Playing,1630208,4620,0,0,0,0,2,6924,90,392,90,392
502777,Playing,1650688,4678,0,0,0,0,2,6928,94,392,94,392
503028,Playing,1679360,4760,0,0,0,0,2,6932,0,392,0,392
503280,Playing,1616896,4583,0,0,0,0,2,6933,93,392,93,392
503533,Playing,1637376,4641,0,0,0,0,2,6937,0,392,0,392
503785,Playing,1657856,4699,0,0,0,0,2,6941,0,392,0,392
504037,Playing,1650688,4678,0,0,0,0,2,6944,0,392,0,392
504288,Playing,1624064,4603,0,0,0,0,2,6946,11,392,11,392
504540,Playing,1644544,4661,0,0,0,0,2,6950,179,392,179,392
504793,Playing,1637376,4641,0,0,0,0,2,6953,160,392,160,392
505045,Playing,1657856,4699,0,0,0,0,2,6957,3,392,3,392
505297,Playing,1604608,4548,0,0,0,0,2,6961,6,392,6,392
505548,Playing,1642496,4655,0,0,0,0,2,6966,0,392,0,392
505800,Playing,1607680,4556,0,0,0,0,2,6968,0,392,0,392
506001,Playing,1616896,4583,0,0,0,0,2,6971,0,392,0,392
506253,Playing,1609728,4562,0,0,0,0,2,6974,4,392,4,392
506504,Playing,1610752,4565,0,0,0,0,2,6977,0,392,0,392
506756,Playing,1603584,4545,0,0,0,0,2,6980,104,392,104,392
507008,Playing,1624064,4603,0,0,0,0,2,6984,0,392,0,392
507260,Playing,1589248,4504,0,0,0,0,2,6986,5,392,5,392
507513,Playing,1582080,4484,0,0,0,0,2,6989,107,392,107,392
507765,Playing,1602560,4542,0,0,0,0,2,6993,12,392,12,392
508017,Playing,1603584,4545,0,0,0,0,2,6996,158,392,159,392
508269,Playing,1587200,4498,0,0,0,0,2,7002,100,392,100,392
508521,Playing,1552384,4400,0,0,0,0,2,7004,0,392,0,392
508773,Playing,1572864,4458,0,0,0,0,2,7008,0,392,0,392
509026,Playing,1565696,4437,0,0,0,0,2,7011,78,392,78,392
509279,Playing,1594368,4519,0,0,0,0,2,7015,0,392,0,392
509531,Playing,1614848,4577,0,0,0,0,2,7019,0,392,0,392
509785,Playing,1552384,4400,0,0,0,0,2,7020,100,392,100,392
510036,Playing,1572864,4458,0,0,0,0,2,7024,0,392,0,392
510288,Playing,1593344,4516,0,0,0,0,2,7028,0,392,0,392
510540,Playing,1586176,4495,0,0,0,0,2,7031,5,392,5,392
510792,Playing,1596416,4524,0,0,0,0,2,7035,0,392,0,392
511044,Playing,1515520,4295,0,0,0,0,2,7038,111,392,111,392
511297,Playing,1536000,4353,0,0,0,0,2,7042,20,392,20,392
511549,Playing,1556480,4411,0,0,0,0,2,7046,21,392,21,392
511825,Playing,1568768,4446,0,0,0,0,2,7050,0,392,0,392
512073,Playing,1569792,4449,0,0,0,0,2,7053,0,392,0,392
512336,Playing,1526784,4327,0,0,0,0,2,7055,0,392,0,392
512579,Playing,1527808,4330,0,0,0,0,2,7058,0,392,0,392
512795,Playing,1564672,4435,0,0,0,0,2,7062,0,392,0,392
513100,Playing,1541120,4368,0,0,0,0,2,7065,176,392,177,392
513386,Playing,1572864,4458,0,0,0,0,2,7070,0,392,0,392
513583,Playing,1534976,4350,0,0,0,0,2,7071,187,392,187,392
513779,Playing,1524736,4321,0,0,0,0,2,7076,135,392,135,392
514025,Playing,1489920,4223,0,0,0,0,2,7078,119,392,119,392
514346,Playing,1541120,4368,0,0,0,0,2,7084,161,392,161,392
514538,Playing,1530880,4339,0,0,0,0,2,7086,0,392,0,392
514933,Playing,1557504,4414,0,0,0,0,2,7092,0,392,0,392
515034,Playing,1552384,4400,0,0,0,0,2,7093,73,392,73,392
515287,Playing,1517568,4301,0,0,0,0,2,7095,0,392,0,392
515540,Playing,1510400,4281,0,0,0,0,2,7098,73,392,73,392
515792,Playing,1558528,4417,0,0,0,0,2,7103,8,392,8,392
516045,Playing,1551360,4397,0,0,0,0,2,7106,0,392,0,392
516297,Playing,1552384,4400,0,0,0,0,2,7109,100,392,100,392
516500,Playing,1506304,4269,0,0,0,0,2,7111,23,392,23,392
516753,Playing,1499136,4249,0,0,0,0,2,7116,58,392,59,392
517005,Playing,1491968,4228,0,0,0,0,2,7119,0,392,0,392
517257,Playing,1484800,4208,0,0,0,0,2,7122,96,392,96,392
517632,Playing,1464320,4150,0,0,0,0,2,7126,22,392,22,392
517775,Playing,1498112,4246,0,0,0,0,2,7129,68,392,68,392
518131,Playing,1513472,4289,0,0,0,0,2,7134,23,392,23,392
518334,Playing,1522688,4316,0,0,0,0,2,7137,0,392,0,392
518562,Playing,1496064,4240,0,0,0,0,2,7139,10,392,10,392
518931,Playing,1511424,4284,0,0,0,0,2,7144,0,392,0,392
519033,Playing,1525760,4324,0,0,0,0,2,7146,0,392,0,392
519285,Playing,1490944,4226,0,0,0,0,2,7148,0,392,0,392
519537,Playing,1464320,4150,0,0,0,0,2,7153,86,392,86,392
519789,Playing,1457152,4130,0,0,0,0,2,7156,146,392,146,392
520040,Playing,1505280,4266,0,0,0,0,2,7161,3,392,4,392
520293,Playing,1470464,4167,0,0,0,0,2,7163,0,392,0,392
520547,Playing,1463296,4147,0,0,0,0,2,7166,0,392,0,392
520798,Playing,1456128,4127,0,0,0,0,2,7169,164,392,164,392
521000,Playing,1473536,4176,0,0,0,0,2,7172,0,392,0,392
521253,Playing,1494016,4234,0,0,0,0,2,7176,0,392,0,392
521504,Playing,1486848,4214,0,0,0,0,2,7179,7,392,7,392
521757,Playing,1479680,4194,0,0,0,0,2,7182,178,392,178,392
522009,Playing,1480704,4197,0,0,0,0,2,7185,93,392,93,392
522261,Playing,1445888,4098,0,0,0,0,2,7190,240,392,241,392
522513,Playing,1466368,4156,0,0,0,0,2,7194,0,392,0,392
522765,Playing,1459200,4136,0,0,0,0,2,7197,0,392,0,392
523016,Playing,1479680,4194,0,0,0,0,2,7201,0,392,0,392
523269,Playing,1480704,4197,0,0,0,0,2,7204,81,392,81,392
523522,Playing,1445888,4098,0,0,0,0,2,7206,0,392,0,392
523775,Playing,1438720,4078,0,0,0,0,2,7209,166,392,166,392
524028,Playing,1459200,4136,0,0,0,0,2,7213,0,392,0,392
524280,Playing,1479680,4194,0,0,0,0,2,7217,0,392,0,392
524533,Playing,1417216,4017,0,0,0,0,2,7218,90,392,90,392
524786,Playing,1473536,4176,0,0,0,0,2,7223,26,392,26,392
525038,Playing,1438720,4078,0,0,0,0,2,7228,0,392,0,392
525289,Playing,1403904,3979,0,0,0,0,2,7230,20,392,20,392
525541,Playing,1452032,4115,0,0,0,0,2,7235,0,392,0,392
525793,Playing,1417216,4017,0,0,0,0,2,7237,19,392,19,392
526046,Playing,1418240,4019,0,0,0,0,2,7240,0,392,0,392
526299,Playing,1438720,4078,0,0,0,0,2,7244,172,392,172,392
526500,Playing,1392640,3947,0,0,0,0,2,7245,115,392,115,392
526751,Playing,1440768,4083,0,0,0,0,2,7250,0,392,0,392
527003,Playing,1441792,4086,0,0,0,0,2,7253,0,392,0,392
527256,Playing,1406976,3988,0,0,0,0,2,7255,8,392,9,392
527509,Playing,1399808,3967,0,0,0,0,2,7258,96,392,96,392
527815,Playing,1431552,4057,0,0,0,0,2,7266,180,392,180,392
528004,Playing,1393664,3950,0,0,0,0,2,7267,87,392,87,392
528348,Playing,1409024,3993,0,0,0,0,2,7272,0,392,0,392
528554,Playing,1418240,4019,0,0,0,0,2,7275,0,392,0,392
528781,Playing,1399808,3967,0,0,0,0,2,7277,5,392,5,392
529061,Playing,1412096,4002,0,0,0,0,2,7281,0,392,0,392
529345,Playing,1452032,4115,0,0,0,0,2,7286,92,392,92,392
529512,Playing,1386496,3929,0,0,0,0,2,7286,92,392,92,392
529811,Playing,1426432,4043,0,0,0,0,2,7291,158,392,158,392
530055,Playing,1391616,3944,0,0,0,0,2,7293,0,392,0,392
530288,Playing,1392640,3947,0,0,0,0,2,7296,95,392,96,392
530553,Playing,1394688,3953,0,0,0,0,2,7302,0,392,14,392
530774,Playing,1349632,3825,0,0,0,0,2,7304,13,392,13,392
531046,Playing,1370112,3883,0,0,0,0,2,7308,84,392,84,392
531299,Playing,1390592,3941,0,0,0,0,2,7312,2,392,2,392
531533,Playing,1391616,3944,0,0,0,0,2,7315,0,392,0,392
531778,Playing,1337344,3790,0,0,0,0,2,7316,99,392,99,392
532012,Playing,1393664,3950,0,0,0,0,2,7321,4,392,4,392
532273,Playing,1378304,3906,0,0,0,0,2,7324,0,392,0,392
532503,Playing,1387520,3932,0,0,0,0,2,7327,173,392,173,392
532771,Playing,1344512,3810,0,0,0,0,2,7329,5,392,5,392
533002,Playing,1373184,3892,0,0,0,0,2,7333,102,392,102,392
533298,Playing,1377280,3903,0,0,0,0,2,7337,0,392,0,392
533534,Playing,1341440,3802,0,0,0,0,2,7342,22,392,22,392
533782,Playing,1370112,3883,0,0,0,0,2,7346,2,392,2,392
534007,Playing,1371136,3886,0,0,0,0,2,7349,0,392,0,392
534265,Playing,1336320,3787,0,0,0,0,2,7351,0,392,0,392
534520,Playing,1356800,3845,0,0,0,0,2,7355,79,392,79,392
534787,Playing,1321984,3747,0,0,0,0,2,7357,2,392,2,392
535045,Playing,1370112,3883,0,0,0,0,2,7362,0,392,0,392
535271,Playing,1343488,3808,0,0,0,0,2,7364,0,392,0,392
535563,Playing,1347584,3819,0,0,0,0,2,7368,0,392,0,392
535750,Playing,1309696,3712,0,0,0,0,2,7369,100,392,100,392
536020,Playing,1330176,3770,0,0,0,0,2,7373,24,392,24,392
536332,Playing,1316864,3732,0,0,0,0,2,7380,106,392,106,392
536631,Playing,1273856,3610,0,0,0,0,2,7382,2,392,3,392
536757,Playing,1280000,3628,0,0,0,0,2,7384,1,392,1,392
537105,Playing,1267712,3593,0,0,0,0,2,7388,0,392,0,392
537253,Playing,1301504,3689,0,0,0,0,2,7391,14,392,14,392
537541,Playing,1286144,3645,0,0,0,0,2,7394,110,392,110,392
537836,Playing,1317888,3735,0,0,0,0,2,7399,9,392,10,392
538078,Playing,1310720,3715,0,0,0,0,2,7402,1,392,1,392
538294,Playing,1292288,3662,0,0,0,0,2,7404,71,392,71,392
538548,Playing,1312768,3720,0,0,0,0,2,7408,63,392,64,392
538799,Playing,1258496,3567,0,0,0,0,2,7409,191,392,191,392
539153,Playing,1293312,3665,0,0,0,0,2,7418,15,392,15,392
539377,Playing,1247232,3535,0,0,0,0,2,7419,214,392,214,392
539590,Playing,1201152,3404,0,0,0,0,2,7420,196,392,196,392
539887,Playing,1288192,3651,0,0,0,0,2,7427,101,392,101,392
540040,Playing,1313792,3723,0,0,0,0,2,7430,0,392,0,392
540298,Playing,1306624,3703,0,0,0,0,2,7433,84,392,84,392
540525,Playing,1288192,3651,0,0,0,0,2,7435,88,392,88,392
540782,Playing,1281024,3631,0,0,0,0,2,7438,94,392,94,392
541035,Playing,1273856,3610,0,0,0,0,2,7441,104,392,104,392
541286,Playing,1294336,3668,0,0,0,0,2,7445,17,392,17,392
541538,Playing,1287168,3648,0,0,0,0,2,7448,10,392,10,392
541790,Playing,1252352,3549,0,0,0,0,2,7450,97,392,98,392
542042,Playing,1272832,3607,0,0,0,0,2,7457,0,392,0,392
542295,Playing,1273856,3610,0,0,0,0,2,7460,0,392,0,392
542547,Playing,1294336,3668,0,0,0,0,2,7464,4,392,4,392
542750,Playing,1275904,3616,0,0,0,0,2,7466,0,392,0,392
543004,Playing,1268736,3596,0,0,0,0,2,7469,0,392,0,392
543255,Playing,1289216,3654,0,0,0,0,2,7473,161,392,161,392
543507,Playing,1262592,3578,0,0,0,0,2,7475,14,392,15,392
543758,Playing,1255424,3558,0,0,0,0,2,7478,166,392,166,392
544012,Playing,1275904,3616,0,0,0,0,2,7482,6,392,6,392
544267,Playing,1296384,3674,0,0,0,0,2,7486,3,392,3,392
544520,Playing,1289216,3654,0,0,0,0,2,7489,0,392,0,392
544771,Playing,1254400,3555,0,0,0,0,2,7494,0,392,0,392
545023,Playing,1255424,3558,0,0,0,0,2,7497,0,392,0,392
545275,Playing,1248256,3538,0,0,0,0,2,7500,175,392,175,392
545527,Playing,1268736,3596,0,0,0,0,2,7504,1,392,1,392
545779,Playing,1261568,3575,0,0,0,0,2,7507,68,392,68,392
546030,Playing,1282048,3633,0,0,0,0,2,7511,68,392,69,392
546282,Playing,1255424,3558,0,0,0,0,2,7513,0,392,0,392
546535,Playing,1275904,3616,0,0,0,0,2,7517,0,392,0,392
546786,Playing,1241088,3517,0,0,0,0,2,7519,0,392,0,392
547038,Playing,1233920,3497,0,0,0,0,2,7522,1,392,1,392
547290,Playing,1254400,3555,0,0,0,0,2,7526,0,392,0,392
547543,Playing,1219584,3456,0,0,0,0,2,7531,95,392,95,392
547795,Playing,1248256,3538,0,0,0,0,2,7535,0,392,0,392
548046,Playing,1268736,3596,0,0,0,0,2,7539,0,392,0,392
548298,Playing,1206272,3419,0,0,0,0,2,7540,195,392,195,392
548500,Playing,1243136,3523,0,0,0,0,2,7544,0,392,0,392
548753,Playing,1216512,3448,0,0,0,0,2,7546,10,392,10,392
549005,Playing,1209344,3427,0,0,0,0,2,7549,1,392,1,392
549257,Playing,1229824,3485,0,0,0,0,2,7553,0,392,0,392
549509,Playing,1222656,3465,0,0,0,0,2,7556,161,392,161,392
549761,Playing,1243136,3523,0,0,0,0,2,7560,79,392,79,392
550013,Playing,1216512,3448,0,0,0,0,2,7562,0,392,1,392
550265,Playing,1200128,3401,0,0,0,0,2,7567,8,392,11,392
550517,Playing,1146880,3250,0,0,0,0,2,7569,112,392,112,392
550770,Playing,1167360,3308,0,0,0,0,2,7573,67,392,67,392
551022,Playing,1187840,3366,0,0,0,0,2,7577,77,392,77,392
551274,Playing,1161216,3291,0,0,0,0,2,7579,114,392,114,392
551526,Playing,1181696,3349,0,0,0,0,2,7583,142,392,142,392
551778,Playing,1229824,3485,0,0,0,0,2,7588,0,392,0,392
552031,Playing,1250304,3543,0,0,0,0,2,7592,7,392,7,392
552283,Playing,1187840,3366,0,0,0,0,2,7593,202,392,202,392
552536,Playing,1180672,3346,0,0,0,0,2,7596,112,392,112,392
552788,Playing,1236992,3506,0,0,0,0,2,7601,4,392,4,392
553039,Playing,1192960,3381,0,0,0,0,2,7603,93,392,93,392
553291,Playing,1167360,3308,0,0,0,0,2,7608,12,392,13,392
553544,Playing,1160192,3288,0,0,0,0,2,7611,129,392,129,392
553796,Playing,1180672,3346,0,0,0,0,2,7615,167,392,167,392
554048,Playing,1181696,3349,0,0,0,0,2,7618,176,392,176,392
554250,Playing,1163264,3297,0,0,0,0,2,7620,18,392,18,392
554502,Playing,1183744,3355,0,0,0,0,2,7624,154,392,154,392
554755,Playing,1121280,3178,0,0,0,0,2,7625,71,392,71,392
555009,Playing,1197056,3393,0,0,0,0,2,7631,0,392,0,392
555261,Playing,1198080,3395,0,0,0,0,2,7634,1,392,1,392
555515,Playing,1190912,3375,0,0,0,0,2,7637,13,392,13,392
555768,Playing,1183744,3355,0,0,0,0,2,7640,7,392,7,392
556021,Playing,1167360,3308,0,0,0,0,2,7646,153,392,153,392
556273,Playing,1104896,3131,0,0,0,0,2,7647,84,392,84,392
556526,Playing,1133568,3213,0,0,0,0,2,7651,159,392,159,392
556780,Playing,1154048,3271,0,0,0,0,2,7655,5,392,5,392
557032,Playing,1174528,3329,0,0,0,0,2,7659,0,392,0,392
557283,Playing,1112064,3152,0,0,0,0,2,7660,79,392,79,392
557536,Playing,1160192,3288,0,0,0,0,2,7665,1,392,1,392
557787,Playing,1125376,3189,0,0,0,0,2,7667,225,392,225,392
558039,Playing,1181696,3349,0,0,0,0,2,7672,15,392,15,392
558292,Playing,1119232,3172,0,0,0,0,2,7673,96,392,96,392
558544,Playing,1139712,3230,0,0,0,0,2,7677,1,392,1,392
558796,Playing,1123328,3184,0,0,0,0,2,7683,31,392,31,392
559048,Playing,1143808,3242,0,0,0,0,2,7687,0,392,0,392
559299,Playing,1089536,3088,0,0,0,0,2,7688,238,392,239,392
559501,Playing,1126400,3192,0,0,0,0,2,7692,12,392,13,392
559754,Playing,1119232,3172,0,0,0,0,2,7695,1,392,1,392
560006,Playing,1139712,3230,0,0,0,0,2,7699,1,392,1,392
560259,Playing,1085440,3076,0,0,0,0,2,7700,110,392,110,392
560510,Playing,1105920,3134,0,0,0,0,2,7704,17,392,17,392
560762,Playing,1098752,3114,0,0,0,0,2,7707,170,392,170,392
561014,Playing,1146880,3250,0,0,0,0,2,7712,9,392,9,392
561265,Playing,1120256,3175,0,0,0,0,2,7714,93,392,93,392
561517,Playing,1094656,3102,0,0,0,0,2,7719,0,392,2,392
561770,Playing,1069056,3030,0,0,0,0,2,7722,4,392,5,392
562022,Playing,1089536,3088,0,0,0,0,2,7726,0,392,0,392
562275,Playing,1082368,3067,0,0,0,0,2,7729,175,392,175,392
562527,Playing,1055744,2992,0,0,0,0,2,7731,15,392,15,392
562780,Playing,1076224,3050,0,0,0,0,2,7735,16,392,16,392
563034,Playing,1069056,3030,0,0,0,0,2,7738,171,392,171,392
563288,Playing,1089536,3088,0,0,0,0,2,7742,29,392,29,392
563541,Playing,1110016,3146,0,0,0,0,2,7746,5,392,5,392
563793,Playing,1102848,3125,0,0,0,0,2,7749,157,392,157,392
564046,Playing,1068032,3027,0,0,0,0,2,7751,0,392,0,392
564297,Playing,1069056,3030,0,0,0,0,2,7754,186,392,186,392
564500,Playing,1050624,2977,0,0,0,0,2,7759,0,392,0,392
564752,Playing,1043456,2957,0,0,0,0,2,7762,82,392,82,392
565003,Playing,1036288,2937,0,0,0,0,2,7765,89,392,89,392
565299,Playing,1076224,3050,0,0,0,0,2,7770,0,392,1,392
565515,Playing,1049600,2975,0,0,0,0,2,7772,166,392,167,392
565831,Playing,1053696,2986,0,0,0,0,2,7776,225,392,226,392
566001,Playing,1071104,3036,0,0,0,0,2,7779,30,392,30,392
566331,Playing,1039360,2946,0,0,0,0,2,7782,132,392,132,392
566603,Playing,1059840,3004,0,0,0,0,2,7786,0,392,0,392
566798,Playing,1069056,3030,0,0,0,0,2,7789,166,392,166,392
567040,Playing,1042432,2954,0,0,0,0,2,7791,9,392,9,392
567265,Playing,1015808,2879,0,0,0,0,2,7796,90,392,90,392
567565,Playing,1047552,2969,0,0,0,0,2,7801,2,392,2,392
567815,Playing,1020928,2893,0,0,0,0,2,7803,181,392,181,392
568077,Playing,1033216,2928,0,0,0,0,2,7807,160,392,160,392
568295,Playing,1042432,2954,0,0,0,0,2,7810,0,392,0,392
568519,Playing,1051648,2980,0,0,0,0,2,7813,18,392,18,392
568759,Playing,1016832,2882,0,0,0,0,2,7815,41,392,41,392
569002,Playing,1017856,2885,0,0,0,0,2,7818,95,392,95,392
569253,Playing,1038336,2943,0,0,0,0,2,7822,100,392,100,392
569549,Playing,1050624,2977,0,0,0,0,2,7826,0,392,0,392
569761,Playing,996352,2824,0,0,0,0,2,7827,106,392,106,392
570033,Playing,989184,2803,0,0,0,0,2,7833,0,392,16,392
570375,Playing,976896,2768,0,0,0,0,2,7837,72,392,72,392
570549,Playing,1002496,2841,0,0,0,0,2,7840,22,392,22,392
570794,Playing,1022976,2899,0,0,0,0,2,7844,0,392,0,392
571014,Playing,1004544,2847,0,0,0,0,2,7846,1,392,1,392
571281,Playing,989184,2803,0,0,0,0,2,7849,135,392,135,392
571615,Playing,957440,2713,0,0,0,0,2,7852,1,392,1,392
571752,Playing,1046528,2966,0,0,0,0,2,7857,9,392,9,392
572134,Playing,998400,2829,0,0,0,0,2,7860,2,392,3,392
572297,Playing,996352,2824,0,0,0,0,2,7862,79,392,80,392
572536,Playing,989184,2803,0,0,0,0,2,7865,99,392,99,392
572886,Playing,949248,2690,0,0,0,0,2,7871,108,392,108,392
573035,Playing,1010688,2864,0,0,0,0,2,7875,36,392,36,392
573352,Playing,978944,2774,0,0,0,0,2,7878,121,392,121,392
573591,Playing,952320,2699,0,0,0,0,2,7880,177,392,177,392
573761,Playing,977920,2771,0,0,0,0,2,7883,77,392,77,392
574007,Playing,943104,2673,0,0,0,0,2,7885,154,392,154,392
574324,Playing,974848,2763,0,0,0,0,2,7890,0,392,0,392
574564,Playing,940032,2664,0,0,0,0,2,7892,119,392,119,392
574760,Playing,957440,2713,0,0,0,0,2,7895,0,392,1,392
575039,Playing,997376,2827,0,0,0,0,2,7900,1,392,1,392
575315,Playing,1009664,2861,0,0,0,0,2,7904,0,392,0,392
575545,Playing,955392,2708,0,0,0,0,2,7905,62,392,62,392
575778,Playing,956416,2710,0,0,0,0,2,7911,0,392,0,392
576366,Playing,972800,2757,0,0,0,0,2,7919,0,392,0,392
576444,Playing,975872,2766,0,0,0,0,2,7920,112,392,112,392
576537,Playing,970752,2751,0,0,0,0,2,7921,105,392,105,392
576786,Playing,963584,2731,0,0,0,0,2,7924,0,392,0,392
577022,Playing,964608,2734,0,0,0,0,2,7927,78,392,78,392
577357,Playing,960512,2722,0,0,0,0,2,7931,0,392,0,392
577530,Playing,977920,2771,0,0,0,0,2,7934,94,392,95,392
577908,Playing,985088,2792,0,0,0,0,2,7939,0,392,0,392
578041,Playing,991232,2809,0,0,0,0,2,7941,0,392,0,392
578276,Playing,983040,2786,0,0,0,0,2,7944,0,392,0,392
578716,Playing,947200,2684,0,0,0,0,2,7951,2,392,2,392
578997,Playing,959488,2719,0,0,0,0,2,7955,0,392,0,392
579183,Playing,921600,2612,0,0,0,0,2,7956,177,392,177,392
579284,Playing,944128,2676,0,0,0,0,2,7958,15,392,16,392
579540,Playing,964608,2734,0,0,0,0,2,7962,20,392,21,392
579792,Playing,985088,2792,0,0,0,0,2,7966,15,392,15,392
580044,Playing,950272,2693,0,0,0,0,2,7968,0,392,0,392
580296,Playing,943104,2673,0,0,0,0,2,7971,0,392,0,392
580548,Playing,963584,2731,0,0,0,0,2,7975,0,392,0,392
580800,Playing,956416,2710,0,0,0,0,2,7978,0,392,0,392
581003,Playing,946176,2681,0,0,0,0,2,7980,0,392,0,392
581256,Playing,902144,2557,0,0,0,0,2,7985,174,392,174,392
581510,Playing,894976,2536,0,0,0,0,2,7988,0,392,0,392
581762,Playing,887808,2516,0,0,0,0,2,7991,18,392,18,392
582014,Playing,908288,2574,0,0,0,0,2,7995,0,392,0,392
582267,Playing,909312,2577,0,0,0,0,2,7998,180,392,180,392
582518,Playing,929792,2635,0,0,0,0,2,8002,0,392,0,392
582771,Playing,894976,2536,0,0,0,0,2,8004,26,392,26,392
583023,Playing,915456,2594,0,0,0,0,2,8008,0,392,0,392
583275,Playing,908288,2574,0,0,0,0,2,8011,0,392,0,392
583527,Playing,928768,2632,0,0,0,0,2,8015,0,392,0,392
583779,Playing,902144,2557,0,0,0,0,2,8017,0,392,0,392
584032,Playing,876544,2484,0,0,0,0,2,8022,0,392,17,392
584286,Playing,850944,2411,0,0,0,0,2,8025,179,392,179,392
584538,Playing,899072,2548,0,0,0,0,2,8030,0,392,0,392
584791,Playing,836608,2371,0,0,0,0,2,8031,114,392,114,392
585044,Playing,857088,2429,0,0,0,0,2,8035,0,392,0,392
585296,Playing,849920,2409,0,0,0,0,2,8038,0,392,0,392
585549,Playing,870400,2467,0,0,0,0,2,8042,0,392,0,392
585752,Playing,887808,2516,0,0,0,0,2,8045,30,392,30,392
586005,Playing,852992,2417,0,0,0,0,2,8047,101,392,101,392
586258,Playing,873472,2475,0,0,0,0,2,8051,0,392,0,392
586510,Playing,893952,2533,0,0,0,0,2,8055,0,392,0,392
586763,Playing,831488,2356,0,0,0,0,2,8056,89,392,89,392
587017,Playing,815104,2310,0,0,0,0,2,8062,0,392,0,392
587268,Playing,835584,2368,0,0,0,0,2,8066,0,392,0,392
587522,Playing,828416,2348,0,0,0,0,2,8069,0,392,0,392
587775,Playing,848896,2406,0,0,0,0,2,8073,90,392,91,392
588027,Playing,794624,2252,0,0,0,0,2,8074,175,392,175,392
588280,Playing,815104,2310,0,0,0,0,2,8078,89,392,89,392
588533,Playing,835584,2368,0,0,0,0,2,8082,0,392,0,392
588786,Playing,856064,2426,0,0,0,0,2,8086,0,392,0,392
589038,Playing,848896,2406,0,0,0,0,2,8089,0,392,0,392
589290,Playing,814080,2307,0,0,0,0,2,8091,0,392,0,392
589543,Playing,834560,2365,0,0,0,0,2,8095,0,392,0,392
589795,Playing,807936,2290,0,0,0,0,2,8100,84,392,84,392
590047,Playing,828416,2348,0,0,0,0,2,8104,11,392,11,392
590298,Playing,821248,2327,0,0,0,0,2,8107,142,392,142,392
590503,Playing,802816,2275,0,0,0,0,2,8109,0,392,0,392
590755,Playing,795648,2255,0,0,0,0,2,8112,94,392,94,392
591007,Playing,851968,2414,0,0,0,0,2,8117,0,392,0,392
591259,Playing,844800,2394,0,0,0,0,2,8120,0,392,0,392
591510,Playing,782336,2217,0,0,0,0,2,8121,174,392,174,392
591762,Playing,830464,2353,0,0,0,0,2,8126,0,392,0,392
592015,Playing,823296,2333,0,0,0,0,2,8129,0,392,0,392
592265,Playing,824320,2336,0,0,0,0,2,8132,94,392,94,392
592516,Playing,761856,2159,0,0,0,0,2,8136,0,392,13,392
592769,Playing,782336,2217,0,0,0,0,2,8140,175,392,175,392
593060,Playing,766976,2173,0,0,0,0,2,8143,162,392,162,392
593261,Playing,831488,2356,0,0,0,0,2,8148,0,392,0,392
593505,Playing,777216,2202,0,0,0,0,2,8149,179,392,180,392
593799,Playing,781312,2214,0,0,0,0,2,8153,0,392,0,392
594056,Playing,774144,2194,0,0,0,0,2,8156,0,392,0,392
594253,Playing,819200,2321,0,0,0,0,2,8160,94,392,94,392
594586,Playing,806912,2287,0,0,0,0,2,8164,11,392,11,392
594785,Playing,769024,2179,0,0,0,0,2,8165,177,392,178,392
595062,Playing,753664,2136,0,0,0,0,2,8168,0,392,0,392
595270,Playing,790528,2240,0,0,0,0,2,8175,0,392,0,392
595504,Playing,763904,2165,0,0,0,0,2,8177,0,392,0,392
595832,Playing,787456,2232,0,0,0,0,2,8182,96,392,96,392
596068,Playing,752640,2133,0,0,0,0,2,8184,0,392,0,392
596288,Playing,761856,2159,0,0,0,0,2,8187,103,392,103,392
596502,Playing,743424,2107,0,0,0,0,2,8189,0,392,0,392
596753,Playing,763904,2165,0,0,0,0,2,8193,0,392,0,392
597126,Playing,743424,2107,0,0,0,0,2,8197,0,392,0,392
597253,Playing,804864,2281,0,0,0,0,2,8201,0,392,0,392
597648,Playing,748544,2121,0,0,0,0,2,8204,0,392,0,392
597790,Playing,782336,2217,0,0,0,0,2,8207,103,392,103,392
598065,Playing,775168,2197,0,0,0,0,2,8213,87,392,87,392
598277,Playing,756736,2144,0,0,0,0,2,8215,0,392,0,392
598576,Playing,733184,2078,0,0,0,0,2,8218,119,392,119,392
598780,Playing,797696,2261,0,0,0,0,2,8223,0,392,0,392
599006,Playing,743424,2107,0,0,0,0,2,8224,170,392,170,392
599264,Playing,763904,2165,0,0,0,0,2,8228,0,392,0,392
599609,Playing,723968,2052,0,0,0,0,2,8231,0,392,0,392
599773,Playing,777216,2202,0,0,0,0,2,8235,0,392,0,392
600099,Playing,717824,2034,0,0,0,0,2,8237,0,392,0,392
