t_ms,state,buffered_bytes,buffered_ms,underruns,resumes,play_failures,stream_rebuilds,sessions,chunk_reads,last_chunk_ms,max_chunk_ms,last_push_gap_ms,max_push_gap_ms
50,Off,0,0,0,0,0,0,1,0,0,0,0,0
253,Off,0,0,0,0,0,0,1,0,0,0,0,0
506,Off,0,0,0,0,0,0,1,0,0,0,0,0
759,Off,0,0,0,0,0,0,1,0,0,0,0,0
1012,Off,0,0,0,0,0,0,1,0,0,0,0,0
1265,Off,0,0,0,0,0,0,1,0,0,0,0,0
1517,Off,0,0,0,0,0,0,1,5,0,14,0,0
1770,Reconnecting,0,0,0,0,0,0,1,15,0,197,0,0
2024,Reconnecting,0,0,0,0,0,0,1,15,0,197,0,0
2277,Reconnecting,0,0,0,0,0,0,1,15,0,197,0,0
2529,Reconnecting,0,0,0,0,0,0,1,15,0,197,0,0
2783,Reconnecting,0,0,0,0,0,0,1,15,0,197,0,0
3036,Reconnecting,0,0,0,0,0,0,1,15,0,197,0,0
3289,Reconnecting,0,0,0,0,0,0,1,15,0,197,0,0
3542,Reconnecting,0,0,0,0,0,0,1,15,0,197,0,0
3795,Reconnecting,0,0,0,0,0,0,1,15,0,197,0,0
4048,Reconnecting,0,0,0,0,0,0,1,15,0,197,0,0
4250,Reconnecting,0,0,0,0,0,0,1,15,0,197,0,0
4503,Reconnecting,0,0,0,0,0,0,1,15,0,197,0,0
4756,Reconnecting,0,0,0,0,0,0,1,15,0,197,0,0
5009,Reconnecting,0,0,0,0,0,0,1,15,0,197,0,0
5263,Reconnecting,0,0,0,0,0,0,1,15,0,197,0,0
5515,Reconnecting,0,0,0,0,0,0,1,15,0,197,0,0
5767,Reconnecting,0,0,0,0,0,0,1,15,0,197,0,0
6020,Reconnecting,0,0,0,0,0,0,1,15,0,197,0,0
6273,Reconnecting,0,0,0,0,0,0,1,15,0,197,0,0
6525,Reconnecting,0,0,0,0,0,0,1,15,0,197,0,0
6777,Reconnecting,0,0,0,0,0,0,2,15,0,197,0,0
7030,Reconnecting,0,0,0,0,0,0,2,15,0,197,0,0
7283,Reconnecting,0,0,0,0,0,0,2,15,0,197,0,0
7536,Reconnecting,0,0,0,0,0,0,2,20,0,197,0,0
7789,Reconnecting,0,0,0,0,0,0,2,30,0,197,0,0
8043,Reconnecting,0,0,0,0,0,0,2,30,0,197,0,0
8298,Reconnecting,0,0,0,0,0,0,2,30,0,197,0,0
8500,Reconnecting,0,0,0,0,0,0,2,30,0,197,0,0
8752,Reconnecting,0,0,0,0,0,0,2,30,0,197,0,0
9005,Reconnecting,0,0,0,0,0,0,2,30,0,197,0,0
9258,Reconnecting,0,0,0,0,0,0,2,30,0,197,0,0
9510,Reconnecting,0,0,0,0,0,0,2,30,0,197,0,0
9762,Reconnecting,0,0,0,0,0,0,2,30,0,197,0,0
10014,Reconnecting,0,0,0,0,0,0,2,30,0,197,0,0
10266,Reconnecting,0,0,0,0,0,0,2,30,0,197,0,0
10519,Reconnecting,0,0,0,0,0,0,2,30,0,197,0,0
10771,Reconnecting,0,0,0,0,0,0,2,30,0,197,0,0
11025,Reconnecting,0,0,0,0,0,0,2,30,0,197,0,0
11279,Reconnecting,0,0,0,0,0,0,2,30,0,197,0,0
11531,Reconnecting,0,0,0,0,0,0,2,30,0,197,0,0
11783,Reconnecting,0,0,0,0,0,0,2,30,0,197,0,0
12036,Reconnecting,0,0,0,0,0,0,2,30,0,197,0,0
12290,Reconnecting,0,0,0,0,0,0,2,30,0,197,0,0
12542,Reconnecting,0,0,0,0,0,0,2,30,0,197,0,0
12796,Reconnecting,0,0,0,0,0,0,3,30,0,197,0,0
13048,Reconnecting,0,0,0,0,0,0,3,30,0,197,0,0
13300,Reconnecting,0,0,0,0,0,0,3,30,0,197,0,0
13501,Reconnecting,0,0,0,0,0,0,3,30,0,197,0,0
13754,Reconnecting,0,0,0,0,0,0,3,35,0,197,0,0
14008,Reconnecting,0,0,0,0,0,0,3,45,0,197,0,0
14261,Reconnecting,0,0,0,0,0,0,3,45,0,197,0,0
14513,Reconnecting,0,0,0,0,0,0,3,45,0,197,0,0
14766,Reconnecting,0,0,0,0,0,0,3,45,0,197,0,0
15018,Reconnecting,0,0,0,0,0,0,3,45,0,197,0,0
15270,Reconnecting,0,0,0,0,0,0,3,45,0,197,0,0
15523,Reconnecting,0,0,0,0,0,0,3,45,0,197,0,0
15776,Reconnecting,0,0,0,0,0,0,3,45,0,197,0,0
16029,Reconnecting,0,0,0,0,0,0,3,45,0,197,0,0
16282,Reconnecting,0,0,0,0,0,0,3,45,0,197,0,0
16533,Reconnecting,0,0,0,0,0,0,3,45,0,197,0,0
16787,Reconnecting,0,0,0,0,0,0,3,45,0,197,0,0
17041,Reconnecting,0,0,0,0,0,0,3,45,0,197,0,0
17296,Reconnecting,0,0,0,0,0,0,3,45,0,197,0,0
17549,Reconnecting,0,0,0,0,0,0,3,45,0,197,0,0
17751,Reconnecting,0,0,0,0,0,0,3,45,0,197,0,0
18003,Reconnecting,0,0,0,0,0,0,3,45,0,197,0,0
18257,Reconnecting,0,0,0,0,0,0,3,45,0,197,0,0
18509,Reconnecting,0,0,0,0,0,0,3,45,0,197,0,0
18763,Reconnecting,0,0,0,0,0,0,3,45,0,197,0,0
19015,Reconnecting,0,0,0,0,0,0,4,45,0,197,0,0
19268,Reconnecting,0,0,0,0,0,0,4,45,0,197,0,0
19520,Reconnecting,0,0,0,0,0,0,4,45,0,197,0,0
19772,Reconnecting,0,0,0,0,0,0,4,50,0,197,0,0
20026,Reconnecting,0,0,0,0,0,0,4,60,0,197,0,0
20278,Reconnecting,0,0,0,0,0,0,4,60,0,197,0,0
20531,Reconnecting,0,0,0,0,0,0,4,60,0,197,0,0
20785,Reconnecting,0,0,0,0,0,0,4,60,0,197,0,0
21037,Reconnecting,0,0,0,0,0,0,4,60,0,197,0,0
21289,Reconnecting,0,0,0,0,0,0,4,60,0,197,0,0
21542,Reconnecting,0,0,0,0,0,0,4,60,0,197,0,0
21795,Reconnecting,0,0,0,0,0,0,4,60,0,197,0,0
22048,Reconnecting,0,0,0,0,0,0,4,60,0,197,0,0
22250,Reconnecting,0,0,0,0,0,0,4,60,0,197,0,0
22504,Reconnecting,0,0,0,0,0,0,4,60,0,197,0,0
22757,Reconnecting,0,0,0,0,0,0,4,60,0,197,0,0
23011,Reconnecting,0,0,0,0,0,0,4,60,0,197,0,0
23265,Reconnecting,0,0,0,0,0,0,4,60,0,197,0,0
23518,Reconnecting,0,0,0,0,0,0,4,60,0,197,0,0
23771,Reconnecting,0,0,0,0,0,0,4,60,0,197,0,0
24024,Reconnecting,0,0,0,0,0,0,4,60,0,197,0,0
24279,Reconnecting,0,0,0,0,0,0,4,60,0,197,0,0
24532,Reconnecting,0,0,0,0,0,0,4,60,0,197,0,0
24784,Reconnecting,0,0,0,0,0,0,4,60,0,197,0,0
25039,Reconnecting,0,0,0,0,0,0,5,60,0,197,0,0
25292,Reconnecting,0,0,0,0,0,0,5,60,0,197,0,0
25546,Reconnecting,0,0,0,0,0,0,5,60,0,197,0,0
25800,Reconnecting,0,0,0,0,0,0,5,60,0,197,0,0
26001,Reconnecting,0,0,0,0,0,0,5,65,0,197,0,0
26254,Reconnecting,0,0,0,0,0,0,5,75,0,197,0,0
26508,Reconnecting,0,0,0,0,0,0,5,75,0,197,0,0
26760,Reconnecting,0,0,0,0,0,0,5,75,0,197,0,0
27011,Reconnecting,0,0,0,0,0,0,5,75,0,197,0,0
27264,Reconnecting,0,0,0,0,0,0,5,75,0,197,0,0
27518,Reconnecting,0,0,0,0,0,0,5,75,0,197,0,0
27771,Reconnecting,0,0,0,0,0,0,5,75,0,197,0,0
28025,Reconnecting,0,0,0,0,0,0,5,75,0,197,0,0
28278,Reconnecting,0,0,0,0,0,0,5,75,0,197,0,0
28531,Reconnecting,0,0,0,0,0,0,5,75,0,197,0,0
28786,Reconnecting,0,0,0,0,0,0,5,75,0,197,0,0
29040,Reconnecting,0,0,0,0,0,0,5,75,0,197,0,0
29293,Reconnecting,0,0,0,0,0,0,5,75,0,197,0,0
29545,Reconnecting,0,0,0,0,0,0,5,75,0,197,0,0
29799,Reconnecting,0,0,0,0,0,0,5,75,0,197,0,0
30002,Reconnecting,0,0,0,0,0,0,5,75,0,197,0,0
30254,Reconnecting,0,0,0,0,0,0,5,75,0,197,0,0
30508,Reconnecting,0,0,0,0,0,0,5,75,0,197,0,0
30761,Reconnecting,0,0,0,0,0,0,5,75,0,197,0,0
31013,Reconnecting,0,0,0,0,0,0,5,75,0,197,0,0
31266,Reconnecting,0,0,0,0,0,0,6,75,0,197,0,0
31519,Reconnecting,0,0,0,0,0,0,6,75,0,197,0,0
31772,Reconnecting,0,0,0,0,0,0,6,75,0,197,0,0
32026,Reconnecting,0,0,0,0,0,0,6,80,0,197,0,0
32278,Reconnecting,0,0,0,0,0,0,6,90,0,197,0,0
32530,Reconnecting,0,0,0,0,0,0,6,90,0,197,0,0
32784,Reconnecting,0,0,0,0,0,0,6,90,0,197,0,0
33038,Reconnecting,0,0,0,0,0,0,6,90,0,197,0,0
33290,Reconnecting,0,0,0,0,0,0,6,90,0,197,0,0
33542,Reconnecting,0,0,0,0,0,0,6,90,0,197,0,0
33795,Reconnecting,0,0,0,0,0,0,6,90,0,197,0,0
34048,Reconnecting,0,0,0,0,0,0,6,90,0,197,0,0
34250,Reconnecting,0,0,0,0,0,0,6,90,0,197,0,0
34502,Reconnecting,0,0,0,0,0,0,6,90,0,197,0,0
34754,Reconnecting,0,0,0,0,0,0,6,90,0,197,0,0
35007,Reconnecting,0,0,0,0,0,0,6,90,0,197,0,0
35259,Reconnecting,0,0,0,0,0,0,6,90,0,197,0,0
35511,Reconnecting,0,0,0,0,0,0,6,90,0,197,0,0
35764,Reconnecting,0,0,0,0,0,0,6,90,0,197,0,0
36017,Reconnecting,0,0,0,0,0,0,6,90,0,197,0,0
36269,Reconnecting,0,0,0,0,0,0,6,90,0,197,0,0
36521,Reconnecting,0,0,0,0,0,0,6,90,0,197,0,0
36773,Reconnecting,0,0,0,0,0,0,6,90,0,197,0,0
37026,Reconnecting,0,0,0,0,0,0,6,90,0,197,0,0
37278,Reconnecting,0,0,0,0,0,0,7,90,0,197,0,0
37531,Reconnecting,0,0,0,0,0,0,7,90,0,197,0,0
37784,Reconnecting,0,0,0,0,0,0,7,90,0,197,0,0
38037,Reconnecting,0,0,0,0,0,0,7,90,0,197,0,0
38290,Reconnecting,0,0,0,0,0,0,7,95,0,197,0,0
38542,Reconnecting,0,0,0,0,0,0,7,105,0,201,0,0
38794,Reconnecting,0,0,0,0,0,0,7,105,0,201,0,0
39048,Reconnecting,0,0,0,0,0,0,7,105,0,201,0,0
39300,Reconnecting,0,0,0,0,0,0,7,105,0,201,0,0
39502,Reconnecting,0,0,0,0,0,0,7,105,0,201,0,0
39757,Reconnecting,0,0,0,0,0,0,7,105,0,201,0,0
40010,Reconnecting,0,0,0,0,0,0,7,105,0,201,0,0
40263,Reconnecting,0,0,0,0,0,0,7,105,0,201,0,0
40517,Reconnecting,0,0,0,0,0,0,7,105,0,201,0,0
40770,Reconnecting,0,0,0,0,0,0,7,105,0,201,0,0
41023,Reconnecting,0,0,0,0,0,0,7,105,0,201,0,0
41276,Reconnecting,0,0,0,0,0,0,7,105,0,201,0,0
41529,Reconnecting,0,0,0,0,0,0,7,105,0,201,0,0
41781,Reconnecting,0,0,0,0,0,0,7,105,0,201,0,0
42033,Reconnecting,0,0,0,0,0,0,7,105,0,201,0,0
42286,Reconnecting,0,0,0,0,0,0,7,105,0,201,0,0
42540,Reconnecting,0,0,0,0,0,0,7,105,0,201,0,0
42791,Reconnecting,0,0,0,0,0,0,7,105,0,201,0,0
43046,Reconnecting,0,0,0,0,0,0,7,105,0,201,0,0
43299,Reconnecting,0,0,0,0,0,0,7,105,0,201,0,0
43501,Reconnecting,0,0,0,0,0,0,8,105,0,201,0,0
43754,Reconnecting,0,0,0,0,0,0,8,105,0,201,0,0
44007,Reconnecting,0,0,0,0,0,0,8,105,0,201,0,0
44259,Reconnecting,0,0,0,0,0,0,8,105,0,201,0,0
44512,Reconnecting,0,0,0,0,0,0,8,110,0,201,0,0
44764,Reconnecting,0,0,0,0,0,0,8,119,0,201,0,0
45017,Reconnecting,0,0,0,0,0,0,8,119,0,201,0,0
45269,Reconnecting,0,0,0,0,0,0,8,119,0,201,0,0
45522,Reconnecting,0,0,0,0,0,0,8,119,0,201,0,0
45774,Reconnecting,0,0,0,0,0,0,8,119,0,201,0,0
46029,Reconnecting,0,0,0,0,0,0,8,119,0,201,0,0
46282,Reconnecting,0,0,0,0,0,0,8,119,0,201,0,0
46533,Reconnecting,0,0,0,0,0,0,8,119,0,201,0,0
46786,Reconnecting,0,0,0,0,0,0,8,119,0,201,0,0
47040,Reconnecting,0,0,0,0,0,0,8,119,0,201,0,0
47293,Reconnecting,0,0,0,0,0,0,8,119,0,201,0,0
47546,Reconnecting,0,0,0,0,0,0,8,119,0,201,0,0
47799,Reconnecting,0,0,0,0,0,0,8,119,0,201,0,0
48001,Reconnecting,0,0,0,0,0,0,8,119,0,201,0,0
48254,Reconnecting,0,0,0,0,0,0,8,119,0,201,0,0
48507,Reconnecting,0,0,0,0,0,0,8,119,0,201,0,0
48760,Reconnecting,0,0,0,0,0,0,8,119,0,201,0,0
49012,Reconnecting,0,0,0,0,0,0,8,119,0,201,0,0
49264,Reconnecting,0,0,0,0,0,0,8,119,0,201,0,0
49517,Reconnecting,0,0,0,0,0,0,8,119,0,201,0,0
49771,Reconnecting,0,0,0,0,0,0,9,119,0,201,0,0
50023,Reconnecting,0,0,0,0,0,0,9,119,0,201,0,0
50277,Reconnecting,0,0,0,0,0,0,9,119,0,201,0,0
50530,Reconnecting,0,0,0,0,0,0,9,124,0,201,0,0
50783,Reconnecting,0,0,0,0,0,0,9,134,0,201,0,0
51037,Reconnecting,0,0,0,0,0,0,9,134,0,201,0,0
51290,Reconnecting,0,0,0,0,0,0,9,134,0,201,0,0
51542,Reconnecting,0,0,0,0,0,0,9,134,0,201,0,0
51794,Reconnecting,0,0,0,0,0,0,9,134,0,201,0,0
52047,Reconnecting,0,0,0,0,0,0,9,134,0,201,0,0
52300,Reconnecting,0,0,0,0,0,0,9,134,0,201,0,0
52502,Reconnecting,0,0,0,0,0,0,9,134,0,201,0,0
52755,Reconnecting,0,0,0,0,0,0,9,134,0,201,0,0
53009,Reconnecting,0,0,0,0,0,0,9,134,0,201,0,0
53261,Reconnecting,0,0,0,0,0,0,9,134,0,201,0,0
53513,Reconnecting,0,0,0,0,0,0,9,134,0,201,0,0
53766,Reconnecting,0,0,0,0,0,0,9,134,0,201,0,0
54018,Reconnecting,0,0,0,0,0,0,9,134,0,201,0,0
54271,Reconnecting,0,0,0,0,0,0,9,134,0,201,0,0
54523,Reconnecting,0,0,0,0,0,0,9,134,0,201,0,0
54777,Reconnecting,0,0,0,0,0,0,9,134,0,201,0,0
55029,Reconnecting,0,0,0,0,0,0,9,134,0,201,0,0
55281,Reconnecting,0,0,0,0,0,0,9,134,0,201,0,0
55534,Reconnecting,0,0,0,0,0,0,9,134,0,201,0,0
55788,Reconnecting,0,0,0,0,0,0,10,134,0,201,0,0
56041,Reconnecting,0,0,0,0,0,0,10,134,0,201,0,0
56293,Reconnecting,0,0,0,0,0,0,10,134,0,201,0,0
56545,Reconnecting,0,0,0,0,0,0,10,134,0,201,0,0
56798,Reconnecting,0,0,0,0,0,0,10,139,0,201,0,0
57000,Reconnecting,0,0,0,0,0,0,10,149,0,201,0,0
57253,Reconnecting,0,0,0,0,0,0,10,149,0,201,0,0
57505,Reconnecting,0,0,0,0,0,0,10,149,0,201,0,0
57758,Reconnecting,0,0,0,0,0,0,10,149,0,201,0,0
58011,Reconnecting,0,0,0,0,0,0,10,149,0,201,0,0
58264,Reconnecting,0,0,0,0,0,0,10,149,0,201,0,0
58516,Reconnecting,0,0,0,0,0,0,10,149,0,201,0,0
58770,Reconnecting,0,0,0,0,0,0,10,149,0,201,0,0
59023,Reconnecting,0,0,0,0,0,0,10,149,0,201,0,0
59277,Reconnecting,0,0,0,0,0,0,10,149,0,201,0,0
59528,Reconnecting,0,0,0,0,0,0,10,149,0,201,0,0
59780,Reconnecting,0,0,0,0,0,0,10,149,0,201,0,0
60033,Reconnecting,0,0,0,0,0,0,10,149,0,201,0,0
60287,Reconnecting,0,0,0,0,0,0,10,149,0,201,0,0
60539,Reconnecting,0,0,0,0,0,0,10,149,0,201,0,0
60791,Reconnecting,0,0,0,0,0,0,10,149,0,201,0,0
61045,Reconnecting,0,0,0,0,0,0,10,149,0,201,0,0
61298,Reconnecting,0,0,0,0,0,0,10,149,0,201,0,0
61500,Reconnecting,0,0,0,0,0,0,10,149,0,201,0,0
61754,Reconnecting,0,0,0,0,0,0,10,149,0,201,0,0
62007,Reconnecting,0,0,0,0,0,0,11,149,0,201,0,0
62259,Reconnecting,0,0,0,0,0,0,11,149,0,201,0,0
62512,Reconnecting,0,0,0,0,0,0,11,149,0,201,0,0
62764,Reconnecting,0,0,0,0,0,0,11,149,0,201,0,0
63018,Reconnecting,0,0,0,0,0,0,11,164,0,201,0,0
63271,Reconnecting,0,0,0,0,0,0,11,164,0,201,0,0
63525,Reconnecting,0,0,0,0,0,0,11,164,0,201,0,0
63777,Reconnecting,0,0,0,0,0,0,11,164,0,201,0,0
64030,Reconnecting,0,0,0,0,0,0,11,164,0,201,0,0
64284,Reconnecting,0,0,0,0,0,0,11,164,0,201,0,0
64545,Reconnecting,0,0,0,0,0,0,11,164,0,201,0,0
64752,Reconnecting,0,0,0,0,0,0,11,164,0,201,0,0
65006,Reconnecting,0,0,0,0,0,0,11,164,0,201,0,0
65266,Reconnecting,0,0,0,0,0,0,11,164,0,201,0,0
65522,Reconnecting,0,0,0,0,0,0,11,164,0,201,0,0
65774,Reconnecting,0,0,0,0,0,0,11,164,0,201,0,0
66027,Reconnecting,0,0,0,0,0,0,11,164,0,201,0,0
66280,Reconnecting,0,0,0,0,0,0,11,164,0,201,0,0
66532,Reconnecting,0,0,0,0,0,0,11,164,0,201,0,0
66787,Reconnecting,0,0,0,0,0,0,11,164,0,201,0,0
67040,Reconnecting,0,0,0,0,0,0,11,164,0,201,0,0
67292,Reconnecting,0,0,0,0,0,0,11,164,0,201,0,0
67546,Reconnecting,0,0,0,0,0,0,11,164,0,201,0,0
67799,Reconnecting,0,0,0,0,0,0,11,164,0,201,0,0
68001,Reconnecting,0,0,0,0,0,0,11,164,0,201,0,0
68254,Reconnecting,0,0,0,0,0,0,12,164,0,201,0,0
68509,Reconnecting,0,0,0,0,0,0,12,164,0,201,0,0
68760,Reconnecting,0,0,0,0,0,0,12,164,0,201,0,0
69013,Reconnecting,0,0,0,0,0,0,12,169,0,201,0,0
69267,Reconnecting,0,0,0,0,0,0,12,179,0,201,0,0
69519,Reconnecting,0,0,0,0,0,0,12,179,0,201,0,0
69773,Reconnecting,0,0,0,0,0,0,12,179,0,201,0,0
70026,Reconnecting,0,0,0,0,0,0,12,179,0,201,0,0
70279,Reconnecting,0,0,0,0,0,0,12,179,0,201,0,0
70532,Reconnecting,0,0,0,0,0,0,12,179,0,201,0,0
70785,Reconnecting,0,0,0,0,0,0,12,179,0,201,0,0
71039,Reconnecting,0,0,0,0,0,0,12,179,0,201,0,0
71291,Reconnecting,0,0,0,0,0,0,12,179,0,201,0,0
71544,Reconnecting,0,0,0,0,0,0,12,179,0,201,0,0
71797,Reconnecting,0,0,0,0,0,0,12,179,0,201,0,0
72049,Reconnecting,0,0,0,0,0,0,12,179,0,201,0,0
72251,Reconnecting,0,0,0,0,0,0,12,179,0,201,0,0
72505,Reconnecting,0,0,0,0,0,0,12,179,0,201,0,0
72757,Reconnecting,0,0,0,0,0,0,12,179,0,201,0,0
73010,Reconnecting,0,0,0,0,0,0,12,179,0,201,0,0
73262,Reconnecting,0,0,0,0,0,0,12,179,0,201,0,0
73514,Reconnecting,0,0,0,0,0,0,12,179,0,201,0,0
73767,Reconnecting,0,0,0,0,0,0,12,179,0,201,0,0
74020,Reconnecting,0,0,0,0,0,0,12,179,0,201,0,0
74273,Reconnecting,0,0,0,0,0,0,13,179,0,201,0,0
74526,Reconnecting,0,0,0,0,0,0,13,179,0,201,0,0
74778,Reconnecting,0,0,0,0,0,0,13,179,0,201,0,0
75030,Reconnecting,0,0,0,0,0,0,13,179,0,201,0,0
75285,Reconnecting,0,0,0,0,0,0,13,194,0,201,0,0
75537,Reconnecting,0,0,0,0,0,0,13,194,0,201,0,0
75791,Reconnecting,0,0,0,0,0,0,13,194,0,201,0,0
76045,Reconnecting,0,0,0,0,0,0,13,194,0,201,0,0
76298,Reconnecting,0,0,0,0,0,0,13,194,0,201,0,0
76500,Reconnecting,0,0,0,0,0,0,13,194,0,201,0,0
76753,Reconnecting,0,0,0,0,0,0,13,194,0,201,0,0
77006,Reconnecting,0,0,0,0,0,0,13,194,0,201,0,0
77258,Reconnecting,0,0,0,0,0,0,13,194,0,201,0,0
77511,Reconnecting,0,0,0,0,0,0,13,194,0,201,0,0
77764,Reconnecting,0,0,0,0,0,0,13,194,0,201,0,0
78017,Reconnecting,0,0,0,0,0,0,13,194,0,201,0,0
78270,Reconnecting,0,0,0,0,0,0,13,194,0,201,0,0
78525,Reconnecting,0,0,0,0,0,0,13,194,0,201,0,0
78777,Reconnecting,0,0,0,0,0,0,13,194,0,201,0,0
79031,Reconnecting,0,0,0,0,0,0,13,194,0,201,0,0
79284,Reconnecting,0,0,0,0,0,0,13,194,0,201,0,0
79538,Reconnecting,0,0,0,0,0,0,13,194,0,201,0,0
79791,Reconnecting,0,0,0,0,0,0,13,194,0,201,0,0
80045,Reconnecting,0,0,0,0,0,0,13,194,0,201,0,0
80305,Reconnecting,0,0,0,0,0,0,14,194,0,201,0,0
80508,Reconnecting,0,0,0,0,0,0,14,194,0,201,0,0
80761,Reconnecting,0,0,0,0,0,0,14,194,0,201,0,0
81014,Reconnecting,0,0,0,0,0,0,14,194,0,201,0,0
81267,Reconnecting,0,0,0,0,0,0,14,199,0,201,0,0
81519,Reconnecting,0,0,0,0,0,0,14,209,0,201,0,0
81772,Reconnecting,0,0,0,0,0,0,14,209,0,201,0,0
82025,Reconnecting,0,0,0,0,0,0,14,209,0,201,0,0
82279,Reconnecting,0,0,0,0,0,0,14,209,0,201,0,0
82531,Reconnecting,0,0,0,0,0,0,14,209,0,201,0,0
82784,Reconnecting,0,0,0,0,0,0,14,209,0,201,0,0
83037,Reconnecting,0,0,0,0,0,0,14,209,0,201,0,0
83290,Reconnecting,0,0,0,0,0,0,14,209,0,201,0,0
83541,Reconnecting,0,0,0,0,0,0,14,209,0,201,0,0
83794,Reconnecting,0,0,0,0,0,0,14,209,0,201,0,0
84050,Reconnecting,0,0,0,0,0,0,14,209,0,201,0,0
84252,Reconnecting,0,0,0,0,0,0,14,209,0,201,0,0
84504,Reconnecting,0,0,0,0,0,0,14,209,0,201,0,0
84757,Reconnecting,0,0,0,0,0,0,14,209,0,201,0,0
85010,Reconnecting,0,0,0,0,0,0,14,209,0,201,0,0
85262,Reconnecting,0,0,0,0,0,0,14,209,0,201,0,0
85516,Reconnecting,0,0,0,0,0,0,14,209,0,201,0,0
85769,Reconnecting,0,0,0,0,0,0,14,209,0,201,0,0
86023,Reconnecting,0,0,0,0,0,0,14,209,0,201,0,0
86276,Reconnecting,0,0,0,0,0,0,14,209,0,201,0,0
86529,Reconnecting,0,0,0,0,0,0,15,209,0,201,0,0
86782,Reconnecting,0,0,0,0,0,0,15,209,0,201,0,0
87036,Reconnecting,0,0,0,0,0,0,15,209,0,201,0,0
87291,Reconnecting,0,0,0,0,0,0,15,212,0,201,0,0
87545,Reconnecting,0,0,0,0,0,0,15,224,0,201,0,0
87798,Reconnecting,0,0,0,0,0,0,15,224,0,201,0,0
88000,Reconnecting,0,0,0,0,0,0,15,224,0,201,0,0
88253,Reconnecting,0,0,0,0,0,0,15,224,0,201,0,0
88506,Reconnecting,0,0,0,0,0,0,15,224,0,201,0,0
88758,Reconnecting,0,0,0,0,0,0,15,224,0,201,0,0
89011,Reconnecting,0,0,0,0,0,0,15,224,0,201,0,0
89264,Reconnecting,0,0,0,0,0,0,15,224,0,201,0,0
89517,Reconnecting,0,0,0,0,0,0,15,224,0,201,0,0
89769,Reconnecting,0,0,0,0,0,0,15,224,0,201,0,0
90021,Reconnecting,0,0,0,0,0,0,15,224,0,201,0,0
90274,Reconnecting,0,0,0,0,0,0,15,224,0,201,0,0
90526,Reconnecting,0,0,0,0,0,0,15,224,0,201,0,0
90778,Reconnecting,0,0,0,0,0,0,15,224,0,201,0,0
91029,Reconnecting,0,0,0,0,0,0,15,224,0,201,0,0
91282,Reconnecting,0,0,0,0,0,0,15,224,0,201,0,0
91536,Reconnecting,0,0,0,0,0,0,15,224,0,201,0,0
91789,Reconnecting,0,0,0,0,0,0,15,224,0,201,0,0
92045,Reconnecting,0,0,0,0,0,0,15,224,0,201,0,0
92298,Reconnecting,0,0,0,0,0,0,15,224,0,201,0,0
92500,Reconnecting,0,0,0,0,0,0,15,224,0,201,0,0
92755,Reconnecting,0,0,0,0,0,0,16,224,0,201,0,0
93008,Reconnecting,0,0,0,0,0,0,16,224,0,201,0,0
93262,Reconnecting,0,0,0,0,0,0,16,224,0,201,0,0
93515,Reconnecting,0,0,0,0,0,0,16,229,0,201,0,0
93767,Reconnecting,0,0,0,0,0,0,16,238,0,201,0,0
94020,Reconnecting,0,0,0,0,0,0,16,238,0,201,0,0
94273,Reconnecting,0,0,0,0,0,0,16,238,0,201,0,0
94526,Reconnecting,0,0,0,0,0,0,16,238,0,201,0,0
94778,Reconnecting,0,0,0,0,0,0,16,238,0,201,0,0
95030,Reconnecting,0,0,0,0,0,0,16,238,0,201,0,0
95281,Reconnecting,0,0,0,0,0,0,16,238,0,201,0,0
95534,Reconnecting,0,0,0,0,0,0,16,238,0,201,0,0
95786,Reconnecting,0,0,0,0,0,0,16,238,0,201,0,0
96037,Reconnecting,0,0,0,0,0,0,16,238,0,201,0,0
96292,Reconnecting,0,0,0,0,0,0,16,238,0,201,0,0
96546,Reconnecting,0,0,0,0,0,0,16,238,0,201,0,0
96799,Reconnecting,0,0,0,0,0,0,16,238,0,201,0,0
97001,Reconnecting,0,0,0,0,0,0,16,238,0,201,0,0
97255,Reconnecting,0,0,0,0,0,0,16,238,0,201,0,0
97508,Reconnecting,0,0,0,0,0,0,16,238,0,201,0,0
97761,Reconnecting,0,0,0,0,0,0,16,238,0,201,0,0
98013,Reconnecting,0,0,0,0,0,0,16,238,0,201,0,0
98268,Reconnecting,0,0,0,0,0,0,16,238,0,201,0,0
98520,Reconnecting,0,0,0,0,0,0,16,238,0,201,0,0
98772,Reconnecting,0,0,0,0,0,0,17,238,0,201,0,0
99025,Reconnecting,0,0,0,0,0,0,17,238,0,201,0,0
99279,Reconnecting,0,0,0,0,0,0,17,238,0,201,0,0
99532,Reconnecting,0,0,0,0,0,0,17,238,0,201,0,0
99785,Reconnecting,0,0,0,0,0,0,17,243,0,201,0,0
100037,Reconnecting,0,0,0,0,0,0,17,253,0,201,0,0
100290,Reconnecting,0,0,0,0,0,0,17,253,0,201,0,0
100542,Reconnecting,0,0,0,0,0,0,17,253,0,201,0,0
100797,Reconnecting,0,0,0,0,0,0,17,253,0,201,0,0
101050,Reconnecting,0,0,0,0,0,0,17,253,0,201,0,0
101251,Reconnecting,0,0,0,0,0,0,17,253,0,201,0,0
101505,Reconnecting,0,0,0,0,0,0,17,253,0,201,0,0
101757,Reconnecting,0,0,0,0,0,0,17,253,0,201,0,0
102009,Reconnecting,0,0,0,0,0,0,17,253,0,201,0,0
102262,Reconnecting,0,0,0,0,0,0,17,253,0,201,0,0
102515,Reconnecting,0,0,0,0,0,0,17,253,0,201,0,0
102767,Reconnecting,0,0,0,0,0,0,17,253,0,201,0,0
103019,Reconnecting,0,0,0,0,0,0,17,253,0,201,0,0
103271,Reconnecting,0,0,0,0,0,0,17,253,0,201,0,0
103523,Reconnecting,0,0,0,0,0,0,17,253,0,201,0,0
103775,Reconnecting,0,0,0,0,0,0,17,253,0,201,0,0
104028,Reconnecting,0,0,0,0,0,0,17,253,0,201,0,0
104281,Reconnecting,0,0,0,0,0,0,17,253,0,201,0,0
104534,Reconnecting,0,0,0,0,0,0,17,253,0,201,0,0
104787,Reconnecting,0,0,0,0,0,0,17,253,0,201,0,0
105040,Reconnecting,0,0,0,0,0,0,18,253,0,201,0,0
105294,Reconnecting,0,0,0,0,0,0,18,253,0,201,0,0
105547,Reconnecting,0,0,0,0,0,0,18,253,0,201,0,0
105750,Reconnecting,0,0,0,0,0,0,18,256,0,201,0,0
106002,Reconnecting,0,0,0,0,0,0,18,268,0,201,0,0
106255,Reconnecting,0,0,0,0,0,0,18,268,0,201,0,0
106508,Reconnecting,0,0,0,0,0,0,18,268,0,201,0,0
106760,Reconnecting,0,0,0,0,0,0,18,268,0,201,0,0
107012,Reconnecting,0,0,0,0,0,0,18,268,0,201,0,0
107265,Reconnecting,0,0,0,0,0,0,18,268,0,201,0,0
107518,Reconnecting,0,0,0,0,0,0,18,268,0,201,0,0
107771,Reconnecting,0,0,0,0,0,0,18,268,0,201,0,0
108023,Reconnecting,0,0,0,0,0,0,18,268,0,201,0,0
108275,Reconnecting,0,0,0,0,0,0,18,268,0,201,0,0
108528,Reconnecting,0,0,0,0,0,0,18,268,0,201,0,0
108780,Reconnecting,0,0,0,0,0,0,18,268,0,201,0,0
109033,Reconnecting,0,0,0,0,0,0,18,268,0,201,0,0
109286,Reconnecting,0,0,0,0,0,0,18,268,0,201,0,0
109540,Reconnecting,0,0,0,0,0,0,18,268,0,201,0,0
109794,Reconnecting,0,0,0,0,0,0,18,268,0,201,0,0
110047,Reconnecting,0,0,0,0,0,0,18,268,0,201,0,0
110251,Reconnecting,0,0,0,0,0,0,18,268,0,201,0,0
110504,Reconnecting,0,0,0,0,0,0,18,268,0,201,0,0
110757,Reconnecting,0,0,0,0,0,0,18,268,0,201,0,0
111009,Reconnecting,0,0,0,0,0,0,19,268,0,201,0,0
111262,Reconnecting,0,0,0,0,0,0,19,268,0,201,0,0
111517,Reconnecting,0,0,0,0,0,0,19,268,0,201,0,0
111770,Reconnecting,0,0,0,0,0,0,19,268,0,201,0,0
112024,Reconnecting,0,0,0,0,0,0,19,273,0,201,0,0
112277,Reconnecting,0,0,0,0,0,0,19,283,0,201,0,0
112530,Reconnecting,0,0,0,0,0,0,19,283,0,201,0,0
112782,Reconnecting,0,0,0,0,0,0,19,283,0,201,0,0
113036,Reconnecting,0,0,0,0,0,0,19,283,0,201,0,0
113288,Reconnecting,0,0,0,0,0,0,19,283,0,201,0,0
113540,Reconnecting,0,0,0,0,0,0,19,283,0,201,0,0
113791,Reconnecting,0,0,0,0,0,0,19,283,0,201,0,0
114045,Reconnecting,0,0,0,0,0,0,19,283,0,201,0,0
114299,Reconnecting,0,0,0,0,0,0,19,283,0,201,0,0
114501,Reconnecting,0,0,0,0,0,0,19,283,0,201,0,0
114753,Reconnecting,0,0,0,0,0,0,19,283,0,201,0,0
115007,Reconnecting,0,0,0,0,0,0,19,283,0,201,0,0
115261,Reconnecting,0,0,0,0,0,0,19,283,0,201,0,0
115515,Reconnecting,0,0,0,0,0,0,19,283,0,201,0,0
115767,Reconnecting,0,0,0,0,0,0,19,283,0,201,0,0
116020,Reconnecting,0,0,0,0,0,0,19,283,0,201,0,0
116274,Reconnecting,0,0,0,0,0,0,19,283,0,201,0,0
116526,Reconnecting,0,0,0,0,0,0,19,283,0,201,0,0
116780,Reconnecting,0,0,0,0,0,0,19,283,0,201,0,0
117032,Reconnecting,0,0,0,0,0,0,19,283,0,201,0,0
117284,Reconnecting,0,0,0,0,0,0,20,283,0,201,0,0
117538,Reconnecting,0,0,0,0,0,0,20,283,0,201,0,0
117791,Reconnecting,0,0,0,0,0,0,20,283,0,201,0,0
118047,Reconnecting,0,0,0,0,0,0,20,288,0,201,0,0
118300,Reconnecting,0,0,0,0,0,0,20,298,0,201,0,0
118502,Reconnecting,0,0,0,0,0,0,20,298,0,201,0,0
118754,Reconnecting,0,0,0,0,0,0,20,298,0,201,0,0
119008,Reconnecting,0,0,0,0,0,0,20,298,0,201,0,0
119261,Reconnecting,0,0,0,0,0,0,20,298,0,201,0,0
119515,Reconnecting,0,0,0,0,0,0,20,298,0,201,0,0
119768,Reconnecting,0,0,0,0,0,0,20,298,0,201,0,0
120021,Reconnecting,0,0,0,0,0,0,20,298,0,201,0,0
120274,Reconnecting,0,0,0,0,0,0,20,298,0,201,0,0
120528,Reconnecting,0,0,0,0,0,0,20,298,0,201,0,0
120779,Reconnecting,0,0,0,0,0,0,20,298,0,201,0,0
121032,Reconnecting,0,0,0,0,0,0,20,298,0,201,0,0
121285,Reconnecting,0,0,0,0,0,0,20,298,0,201,0,0
121538,Reconnecting,0,0,0,0,0,0,20,298,0,201,0,0
121790,Reconnecting,0,0,0,0,0,0,20,298,0,201,0,0
122043,Reconnecting,0,0,0,0,0,0,20,298,0,201,0,0
122296,Reconnecting,0,0,0,0,0,0,20,298,0,201,0,0
122550,Reconnecting,0,0,0,0,0,0,20,298,0,201,0,0
122753,Reconnecting,0,0,0,0,0,0,20,298,0,201,0,0
123006,Reconnecting,0,0,0,0,0,0,20,298,0,201,0,0
123258,Reconnecting,0,0,0,0,0,0,20,298,0,201,0,0
123511,Reconnecting,0,0,0,0,0,0,21,298,0,201,0,0
123765,Reconnecting,0,0,0,0,0,0,21,298,0,201,0,0
124017,Reconnecting,0,0,0,0,0,0,21,298,0,201,0,0
124270,Reconnecting,0,0,0,0,0,0,21,303,0,201,0,0
124522,Reconnecting,0,0,0,0,0,0,21,313,0,201,0,0
124776,Reconnecting,0,0,0,0,0,0,21,313,0,201,0,0
125029,Reconnecting,0,0,0,0,0,0,21,313,0,201,0,0
125281,Reconnecting,0,0,0,0,0,0,21,313,0,201,0,0
125532,Reconnecting,0,0,0,0,0,0,21,313,0,201,0,0
125786,Reconnecting,0,0,0,0,0,0,21,313,0,201,0,0
126039,Reconnecting,0,0,0,0,0,0,21,313,0,201,0,0
126291,Reconnecting,0,0,0,0,0,0,21,313,0,201,0,0
126542,Reconnecting,0,0,0,0,0,0,21,313,0,201,0,0
126796,Reconnecting,0,0,0,0,0,0,21,313,0,201,0,0
127049,Reconnecting,0,0,0,0,0,0,21,313,0,201,0,0
127251,Reconnecting,0,0,0,0,0,0,21,313,0,201,0,0
127505,Reconnecting,0,0,0,0,0,0,21,313,0,201,0,0
127758,Reconnecting,0,0,0,0,0,0,21,313,0,201,0,0
128010,Reconnecting,0,0,0,0,0,0,21,313,0,201,0,0
128263,Reconnecting,0,0,0,0,0,0,21,313,0,201,0,0
128515,Reconnecting,0,0,0,0,0,0,21,313,0,201,0,0
128768,Reconnecting,0,0,0,0,0,0,21,313,0,201,0,0
129021,Reconnecting,0,0,0,0,0,0,21,313,0,201,0,0
129275,Reconnecting,0,0,0,0,0,0,21,313,0,201,0,0
129533,Reconnecting,0,0,0,0,0,0,22,313,0,201,0,0
129789,Reconnecting,0,0,0,0,0,0,22,313,0,201,0,0
130045,Reconnecting,0,0,0,0,0,0,22,313,0,201,0,0
130298,Reconnecting,0,0,0,0,0,0,22,318,0,201,0,0
130501,Reconnecting,0,0,0,0,0,0,22,328,0,201,0,0
130756,Reconnecting,0,0,0,0,0,0,22,328,0,201,0,0
131009,Reconnecting,0,0,0,0,0,0,22,328,0,201,0,0
131261,Reconnecting,0,0,0,0,0,0,22,328,0,201,0,0
131515,Reconnecting,0,0,0,0,0,0,22,328,0,201,0,0
131768,Reconnecting,0,0,0,0,0,0,22,328,0,201,0,0
132021,Reconnecting,0,0,0,0,0,0,22,328,0,201,0,0
132274,Reconnecting,0,0,0,0,0,0,22,328,0,201,0,0
132526,Reconnecting,0,0,0,0,0,0,22,328,0,201,0,0
132779,Reconnecting,0,0,0,0,0,0,22,328,0,201,0,0
133030,Reconnecting,0,0,0,0,0,0,22,328,0,201,0,0
133284,Reconnecting,0,0,0,0,0,0,22,328,0,201,0,0
133537,Reconnecting,0,0,0,0,0,0,22,328,0,201,0,0
133790,Reconnecting,0,0,0,0,0,0,22,328,0,201,0,0
134043,Reconnecting,0,0,0,0,0,0,22,328,0,201,0,0
134297,Reconnecting,0,0,0,0,0,0,22,328,0,201,0,0
134549,Reconnecting,0,0,0,0,0,0,22,328,0,201,0,0
134751,Reconnecting,0,0,0,0,0,0,22,328,0,201,0,0
135005,Reconnecting,0,0,0,0,0,0,22,328,0,201,0,0
135257,Reconnecting,0,0,0,0,0,0,22,328,0,201,0,0
135509,Reconnecting,0,0,0,0,0,0,22,328,0,201,0,0
135762,Reconnecting,0,0,0,0,0,0,23,328,0,201,0,0
136016,Reconnecting,0,0,0,0,0,0,23,328,0,201,0,0
136268,Reconnecting,0,0,0,0,0,0,23,328,0,201,0,0
136520,Reconnecting,0,0,0,0,0,0,23,333,0,201,0,0
136774,Reconnecting,0,0,0,0,0,0,23,343,0,201,0,0
137026,Reconnecting,0,0,0,0,0,0,23,343,0,201,0,0
137279,Reconnecting,0,0,0,0,0,0,23,343,0,201,0,0
137531,Reconnecting,0,0,0,0,0,0,23,343,0,201,0,0
137785,Reconnecting,0,0,0,0,0,0,23,343,0,201,0,0
138039,Reconnecting,0,0,0,0,0,0,23,343,0,201,0,0
138292,Reconnecting,0,0,0,0,0,0,23,343,0,201,0,0
138545,Reconnecting,0,0,0,0,0,0,23,343,0,201,0,0
138798,Reconnecting,0,0,0,0,0,0,23,343,0,201,0,0
139000,Reconnecting,0,0,0,0,0,0,23,343,0,201,0,0
139251,Reconnecting,0,0,0,0,0,0,23,343,0,201,0,0
139505,Reconnecting,0,0,0,0,0,0,23,343,0,201,0,0
139759,Reconnecting,0,0,0,0,0,0,23,343,0,201,0,0
140012,Reconnecting,0,0,0,0,0,0,23,343,0,201,0,0
140266,Reconnecting,0,0,0,0,0,0,23,343,0,201,0,0
140518,Reconnecting,0,0,0,0,0,0,23,343,0,201,0,0
140770,Reconnecting,0,0,0,0,0,0,23,343,0,201,0,0
141024,Reconnecting,0,0,0,0,0,0,23,343,0,201,0,0
141277,Reconnecting,0,0,0,0,0,0,23,343,0,201,0,0
141531,Reconnecting,0,0,0,0,0,0,23,343,0,201,0,0
141783,Reconnecting,0,0,0,0,0,0,24,343,0,201,0,0
142036,Reconnecting,0,0,0,0,0,0,24,343,0,201,0,0
142267,Reconnecting,0,0,0,0,0,0,24,343,0,201,0,0
142520,Reconnecting,0,0,0,0,0,0,24,343,0,201,0,0
142773,Reconnecting,0,0,0,0,0,0,24,348,0,201,0,0
143027,Reconnecting,0,0,0,0,0,0,24,358,0,201,0,0
143279,Reconnecting,0,0,0,0,0,0,24,358,0,201,0,0
143531,Reconnecting,0,0,0,0,0,0,24,358,0,201,0,0
143784,Reconnecting,0,0,0,0,0,0,24,358,0,201,0,0
144037,Reconnecting,0,0,0,0,0,0,24,358,0,201,0,0
144289,Reconnecting,0,0,0,0,0,0,24,358,0,201,0,0
144543,Reconnecting,0,0,0,0,0,0,24,358,0,201,0,0
144796,Reconnecting,0,0,0,0,0,0,24,358,0,201,0,0
145049,Reconnecting,0,0,0,0,0,0,24,358,0,201,0,0
145251,Reconnecting,0,0,0,0,0,0,24,358,0,201,0,0
145505,Reconnecting,0,0,0,0,0,0,24,358,0,201,0,0
145759,Reconnecting,0,0,0,0,0,0,24,358,0,201,0,0
146012,Reconnecting,0,0,0,0,0,0,24,358,0,201,0,0
146265,Reconnecting,0,0,0,0,0,0,24,358,0,201,0,0
146517,Reconnecting,0,0,0,0,0,0,24,358,0,201,0,0
146770,Reconnecting,0,0,0,0,0,0,24,358,0,201,0,0
147023,Reconnecting,0,0,0,0,0,0,24,358,0,201,0,0
147276,Reconnecting,0,0,0,0,0,0,24,358,0,201,0,0
147528,Reconnecting,0,0,0,0,0,0,24,358,0,201,0,0
147781,Reconnecting,0,0,0,0,0,0,24,358,0,201,0,0
148033,Reconnecting,0,0,0,0,0,0,25,358,0,201,0,0
148286,Reconnecting,0,0,0,0,0,0,25,358,0,201,0,0
148539,Reconnecting,0,0,0,0,0,0,25,358,0,201,0,0
148790,Reconnecting,0,0,0,0,0,0,25,363,0,201,0,0
149043,Reconnecting,0,0,0,0,0,0,25,372,0,201,0,0
149296,Reconnecting,0,0,0,0,0,0,25,372,0,201,0,0
149550,Reconnecting,0,0,0,0,0,0,25,372,0,201,0,0
149752,Reconnecting,0,0,0,0,0,0,25,372,0,201,0,0
150005,Reconnecting,0,0,0,0,0,0,25,372,0,201,0,0
150258,Reconnecting,0,0,0,0,0,0,25,372,0,201,0,0
150510,Reconnecting,0,0,0,0,0,0,25,372,0,201,0,0
150763,Reconnecting,0,0,0,0,0,0,25,372,0,201,0,0
151016,Reconnecting,0,0,0,0,0,0,25,372,0,201,0,0
151269,Reconnecting,0,0,0,0,0,0,25,372,0,201,0,0
151521,Reconnecting,0,0,0,0,0,0,25,372,0,201,0,0
151775,Reconnecting,0,0,0,0,0,0,25,372,0,201,0,0
152027,Reconnecting,0,0,0,0,0,0,25,372,0,201,0,0
152279,Reconnecting,0,0,0,0,0,0,25,372,0,201,0,0
152531,Reconnecting,0,0,0,0,0,0,25,372,0,201,0,0
152785,Reconnecting,0,0,0,0,0,0,25,372,0,201,0,0
153037,Reconnecting,0,0,0,0,0,0,25,372,0,201,0,0
153290,Reconnecting,0,0,0,0,0,0,25,372,0,201,0,0
153542,Reconnecting,0,0,0,0,0,0,25,372,0,201,0,0
153795,Reconnecting,0,0,0,0,0,0,25,372,0,201,0,0
154048,Reconnecting,0,0,0,0,0,0,26,372,0,201,0,0
154300,Reconnecting,0,0,0,0,0,0,26,372,0,201,0,0
154502,Reconnecting,0,0,0,0,0,0,26,372,0,201,0,0
154756,Reconnecting,0,0,0,0,0,0,26,372,0,201,0,0
155008,Reconnecting,0,0,0,0,0,0,26,377,0,201,0,0
155261,Reconnecting,0,0,0,0,0,0,26,387,0,201,0,0
155514,Reconnecting,0,0,0,0,0,0,26,387,0,201,0,0
155767,Reconnecting,0,0,0,0,0,0,26,387,0,201,0,0
156019,Reconnecting,0,0,0,0,0,0,26,387,0,201,0,0
156271,Reconnecting,0,0,0,0,0,0,26,387,0,201,0,0
156525,Reconnecting,0,0,0,0,0,0,26,387,0,201,0,0
156779,Reconnecting,0,0,0,0,0,0,26,387,0,201,0,0
157032,Reconnecting,0,0,0,0,0,0,26,387,0,201,0,0
157287,Reconnecting,0,0,0,0,0,0,26,387,0,201,0,0
157539,Reconnecting,0,0,0,0,0,0,26,387,0,201,0,0
157791,Reconnecting,0,0,0,0,0,0,26,387,0,201,0,0
158043,Reconnecting,0,0,0,0,0,0,26,387,0,201,0,0
158297,Reconnecting,0,0,0,0,0,0,26,387,0,201,0,0
158500,Reconnecting,0,0,0,0,0,0,26,387,0,201,0,0
158753,Reconnecting,0,0,0,0,0,0,26,387,0,201,0,0
159007,Reconnecting,0,0,0,0,0,0,26,387,0,201,0,0
159260,Reconnecting,0,0,0,0,0,0,26,387,0,201,0,0
159512,Reconnecting,0,0,0,0,0,0,26,387,0,201,0,0
159765,Reconnecting,0,0,0,0,0,0,26,387,0,201,0,0
160018,Reconnecting,0,0,0,0,0,0,26,387,0,201,0,0
160272,Reconnecting,0,0,0,0,0,0,27,387,0,201,0,0
160524,Reconnecting,0,0,0,0,0,0,27,387,0,201,0,0
160777,Reconnecting,0,0,0,0,0,0,27,387,0,201,0,0
161029,Reconnecting,0,0,0,0,0,0,27,387,0,201,0,0
161283,Reconnecting,0,0,0,0,0,0,27,392,0,201,0,0
161536,Reconnecting,0,0,0,0,0,0,27,402,0,202,0,0
161787,Reconnecting,0,0,0,0,0,0,27,402,0,202,0,0
162038,Reconnecting,0,0,0,0,0,0,27,402,0,202,0,0
162290,Reconnecting,0,0,0,0,0,0,27,402,0,202,0,0
162544,Reconnecting,0,0,0,0,0,0,27,402,0,202,0,0
162799,Reconnecting,0,0,0,0,0,0,27,402,0,202,0,0
163002,Reconnecting,0,0,0,0,0,0,27,402,0,202,0,0
163255,Reconnecting,0,0,0,0,0,0,27,402,0,202,0,0
163508,Reconnecting,0,0,0,0,0,0,27,402,0,202,0,0
163761,Reconnecting,0,0,0,0,0,0,27,402,0,202,0,0
164013,Reconnecting,0,0,0,0,0,0,27,402,0,202,0,0
164266,Reconnecting,0,0,0,0,0,0,27,402,0,202,0,0
164519,Reconnecting,0,0,0,0,0,0,27,402,0,202,0,0
164772,Reconnecting,0,0,0,0,0,0,27,402,0,202,0,0
165025,Reconnecting,0,0,0,0,0,0,27,402,0,202,0,0
165277,Reconnecting,0,0,0,0,0,0,27,402,0,202,0,0
165529,Reconnecting,0,0,0,0,0,0,27,402,0,202,0,0
165783,Reconnecting,0,0,0,0,0,0,27,402,0,202,0,0
166036,Reconnecting,0,0,0,0,0,0,27,402,0,202,0,0
166287,Reconnecting,0,0,0,0,0,0,27,402,0,202,0,0
166540,Reconnecting,0,0,0,0,0,0,28,402,0,202,0,0
166794,Reconnecting,0,0,0,0,0,0,28,402,0,202,0,0
167048,Reconnecting,0,0,0,0,0,0,28,402,0,202,0,0
167250,Reconnecting,0,0,0,0,0,0,28,405,0,202,0,0
167502,Reconnecting,0,0,0,0,0,0,28,417,0,203,0,0
167755,Reconnecting,0,0,0,0,0,0,28,417,0,203,0,0
168009,Reconnecting,0,0,0,0,0,0,28,417,0,203,0,0
168261,Reconnecting,0,0,0,0,0,0,28,417,0,203,0,0
168514,Reconnecting,0,0,0,0,0,0,28,417,0,203,0,0
168766,Reconnecting,0,0,0,0,0,0,28,417,0,203,0,0
169019,Reconnecting,0,0,0,0,0,0,28,417,0,203,0,0
169272,Reconnecting,0,0,0,0,0,0,28,417,0,203,0,0
169525,Reconnecting,0,0,0,0,0,0,28,417,0,203,0,0
169779,Reconnecting,0,0,0,0,0,0,28,417,0,203,0,0
170031,Reconnecting,0,0,0,0,0,0,28,417,0,203,0,0
170285,Reconnecting,0,0,0,0,0,0,28,417,0,203,0,0
170537,Reconnecting,0,0,0,0,0,0,28,417,0,203,0,0
170790,Reconnecting,0,0,0,0,0,0,28,417,0,203,0,0
171045,Reconnecting,0,0,0,0,0,0,28,417,0,203,0,0
171298,Reconnecting,0,0,0,0,0,0,28,417,0,203,0,0
171501,Reconnecting,0,0,0,0,0,0,28,417,0,203,0,0
171754,Reconnecting,0,0,0,0,0,0,28,417,0,203,0,0
172008,Reconnecting,0,0,0,0,0,0,28,417,0,203,0,0
172260,Reconnecting,0,0,0,0,0,0,28,417,0,203,0,0
172513,Reconnecting,0,0,0,0,0,0,29,417,0,203,0,0
172766,Reconnecting,0,0,0,0,0,0,29,417,0,203,0,0
173017,Reconnecting,0,0,0,0,0,0,29,417,0,203,0,0
173270,Reconnecting,0,0,0,0,0,0,29,417,0,203,0,0
173523,Reconnecting,0,0,0,0,0,0,29,422,0,203,0,0
173777,Reconnecting,0,0,0,0,0,0,29,432,0,203,0,0
174031,Reconnecting,0,0,0,0,0,0,29,432,0,203,0,0
174284,Reconnecting,0,0,0,0,0,0,29,432,0,203,0,0
174537,Reconnecting,0,0,0,0,0,0,29,432,0,203,0,0
174790,Reconnecting,0,0,0,0,0,0,29,432,0,203,0,0
175042,Reconnecting,0,0,0,0,0,0,29,432,0,203,0,0
175295,Reconnecting,0,0,0,0,0,0,29,432,0,203,0,0
175549,Reconnecting,0,0,0,0,0,0,29,432,0,203,0,0
175751,Reconnecting,0,0,0,0,0,0,29,432,0,203,0,0
176005,Reconnecting,0,0,0,0,0,0,29,432,0,203,0,0
176259,Reconnecting,0,0,0,0,0,0,29,432,0,203,0,0
176512,Reconnecting,0,0,0,0,0,0,29,432,0,203,0,0
176766,Reconnecting,0,0,0,0,0,0,29,432,0,203,0,0
177018,Reconnecting,0,0,0,0,0,0,29,432,0,203,0,0
177271,Reconnecting,0,0,0,0,0,0,29,432,0,203,0,0
177525,Reconnecting,0,0,0,0,0,0,29,432,0,203,0,0
177779,Reconnecting,0,0,0,0,0,0,29,432,0,203,0,0
178032,Reconnecting,0,0,0,0,0,0,29,432,0,203,0,0
178284,Reconnecting,0,0,0,0,0,0,29,432,0,203,0,0
178537,Reconnecting,0,0,0,0,0,0,29,432,0,203,0,0
178790,Reconnecting,0,0,0,0,0,0,30,432,0,203,0,0
179043,Reconnecting,0,0,0,0,0,0,30,432,0,203,0,0
179295,Reconnecting,0,0,0,0,0,0,30,432,0,203,0,0
179548,Reconnecting,0,0,0,0,0,0,30,437,0,203,0,0
179750,Reconnecting,0,0,0,0,0,0,30,447,0,203,0,0
180004,Reconnecting,0,0,0,0,0,0,30,447,0,203,0,0
180256,Reconnecting,0,0,0,0,0,0,30,447,0,203,0,0
180509,Reconnecting,0,0,0,0,0,0,30,447,0,203,0,0
180761,Reconnecting,0,0,0,0,0,0,30,447,0,203,0,0
181015,Reconnecting,0,0,0,0,0,0,30,447,0,203,0,0
181268,Reconnecting,0,0,0,0,0,0,30,447,0,203,0,0
181520,Reconnecting,0,0,0,0,0,0,30,447,0,203,0,0
181771,Reconnecting,0,0,0,0,0,0,30,447,0,203,0,0
182024,Reconnecting,0,0,0,0,0,0,30,447,0,203,0,0
182278,Reconnecting,0,0,0,0,0,0,30,447,0,203,0,0
182531,Reconnecting,0,0,0,0,0,0,30,447,0,203,0,0
182785,Reconnecting,0,0,0,0,0,0,30,447,0,203,0,0
183039,Reconnecting,0,0,0,0,0,0,30,447,0,203,0,0
183292,Reconnecting,0,0,0,0,0,0,30,447,0,203,0,0
183545,Reconnecting,0,0,0,0,0,0,30,447,0,203,0,0
183798,Reconnecting,0,0,0,0,0,0,30,447,0,203,0,0
184001,Reconnecting,0,0,0,0,0,0,30,447,0,203,0,0
184255,Reconnecting,0,0,0,0,0,0,30,447,0,203,0,0
184509,Reconnecting,0,0,0,0,0,0,30,447,0,203,0,0
184761,Reconnecting,0,0,0,0,0,0,31,447,0,203,0,0
185015,Reconnecting,0,0,0,0,0,0,31,447,0,203,0,0
185268,Reconnecting,0,0,0,0,0,0,31,447,0,203,0,0
185522,Reconnecting,0,0,0,0,0,0,31,447,0,203,0,0
185775,Reconnecting,0,0,0,0,0,0,31,452,0,203,0,0
186027,Reconnecting,0,0,0,0,0,0,31,462,0,203,0,0
186279,Reconnecting,0,0,0,0,0,0,31,462,0,203,0,0
186532,Reconnecting,0,0,0,0,0,0,31,462,0,203,0,0
186786,Reconnecting,0,0,0,0,0,0,31,462,0,203,0,0
187039,Reconnecting,0,0,0,0,0,0,31,462,0,203,0,0
187293,Reconnecting,0,0,0,0,0,0,31,462,0,203,0,0
187546,Reconnecting,0,0,0,0,0,0,31,462,0,203,0,0
187799,Reconnecting,0,0,0,0,0,0,31,462,0,203,0,0
188000,Reconnecting,0,0,0,0,0,0,31,462,0,203,0,0
188253,Reconnecting,0,0,0,0,0,0,31,462,0,203,0,0
188505,Reconnecting,0,0,0,0,0,0,31,462,0,203,0,0
188757,Reconnecting,0,0,0,0,0,0,31,462,0,203,0,0
189010,Reconnecting,0,0,0,0,0,0,31,462,0,203,0,0
189263,Reconnecting,0,0,0,0,0,0,31,462,0,203,0,0
189515,Reconnecting,0,0,0,0,0,0,31,462,0,203,0,0
189768,Reconnecting,0,0,0,0,0,0,31,462,0,203,0,0
190021,Reconnecting,0,0,0,0,0,0,31,462,0,203,0,0
190273,Reconnecting,0,0,0,0,0,0,31,462,0,203,0,0
190525,Reconnecting,0,0,0,0,0,0,31,462,0,203,0,0
190777,Reconnecting,0,0,0,0,0,0,31,462,0,203,0,0
191028,Reconnecting,0,0,0,0,0,0,32,462,0,203,0,0
191281,Reconnecting,0,0,0,0,0,0,32,462,0,203,0,0
191534,Reconnecting,0,0,0,0,0,0,32,462,0,203,0,0
191786,Reconnecting,0,0,0,0,0,0,32,467,0,203,0,0
192037,Reconnecting,0,0,0,0,0,0,32,477,0,203,0,0
192290,Reconnecting,0,0,0,0,0,0,32,477,0,203,0,0
192543,Reconnecting,0,0,0,0,0,0,32,477,0,203,0,0
192796,Reconnecting,0,0,0,0,0,0,32,477,0,203,0,0
193049,Reconnecting,0,0,0,0,0,0,32,477,0,203,0,0
193252,Reconnecting,0,0,0,0,0,0,32,477,0,203,0,0
193506,Reconnecting,0,0,0,0,0,0,32,477,0,203,0,0
193759,Reconnecting,0,0,0,0,0,0,32,477,0,203,0,0
194011,Reconnecting,0,0,0,0,0,0,32,477,0,203,0,0
194263,Reconnecting,0,0,0,0,0,0,32,477,0,203,0,0
194517,Reconnecting,0,0,0,0,0,0,32,477,0,203,0,0
194769,Reconnecting,0,0,0,0,0,0,32,477,0,203,0,0
195023,Reconnecting,0,0,0,0,0,0,32,477,0,203,0,0
195276,Reconnecting,0,0,0,0,0,0,32,477,0,203,0,0
195529,Reconnecting,0,0,0,0,0,0,32,477,0,203,0,0
195783,Reconnecting,0,0,0,0,0,0,32,477,0,203,0,0
196034,Reconnecting,0,0,0,0,0,0,32,477,0,203,0,0
196286,Reconnecting,0,0,0,0,0,0,32,477,0,203,0,0
196539,Reconnecting,0,0,0,0,0,0,32,477,0,203,0,0
196791,Reconnecting,0,0,0,0,0,0,32,477,0,203,0,0
197045,Reconnecting,0,0,0,0,0,0,33,477,0,203,0,0
197297,Reconnecting,0,0,0,0,0,0,33,477,0,203,0,0
197500,Reconnecting,0,0,0,0,0,0,33,477,0,203,0,0
197753,Reconnecting,0,0,0,0,0,0,33,477,0,203,0,0
198007,Reconnecting,0,0,0,0,0,0,33,482,0,203,0,0
198260,Reconnecting,0,0,0,0,0,0,33,492,0,203,0,0
198513,Reconnecting,0,0,0,0,0,0,33,492,0,203,0,0
198765,Reconnecting,0,0,0,0,0,0,33,492,0,203,0,0
199019,Reconnecting,0,0,0,0,0,0,33,492,0,203,0,0
199272,Reconnecting,0,0,0,0,0,0,33,492,0,203,0,0
199524,Reconnecting,0,0,0,0,0,0,33,492,0,203,0,0
199777,Reconnecting,0,0,0,0,0,0,33,492,0,203,0,0
200029,Reconnecting,0,0,0,0,0,0,33,492,0,203,0,0
200284,Reconnecting,0,0,0,0,0,0,33,492,0,203,0,0
200536,Reconnecting,0,0,0,0,0,0,33,492,0,203,0,0
200790,Reconnecting,0,0,0,0,0,0,33,492,0,203,0,0
201043,Reconnecting,0,0,0,0,0,0,33,492,0,203,0,0
201296,Reconnecting,0,0,0,0,0,0,33,492,0,203,0,0
201549,Reconnecting,0,0,0,0,0,0,33,492,0,203,0,0
201753,Reconnecting,0,0,0,0,0,0,33,492,0,203,0,0
202006,Reconnecting,0,0,0,0,0,0,33,492,0,203,0,0
202259,Reconnecting,0,0,0,0,0,0,33,492,0,203,0,0
202513,Reconnecting,0,0,0,0,0,0,33,492,0,203,0,0
202765,Reconnecting,0,0,0,0,0,0,33,492,0,203,0,0
203018,Reconnecting,0,0,0,0,0,0,33,492,0,203,0,0
203273,Reconnecting,0,0,0,0,0,0,34,492,0,203,0,0
203526,Reconnecting,0,0,0,0,0,0,34,492,0,203,0,0
203778,Reconnecting,0,0,0,0,0,0,34,492,0,203,0,0
204030,Reconnecting,0,0,0,0,0,0,34,492,0,203,0,0
204283,Reconnecting,0,0,0,0,0,0,34,497,0,203,0,0
204536,Reconnecting,0,0,0,0,0,0,34,507,0,203,0,0
204789,Reconnecting,0,0,0,0,0,0,34,507,0,203,0,0
205041,Reconnecting,0,0,0,0,0,0,34,507,0,203,0,0
205297,Reconnecting,0,0,0,0,0,0,34,507,0,203,0,0
205550,Reconnecting,0,0,0,0,0,0,34,507,0,203,0,0
205753,Reconnecting,0,0,0,0,0,0,34,507,0,203,0,0
206006,Reconnecting,0,0,0,0,0,0,34,507,0,203,0,0
206259,Reconnecting,0,0,0,0,0,0,34,507,0,203,0,0
206511,Reconnecting,0,0,0,0,0,0,34,507,0,203,0,0
206775,Reconnecting,0,0,0,0,0,0,34,507,0,203,0,0
207029,Reconnecting,0,0,0,0,0,0,34,507,0,203,0,0
207284,Reconnecting,0,0,0,0,0,0,34,507,0,203,0,0
207536,Reconnecting,0,0,0,0,0,0,34,507,0,203,0,0
207788,Reconnecting,0,0,0,0,0,0,34,507,0,203,0,0
208043,Reconnecting,0,0,0,0,0,0,34,507,0,203,0,0
208295,Reconnecting,0,0,0,0,0,0,34,507,0,203,0,0
208546,Reconnecting,0,0,0,0,0,0,34,507,0,203,0,0
208799,Reconnecting,0,0,0,0,0,0,34,507,0,203,0,0
209001,Reconnecting,0,0,0,0,0,0,34,507,0,203,0,0
209254,Reconnecting,0,0,0,0,0,0,34,507,0,203,0,0
209508,Reconnecting,0,0,0,0,0,0,35,507,0,203,0,0
209760,Reconnecting,0,0,0,0,0,0,35,507,0,203,0,0
210013,Reconnecting,0,0,0,0,0,0,35,507,0,203,0,0
210267,Reconnecting,0,0,0,0,0,0,35,507,0,203,0,0
210519,Reconnecting,0,0,0,0,0,0,35,522,0,203,0,0
210772,Reconnecting,0,0,0,0,0,0,35,522,0,203,0,0
211025,Reconnecting,0,0,0,0,0,0,35,522,0,203,0,0
211278,Reconnecting,0,0,0,0,0,0,35,522,0,203,0,0
211532,Reconnecting,0,0,0,0,0,0,35,522,0,203,0,0
211784,Reconnecting,0,0,0,0,0,0,35,522,0,203,0,0
212036,Reconnecting,0,0,0,0,0,0,35,522,0,203,0,0
212288,Reconnecting,0,0,0,0,0,0,35,522,0,203,0,0
212541,Reconnecting,0,0,0,0,0,0,35,522,0,203,0,0
212796,Reconnecting,0,0,0,0,0,0,35,522,0,203,0,0
213048,Reconnecting,0,0,0,0,0,0,35,522,0,203,0,0
213250,Reconnecting,0,0,0,0,0,0,35,522,0,203,0,0
213502,Reconnecting,0,0,0,0,0,0,35,522,0,203,0,0
213754,Reconnecting,0,0,0,0,0,0,35,522,0,203,0,0
214006,Reconnecting,0,0,0,0,0,0,35,522,0,203,0,0
214259,Reconnecting,0,0,0,0,0,0,35,522,0,203,0,0
214513,Reconnecting,0,0,0,0,0,0,35,522,0,203,0,0
214766,Reconnecting,0,0,0,0,0,0,35,522,0,203,0,0
215020,Reconnecting,0,0,0,0,0,0,35,522,0,203,0,0
215274,Reconnecting,0,0,0,0,0,0,35,522,0,203,0,0
215528,Reconnecting,0,0,0,0,0,0,36,522,0,203,0,0
215780,Reconnecting,0,0,0,0,0,0,36,522,0,203,0,0
216033,Reconnecting,0,0,0,0,0,0,36,522,0,203,0,0
216286,Reconnecting,0,0,0,0,0,0,36,522,0,203,0,0
216538,Reconnecting,0,0,0,0,0,0,36,527,0,203,0,0
216793,Reconnecting,0,0,0,0,0,0,36,537,0,203,0,0
217045,Reconnecting,0,0,0,0,0,0,36,537,0,203,0,0
217299,Reconnecting,0,0,0,0,0,0,36,537,0,203,0,0
217501,Reconnecting,0,0,0,0,0,0,36,537,0,203,0,0
217757,Reconnecting,0,0,0,0,0,0,36,537,0,203,0,0
218009,Reconnecting,0,0,0,0,0,0,36,537,0,203,0,0
218263,Reconnecting,0,0,0,0,0,0,36,537,0,203,0,0
218516,Reconnecting,0,0,0,0,0,0,36,537,0,203,0,0
218769,Reconnecting,0,0,0,0,0,0,36,537,0,203,0,0
219021,Reconnecting,0,0,0,0,0,0,36,537,0,203,0,0
219275,Reconnecting,0,0,0,0,0,0,36,537,0,203,0,0
219527,Reconnecting,0,0,0,0,0,0,36,537,0,203,0,0
219779,Reconnecting,0,0,0,0,0,0,36,537,0,203,0,0
220031,Reconnecting,0,0,0,0,0,0,36,537,0,203,0,0
220284,Reconnecting,0,0,0,0,0,0,36,537,0,203,0,0
220537,Reconnecting,0,0,0,0,0,0,36,537,0,203,0,0
220789,Reconnecting,0,0,0,0,0,0,36,537,0,203,0,0
221042,Reconnecting,0,0,0,0,0,0,36,537,0,203,0,0
221294,Reconnecting,0,0,0,0,0,0,36,537,0,203,0,0
221547,Reconnecting,0,0,0,0,0,0,36,537,0,203,0,0
221750,Reconnecting,0,0,0,0,0,0,37,537,0,203,0,0
222003,Reconnecting,0,0,0,0,0,0,37,537,0,203,0,0
222259,Reconnecting,0,0,0,0,0,0,37,537,0,203,0,0
222512,Reconnecting,0,0,0,0,0,0,37,537,0,203,0,0
222764,Reconnecting,0,0,0,0,0,0,37,552,0,203,0,0
223017,Reconnecting,0,0,0,0,0,0,37,552,0,203,0,0
223270,Reconnecting,0,0,0,0,0,0,37,552,0,203,0,0
223522,Reconnecting,0,0,0,0,0,0,37,552,0,203,0,0
223774,Reconnecting,0,0,0,0,0,0,37,552,0,203,0,0
224028,Reconnecting,0,0,0,0,0,0,37,552,0,203,0,0
224281,Reconnecting,0,0,0,0,0,0,37,552,0,203,0,0
224534,Reconnecting,0,0,0,0,0,0,37,552,0,203,0,0
224787,Reconnecting,0,0,0,0,0,0,37,552,0,203,0,0
225040,Reconnecting,0,0,0,0,0,0,37,552,0,203,0,0
225293,Reconnecting,0,0,0,0,0,0,37,552,0,203,0,0
225546,Reconnecting,0,0,0,0,0,0,37,552,0,203,0,0
225799,Reconnecting,0,0,0,0,0,0,37,552,0,203,0,0
226001,Reconnecting,0,0,0,0,0,0,37,552,0,203,0,0
226255,Reconnecting,0,0,0,0,0,0,37,552,0,203,0,0
226508,Reconnecting,0,0,0,0,0,0,37,552,0,203,0,0
226761,Reconnecting,0,0,0,0,0,0,37,552,0,203,0,0
227016,Reconnecting,0,0,0,0,0,0,37,552,0,203,0,0
227269,Reconnecting,0,0,0,0,0,0,37,552,0,203,0,0
227523,Reconnecting,0,0,0,0,0,0,37,552,0,203,0,0
227776,Reconnecting,0,0,0,0,0,0,37,552,0,203,0,0
228030,Reconnecting,0,0,0,0,0,0,38,552,0,203,0,0
228282,Reconnecting,0,0,0,0,0,0,38,552,0,203,0,0
228535,Reconnecting,0,0,0,0,0,0,38,552,0,203,0,0
228788,Reconnecting,0,0,0,0,0,0,38,557,0,203,0,0
229042,Reconnecting,0,0,0,0,0,0,38,567,0,203,0,0
229294,Reconnecting,0,0,0,0,0,0,38,567,0,203,0,0
229547,Reconnecting,0,0,0,0,0,0,38,567,0,203,0,0
229800,Reconnecting,0,0,0,0,0,0,38,567,0,203,0,0
230002,Reconnecting,0,0,0,0,0,0,38,567,0,203,0,0
230255,Reconnecting,0,0,0,0,0,0,38,567,0,203,0,0
230508,Reconnecting,0,0,0,0,0,0,38,567,0,203,0,0
230760,Reconnecting,0,0,0,0,0,0,38,567,0,203,0,0
231013,Reconnecting,0,0,0,0,0,0,38,567,0,203,0,0
231266,Reconnecting,0,0,0,0,0,0,38,567,0,203,0,0
231520,Reconnecting,0,0,0,0,0,0,38,567,0,203,0,0
231774,Reconnecting,0,0,0,0,0,0,38,567,0,203,0,0
232026,Reconnecting,0,0,0,0,0,0,38,567,0,203,0,0
232278,Reconnecting,0,0,0,0,0,0,38,567,0,203,0,0
232531,Reconnecting,0,0,0,0,0,0,38,567,0,203,0,0
232784,Reconnecting,0,0,0,0,0,0,38,567,0,203,0,0
233037,Reconnecting,0,0,0,0,0,0,38,567,0,203,0,0
233289,Reconnecting,0,0,0,0,0,0,38,567,0,203,0,0
233542,Reconnecting,0,0,0,0,0,0,38,567,0,203,0,0
233795,Reconnecting,0,0,0,0,0,0,38,567,0,203,0,0
234048,Reconnecting,0,0,0,0,0,0,39,567,0,203,0,0
234250,Reconnecting,0,0,0,0,0,0,39,567,0,203,0,0
234504,Reconnecting,0,0,0,0,0,0,39,567,0,203,0,0
234757,Reconnecting,0,0,0,0,0,0,39,567,0,203,0,0
235009,Reconnecting,0,0,0,0,0,0,39,572,0,203,0,0
235261,Reconnecting,0,0,0,0,0,0,39,582,0,203,0,0
235514,Reconnecting,0,0,0,0,0,0,39,582,0,203,0,0
235767,Reconnecting,0,0,0,0,0,0,39,582,0,203,0,0
236020,Reconnecting,0,0,0,0,0,0,39,582,0,203,0,0
236274,Reconnecting,0,0,0,0,0,0,39,582,0,203,0,0
236527,Reconnecting,0,0,0,0,0,0,39,582,0,203,0,0
236781,Reconnecting,0,0,0,0,0,0,39,582,0,203,0,0
237032,Reconnecting,0,0,0,0,0,0,39,582,0,203,0,0
237286,Reconnecting,0,0,0,0,0,0,39,582,0,203,0,0
237538,Reconnecting,0,0,0,0,0,0,39,582,0,203,0,0
237790,Reconnecting,0,0,0,0,0,0,39,582,0,203,0,0
238044,Reconnecting,0,0,0,0,0,0,39,582,0,203,0,0
238296,Reconnecting,0,0,0,0,0,0,39,582,0,203,0,0
238549,Reconnecting,0,0,0,0,0,0,39,582,0,203,0,0
238753,Reconnecting,0,0,0,0,0,0,39,582,0,203,0,0
239005,Reconnecting,0,0,0,0,0,0,39,582,0,203,0,0
239257,Reconnecting,0,0,0,0,0,0,39,582,0,203,0,0
239510,Reconnecting,0,0,0,0,0,0,39,582,0,203,0,0
239763,Reconnecting,0,0,0,0,0,0,39,582,0,203,0,0
240016,Reconnecting,0,0,0,0,0,0,39,582,0,203,0,0
240269,Reconnecting,0,0,0,0,0,0,40,582,0,203,0,0
240522,Reconnecting,0,0,0,0,0,0,40,582,0,203,0,0
240776,Reconnecting,0,0,0,0,0,0,40,582,0,203,0,0
241029,Reconnecting,0,0,0,0,0,0,40,587,0,203,0,0
241280,Reconnecting,0,0,0,0,0,0,40,597,0,203,0,0
241533,Reconnecting,0,0,0,0,0,0,40,597,0,203,0,0
241787,Reconnecting,0,0,0,0,0,0,40,597,0,203,0,0
242040,Reconnecting,0,0,0,0,0,0,40,597,0,203,0,0
242294,Reconnecting,0,0,0,0,0,0,40,597,0,203,0,0
242546,Reconnecting,0,0,0,0,0,0,40,597,0,203,0,0
242799,Reconnecting,0,0,0,0,0,0,40,597,0,203,0,0
243001,Reconnecting,0,0,0,0,0,0,40,597,0,203,0,0
243256,Reconnecting,0,0,0,0,0,0,40,597,0,203,0,0
243509,Reconnecting,0,0,0,0,0,0,40,597,0,203,0,0
243761,Reconnecting,0,0,0,0,0,0,40,597,0,203,0,0
244015,Reconnecting,0,0,0,0,0,0,40,597,0,203,0,0
244268,Reconnecting,0,0,0,0,0,0,40,597,0,203,0,0
244520,Reconnecting,0,0,0,0,0,0,40,597,0,203,0,0
244771,Reconnecting,0,0,0,0,0,0,40,597,0,203,0,0
245024,Reconnecting,0,0,0,0,0,0,40,597,0,203,0,0
245277,Reconnecting,0,0,0,0,0,0,40,597,0,203,0,0
245531,Reconnecting,0,0,0,0,0,0,40,597,0,203,0,0
245784,Reconnecting,0,0,0,0,0,0,40,597,0,203,0,0
246037,Reconnecting,0,0,0,0,0,0,40,597,0,203,0,0
246290,Reconnecting,0,0,0,0,0,0,41,597,0,203,0,0
246544,Reconnecting,0,0,0,0,0,0,41,597,0,203,0,0
246797,Reconnecting,0,0,0,0,0,0,41,597,0,203,0,0
247049,Reconnecting,0,0,0,0,0,0,41,597,0,203,0,0
247251,Reconnecting,0,0,0,0,0,0,41,602,0,203,0,0
247504,Reconnecting,0,0,0,0,0,0,41,612,0,203,0,0
247756,Reconnecting,0,0,0,0,0,0,41,612,0,203,0,0
248009,Reconnecting,0,0,0,0,0,0,41,612,0,203,0,0
248261,Reconnecting,0,0,0,0,0,0,41,612,0,203,0,0
248512,Reconnecting,0,0,0,0,0,0,41,612,0,203,0,0
248766,Reconnecting,0,0,0,0,0,0,41,612,0,203,0,0
249019,Reconnecting,0,0,0,0,0,0,41,612,0,203,0,0
249271,Reconnecting,0,0,0,0,0,0,41,612,0,203,0,0
249525,Reconnecting,0,0,0,0,0,0,41,612,0,203,0,0
249777,Reconnecting,0,0,0,0,0,0,41,612,0,203,0,0
250030,Reconnecting,0,0,0,0,0,0,41,612,0,203,0,0
250284,Reconnecting,0,0,0,0,0,0,41,612,0,203,0,0
250537,Reconnecting,0,0,0,0,0,0,41,612,0,203,0,0
250790,Reconnecting,0,0,0,0,0,0,41,612,0,203,0,0
251042,Reconnecting,0,0,0,0,0,0,41,612,0,203,0,0
251295,Reconnecting,0,0,0,0,0,0,41,612,0,203,0,0
251548,Reconnecting,0,0,0,0,0,0,41,612,0,203,0,0
251750,Reconnecting,0,0,0,0,0,0,41,612,0,203,0,0
252002,Reconnecting,0,0,0,0,0,0,41,612,0,203,0,0
252255,Reconnecting,0,0,0,0,0,0,41,612,0,203,0,0
252508,Reconnecting,0,0,0,0,0,0,42,612,0,203,0,0
252761,Reconnecting,0,0,0,0,0,0,42,612,0,203,0,0
253014,Reconnecting,0,0,0,0,0,0,42,612,0,203,0,0
253267,Reconnecting,0,0,0,0,0,0,42,612,0,203,0,0
253520,Reconnecting,0,0,0,0,0,0,42,617,0,203,0,0
253775,Reconnecting,0,0,0,0,0,0,42,627,0,203,0,0
254028,Reconnecting,0,0,0,0,0,0,42,627,0,203,0,0
254279,Reconnecting,0,0,0,0,0,0,42,627,0,203,0,0
254533,Reconnecting,0,0,0,0,0,0,42,627,0,203,0,0
254786,Reconnecting,0,0,0,0,0,0,42,627,0,203,0,0
255038,Reconnecting,0,0,0,0,0,0,42,627,0,203,0,0
255291,Reconnecting,0,0,0,0,0,0,42,627,0,203,0,0
255546,Reconnecting,0,0,0,0,0,0,42,627,0,203,0,0
255799,Reconnecting,0,0,0,0,0,0,42,627,0,203,0,0
256002,Reconnecting,0,0,0,0,0,0,42,627,0,203,0,0
256256,Reconnecting,0,0,0,0,0,0,42,627,0,203,0,0
256510,Reconnecting,0,0,0,0,0,0,42,627,0,203,0,0
256763,Reconnecting,0,0,0,0,0,0,42,627,0,203,0,0
257015,Reconnecting,0,0,0,0,0,0,42,627,0,203,0,0
257268,Reconnecting,0,0,0,0,0,0,42,627,0,203,0,0
257539,Reconnecting,0,0,0,0,0,0,42,627,0,203,0,0
257791,Reconnecting,0,0,0,0,0,0,42,627,0,203,0,0
258044,Reconnecting,0,0,0,0,0,0,42,627,0,203,0,0
258296,Reconnecting,0,0,0,0,0,0,42,627,0,203,0,0
258549,Reconnecting,0,0,0,0,0,0,42,627,0,203,0,0
258751,Reconnecting,0,0,0,0,0,0,43,627,0,203,0,0
259004,Reconnecting,0,0,0,0,0,0,43,627,0,203,0,0
259258,Reconnecting,0,0,0,0,0,0,43,627,0,203,0,0
259511,Reconnecting,0,0,0,0,0,0,43,632,0,203,0,0
259765,Reconnecting,0,0,0,0,0,0,43,642,0,203,0,0
260018,Reconnecting,0,0,0,0,0,0,43,642,0,203,0,0
260271,Reconnecting,0,0,0,0,0,0,43,642,0,203,0,0
260524,Reconnecting,0,0,0,0,0,0,43,642,0,203,0,0
260777,Reconnecting,0,0,0,0,0,0,43,642,0,203,0,0
261028,Reconnecting,0,0,0,0,0,0,43,642,0,203,0,0
261280,Reconnecting,0,0,0,0,0,0,43,642,0,203,0,0
261533,Reconnecting,0,0,0,0,0,0,43,642,0,203,0,0
261786,Reconnecting,0,0,0,0,0,0,43,642,0,203,0,0
262038,Reconnecting,0,0,0,0,0,0,43,642,0,203,0,0
262291,Reconnecting,0,0,0,0,0,0,43,642,0,203,0,0
262544,Reconnecting,0,0,0,0,0,0,43,642,0,203,0,0
262797,Reconnecting,0,0,0,0,0,0,43,642,0,203,0,0
263048,Reconnecting,0,0,0,0,0,0,43,642,0,203,0,0
263250,Reconnecting,0,0,0,0,0,0,43,642,0,203,0,0
263501,Reconnecting,0,0,0,0,0,0,43,642,0,203,0,0
263755,Reconnecting,0,0,0,0,0,0,43,642,0,203,0,0
264007,Reconnecting,0,0,0,0,0,0,43,642,0,203,0,0
264260,Reconnecting,0,0,0,0,0,0,43,642,0,203,0,0
264515,Reconnecting,0,0,0,0,0,0,43,642,0,203,0,0
264767,Reconnecting,0,0,0,0,0,0,44,642,0,203,0,0
265020,Reconnecting,0,0,0,0,0,0,44,642,0,203,0,0
265272,Reconnecting,0,0,0,0,0,0,44,642,0,203,0,0
265526,Reconnecting,0,0,0,0,0,0,44,642,0,203,0,0
265779,Reconnecting,0,0,0,0,0,0,44,647,0,203,0,0
266034,Reconnecting,0,0,0,0,0,0,44,656,0,203,0,0
266287,Reconnecting,0,0,0,0,0,0,44,656,0,203,0,0
266541,Reconnecting,0,0,0,0,0,0,44,656,0,203,0,0
266793,Reconnecting,0,0,0,0,0,0,44,656,0,203,0,0
267045,Reconnecting,0,0,0,0,0,0,44,656,0,203,0,0
267298,Reconnecting,0,0,0,0,0,0,44,656,0,203,0,0
267500,Reconnecting,0,0,0,0,0,0,44,656,0,203,0,0
267752,Reconnecting,0,0,0,0,0,0,44,656,0,203,0,0
268006,Reconnecting,0,0,0,0,0,0,44,656,0,203,0,0
268258,Reconnecting,0,0,0,0,0,0,44,656,0,203,0,0
268511,Reconnecting,0,0,0,0,0,0,44,656,0,203,0,0
268765,Reconnecting,0,0,0,0,0,0,44,656,0,203,0,0
269018,Reconnecting,0,0,0,0,0,0,44,656,0,203,0,0
269270,Reconnecting,0,0,0,0,0,0,44,656,0,203,0,0
269523,Reconnecting,0,0,0,0,0,0,44,656,0,203,0,0
269776,Reconnecting,0,0,0,0,0,0,44,656,0,203,0,0
270029,Reconnecting,0,0,0,0,0,0,44,656,0,203,0,0
270283,Reconnecting,0,0,0,0,0,0,44,656,0,203,0,0
270536,Reconnecting,0,0,0,0,0,0,44,656,0,203,0,0
270788,Reconnecting,0,0,0,0,0,0,44,656,0,203,0,0
271040,Reconnecting,0,0,0,0,0,0,45,656,0,203,0,0
271294,Reconnecting,0,0,0,0,0,0,45,656,0,203,0,0
271546,Reconnecting,0,0,0,0,0,0,45,656,0,203,0,0
271798,Reconnecting,0,0,0,0,0,0,45,661,0,203,0,0
272001,Reconnecting,0,0,0,0,0,0,45,671,0,203,0,0
272254,Reconnecting,0,0,0,0,0,0,45,671,0,203,0,0
272507,Reconnecting,0,0,0,0,0,0,45,671,0,203,0,0
272759,Reconnecting,0,0,0,0,0,0,45,671,0,203,0,0
273011,Reconnecting,0,0,0,0,0,0,45,671,0,203,0,0
273265,Reconnecting,0,0,0,0,0,0,45,671,0,203,0,0
273516,Reconnecting,0,0,0,0,0,0,45,671,0,203,0,0
273768,Reconnecting,0,0,0,0,0,0,45,671,0,203,0,0
274021,Reconnecting,0,0,0,0,0,0,45,671,0,203,0,0
274274,Reconnecting,0,0,0,0,0,0,45,671,0,203,0,0
274527,Reconnecting,0,0,0,0,0,0,45,671,0,203,0,0
274779,Reconnecting,0,0,0,0,0,0,45,671,0,203,0,0
275032,Reconnecting,0,0,0,0,0,0,45,671,0,203,0,0
275286,Reconnecting,0,0,0,0,0,0,45,671,0,203,0,0
275538,Reconnecting,0,0,0,0,0,0,45,671,0,203,0,0
275791,Reconnecting,0,0,0,0,0,0,45,671,0,203,0,0
276044,Reconnecting,0,0,0,0,0,0,45,671,0,203,0,0
276295,Reconnecting,0,0,0,0,0,0,45,671,0,203,0,0
276548,Reconnecting,0,0,0,0,0,0,45,671,0,203,0,0
276799,Reconnecting,0,0,0,0,0,0,45,671,0,203,0,0
277000,Reconnecting,0,0,0,0,0,0,46,671,0,203,0,0
277252,Reconnecting,0,0,0,0,0,0,46,671,0,203,0,0
277505,Reconnecting,0,0,0,0,0,0,46,671,0,203,0,0
277758,Reconnecting,0,0,0,0,0,0,46,671,0,203,0,0
278010,Reconnecting,0,0,0,0,0,0,46,676,0,203,0,0
278264,Reconnecting,0,0,0,0,0,0,46,686,0,203,0,0
278517,Reconnecting,0,0,0,0,0,0,46,686,0,203,0,0
278770,Reconnecting,0,0,0,0,0,0,46,686,0,203,0,0
279025,Reconnecting,0,0,0,0,0,0,46,686,0,203,0,0
279278,Reconnecting,0,0,0,0,0,0,46,686,0,203,0,0
279530,Reconnecting,0,0,0,0,0,0,46,686,0,203,0,0
279782,Reconnecting,0,0,0,0,0,0,46,686,0,203,0,0
280036,Reconnecting,0,0,0,0,0,0,46,686,0,203,0,0
280289,Reconnecting,0,0,0,0,0,0,46,686,0,203,0,0
280541,Reconnecting,0,0,0,0,0,0,46,686,0,203,0,0
280794,Reconnecting,0,0,0,0,0,0,46,686,0,203,0,0
281047,Reconnecting,0,0,0,0,0,0,46,686,0,203,0,0
281250,Reconnecting,0,0,0,0,0,0,46,686,0,203,0,0
281502,Reconnecting,0,0,0,0,0,0,46,686,0,203,0,0
281756,Reconnecting,0,0,0,0,0,0,46,686,0,203,0,0
282010,Reconnecting,0,0,0,0,0,0,46,686,0,203,0,0
282263,Reconnecting,0,0,0,0,0,0,46,686,0,203,0,0
282515,Reconnecting,0,0,0,0,0,0,46,686,0,203,0,0
282768,Reconnecting,0,0,0,0,0,0,46,686,0,203,0,0
283023,Reconnecting,0,0,0,0,0,0,46,686,0,203,0,0
283276,Reconnecting,0,0,0,0,0,0,47,686,0,203,0,0
283528,Reconnecting,0,0,0,0,0,0,47,686,0,203,0,0
283781,Reconnecting,0,0,0,0,0,0,47,686,0,203,0,0
284034,Reconnecting,0,0,0,0,0,0,47,691,0,203,0,0
284287,Reconnecting,0,0,0,0,0,0,47,701,0,203,0,0
284540,Reconnecting,0,0,0,0,0,0,47,701,0,203,0,0
284793,Reconnecting,0,0,0,0,0,0,47,701,0,203,0,0
285045,Reconnecting,0,0,0,0,0,0,47,701,0,203,0,0
285299,Reconnecting,0,0,0,0,0,0,47,701,0,203,0,0
285500,Reconnecting,0,0,0,0,0,0,47,701,0,203,0,0
285752,Reconnecting,0,0,0,0,0,0,47,701,0,203,0,0
286006,Reconnecting,0,0,0,0,0,0,47,701,0,203,0,0
286259,Reconnecting,0,0,0,0,0,0,47,701,0,203,0,0
286511,Reconnecting,0,0,0,0,0,0,47,701,0,203,0,0
286764,Reconnecting,0,0,0,0,0,0,47,701,0,203,0,0
287017,Reconnecting,0,0,0,0,0,0,47,701,0,203,0,0
287269,Reconnecting,0,0,0,0,0,0,47,701,0,203,0,0
287523,Reconnecting,0,0,0,0,0,0,47,701,0,203,0,0
287776,Reconnecting,0,0,0,0,0,0,47,701,0,203,0,0
288029,Reconnecting,0,0,0,0,0,0,47,701,0,203,0,0
288282,Reconnecting,0,0,0,0,0,0,47,701,0,203,0,0
288534,Reconnecting,0,0,0,0,0,0,47,701,0,203,0,0
288787,Reconnecting,0,0,0,0,0,0,47,701,0,203,0,0
289039,Reconnecting,0,0,0,0,0,0,47,701,0,203,0,0
289293,Reconnecting,0,0,0,0,0,0,48,701,0,203,0,0
289545,Reconnecting,0,0,0,0,0,0,48,701,0,203,0,0
289797,Reconnecting,0,0,0,0,0,0,48,701,0,203,0,0
290049,Reconnecting,0,0,0,0,0,0,48,701,0,203,0,0
290252,Reconnecting,0,0,0,0,0,0,48,706,0,203,0,0
290505,Reconnecting,0,0,0,0,0,0,48,716,0,203,0,0
290757,Reconnecting,0,0,0,0,0,0,48,716,0,203,0,0
291010,Reconnecting,0,0,0,0,0,0,48,716,0,203,0,0
291263,Reconnecting,0,0,0,0,0,0,48,716,0,203,0,0
291515,Reconnecting,0,0,0,0,0,0,48,716,0,203,0,0
291767,Reconnecting,0,0,0,0,0,0,48,716,0,203,0,0
292020,Reconnecting,0,0,0,0,0,0,48,716,0,203,0,0
292273,Reconnecting,0,0,0,0,0,0,48,716,0,203,0,0
292526,Reconnecting,0,0,0,0,0,0,48,716,0,203,0,0
292778,Reconnecting,0,0,0,0,0,0,48,716,0,203,0,0
293031,Reconnecting,0,0,0,0,0,0,48,716,0,203,0,0
293284,Reconnecting,0,0,0,0,0,0,48,716,0,203,0,0
293537,Reconnecting,0,0,0,0,0,0,48,716,0,203,0,0
293790,Reconnecting,0,0,0,0,0,0,48,716,0,203,0,0
294043,Reconnecting,0,0,0,0,0,0,48,716,0,203,0,0
294295,Reconnecting,0,0,0,0,0,0,48,716,0,203,0,0
294549,Reconnecting,0,0,0,0,0,0,48,716,0,203,0,0
294752,Reconnecting,0,0,0,0,0,0,48,716,0,203,0,0
295005,Reconnecting,0,0,0,0,0,0,48,716,0,203,0,0
295257,Reconnecting,0,0,0,0,0,0,48,716,0,203,0,0
295509,Reconnecting,0,0,0,0,0,0,49,716,0,203,0,0
295763,Reconnecting,0,0,0,0,0,0,49,716,0,203,0,0
296015,Reconnecting,0,0,0,0,0,0,49,716,0,203,0,0
296268,Reconnecting,0,0,0,0,0,0,49,716,0,203,0,0
296522,Reconnecting,0,0,0,0,0,0,49,730,0,203,0,0
296775,Reconnecting,0,0,0,0,0,0,49,730,0,203,0,0
297028,Reconnecting,0,0,0,0,0,0,49,730,0,203,0,0
297280,Reconnecting,0,0,0,0,0,0,49,730,0,203,0,0
297533,Reconnecting,0,0,0,0,0,0,49,730,0,203,0,0
297787,Reconnecting,0,0,0,0,0,0,49,730,0,203,0,0
298040,Reconnecting,0,0,0,0,0,0,49,730,0,203,0,0
298295,Reconnecting,0,0,0,0,0,0,49,730,0,203,0,0
298548,Reconnecting,0,0,0,0,0,0,49,730,0,203,0,0
298750,Reconnecting,0,0,0,0,0,0,49,730,0,203,0,0
299013,Reconnecting,0,0,0,0,0,0,49,730,0,203,0,0
299268,Reconnecting,0,0,0,0,0,0,49,730,0,203,0,0
299526,Reconnecting,0,0,0,0,0,0,49,730,0,203,0,0
299779,Reconnecting,0,0,0,0,0,0,49,730,0,203,0,0
300032,Reconnecting,0,0,0,0,0,0,49,730,0,203,0,0
300286,Reconnecting,0,0,0,0,0,0,49,730,0,203,0,0
300538,Reconnecting,0,0,0,0,0,0,49,730,0,203,0,0
300793,Reconnecting,0,0,0,0,0,0,49,730,0,203,0,0
301046,Reconnecting,0,0,0,0,0,0,49,730,0,203,0,0
301299,Reconnecting,0,0,0,0,0,0,49,730,0,203,0,0
301502,Reconnecting,0,0,0,0,0,0,49,730,0,203,0,0
301755,Reconnecting,0,0,0,0,0,0,50,730,0,203,0,0
302009,Reconnecting,0,0,0,0,0,0,50,730,0,203,0,0
302264,Reconnecting,0,0,0,0,0,0,50,730,0,203,0,0
302516,Reconnecting,0,0,0,0,0,0,50,730,0,203,0,0
302769,Reconnecting,0,0,0,0,0,0,50,735,0,203,0,0
303021,Reconnecting,0,0,0,0,0,0,50,745,0,203,0,0
303275,Reconnecting,0,0,0,0,0,0,50,745,0,203,0,0
303529,Reconnecting,0,0,0,0,0,0,50,745,0,203,0,0
303782,Reconnecting,0,0,0,0,0,0,50,745,0,203,0,0
304035,Reconnecting,0,0,0,0,0,0,50,745,0,203,0,0
304287,Reconnecting,0,0,0,0,0,0,50,745,0,203,0,0
304541,Reconnecting,0,0,0,0,0,0,50,745,0,203,0,0
304794,Reconnecting,0,0,0,0,0,0,50,745,0,203,0,0
305046,Reconnecting,0,0,0,0,0,0,50,745,0,203,0,0
305299,Reconnecting,0,0,0,0,0,0,50,745,0,203,0,0
305502,Reconnecting,0,0,0,0,0,0,50,745,0,203,0,0
305755,Reconnecting,0,0,0,0,0,0,50,745,0,203,0,0
306007,Reconnecting,0,0,0,0,0,0,50,745,0,203,0,0
306260,Reconnecting,0,0,0,0,0,0,50,745,0,203,0,0
306512,Reconnecting,0,0,0,0,0,0,50,745,0,203,0,0
306765,Reconnecting,0,0,0,0,0,0,50,745,0,203,0,0
307018,Reconnecting,0,0,0,0,0,0,50,745,0,203,0,0
307273,Reconnecting,0,0,0,0,0,0,50,745,0,203,0,0
307526,Reconnecting,0,0,0,0,0,0,50,745,0,203,0,0
307777,Reconnecting,0,0,0,0,0,0,50,745,0,203,0,0
308029,Reconnecting,0,0,0,0,0,0,51,745,0,203,0,0
308281,Reconnecting,0,0,0,0,0,0,51,745,0,203,0,0
308534,Reconnecting,0,0,0,0,0,0,51,745,0,203,0,0
308786,Reconnecting,0,0,0,0,0,0,51,750,0,203,0,0
309038,Reconnecting,0,0,0,0,0,0,51,760,0,203,0,0
309290,Reconnecting,0,0,0,0,0,0,51,760,0,203,0,0
309543,Reconnecting,0,0,0,0,0,0,51,760,0,203,0,0
309797,Reconnecting,0,0,0,0,0,0,51,760,0,203,0,0
310000,Reconnecting,0,0,0,0,0,0,51,760,0,203,0,0
310253,Reconnecting,0,0,0,0,0,0,51,760,0,203,0,0
310505,Reconnecting,0,0,0,0,0,0,51,760,0,203,0,0
310758,Reconnecting,0,0,0,0,0,0,51,760,0,203,0,0
311012,Reconnecting,0,0,0,0,0,0,51,760,0,203,0,0
311265,Reconnecting,0,0,0,0,0,0,51,760,0,203,0,0
311518,Reconnecting,0,0,0,0,0,0,51,760,0,203,0,0
311770,Reconnecting,0,0,0,0,0,0,51,760,0,203,0,0
312024,Reconnecting,0,0,0,0,0,0,51,760,0,203,0,0
312278,Reconnecting,0,0,0,0,0,0,51,760,0,203,0,0
312530,Reconnecting,0,0,0,0,0,0,51,760,0,203,0,0
312782,Reconnecting,0,0,0,0,0,0,51,760,0,203,0,0
313036,Reconnecting,0,0,0,0,0,0,51,760,0,203,0,0
313288,Reconnecting,0,0,0,0,0,0,51,760,0,203,0,0
313542,Reconnecting,0,0,0,0,0,0,51,760,0,203,0,0
313795,Reconnecting,0,0,0,0,0,0,51,760,0,203,0,0
314047,Reconnecting,0,0,0,0,0,0,52,760,0,203,0,0
314250,Reconnecting,0,0,0,0,0,0,52,760,0,203,0,0
314503,Reconnecting,0,0,0,0,0,0,52,760,0,203,0,0
314756,Reconnecting,0,0,0,0,0,0,52,760,0,203,0,0
315009,Reconnecting,0,0,0,0,0,0,52,765,0,203,0,0
315263,Reconnecting,0,0,0,0,0,0,52,775,0,203,0,0
315515,Reconnecting,0,0,0,0,0,0,52,775,0,203,0,0
315767,Reconnecting,0,0,0,0,0,0,52,775,0,203,0,0
316019,Reconnecting,0,0,0,0,0,0,52,775,0,203,0,0
316271,Reconnecting,0,0,0,0,0,0,52,775,0,203,0,0
316525,Reconnecting,0,0,0,0,0,0,52,775,0,203,0,0
316777,Reconnecting,0,0,0,0,0,0,52,775,0,203,0,0
317030,Reconnecting,0,0,0,0,0,0,52,775,0,203,0,0
317284,Reconnecting,0,0,0,0,0,0,52,775,0,203,0,0
317538,Reconnecting,0,0,0,0,0,0,52,775,0,203,0,0
317789,Reconnecting,0,0,0,0,0,0,52,775,0,203,0,0
318041,Reconnecting,0,0,0,0,0,0,52,775,0,203,0,0
318295,Reconnecting,0,0,0,0,0,0,52,775,0,203,0,0
318549,Reconnecting,0,0,0,0,0,0,52,775,0,203,0,0
318752,Reconnecting,0,0,0,0,0,0,52,775,0,203,0,0
319006,Reconnecting,0,0,0,0,0,0,52,775,0,203,0,0
319258,Reconnecting,0,0,0,0,0,0,52,775,0,203,0,0
319512,Reconnecting,0,0,0,0,0,0,52,775,0,203,0,0
319765,Reconnecting,0,0,0,0,0,0,52,775,0,203,0,0
320018,Reconnecting,0,0,0,0,0,0,52,775,0,203,0,0
320270,Reconnecting,0,0,0,0,0,0,53,775,0,203,0,0
320524,Reconnecting,0,0,0,0,0,0,53,775,0,203,0,0
320776,Reconnecting,0,0,0,0,0,0,53,775,0,203,0,0
321029,Reconnecting,0,0,0,0,0,0,53,780,0,203,0,0
321282,Reconnecting,0,0,0,0,0,0,53,790,0,203,0,0
321533,Reconnecting,0,0,0,0,0,0,53,790,0,203,0,0
321786,Reconnecting,0,0,0,0,0,0,53,790,0,203,0,0
322038,Reconnecting,0,0,0,0,0,0,53,790,0,203,0,0
322290,Reconnecting,0,0,0,0,0,0,53,790,0,203,0,0
322543,Reconnecting,0,0,0,0,0,0,53,790,0,203,0,0
322798,Reconnecting,0,0,0,0,0,0,53,790,0,203,0,0
323003,Reconnecting,0,0,0,0,0,0,53,790,0,203,0,0
323256,Reconnecting,0,0,0,0,0,0,53,790,0,203,0,0
323509,Reconnecting,0,0,0,0,0,0,53,790,0,203,0,0
323762,Reconnecting,0,0,0,0,0,0,53,790,0,203,0,0
324013,Reconnecting,0,0,0,0,0,0,53,790,0,203,0,0
324265,Reconnecting,0,0,0,0,0,0,53,790,0,203,0,0
324517,Reconnecting,0,0,0,0,0,0,53,790,0,203,0,0
324771,Reconnecting,0,0,0,0,0,0,53,790,0,203,0,0
325024,Reconnecting,0,0,0,0,0,0,53,790,0,203,0,0
325278,Reconnecting,0,0,0,0,0,0,53,790,0,203,0,0
325529,Reconnecting,0,0,0,0,0,0,53,790,0,203,0,0
325783,Reconnecting,0,0,0,0,0,0,53,790,0,203,0,0
326035,Reconnecting,0,0,0,0,0,0,53,790,0,203,0,0
326289,Reconnecting,0,0,0,0,0,0,54,790,0,203,0,0
326541,Reconnecting,0,0,0,0,0,0,54,790,0,203,0,0
326794,Reconnecting,0,0,0,0,0,0,54,790,0,203,0,0
327047,Reconnecting,0,0,0,0,0,0,54,790,0,203,0,0
327250,Reconnecting,0,0,0,0,0,0,54,795,0,203,0,0
327503,Reconnecting,0,0,0,0,0,0,54,805,0,205,0,0
327756,Reconnecting,0,0,0,0,0,0,54,805,0,205,0,0
328008,Reconnecting,0,0,0,0,0,0,54,805,0,205,0,0
328261,Reconnecting,0,0,0,0,0,0,54,805,0,205,0,0
328515,Reconnecting,0,0,0,0,0,0,54,805,0,205,0,0
328768,Reconnecting,0,0,0,0,0,0,54,805,0,205,0,0
329020,Reconnecting,0,0,0,0,0,0,54,805,0,205,0,0
329274,Reconnecting,0,0,0,0,0,0,54,805,0,205,0,0
329526,Reconnecting,0,0,0,0,0,0,54,805,0,205,0,0
329778,Reconnecting,0,0,0,0,0,0,54,805,0,205,0,0
330032,Reconnecting,0,0,0,0,0,0,54,805,0,205,0,0
330285,Reconnecting,0,0,0,0,0,0,54,805,0,205,0,0
330539,Reconnecting,0,0,0,0,0,0,54,805,0,205,0,0
330791,Reconnecting,0,0,0,0,0,0,54,805,0,205,0,0
331045,Reconnecting,0,0,0,0,0,0,54,805,0,205,0,0
331297,Reconnecting,0,0,0,0,0,0,54,805,0,205,0,0
331549,Reconnecting,0,0,0,0,0,0,54,805,0,205,0,0
331753,Reconnecting,0,0,0,0,0,0,54,805,0,205,0,0
332005,Reconnecting,0,0,0,0,0,0,54,805,0,205,0,0
332258,Reconnecting,0,0,0,0,0,0,54,805,0,205,0,0
332513,Reconnecting,0,0,0,0,0,0,55,805,0,205,0,0
332766,Reconnecting,0,0,0,0,0,0,55,805,0,205,0,0
333019,Reconnecting,0,0,0,0,0,0,55,805,0,205,0,0
333271,Reconnecting,0,0,0,0,0,0,55,805,0,205,0,0
333524,Reconnecting,0,0,0,0,0,0,55,810,0,205,0,0
333777,Reconnecting,0,0,0,0,0,0,55,820,0,205,0,0
334031,Reconnecting,0,0,0,0,0,0,55,820,0,205,0,0
334284,Reconnecting,0,0,0,0,0,0,55,820,0,205,0,0
334537,Reconnecting,0,0,0,0,0,0,55,820,0,205,0,0
334789,Reconnecting,0,0,0,0,0,0,55,820,0,205,0,0
335041,Reconnecting,0,0,0,0,0,0,55,820,0,205,0,0
335294,Reconnecting,0,0,0,0,0,0,55,820,0,205,0,0
335547,Reconnecting,0,0,0,0,0,0,55,820,0,205,0,0
335799,Reconnecting,0,0,0,0,0,0,55,820,0,205,0,0
336001,Reconnecting,0,0,0,0,0,0,55,820,0,205,0,0
336254,Reconnecting,0,0,0,0,0,0,55,820,0,205,0,0
336506,Reconnecting,0,0,0,0,0,0,55,820,0,205,0,0
336760,Reconnecting,0,0,0,0,0,0,55,820,0,205,0,0
337012,Reconnecting,0,0,0,0,0,0,55,820,0,205,0,0
337264,Reconnecting,0,0,0,0,0,0,55,820,0,205,0,0
337517,Reconnecting,0,0,0,0,0,0,55,820,0,205,0,0
337771,Reconnecting,0,0,0,0,0,0,55,820,0,205,0,0
338025,Reconnecting,0,0,0,0,0,0,55,820,0,205,0,0
338277,Reconnecting,0,0,0,0,0,0,55,820,0,205,0,0
338529,Reconnecting,0,0,0,0,0,0,55,820,0,205,0,0
338780,Reconnecting,0,0,0,0,0,0,56,820,0,205,0,0
339033,Reconnecting,0,0,0,0,0,0,56,820,0,205,0,0
339286,Reconnecting,0,0,0,0,0,0,56,820,0,205,0,0
339538,Reconnecting,0,0,0,0,0,0,56,823,0,205,0,0
339790,Reconnecting,0,0,0,0,0,0,56,835,0,205,0,0
340044,Reconnecting,0,0,0,0,0,0,56,835,0,205,0,0
340297,Reconnecting,0,0,0,0,0,0,56,835,0,205,0,0
340549,Reconnecting,0,0,0,0,0,0,56,835,0,205,0,0
340751,Reconnecting,0,0,0,0,0,0,56,835,0,205,0,0
341003,Reconnecting,0,0,0,0,0,0,56,835,0,205,0,0
341256,Reconnecting,0,0,0,0,0,0,56,835,0,205,0,0
341508,Reconnecting,0,0,0,0,0,0,56,835,0,205,0,0
341760,Reconnecting,0,0,0,0,0,0,56,835,0,205,0,0
342016,Reconnecting,0,0,0,0,0,0,56,835,0,205,0,0
342268,Reconnecting,0,0,0,0,0,0,56,835,0,205,0,0
342522,Reconnecting,0,0,0,0,0,0,56,835,0,205,0,0
342774,Reconnecting,0,0,0,0,0,0,56,835,0,205,0,0
343027,Reconnecting,0,0,0,0,0,0,56,835,0,205,0,0
343281,Reconnecting,0,0,0,0,0,0,56,835,0,205,0,0
343534,Reconnecting,0,0,0,0,0,0,56,835,0,205,0,0
343787,Reconnecting,0,0,0,0,0,0,56,835,0,205,0,0
344041,Reconnecting,0,0,0,0,0,0,56,835,0,205,0,0
344296,Reconnecting,0,0,0,0,0,0,56,835,0,205,0,0
344548,Reconnecting,0,0,0,0,0,0,56,835,0,205,0,0
344750,Reconnecting,0,0,0,0,0,0,56,835,0,205,0,0
345004,Reconnecting,0,0,0,0,0,0,57,835,0,205,0,0
345257,Reconnecting,0,0,0,0,0,0,57,835,0,205,0,0
345511,Reconnecting,0,0,0,0,0,0,57,835,0,205,0,0
345764,Reconnecting,0,0,0,0,0,0,57,840,0,205,0,0
346016,Reconnecting,0,0,0,0,0,0,57,850,0,205,0,0
346270,Reconnecting,0,0,0,0,0,0,57,850,0,205,0,0
346523,Reconnecting,0,0,0,0,0,0,57,850,0,205,0,0
346775,Reconnecting,0,0,0,0,0,0,57,850,0,205,0,0
347028,Reconnecting,0,0,0,0,0,0,57,850,0,205,0,0
347281,Reconnecting,0,0,0,0,0,0,57,850,0,205,0,0
347535,Reconnecting,0,0,0,0,0,0,57,850,0,205,0,0
347787,Reconnecting,0,0,0,0,0,0,57,850,0,205,0,0
348039,Reconnecting,0,0,0,0,0,0,57,850,0,205,0,0
348293,Reconnecting,0,0,0,0,0,0,57,850,0,205,0,0
348546,Reconnecting,0,0,0,0,0,0,57,850,0,205,0,0
348799,Reconnecting,0,0,0,0,0,0,57,850,0,205,0,0
349000,Reconnecting,0,0,0,0,0,0,57,850,0,205,0,0
349253,Reconnecting,0,0,0,0,0,0,57,850,0,205,0,0
349505,Reconnecting,0,0,0,0,0,0,57,850,0,205,0,0
349757,Reconnecting,0,0,0,0,0,0,57,850,0,205,0,0
350010,Reconnecting,0,0,0,0,0,0,57,850,0,205,0,0
350264,Reconnecting,0,0,0,0,0,0,57,850,0,205,0,0
350516,Reconnecting,0,0,0,0,0,0,57,850,0,205,0,0
350769,Reconnecting,0,0,0,0,0,0,57,850,0,205,0,0
351022,Reconnecting,0,0,0,0,0,0,58,850,0,205,0,0
351274,Reconnecting,0,0,0,0,0,0,58,850,0,205,0,0
351527,Reconnecting,0,0,0,0,0,0,58,850,0,205,0,0
351779,Reconnecting,0,0,0,0,0,0,58,850,0,205,0,0
352032,Reconnecting,0,0,0,0,0,0,58,855,0,205,0,0
352285,Reconnecting,0,0,0,0,0,0,58,865,0,205,0,0
352537,Reconnecting,0,0,0,0,0,0,58,865,0,205,0,0
352790,Reconnecting,0,0,0,0,0,0,58,865,0,205,0,0
353044,Reconnecting,0,0,0,0,0,0,58,865,0,205,0,0
353297,Reconnecting,0,0,0,0,0,0,58,865,0,205,0,0
353501,Reconnecting,0,0,0,0,0,0,58,865,0,205,0,0
353754,Reconnecting,0,0,0,0,0,0,58,865,0,205,0,0
354006,Reconnecting,0,0,0,0,0,0,58,865,0,205,0,0
354259,Reconnecting,0,0,0,0,0,0,58,865,0,205,0,0
354511,Reconnecting,0,0,0,0,0,0,58,865,0,205,0,0
354764,Reconnecting,0,0,0,0,0,0,58,865,0,205,0,0
355016,Reconnecting,0,0,0,0,0,0,58,865,0,205,0,0
355269,Reconnecting,0,0,0,0,0,0,58,865,0,205,0,0
355523,Reconnecting,0,0,0,0,0,0,58,865,0,205,0,0
355776,Reconnecting,0,0,0,0,0,0,58,865,0,205,0,0
356029,Reconnecting,0,0,0,0,0,0,58,865,0,205,0,0
356283,Reconnecting,0,0,0,0,0,0,58,865,0,205,0,0
356536,Reconnecting,0,0,0,0,0,0,58,865,0,205,0,0
356787,Reconnecting,0,0,0,0,0,0,58,865,0,205,0,0
357042,Reconnecting,0,0,0,0,0,0,58,865,0,205,0,0
357295,Reconnecting,0,0,0,0,0,0,59,865,0,205,0,0
357549,Reconnecting,0,0,0,0,0,0,59,865,0,205,0,0
357752,Reconnecting,0,0,0,0,0,0,59,865,0,205,0,0
358004,Reconnecting,0,0,0,0,0,0,59,865,0,205,0,0
358256,Reconnecting,0,0,0,0,0,0,59,880,0,205,0,0
358509,Reconnecting,0,0,0,0,0,0,59,880,0,205,0,0
358763,Reconnecting,0,0,0,0,0,0,59,880,0,205,0,0
359015,Reconnecting,0,0,0,0,0,0,59,880,0,205,0,0
359268,Reconnecting,0,0,0,0,0,0,59,880,0,205,0,0
359521,Reconnecting,0,0,0,0,0,0,59,880,0,205,0,0
359775,Reconnecting,0,0,0,0,0,0,59,880,0,205,0,0
360027,Reconnecting,0,0,0,0,0,0,59,880,0,205,0,0
360279,Reconnecting,0,0,0,0,0,0,59,880,0,205,0,0
360532,Reconnecting,0,0,0,0,0,0,59,880,0,205,0,0
360786,Reconnecting,0,0,0,0,0,0,59,880,0,205,0,0
361038,Reconnecting,0,0,0,0,0,0,59,880,0,205,0,0
361291,Reconnecting,0,0,0,0,0,0,59,880,0,205,0,0
361545,Reconnecting,0,0,0,0,0,0,59,880,0,205,0,0
361799,Reconnecting,0,0,0,0,0,0,59,880,0,205,0,0
362001,Reconnecting,0,0,0,0,0,0,59,880,0,205,0,0
362255,Reconnecting,0,0,0,0,0,0,59,880,0,205,0,0
362507,Reconnecting,0,0,0,0,0,0,59,880,0,205,0,0
362761,Reconnecting,0,0,0,0,0,0,59,880,0,205,0,0
363014,Reconnecting,0,0,0,0,0,0,59,880,0,205,0,0
363266,Reconnecting,0,0,0,0,0,0,59,880,0,205,0,0
363520,Reconnecting,0,0,0,0,0,0,60,880,0,205,0,0
363774,Reconnecting,0,0,0,0,0,0,60,880,0,205,0,0
364028,Reconnecting,0,0,0,0,0,0,60,880,0,205,0,0
364282,Reconnecting,0,0,0,0,0,0,60,885,0,205,0,0
364535,Reconnecting,0,0,0,0,0,0,60,895,0,205,0,0
364787,Reconnecting,0,0,0,0,0,0,60,895,0,205,0,0
365039,Reconnecting,0,0,0,0,0,0,60,895,0,205,0,0
365292,Reconnecting,0,0,0,0,0,0,60,895,0,205,0,0
365544,Reconnecting,0,0,0,0,0,0,60,895,0,205,0,0
365797,Reconnecting,0,0,0,0,0,0,60,895,0,205,0,0
366000,Reconnecting,0,0,0,0,0,0,60,895,0,205,0,0
366252,Reconnecting,0,0,0,0,0,0,60,895,0,205,0,0
366505,Reconnecting,0,0,0,0,0,0,60,895,0,205,0,0
366758,Reconnecting,0,0,0,0,0,0,60,895,0,205,0,0
367012,Reconnecting,0,0,0,0,0,0,60,895,0,205,0,0
367265,Reconnecting,0,0,0,0,0,0,60,895,0,205,0,0
367518,Reconnecting,0,0,0,0,0,0,60,895,0,205,0,0
367771,Reconnecting,0,0,0,0,0,0,60,895,0,205,0,0
368024,Reconnecting,0,0,0,0,0,0,60,895,0,205,0,0
368277,Reconnecting,0,0,0,0,0,0,60,895,0,205,0,0
368529,Reconnecting,0,0,0,0,0,0,60,895,0,205,0,0
368783,Reconnecting,0,0,0,0,0,0,60,895,0,205,0,0
369036,Reconnecting,0,0,0,0,0,0,60,895,0,205,0,0
369291,Reconnecting,0,0,0,0,0,0,60,895,0,205,0,0
369543,Reconnecting,0,0,0,0,0,0,61,895,0,205,0,0
369796,Reconnecting,0,0,0,0,0,0,61,895,0,205,0,0
370048,Reconnecting,0,0,0,0,0,0,61,895,0,205,0,0
370250,Reconnecting,0,0,0,0,0,0,61,895,0,205,0,0
370502,Reconnecting,0,0,0,0,0,0,61,900,0,205,0,0
370755,Reconnecting,0,0,0,0,0,0,61,909,0,205,0,0
371007,Reconnecting,0,0,0,0,0,0,61,909,0,205,0,0
371260,Reconnecting,0,0,0,0,0,0,61,909,0,205,0,0
371513,Reconnecting,0,0,0,0,0,0,61,909,0,205,0,0
371766,Reconnecting,0,0,0,0,0,0,61,909,0,205,0,0
372018,Reconnecting,0,0,0,0,0,0,61,909,0,205,0,0
372271,Reconnecting,0,0,0,0,0,0,61,909,0,205,0,0
372525,Reconnecting,0,0,0,0,0,0,61,909,0,205,0,0
372778,Reconnecting,0,0,0,0,0,0,61,909,0,205,0,0
373031,Reconnecting,0,0,0,0,0,0,61,909,0,205,0,0
373285,Reconnecting,0,0,0,0,0,0,61,909,0,205,0,0
373536,Reconnecting,0,0,0,0,0,0,61,909,0,205,0,0
373790,Reconnecting,0,0,0,0,0,0,61,909,0,205,0,0
374043,Reconnecting,0,0,0,0,0,0,61,909,0,205,0,0
374296,Reconnecting,0,0,0,0,0,0,61,909,0,205,0,0
374548,Reconnecting,0,0,0,0,0,0,61,909,0,205,0,0
374750,Reconnecting,0,0,0,0,0,0,61,909,0,205,0,0
375005,Reconnecting,0,0,0,0,0,0,61,909,0,205,0,0
375257,Reconnecting,0,0,0,0,0,0,61,909,0,205,0,0
375511,Reconnecting,0,0,0,0,0,0,61,909,0,205,0,0
375762,Reconnecting,0,0,0,0,0,0,62,909,0,205,0,0
376015,Reconnecting,0,0,0,0,0,0,62,909,0,205,0,0
376268,Reconnecting,0,0,0,0,0,0,62,909,0,205,0,0
376521,Reconnecting,0,0,0,0,0,0,62,912,0,205,0,0
376774,Reconnecting,0,0,0,0,0,0,62,924,0,205,0,0
377027,Reconnecting,0,0,0,0,0,0,62,924,0,205,0,0
377280,Reconnecting,0,0,0,0,0,0,62,924,0,205,0,0
377535,Reconnecting,0,0,0,0,0,0,62,924,0,205,0,0
377787,Reconnecting,0,0,0,0,0,0,62,924,0,205,0,0
378040,Reconnecting,0,0,0,0,0,0,62,924,0,205,0,0
378293,Reconnecting,0,0,0,0,0,0,62,924,0,205,0,0
378546,Reconnecting,0,0,0,0,0,0,62,924,0,205,0,0
378799,Reconnecting,0,0,0,0,0,0,62,924,0,205,0,0
379002,Reconnecting,0,0,0,0,0,0,62,924,0,205,0,0
379254,Reconnecting,0,0,0,0,0,0,62,924,0,205,0,0
379507,Reconnecting,0,0,0,0,0,0,62,924,0,205,0,0
379759,Reconnecting,0,0,0,0,0,0,62,924,0,205,0,0
380013,Reconnecting,0,0,0,0,0,0,62,924,0,205,0,0
380265,Reconnecting,0,0,0,0,0,0,62,924,0,205,0,0
380518,Reconnecting,0,0,0,0,0,0,62,924,0,205,0,0
380770,Reconnecting,0,0,0,0,0,0,62,924,0,205,0,0
381023,Reconnecting,0,0,0,0,0,0,62,924,0,205,0,0
381277,Reconnecting,0,0,0,0,0,0,62,924,0,205,0,0
381530,Reconnecting,0,0,0,0,0,0,62,924,0,205,0,0
381783,Reconnecting,0,0,0,0,0,0,63,924,0,205,0,0
382035,Reconnecting,0,0,0,0,0,0,63,924,0,205,0,0
382288,Reconnecting,0,0,0,0,0,0,63,924,0,205,0,0
382540,Reconnecting,0,0,0,0,0,0,63,924,0,205,0,0
382794,Reconnecting,0,0,0,0,0,0,63,929,0,205,0,0
383046,Reconnecting,0,0,0,0,0,0,63,939,0,205,0,0
383300,Reconnecting,0,0,0,0,0,0,63,939,0,205,0,0
383503,Reconnecting,0,0,0,0,0,0,63,939,0,205,0,0
383756,Reconnecting,0,0,0,0,0,0,63,939,0,205,0,0
384009,Reconnecting,0,0,0,0,0,0,63,939,0,205,0,0
384261,Reconnecting,0,0,0,0,0,0,63,939,0,205,0,0
384515,Reconnecting,0,0,0,0,0,0,63,939,0,205,0,0
384768,Reconnecting,0,0,0,0,0,0,63,939,0,205,0,0
385020,Reconnecting,0,0,0,0,0,0,63,939,0,205,0,0
385273,Reconnecting,0,0,0,0,0,0,63,939,0,205,0,0
385527,Reconnecting,0,0,0,0,0,0,63,939,0,205,0,0
385781,Reconnecting,0,0,0,0,0,0,63,939,0,205,0,0
386036,Reconnecting,0,0,0,0,0,0,63,939,0,205,0,0
386288,Reconnecting,0,0,0,0,0,0,63,939,0,205,0,0
386540,Reconnecting,0,0,0,0,0,0,63,939,0,205,0,0
386793,Reconnecting,0,0,0,0,0,0,63,939,0,205,0,0
387047,Reconnecting,0,0,0,0,0,0,63,939,0,205,0,0
387250,Reconnecting,0,0,0,0,0,0,63,939,0,205,0,0
387502,Reconnecting,0,0,0,0,0,0,63,939,0,205,0,0
387756,Reconnecting,0,0,0,0,0,0,63,939,0,205,0,0
388009,Reconnecting,0,0,0,0,0,0,64,939,0,205,0,0
388262,Reconnecting,0,0,0,0,0,0,64,939,0,205,0,0
388514,Reconnecting,0,0,0,0,0,0,64,939,0,205,0,0
388766,Reconnecting,0,0,0,0,0,0,64,939,0,205,0,0
389019,Reconnecting,0,0,0,0,0,0,64,944,0,205,0,0
389271,Reconnecting,0,0,0,0,0,0,64,954,0,205,0,0
389524,Reconnecting,0,0,0,0,0,0,64,954,0,205,0,0
389777,Reconnecting,0,0,0,0,0,0,64,954,0,205,0,0
390030,Reconnecting,0,0,0,0,0,0,64,954,0,205,0,0
390284,Reconnecting,0,0,0,0,0,0,64,954,0,205,0,0
390537,Reconnecting,0,0,0,0,0,0,64,954,0,205,0,0
390789,Reconnecting,0,0,0,0,0,0,64,954,0,205,0,0
391043,Reconnecting,0,0,0,0,0,0,64,954,0,205,0,0
391295,Reconnecting,0,0,0,0,0,0,64,954,0,205,0,0
391547,Reconnecting,0,0,0,0,0,0,64,954,0,205,0,0
391801,Reconnecting,0,0,0,0,0,0,64,954,0,205,0,0
392004,Reconnecting,0,0,0,0,0,0,64,954,0,205,0,0
392257,Reconnecting,0,0,0,0,0,0,64,954,0,205,0,0
392510,Reconnecting,0,0,0,0,0,0,64,954,0,205,0,0
392763,Reconnecting,0,0,0,0,0,0,64,954,0,205,0,0
393015,Reconnecting,0,0,0,0,0,0,64,954,0,205,0,0
393268,Reconnecting,0,0,0,0,0,0,64,954,0,205,0,0
393521,Reconnecting,0,0,0,0,0,0,64,954,0,205,0,0
393774,Reconnecting,0,0,0,0,0,0,64,954,0,205,0,0
394026,Reconnecting,0,0,0,0,0,0,64,954,0,205,0,0
394280,Reconnecting,0,0,0,0,0,0,65,954,0,205,0,0
394533,Reconnecting,0,0,0,0,0,0,65,954,0,205,0,0
394786,Reconnecting,0,0,0,0,0,0,65,954,0,205,0,0
395038,Reconnecting,0,0,0,0,0,0,65,959,0,205,0,0
395292,Reconnecting,0,0,0,0,0,0,65,969,0,205,0,0
395545,Reconnecting,0,0,0,0,0,0,65,969,0,205,0,0
395798,Reconnecting,0,0,0,0,0,0,65,969,0,205,0,0
396001,Reconnecting,0,0,0,0,0,0,65,969,0,205,0,0
396256,Reconnecting,0,0,0,0,0,0,65,969,0,205,0,0
396509,Reconnecting,0,0,0,0,0,0,65,969,0,205,0,0
396763,Reconnecting,0,0,0,0,0,0,65,969,0,205,0,0
397016,Reconnecting,0,0,0,0,0,0,65,969,0,205,0,0
397269,Reconnecting,0,0,0,0,0,0,65,969,0,205,0,0
397522,Reconnecting,0,0,0,0,0,0,65,969,0,205,0,0
397775,Reconnecting,0,0,0,0,0,0,65,969,0,205,0,0
398028,Reconnecting,0,0,0,0,0,0,65,969,0,205,0,0
398279,Reconnecting,0,0,0,0,0,0,65,969,0,205,0,0
398533,Reconnecting,0,0,0,0,0,0,65,969,0,205,0,0
398796,Reconnecting,0,0,0,0,0,0,65,969,0,205,0,0
399003,Reconnecting,0,0,0,0,0,0,65,969,0,205,0,0
399256,Reconnecting,0,0,0,0,0,0,65,969,0,205,0,0
399511,Reconnecting,0,0,0,0,0,0,65,969,0,205,0,0
399764,Reconnecting,0,0,0,0,0,0,65,969,0,205,0,0
400017,Reconnecting,0,0,0,0,0,0,65,969,0,205,0,0
400270,Reconnecting,0,0,0,0,0,0,66,969,0,205,0,0
400523,Reconnecting,0,0,0,0,0,0,66,969,0,205,0,0
400778,Reconnecting,0,0,0,0,0,0,66,969,0,205,0,0
401030,Reconnecting,0,0,0,0,0,0,66,969,0,205,0,0
401284,Reconnecting,0,0,0,0,0,0,66,974,0,205,0,0
401536,Reconnecting,0,0,0,0,0,0,66,984,0,205,0,0
401789,Reconnecting,0,0,0,0,0,0,66,984,0,205,0,0
402042,Reconnecting,0,0,0,0,0,0,66,984,0,205,0,0
402294,Reconnecting,0,0,0,0,0,0,66,984,0,205,0,0
402547,Reconnecting,0,0,0,0,0,0,66,984,0,205,0,0
402799,Reconnecting,0,0,0,0,0,0,66,984,0,205,0,0
403002,Reconnecting,0,0,0,0,0,0,66,984,0,205,0,0
403255,Reconnecting,0,0,0,0,0,0,66,984,0,205,0,0
403506,Reconnecting,0,0,0,0,0,0,66,984,0,205,0,0
403759,Reconnecting,0,0,0,0,0,0,66,984,0,205,0,0
404013,Reconnecting,0,0,0,0,0,0,66,984,0,205,0,0
404264,Reconnecting,0,0,0,0,0,0,66,984,0,205,0,0
404516,Reconnecting,0,0,0,0,0,0,66,984,0,205,0,0
404768,Reconnecting,0,0,0,0,0,0,66,984,0,205,0,0
405021,Reconnecting,0,0,0,0,0,0,66,984,0,205,0,0
405274,Reconnecting,0,0,0,0,0,0,66,984,0,205,0,0
405526,Reconnecting,0,0,0,0,0,0,66,984,0,205,0,0
405780,Reconnecting,0,0,0,0,0,0,66,984,0,205,0,0
406033,Reconnecting,0,0,0,0,0,0,66,984,0,205,0,0
406286,Reconnecting,0,0,0,0,0,0,66,984,0,205,0,0
406539,Reconnecting,0,0,0,0,0,0,67,984,0,205,0,0
406793,Reconnecting,0,0,0,0,0,0,67,984,0,205,0,0
407045,Reconnecting,0,0,0,0,0,0,67,984,0,205,0,0
407297,Reconnecting,0,0,0,0,0,0,67,989,0,205,0,0
407550,Reconnecting,0,0,0,0,0,0,67,999,0,205,0,0
407753,Reconnecting,0,0,0,0,0,0,67,999,0,205,0,0
408006,Reconnecting,0,0,0,0,0,0,67,999,0,205,0,0
408261,Reconnecting,0,0,0,0,0,0,67,999,0,205,0,0
408514,Reconnecting,0,0,0,0,0,0,67,999,0,205,0,0
408768,Reconnecting,0,0,0,0,0,0,67,999,0,205,0,0
409022,Reconnecting,0,0,0,0,0,0,67,999,0,205,0,0
409276,Reconnecting,0,0,0,0,0,0,67,999,0,205,0,0
409529,Reconnecting,0,0,0,0,0,0,67,999,0,205,0,0
409783,Reconnecting,0,0,0,0,0,0,67,999,0,205,0,0
410036,Reconnecting,0,0,0,0,0,0,67,999,0,205,0,0
410289,Reconnecting,0,0,0,0,0,0,67,999,0,205,0,0
410541,Reconnecting,0,0,0,0,0,0,67,999,0,205,0,0
410795,Reconnecting,0,0,0,0,0,0,67,999,0,205,0,0
411047,Reconnecting,0,0,0,0,0,0,67,999,0,205,0,0
411299,Reconnecting,0,0,0,0,0,0,67,999,0,205,0,0
411503,Reconnecting,0,0,0,0,0,0,67,999,0,205,0,0
411755,Reconnecting,0,0,0,0,0,0,67,999,0,205,0,0
412008,Reconnecting,0,0,0,0,0,0,67,999,0,205,0,0
412262,Reconnecting,0,0,0,0,0,0,67,999,0,205,0,0
412513,Reconnecting,0,0,0,0,0,0,68,999,0,205,0,0
412766,Reconnecting,0,0,0,0,0,0,68,999,0,205,0,0
413019,Reconnecting,0,0,0,0,0,0,68,999,0,205,0,0
413273,Reconnecting,0,0,0,0,0,0,68,999,0,205,0,0
413525,Reconnecting,0,0,0,0,0,0,68,1004,0,205,0,0
413778,Reconnecting,0,0,0,0,0,0,68,1014,0,205,0,0
414031,Reconnecting,0,0,0,0,0,0,68,1014,0,205,0,0
414284,Reconnecting,0,0,0,0,0,0,68,1014,0,205,0,0
414535,Reconnecting,0,0,0,0,0,0,68,1014,0,205,0,0
414787,Reconnecting,0,0,0,0,0,0,68,1014,0,205,0,0
415039,Reconnecting,0,0,0,0,0,0,68,1014,0,205,0,0
415293,Reconnecting,0,0,0,0,0,0,68,1014,0,205,0,0
415546,Reconnecting,0,0,0,0,0,0,68,1014,0,205,0,0
415799,Reconnecting,0,0,0,0,0,0,68,1014,0,205,0,0
416001,Reconnecting,0,0,0,0,0,0,68,1014,0,205,0,0
416253,Reconnecting,0,0,0,0,0,0,68,1014,0,205,0,0
416505,Reconnecting,0,0,0,0,0,0,68,1014,0,205,0,0
416758,Reconnecting,0,0,0,0,0,0,68,1014,0,205,0,0
417012,Reconnecting,0,0,0,0,0,0,68,1014,0,205,0,0
417265,Reconnecting,0,0,0,0,0,0,68,1014,0,205,0,0
417519,Reconnecting,0,0,0,0,0,0,68,1014,0,205,0,0
417773,Reconnecting,0,0,0,0,0,0,68,1014,0,205,0,0
418025,Reconnecting,0,0,0,0,0,0,68,1014,0,205,0,0
418279,Reconnecting,0,0,0,0,0,0,68,1014,0,205,0,0
418532,Reconnecting,0,0,0,0,0,0,68,1014,0,205,0,0
418786,Reconnecting,0,0,0,0,0,0,69,1014,0,205,0,0
419038,Reconnecting,0,0,0,0,0,0,69,1014,0,205,0,0
419292,Reconnecting,0,0,0,0,0,0,69,1014,0,205,0,0
419544,Reconnecting,0,0,0,0,0,0,69,1014,0,205,0,0
419798,Reconnecting,0,0,0,0,0,0,69,1029,0,205,0,0
420000,Reconnecting,0,0,0,0,0,0,69,1029,0,205,0,0
420255,Reconnecting,0,0,0,0,0,0,69,1029,0,205,0,0
420507,Reconnecting,0,0,0,0,0,0,69,1029,0,205,0,0
420760,Reconnecting,0,0,0,0,0,0,69,1029,0,205,0,0
421013,Reconnecting,0,0,0,0,0,0,69,1029,0,205,0,0
421265,Reconnecting,0,0,0,0,0,0,69,1029,0,205,0,0
421518,Reconnecting,0,0,0,0,0,0,69,1029,0,205,0,0
421770,Reconnecting,0,0,0,0,0,0,69,1029,0,205,0,0
422023,Reconnecting,0,0,0,0,0,0,69,1029,0,205,0,0
422276,Reconnecting,0,0,0,0,0,0,69,1029,0,205,0,0
422528,Reconnecting,0,0,0,0,0,0,69,1029,0,205,0,0
422781,Reconnecting,0,0,0,0,0,0,69,1029,0,205,0,0
423036,Reconnecting,0,0,0,0,0,0,69,1029,0,205,0,0
423289,Reconnecting,0,0,0,0,0,0,69,1029,0,205,0,0
423543,Reconnecting,0,0,0,0,0,0,69,1029,0,205,0,0
423797,Reconnecting,0,0,0,0,0,0,69,1029,0,205,0,0
424001,Reconnecting,0,0,0,0,0,0,69,1029,0,205,0,0
424254,Reconnecting,0,0,0,0,0,0,69,1029,0,205,0,0
424507,Reconnecting,0,0,0,0,0,0,69,1029,0,205,0,0
424759,Reconnecting,0,0,0,0,0,0,69,1029,0,205,0,0
425013,Reconnecting,0,0,0,0,0,0,70,1029,0,205,0,0
425266,Reconnecting,0,0,0,0,0,0,70,1029,0,205,0,0
425519,Reconnecting,0,0,0,0,0,0,70,1029,0,205,0,0
425774,Reconnecting,0,0,0,0,0,0,70,1034,0,205,0,0
426026,Reconnecting,0,0,0,0,0,0,70,1044,0,205,0,0
426278,Reconnecting,0,0,0,0,0,0,70,1044,0,205,0,0
426531,Reconnecting,0,0,0,0,0,0,70,1044,0,205,0,0
426784,Reconnecting,0,0,0,0,0,0,70,1044,0,205,0,0
427036,Reconnecting,0,0,0,0,0,0,70,1044,0,205,0,0
427289,Reconnecting,0,0,0,0,0,0,70,1044,0,205,0,0
427542,Reconnecting,0,0,0,0,0,0,70,1044,0,205,0,0
427796,Reconnecting,0,0,0,0,0,0,70,1044,0,205,0,0
428048,Reconnecting,0,0,0,0,0,0,70,1044,0,205,0,0
428251,Reconnecting,0,0,0,0,0,0,70,1044,0,205,0,0
428503,Reconnecting,0,0,0,0,0,0,70,1044,0,205,0,0
428756,Reconnecting,0,0,0,0,0,0,70,1044,0,205,0,0
429008,Reconnecting,0,0,0,0,0,0,70,1044,0,205,0,0
429260,Reconnecting,0,0,0,0,0,0,70,1044,0,205,0,0
429512,Reconnecting,0,0,0,0,0,0,70,1044,0,205,0,0
429765,Reconnecting,0,0,0,0,0,0,70,1044,0,205,0,0
430018,Reconnecting,0,0,0,0,0,0,70,1044,0,205,0,0
430271,Reconnecting,0,0,0,0,0,0,70,1044,0,205,0,0
430525,Reconnecting,0,0,0,0,0,0,70,1044,0,205,0,0
430778,Reconnecting,0,0,0,0,0,0,70,1044,0,205,0,0
431030,Reconnecting,0,0,0,0,0,0,71,1044,0,205,0,0
431282,Reconnecting,0,0,0,0,0,0,71,1044,0,205,0,0
431534,Reconnecting,0,0,0,0,0,0,71,1044,0,205,0,0
431785,Reconnecting,0,0,0,0,0,0,71,1044,0,205,0,0
432038,Reconnecting,0,0,0,0,0,0,71,1059,0,205,0,0
432291,Reconnecting,0,0,0,0,0,0,71,1059,0,205,0,0
432544,Reconnecting,0,0,0,0,0,0,71,1059,0,205,0,0
432798,Reconnecting,0,0,0,0,0,0,71,1059,0,205,0,0
433002,Reconnecting,0,0,0,0,0,0,71,1059,0,205,0,0
433254,Reconnecting,0,0,0,0,0,0,71,1059,0,205,0,0
433507,Reconnecting,0,0,0,0,0,0,71,1059,0,205,0,0
433761,Reconnecting,0,0,0,0,0,0,71,1059,0,205,0,0
434015,Reconnecting,0,0,0,0,0,0,71,1059,0,205,0,0
434268,Reconnecting,0,0,0,0,0,0,71,1059,0,205,0,0
434522,Reconnecting,0,0,0,0,0,0,71,1059,0,205,0,0
434775,Reconnecting,0,0,0,0,0,0,71,1059,0,205,0,0
435027,Reconnecting,0,0,0,0,0,0,71,1059,0,205,0,0
435280,Reconnecting,0,0,0,0,0,0,71,1059,0,205,0,0
435534,Reconnecting,0,0,0,0,0,0,71,1059,0,205,0,0
435787,Reconnecting,0,0,0,0,0,0,71,1059,0,205,0,0
436041,Reconnecting,0,0,0,0,0,0,71,1059,0,205,0,0
436294,Reconnecting,0,0,0,0,0,0,71,1059,0,205,0,0
436546,Reconnecting,0,0,0,0,0,0,71,1059,0,205,0,0
436798,Reconnecting,0,0,0,0,0,0,71,1059,0,205,0,0
437000,Reconnecting,0,0,0,0,0,0,71,1059,0,205,0,0
437253,Reconnecting,0,0,0,0,0,0,72,1059,0,205,0,0
437506,Reconnecting,0,0,0,0,0,0,72,1059,0,205,0,0
437759,Reconnecting,0,0,0,0,0,0,72,1059,0,205,0,0
438012,Reconnecting,0,0,0,0,0,0,72,1064,0,205,0,0
438265,Reconnecting,0,0,0,0,0,0,72,1073,0,208,0,0
438518,Reconnecting,0,0,0,0,0,0,72,1073,0,208,0,0
438771,Reconnecting,0,0,0,0,0,0,72,1073,0,208,0,0
439024,Reconnecting,0,0,0,0,0,0,72,1073,0,208,0,0
439276,Reconnecting,0,0,0,0,0,0,72,1073,0,208,0,0
439529,Reconnecting,0,0,0,0,0,0,72,1073,0,208,0,0
439781,Reconnecting,0,0,0,0,0,0,72,1073,0,208,0,0
440036,Reconnecting,0,0,0,0,0,0,72,1073,0,208,0,0
440289,Reconnecting,0,0,0,0,0,0,72,1073,0,208,0,0
440542,Reconnecting,0,0,0,0,0,0,72,1073,0,208,0,0
440794,Reconnecting,0,0,0,0,0,0,72,1073,0,208,0,0
441046,Reconnecting,0,0,0,0,0,0,72,1073,0,208,0,0
441298,Reconnecting,0,0,0,0,0,0,72,1073,0,208,0,0
441501,Reconnecting,0,0,0,0,0,0,72,1073,0,208,0,0
441754,Reconnecting,0,0,0,0,0,0,72,1073,0,208,0,0
442006,Reconnecting,0,0,0,0,0,0,72,1073,0,208,0,0
442259,Reconnecting,0,0,0,0,0,0,72,1073,0,208,0,0
442511,Reconnecting,0,0,0,0,0,0,72,1073,0,208,0,0
442763,Reconnecting,0,0,0,0,0,0,72,1073,0,208,0,0
443017,Reconnecting,0,0,0,0,0,0,72,1073,0,208,0,0
443270,Reconnecting,0,0,0,0,0,0,73,1073,0,208,0,0
443522,Reconnecting,0,0,0,0,0,0,73,1073,0,208,0,0
443775,Reconnecting,0,0,0,0,0,0,73,1073,0,208,0,0
444028,Reconnecting,0,0,0,0,0,0,73,1073,0,208,0,0
444282,Reconnecting,0,0,0,0,0,0,73,1078,0,208,0,0
444534,Reconnecting,0,0,0,0,0,0,73,1088,0,208,0,0
444788,Reconnecting,0,0,0,0,0,0,73,1088,0,208,0,0
445041,Reconnecting,0,0,0,0,0,0,73,1088,0,208,0,0
445293,Reconnecting,0,0,0,0,0,0,73,1088,0,208,0,0
445545,Reconnecting,0,0,0,0,0,0,73,1088,0,208,0,0
445799,Reconnecting,0,0,0,0,0,0,73,1088,0,208,0,0
446002,Reconnecting,0,0,0,0,0,0,73,1088,0,208,0,0
446254,Reconnecting,0,0,0,0,0,0,73,1088,0,208,0,0
446507,Reconnecting,0,0,0,0,0,0,73,1088,0,208,0,0
446759,Reconnecting,0,0,0,0,0,0,73,1088,0,208,0,0
447013,Reconnecting,0,0,0,0,0,0,73,1088,0,208,0,0
447265,Reconnecting,0,0,0,0,0,0,73,1088,0,208,0,0
447517,Reconnecting,0,0,0,0,0,0,73,1088,0,208,0,0
447769,Reconnecting,0,0,0,0,0,0,73,1088,0,208,0,0
448022,Reconnecting,0,0,0,0,0,0,73,1088,0,208,0,0
448275,Reconnecting,0,0,0,0,0,0,73,1088,0,208,0,0
448528,Reconnecting,0,0,0,0,0,0,73,1088,0,208,0,0
448783,Reconnecting,0,0,0,0,0,0,73,1088,0,208,0,0
449035,Reconnecting,0,0,0,0,0,0,73,1088,0,208,0,0
449288,Reconnecting,0,0,0,0,0,0,73,1088,0,208,0,0
449541,Reconnecting,0,0,0,0,0,0,74,1088,0,208,0,0
449795,Reconnecting,0,0,0,0,0,0,74,1088,0,208,0,0
450047,Reconnecting,0,0,0,0,0,0,74,1088,0,208,0,0
450299,Reconnecting,0,0,0,0,0,0,74,1088,0,208,0,0
450501,Reconnecting,0,0,0,0,0,0,74,1093,0,208,0,0
450756,Reconnecting,0,0,0,0,0,0,74,1103,0,220,0,0
451009,Reconnecting,0,0,0,0,0,0,74,1103,0,220,0,0
451262,Reconnecting,0,0,0,0,0,0,74,1103,0,220,0,0
451515,Reconnecting,0,0,0,0,0,0,74,1103,0,220,0,0
451768,Reconnecting,0,0,0,0,0,0,74,1103,0,220,0,0
452021,Reconnecting,0,0,0,0,0,0,74,1103,0,220,0,0
452274,Reconnecting,0,0,0,0,0,0,74,1103,0,220,0,0
452527,Reconnecting,0,0,0,0,0,0,74,1103,0,220,0,0
452779,Reconnecting,0,0,0,0,0,0,74,1103,0,220,0,0
453033,Reconnecting,0,0,0,0,0,0,74,1103,0,220,0,0
453286,Reconnecting,0,0,0,0,0,0,74,1103,0,220,0,0
453539,Reconnecting,0,0,0,0,0,0,74,1103,0,220,0,0
453792,Reconnecting,0,0,0,0,0,0,74,1103,0,220,0,0
454045,Reconnecting,0,0,0,0,0,0,74,1103,0,220,0,0
454297,Reconnecting,0,0,0,0,0,0,74,1103,0,220,0,0
454500,Reconnecting,0,0,0,0,0,0,74,1103,0,220,0,0
454752,Reconnecting,0,0,0,0,0,0,74,1103,0,220,0,0
455007,Reconnecting,0,0,0,0,0,0,74,1103,0,220,0,0
455261,Reconnecting,0,0,0,0,0,0,74,1103,0,220,0,0
455513,Reconnecting,0,0,0,0,0,0,74,1103,0,220,0,0
455766,Reconnecting,0,0,0,0,0,0,75,1103,0,220,0,0
456019,Reconnecting,0,0,0,0,0,0,75,1103,0,220,0,0
456273,Reconnecting,0,0,0,0,0,0,75,1103,0,220,0,0
456525,Reconnecting,0,0,0,0,0,0,75,1103,0,220,0,0
456778,Reconnecting,0,0,0,0,0,0,75,1118,0,220,0,0
457030,Reconnecting,0,0,0,0,0,0,75,1118,0,220,0,0
457284,Reconnecting,0,0,0,0,0,0,75,1118,0,220,0,0
457536,Reconnecting,0,0,0,0,0,0,75,1118,0,220,0,0
457788,Reconnecting,0,0,0,0,0,0,75,1118,0,220,0,0
458042,Reconnecting,0,0,0,0,0,0,75,1118,0,220,0,0
458295,Reconnecting,0,0,0,0,0,0,75,1118,0,220,0,0
458548,Reconnecting,0,0,0,0,0,0,75,1118,0,220,0,0
458750,Reconnecting,0,0,0,0,0,0,75,1118,0,220,0,0
459003,Reconnecting,0,0,0,0,0,0,75,1118,0,220,0,0
459256,Reconnecting,0,0,0,0,0,0,75,1118,0,220,0,0
459508,Reconnecting,0,0,0,0,0,0,75,1118,0,220,0,0
459760,Reconnecting,0,0,0,0,0,0,75,1118,0,220,0,0
460013,Reconnecting,0,0,0,0,0,0,75,1118,0,220,0,0
460266,Reconnecting,0,0,0,0,0,0,75,1118,0,220,0,0
460519,Reconnecting,0,0,0,0,0,0,75,1118,0,220,0,0
460773,Reconnecting,0,0,0,0,0,0,75,1118,0,220,0,0
461025,Reconnecting,0,0,0,0,0,0,75,1118,0,220,0,0
461279,Reconnecting,0,0,0,0,0,0,75,1118,0,220,0,0
461533,Reconnecting,0,0,0,0,0,0,75,1118,0,220,0,0
461786,Reconnecting,0,0,0,0,0,0,75,1118,0,220,0,0
462040,Reconnecting,0,0,0,0,0,0,76,1118,0,220,0,0
462293,Reconnecting,0,0,0,0,0,0,76,1118,0,220,0,0
462546,Reconnecting,0,0,0,0,0,0,76,1118,0,220,0,0
462798,Reconnecting,0,0,0,0,0,0,76,1123,0,220,0,0
463002,Reconnecting,0,0,0,0,0,0,76,1132,0,220,0,0
463255,Reconnecting,0,0,0,0,0,0,76,1132,0,220,0,0
463506,Reconnecting,0,0,0,0,0,0,76,1132,0,220,0,0
463760,Reconnecting,0,0,0,0,0,0,76,1132,0,220,0,0
464013,Reconnecting,0,0,0,0,0,0,76,1132,0,220,0,0
464266,Reconnecting,0,0,0,0,0,0,76,1132,0,220,0,0
464519,Reconnecting,0,0,0,0,0,0,76,1132,0,220,0,0
464774,Reconnecting,0,0,0,0,0,0,76,1132,0,220,0,0
465027,Reconnecting,0,0,0,0,0,0,76,1132,0,220,0,0
465282,Reconnecting,0,0,0,0,0,0,76,1132,0,220,0,0
465534,Reconnecting,0,0,0,0,0,0,76,1132,0,220,0,0
465787,Reconnecting,0,0,0,0,0,0,76,1132,0,220,0,0
466039,Reconnecting,0,0,0,0,0,0,76,1132,0,220,0,0
466292,Reconnecting,0,0,0,0,0,0,76,1132,0,220,0,0
466544,Reconnecting,0,0,0,0,0,0,76,1132,0,220,0,0
466798,Reconnecting,0,0,0,0,0,0,76,1132,0,220,0,0
467000,Reconnecting,0,0,0,0,0,0,76,1132,0,220,0,0
467253,Reconnecting,0,0,0,0,0,0,76,1132,0,220,0,0
467506,Reconnecting,0,0,0,0,0,0,76,1132,0,220,0,0
467758,Reconnecting,0,0,0,0,0,0,76,1132,0,220,0,0
468009,Reconnecting,0,0,0,0,0,0,77,1132,0,220,0,0
468262,Reconnecting,0,0,0,0,0,0,77,1132,0,220,0,0
468515,Reconnecting,0,0,0,0,0,0,77,1132,0,220,0,0
468768,Reconnecting,0,0,0,0,0,0,77,1132,0,220,0,0
469021,Reconnecting,0,0,0,0,0,0,77,1137,0,220,0,0
469274,Reconnecting,0,0,0,0,0,0,77,1147,0,220,0,0
469527,Reconnecting,0,0,0,0,0,0,77,1147,0,220,0,0
469779,Reconnecting,0,0,0,0,0,0,77,1147,0,220,0,0
470032,Reconnecting,0,0,0,0,0,0,77,1147,0,220,0,0
470285,Reconnecting,0,0,0,0,0,0,77,1147,0,220,0,0
470538,Reconnecting,0,0,0,0,0,0,77,1147,0,220,0,0
470793,Reconnecting,0,0,0,0,0,0,77,1147,0,220,0,0
471046,Reconnecting,0,0,0,0,0,0,77,1147,0,220,0,0
471298,Reconnecting,0,0,0,0,0,0,77,1147,0,220,0,0
471500,Reconnecting,0,0,0,0,0,0,77,1147,0,220,0,0
471753,Reconnecting,0,0,0,0,0,0,77,1147,0,220,0,0
472006,Reconnecting,0,0,0,0,0,0,77,1147,0,220,0,0
472258,Reconnecting,0,0,0,0,0,0,77,1147,0,220,0,0
472510,Reconnecting,0,0,0,0,0,0,77,1147,0,220,0,0
472764,Reconnecting,0,0,0,0,0,0,77,1147,0,220,0,0
473016,Reconnecting,0,0,0,0,0,0,77,1147,0,220,0,0
473270,Reconnecting,0,0,0,0,0,0,77,1147,0,220,0,0
473523,Reconnecting,0,0,0,0,0,0,77,1147,0,220,0,0
473775,Reconnecting,0,0,0,0,0,0,77,1147,0,220,0,0
474028,Reconnecting,0,0,0,0,0,0,77,1147,0,220,0,0
474280,Reconnecting,0,0,0,0,0,0,78,1147,0,220,0,0
474533,Reconnecting,0,0,0,0,0,0,78,1147,0,220,0,0
474787,Reconnecting,0,0,0,0,0,0,78,1147,0,220,0,0
475039,Reconnecting,0,0,0,0,0,0,78,1150,0,220,0,0
475292,Reconnecting,0,0,0,0,0,0,78,1162,0,220,0,0
475544,Reconnecting,0,0,0,0,0,0,78,1162,0,220,0,0
475797,Reconnecting,0,0,0,0,0,0,78,1162,0,220,0,0
476000,Reconnecting,0,0,0,0,0,0,78,1162,0,220,0,0
476255,Reconnecting,0,0,0,0,0,0,78,1162,0,220,0,0
476506,Reconnecting,0,0,0,0,0,0,78,1162,0,220,0,0
476758,Reconnecting,0,0,0,0,0,0,78,1162,0,220,0,0
477010,Reconnecting,0,0,0,0,0,0,78,1162,0,220,0,0
477262,Reconnecting,0,0,0,0,0,0,78,1162,0,220,0,0
477515,Reconnecting,0,0,0,0,0,0,78,1162,0,220,0,0
477767,Reconnecting,0,0,0,0,0,0,78,1162,0,220,0,0
478019,Reconnecting,0,0,0,0,0,0,78,1162,0,220,0,0
478273,Reconnecting,0,0,0,0,0,0,78,1162,0,220,0,0
478527,Reconnecting,0,0,0,0,0,0,78,1162,0,220,0,0
478780,Reconnecting,0,0,0,0,0,0,78,1162,0,220,0,0
479033,Reconnecting,0,0,0,0,0,0,78,1162,0,220,0,0
479285,Reconnecting,0,0,0,0,0,0,78,1162,0,220,0,0
479539,Reconnecting,0,0,0,0,0,0,78,1162,0,220,0,0
479793,Reconnecting,0,0,0,0,0,0,78,1162,0,220,0,0
480044,Reconnecting,0,0,0,0,0,0,78,1162,0,220,0,0
480297,Reconnecting,0,0,0,0,0,0,79,1162,0,220,0,0
480500,Reconnecting,0,0,0,0,0,0,79,1162,0,220,0,0
480753,Reconnecting,0,0,0,0,0,0,79,1162,0,220,0,0
481007,Reconnecting,0,0,0,0,0,0,79,1162,0,220,0,0
481259,Reconnecting,0,0,0,0,0,0,79,1167,0,220,0,0
481512,Reconnecting,0,0,0,0,0,0,79,1177,0,220,0,0
481764,Reconnecting,0,0,0,0,0,0,79,1177,0,220,0,0
482017,Reconnecting,0,0,0,0,0,0,79,1177,0,220,0,0
482269,Reconnecting,0,0,0,0,0,0,79,1177,0,220,0,0
482522,Reconnecting,0,0,0,0,0,0,79,1177,0,220,0,0
482776,Reconnecting,0,0,0,0,0,0,79,1177,0,220,0,0
483030,Reconnecting,0,0,0,0,0,0,79,1177,0,220,0,0
483285,Reconnecting,0,0,0,0,0,0,79,1177,0,220,0,0
483538,Reconnecting,0,0,0,0,0,0,79,1177,0,220,0,0
483792,Reconnecting,0,0,0,0,0,0,79,1177,0,220,0,0
484044,Reconnecting,0,0,0,0,0,0,79,1177,0,220,0,0
484296,Reconnecting,0,0,0,0,0,0,79,1177,0,220,0,0
484549,Reconnecting,0,0,0,0,0,0,79,1177,0,220,0,0
484752,Reconnecting,0,0,0,0,0,0,79,1177,0,220,0,0
485004,Reconnecting,0,0,0,0,0,0,79,1177,0,220,0,0
485257,Reconnecting,0,0,0,0,0,0,79,1177,0,220,0,0
485510,Reconnecting,0,0,0,0,0,0,79,1177,0,220,0,0
485763,Reconnecting,0,0,0,0,0,0,79,1177,0,220,0,0
486015,Reconnecting,0,0,0,0,0,0,79,1177,0,220,0,0
486267,Reconnecting,0,0,0,0,0,0,79,1177,0,220,0,0
486520,Reconnecting,0,0,0,0,0,0,80,1177,0,220,0,0
486774,Reconnecting,0,0,0,0,0,0,80,1177,0,220,0,0
487028,Reconnecting,0,0,0,0,0,0,80,1177,0,220,0,0
487283,Reconnecting,0,0,0,0,0,0,80,1177,0,220,0,0
487535,Reconnecting,0,0,0,0,0,0,80,1182,0,220,0,0
487786,Reconnecting,0,0,0,0,0,0,80,1191,0,220,0,0
488039,Reconnecting,0,0,0,0,0,0,80,1191,0,220,0,0
488292,Reconnecting,0,0,0,0,0,0,80,1191,0,220,0,0
488526,Reconnecting,0,0,0,0,0,0,80,1191,0,220,0,0
488779,Reconnecting,0,0,0,0,0,0,80,1191,0,220,0,0
489032,Reconnecting,0,0,0,0,0,0,80,1191,0,220,0,0
489284,Reconnecting,0,0,0,0,0,0,80,1191,0,220,0,0
489537,Reconnecting,0,0,0,0,0,0,80,1191,0,220,0,0
489790,Reconnecting,0,0,0,0,0,0,80,1191,0,220,0,0
490042,Reconnecting,0,0,0,0,0,0,80,1191,0,220,0,0
490295,Reconnecting,0,0,0,0,0,0,80,1191,0,220,0,0
490547,Reconnecting,0,0,0,0,0,0,80,1191,0,220,0,0
490750,Reconnecting,0,0,0,0,0,0,80,1191,0,220,0,0
491004,Reconnecting,0,0,0,0,0,0,80,1191,0,220,0,0
491257,Reconnecting,0,0,0,0,0,0,80,1191,0,220,0,0
491511,Reconnecting,0,0,0,0,0,0,80,1191,0,220,0,0
491764,Reconnecting,0,0,0,0,0,0,80,1191,0,220,0,0
492017,Reconnecting,0,0,0,0,0,0,80,1191,0,220,0,0
492272,Reconnecting,0,0,0,0,0,0,80,1191,0,220,0,0
492525,Reconnecting,0,0,0,0,0,0,80,1191,0,220,0,0
492777,Reconnecting,0,0,0,0,0,0,81,1191,0,220,0,0
493031,Reconnecting,0,0,0,0,0,0,81,1191,0,220,0,0
493283,Reconnecting,0,0,0,0,0,0,81,1191,0,220,0,0
493535,Reconnecting,0,0,0,0,0,0,81,1196,0,220,0,0
493788,Reconnecting,0,0,0,0,0,0,81,1206,0,220,0,0
494042,Reconnecting,0,0,0,0,0,0,81,1206,0,220,0,0
494295,Reconnecting,0,0,0,0,0,0,81,1206,0,220,0,0
494549,Reconnecting,0,0,0,0,0,0,81,1206,0,220,0,0
494751,Reconnecting,0,0,0,0,0,0,81,1206,0,220,0,0
495004,Reconnecting,0,0,0,0,0,0,81,1206,0,220,0,0
495257,Reconnecting,0,0,0,0,0,0,81,1206,0,220,0,0
495512,Reconnecting,0,0,0,0,0,0,81,1206,0,220,0,0
495765,Reconnecting,0,0,0,0,0,0,81,1206,0,220,0,0
496018,Reconnecting,0,0,0,0,0,0,81,1206,0,220,0,0
496271,Reconnecting,0,0,0,0,0,0,81,1206,0,220,0,0
496524,Reconnecting,0,0,0,0,0,0,81,1206,0,220,0,0
496776,Reconnecting,0,0,0,0,0,0,81,1206,0,220,0,0
497028,Reconnecting,0,0,0,0,0,0,81,1206,0,220,0,0
497282,Reconnecting,0,0,0,0,0,0,81,1206,0,220,0,0
497535,Reconnecting,0,0,0,0,0,0,81,1206,0,220,0,0
497787,Reconnecting,0,0,0,0,0,0,81,1206,0,220,0,0
498040,Reconnecting,0,0,0,0,0,0,81,1206,0,220,0,0
498292,Reconnecting,0,0,0,0,0,0,81,1206,0,220,0,0
498544,Reconnecting,0,0,0,0,0,0,81,1206,0,220,0,0
498797,Reconnecting,0,0,0,0,0,0,82,1206,0,220,0,0
499000,Reconnecting,0,0,0,0,0,0,82,1206,0,220,0,0
499254,Reconnecting,0,0,0,0,0,0,82,1206,0,220,0,0
499508,Reconnecting,0,0,0,0,0,0,82,1206,0,220,0,0
499762,Reconnecting,0,0,0,0,0,0,82,1211,0,220,0,0
500015,Reconnecting,0,0,0,0,0,0,82,1221,0,220,0,0
500267,Reconnecting,0,0,0,0,0,0,82,1221,0,220,0,0
500520,Reconnecting,0,0,0,0,0,0,82,1221,0,220,0,0
500773,Reconnecting,0,0,0,0,0,0,82,1221,0,220,0,0
501026,Reconnecting,0,0,0,0,0,0,82,1221,0,220,0,0
501279,Reconnecting,0,0,0,0,0,0,82,1221,0,220,0,0
501532,Reconnecting,0,0,0,0,0,0,82,1221,0,220,0,0
501785,Reconnecting,0,0,0,0,0,0,82,1221,0,220,0,0
502038,Reconnecting,0,0,0,0,0,0,82,1221,0,220,0,0
502293,Reconnecting,0,0,0,0,0,0,82,1221,0,220,0,0
502545,Reconnecting,0,0,0,0,0,0,82,1221,0,220,0,0
502797,Reconnecting,0,0,0,0,0,0,82,1221,0,220,0,0
503000,Reconnecting,0,0,0,0,0,0,82,1221,0,220,0,0
503252,Reconnecting,0,0,0,0,0,0,82,1221,0,220,0,0
503505,Reconnecting,0,0,0,0,0,0,82,1221,0,220,0,0
503757,Reconnecting,0,0,0,0,0,0,82,1221,0,220,0,0
504010,Reconnecting,0,0,0,0,0,0,82,1221,0,220,0,0
504263,Reconnecting,0,0,0,0,0,0,82,1221,0,220,0,0
504517,Reconnecting,0,0,0,0,0,0,82,1221,0,220,0,0
504771,Reconnecting,0,0,0,0,0,0,82,1221,0,220,0,0
505024,Reconnecting,0,0,0,0,0,0,83,1221,0,220,0,0
505276,Reconnecting,0,0,0,0,0,0,83,1221,0,220,0,0
505530,Reconnecting,0,0,0,0,0,0,83,1221,0,220,0,0
505783,Reconnecting,0,0,0,0,0,0,83,1221,0,220,0,0
506036,Reconnecting,0,0,0,0,0,0,83,1226,0,220,0,0
506290,Reconnecting,0,0,0,0,0,0,83,1236,0,220,0,0
506543,Reconnecting,0,0,0,0,0,0,83,1236,0,220,0,0
506794,Reconnecting,0,0,0,0,0,0,83,1236,0,220,0,0
507048,Reconnecting,0,0,0,0,0,0,83,1236,0,220,0,0
507300,Reconnecting,0,0,0,0,0,0,83,1236,0,220,0,0
507502,Reconnecting,0,0,0,0,0,0,83,1236,0,220,0,0
507755,Reconnecting,0,0,0,0,0,0,83,1236,0,220,0,0
508009,Reconnecting,0,0,0,0,0,0,83,1236,0,220,0,0
508261,Reconnecting,0,0,0,0,0,0,83,1236,0,220,0,0
508514,Reconnecting,0,0,0,0,0,0,83,1236,0,220,0,0
508768,Reconnecting,0,0,0,0,0,0,83,1236,0,220,0,0
509020,Reconnecting,0,0,0,0,0,0,83,1236,0,220,0,0
509274,Reconnecting,0,0,0,0,0,0,83,1236,0,220,0,0
509527,Reconnecting,0,0,0,0,0,0,83,1236,0,220,0,0
509781,Reconnecting,0,0,0,0,0,0,83,1236,0,220,0,0
510034,Reconnecting,0,0,0,0,0,0,83,1236,0,220,0,0
510287,Reconnecting,0,0,0,0,0,0,83,1236,0,220,0,0
510538,Reconnecting,0,0,0,0,0,0,83,1236,0,220,0,0
510791,Reconnecting,0,0,0,0,0,0,83,1236,0,220,0,0
511043,Reconnecting,0,0,0,0,0,0,83,1236,0,220,0,0
511295,Reconnecting,0,0,0,0,0,0,84,1236,0,220,0,0
511548,Reconnecting,0,0,0,0,0,0,84,1236,0,220,0,0
511751,Reconnecting,0,0,0,0,0,0,84,1236,0,220,0,0
512005,Reconnecting,0,0,0,0,0,0,84,1236,0,220,0,0
512257,Reconnecting,0,0,0,0,0,0,84,1251,0,220,0,0
512511,Reconnecting,0,0,0,0,0,0,84,1251,0,220,0,0
512765,Reconnecting,0,0,0,0,0,0,84,1251,0,220,0,0
513017,Reconnecting,0,0,0,0,0,0,84,1251,0,220,0,0
513270,Reconnecting,0,0,0,0,0,0,84,1251,0,220,0,0
513523,Reconnecting,0,0,0,0,0,0,84,1251,0,220,0,0
513776,Reconnecting,0,0,0,0,0,0,84,1251,0,220,0,0
514028,Reconnecting,0,0,0,0,0,0,84,1251,0,220,0,0
514280,Reconnecting,0,0,0,0,0,0,84,1251,0,220,0,0
514533,Reconnecting,0,0,0,0,0,0,84,1251,0,220,0,0
514786,Reconnecting,0,0,0,0,0,0,84,1251,0,220,0,0
515038,Reconnecting,0,0,0,0,0,0,84,1251,0,220,0,0
515292,Reconnecting,0,0,0,0,0,0,84,1251,0,220,0,0
515545,Reconnecting,0,0,0,0,0,0,84,1251,0,220,0,0
515799,Reconnecting,0,0,0,0,0,0,84,1251,0,220,0,0
516001,Reconnecting,0,0,0,0,0,0,84,1251,0,220,0,0
516254,Reconnecting,0,0,0,0,0,0,84,1251,0,220,0,0
516506,Reconnecting,0,0,0,0,0,0,84,1251,0,220,0,0
516760,Reconnecting,0,0,0,0,0,0,84,1251,0,220,0,0
517012,Reconnecting,0,0,0,0,0,0,84,1251,0,220,0,0
517264,Reconnecting,0,0,0,0,0,0,85,1251,0,220,0,0
517518,Reconnecting,0,0,0,0,0,0,85,1251,0,220,0,0
517772,Reconnecting,0,0,0,0,0,0,85,1251,0,220,0,0
518025,Reconnecting,0,0,0,0,0,0,85,1251,0,220,0,0
518278,Reconnecting,0,0,0,0,0,0,85,1256,0,220,0,0
518532,Reconnecting,0,0,0,0,0,0,85,1266,0,220,0,0
518786,Reconnecting,0,0,0,0,0,0,85,1266,0,220,0,0
519038,Reconnecting,0,0,0,0,0,0,85,1266,0,220,0,0
519291,Reconnecting,0,0,0,0,0,0,85,1266,0,220,0,0
519544,Reconnecting,0,0,0,0,0,0,85,1266,0,220,0,0
519796,Reconnecting,0,0,0,0,0,0,85,1266,0,220,0,0
520048,Reconnecting,0,0,0,0,0,0,85,1266,0,220,0,0
520251,Reconnecting,0,0,0,0,0,0,85,1266,0,220,0,0
520505,Reconnecting,0,0,0,0,0,0,85,1266,0,220,0,0
520758,Reconnecting,0,0,0,0,0,0,85,1266,0,220,0,0
521009,Reconnecting,0,0,0,0,0,0,85,1266,0,220,0,0
521263,Reconnecting,0,0,0,0,0,0,85,1266,0,220,0,0
521516,Reconnecting,0,0,0,0,0,0,85,1266,0,220,0,0
521769,Reconnecting,0,0,0,0,0,0,85,1266,0,220,0,0
522022,Reconnecting,0,0,0,0,0,0,85,1266,0,220,0,0
522275,Reconnecting,0,0,0,0,0,0,85,1266,0,220,0,0
522527,Reconnecting,0,0,0,0,0,0,85,1266,0,220,0,0
522781,Reconnecting,0,0,0,0,0,0,85,1266,0,220,0,0
523034,Reconnecting,0,0,0,0,0,0,85,1266,0,220,0,0
523287,Reconnecting,0,0,0,0,0,0,85,1266,0,220,0,0
523540,Reconnecting,0,0,0,0,0,0,86,1266,0,220,0,0
523793,Reconnecting,0,0,0,0,0,0,86,1266,0,220,0,0
524046,Reconnecting,0,0,0,0,0,0,86,1266,0,220,0,0
524298,Reconnecting,0,0,0,0,0,0,86,1266,0,220,0,0
524501,Reconnecting,0,0,0,0,0,0,86,1271,0,220,0,0
524752,Reconnecting,0,0,0,0,0,0,86,1281,0,220,0,0
525004,Reconnecting,0,0,0,0,0,0,86,1281,0,220,0,0
525256,Reconnecting,0,0,0,0,0,0,86,1281,0,220,0,0
525510,Reconnecting,0,0,0,0,0,0,86,1281,0,220,0,0
525763,Reconnecting,0,0,0,0,0,0,86,1281,0,220,0,0
526016,Reconnecting,0,0,0,0,0,0,86,1281,0,220,0,0
526269,Reconnecting,0,0,0,0,0,0,86,1281,0,220,0,0
526520,Reconnecting,0,0,0,0,0,0,86,1281,0,220,0,0
526774,Reconnecting,0,0,0,0,0,0,86,1281,0,220,0,0
527027,Reconnecting,0,0,0,0,0,0,86,1281,0,220,0,0
527280,Reconnecting,0,0,0,0,0,0,86,1281,0,220,0,0
527532,Reconnecting,0,0,0,0,0,0,86,1281,0,220,0,0
527785,Reconnecting,0,0,0,0,0,0,86,1281,0,220,0,0
528039,Reconnecting,0,0,0,0,0,0,86,1281,0,220,0,0
528291,Reconnecting,0,0,0,0,0,0,86,1281,0,220,0,0
528544,Reconnecting,0,0,0,0,0,0,86,1281,0,220,0,0
528797,Reconnecting,0,0,0,0,0,0,86,1281,0,220,0,0
529000,Reconnecting,0,0,0,0,0,0,86,1281,0,220,0,0
529252,Reconnecting,0,0,0,0,0,0,86,1281,0,220,0,0
529503,Reconnecting,0,0,0,0,0,0,86,1281,0,220,0,0
529755,Reconnecting,0,0,0,0,0,0,87,1281,0,220,0,0
530008,Reconnecting,0,0,0,0,0,0,87,1281,0,220,0,0
530262,Reconnecting,0,0,0,0,0,0,87,1281,0,220,0,0
530515,Reconnecting,0,0,0,0,0,0,87,1284,0,220,0,0
530769,Reconnecting,0,0,0,0,0,0,87,1296,0,220,0,0
531022,Reconnecting,0,0,0,0,0,0,87,1296,0,220,0,0
531275,Reconnecting,0,0,0,0,0,0,87,1296,0,220,0,0
531527,Reconnecting,0,0,0,0,0,0,87,1296,0,220,0,0
531780,Reconnecting,0,0,0,0,0,0,87,1296,0,220,0,0
532033,Reconnecting,0,0,0,0,0,0,87,1296,0,220,0,0
532286,Reconnecting,0,0,0,0,0,0,87,1296,0,220,0,0
532538,Reconnecting,0,0,0,0,0,0,87,1296,0,220,0,0
532793,Reconnecting,0,0,0,0,0,0,87,1296,0,220,0,0
533046,Reconnecting,0,0,0,0,0,0,87,1296,0,220,0,0
533250,Reconnecting,0,0,0,0,0,0,87,1296,0,220,0,0
533503,Reconnecting,0,0,0,0,0,0,87,1296,0,220,0,0
533757,Reconnecting,0,0,0,0,0,0,87,1296,0,220,0,0
534010,Reconnecting,0,0,0,0,0,0,87,1296,0,220,0,0
534264,Reconnecting,0,0,0,0,0,0,87,1296,0,220,0,0
534517,Reconnecting,0,0,0,0,0,0,87,1296,0,220,0,0
534771,Reconnecting,0,0,0,0,0,0,87,1296,0,220,0,0
535024,Reconnecting,0,0,0,0,0,0,87,1296,0,220,0,0
535278,Reconnecting,0,0,0,0,0,0,87,1296,0,220,0,0
535531,Reconnecting,0,0,0,0,0,0,87,1296,0,220,0,0
535784,Reconnecting,0,0,0,0,0,0,88,1296,0,220,0,0
536037,Reconnecting,0,0,0,0,0,0,88,1296,0,220,0,0
536290,Reconnecting,0,0,0,0,0,0,88,1296,0,220,0,0
536544,Reconnecting,0,0,0,0,0,0,88,1296,0,220,0,0
536796,Reconnecting,0,0,0,0,0,0,88,1301,0,220,0,0
537049,Reconnecting,0,0,0,0,0,0,88,1311,0,220,0,0
537251,Reconnecting,0,0,0,0,0,0,88,1311,0,220,0,0
537503,Reconnecting,0,0,0,0,0,0,88,1311,0,220,0,0
537755,Reconnecting,0,0,0,0,0,0,88,1311,0,220,0,0
538008,Reconnecting,0,0,0,0,0,0,88,1311,0,220,0,0
538261,Reconnecting,0,0,0,0,0,0,88,1311,0,220,0,0
538514,Reconnecting,0,0,0,0,0,0,88,1311,0,220,0,0
538766,Reconnecting,0,0,0,0,0,0,88,1311,0,220,0,0
539027,Reconnecting,0,0,0,0,0,0,88,1311,0,220,0,0
539280,Reconnecting,0,0,0,0,0,0,88,1311,0,220,0,0
539532,Reconnecting,0,0,0,0,0,0,88,1311,0,220,0,0
539785,Reconnecting,0,0,0,0,0,0,88,1311,0,220,0,0
540036,Reconnecting,0,0,0,0,0,0,88,1311,0,220,0,0
540288,Reconnecting,0,0,0,0,0,0,88,1311,0,220,0,0
540541,Reconnecting,0,0,0,0,0,0,88,1311,0,220,0,0
540794,Reconnecting,0,0,0,0,0,0,88,1311,0,220,0,0
541047,Reconnecting,0,0,0,0,0,0,88,1311,0,220,0,0
541298,Reconnecting,0,0,0,0,0,0,88,1311,0,220,0,0
541501,Reconnecting,0,0,0,0,0,0,88,1311,0,220,0,0
541753,Reconnecting,0,0,0,0,0,0,88,1311,0,220,0,0
542005,Reconnecting,0,0,0,0,0,0,89,1311,0,220,0,0
542256,Reconnecting,0,0,0,0,0,0,89,1311,0,220,0,0
542509,Reconnecting,0,0,0,0,0,0,89,1311,0,220,0,0
542763,Reconnecting,0,0,0,0,0,0,89,1311,0,220,0,0
543016,Reconnecting,0,0,0,0,0,0,89,1326,0,220,0,0
543270,Reconnecting,0,0,0,0,0,0,89,1326,0,220,0,0
543523,Reconnecting,0,0,0,0,0,0,89,1326,0,220,0,0
543775,Reconnecting,0,0,0,0,0,0,89,1326,0,220,0,0
544029,Reconnecting,0,0,0,0,0,0,89,1326,0,220,0,0
544282,Reconnecting,0,0,0,0,0,0,89,1326,0,220,0,0
544535,Reconnecting,0,0,0,0,0,0,89,1326,0,220,0,0
544787,Reconnecting,0,0,0,0,0,0,89,1326,0,220,0,0
545041,Reconnecting,0,0,0,0,0,0,89,1326,0,220,0,0
545294,Reconnecting,0,0,0,0,0,0,89,1326,0,220,0,0
545546,Reconnecting,0,0,0,0,0,0,89,1326,0,220,0,0
545799,Reconnecting,0,0,0,0,0,0,89,1326,0,220,0,0
546001,Reconnecting,0,0,0,0,0,0,89,1326,0,220,0,0
546255,Reconnecting,0,0,0,0,0,0,89,1326,0,220,0,0
546508,Reconnecting,0,0,0,0,0,0,89,1326,0,220,0,0
546761,Reconnecting,0,0,0,0,0,0,89,1326,0,220,0,0
547013,Reconnecting,0,0,0,0,0,0,89,1326,0,220,0,0
547266,Reconnecting,0,0,0,0,0,0,89,1326,0,220,0,0
547518,Reconnecting,0,0,0,0,0,0,89,1326,0,220,0,0
547771,Reconnecting,0,0,0,0,0,0,89,1326,0,220,0,0
548023,Reconnecting,0,0,0,0,0,0,89,1326,0,220,0,0
548276,Reconnecting,0,0,0,0,0,0,90,1326,0,220,0,0
548529,Reconnecting,0,0,0,0,0,0,90,1326,0,220,0,0
548783,Reconnecting,0,0,0,0,0,0,90,1326,0,220,0,0
549035,Reconnecting,0,0,0,0,0,0,90,1331,0,220,0,0
549288,Reconnecting,0,0,0,0,0,0,90,1341,0,220,0,0
549542,Reconnecting,0,0,0,0,0,0,90,1341,0,220,0,0
549795,Reconnecting,0,0,0,0,0,0,90,1341,0,220,0,0
550048,Reconnecting,0,0,0,0,0,0,90,1341,0,220,0,0
550250,Reconnecting,0,0,0,0,0,0,90,1341,0,220,0,0
550502,Reconnecting,0,0,0,0,0,0,90,1341,0,220,0,0
550753,Reconnecting,0,0,0,0,0,0,90,1341,0,220,0,0
551006,Reconnecting,0,0,0,0,0,0,90,1341,0,220,0,0
551259,Reconnecting,0,0,0,0,0,0,90,1341,0,220,0,0
551511,Reconnecting,0,0,0,0,0,0,90,1341,0,220,0,0
551763,Reconnecting,0,0,0,0,0,0,90,1341,0,220,0,0
552016,Reconnecting,0,0,0,0,0,0,90,1341,0,220,0,0
552269,Reconnecting,0,0,0,0,0,0,90,1341,0,220,0,0
552521,Reconnecting,0,0,0,0,0,0,90,1341,0,220,0,0
552774,Reconnecting,0,0,0,0,0,0,90,1341,0,220,0,0
553027,Reconnecting,0,0,0,0,0,0,90,1341,0,220,0,0
553279,Reconnecting,0,0,0,0,0,0,90,1341,0,220,0,0
553533,Reconnecting,0,0,0,0,0,0,90,1341,0,220,0,0
553786,Reconnecting,0,0,0,0,0,0,90,1341,0,220,0,0
554038,Reconnecting,0,0,0,0,0,0,90,1341,0,220,0,0
554292,Reconnecting,0,0,0,0,0,0,91,1341,0,220,0,0
554546,Reconnecting,0,0,0,0,0,0,91,1341,0,220,0,0
554799,Reconnecting,0,0,0,0,0,0,91,1341,0,220,0,0
555003,Reconnecting,0,0,0,0,0,0,91,1341,0,220,0,0
555255,Reconnecting,0,0,0,0,0,0,91,1346,0,220,0,0
555507,Reconnecting,0,0,0,0,0,0,91,1356,0,220,0,0
555759,Reconnecting,0,0,0,0,0,0,91,1356,0,220,0,0
556012,Reconnecting,0,0,0,0,0,0,91,1356,0,220,0,0
556265,Reconnecting,0,0,0,0,0,0,91,1356,0,220,0,0
556518,Reconnecting,0,0,0,0,0,0,91,1356,0,220,0,0
556770,Reconnecting,0,0,0,0,0,0,91,1356,0,220,0,0
557024,Reconnecting,0,0,0,0,0,0,91,1356,0,220,0,0
557278,Reconnecting,0,0,0,0,0,0,91,1356,0,220,0,0
557531,Reconnecting,0,0,0,0,0,0,91,1356,0,220,0,0
557784,Reconnecting,0,0,0,0,0,0,91,1356,0,220,0,0
558037,Reconnecting,0,0,0,0,0,0,91,1356,0,220,0,0
558292,Reconnecting,0,0,0,0,0,0,91,1356,0,220,0,0
558545,Reconnecting,0,0,0,0,0,0,91,1356,0,220,0,0
558798,Reconnecting,0,0,0,0,0,0,91,1356,0,220,0,0
559000,Reconnecting,0,0,0,0,0,0,91,1356,0,220,0,0
559254,Reconnecting,0,0,0,0,0,0,91,1356,0,220,0,0
559507,Reconnecting,0,0,0,0,0,0,91,1356,0,220,0,0
559759,Reconnecting,0,0,0,0,0,0,91,1356,0,220,0,0
560013,Reconnecting,0,0,0,0,0,0,91,1356,0,220,0,0
560266,Reconnecting,0,0,0,0,0,0,91,1356,0,220,0,0
560519,Reconnecting,0,0,0,0,0,0,92,1356,0,220,0,0
560773,Reconnecting,0,0,0,0,0,0,92,1356,0,220,0,0
561026,Reconnecting,0,0,0,0,0,0,92,1356,0,220,0,0
561279,Reconnecting,0,0,0,0,0,0,92,1361,0,220,0,0
561532,Reconnecting,0,0,0,0,0,0,92,1371,0,220,0,0
561785,Reconnecting,0,0,0,0,0,0,92,1371,0,220,0,0
562038,Reconnecting,0,0,0,0,0,0,92,1371,0,220,0,0
562291,Reconnecting,0,0,0,0,0,0,92,1371,0,220,0,0
562544,Reconnecting,0,0,0,0,0,0,92,1371,0,220,0,0
562797,Reconnecting,0,0,0,0,0,0,92,1371,0,220,0,0
563001,Reconnecting,0,0,0,0,0,0,92,1371,0,220,0,0
563254,Reconnecting,0,0,0,0,0,0,92,1371,0,220,0,0
563507,Reconnecting,0,0,0,0,0,0,92,1371,0,220,0,0
563758,Reconnecting,0,0,0,0,0,0,92,1371,0,220,0,0
564012,Reconnecting,0,0,0,0,0,0,92,1371,0,220,0,0
564265,Reconnecting,0,0,0,0,0,0,92,1371,0,220,0,0
564516,Reconnecting,0,0,0,0,0,0,92,1371,0,220,0,0
564769,Reconnecting,0,0,0,0,0,0,92,1371,0,220,0,0
565023,Reconnecting,0,0,0,0,0,0,92,1371,0,220,0,0
565275,Reconnecting,0,0,0,0,0,0,92,1371,0,220,0,0
565528,Reconnecting,0,0,0,0,0,0,92,1371,0,220,0,0
565782,Reconnecting,0,0,0,0,0,0,92,1371,0,220,0,0
566036,Reconnecting,0,0,0,0,0,0,92,1371,0,220,0,0
566288,Reconnecting,0,0,0,0,0,0,92,1371,0,220,0,0
566541,Reconnecting,0,0,0,0,0,0,93,1371,0,220,0,0
566794,Reconnecting,0,0,0,0,0,0,93,1371,0,220,0,0
567046,Reconnecting,0,0,0,0,0,0,93,1371,0,220,0,0
567298,Reconnecting,0,0,0,0,0,0,93,1371,0,220,0,0
567501,Reconnecting,0,0,0,0,0,0,93,1376,0,220,0,0
567753,Reconnecting,0,0,0,0,0,0,93,1386,0,220,0,0
568005,Reconnecting,0,0,0,0,0,0,93,1386,0,220,0,0
568257,Reconnecting,0,0,0,0,0,0,93,1386,0,220,0,0
568511,Reconnecting,0,0,0,0,0,0,93,1386,0,220,0,0
568763,Reconnecting,0,0,0,0,0,0,93,1386,0,220,0,0
569017,Reconnecting,0,0,0,0,0,0,93,1386,0,220,0,0
569271,Reconnecting,0,0,0,0,0,0,93,1386,0,220,0,0
569524,Reconnecting,0,0,0,0,0,0,93,1386,0,220,0,0
569777,Reconnecting,0,0,0,0,0,0,93,1386,0,220,0,0
570030,Reconnecting,0,0,0,0,0,0,93,1386,0,220,0,0
570283,Reconnecting,0,0,0,0,0,0,93,1386,0,220,0,0
570537,Reconnecting,0,0,0,0,0,0,93,1386,0,220,0,0
570788,Reconnecting,0,0,0,0,0,0,93,1386,0,220,0,0
571041,Reconnecting,0,0,0,0,0,0,93,1386,0,220,0,0
571294,Reconnecting,0,0,0,0,0,0,93,1386,0,220,0,0
571547,Reconnecting,0,0,0,0,0,0,93,1386,0,220,0,0
571798,Reconnecting,0,0,0,0,0,0,93,1386,0,220,0,0
572001,Reconnecting,0,0,0,0,0,0,93,1386,0,220,0,0
572254,Reconnecting,0,0,0,0,0,0,93,1386,0,220,0,0
572507,Reconnecting,0,0,0,0,0,0,93,1386,0,220,0,0
572761,Reconnecting,0,0,0,0,0,0,94,1386,0,220,0,0
573013,Reconnecting,0,0,0,0,0,0,94,1386,0,220,0,0
573266,Reconnecting,0,0,0,0,0,0,94,1386,0,220,0,0
573518,Reconnecting,0,0,0,0,0,0,94,1389,0,220,0,0
573770,Reconnecting,0,0,0,0,0,0,94,1401,0,220,0,0
574023,Reconnecting,0,0,0,0,0,0,94,1401,0,220,0,0
574277,Reconnecting,0,0,0,0,0,0,94,1401,0,220,0,0
574531,Reconnecting,0,0,0,0,0,0,94,1401,0,220,0,0
574783,Reconnecting,0,0,0,0,0,0,94,1401,0,220,0,0
575035,Reconnecting,0,0,0,0,0,0,94,1401,0,220,0,0
575287,Reconnecting,0,0,0,0,0,0,94,1401,0,220,0,0
575541,Reconnecting,0,0,0,0,0,0,94,1401,0,220,0,0
575793,Reconnecting,0,0,0,0,0,0,94,1401,0,220,0,0
576045,Reconnecting,0,0,0,0,0,0,94,1401,0,220,0,0
576298,Reconnecting,0,0,0,0,0,0,94,1401,0,220,0,0
576500,Reconnecting,0,0,0,0,0,0,94,1401,0,220,0,0
576753,Reconnecting,0,0,0,0,0,0,94,1401,0,220,0,0
577006,Reconnecting,0,0,0,0,0,0,94,1401,0,220,0,0
577260,Reconnecting,0,0,0,0,0,0,94,1401,0,220,0,0
577513,Reconnecting,0,0,0,0,0,0,94,1401,0,220,0,0
577765,Reconnecting,0,0,0,0,0,0,94,1401,0,220,0,0
578018,Reconnecting,0,0,0,0,0,0,94,1401,0,220,0,0
578271,Reconnecting,0,0,0,0,0,0,94,1401,0,220,0,0
578523,Reconnecting,0,0,0,0,0,0,94,1401,0,220,0,0
578776,Reconnecting,0,0,0,0,0,0,95,1401,0,220,0,0
579028,Reconnecting,0,0,0,0,0,0,95,1401,0,220,0,0
579282,Reconnecting,0,0,0,0,0,0,95,1401,0,220,0,0
579533,Reconnecting,0,0,0,0,0,0,95,1401,0,220,0,0
579787,Reconnecting,0,0,0,0,0,0,95,1406,0,220,0,0
580040,Reconnecting,0,0,0,0,0,0,95,1416,0,220,0,0
580293,Reconnecting,0,0,0,0,0,0,95,1416,0,220,0,0
580545,Reconnecting,0,0,0,0,0,0,95,1416,0,220,0,0
580799,Reconnecting,0,0,0,0,0,0,95,1416,0,220,0,0
581002,Reconnecting,0,0,0,0,0,0,95,1416,0,220,0,0
581254,Reconnecting,0,0,0,0,0,0,95,1416,0,220,0,0
581508,Reconnecting,0,0,0,0,0,0,95,1416,0,220,0,0
581761,Reconnecting,0,0,0,0,0,0,95,1416,0,220,0,0
582014,Reconnecting,0,0,0,0,0,0,95,1416,0,220,0,0
582266,Reconnecting,0,0,0,0,0,0,95,1416,0,220,0,0
582519,Reconnecting,0,0,0,0,0,0,95,1416,0,220,0,0
582772,Reconnecting,0,0,0,0,0,0,95,1416,0,220,0,0
583025,Reconnecting,0,0,0,0,0,0,95,1416,0,220,0,0
583278,Reconnecting,0,0,0,0,0,0,95,1416,0,220,0,0
583531,Reconnecting,0,0,0,0,0,0,95,1416,0,220,0,0
583784,Reconnecting,0,0,0,0,0,0,95,1416,0,220,0,0
584036,Reconnecting,0,0,0,0,0,0,95,1416,0,220,0,0
584291,Reconnecting,0,0,0,0,0,0,95,1416,0,220,0,0
584545,Reconnecting,0,0,0,0,0,0,95,1416,0,220,0,0
584796,Reconnecting,0,0,0,0,0,0,95,1416,0,220,0,0
585048,Reconnecting,0,0,0,0,0,0,96,1416,0,220,0,0
585251,Reconnecting,0,0,0,0,0,0,96,1416,0,220,0,0
585505,Reconnecting,0,0,0,0,0,0,96,1416,0,220,0,0
585759,Reconnecting,0,0,0,0,0,0,96,1416,0,220,0,0
586012,Reconnecting,0,0,0,0,0,0,96,1421,0,220,0,0
586264,Reconnecting,0,0,0,0,0,0,96,1431,0,220,0,0
586517,Reconnecting,0,0,0,0,0,0,96,1431,0,220,0,0
586771,Reconnecting,0,0,0,0,0,0,96,1431,0,220,0,0
587024,Reconnecting,0,0,0,0,0,0,96,1431,0,220,0,0
587276,Reconnecting,0,0,0,0,0,0,96,1431,0,220,0,0
587528,Reconnecting,0,0,0,0,0,0,96,1431,0,220,0,0
587781,Reconnecting,0,0,0,0,0,0,96,1431,0,220,0,0
588034,Reconnecting,0,0,0,0,0,0,96,1431,0,220,0,0
588287,Reconnecting,0,0,0,0,0,0,96,1431,0,220,0,0
588542,Reconnecting,0,0,0,0,0,0,96,1431,0,220,0,0
588794,Reconnecting,0,0,0,0,0,0,96,1431,0,220,0,0
589046,Reconnecting,0,0,0,0,0,0,96,1431,0,220,0,0
589300,Reconnecting,0,0,0,0,0,0,96,1431,0,220,0,0
589503,Reconnecting,0,0,0,0,0,0,96,1431,0,220,0,0
589755,Reconnecting,0,0,0,0,0,0,96,1431,0,220,0,0
590009,Reconnecting,0,0,0,0,0,0,96,1431,0,220,0,0
590265,Reconnecting,0,0,0,0,0,0,96,1431,0,220,0,0
590519,Reconnecting,0,0,0,0,0,0,96,1431,0,220,0,0
590771,Reconnecting,0,0,0,0,0,0,96,1431,0,220,0,0
591023,Reconnecting,0,0,0,0,0,0,96,1431,0,220,0,0
591276,Reconnecting,0,0,0,0,0,0,97,1431,0,220,0,0
591529,Reconnecting,0,0,0,0,0,0,97,1431,0,220,0,0
591782,Reconnecting,0,0,0,0,0,0,97,1431,0,220,0,0
592036,Reconnecting,0,0,0,0,0,0,97,1434,0,220,0,0
592287,Reconnecting,0,0,0,0,0,0,97,1446,0,220,0,0
592540,Reconnecting,0,0,0,0,0,0,97,1446,0,220,0,0
592792,Reconnecting,0,0,0,0,0,0,97,1446,0,220,0,0
593045,Reconnecting,0,0,0,0,0,0,97,1446,0,220,0,0
593299,Reconnecting,0,0,0,0,0,0,97,1446,0,220,0,0
593502,Reconnecting,0,0,0,0,0,0,97,1446,0,220,0,0
593763,Reconnecting,0,0,0,0,0,0,97,1446,0,220,0,0
594017,Reconnecting,0,0,0,0,0,0,97,1446,0,220,0,0
594270,Reconnecting,0,0,0,0,0,0,97,1446,0,220,0,0
594523,Reconnecting,0,0,0,0,0,0,97,1446,0,220,0,0
594775,Reconnecting,0,0,0,0,0,0,97,1446,0,220,0,0
595027,Reconnecting,0,0,0,0,0,0,97,1446,0,220,0,0
595281,Reconnecting,0,0,0,0,0,0,97,1446,0,220,0,0
595534,Reconnecting,0,0,0,0,0,0,97,1446,0,220,0,0
595786,Reconnecting,0,0,0,0,0,0,97,1446,0,220,0,0
596039,Reconnecting,0,0,0,0,0,0,97,1446,0,220,0,0
596293,Reconnecting,0,0,0,0,0,0,97,1446,0,220,0,0
596546,Reconnecting,0,0,0,0,0,0,97,1446,0,220,0,0
596750,Reconnecting,0,0,0,0,0,0,97,1446,0,220,0,0
597003,Reconnecting,0,0,0,0,0,0,97,1446,0,220,0,0
597255,Reconnecting,0,0,0,0,0,0,97,1446,0,220,0,0
597509,Reconnecting,0,0,0,0,0,0,98,1446,0,220,0,0
597763,Reconnecting,0,0,0,0,0,0,98,1446,0,220,0,0
598015,Reconnecting,0,0,0,0,0,0,98,1446,0,220,0,0
598268,Reconnecting,0,0,0,0,0,0,98,1451,0,220,0,0
598522,Reconnecting,0,0,0,0,0,0,98,1461,0,220,0,0
598775,Reconnecting,0,0,0,0,0,0,98,1461,0,220,0,0
599028,Reconnecting,0,0,0,0,0,0,98,1461,0,220,0,0
599281,Reconnecting,0,0,0,0,0,0,98,1461,0,220,0,0
599535,Reconnecting,0,0,0,0,0,0,98,1461,0,220,0,0
599788,Reconnecting,0,0,0,0,0,0,98,1461,0,220,0,0
600041,Reconnecting,0,0,0,0,0,0,98,1461,0,220,0,0
