t_ms,state,buffered_bytes,buffered_ms,underruns,resumes,play_failures,stream_rebuilds,sessions,chunk_reads,last_chunk_ms,max_chunk_ms,last_push_gap_ms,max_push_gap_ms
51,Off,0,0,0,0,0,0,1,0,0,0,0,0
254,Off,0,0,0,0,0,0,1,0,0,0,0,0
507,Off,0,0,0,0,0,0,1,0,0,0,0,0
760,Off,0,0,0,0,0,0,1,0,0,0,0,0
1013,Off,0,0,0,0,0,0,1,0,0,0,0,0
1267,Off,1281024,3631,0,0,0,0,1,79,0,158,0,158
1521,Playing,3517440,9970,0,0,0,0,1,168,0,159,0,159
1773,Playing,5021696,14233,0,0,0,0,1,232,159,159,159,159
2030,Playing,5069824,14370,0,0,0,0,1,237,0,177,0,177
2283,Playing,5035008,14271,0,0,0,0,1,239,175,177,175,177
2535,Playing,5083136,14407,0,0,0,0,1,244,0,177,0,177
2789,Playing,5084160,14410,0,0,0,0,1,247,0,177,0,177
3043,Playing,5021696,14233,0,0,0,0,1,248,175,177,175,177
3297,Playing,5069824,14370,0,0,0,0,1,253,0,179,0,179
3549,Playing,5090304,14428,0,0,0,0,1,257,0,179,0,179
3753,Playing,5044224,14297,0,0,0,0,1,258,175,179,176,179
4006,Playing,5064704,14355,0,0,0,0,1,262,0,179,0,179
4259,Playing,5029888,14257,0,0,0,0,1,267,0,179,0,179
4511,Playing,5003264,14181,0,0,0,0,1,269,0,179,0,179
4764,Playing,5023744,14239,0,0,0,0,1,273,0,179,0,179
5017,Playing,5016576,14219,0,0,0,0,1,276,3,179,3,179
5270,Playing,5009408,14199,0,0,0,0,1,279,179,179,179,179
5522,Playing,4974592,14100,0,0,0,0,1,281,13,179,14,179
5776,Playing,4995072,14158,0,0,0,0,1,285,95,179,96,179
6028,Playing,5023744,14239,0,0,0,0,1,289,14,179,14,179
6281,Playing,5016576,14219,0,0,0,0,1,292,0,179,0,179
6535,Playing,5037056,14277,0,0,0,0,1,296,0,179,0,179
6789,Playing,5002240,14178,0,0,0,0,1,298,0,179,0,179
7042,Playing,4995072,14158,0,0,0,0,1,301,0,179,0,179
7296,Playing,4987904,14138,0,0,0,0,1,307,0,179,0,179
7548,Playing,5008384,14196,0,0,0,0,1,311,0,179,0,179
7751,Playing,5053440,14323,0,0,0,0,1,315,16,179,16,179
8003,Playing,4990976,14146,0,0,0,0,1,316,176,179,176,179
8255,Playing,5011456,14204,0,0,0,0,1,320,0,179,0,179
8507,Playing,5004288,14184,0,0,0,0,1,323,0,179,0,179
8762,Playing,4997120,14164,0,0,0,0,1,326,94,179,94,179
9013,Playing,5025792,14245,0,0,0,0,1,330,94,179,94,179
9265,Playing,4990976,14146,0,0,0,0,1,332,176,179,176,179
9519,Playing,5011456,14204,0,0,0,0,1,336,0,179,0,179
9772,Playing,5004288,14184,0,0,0,0,1,342,0,183,10,183
10024,Playing,4941824,14007,0,0,0,0,1,343,94,183,94,183
10276,Playing,4962304,14065,0,0,0,0,1,347,0,183,0,183
10529,Playing,4990976,14146,0,0,0,0,1,351,0,183,0,183
10782,Playing,4983808,14126,0,0,0,0,1,354,0,183,0,183
11034,Playing,5004288,14184,0,0,0,0,1,358,95,183,95,183
11287,Playing,4969472,14085,0,0,0,0,1,360,0,183,0,183
11540,Playing,4962304,14065,0,0,0,0,1,363,176,183,176,183
11792,Playing,4982784,14123,0,0,0,0,1,367,0,183,0,183
12045,Playing,5011456,14204,0,0,0,0,1,371,0,183,0,183
12297,Playing,5004288,14184,0,0,0,0,1,374,97,183,97,183
12501,Playing,4985856,14132,0,0,0,0,1,376,0,183,0,183
12755,Playing,4923392,13955,0,0,0,0,1,380,0,183,0,183
13008,Playing,4916224,13934,0,0,0,0,1,383,95,183,95,183
13263,Playing,4936704,13992,0,0,0,0,1,387,0,183,0,183
13515,Playing,4929536,13972,0,0,0,0,1,390,95,183,95,183
13768,Playing,4958208,14053,0,0,0,0,1,394,175,183,175,183
14020,Playing,4923392,13955,0,0,0,0,1,396,0,183,0,183
14273,Playing,4943872,14013,0,0,0,0,1,400,0,183,0,183
14525,Playing,4936704,13992,0,0,0,0,1,403,94,183,94,183
14778,Playing,4957184,14050,0,0,0,0,1,407,0,183,0,183
15031,Playing,4950016,14030,0,0,0,0,1,410,176,183,176,183
15284,Playing,4942848,14010,0,0,0,0,1,413,0,183,0,183
15535,Playing,4916224,13934,0,0,0,0,1,418,0,183,0,183
15788,Playing,4909056,13914,0,0,0,0,1,421,173,183,174,183
16041,Playing,4957184,14050,0,0,0,0,1,426,0,183,0,183
16294,Playing,4950016,14030,0,0,0,0,1,429,0,183,0,183
16548,Playing,4887552,13853,0,0,0,0,1,430,174,183,174,183
16751,Playing,4960256,14059,0,0,0,0,1,435,0,183,0,183
17003,Playing,4897792,13882,0,0,0,0,1,436,95,183,95,183
17256,Playing,4918272,13940,0,0,0,0,1,440,0,183,0,183
17509,Playing,4938752,13998,0,0,0,0,1,444,0,183,0,183
17763,Playing,4931584,13978,0,0,0,0,1,447,0,183,0,183
18015,Playing,4896768,13879,0,0,0,0,1,449,0,183,0,183
18267,Playing,4897792,13882,0,0,0,0,1,452,95,183,95,183
18519,Playing,4881408,13836,0,0,0,0,1,458,2,183,2,183
18773,Playing,4901888,13894,0,0,0,0,1,462,0,183,0,183
19027,Playing,4922368,13952,0,0,0,0,1,466,12,183,12,183
19281,Playing,4915200,13931,0,0,0,0,1,469,0,183,0,183
19534,Playing,4880384,13833,0,0,0,0,1,471,0,183,0,183
19787,Playing,4873216,13812,0,0,0,0,1,474,0,183,0,183
20040,Playing,4901888,13894,0,0,0,0,1,478,92,183,92,183
20293,Playing,4922368,13952,0,0,0,0,1,482,14,183,14,183
20546,Playing,4915200,13931,0,0,0,0,1,485,0,183,0,183
20798,Playing,4880384,13833,0,0,0,0,1,487,0,183,0,183
21002,Playing,4898816,13885,0,0,0,0,1,493,0,183,13,183
21254,Playing,4881408,13836,0,0,0,0,1,496,94,183,95,183
21506,Playing,4846592,13737,0,0,0,0,1,498,0,183,0,183
21759,Playing,4867072,13795,0,0,0,0,1,502,0,183,0,183
22013,Playing,4859904,13775,0,0,0,0,1,505,179,183,179,183
22265,Playing,4852736,13754,0,0,0,0,1,508,175,183,175,183
22518,Playing,4900864,13891,0,0,0,0,1,513,0,183,0,183
22771,Playing,4846592,13737,0,0,0,0,1,514,176,183,176,183
23024,Playing,4867072,13795,0,0,0,0,1,518,0,183,0,183
23276,Playing,4859904,13775,0,0,0,0,1,521,177,183,177,183
23528,Playing,4880384,13833,0,0,0,0,1,525,0,183,0,183
23782,Playing,4873216,13812,0,0,0,0,1,528,3,183,3,183
24035,Playing,4829184,13688,0,0,0,0,1,533,0,183,0,183
24288,Playing,4830208,13691,0,0,0,0,1,536,175,183,175,183
24542,Playing,4850688,13749,0,0,0,0,1,540,0,183,0,183
24795,Playing,4843520,13728,0,0,0,0,1,543,95,183,95,183
25047,Playing,4836352,13708,0,0,0,0,1,546,0,183,0,183
25251,Playing,4817920,13656,0,0,0,0,1,548,174,183,174,183
25504,Playing,4810752,13635,0,0,0,0,1,551,0,183,0,183
25757,Playing,4839424,13717,0,0,0,0,1,555,0,183,0,183
26010,Playing,4832256,13696,0,0,0,0,1,558,0,183,0,183
26263,Playing,4825088,13676,0,0,0,0,1,561,175,183,175,183
26516,Playing,4845568,13734,0,0,0,0,1,565,95,183,95,183
26769,Playing,4783104,13557,0,0,0,0,1,569,0,183,17,183
27024,Playing,4803584,13615,0,0,0,0,1,573,177,183,177,183
27276,Playing,4796416,13595,0,0,0,0,1,576,177,183,177,183
27529,Playing,4825088,13676,0,0,0,0,1,580,1,183,1,183
27782,Playing,4817920,13656,0,0,0,0,1,583,93,183,93,183
28035,Playing,4810752,13635,0,0,0,0,1,586,0,183,0,183
28288,Playing,4803584,13615,0,0,0,0,1,589,3,183,3,183
28541,Playing,4796416,13595,0,0,0,0,1,592,177,183,177,183
28793,Playing,4844544,13731,0,0,0,0,1,597,9,183,10,183
29047,Playing,4782080,13554,0,0,0,0,1,598,163,183,163,183
29300,Playing,4810752,13635,0,0,0,0,1,602,0,183,0,183
29502,Playing,4764672,13505,0,0,0,0,1,603,92,183,92,183
29756,Playing,4757504,13484,0,0,0,0,1,609,93,183,93,183
30009,Playing,4777984,13543,0,0,0,0,1,613,0,183,0,183
30262,Playing,4798464,13601,0,0,0,0,1,617,13,183,13,183
30514,Playing,4736000,13424,0,0,0,0,1,618,175,183,175,183
30766,Playing,4764672,13505,0,0,0,0,1,622,0,183,0,183
31019,Playing,4757504,13484,0,0,0,0,1,625,98,183,98,183
31271,Playing,4777984,13543,0,0,0,0,1,629,175,183,175,183
31523,Playing,4798464,13601,0,0,0,0,1,633,0,183,0,183
31776,Playing,4736000,13424,0,0,0,0,1,634,93,183,93,183
32029,Playing,4764672,13505,0,0,0,0,1,638,95,183,95,183
32282,Playing,4785152,13563,0,0,0,0,1,642,0,183,0,183
32536,Playing,4750336,13464,0,0,0,0,1,647,0,183,0,183
32788,Playing,4770816,13522,0,0,0,0,1,651,174,183,174,183
33041,Playing,4736000,13424,0,0,0,0,1,653,0,183,0,183
33293,Playing,4756480,13482,0,0,0,0,1,657,0,183,0,183
33546,Playing,4749312,13461,0,0,0,0,1,660,94,183,94,183
33799,Playing,4777984,13543,0,0,0,0,1,664,0,183,0,183
34002,Playing,4759552,13490,0,0,0,0,1,666,0,183,0,183
34254,Playing,4752384,13470,0,0,0,0,1,669,0,183,0,183
34506,Playing,4772864,13528,0,0,0,0,1,673,0,183,0,183
34758,Playing,4738048,13429,0,0,0,0,1,675,0,183,0,183
35010,Playing,4739072,13432,0,0,0,0,1,678,0,183,0,183
35262,Playing,4731904,13412,0,0,0,0,1,684,0,183,0,183
35515,Playing,4724736,13392,0,0,0,0,1,687,95,183,95,183
35768,Playing,4689920,13293,0,0,0,0,1,689,0,183,0,183
36022,Playing,4710400,13351,0,0,0,0,1,693,95,183,95,183
36275,Playing,4703232,13331,0,0,0,0,1,696,96,183,96,183
36528,Playing,4759552,13490,0,0,0,0,1,701,14,183,14,183
36781,Playing,4724736,13392,0,0,0,0,1,703,95,183,95,183
37034,Playing,4717568,13371,0,0,0,0,1,706,0,183,0,183
37285,Playing,4710400,13351,0,0,0,0,1,709,95,183,95,183
37538,Playing,4730880,13409,0,0,0,0,1,713,0,183,0,183
37790,Playing,4723712,13389,0,0,0,0,1,716,0,183,0,183
38043,Playing,4724736,13392,0,0,0,0,1,722,0,183,0,183
38295,Playing,4717568,13371,0,0,0,0,1,725,93,183,93,183
38551,Playing,4710400,13351,0,0,0,0,1,728,0,183,0,183
38754,Playing,4719616,13377,0,0,0,0,1,731,0,183,0,183
39007,Playing,4740096,13435,0,0,0,0,1,735,14,183,14,183
39260,Playing,4732928,13415,0,0,0,0,1,738,96,183,96,183
39514,Playing,4698112,13316,0,0,0,0,1,740,9,183,9,183
39767,Playing,4726784,13397,0,0,0,0,1,744,0,183,0,183
40021,Playing,4747264,13455,0,0,0,0,1,748,0,183,0,183
40274,Playing,4740096,13435,0,0,0,0,1,751,0,183,0,183
40527,Playing,4732928,13415,0,0,0,0,1,754,93,183,93,183
40780,Playing,4688896,13290,0,0,0,0,1,758,0,183,12,183
41033,Playing,4690944,13296,0,0,0,0,1,762,0,183,0,183
41287,Playing,4683776,13276,0,0,0,0,1,765,176,183,176,183
41539,Playing,4657152,13200,0,0,0,0,1,767,15,183,15,183
41791,Playing,4649984,13180,0,0,0,0,1,770,95,183,95,183
42044,Playing,4698112,13316,0,0,0,0,1,775,0,183,0,183
42296,Playing,4718592,13374,0,0,0,0,1,779,0,183,0,183
42549,Playing,4711424,13354,0,0,0,0,1,782,0,183,0,183
42753,Playing,4701184,13325,0,0,0,0,1,784,0,183,0,183
43006,Playing,4694016,13305,0,0,0,0,1,787,0,183,0,183
43261,Playing,4659200,13206,0,0,0,0,1,789,0,183,0,183
43515,Playing,4679680,13264,0,0,0,0,1,793,0,183,0,183
43768,Playing,4635648,13139,0,0,0,0,1,798,0,183,0,183
44021,Playing,4656128,13197,0,0,0,0,1,802,91,183,92,183
44274,Playing,4676608,13255,0,0,0,0,1,806,0,183,0,183
44528,Playing,4614144,13078,0,0,0,0,1,807,94,183,94,183
44781,Playing,4615168,13081,0,0,0,0,1,810,94,183,94,183
45034,Playing,4663296,13217,0,0,0,0,1,815,0,183,0,183
45286,Playing,4656128,13197,0,0,0,0,1,818,174,183,174,183
45539,Playing,4676608,13255,0,0,0,0,1,822,0,183,0,183
45792,Playing,4641792,13157,0,0,0,0,1,824,0,183,0,183
46044,Playing,4634624,13136,0,0,0,0,1,827,94,183,94,183
46296,Playing,4663296,13217,0,0,0,0,1,831,0,183,0,183
46548,Playing,4646912,13171,0,0,0,0,1,837,0,183,0,183
46752,Playing,4600832,13040,0,0,0,0,1,838,96,183,96,183
47005,Playing,4621312,13098,0,0,0,0,1,842,0,183,0,183
47257,Playing,4622336,13101,0,0,0,0,1,845,96,183,96,183
47509,Playing,4642816,13159,0,0,0,0,1,849,96,183,96,183
47762,Playing,4608000,13061,0,0,0,0,1,851,0,183,0,183
48016,Playing,4600832,13040,0,0,0,0,1,854,0,183,0,183
48268,Playing,4621312,13098,0,0,0,0,1,858,95,183,95,183
48522,Playing,4641792,13157,0,0,0,0,1,862,0,183,0,183
48774,Playing,4587520,13003,0,0,0,0,1,863,176,183,176,183
49027,Playing,4608000,13061,0,0,0,0,1,867,94,183,94,183
49279,Playing,4591616,13014,0,0,0,0,1,873,0,183,0,183
49532,Playing,4584448,12994,0,0,0,0,1,876,0,183,0,183
49786,Playing,4549632,12895,0,0,0,0,1,878,0,183,0,183
50038,Playing,4570112,12953,0,0,0,0,1,882,0,183,0,183
50291,Playing,4562944,12933,0,0,0,0,1,885,96,183,96,183
50545,Playing,4591616,13014,0,0,0,0,1,889,93,183,93,183
50798,Playing,4612096,13072,0,0,0,0,1,893,11,183,11,183
51051,Playing,4549632,12895,0,0,0,0,1,894,176,183,176,183
51253,Playing,4586496,13000,0,0,0,0,1,898,0,183,0,183
51506,Playing,4606976,13058,0,0,0,0,1,902,0,183,0,183
51758,Playing,4627456,13116,0,0,0,0,1,906,0,183,0,183
52010,Playing,4600832,13040,0,0,0,0,1,911,92,183,92,183
52263,Playing,4566016,12942,0,0,0,0,1,913,0,183,0,183
52516,Playing,4586496,13000,0,0,0,0,1,917,0,183,0,183
52769,Playing,4579328,12979,0,0,0,0,1,920,0,183,0,183
53022,Playing,4599808,13038,0,0,0,0,1,924,0,183,0,183
53275,Playing,4592640,13017,0,0,0,0,1,927,92,183,92,183
53528,Playing,4593664,13020,0,0,0,0,1,930,0,183,0,183
53780,Playing,4586496,13000,0,0,0,0,1,933,0,255,0,255
54033,Playing,4579328,12979,0,0,0,0,1,936,15,255,15,255
54286,Playing,4599808,13038,0,0,0,0,1,940,0,255,0,255
54538,Playing,4537344,12860,0,0,0,0,1,941,176,255,176,255
54792,Playing,4557824,12919,0,0,0,0,1,945,93,255,93,255
55044,Playing,4558848,12921,0,0,0,0,1,951,0,255,0,255
55297,Playing,4579328,12979,0,0,0,0,1,955,0,255,0,255
55549,Playing,4572160,12959,0,0,0,0,1,958,0,255,0,255
55752,Playing,4553728,12907,0,0,0,0,1,960,0,255,0,255
56004,Playing,4518912,12808,0,0,0,0,1,962,14,255,14,255
56258,Playing,4547584,12889,0,0,0,0,1,966,13,255,13,255
56511,Playing,4540416,12869,0,0,0,0,1,969,0,255,0,255
56765,Playing,4560896,12927,0,0,0,0,1,973,176,255,176,255
57017,Playing,4553728,12907,0,0,0,0,1,976,174,255,174,255
57270,Playing,4518912,12808,0,0,0,0,1,978,0,255,0,255
57523,Playing,4539392,12866,0,0,0,0,1,982,0,255,0,255
57776,Playing,4532224,12846,0,0,0,0,1,988,0,255,0,255
58030,Playing,4533248,12849,0,0,0,0,1,991,14,255,14,255
58284,Playing,4498432,12750,0,0,0,0,1,993,0,255,0,255
58537,Playing,4518912,12808,0,0,0,0,1,997,0,255,0,255
58789,Playing,4511744,12788,0,0,0,0,1,1000,1,255,1,255
59043,Playing,4532224,12846,0,0,0,0,1,1004,0,255,0,255
59295,Playing,4469760,12669,0,0,0,0,1,1005,176,255,176,255
59547,Playing,4490240,12727,0,0,0,0,1,1009,99,255,99,255
59799,Playing,4518912,12808,0,0,0,0,1,1013,0,255,0,255
60001,Playing,4472832,12678,0,0,0,0,1,1014,176,255,176,255
60254,Playing,4520960,12814,0,0,0,0,1,1019,0,255,0,255
60507,Playing,4486144,12715,0,0,0,0,1,1024,0,255,0,255
60761,Playing,4478976,12695,0,0,0,0,1,1027,0,255,0,255
61013,Playing,4507648,12776,0,0,0,0,1,1031,95,255,95,255
61267,Playing,4528128,12834,0,0,0,0,1,1035,0,255,0,255
61518,Playing,4465664,12657,0,0,0,0,1,1036,177,255,177,255
61773,Playing,4513792,12794,0,0,0,0,1,1041,0,255,0,255
62026,Playing,4506624,12773,0,0,0,0,1,1044,0,255,0,255
62277,Playing,4499456,12753,0,0,0,0,1,1047,0,255,0,255
62532,Playing,4500480,12756,0,0,0,0,1,1050,0,255,0,255
62785,Playing,4493312,12736,0,0,0,0,1,1053,0,255,0,255
63038,Playing,4486144,12715,0,0,0,0,1,1056,95,255,95,255
63292,Playing,4469760,12669,0,0,0,0,1,1061,0,255,13,255
63545,Playing,4444160,12596,0,0,0,0,1,1064,98,255,98,255
63796,Playing,4464640,12654,0,0,0,0,1,1068,0,255,0,255
64048,Playing,4493312,12736,0,0,0,0,1,1072,0,255,0,255
64252,Playing,4502528,12762,0,0,0,0,1,1075,0,255,0,255
64503,Playing,4495360,12741,0,0,0,0,1,1078,0,255,0,255
64755,Playing,4488192,12721,0,0,0,0,1,1081,0,255,0,255
65008,Playing,4481024,12701,0,0,0,0,1,1084,0,255,0,255
65260,Playing,4454400,12625,0,0,0,0,1,1086,0,255,0,255
65514,Playing,4447232,12605,0,0,0,0,1,1089,97,255,97,255
65767,Playing,4467712,12663,0,0,0,0,1,1093,97,255,97,255
66021,Playing,4478976,12695,0,0,0,0,1,1097,0,255,0,255
66273,Playing,4425728,12544,0,0,0,0,1,1101,6,255,6,255
66526,Playing,4446208,12602,0,0,0,0,1,1105,2,255,2,255
66779,Playing,4439040,12582,0,0,0,0,1,1108,3,255,3,255
67033,Playing,4431872,12561,0,0,0,0,1,1111,95,255,95,255
67286,Playing,4460544,12643,0,0,0,0,1,1115,95,255,95,255
67539,Playing,4425728,12544,0,0,0,0,1,1117,2,255,2,255
67793,Playing,4446208,12602,0,0,0,0,1,1121,0,255,0,255
68046,Playing,4439040,12582,0,0,0,0,1,1124,94,255,94,255
68301,Playing,4459520,12640,0,0,0,0,1,1128,0,255,0,255
68503,Playing,4441088,12588,0,0,0,0,1,1130,0,255,0,255
68756,Playing,4442112,12591,0,0,0,0,1,1133,0,255,0,255
69011,Playing,4425728,12544,0,0,0,0,1,1139,6,255,6,255
69264,Playing,4418560,12524,0,0,0,0,1,1142,97,255,97,255
69517,Playing,4439040,12582,0,0,0,0,1,1146,93,255,93,255
69769,Playing,4459520,12640,0,0,0,0,1,1150,0,255,0,255
70022,Playing,4424704,12541,0,0,0,0,1,1152,0,255,0,255
70275,Playing,4417536,12521,0,0,0,0,1,1155,2,255,2,255
70528,Playing,4446208,12602,0,0,0,0,1,1159,0,255,0,255
70781,Playing,4439040,12582,0,0,0,0,1,1162,94,255,94,255
71034,Playing,4431872,12561,0,0,0,0,1,1165,0,255,0,255
71288,Playing,4424704,12541,0,0,0,0,1,1168,0,255,0,255
71539,Playing,4445184,12599,0,0,0,0,1,1172,0,255,0,255
71792,Playing,4401152,12474,0,0,0,0,1,1177,0,255,0,255
72045,Playing,4374528,12399,0,0,0,0,1,1179,96,255,96,255
72297,Playing,4367360,12379,0,0,0,0,1,1182,176,255,176,255
72550,Playing,4415488,12515,0,0,0,0,1,1187,0,255,0,255
72753,Playing,4341760,12306,0,0,0,0,1,1187,0,255,0,255
73007,Playing,4389888,12442,0,0,0,0,1,1192,0,337,0,337
73261,Playing,4382720,12422,0,0,0,0,1,1195,100,337,100,337
73513,Playing,4403200,12480,0,0,0,0,1,1199,11,337,11,337
73767,Playing,4376576,12405,0,0,0,0,1,1201,0,337,0,337
74020,Playing,4369408,12384,0,0,0,0,1,1204,0,337,0,337
74272,Playing,4389888,12442,0,0,0,0,1,1208,95,337,95,337
74525,Playing,4373504,12396,0,0,0,0,1,1214,0,337,0,337
74777,Playing,4366336,12376,0,0,0,0,1,1217,0,337,0,337
75032,Playing,4359168,12355,0,0,0,0,1,1220,96,337,96,337
75284,Playing,4352000,12335,0,0,0,0,1,1223,0,337,0,337
75537,Playing,4353024,12338,0,0,0,0,1,1226,94,337,94,337
75789,Playing,4373504,12396,0,0,0,0,1,1230,0,337,0,337
76043,Playing,4393984,12454,0,0,0,0,1,1234,0,337,0,337
76295,Playing,4386816,12434,0,0,0,0,1,1237,0,337,0,337
76500,Playing,4368384,12382,0,0,0,0,1,1239,0,337,0,337
76753,Playing,4397056,12463,0,0,0,0,1,1243,0,337,0,337
77006,Playing,4334592,12286,0,0,0,0,1,1244,177,337,177,337
77258,Playing,4355072,12344,0,0,0,0,1,1248,0,337,0,337
77510,Playing,4320256,12245,0,0,0,0,1,1253,177,337,177,337
77764,Playing,4340736,12303,0,0,0,0,1,1257,0,337,0,337
78017,Playing,4305920,12204,0,0,0,0,1,1259,13,337,13,337
78271,Playing,4298752,12184,0,0,0,0,1,1262,97,337,97,337
78523,Playing,4327424,12265,0,0,0,0,1,1266,0,337,0,337
78776,Playing,4347904,12323,0,0,0,0,1,1270,0,337,0,337
79030,Playing,4340736,12303,0,0,0,0,1,1273,0,337,0,337
79283,Playing,4305920,12204,0,0,0,0,1,1275,0,337,0,337
79536,Playing,4326400,12263,0,0,0,0,1,1279,0,337,0,337
79790,Playing,4319232,12242,0,0,0,0,1,1282,0,337,0,337
80043,Playing,4339712,12300,0,0,0,0,1,1286,174,337,174,337
80295,Playing,4285440,12146,0,0,0,0,1,1290,0,337,0,337
80548,Playing,4278272,12126,0,0,0,0,1,1293,0,337,0,337
80751,Playing,4315136,12231,0,0,0,0,1,1297,14,337,14,337
81003,Playing,4307968,12210,0,0,0,0,1,1300,0,337,0,337
81256,Playing,4273152,12112,0,0,0,0,1,1302,0,337,0,337
81509,Playing,4301824,12193,0,0,0,0,1,1306,0,337,0,337
81762,Playing,4322304,12251,0,0,0,0,1,1310,0,337,0,337
82016,Playing,4315136,12231,0,0,0,0,1,1313,0,337,0,337
82268,Playing,4335616,12289,0,0,0,0,1,1317,14,337,14,337
82520,Playing,4356096,12347,0,0,0,0,1,1321,0,337,0,337
82773,Playing,4293632,12170,0,0,0,0,1,1322,176,337,176,337
83025,Playing,4294656,12173,0,0,0,0,1,1328,0,337,0,337
83277,Playing,4315136,12231,0,0,0,0,1,1332,0,337,0,337
83531,Playing,4307968,12210,0,0,0,0,1,1335,0,337,0,337
83783,Playing,4273152,12112,0,0,0,0,1,1337,0,337,0,337
84035,Playing,4265984,12091,0,0,0,0,1,1340,179,337,179,337
84288,Playing,4258816,12071,0,0,0,0,1,1343,176,337,176,337
84540,Playing,4315136,12231,0,0,0,0,1,1348,0,337,0,337
84793,Playing,4335616,12289,0,0,0,0,1,1352,0,337,0,337
85046,Playing,4273152,12112,0,0,0,0,1,1353,175,337,175,337
85298,Playing,4293632,12170,0,0,0,0,1,1357,0,337,0,337
85502,Playing,4247552,12039,0,0,0,0,1,1358,177,337,177,337
85754,Playing,4267008,12094,0,0,0,0,1,1364,0,337,12,337
86007,Playing,4269056,12100,0,0,0,0,1,1368,0,337,0,337
86260,Playing,4261888,12080,0,0,0,0,1,1371,1,337,1,337
86515,Playing,4254720,12059,0,0,0,0,1,1374,13,337,13,337
86768,Playing,4247552,12039,0,0,0,0,1,1377,0,337,0,337
87022,Playing,4268032,12097,0,0,0,0,1,1381,0,337,0,337
87275,Playing,4260864,12077,0,0,0,0,1,1384,1,337,1,337
87529,Playing,4281344,12135,0,0,0,0,1,1388,0,337,0,337
87783,Playing,4227072,11981,0,0,0,0,1,1389,93,337,93,337
88035,Playing,4275200,12117,0,0,0,0,1,1394,16,337,16,337
88288,Playing,4268032,12097,0,0,0,0,1,1397,0,337,0,337
88541,Playing,4251648,12051,0,0,0,0,1,1402,0,337,14,337
88794,Playing,4226048,11978,0,0,0,0,1,1405,96,337,96,337
89046,Playing,4199424,11903,0,0,0,0,1,1407,0,337,0,337
89299,Playing,4247552,12039,0,0,0,0,1,1412,0,337,0,337
89502,Playing,4256768,12065,0,0,0,0,1,1415,0,337,0,337
89754,Playing,4194304,11888,0,0,0,0,1,1416,175,337,175,337
90008,Playing,4242432,12025,0,0,0,0,1,1421,0,337,0,337
90262,Playing,4235264,12004,0,0,0,0,1,1424,0,337,0,337
90524,Playing,4228096,11984,0,0,0,0,1,1427,75,337,75,337
90776,Playing,4220928,11964,0,0,0,0,1,1430,0,337,0,337
91029,Playing,4221952,11966,0,0,0,0,1,1433,0,337,0,337
91282,Playing,4242432,12025,0,0,0,0,1,1437,0,337,0,337
91535,Playing,4235264,12004,0,0,0,0,1,1443,0,337,0,337
91786,Playing,4172800,11827,0,0,0,0,1,1444,94,337,94,337
92039,Playing,4193280,11885,0,0,0,0,1,1448,0,337,0,337
92293,Playing,4213760,11943,0,0,0,0,1,1452,0,337,0,337
92546,Playing,4214784,11946,0,0,0,0,1,1455,0,341,0,341
92799,Playing,4235264,12004,0,0,0,0,1,1459,176,341,176,341
93002,Playing,4216832,11952,0,0,0,0,1,1461,0,341,0,341
93254,Playing,4182016,11853,0,0,0,0,1,1463,94,341,95,341
93507,Playing,4230144,11990,0,0,0,0,1,1468,0,341,0,341
93758,Playing,4167680,11813,0,0,0,0,1,1469,96,341,96,341
94012,Playing,4196352,11894,0,0,0,0,1,1473,0,341,0,341
94263,Playing,4179968,11847,0,0,0,0,1,1479,0,341,0,341
94516,Playing,4200448,11906,0,0,0,0,1,1483,13,341,13,341
94770,Playing,4193280,11885,0,0,0,0,1,1486,0,341,0,341
95023,Playing,4186112,11865,0,0,0,0,1,1489,96,341,96,341
95276,Playing,4151296,11766,0,0,0,0,1,1491,0,341,0,341
95528,Playing,4179968,11847,0,0,0,0,1,1495,0,341,0,341
95781,Playing,4172800,11827,0,0,0,0,1,1498,98,341,98,341
96034,Playing,4137984,11728,0,0,0,0,1,1500,0,341,0,341
96286,Playing,4158464,11787,0,0,0,0,1,1504,95,341,95,341
96537,Playing,4178944,11845,0,0,0,0,1,1508,0,341,0,341
96790,Playing,4179968,11847,0,0,0,0,1,1511,96,341,96,341
97043,Playing,4154368,11775,0,0,0,0,1,1516,0,341,15,341
97296,Playing,4184064,11859,0,0,0,0,1,1521,0,341,0,341
97548,Playing,4121600,11682,0,0,0,0,1,1522,176,341,177,341
97751,Playing,4158464,11787,0,0,0,0,1,1526,95,341,95,341
98003,Playing,4187136,11868,0,0,0,0,1,1530,0,341,0,341
98255,Playing,4179968,11847,0,0,0,0,1,1533,0,341,0,341
98506,Playing,4117504,11670,0,0,0,0,1,1534,176,341,177,341
98759,Playing,4165632,11807,0,0,0,0,1,1539,0,341,0,341
99012,Playing,4158464,11787,0,0,0,0,1,1542,0,341,0,341
99265,Playing,4178944,11845,0,0,0,0,1,1546,0,341,0,341
99518,Playing,4124672,11691,0,0,0,0,1,1547,179,341,179,341
99772,Playing,4145152,11749,0,0,0,0,1,1551,175,341,175,341
100025,Playing,4128768,11702,0,0,0,0,1,1557,0,341,0,341
100279,Playing,4149248,11760,0,0,0,0,1,1561,0,341,0,341
100532,Playing,4142080,11740,0,0,0,0,1,1564,0,341,0,341
100785,Playing,4107264,11641,0,0,0,0,1,1566,0,341,1,341
101038,Playing,4100096,11621,0,0,0,0,1,1569,0,341,0,341
101292,Playing,4128768,11702,0,0,0,0,1,1573,0,341,0,341
101545,Playing,4121600,11682,0,0,0,0,1,1576,92,341,92,341
101798,Playing,4169728,11818,0,0,0,0,1,1581,0,341,0,341
102000,Playing,4123648,11688,0,0,0,0,1,1582,178,341,178,341
102254,Playing,4171776,11824,0,0,0,0,1,1587,0,341,0,341
102507,Playing,4136960,11726,0,0,0,0,1,1589,94,341,94,341
102758,Playing,4082688,11572,0,0,0,0,1,1593,1,341,1,341
103010,Playing,4103168,11630,0,0,0,0,1,1597,0,341,0,341
103263,Playing,4096000,11609,0,0,0,0,1,1600,176,341,176,341
103517,Playing,4116480,11668,0,0,0,0,1,1604,0,341,0,341
103768,Playing,4081664,11569,0,0,0,0,1,1606,0,341,0,341
104022,Playing,4074496,11549,0,0,0,0,1,1609,177,341,177,341
104275,Playing,4103168,11630,0,0,0,0,1,1613,0,341,0,341
104528,Playing,4123648,11688,0,0,0,0,1,1617,0,341,0,341
104780,Playing,4116480,11668,0,0,0,0,1,1620,0,341,0,341
105033,Playing,4109312,11647,0,0,0,0,1,1623,0,341,0,341
105287,Playing,4102144,11627,0,0,0,0,1,1626,0,341,0,341
105539,Playing,4067328,11528,0,0,0,0,1,1631,176,341,176,341
105794,Playing,4032512,11430,0,0,0,0,1,1633,0,341,0,341
106046,Playing,4033536,11432,0,0,0,0,1,1636,94,341,94,341
106300,Playing,4081664,11569,0,0,0,0,1,1641,0,341,0,341
106502,Playing,4035584,11438,0,0,0,0,1,1642,94,341,94,341
106754,Playing,4028416,11418,0,0,0,0,1,1645,95,341,95,341
107007,Playing,4048896,11476,0,0,0,0,1,1649,95,341,95,341
107261,Playing,4077568,11557,0,0,0,0,1,1653,0,341,0,341
107514,Playing,4070400,11537,0,0,0,0,1,1656,178,341,178,341
107771,Playing,4035584,11438,0,0,0,0,1,1658,0,341,0,341
108024,Playing,4056064,11496,0,0,0,0,1,1662,15,341,15,341
108276,Playing,4048896,11476,0,0,0,0,1,1665,95,341,95,341
108528,Playing,4041728,11456,0,0,0,0,1,1671,97,341,97,341
108782,Playing,4062208,11514,0,0,0,0,1,1675,0,341,0,341
109034,Playing,4027392,11415,0,0,0,0,1,1677,0,341,0,341
109288,Playing,4028416,11418,0,0,0,0,1,1680,0,341,0,341
109541,Playing,4048896,11476,0,0,0,0,1,1684,0,341,0,341
109796,Playing,4041728,11456,0,0,0,0,1,1687,0,341,0,341
110047,Playing,4034560,11435,0,0,0,0,1,1690,0,341,0,341
110300,Playing,4027392,11415,0,0,0,0,1,1693,0,341,0,341
110503,Playing,4064256,11520,0,0,0,0,1,1697,0,341,0,341
110755,Playing,4065280,11522,0,0,0,0,1,1700,0,341,0,341
111008,Playing,4058112,11502,0,0,0,0,1,1706,0,341,0,341
111260,Playing,4023296,11403,0,0,0,0,1,1708,0,341,0,341
111512,Playing,4043776,11461,0,0,0,0,1,1712,0,341,0,341
111764,Playing,4036608,11441,0,0,0,0,1,1715,0,341,0,341
112018,Playing,4037632,11444,0,0,0,0,1,1718,0,341,0,341
112273,Playing,4058112,11502,0,0,0,0,1,1722,0,341,0,341
112526,Playing,4023296,11403,0,0,0,0,1,1724,0,341,0,341
112779,Playing,4016128,11383,0,0,0,0,1,1727,0,341,0,341
113031,Playing,4064256,11520,0,0,0,0,1,1732,0,341,0,341
113284,Playing,4057088,11499,0,0,0,0,1,1735,2,341,2,341
113536,Playing,4049920,11479,0,0,0,0,1,1738,95,341,95,341
113790,Playing,4015104,11380,0,0,0,0,1,1740,0,341,0,341
114043,Playing,3988480,11305,0,0,0,0,1,1745,93,341,93,341
114295,Playing,4008960,11363,0,0,0,0,1,1749,94,341,94,341
114550,Playing,4057088,11499,0,0,0,0,1,1754,0,341,0,341
114752,Playing,3983360,11290,0,0,0,0,1,1754,0,341,0,341
115005,Playing,4031488,11427,0,0,0,0,1,1759,0,341,0,341
115258,Playing,4032512,11430,0,0,0,0,1,1762,0,341,0,341
115511,Playing,3997696,11331,0,0,0,0,1,1764,0,341,0,341
115763,Playing,3990528,11311,0,0,0,0,1,1767,0,341,0,341
116016,Playing,4011008,11369,0,0,0,0,1,1771,0,341,0,341
116268,Playing,4031488,11427,0,0,0,0,1,1775,0,341,0,341
116522,Playing,4024320,11406,0,0,0,0,1,1778,96,341,96,341
116775,Playing,3961856,11229,0,0,0,0,1,1782,0,341,0,341
117027,Playing,3962880,11232,0,0,0,0,1,1785,175,341,175,341
117281,Playing,4011008,11369,0,0,0,0,1,1790,0,341,0,341
117533,Playing,4003840,11348,0,0,0,0,1,1793,0,341,0,341
117785,Playing,3996672,11328,0,0,0,0,1,1796,0,341,0,341
118038,Playing,3989504,11308,0,0,0,0,1,1799,0,341,0,341
118292,Playing,3954688,11209,0,0,0,0,1,1801,95,341,95,341
118545,Playing,3928064,11133,0,0,0,0,1,1803,0,341,0,341
118797,Playing,3948544,11192,0,0,0,0,1,1807,93,341,94,341
119001,Playing,3985408,11296,0,0,0,0,1,1811,96,341,96,341
119254,Playing,4005888,11354,0,0,0,0,1,1815,0,341,0,341
119505,Playing,3989504,11308,0,0,0,0,1,1821,0,341,0,341
119758,Playing,3927040,11131,0,0,0,0,1,1822,176,341,176,341
120011,Playing,3955712,11212,0,0,0,0,1,1826,0,341,0,341
120263,Playing,3948544,11192,0,0,0,0,1,1829,98,341,98,341
120516,Playing,3969024,11250,0,0,0,0,1,1833,0,341,0,341
120769,Playing,3961856,11229,0,0,0,0,1,1836,94,341,94,341
121023,Playing,3927040,11131,0,0,0,0,1,1838,0,341,0,341
121277,Playing,3947520,11189,0,0,0,0,1,1842,96,341,96,341
121530,Playing,3948544,11192,0,0,0,0,1,1845,0,341,0,341
121782,Playing,3969024,11250,0,0,0,0,1,1849,15,341,15,341
122035,Playing,3934208,11151,0,0,0,0,1,1851,0,341,0,341
122288,Playing,3936256,11157,0,0,0,0,1,1857,0,341,15,341
122542,Playing,3910656,11084,0,0,0,0,1,1860,173,341,173,341
122796,Playing,3931136,11142,0,0,0,0,1,1864,99,341,99,341
123047,Playing,3876864,10988,0,0,0,0,1,1865,173,341,173,341
123299,Playing,3897344,11046,0,0,0,0,1,1869,172,341,172,341
123502,Playing,3934208,11151,0,0,0,0,1,1873,0,341,0,341
123755,Playing,3899392,11052,0,0,0,0,1,1875,0,341,0,341
124010,Playing,3892224,11032,0,0,0,0,1,1878,176,341,176,341
124262,Playing,3940352,11168,0,0,0,0,1,1883,0,341,0,341
124516,Playing,3905536,11070,0,0,0,0,1,1885,173,341,173,341
124768,Playing,3934208,11151,0,0,0,0,1,1889,0,341,0,341
125021,Playing,3899392,11052,0,0,0,0,1,1891,0,341,0,341
125274,Playing,3855360,10927,0,0,0,0,1,1896,0,341,0,341
125525,Playing,3875840,10985,0,0,0,0,1,1900,176,341,176,341
125778,Playing,3841024,10887,0,0,0,0,1,1902,12,341,12,341
126031,Playing,3869696,10968,0,0,0,0,1,1906,0,341,0,341
126284,Playing,3890176,11026,0,0,0,0,1,1910,0,341,0,341
126537,Playing,3883008,11006,0,0,0,0,1,1913,0,341,0,341
126789,Playing,3875840,10985,0,0,0,0,1,1916,173,341,173,341
127042,Playing,3868672,10965,0,0,0,0,1,1919,0,341,0,341
127294,Playing,3869696,10968,0,0,0,0,1,1922,0,341,0,341
127546,Playing,3890176,11026,0,0,0,0,1,1926,0,341,0,341
127798,Playing,3883008,11006,0,0,0,0,1,1929,0,341,0,341
128001,Playing,3836928,10875,0,0,0,0,1,1933,0,341,15,341
128254,Playing,3829760,10855,0,0,0,0,1,1936,94,341,94,341
128506,Playing,3886080,11014,0,0,0,0,1,1941,2,341,2,341
128758,Playing,3878912,10994,0,0,0,0,1,1944,14,341,14,341
129012,Playing,3871744,10974,0,0,0,0,1,1947,97,341,97,341
129266,Playing,3836928,10875,0,0,0,0,1,1949,0,341,0,341
129518,Playing,3857408,10933,0,0,0,0,1,1953,96,341,96,341
129771,Playing,3877888,10991,0,0,0,0,1,1957,0,341,0,341
130023,Playing,3870720,10971,0,0,0,0,1,1960,0,341,0,341
130276,Playing,3844096,10895,0,0,0,0,1,1962,0,341,0,341
130530,Playing,3892224,11032,0,0,0,0,1,1967,0,341,0,341
130783,Playing,3829760,10855,0,0,0,0,1,1971,0,341,15,341
131036,Playing,3822592,10835,0,0,0,0,1,1974,95,341,95,341
131289,Playing,3843072,10893,0,0,0,0,1,1978,94,341,95,341
131542,Playing,3808256,10794,0,0,0,0,1,1980,177,341,177,341
131796,Playing,3828736,10852,0,0,0,0,1,1984,177,341,177,341
132050,Playing,3849216,10910,0,0,0,0,1,1988,0,341,0,341
132252,Playing,3811328,10803,0,0,0,0,1,1989,175,341,175,341
132505,Playing,3831808,10861,0,0,0,0,1,1993,0,341,0,341
132756,Playing,3824640,10840,0,0,0,0,1,1996,176,341,177,341
133010,Playing,3845120,10898,0,0,0,0,1,2000,0,341,0,341
133264,Playing,3810304,10800,0,0,0,0,1,2002,0,341,0,341
133516,Playing,3838976,10881,0,0,0,0,1,2006,0,341,0,341
133767,Playing,3804160,10782,0,0,0,0,1,2011,175,341,175,341
134020,Playing,3824640,10840,0,0,0,0,1,2015,0,341,0,341
134272,Playing,3762176,10663,0,0,0,0,1,2016,96,341,96,341
134526,Playing,3782656,10721,0,0,0,0,1,2020,0,341,0,341
134780,Playing,3803136,10779,0,0,0,0,1,2024,0,341,0,341
135033,Playing,3823616,10837,0,0,0,0,1,2028,0,341,0,341
135285,Playing,3824640,10840,0,0,0,0,1,2031,175,341,175,341
135538,Playing,3789824,10742,0,0,0,0,1,2033,0,341,0,341
135791,Playing,3782656,10721,0,0,0,0,1,2036,174,341,174,341
136044,Playing,3803136,10779,0,0,0,0,1,2040,0,341,0,341
136298,Playing,3814400,10811,0,0,0,0,1,2046,0,341,15,341
136500,Playing,3758080,10652,0,0,0,0,1,2047,98,341,98,341
136753,Playing,3778560,10710,0,0,0,0,1,2051,175,341,176,341
137006,Playing,3799040,10768,0,0,0,0,1,2055,0,341,0,341
137260,Playing,3764224,10669,0,0,0,0,1,2057,0,341,0,341
137513,Playing,3757056,10649,0,0,0,0,1,2060,2,341,2,341
137766,Playing,3777536,10707,0,0,0,0,1,2064,0,341,0,341
138017,Playing,3770368,10686,0,0,0,0,1,2067,176,341,176,341
138271,Playing,3799040,10768,0,0,0,0,1,2071,0,341,0,341
138524,Playing,3764224,10669,0,0,0,0,1,2073,0,341,0,341
138778,Playing,3757056,10649,0,0,0,0,1,2076,96,341,96,341
139031,Playing,3777536,10707,0,0,0,0,1,2080,0,341,0,341
139282,Playing,3770368,10686,0,0,0,0,1,2086,1,341,1,341
139535,Playing,3707904,10509,0,0,0,0,1,2087,171,341,171,341
139788,Playing,3764224,10669,0,0,0,0,1,2092,0,341,0,341
140040,Playing,3757056,10649,0,0,0,0,1,2095,3,341,3,341
140294,Playing,3749888,10628,0,0,0,0,1,2098,174,341,174,341
140546,Playing,3770368,10686,0,0,0,0,1,2102,0,341,0,341
140799,Playing,3707904,10509,0,0,0,0,1,2103,96,341,96,341
141001,Playing,3744768,10614,0,0,0,0,1,2107,93,341,93,341
141253,Playing,3718144,10538,0,0,0,0,1,2109,1,341,2,341
141505,Playing,3738624,10597,0,0,0,0,1,2113,98,341,98,341
141757,Playing,3759104,10655,0,0,0,0,1,2117,0,341,0,341
142010,Playing,3742720,10608,0,0,0,0,1,2122,0,341,10,341
142264,Playing,3717120,10536,0,0,0,0,1,2125,0,341,0,341
142516,Playing,3709952,10515,0,0,0,0,1,2128,0,341,0,341
142769,Playing,3710976,10518,0,0,0,0,1,2131,0,341,0,341
143021,Playing,3731456,10576,0,0,0,0,1,2135,98,341,98,341
143275,Playing,3751936,10634,0,0,0,0,1,2139,0,341,0,341
143530,Playing,3744768,10614,0,0,0,0,1,2142,0,341,0,341
143782,Playing,3709952,10515,0,0,0,0,1,2144,0,341,0,341
144035,Playing,3730432,10573,0,0,0,0,1,2148,0,341,0,341
144288,Playing,3723264,10553,0,0,0,0,1,2151,94,341,94,341
144542,Playing,3716096,10533,0,0,0,0,1,2154,0,341,0,341
144795,Playing,3717120,10536,0,0,0,0,1,2157,0,341,0,341
145047,Playing,3673088,10411,0,0,0,0,1,2162,96,341,96,341
145299,Playing,3721216,10547,0,0,0,0,1,2167,0,341,0,341
145501,Playing,3675136,10417,0,0,0,0,1,2168,92,341,92,341
145754,Playing,3695616,10475,0,0,0,0,1,2172,0,341,0,341
146007,Playing,3724288,10556,0,0,0,0,1,2176,14,341,14,341
146260,Playing,3717120,10536,0,0,0,0,1,2179,0,341,0,341
146512,Playing,3682304,10437,0,0,0,0,1,2181,0,341,0,341
146765,Playing,3675136,10417,0,0,0,0,1,2184,0,341,0,341
147018,Playing,3667968,10396,0,0,0,0,1,2187,95,341,95,341
147271,Playing,3716096,10533,0,0,0,0,1,2192,0,341,0,341
147524,Playing,3718144,10538,0,0,0,0,1,2198,0,341,15,341
147777,Playing,3636224,10306,0,0,0,0,1,2198,0,341,15,341
148030,Playing,3665920,10390,0,0,0,0,1,2203,0,341,0,341
148283,Playing,3658752,10370,0,0,0,0,1,2206,0,341,0,341
148536,Playing,3651584,10350,0,0,0,0,1,2209,175,341,175,341
148788,Playing,3699712,10486,0,0,0,0,1,2214,0,341,0,341
149042,Playing,3692544,10466,0,0,0,0,1,2217,0,341,0,341
149294,Playing,3657728,10367,0,0,0,0,1,2219,0,341,0,341
149547,Playing,3658752,10370,0,0,0,0,1,2222,177,341,177,341
149800,Playing,3679232,10428,0,0,0,0,1,2226,0,341,0,341
150003,Playing,3660800,10376,0,0,0,0,1,2228,0,341,0,341
150255,Playing,3653632,10356,0,0,0,0,1,2231,0,341,0,341
150509,Playing,3637248,10309,0,0,0,0,1,2237,0,341,0,341
150762,Playing,3630080,10289,0,0,0,0,1,2240,175,341,175,341
151014,Playing,3631104,10292,0,0,0,0,1,2243,14,341,14,341
151267,Playing,3596288,10193,0,0,0,0,1,2245,94,341,94,341
151518,Playing,3644416,10329,0,0,0,0,1,2250,0,341,0,341
151771,Playing,3637248,10309,0,0,0,0,1,2253,0,341,0,341
152023,Playing,3602432,10210,0,0,0,0,1,2255,4,341,4,341
152276,Playing,3603456,10213,0,0,0,0,1,2258,93,341,93,341
152530,Playing,3651584,10350,0,0,0,0,1,2263,0,341,0,341
152783,Playing,3616768,10251,0,0,0,0,1,2265,95,341,95,341
153035,Playing,3637248,10309,0,0,0,0,1,2269,176,341,176,341
153289,Playing,3602432,10210,0,0,0,0,1,2271,0,341,0,341
153542,Playing,3595264,10190,0,0,0,0,1,2277,0,341,0,341
153793,Playing,3615744,10248,0,0,0,0,1,2281,0,341,0,341
154047,Playing,3636224,10306,0,0,0,0,1,2285,0,341,0,341
154251,Playing,3625984,10277,0,0,0,0,1,2287,96,341,96,341
154503,Playing,3618816,10257,0,0,0,0,1,2290,0,341,0,341
154756,Playing,3611648,10237,0,0,0,0,1,2293,0,341,0,341
155008,Playing,3632128,10295,0,0,0,0,1,2297,97,341,97,341
155262,Playing,3624960,10274,0,0,0,0,1,2300,94,341,94,341
155514,Playing,3590144,10176,0,0,0,0,1,2302,0,341,0,341
155768,Playing,3618816,10257,0,0,0,0,1,2306,96,341,96,341
156021,Playing,3611648,10237,0,0,0,0,1,2312,0,341,18,341
156274,Playing,3604480,10216,0,0,0,0,1,2315,3,341,3,341
156527,Playing,3569664,10118,0,0,0,0,1,2317,0,341,0,341
156780,Playing,3590144,10176,0,0,0,0,1,2321,0,341,0,341
157033,Playing,3582976,10155,0,0,0,0,1,2324,95,341,95,341
157286,Playing,3611648,10237,0,0,0,0,1,2328,93,341,93,341
157539,Playing,3549184,10060,0,0,0,0,1,2329,174,341,174,341
157792,Playing,3569664,10118,0,0,0,0,1,2333,98,341,98,341
158045,Playing,3590144,10176,0,0,0,0,1,2337,0,341,0,341
158297,Playing,3610624,10234,0,0,0,0,1,2341,0,341,0,341
158549,Playing,3603456,10213,0,0,0,0,1,2344,0,341,0,341
158753,Playing,3593216,10184,0,0,0,0,1,2346,0,341,0,341
159006,Playing,3558400,10086,0,0,0,0,1,2351,0,341,0,341
159259,Playing,3578880,10144,0,0,0,0,1,2355,96,341,96,341
159512,Playing,3571712,10123,0,0,0,0,1,2358,93,341,93,341
159766,Playing,3536896,10025,0,0,0,0,1,2360,174,341,174,341
160018,Playing,3557376,10083,0,0,0,0,1,2364,0,341,0,341
160271,Playing,3577856,10141,0,0,0,0,1,2368,0,341,0,341
160525,Playing,3570688,10120,0,0,0,0,1,2371,0,341,0,341
160777,Playing,3544064,10045,0,0,0,0,1,2373,0,341,0,341
161031,Playing,3564544,10103,0,0,0,0,1,2377,0,341,0,341
161283,Playing,3557376,10083,0,0,0,0,1,2380,176,341,176,341
161536,Playing,3577856,10141,0,0,0,0,1,2384,0,341,0,341
161788,Playing,3515392,9964,0,0,0,0,1,2388,0,341,0,341
162040,Playing,3508224,9943,0,0,0,0,1,2391,0,341,0,341
162293,Playing,3536896,10025,0,0,0,0,1,2395,0,341,0,341
162547,Playing,3557376,10083,0,0,0,0,1,2399,0,341,0,341
162799,Playing,3522560,9984,0,0,0,0,1,2401,16,341,16,341
163002,Playing,3531776,10010,0,0,0,0,1,2404,0,341,0,341
163254,Playing,3552256,10068,0,0,0,0,1,2408,14,341,14,341
163508,Playing,3553280,10071,0,0,0,0,1,2411,96,341,96,341
163762,Playing,3518464,9972,0,0,0,0,1,2413,0,341,0,341
164015,Playing,3538944,10031,0,0,0,0,1,2417,8,341,8,341
164268,Playing,3531776,10010,0,0,0,0,1,2420,98,341,98,341
164521,Playing,3496960,9912,0,0,0,0,1,2422,0,341,0,341
164775,Playing,3545088,10048,0,0,0,0,1,2430,0,341,0,341
165028,Playing,3482624,9871,0,0,0,0,1,2431,177,341,177,341
165281,Playing,3503104,9929,0,0,0,0,1,2435,0,341,0,341
165533,Playing,3504128,9932,0,0,0,0,1,2438,101,341,102,341
165785,Playing,3524608,9990,0,0,0,0,1,2442,98,341,98,341
166037,Playing,3489792,9891,0,0,0,0,1,2444,2,341,2,341
166290,Playing,3482624,9871,0,0,0,0,1,2447,96,341,96,341
166542,Playing,3530752,10007,0,0,0,0,1,2452,1,341,1,341
166795,Playing,3523584,9987,0,0,0,0,1,2455,0,341,0,341
167049,Playing,3516416,9967,0,0,0,0,1,2458,0,341,0,341
167251,Playing,3524608,9990,0,0,0,0,1,2463,0,341,16,341
167503,Playing,3499008,9917,0,0,0,0,1,2466,0,341,0,341
167755,Playing,3491840,9897,0,0,0,0,1,2469,0,341,0,341
168008,Playing,3512320,9955,0,0,0,0,1,2473,94,341,94,341
168261,Playing,3485696,9880,0,0,0,0,1,2475,0,341,0,341
168514,Playing,3506176,9938,0,0,0,0,1,2479,2,341,2,341
168768,Playing,3526656,9996,0,0,0,0,1,2483,0,341,0,341
169023,Playing,3519488,9975,0,0,0,0,1,2486,5,341,5,341
169276,Playing,3512320,9955,0,0,0,0,1,2489,95,341,95,341
169529,Playing,3505152,9935,0,0,0,0,1,2492,0,341,0,341
169782,Playing,3497984,9914,0,0,0,0,1,2495,0,341,0,341
170035,Playing,3463168,9816,0,0,0,0,1,2497,0,341,0,341
170288,Playing,3427328,9714,0,0,0,0,1,2502,10,341,10,341
170541,Playing,3447808,9772,0,0,0,0,1,2506,97,341,97,341
170793,Playing,3468288,9830,0,0,0,0,1,2510,0,341,0,341
171046,Playing,3488768,9888,0,0,0,0,1,2514,0,341,0,341
171298,Playing,3481600,9868,0,0,0,0,1,2517,13,341,13,341
171501,Playing,3463168,9816,0,0,0,0,1,2519,0,341,0,341
171754,Playing,3464192,9819,0,0,0,0,1,2522,94,341,94,341
172007,Playing,3484672,9877,0,0,0,0,1,2526,93,341,94,341
172259,Playing,3449856,9778,0,0,0,0,1,2528,0,341,0,341
172511,Playing,3442688,9758,0,0,0,0,1,2531,177,341,177,341
172764,Playing,3463168,9816,0,0,0,0,1,2535,175,341,175,341
173017,Playing,3409920,9665,0,0,0,0,1,2539,0,341,15,341
173270,Playing,3384320,9592,0,0,0,0,1,2542,92,341,92,341
173531,Playing,3404800,9650,0,0,0,0,1,2546,0,341,0,341
173784,Playing,3425280,9708,0,0,0,0,1,2550,0,341,0,341
174036,Playing,3426304,9711,0,0,0,0,1,2553,0,341,0,341
174289,Playing,3391488,9613,0,0,0,0,1,2555,14,341,14,341
174542,Playing,3411968,9671,0,0,0,0,1,2559,0,341,0,341
174795,Playing,3404800,9650,0,0,0,0,1,2562,180,341,180,341
175048,Playing,3425280,9708,0,0,0,0,1,2566,0,341,0,341
175251,Playing,3406848,9656,0,0,0,0,1,2568,0,341,0,341
175503,Playing,3435520,9737,0,0,0,0,1,2572,0,341,0,341
175754,Playing,3409920,9665,0,0,0,0,1,2577,0,341,18,341
176008,Playing,3411968,9671,0,0,0,0,1,2581,0,341,0,341
176272,Playing,3377152,9572,0,0,0,0,1,2583,0,341,0,341
176525,Playing,3369984,9552,0,0,0,0,1,2586,0,341,0,341
176777,Playing,3362816,9531,0,0,0,0,1,2589,95,341,95,341
177031,Playing,3410944,9668,0,0,0,0,1,2594,0,341,0,341
177283,Playing,3431424,9726,0,0,0,0,1,2598,13,341,13,341
177535,Playing,3424256,9705,0,0,0,0,1,2601,0,341,0,341
177787,Playing,3361792,9528,0,0,0,0,1,2602,175,341,175,341
178042,Playing,3390464,9610,0,0,0,0,1,2606,0,341,0,341
178294,Playing,3383296,9589,0,0,0,0,1,2609,173,341,173,341
178548,Playing,3403776,9647,0,0,0,0,1,2616,0,341,0,341
178751,Playing,3357696,9517,0,0,0,0,1,2617,98,341,98,341
179004,Playing,3378176,9575,0,0,0,0,1,2621,0,341,0,341
179256,Playing,3343360,9476,0,0,0,0,1,2623,0,341,0,341
179509,Playing,3344384,9479,0,0,0,0,1,2626,1,341,1,341
179762,Playing,3364864,9537,0,0,0,0,1,2630,0,341,0,341
180015,Playing,3385344,9595,0,0,0,0,1,2634,0,341,0,341
180267,Playing,3378176,9575,0,0,0,0,1,2637,0,341,0,341
180519,Playing,3343360,9476,0,0,0,0,1,2639,0,341,0,341
180774,Playing,3363840,9534,0,0,0,0,1,2643,0,341,0,341
181027,Playing,3337216,9459,0,0,0,0,1,2645,174,341,174,341
181282,Playing,3385344,9595,0,0,0,0,1,2650,0,341,0,341
181536,Playing,3295232,9340,0,0,0,0,1,2653,0,341,16,341
181789,Playing,3315712,9398,0,0,0,0,1,2657,0,341,0,341
182041,Playing,3336192,9456,0,0,0,0,1,2661,0,341,0,341
182294,Playing,3356672,9514,0,0,0,0,1,2665,0,341,0,341
182547,Playing,3349504,9494,0,0,0,0,1,2668,0,341,0,341
182751,Playing,3339264,9465,0,0,0,0,1,2670,0,341,0,341
183005,Playing,3332096,9444,0,0,0,0,1,2673,0,341,0,341
183257,Playing,3352576,9502,0,0,0,0,1,2677,0,341,0,341
183510,Playing,3317760,9404,0,0,0,0,1,2679,0,341,0,341
183764,Playing,3310592,9383,0,0,0,0,1,2682,98,341,98,341
184017,Playing,3331072,9441,0,0,0,0,1,2686,94,341,94,341
184270,Playing,3323904,9421,0,0,0,0,1,2692,0,341,0,341
184523,Playing,3269632,9267,0,0,0,0,1,2693,96,341,96,341
184775,Playing,3290112,9325,0,0,0,0,1,2697,0,341,0,341
185029,Playing,3310592,9383,0,0,0,0,1,2701,0,341,0,341
185282,Playing,3303424,9363,0,0,0,0,1,2704,173,341,173,341
185534,Playing,3323904,9421,0,0,0,0,1,2708,177,341,177,341
185787,Playing,3261440,9244,0,0,0,0,1,2709,95,341,96,341
186041,Playing,3309568,9380,0,0,0,0,1,2714,0,341,0,341
186294,Playing,3310592,9383,0,0,0,0,1,2717,0,341,0,341
186548,Playing,3331072,9441,0,0,0,0,1,2721,0,341,0,341
186750,Playing,3312640,9389,0,0,0,0,1,2723,0,341,0,341
187003,Playing,3305472,9369,0,0,0,0,1,2729,0,341,0,341
187256,Playing,3270656,9270,0,0,0,0,1,2731,97,341,97,341
187509,Playing,3318784,9406,0,0,0,0,1,2736,16,341,16,341
187762,Playing,3319808,9409,0,0,0,0,1,2739,0,341,0,341
188014,Playing,3284992,9311,0,0,0,0,1,2741,0,341,0,341
188267,Playing,3305472,9369,0,0,0,0,1,2745,0,341,0,341
188521,Playing,3298304,9348,0,0,0,0,1,2748,0,341,0,341
188773,Playing,3263488,9250,0,0,0,0,1,2750,0,341,0,341
189025,Playing,3283968,9308,0,0,0,0,1,2754,0,341,0,341
189278,Playing,3284992,9311,0,0,0,0,1,2757,0,341,0,341
189531,Playing,3305472,9369,0,0,0,0,1,2761,176,341,176,341
189783,Playing,3270656,9270,0,0,0,0,1,2763,0,341,0,341
190036,Playing,3235840,9171,0,0,0,0,1,2768,102,341,102,341
190289,Playing,3256320,9229,0,0,0,0,1,2772,95,341,95,341
190543,Playing,3276800,9287,0,0,0,0,1,2776,0,341,0,341
190796,Playing,3214336,9110,0,0,0,0,1,2777,178,341,178,341
191048,Playing,3270656,9270,0,0,0,0,1,2782,0,341,0,341
191252,Playing,3279872,9296,0,0,0,0,1,2785,0,341,0,341
191504,Playing,3245056,9198,0,0,0,0,1,2787,0,341,0,341
191758,Playing,3265536,9256,0,0,0,0,1,2791,0,341,0,341
192013,Playing,3258368,9235,0,0,0,0,1,2794,0,341,0,341
192266,Playing,3251200,9215,0,0,0,0,1,2797,94,341,94,341
192519,Playing,3279872,9296,0,0,0,0,1,2801,0,341,0,341
192772,Playing,3272704,9276,0,0,0,0,1,2807,13,341,13,341
193026,Playing,3265536,9256,0,0,0,0,1,2810,95,341,95,341
193280,Playing,3258368,9235,0,0,0,0,1,2813,0,341,0,341
193533,Playing,3223552,9137,0,0,0,0,1,2815,96,341,96,341
193785,Playing,3244032,9195,0,0,0,0,1,2819,94,341,94,341
194040,Playing,3209216,9096,0,0,0,0,1,2821,0,341,0,341
194292,Playing,3237888,9177,0,0,0,0,1,2825,0,341,0,341
194545,Playing,3258368,9235,0,0,0,0,1,2829,0,341,0,341
194797,Playing,3278848,9293,0,0,0,0,1,2833,16,341,16,341
195049,Playing,3244032,9195,0,0,0,0,1,2835,95,341,95,341
195252,Playing,3253248,9221,0,0,0,0,1,2838,0,341,0,341
195504,Playing,3217408,9119,0,0,0,0,1,2843,94,341,94,341
195758,Playing,3210240,9099,0,0,0,0,1,2846,176,341,177,341
196011,Playing,3203072,9079,0,0,0,0,1,2849,0,341,0,341
196264,Playing,3195904,9058,0,0,0,0,1,2852,96,341,96,341
196518,Playing,3216384,9116,0,0,0,0,1,2856,177,341,177,341
196771,Playing,3209216,9096,0,0,0,0,1,2859,175,341,175,341
197024,Playing,3202048,9076,0,0,0,0,1,2862,0,341,0,341
197277,Playing,3203072,9079,0,0,0,0,1,2865,0,341,0,341
197531,Playing,3223552,9137,0,0,0,0,1,2869,0,341,0,341
197785,Playing,3216384,9116,0,0,0,0,1,2872,174,341,174,341
198037,Playing,3236864,9174,0,0,0,0,1,2876,178,341,178,341
198290,Playing,3174400,8997,0,0,0,0,1,2877,95,341,95,341
198543,Playing,3158016,8951,0,0,0,0,1,2883,96,341,96,341
198795,Playing,3186688,9032,0,0,0,0,1,2887,0,341,0,341
199048,Playing,3207168,9090,0,0,0,0,1,2891,0,341,0,341
199251,Playing,3161088,8960,0,0,0,0,1,2892,92,341,92,341
199504,Playing,3181568,9018,0,0,0,0,1,2896,0,341,0,341
199757,Playing,3174400,8997,0,0,0,0,1,2899,93,341,93,341
200010,Playing,3147776,8922,0,0,0,0,1,2901,0,341,0,341
200263,Playing,3168256,8980,0,0,0,0,1,2905,3,341,3,341
200515,Playing,3161088,8960,0,0,0,0,1,2908,92,341,92,341
200768,Playing,3181568,9018,0,0,0,0,1,2912,0,341,0,341
201022,Playing,3183616,9023,0,0,0,0,1,2916,0,341,0,341
201274,Playing,3102720,8794,0,0,0,0,1,2919,98,341,98,341
201526,Playing,3123200,8852,0,0,0,0,1,2923,0,341,0,341
201779,Playing,3151872,8933,0,0,0,0,1,2927,0,341,0,341
202033,Playing,3144704,8913,0,0,0,0,1,2930,12,341,12,341
202287,Playing,3165184,8971,0,0,0,0,1,2934,0,341,0,341
202539,Playing,3185664,9029,0,0,0,0,1,2938,14,341,14,341
202792,Playing,3178496,9009,0,0,0,0,1,2941,0,341,0,341
203045,Playing,3143680,8910,0,0,0,0,1,2943,0,341,0,341
203298,Playing,3172352,8991,0,0,0,0,1,2947,0,341,0,341
203502,Playing,3153920,8939,0,0,0,0,1,2949,0,341,0,341
203755,Playing,3146752,8919,0,0,0,0,1,2952,0,341,0,341
204007,Playing,3139584,8899,0,0,0,0,1,2958,0,341,0,341
204261,Playing,3132416,8878,0,0,0,0,1,2961,0,341,0,341
204515,Playing,3125248,8858,0,0,0,0,1,2964,175,341,175,341
204767,Playing,3090432,8759,0,0,0,0,1,2966,0,341,0,341
205019,Playing,3091456,8762,0,0,0,0,1,2969,173,341,173,341
205273,Playing,3139584,8899,0,0,0,0,1,2974,0,341,0,341
205526,Playing,3160064,8957,0,0,0,0,1,2978,0,341,0,341
205779,Playing,3152896,8936,0,0,0,0,1,2981,0,341,0,341
206032,Playing,3090432,8759,0,0,0,0,1,2982,174,341,174,341
206285,Playing,3110912,8817,0,0,0,0,1,2986,0,341,0,341
206538,Playing,3139584,8899,0,0,0,0,1,2990,0,341,0,341
206792,Playing,3132416,8878,0,0,0,0,1,2996,0,341,0,341
207046,Playing,3069952,8701,0,0,0,0,1,2997,97,341,97,341
207299,Playing,3090432,8759,0,0,0,0,1,3001,178,341,178,341
207505,Playing,3072000,8707,0,0,0,0,1,3003,0,341,0,341
207758,Playing,3064832,8687,0,0,0,0,1,3006,0,341,0,341
208011,Playing,3085312,8745,0,0,0,0,1,3010,0,341,0,341
208264,Playing,3113984,8826,0,0,0,0,1,3014,0,341,0,341
208518,Playing,3106816,8806,0,0,0,0,1,3017,0,341,0,341
208772,Playing,3127296,8864,0,0,0,0,1,3021,177,341,177,341
209024,Playing,3092480,8765,0,0,0,0,1,3023,0,341,0,341
209279,Playing,3085312,8745,0,0,0,0,1,3026,0,341,0,341
209531,Playing,3078144,8724,0,0,0,0,1,3032,0,341,13,341
209783,Playing,3106816,8806,0,0,0,0,1,3036,0,341,0,341
210036,Playing,3044352,8629,0,0,0,0,1,3037,97,341,97,341
210289,Playing,3064832,8687,0,0,0,0,1,3041,0,341,0,341
210542,Playing,3085312,8745,0,0,0,0,1,3045,0,341,0,341
210795,Playing,3078144,8724,0,0,0,0,1,3048,175,341,175,341
211049,Playing,3070976,8704,0,0,0,0,1,3051,173,341,173,341
211252,Playing,3060736,8675,0,0,0,0,1,3053,0,341,0,341
211503,Playing,3081216,8733,0,0,0,0,1,3057,178,341,178,341
211756,Playing,3101696,8791,0,0,0,0,1,3061,0,341,0,341
212011,Playing,3066880,8692,0,0,0,0,1,3063,0,341,0,341
212265,Playing,3059712,8672,0,0,0,0,1,3066,93,341,93,341
212517,Playing,3052544,8652,0,0,0,0,1,3072,0,341,0,341
212771,Playing,3045376,8632,0,0,0,0,1,3075,0,341,0,341
213023,Playing,3046400,8634,0,0,0,0,1,3078,0,341,0,341
213275,Playing,3039232,8614,0,0,0,0,1,3081,0,341,0,341
213530,Playing,3032064,8594,0,0,0,0,1,3084,176,341,176,341
213784,Playing,3080192,8730,0,0,0,0,1,3089,0,341,0,341
214037,Playing,3073024,8710,0,0,0,0,1,3092,0,341,0,341
214290,Playing,3010560,8533,0,0,0,0,1,3093,94,341,94,341
214543,Playing,3066880,8692,0,0,0,0,1,3098,0,341,0,341
214795,Playing,3059712,8672,0,0,0,0,1,3101,0,341,0,341
215047,Playing,3070976,8704,0,0,0,0,1,3107,0,341,12,341
215251,Playing,3006464,8521,0,0,0,0,1,3108,95,341,95,341
215504,Playing,2999296,8501,0,0,0,0,1,3111,94,341,94,341
215757,Playing,3027968,8582,0,0,0,0,1,3115,173,341,173,341
216012,Playing,2993152,8483,0,0,0,0,1,3117,0,341,0,341
216265,Playing,3013632,8542,0,0,0,0,1,3121,96,341,96,341
216519,Playing,3034112,8600,0,0,0,0,1,3125,0,341,0,341
216772,Playing,3054592,8658,0,0,0,0,1,3129,0,341,0,341
217025,Playing,3019776,8559,0,0,0,0,1,3131,12,341,12,341
217277,Playing,3012608,8539,0,0,0,0,1,3134,0,341,0,341
217531,Playing,3005440,8518,0,0,0,0,1,3137,96,341,96,341
217783,Playing,3034112,8600,0,0,0,0,1,3141,177,341,177,341
218035,Playing,3026944,8579,0,0,0,0,1,3147,0,341,0,341
218289,Playing,2964480,8402,0,0,0,0,1,3148,95,341,95,341
218542,Playing,2984960,8460,0,0,0,0,1,3152,95,341,95,341
218794,Playing,3005440,8518,0,0,0,0,1,3156,0,341,0,341
219047,Playing,2998272,8498,0,0,0,0,1,3159,176,341,176,341
219250,Playing,3015680,8547,0,0,0,0,1,3162,0,341,0,341
219503,Playing,3008512,8527,0,0,0,0,1,3165,0,341,0,341
219756,Playing,2973696,8428,0,0,0,0,1,3167,0,341,0,341
220008,Playing,2994176,8486,0,0,0,0,1,3171,0,341,0,341
220261,Playing,2987008,8466,0,0,0,0,1,3174,95,341,95,341
220514,Playing,3007488,8524,0,0,0,0,1,3178,0,341,0,341
220766,Playing,2999296,8501,0,0,0,0,1,3184,0,341,0,341
221018,Playing,2992128,8481,0,0,0,0,1,3187,0,341,0,341
221272,Playing,2984960,8460,0,0,0,0,1,3190,93,341,93,341
221525,Playing,2977792,8440,0,0,0,0,1,3193,0,341,0,341
221780,Playing,2970624,8420,0,0,0,0,1,3196,93,341,93,341
222032,Playing,2999296,8501,0,0,0,0,1,3200,2,341,2,341
222284,Playing,2992128,8481,0,0,0,0,1,3203,0,341,0,341
222536,Playing,2957312,8382,0,0,0,0,1,3205,0,341,0,341
222789,Playing,2977792,8440,0,0,0,0,1,3209,0,341,0,341
223041,Playing,2998272,8498,0,0,0,0,1,3213,0,341,0,341
223295,Playing,2935808,8321,0,0,0,0,1,3214,172,341,172,341
223547,Playing,2964480,8402,0,0,0,0,1,3218,0,341,0,341
223751,Playing,2964480,8402,0,0,0,0,1,3224,0,341,0,341
224003,Playing,2957312,8382,0,0,0,0,1,3227,94,341,94,341
224256,Playing,2977792,8440,0,0,0,0,1,3231,0,341,0,341
224509,Playing,2915328,8263,0,0,0,0,1,3232,175,341,176,341
224761,Playing,2935808,8321,0,0,0,0,1,3236,92,341,92,341
225016,Playing,2964480,8402,0,0,0,0,1,3240,0,341,0,341
225269,Playing,2957312,8382,0,0,0,0,1,3243,96,341,96,341
225521,Playing,2950144,8362,0,0,0,0,1,3246,0,341,0,341
225775,Playing,2942976,8341,0,0,0,0,1,3249,0,341,0,341
226028,Playing,2935808,8321,0,0,0,0,1,3252,95,341,95,341
226282,Playing,2956288,8379,0,0,0,0,1,3256,94,341,94,341
226535,Playing,2939904,8333,0,0,0,0,1,3262,13,341,13,341
226788,Playing,2940928,8335,0,0,0,0,1,3265,94,341,94,341
227040,Playing,2933760,8315,0,0,0,0,1,3268,0,341,0,341
227293,Playing,2926592,8295,0,0,0,0,1,3271,0,341,0,341
227546,Playing,2919424,8275,0,0,0,0,1,3274,95,341,95,341
227797,Playing,2912256,8254,0,0,0,0,1,3277,0,341,0,341
228000,Playing,2893824,8202,0,0,0,0,1,3279,97,341,97,341
228253,Playing,2950144,8362,0,0,0,0,1,3284,0,341,0,341
228505,Playing,2970624,8420,0,0,0,0,1,3288,0,341,0,341
228759,Playing,2908160,8243,0,0,0,0,1,3289,174,341,174,341
229011,Playing,2928640,8301,0,0,0,0,1,3293,0,341,0,341
229265,Playing,2921472,8280,0,0,0,0,1,3299,0,341,0,341
229517,Playing,2859008,8103,0,0,0,0,1,3300,177,341,177,341
229769,Playing,2887680,8185,0,0,0,0,1,3304,0,341,0,341
230021,Playing,2880512,8164,0,0,0,0,1,3307,0,341,0,341
230274,Playing,2900992,8222,0,0,0,0,1,3311,0,341,0,341
230527,Playing,2893824,8202,0,0,0,0,1,3314,177,341,178,341
230780,Playing,2859008,8103,0,0,0,0,1,3316,0,341,0,341
231032,Playing,2879488,8161,0,0,0,0,1,3320,177,341,177,341
231286,Playing,2908160,8243,0,0,0,0,1,3324,0,341,0,341
231539,Playing,2900992,8222,0,0,0,0,1,3327,173,341,173,341
231792,Playing,2893824,8202,0,0,0,0,1,3330,176,341,176,341
232045,Playing,2859008,8103,0,0,0,0,1,3335,0,341,15,341
232299,Playing,2851840,8083,0,0,0,0,1,3338,0,341,0,341
232501,Playing,2861056,8109,0,0,0,0,1,3341,12,341,12,341
232755,Playing,2834432,8034,0,0,0,0,1,3343,96,341,96,341
233007,Playing,2854912,8092,0,0,0,0,1,3347,174,341,174,341
233260,Playing,2903040,8228,0,0,0,0,1,3352,0,341,0,341
233513,Playing,2840576,8051,0,0,0,0,1,3353,97,341,97,341
233766,Playing,2833408,8031,0,0,0,0,1,3356,91,341,91,341
234018,Playing,2881536,8167,0,0,0,0,1,3361,0,341,0,341
234271,Playing,2854912,8092,0,0,0,0,1,3363,174,341,175,341
234524,Playing,2847744,8071,0,0,0,0,1,3366,0,341,0,341
234777,Playing,2840576,8051,0,0,0,0,1,3369,15,341,15,341
235029,Playing,2833408,8031,0,0,0,0,1,3375,0,341,0,341
235282,Playing,2853888,8089,0,0,0,0,1,3379,15,341,15,341
235535,Playing,2874368,8147,0,0,0,0,1,3383,15,341,15,341
235787,Playing,2784256,7891,0,0,0,0,1,3383,15,341,15,341
236042,Playing,2840576,8051,0,0,0,0,1,3388,0,341,0,341
236294,Playing,2833408,8031,0,0,0,0,1,3391,94,341,95,341
236546,Playing,2853888,8089,0,0,0,0,1,3395,0,341,0,341
236799,Playing,2874368,8147,0,0,0,0,1,3399,0,341,0,341
237002,Playing,2828288,8016,0,0,0,0,1,3400,173,341,173,341
237255,Playing,2829312,8019,0,0,0,0,1,3403,0,341,0,341
237507,Playing,2794496,7920,0,0,0,0,1,3405,0,341,0,341
237759,Playing,2842624,8057,0,0,0,0,1,3413,95,341,95,341
238013,Playing,2807808,7958,0,0,0,0,1,3415,0,341,0,341
238265,Playing,2800640,7938,0,0,0,0,1,3418,0,341,0,341
238518,Playing,2821120,7996,0,0,0,0,1,3422,96,341,96,341
238770,Playing,2822144,7999,0,0,0,0,1,3425,92,341,92,341
239024,Playing,2787328,7900,0,0,0,0,1,3427,0,341,0,341
239278,Playing,2807808,7958,0,0,0,0,1,3431,94,341,94,341
239532,Playing,2828288,8016,0,0,0,0,1,3435,0,341,0,341
239785,Playing,2848768,8074,0,0,0,0,1,3439,0,341,0,341
240037,Playing,2841600,8054,0,0,0,0,1,3442,15,341,15,341
240290,Playing,2834432,8034,0,0,0,0,1,3445,97,341,97,341
240543,Playing,2771968,7857,0,0,0,0,1,3449,173,341,173,341
240795,Playing,2800640,7938,0,0,0,0,1,3453,0,341,0,341
241000,Playing,2782208,7886,0,0,0,0,1,3455,16,341,16,341
241253,Playing,2775040,7865,0,0,0,0,1,3458,94,341,95,341
241506,Playing,2795520,7923,0,0,0,0,1,3462,93,341,93,341
241761,Playing,2760704,7825,0,0,0,0,1,3464,1,341,1,341
242013,Playing,2753536,7804,0,0,0,0,1,3467,94,341,94,341
242266,Playing,2809856,7964,0,0,0,0,1,3472,0,341,0,341
242519,Playing,2802688,7944,0,0,0,0,1,3475,0,341,0,341
242771,Playing,2795520,7923,0,0,0,0,1,3478,177,341,177,341
243024,Playing,2788352,7903,0,0,0,0,1,3481,0,341,0,341
243277,Playing,2771968,7857,0,0,0,0,1,3486,0,341,14,341
243530,Playing,2774016,7862,0,0,0,0,1,3490,0,341,0,341
243784,Playing,2766848,7842,0,0,0,0,1,3493,0,341,0,341
244036,Playing,2795520,7923,0,0,0,0,1,3497,13,341,13,341
244289,Playing,2788352,7903,0,0,0,0,1,3500,97,341,97,341
244541,Playing,2808832,7961,0,0,0,0,1,3504,0,341,0,341
244794,Playing,2774016,7862,0,0,0,0,1,3506,0,341,0,341
245047,Playing,2766848,7842,0,0,0,0,1,3509,0,341,0,341
245250,Playing,2748416,7790,0,0,0,0,1,3511,0,341,0,341
245503,Playing,2741248,7769,0,0,0,0,1,3514,177,341,177,341
245755,Playing,2769920,7851,0,0,0,0,1,3518,175,341,175,341
246008,Playing,2771968,7857,0,0,0,0,1,3524,0,341,13,341
246261,Playing,2691072,7627,0,0,0,0,1,3525,97,341,97,341
246515,Playing,2711552,7685,0,0,0,0,1,3529,91,341,91,341
246769,Playing,2732032,7743,0,0,0,0,1,3533,0,341,0,341
247022,Playing,2724864,7723,0,0,0,0,1,3536,177,341,177,341
247275,Playing,2745344,7781,0,0,0,0,1,3540,0,341,0,341
247527,Playing,2718720,7706,0,0,0,0,1,3542,0,341,0,341
247779,Playing,2711552,7685,0,0,0,0,1,3545,96,341,96,341
248032,Playing,2704384,7665,0,0,0,0,1,3548,0,341,0,341
248285,Playing,2752512,7801,0,0,0,0,1,3553,0,341,0,341
248538,Playing,2745344,7781,0,0,0,0,1,3556,0,341,0,341
248792,Playing,2747392,7787,0,0,0,0,1,3560,92,341,92,341
249046,Playing,2666496,7558,0,0,0,0,1,3563,176,341,176,341
249299,Playing,2686976,7616,0,0,0,0,1,3567,0,341,0,341
249502,Playing,2704384,7665,0,0,0,0,1,3570,0,341,0,341
249756,Playing,2697216,7645,0,0,0,0,1,3573,0,341,0,341
250008,Playing,2690048,7624,0,0,0,0,1,3576,0,341,0,341
250262,Playing,2710528,7682,0,0,0,0,1,3580,0,341,0,341
250515,Playing,2731008,7740,0,0,0,0,1,3584,0,341,0,341
250768,Playing,2668544,7563,0,0,0,0,1,3585,98,341,98,341
251020,Playing,2697216,7645,0,0,0,0,1,3589,15,341,15,341
251273,Playing,2717696,7703,0,0,0,0,1,3593,0,341,0,341
251527,Playing,2710528,7682,0,0,0,0,1,3596,14,341,14,341
251780,Playing,2666496,7558,0,0,0,0,1,3601,93,341,94,341
252033,Playing,2686976,7616,0,0,0,0,1,3605,98,341,98,341
252287,Playing,2652160,7517,0,0,0,0,1,3607,0,341,0,341
252540,Playing,2672640,7575,0,0,0,0,1,3611,0,341,0,341
252793,Playing,2693120,7633,0,0,0,0,1,3615,0,341,0,341
253045,Playing,2666496,7558,0,0,0,0,1,3617,95,341,95,341
253299,Playing,2686976,7616,0,0,0,0,1,3621,94,341,94,341
253503,Playing,2668544,7563,0,0,0,0,1,3623,177,341,177,341
253756,Playing,2606080,7386,0,0,0,0,1,3624,94,341,94,341
254009,Playing,2654208,7523,0,0,0,0,1,3629,0,341,0,341
254263,Playing,2647040,7502,0,0,0,0,1,3632,177,341,177,341
254517,Playing,2648064,7505,0,0,0,0,1,3638,0,341,13,341
254770,Playing,2668544,7563,0,0,0,0,1,3642,0,341,0,341
255024,Playing,2606080,7386,0,0,0,0,1,3643,93,341,93,341
255276,Playing,2626560,7444,0,0,0,0,1,3647,15,341,15,341
255528,Playing,2619392,7424,0,0,0,0,1,3650,98,341,98,341
255782,Playing,2639872,7482,0,0,0,0,1,3654,15,341,15,341
256035,Playing,2632704,7462,0,0,0,0,1,3657,0,341,0,341
256287,Playing,2606080,7386,0,0,0,0,1,3659,97,341,97,341
256539,Playing,2626560,7444,0,0,0,0,1,3663,94,341,94,341
256792,Playing,2647040,7502,0,0,0,0,1,3667,0,341,0,341
257045,Playing,2667520,7560,0,0,0,0,1,3671,16,341,16,341
257298,Playing,2632704,7462,0,0,0,0,1,3676,0,341,15,341
257501,Playing,2614272,7410,0,0,0,0,1,3678,0,341,0,341
257754,Playing,2615296,7412,0,0,0,0,1,3681,174,341,174,341
258006,Playing,2635776,7471,0,0,0,0,1,3685,0,341,0,341
258259,Playing,2600960,7372,0,0,0,0,1,3687,0,341,0,341
258511,Playing,2593792,7352,0,0,0,0,1,3690,0,341,0,341
258765,Playing,2614272,7410,0,0,0,0,1,3694,175,341,175,341
259019,Playing,2662400,7546,0,0,0,0,1,3699,0,341,0,341
259270,Playing,2599936,7369,0,0,0,0,1,3700,176,341,176,341
259522,Playing,2600960,7372,0,0,0,0,1,3703,0,341,0,341
259774,Playing,2621440,7430,0,0,0,0,1,3707,0,341,0,341
260025,Playing,2614272,7410,0,0,0,0,1,3710,172,341,172,341
260279,Playing,2551808,7233,0,0,0,0,1,3714,0,341,14,341
260533,Playing,2572288,7291,0,0,0,0,1,3718,91,341,91,341
260784,Playing,2565120,7270,0,0,0,0,1,3721,96,341,96,341
261037,Playing,2621440,7430,0,0,0,0,1,3726,0,341,0,341
261290,Playing,2586624,7331,0,0,0,0,1,3728,176,341,176,341
261544,Playing,2579456,7311,0,0,0,0,1,3731,0,341,0,341
261796,Playing,2572288,7291,0,0,0,0,1,3734,0,341,0,341
262049,Playing,2592768,7349,0,0,0,0,1,3738,0,341,0,341
262252,Playing,2574336,7296,0,0,0,0,1,3740,0,341,0,341
262505,Playing,2575360,7299,0,0,0,0,1,3743,0,341,0,341
262757,Playing,2568192,7279,0,0,0,0,1,3746,94,341,94,341
263011,Playing,2588672,7337,0,0,0,0,1,3753,0,341,0,341
263263,Playing,2581504,7317,0,0,0,0,1,3756,15,341,15,341
263516,Playing,2601984,7375,0,0,0,0,1,3760,0,341,0,341
263767,Playing,2567168,7276,0,0,0,0,1,3762,95,341,95,341
264020,Playing,2568192,7279,0,0,0,0,1,3765,0,341,0,341
264272,Playing,2561024,7259,0,0,0,0,1,3768,95,341,95,341
264525,Playing,2581504,7317,0,0,0,0,1,3772,93,341,93,341
264778,Playing,2601984,7375,0,0,0,0,1,3776,0,341,0,341
265030,Playing,2567168,7276,0,0,0,0,1,3778,0,341,0,341
265283,Playing,2560000,7256,0,0,0,0,1,3781,92,341,92,341
265504,Playing,2541568,7203,0,0,0,0,1,3783,0,341,0,341
265758,Playing,2552832,7235,0,0,0,0,1,3789,0,341,12,341
266013,Playing,2554880,7241,0,0,0,0,1,3793,0,341,0,341
266265,Playing,2547712,7221,0,0,0,0,1,3796,0,341,0,341
266517,Playing,2568192,7279,0,0,0,0,1,3800,0,341,0,341
266771,Playing,2561024,7259,0,0,0,0,1,3803,96,341,96,341
267025,Playing,2534400,7183,0,0,0,0,1,3805,0,341,0,341
267278,Playing,2554880,7241,0,0,0,0,1,3809,0,341,0,341
267531,Playing,2547712,7221,0,0,0,0,1,3812,0,341,0,341
267785,Playing,2568192,7279,0,0,0,0,1,3816,0,341,0,341
268037,Playing,2561024,7259,0,0,0,0,1,3819,1,341,1,341
268291,Playing,2553856,7238,0,0,0,0,1,3822,0,341,0,341
268545,Playing,2537472,7192,0,0,0,0,1,3827,0,341,11,341
268796,Playing,2511872,7119,0,0,0,0,1,3830,174,341,175,341
269049,Playing,2540544,7201,0,0,0,0,1,3834,0,341,0,341
269252,Playing,2522112,7148,0,0,0,0,1,3836,0,341,0,341
269505,Playing,2542592,7206,0,0,0,0,1,3840,0,341,0,341
269760,Playing,2480128,7029,0,0,0,0,1,3841,96,341,96,341
270012,Playing,2500608,7087,0,0,0,0,1,3845,95,341,95,341
270264,Playing,2521088,7145,0,0,0,0,1,3849,0,341,0,341
270517,Playing,2522112,7148,0,0,0,0,1,3852,0,341,0,341
270772,Playing,2542592,7206,0,0,0,0,1,3856,175,341,175,341
271026,Playing,2507776,7108,0,0,0,0,1,3858,0,341,0,341
271278,Playing,2500608,7087,0,0,0,0,1,3861,15,341,15,341
271532,Playing,2484224,7041,0,0,0,0,1,3867,96,341,96,341
271785,Playing,2449408,6942,0,0,0,0,1,3869,0,341,0,341
272038,Playing,2469888,7000,0,0,0,0,1,3873,0,341,0,341
272291,Playing,2462720,6980,0,0,0,0,1,3876,0,341,0,341
272544,Playing,2491392,7061,0,0,0,0,1,3880,0,341,0,341
272798,Playing,2511872,7119,0,0,0,0,1,3884,0,341,0,341
273000,Playing,2493440,7067,0,0,0,0,1,3886,0,341,0,341
273254,Playing,2486272,7047,0,0,0,0,1,3889,0,341,0,341
273507,Playing,2506752,7105,0,0,0,0,1,3893,14,341,14,341
273759,Playing,2527232,7163,0,0,0,0,1,3897,0,341,0,341
274014,Playing,2528256,7166,0,0,0,0,1,3900,0,341,0,341
274267,Playing,2456576,6963,0,0,0,0,1,3904,0,341,0,341
274520,Playing,2477056,7021,0,0,0,0,1,3908,0,341,0,341
274773,Playing,2469888,7000,0,0,0,0,1,3911,0,341,0,341
275024,Playing,2435072,6902,0,0,0,0,1,3913,0,341,0,341
275276,Playing,2427904,6881,0,0,0,0,1,3916,96,341,96,341
275530,Playing,2456576,6963,0,0,0,0,1,3920,0,341,0,341
275783,Playing,2477056,7021,0,0,0,0,1,3924,0,341,0,341
276037,Playing,2469888,7000,0,0,0,0,1,3927,0,341,1,341
276291,Playing,2435072,6902,0,0,0,0,1,3929,0,341,0,341
276544,Playing,2455552,6960,0,0,0,0,1,3933,0,341,0,341
276796,Playing,2448384,6939,0,0,0,0,1,3936,0,341,0,341
277049,Playing,2432000,6893,0,0,0,0,1,3942,2,341,2,341
277251,Playing,2421760,6864,0,0,0,0,1,3944,0,341,0,341
277504,Playing,2414592,6844,0,0,0,0,1,3947,0,341,0,341
277757,Playing,2435072,6902,0,0,0,0,1,3951,0,341,0,341
278008,Playing,2427904,6881,0,0,0,0,1,3954,94,341,94,341
278262,Playing,2420736,6861,0,0,0,0,1,3957,93,341,93,341
278515,Playing,2413568,6841,0,0,0,0,1,3960,0,341,0,341
278766,Playing,2442240,6922,0,0,0,0,1,3964,0,341,0,341
279018,Playing,2435072,6902,0,0,0,0,1,3967,0,341,0,341
279272,Playing,2427904,6881,0,0,0,0,1,3970,91,341,91,341
279524,Playing,2420736,6861,0,0,0,0,1,3973,0,341,0,341
279777,Playing,2413568,6841,0,0,0,0,1,3976,0,341,0,341
280032,Playing,2406400,6820,0,0,0,0,1,3982,0,341,0,341
280285,Playing,2426880,6878,0,0,0,0,1,3986,0,341,0,341
280540,Playing,2419712,6858,0,0,0,0,1,3989,0,341,0,341
280792,Playing,2365440,6704,0,0,0,0,1,3990,176,341,176,341
281045,Playing,2413568,6841,0,0,0,0,1,3995,0,341,0,341
281296,Playing,2378752,6742,0,0,0,0,1,3997,172,341,172,341
281500,Playing,2387968,6768,0,0,0,0,1,4000,13,341,13,341
281753,Playing,2380800,6748,0,0,0,0,1,4003,95,341,95,341
282007,Playing,2409472,6829,0,0,0,0,1,4007,14,341,14,341
282260,Playing,2429952,6887,0,0,0,0,1,4011,0,341,0,341
282514,Playing,2367488,6710,0,0,0,0,1,4012,175,341,175,341
282766,Playing,2360320,6690,0,0,0,0,1,4018,97,341,97,341
283020,Playing,2380800,6748,0,0,0,0,1,4022,0,341,0,341
283273,Playing,2373632,6727,0,0,0,0,1,4025,0,341,0,341
283526,Playing,2394112,6786,0,0,0,0,1,4029,0,341,0,341
283781,Playing,2359296,6687,0,0,0,0,1,4031,0,341,0,341
284033,Playing,2360320,6690,0,0,0,0,1,4034,0,341,0,341
284286,Playing,2380800,6748,0,0,0,0,1,4038,96,341,96,341
284540,Playing,2401280,6806,0,0,0,0,1,4042,0,341,0,341
284794,Playing,2338816,6629,0,0,0,0,1,4043,175,341,175,341
285046,Playing,2386944,6765,0,0,0,0,1,4048,0,341,0,341
285300,Playing,2379776,6745,0,0,0,0,1,4051,0,341,0,341
285503,Playing,2369536,6716,0,0,0,0,1,4056,0,341,0,341
285755,Playing,2334720,6617,0,0,0,0,1,4058,0,341,0,341
286008,Playing,2327552,6597,0,0,0,0,1,4061,178,341,178,341
286262,Playing,2348032,6655,0,0,0,0,1,4065,94,341,94,341
286515,Playing,2368512,6713,0,0,0,0,1,4069,0,341,0,341
286768,Playing,2388992,6771,0,0,0,0,1,4073,0,341,0,341
287022,Playing,2326528,6594,0,0,0,0,1,4074,176,341,176,341
287275,Playing,2347008,6652,0,0,0,0,1,4078,0,341,0,341
287526,Playing,2348032,6655,0,0,0,0,1,4081,176,341,176,341
287781,Playing,2313216,6556,0,0,0,0,1,4083,0,341,0,341
288034,Playing,2333696,6614,0,0,0,0,1,4087,14,341,14,341
288286,Playing,2317312,6568,0,0,0,0,1,4092,0,341,11,341
288540,Playing,2319360,6574,0,0,0,0,1,4096,1,341,1,341
288792,Playing,2339840,6632,0,0,0,0,1,4100,14,341,14,341
289044,Playing,2332672,6611,0,0,0,0,1,4103,91,341,91,341
289297,Playing,2333696,6614,0,0,0,0,1,4106,0,341,0,341
289550,Playing,2326528,6594,0,0,0,0,1,4109,0,341,0,341
289752,Playing,2335744,6620,0,0,0,0,1,4112,96,341,96,341
290005,Playing,2356224,6678,0,0,0,0,1,4116,0,341,0,341
290259,Playing,2321408,6579,0,0,0,0,1,4118,0,341,0,341
290512,Playing,2322432,6582,0,0,0,0,1,4121,95,341,95,341
290766,Playing,2342912,6640,0,0,0,0,1,4125,0,341,0,341
291020,Playing,2335744,6620,0,0,0,0,1,4131,0,341,0,341
291274,Playing,2273280,6443,0,0,0,0,1,4132,177,341,177,341
291525,Playing,2293760,6501,0,0,0,0,1,4136,0,341,0,341
291779,Playing,2314240,6559,0,0,0,0,1,4140,0,341,0,341
292032,Playing,2307072,6539,0,0,0,0,1,4143,97,341,97,341
292283,Playing,2280448,6463,0,0,0,0,1,4145,0,341,1,341
292538,Playing,2273280,6443,0,0,0,0,1,4148,96,341,97,341
292792,Playing,2293760,6501,0,0,0,0,1,4152,99,341,99,341
293045,Playing,2258944,6402,0,0,0,0,1,4154,3,341,3,341
293298,Playing,2279424,6460,0,0,0,0,1,4158,1,341,1,341
293501,Playing,2316288,6565,0,0,0,0,1,4162,0,341,0,341
293754,Playing,2317312,6568,0,0,0,0,1,4165,0,341,0,341
294008,Playing,2282496,6469,0,0,0,0,1,4170,97,341,97,341
294261,Playing,2275328,6449,0,0,0,0,1,4173,0,341,0,341
294514,Playing,2268160,6429,0,0,0,0,1,4176,0,341,0,341
294767,Playing,2288640,6487,0,0,0,0,1,4180,0,341,0,341
295021,Playing,2281472,6466,0,0,0,0,1,4183,174,341,174,341
295274,Playing,2246656,6368,0,0,0,0,1,4185,14,341,14,341
295527,Playing,2275328,6449,0,0,0,0,1,4189,15,341,15,341
295779,Playing,2295808,6507,0,0,0,0,1,4193,0,341,0,341
296032,Playing,2288640,6487,0,0,0,0,1,4196,0,341,0,341
296284,Playing,2253824,6388,0,0,0,0,1,4198,0,341,0,341
296538,Playing,2274304,6446,0,0,0,0,1,4202,0,341,0,341
296792,Playing,2230272,6321,0,0,0,0,1,4207,0,341,0,341
297045,Playing,2250752,6379,0,0,0,0,1,4211,0,341,0,341
297298,Playing,2251776,6382,0,0,0,0,1,4214,0,341,0,341
297501,Playing,2233344,6330,0,0,0,0,1,4216,0,341,0,341
297753,Playing,2253824,6388,0,0,0,0,1,4220,0,341,0,341
298006,Playing,2274304,6446,0,0,0,0,1,4224,0,341,0,341
298260,Playing,2267136,6426,0,0,0,0,1,4227,0,341,0,341
298512,Playing,2232320,6327,0,0,0,0,1,4229,0,341,0,341
298766,Playing,2233344,6330,0,0,0,0,1,4232,0,341,0,341
299020,Playing,2253824,6388,0,0,0,0,1,4236,95,341,95,341
299273,Playing,2274304,6446,0,0,0,0,1,4240,0,341,0,341
299525,Playing,2257920,6400,0,0,0,0,1,4246,0,341,0,341
299778,Playing,2195456,6222,0,0,0,0,1,4247,178,341,178,341
300031,Playing,2215936,6280,0,0,0,0,1,4251,0,341,0,341
300284,Playing,2208768,6260,0,0,0,0,1,4254,93,341,93,341
300537,Playing,2229248,6318,0,0,0,0,1,4258,0,341,0,341
300790,Playing,2202624,6243,0,0,0,0,1,4260,0,341,0,341
301043,Playing,2195456,6222,0,0,0,0,1,4263,175,341,175,341
301295,Playing,2188288,6202,0,0,0,0,1,4266,0,341,0,341
301548,Playing,2236416,6339,0,0,0,0,1,4271,14,341,14,341
301750,Playing,2190336,6208,0,0,0,0,1,4272,180,341,180,341
302002,Playing,2246656,6368,0,0,0,0,1,4277,0,341,0,341
302255,Playing,2221056,6295,0,0,0,0,1,4282,0,341,17,341
302508,Playing,2167808,6144,0,0,0,0,1,4284,0,341,0,341
302762,Playing,2188288,6202,0,0,0,0,1,4288,0,341,0,341
303014,Playing,2181120,6182,0,0,0,0,1,4291,1,341,1,341
303267,Playing,2173952,6161,0,0,0,0,1,4294,172,341,172,341
303520,Playing,2194432,6220,0,0,0,0,1,4298,0,341,0,341
303773,Playing,2167808,6144,0,0,0,0,1,4300,0,341,0,341
304025,Playing,2188288,6202,0,0,0,0,1,4304,0,341,0,341
304278,Playing,2181120,6182,0,0,0,0,1,4307,0,341,0,341
304532,Playing,2201600,6240,0,0,0,0,1,4311,0,341,0,341
304783,Playing,2194432,6220,0,0,0,0,1,4314,94,341,94,341
305036,Playing,2159616,6121,0,0,0,0,1,4316,0,341,0,341
305290,Playing,2160640,6124,0,0,0,0,1,4322,0,341,0,341
305543,Playing,2153472,6103,0,0,0,0,1,4325,172,341,173,341
305794,Playing,2201600,6240,0,0,0,0,1,4330,0,341,0,341
306048,Playing,2139136,6063,0,0,0,0,1,4331,176,341,177,341
306251,Playing,2176000,6167,0,0,0,0,1,4335,0,341,0,341
306504,Playing,2149376,6092,0,0,0,0,1,4337,175,341,175,341
306758,Playing,2142208,6072,0,0,0,0,1,4340,0,341,0,341
307011,Playing,2162688,6130,0,0,0,0,1,4344,0,341,0,341
307265,Playing,2155520,6109,0,0,0,0,1,4347,173,341,173,341
307518,Playing,2176000,6167,0,0,0,0,1,4351,0,341,0,341
307771,Playing,2196480,6225,0,0,0,0,1,4355,0,341,0,341
308022,Playing,2106368,5970,0,0,0,0,1,4358,0,341,15,341
308275,Playing,2135040,6051,0,0,0,0,1,4362,0,341,0,341
308526,Playing,2155520,6109,0,0,0,0,1,4366,0,341,0,341
308780,Playing,2148352,6089,0,0,0,0,1,4369,0,341,0,341
309033,Playing,2141184,6069,0,0,0,0,1,4372,0,341,0,341
309285,Playing,2134016,6048,0,0,0,0,1,4375,0,341,0,341
309537,Playing,2126848,6028,0,0,0,0,1,4378,0,341,0,341
309790,Playing,2147328,6086,0,0,0,0,1,4382,0,341,0,341
310043,Playing,2176000,6167,0,0,0,0,1,4386,0,341,0,341
310295,Playing,2113536,5990,0,0,0,0,1,4387,175,341,175,341
310547,Playing,2134016,6048,0,0,0,0,1,4391,0,341,0,341
310751,Playing,2115584,5996,0,0,0,0,1,4393,0,341,0,341
311004,Playing,2108416,5976,0,0,0,0,1,4399,0,341,0,341
311258,Playing,2101248,5955,0,0,0,0,1,4402,0,341,0,341
311512,Playing,2102272,5958,0,0,0,0,1,4405,176,341,176,341
311765,Playing,2095104,5938,0,0,0,0,1,4408,0,341,0,341
312019,Playing,2087936,5918,0,0,0,0,1,4411,0,341,0,341
312272,Playing,2108416,5976,0,0,0,0,1,4415,175,341,175,341
312525,Playing,2073600,5877,0,0,0,0,1,4417,0,341,0,341
312777,Playing,2121728,6013,0,0,0,0,1,4422,0,341,0,341
313030,Playing,2122752,6016,0,0,0,0,1,4425,95,341,95,341
313283,Playing,2115584,5996,0,0,0,0,1,4428,0,341,0,341
313536,Playing,2080768,5897,0,0,0,0,1,4430,177,341,177,341
313799,Playing,2073600,5877,0,0,0,0,1,4436,98,341,98,341
314002,Playing,2082816,5903,0,0,0,0,1,4439,0,341,0,341
314254,Playing,2075648,5883,0,0,0,0,1,4442,177,341,177,341
314508,Playing,2096128,5941,0,0,0,0,1,4446,0,341,0,341
314761,Playing,2116608,5999,0,0,0,0,1,4450,0,341,0,341
315013,Playing,2062336,5845,0,0,0,0,1,4451,175,341,175,341
315267,Playing,2082816,5903,0,0,0,0,1,4455,0,341,0,341
315521,Playing,2103296,5961,0,0,0,0,1,4459,0,341,0,341
315773,Playing,2096128,5941,0,0,0,0,1,4462,0,341,0,341
316025,Playing,2116608,5999,0,0,0,0,1,4466,0,341,0,341
316278,Playing,2054144,5822,0,0,0,0,1,4467,178,341,178,341
316532,Playing,2046976,5802,0,0,0,0,1,4473,0,341,0,341
316785,Playing,2067456,5860,0,0,0,0,1,4477,0,341,0,341
317039,Playing,2068480,5863,0,0,0,0,1,4480,0,341,0,341
317292,Playing,2061312,5842,0,0,0,0,1,4483,0,341,0,341
317544,Playing,2054144,5822,0,0,0,0,1,4486,0,341,0,341
317796,Playing,2046976,5802,0,0,0,0,1,4489,0,341,0,341
318050,Playing,2067456,5860,0,0,0,0,1,4493,177,341,177,341
318251,Playing,2057216,5831,0,0,0,0,1,4495,0,341,0,341
318504,Playing,2050048,5810,0,0,0,0,1,4498,179,341,179,341
318756,Playing,2070528,5868,0,0,0,0,1,4502,175,341,175,341
319008,Playing,2008064,5691,0,0,0,0,1,4503,98,341,98,341
319262,Playing,2000896,5671,0,0,0,0,1,4506,0,341,0,341
319514,Playing,2021376,5729,0,0,0,0,1,4513,0,341,0,341
319768,Playing,2041856,5787,0,0,0,0,1,4517,0,341,0,341
320022,Playing,2042880,5790,0,0,0,0,1,4520,188,341,188,341
320275,Playing,2035712,5770,0,0,0,0,1,4523,0,341,0,341
320529,Playing,2000896,5671,0,0,0,0,1,4525,91,341,91,341
320782,Playing,2021376,5729,0,0,0,0,1,4529,176,341,176,341
321035,Playing,2041856,5787,0,0,0,0,1,4533,0,341,0,341
321288,Playing,2062336,5845,0,0,0,0,1,4537,0,341,0,341
321542,Playing,1999872,5668,0,0,0,0,1,4538,94,341,94,341
321795,Playing,2020352,5726,0,0,0,0,1,4542,14,341,14,341
322048,Playing,2002944,5677,0,0,0,0,1,4547,0,341,15,341
322251,Playing,2021376,5729,0,0,0,0,1,4551,0,341,0,341
322503,Playing,2014208,5709,0,0,0,0,1,4554,97,341,97,341
322756,Playing,1979392,5610,0,0,0,0,1,4556,177,341,177,341
323009,Playing,1999872,5668,0,0,0,0,1,4560,0,341,0,341
323262,Playing,2000896,5671,0,0,0,0,1,4563,95,341,95,341
323515,Playing,2021376,5729,0,0,0,0,1,4567,0,341,0,341
323768,Playing,2014208,5709,0,0,0,0,1,4570,0,341,0,341
324021,Playing,2007040,5688,0,0,0,0,1,4573,0,341,0,341
324273,Playing,1999872,5668,0,0,0,0,1,4576,2,341,2,341
324526,Playing,2020352,5726,0,0,0,0,1,4580,93,341,93,341
324780,Playing,1994752,5654,0,0,0,0,1,4583,95,341,95,341
325033,Playing,1941504,5503,0,0,0,0,1,4587,175,341,175,341
325287,Playing,1970176,5584,0,0,0,0,1,4591,0,341,0,341
325540,Playing,1990656,5642,0,0,0,0,1,4595,0,341,0,341
325793,Playing,1983488,5622,0,0,0,0,1,4598,95,341,95,341
326045,Playing,2003968,5680,0,0,0,0,1,4602,0,341,0,341
326299,Playing,1969152,5581,0,0,0,0,1,4604,0,341,0,341
326501,Playing,1978368,5607,0,0,0,0,1,4607,95,341,95,341
326753,Playing,1951744,5532,0,0,0,0,1,4609,0,341,0,341
327006,Playing,1972224,5590,0,0,0,0,1,4613,0,341,0,341
327258,Playing,1992704,5648,0,0,0,0,1,4617,0,341,0,341
327509,Playing,1985536,5627,0,0,0,0,1,4620,0,341,0,341
327762,Playing,1913856,5424,0,0,0,0,1,4624,0,341,0,341
328016,Playing,1906688,5404,0,0,0,0,1,4627,94,341,94,341
328270,Playing,1927168,5462,0,0,0,0,1,4631,0,341,0,341
328524,Playing,1920000,5442,0,0,0,0,1,4634,176,341,176,341
328776,Playing,1948672,5523,0,0,0,0,1,4638,0,341,0,341
329030,Playing,1913856,5424,0,0,0,0,1,4640,15,341,15,341
329283,Playing,1906688,5404,0,0,0,0,1,4643,96,341,96,341
329536,Playing,1927168,5462,0,0,0,0,1,4647,0,341,0,341
329788,Playing,1947648,5520,0,0,0,0,1,4651,0,341,0,341
330042,Playing,1885184,5343,0,0,0,0,1,4652,97,341,97,341
330295,Playing,1933312,5479,0,0,0,0,1,4657,0,341,0,341
330548,Playing,1906688,5404,0,0,0,0,1,4662,0,341,0,341
330750,Playing,1915904,5430,0,0,0,0,1,4665,95,341,95,341
331002,Playing,1908736,5410,0,0,0,0,1,4668,0,341,0,341
331254,Playing,1901568,5389,0,0,0,0,1,4671,0,341,0,341
331506,Playing,1922048,5447,0,0,0,0,1,4675,0,341,0,341
331760,Playing,1942528,5506,0,0,0,0,1,4679,0,341,0,341
332013,Playing,1888256,5352,0,0,0,0,1,4680,176,341,176,341
332266,Playing,1908736,5410,0,0,0,0,1,4684,0,341,0,341
332519,Playing,1929216,5468,0,0,0,0,1,4688,0,341,0,341
332770,Playing,1922048,5447,0,0,0,0,1,4691,0,341,0,341
333022,Playing,1887232,5349,0,0,0,0,1,4693,0,341,0,341
333274,Playing,1880064,5328,0,0,0,0,1,4696,0,341,0,341
333527,Playing,1872896,5308,0,0,0,0,1,4702,93,341,93,341
333779,Playing,1901568,5389,0,0,0,0,1,4706,0,341,0,341
334033,Playing,1922048,5447,0,0,0,0,1,4710,0,341,0,341
334286,Playing,1914880,5427,0,0,0,0,1,4713,0,341,0,341
334540,Playing,1880064,5328,0,0,0,0,1,4715,0,341,0,341
334792,Playing,1872896,5308,0,0,0,0,1,4718,97,341,97,341
335045,Playing,1865728,5288,0,0,0,0,1,4721,95,341,95,341
335298,Playing,1858560,5268,0,0,0,0,1,4724,0,341,0,341
335500,Playing,1875968,5317,0,0,0,0,1,4727,92,341,93,341
335752,Playing,1896448,5375,0,0,0,0,1,4731,93,341,93,341
336004,Playing,1889280,5355,0,0,0,0,1,4737,0,341,14,341
336257,Playing,1826816,5178,0,0,0,0,1,4738,177,341,177,341
336509,Playing,1847296,5236,0,0,0,0,1,4742,0,341,0,341
336761,Playing,1875968,5317,0,0,0,0,1,4746,0,341,0,341
337014,Playing,1868800,5297,0,0,0,0,1,4749,96,341,96,341
337268,Playing,1889280,5355,0,0,0,0,1,4753,95,341,95,341
337520,Playing,1854464,5256,0,0,0,0,1,4755,0,341,0,341
337773,Playing,1847296,5236,0,0,0,0,1,4758,1,341,2,341
338026,Playing,1867776,5294,0,0,0,0,1,4762,0,341,0,341
338280,Playing,1888256,5352,0,0,0,0,1,4766,16,341,17,341
338532,Playing,1853440,5253,0,0,0,0,1,4768,0,341,0,341
338785,Playing,1872896,5308,0,0,0,0,1,4774,0,341,13,341
339038,Playing,1847296,5236,0,0,0,0,1,4777,0,341,0,341
339292,Playing,1840128,5215,0,0,0,0,1,4780,177,341,177,341
339545,Playing,1805312,5117,0,0,0,0,1,4782,0,341,0,341
339796,Playing,1798144,5096,0,0,0,0,1,4785,182,341,182,341
340000,Playing,1835008,5201,0,0,0,0,1,4789,171,341,172,341
340253,Playing,1800192,5102,0,0,0,0,1,4791,13,341,13,341
340506,Playing,1828864,5183,0,0,0,0,1,4795,177,341,177,341
340759,Playing,1849344,5241,0,0,0,0,1,4799,0,341,0,341
341012,Playing,1842176,5221,0,0,0,0,1,4802,0,341,0,341
341266,Playing,1807360,5122,0,0,0,0,1,4804,0,341,0,341
341519,Playing,1827840,5180,0,0,0,0,1,4808,0,341,0,341
341771,Playing,1793024,5082,0,0,0,0,1,4813,0,341,0,341
342025,Playing,1758208,4983,0,0,0,0,1,4815,0,341,0,341
342279,Playing,1759232,4986,0,0,0,0,1,4818,94,341,94,341
342531,Playing,1779712,5044,0,0,0,0,1,4822,92,341,92,341
342784,Playing,1800192,5102,0,0,0,0,1,4826,0,341,0,341
343038,Playing,1820672,5160,0,0,0,0,1,4830,0,341,0,341
343290,Playing,1813504,5140,0,0,0,0,1,4833,0,341,0,341
343543,Playing,1778688,5041,0,0,0,0,1,4835,0,341,0,341
343796,Playing,1799168,5099,0,0,0,0,1,4839,0,341,0,341
344000,Playing,1808384,5125,0,0,0,0,1,4842,97,341,97,341
344254,Playing,1781760,5050,0,0,0,0,1,4844,0,341,0,341
344506,Playing,1774592,5030,0,0,0,0,1,4847,95,341,95,341
344760,Playing,1767424,5009,0,0,0,0,1,4853,96,341,96,341
345012,Playing,1787904,5067,0,0,0,0,1,4857,0,341,0,341
345264,Playing,1808384,5125,0,0,0,0,1,4861,14,341,14,341
345518,Playing,1801216,5105,0,0,0,0,1,4864,98,341,98,341
345771,Playing,1766400,5006,0,0,0,0,1,4866,0,341,0,341
346023,Playing,1759232,4986,0,0,0,0,1,4869,0,341,0,341
346275,Playing,1787904,5067,0,0,0,0,1,4873,91,341,91,341
346528,Playing,1808384,5125,0,0,0,0,1,4877,14,341,14,341
346781,Playing,1801216,5105,0,0,0,0,1,4880,95,341,95,341
347034,Playing,1766400,5006,0,0,0,0,1,4882,174,341,174,341
347288,Playing,1768448,5012,0,0,0,0,1,4888,0,341,12,341
347541,Playing,1742848,4940,0,0,0,0,1,4891,95,341,95,341
347794,Playing,1763328,4998,0,0,0,0,1,4895,94,341,94,341
348047,Playing,1728512,4899,0,0,0,0,1,4897,0,341,0,341
348251,Playing,1745920,4948,0,0,0,0,1,4900,177,341,177,341
348503,Playing,1738752,4928,0,0,0,0,1,4903,0,341,0,341
348756,Playing,1731584,4908,0,0,0,0,1,4906,0,341,0,341
349010,Playing,1752064,4966,0,0,0,0,1,4910,0,341,0,341
349262,Playing,1772544,5024,0,0,0,0,1,4914,0,341,0,341
349515,Playing,1765376,5003,0,0,0,0,1,4917,0,341,0,341
349769,Playing,1738752,4928,0,0,0,0,1,4919,0,341,0,341
350022,Playing,1759232,4986,0,0,0,0,1,4923,0,341,0,341
350275,Playing,1687552,4783,0,0,0,0,1,4927,176,341,176,341
350528,Playing,1735680,4919,0,0,0,0,1,4932,0,341,0,341
350781,Playing,1673216,4742,0,0,0,0,1,4933,95,341,95,341
351035,Playing,1666048,4722,0,0,0,0,1,4936,92,341,92,341
351288,Playing,1714176,4858,0,0,0,0,1,4941,0,341,0,341
351540,Playing,1734656,4916,0,0,0,0,1,4945,0,341,0,341
351794,Playing,1727488,4896,0,0,0,0,1,4948,0,341,0,341
352046,Playing,1700864,4821,0,0,0,0,1,4950,0,341,0,341
352300,Playing,1693696,4800,0,0,0,0,1,4953,0,341,0,341
352504,Playing,1675264,4748,0,0,0,0,1,4955,0,341,0,341
352757,Playing,1695744,4806,0,0,0,0,1,4959,0,341,0,341
353010,Playing,1670144,4733,0,0,0,0,1,4964,0,341,14,341
353263,Playing,1672192,4739,0,0,0,0,1,4968,94,341,94,341
353515,Playing,1692672,4797,0,0,0,0,1,4972,18,341,18,341
353768,Playing,1693696,4800,0,0,0,0,1,4975,0,341,0,341
354021,Playing,1658880,4702,0,0,0,0,1,4977,0,341,0,341
354273,Playing,1679360,4760,0,0,0,0,1,4981,0,341,0,341
354525,Playing,1672192,4739,0,0,0,0,1,4984,95,341,95,341
354778,Playing,1692672,4797,0,0,0,0,1,4988,96,341,96,341
355032,Playing,1630208,4620,0,0,0,0,1,4989,176,341,176,341
355286,Playing,1650688,4678,0,0,0,0,1,4993,95,341,95,341
355539,Playing,1643520,4658,0,0,0,0,1,4996,95,341,95,341
355793,Playing,1672192,4739,0,0,0,0,1,5003,0,341,0,341
356045,Playing,1665024,4719,0,0,0,0,1,5006,96,341,96,341
356299,Playing,1657856,4699,0,0,0,0,1,5009,0,341,0,341
356502,Playing,1639424,4646,0,0,0,0,1,5011,94,341,94,341
356755,Playing,1659904,4704,0,0,0,0,1,5015,94,341,94,341
357009,Playing,1680384,4762,0,0,0,0,1,5019,0,341,0,341
357266,Playing,1617920,4585,0,0,0,0,1,5020,179,341,179,341
357519,Playing,1638400,4643,0,0,0,0,1,5024,94,341,94,341
357771,Playing,1667072,4725,0,0,0,0,1,5028,0,341,0,341
358024,Playing,1659904,4704,0,0,0,0,1,5031,94,341,94,341
358278,Playing,1652736,4684,0,0,0,0,1,5034,0,341,0,341
358531,Playing,1645568,4664,0,0,0,0,1,5037,0,341,0,341
358784,Playing,1610752,4565,0,0,0,0,1,5042,96,341,96,341
359037,Playing,1631232,4623,0,0,0,0,1,5046,96,341,96,341
359290,Playing,1679360,4760,0,0,0,0,1,5051,14,341,14,341
359542,Playing,1625088,4606,0,0,0,0,1,5052,176,341,176,341
359795,Playing,1645568,4664,0,0,0,0,1,5056,0,341,0,341
360049,Playing,1638400,4643,0,0,0,0,1,5059,0,341,0,341
360251,Playing,1592320,4513,0,0,0,0,1,5060,175,341,175,341
360505,Playing,1612800,4571,0,0,0,0,1,5064,0,341,0,341
360758,Playing,1633280,4629,0,0,0,0,1,5068,0,341,0,341
361010,Playing,1661952,4710,0,0,0,0,1,5072,0,341,0,341
361264,Playing,1599488,4533,0,0,0,0,1,5073,94,341,95,341
361516,Playing,1564672,4435,0,0,0,0,1,5078,0,341,13,341
361769,Playing,1612800,4571,0,0,0,0,1,5083,0,341,0,341
362021,Playing,1633280,4629,0,0,0,0,1,5087,0,341,0,341
362273,Playing,1570816,4452,0,0,0,0,1,5088,96,341,96,341
362527,Playing,1599488,4533,0,0,0,0,1,5092,0,341,0,341
362780,Playing,1592320,4513,0,0,0,0,1,5095,175,341,175,341
363034,Playing,1585152,4493,0,0,0,0,1,5098,174,341,174,341
363286,Playing,1550336,4394,0,0,0,0,1,5100,14,341,14,341
363541,Playing,1570816,4452,0,0,0,0,1,5104,92,341,92,341
363794,Playing,1563648,4432,0,0,0,0,1,5107,0,341,0,341
364046,Playing,1611776,4568,0,0,0,0,1,5112,0,341,0,341
364298,Playing,1585152,4493,0,0,0,0,1,5117,0,341,0,341
364500,Playing,1566720,4440,0,0,0,0,1,5119,14,341,14,341
364752,Playing,1587200,4498,0,0,0,0,1,5123,0,341,0,341
365004,Playing,1580032,4478,0,0,0,0,1,5126,17,341,17,341
365257,Playing,1581056,4481,0,0,0,0,1,5129,94,341,94,341
365509,Playing,1573888,4461,0,0,0,0,1,5132,0,341,0,341
365763,Playing,1566720,4440,0,0,0,0,1,5135,0,341,0,341
366016,Playing,1587200,4498,0,0,0,0,1,5139,0,341,0,341
366270,Playing,1524736,4321,0,0,0,0,1,5140,174,341,174,341
366523,Playing,1545216,4379,0,0,0,0,1,5144,96,341,96,341
366776,Playing,1565696,4437,0,0,0,0,1,5148,0,341,0,341
367029,Playing,1558528,4417,0,0,0,0,1,5154,0,341,0,341
367281,Playing,1559552,4420,0,0,0,0,1,5157,0,341,0,341
367534,Playing,1580032,4478,0,0,0,0,1,5161,0,341,0,341
367787,Playing,1572864,4458,0,0,0,0,1,5164,0,341,0,341
368039,Playing,1538048,4359,0,0,0,0,1,5166,0,341,0,341
368292,Playing,1558528,4417,0,0,0,0,1,5170,0,341,0,341
368545,Playing,1579008,4475,0,0,0,0,1,5174,2,341,2,341
368797,Playing,1571840,4455,0,0,0,0,1,5177,0,341,0,341
369050,Playing,1545216,4379,0,0,0,0,1,5179,0,341,0,341
369252,Playing,1554432,4405,0,0,0,0,1,5182,95,341,95,341
369503,Playing,1547264,4385,0,0,0,0,1,5185,92,341,92,341
369756,Playing,1558528,4417,0,0,0,0,1,5189,92,341,92,341
370008,Playing,1505280,4266,0,0,0,0,1,5193,171,341,171,341
370261,Playing,1533952,4347,0,0,0,0,1,5197,175,341,176,341
370515,Playing,1554432,4405,0,0,0,0,1,5201,0,341,0,341
370768,Playing,1547264,4385,0,0,0,0,1,5204,2,341,2,341
371021,Playing,1512448,4286,0,0,0,0,1,5206,0,341,0,341
371274,Playing,1532928,4345,0,0,0,0,1,5210,0,341,0,341
371525,Playing,1525760,4324,0,0,0,0,1,5213,1,341,1,341
371780,Playing,1546240,4382,0,0,0,0,1,5217,92,341,93,341
372032,Playing,1574912,4464,0,0,0,0,1,5221,0,341,0,341
372284,Playing,1512448,4286,0,0,0,0,1,5222,175,341,175,341
372536,Playing,1532928,4345,0,0,0,0,1,5226,0,341,0,341
372790,Playing,1516544,4298,0,0,0,0,1,5232,2,341,2,341
373043,Playing,1454080,4121,0,0,0,0,1,5233,88,341,88,341
373295,Playing,1474560,4179,0,0,0,0,1,5237,0,341,0,341
373550,Playing,1495040,4237,0,0,0,0,1,5241,0,341,0,341
373751,Playing,1457152,4130,0,0,0,0,1,5242,93,341,93,341
374004,Playing,1477632,4188,0,0,0,0,1,5246,0,341,0,341
374257,Playing,1470464,4167,0,0,0,0,1,5249,0,341,0,341
374509,Playing,1490944,4226,0,0,0,0,1,5253,177,341,177,341
374762,Playing,1539072,4362,0,0,0,0,1,5258,0,341,0,341
375015,Playing,1476608,4185,0,0,0,0,1,5259,256,341,256,341
375268,Playing,1497088,4243,0,0,0,0,1,5263,0,341,0,341
375521,Playing,1461248,4141,0,0,0,0,1,5268,2,341,2,341
375774,Playing,1481728,4199,0,0,0,0,1,5272,0,341,0,341
376028,Playing,1446912,4101,0,0,0,0,1,5274,0,341,0,341
376281,Playing,1439744,4080,0,0,0,0,1,5277,5,341,5,341
376534,Playing,1432576,4060,0,0,0,0,1,5280,181,341,181,341
376787,Playing,1480704,4197,0,0,0,0,1,5285,0,341,0,341
377041,Playing,1473536,4176,0,0,0,0,1,5288,0,341,0,341
377294,Playing,1474560,4179,0,0,0,0,1,5291,97,341,97,341
377546,Playing,1439744,4080,0,0,0,0,1,5293,0,341,0,341
377799,Playing,1460224,4138,0,0,0,0,1,5297,0,341,0,341
378002,Playing,1441792,4086,0,0,0,0,1,5299,0,341,0,341
378255,Playing,1443840,4092,0,0,0,0,1,5305,0,341,13,341
378508,Playing,1418240,4019,0,0,0,0,1,5308,0,341,0,341
378760,Playing,1446912,4101,0,0,0,0,1,5312,0,341,0,341
379013,Playing,1384448,3924,0,0,0,0,1,5313,95,341,95,341
379266,Playing,1404928,3982,0,0,0,0,1,5317,0,341,0,341
379520,Playing,1425408,4040,0,0,0,0,1,5321,16,341,16,341
379774,Playing,1445888,4098,0,0,0,0,1,5325,13,341,13,341
380026,Playing,1438720,4078,0,0,0,0,1,5328,0,341,0,341
380280,Playing,1403904,3979,0,0,0,0,1,5330,0,341,0,341
380532,Playing,1396736,3959,0,0,0,0,1,5333,0,341,0,341
380784,Playing,1425408,4040,0,0,0,0,1,5337,94,341,94,341
381036,Playing,1418240,4019,0,0,0,0,1,5343,0,341,17,341
381289,Playing,1438720,4078,0,0,0,0,1,5347,0,341,0,341
381541,Playing,1403904,3979,0,0,0,0,1,5349,95,341,95,341
381793,Playing,1396736,3959,0,0,0,0,1,5352,0,341,0,341
382045,Playing,1397760,3961,0,0,0,0,1,5355,93,341,93,341
382300,Playing,1418240,4019,0,0,0,0,1,5359,0,341,0,341
382502,Playing,1399808,3967,0,0,0,0,1,5361,0,341,0,341
382755,Playing,1392640,3947,0,0,0,0,1,5364,0,341,0,341
383010,Playing,1413120,4005,0,0,0,0,1,5368,92,341,92,341
383263,Playing,1433600,4063,0,0,0,0,1,5372,1,341,1,341
383515,Playing,1371136,3886,0,0,0,0,1,5373,172,341,172,341
383769,Playing,1399808,3967,0,0,0,0,1,5377,0,341,0,341
384021,Playing,1392640,3947,0,0,0,0,1,5383,0,341,0,341
384273,Playing,1385472,3927,0,0,0,0,1,5386,0,341,0,341
384526,Playing,1378304,3906,0,0,0,0,1,5389,0,341,0,341
384779,Playing,1343488,3808,0,0,0,0,1,5391,96,341,96,341
385032,Playing,1363968,3866,0,0,0,0,1,5395,0,341,0,341
385284,Playing,1412096,4002,0,0,0,0,1,5400,15,341,15,341
385540,Playing,1404928,3982,0,0,0,0,1,5403,0,341,0,341
385793,Playing,1378304,3906,0,0,0,0,1,5405,96,341,96,341
386046,Playing,1371136,3886,0,0,0,0,1,5408,0,341,0,341
386299,Playing,1363968,3866,0,0,0,0,1,5411,96,341,96,341
386501,Playing,1373184,3892,0,0,0,0,1,5414,0,341,0,341
386753,Playing,1338368,3793,0,0,0,0,1,5419,0,341,13,341
387006,Playing,1331200,3773,0,0,0,0,1,5422,177,341,177,341
387259,Playing,1332224,3776,0,0,0,0,1,5425,14,341,14,341
387512,Playing,1325056,3755,0,0,0,0,1,5428,0,341,0,341
387765,Playing,1345536,3813,0,0,0,0,1,5432,175,341,175,341
388017,Playing,1366016,3871,0,0,0,0,1,5436,0,341,0,341
388272,Playing,1358848,3851,0,0,0,0,1,5439,0,341,0,341
388524,Playing,1324032,3752,0,0,0,0,1,5441,0,341,0,341
388777,Playing,1344512,3810,0,0,0,0,1,5445,12,341,13,341
389030,Playing,1337344,3790,0,0,0,0,1,5448,0,341,0,341
389284,Playing,1338368,3793,0,0,0,0,1,5451,177,341,177,341
389539,Playing,1303552,3694,0,0,0,0,1,5453,0,341,0,341
389792,Playing,1296384,3674,0,0,0,0,1,5459,95,341,95,341
390044,Playing,1316864,3732,0,0,0,0,1,5463,0,341,0,341
390297,Playing,1309696,3712,0,0,0,0,1,5466,95,341,95,341
390500,Playing,1346560,3816,0,0,0,0,1,5470,0,341,0,341
390753,Playing,1311744,3718,0,0,0,0,1,5472,0,341,0,341
391006,Playing,1312768,3720,0,0,0,0,1,5475,0,341,0,341
391259,Playing,1333248,3779,0,0,0,0,1,5479,95,341,95,341
391511,Playing,1298432,3680,0,0,0,0,1,5481,0,341,0,341
391765,Playing,1291264,3660,0,0,0,0,1,5484,96,341,96,341
392018,Playing,1311744,3718,0,0,0,0,1,5488,0,341,0,341
392271,Playing,1323008,3750,0,0,0,0,1,5494,0,341,13,341
392523,Playing,1297408,3677,0,0,0,0,1,5497,0,341,0,341
392775,Playing,1270784,3601,0,0,0,0,1,5499,0,341,0,341
393029,Playing,1291264,3660,0,0,0,0,1,5503,0,341,0,341
393281,Playing,1284096,3639,0,0,0,0,1,5506,96,341,96,341
393534,Playing,1304576,3697,0,0,0,0,1,5510,0,341,0,341
393787,Playing,1325056,3755,0,0,0,0,1,5514,0,341,0,341
394039,Playing,1262592,3578,0,0,0,0,1,5515,178,341,178,341
394291,Playing,1283072,3636,0,0,0,0,1,5519,0,341,0,341
394545,Playing,1311744,3718,0,0,0,0,1,5523,0,341,0,341
394798,Playing,1304576,3697,0,0,0,0,1,5526,94,341,94,341
395001,Playing,1286144,3645,0,0,0,0,1,5528,0,341,0,341
395254,Playing,1278976,3625,0,0,0,0,1,5534,0,341,0,341
395509,Playing,1271808,3604,0,0,0,0,1,5537,0,341,0,341
395761,Playing,1292288,3662,0,0,0,0,1,5541,0,341,0,341
396013,Playing,1293312,3665,0,0,0,0,1,5544,0,341,0,341
396265,Playing,1258496,3567,0,0,0,0,1,5546,0,341,0,341
396519,Playing,1278976,3625,0,0,0,0,1,5550,0,341,0,341
396771,Playing,1299456,3683,0,0,0,0,1,5554,0,341,0,341
397024,Playing,1292288,3662,0,0,0,0,1,5557,0,341,0,341
397277,Playing,1257472,3564,0,0,0,0,1,5559,0,341,0,341
397530,Playing,1250304,3543,0,0,0,0,1,5562,175,341,176,341
397783,Playing,1278976,3625,0,0,0,0,1,5566,175,341,175,341
398035,Playing,1262592,3578,0,0,0,0,1,5572,0,341,0,341
398289,Playing,1200128,3401,0,0,0,0,1,5573,93,341,93,341
398542,Playing,1220608,3459,0,0,0,0,1,5577,178,341,178,341
398794,Playing,1213440,3439,0,0,0,0,1,5580,175,341,175,341
399047,Playing,1233920,3497,0,0,0,0,1,5584,174,341,174,341
399299,Playing,1254400,3555,0,0,0,0,1,5588,0,341,0,341
399501,Playing,1244160,3526,0,0,0,0,1,5590,0,341,0,341
399754,Playing,1236992,3506,0,0,0,0,1,5593,176,341,176,341
400006,Playing,1229824,3485,0,0,0,0,1,5596,0,341,0,341
400260,Playing,1222656,3465,0,0,0,0,1,5599,0,341,0,341
400513,Playing,1243136,3523,0,0,0,0,1,5603,0,341,0,341
400766,Playing,1217536,3451,0,0,0,0,1,5608,0,341,15,341
401019,Playing,1172480,3323,0,0,0,0,1,5610,0,341,0,341
401272,Playing,1192960,3381,0,0,0,0,1,5614,0,341,0,341
401524,Playing,1213440,3439,0,0,0,0,1,5618,15,341,15,341
401777,Playing,1206272,3419,0,0,0,0,1,5621,1,341,1,341
402030,Playing,1199104,3398,0,0,0,0,1,5624,96,341,96,341
402282,Playing,1164288,3300,0,0,0,0,1,5626,2,341,2,341
402535,Playing,1184768,3358,0,0,0,0,1,5630,0,341,0,341
402789,Playing,1205248,3416,0,0,0,0,1,5634,0,341,0,341
403040,Playing,1233920,3497,0,0,0,0,1,5638,0,341,0,341
403294,Playing,1226752,3477,0,0,0,0,1,5641,0,341,0,341
403546,Playing,1191936,3378,0,0,0,0,1,5643,14,341,14,341
403799,Playing,1147904,3253,0,0,0,0,1,5648,0,341,0,341
404002,Playing,1157120,3279,0,0,0,0,1,5651,97,341,97,341
404254,Playing,1149952,3259,0,0,0,0,1,5654,0,341,0,341
404509,Playing,1142784,3239,0,0,0,0,1,5657,96,341,96,341
404762,Playing,1171456,3320,0,0,0,0,1,5661,0,341,0,341
405014,Playing,1191936,3378,0,0,0,0,1,5665,0,341,0,341
405266,Playing,1129472,3201,0,0,0,0,1,5666,175,341,175,341
405519,Playing,1149952,3259,0,0,0,0,1,5670,0,341,0,341
405773,Playing,1170432,3317,0,0,0,0,1,5674,0,341,0,341
406026,Playing,1163264,3297,0,0,0,0,1,5677,99,341,99,341
406280,Playing,1183744,3355,0,0,0,0,1,5681,1,341,1,341
406533,Playing,1148928,3256,0,0,0,0,1,5686,95,341,95,341
406786,Playing,1122304,3181,0,0,0,0,1,5688,0,341,0,341
407039,Playing,1142784,3239,0,0,0,0,1,5692,0,341,0,341
407291,Playing,1135616,3218,0,0,0,0,1,5695,0,341,0,341
407544,Playing,1156096,3276,0,0,0,0,1,5699,16,341,16,341
407752,Playing,1137664,3224,0,0,0,0,1,5701,0,341,0,341
408005,Playing,1158144,3282,0,0,0,0,1,5705,0,341,0,341
408259,Playing,1150976,3262,0,0,0,0,1,5708,94,341,94,341
408511,Playing,1171456,3320,0,0,0,0,1,5712,7,341,7,341
408764,Playing,1164288,3300,0,0,0,0,1,5715,0,341,0,341
409017,Playing,1129472,3201,0,0,0,0,1,5717,177,341,177,341
409271,Playing,1094656,3102,0,0,0,0,1,5722,0,341,13,341
409525,Playing,1150976,3262,0,0,0,0,1,5727,0,341,0,341
409777,Playing,1088512,3085,0,0,0,0,1,5728,96,341,96,341
410030,Playing,1108992,3143,0,0,0,0,1,5732,0,341,0,341
410282,Playing,1101824,3123,0,0,0,0,1,5735,0,341,0,341
410536,Playing,1122304,3181,0,0,0,0,1,5739,0,341,0,341
410787,Playing,1115136,3160,0,0,0,0,1,5742,177,341,177,341
411040,Playing,1080320,3062,0,0,0,0,1,5744,0,341,0,341
411294,Playing,1108992,3143,0,0,0,0,1,5748,176,341,176,341
411546,Playing,1129472,3201,0,0,0,0,1,5752,0,341,0,341
411757,Playing,1083392,3070,0,0,0,0,1,5753,95,341,95,341
412013,Playing,1103872,3128,0,0,0,0,1,5760,0,341,14,341
412265,Playing,1096704,3108,0,0,0,0,1,5763,0,341,0,341
412518,Playing,1089536,3088,0,0,0,0,1,5766,3,341,3,341
412772,Playing,1110016,3146,0,0,0,0,1,5770,174,341,174,341
413025,Playing,1047552,2969,0,0,0,0,1,5771,95,341,95,341
413278,Playing,1068032,3027,0,0,0,0,1,5775,176,341,176,341
413531,Playing,1088512,3085,0,0,0,0,1,5779,0,341,0,341
413784,Playing,1117184,3166,0,0,0,0,1,5783,0,341,0,341
414037,Playing,1110016,3146,0,0,0,0,1,5786,94,341,94,341
414290,Playing,1102848,3125,0,0,0,0,1,5789,0,341,0,341
414542,Playing,1095680,3105,0,0,0,0,1,5792,2,341,2,341
414795,Playing,1079296,3059,0,0,0,0,1,5797,0,341,15,341
415049,Playing,1081344,3065,0,0,0,0,1,5801,0,341,0,341
415250,Playing,1071104,3036,0,0,0,0,1,5803,0,341,0,341
415503,Playing,1091584,3094,0,0,0,0,1,5807,0,341,0,341
415756,Playing,1029120,2917,0,0,0,0,1,5808,98,341,98,341
416009,Playing,1049600,2975,0,0,0,0,1,5812,95,341,95,341
416262,Playing,1042432,2954,0,0,0,0,1,5815,93,341,93,341
416516,Playing,1062912,3012,0,0,0,0,1,5819,0,341,0,341
416770,Playing,1083392,3070,0,0,0,0,1,5823,0,341,0,341
417022,Playing,1029120,2917,0,0,0,0,1,5824,95,341,95,341
417275,Playing,1049600,2975,0,0,0,0,1,5828,15,341,15,341
417529,Playing,1070080,3033,0,0,0,0,1,5832,97,341,97,341
417782,Playing,1062912,3012,0,0,0,0,1,5838,0,341,0,341
418035,Playing,1055744,2992,0,0,0,0,1,5841,0,341,0,341
418288,Playing,1020928,2893,0,0,0,0,1,5843,0,341,0,341
418541,Playing,1041408,2951,0,0,0,0,1,5847,0,341,0,341
418794,Playing,1034240,2931,0,0,0,0,1,5850,0,341,0,341
419048,Playing,1062912,3012,0,0,0,0,1,5854,0,341,0,341
419251,Playing,1016832,2882,0,0,0,0,1,5855,95,341,95,341
419503,Playing,1064960,3018,0,0,0,0,1,5860,0,341,0,341
419755,Playing,1057792,2998,0,0,0,0,1,5863,0,341,0,341
420010,Playing,995328,2821,0,0,0,0,1,5864,176,341,176,341
420263,Playing,1015808,2879,0,0,0,0,1,5868,0,341,0,341
420517,Playing,1016832,2882,0,0,0,0,1,5874,0,341,0,341
420769,Playing,1009664,2861,0,0,0,0,1,5877,0,341,0,341
421022,Playing,1002496,2841,0,0,0,0,1,5880,0,341,0,341
421276,Playing,995328,2821,0,0,0,0,1,5883,0,341,0,341
421530,Playing,988160,2800,0,0,0,0,1,5886,96,341,96,341
421781,Playing,1008640,2858,0,0,0,0,1,5890,175,341,175,341
422034,Playing,1056768,2995,0,0,0,0,1,5895,0,341,0,341
422288,Playing,1002496,2841,0,0,0,0,1,5896,94,341,94,341
422540,Playing,995328,2821,0,0,0,0,1,5899,0,341,0,341
422795,Playing,1015808,2879,0,0,0,0,1,5903,0,341,0,341
423049,Playing,1008640,2858,0,0,0,0,1,5906,172,341,172,341
423252,Playing,999424,2832,0,0,0,0,1,5911,0,341,14,341
423504,Playing,973824,2760,0,0,0,0,1,5914,0,341,0,341
423759,Playing,994304,2818,0,0,0,0,1,5918,2,341,2,341
424011,Playing,1022976,2899,0,0,0,0,1,5922,0,341,0,341
424263,Playing,932864,2644,0,0,0,0,1,5922,0,341,0,341
424514,Playing,980992,2780,0,0,0,0,1,5927,0,342,0,342
424766,Playing,1001472,2838,0,0,0,0,1,5931,0,342,0,342
425019,Playing,994304,2818,0,0,0,0,1,5934,0,342,0,342
425271,Playing,931840,2641,0,0,0,0,1,5935,178,342,178,342
425524,Playing,960512,2722,0,0,0,0,1,5939,0,342,0,342
425777,Playing,953344,2702,0,0,0,0,1,5942,97,342,97,342
426031,Playing,983040,2786,0,0,0,0,1,5949,0,342,13,342
426283,Playing,957440,2713,0,0,0,0,1,5952,12,342,13,342
426535,Playing,977920,2771,0,0,0,0,1,5956,0,342,0,342
426789,Playing,943104,2673,0,0,0,0,1,5958,0,342,0,342
427041,Playing,935936,2652,0,0,0,0,1,5961,0,342,0,342
427294,Playing,936960,2655,0,0,0,0,1,5964,98,342,98,342
427547,Playing,957440,2713,0,0,0,0,1,5968,97,342,97,342
427799,Playing,922624,2615,0,0,0,0,1,5970,0,342,0,342
428001,Playing,959488,2719,0,0,0,0,1,5974,0,342,0,342
428253,Playing,952320,2699,0,0,0,0,1,5977,96,342,96,342
428506,Playing,972800,2757,0,0,0,0,1,5981,0,342,0,342
428759,Playing,918528,2603,0,0,0,0,1,5982,174,342,174,342
429011,Playing,929792,2635,0,0,0,0,1,5989,0,342,0,342
429265,Playing,922624,2615,0,0,0,0,1,5992,7,342,7,342
429519,Playing,915456,2594,0,0,0,0,1,5995,175,342,175,342
429770,Playing,908288,2574,0,0,0,0,1,5998,0,342,0,342
430024,Playing,901120,2554,0,0,0,0,1,6001,0,342,0,342
430277,Playing,921600,2612,0,0,0,0,1,6005,0,342,0,342
430531,Playing,914432,2591,0,0,0,0,1,6008,1,342,1,342
430784,Playing,943104,2673,0,0,0,0,1,6012,0,342,0,342
431042,Playing,900096,2551,0,0,0,0,1,6014,0,342,0,342
431299,Playing,892928,2530,0,0,0,0,1,6017,0,342,0,342
431501,Playing,937984,2658,0,0,0,0,1,6021,0,342,0,342
431753,Playing,875520,2481,0,0,0,0,1,6025,0,342,14,342
432007,Playing,868352,2461,0,0,0,0,1,6028,0,342,0,342
432260,Playing,888832,2519,0,0,0,0,1,6032,0,342,0,342
432513,Playing,881664,2499,0,0,0,0,1,6035,94,342,94,342
432765,Playing,846848,2400,0,0,0,0,1,6037,0,342,0,342
433018,Playing,875520,2481,0,0,0,0,1,6041,0,342,0,342
433270,Playing,896000,2539,0,0,0,0,1,6045,0,342,0,342
433523,Playing,888832,2519,0,0,0,0,1,6048,0,342,0,342
433775,Playing,854016,2420,0,0,0,0,1,6050,0,342,0,342
434030,Playing,874496,2478,0,0,0,0,1,6054,0,342,0,342
434282,Playing,867328,2458,0,0,0,0,1,6057,0,342,0,342
434535,Playing,860160,2438,0,0,0,0,1,6063,0,342,14,342
434787,Playing,852992,2417,0,0,0,0,1,6066,94,342,94,342
435039,Playing,881664,2499,0,0,0,0,1,6070,0,342,0,342
435292,Playing,874496,2478,0,0,0,0,1,6073,95,342,95,342
435545,Playing,839680,2380,0,0,0,0,1,6075,0,342,0,342
435750,Playing,876544,2484,0,0,0,0,1,6079,0,342,0,342
436003,Playing,869376,2464,0,0,0,0,1,6082,96,342,97,342
436257,Playing,889856,2522,0,0,0,0,1,6086,93,342,93,342
436510,Playing,835584,2368,0,0,0,0,1,6087,175,342,176,342
436763,Playing,856064,2426,0,0,0,0,1,6091,175,342,176,342
437016,Playing,876544,2484,0,0,0,0,1,6095,0,342,0,342
437270,Playing,869376,2464,0,0,0,0,1,6098,176,342,177,342
437523,Playing,834560,2365,0,0,0,0,1,6103,0,342,0,342
437776,Playing,855040,2423,0,0,0,0,1,6107,0,342,0,342
438028,Playing,820224,2324,0,0,0,0,1,6109,95,342,95,342
438281,Playing,813056,2304,0,0,0,0,1,6112,0,342,0,342
438534,Playing,814080,2307,0,0,0,0,1,6115,0,342,0,342
438788,Playing,806912,2287,0,0,0,0,1,6118,93,342,93,342
439040,Playing,855040,2423,0,0,0,0,1,6123,0,342,0,342
439293,Playing,847872,2403,0,0,0,0,1,6126,0,342,0,342
439545,Playing,785408,2226,0,0,0,0,1,6127,95,342,95,342
439799,Playing,833536,2362,0,0,0,0,1,6132,0,342,0,342
440003,Playing,850944,2411,0,0,0,0,1,6135,0,342,0,342
440255,Playing,788480,2234,0,0,0,0,1,6139,0,342,0,342
440509,Playing,808960,2292,0,0,0,0,1,6143,0,342,0,342
440763,Playing,801792,2272,0,0,0,0,1,6146,0,342,0,342
441015,Playing,822272,2330,0,0,0,0,1,6150,18,342,18,342
441268,Playing,842752,2388,0,0,0,0,1,6154,0,342,0,342
441521,Playing,835584,2368,0,0,0,0,1,6157,0,342,0,342
441774,Playing,800768,2269,0,0,0,0,1,6159,0,342,0,342
442026,Playing,793600,2249,0,0,0,0,1,6162,0,342,0,342
442278,Playing,822272,2330,0,0,0,0,1,6166,0,342,0,342
442532,Playing,842752,2388,0,0,0,0,1,6170,0,342,0,342
442784,Playing,835584,2368,0,0,0,0,1,6173,0,342,0,342
443037,Playing,773120,2191,0,0,0,0,1,6177,2,342,2,342
443289,Playing,765952,2171,0,0,0,0,1,6180,177,342,177,342
443542,Playing,814080,2307,0,0,0,0,1,6185,0,342,0,342
443795,Playing,806912,2287,0,0,0,0,1,6188,0,342,0,342
444049,Playing,772096,2188,0,0,0,0,1,6190,0,342,0,342
444251,Playing,789504,2237,0,0,0,0,1,6193,0,342,0,342
444503,Playing,809984,2295,0,0,0,0,1,6197,0,342,0,342
444757,Playing,775168,2197,0,0,0,0,1,6199,0,342,0,342
445011,Playing,768000,2176,0,0,0,0,1,6202,177,342,177,342
445264,Playing,788480,2234,0,0,0,0,1,6206,0,342,0,342
445517,Playing,808960,2292,0,0,0,0,1,6210,0,342,0,342
445769,Playing,764928,2168,0,0,0,0,1,6212,177,342,177,342
446021,Playing,747520,2118,0,0,0,0,1,6217,0,342,0,342
446275,Playing,768000,2176,0,0,0,0,1,6221,0,342,0,342
446528,Playing,760832,2156,0,0,0,0,1,6224,0,342,0,342
446781,Playing,781312,2214,0,0,0,0,1,6228,173,342,173,342
447033,Playing,746496,2115,0,0,0,0,1,6230,2,342,2,342
447287,Playing,739328,2095,0,0,0,0,1,6233,176,342,176,342
447540,Playing,759808,2153,0,0,0,0,1,6237,0,342,0,342
447793,Playing,780288,2211,0,0,0,0,1,6241,0,342,0,342
448046,Playing,773120,2191,0,0,0,0,1,6244,1,342,1,342
448300,Playing,746496,2115,0,0,0,0,1,6246,0,342,0,342
448504,Playing,764928,2168,0,0,0,0,1,6252,0,342,14,342
448756,Playing,684032,1938,0,0,0,0,1,6253,94,342,94,342
449008,Playing,704512,1996,0,0,0,0,1,6257,0,342,0,342
449261,Playing,697344,1976,0,0,0,0,1,6260,177,342,177,342
449515,Playing,717824,2034,0,0,0,0,1,6264,114,342,114,342
449768,Playing,746496,2115,0,0,0,0,1,6268,0,342,0,342
450023,Playing,684032,1938,0,0,0,0,1,6269,96,342,96,342
450277,Playing,704512,1996,0,0,0,0,1,6273,93,342,93,342
450533,Playing,724992,2054,0,0,0,0,1,6277,0,342,0,342
450765,Playing,726016,2057,0,0,0,0,1,6280,184,342,184,342
451013,Playing,691200,1959,0,0,0,0,1,6282,1,342,1,342
451261,Playing,711680,2017,0,0,0,0,1,6286,0,342,0,342
451513,Playing,675840,1915,0,0,0,0,1,6291,95,342,95,342
451763,Playing,668672,1895,0,0,0,0,1,6294,0,342,0,342
452010,Playing,661504,1875,0,0,0,0,1,6297,13,342,13,342
452260,Playing,654336,1854,0,0,0,0,1,6300,93,342,93,342
452510,Playing,710656,2014,0,0,0,0,1,6305,0,342,0,342
452763,Playing,703488,1994,0,0,0,0,1,6308,0,342,0,342
453011,Playing,668672,1895,0,0,0,0,1,6310,0,342,0,342
453264,Playing,689152,1953,0,0,0,0,1,6314,0,342,0,342
453510,Playing,690176,1956,0,0,0,0,1,6317,2,342,2,342
453789,Playing,674816,1912,0,0,0,0,1,6320,173,342,173,342
454039,Playing,695296,1970,0,0,0,0,1,6324,0,342,0,342
454288,Playing,642048,1819,0,0,0,0,1,6328,0,342,14,342
454538,Playing,652288,1848,0,0,0,0,1,6332,0,342,0,342
454787,Playing,672768,1906,0,0,0,0,1,6336,0,342,0,342
455035,Playing,665600,1886,0,0,0,0,1,6339,0,342,0,342
455284,Playing,638976,1811,0,0,0,0,1,6341,100,342,100,342
455532,Playing,631808,1790,0,0,0,0,1,6344,0,342,0,342
455782,Playing,652288,1848,0,0,0,0,1,6348,0,342,0,342
456003,Playing,661504,1875,0,0,0,0,1,6351,87,342,87,342
456256,Playing,626688,1776,0,0,0,0,1,6353,0,342,0,342
456507,Playing,647168,1834,0,0,0,0,1,6357,0,342,0,342
456764,Playing,640000,1814,0,0,0,0,1,6360,90,342,90,342
457018,Playing,632832,1793,0,0,0,0,1,6366,0,342,14,342
457272,Playing,625664,1773,0,0,0,0,1,6369,94,342,94,342
457526,Playing,646144,1831,0,0,0,0,1,6373,14,342,14,342
457779,Playing,674816,1912,0,0,0,0,1,6377,0,342,0,342
458031,Playing,612352,1735,0,0,0,0,1,6378,176,342,176,342
458285,Playing,632832,1793,0,0,0,0,1,6382,96,342,97,342
458541,Playing,653312,1851,0,0,0,0,1,6386,0,342,0,342
458795,Playing,590848,1674,0,0,0,0,1,6387,176,342,176,342
459048,Playing,638976,1811,0,0,0,0,1,6392,0,342,0,342
459261,Playing,648192,1837,0,0,0,0,1,6395,11,342,11,342
459523,Playing,668672,1895,0,0,0,0,1,6399,15,342,15,342
459778,Playing,633856,1796,0,0,0,0,1,6402,96,342,96,342
460033,Playing,571392,1619,0,0,0,0,1,6405,173,342,174,342
460288,Playing,619520,1756,0,0,0,0,1,6410,0,342,0,342
460540,Playing,612352,1735,0,0,0,0,1,6413,0,342,0,342
460797,Playing,632832,1793,0,0,0,0,1,6417,0,342,0,342
461000,Playing,586752,1663,0,0,0,0,1,6418,176,342,176,342
461253,Playing,634880,1799,0,0,0,0,1,6423,0,342,0,342
461506,Playing,600064,1700,0,0,0,0,1,6425,174,342,174,342
461818,Playing,604160,1712,0,0,0,0,1,6429,110,342,110,342
462061,Playing,632832,1793,0,0,0,0,1,6433,0,342,0,342
462251,Playing,614400,1741,0,0,0,0,1,6435,0,342,0,342
462500,Playing,615424,1744,0,0,0,0,1,6438,174,342,174,342
462754,Playing,552960,1567,0,0,0,0,1,6442,0,342,14,342
463002,Playing,573440,1625,0,0,0,0,1,6446,94,342,94,342
463253,Playing,566272,1605,0,0,0,0,1,6449,14,342,14,342
463561,Playing,570368,1616,0,0,0,0,1,6453,0,342,0,342
463820,Playing,563200,1596,0,0,0,0,1,6456,178,342,178,342
464060,Playing,591872,1677,0,0,0,0,1,6460,175,342,175,342
464308,Playing,557056,1578,0,0,0,0,1,6462,0,342,0,342
464559,Playing,549888,1558,0,0,0,0,1,6465,177,342,177,342
464810,Playing,606208,1718,0,0,0,0,1,6470,0,342,0,342
465000,Playing,560128,1587,0,0,0,0,1,6471,96,342,96,342
465251,Playing,588800,1668,0,0,0,0,1,6475,0,342,0,342
465502,Playing,581632,1648,0,0,0,0,1,6481,0,342,0,342
465755,Playing,574464,1628,0,0,0,0,1,6484,0,342,0,342
466001,Playing,567296,1607,0,0,0,0,1,6487,0,342,0,342
466250,Playing,540672,1532,0,0,0,0,1,6489,96,342,96,342
466500,Playing,561152,1590,0,0,0,0,1,6493,0,342,0,342
466811,Playing,565248,1602,0,0,0,0,1,6497,0,342,0,342
467000,Playing,519168,1471,0,0,0,0,1,6498,172,342,172,342
467251,Playing,547840,1552,0,0,0,0,1,6502,3,342,3,342
467501,Playing,568320,1610,0,0,0,0,1,6506,0,342,0,342
467750,Playing,561152,1590,0,0,0,0,1,6509,0,342,0,342
468001,Playing,526336,1491,0,0,0,0,1,6511,0,342,0,342
468250,Playing,545792,1547,0,0,0,0,1,6517,0,342,14,342
468500,Playing,520192,1474,0,0,0,0,1,6520,0,342,0,342
468810,Playing,524288,1486,0,0,0,0,1,6524,0,342,0,342
469000,Playing,541696,1535,0,0,0,0,1,6527,96,342,96,342
469251,Playing,506880,1436,0,0,0,0,1,6529,0,342,0,342
469501,Playing,527360,1494,0,0,0,0,1,6533,0,342,0,342
469751,Playing,547840,1552,0,0,0,0,1,6537,0,342,0,342
470064,Playing,524288,1486,0,0,0,0,1,6540,94,342,94,342
470309,Playing,517120,1465,0,0,0,0,1,6543,96,342,96,342
470553,Playing,518144,1468,0,0,0,0,1,6546,2,342,2,342
470799,Playing,510976,1448,0,0,0,0,1,6549,96,342,96,342
471044,Playing,530432,1503,0,0,0,0,1,6555,0,342,14,342
471291,Playing,504832,1430,0,0,0,0,1,6558,0,342,0,342
471535,Playing,533504,1512,0,0,0,0,1,6562,0,342,0,342
471783,Playing,526336,1491,0,0,0,0,1,6565,0,342,0,342
472029,Playing,527360,1494,0,0,0,0,1,6568,0,342,0,342
472275,Playing,520192,1474,0,0,0,0,1,6571,0,342,0,342
472519,Playing,548864,1555,0,0,0,0,1,6575,0,342,0,342
472765,Playing,486400,1378,0,0,0,0,1,6576,175,342,175,342
473011,Playing,515072,1459,0,0,0,0,1,6580,0,342,0,342
473259,Playing,535552,1518,0,0,0,0,1,6584,0,342,0,342
473504,Playing,481280,1364,0,0,0,0,1,6585,95,342,95,342
473811,Playing,514048,1457,0,0,0,0,1,6593,0,342,12,342
474058,Playing,468992,1329,0,0,0,0,1,6595,0,342,0,342
474305,Playing,461824,1309,0,0,0,0,1,6598,0,342,0,342
474553,Playing,490496,1390,0,0,0,0,1,6602,94,342,95,342
474797,Playing,510976,1448,0,0,0,0,1,6606,0,342,0,342
475042,Playing,456704,1294,0,0,0,0,1,6607,175,342,176,342
475288,Playing,477184,1352,0,0,0,0,1,6611,178,342,178,342
475535,Playing,505856,1433,0,0,0,0,1,6615,0,342,0,342
475779,Playing,443392,1256,0,0,0,0,1,6616,177,342,177,342
476026,Playing,463872,1314,0,0,0,0,1,6620,0,342,0,342
476271,Playing,492544,1396,0,0,0,0,1,6624,0,342,0,342
476518,Playing,485376,1375,0,0,0,0,1,6627,176,342,176,342
476767,Playing,449536,1274,0,0,0,0,1,6632,0,342,0,342
477014,Playing,442368,1253,0,0,0,0,1,6635,13,342,13,342
477263,Playing,407552,1155,0,0,0,0,1,6637,0,342,0,342
477513,Playing,408576,1158,0,0,0,0,1,6640,0,342,0,342
477764,Playing,401408,1137,0,0,0,0,1,6643,96,342,96,342
478012,Playing,449536,1274,0,0,0,0,1,6648,0,342,0,342
478262,Playing,423936,1201,0,0,0,0,1,6651,0,342,175,342
478511,Playing,415744,1178,0,0,0,0,1,6653,100,342,100,342
478763,Playing,436224,1236,0,0,0,0,1,6657,0,342,0,342
479010,Playing,429056,1216,0,0,0,0,1,6660,94,342,94,342
479260,Playing,449536,1274,0,0,0,0,1,6664,178,342,178,342
479508,Playing,422912,1198,0,0,0,0,1,6666,0,342,0,342
479757,Playing,378880,1073,0,0,0,0,1,6671,92,342,92,342
480006,Playing,399360,1131,0,0,0,0,1,6675,95,342,95,342
480256,Playing,428032,1213,0,0,0,0,1,6679,0,342,0,342
480504,Playing,365568,1036,0,0,0,0,1,6680,175,342,175,342
480755,Playing,386048,1094,0,0,0,0,1,6684,0,342,0,342
481006,Playing,406528,1152,0,0,0,0,1,6688,0,342,0,342
481256,Playing,407552,1155,0,0,0,0,1,6691,95,342,96,342
481504,Playing,400384,1134,0,0,0,0,1,6694,94,342,94,342
481754,Playing,393216,1114,0,0,0,0,1,6697,0,342,0,342
482004,Playing,421888,1195,0,0,0,0,1,6701,16,342,16,342
482254,Playing,414720,1175,0,0,0,0,1,6704,0,342,0,342
482504,Playing,407552,1155,0,0,0,0,1,6710,0,342,0,342
482752,Playing,400384,1134,0,0,0,0,1,6713,0,342,0,342
483002,Playing,373760,1059,0,0,0,0,1,6715,0,342,0,342
483253,Playing,394240,1117,0,0,0,0,1,6719,0,342,0,342
483501,Playing,387072,1097,0,0,0,0,1,6722,89,342,89,342
483750,Playing,415744,1178,0,0,0,0,1,6726,0,342,0,342
484001,Playing,353280,1001,0,0,0,0,1,6727,178,342,178,342
484251,Playing,373760,1059,0,0,0,0,1,6731,94,342,94,342
484501,Playing,421888,1195,0,0,0,0,1,6736,17,342,17,342
484751,Playing,422912,1198,0,0,0,0,1,6739,0,342,0,342
485063,Playing,363520,1030,0,0,0,0,1,6741,95,342,95,342
485310,Playing,392192,1111,0,0,0,0,1,6748,0,342,0,342
485559,Playing,329728,934,0,0,0,0,1,6749,177,342,177,342
485810,Playing,350208,992,0,0,0,0,1,6753,176,342,177,342
486058,Playing,370688,1050,0,0,0,0,1,6757,0,342,0,342
486306,Playing,399360,1131,0,0,0,0,1,6761,0,342,0,342
486556,Playing,364544,1033,0,0,0,0,1,6763,0,342,0,342
486807,Playing,357376,1012,0,0,0,0,1,6766,0,342,0,342
487055,Playing,358400,1015,0,0,0,0,1,6769,97,342,97,342
487307,Playing,378880,1073,0,0,0,0,1,6773,95,342,95,342
487556,Playing,399360,1131,0,0,0,0,1,6777,0,342,0,342
487805,Playing,336896,954,0,0,0,0,1,6778,179,342,179,342
488052,Playing,337920,957,0,0,0,0,1,6784,96,342,96,342
488305,Playing,358400,1015,0,0,0,0,1,6788,0,342,0,342
488555,Playing,323584,917,0,0,0,0,1,6790,0,342,0,342
488806,Playing,316416,896,0,0,0,0,1,6793,0,342,0,342
489057,Playing,345088,978,0,0,0,0,1,6797,0,342,0,342
489307,Playing,337920,957,0,0,0,0,1,6800,95,342,95,342
489555,Playing,358400,1015,0,0,0,0,1,6804,94,342,95,342
489814,Playing,295936,838,0,0,0,0,1,6805,174,342,174,342
490056,Playing,324608,920,0,0,0,0,1,6809,177,342,177,342
490308,Playing,345088,978,0,0,0,0,1,6813,0,342,0,342
490560,Playing,365568,1036,0,0,0,0,1,6817,0,342,0,342
490809,Playing,293888,833,0,0,0,0,1,6820,0,342,15,342
491060,Playing,323584,917,0,0,0,0,1,6825,0,342,0,342
491312,Playing,296960,841,0,0,0,0,1,6827,176,342,176,342
491502,Playing,306176,867,0,0,0,0,1,6830,0,342,0,342
491753,Playing,307200,870,0,0,0,0,1,6833,94,342,94,342
492004,Playing,272384,772,0,0,0,0,1,6835,0,342,0,342
492255,Playing,292864,830,0,0,0,0,1,6839,0,342,0,342
492505,Playing,285696,809,0,0,0,0,1,6842,95,342,95,342
492754,Playing,286720,812,0,0,0,0,1,6845,0,342,0,342
493004,Playing,307200,870,0,0,0,0,1,6849,0,342,0,342
493254,Playing,272384,772,0,0,0,0,1,6851,0,342,0,342
493506,Playing,292864,830,0,0,0,0,1,6855,0,342,0,342
493754,Playing,293888,833,0,0,0,0,1,6861,0,342,0,342
494005,Playing,286720,812,0,0,0,0,1,6864,0,342,0,342
494256,Playing,251904,714,0,0,0,0,1,6866,0,342,0,342
494503,Playing,252928,716,0,0,0,0,1,6869,95,342,95,342
494754,Playing,273408,774,0,0,0,0,1,6873,0,342,0,342
495006,Playing,293888,833,0,0,0,0,1,6877,0,342,0,342
495255,Playing,286720,812,0,0,0,0,1,6880,0,342,0,342
495505,Playing,260096,737,0,0,0,0,1,6882,0,342,0,342
495757,Playing,280576,795,0,0,0,0,1,6886,0,342,0,342
496007,Playing,273408,774,0,0,0,0,1,6889,0,342,0,342
496258,Playing,266240,754,0,0,0,0,1,6892,92,342,92,342
496508,Playing,231424,655,0,0,0,0,1,6897,1,342,1,342
496757,Playing,232448,658,0,0,0,0,1,6900,92,342,92,342
497009,Playing,252928,716,0,0,0,0,1,6904,0,342,0,342
497261,Playing,273408,774,0,0,0,0,1,6908,0,342,0,342
497509,Playing,266240,754,0,0,0,0,1,6911,15,342,15,342
497761,Playing,267264,757,0,0,0,0,1,6914,96,342,96,342
498012,Playing,287744,815,0,0,0,0,1,6918,95,342,95,342
498267,Playing,252928,716,0,0,0,0,1,6920,0,342,0,342
498518,Playing,245760,696,0,0,0,0,1,6923,96,342,96,342
498769,Playing,293888,833,0,0,0,0,1,6928,0,342,0,342
499021,Playing,286720,812,0,0,0,0,1,6931,11,342,12,342
499272,Playing,223232,632,0,0,0,0,1,6935,1,342,1,342
499522,Playing,243712,690,0,0,0,0,1,6939,0,342,0,342
499768,Playing,236544,670,0,0,0,0,1,6942,0,342,0,342
500018,Playing,209920,595,0,0,0,0,1,6944,0,342,0,342
500268,Playing,230400,653,0,0,0,0,1,6948,0,342,0,342
500518,Playing,223232,632,0,0,0,0,1,6951,0,342,0,342
500766,Playing,251904,714,0,0,0,0,1,6955,0,342,0,342
501017,Playing,272384,772,0,0,0,0,1,6959,0,342,0,342
501267,Playing,209920,595,0,0,0,0,1,6960,174,342,175,342
501516,Playing,230400,653,0,0,0,0,1,6964,2,342,2,342
501765,Playing,259072,734,0,0,0,0,1,6968,0,342,0,342
502014,Playing,205824,583,0,0,0,0,1,6970,94,342,94,342
502265,Playing,180224,510,0,0,0,0,1,6975,0,342,0,342
502516,Playing,173056,490,0,0,0,0,1,6978,0,342,0,342
502764,Playing,201728,571,0,0,0,0,1,6982,94,342,94,342
503016,Playing,222208,629,0,0,0,0,1,6986,0,342,0,342
503264,Playing,159744,452,0,0,0,0,1,6987,176,342,176,342
503516,Playing,180224,510,0,0,0,0,1,6991,177,342,177,342
503763,Playing,208896,592,0,0,0,0,1,6995,0,342,0,342
504014,Playing,174080,493,0,0,0,0,1,6997,0,342,0,342
504263,Playing,166912,473,0,0,0,0,1,7000,0,342,0,342
504514,Playing,187392,531,0,0,0,0,1,7004,0,342,0,342
504762,Playing,188416,534,0,0,0,0,1,7007,178,342,178,342
505015,Playing,144384,409,0,0,0,0,1,7012,0,342,0,342
505264,Playing,137216,388,0,0,0,0,1,7015,0,342,0,342
505514,Playing,130048,368,0,0,0,0,1,7018,89,342,89,342
505764,Playing,158720,449,0,0,0,0,1,7022,0,342,0,342
506012,Playing,123904,351,0,0,0,0,1,7024,0,342,0,342
506261,Playing,144384,409,0,0,0,0,1,7028,0,342,0,342
506510,Playing,173056,490,0,0,0,0,1,7032,0,342,0,342
506761,Playing,165888,470,0,0,0,0,1,7035,0,342,0,342
507010,Playing,158720,449,0,0,0,0,1,7038,95,342,95,342
507261,Playing,123904,351,0,0,0,0,1,7040,0,342,0,342
507509,Playing,124928,354,0,0,0,0,1,7043,93,342,93,342
507814,Playing,101376,287,0,0,0,0,1,7049,0,342,0,342
508042,Playing,130048,368,0,0,0,0,1,7053,0,342,0,342
508292,Playing,67584,191,0,0,0,0,1,7054,179,342,179,342
508540,Playing,115712,327,0,0,0,0,1,7059,0,342,0,342
508789,Playing,108544,307,0,0,0,0,1,7062,0,342,0,342
509040,Playing,109568,310,0,0,0,0,1,7065,96,342,96,342
509288,Playing,102400,290,0,0,0,0,1,7068,0,342,0,342
509541,Playing,95232,269,0,0,0,0,1,7071,0,342,0,342
509792,Playing,88064,249,0,0,0,0,1,7074,95,342,95,342
510047,Playing,136192,386,0,0,0,0,1,7079,0,342,0,342
510296,Playing,137216,388,0,0,0,0,1,7082,14,342,14,342
510544,Playing,102400,290,0,0,0,0,1,7087,94,342,94,342
510793,Playing,95232,269,0,0,0,0,1,7090,0,342,0,342
511044,Playing,88064,249,0,0,0,0,1,7093,0,342,0,342
511295,Playing,89088,252,0,0,0,0,1,7096,0,342,0,342
511548,Playing,109568,310,0,0,0,0,1,7100,0,342,0,342
511798,Playing,130048,368,0,0,0,0,1,7104,15,342,15,342
512050,Playing,95232,269,0,0,0,0,1,7106,95,342,95,342
512298,Playing,96256,272,0,0,0,0,1,7109,0,342,0,342
512548,Playing,116736,330,0,0,0,0,1,7113,0,342,0,342
512796,Playing,109568,310,0,0,0,0,1,7116,0,342,0,342
513045,Playing,110592,313,0,0,0,0,1,7119,0,342,0,342
513293,Playing,75776,214,0,0,0,0,1,7121,172,342,172,342
513543,Playing,68608,194,0,0,0,0,1,7127,175,342,175,342
513794,Playing,89088,252,0,0,0,0,1,7131,0,342,0,342
514043,Playing,34816,98,0,0,0,0,1,7132,93,342,93,342
514293,Playing,82944,235,0,0,0,0,1,7137,0,342,0,342
514544,Playing,75776,214,0,0,0,0,1,7140,0,342,0,342
514793,Playing,68608,194,0,0,0,0,1,7143,174,342,174,342
515044,Playing,97280,275,0,0,0,0,1,7147,173,342,173,342
515295,Playing,62464,177,0,0,0,0,1,7149,0,342,0,342
515544,Playing,55296,156,0,0,0,0,1,7152,177,342,177,342
515793,Playing,75776,214,0,0,0,0,1,7156,177,342,178,342
516040,Playing,67584,191,0,0,0,0,1,7159,178,342,178,342
516291,Playing,41984,119,0,0,0,0,1,7164,94,342,94,342
516540,Buffering,55296,156,1,0,0,0,1,7167,0,342,0,342
516791,Buffering,138240,391,1,0,0,0,1,7170,177,342,177,342
517039,Buffering,221184,626,1,0,0,0,1,7173,3,342,3,342
517291,Buffering,331776,940,1,0,0,0,1,7177,0,342,0,342
517540,Buffering,340992,966,1,1,0,0,1,7180,0,342,0,342
517789,Buffering,342016,969,1,1,0,0,1,7183,177,342,177,342
518054,Buffering,381952,1082,1,1,0,0,1,7188,0,342,0,342
518304,Buffering,319488,905,1,1,0,0,1,7189,94,342,94,342
518557,Buffering,312320,885,1,1,0,0,1,7192,94,342,94,342
518806,Buffering,340992,966,1,1,0,0,1,7196,0,342,0,342
519057,Buffering,333824,946,1,1,0,0,1,7202,0,342,0,342
519309,Buffering,299008,847,1,1,0,0,1,7204,0,342,0,342
519556,Buffering,291840,827,1,1,0,0,1,7207,0,342,0,342
519803,Buffering,320512,908,1,1,0,0,1,7211,0,342,0,342
520055,Buffering,313344,888,1,1,0,0,1,7214,14,342,14,342
520306,Buffering,333824,946,1,1,0,0,1,7218,15,342,16,342
520556,Buffering,362496,1027,1,1,0,0,1,7222,0,342,0,342
520804,Buffering,327680,928,1,1,0,0,1,7224,0,342,0,342
521053,Buffering,320512,908,1,1,0,0,1,7227,0,342,0,342
521303,Buffering,313344,888,1,1,0,0,1,7230,97,342,97,342
521555,Buffering,342016,969,1,1,0,0,1,7234,96,342,96,342
521804,Buffering,279552,792,1,1,0,0,1,7238,0,342,0,342
522053,Buffering,300032,850,1,1,0,0,1,7242,177,342,177,342
522302,Buffering,301056,853,1,1,0,0,1,7245,174,342,174,342
522552,Buffering,321536,911,1,1,0,0,1,7249,0,342,0,342
522802,Buffering,286720,812,1,1,0,0,1,7251,0,342,0,342
523052,Buffering,279552,792,1,1,0,0,1,7254,0,342,0,342
523304,Buffering,308224,873,1,1,0,0,1,7258,0,342,0,342
523555,Buffering,301056,853,1,1,0,0,1,7261,174,342,174,342
523804,Buffering,293888,833,1,1,0,0,1,7264,0,342,0,342
524052,Buffering,286720,812,1,1,0,0,1,7267,0,342,0,342
524304,Buffering,279552,792,1,1,0,0,1,7270,176,342,176,342
524554,Buffering,299008,847,1,1,0,0,1,7277,0,342,0,342
524802,Buffering,236544,670,1,1,0,0,1,7278,92,342,92,342
525053,Buffering,257024,728,1,1,0,0,1,7282,0,342,0,342
525305,Buffering,277504,786,1,1,0,0,1,7286,0,342,0,342
525553,Buffering,278528,789,1,1,0,0,1,7289,0,342,0,342
525801,Buffering,243712,690,1,1,0,0,1,7291,0,342,0,342
526051,Buffering,236544,670,1,1,0,0,1,7294,96,342,96,342
526300,Buffering,265216,751,1,1,0,0,1,7298,0,342,0,342
526552,Buffering,258048,731,1,1,0,0,1,7301,175,342,175,342
526802,Buffering,223232,632,1,1,0,0,1,7303,0,342,0,342
527052,Buffering,243712,690,1,1,0,0,1,7307,177,342,177,342
527300,Buffering,253952,719,1,1,0,0,1,7313,0,342,12,342
527550,Buffering,228352,647,1,1,0,0,1,7316,0,342,0,342
527802,Buffering,193536,548,1,1,0,0,1,7318,1,342,1,342
528050,Buffering,222208,629,1,1,0,0,1,7322,0,342,0,342
528303,Buffering,215040,609,1,1,0,0,1,7325,102,342,102,342
528552,Buffering,235520,667,1,1,0,0,1,7329,174,342,174,342
528804,Buffering,200704,568,1,1,0,0,1,7331,0,342,0,342
529055,Buffering,193536,548,1,1,0,0,1,7334,95,342,95,342
529306,Buffering,222208,629,1,1,0,0,1,7338,0,342,0,342
529556,Buffering,242688,687,1,1,0,0,1,7342,0,342,0,342
529808,Buffering,235520,667,1,1,0,0,1,7345,173,342,173,342
530056,Buffering,228352,647,1,1,0,0,1,7348,0,342,0,342
530304,Buffering,192512,545,1,1,0,0,1,7353,0,342,0,342
530556,Buffering,212992,603,1,1,0,0,1,7357,14,342,14,342
530805,Buffering,205824,583,1,1,0,0,1,7360,0,342,0,342
531054,Buffering,171008,484,1,1,0,0,1,7362,0,342,0,342
531306,Buffering,199680,565,1,1,0,0,1,7366,1,342,1,342
531557,Buffering,220160,624,1,1,0,0,1,7370,0,342,0,342
531804,Buffering,130048,368,1,1,0,0,1,7370,0,342,0,342
532054,Buffering,178176,505,1,1,0,0,1,7375,0,342,0,342
532303,Buffering,179200,507,1,1,0,0,1,7378,0,342,0,342
532555,Buffering,199680,565,1,1,0,0,1,7382,0,342,0,342
532804,Buffering,137216,388,1,1,0,0,1,7383,92,342,92,342
533052,Buffering,185344,525,1,1,0,0,1,7391,14,342,14,342
533300,Buffering,158720,449,1,1,0,0,1,7393,0,342,0,342
533550,Buffering,151552,429,1,1,0,0,1,7396,97,342,97,342
533800,Buffering,172032,487,1,1,0,0,1,7400,0,342,0,342
534050,Buffering,173056,490,1,1,0,0,1,7403,99,342,99,342
534301,Buffering,165888,470,1,1,0,0,1,7406,0,342,0,342
534550,Buffering,158720,449,1,1,0,0,1,7409,0,342,0,342
534799,Buffering,179200,507,1,1,0,0,1,7413,99,342,99,342
535049,Buffering,207872,589,1,1,0,0,1,7417,13,342,13,342
535297,Buffering,117760,333,1,1,0,0,1,7417,13,342,13,342
535547,Buffering,165888,470,1,1,0,0,1,7422,0,342,0,342
535797,Buffering,158720,449,1,1,0,0,1,7428,0,342,0,342
536046,Buffering,159744,452,1,1,0,0,1,7431,0,342,0,342
536296,Buffering,124928,354,1,1,0,0,1,7433,0,342,0,342
536548,Buffering,145408,412,1,1,0,0,1,7437,0,342,0,342
536797,Buffering,146432,415,1,1,0,0,1,7440,95,342,95,342
537047,Buffering,166912,473,1,1,0,0,1,7444,0,342,0,342
537296,Buffering,187392,531,1,1,0,0,1,7448,0,342,0,342
537547,Buffering,124928,354,1,1,0,0,1,7449,179,342,179,342
537796,Buffering,125952,357,1,1,0,0,1,7452,97,342,97,342
538045,Buffering,174080,493,1,1,0,0,1,7457,0,342,0,342
538293,Buffering,139264,394,1,1,0,0,1,7459,97,342,97,342
538545,Buffering,132096,374,1,1,0,0,1,7462,0,342,0,342
538795,Buffering,105472,298,1,1,0,0,1,7467,95,342,96,342
539042,Buffering,125952,357,1,1,0,0,1,7471,176,342,176,342
539292,Buffering,91136,258,1,1,0,0,1,7473,13,342,13,342
539539,Buffering,119808,339,1,1,0,0,1,7477,0,342,0,342
539791,Buffering,112640,319,1,1,0,0,1,7480,177,342,177,342
540041,Buffering,133120,377,1,1,0,0,1,7484,0,342,0,342
540290,Buffering,78848,223,1,1,0,0,1,7485,96,342,96,342
540540,Buffering,126976,359,1,1,0,0,1,7490,0,342,0,342
540788,Buffering,119808,339,1,1,0,0,1,7493,0,342,0,342
541038,Buffering,140288,397,1,1,0,0,1,7497,0,342,0,342
541289,Buffering,132096,374,1,1,0,0,1,7500,176,342,176,342
541539,Buffering,51200,145,1,1,0,0,1,7503,95,342,95,342
541788,Buffering,99328,281,1,1,0,0,1,7508,0,342,0,342
542038,Buffering,92160,261,1,1,0,0,1,7511,0,342,0,342
542304,Buffering,112640,319,1,1,0,0,1,7515,0,342,0,342
542555,Buffering,77824,220,1,1,0,0,1,7517,0,342,0,342
542804,Buffering,98304,278,1,1,0,0,1,7521,0,342,0,342
543053,Buffering,99328,281,1,1,0,0,1,7524,174,342,174,342
543302,Buffering,92160,261,1,1,0,0,1,7527,175,342,175,342
543552,Buffering,57344,162,1,1,0,0,1,7529,0,342,0,342
543805,Buffering,77824,220,1,1,0,0,1,7533,177,342,177,342
544053,Buffering,106496,301,1,1,0,0,1,7537,0,342,0,342
544304,Buffering,99328,281,1,1,0,0,1,7543,0,342,0,342
544558,Buffering,36864,104,1,1,0,0,1,7544,94,342,94,342
544810,Buffering,82944,235,1,1,0,0,1,7548,0,342,0,342
545000,Playing,80896,229,1,2,0,0,1,7550,0,342,0,342
545251,Playing,73728,208,1,2,0,0,1,7553,0,342,0,342
545500,Playing,94208,267,1,2,0,0,1,7557,0,342,0,342
545751,Playing,95232,269,1,2,0,0,1,7560,175,342,175,342
546061,Playing,118784,336,1,2,0,0,1,7565,0,342,0,342
546312,Playing,119808,339,1,2,0,0,1,7568,0,342,0,342
546559,Playing,112640,319,1,2,0,0,1,7571,0,342,0,342
546808,Playing,105472,298,1,2,0,0,1,7574,0,342,0,342
547059,Playing,70656,200,1,2,0,0,1,7579,0,342,0,342
547309,Playing,99328,281,1,2,0,0,1,7583,90,342,90,342
547559,Playing,92160,261,1,2,0,0,1,7586,0,342,0,342
547806,Playing,57344,162,1,2,0,0,1,7588,0,342,0,342
548057,Playing,86016,243,1,2,0,0,1,7592,0,342,0,342
548307,Playing,78848,223,1,2,0,0,1,7595,0,342,0,342
548557,Playing,99328,281,1,2,0,0,1,7599,0,342,0,342
548809,Playing,64512,182,1,2,0,0,1,7601,0,342,0,342
549059,Playing,65536,185,1,2,0,0,1,7604,0,342,0,342
549309,Playing,86016,243,1,2,0,0,1,7608,0,342,0,342
549558,Playing,106496,301,1,2,0,0,1,7612,0,342,0,342
549808,Playing,53248,150,1,2,0,0,1,7614,95,342,95,342
550059,Buffering,55296,156,2,2,0,0,1,7619,0,342,0,342
550308,Buffering,138240,391,2,2,0,0,1,7622,177,342,177,342
550558,Buffering,276480,783,2,2,0,0,1,7627,0,342,0,342
550806,Buffering,304128,862,2,2,0,0,1,7628,172,342,172,342
551057,Buffering,390144,1105,2,3,0,0,1,7632,0,342,0,342
551310,Buffering,382976,1085,2,3,0,0,1,7635,0,342,0,342
551500,Buffering,372736,1056,2,3,0,0,1,7637,0,342,0,342
551751,Buffering,393216,1114,2,3,0,0,1,7641,0,342,0,342
552003,Buffering,386048,1094,2,3,0,0,1,7644,177,342,177,342
552254,Buffering,378880,1073,2,3,0,0,1,7647,13,342,13,342
552530,Buffering,335872,952,2,3,0,0,1,7649,97,342,97,342
552781,Buffering,347136,983,2,3,0,0,1,7656,0,342,0,342
553031,Buffering,348160,986,2,3,0,0,1,7659,0,342,0,342
553286,Buffering,368640,1044,2,3,0,0,1,7663,0,342,0,342
553538,Buffering,306176,867,2,3,0,0,1,7664,97,342,97,342
553790,Buffering,326656,925,2,3,0,0,1,7668,0,342,0,342
554038,Buffering,319488,905,2,3,0,0,1,7671,94,342,94,342
554286,Buffering,320512,908,2,3,0,0,1,7674,97,342,97,342
554536,Buffering,368640,1044,2,3,0,0,1,7679,0,342,0,342
554787,Buffering,306176,867,2,3,0,0,1,7680,94,342,94,342
555038,Buffering,326656,925,2,3,0,0,1,7684,94,342,94,342
555288,Buffering,355328,1007,2,3,0,0,1,7688,11,342,11,342
555537,Buffering,311296,882,2,3,0,0,1,7693,94,342,94,342
555787,Buffering,331776,940,2,3,0,0,1,7697,94,342,94,342
556037,Buffering,305152,864,2,3,0,0,1,7699,0,342,0,342
556288,Buffering,297984,844,2,3,0,0,1,7702,98,342,98,342
556535,Buffering,318464,902,2,3,0,0,1,7706,93,342,93,342
556781,Buffering,347136,983,2,3,0,0,1,7710,0,342,0,342
557031,Buffering,312320,885,2,3,0,0,1,7712,0,342,0,342
557281,Buffering,277504,786,2,3,0,0,1,7714,93,342,93,342
557529,Buffering,325632,922,2,3,0,0,1,7719,0,342,0,342
557779,Buffering,299008,847,2,3,0,0,1,7721,0,342,0,342
558029,Buffering,319488,905,2,3,0,0,1,7725,0,342,0,342
558281,Buffering,284672,806,2,3,0,0,1,7727,94,342,94,342
558530,Buffering,277504,786,2,3,0,0,1,7733,97,342,97,342
558780,Buffering,250880,711,2,3,0,0,1,7735,0,342,0,342
559031,Buffering,271360,769,2,3,0,0,1,7739,96,342,96,342
559283,Buffering,264192,748,2,3,0,0,1,7742,96,342,96,342
559531,Buffering,229376,650,2,3,0,0,1,7744,0,342,0,342
559780,Buffering,258048,731,2,3,0,0,1,7748,96,342,96,342
560029,Buffering,278528,789,2,3,0,0,1,7752,0,342,0,342
560280,Buffering,271360,769,2,3,0,0,1,7755,0,342,0,342
560529,Buffering,272384,772,2,3,0,0,1,7758,94,342,94,342
560779,Buffering,265216,751,2,3,0,0,1,7761,0,342,0,342
561028,Buffering,258048,731,2,3,0,0,1,7764,0,342,0,342
561275,Buffering,250880,711,2,3,0,0,1,7770,0,342,0,342
561528,Buffering,279552,792,2,3,0,0,1,7774,0,342,0,342
561778,Buffering,272384,772,2,3,0,0,1,7777,0,342,0,342
562028,Buffering,292864,830,2,3,0,0,1,7781,0,342,0,342
562276,Buffering,258048,731,2,3,0,0,1,7783,0,342,0,342
562524,Buffering,259072,734,2,3,0,0,1,7786,0,342,0,342
562775,Buffering,279552,792,2,3,0,0,1,7790,0,342,0,342
563023,Buffering,272384,772,2,3,0,0,1,7793,93,342,94,342
563271,Buffering,301056,853,2,3,0,0,1,7797,0,342,0,342
563522,Buffering,266240,754,2,3,0,0,1,7799,0,342,0,342
563770,Buffering,286720,812,2,3,0,0,1,7803,0,342,0,342
564019,Buffering,260096,737,2,3,0,0,1,7808,95,342,95,342
564327,Buffering,228352,647,2,3,0,0,1,7811,55,342,55,342
564520,Buffering,245760,696,2,3,0,0,1,7814,0,342,0,342
564770,Buffering,238592,676,2,3,0,0,1,7817,0,342,0,342
565021,Buffering,231424,655,2,3,0,0,1,7820,179,342,179,342
565271,Buffering,287744,815,2,3,0,0,1,7825,0,342,0,342
565519,Buffering,197632,560,2,3,0,0,1,7825,0,342,0,342
565770,Buffering,245760,696,2,3,0,0,1,7830,0,342,0,342
566020,Buffering,274432,777,2,3,0,0,1,7834,0,342,0,342
566269,Buffering,267264,757,2,3,0,0,1,7837,0,342,0,342
566519,Buffering,232448,658,2,3,0,0,1,7839,0,342,0,342
566768,Buffering,197632,560,2,3,0,0,1,7844,0,342,0,342
567017,Buffering,226304,641,2,3,0,0,1,7848,0,342,0,342
567267,Buffering,246784,699,2,3,0,0,1,7852,0,342,0,342
567518,Buffering,184320,522,2,3,0,0,1,7853,171,342,171,342
567771,Buffering,177152,502,2,3,0,0,1,7856,177,342,177,342
568020,Buffering,233472,661,2,3,0,0,1,7861,0,342,0,342
568267,Buffering,226304,641,2,3,0,0,1,7864,3,342,3,342
568518,Buffering,219136,621,2,3,0,0,1,7867,93,342,93,342
568768,Buffering,211968,600,2,3,0,0,1,7870,0,342,0,342
569018,Buffering,212992,603,2,3,0,0,1,7873,0,342,0,342
569267,Buffering,233472,661,2,3,0,0,1,7877,95,342,96,342
569517,Buffering,189440,536,2,3,0,0,1,7881,0,342,12,342
569767,Buffering,172032,487,2,3,0,0,1,7884,0,342,0,342
570019,Buffering,192512,545,2,3,0,0,1,7888,0,342,0,342
570268,Buffering,212992,603,2,3,0,0,1,7892,0,342,0,342
570518,Buffering,178176,505,2,3,0,0,1,7894,0,342,0,342
570768,Buffering,179200,507,2,3,0,0,1,7897,0,342,0,342
571017,Buffering,199680,565,2,3,0,0,1,7901,0,342,0,342
571265,Buffering,192512,545,2,3,0,0,1,7904,0,342,0,342
571517,Buffering,157696,446,2,3,0,0,1,7906,0,342,0,342
571767,Buffering,158720,449,2,3,0,0,1,7909,173,342,173,342
572016,Buffering,179200,507,2,3,0,0,1,7913,176,342,176,342
572266,Buffering,199680,565,2,3,0,0,1,7920,0,342,0,342
572517,Buffering,137216,388,2,3,0,0,1,7921,96,342,96,342
572767,Buffering,165888,470,2,3,0,0,1,7925,0,342,0,342
573016,Buffering,158720,449,2,3,0,0,1,7928,12,342,12,342
573268,Buffering,151552,429,2,3,0,0,1,7931,176,342,176,342
573520,Buffering,144384,409,2,3,0,0,1,7934,0,342,0,342
573775,Buffering,137216,388,2,3,0,0,1,7937,0,342,0,342
574026,Buffering,138240,391,2,3,0,0,1,7940,96,342,96,342
574276,Buffering,186368,528,2,3,0,0,1,7945,0,342,0,342
574526,Buffering,123904,351,2,3,0,0,1,7946,93,342,93,342
574776,Buffering,144384,409,2,3,0,0,1,7950,0,342,0,342
575027,Buffering,164864,467,2,3,0,0,1,7954,0,342,0,342
575275,Buffering,129024,365,2,3,0,0,1,7959,0,342,0,342
575524,Buffering,121856,345,2,3,0,0,1,7962,0,342,0,342
575776,Buffering,114688,325,2,3,0,0,1,7965,0,342,0,342
576026,Buffering,107520,304,2,3,0,0,1,7968,92,342,92,342
576276,Buffering,136192,386,2,3,0,0,1,7972,0,342,0,342
576525,Buffering,129024,365,2,3,0,0,1,7975,0,342,0,342
576854,Buffering,124928,354,2,3,0,0,1,7979,0,342,0,342
577059,Buffering,106496,301,2,3,0,0,1,7981,0,342,0,342
577310,Buffering,126976,359,2,3,0,0,1,7985,0,342,0,342
577560,Buffering,119808,339,2,3,0,0,1,7988,0,342,0,342
577812,Buffering,93184,264,2,3,0,0,1,7990,0,342,0,342
578059,Buffering,67584,191,2,3,0,0,1,7995,0,342,14,342
578309,Buffering,69632,197,2,3,0,0,1,7999,96,342,96,342
578553,Buffering,98304,278,2,3,0,0,1,8003,0,342,0,342
578804,Buffering,63488,179,2,3,0,0,1,8005,0,342,0,342
579055,Buffering,56320,159,2,3,0,0,1,8008,95,342,95,342
579307,Buffering,49152,139,2,3,0,0,1,8011,91,342,91,342
579557,Buffering,77824,220,2,3,0,0,1,8015,92,342,92,342
579752,Buffering,114688,325,2,3,0,0,1,8019,99,342,99,342
580000,Buffering,88064,249,2,3,0,0,1,8021,0,342,0,342
580251,Buffering,80896,229,2,3,0,0,1,8024,95,342,95,342
580502,Buffering,101376,287,2,3,0,0,1,8028,95,342,95,342
580751,Buffering,84992,240,2,3,0,0,1,8034,0,342,0,342
581003,Buffering,50176,142,2,3,0,0,1,8036,0,342,0,342
581254,Buffering,51200,145,2,3,0,0,1,8039,0,342,0,342
581504,Buffering,71680,203,2,3,0,0,1,8043,0,342,0,342
581756,Buffering,64512,182,2,3,0,0,1,8046,95,342,95,342
582008,Buffering,57344,162,2,3,0,0,1,8049,0,342,0,342
582255,Buffering,58368,165,2,3,0,0,1,8052,0,342,0,342
582504,Buffering,51200,145,2,3,0,0,1,8055,94,342,94,342
582755,Buffering,71680,203,2,3,0,0,1,8059,0,342,0,342
583005,Buffering,92160,261,2,3,0,0,1,8063,0,342,0,342
583256,Buffering,65536,185,2,3,0,0,1,8065,0,342,0,342
583504,Buffering,58368,165,2,3,0,0,1,8071,0,342,15,342
583755,Buffering,23552,66,2,3,0,0,1,8073,97,342,97,342
584005,Playing,102400,290,2,4,0,0,1,8077,92,342,92,342
584253,Playing,75776,214,2,4,0,0,1,8079,0,342,0,342
584503,Playing,96256,272,2,4,0,0,1,8083,179,342,179,342
584751,Playing,69632,197,2,4,0,0,1,8085,0,342,0,342
585000,Playing,62464,177,2,4,0,0,1,8088,0,342,0,342
585251,Playing,82944,235,2,4,0,0,1,8092,179,342,179,342
585500,Playing,103424,293,2,4,0,0,1,8096,0,342,0,342
585811,Playing,79872,226,2,4,0,0,1,8099,0,342,0,342
586060,Playing,72704,206,2,4,0,0,1,8102,93,342,93,342
586308,Playing,101376,287,2,4,0,0,1,8109,0,342,13,342
586559,Playing,38912,110,2,4,0,0,1,8110,179,342,179,342
586810,Playing,59392,168,2,4,0,0,1,8114,0,342,0,342
587062,Playing,79872,226,2,4,0,0,1,8118,0,342,0,342
587250,Playing,41984,119,2,4,0,0,1,8119,173,342,173,342
587501,Playing,70656,200,2,4,0,0,1,8123,0,342,0,342
587750,Playing,91136,258,2,4,0,0,1,8127,0,342,0,342
588059,Playing,67584,191,2,4,0,0,1,8130,0,342,0,342
588309,Playing,88064,249,2,4,0,0,1,8134,0,342,0,342
588557,Playing,80896,229,2,4,0,0,1,8137,0,342,0,342
588806,Playing,54272,153,2,4,0,0,1,8139,0,342,0,342
589054,Playing,47104,133,2,4,0,0,1,8142,176,342,176,342
589307,Playing,67584,191,2,4,0,0,1,8149,0,342,0,342
589554,Playing,5120,14,2,4,0,0,1,8150,97,342,97,342
589805,Playing,33792,95,2,4,0,0,1,8154,0,342,0,342
590054,Buffering,55296,156,3,4,0,0,1,8157,0,342,0,342
590305,Buffering,165888,470,3,4,0,0,1,8161,0,342,0,342
590555,Buffering,221184,626,3,4,0,0,1,8163,0,342,0,342
590808,Buffering,304128,862,3,4,0,0,1,8166,94,342,94,342
591057,Buffering,340992,966,3,5,0,0,1,8170,94,342,94,342
591304,Buffering,361472,1024,3,5,0,0,1,8174,0,342,0,342
591556,Buffering,299008,847,3,5,0,0,1,8175,94,342,94,342
591808,Buffering,327680,928,3,5,0,0,1,8179,8,342,8,342
592058,Buffering,320512,908,3,5,0,0,1,8185,0,342,0,342
592308,Buffering,313344,888,3,5,0,0,1,8188,95,342,95,342
592558,Buffering,306176,867,3,5,0,0,1,8191,0,342,0,342
592808,Buffering,307200,870,3,5,0,0,1,8194,0,342,0,342
593057,Buffering,300032,850,3,5,0,0,1,8197,92,342,92,342
593308,Buffering,320512,908,3,5,0,0,1,8201,15,342,15,342
593558,Buffering,340992,966,3,5,0,0,1,8205,0,342,0,342
593805,Buffering,342016,969,3,5,0,0,1,8208,97,342,97,342
594057,Buffering,307200,870,3,5,0,0,1,8210,0,342,0,342
594307,Buffering,327680,928,3,5,0,0,1,8214,0,342,0,342
594556,Buffering,356352,1010,3,5,0,0,1,8218,15,342,15,342
594806,Buffering,321536,911,3,5,0,0,1,8223,0,342,0,342
595052,Buffering,259072,734,3,5,0,0,1,8224,177,342,177,342
595301,Buffering,315392,893,3,5,0,0,1,8229,0,342,0,342
595551,Buffering,308224,873,3,5,0,0,1,8232,0,342,0,342
595799,Buffering,328704,931,3,5,0,0,1,8236,0,342,0,342
596049,Buffering,293888,833,3,5,0,0,1,8238,0,342,0,342
596297,Buffering,294912,835,3,5,0,0,1,8241,0,342,0,342
596550,Buffering,315392,893,3,5,0,0,1,8245,2,342,2,342
596802,Buffering,308224,873,3,5,0,0,1,8248,94,342,94,342
597055,Buffering,273408,774,3,5,0,0,1,8250,0,342,0,342
597306,Buffering,302080,856,3,5,0,0,1,8254,0,342,0,342
597553,Buffering,294912,835,3,5,0,0,1,8257,179,342,179,342
597802,Buffering,287744,815,3,5,0,0,1,8263,0,342,0,342
598051,Buffering,261120,740,3,5,0,0,1,8265,0,342,0,342
598299,Buffering,281600,798,3,5,0,0,1,8269,0,342,0,342
598552,Buffering,274432,777,3,5,0,0,1,8272,1,342,1,342
598803,Buffering,294912,835,3,5,0,0,1,8276,0,342,0,342
599053,Buffering,260096,737,3,5,0,0,1,8278,0,342,0,342
599274,Buffering,269312,763,3,5,0,0,1,8281,195,342,196,342
599522,Buffering,262144,743,3,5,0,0,1,8284,175,342,176,342
599770,Buffering,235520,667,3,5,0,0,1,8286,0,342,0,342
600019,Buffering,256000,725,3,5,0,0,1,8290,92,342,92,342
