t_ms,state,buffered_bytes,buffered_ms,underruns,resumes,play_failures,stream_rebuilds,sessions,chunk_reads,last_chunk_ms,max_chunk_ms,last_push_gap_ms,max_push_gap_ms
50,Off,0,0,0,0,0,0,1,0,0,0,0,0
252,Off,0,0,0,0,0,0,1,0,0,0,0,0
504,Off,0,0,0,0,0,0,1,2,0,19,0,0
764,Reconnecting,0,0,0,0,0,0,1,6,9,117,0,0
1015,Reconnecting,0,0,0,0,0,0,1,6,9,117,0,0
1269,Reconnecting,0,0,0,0,0,0,1,6,9,117,0,0
1527,Reconnecting,0,0,0,0,0,0,1,6,9,117,0,0
1791,Reconnecting,0,0,0,0,0,0,1,6,9,117,0,0
2044,Reconnecting,0,0,0,0,0,0,1,6,9,117,0,0
2253,Reconnecting,0,0,0,0,0,0,1,6,9,117,0,0
2511,Reconnecting,0,0,0,0,0,0,1,6,9,117,0,0
2773,Reconnecting,0,0,0,0,0,0,1,6,9,117,0,0
3034,Reconnecting,0,0,0,0,0,0,1,6,9,117,0,0
3302,Reconnecting,0,0,0,0,0,0,1,6,9,117,0,0
3518,Reconnecting,0,0,0,0,0,0,1,6,9,117,0,0
3777,Reconnecting,0,0,0,0,0,0,1,6,9,117,0,0
4038,Reconnecting,0,0,0,0,0,0,1,6,9,117,0,0
4293,Reconnecting,0,0,0,0,0,0,1,6,9,117,0,0
4514,Reconnecting,0,0,0,0,0,0,1,6,9,117,0,0
4773,Reconnecting,0,0,0,0,0,0,1,6,9,117,0,0
5036,Reconnecting,0,0,0,0,0,0,1,6,9,117,0,0
5265,Reconnecting,0,0,0,0,0,0,1,6,9,117,0,0
5531,Reconnecting,0,0,0,0,0,0,1,6,9,117,0,0
5793,Reconnecting,0,0,0,0,0,0,2,6,9,117,0,0
6051,Reconnecting,0,0,0,0,0,0,2,12,3,117,0,0
6257,Reconnecting,0,0,0,0,0,0,2,12,3,117,0,0
6513,Reconnecting,0,0,0,0,0,0,2,12,3,117,0,0
6782,Reconnecting,0,0,0,0,0,0,2,12,3,117,0,0
7043,Reconnecting,0,0,0,0,0,0,2,12,3,117,0,0
7298,Reconnecting,0,0,0,0,0,0,2,12,3,117,0,0
7502,Reconnecting,0,0,0,0,0,0,2,12,3,117,0,0
7762,Reconnecting,0,0,0,0,0,0,2,12,3,117,0,0
8018,Reconnecting,0,0,0,0,0,0,2,12,3,117,0,0
8279,Reconnecting,0,0,0,0,0,0,2,12,3,117,0,0
8533,Reconnecting,0,0,0,0,0,0,2,12,3,117,0,0
8788,Reconnecting,0,0,0,0,0,0,2,12,3,117,0,0
9040,Reconnecting,0,0,0,0,0,0,2,12,3,117,0,0
9301,Reconnecting,0,0,0,0,0,0,2,12,3,117,0,0
9503,Reconnecting,0,0,0,0,0,0,2,12,3,117,0,0
9756,Reconnecting,0,0,0,0,0,0,2,12,3,117,0,0
10009,Reconnecting,0,0,0,0,0,0,2,12,3,117,0,0
10261,Reconnecting,0,0,0,0,0,0,2,12,3,117,0,0
10514,Reconnecting,0,0,0,0,0,0,2,12,3,117,0,0
10768,Reconnecting,0,0,0,0,0,0,2,12,3,117,0,0
11021,Reconnecting,0,0,0,0,0,0,2,12,3,117,0,0
11273,Reconnecting,0,0,0,0,0,0,3,12,3,117,0,0
11525,Reconnecting,46080,130,0,0,0,0,3,21,0,118,0,143
11778,Reconnecting,792576,2246,0,0,0,0,3,35,52,119,52,143
12031,Reconnecting,1299456,3683,0,0,0,0,3,48,0,119,0,143
12283,Playing,1796096,5090,0,0,0,0,3,62,4,119,4,143
12536,Playing,1936384,5488,0,0,0,0,3,67,27,119,28,143
12789,Playing,1938432,5494,0,0,0,0,3,70,33,267,33,267
13044,Playing,1922048,5447,0,0,0,0,3,72,0,267,0,267
13297,Playing,1933312,5479,0,0,0,0,3,75,0,267,0,267
13500,Playing,1878016,5323,0,0,0,0,3,76,125,267,125,267
13752,Playing,1879040,5326,0,0,0,0,3,79,79,267,79,267
14011,Playing,1854464,5256,0,0,0,0,3,82,0,267,0,267
14266,Playing,1856512,5262,0,0,0,0,3,85,0,267,0,267
14519,Playing,1793024,5082,0,0,0,0,3,86,2,267,2,267
14772,Playing,1813504,5140,0,0,0,0,3,88,125,283,125,283
15024,Playing,1806336,5120,0,0,0,0,3,91,13,283,13,283
15276,Playing,1789952,5073,0,0,0,0,3,93,0,412,0,412
15529,Playing,1773568,5027,0,0,0,0,3,96,0,412,0,412
15783,Playing,1784832,5059,0,0,0,0,3,100,0,412,0,412
16036,Playing,1694720,4803,0,0,0,0,3,101,97,412,97,412
16290,Playing,1696768,4809,0,0,0,0,3,104,125,412,126,412
16542,Playing,1671168,4736,0,0,0,0,3,105,306,412,307,412
16795,Playing,1690624,4792,0,0,0,0,3,110,47,412,47,412
17049,Playing,1674240,4745,0,0,0,0,3,112,0,412,0,412
17250,Playing,1618944,4588,0,0,0,0,3,113,124,412,124,412
17503,Playing,1574912,4464,0,0,0,0,3,115,0,412,0,412
17755,Playing,1586176,4495,0,0,0,0,3,120,1,412,1,412
18009,Playing,1568768,4446,0,0,0,0,3,122,1,412,1,412
18262,Playing,1506304,4269,0,0,0,0,3,123,125,412,125,412
18515,Playing,1517568,4301,0,0,0,0,3,126,172,412,173,412
18768,Playing,1510400,4281,0,0,0,0,3,128,0,412,0,412
19022,Playing,1521664,4313,0,0,0,0,3,131,0,412,0,412
19275,Playing,1505280,4266,0,0,0,0,3,133,170,412,170,412
19530,Playing,1442816,4089,0,0,0,0,3,135,32,412,32,412
19782,Playing,1444864,4095,0,0,0,0,3,138,126,412,126,412
20034,Playing,1437696,4075,0,0,0,0,3,140,0,412,0,412
20287,Playing,1429504,4051,0,0,0,0,3,143,4,412,4,412
20540,Playing,1440768,4083,0,0,0,0,3,147,0,412,0,412
20792,Playing,1350656,3828,0,0,0,0,3,148,95,412,95,412
21045,Playing,1352704,3834,0,0,0,0,3,151,125,412,125,412
21298,Playing,1345536,3813,0,0,0,0,3,154,92,412,92,412
21500,Playing,1345536,3813,0,0,0,0,3,157,0,412,0,412
21753,Playing,1337344,3790,0,0,0,0,3,160,0,412,0,412
22005,Playing,1265664,3587,0,0,0,0,3,161,126,412,126,412
22259,Playing,1240064,3514,0,0,0,0,3,162,308,412,308,412
22512,Playing,1288192,3651,0,0,0,0,3,166,11,412,11,412
22764,Playing,1271808,3604,0,0,0,0,3,168,0,412,0,412
23015,Playing,1200128,3401,0,0,0,0,3,169,125,412,125,412
23270,Playing,1192960,3381,0,0,0,0,3,172,33,412,33,412
23523,Playing,1203200,3410,0,0,0,0,3,174,0,412,0,412
23774,Playing,1196032,3390,0,0,0,0,3,176,0,412,0,412
24029,Playing,1179648,3343,0,0,0,0,3,179,4,412,4,412
24281,Playing,1117184,3166,0,0,0,0,3,181,84,412,84,412
24533,Playing,1119232,3172,0,0,0,0,3,184,125,412,125,412
24785,Playing,1130496,3204,0,0,0,0,3,187,126,412,126,412
25040,Playing,1132544,3210,0,0,0,0,3,189,90,412,90,412
25292,Playing,1050624,2977,0,0,0,0,3,190,34,412,34,412
25545,Playing,1052672,2983,0,0,0,0,3,193,125,412,125,412
25800,Playing,1063936,3015,0,0,0,0,3,196,124,412,124,412
26001,Playing,1073152,3041,0,0,0,0,3,199,87,412,87,412
26255,Playing,1075200,3047,0,0,0,0,3,203,96,412,96,412
26507,Playing,985088,2792,0,0,0,0,3,203,96,412,96,412
26760,Playing,987136,2798,0,0,0,0,3,206,124,412,124,412
27015,Playing,979968,2777,0,0,0,0,3,209,32,412,32,412
27268,Playing,990208,2806,0,0,0,0,3,211,0,412,0,412
27521,Playing,983040,2786,0,0,0,0,3,213,0,412,0,412
27774,Playing,911360,2583,0,0,0,0,3,214,125,412,125,412
28026,Playing,904192,2562,0,0,0,0,3,218,76,412,76,412
28280,Playing,887808,2516,0,0,0,0,3,221,89,412,89,412
28533,Playing,889856,2522,0,0,0,0,3,224,125,412,125,412
28786,Playing,799744,2266,0,0,0,0,3,224,125,412,125,412
29039,Playing,809984,2295,0,0,0,0,3,227,34,412,34,412
29293,Playing,793600,2249,0,0,0,0,3,230,2,412,2,412
29545,Playing,795648,2255,0,0,0,0,3,234,116,412,116,412
29798,Playing,779264,2208,0,0,0,0,3,237,85,412,85,412
30000,Playing,705536,1999,0,0,0,0,3,238,82,412,82,412
30251,Playing,715776,2028,0,0,0,0,3,242,122,412,122,412
30503,Playing,699392,1982,0,0,0,0,3,245,3,412,3,412
30758,Playing,683008,1935,0,0,0,0,3,248,37,412,37,412
31010,Playing,666624,1889,0,0,0,0,3,251,48,412,48,412
31263,Playing,576512,1634,0,0,0,0,3,251,48,412,48,412
31515,Playing,578560,1639,0,0,0,0,3,254,126,412,126,412
31769,Playing,571392,1619,0,0,0,0,3,258,80,412,80,412
32022,Playing,555008,1573,0,0,0,0,3,261,97,412,97,412
32274,Playing,546816,1549,0,0,0,0,3,263,0,412,0,412
32528,Playing,475136,1346,0,0,0,0,3,264,125,412,125,412
32780,Playing,467968,1326,0,0,0,0,3,268,81,412,81,412
33033,Playing,451584,1280,0,0,0,0,3,271,96,412,96,412
33295,Playing,453632,1285,0,0,0,0,3,274,132,412,132,412
33548,Playing,428032,1213,0,0,0,0,3,275,300,412,300,412
33751,Playing,381952,1082,0,0,0,0,3,277,32,412,32,412
34003,Playing,384000,1088,0,0,0,0,3,280,46,412,46,412
34255,Playing,386048,1094,0,0,0,0,3,283,125,412,125,412
34508,Playing,351232,995,0,0,0,0,3,284,309,412,309,412
34761,Playing,362496,1027,0,0,0,0,3,289,3,412,3,412
35014,Playing,280576,795,0,0,0,0,3,289,3,412,3,412
35265,Playing,282624,801,0,0,0,0,3,292,126,412,126,412
35519,Playing,275456,780,0,0,0,0,3,296,87,412,87,412
35771,Playing,259072,734,0,0,0,0,3,298,0,412,0,412
36024,Playing,270336,766,0,0,0,0,3,301,0,412,0,412
36279,Playing,198656,563,0,0,0,0,3,302,124,412,124,412
36531,Playing,246784,699,0,0,0,0,3,307,0,412,0,412
36783,Playing,174080,493,0,0,0,0,3,309,47,412,47,412
37036,Playing,157696,446,0,0,0,0,3,311,0,412,0,412
37290,Playing,150528,426,0,0,0,0,3,313,170,412,170,412
37543,Playing,143360,406,0,0,0,0,3,319,3,412,3,412
37795,Playing,53248,150,0,0,0,0,3,319,3,412,3,412
38048,Playing,55296,156,0,0,0,0,3,322,9,422,9,422
38250,Buffering,46080,130,1,0,0,0,3,324,170,422,170,422
38503,Buffering,147456,417,1,0,0,0,3,328,0,422,0,422
38756,Buffering,147456,417,1,0,0,0,3,329,46,422,46,422
39010,Buffering,239616,679,1,0,0,0,3,332,128,422,128,422
39262,Buffering,294912,835,1,0,0,0,3,334,1,422,1,422
39515,Buffering,362496,1027,1,1,0,0,3,339,6,422,6,422
39768,Buffering,346112,981,1,1,0,0,3,342,0,422,0,422
40021,Buffering,274432,777,1,1,0,0,3,343,125,422,125,422
40274,Buffering,276480,783,1,1,0,0,3,345,92,422,92,422
40526,Buffering,278528,789,1,1,0,0,3,348,0,422,0,422
40780,Buffering,271360,769,1,1,0,0,3,350,0,422,0,422
41033,Buffering,254976,722,1,1,0,0,3,353,10,422,10,422
41287,Buffering,192512,545,1,1,0,0,3,355,91,422,91,422
41539,Buffering,202752,574,1,1,0,0,3,358,125,422,125,422
41791,Buffering,214016,606,1,1,0,0,3,361,1,422,1,422
42044,Buffering,169984,481,1,1,0,0,3,363,170,422,170,422
42297,Buffering,181248,513,1,1,0,0,3,368,54,422,54,422
42500,Buffering,107520,304,1,1,0,0,3,368,54,422,54,422
42754,Buffering,91136,258,1,1,0,0,3,370,0,422,0,422
43007,Buffering,82944,235,1,1,0,0,3,373,3,422,3,422
43260,Buffering,103424,293,1,1,0,0,3,377,0,422,0,422
43512,Buffering,13312,37,1,1,0,0,3,378,98,422,98,422
43765,Playing,83968,238,1,2,0,0,3,381,124,422,124,422
44018,Playing,76800,217,1,2,0,0,3,384,88,422,88,422
44272,Playing,60416,171,1,2,0,0,3,388,96,422,96,422
44524,Playing,62464,177,1,2,0,0,3,391,10,422,10,422
44778,Playing,0,0,1,2,0,0,3,392,114,422,114,422
45031,Buffering,82944,235,2,2,0,0,3,395,32,422,32,422
45285,Buffering,156672,444,2,2,0,0,3,398,47,422,47,422
45537,Buffering,248832,705,2,2,0,0,3,401,6,422,6,422
45791,Buffering,294912,835,2,2,0,0,3,403,175,422,175,422
46044,Buffering,322560,914,2,2,0,0,3,405,41,422,41,422
46298,Buffering,340992,966,2,3,0,0,3,408,125,422,125,422
46501,Buffering,350208,992,2,3,0,0,3,410,0,422,0,422
46753,Buffering,333824,946,2,3,0,0,3,413,5,422,5,422
47006,Buffering,288768,818,2,3,0,0,3,415,83,422,83,422
47259,Buffering,290816,824,2,3,0,0,3,418,124,422,124,422
47512,Buffering,302080,856,2,3,0,0,3,421,124,422,125,422
47765,Buffering,304128,862,2,3,0,0,3,423,91,422,91,422
48019,Buffering,287744,815,2,3,0,0,3,427,0,422,0,422
48273,Buffering,197632,560,2,3,0,0,3,427,0,422,0,422
48525,Buffering,199680,565,2,3,0,0,3,430,126,423,126,423
48778,Buffering,192512,545,2,3,0,0,3,433,90,423,90,423
49039,Buffering,176128,499,2,3,0,0,3,437,93,423,93,423
49291,Buffering,86016,243,2,3,0,0,3,437,93,423,93,423
49545,Buffering,88064,249,2,3,0,0,3,440,124,423,124,423
49798,Buffering,107520,304,2,3,0,0,3,443,170,423,171,423
50001,Buffering,116736,330,2,3,0,0,3,446,108,423,108,423
50253,Buffering,118784,336,2,3,0,0,3,449,124,423,124,423
50505,Buffering,28672,81,2,3,0,0,3,449,124,423,124,423
50759,Buffering,21504,60,2,3,0,0,3,452,34,423,34,423
51011,Buffering,5120,14,2,3,0,0,3,455,44,423,44,423
51266,Playing,67584,191,2,4,0,0,3,458,125,423,125,423
51520,Playing,59392,168,2,4,0,0,3,461,88,423,89,423
51772,Buffering,73728,208,3,4,0,0,3,464,0,423,0,423
52025,Buffering,92160,261,3,4,0,0,3,465,125,423,125,423
52279,Buffering,175104,496,3,4,0,0,3,468,125,423,125,423
52533,Buffering,248832,705,3,4,0,0,3,472,88,423,88,423
52786,Buffering,322560,914,3,4,0,0,3,474,0,423,0,423
53039,Buffering,415744,1178,3,5,0,0,3,477,0,423,0,423
53291,Buffering,344064,975,3,5,0,0,3,478,124,423,124,423
53544,Buffering,363520,1030,3,5,0,0,3,481,175,423,175,423
53798,Buffering,356352,1010,3,5,0,0,3,483,0,423,0,423
54003,Buffering,402432,1140,3,5,0,0,3,486,0,423,0,423
54256,Buffering,312320,885,3,5,0,0,3,486,0,423,0,423
54510,Buffering,305152,864,3,5,0,0,3,489,33,423,33,423
54762,Buffering,288768,818,3,5,0,0,3,491,0,423,0,423
55015,Buffering,300032,850,3,5,0,0,3,495,115,423,115,423
55270,Buffering,265216,751,3,5,0,0,3,496,308,423,309,423
55521,Buffering,202752,574,3,5,0,0,3,498,34,423,34,423
55775,Buffering,212992,603,3,5,0,0,3,501,125,423,125,423
56026,Buffering,205824,583,3,5,0,0,3,504,114,423,114,423
56279,Buffering,171008,484,3,5,0,0,3,505,309,423,309,423
56532,Buffering,182272,516,3,5,0,0,3,510,1,423,1,423
56783,Buffering,165888,470,3,5,0,0,3,512,0,423,0,423
57038,Buffering,94208,267,3,5,0,0,3,513,125,423,125,423
57292,Buffering,87040,246,3,5,0,0,3,517,172,423,172,423
57544,Buffering,79872,226,3,5,0,0,3,519,0,423,0,423
57798,Buffering,99328,281,3,5,0,0,3,522,0,423,0,423
58000,Buffering,44032,124,3,5,0,0,3,523,124,423,124,423
58252,Buffering,36864,104,3,5,0,0,3,526,33,423,33,423
58504,Buffering,64512,182,3,5,0,0,3,528,0,423,0,423
58757,Reconnecting,0,0,3,6,0,0,3,529,125,423,125,423
59010,Reconnecting,0,0,3,6,0,0,3,529,125,423,125,423
59263,Reconnecting,0,0,3,6,0,0,3,529,125,423,125,423
59514,Reconnecting,0,0,3,6,0,0,3,529,125,423,125,423
59767,Reconnecting,0,0,3,6,0,0,3,529,125,423,125,423
60021,Reconnecting,0,0,3,6,0,0,3,529,125,423,125,423
60305,Reconnecting,0,0,3,6,0,0,3,529,125,423,125,423
60522,Reconnecting,0,0,3,6,0,0,3,529,125,423,125,423
60791,Reconnecting,0,0,3,6,0,0,3,529,125,423,125,423
61046,Reconnecting,0,0,3,6,0,0,3,529,125,423,125,423
61259,Reconnecting,0,0,3,6,0,0,3,529,125,423,125,423
61511,Reconnecting,0,0,3,6,0,0,3,529,125,423,125,423
61763,Reconnecting,0,0,3,6,0,0,3,529,125,423,125,423
62018,Reconnecting,0,0,3,6,0,0,3,529,125,423,125,423
62271,Reconnecting,0,0,3,6,0,0,3,529,125,423,125,423
62524,Reconnecting,0,0,3,6,0,0,3,529,125,423,125,423
62778,Reconnecting,0,0,3,6,0,0,3,529,125,423,125,423
63031,Reconnecting,0,0,3,6,0,0,3,529,125,423,125,423
63284,Reconnecting,0,0,3,6,0,0,3,529,125,423,125,423
63537,Reconnecting,0,0,3,6,0,0,3,529,125,423,125,423
63791,Reconnecting,0,0,3,6,0,0,4,529,125,423,125,423
64045,Reconnecting,202752,574,3,6,0,0,4,538,0,423,0,423
64300,Reconnecting,884736,2507,3,6,0,0,4,551,0,423,0,423
64502,Reconnecting,1391616,3944,3,6,0,0,4,564,0,423,0,423
64754,Playing,1806336,5120,3,6,0,0,4,578,26,423,26,423
65008,Playing,1992704,5648,3,6,0,0,4,585,174,423,174,423
65262,Playing,1921024,5445,3,6,0,0,4,588,120,423,120,423
65515,Playing,1923072,5450,3,6,0,0,4,590,0,423,0,423
65768,Playing,1934336,5482,3,6,0,0,4,593,129,423,129,423
66022,Playing,1916928,5433,3,6,0,0,4,595,79,423,79,423
66275,Playing,1845248,5230,3,6,0,0,4,596,49,423,49,423
66528,Playing,1856512,5262,3,6,0,0,4,599,129,423,129,423
66781,Playing,1849344,5241,3,6,0,0,4,602,7,423,7,423
67034,Playing,1832960,5195,3,6,0,0,4,605,39,423,39,423
67286,Playing,1816576,5149,3,6,0,0,4,607,0,423,0,423
67541,Playing,1744896,4945,3,6,0,0,4,608,128,423,128,423
67794,Playing,1745920,4948,3,6,0,0,4,611,128,423,128,423
68048,Playing,1729536,4902,3,6,0,0,4,615,103,423,103,423
68251,Playing,1729536,4902,3,6,0,0,4,617,0,423,0,423
68504,Playing,1657856,4699,3,6,0,0,4,618,131,423,131,423
68758,Playing,1669120,4731,3,6,0,0,4,621,3,423,3,423
69010,Playing,1643520,4658,3,6,0,0,4,625,36,423,36,423
69263,Playing,1616896,4583,3,6,0,0,4,629,62,423,63,423
69515,Playing,1600512,4536,3,6,0,0,4,631,0,423,0,423
69768,Playing,1593344,4516,3,6,0,0,4,634,9,423,9,423
70021,Playing,1503232,4260,3,6,0,0,4,635,36,423,36,423
70273,Playing,1505280,4266,3,6,0,0,4,638,129,423,129,423
70525,Playing,1498112,4246,3,6,0,0,4,640,0,423,0,423
70779,Playing,1490944,4226,3,6,0,0,4,644,36,423,36,423
71032,Playing,1473536,4176,3,6,0,0,4,646,3,423,3,423
71284,Playing,1411072,3999,3,6,0,0,4,647,128,423,128,423
71538,Playing,1403904,3979,3,6,0,0,4,650,9,423,9,423
71791,Playing,1387520,3932,3,6,0,0,4,653,36,423,36,423
72044,Playing,1371136,3886,3,6,0,0,4,655,0,423,0,423
72299,Playing,1373184,3892,3,6,0,0,4,658,6,423,6,423
72501,Playing,1327104,3761,3,6,0,0,4,659,128,423,128,423
72754,Playing,1346560,3816,3,6,0,0,4,662,170,423,170,423
73007,Playing,1339392,3796,3,6,0,0,4,664,0,423,0,423
73260,Playing,1350656,3828,3,6,0,0,4,667,0,423,0,423
73513,Playing,1278976,3625,3,6,0,0,4,668,128,423,128,423
73768,Playing,1271808,3604,3,6,0,0,4,671,65,423,65,423
74021,Playing,1264640,3584,3,6,0,0,4,673,0,423,0,423
74272,Playing,1275904,3616,3,6,0,0,4,678,3,423,3,423
74526,Playing,1231872,3491,3,6,0,0,4,679,281,423,281,423
74778,Playing,1214464,3442,3,6,0,0,4,681,146,423,146,423
75031,Playing,1207296,3422,3,6,0,0,4,683,0,423,0,423
75284,Playing,1209344,3427,3,6,0,0,4,686,9,423,9,423
75538,Playing,1192960,3381,3,6,0,0,4,690,36,423,36,423
75791,Playing,1176576,3334,3,6,0,0,4,692,0,423,0,423
76045,Playing,1187840,3366,3,6,0,0,4,695,0,423,0,423
76298,Playing,1171456,3320,3,6,0,0,4,697,161,423,161,423
76500,Playing,1143808,3242,3,6,0,0,4,699,171,423,171,423
76753,Playing,1117184,3166,3,6,0,0,4,702,3,423,3,423
77006,Playing,1128448,3198,3,6,0,0,4,706,8,423,8,423
77258,Playing,1084416,3073,3,6,0,0,4,707,277,423,277,423
77511,Playing,1021952,2896,3,6,0,0,4,709,46,423,46,423
77763,Playing,1014784,2876,3,6,0,0,4,711,0,423,0,423
78016,Playing,1026048,2908,3,6,0,0,4,715,5,423,5,423
78269,Playing,990208,2806,3,6,0,0,4,716,280,423,280,423
78522,Playing,927744,2629,3,6,0,0,4,718,45,423,45,423
78774,Playing,939008,2661,3,6,0,0,4,721,128,423,128,423
79026,Playing,931840,2641,3,6,0,0,4,724,6,423,6,423
79278,Playing,887808,2516,3,6,0,0,4,725,279,423,279,423
79531,Playing,825344,2339,3,6,0,0,4,727,36,423,36,423
79785,Playing,827392,2345,3,6,0,0,4,730,129,423,129,423
80038,Playing,828416,2348,3,6,0,0,4,733,4,423,4,423
80292,Playing,793600,2249,3,6,0,0,4,734,282,423,282,423
80546,Playing,832512,2359,3,6,0,0,4,738,59,423,59,423
80799,Playing,742400,2104,3,6,0,0,4,738,59,423,59,423
81002,Playing,760832,2156,3,6,0,0,4,741,129,423,129,423
81254,Playing,735232,2083,3,6,0,0,4,743,71,423,71,423
81508,Playing,754688,2139,3,6,0,0,4,747,19,423,19,423
81761,Playing,738304,2092,3,6,0,0,4,749,0,423,0,423
82012,Playing,666624,1889,3,6,0,0,4,750,128,423,128,423
82267,Playing,659456,1869,3,6,0,0,4,753,45,423,45,423
82520,Playing,652288,1848,3,6,0,0,4,756,7,423,7,423
82772,Playing,654336,1854,3,6,0,0,4,759,130,423,130,423
83024,Playing,572416,1622,3,6,0,0,4,759,130,423,130,423
83279,Playing,565248,1602,3,6,0,0,4,762,37,423,37,423
83532,Playing,548864,1555,3,6,0,0,4,765,51,423,51,423
83784,Playing,550912,1561,3,6,0,0,4,768,128,423,128,423
84037,Playing,516096,1462,3,6,0,0,4,770,14,423,14,423
84290,Playing,555008,1573,3,6,0,0,4,773,0,423,0,423
84544,Playing,483328,1369,3,6,0,0,4,774,128,423,128,423
84798,Playing,476160,1349,3,6,0,0,4,777,3,423,3,423
85050,Playing,459776,1303,3,6,0,0,4,780,45,423,45,423
85252,Playing,394240,1117,3,6,0,0,4,780,45,423,45,423
85506,Playing,405504,1149,3,6,0,0,4,783,128,423,128,423
85759,Playing,398336,1129,3,6,0,0,4,786,7,423,7,423
86012,Playing,381952,1082,3,6,0,0,4,789,46,423,46,423
86266,Playing,374784,1062,3,6,0,0,4,792,8,423,8,423
86520,Playing,358400,1015,3,6,0,0,4,794,0,423,0,423
86773,Playing,286720,812,3,6,0,0,4,795,129,423,129,423
87026,Playing,279552,792,3,6,0,0,4,799,92,423,92,423
87280,Playing,271360,769,3,6,0,0,4,802,110,423,110,423
87533,Playing,273408,774,3,6,0,0,4,805,129,423,129,423
87786,Playing,247808,702,3,6,0,0,4,806,304,423,304,423
88039,Playing,286720,812,3,6,0,0,4,809,0,423,0,423
88291,Playing,196608,557,3,6,0,0,4,810,57,423,57,423
88544,Playing,198656,563,3,6,0,0,4,813,128,423,128,423
88797,Playing,163840,464,3,6,0,0,4,814,304,423,305,423
89000,Playing,125952,357,3,6,0,0,4,816,46,423,46,423
89253,Playing,118784,336,3,6,0,0,4,819,7,423,7,423
89507,Playing,120832,342,3,6,0,0,4,822,129,423,129,423
89759,Playing,95232,269,3,6,0,0,4,825,58,423,58,423
90010,Playing,106496,301,3,6,0,0,4,828,0,423,0,423
90263,Playing,16384,46,3,6,0,0,4,829,111,423,111,423
90516,Playing,0,0,3,6,0,0,4,832,26,423,26,423
90768,Buffering,55296,156,4,6,0,0,4,836,40,423,40,423
91021,Buffering,129024,365,4,6,0,0,4,839,58,423,58,423
91274,Buffering,202752,574,4,6,0,0,4,841,0,423,0,423
91527,Buffering,276480,783,4,6,0,0,4,843,166,423,166,423
91780,Buffering,405504,1149,4,7,0,0,4,848,0,423,0,423
92033,Buffering,315392,893,4,7,0,0,4,849,107,423,107,423
92287,Buffering,299008,847,4,7,0,0,4,851,0,423,0,423
92539,Buffering,282624,801,4,7,0,0,4,853,178,423,178,423
92792,Buffering,303104,859,4,7,0,0,4,857,0,423,0,423
93045,Buffering,294912,835,4,7,0,0,4,860,0,423,0,423
93298,Buffering,223232,632,4,7,0,0,4,861,128,423,128,423
93500,Buffering,204800,580,4,7,0,0,4,862,302,423,302,423
93753,Buffering,225280,638,4,7,0,0,4,867,9,423,9,423
94005,Buffering,208896,592,4,7,0,0,4,869,0,423,0,423
94258,Buffering,137216,388,4,7,0,0,4,870,129,423,129,423
94510,Buffering,138240,391,4,7,0,0,4,873,54,423,54,423
94764,Buffering,121856,345,4,7,0,0,4,875,0,423,0,423
95016,Buffering,133120,377,4,7,0,0,4,879,1,423,1,423
95269,Buffering,89088,252,4,7,0,0,4,880,284,423,284,423
95523,Buffering,35840,101,4,7,0,0,4,882,35,423,35,423
95776,Playing,43008,121,4,8,0,0,4,886,119,423,119,423
96029,Buffering,73728,208,5,8,0,0,4,888,0,423,0,423
96282,Buffering,119808,339,5,8,0,0,4,890,183,423,183,423
96536,Buffering,211968,600,5,8,0,0,4,895,0,423,0,423
96788,Buffering,211968,600,5,8,0,0,4,896,87,423,87,423
97041,Buffering,304128,862,5,8,0,0,4,899,128,423,128,423
97294,Buffering,344064,975,5,9,0,0,4,901,76,423,76,423
97548,Buffering,355328,1007,5,9,0,0,4,905,15,423,15,423
97751,Buffering,281600,798,5,9,0,0,4,905,15,423,15,423
98004,Buffering,265216,751,5,9,0,0,4,907,0,423,0,423
98256,Buffering,248832,705,5,9,0,0,4,909,182,423,183,423
98509,Buffering,268288,760,5,9,0,0,4,914,67,423,67,423
98762,Buffering,251904,714,5,9,0,0,4,916,0,423,0,423
99032,Buffering,172032,487,5,9,0,0,4,917,130,423,130,423
99284,Buffering,174080,493,5,9,0,0,4,920,39,423,39,423
99536,Buffering,176128,499,5,9,0,0,4,923,12,423,12,423
99789,Buffering,167936,476,5,9,0,0,4,925,0,423,0,423
100043,Buffering,151552,429,5,9,0,0,4,927,179,423,180,423
100296,Buffering,79872,226,5,9,0,0,4,930,50,423,50,423
100548,Buffering,81920,232,5,9,0,0,4,933,129,423,129,423
100800,Buffering,74752,211,5,9,0,0,4,936,0,423,0,423
101002,Buffering,47104,133,5,9,0,0,4,937,286,423,286,423
101256,Buffering,0,0,5,9,0,0,4,939,46,423,46,423
101508,Playing,84992,240,5,10,0,0,4,942,130,423,130,423
101762,Playing,96256,272,5,10,0,0,4,944,0,423,0,423
102014,Playing,89088,252,5,10,0,0,4,946,93,423,93,423
102267,Playing,72704,206,5,10,0,0,4,950,74,423,74,423
102518,Playing,0,0,5,10,0,0,4,950,74,423,74,423
102772,Buffering,92160,261,6,10,0,0,4,953,129,423,129,423
103024,Buffering,156672,444,6,10,0,0,4,957,85,423,85,423
103278,Buffering,230400,653,6,10,0,0,4,961,120,423,120,423
103531,Buffering,322560,914,6,10,0,0,4,964,14,423,14,423
103787,Buffering,322560,914,6,10,0,0,4,964,14,423,14,423
104039,Buffering,335872,952,6,11,0,0,4,969,38,423,38,423
104299,Buffering,311296,882,6,11,0,0,4,972,47,423,47,423
104500,Buffering,319488,905,6,11,0,0,4,974,0,423,0,423
104752,Buffering,247808,702,6,11,0,0,4,975,128,423,128,423
105006,Buffering,222208,629,6,11,0,0,4,978,46,423,46,423
105258,Buffering,224256,635,6,11,0,0,4,982,58,423,58,423
105511,Buffering,226304,641,6,11,0,0,4,986,118,423,118,423
105764,Buffering,209920,595,6,11,0,0,4,988,87,423,87,423
106018,Buffering,128000,362,6,11,0,0,4,989,40,423,40,423
106270,Buffering,130048,368,6,11,0,0,4,992,129,423,129,423
106523,Buffering,141312,400,6,11,0,0,4,995,129,423,129,423
106777,Buffering,134144,380,6,11,0,0,4,998,83,423,83,423
107029,Buffering,117760,333,6,11,0,0,4,1001,0,423,0,423
107281,Buffering,46080,130,6,11,0,0,4,1002,129,423,129,423
107532,Buffering,57344,162,6,11,0,0,4,1005,0,423,0,423
107786,Buffering,31744,89,6,11,0,0,4,1009,36,423,36,423
108040,Buffering,23552,66,6,11,0,0,4,1012,62,423,62,423
108292,Buffering,73728,208,6,11,0,0,4,1014,0,423,0,423
108544,Reconnecting,0,0,6,12,0,0,4,1015,128,423,128,423
108799,Reconnecting,0,0,6,12,0,0,4,1015,128,423,128,423
109002,Reconnecting,0,0,6,12,0,0,4,1015,128,423,128,423
109256,Reconnecting,0,0,6,12,0,0,4,1015,128,423,128,423
109509,Reconnecting,0,0,6,12,0,0,4,1015,128,423,128,423
109762,Reconnecting,0,0,6,12,0,0,4,1015,128,423,128,423
110015,Reconnecting,0,0,6,12,0,0,4,1015,128,423,128,423
110268,Reconnecting,0,0,6,12,0,0,4,1015,128,423,128,423
110520,Reconnecting,0,0,6,12,0,0,4,1015,128,423,128,423
110772,Reconnecting,0,0,6,12,0,0,4,1015,128,423,128,423
111026,Reconnecting,0,0,6,12,0,0,4,1015,128,423,128,423
111278,Reconnecting,0,0,6,12,0,0,4,1015,128,423,128,423
111532,Reconnecting,0,0,6,12,0,0,4,1015,128,423,128,423
111785,Reconnecting,0,0,6,12,0,0,4,1015,128,423,128,423
112037,Reconnecting,0,0,6,12,0,0,4,1015,128,423,128,423
112290,Reconnecting,0,0,6,12,0,0,4,1015,128,423,128,423
112542,Reconnecting,0,0,6,12,0,0,4,1015,128,423,128,423
112794,Reconnecting,0,0,6,12,0,0,4,1015,128,423,128,423
113047,Reconnecting,0,0,6,12,0,0,4,1015,128,423,128,423
113299,Reconnecting,0,0,6,12,0,0,4,1015,128,423,128,423
113501,Reconnecting,0,0,6,12,0,0,5,1015,128,423,128,423
113753,Reconnecting,0,0,6,12,0,0,5,1018,10,423,128,423
114004,Reconnecting,0,0,6,12,0,0,5,1023,9,423,128,423
114258,Reconnecting,0,0,6,12,0,0,5,1023,9,423,128,423
114512,Reconnecting,0,0,6,12,0,0,5,1023,9,423,128,423
114766,Reconnecting,0,0,6,12,0,0,5,1023,9,423,128,423
115019,Reconnecting,0,0,6,12,0,0,5,1023,9,423,128,423
115272,Reconnecting,0,0,6,12,0,0,5,1023,9,423,128,423
115525,Reconnecting,0,0,6,12,0,0,5,1023,9,423,128,423
115777,Reconnecting,0,0,6,12,0,0,5,1023,9,423,128,423
116031,Reconnecting,0,0,6,12,0,0,5,1023,9,423,128,423
116283,Reconnecting,0,0,6,12,0,0,5,1023,9,423,128,423
116536,Reconnecting,0,0,6,12,0,0,5,1023,9,423,128,423
116788,Reconnecting,0,0,6,12,0,0,5,1023,9,423,128,423
117041,Reconnecting,0,0,6,12,0,0,5,1023,9,423,128,423
117294,Reconnecting,0,0,6,12,0,0,5,1023,9,423,128,423
117549,Reconnecting,0,0,6,12,0,0,5,1023,9,423,128,423
117752,Reconnecting,0,0,6,12,0,0,5,1023,9,423,128,423
118005,Reconnecting,0,0,6,12,0,0,5,1023,9,423,128,423
118257,Reconnecting,0,0,6,12,0,0,5,1023,9,423,128,423
118512,Reconnecting,0,0,6,12,0,0,5,1023,9,423,128,423
118764,Reconnecting,0,0,6,12,0,0,5,1023,9,423,128,423
119017,Reconnecting,0,0,6,12,0,0,6,1023,9,423,128,423
119269,Reconnecting,0,0,6,12,0,0,6,1026,10,423,128,423
119521,Reconnecting,0,0,6,12,0,0,6,1031,7,423,128,423
119774,Reconnecting,0,0,6,12,0,0,6,1031,7,423,128,423
120027,Reconnecting,0,0,6,12,0,0,6,1031,7,423,128,423
120280,Reconnecting,0,0,6,12,0,0,6,1031,7,423,128,423
120533,Reconnecting,0,0,6,12,0,0,6,1031,7,423,128,423
120785,Reconnecting,0,0,6,12,0,0,6,1031,7,423,128,423
121038,Reconnecting,0,0,6,12,0,0,6,1031,7,423,128,423
121292,Reconnecting,0,0,6,12,0,0,6,1031,7,423,128,423
121545,Reconnecting,0,0,6,12,0,0,6,1031,7,423,128,423
121798,Reconnecting,0,0,6,12,0,0,6,1031,7,423,128,423
122001,Reconnecting,0,0,6,12,0,0,6,1031,7,423,128,423
122254,Reconnecting,0,0,6,12,0,0,6,1031,7,423,128,423
122507,Reconnecting,0,0,6,12,0,0,6,1031,7,423,128,423
122759,Reconnecting,0,0,6,12,0,0,6,1031,7,423,128,423
123012,Reconnecting,0,0,6,12,0,0,6,1031,7,423,128,423
123263,Reconnecting,0,0,6,12,0,0,6,1031,7,423,128,423
123517,Reconnecting,0,0,6,12,0,0,6,1031,7,423,128,423
123770,Reconnecting,0,0,6,12,0,0,6,1031,7,423,128,423
124022,Reconnecting,0,0,6,12,0,0,6,1031,7,423,128,423
124274,Reconnecting,0,0,6,12,0,0,6,1031,7,423,128,423
124528,Reconnecting,0,0,6,12,0,0,7,1031,7,423,128,423
124781,Reconnecting,73728,208,6,12,0,0,7,1033,0,423,0,423
125036,Reconnecting,691200,1959,6,12,0,0,7,1045,0,423,0,423
125288,Reconnecting,1179648,3343,6,12,0,0,7,1059,0,423,0,423
125541,Playing,1729536,4902,6,12,0,0,7,1076,0,423,0,423
125795,Playing,2118656,6005,6,12,0,0,7,1089,0,423,0,423
126048,Playing,2129920,6037,6,12,0,0,7,1093,32,423,32,423
126250,Playing,2129920,6037,6,12,0,0,7,1096,0,423,0,423
126503,Playing,2141184,6069,6,12,0,0,7,1099,0,423,0,423
126757,Playing,2132992,6045,6,12,0,0,7,1101,168,423,168,423
127010,Playing,2070528,5868,6,12,0,0,7,1103,41,423,41,423
127262,Playing,2081792,5900,6,12,0,0,7,1106,124,423,124,423
127514,Playing,2074624,5880,6,12,0,0,7,1108,0,423,0,423
127768,Playing,2058240,5834,6,12,0,0,7,1110,172,423,172,423
128021,Playing,1995776,5656,6,12,0,0,7,1112,33,423,33,423
128275,Playing,1997824,5662,6,12,0,0,7,1115,124,423,124,423
128527,Playing,2009088,5694,6,12,0,0,7,1118,126,423,126,423
128780,Playing,1982464,5619,6,12,0,0,7,1119,168,423,168,423
129033,Playing,1920000,5442,6,12,0,0,7,1121,35,423,35,423
129286,Playing,1922048,5447,6,12,0,0,7,1124,126,423,126,423
129538,Playing,1914880,5427,6,12,0,0,7,1127,0,423,0,423
129791,Playing,1907712,5407,6,12,0,0,7,1130,33,423,33,423
130044,Playing,1891328,5360,6,12,0,0,7,1132,0,423,0,423
130298,Playing,1827840,5180,6,12,0,0,7,1133,132,423,132,423
130550,Playing,1839104,5212,6,12,0,0,7,1136,0,423,0,423
130752,Playing,1820672,5160,6,12,0,0,7,1138,82,423,82,423
131005,Playing,1748992,4957,6,12,0,0,7,1139,42,423,42,423
131259,Playing,1843200,5224,6,12,0,0,7,1144,0,423,0,423
131512,Playing,1753088,4969,6,12,0,0,7,1145,115,423,115,423
131767,Playing,1736704,4922,6,12,0,0,7,1148,32,423,32,423
132020,Playing,1720320,4876,6,12,0,0,7,1151,1,423,1,423
132274,Playing,1730560,4905,6,12,0,0,7,1154,124,423,125,423
132526,Playing,1723392,4884,6,12,0,0,7,1156,92,423,92,423
132780,Playing,1633280,4629,6,12,0,0,7,1157,32,423,32,423
133033,Playing,1635328,4635,6,12,0,0,7,1160,127,423,127,423
133286,Playing,1628160,4614,6,12,0,0,7,1163,126,423,126,423
133539,Playing,1611776,4568,6,12,0,0,7,1166,84,423,84,423
133791,Playing,1595392,4522,6,12,0,0,7,1169,0,423,0,423
134045,Playing,1523712,4318,6,12,0,0,7,1170,124,423,124,423
134298,Playing,1534976,4350,6,12,0,0,7,1174,119,423,119,423
134501,Playing,1524736,4321,6,12,0,0,7,1176,75,423,75,423
134754,Playing,1536000,4353,6,12,0,0,7,1179,0,423,0,423
135009,Playing,1464320,4150,6,12,0,0,7,1180,130,423,130,423
135264,Playing,1475584,4182,6,12,0,0,7,1183,145,423,145,423
135518,Playing,1468416,4162,6,12,0,0,7,1187,43,423,44,423
135772,Playing,1433600,4063,6,12,0,0,7,1190,1,423,2,423
136026,Playing,1454080,4121,6,12,0,0,7,1193,0,423,0,423
136279,Playing,1363968,3866,6,12,0,0,7,1194,5,423,5,423
136531,Playing,1355776,3842,6,12,0,0,7,1197,33,423,33,423
136785,Playing,1339392,3796,6,12,0,0,7,1199,0,423,0,423
137039,Playing,1350656,3828,6,12,0,0,7,1203,117,423,117,423
137291,Playing,1315840,3729,6,12,0,0,7,1204,310,423,311,423
137543,Playing,1327104,3761,6,12,0,0,7,1209,3,423,3,423
137796,Playing,1236992,3506,6,12,0,0,7,1209,3,423,3,423
138047,Playing,1247232,3535,6,12,0,0,7,1212,124,423,124,423
138297,Playing,1240064,3514,6,12,0,0,7,1216,79,423,79,423
138501,Playing,1212416,3436,6,12,0,0,7,1219,0,423,0,423
138752,Playing,1149952,3259,6,12,0,0,7,1220,124,423,124,423
139004,Playing,1169408,3314,6,12,0,0,7,1223,125,423,125,423
139256,Playing,1162240,3294,6,12,0,0,7,1226,58,423,58,423
139508,Playing,1155072,3274,6,12,0,0,7,1228,0,423,0,423
139760,Playing,1166336,3305,6,12,0,0,7,1231,0,423,0,423
140012,Playing,1094656,3102,6,12,0,0,7,1232,124,423,124,423
140263,Playing,1095680,3105,6,12,0,0,7,1236,91,423,91,423
140515,Playing,1070080,3033,6,12,0,0,7,1238,2,423,3,423
140766,Playing,1090560,3091,6,12,0,0,7,1242,1,423,1,423
141018,Playing,1000448,2835,6,12,0,0,7,1242,1,423,1,423
141269,Playing,993280,2815,6,12,0,0,7,1245,36,423,36,423
141520,Playing,985088,2792,6,12,0,0,7,1247,0,423,0,423
141772,Playing,1014784,2876,6,12,0,0,7,1251,116,423,116,423
142024,Playing,970752,2751,6,12,0,0,7,1252,308,423,308,423
142276,Playing,908288,2574,6,12,0,0,7,1254,38,423,38,423
142528,Playing,919552,2606,6,12,0,0,7,1257,134,423,134,423
142780,Playing,920576,2609,6,12,0,0,7,1260,114,423,114,423
143031,Playing,876544,2484,6,12,0,0,7,1261,312,423,312,423
143284,Playing,897024,2542,6,12,0,0,7,1266,4,423,4,423
143536,Playing,871424,2470,6,12,0,0,7,1268,0,423,0,423
143788,Playing,808960,2292,6,12,0,0,7,1269,126,423,127,423
144041,Playing,809984,2295,6,12,0,0,7,1272,33,423,33,423
144292,Playing,793600,2249,6,12,0,0,7,1274,0,423,0,423
144543,Playing,804864,2281,6,12,0,0,7,1277,0,423,0,423
144796,Playing,788480,2234,6,12,0,0,7,1280,5,423,5,423
145047,Playing,726016,2057,6,12,0,0,7,1282,81,423,81,423
145299,Playing,736256,2086,6,12,0,0,7,1285,125,423,125,423
145501,Playing,736256,2086,6,12,0,0,7,1287,4,423,4,423
145753,Playing,729088,2066,6,12,0,0,7,1290,13,423,13,423
146005,Playing,666624,1889,6,12,0,0,7,1292,93,423,93,423
146256,Playing,676864,1918,6,12,0,0,7,1295,124,423,124,423
146508,Playing,669696,1898,6,12,0,0,7,1297,0,423,0,423
146760,Playing,653312,1851,6,12,0,0,7,1299,178,423,179,423
147012,Playing,590848,1674,6,12,0,0,7,1301,52,423,52,423
147263,Playing,685056,1941,6,12,0,0,7,1306,0,423,0,423
147514,Playing,603136,1709,6,12,0,0,7,1307,115,423,115,423
147766,Playing,559104,1584,6,12,0,0,7,1308,308,423,308,423
148017,Playing,496640,1407,6,12,0,0,7,1310,32,423,32,423
148270,Playing,581632,1648,6,12,0,0,7,1315,9,423,9,423
148523,Playing,491520,1393,6,12,0,0,7,1316,115,423,115,423
148776,Playing,492544,1396,6,12,0,0,7,1319,33,423,33,423
149028,Playing,476160,1349,6,12,0,0,7,1322,45,423,45,423
149280,Playing,459776,1303,6,12,0,0,7,1324,0,423,0,423
149531,Playing,452608,1282,6,12,0,0,7,1326,172,423,173,423
149782,Playing,390144,1105,6,12,0,0,7,1328,35,423,35,423
150034,Playing,400384,1134,6,12,0,0,7,1331,124,423,124,423
150286,Playing,393216,1114,6,12,0,0,7,1333,0,423,0,423
150538,Playing,386048,1094,6,12,0,0,7,1336,80,423,80,423
150789,Playing,314368,891,6,12,0,0,7,1337,44,423,44,423
151041,Playing,325632,922,6,12,0,0,7,1340,128,423,128,423
151293,Playing,326656,925,6,12,0,0,7,1343,4,423,4,423
151544,Playing,310272,879,6,12,0,0,7,1345,88,423,89,423
151796,Playing,293888,833,6,12,0,0,7,1349,3,423,3,423
152049,Playing,203776,577,6,12,0,0,7,1349,3,423,3,423
152256,Playing,222208,629,6,12,0,0,7,1352,124,423,124,423
152507,Playing,232448,658,6,12,0,0,7,1355,84,423,84,423
152760,Playing,216064,612,6,12,0,0,7,1359,95,423,95,423
153021,Playing,199680,565,6,12,0,0,7,1362,24,423,24,423
153272,Playing,109568,310,6,12,0,0,7,1363,87,423,87,423
153523,Playing,102400,290,6,12,0,0,7,1366,33,423,33,423
153775,Playing,104448,296,6,12,0,0,7,1369,2,423,2,423
154027,Playing,106496,301,6,12,0,0,7,1372,124,423,124,423
154279,Playing,24576,69,6,12,0,0,7,1372,124,423,124,423
154532,Playing,17408,49,6,12,0,0,7,1375,45,423,45,423
154783,Playing,10240,29,6,12,0,0,7,1378,5,423,5,423
155035,Buffering,92160,261,7,12,0,0,7,1381,124,423,124,423
155286,Buffering,175104,496,7,12,0,0,7,1384,33,423,33,423
155539,Buffering,248832,705,7,12,0,0,7,1386,0,423,0,423
155791,Buffering,267264,757,7,12,0,0,7,1387,127,423,128,423
156042,Buffering,350208,992,7,12,0,0,7,1390,0,423,0,423
156294,Buffering,375808,1065,7,13,0,0,7,1393,32,423,32,423
156546,Buffering,359424,1018,7,13,0,0,7,1395,0,423,0,423
156798,Buffering,287744,815,7,13,0,0,7,1396,125,423,125,423
157000,Buffering,323584,917,7,13,0,0,7,1399,124,423,124,423
157252,Buffering,316416,896,7,13,0,0,7,1402,76,423,76,423
157505,Buffering,318464,902,7,13,0,0,7,1406,7,423,7,423
157756,Buffering,228352,647,7,13,0,0,7,1407,119,423,119,423
158009,Buffering,238592,676,7,13,0,0,7,1410,124,423,124,423
158261,Buffering,231424,655,7,13,0,0,7,1413,55,423,55,423
158513,Buffering,224256,635,7,13,0,0,7,1415,0,423,0,423
158765,Buffering,235520,667,7,13,0,0,7,1419,117,423,117,423
159018,Buffering,145408,412,7,13,0,0,7,1419,117,423,117,423
159269,Buffering,137216,388,7,13,0,0,7,1422,31,423,31,423
159521,Buffering,120832,342,7,13,0,0,7,1426,0,423,0,423
159773,Buffering,122880,348,7,13,0,0,7,1429,126,423,126,423
160025,Buffering,88064,249,7,13,0,0,7,1430,307,423,307,423
160276,Buffering,108544,307,7,13,0,0,7,1435,2,423,2,423
160528,Buffering,26624,75,7,13,0,0,7,1435,2,423,2,423
160780,Buffering,28672,81,7,13,0,0,7,1438,125,423,125,423
161032,Buffering,21504,60,7,13,0,0,7,1442,79,423,79,423
161285,Playing,67584,191,7,14,0,0,7,1445,9,423,9,423
161537,Buffering,64512,182,8,14,0,0,7,1448,2,423,2,423
161789,Buffering,92160,261,8,14,0,0,7,1449,125,423,125,423
162041,Buffering,175104,496,8,14,0,0,7,1452,58,423,58,423
162292,Buffering,258048,731,8,14,0,0,7,1454,0,423,0,423
162545,Buffering,343040,972,8,15,0,0,7,1457,0,423,0,423
162796,Buffering,299008,847,8,15,0,0,7,1459,227,423,227,423
163048,Buffering,236544,670,8,15,0,0,7,1461,33,423,33,423
163299,Buffering,246784,699,8,15,0,0,7,1464,125,423,125,423
163501,Buffering,256000,725,8,15,0,0,7,1466,0,423,0,423
163753,Buffering,239616,679,8,15,0,0,7,1468,165,423,165,423
164004,Buffering,177152,502,8,15,0,0,7,1471,85,423,85,423
164257,Buffering,187392,531,8,15,0,0,7,1474,124,423,124,423
164510,Buffering,180224,510,8,15,0,0,7,1477,115,423,115,423
164762,Buffering,145408,412,8,15,0,0,7,1478,308,423,308,423
165014,Buffering,175104,496,8,15,0,0,7,1482,0,423,0,423
165265,Buffering,84992,240,8,15,0,0,7,1483,124,423,124,423
165517,Buffering,95232,269,8,15,0,0,7,1486,133,423,133,423
165769,Buffering,88064,249,8,15,0,0,7,1489,40,423,40,423
166021,Buffering,80896,229,8,15,0,0,7,1491,0,423,0,423
166274,Buffering,92160,261,8,15,0,0,7,1494,0,423,0,423
166525,Buffering,2048,5,8,15,0,0,7,1495,124,423,124,423
166778,Buffering,0,0,8,15,0,0,7,1498,38,423,38,423
167030,Playing,92160,261,8,16,0,0,7,1501,124,423,124,423
167282,Playing,84992,240,8,16,0,0,7,1503,0,423,0,423
167534,Playing,68608,194,8,16,0,0,7,1506,3,423,3,423
167788,Playing,79872,226,8,16,0,0,7,1510,9,423,9,423
168039,Playing,0,0,8,16,0,0,7,1511,92,423,92,423
168292,Buffering,73728,208,9,16,0,0,7,1513,0,423,0,423
168545,Buffering,147456,417,9,16,0,0,7,1516,0,423,0,423
168796,Buffering,248832,705,9,16,0,0,7,1521,2,423,2,423
169047,Buffering,248832,705,9,16,0,0,7,1522,86,423,86,423
169298,Buffering,340992,966,9,16,0,0,7,1526,116,423,116,423
169501,Buffering,370688,1050,9,17,0,0,7,1527,171,423,171,423
169752,Buffering,391168,1108,9,17,0,0,7,1532,2,423,2,423
170005,Buffering,374784,1062,9,17,0,0,7,1534,0,423,0,423
170257,Buffering,303104,859,9,17,0,0,7,1535,125,423,125,423
170509,Buffering,277504,786,9,17,0,0,7,1537,84,423,84,423
170761,Buffering,288768,818,9,17,0,0,7,1541,2,423,2,423
171012,Buffering,280576,795,9,17,0,0,7,1543,0,423,0,423
171265,Buffering,264192,748,9,17,0,0,7,1545,168,423,169,423
171518,Buffering,201728,571,9,17,0,0,7,1547,26,423,26,423
171769,Buffering,203776,577,9,17,0,0,7,1550,126,423,126,423
172021,Buffering,196608,557,9,17,0,0,7,1552,0,423,0,423
172273,Buffering,188416,534,9,17,0,0,7,1555,8,423,8,423
172524,Buffering,125952,357,9,17,0,0,7,1557,91,423,91,423
172776,Buffering,128000,362,9,17,0,0,7,1561,115,423,115,423
173028,Buffering,130048,368,9,17,0,0,7,1564,124,423,124,423
173280,Buffering,86016,243,9,17,0,0,7,1567,70,423,70,423
173533,Buffering,105472,298,9,17,0,0,7,1571,55,423,55,423
173785,Buffering,15360,43,9,17,0,0,7,1571,55,423,55,423
174038,Reconnecting,0,0,9,18,0,0,7,1574,124,423,124,423
174289,Reconnecting,0,0,9,18,0,0,7,1574,124,423,124,423
174541,Reconnecting,0,0,9,18,0,0,7,1574,124,423,124,423
174792,Reconnecting,0,0,9,18,0,0,7,1574,124,423,124,423
175044,Reconnecting,0,0,9,18,0,0,7,1574,124,423,124,423
175296,Reconnecting,0,0,9,18,0,0,7,1574,124,423,124,423
175548,Reconnecting,0,0,9,18,0,0,7,1574,124,423,124,423
175800,Reconnecting,0,0,9,18,0,0,7,1574,124,423,124,423
176001,Reconnecting,0,0,9,18,0,0,7,1574,124,423,124,423
176254,Reconnecting,0,0,9,18,0,0,7,1574,124,423,124,423
176507,Reconnecting,0,0,9,18,0,0,7,1574,124,423,124,423
176759,Reconnecting,0,0,9,18,0,0,7,1574,124,423,124,423
177012,Reconnecting,0,0,9,18,0,0,7,1574,124,423,124,423
177263,Reconnecting,0,0,9,18,0,0,7,1574,124,423,124,423
177515,Reconnecting,0,0,9,18,0,0,7,1574,124,423,124,423
177767,Reconnecting,0,0,9,18,0,0,7,1574,124,423,124,423
178019,Reconnecting,0,0,9,18,0,0,7,1574,124,423,124,423
178270,Reconnecting,0,0,9,18,0,0,7,1574,124,423,124,423
178523,Reconnecting,0,0,9,18,0,0,7,1574,124,423,124,423
178775,Reconnecting,0,0,9,18,0,0,7,1574,124,423,124,423
179028,Reconnecting,0,0,9,18,0,0,8,1574,124,423,124,423
179279,Reconnecting,0,0,9,18,0,0,8,1574,124,423,124,423
179532,Reconnecting,193536,548,9,18,0,0,8,1582,0,423,0,423
179783,Reconnecting,1216512,3448,9,18,0,0,8,1603,0,423,0,423
180034,Playing,1564672,4435,9,18,0,0,8,1616,0,423,0,423
180286,Playing,1952768,5535,9,18,0,0,8,1631,23,423,23,423
180538,Playing,1964032,5566,9,18,0,0,8,1634,24,423,24,423
180789,Playing,1947648,5520,9,18,0,0,8,1636,0,423,0,423
181041,Playing,1875968,5317,9,18,0,0,8,1637,124,423,124,423
181292,Playing,1887232,5349,9,18,0,0,8,1640,126,423,126,423
181545,Playing,1888256,5352,9,18,0,0,8,1643,51,423,51,423
181800,Playing,1871872,5305,9,18,0,0,8,1645,3,423,3,423
182000,Playing,1825792,5175,9,18,0,0,8,1646,125,423,125,423
182251,Playing,1818624,5154,9,18,0,0,8,1649,124,423,124,423
182503,Playing,1802240,5108,9,18,0,0,8,1652,52,423,52,423
182756,Playing,1794048,5085,9,18,0,0,8,1654,0,423,0,423
183007,Playing,1805312,5117,9,18,0,0,8,1657,0,423,0,423
183259,Playing,1733632,4913,9,18,0,0,8,1658,125,423,125,423
183512,Playing,1726464,4893,9,18,0,0,8,1662,78,423,78,423
183765,Playing,1710080,4847,9,18,0,0,8,1664,0,423,0,423
184017,Playing,1721344,4879,9,18,0,0,8,1667,0,423,0,423
184268,Playing,1713152,4855,9,18,0,0,8,1670,12,423,12,423
184519,Playing,1752064,4966,9,18,0,0,8,1673,0,423,0,423
184771,Playing,1661952,4710,9,18,0,0,8,1674,101,423,101,423
185023,Playing,1645568,4664,9,18,0,0,8,1676,0,423,0,423
185275,Playing,1646592,4667,9,18,0,0,8,1680,34,423,34,423
185527,Playing,1630208,4620,9,18,0,0,8,1682,0,423,0,423
185779,Playing,1558528,4417,9,18,0,0,8,1683,125,423,125,423
186030,Playing,1569792,4449,9,18,0,0,8,1686,124,423,124,423
186281,Playing,1544192,4376,9,18,0,0,8,1689,36,423,36,423
186533,Playing,1518592,4304,9,18,0,0,8,1691,1,423,1,423
186785,Playing,1547264,4385,9,18,0,0,8,1695,0,423,0,423
187039,Playing,1503232,4260,9,18,0,0,8,1696,282,423,282,423
187292,Playing,1440768,4083,9,18,0,0,8,1698,33,423,33,423
187544,Playing,1442816,4089,9,18,0,0,8,1701,124,423,124,423
187796,Playing,1426432,4043,9,18,0,0,8,1703,5,423,6,423
188049,Playing,1419264,4022,9,18,0,0,8,1706,11,423,11,423
188250,Playing,1399808,3967,9,18,0,0,8,1707,168,423,169,423
188504,Playing,1392640,3947,9,18,0,0,8,1711,126,423,126,423
188758,Playing,1385472,3927,9,18,0,0,8,1714,2,423,2,423
189010,Playing,1341440,3802,9,18,0,0,8,1715,283,423,283,423
189263,Playing,1278976,3625,9,18,0,0,8,1717,40,423,41,423
189516,Playing,1373184,3892,9,18,0,0,8,1722,0,423,0,423
189768,Playing,1291264,3660,9,18,0,0,8,1723,115,423,115,423
190021,Playing,1265664,3587,9,18,0,0,8,1725,80,423,80,423
190274,Playing,1286144,3645,9,18,0,0,8,1729,5,423,5,423
190525,Playing,1269760,3599,9,18,0,0,8,1731,0,423,0,423
190776,Playing,1261568,3575,9,18,0,0,8,1734,7,423,7,423
191028,Playing,1199104,3398,9,18,0,0,8,1736,86,423,86,423
191280,Playing,1201152,3404,9,18,0,0,8,1739,125,423,125,423
191531,Playing,1175552,3332,9,18,0,0,8,1743,0,423,0,423
191783,Playing,1140736,3233,9,18,0,0,8,1744,285,423,285,423
192034,Playing,1104896,3131,9,18,0,0,8,1745,124,423,125,423
192286,Playing,1116160,3163,9,18,0,0,8,1748,125,423,125,423
192539,Playing,1108992,3143,9,18,0,0,8,1751,0,423,0,423
192790,Playing,1074176,3044,9,18,0,0,8,1753,80,423,80,423
193042,Playing,1002496,2841,9,18,0,0,8,1754,44,423,44,423
193294,Playing,1013760,2873,9,18,0,0,8,1757,126,423,126,423
193547,Playing,1014784,2876,9,18,0,0,8,1760,3,423,3,423
193799,Playing,979968,2777,9,18,0,0,8,1762,82,423,82,423
194001,Playing,924672,2620,9,18,0,0,8,1763,42,423,42,423
194261,Playing,1018880,2887,9,18,0,0,8,1768,0,423,0,423
194515,Playing,928768,2632,9,18,0,0,8,1769,117,423,117,423
194768,Playing,912384,2586,9,18,0,0,8,1771,92,423,92,423
195019,Playing,822272,2330,9,18,0,0,8,1772,33,423,33,423
195271,Playing,915456,2594,9,18,0,0,8,1777,0,423,0,423
195523,Playing,825344,2339,9,18,0,0,8,1778,112,423,112,423
195775,Playing,818176,2319,9,18,0,0,8,1780,124,423,124,423
196026,Playing,829440,2351,9,18,0,0,8,1783,45,423,45,423
196279,Playing,785408,2226,9,18,0,0,8,1786,2,423,2,423
196531,Playing,778240,2205,9,18,0,0,8,1788,180,423,181,423
196784,Playing,723968,2052,9,18,0,0,8,1790,57,423,57,423
197038,Playing,735232,2083,9,18,0,0,8,1793,125,423,125,423
197291,Playing,746496,2115,9,18,0,0,8,1796,125,423,125,423
197543,Playing,720896,2043,9,18,0,0,8,1798,80,423,80,423
197798,Playing,649216,1840,9,18,0,0,8,1799,45,423,45,423
198000,Playing,676864,1918,9,18,0,0,8,1802,124,423,124,423
198252,Playing,696320,1973,9,18,0,0,8,1805,125,423,125,423
198504,Playing,689152,1953,9,18,0,0,8,1808,82,423,82,423
198755,Playing,599040,1697,9,18,0,0,8,1809,85,423,85,423
199007,Playing,601088,1703,9,18,0,0,8,1812,126,423,126,423
199259,Playing,612352,1735,9,18,0,0,8,1815,125,423,125,423
199513,Playing,613376,1738,9,18,0,0,8,1818,47,423,47,423
199766,Playing,615424,1744,9,18,0,0,8,1821,0,423,0,423
200018,Playing,599040,1697,9,18,0,0,8,1825,77,423,77,423
200269,Playing,508928,1442,9,18,0,0,8,1825,77,423,77,423
200521,Playing,492544,1396,9,18,0,0,8,1828,45,423,45,423
200774,Playing,457728,1297,9,18,0,0,8,1831,1,423,1,423
201025,Playing,477184,1352,9,18,0,0,8,1835,114,423,114,423
201277,Playing,387072,1097,9,18,0,0,8,1835,114,423,114,423
201530,Playing,370688,1050,9,18,0,0,8,1838,42,423,42,423
201782,Playing,363520,1030,9,18,0,0,8,1841,1,423,1,423
202034,Playing,365568,1036,9,18,0,0,8,1844,126,423,126,423
202288,Playing,358400,1015,9,18,0,0,8,1847,89,423,89,423
202540,Playing,340992,966,9,18,0,0,8,1850,2,423,2,423
202792,Playing,278528,789,9,18,0,0,8,1851,124,423,124,423
203045,Playing,289792,821,9,18,0,0,8,1853,134,423,134,423
203298,Playing,282624,801,9,18,0,0,8,1857,98,423,98,423
203500,Playing,301056,853,9,18,0,0,8,1860,6,423,6,423
203753,Playing,219136,621,9,18,0,0,8,1861,117,423,117,423
204004,Playing,202752,574,9,18,0,0,8,1864,3,423,3,423
204258,Playing,186368,528,9,18,0,0,8,1867,39,423,40,423
204511,Playing,179200,507,9,18,0,0,8,1869,0,423,0,423
204764,Playing,162816,461,9,18,0,0,8,1873,0,423,0,423
205017,Playing,100352,284,9,18,0,0,8,1874,124,423,124,423
205271,Playing,65536,185,9,18,0,0,8,1879,47,423,47,423
205526,Playing,58368,165,9,18,0,0,8,1881,0,423,0,423
205778,Playing,68608,194,9,18,0,0,8,1884,0,423,0,423
206030,Playing,61440,174,9,18,0,0,8,1886,169,423,169,423
206283,Playing,72704,206,9,18,0,0,8,1890,0,423,0,423
206536,Playing,0,0,9,18,0,0,8,1891,52,423,52,423
206787,Buffering,73728,208,10,18,0,0,8,1893,0,423,0,423
207039,Buffering,147456,417,10,18,0,0,8,1896,7,423,7,423
207291,Buffering,258048,731,10,18,0,0,8,1900,0,423,0,423
207542,Buffering,267264,757,10,18,0,0,8,1901,98,423,98,423
207796,Buffering,368640,1044,10,19,0,0,8,1904,129,423,129,423
208049,Buffering,343040,972,10,19,0,0,8,1907,32,423,32,423
208251,Buffering,333824,946,10,19,0,0,8,1909,2,423,3,423
208503,Buffering,354304,1004,10,19,0,0,8,1912,0,423,0,423
208757,Buffering,282624,801,10,19,0,0,8,1913,124,423,125,423
209010,Buffering,283648,803,10,19,0,0,8,1916,45,423,45,423
209263,Buffering,267264,757,10,19,0,0,8,1918,0,423,0,423
209518,Buffering,287744,815,10,19,0,0,8,1921,0,423,0,423
209772,Buffering,271360,769,10,19,0,0,8,1923,171,423,171,423
210027,Buffering,208896,592,10,19,0,0,8,1925,35,423,35,423
210280,Buffering,210944,597,10,19,0,0,8,1928,124,423,124,423
210532,Buffering,203776,577,10,19,0,0,8,1930,0,423,0,423
210784,Buffering,187392,531,10,19,0,0,8,1933,2,423,2,423
211038,Buffering,115712,327,10,19,0,0,8,1934,171,423,171,423
211290,Buffering,236544,670,10,19,0,0,8,1940,0,423,0,423
211543,Buffering,146432,415,10,19,0,0,8,1941,120,423,120,423
211796,Buffering,120832,342,10,19,0,0,8,1944,9,423,9,423
212050,Buffering,104448,296,10,19,0,0,8,1948,47,423,47,423
212251,Buffering,104448,296,10,19,0,0,8,1950,0,423,0,423
212505,Buffering,32768,92,10,19,0,0,8,1951,125,423,125,423
212757,Buffering,64512,182,10,19,0,0,8,1953,82,423,82,423
213010,Playing,133120,377,10,20,0,0,8,1957,1,423,1,423
213264,Playing,43008,121,10,20,0,0,8,1957,1,423,1,423
213517,Playing,45056,127,10,20,0,0,8,1960,125,425,125,425
213770,Playing,19456,55,10,20,0,0,8,1963,33,425,33,425
214023,Buffering,92160,261,11,20,0,0,8,1966,125,425,125,425
214276,Buffering,175104,496,11,20,0,0,8,1968,0,425,0,425
214529,Buffering,248832,705,11,20,0,0,8,1971,16,425,16,425
214783,Buffering,285696,809,11,20,0,0,8,1973,92,425,92,425
215035,Buffering,304128,862,11,21,0,0,8,1976,124,425,124,425
215288,Buffering,323584,917,11,21,0,0,8,1979,124,425,124,425
215541,Buffering,297984,844,11,21,0,0,8,1982,9,425,9,425
215793,Buffering,207872,589,11,21,0,0,8,1983,51,425,51,425
216046,Buffering,209920,595,11,21,0,0,8,1986,125,425,125,425
216298,Buffering,221184,626,11,21,0,0,8,1989,125,425,125,425
216502,Buffering,211968,600,11,21,0,0,8,1991,81,425,81,425
216753,Buffering,148480,420,11,21,0,0,8,1992,43,425,43,425
217008,Buffering,159744,452,11,21,0,0,8,1995,125,425,125,425
217261,Buffering,171008,484,11,21,0,0,8,1998,124,425,124,425
217514,Buffering,163840,464,11,21,0,0,8,2001,33,425,33,425
217768,Buffering,147456,417,11,21,0,0,8,2004,2,425,2,425
218021,Buffering,57344,162,11,21,0,0,8,2004,2,425,2,425
218274,Buffering,114688,325,11,21,0,0,8,2008,28,425,28,425
218527,Buffering,52224,148,11,21,0,0,8,2010,32,425,32,425
218780,Buffering,54272,153,11,21,0,0,8,2013,125,425,125,425
219032,Playing,101376,287,11,22,0,0,8,2016,8,425,8,425
219285,Playing,20480,58,11,22,0,0,8,2019,8,425,9,425
219536,Playing,0,0,11,22,0,0,8,2020,32,425,32,425
219790,Buffering,92160,261,12,22,0,0,8,2023,126,425,126,425
220042,Buffering,193536,548,12,22,0,0,8,2026,127,425,127,425
220296,Buffering,276480,783,12,22,0,0,8,2029,43,425,43,425
220550,Buffering,351232,995,12,23,0,0,8,2031,0,425,0,425
220752,Buffering,304128,862,12,23,0,0,8,2032,124,425,124,425
221006,Buffering,315392,893,12,23,0,0,8,2035,125,425,125,425
221259,Buffering,308224,873,12,23,0,0,8,2038,33,425,34,425
221513,Buffering,291840,827,12,23,0,0,8,2040,0,425,0,425
221765,Buffering,220160,624,12,23,0,0,8,2041,125,425,125,425
222018,Buffering,212992,603,12,23,0,0,8,2044,3,425,3,425
222270,Buffering,196608,557,12,23,0,0,8,2047,32,425,32,425
222523,Buffering,171008,484,12,23,0,0,8,2049,3,425,3,425
222775,Buffering,209920,595,12,23,0,0,8,2053,3,425,3,425
223027,Buffering,128000,362,12,23,0,0,8,2054,120,425,120,425
223280,Buffering,102400,290,12,23,0,0,8,2058,40,425,40,425
223532,Buffering,86016,243,12,23,0,0,8,2061,54,425,54,425
223785,Buffering,69632,197,12,23,0,0,8,2063,0,425,0,425
224039,Buffering,34816,98,12,23,0,0,8,2068,31,425,31,425
224291,Buffering,73728,208,12,23,0,0,8,2070,0,425,0,425
224544,Buffering,92160,261,12,23,0,0,8,2071,124,425,124,425
224798,Reconnecting,0,0,12,24,0,0,8,2072,171,425,171,425
225000,Reconnecting,0,0,12,24,0,0,8,2072,171,425,171,425
225253,Reconnecting,0,0,12,24,0,0,8,2072,171,425,171,425
225508,Reconnecting,0,0,12,24,0,0,8,2072,171,425,171,425
225761,Reconnecting,0,0,12,24,0,0,8,2072,171,425,171,425
226015,Reconnecting,0,0,12,24,0,0,8,2072,171,425,171,425
226268,Reconnecting,0,0,12,24,0,0,8,2072,171,425,171,425
226521,Reconnecting,0,0,12,24,0,0,8,2072,171,425,171,425
226773,Reconnecting,0,0,12,24,0,0,8,2072,171,425,171,425
227026,Reconnecting,0,0,12,24,0,0,8,2072,171,425,171,425
227281,Reconnecting,0,0,12,24,0,0,8,2072,171,425,171,425
227533,Reconnecting,0,0,12,24,0,0,8,2072,171,425,171,425
227787,Reconnecting,0,0,12,24,0,0,8,2072,171,425,171,425
228041,Reconnecting,0,0,12,24,0,0,8,2072,171,425,171,425
228294,Reconnecting,0,0,12,24,0,0,8,2072,171,425,171,425
228547,Reconnecting,0,0,12,24,0,0,8,2072,171,425,171,425
228751,Reconnecting,0,0,12,24,0,0,8,2072,171,425,171,425
229004,Reconnecting,0,0,12,24,0,0,8,2072,171,425,171,425
229257,Reconnecting,0,0,12,24,0,0,8,2072,171,425,171,425
229510,Reconnecting,0,0,12,24,0,0,8,2072,171,425,171,425
229763,Reconnecting,0,0,12,24,0,0,9,2072,171,425,171,425
230018,Reconnecting,0,0,12,24,0,0,9,2075,0,425,171,425
230270,Reconnecting,0,0,12,24,0,0,9,2079,3,425,171,425
230523,Reconnecting,0,0,12,24,0,0,9,2079,3,425,171,425
230775,Reconnecting,0,0,12,24,0,0,9,2079,3,425,171,425
231028,Reconnecting,0,0,12,24,0,0,9,2079,3,425,171,425
231281,Reconnecting,0,0,12,24,0,0,9,2079,3,425,171,425
231533,Reconnecting,0,0,12,24,0,0,9,2079,3,425,171,425
231788,Reconnecting,0,0,12,24,0,0,9,2079,3,425,171,425
232040,Reconnecting,0,0,12,24,0,0,9,2079,3,425,171,425
232293,Reconnecting,0,0,12,24,0,0,9,2079,3,425,171,425
232548,Reconnecting,0,0,12,24,0,0,9,2079,3,425,171,425
232750,Reconnecting,0,0,12,24,0,0,9,2079,3,425,171,425
233002,Reconnecting,0,0,12,24,0,0,9,2079,3,425,171,425
233256,Reconnecting,0,0,12,24,0,0,9,2079,3,425,171,425
233509,Reconnecting,0,0,12,24,0,0,9,2079,3,425,171,425
233762,Reconnecting,0,0,12,24,0,0,9,2079,3,425,171,425
234016,Reconnecting,0,0,12,24,0,0,9,2079,3,425,171,425
234269,Reconnecting,0,0,12,24,0,0,9,2079,3,425,171,425
234521,Reconnecting,0,0,12,24,0,0,9,2079,3,425,171,425
234778,Reconnecting,0,0,12,24,0,0,9,2079,3,425,171,425
235031,Reconnecting,0,0,12,24,0,0,9,2079,3,425,171,425
235291,Reconnecting,0,0,12,24,0,0,10,2079,3,425,171,425
235546,Reconnecting,0,0,12,24,0,0,10,2086,6,425,171,425
235799,Reconnecting,0,0,12,24,0,0,10,2086,6,425,171,425
236003,Reconnecting,0,0,12,24,0,0,10,2086,6,425,171,425
236258,Reconnecting,0,0,12,24,0,0,10,2086,6,425,171,425
236510,Reconnecting,0,0,12,24,0,0,10,2086,6,425,171,425
236766,Reconnecting,0,0,12,24,0,0,10,2086,6,425,171,425
237021,Reconnecting,0,0,12,24,0,0,10,2086,6,425,171,425
237276,Reconnecting,0,0,12,24,0,0,10,2086,6,425,171,425
237529,Reconnecting,0,0,12,24,0,0,10,2086,6,425,171,425
237782,Reconnecting,0,0,12,24,0,0,10,2086,6,425,171,425
238000,Reconnecting,0,0,12,24,0,0,10,2086,6,425,171,425
238263,Reconnecting,0,0,12,24,0,0,10,2086,6,425,171,425
238518,Reconnecting,0,0,12,24,0,0,10,2086,6,425,171,425
238771,Reconnecting,0,0,12,24,0,0,10,2086,6,425,171,425
239024,Reconnecting,0,0,12,24,0,0,10,2086,6,425,171,425
239277,Reconnecting,0,0,12,24,0,0,10,2086,6,425,171,425
239530,Reconnecting,0,0,12,24,0,0,10,2086,6,425,171,425
239782,Reconnecting,0,0,12,24,0,0,10,2086,6,425,171,425
240036,Reconnecting,0,0,12,24,0,0,10,2086,6,425,171,425
240288,Reconnecting,0,0,12,24,0,0,10,2086,6,425,171,425
240540,Reconnecting,0,0,12,24,0,0,10,2086,6,425,171,425
240792,Reconnecting,0,0,12,24,0,0,11,2086,6,425,171,425
241049,Reconnecting,165888,470,12,24,0,0,11,2093,0,425,0,425
241251,Reconnecting,940032,2664,12,24,0,0,11,2105,0,425,0,425
241505,Playing,1478656,4191,12,24,0,0,11,2119,30,425,30,425
241758,Playing,2032640,5761,12,24,0,0,11,2137,0,425,0,425
242012,Playing,2080768,5897,12,24,0,0,11,2143,54,425,54,425
242266,Playing,2110464,5982,12,24,0,0,11,2147,0,425,0,425
242518,Playing,2020352,5726,12,24,0,0,11,2148,112,425,112,425
242772,Playing,2022400,5732,12,24,0,0,11,2151,119,425,120,425
243025,Playing,1996800,5659,12,24,0,0,11,2155,37,425,37,425
243279,Playing,2008064,5691,12,24,0,0,11,2158,121,425,121,425
243532,Playing,1917952,5436,12,24,0,0,11,2158,121,425,121,425
243784,Playing,1937408,5491,12,24,0,0,11,2161,119,425,119,425
244038,Playing,1930240,5471,12,24,0,0,11,2164,27,425,27,425
244290,Playing,1932288,5477,12,24,0,0,11,2167,120,425,120,425
244544,Playing,1943552,5508,12,24,0,0,11,2170,120,425,120,425
244798,Playing,1853440,5253,12,24,0,0,11,2170,120,425,120,425
245001,Playing,1862656,5279,12,24,0,0,11,2173,29,425,29,425
245253,Playing,1872896,5308,12,24,0,0,11,2176,119,425,119,425
245507,Playing,1884160,5340,12,24,0,0,11,2179,121,425,121,425
245760,Playing,1886208,5346,12,24,0,0,11,2181,96,425,96,425
246013,Playing,1796096,5090,12,24,0,0,11,2182,23,425,23,425
246267,Playing,1798144,5096,12,24,0,0,11,2186,110,425,110,425
246520,Playing,1800192,5102,12,24,0,0,11,2189,119,425,120,425
246776,Playing,1774592,5030,12,24,0,0,11,2193,36,425,36,425
247030,Playing,1758208,4983,12,24,0,0,11,2195,2,425,2,425
247283,Playing,1703936,4829,12,24,0,0,11,2196,120,425,120,425
247538,Playing,1715200,4861,12,24,0,0,11,2199,124,425,124,425
247791,Playing,1708032,4841,12,24,0,0,11,2202,29,425,29,425
248044,Playing,1682432,4768,12,24,0,0,11,2204,0,425,0,425
248297,Playing,1702912,4826,12,24,0,0,11,2207,0,425,0,425
248550,Playing,1631232,4623,12,24,0,0,11,2208,120,425,120,425
248776,Playing,1613824,4574,12,24,0,0,11,2212,17,425,17,425
249029,Playing,1605632,4551,12,24,0,0,11,2214,0,425,0,425
249283,Playing,1616896,4583,12,24,0,0,11,2217,0,425,0,425
249536,Playing,1545216,4379,12,24,0,0,11,2218,119,425,119,425
249789,Playing,1547264,4385,12,24,0,0,11,2221,31,425,31,425
250041,Playing,1549312,4391,12,24,0,0,11,2225,110,425,110,425
250294,Playing,1532928,4345,12,24,0,0,11,2228,112,425,112,425
250547,Playing,1488896,4220,12,24,0,0,11,2229,314,425,314,425
250799,Playing,1509376,4278,12,24,0,0,11,2233,0,425,0,425
251001,Playing,1462272,4144,12,24,0,0,11,2234,119,425,119,425
251255,Playing,1473536,4176,12,24,0,0,11,2237,119,425,119,425
251509,Playing,1484800,4208,12,24,0,0,11,2240,38,425,38,425
251761,Playing,1477632,4188,12,24,0,0,11,2242,0,425,0,425
252014,Playing,1405952,3985,12,24,0,0,11,2243,121,425,121,425
252268,Playing,1417216,4017,12,24,0,0,11,2246,119,425,119,425
252521,Playing,1410048,3996,12,24,0,0,11,2249,27,425,27,425
252774,Playing,1392640,3947,12,24,0,0,11,2251,0,425,0,425
253027,Playing,1413120,4005,12,24,0,0,11,2254,0,425,0,425
253280,Playing,1341440,3802,12,24,0,0,11,2255,119,425,119,425
253531,Playing,1343488,3808,12,24,0,0,11,2258,26,425,27,425
253786,Playing,1345536,3813,12,24,0,0,11,2262,113,425,113,425
254038,Playing,1329152,3767,12,24,0,0,11,2264,0,425,0,425
254289,Playing,1312768,3720,12,24,0,0,11,2266,174,425,174,425
254542,Playing,1258496,3567,12,24,0,0,11,2268,36,425,36,425
254794,Playing,1269760,3599,12,24,0,0,11,2271,120,425,120,425
255047,Playing,1262592,3578,12,24,0,0,11,2274,111,425,111,425
255250,Playing,1234944,3500,12,24,0,0,11,2275,313,425,313,425
255503,Playing,1172480,3323,12,24,0,0,11,2277,73,425,74,425
255756,Playing,1183744,3355,12,24,0,0,11,2280,120,425,121,425
256008,Playing,1184768,3358,12,24,0,0,11,2283,111,425,111,425
256262,Playing,1140736,3233,12,24,0,0,11,2284,312,425,312,425
256514,Playing,1170432,3317,12,24,0,0,11,2289,0,425,0,425
256767,Playing,1172480,3323,12,24,0,0,11,2292,8,425,8,425
257019,Playing,1128448,3198,12,24,0,0,11,2295,1,425,1,425
257272,Playing,1065984,3021,12,24,0,0,11,2297,82,425,82,425
257526,Playing,1068032,3027,12,24,0,0,11,2301,108,425,108,425
257780,Playing,1051648,2980,12,24,0,0,11,2303,0,425,0,425
258033,Playing,1043456,2957,12,24,0,0,11,2305,174,425,174,425
258286,Playing,980992,2780,12,24,0,0,11,2307,35,425,36,425
258539,Playing,992256,2812,12,24,0,0,11,2310,119,425,119,425
258791,Playing,1003520,2844,12,24,0,0,11,2313,119,425,119,425
259042,Playing,977920,2771,12,24,0,0,11,2315,86,425,86,425
259295,Playing,906240,2568,12,24,0,0,11,2316,34,425,34,425
259547,Playing,925696,2623,12,24,0,0,11,2319,130,425,130,425
259799,Playing,936960,2655,12,24,0,0,11,2321,0,425,0,425
260001,Playing,918528,2603,12,24,0,0,11,2322,286,425,286,425
260255,Playing,856064,2426,12,24,0,0,11,2324,28,425,28,425
260507,Playing,941056,2667,12,24,0,0,11,2329,0,425,0,425
260760,Playing,850944,2411,12,24,0,0,11,2330,109,425,109,425
261013,Playing,851968,2414,12,24,0,0,11,2332,92,425,92,425
261267,Playing,761856,2159,12,24,0,0,11,2333,29,425,29,425
261520,Playing,865280,2452,12,24,0,0,11,2338,0,425,0,425
261774,Playing,775168,2197,12,24,0,0,11,2339,111,425,111,425
262028,Playing,740352,2098,12,24,0,0,11,2343,36,425,36,425
262281,Playing,751616,2130,12,24,0,0,11,2346,119,425,119,425
262533,Playing,762880,2162,12,24,0,0,11,2349,119,425,119,425
262786,Playing,737280,2089,12,24,0,0,11,2351,80,425,80,425
263038,Playing,673792,1909,12,24,0,0,11,2352,39,425,40,425
263290,Playing,685056,1941,12,24,0,0,11,2355,119,425,119,425
263542,Playing,696320,1973,12,24,0,0,11,2358,119,425,119,425
263795,Playing,689152,1953,12,24,0,0,11,2361,44,425,44,425
264048,Playing,645120,1828,12,24,0,0,11,2364,0,425,0,425
264300,Playing,572416,1622,12,24,0,0,11,2366,166,425,166,425
264502,Playing,572416,1622,12,24,0,0,11,2369,43,425,43,425
264756,Playing,565248,1602,12,24,0,0,11,2371,88,425,88,425
265010,Playing,475136,1346,12,24,0,0,11,2372,32,425,32,425
265261,Playing,477184,1352,12,24,0,0,11,2375,122,425,122,425
265513,Playing,488448,1384,12,24,0,0,11,2378,5,425,5,425
265767,Playing,480256,1361,12,24,0,0,11,2381,36,425,36,425
266019,Playing,473088,1340,12,24,0,0,11,2383,0,425,0,425
266271,Playing,456704,1294,12,24,0,0,11,2386,0,425,0,425
266523,Playing,366592,1039,12,24,0,0,11,2387,119,425,119,425
266776,Playing,350208,992,12,24,0,0,11,2390,46,425,46,425
267028,Playing,343040,972,12,24,0,0,11,2392,0,425,0,425
267280,Playing,353280,1001,12,24,0,0,11,2396,127,425,127,425
267532,Playing,263168,745,12,24,0,0,11,2396,127,425,127,425
267784,Playing,256000,725,12,24,0,0,11,2398,56,425,56,425
268036,Playing,258048,731,12,24,0,0,11,2401,132,425,132,425
268288,Playing,241664,684,12,24,0,0,11,2404,27,425,27,425
268540,Playing,242688,687,12,24,0,0,11,2408,41,425,41,425
268794,Playing,244736,693,12,24,0,0,11,2411,3,425,3,425
269046,Playing,154624,438,12,24,0,0,11,2412,149,425,149,425
269299,Playing,119808,339,12,24,0,0,11,2416,8,425,8,425
269502,Playing,119808,339,12,24,0,0,11,2419,37,425,37,425
269756,Playing,112640,319,12,24,0,0,11,2421,0,425,0,425
270008,Playing,40960,116,12,24,0,0,11,2422,119,425,119,425
270260,Playing,60416,171,12,24,0,0,11,2425,120,425,120,425
270513,Playing,53248,150,12,24,0,0,11,2428,36,425,36,425
270767,Buffering,82944,235,13,24,0,0,11,2430,0,425,0,425
271021,Buffering,184320,522,13,24,0,0,11,2433,0,425,0,425
271273,Buffering,202752,574,13,24,0,0,11,2434,119,425,119,425
271527,Buffering,276480,783,13,24,0,0,11,2436,119,425,119,425
271780,Buffering,346112,981,13,25,0,0,11,2439,0,425,0,425
272032,Buffering,357376,1012,13,25,0,0,11,2443,110,425,110,425
272287,Buffering,313344,888,13,25,0,0,11,2444,314,425,314,425
272539,Buffering,342016,969,13,25,0,0,11,2448,0,425,0,425
272791,Buffering,270336,766,13,25,0,0,11,2449,120,425,120,425
273043,Buffering,281600,798,13,25,0,0,11,2453,111,425,111,425
273298,Buffering,237568,673,13,25,0,0,11,2454,313,425,313,425
273500,Buffering,256000,725,13,25,0,0,11,2459,8,425,8,425
273753,Buffering,165888,470,13,25,0,0,11,2460,40,425,40,425
274006,Buffering,176128,499,13,25,0,0,11,2463,121,425,121,425
274257,Buffering,168960,478,13,25,0,0,11,2466,36,425,36,425
274510,Buffering,161792,458,13,25,0,0,11,2468,0,425,0,425
274762,Buffering,173056,490,13,25,0,0,11,2471,0,425,0,425
275018,Buffering,101376,287,13,25,0,0,11,2472,119,425,119,425
275271,Buffering,94208,267,13,25,0,0,11,2475,38,425,38,425
275524,Buffering,68608,194,13,25,0,0,11,2477,1,425,1,425
275778,Buffering,79872,226,13,25,0,0,11,2480,0,425,0,425
276031,Buffering,80896,229,13,25,0,0,11,2482,173,425,173,425
276283,Buffering,27648,78,13,25,0,0,11,2484,28,425,28,425
276535,Playing,75776,214,13,26,0,0,11,2487,120,425,120,425
276789,Playing,87040,246,13,26,0,0,11,2490,7,425,7,425
277041,Playing,43008,121,13,26,0,0,11,2492,173,425,173,425
277293,Playing,0,0,13,26,0,0,11,2495,27,425,27,425
277547,Buffering,175104,496,14,26,0,0,11,2500,0,425,0,425
277799,Buffering,175104,496,14,26,0,0,11,2501,115,425,115,425
278001,Buffering,202752,574,14,26,0,0,11,2503,1,425,1,425
278254,Buffering,285696,809,14,26,0,0,11,2508,1,425,1,425
278508,Buffering,370688,1050,14,27,0,0,11,2511,0,425,0,425
278761,Buffering,299008,847,14,27,0,0,11,2512,120,425,121,425
279013,Buffering,291840,827,14,27,0,0,11,2515,27,425,27,425
279266,Buffering,283648,803,14,27,0,0,11,2517,0,425,0,425
279518,Buffering,294912,835,14,27,0,0,11,2520,0,425,0,425
279771,Buffering,278528,789,14,27,0,0,11,2522,174,425,175,425
280024,Buffering,216064,612,14,27,0,0,11,2525,112,425,112,425
280276,Buffering,218112,618,14,27,0,0,11,2528,119,425,119,425
280529,Buffering,229376,650,14,27,0,0,11,2531,6,425,6,425
280782,Buffering,185344,525,14,27,0,0,11,2533,172,425,172,425
281035,Buffering,113664,322,14,27,0,0,11,2536,27,425,27,425
281287,Buffering,123904,351,14,27,0,0,11,2539,124,425,124,425
281539,Buffering,135168,383,14,27,0,0,11,2542,119,425,119,425
281793,Buffering,109568,310,14,27,0,0,11,2544,82,425,82,425
282044,Buffering,37888,107,14,27,0,0,11,2545,37,425,37,425
282296,Buffering,49152,139,14,27,0,0,11,2548,120,425,120,425
282549,Buffering,60416,171,14,27,0,0,11,2551,119,425,119,425
282751,Buffering,77824,220,14,27,0,0,11,2553,92,425,92,425
283004,Buffering,0,0,14,27,0,0,11,2554,27,425,27,425
283258,Playing,51200,145,14,28,0,0,11,2557,123,425,123,425
283510,Playing,62464,177,14,28,0,0,11,2560,154,425,155,425
283762,Playing,55296,156,14,28,0,0,11,2563,60,425,60,425
284015,Playing,38912,110,14,28,0,0,11,2567,109,425,109,425
284268,Playing,0,0,14,28,0,0,11,2567,109,425,109,425
284521,Buffering,92160,261,15,28,0,0,11,2571,116,425,116,425
284782,Buffering,101376,287,15,28,0,0,11,2574,28,425,28,425
285035,Buffering,193536,548,15,28,0,0,11,2577,120,425,120,425
285288,Buffering,294912,835,15,28,0,0,11,2580,119,425,119,425
285541,Buffering,351232,995,15,29,0,0,11,2582,82,425,82,425
285795,Buffering,279552,792,15,29,0,0,11,2583,37,425,37,425
286049,Buffering,290816,824,15,29,0,0,11,2586,121,425,121,425
286252,Buffering,318464,902,15,29,0,0,11,2589,119,425,119,425
286506,Buffering,292864,830,15,29,0,0,11,2591,82,425,82,425
286759,Buffering,221184,626,15,29,0,0,11,2593,161,425,161,425
287012,Buffering,222208,629,15,29,0,0,11,2596,14,425,14,425
287266,Buffering,224256,635,15,29,0,0,11,2599,119,425,120,425
287519,Buffering,217088,615,15,29,0,0,11,2602,33,425,33,425
287771,Buffering,200704,568,15,29,0,0,11,2604,0,425,0,425
288024,Buffering,129024,365,15,29,0,0,11,2605,127,425,127,425
288276,Buffering,140288,397,15,29,0,0,11,2608,121,425,121,425
288529,Buffering,160768,455,15,29,0,0,11,2610,119,425,119,425
288782,Buffering,161792,458,15,29,0,0,11,2612,0,425,0,425
289037,Buffering,173056,490,15,29,0,0,11,2616,111,425,111,425
289290,Buffering,82944,235,15,29,0,0,11,2616,111,425,111,425
289544,Buffering,66560,188,15,29,0,0,11,2619,38,425,38,425
289798,Buffering,77824,220,15,29,0,0,11,2622,119,425,119,425
290000,Buffering,105472,298,15,29,0,0,11,2625,123,425,123,425
290253,Buffering,79872,226,15,29,0,0,11,2627,80,425,80,425
290506,Buffering,16384,46,15,29,0,0,11,2628,39,425,39,425
290757,Buffering,27648,78,15,29,0,0,11,2631,122,425,122,425
291011,Buffering,38912,110,15,29,0,0,11,2634,120,425,120,425
291264,Buffering,31744,89,15,29,0,0,11,2637,31,425,31,425
291518,Buffering,73728,208,15,29,0,0,11,2639,0,425,0,425
291770,Reconnecting,0,0,15,30,0,0,11,2640,119,425,119,425
292024,Reconnecting,0,0,15,30,0,0,11,2640,119,425,119,425
292278,Reconnecting,0,0,15,30,0,0,11,2640,119,425,119,425
292530,Reconnecting,0,0,15,30,0,0,11,2640,119,425,119,425
292782,Reconnecting,0,0,15,30,0,0,11,2640,119,425,119,425
293035,Reconnecting,0,0,15,30,0,0,11,2640,119,425,119,425
293289,Reconnecting,0,0,15,30,0,0,11,2640,119,425,119,425
293542,Reconnecting,0,0,15,30,0,0,11,2640,119,425,119,425
293796,Reconnecting,0,0,15,30,0,0,11,2640,119,425,119,425
294049,Reconnecting,0,0,15,30,0,0,11,2640,119,425,119,425
294251,Reconnecting,0,0,15,30,0,0,11,2640,119,425,119,425
294504,Reconnecting,0,0,15,30,0,0,11,2640,119,425,119,425
294759,Reconnecting,0,0,15,30,0,0,11,2640,119,425,119,425
295012,Reconnecting,0,0,15,30,0,0,11,2640,119,425,119,425
295266,Reconnecting,0,0,15,30,0,0,11,2640,119,425,119,425
295518,Reconnecting,0,0,15,30,0,0,11,2640,119,425,119,425
295771,Reconnecting,0,0,15,30,0,0,11,2640,119,425,119,425
296024,Reconnecting,0,0,15,30,0,0,11,2640,119,425,119,425
296277,Reconnecting,0,0,15,30,0,0,11,2640,119,425,119,425
296531,Reconnecting,0,0,15,30,0,0,11,2640,119,425,119,425
296783,Reconnecting,0,0,15,30,0,0,12,2640,119,425,119,425
297036,Reconnecting,0,0,15,30,0,0,12,2640,119,425,119,425
297288,Reconnecting,0,0,15,30,0,0,12,2646,2,425,119,425
297542,Reconnecting,0,0,15,30,0,0,12,2646,2,425,119,425
297798,Reconnecting,0,0,15,30,0,0,12,2646,2,425,119,425
298049,Reconnecting,0,0,15,30,0,0,12,2646,2,425,119,425
298251,Reconnecting,0,0,15,30,0,0,12,2646,2,425,119,425
298522,Reconnecting,0,0,15,30,0,0,12,2646,2,425,119,425
298775,Reconnecting,0,0,15,30,0,0,12,2646,2,425,119,425
299028,Reconnecting,0,0,15,30,0,0,12,2646,2,425,119,425
299282,Reconnecting,0,0,15,30,0,0,12,2646,2,425,119,425
299536,Reconnecting,0,0,15,30,0,0,12,2646,2,425,119,425
299789,Reconnecting,0,0,15,30,0,0,12,2646,2,425,119,425
300041,Reconnecting,0,0,15,30,0,0,12,2646,2,425,119,425
300295,Reconnecting,0,0,15,30,0,0,12,2646,2,425,119,425
300548,Reconnecting,0,0,15,30,0,0,12,2646,2,425,119,425
300750,Reconnecting,0,0,15,30,0,0,12,2646,2,425,119,425
301002,Reconnecting,0,0,15,30,0,0,12,2646,2,425,119,425
301255,Reconnecting,0,0,15,30,0,0,12,2646,2,425,119,425
301507,Reconnecting,0,0,15,30,0,0,12,2646,2,425,119,425
301760,Reconnecting,0,0,15,30,0,0,12,2646,2,425,119,425
302012,Reconnecting,0,0,15,30,0,0,12,2646,2,425,119,425
302266,Reconnecting,0,0,15,30,0,0,12,2646,2,425,119,425
302518,Reconnecting,0,0,15,30,0,0,13,2646,2,425,119,425
302771,Reconnecting,0,0,15,30,0,0,13,2653,7,425,119,425
303025,Reconnecting,0,0,15,30,0,0,13,2653,7,425,119,425
303277,Reconnecting,0,0,15,30,0,0,13,2653,7,425,119,425
303531,Reconnecting,0,0,15,30,0,0,13,2653,7,425,119,425
303784,Reconnecting,0,0,15,30,0,0,13,2653,7,425,119,425
304037,Reconnecting,0,0,15,30,0,0,13,2653,7,425,119,425
304290,Reconnecting,0,0,15,30,0,0,13,2653,7,425,119,425
304543,Reconnecting,0,0,15,30,0,0,13,2653,7,425,119,425
304796,Reconnecting,0,0,15,30,0,0,13,2653,7,425,119,425
305049,Reconnecting,0,0,15,30,0,0,13,2653,7,425,119,425
305252,Reconnecting,0,0,15,30,0,0,13,2653,7,425,119,425
305505,Reconnecting,0,0,15,30,0,0,13,2653,7,425,119,425
305758,Reconnecting,0,0,15,30,0,0,13,2653,7,425,119,425
306010,Reconnecting,0,0,15,30,0,0,13,2653,7,425,119,425
306264,Reconnecting,0,0,15,30,0,0,13,2653,7,425,119,425
306516,Reconnecting,0,0,15,30,0,0,13,2653,7,425,119,425
306770,Reconnecting,0,0,15,30,0,0,13,2653,7,425,119,425
307023,Reconnecting,0,0,15,30,0,0,13,2653,7,425,119,425
307276,Reconnecting,0,0,15,30,0,0,13,2653,7,425,119,425
307528,Reconnecting,0,0,15,30,0,0,13,2653,7,425,119,425
307780,Reconnecting,0,0,15,30,0,0,14,2653,7,425,119,425
308033,Reconnecting,0,0,15,30,0,0,14,2653,7,425,119,425
308285,Reconnecting,0,0,15,30,0,0,14,2662,9,425,119,425
308540,Reconnecting,0,0,15,30,0,0,14,2662,9,425,119,425
308794,Reconnecting,0,0,15,30,0,0,14,2662,9,425,119,425
309048,Reconnecting,0,0,15,30,0,0,14,2662,9,425,119,425
309250,Reconnecting,0,0,15,30,0,0,14,2662,9,425,119,425
309502,Reconnecting,0,0,15,30,0,0,14,2662,9,425,119,425
309755,Reconnecting,0,0,15,30,0,0,14,2662,9,425,119,425
310007,Reconnecting,0,0,15,30,0,0,14,2662,9,425,119,425
310261,Reconnecting,0,0,15,30,0,0,14,2662,9,425,119,425
310513,Reconnecting,0,0,15,30,0,0,14,2662,9,425,119,425
310766,Reconnecting,0,0,15,30,0,0,14,2662,9,425,119,425
311018,Reconnecting,0,0,15,30,0,0,14,2662,9,425,119,425
311291,Reconnecting,0,0,15,30,0,0,14,2662,9,425,119,425
311544,Reconnecting,0,0,15,30,0,0,14,2662,9,425,119,425
311797,Reconnecting,0,0,15,30,0,0,14,2662,9,425,119,425
312050,Reconnecting,0,0,15,30,0,0,14,2662,9,425,119,425
312253,Reconnecting,0,0,15,30,0,0,14,2662,9,425,119,425
312506,Reconnecting,0,0,15,30,0,0,14,2662,9,425,119,425
312759,Reconnecting,0,0,15,30,0,0,14,2662,9,425,119,425
313011,Reconnecting,0,0,15,30,0,0,14,2662,9,425,119,425
313265,Reconnecting,0,0,15,30,0,0,15,2662,9,425,119,425
313517,Reconnecting,0,0,15,30,0,0,15,2662,9,425,119,425
313769,Reconnecting,119808,339,15,30,0,0,15,2670,0,425,0,425
314021,Reconnecting,1170432,3317,15,30,0,0,15,2691,10,425,10,425
314275,Playing,1692672,4797,15,30,0,0,15,2705,37,425,37,425
314528,Playing,2100224,5953,15,30,0,0,15,2717,55,425,55,425
314782,Playing,2082816,5903,15,30,0,0,15,2718,240,425,240,425
315035,Playing,2020352,5726,15,30,0,0,15,2720,26,425,26,425
315288,Playing,2022400,5732,15,30,0,0,15,2723,119,425,119,425
315541,Playing,2015232,5712,15,30,0,0,15,2726,4,425,4,425
315794,Playing,1980416,5613,15,30,0,0,15,2727,281,425,281,425
316048,Playing,1917952,5436,15,30,0,0,15,2729,30,425,30,425
316250,Playing,1936384,5488,15,30,0,0,15,2732,120,425,120,425
316503,Playing,1955840,5543,15,30,0,0,15,2735,120,425,120,425
316757,Playing,1921024,5445,15,30,0,0,15,2736,176,425,176,425
317010,Playing,1876992,5320,15,30,0,0,15,2738,120,425,120,425
317262,Playing,1888256,5352,15,30,0,0,15,2741,120,425,120,425
317516,Playing,1899520,5384,15,30,0,0,15,2744,120,425,120,425
317770,Playing,1873920,5311,15,30,0,0,15,2748,27,425,27,425
318023,Playing,1792000,5079,15,30,0,0,15,2748,27,425,27,425
318275,Playing,1876992,5320,15,30,0,0,15,2753,0,425,0,425
318528,Playing,1786880,5064,15,30,0,0,15,2754,113,425,113,425
318780,Playing,1779712,5044,15,30,0,0,15,2757,32,425,32,425
319033,Playing,1763328,4998,15,30,0,0,15,2759,0,425,0,425
319286,Playing,1774592,5030,15,30,0,0,15,2763,113,425,113,425
319539,Playing,1684480,4774,15,30,0,0,15,2763,113,425,113,425
319791,Playing,1685504,4777,15,30,0,0,15,2766,27,425,27,425
320045,Playing,1669120,4731,15,30,0,0,15,2769,16,425,16,425
320299,Playing,1671168,4736,15,30,0,0,15,2772,120,425,120,425
320502,Playing,1652736,4684,15,30,0,0,15,2773,175,425,175,425
320755,Playing,1590272,4507,15,30,0,0,15,2775,23,425,23,425
321010,Playing,1592320,4513,15,30,0,0,15,2778,121,425,121,425
321262,Playing,1603584,4545,15,30,0,0,15,2781,119,425,119,425
321516,Playing,1596416,4524,15,30,0,0,15,2784,27,425,27,425
321769,Playing,1588224,4501,15,30,0,0,15,2786,0,425,0,425
322022,Playing,1516544,4298,15,30,0,0,15,2787,120,425,120,425
322276,Playing,1527808,4330,15,30,0,0,15,2790,119,425,120,425
322529,Playing,1529856,4336,15,30,0,0,15,2793,29,425,29,425
322780,Playing,1513472,4289,15,30,0,0,15,2795,0,425,0,425
323034,Playing,1441792,4086,15,30,0,0,15,2796,119,425,119,425
323287,Playing,1453056,4118,15,30,0,0,15,2799,119,425,119,425
323541,Playing,1455104,4124,15,30,0,0,15,2802,27,425,27,425
323795,Playing,1419264,4022,15,30,0,0,15,2805,1,425,1,425
324048,Playing,1439744,4080,15,30,0,0,15,2809,117,425,117,425
324300,Playing,1368064,3877,15,30,0,0,15,2810,308,425,308,425
324503,Playing,1349632,3825,15,30,0,0,15,2813,44,425,44,425
324756,Playing,1360896,3857,15,30,0,0,15,2816,119,425,119,425
325008,Playing,1380352,3912,15,30,0,0,15,2819,119,425,119,425
325262,Playing,1290240,3657,15,30,0,0,15,2819,119,425,119,425
325515,Playing,1356800,3845,15,30,0,0,15,2824,0,425,0,425
325768,Playing,1285120,3642,15,30,0,0,15,2825,119,425,119,425
326021,Playing,1296384,3674,15,30,0,0,15,2828,119,425,119,425
326275,Playing,1298432,3680,15,30,0,0,15,2831,29,425,29,425
326527,Playing,1272832,3607,15,30,0,0,15,2833,0,425,0,425
326781,Playing,1293312,3665,15,30,0,0,15,2836,0,425,0,425
327034,Playing,1229824,3485,15,30,0,0,15,2837,119,425,119,425
327286,Playing,1231872,3491,15,30,0,0,15,2840,24,425,24,425
327539,Playing,1215488,3445,15,30,0,0,15,2842,0,425,0,425
327793,Playing,1226752,3477,15,30,0,0,15,2845,0,425,0,425
328045,Playing,1210368,3430,15,30,0,0,15,2847,174,425,175,425
328299,Playing,1147904,3253,15,30,0,0,15,2849,37,425,37,425
328501,Playing,1165312,3303,15,30,0,0,15,2851,0,425,0,425
328754,Playing,1176576,3334,15,30,0,0,15,2854,0,425,0,425
329007,Playing,1104896,3131,15,30,0,0,15,2855,120,425,120,425
329259,Playing,1097728,3111,15,30,0,0,15,2858,27,425,27,425
329513,Playing,1081344,3065,15,30,0,0,15,2860,0,425,0,425
329766,Playing,1092608,3096,15,30,0,0,15,2864,112,425,112,425
330020,Playing,1057792,2998,15,30,0,0,15,2865,312,425,312,425
330272,Playing,1077248,3053,15,30,0,0,15,2869,0,425,0,425
330526,Playing,1088512,3085,15,30,0,0,15,2872,0,425,0,425
330779,Playing,1016832,2882,15,30,0,0,15,2873,120,425,120,425
331030,Playing,1018880,2887,15,30,0,0,15,2876,29,425,29,425
331283,Playing,1002496,2841,15,30,0,0,15,2878,0,425,0,425
331538,Playing,1013760,2873,15,30,0,0,15,2881,0,425,0,425
331791,Playing,997376,2827,15,30,0,0,15,2883,175,425,175,425
332045,Playing,916480,2597,15,30,0,0,15,2885,37,425,37,425
332299,Playing,927744,2629,15,30,0,0,15,2889,81,425,81,425
332502,Playing,935936,2652,15,30,0,0,15,2891,0,425,0,425
332755,Playing,864256,2449,15,30,0,0,15,2892,120,425,120,425
333008,Playing,857088,2429,15,30,0,0,15,2895,27,425,27,425
333261,Playing,859136,2435,15,30,0,0,15,2898,120,425,120,425
333515,Playing,851968,2414,15,30,0,0,15,2900,0,425,0,425
333767,Playing,844800,2394,15,30,0,0,15,2902,171,425,171,425
334020,Playing,790528,2240,15,30,0,0,15,2904,30,425,30,425
334275,Playing,792576,2246,15,30,0,0,15,2907,119,425,119,425
334527,Playing,785408,2226,15,30,0,0,15,2909,0,425,0,425
334780,Playing,778240,2205,15,30,0,0,15,2912,83,425,83,425
335034,Playing,715776,2028,15,30,0,0,15,2914,129,425,129,425
335286,Playing,773120,2191,15,30,0,0,15,2919,0,425,0,425
335539,Playing,701440,1988,15,30,0,0,15,2920,119,425,119,425
335792,Playing,675840,1915,15,30,0,0,15,2922,82,425,82,425
336045,Playing,687104,1947,15,30,0,0,15,2926,7,425,7,425
336299,Playing,670720,1901,15,30,0,0,15,2928,0,425,0,425
336500,Playing,678912,1924,15,30,0,0,15,2930,175,425,175,425
336753,Playing,616448,1747,15,30,0,0,15,2932,28,425,28,425
337008,Playing,618496,1753,15,30,0,0,15,2935,119,425,119,425
337260,Playing,602112,1706,15,30,0,0,15,2937,0,425,0,425
337513,Playing,585728,1660,15,30,0,0,15,2940,1,425,1,425
337766,Playing,523264,1483,15,30,0,0,15,2942,29,425,29,425
338019,Playing,533504,1512,15,30,0,0,15,2945,119,425,119,425
338272,Playing,544768,1544,15,30,0,0,15,2948,119,425,119,425
338526,Playing,519168,1471,15,30,0,0,15,2949,176,425,176,425
338778,Playing,456704,1294,15,30,0,0,15,2951,29,425,29,425
339031,Playing,458752,1300,15,30,0,0,15,2954,119,425,119,425
339284,Playing,470016,1332,15,30,0,0,15,2957,119,425,119,425
339536,Playing,462848,1311,15,30,0,0,15,2960,37,425,37,425
339789,Playing,455680,1291,15,30,0,0,15,2962,0,425,0,425
340041,Playing,392192,1111,15,30,0,0,15,2963,119,425,119,425
340295,Playing,403456,1143,15,30,0,0,15,2966,119,425,119,425
340548,Playing,396288,1123,15,30,0,0,15,2969,23,425,23,425
340799,Playing,379904,1076,15,30,0,0,15,2971,0,425,0,425
341001,Playing,324608,920,15,30,0,0,15,2972,119,425,119,425
341255,Playing,399360,1131,15,30,0,0,15,2976,36,425,36,425
341507,Playing,336896,954,15,30,0,0,15,2978,27,425,27,425
341760,Playing,338944,960,15,30,0,0,15,2981,121,425,121,425
342014,Playing,248832,705,15,30,0,0,15,2981,121,425,121,425
342266,Playing,315392,893,15,30,0,0,15,2985,37,425,37,425
342519,Playing,271360,769,15,30,0,0,15,2986,120,425,120,425
342771,Playing,282624,801,15,30,0,0,15,2989,119,425,119,425
343027,Playing,302080,856,15,30,0,0,15,2992,119,425,119,425
343279,Playing,313344,888,15,30,0,0,15,2994,119,425,119,425
343533,Playing,306176,867,15,30,0,0,15,2996,0,425,0,425
343785,Playing,234496,664,15,30,0,0,15,2997,120,425,120,425
344038,Playing,245760,696,15,30,0,0,15,3000,119,425,119,425
344292,Playing,238592,676,15,30,0,0,15,3003,27,425,27,425
344544,Playing,222208,629,15,30,0,0,15,3005,0,425,0,425
344797,Playing,233472,661,15,30,0,0,15,3008,0,425,0,425
345048,Playing,169984,481,15,30,0,0,15,3009,122,425,122,425
345251,Playing,188416,534,15,30,0,0,15,3012,27,425,27,425
345504,Playing,162816,461,15,30,0,0,15,3014,0,425,0,425
345756,Playing,100352,284,15,30,0,0,15,3015,119,425,119,425
346009,Playing,111616,316,15,30,0,0,15,3018,124,425,124,425
346261,Playing,113664,322,15,30,0,0,15,3021,29,425,29,425
346515,Playing,115712,327,15,30,0,0,15,3025,112,425,112,425
346767,Playing,107520,304,15,30,0,0,15,3027,0,425,0,425
347019,Playing,91136,258,15,30,0,0,15,3030,37,425,37,425
347272,Playing,19456,55,15,30,0,0,15,3031,168,425,168,425
347525,Playing,12288,34,15,30,0,0,15,3034,70,425,70,425
347779,Buffering,92160,261,16,30,0,0,15,3037,119,425,119,425
348031,Buffering,175104,496,16,30,0,0,15,3040,28,425,28,425
348285,Buffering,248832,705,16,30,0,0,15,3042,0,425,0,425
348538,Buffering,350208,992,16,30,0,0,15,3045,0,425,0,425
348791,Buffering,327680,928,16,31,0,0,15,3046,119,425,119,425
349045,Buffering,329728,934,16,31,0,0,15,3050,81,425,81,425
349298,Buffering,313344,888,16,31,0,0,15,3052,0,425,0,425
349501,Buffering,258048,731,16,31,0,0,15,3053,119,425,120,425
349752,Buffering,269312,763,16,31,0,0,15,3056,121,425,121,425
350007,Buffering,271360,769,16,31,0,0,15,3059,27,425,27,425
350259,Buffering,281600,798,16,31,0,0,15,3062,9,425,9,425
350511,Buffering,265216,751,16,31,0,0,15,3065,0,425,0,425
350765,Buffering,193536,548,16,31,0,0,15,3066,122,425,122,425
351019,Buffering,186368,528,16,31,0,0,15,3069,38,425,38,425
351272,Buffering,197632,560,16,31,0,0,15,3072,119,425,119,425
351524,Buffering,190464,539,16,31,0,0,15,3074,0,425,0,425
351776,Buffering,174080,493,16,31,0,0,15,3076,175,425,175,425
352028,Buffering,185344,525,16,31,0,0,15,3080,0,425,0,425
352281,Buffering,121856,345,16,31,0,0,15,3081,119,425,119,425
352535,Buffering,114688,325,16,31,0,0,15,3083,0,425,0,425
352787,Buffering,125952,357,16,31,0,0,15,3087,26,425,26,425
353040,Buffering,109568,310,16,31,0,0,15,3089,0,425,0,425
353295,Buffering,120832,342,16,31,0,0,15,3092,0,425,0,425
353548,Buffering,113664,322,16,31,0,0,15,3094,175,425,175,425
353800,Buffering,51200,145,16,31,0,0,15,3096,27,425,27,425
354001,Buffering,77824,220,16,31,0,0,15,3099,10,425,10,425
354253,Buffering,73728,208,16,31,0,0,15,3102,0,425,0,425
354507,Playing,34816,98,16,32,0,0,15,3103,119,425,119,425
354759,Playing,27648,78,16,32,0,0,15,3106,94,425,94,425
355011,Buffering,82944,235,17,32,0,0,15,3108,0,425,0,425
355265,Buffering,156672,444,17,32,0,0,15,3112,1,425,1,425
355518,Buffering,202752,574,17,32,0,0,15,3113,284,425,284,425
355770,Buffering,230400,653,17,32,0,0,15,3115,32,425,32,425
356024,Buffering,322560,914,17,32,0,0,15,3118,123,425,123,425
356278,Buffering,372736,1056,17,33,0,0,15,3121,7,425,7,425
356530,Buffering,328704,931,17,33,0,0,15,3122,282,425,282,425
356783,Buffering,266240,754,17,33,0,0,15,3124,33,425,33,425
357037,Buffering,268288,760,17,33,0,0,15,3127,119,425,120,425
357289,Buffering,279552,792,17,33,0,0,15,3130,119,425,119,425
357541,Buffering,281600,798,17,33,0,0,15,3132,91,425,91,425
357795,Buffering,283648,803,17,33,0,0,15,3136,120,425,120,425
358048,Buffering,201728,571,17,33,0,0,15,3136,120,425,120,425
358250,Buffering,229376,650,17,33,0,0,15,3140,111,425,111,425
358502,Buffering,148480,420,17,33,0,0,15,3143,28,425,28,425
358756,Buffering,150528,426,17,33,0,0,15,3146,119,425,120,425
359009,Buffering,143360,406,17,33,0,0,15,3148,0,425,0,425
359262,Buffering,79872,226,17,33,0,0,15,3149,141,425,141,425
359515,Buffering,72704,206,17,33,0,0,15,3152,150,425,150,425
359768,Buffering,65536,185,17,33,0,0,15,3155,42,425,42,425
360020,Buffering,49152,139,17,33,0,0,15,3157,0,425,0,425
360273,Buffering,55296,156,17,33,0,0,15,3160,39,425,39,425
360527,Buffering,82944,235,17,33,0,0,15,3162,129,425,129,425
360780,Playing,72704,206,17,34,0,0,15,3166,31,425,31,425
361032,Playing,56320,159,17,34,0,0,15,3168,0,425,0,425
361286,Playing,75776,214,17,34,0,0,15,3172,25,425,25,425
361540,Playing,0,0,17,34,0,0,15,3173,147,425,147,425
361793,Buffering,55296,156,18,34,0,0,15,3177,96,425,96,425
362046,Buffering,138240,391,18,34,0,0,15,3180,7,425,7,425
362299,Buffering,202752,574,18,34,0,0,15,3182,45,425,45,425
362501,Buffering,202752,574,18,34,0,0,15,3183,137,425,137,425
362756,Buffering,304128,862,18,34,0,0,15,3186,13,425,13,425
363009,Buffering,320512,908,18,35,0,0,15,3190,109,425,109,425
363262,Buffering,230400,653,18,35,0,0,15,3192,1,425,1,425
363516,Buffering,240640,682,18,35,0,0,15,3195,4,425,4,425
363769,Buffering,150528,426,18,35,0,0,15,3196,167,425,167,425
364023,Buffering,198656,563,18,35,0,0,15,3199,181,425,181,425
364277,Buffering,136192,386,18,35,0,0,15,3202,202,425,202,425
364529,Buffering,119808,339,18,35,0,0,15,3205,123,425,123,425
364781,Buffering,103424,293,18,35,0,0,15,3208,2,425,2,425
365033,Buffering,96256,272,18,35,0,0,15,3210,96,425,96,425
365287,Buffering,79872,226,18,35,0,0,15,3213,0,425,0,425
365540,Buffering,16384,46,18,35,0,0,15,3214,120,425,120,425
365792,Buffering,27648,78,18,35,0,0,15,3218,111,425,111,425
366046,Buffering,73728,208,18,35,0,0,15,3221,39,425,39,425
366299,Buffering,156672,444,18,35,0,0,15,3223,0,425,0,425
366502,Buffering,175104,496,18,35,0,0,15,3224,144,425,144,425
366756,Reconnecting,0,0,18,36,0,0,15,3227,96,425,96,425
367008,Reconnecting,0,0,18,36,0,0,15,3227,96,425,96,425
367261,Reconnecting,0,0,18,36,0,0,15,3227,96,425,96,425
367513,Reconnecting,0,0,18,36,0,0,15,3227,96,425,96,425
367766,Reconnecting,0,0,18,36,0,0,15,3227,96,425,96,425
368020,Reconnecting,0,0,18,36,0,0,15,3227,96,425,96,425
368273,Reconnecting,0,0,18,36,0,0,15,3227,96,425,96,425
368526,Reconnecting,0,0,18,36,0,0,15,3227,96,425,96,425
368778,Reconnecting,0,0,18,36,0,0,15,3227,96,425,96,425
369032,Reconnecting,0,0,18,36,0,0,15,3227,96,425,96,425
369285,Reconnecting,0,0,18,36,0,0,15,3227,96,425,96,425
369536,Reconnecting,0,0,18,36,0,0,15,3227,96,425,96,425
369789,Reconnecting,0,0,18,36,0,0,15,3227,96,425,96,425
370042,Reconnecting,0,0,18,36,0,0,15,3227,96,425,96,425
370296,Reconnecting,0,0,18,36,0,0,15,3227,96,425,96,425
370549,Reconnecting,0,0,18,36,0,0,15,3227,96,425,96,425
370750,Reconnecting,0,0,18,36,0,0,15,3227,96,425,96,425
371004,Reconnecting,0,0,18,36,0,0,15,3227,96,425,96,425
371257,Reconnecting,0,0,18,36,0,0,15,3227,96,425,96,425
371509,Reconnecting,0,0,18,36,0,0,15,3227,96,425,96,425
371762,Reconnecting,0,0,18,36,0,0,16,3227,96,425,96,425
372014,Reconnecting,0,0,18,36,0,0,16,3229,0,425,96,425
372268,Reconnecting,562176,1593,18,36,0,0,16,3243,0,425,0,425
372521,Reconnecting,1115136,3160,18,36,0,0,16,3255,34,425,34,425
372775,Playing,1719296,4873,18,36,0,0,16,3272,0,425,0,425
373029,Playing,1979392,5610,18,36,0,0,16,3282,26,425,26,425
373281,Playing,1953792,5537,18,36,0,0,16,3283,267,425,267,425
373536,Playing,1992704,5648,18,36,0,0,16,3287,52,425,52,425
373789,Playing,1976320,5601,18,36,0,0,16,3289,0,425,0,425
374042,Playing,1904640,5398,18,36,0,0,16,3290,126,425,126,425
374296,Playing,1897472,5378,18,36,0,0,16,3293,40,425,40,425
374549,Playing,1916928,5433,18,36,0,0,16,3295,0,425,0,425
374751,Playing,1926144,5459,18,36,0,0,16,3297,0,425,0,425
375005,Playing,1854464,5256,18,36,0,0,16,3298,125,425,125,425
375258,Playing,1847296,5236,18,36,0,0,16,3301,32,425,32,425
375510,Playing,1830912,5189,18,36,0,0,16,3304,48,425,48,425
375764,Playing,1822720,5166,18,36,0,0,16,3306,0,425,0,425
376017,Playing,1806336,5120,18,36,0,0,16,3309,2,425,2,425
376270,Playing,1743872,4942,18,36,0,0,16,3311,81,425,81,425
376523,Playing,1745920,4948,18,36,0,0,16,3315,115,425,115,425
376777,Playing,1747968,4954,18,36,0,0,16,3318,124,425,124,425
377029,Playing,1731584,4908,18,36,0,0,16,3321,9,425,9,425
377281,Playing,1641472,4652,18,36,0,0,16,3322,38,425,38,425
377534,Playing,1651712,4681,18,36,0,0,16,3325,144,425,144,425
377786,Playing,1662976,4713,18,36,0,0,16,3328,125,425,125,425
378041,Playing,1637376,4641,18,36,0,0,16,3330,69,425,69,425
378295,Playing,1648640,4673,18,36,0,0,16,3334,68,425,68,425
378548,Playing,1558528,4417,18,36,0,0,16,3334,68,425,68,425
378750,Playing,1576960,4469,18,36,0,0,16,3337,126,425,126,425
379003,Playing,1577984,4472,18,36,0,0,16,3340,33,425,33,425
379257,Playing,1561600,4426,18,36,0,0,16,3343,50,425,50,425
379510,Playing,1563648,4432,18,36,0,0,16,3346,7,425,8,425
379762,Playing,1473536,4176,18,36,0,0,16,3347,117,425,117,425
380015,Playing,1447936,4104,18,36,0,0,16,3351,32,425,32,425
380265,Playing,1431552,4057,18,36,0,0,16,3354,52,425,52,425
380518,Playing,1433600,4063,18,36,0,0,16,3357,125,425,125,425
380770,Playing,1351680,3831,18,36,0,0,16,3357,125,425,125,425
381022,Playing,1335296,3784,18,36,0,0,16,3361,32,425,32,425
381275,Playing,1318912,3738,18,36,0,0,16,3364,46,425,46,425
381528,Playing,1302528,3691,18,36,0,0,16,3368,125,425,125,425
381780,Playing,1286144,3645,18,36,0,0,16,3371,52,425,52,425
382032,Playing,1278976,3625,18,36,0,0,16,3373,0,425,0,425
382286,Playing,1207296,3422,18,36,0,0,16,3374,125,425,125,425
382539,Playing,1226752,3477,18,36,0,0,16,3377,125,425,125,425
382793,Playing,1238016,3509,18,36,0,0,16,3380,53,425,54,425
383047,Playing,1230848,3488,18,36,0,0,16,3383,68,425,68,425
383299,Playing,1232896,3494,18,36,0,0,16,3386,8,425,8,425
383500,Playing,1159168,3285,18,36,0,0,16,3387,115,425,115,425
383755,Playing,1133568,3213,18,36,0,0,16,3391,36,425,36,425
384007,Playing,1125376,3189,18,36,0,0,16,3394,48,425,48,425
384260,Playing,1108992,3143,18,36,0,0,16,3396,0,425,0,425
384513,Playing,1037312,2940,18,36,0,0,16,3397,124,425,124,425
384767,Playing,1020928,2893,18,36,0,0,16,3401,35,425,35,425
385019,Playing,1004544,2847,18,36,0,0,16,3403,0,425,0,425
385271,Playing,1015808,2879,18,36,0,0,16,3407,115,425,115,425
385523,Playing,934912,2649,18,36,0,0,16,3408,309,425,115,425
385776,Playing,1000448,2835,18,36,0,0,16,3413,1,425,1,425
386029,Playing,910336,2580,18,36,0,0,16,3413,1,425,1,425
386283,Playing,912384,2586,18,36,0,0,16,3416,125,425,125,425
386537,Playing,877568,2487,18,36,0,0,16,3417,307,425,308,425
386791,Playing,898048,2545,18,36,0,0,16,3422,2,425,2,425
387043,Playing,900096,2551,18,36,0,0,16,3425,8,425,8,425
387297,Playing,809984,2295,18,36,0,0,16,3426,115,425,115,425
387549,Playing,784384,2223,18,36,0,0,16,3430,35,425,35,425
387751,Playing,792576,2246,18,36,0,0,16,3432,0,425,0,425
388006,Playing,720896,2043,18,36,0,0,16,3433,125,425,125,425
388259,Playing,713728,2023,18,36,0,0,16,3436,9,425,9,425
388511,Playing,688128,1950,18,36,0,0,16,3440,34,425,34,425
388765,Playing,671744,1904,18,36,0,0,16,3442,0,425,0,425
389018,Playing,683008,1935,18,36,0,0,16,3445,0,425,0,425
389270,Playing,611328,1732,18,36,0,0,16,3446,125,425,125,425
389524,Playing,612352,1735,18,36,0,0,16,3449,53,425,53,425
389777,Playing,623616,1767,18,36,0,0,16,3452,125,425,125,425
390028,Playing,616448,1747,18,36,0,0,16,3454,0,425,0,425
390281,Playing,600064,1700,18,36,0,0,16,3456,171,425,172,425
390534,Playing,537600,1523,18,36,0,0,16,3458,49,425,49,425
390787,Playing,622592,1764,18,36,0,0,16,3464,0,425,0,425
391040,Playing,540672,1532,18,36,0,0,16,3465,119,425,119,425
391293,Playing,505856,1433,18,36,0,0,16,3467,82,425,82,425
391547,Playing,498688,1413,18,36,0,0,16,3472,50,425,50,425
391799,Playing,482304,1367,18,36,0,0,16,3474,0,425,0,425
392001,Playing,427008,1210,18,36,0,0,16,3475,124,425,124,425
392252,Playing,418816,1187,18,36,0,0,16,3479,35,425,35,425
392511,Playing,394240,1117,18,36,0,0,16,3481,2,425,2,425
392765,Playing,405504,1149,18,36,0,0,16,3484,0,425,0,425
393018,Playing,378880,1073,18,36,0,0,16,3487,0,425,1,425
393271,Playing,316416,896,18,36,0,0,16,3489,44,425,44,425
393524,Playing,327680,928,18,36,0,0,16,3492,125,425,125,425
393776,Playing,320512,908,18,36,0,0,16,3494,0,425,0,425
394028,Playing,276480,783,18,36,0,0,16,3496,171,425,171,425
394281,Playing,214016,606,18,36,0,0,16,3498,52,425,52,425
394534,Playing,225280,638,18,36,0,0,16,3502,116,425,116,425
394786,Playing,227328,644,18,36,0,0,16,3504,0,425,0,425
395038,Playing,219136,621,18,36,0,0,16,3507,9,425,9,425
395291,Playing,129024,365,18,36,0,0,16,3508,32,425,32,425
395545,Playing,214016,606,18,36,0,0,16,3513,0,425,0,425
395798,Playing,123904,351,18,36,0,0,16,3514,116,425,116,425
396000,Playing,105472,298,18,36,0,0,16,3516,82,425,82,425
396253,Playing,24576,69,18,36,0,0,16,3518,34,425,34,425
396506,Playing,117760,333,18,36,0,0,16,3523,0,425,0,425
396757,Playing,27648,78,18,36,0,0,16,3524,115,425,115,425
397010,Buffering,73728,208,19,36,0,0,16,3527,41,425,41,425
397263,Buffering,156672,444,19,36,0,0,16,3530,124,425,124,425
397517,Buffering,230400,653,19,36,0,0,16,3533,9,425,9,425
397770,Buffering,276480,783,19,36,0,0,16,3534,276,425,276,425
398023,Buffering,304128,862,19,36,0,0,16,3536,41,425,41,425
398275,Buffering,339968,963,19,37,0,0,16,3539,125,425,125,425
398528,Buffering,359424,1018,19,37,0,0,16,3543,117,425,117,425
398781,Buffering,333824,946,19,37,0,0,16,3546,9,425,9,425
399035,Buffering,243712,690,19,37,0,0,16,3547,33,425,33,425
399287,Buffering,245760,696,19,37,0,0,16,3550,125,425,125,425
399540,Buffering,257024,728,19,37,0,0,16,3553,125,425,125,425
399792,Buffering,240640,682,19,37,0,0,16,3557,31,425,31,425
400046,Buffering,224256,635,19,37,0,0,16,3559,0,425,0,425
400297,Buffering,160768,455,19,37,0,0,16,3560,124,425,125,425
400549,Buffering,172032,487,19,37,0,0,16,3563,125,425,125,425
400751,Buffering,162816,461,19,37,0,0,16,3565,77,425,77,425
401003,Buffering,91136,258,19,37,0,0,16,3566,48,425,48,425
401255,Buffering,185344,525,19,37,0,0,16,3571,0,425,0,425
401508,Buffering,103424,293,19,37,0,0,16,3572,118,425,118,425
401761,Buffering,87040,246,19,37,0,0,16,3575,42,425,42,425
402015,Buffering,79872,226,19,37,0,0,16,3577,0,425,0,425
402267,Buffering,109568,310,19,37,0,0,16,3581,116,425,116,425
402521,Buffering,19456,55,19,37,0,0,16,3581,116,425,116,425
402774,Buffering,0,0,19,37,0,0,16,3585,32,425,32,425
403027,Buffering,73728,208,19,37,0,0,16,3588,49,425,49,425
403281,Playing,100352,284,19,38,0,0,16,3591,124,425,124,425
403534,Playing,83968,238,19,38,0,0,16,3595,32,425,32,425
403787,Playing,75776,214,19,38,0,0,16,3597,0,425,0,425
404040,Playing,4096,11,19,38,0,0,16,3598,124,425,124,425
404294,Buffering,82944,235,20,38,0,0,16,3601,0,425,0,425
404546,Buffering,147456,417,20,38,0,0,16,3605,31,425,31,425
404798,Buffering,221184,626,20,38,0,0,16,3607,0,425,0,425
405000,Buffering,239616,679,20,38,0,0,16,3608,125,425,125,425
405253,Buffering,340992,966,20,38,0,0,16,3611,124,425,124,425
405506,Buffering,366592,1039,20,39,0,0,16,3614,50,425,50,425
405757,Buffering,367616,1041,20,39,0,0,16,3616,0,425,0,425
406009,Buffering,295936,838,20,39,0,0,16,3617,124,425,124,425
406261,Buffering,307200,870,20,39,0,0,16,3620,124,425,124,425
406515,Buffering,327680,928,20,39,0,0,16,3622,125,425,125,425
406768,Buffering,320512,908,20,39,0,0,16,3624,0,425,0,425
407021,Buffering,322560,914,20,39,0,0,16,3628,146,425,146,425
407273,Buffering,240640,682,20,39,0,0,16,3628,146,425,146,425
407525,Buffering,224256,635,20,39,0,0,16,3632,31,425,31,425
407777,Buffering,207872,589,20,39,0,0,16,3634,0,425,0,425
408030,Buffering,209920,595,20,39,0,0,16,3639,115,425,115,425
408282,Buffering,165888,470,20,39,0,0,16,3640,309,425,309,425
408535,Buffering,167936,476,20,39,0,0,16,3645,0,425,0,425
408788,Buffering,151552,429,20,39,0,0,16,3648,0,425,0,425
409041,Buffering,88064,249,20,39,0,0,16,3649,125,425,125,425
409294,Buffering,80896,229,20,39,0,0,16,3652,45,425,45,425
409547,Buffering,73728,208,20,39,0,0,16,3654,0,425,0,425
409750,Buffering,18432,52,20,39,0,0,16,3655,124,425,124,425
410003,Buffering,29696,84,20,39,0,0,16,3658,125,425,125,425
410256,Buffering,50176,142,20,39,0,0,16,3660,124,425,125,425
410508,Buffering,82944,235,20,39,0,0,16,3662,0,425,0,425
410760,Playing,118784,336,20,40,0,0,16,3665,0,425,0,425
411013,Playing,47104,133,20,40,0,0,16,3666,124,425,124,425
411266,Playing,30720,87,20,40,0,0,16,3670,46,425,46,425
411518,Buffering,73728,208,21,40,0,0,16,3672,0,425,0,425
411770,Buffering,175104,496,21,40,0,0,16,3675,0,425,0,425
412023,Buffering,248832,705,21,40,0,0,16,3677,170,425,170,425
412275,Buffering,267264,757,21,40,0,0,16,3680,40,425,40,425
412528,Buffering,343040,972,21,41,0,0,16,3683,125,425,125,425
412781,Buffering,344064,975,21,41,0,0,16,3686,117,425,117,425
413035,Buffering,300032,850,21,41,0,0,16,3687,308,425,308,425
413287,Buffering,338944,960,21,41,0,0,16,3691,0,425,0,425
413540,Buffering,331776,940,21,41,0,0,16,3693,0,425,0,425
413793,Buffering,260096,737,21,41,0,0,16,3694,124,425,124,425
414047,Buffering,225280,638,21,41,0,0,16,3695,307,425,308,425
414300,Buffering,273408,774,21,41,0,0,16,3699,47,425,47,425
414502,Buffering,281600,798,21,41,0,0,16,3701,0,425,0,425
414756,Buffering,209920,595,21,41,0,0,16,3702,124,425,124,425
415008,Buffering,193536,548,21,41,0,0,16,3706,32,425,32,425
415260,Buffering,177152,502,21,41,0,0,16,3708,0,425,0,425
415512,Buffering,188416,534,21,41,0,0,16,3711,0,425,0,425
415765,Buffering,144384,409,21,41,0,0,16,3713,173,425,173,425
416018,Buffering,72704,206,21,41,0,0,16,3716,45,425,45,425
416270,Buffering,82944,235,21,41,0,0,16,3719,127,425,127,425
416524,Buffering,75776,214,21,41,0,0,16,3721,0,425,0,425
416777,Buffering,31744,89,21,41,0,0,16,3723,168,425,168,425
417029,Buffering,0,0,21,41,0,0,16,3725,47,425,47,425
417281,Reconnecting,0,0,21,42,0,0,16,3728,124,425,124,425
417535,Reconnecting,0,0,21,42,0,0,16,3728,124,425,124,425
417788,Reconnecting,0,0,21,42,0,0,16,3728,124,425,124,425
418041,Reconnecting,0,0,21,42,0,0,16,3728,124,425,124,425
418293,Reconnecting,0,0,21,42,0,0,16,3728,124,425,124,425
418546,Reconnecting,0,0,21,42,0,0,16,3728,124,425,124,425
418800,Reconnecting,0,0,21,42,0,0,16,3728,124,425,124,425
419003,Reconnecting,0,0,21,42,0,0,16,3728,124,425,124,425
419256,Reconnecting,0,0,21,42,0,0,16,3728,124,425,124,425
419509,Reconnecting,0,0,21,42,0,0,16,3728,124,425,124,425
419763,Reconnecting,0,0,21,42,0,0,16,3728,124,425,124,425
420016,Reconnecting,0,0,21,42,0,0,16,3728,124,425,124,425
420268,Reconnecting,0,0,21,42,0,0,16,3728,124,425,124,425
420522,Reconnecting,0,0,21,42,0,0,16,3728,124,425,124,425
420776,Reconnecting,0,0,21,42,0,0,16,3728,124,425,124,425
421029,Reconnecting,0,0,21,42,0,0,16,3728,124,425,124,425
421282,Reconnecting,0,0,21,42,0,0,16,3728,124,425,124,425
421535,Reconnecting,0,0,21,42,0,0,16,3728,124,425,124,425
421788,Reconnecting,0,0,21,42,0,0,16,3728,124,425,124,425
422041,Reconnecting,0,0,21,42,0,0,16,3728,124,425,124,425
422295,Reconnecting,0,0,21,42,0,0,17,3728,124,425,124,425
422548,Reconnecting,0,0,21,42,0,0,17,3728,124,425,124,425
422800,Reconnecting,0,0,21,42,0,0,17,3735,7,425,124,425
423004,Reconnecting,0,0,21,42,0,0,17,3735,7,425,124,425
423257,Reconnecting,0,0,21,42,0,0,17,3735,7,425,124,425
423510,Reconnecting,0,0,21,42,0,0,17,3735,7,425,124,425
423764,Reconnecting,0,0,21,42,0,0,17,3735,7,425,124,425
424017,Reconnecting,0,0,21,42,0,0,17,3735,7,425,124,425
424270,Reconnecting,0,0,21,42,0,0,17,3735,7,425,124,425
424524,Reconnecting,0,0,21,42,0,0,17,3735,7,425,124,425
424777,Reconnecting,0,0,21,42,0,0,17,3735,7,425,124,425
425030,Reconnecting,0,0,21,42,0,0,17,3735,7,425,124,425
425282,Reconnecting,0,0,21,42,0,0,17,3735,7,425,124,425
425535,Reconnecting,0,0,21,42,0,0,17,3735,7,425,124,425
425789,Reconnecting,0,0,21,42,0,0,17,3735,7,425,124,425
426042,Reconnecting,0,0,21,42,0,0,17,3735,7,425,124,425
426296,Reconnecting,0,0,21,42,0,0,17,3735,7,425,124,425
426549,Reconnecting,0,0,21,42,0,0,17,3735,7,425,124,425
426751,Reconnecting,0,0,21,42,0,0,17,3735,7,425,124,425
427004,Reconnecting,0,0,21,42,0,0,17,3735,7,425,124,425
427257,Reconnecting,0,0,21,42,0,0,17,3735,7,425,124,425
427509,Reconnecting,0,0,21,42,0,0,17,3735,7,425,124,425
427761,Reconnecting,0,0,21,42,0,0,18,3735,7,425,124,425
428014,Reconnecting,0,0,21,42,0,0,18,3735,7,425,124,425
428267,Reconnecting,0,0,21,42,0,0,18,3741,6,425,124,425
428519,Reconnecting,0,0,21,42,0,0,18,3741,6,425,124,425
428772,Reconnecting,0,0,21,42,0,0,18,3741,6,425,124,425
429024,Reconnecting,0,0,21,42,0,0,18,3741,6,425,124,425
429278,Reconnecting,0,0,21,42,0,0,18,3741,6,425,124,425
429531,Reconnecting,0,0,21,42,0,0,18,3741,6,425,124,425
429783,Reconnecting,0,0,21,42,0,0,18,3741,6,425,124,425
430036,Reconnecting,0,0,21,42,0,0,18,3741,6,425,124,425
430288,Reconnecting,0,0,21,42,0,0,18,3741,6,425,124,425
430541,Reconnecting,0,0,21,42,0,0,18,3741,6,425,124,425
430793,Reconnecting,0,0,21,42,0,0,18,3741,6,425,124,425
431047,Reconnecting,0,0,21,42,0,0,18,3741,6,425,124,425
431298,Reconnecting,0,0,21,42,0,0,18,3741,6,425,124,425
431502,Reconnecting,0,0,21,42,0,0,18,3741,6,425,124,425
431756,Reconnecting,0,0,21,42,0,0,18,3741,6,425,124,425
432009,Reconnecting,0,0,21,42,0,0,18,3741,6,425,124,425
432261,Reconnecting,0,0,21,42,0,0,18,3741,6,425,124,425
432514,Reconnecting,0,0,21,42,0,0,18,3741,6,425,124,425
432767,Reconnecting,0,0,21,42,0,0,18,3741,6,425,124,425
433019,Reconnecting,0,0,21,42,0,0,18,3741,6,425,124,425
433273,Reconnecting,0,0,21,42,0,0,19,3741,6,425,124,425
433527,Reconnecting,0,0,21,42,0,0,19,3743,0,425,124,425
433779,Reconnecting,0,0,21,42,0,0,19,3748,4,425,124,425
434033,Reconnecting,0,0,21,42,0,0,19,3748,4,425,124,425
434286,Reconnecting,0,0,21,42,0,0,19,3748,4,425,124,425
434540,Reconnecting,0,0,21,42,0,0,19,3748,4,425,124,425
434792,Reconnecting,0,0,21,42,0,0,19,3748,4,425,124,425
435044,Reconnecting,0,0,21,42,0,0,19,3748,4,425,124,425
435297,Reconnecting,0,0,21,42,0,0,19,3748,4,425,124,425
435500,Reconnecting,0,0,21,42,0,0,19,3748,4,425,124,425
435752,Reconnecting,0,0,21,42,0,0,19,3748,4,425,124,425
436004,Reconnecting,0,0,21,42,0,0,19,3748,4,425,124,425
436257,Reconnecting,0,0,21,42,0,0,19,3748,4,425,124,425
436510,Reconnecting,0,0,21,42,0,0,19,3748,4,425,124,425
436763,Reconnecting,0,0,21,42,0,0,19,3748,4,425,124,425
437016,Reconnecting,0,0,21,42,0,0,19,3748,4,425,124,425
437268,Reconnecting,0,0,21,42,0,0,19,3748,4,425,124,425
437519,Reconnecting,0,0,21,42,0,0,19,3748,4,425,124,425
437773,Reconnecting,0,0,21,42,0,0,19,3748,4,425,124,425
438025,Reconnecting,0,0,21,42,0,0,19,3748,4,425,124,425
438278,Reconnecting,0,0,21,42,0,0,19,3748,4,425,124,425
438530,Reconnecting,0,0,21,42,0,0,19,3748,4,425,124,425
438783,Reconnecting,0,0,21,42,0,0,20,3748,4,425,124,425
439035,Reconnecting,0,0,21,42,0,0,20,3750,0,425,124,425
439289,Reconnecting,543744,1541,21,42,0,0,20,3763,0,425,0,425
439541,Reconnecting,1327104,3761,21,42,0,0,20,3781,0,425,0,425
439794,Playing,1823744,5169,21,42,0,0,20,3797,0,425,0,425
440048,Playing,1991680,5645,21,42,0,0,20,3804,53,425,53,425
440299,Playing,1920000,5442,21,42,0,0,20,3806,18,425,18,425
440501,Playing,1928192,5465,21,42,0,0,20,3808,0,425,0,425
440754,Playing,1939456,5497,21,42,0,0,20,3811,0,425,0,425
441007,Playing,1932288,5477,21,42,0,0,20,3813,177,425,178,425
441261,Playing,1869824,5299,21,42,0,0,20,3815,34,425,34,425
441515,Playing,1871872,5305,21,42,0,0,20,3818,122,425,123,425
441768,Playing,1864704,5285,21,42,0,0,20,3820,0,425,0,425
442020,Playing,1848320,5239,21,42,0,0,20,3822,176,425,176,425
442274,Playing,1859584,5270,21,42,0,0,20,3827,42,425,42,425
442527,Playing,1777664,5038,21,42,0,0,20,3827,42,425,42,425
442780,Playing,1779712,5044,21,42,0,0,20,3830,121,425,121,425
443033,Playing,1772544,5024,21,42,0,0,20,3832,91,425,91,425
443285,Playing,1756160,4977,21,42,0,0,20,3835,0,425,0,425
443538,Playing,1684480,4774,21,42,0,0,20,3836,121,425,121,425
443789,Playing,1751040,4963,21,42,0,0,20,3840,32,425,33,425
444041,Playing,1687552,4783,21,42,0,0,20,3842,29,425,29,425
444294,Playing,1689600,4789,21,42,0,0,20,3845,121,425,121,425
444548,Playing,1682432,4768,21,42,0,0,20,3847,0,425,0,425
444750,Playing,1691648,4794,21,42,0,0,20,3849,174,425,174,425
445002,Playing,1629184,4617,21,42,0,0,20,3851,31,425,31,425
445256,Playing,1631232,4623,21,42,0,0,20,3855,113,425,113,425
445507,Playing,1623040,4600,21,42,0,0,20,3857,0,425,0,425
445760,Playing,1606656,4554,21,42,0,0,20,3859,173,425,174,425
446012,Playing,1544192,4376,21,42,0,0,20,3861,29,425,29,425
446266,Playing,1546240,4382,21,42,0,0,20,3864,122,425,122,425
446520,Playing,1557504,4414,21,42,0,0,20,3867,121,425,121,425
446773,Playing,1550336,4394,21,42,0,0,20,3869,93,425,93,425
447026,Playing,1460224,4138,21,42,0,0,20,3870,28,425,28,425
447280,Playing,1470464,4167,21,42,0,0,20,3873,121,425,121,425
447532,Playing,1481728,4199,21,42,0,0,20,3876,121,425,121,425
447785,Playing,1483776,4205,21,42,0,0,20,3879,29,425,29,425
448039,Playing,1485824,4211,21,42,0,0,20,3882,124,425,124,425
448293,Playing,1395712,3956,21,42,0,0,20,3882,124,425,124,425
448545,Playing,1462272,4144,21,42,0,0,20,3886,34,425,34,425
448797,Playing,1390592,3941,21,42,0,0,20,3888,29,425,29,425
449050,Playing,1392640,3947,21,42,0,0,20,3892,113,425,113,425
449253,Playing,1327104,3761,21,42,0,0,20,3892,113,425,113,425
449510,Playing,1329152,3767,21,42,0,0,20,3895,132,425,132,425
449764,Playing,1303552,3694,21,42,0,0,20,3898,44,425,44,425
450018,Playing,1305600,3700,21,42,0,0,20,3901,121,425,121,425
450271,Playing,1316864,3732,21,42,0,0,20,3904,121,425,121,425
450524,Playing,1309696,3712,21,42,0,0,20,3906,92,425,93,425
450776,Playing,1219584,3456,21,42,0,0,20,3907,29,425,29,425
451029,Playing,1221632,3462,21,42,0,0,20,3910,122,425,122,425
451282,Playing,1241088,3517,21,42,0,0,20,3913,121,425,121,425
451534,Playing,1243136,3523,21,42,0,0,20,3916,25,425,25,425
451786,Playing,1226752,3477,21,42,0,0,20,3918,0,425,0,425
452039,Playing,1155072,3274,21,42,0,0,20,3919,121,425,121,425
452292,Playing,1166336,3305,21,42,0,0,20,3922,121,425,121,425
452546,Playing,1159168,3285,21,42,0,0,20,3926,80,425,80,425
452798,Playing,1169408,3314,21,42,0,0,20,3929,9,425,9,425
453000,Playing,1095680,3105,21,42,0,0,20,3930,112,425,112,425
453254,Playing,1097728,3111,21,42,0,0,20,3933,147,425,147,425
453506,Playing,1090560,3091,21,42,0,0,20,3936,38,425,38,425
453760,Playing,1101824,3123,21,42,0,0,20,3939,121,425,121,425
454014,Playing,1094656,3102,21,42,0,0,20,3941,0,425,0,425
454266,Playing,1114112,3157,21,42,0,0,20,3944,91,425,92,425
454520,Playing,1024000,2902,21,42,0,0,20,3945,30,425,30,425
454774,Playing,1026048,2908,21,42,0,0,20,3948,121,425,121,425
455027,Playing,1018880,2887,21,42,0,0,20,3950,0,425,0,425
455279,Playing,1020928,2893,21,42,0,0,20,3954,29,425,29,425
455532,Playing,1004544,2847,21,42,0,0,20,3956,0,425,0,425
455785,Playing,932864,2644,21,42,0,0,20,3957,121,425,121,425
456037,Playing,952320,2699,21,42,0,0,20,3960,121,425,121,425
456291,Playing,954368,2705,21,42,0,0,20,3963,32,425,32,425
456545,Playing,956416,2710,21,42,0,0,20,3966,4,425,4,425
456798,Playing,940032,2664,21,42,0,0,20,3969,0,425,0,425
457001,Playing,884736,2507,21,42,0,0,20,3970,121,425,121,425
457255,Playing,877568,2487,21,42,0,0,20,3973,41,425,41,425
457509,Playing,870400,2467,21,42,0,0,20,3975,0,425,0,425
457760,Playing,889856,2522,21,42,0,0,20,3978,0,425,0,425
458015,Playing,818176,2319,21,42,0,0,20,3979,121,425,121,425
458267,Playing,811008,2298,21,42,0,0,20,3982,32,425,32,425
458519,Playing,794624,2252,21,42,0,0,20,3984,0,425,0,425
458771,Playing,805888,2284,21,42,0,0,20,3987,0,425,0,425
459022,Playing,798720,2263,21,42,0,0,20,3989,174,425,174,425
459276,Playing,809984,2295,21,42,0,0,20,3993,0,425,0,425
459531,Playing,738304,2092,21,42,0,0,20,3994,122,425,122,425
459784,Playing,739328,2095,21,42,0,0,20,3996,0,425,0,425
460038,Playing,741376,2101,21,42,0,0,20,4000,29,425,29,425
460290,Playing,743424,2107,21,42,0,0,20,4003,10,425,10,425
460543,Playing,727040,2060,21,42,0,0,20,4006,0,425,0,425
460797,Playing,655360,1857,21,42,0,0,20,4007,121,425,121,425
461000,Playing,664576,1883,21,42,0,0,20,4010,39,425,39,425
461254,Playing,657408,1863,21,42,0,0,20,4012,0,425,0,425
461506,Playing,676864,1918,21,42,0,0,20,4015,0,425,0,425
461758,Playing,605184,1715,21,42,0,0,20,4016,121,425,121,425
462011,Playing,598016,1695,21,42,0,0,20,4019,30,425,30,425
462265,Playing,581632,1648,21,42,0,0,20,4021,0,425,0,425
462519,Playing,592896,1680,21,42,0,0,20,4024,0,425,0,425
462770,Playing,585728,1660,21,42,0,0,20,4026,172,425,172,425
463022,Playing,523264,1483,21,42,0,0,20,4028,30,425,30,425
463275,Playing,533504,1512,21,42,0,0,20,4031,125,425,125,425
463528,Playing,526336,1491,21,42,0,0,20,4034,112,425,112,425
463781,Playing,491520,1393,21,42,0,0,20,4035,313,425,313,425
464035,Playing,429056,1216,21,42,0,0,20,4037,31,425,31,425
464288,Playing,532480,1509,21,42,0,0,20,4042,0,425,0,425
464541,Playing,442368,1253,21,42,0,0,20,4043,114,425,114,425
464796,Playing,407552,1155,21,42,0,0,20,4045,82,425,82,425
465047,Playing,418816,1187,21,42,0,0,20,4048,0,425,0,425
465300,Playing,438272,1242,21,42,0,0,20,4051,0,425,0,425
465502,Playing,382976,1085,21,42,0,0,20,4052,121,425,121,425
465755,Playing,375808,1065,21,42,0,0,20,4055,31,425,31,425
466007,Playing,359424,1018,21,42,0,0,20,4057,0,425,0,425
466260,Playing,370688,1050,21,42,0,0,20,4060,0,425,0,425
466514,Playing,354304,1004,21,42,0,0,20,4063,4,425,4,425
466766,Playing,301056,853,21,42,0,0,20,4065,85,425,85,425
467018,Playing,311296,882,21,42,0,0,20,4068,122,425,122,425
467271,Playing,304128,862,21,42,0,0,20,4070,0,425,0,425
467524,Playing,296960,841,21,42,0,0,20,4072,174,425,175,425
467776,Playing,234496,664,21,42,0,0,20,4074,31,425,31,425
468028,Playing,236544,670,21,42,0,0,20,4077,122,425,122,425
468281,Playing,229376,650,21,42,0,0,20,4079,0,425,0,425
468534,Playing,231424,655,21,42,0,0,20,4082,80,425,80,425
468789,Playing,167936,476,21,42,0,0,20,4083,41,425,41,425
469041,Playing,262144,743,21,42,0,0,20,4088,0,425,0,425
469294,Playing,172032,487,21,42,0,0,20,4089,113,425,113,425
469547,Playing,155648,441,21,42,0,0,20,4092,32,425,32,425
469799,Playing,139264,394,21,42,0,0,20,4094,0,425,0,425
470002,Playing,166912,473,21,42,0,0,20,4097,0,425,0,425
470254,Playing,84992,240,21,42,0,0,20,4098,111,425,111,425
470508,Playing,77824,220,21,42,0,0,20,4101,31,425,31,425
470760,Playing,79872,226,21,42,0,0,20,4104,124,425,124,425
471012,Playing,72704,206,21,42,0,0,20,4106,0,425,0,425
471267,Playing,56320,159,21,42,0,0,20,4109,5,425,5,425
471521,Playing,0,0,21,42,0,0,20,4111,88,425,88,425
471775,Buffering,92160,261,22,42,0,0,20,4114,121,425,121,425
472026,Buffering,193536,548,22,42,0,0,20,4118,113,425,113,425
472278,Buffering,248832,705,22,42,0,0,20,4120,77,425,78,425
472531,Buffering,267264,757,22,42,0,0,20,4121,43,425,43,425
472785,Buffering,335872,952,22,43,0,0,20,4124,121,425,121,425
473037,Buffering,347136,983,22,43,0,0,20,4127,121,425,121,425
473289,Buffering,339968,963,22,43,0,0,20,4130,29,425,29,425
473543,Buffering,323584,917,22,43,0,0,20,4132,0,425,0,425
473796,Buffering,251904,714,22,43,0,0,20,4133,121,425,121,425
474049,Buffering,263168,745,22,43,0,0,20,4136,135,425,135,425
474252,Buffering,289792,821,22,43,0,0,20,4139,84,425,84,425
474514,Buffering,265216,751,22,43,0,0,20,4141,190,425,190,425
474769,Buffering,276480,783,22,43,0,0,20,4145,0,425,0,425
475023,Buffering,194560,551,22,43,0,0,20,4146,112,425,112,425
475276,Buffering,187392,531,22,43,0,0,20,4149,29,425,29,425
475527,Buffering,189440,536,22,43,0,0,20,4152,121,425,121,425
475780,Buffering,182272,516,22,43,0,0,20,4154,0,425,0,425
476034,Buffering,165888,470,22,43,0,0,20,4157,1,425,1,425
476286,Buffering,103424,293,22,43,0,0,20,4159,83,425,83,425
476538,Buffering,105472,298,22,43,0,0,20,4162,121,425,121,425
476792,Buffering,124928,354,22,43,0,0,20,4165,122,425,122,425
477046,Buffering,117760,333,22,43,0,0,20,4167,83,425,84,425
477299,Buffering,27648,78,22,43,0,0,20,4168,37,425,37,425
477501,Buffering,46080,130,22,43,0,0,20,4171,122,425,122,425
477753,Buffering,57344,162,22,43,0,0,20,4174,121,425,121,425
478005,Buffering,50176,142,22,43,0,0,20,4176,88,425,88,425
478258,Buffering,73728,208,22,43,0,0,20,4179,0,425,0,425
478512,Playing,139264,394,22,44,0,0,20,4183,0,425,0,425
478766,Playing,49152,139,22,44,0,0,20,4183,0,425,0,425
479019,Buffering,82944,235,23,44,0,0,20,4185,92,425,92,425
479271,Buffering,156672,444,23,44,0,0,20,4188,0,425,0,425
479524,Buffering,258048,731,23,44,0,0,20,4191,0,425,0,425
479777,Buffering,331776,940,23,44,0,0,20,4194,3,425,3,425
480029,Buffering,285696,809,23,45,0,0,20,4196,86,425,86,425
480282,Buffering,295936,838,23,45,0,0,20,4199,122,425,122,425
480536,Buffering,288768,818,23,45,0,0,20,4201,0,425,0,425
480788,Buffering,272384,772,23,45,0,0,20,4203,173,425,173,425
481040,Buffering,209920,595,23,45,0,0,20,4205,29,425,29,425
481295,Buffering,211968,600,23,45,0,0,20,4208,121,425,121,425
481547,Buffering,223232,632,23,45,0,0,20,4211,122,425,122,425
481799,Buffering,216064,612,23,45,0,0,20,4214,72,425,72,425
482001,Buffering,224256,635,23,45,0,0,20,4217,0,425,0,425
482254,Buffering,134144,380,23,45,0,0,20,4218,109,425,109,425
482507,Buffering,136192,386,23,45,0,0,20,4221,125,425,125,425
482760,Buffering,138240,391,23,45,0,0,20,4223,91,425,91,425
483014,Buffering,121856,345,23,45,0,0,20,4226,0,425,0,425
483266,Buffering,133120,377,23,45,0,0,20,4229,0,425,0,425
483518,Buffering,61440,174,23,45,0,0,20,4230,140,425,140,425
483772,Buffering,71680,203,23,45,0,0,20,4233,32,425,32,425
484026,Buffering,73728,208,23,45,0,0,20,4236,123,425,123,425
484280,Buffering,66560,188,23,45,0,0,20,4238,0,425,0,425
484533,Buffering,0,0,23,45,0,0,20,4239,121,425,121,425
484787,Buffering,82944,235,23,45,0,0,20,4242,42,425,43,425
485040,Playing,118784,336,23,46,0,0,20,4245,125,425,125,425
485292,Playing,130048,368,23,46,0,0,20,4248,121,425,121,425
485545,Playing,122880,348,23,46,0,0,20,4251,88,425,88,425
485797,Playing,32768,92,23,46,0,0,20,4252,78,425,78,425
486050,Playing,43008,121,23,46,0,0,20,4255,121,425,121,425
486253,Playing,70656,200,23,46,0,0,20,4258,121,425,121,425
486506,Playing,72704,206,23,46,0,0,20,4260,93,425,93,425
486759,Playing,56320,159,23,46,0,0,20,4263,0,425,0,425
487011,Playing,0,0,23,46,0,0,20,4264,122,425,122,425
487264,Buffering,101376,287,24,46,0,0,20,4267,118,425,118,425
487516,Buffering,193536,548,24,46,0,0,20,4270,32,425,32,425
487769,Buffering,285696,809,24,46,0,0,20,4274,120,425,120,425
488021,Buffering,285696,809,24,46,0,0,20,4274,120,425,120,425
488276,Buffering,295936,838,24,47,0,0,20,4277,121,425,121,425
488529,Buffering,288768,818,24,47,0,0,20,4280,42,425,42,425
488783,Buffering,300032,850,24,47,0,0,20,4283,121,425,121,425
489035,Buffering,311296,882,24,47,0,0,20,4286,121,425,121,425
489288,Buffering,221184,626,24,47,0,0,20,4286,121,425,121,425
489541,Buffering,214016,606,24,47,0,0,20,4289,30,425,30,425
489794,Buffering,216064,612,24,47,0,0,20,4292,122,425,122,425
490048,Buffering,235520,667,24,47,0,0,20,4295,122,425,122,425
490250,Buffering,244736,693,24,47,0,0,20,4298,88,425,88,425
490502,Buffering,154624,438,24,47,0,0,20,4299,83,425,83,425
490755,Buffering,156672,444,24,47,0,0,20,4302,122,425,122,425
491008,Buffering,149504,423,24,47,0,0,20,4305,15,425,15,425
491259,Buffering,142336,403,24,47,0,0,20,4308,32,425,32,425
491512,Buffering,152576,432,24,47,0,0,20,4311,9,425,9,425
491765,Buffering,62464,177,24,47,0,0,20,4312,112,425,112,425
492017,Buffering,64512,182,24,47,0,0,20,4315,121,425,121,425
492269,Buffering,57344,162,24,47,0,0,20,4318,39,425,39,425
492521,Buffering,68608,194,24,47,0,0,20,4321,121,425,121,425
492773,Buffering,82944,235,24,47,0,0,20,4323,0,425,0,425
493027,Reconnecting,0,0,24,48,0,0,20,4324,121,425,121,425
493280,Reconnecting,0,0,24,48,0,0,20,4324,121,425,121,425
493534,Reconnecting,0,0,24,48,0,0,20,4324,121,425,121,425
493787,Reconnecting,0,0,24,48,0,0,20,4324,121,425,121,425
494040,Reconnecting,0,0,24,48,0,0,20,4324,121,425,121,425
494292,Reconnecting,0,0,24,48,0,0,20,4324,121,425,121,425
494546,Reconnecting,0,0,24,48,0,0,20,4324,121,425,121,425
494798,Reconnecting,0,0,24,48,0,0,20,4324,121,425,121,425
495000,Reconnecting,0,0,24,48,0,0,20,4324,121,425,121,425
495252,Reconnecting,0,0,24,48,0,0,20,4324,121,425,121,425
495506,Reconnecting,0,0,24,48,0,0,20,4324,121,425,121,425
495757,Reconnecting,0,0,24,48,0,0,20,4324,121,425,121,425
496010,Reconnecting,0,0,24,48,0,0,20,4324,121,425,121,425
496264,Reconnecting,0,0,24,48,0,0,20,4324,121,425,121,425
496515,Reconnecting,0,0,24,48,0,0,20,4324,121,425,121,425
496768,Reconnecting,0,0,24,48,0,0,20,4324,121,425,121,425
497022,Reconnecting,0,0,24,48,0,0,20,4324,121,425,121,425
497275,Reconnecting,0,0,24,48,0,0,20,4324,121,425,121,425
497529,Reconnecting,0,0,24,48,0,0,20,4324,121,425,121,425
497784,Reconnecting,0,0,24,48,0,0,20,4324,121,425,121,425
498037,Reconnecting,0,0,24,48,0,0,21,4324,121,425,121,425
498288,Reconnecting,0,0,24,48,0,0,21,4326,0,425,121,425
498539,Reconnecting,543744,1541,24,48,0,0,21,4344,0,425,0,425
498793,Reconnecting,1179648,3343,24,48,0,0,21,4359,6,425,6,425
499046,Playing,1701888,4823,24,48,0,0,21,4373,47,425,47,425
499299,Playing,2091008,5926,24,48,0,0,21,4384,0,425,0,425
499510,Playing,2127872,6031,24,48,0,0,21,4388,32,425,32,425
499765,Playing,2111488,5984,24,48,0,0,21,4391,50,425,50,425
500018,Playing,2021376,5729,24,48,0,0,21,4391,50,425,50,425
500271,Playing,2023424,5735,24,48,0,0,21,4394,127,425,127,425
500523,Playing,2016256,5715,24,48,0,0,21,4397,54,425,55,425
500775,Playing,2009088,5694,24,48,0,0,21,4400,56,425,56,425
501027,Playing,2000896,5671,24,48,0,0,21,4402,0,425,0,425
501280,Playing,1993728,5651,24,48,0,0,21,4405,6,425,6,425
501532,Playing,1903616,5395,24,48,0,0,21,4406,36,425,36,425
501784,Playing,1905664,5401,24,48,0,0,21,4409,127,425,127,425
502037,Playing,1916928,5433,24,48,0,0,21,4412,127,425,127,425
502290,Playing,1909760,5413,24,48,0,0,21,4415,71,425,72,425
502543,Playing,1893376,5366,24,48,0,0,21,4418,0,425,0,425
502795,Playing,1829888,5186,24,48,0,0,21,4419,126,425,126,425
503048,Playing,1841152,5218,24,48,0,0,21,4423,120,425,120,425
503250,Playing,1831936,5192,24,48,0,0,21,4427,50,425,50,425
503502,Playing,1815552,5146,24,48,0,0,21,4429,0,425,0,425
503755,Playing,1743872,4942,24,48,0,0,21,4430,126,425,126,425
504007,Playing,1763328,4998,24,48,0,0,21,4433,126,425,126,425
504260,Playing,1756160,4977,24,48,0,0,21,4436,47,425,47,425
504514,Playing,1748992,4957,24,48,0,0,21,4438,0,425,0,425
504768,Playing,1760256,4989,24,48,0,0,21,4441,0,425,0,425
505020,Playing,1688576,4786,24,48,0,0,21,4442,127,425,127,425
505274,Playing,1681408,4765,24,48,0,0,21,4445,37,425,37,425
505526,Playing,1665024,4719,24,48,0,0,21,4448,53,425,53,425
505780,Playing,1648640,4673,24,48,0,0,21,4450,0,425,0,425
506033,Playing,1640448,4649,24,48,0,0,21,4453,22,425,22,425
506286,Playing,1660928,4707,24,48,0,0,21,4456,0,425,0,425
506539,Playing,1570816,4452,24,48,0,0,21,4457,129,425,129,425
506795,Playing,1554432,4405,24,48,0,0,21,4459,0,425,0,425
507048,Playing,1584128,4490,24,48,0,0,21,4462,126,425,126,425
507250,Playing,1593344,4516,24,48,0,0,21,4464,0,425,0,425
507504,Playing,1521664,4313,24,48,0,0,21,4465,127,425,127,425
507757,Playing,1514496,4292,24,48,0,0,21,4468,3,425,3,425
508010,Playing,1506304,4269,24,48,0,0,21,4471,41,425,41,425
508264,Playing,1499136,4249,24,48,0,0,21,4473,0,425,0,425
508517,Playing,1510400,4281,24,48,0,0,21,4476,0,425,0,425
508770,Playing,1438720,4078,24,48,0,0,21,4477,126,425,126,425
509024,Playing,1449984,4109,24,48,0,0,21,4480,49,425,49,425
509276,Playing,1442816,4089,24,48,0,0,21,4482,0,425,0,425
509529,Playing,1454080,4121,24,48,0,0,21,4486,6,425,6,425
509783,Playing,1410048,3996,24,48,0,0,21,4487,282,425,282,425
510036,Playing,1355776,3842,24,48,0,0,21,4489,37,425,37,425
510288,Playing,1357824,3848,24,48,0,0,21,4492,130,425,130,425
510540,Playing,1350656,3828,24,48,0,0,21,4494,0,425,0,425
510795,Playing,1334272,3781,24,48,0,0,21,4497,11,425,11,425
511047,Playing,1373184,3892,24,48,0,0,21,4500,0,425,0,425
511250,Playing,1299456,3683,24,48,0,0,21,4501,111,425,111,425
511505,Playing,1291264,3660,24,48,0,0,21,4503,0,425,0,425
511758,Playing,1274880,3613,24,48,0,0,21,4505,170,425,170,425
512010,Playing,1295360,3671,24,48,0,0,21,4510,8,425,8,425
512264,Playing,1205248,3416,24,48,0,0,21,4510,8,425,8,425
512516,Playing,1207296,3422,24,48,0,0,21,4513,128,425,128,425
512769,Playing,1181696,3349,24,48,0,0,21,4515,66,425,67,425
513022,Playing,1192960,3381,24,48,0,0,21,4519,64,425,64,425
513275,Playing,1176576,3334,24,48,0,0,21,4521,0,425,0,425
513527,Playing,1113088,3155,24,48,0,0,21,4522,127,425,127,425
513780,Playing,1096704,3108,24,48,0,0,21,4524,127,425,127,425
514034,Playing,1117184,3166,24,48,0,0,21,4528,12,425,12,425
514286,Playing,1110016,3146,24,48,0,0,21,4530,0,425,0,425
514539,Playing,1093632,3099,24,48,0,0,21,4533,10,425,10,425
514793,Playing,1049600,2975,24,48,0,0,21,4534,172,425,172,425
515046,Playing,1060864,3006,24,48,0,0,21,4537,127,425,127,425
515299,Playing,1072128,3038,24,48,0,0,21,4540,144,425,144,425
515501,Playing,1061888,3009,24,48,0,0,21,4541,183,425,184,425
515754,Playing,999424,2832,24,48,0,0,21,4543,85,425,85,425
516007,Playing,1010688,2864,24,48,0,0,21,4546,126,425,126,425
516261,Playing,1021952,2896,24,48,0,0,21,4549,127,425,127,425
516515,Playing,996352,2824,24,48,0,0,21,4551,77,425,77,425
516767,Playing,1007616,2856,24,48,0,0,21,4555,10,425,10,425
517021,Playing,925696,2623,24,48,0,0,21,4555,10,425,10,425
517275,Playing,927744,2629,24,48,0,0,21,4558,127,425,127,425
517528,Playing,920576,2609,24,48,0,0,21,4561,83,425,83,425
517781,Playing,904192,2562,24,48,0,0,21,4565,108,425,108,425
518035,Playing,814080,2307,24,48,0,0,21,4565,108,425,108,425
518288,Playing,816128,2313,24,48,0,0,21,4568,126,425,126,425
518541,Playing,836608,2371,24,48,0,0,21,4570,126,425,126,425
518793,Playing,829440,2351,24,48,0,0,21,4573,60,425,60,425
519047,Playing,839680,2380,24,48,0,0,21,4576,126,425,126,425
519250,Playing,821248,2327,24,48,0,0,21,4577,179,425,179,425
519505,Playing,758784,2150,24,48,0,0,21,4579,54,425,54,425
519757,Playing,770048,2182,24,48,0,0,21,4582,128,425,128,425
520010,Playing,781312,2214,24,48,0,0,21,4585,128,425,128,425
520263,Playing,755712,2142,24,48,0,0,21,4587,74,425,74,425
520516,Playing,684032,1938,24,48,0,0,21,4588,52,425,52,425
520769,Playing,703488,1994,24,48,0,0,21,4591,127,425,127,425
521023,Playing,714752,2025,24,48,0,0,21,4593,0,425,0,425
521275,Playing,707584,2005,24,48,0,0,21,4596,35,425,35,425
521528,Playing,691200,1959,24,48,0,0,21,4598,0,425,0,425
521781,Playing,619520,1756,24,48,0,0,21,4599,128,425,128,425
522033,Playing,612352,1735,24,48,0,0,21,4602,1,425,1,425
522286,Playing,623616,1767,24,48,0,0,21,4604,126,425,126,425
522540,Playing,616448,1747,24,48,0,0,21,4607,62,425,62,425
522793,Playing,608256,1724,24,48,0,0,21,4609,0,425,0,425
523046,Playing,601088,1703,24,48,0,0,21,4613,32,425,32,425
523299,Playing,584704,1657,24,48,0,0,21,4615,0,425,0,425
523501,Playing,529408,1500,24,48,0,0,21,4616,126,425,126,425
523754,Playing,522240,1480,24,48,0,0,21,4618,0,425,0,425
524007,Playing,515072,1459,24,48,0,0,21,4621,6,425,6,425
524260,Playing,433152,1227,24,48,0,0,21,4622,34,425,34,425
524514,Playing,435200,1233,24,48,0,0,21,4625,127,425,127,425
524767,Playing,428032,1213,24,48,0,0,21,4628,6,425,6,425
525020,Playing,411648,1166,24,48,0,0,21,4631,36,425,36,425
525274,Playing,395264,1120,24,48,0,0,21,4633,0,425,0,425
525526,Playing,323584,917,24,48,0,0,21,4634,127,425,127,425
525780,Playing,334848,949,24,48,0,0,21,4637,127,425,127,425
526034,Playing,355328,1007,24,48,0,0,21,4640,170,425,170,425
526287,Playing,348160,986,24,48,0,0,21,4642,0,425,0,425
526541,Playing,359424,1018,24,48,0,0,21,4646,6,425,6,425
526795,Playing,269312,763,24,48,0,0,21,4646,6,425,6,425
527046,Playing,261120,740,24,48,0,0,21,4649,44,425,44,425
527299,Playing,253952,719,24,48,0,0,21,4651,0,425,0,425
527501,Playing,281600,798,24,48,0,0,21,4655,3,425,3,425
527753,Playing,191488,542,24,48,0,0,21,4655,3,425,3,425
528006,Playing,175104,496,24,48,0,0,21,4658,45,425,45,425
528259,Playing,167936,476,24,48,0,0,21,4661,6,425,6,425
528512,Playing,159744,452,24,48,0,0,21,4663,0,425,0,425
528764,Playing,143360,406,24,48,0,0,21,4666,43,425,43,425
529016,Playing,154624,438,24,48,0,0,21,4669,0,425,0,425
529270,Playing,64512,182,24,48,0,0,21,4670,87,425,87,425
529522,Playing,66560,188,24,48,0,0,21,4673,127,425,127,425
529776,Playing,68608,194,24,48,0,0,21,4676,38,425,38,425
530029,Playing,70656,200,24,48,0,0,21,4679,10,425,11,425
530282,Buffering,73728,208,25,48,0,0,21,4682,0,425,0,425
530536,Buffering,92160,261,25,48,0,0,21,4683,126,425,126,425
530788,Buffering,165888,470,25,48,0,0,21,4687,40,425,40,425
531040,Buffering,239616,679,25,48,0,0,21,4689,0,425,0,425
531293,Buffering,340992,966,25,48,0,0,21,4692,0,425,0,425
531546,Buffering,340992,966,25,49,0,0,21,4694,172,425,172,425
531798,Buffering,278528,789,25,49,0,0,21,4696,54,425,54,425
532000,Buffering,295936,838,25,49,0,0,21,4698,0,425,0,425
532253,Buffering,307200,870,25,49,0,0,21,4702,2,425,2,425
532507,Buffering,263168,745,25,49,0,0,21,4703,284,425,284,425
532760,Buffering,200704,568,25,49,0,0,21,4705,38,425,38,425
533013,Buffering,202752,574,25,49,0,0,21,4708,126,425,126,425
533266,Buffering,195584,554,25,49,0,0,21,4710,0,425,0,425
533519,Buffering,179200,507,25,49,0,0,21,4713,5,425,5,425
533773,Buffering,218112,618,25,49,0,0,21,4717,0,425,0,425
534025,Buffering,136192,386,25,49,0,0,21,4718,102,425,102,425
534277,Buffering,138240,391,25,49,0,0,21,4721,127,425,127,425
534529,Buffering,112640,319,25,49,0,0,21,4724,34,425,34,425
534783,Buffering,96256,272,25,49,0,0,21,4726,0,425,0,425
535036,Buffering,107520,304,25,49,0,0,21,4729,0,425,0,425
535289,Buffering,91136,258,25,49,0,0,21,4731,182,425,182,425
535543,Buffering,28672,81,25,49,0,0,21,4733,56,425,56,425
535796,Buffering,39936,113,25,49,0,0,21,4736,126,425,126,425
536048,Buffering,82944,235,25,49,0,0,21,4738,0,425,0,425
536250,Playing,91136,258,25,50,0,0,21,4740,181,425,181,425
536504,Playing,28672,81,25,50,0,0,21,4742,48,425,48,425
536756,Buffering,92160,261,26,50,0,0,21,4745,127,425,127,425
537009,Buffering,175104,496,26,50,0,0,21,4748,2,425,2,425
537262,Buffering,221184,626,26,50,0,0,21,4749,284,425,284,425
537515,Buffering,248832,705,26,50,0,0,21,4751,35,425,35,425
537767,Buffering,340992,966,26,50,0,0,21,4755,118,425,118,425
538020,Buffering,365568,1036,26,51,0,0,21,4758,3,425,3,425
538274,Buffering,339968,963,26,51,0,0,21,4761,9,425,9,425
538526,Buffering,249856,708,26,51,0,0,21,4762,34,425,34,425
538779,Buffering,251904,714,26,51,0,0,21,4765,126,425,126,425
539032,Buffering,263168,745,26,51,0,0,21,4768,126,425,126,425
539286,Buffering,256000,725,26,51,0,0,21,4771,53,425,53,425
539538,Buffering,248832,705,26,51,0,0,21,4774,57,425,57,425
539790,Buffering,158720,449,26,51,0,0,21,4774,57,425,57,425
540042,Buffering,168960,478,26,51,0,0,21,4777,126,425,126,425
540295,Buffering,143360,406,26,51,0,0,21,4780,35,425,35,425
540547,Buffering,145408,412,26,51,0,0,21,4783,127,425,127,425
540750,Buffering,154624,438,26,51,0,0,21,4786,9,425,9,425
541003,Buffering,110592,313,26,51,0,0,21,4787,276,425,276,425
541256,Buffering,48128,136,26,51,0,0,21,4789,35,425,35,425
541510,Buffering,58368,165,26,51,0,0,21,4793,118,425,118,425
541763,Buffering,41984,119,26,51,0,0,21,4796,3,425,3,425
542015,Buffering,64512,182,26,51,0,0,21,4799,9,425,9,425
542269,Buffering,64512,182,26,51,0,0,21,4800,34,425,34,425
542522,Playing,74752,211,26,52,0,0,21,4803,127,425,127,425
542777,Playing,67584,191,26,52,0,0,21,4806,126,425,126,425
543030,Playing,51200,145,26,52,0,0,21,4809,54,425,54,425
543283,Buffering,82944,235,27,52,0,0,21,4811,0,425,0,425
543536,Buffering,101376,287,27,52,0,0,21,4812,126,425,126,425
543789,Buffering,202752,574,27,52,0,0,21,4815,129,425,129,425
544043,Buffering,267264,757,27,52,0,0,21,4818,66,425,66,425
544296,Buffering,294912,835,27,53,0,0,21,4822,93,425,93,425
544549,Buffering,287744,815,27,53,0,0,21,4824,0,425,0,425
544751,Buffering,232448,658,27,53,0,0,21,4825,127,425,127,425
545004,Buffering,225280,638,27,53,0,0,21,4829,86,425,86,425
545257,Buffering,227328,644,27,53,0,0,21,4832,104,425,104,425
545508,Buffering,219136,621,27,53,0,0,21,4834,0,425,0,425
545760,Buffering,211968,600,27,53,0,0,21,4837,9,425,9,425
546013,Buffering,121856,345,27,53,0,0,21,4838,39,425,39,425
546265,Buffering,123904,351,27,53,0,0,21,4841,134,425,135,425
546517,Buffering,116736,330,27,53,0,0,21,4844,11,425,11,425
546768,Buffering,100352,284,27,53,0,0,21,4847,45,425,45,425
547022,Buffering,93184,264,27,53,0,0,21,4849,0,425,0,425
547276,Buffering,29696,84,27,53,0,0,21,4850,128,425,128,425
547529,Buffering,40960,116,27,53,0,0,21,4853,127,425,127,425
547782,Buffering,33792,95,27,53,0,0,21,4856,53,425,53,425
548035,Buffering,82944,235,27,53,0,0,21,4858,0,425,0,425
548288,Reconnecting,0,0,27,54,0,0,21,4860,165,425,165,425
548540,Reconnecting,0,0,27,54,0,0,21,4860,165,425,165,425
548794,Reconnecting,0,0,27,54,0,0,21,4860,165,425,165,425
549047,Reconnecting,0,0,27,54,0,0,21,4860,165,425,165,425
549250,Reconnecting,0,0,27,54,0,0,21,4860,165,425,165,425
549504,Reconnecting,0,0,27,54,0,0,21,4860,165,425,165,425
549757,Reconnecting,0,0,27,54,0,0,21,4860,165,425,165,425
550010,Reconnecting,0,0,27,54,0,0,21,4860,165,425,165,425
550279,Reconnecting,0,0,27,54,0,0,21,4860,165,425,165,425
550531,Reconnecting,0,0,27,54,0,0,21,4860,165,425,165,425
550785,Reconnecting,0,0,27,54,0,0,21,4860,165,425,165,425
551037,Reconnecting,0,0,27,54,0,0,21,4860,165,425,165,425
551291,Reconnecting,0,0,27,54,0,0,21,4860,165,425,165,425
551544,Reconnecting,0,0,27,54,0,0,21,4860,165,425,165,425
551797,Reconnecting,0,0,27,54,0,0,21,4860,165,425,165,425
552049,Reconnecting,0,0,27,54,0,0,21,4860,165,425,165,425
552252,Reconnecting,0,0,27,54,0,0,21,4860,165,425,165,425
552506,Reconnecting,0,0,27,54,0,0,21,4860,165,425,165,425
552759,Reconnecting,0,0,27,54,0,0,21,4860,165,425,165,425
553013,Reconnecting,0,0,27,54,0,0,21,4860,165,425,165,425
553266,Reconnecting,0,0,27,54,0,0,21,4860,165,425,165,425
553519,Reconnecting,0,0,27,54,0,0,22,4860,165,425,165,425
553772,Reconnecting,101376,287,27,54,0,0,22,4868,0,425,0,425
554025,Reconnecting,875520,2481,27,54,0,0,22,4880,0,425,0,425
554278,Playing,1446912,4101,27,54,0,0,22,4895,0,425,0,425
554529,Playing,1992704,5648,27,54,0,0,22,4910,0,425,0,425
554784,Playing,1921024,5445,27,54,0,0,22,4911,31,425,31,425
555037,Playing,1931264,5474,27,54,0,0,22,4914,42,425,42,425
555290,Playing,1914880,5427,27,54,0,0,22,4916,0,425,0,425
555543,Playing,1926144,5459,27,54,0,0,22,4920,1,425,1,425
555796,Playing,1891328,5360,27,54,0,0,22,4921,285,425,285,425
556049,Playing,1828864,5183,27,54,0,0,22,4923,37,425,37,425
556250,Playing,1828864,5183,27,54,0,0,22,4925,0,425,0,425
556503,Playing,1848320,5239,27,54,0,0,22,4928,0,425,0,425
556755,Playing,1804288,5114,27,54,0,0,22,4930,162,425,162,425
557007,Playing,1760256,4989,27,54,0,0,22,4932,173,425,173,425
557260,Playing,1771520,5021,27,54,0,0,22,4935,126,425,126,425
557513,Playing,1764352,5000,27,54,0,0,22,4938,3,425,3,425
557766,Playing,1720320,4876,27,54,0,0,22,4939,282,425,282,425
558025,Playing,1657856,4699,27,54,0,0,22,4941,33,425,33,425
558278,Playing,1659904,4704,27,54,0,0,22,4944,128,425,128,425
558531,Playing,1652736,4684,27,54,0,0,22,4947,2,425,2,425
558785,Playing,1653760,4687,27,54,0,0,22,4949,90,425,90,425
559036,Playing,1637376,4641,27,54,0,0,22,4952,0,425,0,425
559289,Playing,1565696,4437,27,54,0,0,22,4953,129,425,129,425
559543,Playing,1632256,4626,27,54,0,0,22,4957,28,425,28,425
559796,Playing,1560576,4423,27,54,0,0,22,4959,35,425,35,425
560048,Playing,1562624,4429,27,54,0,0,22,4962,127,425,127,425
560250,Playing,1497088,4243,27,54,0,0,22,4962,127,425,127,425
560503,Playing,1563648,4432,27,54,0,0,22,4966,26,425,26,425
560756,Playing,1510400,4281,27,54,0,0,22,4968,44,425,44,425
561008,Playing,1512448,4286,27,54,0,0,22,4971,126,425,126,425
561260,Playing,1505280,4266,27,54,0,0,22,4974,2,425,2,425
561515,Playing,1461248,4141,27,54,0,0,22,4975,283,425,283,425
561766,Playing,1398784,3964,27,54,0,0,22,4977,33,425,33,425
562019,Playing,1409024,3993,27,54,0,0,22,4980,126,425,126,425
562273,Playing,1401856,3973,27,54,0,0,22,4983,0,425,0,425
562527,Playing,1394688,3953,27,54,0,0,22,4985,91,425,91,425
562780,Playing,1304576,3697,27,54,0,0,22,4986,36,425,36,425
563034,Playing,1306624,3703,27,54,0,0,22,4989,126,425,126,425
563286,Playing,1299456,3683,27,54,0,0,22,4992,5,425,5,425
563538,Playing,1292288,3662,27,54,0,0,22,4995,34,425,34,425
563791,Playing,1284096,3639,27,54,0,0,22,4997,0,425,0,425
564044,Playing,1212416,3436,27,54,0,0,22,4998,126,425,126,425
564297,Playing,1205248,3416,27,54,0,0,22,5001,3,425,3,425
564550,Playing,1207296,3422,27,54,0,0,22,5003,126,425,126,425
564753,Playing,1234944,3500,27,54,0,0,22,5006,14,425,14,425
565005,Playing,1144832,3244,27,54,0,0,22,5006,14,425,14,425
565258,Playing,1155072,3274,27,54,0,0,22,5009,126,425,126,425
565510,Playing,1147904,3253,27,54,0,0,22,5013,91,425,91,425
565764,Playing,1131520,3207,27,54,0,0,22,5016,106,425,106,425
566016,Playing,1133568,3213,27,54,0,0,22,5019,127,425,127,425
566268,Playing,1043456,2957,27,54,0,0,22,5019,127,425,127,425
566521,Playing,1045504,2963,27,54,0,0,22,5022,35,425,35,425
566774,Playing,1029120,2917,27,54,0,0,22,5025,5,425,5,425
567026,Playing,1039360,2946,27,54,0,0,22,5028,129,425,129,425
567278,Playing,1013760,2873,27,54,0,0,22,5029,304,425,304,425
567531,Playing,1025024,2905,27,54,0,0,22,5034,4,425,4,425
567785,Playing,934912,2649,27,54,0,0,22,5034,4,425,4,425
568037,Playing,936960,2655,27,54,0,0,22,5037,127,425,127,425
568288,Playing,929792,2635,27,54,0,0,22,5041,83,425,83,425
568540,Playing,940032,2664,27,54,0,0,22,5044,9,425,9,425
568794,Playing,923648,2618,27,54,0,0,22,5047,0,425,0,425
569045,Playing,851968,2414,27,54,0,0,22,5048,126,425,126,425
569297,Playing,844800,2394,27,54,0,0,22,5051,45,425,45,425
569500,Playing,844800,2394,27,54,0,0,22,5053,0,425,0,425
569753,Playing,856064,2426,27,54,0,0,22,5057,7,425,7,425
570005,Playing,774144,2194,27,54,0,0,22,5057,7,425,7,425
570257,Playing,766976,2173,27,54,0,0,22,5060,38,425,38,425
570511,Playing,750592,2127,27,54,0,0,22,5063,7,425,7,425
570764,Playing,734208,2081,27,54,0,0,22,5065,0,425,0,425
571018,Playing,717824,2034,27,54,0,0,22,5068,8,425,8,425
571270,Playing,729088,2066,27,54,0,0,22,5072,0,425,0,425
571523,Playing,638976,1811,27,54,0,0,22,5073,106,425,106,425
571776,Playing,649216,1840,27,54,0,0,22,5076,126,425,126,425
572029,Playing,623616,1767,27,54,0,0,22,5077,306,425,306,425
572283,Playing,653312,1851,27,54,0,0,22,5082,3,425,3,425
572536,Playing,636928,1805,27,54,0,0,22,5084,0,425,0,425
572789,Playing,565248,1602,27,54,0,0,22,5085,129,425,129,425
573041,Playing,558080,1581,27,54,0,0,22,5087,91,425,91,425
573294,Playing,541696,1535,27,54,0,0,22,5091,4,425,4,425
573547,Playing,533504,1512,27,54,0,0,22,5093,0,425,0,425
573800,Playing,517120,1465,27,54,0,0,22,5096,0,425,0,425
574003,Playing,471040,1335,27,54,0,0,22,5098,84,425,84,425
574255,Playing,454656,1288,27,54,0,0,22,5100,0,425,0,425
574508,Playing,465920,1320,27,54,0,0,22,5103,0,425,0,425
574762,Playing,449536,1274,27,54,0,0,22,5106,3,425,3,425
575015,Playing,468992,1329,27,54,0,0,22,5110,0,425,0,425
575268,Playing,378880,1073,27,54,0,0,22,5111,101,425,101,425
575520,Playing,362496,1027,27,54,0,0,22,5113,0,425,0,425
575774,Playing,346112,981,27,54,0,0,22,5116,3,425,3,425
576026,Playing,375808,1065,27,54,0,0,22,5120,0,425,0,425
576278,Playing,293888,833,27,54,0,0,22,5121,96,425,96,425
576530,Playing,295936,838,27,54,0,0,22,5124,127,425,127,425
576781,Playing,288768,818,27,54,0,0,22,5126,90,425,90,425
577034,Playing,272384,772,27,54,0,0,22,5130,62,425,62,425
577287,Playing,256000,725,27,54,0,0,22,5132,0,425,0,425
577540,Playing,184320,522,27,54,0,0,22,5133,126,425,126,425
577793,Playing,186368,528,27,54,0,0,22,5136,35,425,35,425
578045,Playing,178176,505,27,54,0,0,22,5139,5,425,5,425
578298,Playing,152576,432,27,54,0,0,22,5141,0,425,0,425
578550,Playing,90112,255,27,54,0,0,22,5142,126,425,126,425
578751,Playing,90112,255,27,54,0,0,22,5146,32,425,32,425
579004,Playing,73728,208,27,54,0,0,22,5149,3,425,3,425
579257,Playing,57344,162,27,54,0,0,22,5151,0,425,0,425
579508,Playing,49152,139,27,54,0,0,22,5154,9,425,9,425
579761,Playing,0,0,27,54,0,0,22,5156,89,425,89,425
580014,Buffering,92160,261,28,54,0,0,22,5159,126,425,126,425
580266,Buffering,165888,470,28,54,0,0,22,5163,127,425,127,425
580520,Buffering,221184,626,28,54,0,0,22,5165,6,425,6,425
580773,Buffering,340992,966,28,54,0,0,22,5169,110,425,110,425
581026,Buffering,340992,966,28,54,0,0,22,5169,110,425,110,425
581278,Buffering,359424,1018,28,55,0,0,22,5173,122,425,122,425
581531,Buffering,360448,1021,28,55,0,0,22,5176,75,425,75,425
581784,Buffering,344064,975,28,55,0,0,22,5180,108,425,108,425
582037,Buffering,253952,719,28,55,0,0,22,5180,108,425,108,425
582290,Buffering,256000,725,28,55,0,0,22,5183,129,425,129,425
582543,Buffering,248832,705,28,55,0,0,22,5187,92,425,92,425
582797,Buffering,232448,658,28,55,0,0,22,5190,103,425,103,425
583050,Buffering,234496,664,28,55,0,0,22,5193,126,425,126,425
583251,Buffering,168960,478,28,55,0,0,22,5193,126,425,126,425
583504,Buffering,161792,458,28,55,0,0,22,5197,75,425,75,425
583757,Buffering,145408,412,28,55,0,0,22,5200,90,425,90,425
584009,Buffering,147456,417,28,55,0,0,22,5203,126,425,126,425
584261,Buffering,112640,319,28,55,0,0,22,5205,7,425,7,425
584516,Buffering,142336,403,28,55,0,0,22,5208,0,425,0,425
584768,Buffering,78848,223,28,55,0,0,22,5209,128,425,128,425
585020,Buffering,90112,255,28,55,0,0,22,5212,4,425,4,425
585272,Buffering,82944,235,28,55,0,0,22,5215,88,425,88,425
585526,Buffering,66560,188,28,55,0,0,22,5218,0,425,0,425
585779,Buffering,0,0,28,55,0,0,22,5219,126,425,127,425
586033,Buffering,82944,235,28,55,0,0,22,5222,3,425,3,425
586286,Playing,92160,261,28,56,0,0,22,5225,35,425,35,425
586539,Playing,75776,214,28,56,0,0,22,5227,0,425,0,425
586793,Playing,87040,246,28,56,0,0,22,5230,0,425,0,425
587045,Playing,78848,223,28,56,0,0,22,5232,150,425,150,425
587297,Playing,16384,46,28,56,0,0,22,5235,100,425,100,425
587500,Buffering,73728,208,29,56,0,0,22,5237,0,425,0,425
587754,Buffering,175104,496,29,56,0,0,22,5241,118,425,118,425
588006,Buffering,175104,496,29,56,0,0,22,5241,118,425,118,425
588259,Buffering,267264,757,29,56,0,0,22,5243,127,425,127,425
588514,Buffering,368640,1044,29,57,0,0,22,5246,127,425,127,425
588765,Buffering,379904,1076,29,57,0,0,22,5249,119,425,119,425
589018,Buffering,344064,975,29,57,0,0,22,5250,303,425,303,425
589273,Buffering,364544,1033,29,57,0,0,22,5254,0,425,0,425
589525,Buffering,375808,1065,29,57,0,0,22,5257,0,425,0,425
589777,Buffering,304128,862,29,57,0,0,22,5258,129,425,129,425
590031,Buffering,296960,841,29,57,0,0,22,5262,89,425,89,425
590284,Buffering,252928,716,29,57,0,0,22,5265,0,425,0,425
590536,Buffering,264192,748,29,57,0,0,22,5268,0,425,0,425
590790,Buffering,247808,702,29,57,0,0,22,5270,161,425,161,425
591043,Buffering,185344,525,29,57,0,0,22,5273,102,425,102,425
591295,Buffering,195584,554,29,57,0,0,22,5276,126,425,126,425
591548,Buffering,188416,534,29,57,0,0,22,5278,0,425,0,425
591750,Buffering,133120,377,29,57,0,0,22,5279,126,425,126,425
592004,Buffering,144384,409,29,57,0,0,22,5281,126,425,127,425
592257,Buffering,155648,441,29,57,0,0,22,5284,127,425,127,425
592509,Buffering,120832,342,29,57,0,0,22,5287,4,425,4,425
592763,Buffering,113664,322,29,57,0,0,22,5290,7,425,7,425
593015,Buffering,77824,220,29,57,0,0,22,5291,171,425,171,425
593266,Buffering,89088,252,29,57,0,0,22,5294,128,425,128,425
593519,Buffering,100352,284,29,57,0,0,22,5297,127,425,127,425
593772,Buffering,93184,264,29,57,0,0,22,5300,86,425,86,425
594025,Buffering,3072,8,29,57,0,0,22,5301,83,425,83,425
594277,Playing,51200,145,29,58,0,0,22,5304,128,425,128,425
594530,Playing,44032,124,29,58,0,0,22,5307,8,425,8,425
594784,Playing,45056,127,29,58,0,0,22,5310,50,425,50,425
595037,Playing,28672,81,29,58,0,0,22,5313,71,425,71,425
595289,Playing,0,0,29,58,0,0,22,5313,71,425,71,425
595542,Buffering,147456,417,30,58,0,0,22,5317,30,425,30,425
595795,Buffering,184320,522,30,58,0,0,22,5318,127,425,127,425
596048,Buffering,285696,809,30,58,0,0,22,5321,130,425,130,425
596251,Buffering,327680,928,30,59,0,0,22,5323,0,425,0,425
596504,Buffering,256000,725,30,59,0,0,22,5324,128,425,128,425
596757,Buffering,276480,783,30,59,0,0,22,5326,126,425,126,425
597010,Buffering,277504,786,30,59,0,0,22,5329,16,425,16,425
597263,Buffering,279552,792,30,59,0,0,22,5332,126,425,126,425
597516,Buffering,189440,536,30,59,0,0,22,5332,126,425,126,425
597769,Buffering,191488,542,30,59,0,0,22,5335,33,425,33,425
598023,Buffering,175104,496,30,59,0,0,22,5338,6,425,6,425
598275,Buffering,177152,502,30,59,0,0,22,5341,126,425,126,425
598527,Buffering,169984,481,30,59,0,0,22,5344,80,425,81,425
598780,Buffering,153600,435,30,59,0,0,22,5347,0,425,0,425
599033,Buffering,90112,255,30,59,0,0,22,5348,126,425,126,425
599285,Buffering,101376,287,30,59,0,0,22,5351,128,425,128,425
599537,Buffering,103424,293,30,59,0,0,22,5354,170,425,170,425
599790,Buffering,96256,272,30,59,0,0,22,5356,0,425,0,425
600043,Buffering,125952,357,30,59,0,0,22,5360,5,425,5,425
