t_ms,state,buffered_bytes,buffered_ms,underruns,resumes,play_failures,stream_rebuilds,sessions,chunk_reads,last_chunk_ms,max_chunk_ms,last_push_gap_ms,max_push_gap_ms
50,Off,0,0,0,0,0,0,1,0,0,0,0,0
253,Off,0,0,0,0,0,0,1,0,0,0,0,0
506,Off,0,0,0,0,0,0,1,0,0,0,0,0
761,Off,0,0,0,0,0,0,1,0,0,0,0,0
1015,Off,442368,1253,0,0,0,0,1,28,0,155,0,158
1268,Playing,1609728,4562,0,0,0,0,1,78,0,155,0,158
1523,Playing,5362688,15200,0,0,0,0,1,230,0,155,0,158
1777,Playing,5355520,15180,0,0,0,0,1,233,0,175,0,175
2028,Playing,5376000,15238,0,0,0,0,1,237,175,175,175,175
2281,Playing,5368832,15217,0,0,0,0,1,240,175,175,175,175
2533,Playing,5342208,15142,0,0,0,0,1,242,0,183,0,184
2786,Playing,5362688,15200,0,0,0,0,1,246,0,183,0,184
3040,Playing,5383168,15258,0,0,0,0,1,250,0,183,0,184
3294,Playing,5376000,15238,0,0,0,0,1,253,0,183,0,184
3503,Playing,5357568,15185,0,0,0,0,1,255,13,183,13,184
3762,Playing,5378048,15243,0,0,0,0,1,259,17,183,17,184
4016,Playing,5370880,15223,0,0,0,0,1,262,0,183,0,184
4268,Playing,5363712,15203,0,0,0,0,1,268,14,183,14,184
4520,Playing,5356544,15182,0,0,0,0,1,271,0,183,0,184
4772,Playing,5329920,15107,0,0,0,0,1,273,0,183,0,184
5026,Playing,5378048,15243,0,0,0,0,1,278,0,183,0,184
5280,Playing,5370880,15223,0,0,0,0,1,281,2,183,3,184
5534,Playing,5363712,15203,0,0,0,0,1,284,0,183,1,184
5786,Playing,5328896,15104,0,0,0,0,1,286,0,183,0,184
6040,Playing,5329920,15107,0,0,0,0,1,289,94,183,94,184
6293,Playing,5350400,15165,0,0,0,0,1,293,92,183,92,184
6546,Playing,5370880,15223,0,0,0,0,1,297,2,183,2,184
6798,Playing,5391360,15281,0,0,0,0,1,301,1,183,1,184
7001,Playing,5317632,15072,0,0,0,0,1,304,0,183,16,184
7253,Playing,5346304,15153,0,0,0,0,1,308,0,183,0,184
7507,Playing,5339136,15133,0,0,0,0,1,311,96,183,96,184
7760,Playing,5359616,15191,0,0,0,0,1,315,0,183,0,184
8013,Playing,5297152,15014,0,0,0,0,1,316,173,183,174,184
8266,Playing,5317632,15072,0,0,0,0,1,320,178,183,178,184
8519,Playing,5338112,15130,0,0,0,0,1,324,174,183,174,184
8772,Playing,5303296,15032,0,0,0,0,1,326,0,183,0,184
9023,Playing,5304320,15034,0,0,0,0,1,329,173,183,173,184
9276,Playing,5324800,15092,0,0,0,0,1,333,0,183,0,184
9530,Playing,5345280,15151,0,0,0,0,1,337,0,183,0,184
9782,Playing,5310464,15052,0,0,0,0,1,342,176,183,176,184
10034,Playing,5275648,14953,0,0,0,0,1,344,0,183,0,184
10287,Playing,5276672,14956,0,0,0,0,1,347,171,183,171,184
10540,Playing,5297152,15014,0,0,0,0,1,351,171,183,171,184
10793,Playing,5317632,15072,0,0,0,0,1,355,0,183,0,184
11047,Playing,5338112,15130,0,0,0,0,1,359,1,183,1,184
11299,Playing,5303296,15032,0,0,0,0,1,361,0,183,0,184
11502,Playing,5348352,15159,0,0,0,0,1,365,0,183,0,184
11756,Playing,5313536,15061,0,0,0,0,1,367,96,183,96,184
12009,Playing,5306368,15040,0,0,0,0,1,370,1,183,1,184
12264,Playing,5299200,15020,0,0,0,0,1,373,0,183,0,184
12516,Playing,5310464,15052,0,0,0,0,1,379,0,183,13,184
12770,Playing,5312512,15058,0,0,0,0,1,383,0,183,0,184
13024,Playing,5250048,14881,0,0,0,0,1,384,178,183,178,184
13278,Playing,5278720,14962,0,0,0,0,1,388,178,183,178,184
13530,Playing,5299200,15020,0,0,0,0,1,392,0,183,0,184
13784,Playing,5292032,15000,0,0,0,0,1,395,178,183,178,184
14037,Playing,5284864,14979,0,0,0,0,1,398,175,183,175,184
14291,Playing,5277696,14959,0,0,0,0,1,401,0,183,0,184
14543,Playing,5270528,14939,0,0,0,0,1,404,0,183,0,184
14796,Playing,5291008,14997,0,0,0,0,1,408,0,183,0,184
15048,Playing,5292032,15000,0,0,0,0,1,411,0,183,0,184
15251,Playing,5273600,14947,0,0,0,0,1,413,0,183,0,184
15504,Playing,5266432,14927,0,0,0,0,1,419,0,183,0,184
15757,Playing,5286912,14985,0,0,0,0,1,423,1,183,1,184
16011,Playing,5224448,14808,0,0,0,0,1,424,91,183,91,184
16265,Playing,5244928,14866,0,0,0,0,1,428,13,183,13,184
16517,Playing,5245952,14869,0,0,0,0,1,431,94,183,94,184
16771,Playing,5266432,14927,0,0,0,0,1,435,0,183,0,184
17024,Playing,5231616,14828,0,0,0,0,1,437,0,183,0,184
17276,Playing,5224448,14808,0,0,0,0,1,440,98,183,98,184
17528,Playing,5244928,14866,0,0,0,0,1,444,95,183,95,184
17782,Playing,5265408,14924,0,0,0,0,1,448,0,183,0,184
18036,Playing,5258240,14904,0,0,0,0,1,451,193,193,193,193
18292,Playing,5213184,14776,0,0,0,0,1,455,0,193,12,193
18545,Playing,5215232,14782,0,0,0,0,1,459,0,193,0,193
18798,Playing,5208064,14762,0,0,0,0,1,462,89,193,89,193
19002,Playing,5244928,14866,0,0,0,0,1,466,0,193,0,193
19254,Playing,5210112,14767,0,0,0,0,1,468,0,193,0,193
19506,Playing,5211136,14770,0,0,0,0,1,471,97,193,97,193
19761,Playing,5203968,14750,0,0,0,0,1,474,94,193,94,193
20016,Playing,5252096,14886,0,0,0,0,1,479,0,193,0,193
20269,Playing,5217280,14788,0,0,0,0,1,481,0,193,0,193
20523,Playing,5210112,14767,0,0,0,0,1,484,0,193,0,193
20777,Playing,5230592,14825,0,0,0,0,1,488,0,193,0,193
21030,Playing,5204992,14753,0,0,0,0,1,493,0,193,13,193
21283,Playing,5159936,14625,0,0,0,0,1,495,0,193,0,193
21536,Playing,5152768,14605,0,0,0,0,1,498,95,193,95,193
21790,Playing,5173248,14663,0,0,0,0,1,502,94,193,94,193
22044,Playing,5193728,14721,0,0,0,0,1,506,0,193,0,193
22297,Playing,5186560,14701,0,0,0,0,1,509,0,193,0,193
22550,Playing,5207040,14759,0,0,0,0,1,513,0,193,0,193
22751,Playing,5196800,14730,0,0,0,0,1,515,0,193,0,193
23024,Playing,5181440,14686,0,0,0,0,1,518,0,193,1,193
23278,Playing,5201920,14744,0,0,0,0,1,522,172,193,172,193
23532,Playing,5167104,14645,0,0,0,0,1,524,0,193,0,193
23786,Playing,5159936,14625,0,0,0,0,1,527,95,193,95,193
24041,Playing,5179392,14680,0,0,0,0,1,534,12,193,12,193
24295,Playing,5172224,14660,0,0,0,0,1,537,0,193,0,193
24547,Playing,5137408,14561,0,0,0,0,1,539,0,193,0,193
24750,Playing,5174272,14666,0,0,0,0,1,543,0,193,0,193
25002,Playing,5167104,14645,0,0,0,0,1,546,0,193,0,193
25255,Playing,5132288,14547,0,0,0,0,1,548,0,193,0,193
25506,Playing,5160960,14628,0,0,0,0,1,552,0,193,0,193
25758,Playing,5153792,14608,0,0,0,0,1,555,95,193,95,193
26010,Playing,5174272,14666,0,0,0,0,1,559,0,193,0,193
26266,Playing,5194752,14724,0,0,0,0,1,563,0,193,0,193
26519,Playing,5187584,14704,0,0,0,0,1,566,0,255,0,255
26773,Playing,5125120,14526,0,0,0,0,1,570,0,255,0,255
27027,Playing,5153792,14608,0,0,0,0,1,574,0,255,0,255
27281,Playing,5146624,14587,0,0,0,0,1,577,0,255,0,255
27534,Playing,5167104,14645,0,0,0,0,1,581,0,255,0,255
27787,Playing,5104640,14468,0,0,0,0,1,582,94,255,94,255
28048,Playing,5125120,14526,0,0,0,0,1,586,0,255,0,255
28251,Playing,5161984,14631,0,0,0,0,1,590,0,255,0,255
28504,Playing,5099520,14454,0,0,0,0,1,591,95,255,95,255
28758,Playing,5128192,14535,0,0,0,0,1,595,95,255,95,255
29010,Playing,5121024,14515,0,0,0,0,1,598,94,255,94,255
29263,Playing,5141504,14573,0,0,0,0,1,602,95,255,95,255
29516,Playing,5106688,14474,0,0,0,0,1,605,175,255,175,255
29770,Playing,5099520,14454,0,0,0,0,1,610,0,255,0,255
30024,Playing,5092352,14434,0,0,0,0,1,613,95,255,95,255
30277,Playing,5112832,14492,0,0,0,0,1,617,91,255,92,255
30529,Playing,5113856,14495,0,0,0,0,1,620,96,255,96,255
30783,Playing,5079040,14396,0,0,0,0,1,622,0,255,0,255
31035,Playing,5099520,14454,0,0,0,0,1,626,0,255,0,255
31289,Playing,5120000,14512,0,0,0,0,1,630,0,255,0,255
31541,Playing,5112832,14492,0,0,0,0,1,633,0,255,0,255
31794,Playing,5133312,14550,0,0,0,0,1,637,170,255,170,255
32048,Playing,5134336,14553,0,0,0,0,1,640,171,255,172,255
32251,Playing,5115904,14500,0,0,0,0,1,642,0,255,0,255
32503,Playing,5108736,14480,0,0,0,0,1,648,0,255,0,255
32757,Playing,5101568,14460,0,0,0,0,1,651,0,255,0,255
33010,Playing,5066752,14361,0,0,0,0,1,653,0,255,0,255
33264,Playing,5114880,14497,0,0,0,0,1,658,12,255,12,255
33517,Playing,5115904,14500,0,0,0,0,1,661,0,255,0,255
33770,Playing,5108736,14480,0,0,0,0,1,664,3,255,4,255
34024,Playing,5073920,14381,0,0,0,0,1,666,0,255,0,255
34278,Playing,5094400,14439,0,0,0,0,1,670,1,255,1,255
34532,Playing,5087232,14419,0,0,0,0,1,673,94,255,94,255
34786,Playing,5107712,14477,0,0,0,0,1,677,0,255,0,255
35039,Playing,5072896,14378,0,0,0,0,1,679,0,255,0,255
35292,Playing,5065728,14358,0,0,0,0,1,685,0,255,0,255
35545,Playing,5066752,14361,0,0,0,0,1,688,0,255,0,255
35797,Playing,5059584,14341,0,0,0,0,1,691,0,255,0,255
36050,Playing,5080064,14399,0,0,0,0,1,695,170,255,170,255
36253,Playing,5061632,14347,0,0,0,0,1,697,0,255,0,255
36505,Playing,5090304,14428,0,0,0,0,1,701,17,255,17,255
36759,Playing,5110784,14486,0,0,0,0,1,705,0,255,0,255
37013,Playing,5103616,14466,0,0,0,0,1,708,18,255,18,255
37266,Playing,5068800,14367,0,0,0,0,1,710,96,255,96,255
37518,Playing,5089280,14425,0,0,0,0,1,714,2,255,2,255
37772,Playing,5082112,14405,0,0,0,0,1,717,2,255,2,255
38025,Playing,5074944,14384,0,0,0,0,1,723,2,255,2,255
38278,Playing,5048320,14309,0,0,0,0,1,725,12,255,13,255
38531,Playing,5041152,14288,0,0,0,0,1,728,174,255,174,255
38784,Playing,5061632,14347,0,0,0,0,1,732,0,255,0,255
39038,Playing,5082112,14405,0,0,0,0,1,736,0,255,0,255
39293,Playing,5074944,14384,0,0,0,0,1,739,0,255,0,255
39546,Playing,5040128,14286,0,0,0,0,1,741,0,255,0,255
39755,Playing,5076992,14390,0,0,0,0,1,745,0,255,0,255
40027,Playing,5069824,14370,0,0,0,0,1,748,0,255,0,255
40281,Playing,5062656,14349,0,0,0,0,1,751,168,255,168,255
40537,Playing,5027840,14251,0,0,0,0,1,753,1,255,2,255
40791,Playing,5011456,14204,0,0,0,0,1,758,0,255,13,255
41045,Playing,5041152,14288,0,0,0,0,1,763,2,255,2,255
41299,Playing,5061632,14347,0,0,0,0,1,767,0,255,0,255
41501,Playing,5015552,14216,0,0,0,0,1,768,175,255,175,255
41757,Playing,4988928,14140,0,0,0,0,1,770,0,255,0,255
42025,Playing,5028864,14254,0,0,0,0,1,775,147,255,147,255
42278,Playing,5021696,14233,0,0,0,0,1,778,0,255,0,255
42531,Playing,5022720,14236,0,0,0,0,1,781,2,333,2,333
42783,Playing,5015552,14216,0,0,0,0,1,784,173,333,173,333
43035,Playing,5063680,14352,0,0,0,0,1,789,5,333,5,333
43287,Playing,5056512,14332,0,0,0,0,1,792,5,333,5,333
43541,Playing,4994048,14155,0,0,0,0,1,793,89,333,89,333
43793,Playing,4977664,14109,0,0,0,0,1,799,13,333,13,333
44047,Playing,5006336,14190,0,0,0,0,1,803,0,333,0,333
44250,Playing,4987904,14138,0,0,0,0,1,805,2,333,2,333
44502,Playing,5008384,14196,0,0,0,0,1,809,0,333,0,333
44756,Playing,5001216,14175,0,0,0,0,1,812,0,333,0,333
45010,Playing,4994048,14155,0,0,0,0,1,815,173,333,173,333
45263,Playing,4959232,14056,0,0,0,0,1,817,0,333,0,333
45517,Playing,4987904,14138,0,0,0,0,1,821,97,333,97,333
45771,Playing,5008384,14196,0,0,0,0,1,825,0,333,0,333
46024,Playing,5028864,14254,0,0,0,0,1,829,0,333,0,333
46277,Playing,5003264,14181,0,0,0,0,1,832,0,333,0,333
46530,Playing,4950016,14030,0,0,0,0,1,836,0,333,0,333
46782,Playing,4942848,14010,0,0,0,0,1,839,92,333,92,333
47035,Playing,4971520,14091,0,0,0,0,1,843,1,333,1,333
47288,Playing,4964352,14071,0,0,0,0,1,846,175,333,175,333
47541,Playing,5012480,14207,0,0,0,0,1,851,0,333,0,333
47794,Playing,4950016,14030,0,0,0,0,1,852,97,333,97,333
48046,Playing,4970496,14088,0,0,0,0,1,856,0,333,0,333
48299,Playing,4963328,14068,0,0,0,0,1,859,0,333,0,333
48502,Playing,4925440,13960,0,0,0,0,1,860,94,333,94,333
48767,Playing,4965376,14074,0,0,0,0,1,865,0,333,0,333
49021,Playing,4958208,14053,0,0,0,0,1,868,0,333,0,333
49275,Playing,4950016,14030,0,0,0,0,1,874,94,333,94,333
49528,Playing,4887552,13853,0,0,0,0,1,875,177,333,177,333
49783,Playing,4908032,13911,0,0,0,0,1,879,0,333,0,333
50036,Playing,4928512,13969,0,0,0,0,1,883,0,333,0,333
50289,Playing,4948992,14027,0,0,0,0,1,887,23,333,23,333
50542,Playing,4941824,14007,0,0,0,0,1,890,1,333,1,333
50796,Playing,4915200,13931,0,0,0,0,1,892,0,333,0,333
51048,Playing,4908032,13911,0,0,0,0,1,895,94,333,94,333
51251,Playing,4944896,14016,0,0,0,0,1,899,92,333,92,333
51504,Playing,4965376,14074,0,0,0,0,1,903,16,333,16,333
51757,Playing,4985856,14132,0,0,0,0,1,907,0,333,0,333
52010,Playing,4903936,13900,0,0,0,0,1,910,0,333,14,333
52262,Playing,4924416,13958,0,0,0,0,1,914,0,333,0,333
52515,Playing,4917248,13937,0,0,0,0,1,917,2,333,2,333
52768,Playing,4937728,13995,0,0,0,0,1,921,87,333,87,333
53021,Playing,4902912,13897,0,0,0,0,1,923,0,333,0,333
53276,Playing,4903936,13900,0,0,0,0,1,926,0,333,0,333
53544,Playing,4916224,13934,0,0,0,0,1,930,19,333,19,333
53759,Playing,4953088,14039,0,0,0,0,1,934,1,333,1,333
54011,Playing,4945920,14019,0,0,0,0,1,937,94,333,94,333
54263,Playing,4911104,13920,0,0,0,0,1,939,0,333,0,333
54516,Playing,4931584,13978,0,0,0,0,1,943,0,333,0,333
54771,Playing,4904960,13902,0,0,0,0,1,948,0,333,16,333
55024,Playing,4925440,13960,0,0,0,0,1,952,90,333,90,333
55278,Playing,4890624,13862,0,0,0,0,1,954,0,333,0,333
55532,Playing,4911104,13920,0,0,0,0,1,958,0,333,0,333
55785,Playing,4903936,13900,0,0,0,0,1,961,4,333,4,333
56039,Playing,4896768,13879,0,0,0,0,1,964,95,333,95,333
56292,Playing,4917248,13937,0,0,0,0,1,968,86,333,86,333
56546,Playing,4890624,13862,0,0,0,0,1,970,3,333,3,333
56799,Playing,4911104,13920,0,0,0,0,1,974,10,333,10,333
57002,Playing,4920320,13946,0,0,0,0,1,977,83,333,83,333
57256,Playing,4885504,13847,0,0,0,0,1,979,5,333,5,333
57512,Playing,4878336,13827,0,0,0,0,1,982,93,333,93,333
57766,Playing,4898816,13885,0,0,0,0,1,989,0,333,0,333
58019,Playing,4872192,13810,0,0,0,0,1,991,95,333,95,333
58272,Playing,4892672,13868,0,0,0,0,1,995,93,333,93,333
58526,Playing,4885504,13847,0,0,0,0,1,998,0,333,0,333
58777,Playing,4878336,13827,0,0,0,0,1,1001,0,333,0,333
59031,Playing,4871168,13807,0,0,0,0,1,1004,93,333,93,333
59284,Playing,4891648,13865,0,0,0,0,1,1008,91,333,91,333
59536,Playing,4865024,13789,0,0,0,0,1,1010,3,333,3,333
59791,Playing,4857856,13769,0,0,0,0,1,1013,92,333,92,333
60044,Playing,4905984,13905,0,0,0,0,1,1018,3,333,3,333
60297,Playing,4889600,13859,0,0,0,0,1,1023,0,333,12,333
60549,Playing,4864000,13786,0,0,0,0,1,1026,92,333,92,333
60753,Playing,4881408,13836,0,0,0,0,1,1029,0,333,0,333
61006,Playing,4874240,13815,0,0,0,0,1,1032,0,333,0,333
61260,Playing,4894720,13873,0,0,0,0,1,1036,1,333,1,333
61514,Playing,4859904,13775,0,0,0,0,1,1038,0,333,0,333
61768,Playing,4852736,13754,0,0,0,0,1,1041,2,333,2,333
62024,Playing,4845568,13734,0,0,0,0,1,1044,96,333,96,333
62283,Playing,4893696,13871,0,0,0,0,1,1049,0,333,0,333
62536,Playing,4886528,13850,0,0,0,0,1,1052,12,333,12,333
62791,Playing,4824064,13673,0,0,0,0,1,1053,175,333,175,333
63047,Playing,4872192,13810,0,0,0,0,1,1058,0,333,0,333
63301,Playing,4837376,13711,0,0,0,0,1,1063,0,333,0,333
63505,Playing,4827136,13682,0,0,0,0,1,1065,0,333,0,333
63760,Playing,4819968,13662,0,0,0,0,1,1068,0,333,0,333
64014,Playing,4840448,13720,0,0,0,0,1,1072,173,333,173,333
64267,Playing,4833280,13699,0,0,0,0,1,1075,174,333,174,333
64521,Playing,4881408,13836,0,0,0,0,1,1080,0,333,0,333
64774,Playing,4818944,13659,0,0,0,0,1,1081,173,333,173,333
65028,Playing,4847616,13740,0,0,0,0,1,1085,0,333,0,333
65280,Playing,4840448,13720,0,0,0,0,1,1088,0,333,0,333
65533,Playing,4860928,13778,0,0,0,0,1,1092,88,333,88,333
65787,Playing,4826112,13679,0,0,0,0,1,1094,0,333,0,333
66042,Playing,4809728,13633,0,0,0,0,1,1099,0,333,15,333
66296,Playing,4811776,13638,0,0,0,0,1,1103,173,333,173,333
66549,Playing,4832256,13696,0,0,0,0,1,1107,0,333,0,333
66752,Playing,4794368,13589,0,0,0,0,1,1108,174,333,174,333
67011,Playing,4814848,13647,0,0,0,0,1,1112,0,333,0,333
67265,Playing,4835328,13705,0,0,0,0,1,1116,0,333,0,333
67518,Playing,4828160,13685,0,0,0,0,1,1119,94,333,94,333
67773,Playing,4820992,13664,0,0,0,0,1,1122,0,333,0,333
68025,Playing,4813824,13644,0,0,0,0,1,1125,0,333,0,333
68278,Playing,4806656,13624,0,0,0,0,1,1128,94,333,94,333
68531,Playing,4827136,13682,0,0,0,0,1,1132,0,333,0,333
68783,Playing,4809728,13633,0,0,0,0,1,1135,95,333,95,333
69036,Playing,4784128,13560,0,0,0,0,1,1140,0,333,0,333
69289,Playing,4804608,13618,0,0,0,0,1,1144,0,333,0,333
69543,Playing,4797440,13598,0,0,0,0,1,1147,0,333,0,333
69797,Playing,4790272,13577,0,0,0,0,1,1150,91,333,91,333
70049,Playing,4763648,13502,0,0,0,0,1,1152,5,333,5,333
70252,Playing,4800512,13606,0,0,0,0,1,1156,0,333,0,333
70506,Playing,4793344,13586,0,0,0,0,1,1159,1,333,1,333
70758,Playing,4758528,13487,0,0,0,0,1,1161,0,333,0,333
71012,Playing,4751360,13467,0,0,0,0,1,1164,14,333,14,333
71265,Playing,4799488,13603,0,0,0,0,1,1169,3,340,3,341
71519,Playing,4800512,13606,0,0,0,0,1,1172,3,340,3,341
71773,Playing,4756480,13482,0,0,0,0,1,1177,94,340,94,341
72025,Playing,4749312,13461,0,0,0,0,1,1180,0,340,0,341
72299,Playing,4733952,13418,0,0,0,0,1,1183,0,340,0,341
72503,Playing,4715520,13365,0,0,0,0,1,1185,10,340,10,341
72754,Playing,4744192,13447,0,0,0,0,1,1189,0,340,0,341
73007,Playing,4737024,13426,0,0,0,0,1,1192,96,340,96,341
73266,Playing,4757504,13484,0,0,0,0,1,1196,0,340,0,341
73519,Playing,4777984,13543,0,0,0,0,1,1200,0,340,0,341
73773,Playing,4770816,13522,0,0,0,0,1,1203,0,340,0,341
74026,Playing,4736000,13424,0,0,0,0,1,1205,0,340,0,341
74277,Playing,4756480,13482,0,0,0,0,1,1209,0,340,0,341
74531,Playing,4711424,13354,0,0,0,0,1,1213,0,340,15,341
74783,Playing,4741120,13438,0,0,0,0,1,1218,0,340,0,341
75036,Playing,4733952,13418,0,0,0,0,1,1221,0,340,0,341
75287,Playing,4699136,13319,0,0,0,0,1,1223,0,340,0,341
75541,Playing,4719616,13377,0,0,0,0,1,1227,0,340,0,341
75794,Playing,4748288,13458,0,0,0,0,1,1231,0,340,0,341
76046,Playing,4713472,13360,0,0,0,0,1,1233,95,340,95,341
76299,Playing,4761600,13496,0,0,0,0,1,1238,0,340,0,341
76502,Playing,4715520,13365,0,0,0,0,1,1239,176,340,176,341
76755,Playing,4736000,13424,0,0,0,0,1,1243,0,340,0,341
77025,Playing,4701184,13325,0,0,0,0,1,1245,16,340,16,341
77277,Playing,4694016,13305,0,0,0,0,1,1248,14,340,14,341
77531,Playing,4686848,13284,0,0,0,0,1,1254,95,340,95,341
77783,Playing,4707328,13342,0,0,0,0,1,1258,0,340,0,341
78037,Playing,4708352,13345,0,0,0,0,1,1261,95,340,95,341
78291,Playing,4673536,13246,0,0,0,0,1,1263,0,340,0,341
78546,Playing,4694016,13305,0,0,0,0,1,1267,0,340,0,341
78799,Playing,4686848,13284,0,0,0,0,1,1270,0,340,0,341
79001,Playing,4723712,13389,0,0,0,0,1,1274,96,340,96,341
79253,Playing,4744192,13447,0,0,0,0,1,1278,0,340,0,341
79506,Playing,4689920,13293,0,0,0,0,1,1279,174,340,174,341
79760,Playing,4710400,13351,0,0,0,0,1,1283,0,340,0,341
80014,Playing,4703232,13331,0,0,0,0,1,1289,0,340,15,341
80269,Playing,4696064,13310,0,0,0,0,1,1292,0,340,0,341
80522,Playing,4688896,13290,0,0,0,0,1,1295,92,340,92,341
80776,Playing,4654080,13191,0,0,0,0,1,1297,171,340,171,341
81028,Playing,4674560,13249,0,0,0,0,1,1301,92,340,92,341
81281,Playing,4703232,13331,0,0,0,0,1,1305,0,340,0,341
81533,Playing,4640768,13154,0,0,0,0,1,1306,171,340,172,341
81786,Playing,4661248,13212,0,0,0,0,1,1310,171,340,171,341
82047,Playing,4681728,13270,0,0,0,0,1,1314,0,340,0,341
82250,Playing,4635648,13139,0,0,0,0,1,1315,93,340,93,341
82503,Playing,4683776,13276,0,0,0,0,1,1320,4,340,4,341
82756,Playing,4676608,13255,0,0,0,0,1,1323,1,340,1,341
83007,Playing,4677632,13258,0,0,0,0,1,1329,0,340,0,341
83259,Playing,4615168,13081,0,0,0,0,1,1330,94,340,94,341
83512,Playing,4635648,13139,0,0,0,0,1,1334,0,340,0,341
83764,Playing,4656128,13197,0,0,0,0,1,1338,0,340,0,341
84018,Playing,4648960,13177,0,0,0,0,1,1341,0,340,0,341
84271,Playing,4669440,13235,0,0,0,0,1,1345,0,340,0,341
84523,Playing,4642816,13159,0,0,0,0,1,1347,16,340,17,341
84776,Playing,4635648,13139,0,0,0,0,1,1350,3,340,4,341
85029,Playing,4656128,13197,0,0,0,0,1,1354,15,340,15,341
85281,Playing,4648960,13177,0,0,0,0,1,1357,174,340,174,341
85535,Playing,4614144,13078,0,0,0,0,1,1359,3,340,3,341
85794,Playing,4606976,13058,0,0,0,0,1,1365,0,340,0,341
86048,Playing,4627456,13116,0,0,0,0,1,1369,0,340,0,341
86250,Playing,4644864,13165,0,0,0,0,1,1372,0,340,0,341
86504,Playing,4665344,13223,0,0,0,0,1,1376,0,340,0,341
86759,Playing,4630528,13125,0,0,0,0,1,1378,0,340,0,341
87012,Playing,4623360,13104,0,0,0,0,1,1381,0,340,0,341
87265,Playing,4616192,13084,0,0,0,0,1,1384,95,340,95,341
87518,Playing,4609024,13064,0,0,0,0,1,1387,0,340,0,341
87770,Playing,4610048,13067,0,0,0,0,1,1390,0,340,0,341
88022,Playing,4630528,13125,0,0,0,0,1,1394,2,340,2,341
88276,Playing,4651008,13183,0,0,0,0,1,1398,16,340,16,341
88530,Playing,4616192,13084,0,0,0,0,1,1403,0,340,0,341
88798,Playing,4609024,13064,0,0,0,0,1,1406,94,340,94,341
89032,Playing,4610048,13067,0,0,0,0,1,1409,0,340,0,341
89284,Playing,4602880,13046,0,0,0,0,1,1412,7,340,7,341
89537,Playing,4623360,13104,0,0,0,0,1,1416,5,340,5,341
89792,Playing,4616192,13084,0,0,0,0,1,1419,93,340,93,341
90044,Playing,4581376,12985,0,0,0,0,1,1421,0,340,0,341
90297,Playing,4601856,13043,0,0,0,0,1,1425,2,340,2,341
90500,Playing,4646912,13171,0,0,0,0,1,1429,0,340,0,341
90752,Playing,4639744,13151,0,0,0,0,1,1432,2,340,2,341
91005,Playing,4604928,13052,0,0,0,0,1,1434,0,340,0,341
91259,Playing,4616192,13084,0,0,0,0,1,1440,0,340,12,341
91513,Playing,4590592,13011,0,0,0,0,1,1443,0,340,0,341
91765,Playing,4591616,13014,0,0,0,0,1,1446,97,340,97,341
92016,Playing,4556800,12916,0,0,0,0,1,1448,0,340,0,341
92271,Playing,4577280,12974,0,0,0,0,1,1452,92,340,92,341
92524,Playing,4597760,13032,0,0,0,0,1,1456,0,340,0,341
92778,Playing,4618240,13090,0,0,0,0,1,1460,0,340,0,341
93031,Playing,4611072,13069,0,0,0,0,1,1463,16,340,16,341
93284,Playing,4584448,12994,0,0,0,0,1,1465,0,340,0,341
93536,Playing,4577280,12974,0,0,0,0,1,1468,175,340,175,341
93792,Playing,4597760,13032,0,0,0,0,1,1472,0,340,0,341
94001,Playing,4579328,12979,0,0,0,0,1,1474,0,340,0,341
94254,Playing,4535296,12855,0,0,0,0,1,1479,0,340,0,341
94509,Playing,4555776,12913,0,0,0,0,1,1483,171,340,172,341
94760,Playing,4576256,12971,0,0,0,0,1,1487,0,340,0,341
95013,Playing,4549632,12895,0,0,0,0,1,1489,0,340,0,341
95265,Playing,4570112,12953,0,0,0,0,1,1493,0,340,0,341
95517,Playing,4562944,12933,0,0,0,0,1,1496,0,340,0,341
95772,Playing,4555776,12913,0,0,0,0,1,1499,176,340,176,341
96025,Playing,4576256,12971,0,0,0,0,1,1503,95,340,95,341
96278,Playing,4541440,12872,0,0,0,0,1,1505,0,340,0,341
96532,Playing,4534272,12852,0,0,0,0,1,1508,175,340,175,341
96786,Playing,4562944,12933,0,0,0,0,1,1512,0,340,0,341
97040,Playing,4546560,12887,0,0,0,0,1,1518,0,340,0,341
97293,Playing,4511744,12788,0,0,0,0,1,1520,14,340,14,341
97547,Playing,4504576,12768,0,0,0,0,1,1523,1,340,1,341
97800,Playing,4525056,12826,0,0,0,0,1,1527,0,340,0,341
98003,Playing,4506624,12773,0,0,0,0,1,1529,4,340,4,341
98256,Playing,4507648,12776,0,0,0,0,1,1532,0,340,1,341
98510,Playing,4500480,12756,0,0,0,0,1,1535,89,340,90,341
98763,Playing,4520960,12814,0,0,0,0,1,1539,165,340,165,341
99015,Playing,4486144,12715,0,0,0,0,1,1541,0,340,0,341
99267,Playing,4506624,12773,0,0,0,0,1,1545,0,340,0,341
99521,Playing,4527104,12831,0,0,0,0,1,1549,0,340,0,341
99772,Playing,4509696,12782,0,0,0,0,1,1554,0,340,9,341
100026,Playing,4511744,12788,0,0,0,0,1,1558,0,340,0,341
100282,Playing,4476928,12689,0,0,0,0,1,1560,0,340,0,341
100541,Playing,4469760,12669,0,0,0,0,1,1563,0,340,0,341
100794,Playing,4490240,12727,0,0,0,0,1,1567,13,340,13,341
101047,Playing,4483072,12707,0,0,0,0,1,1570,94,340,94,341
101250,Playing,4464640,12654,0,0,0,0,1,1572,5,340,5,341
101502,Playing,4493312,12736,0,0,0,0,1,1576,0,340,0,341
101755,Playing,4513792,12794,0,0,0,0,1,1580,0,340,0,341
102010,Playing,4506624,12773,0,0,0,0,1,1583,0,340,0,341
102264,Playing,4471808,12675,0,0,0,0,1,1585,0,340,0,341
102516,Playing,4492288,12733,0,0,0,0,1,1589,0,340,0,341
102770,Playing,4438016,12579,0,0,0,0,1,1593,94,340,94,341
103023,Playing,4458496,12637,0,0,0,0,1,1597,93,340,93,341
103277,Playing,4423680,12538,0,0,0,0,1,1599,1,340,1,341
103531,Playing,4444160,12596,0,0,0,0,1,1603,88,340,88,341
103783,Playing,4436992,12576,0,0,0,0,1,1606,94,340,94,341
104035,Playing,4485120,12712,0,0,0,0,1,1611,0,340,0,341
104287,Playing,4458496,12637,0,0,0,0,1,1613,97,340,97,341
104541,Playing,4451328,12617,0,0,0,0,1,1616,0,340,0,341
104793,Playing,4444160,12596,0,0,0,0,1,1619,0,340,0,341
105002,Playing,4481024,12701,0,0,0,0,1,1623,83,340,83,341
105256,Playing,4446208,12602,0,0,0,0,1,1625,6,340,6,341
105510,Playing,4411392,12503,0,0,0,0,1,1630,0,340,16,341
105764,Playing,4440064,12585,0,0,0,0,1,1634,91,340,91,341
106017,Playing,4460544,12643,0,0,0,0,1,1638,4,340,5,341
106271,Playing,4453376,12622,0,0,0,0,1,1641,93,340,93,341
106522,Playing,4473856,12680,0,0,0,0,1,1645,15,340,15,341
106775,Playing,4466688,12660,0,0,0,0,1,1648,94,340,94,341
107028,Playing,4431872,12561,0,0,0,0,1,1650,0,340,0,341
107280,Playing,4452352,12620,0,0,0,0,1,1654,91,340,91,341
107533,Playing,4481024,12701,0,0,0,0,1,1658,13,340,13,341
107784,Playing,4473856,12680,0,0,0,0,1,1661,94,340,94,341
108039,Playing,4466688,12660,0,0,0,0,1,1664,0,340,0,341
108292,Playing,4431872,12561,0,0,0,0,1,1669,0,340,0,341
108545,Playing,4452352,12620,0,0,0,0,1,1673,0,340,0,341
108797,Playing,4445184,12599,0,0,0,0,1,1676,95,340,95,341
109000,Playing,4434944,12570,0,0,0,0,1,1678,0,340,0,341
109252,Playing,4427776,12550,0,0,0,0,1,1681,172,340,172,341
109516,Playing,4448256,12608,0,0,0,0,1,1685,0,340,0,341
109771,Playing,4468736,12666,0,0,0,0,1,1689,0,340,0,341
110025,Playing,4433920,12567,0,0,0,0,1,1691,0,340,0,341
110278,Playing,4454400,12625,0,0,0,0,1,1695,0,340,0,341
110531,Playing,4447232,12605,0,0,0,0,1,1698,0,340,0,341
110785,Playing,4440064,12585,0,0,0,0,1,1701,91,340,91,341
111039,Playing,4404224,12483,0,0,0,0,1,1705,0,340,12,341
111292,Playing,4406272,12489,0,0,0,0,1,1709,174,340,174,341
111546,Playing,4426752,12547,0,0,0,0,1,1713,0,340,0,341
111750,Playing,4380672,12416,0,0,0,0,1,1714,177,340,177,341
112004,Playing,4401152,12474,0,0,0,0,1,1718,0,340,0,341
112259,Playing,4421632,12532,0,0,0,0,1,1722,0,340,0,341
112511,Playing,4414464,12512,0,0,0,0,1,1725,96,340,96,341
112763,Playing,4387840,12437,0,0,0,0,1,1727,14,340,14,341
113016,Playing,4408320,12495,0,0,0,0,1,1731,0,340,0,341
113271,Playing,4401152,12474,0,0,0,0,1,1734,13,340,13,341
113525,Playing,4393984,12454,0,0,0,0,1,1737,171,340,171,341
113779,Playing,4386816,12434,0,0,0,0,1,1740,10,340,10,341
114030,Playing,4352000,12335,0,0,0,0,1,1745,95,340,95,341
114284,Playing,4372480,12393,0,0,0,0,1,1749,3,340,3,341
114537,Playing,4401152,12474,0,0,0,0,1,1753,0,340,0,341
114790,Playing,4338688,12297,0,0,0,0,1,1754,175,340,175,341
115043,Playing,4359168,12355,0,0,0,0,1,1758,0,340,0,341
115302,Playing,4352000,12335,0,0,0,0,1,1761,94,340,94,341
115507,Playing,4361216,12361,0,0,0,0,1,1764,0,340,0,341
115761,Playing,4354048,12341,0,0,0,0,1,1767,0,340,0,341
116014,Playing,4346880,12321,0,0,0,0,1,1770,93,340,93,341
116267,Playing,4367360,12379,0,0,0,0,1,1774,0,340,0,341
116520,Playing,4368384,12382,0,0,0,0,1,1777,174,340,174,341
116774,Playing,4361216,12361,0,0,0,0,1,1783,90,340,90,341
117026,Playing,4326400,12263,0,0,0,0,1,1785,3,340,3,341
117279,Playing,4346880,12321,0,0,0,0,1,1789,0,340,0,341
117531,Playing,4339712,12300,0,0,0,0,1,1792,0,340,0,341
117786,Playing,4360192,12358,0,0,0,0,1,1796,170,340,170,341
118039,Playing,4353024,12338,0,0,0,0,1,1799,174,340,174,341
118291,Playing,4326400,12263,0,0,0,0,1,1801,0,340,0,341
118544,Playing,4346880,12321,0,0,0,0,1,1805,2,340,2,341
118799,Playing,4367360,12379,0,0,0,0,1,1809,0,340,0,341
119001,Playing,4321280,12248,0,0,0,0,1,1810,89,340,89,341
119255,Playing,4341760,12306,0,0,0,0,1,1814,1,340,1,341
119509,Playing,4333568,12283,0,0,0,0,1,1820,0,340,0,341
119761,Playing,4326400,12263,0,0,0,0,1,1823,0,340,0,341
120014,Playing,4319232,12242,0,0,0,0,1,1826,93,340,93,341
120267,Playing,4284416,12144,0,0,0,0,1,1828,1,340,1,341
120522,Playing,4304896,12202,0,0,0,0,1,1832,95,340,95,341
120775,Playing,4325376,12260,0,0,0,0,1,1836,4,340,4,341
121031,Playing,4345856,12318,0,0,0,0,1,1840,23,340,23,341
121285,Playing,4346880,12321,0,0,0,0,1,1843,0,340,0,341
121538,Playing,4312064,12222,0,0,0,0,1,1845,0,340,0,341
121793,Playing,4304896,12202,0,0,0,0,1,1848,98,340,98,341
122046,Playing,4325376,12260,0,0,0,0,1,1852,95,340,95,341
122299,Playing,4308992,12213,0,0,0,0,1,1858,0,340,0,341
122501,Playing,4262912,12083,0,0,0,0,1,1859,176,340,176,341
122754,Playing,4291584,12164,0,0,0,0,1,1863,175,340,175,341
123006,Playing,4312064,12222,0,0,0,0,1,1867,0,340,0,341
123261,Playing,4304896,12202,0,0,0,0,1,1870,95,340,95,341
123515,Playing,4297728,12181,0,0,0,0,1,1873,0,340,0,341
123769,Playing,4290560,12161,0,0,0,0,1,1876,0,340,0,341
124022,Playing,4283392,12141,0,0,0,0,1,1879,96,340,96,341
124275,Playing,4303872,12199,0,0,0,0,1,1883,0,340,0,341
124527,Playing,4332544,12280,0,0,0,0,1,1887,17,340,17,341
124781,Playing,4270080,12103,0,0,0,0,1,1888,176,340,176,341
125035,Playing,4290560,12161,0,0,0,0,1,1892,1,340,1,341
125290,Playing,4274176,12115,0,0,0,0,1,1898,0,340,0,341
125543,Playing,4267008,12094,0,0,0,0,1,1901,92,340,92,341
125796,Playing,4259840,12074,0,0,0,0,1,1904,0,340,0,341
126048,Playing,4252672,12054,0,0,0,0,1,1907,0,340,0,341
126252,Playing,4270080,12103,0,0,0,0,1,1910,94,340,94,341
126505,Playing,4290560,12161,0,0,0,0,1,1914,0,340,0,341
126756,Playing,4255744,12062,0,0,0,0,1,1916,0,340,0,341
127014,Playing,4276224,12120,0,0,0,0,1,1920,0,340,0,341
127271,Playing,4269056,12100,0,0,0,0,1,1923,0,340,0,341
127525,Playing,4289536,12158,0,0,0,0,1,1927,0,340,0,341
127787,Playing,4254720,12059,0,0,0,0,1,1929,0,340,0,341
128039,Playing,4247552,12039,0,0,0,0,1,1935,93,340,93,341
128293,Playing,4212736,11940,0,0,0,0,1,1937,175,340,176,341
128547,Playing,4260864,12077,0,0,0,0,1,1942,0,340,0,341
128751,Playing,4222976,11969,0,0,0,0,1,1943,92,340,92,341
129005,Playing,4243456,12027,0,0,0,0,1,1947,170,340,170,341
129258,Playing,4263936,12085,0,0,0,0,1,1951,0,340,0,341
129511,Playing,4256768,12065,0,0,0,0,1,1954,0,340,1,341
129764,Playing,4221952,11966,0,0,0,0,1,1956,0,340,0,341
130017,Playing,4242432,12025,0,0,0,0,1,1960,0,340,0,341
130271,Playing,4235264,12004,0,0,0,0,1,1963,176,340,176,341
130525,Playing,4255744,12062,0,0,0,0,1,1967,175,340,175,341
130779,Playing,4201472,11908,0,0,0,0,1,1971,0,340,12,341
131034,Playing,4194304,11888,0,0,0,0,1,1974,93,340,93,341
131286,Playing,4214784,11946,0,0,0,0,1,1978,0,340,0,341
131548,Playing,4235264,12004,0,0,0,0,1,1982,0,340,0,341
131752,Playing,4216832,11952,0,0,0,0,1,1984,0,340,0,341
132005,Playing,4209664,11932,0,0,0,0,1,1987,0,340,0,341
132257,Playing,4230144,11990,0,0,0,0,1,1991,0,340,0,341
132509,Playing,4222976,11969,0,0,0,0,1,1994,177,340,177,341
132762,Playing,4196352,11894,0,0,0,0,1,1996,0,340,0,341
133015,Playing,4216832,11952,0,0,0,0,1,2000,1,340,1,341
133268,Playing,4209664,11932,0,0,0,0,1,2003,97,340,97,341
133521,Playing,4202496,11911,0,0,0,0,1,2009,0,340,13,341
133774,Playing,4167680,11813,0,0,0,0,1,2011,0,340,0,341
134027,Playing,4160512,11792,0,0,0,0,1,2014,95,340,95,341
134280,Playing,4189184,11874,0,0,0,0,1,2018,0,340,0,341
134533,Playing,4182016,11853,0,0,0,0,1,2021,178,340,178,341
134806,Playing,4194304,11888,0,0,0,0,1,2025,170,340,170,341
135010,Playing,4175872,11836,0,0,0,0,1,2027,0,340,0,341
135262,Playing,4204544,11917,0,0,0,0,1,2031,163,340,163,341
135514,Playing,4197376,11897,0,0,0,0,1,2034,172,340,172,341
135767,Playing,4162560,11798,0,0,0,0,1,2036,4,340,4,341
136020,Playing,4183040,11856,0,0,0,0,1,2040,0,340,0,341
136274,Playing,4194304,11888,0,0,0,0,1,2046,0,340,12,341
136527,Playing,4176896,11839,0,0,0,0,1,2049,0,340,0,341
136780,Playing,4169728,11818,0,0,0,0,1,2052,96,340,96,341
137033,Playing,4162560,11798,0,0,0,0,1,2055,0,340,0,341
137287,Playing,4155392,11778,0,0,0,0,1,2058,93,340,93,341
137540,Playing,4148224,11758,0,0,0,0,1,2061,95,340,95,341
137793,Playing,4196352,11894,0,0,0,0,1,2066,0,340,0,341
138046,Playing,4133888,11717,0,0,0,0,1,2067,93,340,93,341
138297,Playing,4162560,11798,0,0,0,0,1,2071,0,340,0,341
138501,Playing,4171776,11824,0,0,0,0,1,2074,92,340,92,341
138755,Playing,4164608,11804,0,0,0,0,1,2077,3,340,3,341
139010,Playing,4157440,11784,0,0,0,0,1,2080,4,340,4,341
139263,Playing,4150272,11763,0,0,0,0,1,2086,0,340,0,341
139520,Playing,4143104,11743,0,0,0,0,1,2089,78,340,79,341
139774,Playing,4163584,11801,0,0,0,0,1,2093,0,340,0,341
140026,Playing,4109312,11647,0,0,0,0,1,2094,175,340,175,341
140280,Playing,4129792,11705,0,0,0,0,1,2098,94,340,94,341
140535,Playing,4150272,11763,0,0,0,0,1,2102,0,340,0,341
140787,Playing,4143104,11743,0,0,0,0,1,2105,0,340,0,341
141040,Playing,4163584,11801,0,0,0,0,1,2109,0,340,0,341
141295,Playing,4128768,11702,0,0,0,0,1,2111,0,340,0,341
141548,Playing,4121600,11682,0,0,0,0,1,2114,176,340,176,341
141751,Playing,4139008,11731,0,0,0,0,1,2117,0,340,0,341
142004,Playing,4122624,11685,0,0,0,0,1,2122,0,340,14,341
142256,Playing,4097024,11612,0,0,0,0,1,2125,95,340,95,341
142510,Playing,4145152,11749,0,0,0,0,1,2130,0,340,0,341
142763,Playing,4137984,11728,0,0,0,0,1,2133,0,340,0,341
143015,Playing,4130816,11708,0,0,0,0,1,2136,0,340,0,341
143272,Playing,4131840,11711,0,0,0,0,1,2139,0,340,0,341
143532,Playing,4116480,11668,0,0,0,0,1,2142,0,340,0,341
143779,Playing,4145152,11749,0,0,0,0,1,2146,0,340,0,341
144032,Playing,4165632,11807,0,0,0,0,1,2150,0,340,0,341
144285,Playing,4075520,11551,0,0,0,0,1,2150,0,340,0,341
144538,Playing,4151296,11766,0,0,0,0,1,2156,5,340,5,341
144789,Playing,4115456,11665,0,0,0,0,1,2161,0,340,0,341
145042,Playing,4108288,11644,0,0,0,0,1,2164,0,340,0,341
145305,Playing,4120576,11679,0,0,0,0,1,2168,0,340,0,341
145514,Playing,4074496,11549,0,0,0,0,1,2169,178,340,178,341
145768,Playing,4075520,11551,0,0,0,0,1,2172,175,340,175,341
146022,Playing,4123648,11688,0,0,0,0,1,2177,0,340,0,341
146275,Playing,4144128,11746,0,0,0,0,1,2181,5,340,5,341
146527,Playing,4081664,11569,0,0,0,0,1,2182,166,340,166,341
146780,Playing,4102144,11627,0,0,0,0,1,2186,0,340,0,341
147034,Playing,4094976,11607,0,0,0,0,1,2189,94,340,94,341
147286,Playing,4123648,11688,0,0,0,0,1,2193,92,340,92,341
147540,Playing,4107264,11641,0,0,0,0,1,2199,0,340,0,341
147792,Playing,4044800,11464,0,0,0,0,1,2200,177,340,177,341
148045,Playing,4065280,11522,0,0,0,0,1,2204,177,340,177,341
148299,Playing,4085760,11580,0,0,0,0,1,2208,0,340,0,341
148501,Playing,4067328,11528,0,0,0,0,1,2210,1,340,2,341
148756,Playing,4068352,11531,0,0,0,0,1,2213,0,340,0,341
149010,Playing,4088832,11589,0,0,0,0,1,2217,0,340,0,341
149264,Playing,4081664,11569,0,0,0,0,1,2220,90,340,90,341
149517,Playing,4074496,11549,0,0,0,0,1,2223,0,340,0,341
149770,Playing,4067328,11528,0,0,0,0,1,2226,0,340,0,341
150023,Playing,4087808,11586,0,0,0,0,1,2230,0,340,0,341
150280,Playing,4080640,11566,0,0,0,0,1,2233,0,340,0,341
150534,Playing,4064256,11520,0,0,0,0,1,2239,0,340,0,341
150786,Playing,4037632,11444,0,0,0,0,1,2241,0,340,0,341
151038,Playing,4058112,11502,0,0,0,0,1,2245,0,340,0,341
151291,Playing,4023296,11403,0,0,0,0,1,2247,95,340,95,341
151544,Playing,4043776,11461,0,0,0,0,1,2251,87,340,87,341
151796,Playing,4008960,11363,0,0,0,0,1,2253,1,340,1,341
152047,Playing,4037632,11444,0,0,0,0,1,2257,0,340,0,341
152300,Playing,4058112,11502,0,0,0,0,1,2261,2,340,3,341
152501,Playing,4012032,11371,0,0,0,0,1,2262,171,340,171,341
152754,Playing,4032512,11430,0,0,0,0,1,2266,96,340,96,341
153006,Playing,4052992,11488,0,0,0,0,1,2270,2,340,2,341
153260,Playing,4026368,11412,0,0,0,0,1,2275,0,340,0,341
153514,Playing,4019200,11392,0,0,0,0,1,2278,95,340,95,341
153770,Playing,3984384,11293,0,0,0,0,1,2280,0,340,0,341
154024,Playing,4004864,11351,0,0,0,0,1,2284,0,340,0,341
154276,Playing,4025344,11409,0,0,0,0,1,2288,0,340,0,341
154530,Playing,4045824,11467,0,0,0,0,1,2292,0,340,0,341
154781,Playing,3983360,11290,0,0,0,0,1,2293,176,340,177,341
155034,Playing,4012032,11371,0,0,0,0,1,2297,0,340,0,341
155268,Playing,4032512,11430,0,0,0,0,1,2301,0,340,0,341
155522,Playing,4033536,11432,0,0,0,0,1,2304,0,340,0,341
155775,Playing,3998720,11334,0,0,0,0,1,2306,0,340,0,341
156028,Playing,3991552,11313,0,0,0,0,1,2309,94,340,94,341
156282,Playing,3984384,11293,0,0,0,0,1,2315,93,340,93,341
156536,Playing,4004864,11351,0,0,0,0,1,2319,0,340,0,341
156790,Playing,4025344,11409,0,0,0,0,1,2323,0,340,0,341
157041,Playing,3990528,11311,0,0,0,0,1,2325,93,340,93,341
157296,Playing,3991552,11313,0,0,0,0,1,2328,0,340,0,341
157548,Playing,3984384,11293,0,0,0,0,1,2331,94,340,94,341
157750,Playing,3993600,11319,0,0,0,0,1,2334,0,340,0,341
158003,Playing,3986432,11299,0,0,0,0,1,2337,0,340,0,341
158255,Playing,3987456,11302,0,0,0,0,1,2340,177,340,177,341
158508,Playing,4007936,11360,0,0,0,0,1,2344,94,340,94,341
158760,Playing,4000768,11340,0,0,0,0,1,2348,0,340,0,341
159012,Playing,3938304,11162,0,0,0,0,1,2351,182,340,182,341
159264,Playing,3958784,11221,0,0,0,0,1,2355,0,340,0,341
159517,Playing,3979264,11279,0,0,0,0,1,2359,0,340,0,341
159772,Playing,3972096,11258,0,0,0,0,1,2362,95,340,95,341
160024,Playing,3973120,11261,0,0,0,0,1,2365,0,340,0,341
160256,Playing,3974144,11264,0,0,0,0,1,2368,99,340,99,341
160508,Playing,3966976,11244,0,0,0,0,1,2371,94,340,95,341
160763,Playing,4015104,11380,0,0,0,0,1,2376,0,340,0,341
161015,Playing,3952640,11203,0,0,0,0,1,2377,175,340,175,341
161268,Playing,3981312,11284,0,0,0,0,1,2381,0,340,0,341
161520,Playing,3974144,11264,0,0,0,0,1,2384,0,340,0,341
161773,Playing,3966976,11244,0,0,0,0,1,2390,0,340,0,341
162026,Playing,3932160,11145,0,0,0,0,1,2392,0,340,0,341
162279,Playing,3924992,11125,0,0,0,0,1,2395,0,340,0,341
162532,Playing,3945472,11183,0,0,0,0,1,2399,172,340,172,341
162786,Playing,3965952,11241,0,0,0,0,1,2403,0,340,0,341
163039,Playing,3966976,11244,0,0,0,0,1,2406,0,340,0,341
163292,Playing,3932160,11145,0,0,0,0,1,2408,0,340,0,341
163544,Playing,3952640,11203,0,0,0,0,1,2412,0,340,0,341
163798,Playing,3945472,11183,0,0,0,0,1,2415,0,340,0,341
164000,Playing,3927040,11131,0,0,0,0,1,2417,0,340,0,341
164252,Playing,3955712,11212,0,0,0,0,1,2421,0,340,0,341
164505,Playing,3920896,11113,0,0,0,0,1,2426,0,340,0,341
164760,Playing,3886080,11014,0,0,0,0,1,2428,0,340,0,341
165056,Playing,3945472,11183,0,0,0,0,1,2434,0,340,0,341
165260,Playing,3899392,11052,0,0,0,0,1,2435,177,340,177,341
165514,Playing,3919872,11110,0,0,0,0,1,2439,0,340,0,341
165767,Playing,3948544,11192,0,0,0,0,1,2443,0,340,0,341
166020,Playing,3886080,11014,0,0,0,0,1,2444,174,340,174,341
166273,Playing,3906560,11073,0,0,0,0,1,2448,0,340,0,341
166527,Playing,3927040,11131,0,0,0,0,1,2452,0,340,0,341
166781,Playing,3919872,11110,0,0,0,0,1,2455,0,340,0,341
167033,Playing,3940352,11168,0,0,0,0,1,2459,0,340,0,341
167287,Playing,3896320,11043,0,0,0,0,1,2461,94,340,94,341
167541,Playing,3878912,10994,0,0,0,0,1,2466,175,340,175,341
167795,Playing,3899392,11052,0,0,0,0,1,2470,0,340,0,341
168000,Playing,3853312,10922,0,0,0,0,1,2471,95,340,95,341
168252,Playing,3873792,10980,0,0,0,0,1,2475,92,340,92,341
168505,Playing,3894272,11038,0,0,0,0,1,2479,0,340,0,341
168758,Playing,3887104,11017,0,0,0,0,1,2482,178,340,178,341
169012,Playing,3915776,11099,0,0,0,0,1,2486,0,340,0,341
169264,Playing,3880960,11000,0,0,0,0,1,2488,0,340,0,341
169517,Playing,3873792,10980,0,0,0,0,1,2491,93,340,94,341
169770,Playing,3894272,11038,0,0,0,0,1,2495,173,340,173,341
170023,Playing,3896320,11043,0,0,0,0,1,2501,0,340,14,341
170276,Playing,3815424,10814,0,0,0,0,1,2502,95,340,95,341
170528,Playing,3871744,10974,0,0,0,0,1,2507,0,340,0,341
170788,Playing,3864576,10954,0,0,0,0,1,2510,0,340,0,341
171015,Playing,3865600,10956,0,0,0,0,1,2513,174,340,175,341
171267,Playing,3830784,10858,0,0,0,0,1,2515,0,340,0,341
171519,Playing,3851264,10916,0,0,0,0,1,2519,13,340,13,341
171772,Playing,3844096,10895,0,0,0,0,1,2522,95,340,95,341
172025,Playing,3892224,11032,0,0,0,0,1,2527,2,340,2,341
172278,Playing,3893248,11035,0,0,0,0,1,2530,0,340,0,341
172533,Playing,3858432,10936,0,0,0,0,1,2532,0,340,0,341
172785,Playing,3878912,10994,0,0,0,0,1,2536,15,340,15,341
173038,Playing,3834880,10869,0,0,0,0,1,2541,0,340,0,341
173292,Playing,3800064,10771,0,0,0,0,1,2543,0,340,0,341
173546,Playing,3792896,10750,0,0,0,0,1,2546,0,340,0,341
173799,Playing,3821568,10832,0,0,0,0,1,2550,89,340,89,341
174002,Playing,3858432,10936,0,0,0,0,1,2554,15,340,15,341
174255,Playing,3851264,10916,0,0,0,0,1,2557,3,340,3,341
174509,Playing,3871744,10974,0,0,0,0,1,2561,13,340,13,341
174763,Playing,3836928,10875,0,0,0,0,1,2563,0,340,0,341
175015,Playing,3829760,10855,0,0,0,0,1,2566,1,340,1,341
175270,Playing,3822592,10835,0,0,0,0,1,2569,96,340,96,341
175522,Playing,3851264,10916,0,0,0,0,1,2573,86,340,87,341
175776,Playing,3798016,10765,0,0,0,0,1,2577,0,340,6,341
176041,Playing,3791872,10747,0,0,0,0,1,2581,0,340,0,341
176294,Playing,3792896,10750,0,0,0,0,1,2584,94,340,94,341
176547,Playing,3813376,10808,0,0,0,0,1,2588,1,340,2,341
176750,Playing,3794944,10756,0,0,0,0,1,2590,2,340,2,341
177002,Playing,3787776,10736,0,0,0,0,1,2593,173,340,173,341
177255,Playing,3808256,10794,0,0,0,0,1,2597,0,340,0,341
177510,Playing,3828736,10852,0,0,0,0,1,2601,0,340,0,341
177762,Playing,3857408,10933,0,0,0,0,1,2605,0,340,0,341
178015,Playing,3767296,10678,0,0,0,0,1,2605,0,340,0,341
178268,Playing,3815424,10814,0,0,0,0,1,2610,11,340,11,341
178522,Playing,3808256,10794,0,0,0,0,1,2616,0,340,0,341
178775,Playing,3801088,10774,0,0,0,0,1,2619,0,340,0,341
179028,Playing,3738624,10597,0,0,0,0,1,2620,176,340,176,341
179289,Playing,3786752,10733,0,0,0,0,1,2625,0,340,0,341
179514,Playing,3760128,10657,0,0,0,0,1,2627,94,340,94,341
179767,Playing,3816448,10817,0,0,0,0,1,2632,0,340,0,341
180021,Playing,3753984,10640,0,0,0,0,1,2633,178,340,178,341
180272,Playing,3774464,10698,0,0,0,0,1,2637,0,340,0,341
180525,Playing,3767296,10678,0,0,0,0,1,2640,94,340,95,341
180778,Playing,3815424,10814,0,0,0,0,1,2645,0,340,0,341
181032,Playing,3808256,10794,0,0,0,0,1,2648,0,340,0,341
181287,Playing,3773440,10695,0,0,0,0,1,2650,0,340,0,341
181540,Playing,3746816,10620,0,0,0,0,1,2655,0,340,0,341
181794,Playing,3767296,10678,0,0,0,0,1,2659,95,340,95,341
182047,Playing,3787776,10736,0,0,0,0,1,2663,1,340,1,341
182250,Playing,3741696,10605,0,0,0,0,1,2664,169,340,170,341
182543,Playing,3745792,10617,0,0,0,0,1,2668,173,340,173,341
182756,Playing,3782656,10721,0,0,0,0,1,2672,0,340,0,341
183011,Playing,3775488,10701,0,0,0,0,1,2675,96,340,96,341
183264,Playing,3748864,10626,0,0,0,0,1,2677,1,340,1,341
183518,Playing,3769344,10684,0,0,0,0,1,2681,0,340,0,341
183771,Playing,3762176,10663,0,0,0,0,1,2684,0,340,0,341
184025,Playing,3782656,10721,0,0,0,0,1,2688,83,340,84,341
184279,Playing,3720192,10544,0,0,0,0,1,2692,0,340,0,341
184533,Playing,3740672,10602,0,0,0,0,1,2696,0,340,0,341
184786,Playing,3733504,10582,0,0,0,0,1,2699,0,340,0,341
185040,Playing,3753984,10640,0,0,0,0,1,2703,0,340,0,341
185292,Playing,3699712,10486,0,0,0,0,1,2704,97,340,97,341
185546,Playing,3747840,10623,0,0,0,0,1,2709,0,340,0,341
185800,Playing,3713024,10524,0,0,0,0,1,2711,173,340,173,341
186001,Playing,3722240,10550,0,0,0,0,1,2714,15,340,16,341
186257,Playing,3715072,10530,0,0,0,0,1,2717,14,340,14,341
186510,Playing,3735552,10588,0,0,0,0,1,2721,0,340,1,341
186764,Playing,3728384,10567,0,0,0,0,1,2724,173,340,174,341
187018,Playing,3692544,10466,0,0,0,0,1,2728,0,340,9,341
187274,Playing,3666944,10393,0,0,0,0,1,2731,0,340,0,341
187526,Playing,3715072,10530,0,0,0,0,1,2736,14,340,14,341
187778,Playing,3707904,10509,0,0,0,0,1,2739,0,340,0,341
188032,Playing,3673088,10411,0,0,0,0,1,2741,0,340,0,341
188285,Playing,3665920,10390,0,0,0,0,1,2744,95,340,95,341
188540,Playing,3686400,10448,0,0,0,0,1,2748,94,340,94,341
188793,Playing,3679232,10428,0,0,0,0,1,2751,92,340,92,341
189046,Playing,3735552,10588,0,0,0,0,1,2756,0,340,0,341
189298,Playing,3728384,10567,0,0,0,0,1,2759,0,340,0,341
189500,Playing,3709952,10515,0,0,0,0,1,2761,0,340,0,341
189754,Playing,3693568,10469,0,0,0,0,1,2766,0,340,13,341
190007,Playing,3695616,10475,0,0,0,0,1,2770,0,340,0,341
190262,Playing,3696640,10478,0,0,0,0,1,2773,95,340,95,341
190514,Playing,3661824,10379,0,0,0,0,1,2775,0,340,0,341
190768,Playing,3682304,10437,0,0,0,0,1,2779,93,340,93,341
191021,Playing,3702784,10495,0,0,0,0,1,2783,0,340,0,341
191274,Playing,3695616,10475,0,0,0,0,1,2786,14,340,14,341
191526,Playing,3716096,10533,0,0,0,0,1,2790,16,340,16,341
191804,Playing,3673088,10411,0,0,0,0,1,2792,0,340,0,341
192005,Playing,3690496,10460,0,0,0,0,1,2795,95,340,95,341
192260,Playing,3710976,10518,0,0,0,0,1,2799,0,340,0,341
192514,Playing,3694592,10472,0,0,0,0,1,2802,97,340,97,341
192768,Playing,3641344,10321,0,0,0,0,1,2806,175,340,175,341
193021,Playing,3661824,10379,0,0,0,0,1,2810,0,340,0,341
193274,Playing,3654656,10359,0,0,0,0,1,2813,175,340,175,341
193527,Playing,3683328,10440,0,0,0,0,1,2817,0,340,0,341
193779,Playing,3676160,10419,0,0,0,0,1,2820,0,340,0,341
194032,Playing,3668992,10399,0,0,0,0,1,2823,0,340,0,341
194284,Playing,3661824,10379,0,0,0,0,1,2826,93,340,94,341
194538,Playing,3682304,10437,0,0,0,0,1,2830,94,340,94,341
194791,Playing,3702784,10495,0,0,0,0,1,2834,16,340,16,341
195044,Playing,3648512,10341,0,0,0,0,1,2835,178,340,178,341
195296,Playing,3668992,10399,0,0,0,0,1,2839,0,340,0,341
195550,Playing,3652608,10353,0,0,0,0,1,2845,0,340,0,341
195753,Playing,3606528,10222,0,0,0,0,1,2846,175,340,175,341
196006,Playing,3627008,10280,0,0,0,0,1,2850,0,340,0,341
196260,Playing,3647488,10338,0,0,0,0,1,2854,0,340,0,341
196513,Playing,3648512,10341,0,0,0,0,1,2857,0,340,0,341
196766,Playing,3613696,10242,0,0,0,0,1,2859,0,340,0,341
197020,Playing,3606528,10222,0,0,0,0,1,2862,175,340,175,341
197271,Playing,3627008,10280,0,0,0,0,1,2866,175,340,175,341
197525,Playing,3647488,10338,0,0,0,0,1,2870,0,340,0,341
197779,Playing,3612672,10240,0,0,0,0,1,2872,12,340,12,341
198032,Playing,3613696,10242,0,0,0,0,1,2875,94,340,94,341
198286,Playing,3597312,10196,0,0,0,0,1,2881,1,340,2,341
198539,Playing,3562496,10097,0,0,0,0,1,2883,0,340,0,341
198792,Playing,3555328,10077,0,0,0,0,1,2886,2,340,3,341
199045,Playing,3575808,10135,0,0,0,0,1,2890,86,340,86,341
199299,Playing,3568640,10115,0,0,0,0,1,2893,95,340,95,341
199501,Playing,3586048,10164,0,0,0,0,1,2896,0,340,0,341
199755,Playing,3578880,10144,0,0,0,0,1,2899,95,340,96,341
200006,Playing,3571712,10123,0,0,0,0,1,2902,95,340,95,341
200261,Playing,3619840,10260,0,0,0,0,1,2907,1,340,1,341
200515,Playing,3585024,10161,0,0,0,0,1,2909,176,340,176,341
200770,Playing,3577856,10141,0,0,0,0,1,2912,0,340,0,341
201023,Playing,3570688,10120,0,0,0,0,1,2915,1,340,1,341
201276,Playing,3562496,10097,0,0,0,0,1,2921,95,340,95,341
201529,Playing,3555328,10077,0,0,0,0,1,2924,174,340,174,341
201783,Playing,3520512,9978,0,0,0,0,1,2926,0,340,0,341
202048,Playing,3540992,10036,0,0,0,0,1,2930,95,340,95,341
202251,Playing,3577856,10141,0,0,0,0,1,2934,0,340,0,341
202505,Playing,3598336,10199,0,0,0,0,1,2938,14,340,14,341
202758,Playing,3563520,10100,0,0,0,0,1,2940,0,340,0,341
203011,Playing,3556352,10080,0,0,0,0,1,2943,0,340,0,341
203264,Playing,3576832,10138,0,0,0,0,1,2947,0,340,0,341
203518,Playing,3577856,10141,0,0,0,0,1,2950,1,340,1,341
203772,Playing,3543040,10042,0,0,0,0,1,2952,0,340,0,341
204024,Playing,3591168,10179,0,0,0,0,1,2960,14,340,14,341
204276,Playing,3528704,10001,0,0,0,0,1,2961,174,340,174,341
204531,Playing,3549184,10060,0,0,0,0,1,2965,0,340,0,341
204784,Playing,3542016,10039,0,0,0,0,1,2968,94,340,94,341
205036,Playing,3534848,10019,0,0,0,0,1,2971,88,340,89,341
205289,Playing,3535872,10022,0,0,0,0,1,2974,6,340,6,341
205542,Playing,3528704,10001,0,0,0,0,1,2977,92,340,92,341
205796,Playing,3549184,10060,0,0,0,0,1,2981,93,340,93,341
206049,Playing,3569664,10118,0,0,0,0,1,2985,0,340,0,341
206251,Playing,3551232,10065,0,0,0,0,1,2987,0,340,0,341
206506,Playing,3571712,10123,0,0,0,0,1,2991,5,340,5,341
206760,Playing,3545088,10048,0,0,0,0,1,2996,0,340,0,341
207026,Playing,3529728,10004,0,0,0,0,1,2999,93,340,93,341
207279,Playing,3550208,10062,0,0,0,0,1,3003,92,340,92,341
207531,Playing,3515392,9964,0,0,0,0,1,3005,0,340,0,341
207784,Playing,3544064,10045,0,0,0,0,1,3009,0,340,0,341
208039,Playing,3536896,10025,0,0,0,0,1,3012,0,340,0,341
208292,Playing,3474432,9848,0,0,0,0,1,3013,175,340,175,341
208545,Playing,3522560,9984,0,0,0,0,1,3018,0,340,0,341
208799,Playing,3543040,10042,0,0,0,0,1,3022,0,340,0,341
209002,Playing,3552256,10068,0,0,0,0,1,3025,0,340,0,341
209255,Playing,3525632,9993,0,0,0,0,1,3027,0,340,0,341
209510,Playing,3490816,9894,0,0,0,0,1,3032,0,340,14,341
209764,Playing,3511296,9952,0,0,0,0,1,3036,0,340,0,341
210016,Playing,3531776,10010,0,0,0,0,1,3040,0,340,0,341
210268,Playing,3524608,9990,0,0,0,0,1,3043,0,340,0,341
210522,Playing,3489792,9891,0,0,0,0,1,3045,0,340,0,341
210776,Playing,3482624,9871,0,0,0,0,1,3048,94,340,94,341
211029,Playing,3503104,9929,0,0,0,0,1,3052,92,340,92,341
211283,Playing,3531776,10010,0,0,0,0,1,3056,12,340,13,341
211541,Playing,3488768,9888,0,0,0,0,1,3058,0,340,0,341
211793,Playing,3489792,9891,0,0,0,0,1,3061,0,340,0,341
212046,Playing,3510272,9949,0,0,0,0,1,3065,83,340,83,341
212300,Playing,3503104,9929,0,0,0,0,1,3071,1,340,1,341
212501,Playing,3457024,9798,0,0,0,0,1,3072,175,340,175,341
212755,Playing,3458048,9801,0,0,0,0,1,3075,177,340,177,341
213009,Playing,3506176,9938,0,0,0,0,1,3080,0,340,0,341
213262,Playing,3499008,9917,0,0,0,0,1,3083,91,340,91,341
213515,Playing,3491840,9897,0,0,0,0,1,3086,0,340,0,341
213768,Playing,3484672,9877,0,0,0,0,1,3089,0,340,0,341
214022,Playing,3477504,9856,0,0,0,0,1,3092,96,340,96,341
214275,Playing,3497984,9914,0,0,0,0,1,3096,0,340,0,341
214526,Playing,3443712,9761,0,0,0,0,1,3097,176,340,177,341
214780,Playing,3464192,9819,0,0,0,0,1,3101,95,340,95,341
215033,Playing,3484672,9877,0,0,0,0,1,3108,0,340,0,341
215285,Playing,3477504,9856,0,0,0,0,1,3111,0,340,0,341
215537,Playing,3442688,9758,0,0,0,0,1,3113,0,340,0,341
215790,Playing,3435520,9737,0,0,0,0,1,3116,0,340,0,341
216043,Playing,3464192,9819,0,0,0,0,1,3120,0,340,0,341
216296,Playing,3457024,9798,0,0,0,0,1,3123,94,340,94,341
216549,Playing,3422208,9700,0,0,0,0,1,3125,0,340,0,341
216751,Playing,3459072,9804,0,0,0,0,1,3129,97,340,97,341
217003,Playing,3479552,9862,0,0,0,0,1,3133,0,340,0,341
217255,Playing,3480576,9865,0,0,0,0,1,3136,14,340,14,341
217509,Playing,3445760,9766,0,0,0,0,1,3138,0,340,0,341
217762,Playing,3466240,9824,0,0,0,0,1,3142,0,340,0,341
218015,Playing,3431424,9726,0,0,0,0,1,3147,93,340,93,341
218270,Playing,3424256,9705,0,0,0,0,1,3150,14,340,14,341
218536,Playing,3472384,9842,0,0,0,0,1,3155,0,340,0,341
218789,Playing,3409920,9665,0,0,0,0,1,3156,176,340,177,341
219042,Playing,3430400,9723,0,0,0,0,1,3160,0,340,0,341
219295,Playing,3450880,9781,0,0,0,0,1,3164,0,340,0,341
219549,Playing,3443712,9761,0,0,0,0,1,3167,3,340,4,341
219752,Playing,3461120,9810,0,0,0,0,1,3170,0,340,0,341
220006,Playing,3453952,9790,0,0,0,0,1,3173,0,340,0,341
220284,Playing,3438592,9746,0,0,0,0,1,3176,98,340,98,341
220539,Playing,3459072,9804,0,0,0,0,1,3180,16,340,16,341
220794,Playing,3387392,9601,0,0,0,0,1,3184,0,340,0,341
221048,Playing,3380224,9581,0,0,0,0,1,3187,176,340,176,341
221251,Playing,3361792,9528,0,0,0,0,1,3189,0,340,0,341
221505,Playing,3382272,9586,0,0,0,0,1,3193,174,340,174,341
221759,Playing,3402752,9644,0,0,0,0,1,3197,0,340,0,341
222035,Playing,3395584,9624,0,0,0,0,1,3200,0,340,0,341
222289,Playing,3388416,9604,0,0,0,0,1,3203,173,340,173,341
222543,Playing,3381248,9584,0,0,0,0,1,3206,19,340,20,341
222796,Playing,3374080,9563,0,0,0,0,1,3209,95,340,95,341
223050,Playing,3366912,9543,0,0,0,0,1,3212,0,340,0,341
223253,Playing,3376128,9569,0,0,0,0,1,3215,0,340,0,341
223506,Playing,3377152,9572,0,0,0,0,1,3218,172,340,172,341
223761,Playing,3360768,9525,0,0,0,0,1,3224,14,340,15,341
224012,Playing,3353600,9505,0,0,0,0,1,3227,1,340,1,341
224266,Playing,3318784,9406,0,0,0,0,1,3229,0,340,0,341
224520,Playing,3339264,9465,0,0,0,0,1,3233,1,340,1,341
224774,Playing,3359744,9523,0,0,0,0,1,3237,0,340,0,341
225029,Playing,3360768,9525,0,0,0,0,1,3240,93,340,93,341
225280,Playing,3381248,9584,0,0,0,0,1,3244,14,340,14,341
225500,Playing,3382272,9586,0,0,0,0,1,3247,0,340,0,341
225755,Playing,3347456,9488,0,0,0,0,1,3249,0,340,0,341
226009,Playing,3367936,9546,0,0,0,0,1,3253,0,340,0,341
226263,Playing,3378176,9575,0,0,0,0,1,3259,0,340,9,341
226516,Playing,3352576,9502,0,0,0,0,1,3262,1,340,1,341
226771,Playing,3345408,9482,0,0,0,0,1,3265,95,340,95,341
227023,Playing,3310592,9383,0,0,0,0,1,3267,0,340,0,341
227276,Playing,3331072,9441,0,0,0,0,1,3271,1,340,1,341
227529,Playing,3351552,9499,0,0,0,0,1,3275,0,340,0,341
227783,Playing,3289088,9322,0,0,0,0,1,3276,173,340,173,341
228036,Playing,3317760,9404,0,0,0,0,1,3280,94,340,94,341
228290,Playing,3338240,9462,0,0,0,0,1,3284,0,340,0,341
228543,Playing,3331072,9441,0,0,0,0,1,3287,16,340,16,341
228796,Playing,3268608,9264,0,0,0,0,1,3288,175,340,175,341
229049,Playing,3316736,9401,0,0,0,0,1,3293,0,340,0,341
229252,Playing,3298304,9348,0,0,0,0,1,3298,95,340,95,341
229504,Playing,3326976,9430,0,0,0,0,1,3302,91,340,91,341
229759,Playing,3347456,9488,0,0,0,0,1,3306,0,340,0,341
230012,Playing,3312640,9389,0,0,0,0,1,3308,0,340,0,341
230265,Playing,3305472,9369,0,0,0,0,1,3311,4,340,4,341
230516,Playing,3325952,9427,0,0,0,0,1,3315,0,340,0,341
230770,Playing,3318784,9406,0,0,0,0,1,3318,0,340,0,341
231022,Playing,3347456,9488,0,0,0,0,1,3322,1,340,1,341
231275,Playing,3284992,9311,0,0,0,0,1,3323,177,340,177,341
231532,Playing,3305472,9369,0,0,0,0,1,3327,0,340,0,341
231785,Playing,3325952,9427,0,0,0,0,1,3331,3,340,3,341
232038,Playing,3318784,9406,0,0,0,0,1,3337,0,340,0,341
232291,Playing,3311616,9386,0,0,0,0,1,3340,0,340,0,341
232543,Playing,3276800,9287,0,0,0,0,1,3342,0,340,0,341
232798,Playing,3277824,9290,0,0,0,0,1,3345,174,340,174,341
233050,Playing,3298304,9348,0,0,0,0,1,3349,0,340,0,341
233253,Playing,3279872,9296,0,0,0,0,1,3351,0,340,0,341
233505,Playing,3272704,9276,0,0,0,0,1,3354,178,340,178,341
233759,Playing,3265536,9256,0,0,0,0,1,3357,0,340,0,341
234013,Playing,3313664,9392,0,0,0,0,1,3362,4,340,4,341
234265,Playing,3314688,9395,0,0,0,0,1,3365,92,340,92,341
234518,Playing,3279872,9296,0,0,0,0,1,3367,4,340,4,341
234772,Playing,3272704,9276,0,0,0,0,1,3373,0,340,15,341
235026,Playing,3265536,9256,0,0,0,0,1,3376,176,340,176,341
235280,Playing,3286016,9314,0,0,0,0,1,3380,0,340,0,341
235533,Playing,3251200,9215,0,0,0,0,1,3382,15,340,15,341
235786,Playing,3244032,9195,0,0,0,0,1,3385,175,340,175,341
236039,Playing,3272704,9276,0,0,0,0,1,3389,0,340,0,341
236293,Playing,3293184,9334,0,0,0,0,1,3393,0,340,0,341
236547,Playing,3258368,9235,0,0,0,0,1,3395,0,340,0,341
236750,Playing,3267584,9261,0,0,0,0,1,3398,0,340,0,341
237004,Playing,3288064,9319,0,0,0,0,1,3402,0,340,0,341
237255,Playing,3253248,9221,0,0,0,0,1,3404,0,340,0,341
237508,Playing,3254272,9224,0,0,0,0,1,3407,174,340,174,341
237764,Playing,3219456,9125,0,0,0,0,1,3412,93,340,93,341
238018,Playing,3239936,9183,0,0,0,0,1,3416,0,340,0,341
238271,Playing,3205120,9084,0,0,0,0,1,3418,0,340,0,341
238529,Playing,3225600,9142,0,0,0,0,1,3422,0,340,0,341
238782,Playing,3218432,9122,0,0,0,0,1,3425,93,340,93,341
239035,Playing,3238912,9180,0,0,0,0,1,3429,0,340,0,341
239288,Playing,3231744,9160,0,0,0,0,1,3432,174,340,174,341
239541,Playing,3252224,9218,0,0,0,0,1,3436,175,340,175,341
239795,Playing,3217408,9119,0,0,0,0,1,3438,13,340,13,341
240049,Playing,3218432,9122,0,0,0,0,1,3441,93,340,94,341
240253,Playing,3227648,9148,0,0,0,0,1,3444,0,340,0,341
240508,Playing,3192832,9049,0,0,0,0,1,3449,0,340,0,341
240760,Playing,3213312,9108,0,0,0,0,1,3453,0,340,0,341
241013,Playing,3206144,9087,0,0,0,0,1,3456,0,340,0,341
241266,Playing,3171328,8989,0,0,0,0,1,3458,0,340,0,341
241520,Playing,3172352,8991,0,0,0,0,1,3461,94,340,95,341
241774,Playing,3220480,9128,0,0,0,0,1,3466,0,340,0,341
242026,Playing,3213312,9108,0,0,0,0,1,3469,0,340,0,341
242279,Playing,3206144,9087,0,0,0,0,1,3472,93,340,93,341
242532,Playing,3171328,8989,0,0,0,0,1,3474,0,340,0,341
242785,Playing,3191808,9047,0,0,0,0,1,3478,0,340,0,341
243039,Playing,3192832,9049,0,0,0,0,1,3481,94,340,94,341
243291,Playing,3213312,9108,0,0,0,0,1,3488,0,340,0,341
243544,Playing,3206144,9087,0,0,0,0,1,3491,0,340,0,341
243796,Playing,3171328,8989,0,0,0,0,1,3493,0,340,0,341
244050,Playing,3164160,8968,0,0,0,0,1,3496,0,340,0,341
244252,Playing,3209216,9096,0,0,0,0,1,3500,88,340,88,341
244506,Playing,3202048,9076,0,0,0,0,1,3503,91,340,91,341
244760,Playing,3167232,8977,0,0,0,0,1,3505,0,340,1,341
245013,Playing,3187712,9035,0,0,0,0,1,3509,89,340,89,341
245266,Playing,3208192,9093,0,0,0,0,1,3513,3,340,3,341
245520,Playing,3201024,9073,0,0,0,0,1,3516,0,340,0,341
245772,Playing,3166208,8974,0,0,0,0,1,3518,0,340,0,341
246025,Playing,3176448,9003,0,0,0,0,1,3524,0,340,13,341
246279,Playing,3150848,8930,0,0,0,0,1,3527,1,340,1,341
246533,Playing,3171328,8989,0,0,0,0,1,3531,0,340,0,341
246785,Playing,3136512,8890,0,0,0,0,1,3533,1,340,2,341
247039,Playing,3129344,8870,0,0,0,0,1,3536,93,340,93,341
247292,Playing,3149824,8928,0,0,0,0,1,3540,15,340,15,341
247545,Playing,3170304,8986,0,0,0,0,1,3544,18,340,18,341
247799,Playing,3171328,8989,0,0,0,0,1,3547,87,340,87,341
248002,Playing,3180544,9015,0,0,0,0,1,3550,0,340,0,341
248257,Playing,3173376,8994,0,0,0,0,1,3553,1,340,1,341
248511,Playing,3166208,8974,0,0,0,0,1,3556,95,340,95,341
248763,Playing,3131392,8875,0,0,0,0,1,3558,0,340,0,341
249016,Playing,3142656,8907,0,0,0,0,1,3565,98,340,98,341
249270,Playing,3116032,8832,0,0,0,0,1,3567,0,340,0,341
249523,Playing,3136512,8890,0,0,0,0,1,3571,0,340,0,341
249778,Playing,3156992,8948,0,0,0,0,1,3575,0,340,0,341
250036,Playing,3122176,8849,0,0,0,0,1,3577,0,340,0,341
250291,Playing,3115008,8829,0,0,0,0,1,3580,0,340,0,341
250506,Playing,3124224,8855,0,0,0,0,1,3583,102,340,102,341
250762,Playing,3144704,8913,0,0,0,0,1,3587,93,340,93,341
251016,Playing,3165184,8971,0,0,0,0,1,3591,17,340,17,341
251270,Playing,3102720,8794,0,0,0,0,1,3592,172,340,172,341
251524,Playing,3123200,8852,0,0,0,0,1,3596,95,340,95,341
251777,Playing,3106816,8806,0,0,0,0,1,3602,0,340,0,341
252032,Playing,3107840,8809,0,0,0,0,1,3605,98,340,98,341
252284,Playing,3128320,8867,0,0,0,0,1,3609,0,340,0,341
252537,Playing,3093504,8768,0,0,0,0,1,3611,0,340,0,341
252789,Playing,3086336,8748,0,0,0,0,1,3614,97,340,97,341
253043,Playing,3106816,8806,0,0,0,0,1,3618,95,340,95,341
253294,Playing,3135488,8887,0,0,0,0,1,3622,0,340,0,341
253546,Playing,3128320,8867,0,0,0,0,1,3625,93,340,93,341
253750,Playing,3109888,8814,0,0,0,0,1,3627,0,340,0,341
254004,Playing,3130368,8872,0,0,0,0,1,3631,0,340,0,341
254255,Playing,3067904,8695,0,0,0,0,1,3632,175,340,175,341
254509,Playing,3096576,8777,0,0,0,0,1,3639,0,340,0,341
254762,Playing,3089408,8756,0,0,0,0,1,3642,0,340,0,341
255016,Playing,3109888,8814,0,0,0,0,1,3646,0,340,0,341
255270,Playing,3075072,8716,0,0,0,0,1,3648,163,340,163,341
255523,Playing,3067904,8695,0,0,0,0,1,3651,0,340,0,341
255776,Playing,3060736,8675,0,0,0,0,1,3654,177,340,177,341
256028,Playing,3081216,8733,0,0,0,0,1,3658,5,340,5,341
256282,Playing,3074048,8713,0,0,0,0,1,3661,94,340,94,341
256535,Playing,3102720,8794,0,0,0,0,1,3665,95,340,95,341
256763,Playing,3076096,8719,0,0,0,0,1,3667,0,340,0,341
257015,Playing,3096576,8777,0,0,0,0,1,3671,0,340,0,341
257267,Playing,3061760,8678,0,0,0,0,1,3676,0,340,13,341
257521,Playing,3026944,8579,0,0,0,0,1,3678,0,340,0,341
257774,Playing,3027968,8582,0,0,0,0,1,3681,173,340,173,341
258029,Playing,3076096,8719,0,0,0,0,1,3686,0,340,0,341
258283,Playing,3068928,8698,0,0,0,0,1,3689,177,340,177,341
258535,Playing,3034112,8600,0,0,0,0,1,3691,0,340,0,341
258789,Playing,3026944,8579,0,0,0,0,1,3694,93,340,93,341
259042,Playing,3047424,8637,0,0,0,0,1,3698,0,340,0,341
259295,Playing,3067904,8695,0,0,0,0,1,3702,0,340,0,341
259548,Playing,3068928,8698,0,0,0,0,1,3705,0,340,0,341
259751,Playing,3050496,8646,0,0,0,0,1,3707,0,340,0,341
260013,Playing,3070976,8704,0,0,0,0,1,3711,0,340,0,341
260265,Playing,3063808,8684,0,0,0,0,1,3717,0,340,0,341
260519,Playing,3001344,8507,0,0,0,0,1,3718,95,340,95,341
260772,Playing,3021824,8565,0,0,0,0,1,3722,0,340,0,341
261025,Playing,3014656,8544,0,0,0,0,1,3725,0,340,0,341
261279,Playing,3035136,8602,0,0,0,0,1,3729,177,340,177,341
261532,Playing,3063808,8684,0,0,0,0,1,3733,0,340,0,341
261785,Playing,3001344,8507,0,0,0,0,1,3734,96,340,96,341
262037,Playing,3021824,8565,0,0,0,0,1,3738,0,340,0,341
262291,Playing,3042304,8623,0,0,0,0,1,3742,0,340,0,341
262544,Playing,3035136,8602,0,0,0,0,1,3745,0,340,0,341
262797,Playing,3027968,8582,0,0,0,0,1,3748,177,340,177,341
263000,Playing,3017728,8553,0,0,0,0,1,3753,0,340,0,341
263254,Playing,3010560,8533,0,0,0,0,1,3756,177,340,177,341
263508,Playing,2975744,8434,0,0,0,0,1,3758,0,340,0,341
263762,Playing,2996224,8492,0,0,0,0,1,3762,0,340,0,341
264014,Playing,2989056,8472,0,0,0,0,1,3765,95,340,95,341
264266,Playing,3017728,8553,0,0,0,0,1,3769,0,340,0,341
264520,Playing,3038208,8611,0,0,0,0,1,3773,0,340,0,341
264773,Playing,2975744,8434,0,0,0,0,1,3774,96,340,96,341
265025,Playing,2996224,8492,0,0,0,0,1,3778,0,340,0,341
265278,Playing,3016704,8550,0,0,0,0,1,3782,0,340,0,341
265532,Playing,3009536,8530,0,0,0,0,1,3785,0,340,0,341
265787,Playing,3002368,8510,0,0,0,0,1,3791,0,340,0,341
266039,Playing,2939904,8333,0,0,0,0,1,3792,176,340,176,341
266292,Playing,2968576,8414,0,0,0,0,1,3796,94,340,94,341
266544,Playing,2961408,8394,0,0,0,0,1,3799,94,340,94,341
266797,Playing,3009536,8530,0,0,0,0,1,3804,0,340,0,341
267001,Playing,2963456,8399,0,0,0,0,1,3805,95,340,95,341
267254,Playing,2983936,8457,0,0,0,0,1,3809,0,340,0,341
267509,Playing,2984960,8460,0,0,0,0,1,3812,0,340,0,341
267761,Playing,2950144,8362,0,0,0,0,1,3814,0,340,0,341
268014,Playing,2970624,8420,0,0,0,0,1,3818,0,340,0,341
268267,Playing,2991104,8478,0,0,0,0,1,3822,0,340,0,341
268522,Playing,2974720,8431,0,0,0,0,1,3827,0,340,15,341
268775,Playing,2976768,8437,0,0,0,0,1,3831,0,340,0,341
269028,Playing,2914304,8260,0,0,0,0,1,3832,176,340,176,341
269281,Playing,2962432,8396,0,0,0,0,1,3837,0,340,0,341
269535,Playing,2963456,8399,0,0,0,0,1,3840,0,340,0,341
269790,Playing,2956288,8379,0,0,0,0,1,3843,17,340,17,341
270043,Playing,2976768,8437,0,0,0,0,1,3847,92,340,92,341
270296,Playing,2941952,8338,0,0,0,0,1,3849,0,340,0,341
270550,Playing,2962432,8396,0,0,0,0,1,3853,0,340,0,341
270751,Playing,2971648,8423,0,0,0,0,1,3856,0,340,0,341
271003,Playing,2945024,8347,0,0,0,0,1,3858,0,340,0,341
271256,Playing,2937856,8327,0,0,0,0,1,3861,95,340,95,341
271509,Playing,2949120,8359,0,0,0,0,1,3868,0,340,0,341
271762,Playing,2941952,8338,0,0,0,0,1,3871,0,340,0,341
272014,Playing,2907136,8240,0,0,0,0,1,3873,0,340,0,341
272266,Playing,2899968,8219,0,0,0,0,1,3876,93,340,93,341
272519,Playing,2928640,8301,0,0,0,0,1,3880,94,340,94,341
272772,Playing,2949120,8359,0,0,0,0,1,3884,0,340,0,341
273041,Playing,2961408,8394,0,0,0,0,1,3888,0,340,0,341
273294,Playing,2954240,8373,0,0,0,0,1,3891,2,340,2,341
273548,Playing,2974720,8431,0,0,0,0,1,3895,0,340,0,341
273750,Playing,2936832,8324,0,0,0,0,1,3896,176,340,176,341
274003,Playing,2902016,8225,0,0,0,0,1,3898,14,340,14,341
274255,Playing,2876416,8153,0,0,0,0,1,3903,0,340,13,341
274512,Playing,2878464,8158,0,0,0,0,1,3907,91,340,91,341
274765,Playing,2898944,8216,0,0,0,0,1,3911,173,340,173,341
275018,Playing,2919424,8275,0,0,0,0,1,3915,0,340,0,341
275271,Playing,2892800,8199,0,0,0,0,1,3917,0,340,0,341
275524,Playing,2885632,8179,0,0,0,0,1,3920,0,340,0,341
275776,Playing,2878464,8158,0,0,0,0,1,3923,174,340,174,341
276029,Playing,2898944,8216,0,0,0,0,1,3927,172,340,172,341
276281,Playing,2919424,8275,0,0,0,0,1,3931,173,340,174,341
276536,Playing,2884608,8176,0,0,0,0,1,3933,0,340,0,341
276790,Playing,2877440,8156,0,0,0,0,1,3936,174,340,174,341
277042,Playing,2869248,8132,0,0,0,0,1,3942,4,340,4,341
277297,Playing,2889728,8190,0,0,0,0,1,3946,0,340,0,341
277550,Playing,2882560,8170,0,0,0,0,1,3949,87,340,87,341
277753,Playing,2864128,8118,0,0,0,0,1,3951,4,340,4,341
278007,Playing,2884608,8176,0,0,0,0,1,3955,0,340,0,341
278260,Playing,2849792,8077,0,0,0,0,1,3957,0,340,0,341
278514,Playing,2842624,8057,0,0,0,0,1,3960,1,340,1,341
278768,Playing,2871296,8138,0,0,0,0,1,3964,0,340,0,341
279024,Playing,2864128,8118,0,0,0,0,1,3967,0,340,0,341
279275,Playing,2884608,8176,0,0,0,0,1,3971,0,340,0,341
279527,Playing,2877440,8156,0,0,0,0,1,3974,94,340,94,341
279781,Playing,2842624,8057,0,0,0,0,1,3979,0,340,12,341
280034,Playing,2835456,8037,0,0,0,0,1,3982,0,340,0,341
280288,Playing,2828288,8016,0,0,0,0,1,3985,175,340,175,341
280541,Playing,2848768,8074,0,0,0,0,1,3989,173,340,173,341
280793,Playing,2822144,7999,0,0,0,0,1,3991,14,340,14,341
281046,Playing,2842624,8057,0,0,0,0,1,3995,1,340,1,341
281250,Playing,2851840,8083,0,0,0,0,1,3998,94,340,94,341
281503,Playing,2789376,7906,0,0,0,0,1,3999,175,340,175,341
281755,Playing,2837504,8042,0,0,0,0,1,4004,0,340,0,341
282010,Playing,2838528,8045,0,0,0,0,1,4007,0,340,0,341
282264,Playing,2859008,8103,0,0,0,0,1,4011,0,340,0,341
282516,Playing,2851840,8083,0,0,0,0,1,4014,13,340,13,341
282756,Playing,2825216,8007,0,0,0,0,1,4019,0,340,0,341
283010,Playing,2790400,7909,0,0,0,0,1,4021,176,340,176,341
283263,Playing,2838528,8045,0,0,0,0,1,4026,0,340,0,341
283516,Playing,2859008,8103,0,0,0,0,1,4030,0,340,0,341
283769,Playing,2851840,8083,0,0,0,0,1,4033,0,340,0,341
284021,Playing,2789376,7906,0,0,0,0,1,4034,176,340,176,341
284275,Playing,2837504,8042,0,0,0,0,1,4039,0,340,0,341
284529,Playing,2810880,7967,0,0,0,0,1,4041,93,340,93,341
284783,Playing,2859008,8103,0,0,0,0,1,4046,0,340,0,341
285037,Playing,2851840,8083,0,0,0,0,1,4049,0,340,0,341
285290,Playing,2817024,7984,0,0,0,0,1,4051,0,340,0,341
285541,Playing,2782208,7886,0,0,0,0,1,4056,97,340,97,341
285795,Playing,2802688,7944,0,0,0,0,1,4060,0,340,0,341
286049,Playing,2795520,7923,0,0,0,0,1,4063,94,340,94,341
286251,Playing,2812928,7973,0,0,0,0,1,4066,0,340,0,341
286504,Playing,2805760,7952,0,0,0,0,1,4069,0,340,0,341
286756,Playing,2826240,8010,0,0,0,0,1,4073,1,340,2,341
287009,Playing,2791424,7912,0,0,0,0,1,4075,0,340,0,341
287263,Playing,2784256,7891,0,0,0,0,1,4078,0,340,0,341
287516,Playing,2777088,7871,0,0,0,0,1,4081,174,340,174,341
287770,Playing,2833408,8031,0,0,0,0,1,4086,0,340,0,341
288022,Playing,2826240,8010,0,0,0,0,1,4089,0,340,0,341
288276,Playing,2763776,7833,0,0,0,0,1,4093,2,340,2,341
288530,Playing,2756608,7813,0,0,0,0,1,4096,0,340,0,341
288782,Playing,2777088,7871,0,0,0,0,1,4100,0,340,0,341
289049,Playing,2797568,7929,0,0,0,0,1,4104,0,340,0,341
289252,Playing,2751488,7799,0,0,0,0,1,4105,160,340,160,341
289507,Playing,2771968,7857,0,0,0,0,1,4109,170,340,170,341
289763,Playing,2792448,7915,0,0,0,0,1,4113,0,340,0,341
290019,Playing,2785280,7894,0,0,0,0,1,4116,2,340,2,341
290272,Playing,2750464,7796,0,0,0,0,1,4118,0,340,0,341
290525,Playing,2770944,7854,0,0,0,0,1,4122,0,340,0,341
290779,Playing,2771968,7857,0,0,0,0,1,4125,1,340,2,341
291033,Playing,2764800,7836,0,0,0,0,1,4131,0,340,0,341
291286,Playing,2785280,7894,0,0,0,0,1,4135,0,340,0,341
291542,Playing,2722816,7717,0,0,0,0,1,4136,95,340,95,341
291799,Playing,2743296,7775,0,0,0,0,1,4140,175,340,175,341
292001,Playing,2724864,7723,0,0,0,0,1,4142,0,340,0,341
292271,Playing,2709504,7680,0,0,0,0,1,4145,95,340,95,341
292526,Playing,2738176,7761,0,0,0,0,1,4149,14,340,14,341
292779,Playing,2758656,7819,0,0,0,0,1,4153,0,340,0,341
293032,Playing,2751488,7799,0,0,0,0,1,4156,0,340,0,341
293286,Playing,2744320,7778,0,0,0,0,1,4159,0,340,0,341
293539,Playing,2737152,7758,0,0,0,0,1,4162,0,340,0,341
293791,Playing,2729984,7738,0,0,0,0,1,4165,95,340,95,341
294045,Playing,2722816,7717,0,0,0,0,1,4171,13,340,14,341
294299,Playing,2743296,7775,0,0,0,0,1,4175,10,340,10,341
294501,Playing,2705408,7668,0,0,0,0,1,4176,162,340,162,341
294755,Playing,2725888,7726,0,0,0,0,1,4180,0,340,0,341
295009,Playing,2746368,7784,0,0,0,0,1,4184,0,340,0,341
295261,Playing,2739200,7764,0,0,0,0,1,4187,97,340,97,341
295514,Playing,2767872,7845,0,0,0,0,1,4191,0,340,0,341
295766,Playing,2705408,7668,0,0,0,0,1,4192,174,340,174,341
296019,Playing,2725888,7726,0,0,0,0,1,4196,95,340,95,341
296272,Playing,2746368,7784,0,0,0,0,1,4200,0,340,0,341
296525,Playing,2748416,7790,0,0,0,0,1,4206,0,340,13,341
296781,Playing,2667520,7560,0,0,0,0,1,4207,176,340,176,341
297034,Playing,2688000,7619,0,0,0,0,1,4211,0,340,0,341
297286,Playing,2689024,7621,0,0,0,0,1,4214,0,340,0,341
297540,Playing,2709504,7680,0,0,0,0,1,4218,93,340,93,341
297791,Playing,2729984,7738,0,0,0,0,1,4222,1,340,1,341
298044,Playing,2667520,7560,0,0,0,0,1,4223,174,340,174,341
298296,Playing,2696192,7642,0,0,0,0,1,4227,173,340,173,341
298549,Playing,2716672,7700,0,0,0,0,1,4231,3,340,3,341
298752,Playing,2698240,7648,0,0,0,0,1,4233,0,340,0,341
299004,Playing,2691072,7627,0,0,0,0,1,4236,0,340,0,341
299287,Playing,2703360,7662,0,0,0,0,1,4240,0,340,0,341
299541,Playing,2659328,7537,0,0,0,0,1,4245,95,340,95,341
299795,Playing,2679808,7595,0,0,0,0,1,4249,172,340,172,341
300047,Playing,2653184,7520,0,0,0,0,1,4251,0,340,0,341
300299,Playing,2646016,7500,0,0,0,0,1,4254,175,340,175,341
300503,Playing,2627584,7447,0,0,0,0,1,4256,0,340,0,341
300756,Playing,2648064,7505,0,0,0,0,1,4260,0,340,0,341
301010,Playing,2640896,7485,0,0,0,0,1,4263,96,340,97,341
301265,Playing,2689024,7621,0,0,0,0,1,4268,0,340,0,341
301519,Playing,2690048,7624,0,0,0,0,1,4271,1,340,1,341
301772,Playing,2682880,7604,0,0,0,0,1,4274,94,340,94,341
302025,Playing,2648064,7505,0,0,0,0,1,4276,0,340,0,341
302278,Playing,2650112,7511,0,0,0,0,1,4282,0,340,12,341
302532,Playing,2652160,7517,0,0,0,0,1,4286,0,340,0,341
302785,Playing,2644992,7497,0,0,0,0,1,4289,0,340,0,341
303044,Playing,2665472,7555,0,0,0,0,1,4293,0,340,0,341
303298,Playing,2658304,7534,0,0,0,0,1,4296,92,340,92,341
303501,Playing,2648064,7505,0,0,0,0,1,4298,0,340,0,341
303755,Playing,2668544,7563,0,0,0,0,1,4302,0,340,0,341
304016,Playing,2661376,7543,0,0,0,0,1,4305,94,340,94,341
304259,Playing,2626560,7444,0,0,0,0,1,4307,0,340,0,341
304516,Playing,2647040,7502,0,0,0,0,1,4311,179,340,179,341
304771,Playing,2667520,7560,0,0,0,0,1,4315,0,340,0,341
305028,Playing,2605056,7383,0,0,0,0,1,4316,258,340,258,341
305282,Playing,2597888,7363,0,0,0,0,1,4322,0,340,0,341
305534,Playing,2598912,7366,0,0,0,0,1,4325,173,340,173,341
305789,Playing,2619392,7424,0,0,0,0,1,4329,165,340,165,341
306042,Playing,2529280,7169,0,0,0,0,1,4329,165,340,165,341
306295,Playing,2605056,7383,0,0,0,0,1,4335,0,340,0,341
306548,Playing,2570240,7285,0,0,0,0,1,4337,177,340,177,341
306750,Playing,2587648,7334,0,0,0,0,1,4340,0,340,0,341
307003,Playing,2608128,7392,0,0,0,0,1,4344,0,340,0,341
307255,Playing,2600960,7372,0,0,0,0,1,4347,173,340,173,341
307508,Playing,2593792,7352,0,0,0,0,1,4350,173,340,173,341
307763,Playing,2641920,7488,0,0,0,0,1,4355,0,340,1,341
308017,Playing,2579456,7311,0,0,0,0,1,4359,2,340,2,341
308270,Playing,2572288,7291,0,0,0,0,1,4362,0,340,0,341
308523,Playing,2573312,7293,0,0,0,0,1,4365,94,340,94,341
308777,Playing,2593792,7352,0,0,0,0,1,4369,171,340,172,341
309029,Playing,2558976,7253,0,0,0,0,1,4371,0,340,0,341
309281,Playing,2579456,7311,0,0,0,0,1,4375,12,340,12,341
309534,Playing,2572288,7291,0,0,0,0,1,4378,93,340,93,341
309791,Playing,2592768,7349,0,0,0,0,1,4382,14,340,15,341
310049,Playing,2585600,7328,0,0,0,0,1,4385,91,340,91,341
310251,Playing,2594816,7354,0,0,0,0,1,4388,94,340,94,341
310505,Playing,2595840,7357,0,0,0,0,1,4391,0,340,0,341
310758,Playing,2561024,7259,0,0,0,0,1,4396,0,340,13,341
311011,Playing,2581504,7317,0,0,0,0,1,4400,96,340,96,341
311263,Playing,2601984,7375,0,0,0,0,1,4404,0,340,0,341
311516,Playing,2567168,7276,0,0,0,0,1,4406,0,340,0,341
311769,Playing,2560000,7256,0,0,0,0,1,4409,0,340,0,341
312021,Playing,2588672,7337,0,0,0,0,1,4413,0,340,0,341
312273,Playing,2609152,7395,0,0,0,0,1,4417,0,340,0,341
312525,Playing,2574336,7296,0,0,0,0,1,4419,0,340,0,341
312780,Playing,2567168,7276,0,0,0,0,1,4422,0,340,0,341
313033,Playing,2587648,7334,0,0,0,0,1,4426,0,340,0,341
313278,Playing,2533376,7180,0,0,0,0,1,4427,96,340,96,341
313530,Playing,2544640,7212,0,0,0,0,1,4433,0,340,14,341
313784,Playing,2546688,7218,0,0,0,0,1,4437,0,340,0,341
314040,Playing,2567168,7276,0,0,0,0,1,4441,15,340,15,341
314292,Playing,2560000,7256,0,0,0,0,1,4444,0,340,0,341
314547,Playing,2525184,7157,0,0,0,0,1,4446,0,340,0,341
314750,Playing,2534400,7183,0,0,0,0,1,4449,91,340,91,341
315003,Playing,2563072,7264,0,0,0,0,1,4453,0,340,0,341
315257,Playing,2583552,7322,0,0,0,0,1,4457,16,340,16,341
315510,Playing,2548736,7224,0,0,0,0,1,4459,94,340,94,341
315762,Playing,2541568,7203,0,0,0,0,1,4462,175,340,175,341
316014,Playing,2562048,7262,0,0,0,0,1,4466,0,340,0,341
316268,Playing,2527232,7163,0,0,0,0,1,4468,96,340,96,341
316520,Playing,2520064,7143,0,0,0,0,1,4474,4,340,4,341
316776,Playing,2512896,7122,0,0,0,0,1,4477,4,340,4,341
317030,Playing,2505728,7102,0,0,0,0,1,4480,3,340,3,341
317283,Playing,2534400,7183,0,0,0,0,1,4484,0,340,0,341
317537,Playing,2471936,7006,0,0,0,0,1,4485,92,340,92,341
317790,Playing,2492416,7064,0,0,0,0,1,4489,170,340,170,341
318042,Playing,2540544,7201,0,0,0,0,1,4494,0,340,0,341
318294,Playing,2533376,7180,0,0,0,0,1,4497,0,340,0,341
318546,Playing,2526208,7160,0,0,0,0,1,4500,173,340,173,341
318799,Playing,2527232,7163,0,0,0,0,1,4503,94,340,94,341
319002,Playing,2536448,7189,0,0,0,0,1,4506,0,340,0,341
319254,Playing,2501632,7090,0,0,0,0,1,4511,93,340,93,341
319505,Playing,2466816,6992,0,0,0,0,1,4513,0,340,0,341
319759,Playing,2459648,6971,0,0,0,0,1,4516,96,340,96,341
320013,Playing,2515968,7131,0,0,0,0,1,4521,0,340,0,341
320266,Playing,2453504,6954,0,0,0,0,1,4522,93,340,93,341
320519,Playing,2473984,7012,0,0,0,0,1,4526,95,340,95,341
320773,Playing,2494464,7070,0,0,0,0,1,4530,0,340,0,341
321027,Playing,2487296,7050,0,0,0,0,1,4533,12,340,12,341
321281,Playing,2507776,7108,0,0,0,0,1,4537,0,340,0,341
321535,Playing,2472960,7009,0,0,0,0,1,4539,0,340,0,341
321788,Playing,2465792,6989,0,0,0,0,1,4542,0,340,0,341
322041,Playing,2457600,6965,0,0,0,0,1,4548,94,340,94,341
322294,Playing,2478080,7024,0,0,0,0,1,4552,0,340,0,341
322547,Playing,2415616,6846,0,0,0,0,1,4553,175,340,175,341
322793,Playing,2436096,6905,0,0,0,0,1,4557,0,340,0,341
323048,Playing,2456576,6963,0,0,0,0,1,4561,0,340,0,341
323250,Playing,2473984,7012,0,0,0,0,1,4564,98,340,98,341
323502,Playing,2466816,6992,0,0,0,0,1,4567,0,340,0,341
323754,Playing,2432000,6893,0,0,0,0,1,4569,94,340,95,341
324008,Playing,2452480,6951,0,0,0,0,1,4573,0,340,0,341
324261,Playing,2472960,7009,0,0,0,0,1,4577,0,340,0,341
324513,Playing,2418688,6855,0,0,0,0,1,4578,173,340,173,341
324767,Playing,2439168,6913,0,0,0,0,1,4582,0,340,0,341
325021,Playing,2422784,6867,0,0,0,0,1,4588,0,340,0,341
325274,Playing,2415616,6846,0,0,0,0,1,4591,1,340,2,341
325526,Playing,2436096,6905,0,0,0,0,1,4595,14,340,14,341
325778,Playing,2456576,6963,0,0,0,0,1,4599,13,340,13,341
326032,Playing,2394112,6786,0,0,0,0,1,4600,176,340,176,341
326285,Playing,2422784,6867,0,0,0,0,1,4604,173,340,174,341
326540,Playing,2443264,6925,0,0,0,0,1,4608,0,340,0,341
326792,Playing,2436096,6905,0,0,0,0,1,4611,0,340,0,341
327045,Playing,2456576,6963,0,0,0,0,1,4615,11,340,11,341
327298,Playing,2421760,6864,0,0,0,0,1,4617,0,340,0,341
327502,Playing,2430976,6890,0,0,0,0,1,4620,176,340,176,341
327761,Playing,2386944,6765,0,0,0,0,1,4625,0,340,0,341
328013,Playing,2387968,6768,0,0,0,0,1,4628,0,340,0,341
328267,Playing,2380800,6748,0,0,0,0,1,4631,176,340,176,341
328519,Playing,2401280,6806,0,0,0,0,1,4635,0,340,0,341
328772,Playing,2421760,6864,0,0,0,0,1,4639,0,340,0,341
329025,Playing,2359296,6687,0,0,0,0,1,4640,94,340,94,341
329278,Playing,2407424,6823,0,0,0,0,1,4645,0,340,0,341
329533,Playing,2372608,6725,0,0,0,0,1,4647,174,340,174,341
329786,Playing,2393088,6783,0,0,0,0,1,4651,0,340,0,341
330040,Playing,2358272,6684,0,0,0,0,1,4653,14,340,14,341
330292,Playing,2359296,6687,0,0,0,0,1,4656,91,340,91,341
330545,Playing,2352128,6667,0,0,0,0,1,4662,95,340,95,341
330799,Playing,2372608,6725,0,0,0,0,1,4666,0,340,0,341
331002,Playing,2354176,6672,0,0,0,0,1,4668,0,340,0,341
331254,Playing,2374656,6730,0,0,0,0,1,4672,0,340,0,341
331508,Playing,2375680,6733,0,0,0,0,1,4675,2,340,2,341
331760,Playing,2368512,6713,0,0,0,0,1,4678,94,340,95,341
332013,Playing,2361344,6693,0,0,0,0,1,4681,0,340,0,341
332265,Playing,2354176,6672,0,0,0,0,1,4684,4,340,4,341
332519,Playing,2347008,6652,0,0,0,0,1,4687,93,340,93,341
332774,Playing,2367488,6710,0,0,0,0,1,4691,166,340,166,341
333028,Playing,2387968,6768,0,0,0,0,1,4695,0,340,0,341
333281,Playing,2325504,6591,0,0,0,0,1,4696,91,340,91,341
333534,Playing,2354176,6672,0,0,0,0,1,4703,0,340,0,341
333789,Playing,2347008,6652,0,0,0,0,1,4706,1,340,1,341
334054,Playing,2331648,6608,0,0,0,0,1,4709,171,340,172,341
334256,Playing,2349056,6658,0,0,0,0,1,4712,16,340,16,341
334510,Playing,2341888,6638,0,0,0,0,1,4715,0,340,0,341
334763,Playing,2362368,6696,0,0,0,0,1,4719,0,340,0,341
335019,Playing,2382848,6754,0,0,0,0,1,4723,0,340,0,341
335272,Playing,2375680,6733,0,0,0,0,1,4726,0,340,0,341
335525,Playing,2368512,6713,0,0,0,0,1,4729,94,340,94,341
335780,Playing,2361344,6693,0,0,0,0,1,4732,0,340,0,341
336034,Playing,2326528,6594,0,0,0,0,1,4737,0,340,14,341
336286,Playing,2347008,6652,0,0,0,0,1,4741,0,340,0,341
336539,Playing,2348032,6655,0,0,0,0,1,4744,0,340,0,341
336793,Playing,2285568,6478,0,0,0,0,1,4745,176,340,176,341
337046,Playing,2333696,6614,0,0,0,0,1,4750,0,340,0,341
337299,Playing,2326528,6594,0,0,0,0,1,4753,0,340,0,341
337502,Playing,2363392,6698,0,0,0,0,1,4757,0,340,0,341
337755,Playing,2300928,6521,0,0,0,0,1,4758,178,340,178,341
338035,Playing,2313216,6556,0,0,0,0,1,4762,1,340,2,341
338287,Playing,2314240,6559,0,0,0,0,1,4765,94,340,94,341
338540,Playing,2307072,6539,0,0,0,0,1,4768,0,340,0,341
338761,Playing,2308096,6542,0,0,0,0,1,4771,0,340,0,341
339020,Playing,2300928,6521,0,0,0,0,1,4777,0,340,0,341
339271,Playing,2293760,6501,0,0,0,0,1,4780,96,340,96,341
339523,Playing,2322432,6582,0,0,0,0,1,4784,0,340,0,341
339778,Playing,2315264,6562,0,0,0,0,1,4787,95,340,95,341
340030,Playing,2308096,6542,0,0,0,0,1,4790,0,340,0,341
340283,Playing,2300928,6521,0,0,0,0,1,4793,0,340,0,341
340536,Playing,2293760,6501,0,0,0,0,1,4796,93,340,94,341
340788,Playing,2286592,6481,0,0,0,0,1,4799,0,340,0,341
341041,Playing,2279424,6460,0,0,0,0,1,4802,0,340,0,341
341294,Playing,2272256,6440,0,0,0,0,1,4805,93,340,94,341
341546,Playing,2319360,6574,0,0,0,0,1,4810,0,340,0,341
341800,Playing,2293760,6501,0,0,0,0,1,4815,0,340,0,341
342002,Playing,2275328,6449,0,0,0,0,1,4817,0,340,0,341
342256,Playing,2295808,6507,0,0,0,0,1,4821,0,340,0,341
342510,Playing,2288640,6487,0,0,0,0,1,4824,94,340,94,341
342762,Playing,2253824,6388,0,0,0,0,1,4826,0,340,0,341
343015,Playing,2254848,6391,0,0,0,0,1,4829,0,340,0,341
343268,Playing,2275328,6449,0,0,0,0,1,4833,91,340,92,341
343521,Playing,2295808,6507,0,0,0,0,1,4837,13,340,13,341
343786,Playing,2288640,6487,0,0,0,0,1,4840,99,340,99,341
344039,Playing,2253824,6388,0,0,0,0,1,4842,0,340,0,341
344292,Playing,2274304,6446,0,0,0,0,1,4846,0,340,0,341
344545,Playing,2239488,6347,0,0,0,0,1,4851,0,340,0,341
344799,Playing,2259968,6405,0,0,0,0,1,4855,90,340,90,341
345002,Playing,2241536,6353,0,0,0,0,1,4857,1,340,1,341
345255,Playing,2234368,6333,0,0,0,0,1,4860,178,340,178,341
345509,Playing,2282496,6469,0,0,0,0,1,4865,1,340,1,341
345762,Playing,2283520,6472,0,0,0,0,1,4868,1,340,2,341
346015,Playing,2276352,6452,0,0,0,0,1,4871,94,340,94,341
346268,Playing,2241536,6353,0,0,0,0,1,4873,0,340,0,341
346521,Playing,2262016,6411,0,0,0,0,1,4877,0,340,0,341
346774,Playing,2254848,6391,0,0,0,0,1,4880,97,340,97,341
347025,Playing,2247680,6370,0,0,0,0,1,4883,0,340,0,341
347280,Playing,2222080,6298,0,0,0,0,1,4888,0,340,14,341
347532,Playing,2232320,6327,0,0,0,0,1,4892,0,340,0,341
347786,Playing,2252800,6385,0,0,0,0,1,4896,0,340,0,341
348040,Playing,2162688,6130,0,0,0,0,1,4896,0,340,0,341
348293,Playing,2210816,6266,0,0,0,0,1,4901,0,340,0,341
348546,Playing,2231296,6324,0,0,0,0,1,4905,15,340,15,341
348799,Playing,2224128,6304,0,0,0,0,1,4908,0,340,0,341
349002,Playing,2213888,6275,0,0,0,0,1,4910,95,340,95,341
349255,Playing,2206720,6254,0,0,0,0,1,4913,0,340,0,341
349508,Playing,2199552,6234,0,0,0,0,1,4916,11,340,11,341
349761,Playing,2247680,6370,0,0,0,0,1,4921,0,341,0,341
350015,Playing,2222080,6298,0,0,0,0,1,4924,0,341,0,341
350279,Playing,2168832,6147,0,0,0,0,1,4928,172,341,172,341
350532,Playing,2161664,6127,0,0,0,0,1,4931,173,341,174,341
350783,Playing,2182144,6185,0,0,0,0,1,4935,0,341,0,341
351036,Playing,2202624,6243,0,0,0,0,1,4939,0,341,0,341
351290,Playing,2176000,6167,0,0,0,0,1,4941,1,341,1,341
351542,Playing,2168832,6147,0,0,0,0,1,4944,0,341,0,341
351797,Playing,2189312,6205,0,0,0,0,1,4948,173,341,173,341
352000,Playing,2143232,6074,0,0,0,0,1,4949,93,341,93,341
352251,Playing,2163712,6132,0,0,0,0,1,4953,0,341,0,341
352504,Playing,2184192,6191,0,0,0,0,1,4957,0,341,0,341
352757,Playing,2212864,6272,0,0,0,0,1,4961,0,341,0,341
353010,Playing,2131968,6042,0,0,0,0,1,4964,0,341,12,341
353262,Playing,2134016,6048,0,0,0,0,1,4968,0,341,0,341
353516,Playing,2126848,6028,0,0,0,0,1,4971,0,341,0,341
353770,Playing,2147328,6086,0,0,0,0,1,4975,0,341,0,341
354023,Playing,2167808,6144,0,0,0,0,1,4979,0,341,0,341
354296,Playing,2188288,6202,0,0,0,0,1,4983,0,341,0,341
354500,Playing,2142208,6072,0,0,0,0,1,4984,94,341,94,341
354753,Playing,2162688,6130,0,0,0,0,1,4988,0,341,0,341
355007,Playing,2155520,6109,0,0,0,0,1,4991,0,341,0,341
355283,Playing,2167808,6144,0,0,0,0,1,4995,0,341,0,341
355536,Playing,2132992,6045,0,0,0,0,1,4997,14,341,14,341
355791,Playing,2098176,5947,0,0,0,0,1,5002,0,341,14,341
356044,Playing,2118656,6005,0,0,0,0,1,5006,93,341,93,341
356296,Playing,2147328,6086,0,0,0,0,1,5010,0,341,0,341
356500,Playing,2101248,5955,0,0,0,0,1,5011,175,341,175,341
356752,Playing,2121728,6013,0,0,0,0,1,5015,0,341,0,341
357005,Playing,2142208,6072,0,0,0,0,1,5019,1,341,1,341
357258,Playing,2135040,6051,0,0,0,0,1,5022,0,341,0,341
357511,Playing,2108416,5976,0,0,0,0,1,5024,0,341,0,341
357764,Playing,2128896,6034,0,0,0,0,1,5028,0,341,0,341
358018,Playing,2121728,6013,0,0,0,0,1,5031,93,341,93,341
358271,Playing,2086912,5915,0,0,0,0,1,5033,0,341,0,341
358524,Playing,2079744,5894,0,0,0,0,1,5036,0,341,0,341
358779,Playing,2072576,5874,0,0,0,0,1,5042,92,341,92,341
359033,Playing,2093056,5932,0,0,0,0,1,5046,0,341,0,341
359290,Playing,2113536,5990,0,0,0,0,1,5050,0,341,0,341
359542,Playing,2114560,5993,0,0,0,0,1,5053,0,341,0,341
359808,Playing,2071552,5871,0,0,0,0,1,5055,0,341,0,341
360010,Playing,2080768,5897,0,0,0,0,1,5058,90,341,90,341
360265,Playing,2109440,5979,0,0,0,0,1,5062,173,341,174,341
360529,Playing,2066432,5857,0,0,0,0,1,5064,1,341,1,341
360792,Playing,2086912,5915,0,0,0,0,1,5068,0,341,0,341
361016,Playing,2115584,5996,0,0,0,0,1,5072,0,341,0,341
361268,Playing,2080768,5897,0,0,0,0,1,5074,175,341,175,341
361528,Playing,2045952,5799,0,0,0,0,1,5079,0,341,0,341
361783,Playing,2066432,5857,0,0,0,0,1,5083,1,341,1,341
362036,Playing,2067456,5860,0,0,0,0,1,5086,1,341,1,341
362291,Playing,2087936,5918,0,0,0,0,1,5090,0,341,0,341
362544,Playing,2080768,5897,0,0,0,0,1,5093,93,341,93,341
362798,Playing,2045952,5799,0,0,0,0,1,5095,0,341,0,341
363002,Playing,2082816,5903,0,0,0,0,1,5099,0,341,0,341
363254,Playing,2075648,5883,0,0,0,0,1,5102,0,341,0,341
363508,Playing,2013184,5706,0,0,0,0,1,5103,178,341,178,341
363761,Playing,2061312,5842,0,0,0,0,1,5108,0,341,0,341
364015,Playing,2089984,5923,0,0,0,0,1,5112,3,341,3,341
364268,Playing,2055168,5825,0,0,0,0,1,5117,0,341,0,341
364521,Playing,2048000,5804,0,0,0,0,1,5120,93,341,93,341
364775,Playing,2013184,5706,0,0,0,0,1,5122,0,341,0,341
365030,Playing,2033664,5764,0,0,0,0,1,5126,0,341,0,341
365282,Playing,2054144,5822,0,0,0,0,1,5130,0,341,0,341
365535,Playing,2074624,5880,0,0,0,0,1,5134,14,341,14,341
365788,Playing,2075648,5883,0,0,0,0,1,5137,0,341,0,341
366041,Playing,2040832,5784,0,0,0,0,1,5139,0,341,0,341
366294,Playing,2033664,5764,0,0,0,0,1,5142,96,341,96,341
366549,Playing,2054144,5822,0,0,0,0,1,5146,92,341,92,341
366753,Playing,2091008,5926,0,0,0,0,1,5150,0,341,0,341
367008,Playing,2083840,5906,0,0,0,0,1,5156,15,341,15,341
367263,Playing,2021376,5729,0,0,0,0,1,5157,175,341,175,341
367520,Playing,2041856,5787,0,0,0,0,1,5161,0,341,0,341
367774,Playing,2034688,5767,0,0,0,0,1,5164,90,341,90,341
368029,Playing,2035712,5770,0,0,0,0,1,5167,0,341,0,341
368282,Playing,2028544,5749,0,0,0,0,1,5170,0,341,0,341
368536,Playing,2021376,5729,0,0,0,0,1,5173,94,341,94,341
368790,Playing,2014208,5709,0,0,0,0,1,5176,0,341,0,341
369042,Playing,2007040,5688,0,0,0,0,1,5179,2,341,2,341
369299,Playing,1999872,5668,0,0,0,0,1,5182,101,341,101,341
369503,Playing,2036736,5773,0,0,0,0,1,5186,16,341,16,341
369759,Playing,2029568,5752,0,0,0,0,1,5192,0,341,0,341
370014,Playing,1994752,5654,0,0,0,0,1,5194,93,341,93,341
370285,Playing,2015232,5712,0,0,0,0,1,5198,0,341,0,341
370540,Playing,2008064,5691,0,0,0,0,1,5201,92,341,92,341
370794,Playing,2028544,5749,0,0,0,0,1,5205,0,341,0,341
371049,Playing,2049024,5807,0,0,0,0,1,5209,0,341,0,341
371253,Playing,2002944,5677,0,0,0,0,1,5210,175,341,175,341
371507,Playing,2023424,5735,0,0,0,0,1,5214,0,341,0,341
371759,Playing,2043904,5793,0,0,0,0,1,5218,0,341,0,341
372012,Playing,2044928,5796,0,0,0,0,1,5221,0,341,0,341
372265,Playing,2010112,5697,0,0,0,0,1,5223,0,341,0,341
372520,Playing,2002944,5677,0,0,0,0,1,5226,0,341,0,341
372773,Playing,1986560,5630,0,0,0,0,1,5232,94,341,94,341
373027,Playing,1979392,5610,0,0,0,0,1,5235,92,341,92,341
373281,Playing,1944576,5511,0,0,0,0,1,5237,1,341,1,341
373535,Playing,1965056,5569,0,0,0,0,1,5241,177,341,177,341
373790,Playing,1985536,5627,0,0,0,0,1,5245,0,341,0,341
374045,Playing,1978368,5607,0,0,0,0,1,5248,0,341,0,341
374299,Playing,2007040,5688,0,0,0,0,1,5252,3,341,3,341
374501,Playing,1988608,5636,0,0,0,0,1,5254,0,341,0,341
374765,Playing,1981440,5616,0,0,0,0,1,5257,0,341,0,341
375016,Playing,2001920,5674,0,0,0,0,1,5261,90,341,90,341
375271,Playing,1967104,5575,0,0,0,0,1,5263,0,341,0,341
375524,Playing,1923072,5450,0,0,0,0,1,5268,177,341,177,341
375778,Playing,1943552,5508,0,0,0,0,1,5272,0,341,0,341
376030,Playing,1964032,5566,0,0,0,0,1,5276,0,341,0,341
376285,Playing,1929216,5468,0,0,0,0,1,5278,0,341,0,341
376540,Playing,1957888,5549,0,0,0,0,1,5282,0,341,0,341
376793,Playing,1950720,5529,0,0,0,0,1,5285,0,341,0,341
377045,Playing,1943552,5508,0,0,0,0,1,5288,177,341,177,341
377300,Playing,1964032,5566,0,0,0,0,1,5292,0,341,0,341
377503,Playing,1945600,5514,0,0,0,0,1,5294,0,341,0,341
377758,Playing,1966080,5572,0,0,0,0,1,5298,0,341,0,341
378012,Playing,1958912,5552,0,0,0,0,1,5301,0,341,0,341
378269,Playing,1905664,5401,0,0,0,0,1,5305,4,341,16,341
378524,Playing,1907712,5407,0,0,0,0,1,5309,0,341,0,341
378791,Playing,1900544,5387,0,0,0,0,1,5312,0,341,0,341
379044,Playing,1921024,5445,0,0,0,0,1,5316,0,341,0,341
379250,Playing,1902592,5392,0,0,0,0,1,5318,0,341,0,341
379508,Playing,1895424,5372,0,0,0,0,1,5321,0,341,0,341
379762,Playing,1915904,5430,0,0,0,0,1,5325,0,341,0,341
380015,Playing,1936384,5488,0,0,0,0,1,5329,0,341,0,341
380270,Playing,1873920,5311,0,0,0,0,1,5330,95,341,96,341
380524,Playing,1902592,5392,0,0,0,0,1,5334,0,341,0,341
380782,Playing,1895424,5372,0,0,0,0,1,5337,175,341,175,341
381037,Playing,1888256,5352,0,0,0,0,1,5343,0,341,17,341
381293,Playing,1908736,5410,0,0,0,0,1,5347,174,341,174,341
381549,Playing,1846272,5233,0,0,0,0,1,5348,95,341,95,341
381768,Playing,1847296,5236,0,0,0,0,1,5351,0,341,0,341
382033,Playing,1895424,5372,0,0,0,0,1,5356,2,341,2,341
382282,Playing,1888256,5352,0,0,0,0,1,5359,3,341,3,341
382533,Playing,1881088,5331,0,0,0,0,1,5362,95,341,95,341
382785,Playing,1882112,5334,0,0,0,0,1,5365,0,341,0,341
383032,Playing,1902592,5392,0,0,0,0,1,5369,0,341,0,341
383328,Playing,1851392,5247,0,0,0,0,1,5371,59,341,59,341
383524,Playing,1868800,5297,0,0,0,0,1,5374,0,341,0,341
383791,Playing,1853440,5253,0,0,0,0,1,5377,96,341,96,341
384048,Playing,1846272,5233,0,0,0,0,1,5383,91,341,91,341
384250,Playing,1863680,5282,0,0,0,0,1,5386,95,341,95,341
384504,Playing,1884160,5340,0,0,0,0,1,5390,88,341,88,341
384761,Playing,1876992,5320,0,0,0,0,1,5393,0,341,0,341
385023,Playing,1861632,5276,0,0,0,0,1,5396,0,341,0,341
385278,Playing,1862656,5279,0,0,0,0,1,5399,91,341,91,341
385533,Playing,1855488,5259,0,0,0,0,1,5402,1,341,1,341
385754,Playing,1856512,5262,0,0,0,0,1,5405,4,341,4,341
386012,Playing,1876992,5320,0,0,0,0,1,5409,0,341,0,341
386274,Playing,1869824,5299,0,0,0,0,1,5412,93,341,93,341
386537,Playing,1890304,5358,0,0,0,0,1,5416,16,341,16,341
386791,Playing,1855488,5259,0,0,0,0,1,5421,95,341,95,341
387045,Playing,1820672,5160,0,0,0,0,1,5423,2,341,2,341
387258,Playing,1857536,5265,0,0,0,0,1,5427,0,341,0,341
387525,Playing,1842176,5221,0,0,0,0,1,5430,93,341,93,341
387781,Playing,1835008,5201,0,0,0,0,1,5433,0,341,0,341
388039,Playing,1827840,5180,0,0,0,0,1,5436,0,341,0,341
388292,Playing,1820672,5160,0,0,0,0,1,5439,93,341,94,341
388545,Playing,1785856,5061,0,0,0,0,1,5441,0,341,0,341
388800,Playing,1814528,5143,0,0,0,0,1,5445,0,341,0,341
389006,Playing,1851392,5247,0,0,0,0,1,5449,0,341,0,341
389261,Playing,1871872,5305,0,0,0,0,1,5453,12,341,12,341
389513,Playing,1781760,5050,0,0,0,0,1,5453,12,341,12,341
389768,Playing,1802240,5108,0,0,0,0,1,5460,0,342,0,342
390022,Playing,1795072,5088,0,0,0,0,1,5463,0,342,0,342
390277,Playing,1815552,5146,0,0,0,0,1,5467,96,342,96,342
390531,Playing,1788928,5070,0,0,0,0,1,5469,2,342,2,342
390786,Playing,1781760,5050,0,0,0,0,1,5472,95,342,95,342
391039,Playing,1802240,5108,0,0,0,0,1,5476,92,342,92,342
391293,Playing,1822720,5166,0,0,0,0,1,5480,13,342,14,342
391545,Playing,1815552,5146,0,0,0,0,1,5483,13,342,14,342
391798,Playing,1836032,5204,0,0,0,0,1,5487,0,342,0,342
392050,Playing,1801216,5105,0,0,0,0,1,5489,0,342,0,342
392252,Playing,1809408,5128,0,0,0,0,1,5494,0,342,13,342
392508,Playing,1811456,5134,0,0,0,0,1,5498,92,342,92,342
392761,Playing,1831936,5192,0,0,0,0,1,5502,0,342,0,342
393014,Playing,1769472,5015,0,0,0,0,1,5503,178,342,178,342
393267,Playing,1817600,5151,0,0,0,0,1,5508,0,342,0,342
393522,Playing,1810432,5131,0,0,0,0,1,5511,0,342,0,342
393775,Playing,1803264,5111,0,0,0,0,1,5514,99,342,99,342
394031,Playing,1823744,5169,0,0,0,0,1,5518,0,342,0,342
394283,Playing,1769472,5015,0,0,0,0,1,5519,178,342,178,342
394538,Playing,1789952,5073,0,0,0,0,1,5523,94,342,94,342
394791,Playing,1810432,5131,0,0,0,0,1,5527,0,342,0,342
395044,Playing,1803264,5111,0,0,0,0,1,5533,0,342,0,342
395297,Playing,1796096,5090,0,0,0,0,1,5536,91,342,91,342
395550,Playing,1788928,5070,0,0,0,0,1,5539,0,342,0,342
395753,Playing,1806336,5120,0,0,0,0,1,5542,2,342,2,342
396006,Playing,1771520,5021,0,0,0,0,1,5544,0,342,0,342
396260,Playing,1764352,5000,0,0,0,0,1,5547,0,342,0,342
396513,Playing,1784832,5059,0,0,0,0,1,5551,0,342,0,342
396767,Playing,1777664,5038,0,0,0,0,1,5554,97,342,97,342
397020,Playing,1742848,4940,0,0,0,0,1,5556,0,342,0,342
397273,Playing,1763328,4998,0,0,0,0,1,5560,95,342,95,342
397527,Playing,1783808,5056,0,0,0,0,1,5564,0,342,0,342
397780,Playing,1776640,5035,0,0,0,0,1,5567,0,342,0,342
398033,Playing,1740800,4934,0,0,0,0,1,5572,94,342,94,342
398277,Playing,1733632,4913,0,0,0,0,1,5575,0,342,0,342
398530,Playing,1726464,4893,0,0,0,0,1,5578,0,342,0,342
398785,Playing,1746944,4951,0,0,0,0,1,5582,92,342,92,342
399039,Playing,1739776,4931,0,0,0,0,1,5585,0,342,0,342
399291,Playing,1768448,5012,0,0,0,0,1,5589,16,342,16,342
399544,Playing,1733632,4913,0,0,0,0,1,5591,0,342,0,342
399801,Playing,1754112,4971,0,0,0,0,1,5595,0,342,0,342
400006,Playing,1763328,4998,0,0,0,0,1,5598,0,342,0,342
400262,Playing,1700864,4821,0,0,0,0,1,5599,174,342,174,342
400516,Playing,1721344,4879,0,0,0,0,1,5603,0,342,0,342
400769,Playing,1704960,4832,0,0,0,0,1,5609,0,342,0,342
401023,Playing,1697792,4812,0,0,0,0,1,5612,176,342,176,342
401282,Playing,1662976,4713,0,0,0,0,1,5614,14,342,14,342
401536,Playing,1683456,4771,0,0,0,0,1,5618,0,342,0,342
401793,Playing,1703936,4829,0,0,0,0,1,5622,0,342,0,342
402046,Playing,1704960,4832,0,0,0,0,1,5625,0,342,0,342
402299,Playing,1697792,4812,0,0,0,0,1,5628,175,342,175,342
402502,Playing,1707008,4838,0,0,0,0,1,5631,0,342,0,342
402754,Playing,1699840,4818,0,0,0,0,1,5634,93,342,93,342
403008,Playing,1692672,4797,0,0,0,0,1,5637,0,342,0,342
403261,Playing,1685504,4777,0,0,0,0,1,5640,0,342,0,342
403514,Playing,1686528,4780,0,0,0,0,1,5643,0,342,0,342
403769,Playing,1642496,4655,0,0,0,0,1,5648,91,342,91,342
404021,Playing,1662976,4713,0,0,0,0,1,5652,173,342,173,342
404274,Playing,1628160,4614,0,0,0,0,1,5654,1,342,1,342
404530,Playing,1648640,4673,0,0,0,0,1,5658,1,342,1,342
404783,Playing,1641472,4652,0,0,0,0,1,5661,94,342,94,342
405038,Playing,1661952,4710,0,0,0,0,1,5665,91,342,91,342
405293,Playing,1654784,4690,0,0,0,0,1,5668,181,342,181,342
405545,Playing,1619968,4591,0,0,0,0,1,5670,0,342,0,342
405800,Playing,1640448,4649,0,0,0,0,1,5674,93,342,94,342
406003,Playing,1685504,4777,0,0,0,0,1,5678,0,342,0,342
406257,Playing,1678336,4757,0,0,0,0,1,5681,13,342,13,342
406512,Playing,1671168,4736,0,0,0,0,1,5687,0,342,0,342
406767,Playing,1664000,4716,0,0,0,0,1,5690,93,342,93,342
407020,Playing,1629184,4617,0,0,0,0,1,5692,0,342,0,342
407292,Playing,1641472,4652,0,0,0,0,1,5696,88,342,88,342
407505,Playing,1678336,4757,0,0,0,0,1,5700,0,342,0,342
407759,Playing,1671168,4736,0,0,0,0,1,5703,0,342,0,342
408012,Playing,1636352,4638,0,0,0,0,1,5705,94,342,94,342
408265,Playing,1637376,4641,0,0,0,0,1,5708,96,342,96,342
408519,Playing,1657856,4699,0,0,0,0,1,5712,97,342,97,342
408774,Playing,1650688,4678,0,0,0,0,1,5715,91,342,91,342
409031,Playing,1643520,4658,0,0,0,0,1,5718,0,342,0,342
409286,Playing,1608704,4559,0,0,0,0,1,5723,2,342,2,342
409539,Playing,1629184,4617,0,0,0,0,1,5727,93,342,93,342
409794,Playing,1649664,4675,0,0,0,0,1,5731,0,342,0,342
410048,Playing,1642496,4655,0,0,0,0,1,5734,14,342,14,342
410251,Playing,1624064,4603,0,0,0,0,1,5736,0,342,0,342
410510,Playing,1644544,4661,0,0,0,0,1,5740,0,342,0,342
410763,Playing,1637376,4641,0,0,0,0,1,5743,94,342,94,342
411016,Playing,1638400,4643,0,0,0,0,1,5746,0,342,0,342
411270,Playing,1631232,4623,0,0,0,0,1,5749,0,342,0,342
411524,Playing,1624064,4603,0,0,0,0,1,5752,0,342,0,342
411777,Playing,1644544,4661,0,0,0,0,1,5756,1,342,1,342
412029,Playing,1582080,4484,0,0,0,0,1,5758,96,342,96,342
412281,Playing,1602560,4542,0,0,0,0,1,5764,0,342,0,342
412535,Playing,1623040,4600,0,0,0,0,1,5768,0,342,0,342
412789,Playing,1615872,4580,0,0,0,0,1,5771,0,342,0,342
413042,Playing,1616896,4583,0,0,0,0,1,5774,93,342,93,342
413294,Playing,1637376,4641,0,0,0,0,1,5778,0,342,0,342
413548,Playing,1574912,4464,0,0,0,0,1,5779,171,342,171,342
413751,Playing,1584128,4490,0,0,0,0,1,5782,15,342,15,342
414007,Playing,1576960,4469,0,0,0,0,1,5785,14,342,14,342
414259,Playing,1597440,4527,0,0,0,0,1,5789,0,342,0,342
414512,Playing,1598464,4530,0,0,0,0,1,5792,178,342,178,342
414766,Playing,1582080,4484,0,0,0,0,1,5795,177,342,177,342
415020,Playing,1556480,4411,0,0,0,0,1,5800,0,342,0,342
415273,Playing,1549312,4391,0,0,0,0,1,5803,0,342,0,342
415527,Playing,1569792,4449,0,0,0,0,1,5807,1,342,1,342
415781,Playing,1590272,4507,0,0,0,0,1,5811,3,342,3,342
416033,Playing,1555456,4408,0,0,0,0,1,5813,0,342,0,342
416286,Playing,1548288,4388,0,0,0,0,1,5816,94,342,94,342
416539,Playing,1576960,4469,0,0,0,0,1,5820,0,342,0,342
416758,Playing,1522688,4316,0,0,0,0,1,5821,178,342,178,342
417012,Playing,1543168,4374,0,0,0,0,1,5825,93,342,93,342
417266,Playing,1563648,4432,0,0,0,0,1,5829,1,342,1,342
417520,Playing,1583104,4487,0,0,0,0,1,5835,0,342,11,342
417772,Playing,1557504,4414,0,0,0,0,1,5838,0,342,0,342
418025,Playing,1577984,4472,0,0,0,0,1,5842,14,342,14,342
418277,Playing,1515520,4295,0,0,0,0,1,5843,178,342,178,342
418530,Playing,1536000,4353,0,0,0,0,1,5847,96,342,96,342
418782,Playing,1556480,4411,0,0,0,0,1,5851,0,342,0,342
419034,Playing,1494016,4234,0,0,0,0,1,5852,176,342,176,342
419288,Playing,1522688,4316,0,0,0,0,1,5856,89,342,89,342
419541,Playing,1543168,4374,0,0,0,0,1,5860,0,342,0,342
419794,Playing,1536000,4353,0,0,0,0,1,5863,0,342,0,342
420048,Playing,1556480,4411,0,0,0,0,1,5867,173,342,173,342
420252,Playing,1538048,4359,0,0,0,0,1,5869,0,342,0,342
420505,Playing,1530880,4339,0,0,0,0,1,5875,0,342,0,342
420759,Playing,1523712,4318,0,0,0,0,1,5878,0,342,0,342
421014,Playing,1488896,4220,0,0,0,0,1,5880,0,342,0,342
421267,Playing,1481728,4199,0,0,0,0,1,5883,94,342,94,342
421522,Playing,1538048,4359,0,0,0,0,1,5888,0,342,0,342
421777,Playing,1530880,4339,0,0,0,0,1,5891,13,342,13,342
422030,Playing,1496064,4240,0,0,0,0,1,5893,0,342,0,342
422286,Playing,1516544,4298,0,0,0,0,1,5897,0,342,0,342
422540,Playing,1509376,4278,0,0,0,0,1,5900,91,342,91,342
422794,Playing,1529856,4336,0,0,0,0,1,5904,0,342,0,342
423047,Playing,1550336,4394,0,0,0,0,1,5908,0,342,0,342
423250,Playing,1494016,4234,0,0,0,0,1,5911,0,342,13,342
423502,Playing,1496064,4240,0,0,0,0,1,5915,0,342,0,342
423756,Playing,1516544,4298,0,0,0,0,1,5919,0,342,0,342
424009,Playing,1481728,4199,0,0,0,0,1,5921,0,342,0,342
424262,Playing,1474560,4179,0,0,0,0,1,5924,0,342,0,342
424515,Playing,1467392,4159,0,0,0,0,1,5927,173,342,173,342
424769,Playing,1487872,4217,0,0,0,0,1,5931,176,342,176,342
425025,Playing,1536000,4353,0,0,0,0,1,5936,0,342,0,342
425278,Playing,1473536,4176,0,0,0,0,1,5937,96,342,96,342
425533,Playing,1502208,4257,0,0,0,0,1,5941,0,342,0,342
425786,Playing,1495040,4237,0,0,0,0,1,5944,0,342,0,342
426040,Playing,1478656,4191,0,0,0,0,1,5950,4,342,4,342
426293,Playing,1443840,4092,0,0,0,0,1,5952,2,342,2,342
426546,Playing,1436672,4072,0,0,0,0,1,5955,0,342,0,342
426798,Playing,1429504,4051,0,0,0,0,1,5958,178,342,178,342
427000,Playing,1446912,4101,0,0,0,0,1,5961,0,342,0,342
427253,Playing,1439744,4080,0,0,0,0,1,5964,93,342,93,342
427507,Playing,1460224,4138,0,0,0,0,1,5968,16,342,16,342
427760,Playing,1453056,4118,0,0,0,0,1,5971,0,342,0,342
428013,Playing,1418240,4019,0,0,0,0,1,5973,0,342,0,342
428266,Playing,1438720,4078,0,0,0,0,1,5977,0,342,0,342
428519,Playing,1467392,4159,0,0,0,0,1,5981,0,342,0,342
428771,Playing,1460224,4138,0,0,0,0,1,5984,2,342,2,342
429024,Playing,1416192,4014,0,0,0,0,1,5989,90,342,90,342
429278,Playing,1381376,3915,0,0,0,0,1,5991,0,342,0,342
429530,Playing,1401856,3973,0,0,0,0,1,5995,0,342,0,342
429784,Playing,1394688,3953,0,0,0,0,1,5998,93,342,93,342
430037,Playing,1442816,4089,0,0,0,0,1,6003,0,342,0,342
430289,Playing,1443840,4092,0,0,0,0,1,6006,15,342,15,342
430541,Playing,1436672,4072,0,0,0,0,1,6009,93,342,93,342
430794,Playing,1401856,3973,0,0,0,0,1,6011,0,342,0,342
431048,Playing,1422336,4031,0,0,0,0,1,6015,0,342,0,342
431251,Playing,1431552,4057,0,0,0,0,1,6018,92,342,92,342
431504,Playing,1396736,3959,0,0,0,0,1,6020,0,342,0,342
431757,Playing,1397760,3961,0,0,0,0,1,6026,95,342,95,342
432010,Playing,1418240,4019,0,0,0,0,1,6030,0,342,0,342
432261,Playing,1411072,3999,0,0,0,0,1,6033,2,342,2,342
432514,Playing,1348608,3822,0,0,0,0,1,6034,174,342,174,342
432768,Playing,1396736,3959,0,0,0,0,1,6039,0,342,0,342
433020,Playing,1389568,3938,0,0,0,0,1,6042,97,342,97,342
433273,Playing,1418240,4019,0,0,0,0,1,6046,98,342,98,342
433526,Playing,1411072,3999,0,0,0,0,1,6049,1,342,1,342
433778,Playing,1376256,3900,0,0,0,0,1,6051,0,342,0,342
434032,Playing,1396736,3959,0,0,0,0,1,6055,1,342,1,342
434286,Playing,1417216,4017,0,0,0,0,1,6059,0,342,0,342
434539,Playing,1382400,3918,0,0,0,0,1,6064,0,342,0,342
434792,Playing,1347584,3819,0,0,0,0,1,6066,0,342,0,342
435046,Playing,1348608,3822,0,0,0,0,1,6069,93,342,93,342
435300,Playing,1369088,3880,0,0,0,0,1,6073,91,342,91,342
435503,Playing,1378304,3906,0,0,0,0,1,6076,95,342,95,342
435757,Playing,1371136,3886,0,0,0,0,1,6079,0,342,0,342
436012,Playing,1363968,3866,0,0,0,0,1,6082,98,342,98,342
436264,Playing,1384448,3924,0,0,0,0,1,6086,1,342,2,342
436519,Playing,1377280,3903,0,0,0,0,1,6089,93,342,93,342
436771,Playing,1405952,3985,0,0,0,0,1,6093,93,342,93,342
437024,Playing,1371136,3886,0,0,0,0,1,6095,0,342,0,342
437277,Playing,1363968,3866,0,0,0,0,1,6098,97,342,97,342
437531,Playing,1356800,3845,0,0,0,0,1,6104,0,342,0,342
437784,Playing,1377280,3903,0,0,0,0,1,6108,0,342,0,342
438037,Playing,1314816,3726,0,0,0,0,1,6109,174,342,174,342
438291,Playing,1335296,3784,0,0,0,0,1,6113,0,342,0,342
438543,Playing,1363968,3866,0,0,0,0,1,6117,0,342,0,342
438796,Playing,1356800,3845,0,0,0,0,1,6120,14,342,14,342
439049,Playing,1349632,3825,0,0,0,0,1,6123,0,342,0,342
439252,Playing,1358848,3851,0,0,0,0,1,6126,0,342,0,342
439506,Playing,1351680,3831,0,0,0,0,1,6129,94,342,95,342
439759,Playing,1372160,3889,0,0,0,0,1,6133,0,342,0,342
440013,Playing,1309696,3712,0,0,0,0,1,6134,173,342,173,342
440269,Playing,1338368,3793,0,0,0,0,1,6141,0,342,0,342
440521,Playing,1331200,3773,0,0,0,0,1,6144,0,342,0,342
440776,Playing,1351680,3831,0,0,0,0,1,6148,2,342,2,342
441029,Playing,1344512,3810,0,0,0,0,1,6151,89,342,89,342
441281,Playing,1309696,3712,0,0,0,0,1,6153,0,342,1,342
441534,Playing,1302528,3691,0,0,0,0,1,6156,92,342,92,342
441787,Playing,1350656,3828,0,0,0,0,1,6161,0,342,0,342
442039,Playing,1343488,3808,0,0,0,0,1,6164,2,342,2,342
442292,Playing,1372160,3889,0,0,0,0,1,6168,16,342,16,342
442548,Playing,1364992,3869,0,0,0,0,1,6171,95,342,95,342
442751,Playing,1346560,3816,0,0,0,0,1,6173,1,342,1,342
443003,Playing,1311744,3718,0,0,0,0,1,6178,95,342,95,342
443257,Playing,1276928,3619,0,0,0,0,1,6180,0,342,0,342
443509,Playing,1297408,3677,0,0,0,0,1,6184,0,342,0,342
443762,Playing,1298432,3680,0,0,0,0,1,6187,176,342,176,342
444014,Playing,1346560,3816,0,0,0,0,1,6192,0,342,0,342
444266,Playing,1284096,3639,0,0,0,0,1,6193,94,342,94,342
444521,Playing,1304576,3697,0,0,0,0,1,6197,0,342,0,342
444774,Playing,1297408,3677,0,0,0,0,1,6200,0,342,0,342
445029,Playing,1317888,3735,0,0,0,0,1,6204,0,342,0,342
445282,Playing,1310720,3715,0,0,0,0,1,6207,175,342,175,342
445535,Playing,1303552,3694,0,0,0,0,1,6210,0,342,0,342
445788,Playing,1276928,3619,0,0,0,0,1,6215,174,342,174,342
446041,Playing,1297408,3677,0,0,0,0,1,6219,0,342,0,342
446294,Playing,1317888,3735,0,0,0,0,1,6223,0,342,0,342
446547,Playing,1255424,3558,0,0,0,0,1,6224,174,342,174,342
446750,Playing,1264640,3584,0,0,0,0,1,6227,175,342,175,342
447002,Playing,1320960,3744,0,0,0,0,1,6232,2,342,2,342
447254,Playing,1258496,3567,0,0,0,0,1,6233,174,342,174,342
447507,Playing,1278976,3625,0,0,0,0,1,6237,0,342,0,342
447760,Playing,1271808,3604,0,0,0,0,1,6240,175,342,175,342
448013,Playing,1292288,3662,0,0,0,0,1,6244,173,342,173,342
448267,Playing,1285120,3642,0,0,0,0,1,6247,171,342,171,342
448519,Playing,1250304,3543,0,0,0,0,1,6249,15,342,15,342
448773,Playing,1242112,3520,0,0,0,0,1,6255,95,342,95,342
449025,Playing,1262592,3578,0,0,0,0,1,6259,0,342,0,342
449287,Playing,1247232,3535,0,0,0,0,1,6262,0,342,0,342
449502,Playing,1256448,3561,0,0,0,0,1,6265,0,342,0,342
449754,Playing,1249280,3541,0,0,0,0,1,6268,1,342,1,342
450007,Playing,1250304,3543,0,0,0,0,1,6271,173,342,173,342
450260,Playing,1243136,3523,0,0,0,0,1,6274,0,342,0,342
450513,Playing,1235968,3503,0,0,0,0,1,6277,1,342,1,342
450766,Playing,1228800,3482,0,0,0,0,1,6280,95,342,95,342
451019,Playing,1249280,3541,0,0,0,0,1,6284,0,342,0,342
451272,Playing,1242112,3520,0,0,0,0,1,6287,174,342,174,342
451524,Playing,1198080,3395,0,0,0,0,1,6292,0,342,0,342
451778,Playing,1226752,3477,0,0,0,0,1,6296,0,342,0,342
452031,Playing,1219584,3456,0,0,0,0,1,6299,4,342,4,342
452283,Playing,1240064,3514,0,0,0,0,1,6303,0,342,0,342
452536,Playing,1177600,3337,0,0,0,0,1,6304,95,342,95,342
452789,Playing,1198080,3395,0,0,0,0,1,6308,169,342,169,342
453042,Playing,1218560,3453,0,0,0,0,1,6312,0,342,0,342
453296,Playing,1239040,3512,0,0,0,0,1,6316,0,342,0,342
453549,Playing,1240064,3514,0,0,0,0,1,6319,0,342,0,342
453751,Playing,1221632,3462,0,0,0,0,1,6321,16,342,16,342
454003,Playing,1214464,3442,0,0,0,0,1,6324,94,342,94,342
454257,Playing,1198080,3395,0,0,0,0,1,6330,19,342,19,342
454510,Playing,1190912,3375,0,0,0,0,1,6333,96,342,96,342
454765,Playing,1156096,3276,0,0,0,0,1,6335,0,342,0,342
455024,Playing,1148928,3256,0,0,0,0,1,6338,2,342,2,342
455278,Playing,1197056,3393,0,0,0,0,1,6343,0,342,0,342
455530,Playing,1142784,3239,0,0,0,0,1,6344,95,342,95,342
455784,Playing,1190912,3375,0,0,0,0,1,6349,0,342,0,342
456038,Playing,1183744,3355,0,0,0,0,1,6352,1,342,1,342
456290,Playing,1176576,3334,0,0,0,0,1,6355,92,342,92,342
456543,Playing,1197056,3393,0,0,0,0,1,6359,0,342,0,342
456797,Playing,1162240,3294,0,0,0,0,1,6361,0,342,0,342
457000,Playing,1152000,3265,0,0,0,0,1,6366,0,342,17,342
457252,Playing,1172480,3323,0,0,0,0,1,6370,0,342,0,342
457507,Playing,1110016,3146,0,0,0,0,1,6371,174,342,174,342
457760,Playing,1158144,3282,0,0,0,0,1,6376,0,342,0,342
458032,Playing,1170432,3317,0,0,0,0,1,6380,1,342,1,342
458284,Playing,1171456,3320,0,0,0,0,1,6383,1,342,1,342
458539,Playing,1136640,3221,0,0,0,0,1,6385,0,342,0,342
458786,Playing,1129472,3201,0,0,0,0,1,6388,16,342,16,342
459039,Playing,1149952,3259,0,0,0,0,1,6392,0,342,0,342
459285,Playing,1178624,3340,0,0,0,0,1,6396,2,342,2,342
459534,Playing,1171456,3320,0,0,0,0,1,6399,0,342,0,342
459801,Playing,1156096,3276,0,0,0,0,1,6405,0,342,0,342
460051,Playing,1157120,3279,0,0,0,0,1,6408,93,342,93,342
460301,Playing,1122304,3181,0,0,0,0,1,6410,1,342,1,342
460551,Playing,1115136,3160,0,0,0,0,1,6413,95,342,95,342
460799,Playing,1143808,3242,0,0,0,0,1,6417,94,342,95,342
461047,Playing,1136640,3221,0,0,0,0,1,6420,96,342,96,342
461297,Playing,1129472,3201,0,0,0,0,1,6423,0,342,0,342
461544,Playing,1130496,3204,0,0,0,0,1,6426,95,342,95,342
461795,Playing,1150976,3262,0,0,0,0,1,6430,17,342,17,342
462046,Playing,1143808,3242,0,0,0,0,1,6433,91,342,91,342
462295,Playing,1136640,3221,0,0,0,0,1,6436,0,342,0,342
462544,Playing,1137664,3224,0,0,0,0,1,6439,2,342,2,342
462797,Playing,1102848,3125,0,0,0,0,1,6444,95,342,95,342
463045,Playing,1123328,3184,0,0,0,0,1,6448,95,342,95,342
463294,Playing,1152000,3265,0,0,0,0,1,6452,0,342,0,342
463543,Playing,1117184,3166,0,0,0,0,1,6454,0,342,0,342
463769,Playing,1145856,3247,0,0,0,0,1,6458,3,342,3,342
464022,Playing,1138688,3227,0,0,0,0,1,6461,1,342,1,342
464276,Playing,1084416,3073,0,0,0,0,1,6462,176,342,176,342
464531,Playing,1132544,3210,0,0,0,0,1,6467,1,342,1,342
464785,Playing,1097728,3111,0,0,0,0,1,6469,94,342,94,342
465039,Playing,1145856,3247,0,0,0,0,1,6474,0,342,0,342
465291,Playing,1129472,3201,0,0,0,0,1,6477,17,342,17,342
465543,Playing,1076224,3050,0,0,0,0,1,6481,0,342,0,342
465795,Playing,1096704,3108,0,0,0,0,1,6485,0,342,0,342
466049,Playing,1117184,3166,0,0,0,0,1,6489,0,342,0,342
466251,Playing,1051648,2980,0,0,0,0,1,6489,0,342,0,342
466504,Playing,1099776,3117,0,0,0,0,1,6494,0,342,0,342
466759,Playing,1092608,3096,0,0,0,0,1,6497,172,342,172,342
467012,Playing,1113088,3155,0,0,0,0,1,6501,0,342,0,342
467282,Playing,1125376,3189,0,0,0,0,1,6505,1,342,1,342
467547,Playing,1062912,3012,0,0,0,0,1,6506,174,342,174,342
467753,Playing,1072128,3038,0,0,0,0,1,6509,15,342,15,342
468018,Playing,1120256,3175,0,0,0,0,1,6514,0,342,0,342
468271,Playing,1048576,2972,0,0,0,0,1,6517,0,342,13,342
468524,Playing,1078272,3056,0,0,0,0,1,6522,0,342,0,342
468778,Playing,1071104,3036,0,0,0,0,1,6525,0,342,0,342
469034,Playing,1063936,3015,0,0,0,0,1,6528,96,342,96,342
469289,Playing,1084416,3073,0,0,0,0,1,6532,94,342,94,342
469543,Playing,1049600,2975,0,0,0,0,1,6534,0,342,0,342
469797,Playing,1042432,2954,0,0,0,0,1,6537,174,342,174,342
470048,Playing,1062912,3012,0,0,0,0,1,6541,0,342,0,342
470251,Playing,1052672,2983,0,0,0,0,1,6543,0,342,0,342
470503,Playing,1073152,3041,0,0,0,0,1,6547,0,342,0,342
470759,Playing,1065984,3021,0,0,0,0,1,6550,0,342,0,342
471013,Playing,1049600,2975,0,0,0,0,1,6555,0,342,14,342
471276,Playing,1051648,2980,0,0,0,0,1,6559,95,342,96,342
471514,Playing,1016832,2882,0,0,0,0,1,6561,1,342,1,342
471768,Playing,1045504,2963,0,0,0,0,1,6565,0,342,0,342
472023,Playing,1065984,3021,0,0,0,0,1,6569,0,342,0,342
472276,Playing,1086464,3079,0,0,0,0,1,6573,13,342,13,342
472532,Playing,1024000,2902,0,0,0,0,1,6574,179,342,179,342
472794,Playing,1036288,2937,0,0,0,0,1,6578,0,342,0,342
473047,Playing,1029120,2917,0,0,0,0,1,6581,0,342,0,342
473251,Playing,1018880,2887,0,0,0,0,1,6583,0,342,0,342
473503,Playing,1039360,2946,0,0,0,0,1,6587,0,342,0,342
473756,Playing,1032192,2925,0,0,0,0,1,6590,178,342,179,342
474010,Playing,988160,2800,0,0,0,0,1,6595,0,342,0,342
474263,Playing,953344,2702,0,0,0,0,1,6597,98,342,98,342
474517,Playing,973824,2760,0,0,0,0,1,6601,171,342,171,342
474770,Playing,1002496,2841,0,0,0,0,1,6605,0,342,0,342
475023,Playing,1022976,2899,0,0,0,0,1,6609,0,342,0,342
475277,Playing,1015808,2879,0,0,0,0,1,6612,179,342,179,342
475530,Playing,1008640,2858,0,0,0,0,1,6615,0,342,0,342
475782,Playing,973824,2760,0,0,0,0,1,6617,176,342,176,342
476037,Playing,994304,2818,0,0,0,0,1,6621,176,342,176,342
476290,Playing,1042432,2954,0,0,0,0,1,6626,0,342,0,342
476543,Playing,1016832,2882,0,0,0,0,1,6629,0,342,0,342
476798,Playing,971776,2754,0,0,0,0,1,6633,0,342,0,342
477000,Playing,1008640,2858,0,0,0,0,1,6637,0,342,0,342
477252,Playing,973824,2760,0,0,0,0,1,6639,0,342,0,342
477505,Playing,966656,2739,0,0,0,0,1,6642,0,342,0,342
477759,Playing,959488,2719,0,0,0,0,1,6645,0,342,0,342
478015,Playing,952320,2699,0,0,0,0,1,6648,8,342,8,342
478268,Playing,1008640,2858,0,0,0,0,1,6653,0,342,0,342
478521,Playing,973824,2760,0,0,0,0,1,6655,0,342,0,342
478774,Playing,966656,2739,0,0,0,0,1,6658,176,342,176,342
479028,Playing,959488,2719,0,0,0,0,1,6661,172,342,172,342
479281,Playing,979968,2777,0,0,0,0,1,6665,96,342,96,342
479533,Playing,926720,2626,0,0,0,0,1,6669,0,342,11,342
479787,Playing,928768,2632,0,0,0,0,1,6673,0,342,0,342
480040,Playing,921600,2612,0,0,0,0,1,6676,0,342,0,342
480293,Playing,950272,2693,0,0,0,0,1,6680,175,342,175,342
480545,Playing,887808,2516,0,0,0,0,1,6681,95,342,95,342
480799,Playing,908288,2574,0,0,0,0,1,6685,171,342,171,342
481000,Playing,945152,2679,0,0,0,0,1,6689,0,342,0,342
481254,Playing,910336,2580,0,0,0,0,1,6691,16,342,16,342
481509,Playing,930816,2638,0,0,0,0,1,6695,1,342,1,342
481761,Playing,951296,2696,0,0,0,0,1,6699,0,342,0,342
482015,Playing,916480,2597,0,0,0,0,1,6701,94,342,94,342
482268,Playing,917504,2600,0,0,0,0,1,6704,0,342,0,342
482522,Playing,882688,2501,0,0,0,0,1,6709,0,342,0,342
482777,Playing,875520,2481,0,0,0,0,1,6712,97,342,97,342
483030,Playing,923648,2618,0,0,0,0,1,6717,13,342,13,342
483289,Playing,944128,2676,0,0,0,0,1,6721,0,342,0,342
483519,Playing,917504,2600,0,0,0,0,1,6723,71,342,71,342
483771,Playing,882688,2501,0,0,0,0,1,6725,0,342,0,342
484023,Playing,903168,2560,0,0,0,0,1,6729,92,342,92,342
484277,Playing,896000,2539,0,0,0,0,1,6732,0,342,0,342
484531,Playing,897024,2542,0,0,0,0,1,6735,3,342,3,342
484783,Playing,889856,2522,0,0,0,0,1,6738,95,342,95,342
485037,Playing,910336,2580,0,0,0,0,1,6742,90,342,90,342
485292,Playing,903168,2560,0,0,0,0,1,6748,0,342,0,342
485544,Playing,896000,2539,0,0,0,0,1,6751,0,342,0,342
485799,Playing,861184,2440,0,0,0,0,1,6753,1,342,1,342
486001,Playing,898048,2545,0,0,0,0,1,6757,0,342,0,342
486257,Playing,890880,2525,0,0,0,0,1,6760,0,342,0,342
486510,Playing,919552,2606,0,0,0,0,1,6764,92,342,92,342
486764,Playing,857088,2429,0,0,0,0,1,6765,177,342,177,342
487017,Playing,877568,2487,0,0,0,0,1,6769,92,342,92,342
487269,Playing,898048,2545,0,0,0,0,1,6773,0,342,0,342
487522,Playing,890880,2525,0,0,0,0,1,6776,0,342,0,342
487774,Playing,856064,2426,0,0,0,0,1,6778,1,342,1,342
488027,Playing,876544,2484,0,0,0,0,1,6785,0,342,0,342
488279,Playing,849920,2409,0,0,0,0,1,6787,96,342,96,342
488536,Playing,870400,2467,0,0,0,0,1,6791,107,342,107,342
488789,Playing,890880,2525,0,0,0,0,1,6795,14,342,14,342
489043,Playing,883712,2504,0,0,0,0,1,6798,96,342,96,342
489300,Playing,848896,2406,0,0,0,0,1,6800,1,342,1,342
489503,Playing,885760,2510,0,0,0,0,1,6804,0,342,0,342
489754,Playing,878592,2490,0,0,0,0,1,6807,93,342,93,342
490009,Playing,871424,2470,0,0,0,0,1,6810,1,342,1,342
490262,Playing,872448,2472,0,0,0,0,1,6813,0,342,0,342
490517,Playing,865280,2452,0,0,0,0,1,6816,97,342,97,342
490770,Playing,858112,2432,0,0,0,0,1,6822,89,342,90,342
491025,Playing,823296,2333,0,0,0,0,1,6824,0,342,0,342
491277,Playing,816128,2313,0,0,0,0,1,6827,173,342,173,342
491530,Playing,836608,2371,0,0,0,0,1,6831,0,342,0,342
491785,Playing,829440,2351,0,0,0,0,1,6834,92,342,92,342
492037,Playing,849920,2409,0,0,0,0,1,6838,92,342,92,342
492290,Playing,878592,2490,0,0,0,0,1,6842,92,342,92,342
492544,Playing,843776,2391,0,0,0,0,1,6844,0,342,0,342
492797,Playing,836608,2371,0,0,0,0,1,6847,95,342,95,342
493050,Playing,857088,2429,0,0,0,0,1,6851,0,342,0,342
493253,Playing,838656,2377,0,0,0,0,1,6853,0,342,0,342
493507,Playing,822272,2330,0,0,0,0,1,6858,0,342,15,342
493762,Playing,824320,2336,0,0,0,0,1,6862,0,342,0,342
494015,Playing,852992,2417,0,0,0,0,1,6866,0,342,0,342
494270,Playing,818176,2319,0,0,0,0,1,6868,0,342,0,342
494523,Playing,811008,2298,0,0,0,0,1,6871,0,342,0,342
494776,Playing,831488,2356,0,0,0,0,1,6875,0,342,0,342
495029,Playing,851968,2414,0,0,0,0,1,6879,0,342,0,342
495281,Playing,844800,2394,0,0,0,0,1,6882,0,342,0,342
495535,Playing,818176,2319,0,0,0,0,1,6884,0,342,0,342
495789,Playing,838656,2377,0,0,0,0,1,6888,0,342,0,342
496042,Playing,831488,2356,0,0,0,0,1,6891,0,342,0,342
496296,Playing,796672,2258,0,0,0,0,1,6893,0,342,0,342
496549,Playing,789504,2237,0,0,0,0,1,6899,0,342,0,342
496750,Playing,798720,2263,0,0,0,0,1,6902,0,342,0,342
497003,Playing,819200,2321,0,0,0,0,1,6906,89,342,89,342
497256,Playing,792576,2246,0,0,0,0,1,6908,1,342,2,342
497509,Playing,785408,2226,0,0,0,0,1,6911,173,342,173,342
497763,Playing,805888,2284,0,0,0,0,1,6915,0,342,0,342
498019,Playing,826368,2342,0,0,0,0,1,6919,0,342,0,342
498274,Playing,819200,2321,0,0,0,0,1,6922,92,342,92,342
498527,Playing,756736,2144,0,0,0,0,1,6923,177,342,177,342
498781,Playing,804864,2281,0,0,0,0,1,6928,0,342,0,342
499034,Playing,797696,2261,0,0,0,0,1,6931,175,342,175,342
499287,Playing,734208,2081,0,0,0,0,1,6935,0,342,0,342
499539,Playing,727040,2060,0,0,0,0,1,6938,174,342,174,342
499793,Playing,747520,2118,0,0,0,0,1,6942,174,342,174,342
500047,Playing,768000,2176,0,0,0,0,1,6946,0,342,0,342
500299,Playing,788480,2234,0,0,0,0,1,6950,0,342,0,342
500501,Playing,750592,2127,0,0,0,0,1,6951,174,342,174,342
500757,Playing,771072,2185,0,0,0,0,1,6955,0,342,0,342
501010,Playing,763904,2165,0,0,0,0,1,6958,175,342,175,342
501264,Playing,756736,2144,0,0,0,0,1,6961,0,342,1,342
501518,Playing,749568,2124,0,0,0,0,1,6964,0,342,0,342
501771,Playing,742400,2104,0,0,0,0,1,6967,173,342,173,342
502023,Playing,761856,2159,0,0,0,0,1,6974,0,342,0,342
502278,Playing,699392,1982,0,0,0,0,1,6975,91,342,91,342
502532,Playing,692224,1962,0,0,0,0,1,6978,88,342,88,342
502787,Playing,740352,2098,0,0,0,0,1,6983,13,342,13,342
503042,Playing,733184,2078,0,0,0,0,1,6986,4,342,4,342
503296,Playing,753664,2136,0,0,0,0,1,6990,0,342,0,342
503500,Playing,735232,2083,0,0,0,0,1,6992,2,342,2,342
503752,Playing,736256,2086,0,0,0,0,1,6995,88,342,89,342
504005,Playing,729088,2066,0,0,0,0,1,6998,174,342,174,342
504261,Playing,694272,1967,0,0,0,0,1,7000,1,342,1,342
504514,Playing,714752,2025,0,0,0,0,1,7004,3,342,3,342
504769,Playing,716800,2031,0,0,0,0,1,7010,0,342,12,342
505023,Playing,718848,2037,0,0,0,0,1,7014,15,342,15,342
505278,Playing,711680,2017,0,0,0,0,1,7017,0,342,0,342
505533,Playing,676864,1918,0,0,0,0,1,7019,0,342,0,342
505788,Playing,669696,1898,0,0,0,0,1,7022,92,342,93,342
506040,Playing,670720,1901,0,0,0,0,1,7025,96,342,96,342
506293,Playing,718848,2037,0,0,0,0,1,7030,1,342,1,342
506549,Playing,656384,1860,0,0,0,0,1,7031,93,342,93,342
506751,Playing,693248,1964,0,0,0,0,1,7035,93,342,93,342
507004,Playing,713728,2023,0,0,0,0,1,7039,1,342,1,342
507256,Playing,706560,2002,0,0,0,0,1,7042,0,342,0,342
507509,Playing,679936,1927,0,0,0,0,1,7044,0,342,0,342
507764,Playing,645120,1828,0,0,0,0,1,7049,95,342,95,342
508002,Playing,665600,1886,0,0,0,0,1,7053,0,342,0,342
508254,Playing,658432,1866,0,0,0,0,1,7056,94,342,94,342
508508,Playing,659456,1869,0,0,0,0,1,7059,0,342,0,342
508764,Playing,679936,1927,0,0,0,0,1,7063,0,342,0,342
509017,Playing,672768,1906,0,0,0,0,1,7066,0,342,0,342
509271,Playing,665600,1886,0,0,0,0,1,7069,0,342,0,342
509524,Playing,686080,1944,0,0,0,0,1,7073,0,342,0,342
509777,Playing,651264,1845,0,0,0,0,1,7075,0,342,0,342
510030,Playing,671744,1904,0,0,0,0,1,7079,0,342,0,342
510283,Playing,636928,1805,0,0,0,0,1,7081,0,342,0,342
510537,Playing,665600,1886,0,0,0,0,1,7088,0,342,0,342
510790,Playing,630784,1787,0,0,0,0,1,7090,2,342,2,342
511042,Playing,623616,1767,0,0,0,0,1,7093,0,342,0,342
511296,Playing,644096,1825,0,0,0,0,1,7097,0,342,0,342
511549,Playing,664576,1883,0,0,0,0,1,7101,0,342,0,342
511751,Playing,618496,1753,0,0,0,0,1,7102,96,342,96,342
512004,Playing,647168,1834,0,0,0,0,1,7106,0,342,0,342
512258,Playing,640000,1814,0,0,0,0,1,7109,94,342,94,342
512510,Playing,605184,1715,0,0,0,0,1,7111,0,342,0,342
512763,Playing,625664,1773,0,0,0,0,1,7115,0,342,0,342
513017,Playing,618496,1753,0,0,0,0,1,7118,95,342,95,342
513270,Playing,638976,1811,0,0,0,0,1,7125,0,342,0,342
513525,Playing,631808,1790,0,0,0,0,1,7128,15,342,15,342
513779,Playing,569344,1613,0,0,0,0,1,7129,175,342,175,342
514033,Playing,625664,1773,0,0,0,0,1,7134,0,342,0,342
514284,Playing,618496,1753,0,0,0,0,1,7137,0,342,0,342
514537,Playing,638976,1811,0,0,0,0,1,7141,0,342,0,342
514790,Playing,631808,1790,0,0,0,0,1,7144,92,342,92,342
515043,Playing,652288,1848,0,0,0,0,1,7148,14,342,14,342
515298,Playing,645120,1828,0,0,0,0,1,7151,93,342,93,342
515549,Playing,618496,1753,0,0,0,0,1,7153,0,342,1,342
515751,Playing,655360,1857,0,0,0,0,1,7157,0,342,0,342
516003,Playing,611328,1732,0,0,0,0,1,7161,0,342,17,342
516256,Playing,613376,1738,0,0,0,0,1,7165,5,342,5,342
516509,Playing,606208,1718,0,0,0,0,1,7168,0,342,0,342
516763,Playing,626688,1776,0,0,0,0,1,7172,0,342,0,342
517016,Playing,627712,1779,0,0,0,0,1,7175,0,342,0,342
517269,Playing,592896,1680,0,0,0,0,1,7177,0,342,0,342
517521,Playing,613376,1738,0,0,0,0,1,7181,0,342,0,342
517775,Playing,633856,1796,0,0,0,0,1,7185,0,342,0,342
518030,Playing,543744,1541,0,0,0,0,1,7185,0,342,0,342
518283,Playing,591872,1677,0,0,0,0,1,7190,3,342,4,342
518538,Playing,584704,1657,0,0,0,0,1,7193,91,342,91,342
518791,Playing,595968,1689,0,0,0,0,1,7199,0,342,9,342
519043,Playing,606208,1718,0,0,0,0,1,7203,12,342,12,342
519296,Playing,626688,1776,0,0,0,0,1,7207,15,342,15,342
519550,Playing,536576,1520,0,0,0,0,1,7207,15,342,15,342
519752,Playing,601088,1703,0,0,0,0,1,7212,0,342,0,342
520005,Playing,593920,1683,0,0,0,0,1,7215,0,342,0,342
520258,Playing,586752,1663,0,0,0,0,1,7218,92,342,92,342
520510,Playing,560128,1587,0,0,0,0,1,7220,0,342,0,342
520763,Playing,580608,1645,0,0,0,0,1,7224,84,342,84,342
521017,Playing,573440,1625,0,0,0,0,1,7227,0,342,0,342
521269,Playing,538624,1526,0,0,0,0,1,7229,96,342,96,342
521521,Playing,559104,1584,0,0,0,0,1,7233,94,342,94,342
521775,Playing,551936,1564,0,0,0,0,1,7239,0,342,0,342
522028,Playing,580608,1645,0,0,0,0,1,7243,0,342,0,342
522281,Playing,573440,1625,0,0,0,0,1,7246,0,342,0,342
522534,Playing,538624,1526,0,0,0,0,1,7248,0,342,0,342
522787,Playing,531456,1506,0,0,0,0,1,7251,95,342,95,342
523040,Playing,551936,1564,0,0,0,0,1,7255,94,342,94,342
523292,Playing,572416,1622,0,0,0,0,1,7259,0,342,0,342
523545,Playing,592896,1680,0,0,0,0,1,7263,13,342,13,342
523797,Playing,530432,1503,0,0,0,0,1,7264,176,342,176,342
524000,Playing,575488,1631,0,0,0,0,1,7268,0,342,0,342
524253,Playing,568320,1610,0,0,0,0,1,7271,94,342,95,342
524506,Playing,515072,1459,0,0,0,0,1,7275,0,342,13,342
524760,Playing,517120,1465,0,0,0,0,1,7279,0,342,0,342
525012,Playing,537600,1523,0,0,0,0,1,7283,0,342,0,342
525266,Playing,530432,1503,0,0,0,0,1,7286,173,342,173,342
525519,Playing,495616,1404,0,0,0,0,1,7288,0,342,0,342
525771,Playing,496640,1407,0,0,0,0,1,7291,0,342,0,342
526023,Playing,517120,1465,0,0,0,0,1,7295,0,342,0,342
526277,Playing,537600,1523,0,0,0,0,1,7299,0,342,0,342
526530,Playing,530432,1503,0,0,0,0,1,7302,95,342,95,342
526782,Playing,495616,1404,0,0,0,0,1,7304,0,342,0,342
527036,Playing,516096,1462,0,0,0,0,1,7308,0,342,0,342
527290,Playing,490496,1390,0,0,0,0,1,7313,0,342,14,342
527543,Playing,500736,1419,0,0,0,0,1,7317,0,342,0,342
527796,Playing,521216,1477,0,0,0,0,1,7321,0,342,0,342
528049,Playing,486400,1378,0,0,0,0,1,7323,0,342,0,342
528250,Playing,495616,1404,0,0,0,0,1,7326,0,342,0,342
528503,Playing,460800,1306,0,0,0,0,1,7328,0,342,0,342
528757,Playing,453632,1285,0,0,0,0,1,7331,96,342,96,342
529010,Playing,482304,1367,0,0,0,0,1,7335,0,342,0,342
529262,Playing,475136,1346,0,0,0,0,1,7338,173,342,173,342
529516,Playing,495616,1404,0,0,0,0,1,7342,177,342,177,342
529768,Playing,460800,1306,0,0,0,0,1,7344,0,342,0,342
530020,Playing,453632,1285,0,0,0,0,1,7347,176,342,176,342
530272,Playing,437248,1239,0,0,0,0,1,7353,172,342,172,342
530525,Playing,430080,1219,0,0,0,0,1,7356,171,342,171,342
530777,Playing,431104,1221,0,0,0,0,1,7359,0,342,0,342
531030,Playing,451584,1280,0,0,0,0,1,7363,0,342,0,342
531285,Playing,444416,1259,0,0,0,0,1,7366,15,342,15,342
531539,Playing,437248,1239,0,0,0,0,1,7369,94,342,94,342
531791,Playing,430080,1219,0,0,0,0,1,7372,0,342,0,342
532044,Playing,422912,1198,0,0,0,0,1,7375,0,342,0,342
532298,Playing,415744,1178,0,0,0,0,1,7378,95,342,95,342
532501,Playing,488448,1384,0,0,0,0,1,7383,0,342,0,342
532754,Playing,481280,1364,0,0,0,0,1,7386,0,342,0,342
533006,Playing,446464,1265,0,0,0,0,1,7391,93,342,94,342
533259,Playing,411648,1166,0,0,0,0,1,7393,0,342,0,342
533511,Playing,432128,1224,0,0,0,0,1,7397,0,342,0,342
533764,Playing,424960,1204,0,0,0,0,1,7400,96,342,96,342
534017,Playing,390144,1105,0,0,0,0,1,7402,2,342,2,342
534272,Playing,418816,1187,0,0,0,0,1,7406,90,342,90,342
534525,Playing,439296,1245,0,0,0,0,1,7410,0,342,0,342
534778,Playing,459776,1303,0,0,0,0,1,7414,15,342,15,342
535031,Playing,452608,1282,0,0,0,0,1,7417,1,342,1,342
535285,Playing,473088,1340,0,0,0,0,1,7421,13,342,13,342
535538,Playing,410624,1163,0,0,0,0,1,7422,175,342,176,342
535791,Playing,403456,1143,0,0,0,0,1,7428,0,342,0,342
536045,Playing,423936,1201,0,0,0,0,1,7432,0,342,0,342
536298,Playing,444416,1259,0,0,0,0,1,7436,0,342,0,342
536500,Playing,406528,1152,0,0,0,0,1,7437,176,342,176,342
536752,Playing,427008,1210,0,0,0,0,1,7441,0,342,0,342
537005,Playing,392192,1111,0,0,0,0,1,7443,0,342,0,342
537259,Playing,385024,1091,0,0,0,0,1,7446,0,342,0,342
537511,Playing,405504,1149,0,0,0,0,1,7450,0,342,0,342
537765,Playing,398336,1129,0,0,0,0,1,7453,92,342,92,342
538020,Playing,427008,1210,0,0,0,0,1,7457,98,342,98,342
538271,Playing,392192,1111,0,0,0,0,1,7459,4,342,4,342
538525,Playing,385024,1091,0,0,0,0,1,7462,175,342,175,342
538778,Playing,405504,1149,0,0,0,0,1,7469,0,342,0,342
539030,Playing,398336,1129,0,0,0,0,1,7472,0,342,0,342
539283,Playing,391168,1108,0,0,0,0,1,7475,97,342,97,342
539535,Playing,384000,1088,0,0,0,0,1,7478,0,342,0,342
539788,Playing,385024,1091,0,0,0,0,1,7481,0,342,0,342
540040,Playing,405504,1149,0,0,0,0,1,7485,14,342,14,342
540294,Playing,398336,1129,0,0,0,0,1,7488,0,342,0,342
540546,Playing,335872,952,0,0,0,0,1,7489,173,342,173,342
540798,Playing,384000,1088,0,0,0,0,1,7494,0,342,0,342
541001,Playing,337920,957,0,0,0,0,1,7495,94,342,94,342
541253,Playing,366592,1039,0,0,0,0,1,7499,171,342,171,342
541507,Playing,331776,940,0,0,0,0,1,7504,96,342,96,342
541760,Playing,352256,998,0,0,0,0,1,7508,0,342,0,342
542013,Playing,345088,978,0,0,0,0,1,7511,174,342,174,342
542266,Playing,337920,957,0,0,0,0,1,7514,0,342,0,342
542519,Playing,330752,937,0,0,0,0,1,7517,0,342,0,342
542772,Playing,351232,995,0,0,0,0,1,7521,170,342,170,342
543025,Playing,344064,975,0,0,0,0,1,7524,173,342,173,342
543277,Playing,372736,1056,0,0,0,0,1,7528,0,342,0,342
543530,Playing,337920,957,0,0,0,0,1,7530,0,342,0,342
543783,Playing,358400,1015,0,0,0,0,1,7534,1,342,1,342
544036,Playing,351232,995,0,0,0,0,1,7537,1,342,1,342
544290,Playing,344064,975,0,0,0,0,1,7543,95,342,95,342
544543,Playing,309248,876,0,0,0,0,1,7545,2,342,2,342
544798,Playing,302080,856,0,0,0,0,1,7548,0,342,0,342
545000,Playing,347136,983,0,0,0,0,1,7552,0,342,0,342
545253,Playing,312320,885,0,0,0,0,1,7554,0,342,0,342
545507,Playing,305152,864,0,0,0,0,1,7557,176,342,176,342
545761,Playing,325632,922,0,0,0,0,1,7561,0,342,0,342
546015,Playing,346112,981,0,0,0,0,1,7565,0,342,0,342
546268,Playing,338944,960,0,0,0,0,1,7568,177,342,177,342
546521,Playing,304128,862,0,0,0,0,1,7570,0,342,0,342
546775,Playing,296960,841,0,0,0,0,1,7573,95,342,95,342
547026,Playing,289792,821,0,0,0,0,1,7579,96,342,96,342
547281,Playing,318464,902,0,0,0,0,1,7583,0,342,0,342
547534,Playing,256000,725,0,0,0,0,1,7584,96,342,96,342
547787,Playing,304128,862,0,0,0,0,1,7589,0,342,0,342
548040,Playing,296960,841,0,0,0,0,1,7592,0,342,0,342
548293,Playing,289792,821,0,0,0,0,1,7595,0,342,0,342
548546,Playing,282624,801,0,0,0,0,1,7598,15,342,15,342
548800,Playing,275456,780,0,0,0,0,1,7601,0,342,0,342
549002,Playing,312320,885,0,0,0,0,1,7605,0,342,0,342
549258,Playing,277504,786,0,0,0,0,1,7607,0,342,0,342
549512,Playing,270336,766,0,0,0,0,1,7610,2,342,2,342
549766,Playing,271360,769,0,0,0,0,1,7613,92,342,92,342
550020,Playing,282624,801,0,0,0,0,1,7620,14,342,14,342
550273,Playing,220160,624,0,0,0,0,1,7621,173,342,173,342
550525,Playing,240640,682,0,0,0,0,1,7625,0,342,0,342
550780,Playing,261120,740,0,0,0,0,1,7629,0,342,0,342
551033,Playing,253952,719,0,0,0,0,1,7632,96,342,96,342
551288,Playing,274432,777,0,0,0,0,1,7636,0,342,0,342
551540,Playing,294912,835,0,0,0,0,1,7640,0,342,0,342
551800,Playing,232448,658,0,0,0,0,1,7641,96,342,96,342
552004,Playing,269312,763,0,0,0,0,1,7645,0,342,0,342
552261,Playing,289792,821,0,0,0,0,1,7649,0,342,0,342
552513,Playing,263168,745,0,0,0,0,1,7651,0,342,0,342
552766,Playing,219136,621,0,0,0,0,1,7656,0,342,0,342
553020,Playing,211968,600,0,0,0,0,1,7659,94,342,94,342
553273,Playing,232448,658,0,0,0,0,1,7663,0,342,0,342
553527,Playing,197632,560,0,0,0,0,1,7665,0,342,0,342
553780,Playing,190464,539,0,0,0,0,1,7668,96,342,96,342
554031,Playing,210944,597,0,0,0,0,1,7672,175,342,175,342
554285,Playing,239616,679,0,0,0,0,1,7676,0,342,0,342
554537,Playing,232448,658,0,0,0,0,1,7679,177,342,177,342
554789,Playing,197632,560,0,0,0,0,1,7681,0,342,0,342
555043,Playing,218112,618,0,0,0,0,1,7685,0,342,0,342
555298,Playing,210944,597,0,0,0,0,1,7688,174,342,174,342
555501,Playing,183296,519,0,0,0,0,1,7693,0,342,0,342
555754,Playing,148480,420,0,0,0,0,1,7695,96,342,96,342
556007,Playing,196608,557,0,0,0,0,1,7700,15,342,15,342
556260,Playing,197632,560,0,0,0,0,1,7703,0,342,0,342
556513,Playing,218112,618,0,0,0,0,1,7707,0,342,0,342
556767,Playing,183296,519,0,0,0,0,1,7709,0,342,0,342
557019,Playing,203776,577,0,0,0,0,1,7713,0,342,0,342
557271,Playing,168960,478,0,0,0,0,1,7715,94,342,94,342
557525,Playing,134144,380,0,0,0,0,1,7717,0,342,0,342
557777,Playing,154624,438,0,0,0,0,1,7721,83,342,83,342
558029,Playing,175104,496,0,0,0,0,1,7725,1,342,1,342
558282,Playing,148480,420,0,0,0,0,1,7730,0,342,13,342
558535,Playing,196608,557,0,0,0,0,1,7735,0,342,0,342
558788,Playing,161792,458,0,0,0,0,1,7737,0,342,0,342
559041,Playing,154624,438,0,0,0,0,1,7740,0,342,0,342
559293,Playing,147456,417,0,0,0,0,1,7743,15,342,15,342
559547,Playing,140288,397,0,0,0,0,1,7746,171,342,171,342
559769,Playing,149504,423,0,0,0,0,1,7749,0,342,0,342
560023,Playing,142336,403,0,0,0,0,1,7752,94,342,94,342
560276,Playing,162816,461,0,0,0,0,1,7756,93,342,93,342
560529,Playing,183296,519,0,0,0,0,1,7760,0,342,0,342
560782,Playing,148480,420,0,0,0,0,1,7762,176,342,176,342
561036,Playing,141312,400,0,0,0,0,1,7765,0,342,0,342
561289,Playing,134144,380,0,0,0,0,1,7771,0,342,0,342
561542,Playing,126976,359,0,0,0,0,1,7774,3,342,3,342
561794,Playing,155648,441,0,0,0,0,1,7778,2,342,2,342
562001,Playing,164864,467,0,0,0,0,1,7781,8,342,8,342
562254,Playing,130048,368,0,0,0,0,1,7783,0,342,0,342
562507,Playing,122880,348,0,0,0,0,1,7786,174,342,174,342
562759,Playing,171008,484,0,0,0,0,1,7791,0,342,0,342
563012,Playing,163840,464,0,0,0,0,1,7794,0,342,0,342
563263,Playing,137216,388,0,0,0,0,1,7796,0,342,0,342
563516,Playing,130048,368,0,0,0,0,1,7799,0,342,0,342
563769,Playing,150528,426,0,0,0,0,1,7803,15,342,15,342
564021,Playing,115712,327,0,0,0,0,1,7808,93,342,93,342
564274,Playing,163840,464,0,0,0,0,1,7813,0,342,0,342
564527,Playing,101376,287,0,0,0,0,1,7814,176,342,176,342
564781,Playing,121856,345,0,0,0,0,1,7818,0,342,0,342
565034,Playing,114688,325,0,0,0,0,1,7821,0,342,0,342
565291,Playing,135168,383,0,0,0,0,1,7825,0,342,0,342
565546,Playing,128000,362,0,0,0,0,1,7828,94,342,94,342
565800,Playing,101376,287,0,0,0,0,1,7830,2,342,2,342
566002,Playing,110592,313,0,0,0,0,1,7833,0,342,0,342
566254,Playing,103424,293,0,0,0,0,1,7836,2,342,2,342
566506,Playing,96256,272,0,0,0,0,1,7839,92,342,92,342
566761,Playing,89088,252,0,0,0,0,1,7845,0,342,0,342
567017,Playing,109568,310,0,0,0,0,1,7849,0,342,0,342
567276,Playing,102400,290,0,0,0,0,1,7852,0,342,0,342
567530,Playing,95232,269,0,0,0,0,1,7855,0,342,1,342
567784,Playing,88064,249,0,0,0,0,1,7858,2,342,2,342
568039,Playing,80896,229,0,0,0,0,1,7861,91,342,91,342
568292,Playing,46080,130,0,0,0,0,1,7863,2,342,2,342
568546,Playing,38912,110,0,0,0,0,1,7866,94,342,94,342
568798,Playing,67584,191,0,0,0,0,1,7870,0,342,0,342
569001,Playing,104448,296,0,0,0,0,1,7874,0,342,0,342
569255,Playing,124928,354,0,0,0,0,1,7878,0,342,0,342
569508,Playing,90112,255,0,0,0,0,1,7883,0,342,0,342
569762,Playing,55296,156,0,0,0,0,1,7885,0,342,0,342
570014,Playing,48128,136,0,0,0,0,1,7888,0,342,0,342
570269,Playing,68608,194,0,0,0,0,1,7892,3,342,3,342
570522,Playing,89088,252,0,0,0,0,1,7896,0,342,0,342
570775,Playing,81920,232,0,0,0,0,1,7899,2,342,2,342
571028,Playing,55296,156,0,0,0,0,1,7901,174,342,174,342
571282,Playing,75776,214,0,0,0,0,1,7905,0,342,0,342
571534,Playing,68608,194,0,0,0,0,1,7908,178,342,178,342
571788,Playing,89088,252,0,0,0,0,1,7912,0,342,0,342
572040,Playing,54272,153,0,0,0,0,1,7914,0,342,0,342
572293,Playing,37888,107,0,0,0,0,1,7919,0,342,12,342
572545,Playing,48128,136,0,0,0,0,1,7923,0,342,0,342
572797,Buffering,82944,235,1,0,0,0,1,7927,0,342,0,342
573049,Buffering,110592,313,1,0,0,0,1,7928,175,342,175,342
573251,Buffering,221184,626,1,0,0,0,1,7932,0,342,0,342
573504,Buffering,276480,783,1,0,0,0,1,7934,0,342,0,342
573758,Buffering,302080,856,1,1,0,0,1,7937,92,342,92,342
574012,Buffering,350208,992,1,1,0,0,1,7942,2,342,2,342
574267,Buffering,343040,972,1,1,0,0,1,7945,1,342,1,342
574520,Buffering,344064,975,1,1,0,0,1,7948,176,342,176,342
574773,Buffering,364544,1033,1,1,0,0,1,7952,4,342,4,342
575030,Buffering,329728,934,1,1,0,0,1,7954,0,342,0,342
575282,Buffering,285696,809,1,1,0,0,1,7959,175,342,175,342
575534,Buffering,306176,867,1,1,0,0,1,7963,0,342,0,342
575787,Buffering,326656,925,1,1,0,0,1,7967,0,342,0,342
576040,Buffering,291840,827,1,1,0,0,1,7969,17,342,17,342
576292,Buffering,284672,806,1,1,0,0,1,7972,0,342,0,342
576547,Buffering,305152,864,1,1,0,0,1,7976,0,342,0,342
576799,Buffering,306176,867,1,1,0,0,1,7979,173,342,173,342
577001,Buffering,287744,815,1,1,0,0,1,7981,0,342,0,342
577255,Buffering,308224,873,1,1,0,0,1,7985,0,342,0,342
577509,Buffering,328704,931,1,1,0,0,1,7989,0,342,0,342
577762,Buffering,266240,754,1,1,0,0,1,7990,94,342,94,342
578016,Buffering,249856,708,1,1,0,0,1,7996,0,342,0,342
578271,Buffering,270336,766,1,1,0,0,1,8000,0,342,0,342
578524,Buffering,263168,745,1,1,0,0,1,8003,0,342,0,342
578777,Buffering,283648,803,1,1,0,0,1,8007,14,342,14,342
579030,Buffering,257024,728,1,1,0,0,1,8009,0,342,0,342
579283,Buffering,249856,708,1,1,0,0,1,8012,94,342,94,342
579537,Buffering,270336,766,1,1,0,0,1,8016,0,342,0,342
579791,Buffering,207872,589,1,1,0,0,1,8017,173,342,173,342
580046,Buffering,228352,647,1,1,0,0,1,8021,87,342,87,342
580299,Buffering,248832,705,1,1,0,0,1,8025,0,342,0,342
580509,Buffering,285696,809,1,1,0,0,1,8029,10,342,10,342
580766,Buffering,241664,684,1,1,0,0,1,8034,96,342,96,342
581019,Buffering,262144,743,1,1,0,0,1,8038,0,342,0,342
581271,Buffering,227328,644,1,1,0,0,1,8040,96,342,96,342
581526,Buffering,220160,624,1,1,0,0,1,8043,0,342,0,342
581778,Buffering,248832,705,1,1,0,0,1,8047,0,342,0,342
582029,Buffering,269312,763,1,1,0,0,1,8051,0,342,0,342
582281,Buffering,262144,743,1,1,0,0,1,8054,0,342,0,342
582533,Buffering,227328,644,1,1,0,0,1,8056,0,342,0,342
582786,Buffering,220160,624,1,1,0,0,1,8059,175,342,175,342
583039,Buffering,240640,682,1,1,0,0,1,8063,0,342,0,342
583291,Buffering,269312,763,1,1,0,0,1,8067,1,342,1,342
583544,Buffering,206848,586,1,1,0,0,1,8068,168,342,168,342
583797,Buffering,199680,565,1,1,0,0,1,8074,176,342,176,342
584049,Buffering,220160,624,1,1,0,0,1,8078,0,342,0,342
584252,Buffering,174080,493,1,1,0,0,1,8079,92,342,92,342
584506,Buffering,194560,551,1,1,0,0,1,8083,0,342,0,342
584759,Buffering,215040,609,1,1,0,0,1,8087,0,342,0,342
585012,Buffering,216064,612,1,1,0,0,1,8090,176,342,176,342
585264,Buffering,208896,592,1,1,0,0,1,8093,15,342,15,342
585517,Buffering,201728,571,1,1,0,0,1,8096,5,342,5,342
585769,Buffering,222208,629,1,1,0,0,1,8100,0,342,0,342
586023,Buffering,187392,531,1,1,0,0,1,8102,176,342,176,342
586276,Buffering,180224,510,1,1,0,0,1,8105,3,342,3,342
586529,Buffering,173056,490,1,1,0,0,1,8111,0,342,0,342
586781,Buffering,165888,470,1,1,0,0,1,8114,0,342,0,342
587033,Buffering,166912,473,1,1,0,0,1,8117,177,342,177,342
587286,Buffering,159744,452,1,1,0,0,1,8120,0,342,0,342
587539,Buffering,152576,432,1,1,0,0,1,8123,93,342,93,342
587792,Buffering,145408,412,1,1,0,0,1,8126,94,342,95,342
588046,Buffering,165888,470,1,1,0,0,1,8130,170,342,171,342
588299,Buffering,214016,606,1,1,0,0,1,8135,2,342,2,342
588501,Buffering,176128,499,1,1,0,0,1,8136,88,342,88,342
588753,Buffering,196608,557,1,1,0,0,1,8140,0,342,0,342
589007,Buffering,189440,536,1,1,0,0,1,8143,0,342,0,342
589260,Buffering,126976,359,1,1,0,0,1,8147,0,342,14,342
589513,Buffering,147456,417,1,1,0,0,1,8151,0,342,0,342
589766,Buffering,140288,397,1,1,0,0,1,8154,0,342,0,342
590019,Buffering,160768,455,1,1,0,0,1,8158,0,342,0,342
590271,Buffering,153600,435,1,1,0,0,1,8161,0,342,0,342
590524,Buffering,126976,359,1,1,0,0,1,8163,0,342,0,342
590780,Buffering,147456,417,1,1,0,0,1,8167,0,342,0,342
591033,Buffering,167936,476,1,1,0,0,1,8171,15,342,15,342
591285,Buffering,160768,455,1,1,0,0,1,8174,0,342,0,342
591538,Buffering,125952,357,1,1,0,0,1,8176,0,342,0,342
591791,Buffering,118784,336,1,1,0,0,1,8179,96,342,96,342
592042,Buffering,111616,316,1,1,0,0,1,8185,0,342,0,342
592296,Buffering,132096,374,1,1,0,0,1,8189,0,342,0,342
592548,Buffering,152576,432,1,1,0,0,1,8193,0,342,0,342
592751,Buffering,169984,481,1,1,0,0,1,8196,0,342,0,342
593004,Buffering,135168,383,1,1,0,0,1,8198,0,342,0,342
593257,Buffering,128000,362,1,1,0,0,1,8201,94,342,94,342
593510,Buffering,148480,420,1,1,0,0,1,8205,0,342,0,342
593762,Buffering,86016,243,1,1,0,0,1,8206,174,342,174,342
594016,Buffering,106496,301,1,1,0,0,1,8210,97,342,97,342
594269,Buffering,99328,281,1,1,0,0,1,8213,95,342,95,342
594522,Buffering,100352,284,1,1,0,0,1,8216,0,342,0,342
594776,Buffering,93184,264,1,1,0,0,1,8219,94,342,94,342
595029,Buffering,113664,322,1,1,0,0,1,8226,0,342,0,342
595282,Buffering,106496,301,1,1,0,0,1,8229,0,342,0,342
595534,Buffering,99328,281,1,1,0,0,1,8232,174,342,174,342
595787,Buffering,64512,182,1,1,0,0,1,8234,0,342,0,342
596039,Buffering,84992,240,1,1,0,0,1,8238,0,342,0,342
596292,Buffering,86016,243,1,1,0,0,1,8241,97,342,97,342
596546,Buffering,106496,301,1,1,0,0,1,8245,0,342,0,342
596798,Buffering,126976,359,1,1,0,0,1,8249,0,342,0,342
597000,Buffering,80896,229,1,1,0,0,1,8250,94,342,94,342
597252,Buffering,101376,287,1,1,0,0,1,8254,15,342,15,342
597507,Buffering,112640,319,1,1,0,0,1,8260,0,342,16,342
597760,Buffering,87040,246,1,1,0,0,1,8263,93,342,93,342
598026,Buffering,79872,226,1,1,0,0,1,8266,77,342,77,342
598278,Buffering,45056,127,1,1,0,0,1,8268,0,342,0,342
598531,Buffering,65536,185,1,1,0,0,1,8272,91,342,91,342
598785,Buffering,113664,322,1,1,0,0,1,8277,1,342,1,342
599037,Buffering,106496,301,1,1,0,0,1,8280,3,342,3,342
599290,Buffering,107520,304,1,1,0,0,1,8283,94,342,94,342
599544,Buffering,72704,206,1,1,0,0,1,8285,1,342,1,342
599797,Buffering,65536,185,1,1,0,0,1,8288,99,342,99,342
600001,Buffering,102400,290,1,1,0,0,1,8292,89,342,89,342
