t_ms,state,buffered_bytes,buffered_ms,underruns,resumes,play_failures,stream_rebuilds,sessions,chunk_reads,last_chunk_ms,max_chunk_ms,last_push_gap_ms,max_push_gap_ms
54,Off,0,0,0,0,0,0,1,0,0,0,0,0
300,Off,0,0,0,0,0,0,1,0,0,0,0,0
500,Off,0,0,0,0,0,0,1,0,0,0,0,0
751,Off,0,0,0,0,0,0,1,0,0,0,0,0
1089,Off,0,0,0,0,0,0,1,0,0,0,0,0
1299,Reconnecting,0,0,0,0,0,0,1,27,0,3,0,0
1607,Reconnecting,0,0,0,0,0,0,1,27,0,3,0,0
1851,Reconnecting,0,0,0,0,0,0,1,27,0,3,0,0
2003,Reconnecting,0,0,0,0,0,0,1,27,0,3,0,0
2349,Reconnecting,0,0,0,0,0,0,1,27,0,3,0,0
2510,Reconnecting,0,0,0,0,0,0,1,27,0,3,0,0
2775,Reconnecting,0,0,0,0,0,0,1,27,0,3,0,0
3009,Reconnecting,0,0,0,0,0,0,1,27,0,3,0,0
3282,Reconnecting,0,0,0,0,0,0,1,27,0,3,0,0
3516,Reconnecting,0,0,0,0,0,0,1,27,0,3,0,0
3803,Reconnecting,0,0,0,0,0,0,1,27,0,3,0,0
4122,Reconnecting,0,0,0,0,0,0,1,27,0,3,0,0
4259,Reconnecting,0,0,0,0,0,0,1,27,0,3,0,0
4511,Reconnecting,0,0,0,0,0,0,1,27,0,3,0,0
4757,Reconnecting,0,0,0,0,0,0,1,27,0,3,0,0
5005,Reconnecting,0,0,0,0,0,0,1,27,0,3,0,0
5266,Reconnecting,0,0,0,0,0,0,1,27,0,3,0,0
5562,Reconnecting,0,0,0,0,0,0,1,27,0,3,0,0
5812,Reconnecting,0,0,0,0,0,0,1,27,0,3,0,0
6000,Reconnecting,0,0,0,0,0,0,1,27,0,3,0,0
6280,Reconnecting,0,0,0,0,0,0,2,27,0,3,0,0
6534,Reconnecting,0,0,0,0,0,0,2,27,0,3,0,0
6812,Reconnecting,0,0,0,0,0,0,2,27,0,3,0,0
7053,Reconnecting,0,0,0,0,0,0,2,36,0,3,0,0
7258,Reconnecting,0,0,0,0,0,0,2,54,0,153,0,0
7509,Reconnecting,0,0,0,0,0,0,2,54,0,153,0,0
7783,Reconnecting,0,0,0,0,0,0,2,54,0,153,0,0
8036,Reconnecting,0,0,0,0,0,0,2,54,0,153,0,0
8282,Reconnecting,0,0,0,0,0,0,2,54,0,153,0,0
8537,Reconnecting,0,0,0,0,0,0,2,54,0,153,0,0
8782,Reconnecting,0,0,0,0,0,0,2,54,0,153,0,0
9039,Reconnecting,0,0,0,0,0,0,2,54,0,153,0,0
9291,Reconnecting,0,0,0,0,0,0,2,54,0,153,0,0
9563,Reconnecting,0,0,0,0,0,0,2,54,0,153,0,0
9897,Reconnecting,0,0,0,0,0,0,2,54,0,153,0,0
10082,Reconnecting,0,0,0,0,0,0,2,54,0,153,0,0
10320,Reconnecting,0,0,0,0,0,0,2,54,0,153,0,0
10633,Reconnecting,0,0,0,0,0,0,2,54,0,153,0,0
10765,Reconnecting,0,0,0,0,0,0,2,54,0,153,0,0
11020,Reconnecting,0,0,0,0,0,0,2,54,0,153,0,0
11272,Reconnecting,0,0,0,0,0,0,2,54,0,153,0,0
11522,Reconnecting,0,0,0,0,0,0,2,54,0,153,0,0
11792,Reconnecting,0,0,0,0,0,0,2,54,0,153,0,0
12041,Reconnecting,0,0,0,0,0,0,2,54,0,153,0,0
12288,Reconnecting,0,0,0,0,0,0,3,54,0,153,0,0
12537,Reconnecting,0,0,0,0,0,0,3,54,0,153,0,0
12786,Reconnecting,0,0,0,0,0,0,3,54,0,153,0,0
13036,Reconnecting,0,0,0,0,0,0,3,54,0,153,0,0
13286,Reconnecting,0,0,0,0,0,0,3,81,0,153,0,0
13537,Reconnecting,0,0,0,0,0,0,3,81,0,153,0,0
13784,Reconnecting,0,0,0,0,0,0,3,81,0,153,0,0
14040,Reconnecting,0,0,0,0,0,0,3,81,0,153,0,0
14293,Reconnecting,0,0,0,0,0,0,3,81,0,153,0,0
14544,Reconnecting,0,0,0,0,0,0,3,81,0,153,0,0
14800,Reconnecting,0,0,0,0,0,0,3,81,0,153,0,0
15042,Reconnecting,0,0,0,0,0,0,3,81,0,153,0,0
15292,Reconnecting,0,0,0,0,0,0,3,81,0,153,0,0
15542,Reconnecting,0,0,0,0,0,0,3,81,0,153,0,0
15795,Reconnecting,0,0,0,0,0,0,3,81,0,153,0,0
16044,Reconnecting,0,0,0,0,0,0,3,81,0,153,0,0
16294,Reconnecting,0,0,0,0,0,0,3,81,0,153,0,0
16541,Reconnecting,0,0,0,0,0,0,3,81,0,153,0,0
16790,Reconnecting,0,0,0,0,0,0,3,81,0,153,0,0
17040,Reconnecting,0,0,0,0,0,0,3,81,0,153,0,0
17290,Reconnecting,0,0,0,0,0,0,3,81,0,153,0,0
17545,Reconnecting,0,0,0,0,0,0,3,81,0,153,0,0
17792,Reconnecting,0,0,0,0,0,0,3,81,0,153,0,0
18042,Reconnecting,0,0,0,0,0,0,3,81,0,153,0,0
18294,Reconnecting,0,0,0,0,0,0,4,81,0,153,0,0
18546,Reconnecting,0,0,0,0,0,0,4,81,0,153,0,0
18794,Reconnecting,0,0,0,0,0,0,4,81,0,153,0,0
19045,Reconnecting,0,0,0,0,0,0,4,81,0,153,0,0
19294,Reconnecting,0,0,0,0,0,0,4,108,0,153,0,0
19513,Reconnecting,0,0,0,0,0,0,4,108,0,153,0,0
19753,Reconnecting,0,0,0,0,0,0,4,108,0,153,0,0
20004,Reconnecting,0,0,0,0,0,0,4,108,0,153,0,0
20255,Reconnecting,0,0,0,0,0,0,4,108,0,153,0,0
20528,Reconnecting,0,0,0,0,0,0,4,108,0,153,0,0
20775,Reconnecting,0,0,0,0,0,0,4,108,0,153,0,0
21021,Reconnecting,0,0,0,0,0,0,4,108,0,153,0,0
21287,Reconnecting,0,0,0,0,0,0,4,108,0,153,0,0
21536,Reconnecting,0,0,0,0,0,0,4,108,0,153,0,0
21790,Reconnecting,0,0,0,0,0,0,4,108,0,153,0,0
22040,Reconnecting,0,0,0,0,0,0,4,108,0,153,0,0
22291,Reconnecting,0,0,0,0,0,0,4,108,0,153,0,0
22541,Reconnecting,0,0,0,0,0,0,4,108,0,153,0,0
22801,Reconnecting,0,0,0,0,0,0,4,108,0,153,0,0
23044,Reconnecting,0,0,0,0,0,0,4,108,0,153,0,0
23298,Reconnecting,0,0,0,0,0,0,4,108,0,153,0,0
23562,Reconnecting,0,0,0,0,0,0,4,108,0,153,0,0
23812,Reconnecting,0,0,0,0,0,0,4,108,0,153,0,0
24002,Reconnecting,0,0,0,0,0,0,4,108,0,153,0,0
24252,Reconnecting,0,0,0,0,0,0,5,108,0,153,0,0
24505,Reconnecting,0,0,0,0,0,0,5,108,0,153,0,0
24806,Reconnecting,0,0,0,0,0,0,5,108,0,153,0,0
25000,Reconnecting,0,0,0,0,0,0,5,108,0,153,0,0
25303,Reconnecting,368640,1044,0,0,0,0,5,139,0,153,0,2
25550,Playing,3732480,10579,0,0,0,0,5,276,0,153,0,149
25817,Playing,5209088,14764,0,0,0,0,5,339,0,153,0,149
26003,Playing,5254144,14892,0,0,0,0,5,343,81,153,81,150
26257,Playing,5191680,14715,0,0,0,0,5,344,178,178,178,178
26507,Playing,5239808,14852,0,0,0,0,5,349,2,178,2,178
26758,Playing,5232640,14831,0,0,0,0,5,352,0,178,0,178
27009,Playing,5261312,14913,0,0,0,0,5,356,0,178,0,178
27266,Playing,5226496,14814,0,0,0,0,5,358,0,178,0,178
27533,Playing,5238784,14849,0,0,0,0,5,362,4,181,4,182
27800,Playing,5203968,14750,0,0,0,0,5,364,96,181,96,182
28013,Playing,5240832,14854,0,0,0,0,5,368,92,181,92,182
28270,Playing,5233664,14834,0,0,0,0,5,374,0,181,15,182
28536,Playing,5245952,14869,0,0,0,0,5,378,0,182,0,183
28791,Playing,5238784,14849,0,0,0,0,5,381,1,182,1,183
29041,Playing,5212160,14773,0,0,0,0,5,383,3,182,3,183
29288,Playing,5204992,14753,0,0,0,0,5,386,88,182,88,183
29579,Playing,5217280,14788,0,0,0,0,5,390,72,195,72,195
29773,Playing,5198848,14735,0,0,0,0,5,392,1,195,1,195
30042,Playing,5191680,14715,0,0,0,0,5,395,95,195,95,195
30301,Playing,5212160,14773,0,0,0,0,5,399,0,195,0,195
30550,Playing,5232640,14831,0,0,0,0,5,403,0,195,0,195
30801,Playing,5197824,14733,0,0,0,0,5,405,0,195,0,195
31002,Playing,5215232,14782,0,0,0,0,5,408,0,195,0,195
31254,Playing,5208064,14762,0,0,0,0,5,414,1,195,2,195
31519,Playing,5192704,14718,0,0,0,0,5,417,79,195,80,195
31770,Playing,5193728,14721,0,0,0,0,5,420,0,195,0,195
32037,Playing,5178368,14677,0,0,0,0,5,423,0,251,0,251
32291,Playing,5171200,14657,0,0,0,0,5,426,89,251,89,251
32538,Playing,5227520,14817,0,0,0,0,5,431,0,251,0,251
32786,Playing,5220352,14796,0,0,0,0,5,434,1,251,1,251
33034,Playing,5166080,14643,0,0,0,0,5,435,176,251,177,251
33281,Playing,5186560,14701,0,0,0,0,5,439,0,251,0,251
33533,Playing,5207040,14759,0,0,0,0,5,443,0,251,0,251
33784,Playing,5208064,14762,0,0,0,0,5,446,95,251,95,251
34041,Playing,5228544,14820,0,0,0,0,5,453,1,251,1,251
34287,Playing,5138432,14564,0,0,0,0,5,453,1,251,1,251
34537,Playing,5158912,14622,0,0,0,0,5,457,94,337,94,337
34788,Playing,5187584,14704,0,0,0,0,5,461,0,337,0,337
35038,Playing,5208064,14762,0,0,0,0,5,465,0,337,0,337
35287,Playing,5173248,14663,0,0,0,0,5,467,0,337,0,337
35538,Playing,5166080,14643,0,0,0,0,5,470,2,337,2,337
35786,Playing,5167104,14645,0,0,0,0,5,473,97,337,97,337
36037,Playing,5159936,14625,0,0,0,0,5,476,0,337,1,337
36284,Playing,5160960,14628,0,0,0,0,5,479,94,337,94,337
36535,Playing,5153792,14608,0,0,0,0,5,482,92,337,92,337
36784,Playing,5146624,14587,0,0,0,0,5,488,95,337,95,337
37035,Playing,5167104,14645,0,0,0,0,5,492,0,337,0,337
37286,Playing,5168128,14648,0,0,0,0,5,495,95,337,95,337
37533,Playing,5133312,14550,0,0,0,0,5,497,0,337,0,337
37782,Playing,5153792,14608,0,0,0,0,5,501,0,337,0,337
38032,Playing,5154816,14611,0,0,0,0,5,504,0,337,0,337
38284,Playing,5175296,14669,0,0,0,0,5,508,95,337,95,337
38540,Playing,5140480,14570,0,0,0,0,5,510,0,337,0,337
38782,Playing,5169152,14651,0,0,0,0,5,514,0,337,0,337
39032,Playing,5161984,14631,0,0,0,0,5,517,0,337,0,337
39279,Playing,5190656,14712,0,0,0,0,5,521,0,337,0,337
39528,Playing,5155840,14614,0,0,0,0,5,526,0,337,0,337
39779,Playing,5148672,14593,0,0,0,0,5,529,0,337,0,337
40029,Playing,5141504,14573,0,0,0,0,5,532,1,337,1,337
40295,Playing,5161984,14631,0,0,0,0,5,536,0,337,0,337
40546,Playing,5099520,14454,0,0,0,0,5,537,180,337,180,337
40795,Playing,5128192,14535,0,0,0,0,5,541,93,337,93,337
41045,Playing,5121024,14515,0,0,0,0,5,544,90,337,90,337
41259,Playing,5102592,14463,0,0,0,0,5,546,3,337,3,337
41670,Playing,5148672,14593,0,0,0,0,5,553,41,493,41,493
42240,Playing,5026816,14248,0,0,0,0,5,556,295,493,296,493
42928,Playing,5111808,14489,0,0,0,0,5,571,1,493,1,493
43547,Playing,5111808,14489,0,0,0,0,5,579,174,493,175,493
43610,Playing,5095424,14442,0,0,0,0,5,579,174,493,175,493
43674,Playing,5126144,14529,0,0,0,0,5,581,0,493,0,493
43737,Playing,5101568,14460,0,0,0,0,5,581,0,493,0,493
43800,Playing,5076992,14390,0,0,0,0,5,581,0,493,0,493
43862,Playing,5115904,14500,0,0,0,0,5,583,0,493,1,493
43925,Playing,5118976,14509,0,0,0,0,5,584,89,493,89,493
44051,Playing,5105664,14471,0,0,0,0,5,585,42,493,42,493
44299,Playing,5098496,14451,0,0,0,0,5,588,69,493,69,493
44549,Playing,5091328,14431,0,0,0,0,5,591,0,493,0,493
44800,Playing,5092352,14434,0,0,0,0,5,594,0,493,0,493
45052,Playing,5085184,14413,0,0,0,0,5,597,66,493,66,493
45304,Playing,5068800,14367,0,0,0,0,5,603,16,493,16,493
45557,Playing,5061632,14347,0,0,0,0,5,606,82,493,82,493
45808,Playing,5082112,14405,0,0,0,0,5,610,68,493,68,493
46058,Playing,5083136,14407,0,0,0,0,5,613,0,493,0,493
46311,Playing,5075968,14387,0,0,0,0,5,616,0,493,0,493
46558,Playing,5068800,14367,0,0,0,0,5,619,183,493,183,493
46807,Playing,5033984,14268,0,0,0,0,5,621,0,493,0,493
47057,Playing,5062656,14349,0,0,0,0,5,625,0,493,0,493
47307,Playing,5055488,14329,0,0,0,0,5,628,94,493,94,493
47921,Playing,5072896,14378,0,0,0,0,5,637,91,493,92,493
47983,Playing,5048320,14309,0,0,0,0,5,639,0,493,32,493
48047,Playing,5023744,14239,0,0,0,0,5,639,0,493,32,493
48298,Playing,5025792,14245,0,0,0,0,5,643,1,493,1,493
48547,Playing,5054464,14326,0,0,0,0,5,647,0,493,0,493
48798,Playing,5019648,14228,0,0,0,0,5,649,0,493,0,493
49049,Playing,5012480,14207,0,0,0,0,5,652,3,493,3,493
49297,Playing,5041152,14288,0,0,0,0,5,656,169,493,169,493
49549,Playing,5061632,14347,0,0,0,0,5,660,0,493,0,493
49803,Playing,5054464,14326,0,0,0,0,5,663,0,493,0,493
50052,Playing,4992000,14149,0,0,0,0,5,664,173,493,173,493
50301,Playing,5040128,14286,0,0,0,0,5,669,3,493,3,493
50551,Playing,5041152,14288,0,0,0,0,5,672,193,493,193,493
50803,Playing,5006336,14190,0,0,0,0,5,675,11,493,11,493
51051,Playing,4999168,14169,0,0,0,0,5,680,0,493,0,493
51300,Playing,4917248,13937,0,0,0,0,5,680,0,493,0,493
51550,Playing,4882432,13839,0,0,0,0,5,682,1,498,1,498
51801,Playing,5041152,14288,0,0,0,0,5,691,0,498,0,498
52050,Playing,5033984,14268,0,0,0,0,5,694,0,498,0,498
52299,Playing,5007360,14193,0,0,0,0,5,696,2,498,2,498
52547,Playing,5027840,14251,0,0,0,0,5,700,4,498,4,498
52798,Playing,5020672,14230,0,0,0,0,5,703,0,498,0,498
53049,Playing,5041152,14288,0,0,0,0,5,707,0,498,0,498
53301,Playing,4978688,14111,0,0,0,0,5,708,176,498,179,498
53551,Playing,5007360,14193,0,0,0,0,5,712,170,498,172,498
53802,Playing,4972544,14094,0,0,0,0,5,717,165,498,165,498
54055,Playing,4993024,14152,0,0,0,0,5,721,3,498,3,498
54305,Playing,4958208,14053,0,0,0,0,5,723,134,498,134,498
54557,Playing,4978688,14111,0,0,0,0,5,727,0,498,0,498
54809,Playing,4979712,14114,0,0,0,0,5,730,150,498,151,498
55067,Playing,5000192,14172,0,0,0,0,5,734,113,498,113,498
55286,Playing,4973568,14097,0,0,0,0,5,736,0,498,0,498
55553,Playing,4966400,14077,0,0,0,0,5,739,174,498,174,498
55804,Playing,4986880,14135,0,0,0,0,5,743,96,498,96,498
56237,Playing,5005312,14187,0,0,0,0,5,749,0,498,0,498
56761,Playing,4982784,14123,0,0,0,0,5,758,0,498,1,498
57025,Playing,4975616,14103,0,0,0,0,5,761,0,498,0,498
57188,Playing,5001216,14175,0,0,0,0,5,764,0,498,0,498
57621,Playing,4928512,13969,0,0,0,0,5,767,0,498,0,498
58171,Playing,4961280,14062,0,0,0,0,5,775,176,498,176,498
58222,Playing,4972544,14094,0,0,0,0,5,776,7,498,7,498
58285,Playing,4975616,14103,0,0,0,0,5,777,96,498,96,498
58346,Playing,4951040,14033,0,0,0,0,5,777,96,498,96,498
58408,Playing,4934656,13987,0,0,0,0,5,777,96,498,96,498
58534,Playing,4968448,14082,0,0,0,0,5,780,0,498,0,498
58784,Playing,4997120,14164,0,0,0,0,5,784,0,498,0,498
59034,Playing,4989952,14143,0,0,0,0,5,787,0,498,0,498
59283,Playing,4918272,13940,0,0,0,0,5,789,35,498,166,498
59531,Playing,4836352,13708,0,0,0,0,5,789,35,498,166,498
60095,Playing,4944896,14016,0,0,0,0,5,802,0,498,0,498
60276,Playing,4907008,13908,0,0,0,0,5,803,152,498,152,498
60475,Playing,4952064,14036,0,0,0,0,5,807,5,498,5,498
60728,Playing,4972544,14094,0,0,0,0,5,811,0,498,1,498
60829,Playing,4939776,14001,0,0,0,0,5,811,0,498,1,498
61071,Playing,4932608,13981,0,0,0,0,5,814,0,498,0,498
61292,Playing,4969472,14085,0,0,0,0,5,818,27,498,27,498
61542,Playing,4962304,14065,0,0,0,0,5,821,0,498,0,498
61794,Playing,4927488,13966,0,0,0,0,5,823,0,498,0,498
62062,Playing,4920320,13946,0,0,0,0,5,829,0,498,0,498
62261,Playing,4882432,13839,0,0,0,0,5,830,86,498,86,498
62545,Playing,4941824,14007,0,0,0,0,5,836,0,498,0,498
62762,Playing,4923392,13955,0,0,0,0,5,838,0,498,0,498
63021,Playing,4943872,14013,0,0,0,0,5,842,0,498,0,498
63274,Playing,4936704,13992,0,0,0,0,5,845,0,498,0,498
63519,Playing,4937728,13995,0,0,0,0,5,848,3,498,3,498
63758,Playing,4902912,13897,0,0,0,0,5,850,196,498,196,498
64046,Playing,4887552,13853,0,0,0,0,5,853,0,498,0,498
64294,Playing,4943872,14013,0,0,0,0,5,858,0,498,0,498
64545,Playing,4964352,14071,0,0,0,0,5,862,0,498,0,498
64799,Playing,4929536,13972,0,0,0,0,5,867,0,498,0,498
65048,Playing,4867072,13795,0,0,0,0,5,868,178,498,178,498
65283,Playing,4895744,13876,0,0,0,0,5,872,175,498,175,498
66046,Playing,4874240,13815,0,0,0,0,5,881,95,498,95,498
66107,Playing,4913152,13926,0,0,0,0,5,883,7,498,7,498
66169,Playing,4888576,13856,0,0,0,0,5,883,7,498,7,498
66294,Playing,4902912,13897,0,0,0,0,5,885,0,498,0,498
66542,Playing,4868096,13798,0,0,0,0,5,887,1,498,1,498
66790,Playing,4869120,13801,0,0,0,0,5,890,12,498,12,498
67039,Playing,4889600,13859,0,0,0,0,5,894,0,498,0,498
67292,Playing,4910080,13917,0,0,0,0,5,898,0,498,0,498
67543,Playing,4875264,13818,0,0,0,0,5,900,171,498,171,498
67794,Playing,4822016,13667,0,0,0,0,5,902,14,498,14,498
68044,Playing,4740096,13435,0,0,0,0,5,903,388,498,14,498
68298,Playing,4649984,13180,0,0,0,0,5,903,388,498,14,498
68550,Playing,4873216,13812,0,0,0,0,5,916,0,498,0,796
68799,Playing,4810752,13635,0,0,0,0,5,917,95,498,95,796
69047,Playing,4831232,13693,0,0,0,0,5,921,96,498,96,796
69299,Playing,4859904,13775,0,0,0,0,5,925,3,498,3,796
69550,Playing,4880384,13833,0,0,0,0,5,929,0,498,0,796
69800,Playing,4817920,13656,0,0,0,0,5,930,98,498,98,796
70050,Playing,4838400,13714,0,0,0,0,5,934,2,498,2,796
70302,Playing,4839424,13717,0,0,0,0,5,937,162,498,162,796
70556,Playing,4823040,13670,0,0,0,0,5,943,164,498,164,796
70807,Playing,4815872,13650,0,0,0,0,5,946,164,498,164,796
71060,Playing,4808704,13630,0,0,0,0,5,949,16,498,16,796
71310,Playing,4801536,13609,0,0,0,0,5,952,69,498,69,796
71560,Playing,4830208,13691,0,0,0,0,5,956,2,498,2,796
71759,Playing,4784128,13560,0,0,0,0,5,957,84,498,84,796
72003,Playing,4840448,13720,0,0,0,0,5,962,4,498,4,796
72292,Playing,4816896,13653,0,0,0,0,5,965,0,498,0,796
72566,Playing,4809728,13633,0,0,0,0,5,968,178,498,178,796
72794,Playing,4838400,13714,0,0,0,0,5,972,3,498,3,796
73055,Playing,4858880,13772,0,0,0,0,5,976,0,498,0,796
73250,Playing,4812800,13641,0,0,0,0,5,977,92,498,92,796
73825,Playing,4764672,13505,0,0,0,0,5,986,92,498,92,796
74100,Playing,4785152,13563,0,0,0,0,5,990,104,498,104,796
74487,Playing,4811776,13638,0,0,0,0,5,996,0,498,0,796
74796,Playing,4788224,13572,0,0,0,0,5,999,101,498,102,796
74858,Playing,4763648,13502,0,0,0,0,5,999,101,498,102,796
74920,Playing,4802560,13612,0,0,0,0,5,1001,0,498,0,796
75045,Playing,4781056,13551,0,0,0,0,5,1002,178,498,178,796
75296,Playing,4773888,13531,0,0,0,0,5,1005,0,498,0,796
75547,Playing,4774912,13534,0,0,0,0,5,1008,0,498,0,796
75798,Playing,4795392,13592,0,0,0,0,5,1012,0,498,0,796
76049,Playing,4788224,13572,0,0,0,0,5,1018,2,498,3,796
76304,Playing,4753408,13473,0,0,0,0,5,1020,0,498,0,796
76556,Playing,4746240,13453,0,0,0,0,5,1023,4,498,4,796
76810,Playing,4711424,13354,0,0,0,0,5,1025,95,498,95,796
77060,Playing,4684800,13278,0,0,0,0,5,1027,174,498,174,796
77310,Playing,4788224,13572,0,0,0,0,5,1034,0,498,0,796
77560,Playing,4725760,13395,0,0,0,0,5,1035,91,498,91,796
77811,Playing,4635648,13139,0,0,0,0,5,1035,91,498,91,796
78062,Playing,4553728,12907,0,0,0,0,5,1035,91,498,91,796
78311,Playing,4767744,13514,0,0,0,0,5,1046,32,786,32,796
78562,Playing,4788224,13572,0,0,0,0,5,1050,84,786,84,796
78870,Playing,4764672,13505,0,0,0,0,5,1053,103,786,103,796
79120,Playing,4785152,13563,0,0,0,0,5,1060,8,786,8,796
79345,Playing,4730880,13409,0,0,0,0,5,1061,159,786,159,796
79513,Playing,4728832,13403,0,0,0,0,5,1063,0,786,0,796
79979,Playing,4786176,13566,0,0,0,0,5,1071,0,786,0,796
80167,Playing,4748288,13458,0,0,0,0,5,1072,171,786,171,796
80307,Playing,4754432,13476,0,0,0,0,5,1074,0,786,0,796
80541,Playing,4755456,13479,0,0,0,0,5,1077,0,786,0,796
81046,Playing,4749312,13461,0,0,0,0,5,1083,4,786,4,796
81103,Playing,4780032,13548,0,0,0,0,5,1085,0,786,0,796
81293,Playing,4769792,13519,0,0,0,0,5,1087,3,786,3,796
81540,Playing,4762624,13499,0,0,0,0,5,1090,0,786,0,796
81790,Playing,4708352,13345,0,0,0,0,5,1094,0,786,18,796
82040,Playing,4728832,13403,0,0,0,0,5,1098,0,786,0,796
82290,Playing,4749312,13461,0,0,0,0,5,1102,9,786,9,796
82540,Playing,4742144,13441,0,0,0,0,5,1105,0,786,0,796
82788,Playing,4715520,13365,0,0,0,0,5,1107,4,786,4,796
83038,Playing,4708352,13345,0,0,0,0,5,1110,0,786,0,796
83288,Playing,4728832,13403,0,0,0,0,5,1114,0,786,0,796
83540,Playing,4749312,13461,0,0,0,0,5,1118,0,786,0,796
83790,Playing,4750336,13464,0,0,0,0,5,1121,0,786,0,796
84038,Playing,4715520,13365,0,0,0,0,5,1123,168,786,168,796
84289,Playing,4736000,13424,0,0,0,0,5,1127,0,786,0,796
84538,Playing,4709376,13348,0,0,0,0,5,1132,87,786,87,796
84787,Playing,4702208,13328,0,0,0,0,5,1135,1,786,1,796
85036,Playing,4695040,13307,0,0,0,0,5,1138,0,786,0,796
85286,Playing,4687872,13287,0,0,0,0,5,1141,154,786,154,796
85537,Playing,4716544,13368,0,0,0,0,5,1145,175,786,175,796
85788,Playing,4654080,13191,0,0,0,0,5,1146,103,786,103,796
86038,Playing,4674560,13249,0,0,0,0,5,1150,166,786,166,796
86289,Playing,4722688,13386,0,0,0,0,5,1155,2,786,2,796
86541,Playing,4696064,13310,0,0,0,0,5,1157,181,786,181,796
87046,Playing,4681728,13270,0,0,0,0,5,1163,0,786,0,796
87110,Playing,4712448,13357,0,0,0,0,5,1165,4,786,4,796
87298,Playing,4674560,13249,0,0,0,0,5,1166,170,786,170,796
87547,Playing,4667392,13229,0,0,0,0,5,1172,178,786,178,796
87793,Playing,4668416,13232,0,0,0,0,5,1175,181,786,181,796
88044,Playing,4633600,13133,0,0,0,0,5,1177,97,786,97,796
88296,Playing,4654080,13191,0,0,0,0,5,1181,170,786,170,796
88546,Playing,4655104,13194,0,0,0,0,5,1184,165,786,165,796
88795,Playing,4675584,13252,0,0,0,0,5,1188,175,786,175,796
89044,Playing,4640768,13154,0,0,0,0,5,1190,4,786,4,796
89297,Playing,4661248,13212,0,0,0,0,5,1194,6,786,6,796
89547,Playing,4662272,13215,0,0,0,0,5,1197,164,786,164,796
89797,Playing,4682752,13273,0,0,0,0,5,1201,3,786,3,796
90047,Playing,4647936,13174,0,0,0,0,5,1203,15,786,15,796
90297,Playing,4648960,13177,0,0,0,0,5,1209,0,786,0,796
90547,Playing,4641792,13157,0,0,0,0,5,1212,0,786,0,796
90797,Playing,4662272,13215,0,0,0,0,5,1216,27,786,27,796
91045,Playing,4663296,13217,0,0,0,0,5,1219,78,786,78,796
91295,Playing,4656128,13197,0,0,0,0,5,1222,86,786,86,796
91547,Playing,4648960,13177,0,0,0,0,5,1225,8,786,9,796
91798,Playing,4641792,13157,0,0,0,0,5,1228,0,786,0,796
92049,Playing,4606976,13058,0,0,0,0,5,1230,0,786,0,796
92301,Playing,4608000,13061,0,0,0,0,5,1233,88,786,88,796
92552,Playing,4656128,13197,0,0,0,0,5,1238,0,786,0,796
92802,Playing,4648960,13177,0,0,0,0,5,1241,0,786,0,796
93046,Playing,4640768,13154,0,0,0,0,5,1247,0,786,0,796
93286,Playing,4633600,13133,0,0,0,0,5,1250,0,786,0,796
93536,Playing,4606976,13058,0,0,0,0,5,1252,0,786,0,796
93784,Playing,4599808,13038,0,0,0,0,5,1255,76,786,76,796
94038,Playing,4620288,13096,0,0,0,0,5,1259,90,786,90,796
94292,Playing,4585472,12997,0,0,0,0,5,1261,0,786,0,796
94544,Playing,4605952,13055,0,0,0,0,5,1265,91,786,92,796
94797,Playing,4598784,13035,0,0,0,0,5,1268,76,786,77,796
95050,Playing,4572160,12959,0,0,0,0,5,1270,77,786,77,796
95301,Playing,4537344,12860,0,0,0,0,5,1272,0,786,0,796
95552,Playing,4557824,12919,0,0,0,0,5,1276,87,786,87,796
95804,Playing,4587520,13003,0,0,0,0,5,1283,0,786,0,796
96056,Playing,4534272,12852,0,0,0,0,5,1285,121,786,121,796
96307,Playing,4590592,13011,0,0,0,0,5,1290,0,786,0,796
96556,Playing,4555776,12913,0,0,0,0,5,1292,1,786,1,796
96809,Playing,4548608,12892,0,0,0,0,5,1295,92,786,92,796
97059,Playing,4596736,13029,0,0,0,0,5,1300,0,786,0,796
97311,Playing,4542464,12875,0,0,0,0,5,1301,103,786,103,796
97502,Playing,4579328,12979,0,0,0,0,5,1305,0,786,0,796
97753,Playing,4608000,13061,0,0,0,0,5,1309,0,786,0,796
98008,Playing,4600832,13040,0,0,0,0,5,1312,93,786,93,796
98260,Playing,4566016,12942,0,0,0,0,5,1314,0,786,0,796
98511,Playing,4558848,12921,0,0,0,0,5,1317,93,786,93,796
98764,Playing,4542464,12875,0,0,0,0,5,1323,88,786,88,796
99171,Playing,4541440,12872,0,0,0,0,5,1328,180,786,181,796
99300,Playing,4547584,12889,0,0,0,0,5,1330,17,786,17,796
99551,Playing,4576256,12971,0,0,0,0,5,1334,17,786,17,796
99805,Playing,4569088,12950,0,0,0,0,5,1337,53,786,53,796
100058,Playing,4534272,12852,0,0,0,0,5,1339,5,786,5,796
100309,Playing,4554752,12910,0,0,0,0,5,1343,67,786,67,796
100560,Playing,4575232,12968,0,0,0,0,5,1347,18,786,18,796
100811,Playing,4576256,12971,0,0,0,0,5,1350,0,786,0,796
101003,Playing,4557824,12919,0,0,0,0,5,1352,101,786,101,796
101257,Playing,4550656,12898,0,0,0,0,5,1355,93,786,93,796
101508,Playing,4496384,12744,0,0,0,0,5,1359,11,786,26,796
101756,Playing,4544512,12881,0,0,0,0,5,1364,7,786,7,796
102006,Playing,4537344,12860,0,0,0,0,5,1367,0,786,0,796
102258,Playing,4557824,12919,0,0,0,0,5,1371,0,786,0,796
102505,Playing,4531200,12843,0,0,0,0,5,1373,0,786,0,796
102757,Playing,4524032,12823,0,0,0,0,5,1376,2,786,2,796
103006,Playing,4516864,12802,0,0,0,0,5,1379,157,786,157,796
103258,Playing,4564992,12939,0,0,0,0,5,1384,0,786,0,796
103510,Playing,4483072,12707,0,0,0,0,5,1384,0,786,0,796
103759,Playing,4531200,12843,0,0,0,0,5,1389,0,786,0,796
104010,Playing,4551680,12901,0,0,0,0,5,1393,0,786,0,796
104263,Playing,4489216,12724,0,0,0,0,5,1396,37,786,103,796
104513,Playing,4462592,12649,0,0,0,0,5,1399,145,786,145,796
104764,Playing,4483072,12707,0,0,0,0,5,1403,91,786,91,796
105086,Playing,4451328,12617,0,0,0,0,5,1406,181,786,181,796
105274,Playing,4468736,12666,0,0,0,0,5,1409,0,786,0,796
105537,Playing,4516864,12802,0,0,0,0,5,1414,0,786,0,796
105780,Playing,4482048,12704,0,0,0,0,5,1416,17,786,17,796
106031,Playing,4483072,12707,0,0,0,0,5,1419,140,786,141,796
106283,Playing,4503552,12765,0,0,0,0,5,1423,0,786,0,796
106533,Playing,4496384,12744,0,0,0,0,5,1426,172,786,172,796
106783,Playing,4497408,12747,0,0,0,0,5,1429,1,786,1,796
107037,Playing,4490240,12727,0,0,0,0,5,1432,99,786,99,796
107281,Playing,4483072,12707,0,0,0,0,5,1438,5,786,6,796
107529,Playing,4484096,12710,0,0,0,0,5,1441,179,786,179,796
107775,Playing,4449280,12611,0,0,0,0,5,1443,6,786,6,796
108028,Playing,4469760,12669,0,0,0,0,5,1447,0,786,0,796
108278,Playing,4470784,12672,0,0,0,0,5,1450,0,786,0,796
108529,Playing,4491264,12730,0,0,0,0,5,1454,0,786,0,796
108779,Playing,4511744,12788,0,0,0,0,5,1458,0,786,0,796
109052,Playing,4468736,12666,0,0,0,0,5,1460,2,786,2,796
109298,Playing,4469760,12669,0,0,0,0,5,1463,12,786,13,796
109549,Playing,4490240,12727,0,0,0,0,5,1467,0,786,0,796
109801,Playing,4483072,12707,0,0,0,0,5,1473,0,786,0,796
110052,Playing,4428800,12553,0,0,0,0,5,1474,95,786,95,796
110303,Playing,4449280,12611,0,0,0,0,5,1478,0,786,0,796
110552,Playing,4469760,12669,0,0,0,0,5,1482,0,786,0,796
110800,Playing,4470784,12672,0,0,0,0,5,1485,0,786,0,796
111052,Playing,4435968,12573,0,0,0,0,5,1487,0,786,0,796
111302,Playing,4428800,12553,0,0,0,0,5,1490,0,786,0,796
111548,Playing,4457472,12634,0,0,0,0,5,1494,175,786,175,796
111800,Playing,4477952,12692,0,0,0,0,5,1498,0,786,0,796
112051,Playing,4470784,12672,0,0,0,0,5,1501,0,786,0,796
112320,Playing,4435968,12573,0,0,0,0,5,1503,2,786,3,796
112503,Playing,4481024,12701,0,0,0,0,5,1507,0,786,0,796
112753,Playing,4409344,12498,0,0,0,0,5,1510,1,786,11,796
113002,Playing,4439040,12582,0,0,0,0,5,1515,0,786,0,796
113252,Playing,4440064,12585,0,0,0,0,5,1518,0,786,0,796
113502,Playing,4460544,12643,0,0,0,0,5,1522,0,786,0,796
113812,Playing,4436992,12576,0,0,0,0,5,1525,0,786,0,796
114001,Playing,4399104,12469,0,0,0,0,5,1526,93,786,93,796
114310,Playing,4450304,12614,0,0,0,0,5,1532,174,786,174,796
114560,Playing,4423680,12538,0,0,0,0,5,1534,15,786,15,796
114811,Playing,4444160,12596,0,0,0,0,5,1538,0,786,0,796
115000,Playing,4433920,12567,0,0,0,0,5,1540,2,786,2,796
115252,Playing,4454400,12625,0,0,0,0,5,1544,1,786,1,796
115504,Playing,4410368,12501,0,0,0,0,5,1548,0,786,16,796
115762,Playing,4412416,12506,0,0,0,0,5,1552,112,786,112,796
116041,Playing,4424704,12541,0,0,0,0,5,1556,15,786,16,796
116290,Playing,4453376,12622,0,0,0,0,5,1560,17,786,17,796
116541,Playing,4418560,12524,0,0,0,0,5,1562,0,786,0,796
116807,Playing,4430848,12559,0,0,0,0,5,1566,0,786,0,796
117056,Playing,4431872,12561,0,0,0,0,5,1569,0,786,0,796
117252,Playing,4413440,12509,0,0,0,0,5,1571,0,786,0,796
117565,Playing,4389888,12442,0,0,0,0,5,1574,0,786,0,796
117810,Playing,4390912,12445,0,0,0,0,5,1577,90,786,90,796
118058,Playing,4439040,12582,0,0,0,0,5,1582,0,786,0,796
118306,Playing,4422656,12535,0,0,0,0,5,1588,0,786,0,796
118527,Playing,4376576,12405,0,0,0,0,5,1589,168,786,168,796
118778,Playing,4397056,12463,0,0,0,0,5,1593,0,786,0,796
119029,Playing,4389888,12442,0,0,0,0,5,1596,0,786,0,796
119282,Playing,4390912,12445,0,0,0,0,5,1599,94,786,94,796
119535,Playing,4411392,12503,0,0,0,0,5,1603,96,786,96,796
119783,Playing,4376576,12405,0,0,0,0,5,1605,0,786,0,796
120037,Playing,4369408,12384,0,0,0,0,5,1608,174,786,175,796
120286,Playing,4398080,12466,0,0,0,0,5,1612,0,786,0,796
120539,Playing,4418560,12524,0,0,0,0,5,1616,0,786,0,796
120789,Playing,4411392,12503,0,0,0,0,5,1619,96,786,96,796
121035,Playing,4393984,12454,0,0,0,0,5,1624,0,786,16,796
121289,Playing,4368384,12382,0,0,0,0,5,1627,1,786,1,796
121539,Playing,4361216,12361,0,0,0,0,5,1630,172,786,172,796
121786,Playing,4326400,12263,0,0,0,0,5,1632,1,786,1,796
122036,Playing,4327424,12265,0,0,0,0,5,1635,175,786,175,796
122289,Playing,4347904,12323,0,0,0,0,5,1639,176,786,176,796
122541,Playing,4396032,12460,0,0,0,0,5,1644,0,786,0,796
122791,Playing,4369408,12384,0,0,0,0,5,1646,97,786,97,796
123043,Playing,4362240,12364,0,0,0,0,5,1649,0,786,0,796
123294,Playing,4355072,12344,0,0,0,0,5,1652,0,786,0,796
123544,Playing,4375552,12402,0,0,0,0,5,1656,9,786,9,796
123799,Playing,4368384,12382,0,0,0,0,5,1659,173,786,173,796
124053,Playing,4304896,12202,0,0,0,0,5,1663,0,786,0,796
124310,Playing,4325376,12260,0,0,0,0,5,1667,12,786,12,796
124556,Playing,4318208,12239,0,0,0,0,5,1670,0,786,0,796
124805,Playing,4283392,12141,0,0,0,0,5,1672,0,786,0,796
125055,Playing,4284416,12144,0,0,0,0,5,1675,92,786,92,796
125302,Playing,4332544,12280,0,0,0,0,5,1680,0,786,0,796
125549,Playing,4333568,12283,0,0,0,0,5,1683,0,786,0,796
125804,Playing,4326400,12263,0,0,0,0,5,1686,170,786,171,796
126051,Playing,4319232,12242,0,0,0,0,5,1689,2,786,2,796
126302,Playing,4312064,12222,0,0,0,0,5,1692,0,786,0,796
126553,Playing,4313088,12225,0,0,0,0,5,1695,174,786,174,796
126804,Playing,4278272,12126,0,0,0,0,5,1698,176,786,176,796
127055,Playing,4271104,12106,0,0,0,0,5,1703,93,786,94,796
127303,Playing,4299776,12187,0,0,0,0,5,1707,0,786,1,796
127552,Playing,4320256,12245,0,0,0,0,5,1711,16,786,16,796
127801,Playing,4313088,12225,0,0,0,0,5,1714,95,786,95,796
128051,Playing,4286464,12149,0,0,0,0,5,1716,0,786,0,796
128301,Playing,4279296,12129,0,0,0,0,5,1719,94,786,94,796
128548,Playing,4299776,12187,0,0,0,0,5,1723,93,786,93,796
128800,Playing,4320256,12245,0,0,0,0,5,1727,15,786,15,796
129049,Playing,4348928,12326,0,0,0,0,5,1731,14,786,15,796
129298,Playing,4341760,12306,0,0,0,0,5,1734,0,786,0,796
129548,Playing,4279296,12129,0,0,0,0,5,1738,0,786,15,796
129797,Playing,4280320,12132,0,0,0,0,5,1741,0,786,0,796
130069,Playing,4292608,12167,0,0,0,0,5,1745,106,786,106,796
130279,Playing,4274176,12115,0,0,0,0,5,1747,0,786,0,796
130531,Playing,4267008,12094,0,0,0,0,5,1750,177,786,177,796
130779,Playing,4295680,12175,0,0,0,0,5,1754,87,786,87,796
131030,Playing,4288512,12155,0,0,0,0,5,1757,95,786,95,796
131281,Playing,4308992,12213,0,0,0,0,5,1761,94,786,94,796
131528,Playing,4282368,12138,0,0,0,0,5,1763,0,786,0,796
131777,Playing,4302848,12196,0,0,0,0,5,1767,0,786,0,796
132028,Playing,4295680,12175,0,0,0,0,5,1770,94,786,94,796
132278,Playing,4296704,12178,0,0,0,0,5,1774,0,786,0,796
132530,Playing,4261888,12080,0,0,0,0,5,1778,0,786,0,796
132778,Playing,4254720,12059,0,0,0,0,5,1781,172,786,172,796
133030,Playing,4275200,12117,0,0,0,0,5,1785,0,786,0,796
133281,Playing,4295680,12175,0,0,0,0,5,1789,0,786,0,796
133534,Playing,4241408,12022,0,0,0,0,5,1790,178,786,178,796
133784,Playing,4289536,12158,0,0,0,0,5,1795,0,786,0,796
134035,Playing,4282368,12138,0,0,0,0,5,1798,0,786,0,796
134284,Playing,4283392,12141,0,0,0,0,5,1801,0,786,0,796
134532,Playing,4248576,12042,0,0,0,0,5,1803,0,786,0,796
134782,Playing,4241408,12022,0,0,0,0,5,1806,173,786,173,796
135031,Playing,4288512,12155,0,0,0,0,5,1813,0,786,16,796
135285,Playing,4235264,12004,0,0,0,0,5,1815,179,786,179,796
135532,Playing,4200448,11906,0,0,0,0,5,1817,90,786,90,796
135782,Playing,4229120,11987,0,0,0,0,5,1821,173,786,173,796
136031,Playing,4249600,12045,0,0,0,0,5,1825,0,786,0,796
136282,Playing,4242432,12025,0,0,0,0,5,1828,176,786,176,796
136532,Playing,4235264,12004,0,0,0,0,5,1831,0,786,0,796
136785,Playing,4236288,12007,0,0,0,0,5,1834,0,786,0,796
137035,Playing,4229120,11987,0,0,0,0,5,1837,180,786,180,796
137289,Playing,4277248,12123,0,0,0,0,5,1842,0,786,0,796
137540,Playing,4214784,11946,0,0,0,0,5,1843,95,786,95,796
137789,Playing,4215808,11949,0,0,0,0,5,1846,175,786,176,796
138040,Playing,4208640,11929,0,0,0,0,5,1852,3,786,3,796
138293,Playing,4229120,11987,0,0,0,0,5,1856,0,786,0,796
138543,Playing,4194304,11888,0,0,0,0,5,1858,0,786,0,796
138802,Playing,4187136,11868,0,0,0,0,5,1861,0,786,0,796
139044,Playing,4188160,11871,0,0,0,0,5,1864,0,786,0,796
139298,Playing,4208640,11929,0,0,0,0,5,1868,176,786,176,796
139547,Playing,4264960,12088,0,0,0,0,5,1873,0,786,0,796
139795,Playing,4202496,11911,0,0,0,0,5,1874,174,786,174,796
140045,Playing,4222976,11969,0,0,0,0,5,1878,0,786,0,796
140294,Playing,4251648,12051,0,0,0,0,5,1882,0,786,0,796
140547,Playing,4244480,12030,0,0,0,0,5,1885,98,786,99,796
140794,Playing,4200448,11906,0,0,0,0,5,1889,0,786,13,796
141047,Playing,4174848,11833,0,0,0,0,5,1892,0,786,0,796
141294,Playing,4203520,11914,0,0,0,0,5,1896,177,786,177,796
141545,Playing,4224000,11972,0,0,0,0,5,1900,0,786,0,796
141793,Playing,4161536,11795,0,0,0,0,5,1901,94,786,94,796
142041,Playing,4190208,11877,0,0,0,0,5,1905,173,786,173,796
142290,Playing,4210688,11935,0,0,0,0,5,1909,0,786,0,796
142542,Playing,4203520,11914,0,0,0,0,5,1912,0,786,0,796
142793,Playing,4204544,11917,0,0,0,0,5,1915,0,786,0,796
143047,Playing,4197376,11897,0,0,0,0,5,1918,0,786,0,796
143299,Playing,4190208,11877,0,0,0,0,5,1921,98,786,98,796
143544,Playing,4183040,11856,0,0,0,0,5,1924,0,786,0,796
143794,Playing,4202496,11911,0,0,0,0,5,1931,0,786,0,796
144043,Playing,4167680,11813,0,0,0,0,5,1933,0,786,0,796
144293,Playing,4160512,11792,0,0,0,0,5,1936,1,786,1,796
144543,Playing,4189184,11874,0,0,0,0,5,1940,0,786,0,796
144794,Playing,4182016,11853,0,0,0,0,5,1943,92,786,92,796
145047,Playing,4174848,11833,0,0,0,0,5,1946,0,786,0,796
145294,Playing,4167680,11813,0,0,0,0,5,1949,0,786,0,796
145544,Playing,4196352,11894,0,0,0,0,5,1953,0,786,0,796
145793,Playing,4189184,11874,0,0,0,0,5,1956,0,786,0,796
146043,Playing,4126720,11697,0,0,0,0,5,1957,173,786,173,796
146294,Playing,4183040,11856,0,0,0,0,5,1962,0,786,0,796
146541,Playing,4166656,11810,0,0,0,0,5,1968,0,786,0,796
146789,Playing,4131840,11711,0,0,0,0,5,1970,95,786,95,796
147040,Playing,4160512,11792,0,0,0,0,5,1974,0,786,0,796
147293,Playing,4125696,11694,0,0,0,0,5,1976,1,786,1,796
147547,Playing,4118528,11673,0,0,0,0,5,1979,93,786,93,796
147795,Playing,4166656,11810,0,0,0,0,5,1984,0,786,0,796
148044,Playing,4167680,11813,0,0,0,0,5,1987,0,786,0,796
148297,Playing,4160512,11792,0,0,0,0,5,1990,94,786,94,796
148543,Playing,4125696,11694,0,0,0,0,5,1992,0,786,0,796
148794,Playing,4154368,11775,0,0,0,0,5,1996,0,786,0,796
149048,Playing,4147200,11755,0,0,0,0,5,1999,92,786,92,796
149301,Playing,4103168,11630,0,0,0,0,5,2004,0,786,0,796
149552,Playing,4096000,11609,0,0,0,0,5,2007,0,786,0,796
149802,Playing,4124672,11691,0,0,0,0,5,2011,2,786,2,796
150057,Playing,4117504,11670,0,0,0,0,5,2014,0,786,0,796
150307,Playing,4137984,11728,0,0,0,0,5,2018,2,786,2,796
150570,Playing,4075520,11551,0,0,0,0,5,2019,183,786,183,796
150779,Playing,4140032,11734,0,0,0,0,5,2024,0,786,0,796
151006,Playing,4094976,11607,0,0,0,0,5,2026,109,786,123,796
151303,Playing,4089856,11592,0,0,0,0,5,2029,34,786,34,796
151501,Playing,4107264,11641,0,0,0,0,5,2032,53,786,54,796
151831,Playing,4103168,11630,0,0,0,0,5,2036,28,786,28,796
152024,Playing,4084736,11578,0,0,0,0,5,2038,0,786,0,796
152277,Playing,4049920,11479,0,0,0,0,5,2043,1,786,1,796
152524,Playing,4078592,11560,0,0,0,0,5,2047,92,786,92,796
152774,Playing,4099072,11618,0,0,0,0,5,2051,0,786,0,796
153023,Playing,4091904,11598,0,0,0,0,5,2054,96,786,96,796
153273,Playing,4065280,11522,0,0,0,0,5,2056,0,786,0,796
153524,Playing,4085760,11580,0,0,0,0,5,2060,0,786,0,796
153770,Playing,4086784,11583,0,0,0,0,5,2063,0,786,0,796
154027,Playing,4079616,11563,0,0,0,0,5,2066,0,786,0,796
154273,Playing,4072448,11543,0,0,0,0,5,2069,0,786,0,796
154523,Playing,4065280,11522,0,0,0,0,5,2072,94,786,94,796
154786,Playing,4085760,11580,0,0,0,0,5,2077,0,786,0,796
155024,Playing,4031488,11427,0,0,0,0,5,2080,98,786,98,796
155282,Playing,4051968,11485,0,0,0,0,5,2084,0,786,0,796
155527,Playing,4072448,11543,0,0,0,0,5,2088,0,786,0,796
155778,Playing,4065280,11522,0,0,0,0,5,2091,0,786,0,796
156048,Playing,4030464,11424,0,0,0,0,5,2093,2,786,2,796
156303,Playing,4023296,11403,0,0,0,0,5,2096,0,786,0,796
156549,Playing,4051968,11485,0,0,0,0,5,2100,99,786,99,796
156801,Playing,4072448,11543,0,0,0,0,5,2104,14,786,14,796
157049,Playing,4065280,11522,0,0,0,0,5,2107,0,786,0,796
157298,Playing,4011008,11369,0,0,0,0,5,2108,174,786,174,796
157510,Playing,4067328,11528,0,0,0,0,5,2113,0,786,0,796
157786,Playing,4032512,11430,0,0,0,0,5,2118,85,786,85,796
158032,Playing,4052992,11488,0,0,0,0,5,2122,0,786,0,796
158282,Playing,4045824,11467,0,0,0,0,5,2125,0,786,0,796
158531,Playing,4074496,11549,0,0,0,0,5,2129,0,786,0,796
158784,Playing,4012032,11371,0,0,0,0,5,2130,175,786,175,796
159034,Playing,4060160,11508,0,0,0,0,5,2135,1,786,1,796
159289,Playing,4052992,11488,0,0,0,0,5,2138,0,786,0,796
159534,Playing,4026368,11412,0,0,0,0,5,2140,0,786,0,796
159787,Playing,4019200,11392,0,0,0,0,5,2143,3,786,3,796
160043,Playing,4039680,11450,0,0,0,0,5,2147,3,786,3,796
160297,Playing,4032512,11430,0,0,0,0,5,2150,91,786,91,796
160543,Playing,4033536,11432,0,0,0,0,5,2156,88,786,88,796
160798,Playing,4054016,11490,0,0,0,0,5,2160,14,786,14,796
161052,Playing,4019200,11392,0,0,0,0,5,2162,0,786,0,796
161301,Playing,4012032,11371,0,0,0,0,5,2165,0,786,0,796
161556,Playing,4032512,11430,0,0,0,0,5,2169,0,786,0,796
161809,Playing,4033536,11432,0,0,0,0,5,2172,0,786,0,796
162061,Playing,4054016,11490,0,0,0,0,5,2176,93,786,93,796
162307,Playing,4019200,11392,0,0,0,0,5,2178,0,786,0,796
162559,Playing,4012032,11371,0,0,0,0,5,2181,96,786,96,796
162809,Playing,4040704,11453,0,0,0,0,5,2185,0,786,0,796
163059,Playing,4061184,11511,0,0,0,0,5,2189,14,786,14,796
163306,Playing,3998720,11334,0,0,0,0,5,2193,0,786,0,796
163553,Playing,4027392,11415,0,0,0,0,5,2197,0,786,0,796
163802,Playing,4020224,11395,0,0,0,0,5,2200,0,786,0,796
164052,Playing,4040704,11453,0,0,0,0,5,2204,0,786,0,796
164301,Playing,3986432,11299,0,0,0,0,5,2205,182,786,182,796
164556,Playing,4006912,11357,0,0,0,0,5,2209,0,786,0,796
164806,Playing,3999744,11337,0,0,0,0,5,2212,94,786,94,796
165057,Playing,4047872,11473,0,0,0,0,5,2217,15,786,15,796
165306,Playing,3993600,11319,0,0,0,0,5,2218,173,786,173,796
165560,Playing,4014080,11377,0,0,0,0,5,2222,0,786,0,796
165810,Playing,4006912,11357,0,0,0,0,5,2225,92,786,92,796
166063,Playing,3999744,11337,0,0,0,0,5,2231,0,786,0,796
166312,Playing,3973120,11261,0,0,0,0,5,2233,0,786,0,796
166500,Playing,3935232,11154,0,0,0,0,5,2234,95,786,95,796
166751,Playing,3983360,11290,0,0,0,0,5,2239,0,786,0,796
167062,Playing,4015104,11380,0,0,0,0,5,2244,0,786,0,796
167310,Playing,3952640,11203,0,0,0,0,5,2245,177,786,177,796
167561,Playing,3973120,11261,0,0,0,0,5,2249,0,786,0,796
167809,Playing,4001792,11342,0,0,0,0,5,2253,0,786,0,796
168002,Playing,3983360,11290,0,0,0,0,5,2255,0,786,0,796
168310,Playing,3987456,11302,0,0,0,0,5,2259,0,786,0,796
168561,Playing,3980288,11281,0,0,0,0,5,2262,0,786,0,796
168812,Playing,3981312,11284,0,0,0,0,5,2265,180,786,180,796
169061,Playing,3909632,11081,0,0,0,0,5,2269,0,786,0,796
169311,Playing,3930112,11139,0,0,0,0,5,2273,0,786,0,796
169501,Playing,3919872,11110,0,0,0,0,5,2275,0,786,0,796
169751,Playing,3912704,11090,0,0,0,0,5,2278,92,786,92,796
170060,Playing,3972096,11258,0,0,0,0,5,2284,0,786,0,796
170309,Playing,3945472,11183,0,0,0,0,5,2286,0,786,0,796
170559,Playing,3938304,11162,0,0,0,0,5,2289,0,786,0,796
170811,Playing,3958784,11221,0,0,0,0,5,2293,91,786,91,796
171001,Playing,3948544,11192,0,0,0,0,5,2295,0,786,0,796
171250,Playing,3941376,11171,0,0,0,0,5,2298,173,786,174,796
171500,Playing,3942400,11174,0,0,0,0,5,2301,14,786,14,796
171809,Playing,3929088,11136,0,0,0,0,5,2308,0,786,0,796
172058,Playing,3930112,11139,0,0,0,0,5,2311,96,786,96,796
172306,Playing,3922944,11119,0,0,0,0,5,2314,0,786,0,796
172557,Playing,3915776,11099,0,0,0,0,5,2317,0,786,0,796
172807,Playing,3916800,11102,0,0,0,0,5,2320,97,786,97,796
173057,Playing,3937280,11160,0,0,0,0,5,2324,92,786,92,796
173307,Playing,3957760,11218,0,0,0,0,5,2328,0,786,0,796
173556,Playing,3903488,11064,0,0,0,0,5,2329,175,786,175,796
173808,Playing,3923968,11122,0,0,0,0,5,2333,0,786,0,796
174056,Playing,3916800,11102,0,0,0,0,5,2336,94,786,95,796
174306,Playing,3937280,11160,0,0,0,0,5,2340,94,786,95,796
174552,Playing,3892224,11032,0,0,0,0,5,2344,0,786,17,796
174802,Playing,3894272,11038,0,0,0,0,5,2348,0,786,0,796
175052,Playing,3895296,11041,0,0,0,0,5,2351,111,786,111,796
175301,Playing,3915776,11099,0,0,0,0,5,2355,0,786,0,796
175552,Playing,3880960,11000,0,0,0,0,5,2357,1,786,1,796
175756,Playing,3890176,11026,0,0,0,0,5,2360,173,786,173,796
176006,Playing,3863552,10951,0,0,0,0,5,2362,0,786,0,796
176255,Playing,3856384,10930,0,0,0,0,5,2365,164,786,165,796
176503,Playing,3904512,11067,0,0,0,0,5,2370,0,786,0,796
176756,Playing,3905536,11070,0,0,0,0,5,2373,0,786,0,796
177037,Playing,3881984,11003,0,0,0,0,5,2376,175,786,175,796
177285,Playing,3883008,11006,0,0,0,0,5,2379,15,786,15,796
177535,Playing,3848192,10907,0,0,0,0,5,2384,0,786,0,796
177786,Playing,3841024,10887,0,0,0,0,5,2387,95,786,96,796
178032,Playing,3842048,10890,0,0,0,0,5,2390,0,786,0,796
178286,Playing,3807232,10791,0,0,0,0,5,2392,90,786,90,796
178536,Playing,3855360,10927,0,0,0,0,5,2397,8,786,8,796
178784,Playing,3884032,11009,0,0,0,0,5,2401,0,786,0,796
179039,Playing,3821568,10832,0,0,0,0,5,2402,92,786,92,796
179282,Playing,3814400,10811,0,0,0,0,5,2405,70,786,70,796
179543,Playing,3862528,10948,0,0,0,0,5,2410,0,786,0,796
179782,Playing,3835904,10872,0,0,0,0,5,2412,97,786,97,796
180030,Playing,3884032,11009,0,0,0,0,5,2417,0,786,0,796
180282,Playing,3793920,10753,0,0,0,0,5,2420,3,786,13,796
180532,Playing,3822592,10835,0,0,0,0,5,2424,0,786,0,796
180778,Playing,3815424,10814,0,0,0,0,5,2427,98,786,98,796
181034,Playing,3835904,10872,0,0,0,0,5,2431,0,786,0,796
181283,Playing,3809280,10797,0,0,0,0,5,2433,0,786,0,796
181553,Playing,3821568,10832,0,0,0,0,5,2437,0,786,0,796
181803,Playing,3814400,10811,0,0,0,0,5,2440,0,786,0,796
182051,Playing,3815424,10814,0,0,0,0,5,2443,94,786,94,796
182299,Playing,3863552,10951,0,0,0,0,5,2448,0,786,0,796
182510,Playing,3817472,10820,0,0,0,0,5,2449,95,786,95,796
182810,Playing,3821568,10832,0,0,0,0,5,2453,95,786,95,796
183001,Playing,3838976,10881,0,0,0,0,5,2459,0,786,0,796
183314,Playing,3807232,10791,0,0,0,0,5,2462,0,786,0,796
183560,Playing,3780608,10716,0,0,0,0,5,2464,0,786,0,796
183810,Playing,3801088,10774,0,0,0,0,5,2468,0,786,0,796
184058,Playing,3802112,10776,0,0,0,0,5,2471,0,786,0,796
184309,Playing,3822592,10835,0,0,0,0,5,2475,0,786,0,796
184556,Playing,3760128,10657,0,0,0,0,5,2476,101,786,101,796
184807,Playing,3780608,10716,0,0,0,0,5,2480,88,786,88,796
185055,Playing,3809280,10797,0,0,0,0,5,2484,14,786,14,796
185306,Playing,3829760,10855,0,0,0,0,5,2488,0,786,0,796
185556,Playing,3767296,10678,0,0,0,0,5,2489,173,786,173,796
185807,Playing,3795968,10759,0,0,0,0,5,2496,1,786,1,796
186055,Playing,3761152,10660,0,0,0,0,5,2498,96,786,97,796
186302,Playing,3781632,10718,0,0,0,0,5,2502,0,786,0,796
186557,Playing,3802112,10776,0,0,0,0,5,2506,0,786,0,796
186806,Playing,3803136,10779,0,0,0,0,5,2509,12,786,12,796
187052,Playing,3823616,10837,0,0,0,0,5,2513,0,786,0,796
187303,Playing,3788800,10739,0,0,0,0,5,2515,0,786,0,796
188148,Playing,3687424,10451,0,0,0,0,5,2522,89,786,89,796
188618,Playing,3763200,10666,0,0,0,0,5,2533,0,786,0,796
189353,Playing,3565568,10106,0,0,0,0,5,2536,575,786,575,796
190277,Playing,3771392,10689,0,0,0,0,5,2555,0,895,0,895
190748,Playing,3745792,10617,0,0,0,0,5,2560,0,895,0,895
190910,Playing,3743744,10611,0,0,0,0,5,2562,3,895,3,895
191207,Playing,3775488,10701,0,0,0,0,5,2567,161,895,161,895
191571,Playing,3699712,10486,0,0,0,0,5,2572,162,895,162,895
191718,Playing,3733504,10582,0,0,0,0,5,2575,0,895,0,895
191999,Playing,3745792,10617,0,0,0,0,5,2579,0,895,0,895
192056,Playing,3748864,10626,0,0,0,0,5,2580,172,895,172,895
192119,Playing,3732480,10579,0,0,0,0,5,2580,172,895,172,895
192181,Playing,3707904,10509,0,0,0,0,5,2580,172,895,172,895
192244,Playing,3683328,10440,0,0,0,0,5,2580,172,895,172,895
192306,Playing,3722240,10550,0,0,0,0,5,2582,0,895,0,895
192369,Playing,3752960,10637,0,0,0,0,5,2584,23,895,23,895
192432,Playing,3728384,10567,0,0,0,0,5,2584,23,895,23,895
192496,Playing,3731456,10576,0,0,0,0,5,2585,147,895,147,895
192558,Playing,3715072,10530,0,0,0,0,5,2585,147,895,147,895
192621,Playing,3745792,10617,0,0,0,0,5,2587,17,895,17,895
192683,Playing,3721216,10547,0,0,0,0,5,2587,17,895,17,895
192808,Playing,3735552,10588,0,0,0,0,5,2589,16,895,16,895
193057,Playing,3728384,10567,0,0,0,0,5,2592,178,895,178,895
193306,Playing,3784704,10727,0,0,0,0,5,2597,0,895,0,895
193556,Playing,3722240,10550,0,0,0,0,5,2598,199,895,199,895
193807,Playing,3742720,10608,0,0,0,0,5,2602,0,895,0,895
194057,Playing,3735552,10588,0,0,0,0,5,2605,0,895,0,895
194307,Playing,3699712,10486,0,0,0,0,5,2610,1,895,1,895
194557,Playing,3692544,10466,0,0,0,0,5,2613,0,895,0,895
194806,Playing,3685376,10446,0,0,0,0,5,2616,0,895,0,895
195069,Playing,3705856,10504,0,0,0,0,5,2620,170,895,170,895
195351,Playing,3718144,10538,0,0,0,0,5,2624,0,895,0,895
195598,Playing,3710976,10518,0,0,0,0,5,2627,0,895,0,895
195792,Playing,3728384,10567,0,0,0,0,5,2630,0,895,0,895
196248,Playing,3675136,10417,0,0,0,0,5,2634,88,895,88,895
196510,Playing,3723264,10553,0,0,0,0,5,2639,0,895,0,895
196874,Playing,3730432,10573,0,0,0,0,5,2644,7,895,7,895
196935,Playing,3714048,10527,0,0,0,0,5,2644,7,895,7,895
197062,Playing,3674112,10414,0,0,0,0,5,2647,0,895,2,895
197251,Playing,3645440,10332,0,0,0,0,5,2649,3,895,4,895
197501,Playing,3665920,10390,0,0,0,0,5,2653,0,895,0,895
197754,Playing,3631104,10292,0,0,0,0,5,2655,0,895,0,895
198007,Playing,3549184,10060,0,0,0,0,5,2655,0,895,0,895
198259,Playing,3459072,9804,0,0,0,0,5,2655,0,895,0,895
198510,Playing,3673088,10411,0,0,0,0,5,2666,2,895,3,895
198763,Playing,3638272,10312,0,0,0,0,5,2668,102,895,102,895
199017,Playing,3603456,10213,0,0,0,0,5,2670,122,895,122,895
199267,Playing,3632128,10295,0,0,0,0,5,2674,60,895,60,895
199518,Playing,3597312,10196,0,0,0,0,5,2676,7,895,7,895
199766,Playing,3645440,10332,0,0,0,0,5,2681,0,895,0,895
200016,Playing,3601408,10208,0,0,0,0,5,2686,0,895,0,895
200269,Playing,3574784,10132,0,0,0,0,5,2688,81,895,81,895
200521,Playing,3512320,9955,0,0,0,0,5,2689,239,895,240,895
200773,Playing,3643392,10327,0,0,0,0,5,2697,0,895,0,895
201026,Playing,3636224,10306,0,0,0,0,5,2700,106,895,106,895
201276,Playing,3629056,10286,0,0,0,0,5,2703,0,895,0,895
201526,Playing,3630080,10289,0,0,0,0,5,2706,0,895,0,895
201775,Playing,3622912,10269,0,0,0,0,5,2709,88,895,88,895
202026,Playing,3588096,10170,0,0,0,0,5,2711,0,895,0,895
202276,Playing,3608576,10228,0,0,0,0,5,2715,0,895,0,895
202529,Playing,3629056,10286,0,0,0,0,5,2719,0,895,0,895
202852,Playing,3633152,10298,0,0,0,0,5,2726,179,895,179,895
203066,Playing,3606528,10222,0,0,0,0,5,2728,0,895,0,895
203394,Playing,3630080,10289,0,0,0,0,5,2733,0,895,0,895
203611,Playing,3611648,10237,0,0,0,0,5,2735,0,895,0,895
203777,Playing,3581952,10152,0,0,0,0,5,2736,92,895,93,895
204022,Playing,3630080,10289,0,0,0,0,5,2741,0,895,0,895
204330,Playing,3578880,10144,0,0,0,0,5,2743,167,895,167,895
204768,Playing,3616768,10251,0,0,0,0,5,2750,0,895,0,895
205119,Playing,3632128,10295,0,0,0,0,5,2755,4,895,5,895
205286,Playing,3602432,10210,0,0,0,0,5,2756,171,895,171,895
205391,Playing,3624960,10274,0,0,0,0,5,2758,0,895,0,895
205999,Playing,3597312,10196,0,0,0,0,5,2768,0,895,0,895
206064,Playing,3580928,10150,0,0,0,0,5,2768,0,895,0,895
206127,Playing,3611648,10237,0,0,0,0,5,2770,0,895,0,895
206253,Playing,3590144,10176,0,0,0,0,5,2771,89,895,89,895
206504,Playing,3535872,10022,0,0,0,0,5,2772,178,895,179,895
206755,Playing,3556352,10080,0,0,0,0,5,2776,83,895,83,895
207011,Playing,3604480,10216,0,0,0,0,5,2781,0,895,0,895
207262,Playing,3597312,10196,0,0,0,0,5,2784,0,895,0,895
207515,Playing,3562496,10097,0,0,0,0,5,2786,0,895,0,895
207768,Playing,3582976,10155,0,0,0,0,5,2790,0,895,0,895
208020,Playing,3556352,10080,0,0,0,0,5,2792,74,895,74,895
208267,Playing,3576832,10138,0,0,0,0,5,2797,11,895,11,895
208517,Playing,3597312,10196,0,0,0,0,5,2803,0,895,0,895
208768,Playing,3570688,10120,0,0,0,0,5,2805,105,895,105,895
209020,Playing,3508224,9943,0,0,0,0,5,2806,165,895,165,895
209272,Playing,3528704,10001,0,0,0,0,5,2810,0,895,0,895
209523,Playing,3438592,9746,0,0,0,0,5,2810,0,895,0,895
209773,Playing,3569664,10118,0,0,0,0,5,2818,87,895,87,895
210024,Playing,3534848,10019,0,0,0,0,5,2820,0,895,0,895
210277,Playing,3563520,10100,0,0,0,0,5,2824,94,895,94,895
210528,Playing,3584000,10158,0,0,0,0,5,2828,12,895,13,895
210780,Playing,3604480,10216,0,0,0,0,5,2832,0,895,0,895
211030,Playing,3542016,10039,0,0,0,0,5,2833,185,895,185,895
211281,Playing,3534848,10019,0,0,0,0,5,2839,0,895,0,895
211533,Playing,3535872,10022,0,0,0,0,5,2842,182,895,182,895
211785,Playing,3501056,9923,0,0,0,0,5,2844,4,895,4,895
212036,Playing,3493888,9903,0,0,0,0,5,2847,75,895,75,895
212289,Playing,3514368,9961,0,0,0,0,5,2851,161,895,161,895
212538,Playing,3534848,10019,0,0,0,0,5,2855,175,895,176,895
212815,Playing,3547136,10054,0,0,0,0,5,2859,0,895,0,895
213122,Playing,3523584,9987,0,0,0,0,5,2862,0,895,0,895
213398,Playing,3535872,10022,0,0,0,0,5,2866,98,895,98,895
213713,Playing,3539968,10033,0,0,0,0,5,2870,0,895,0,895
213960,Playing,3495936,9909,0,0,0,0,5,2872,156,895,156,895
214248,Playing,3517440,9970,0,0,0,0,5,2879,0,895,0,895
214308,Playing,3492864,9900,0,0,0,0,5,2879,0,895,0,895
214560,Playing,3493888,9903,0,0,0,0,5,2882,176,895,176,895
214809,Playing,3514368,9961,0,0,0,0,5,2886,0,895,0,895
215058,Playing,3534848,10019,0,0,0,0,5,2890,0,895,0,895
215307,Playing,3500032,9920,0,0,0,0,5,2892,0,895,0,895
215557,Playing,3501056,9923,0,0,0,0,5,2895,0,895,0,895
215808,Playing,3466240,9824,0,0,0,0,5,2897,95,895,95,895
216060,Playing,3459072,9804,0,0,0,0,5,2900,18,895,18,895
216310,Playing,3507200,9941,0,0,0,0,5,2905,6,895,7,895
216560,Playing,3472384,9842,0,0,0,0,5,2907,57,895,57,895
216809,Playing,3445760,9766,0,0,0,0,5,2909,109,895,109,895
217059,Playing,3438592,9746,0,0,0,0,5,2915,0,895,0,895
217310,Playing,3486720,9882,0,0,0,0,5,2920,45,895,45,895
217560,Playing,3396608,9627,0,0,0,0,5,2920,45,895,45,895
217752,Playing,3331072,9441,0,0,0,0,5,2920,45,895,45,895
218005,Playing,3434496,9734,0,0,0,0,5,2927,0,895,0,895
218256,Playing,3407872,9659,0,0,0,0,5,2929,0,895,0,895
218507,Playing,3483648,9874,0,0,0,0,5,2935,0,895,0,895
218760,Playing,3504128,9932,0,0,0,0,5,2939,0,895,0,895
219010,Playing,3496960,9912,0,0,0,0,5,2942,1,895,1,895
219261,Playing,3434496,9734,0,0,0,0,5,2943,203,895,203,895
219510,Playing,3472384,9842,0,0,0,0,5,2948,14,895,14,895
219761,Playing,3391488,9613,0,0,0,0,5,2951,0,895,0,895
220012,Playing,3301376,9357,0,0,0,0,5,2951,0,895,0,895
220262,Playing,3349504,9494,0,0,0,0,5,2956,20,895,20,895
220510,Playing,3433472,9732,0,0,0,0,5,2962,0,895,0,895
220765,Playing,3426304,9711,0,0,0,0,5,2965,156,895,156,895
221201,Playing,3436544,9740,0,0,0,0,5,2971,0,895,1,895
221499,Playing,3412992,9674,0,0,0,0,5,2974,99,895,99,895
221553,Playing,3479552,9862,0,0,0,0,5,2977,0,895,0,895
221807,Playing,3472384,9842,0,0,0,0,5,2980,0,895,0,895
222059,Playing,3437568,9743,0,0,0,0,5,2982,0,895,0,895
222309,Playing,3430400,9723,0,0,0,0,5,2985,163,895,163,895
222559,Playing,3414016,9676,0,0,0,0,5,2991,197,895,197,895
222809,Playing,3396608,9627,0,0,0,0,5,2994,171,895,0,895
223062,Playing,3380224,9581,0,0,0,0,5,2996,95,895,95,895
223251,Playing,3397632,9630,0,0,0,0,5,2999,0,895,0,895
223504,Playing,3390464,9610,0,0,0,0,5,3002,0,895,0,895
223755,Playing,3383296,9589,0,0,0,0,5,3005,0,895,0,895
224006,Playing,3431424,9726,0,0,0,0,5,3010,0,895,0,895
224257,Playing,3404800,9650,0,0,0,0,5,3012,172,895,172,895
224509,Playing,3425280,9708,0,0,0,0,5,3016,153,895,153,895
224760,Playing,3418112,9688,0,0,0,0,5,3019,0,895,0,895
225014,Playing,3410944,9668,0,0,0,0,5,3022,0,895,0,895
225262,Playing,3366912,9543,0,0,0,0,5,3027,169,895,169,895
225511,Playing,3387392,9601,0,0,0,0,5,3031,5,895,5,895
225762,Playing,3360768,9525,0,0,0,0,5,3033,12,895,12,895
226016,Playing,3353600,9505,0,0,0,0,5,3036,93,895,93,895
226267,Playing,3374080,9563,0,0,0,0,5,3040,0,895,0,895
226520,Playing,3394560,9621,0,0,0,0,5,3044,0,895,1,895
226772,Playing,3359744,9523,0,0,0,0,5,3046,0,895,0,895
227021,Playing,3360768,9525,0,0,0,0,5,3049,36,895,36,895
227272,Playing,3353600,9505,0,0,0,0,5,3052,97,895,97,895
227582,Playing,3385344,9595,0,0,0,0,5,3057,46,895,46,895
227940,Playing,3309568,9380,0,0,0,0,5,3059,320,895,320,895
228019,Playing,3340288,9467,0,0,0,0,5,3061,33,895,33,895
228276,Playing,3333120,9447,0,0,0,0,5,3067,111,895,111,895
228689,Playing,3296256,9343,0,0,0,0,5,3071,7,895,8,895
229374,Playing,3141632,8904,0,0,0,0,5,3074,20,895,21,895
229433,Playing,3144704,8913,0,0,0,0,5,3075,385,895,385,895
229495,Playing,3120128,8843,0,0,0,0,5,3075,385,895,385,895
229559,Playing,3159040,8954,0,0,0,0,5,3077,3,895,3,895
229811,Playing,3317760,9404,0,0,0,0,5,3086,0,895,0,895
230061,Playing,3282944,9305,0,0,0,0,5,3088,0,895,0,895
230250,Playing,3217408,9119,0,0,0,0,5,3088,0,895,0,895
230501,Playing,3127296,8864,0,0,0,0,5,3088,0,895,0,895
230753,Playing,3092480,8765,0,0,0,0,5,3090,0,895,0,895
231004,Playing,3278848,9293,0,0,0,0,5,3103,0,895,0,895
231255,Playing,3335168,9453,0,0,0,0,5,3108,0,895,0,895
231506,Playing,3300352,9354,0,0,0,0,5,3110,91,895,91,895
231756,Playing,3348480,9491,0,0,0,0,5,3115,17,895,17,895
232011,Playing,3341312,9470,0,0,0,0,5,3118,0,895,0,895
232262,Playing,3278848,9293,0,0,0,0,5,3119,171,895,171,895
232515,Playing,3335168,9453,0,0,0,0,5,3124,0,895,0,895
232767,Playing,3355648,9511,0,0,0,0,5,3128,0,895,0,895
233018,Playing,3320832,9412,0,0,0,0,5,3130,94,895,94,895
233269,Playing,3313664,9392,0,0,0,0,5,3133,0,895,0,895
233521,Playing,3306496,9372,0,0,0,0,5,3136,7,895,7,895
233775,Playing,3271680,9273,0,0,0,0,5,3141,100,895,100,895
234025,Playing,3328000,9433,0,0,0,0,5,3146,0,895,0,895
234276,Playing,3348480,9491,0,0,0,0,5,3150,13,895,13,895
234564,Playing,3305472,9369,0,0,0,0,5,3152,89,895,89,895
234751,Playing,3295232,9340,0,0,0,0,5,3154,0,895,0,895
235001,Playing,3315712,9398,0,0,0,0,5,3158,0,895,0,895
235251,Playing,3280896,9299,0,0,0,0,5,3160,0,895,0,895
235792,Playing,3286016,9314,0,0,0,0,5,3167,0,895,0,895
236373,Playing,3302400,9360,0,0,0,0,5,3178,91,895,91,895
236425,Playing,3286016,9314,0,0,0,0,5,3178,91,895,91,895
236488,Playing,3261440,9244,0,0,0,0,5,3178,91,895,91,895
236550,Playing,3292160,9331,0,0,0,0,5,3180,0,895,0,895
236805,Playing,3284992,9311,0,0,0,0,5,3183,93,895,93,895
237058,Playing,3277824,9290,0,0,0,0,5,3186,0,895,0,895
237311,Playing,3278848,9293,0,0,0,0,5,3189,176,895,176,895
237500,Playing,3232768,9163,0,0,0,0,5,3190,98,895,98,895
237752,Playing,3178496,9009,0,0,0,0,5,3191,178,895,178,895
238002,Playing,3226624,9145,0,0,0,0,5,3196,0,895,0,895
238311,Playing,3120128,8843,0,0,0,0,5,3196,0,895,0,895
238563,Playing,3030016,8588,0,0,0,0,5,3196,0,895,0,895
238750,Playing,3075072,8716,0,0,0,0,5,3200,2,895,2,895
239003,Playing,3067904,8695,0,0,0,0,5,3203,0,895,0,895
239253,Playing,3005440,8518,0,0,0,0,5,3204,238,895,238,895
239504,Playing,2915328,8263,0,0,0,0,5,3204,238,895,238,895
239751,Playing,3082240,8736,0,0,0,0,5,3216,0,895,0,895
240002,Playing,3130368,8872,0,0,0,0,5,3221,0,895,0,895
240302,Playing,3217408,9119,0,0,0,0,5,3228,0,895,0,895
240515,Playing,3226624,9145,0,0,0,0,5,3231,0,895,0,895
240868,Playing,3178496,9009,0,0,0,0,5,3234,271,895,271,895
241072,Playing,3168256,8980,0,0,0,0,5,3236,0,895,0,895
241363,Playing,3227648,9148,0,0,0,0,5,3242,0,895,0,895
241593,Playing,3201024,9073,0,0,0,0,5,3244,101,895,101,895
241818,Playing,3265536,9256,0,0,0,0,5,3249,88,895,88,895
242092,Playing,3250176,9212,0,0,0,0,5,3255,0,895,0,895
242311,Playing,3204096,9081,0,0,0,0,5,3256,177,895,177,895
243057,Playing,3210240,9099,0,0,0,0,5,3266,0,895,0,895
243465,Playing,3209216,9096,0,0,0,0,5,3271,95,895,95,895
243710,Playing,3229696,9154,0,0,0,0,5,3275,0,895,0,895
243999,Playing,3214336,9110,0,0,0,0,5,3278,172,895,172,895
244064,Playing,3245056,9198,0,0,0,0,5,3280,0,895,0,895
244127,Playing,3220480,9128,0,0,0,0,5,3280,0,895,0,895
244189,Playing,3204096,9081,0,0,0,0,5,3280,0,895,0,895
244252,Playing,3207168,9090,0,0,0,0,5,3281,180,895,180,895
244501,Playing,3200000,9070,0,0,0,0,5,3284,0,895,0,895
244793,Playing,3230720,9157,0,0,0,0,5,3292,0,895,0,895
245331,Playing,3235840,9171,0,0,0,0,5,3299,0,895,0,895
245874,Playing,3149824,8928,0,0,0,0,5,3303,171,895,171,895
245933,Playing,3133440,8881,0,0,0,0,5,3303,171,895,171,895
245996,Playing,3191808,9047,0,0,0,0,5,3306,0,895,0,895
246058,Playing,3194880,9055,0,0,0,0,5,3307,101,895,101,895
246308,Playing,3168256,8980,0,0,0,0,5,3309,0,895,0,895
246556,Playing,3188736,9038,0,0,0,0,5,3313,185,895,185,895
246807,Playing,3181568,9018,0,0,0,0,5,3316,169,895,169,895
247055,Playing,3202048,9076,0,0,0,0,5,3320,0,895,0,895
247308,Playing,3175424,9000,0,0,0,0,5,3322,0,895,0,895
247557,Playing,3195904,9058,0,0,0,0,5,3326,0,895,0,895
247806,Playing,3151872,8933,0,0,0,0,5,3331,0,895,1,895
248057,Playing,3172352,8991,0,0,0,0,5,3335,0,895,0,895
248307,Playing,3145728,8916,0,0,0,0,5,3337,0,895,0,895
248558,Playing,3138560,8896,0,0,0,0,5,3340,0,895,0,895
248810,Playing,3159040,8954,0,0,0,0,5,3344,0,895,0,895
249000,Playing,3121152,8846,0,0,0,0,5,3345,159,895,159,895
249251,Playing,3141632,8904,0,0,0,0,5,3349,27,895,27,895
249535,Playing,3153920,8939,0,0,0,0,5,3353,0,895,0,895
249873,Playing,3058688,8669,0,0,0,0,5,3354,27,895,27,895
250054,Playing,3111936,8820,0,0,0,0,5,3358,145,895,145,895
250306,Playing,3160064,8957,0,0,0,0,5,3363,0,895,0,895
250559,Playing,3069952,8701,0,0,0,0,5,3363,0,895,0,895
250806,Playing,3108864,8811,0,0,0,0,5,3371,2,895,2,895
251057,Playing,3137536,8893,0,0,0,0,5,3375,0,895,0,895
251309,Playing,3158016,8951,0,0,0,0,5,3379,0,895,0,895
251560,Playing,3150848,8930,0,0,0,0,5,3382,7,895,7,895
251809,Playing,3088384,8753,0,0,0,0,5,3383,169,895,169,895
252060,Playing,3117056,8835,0,0,0,0,5,3387,61,895,61,895
252310,Playing,3137536,8893,0,0,0,0,5,3391,3,895,3,895
252562,Playing,3130368,8872,0,0,0,0,5,3394,0,895,0,895
252751,Playing,3120128,8843,0,0,0,0,5,3396,15,895,15,895
253006,Playing,3140608,8901,0,0,0,0,5,3400,0,895,0,895
253276,Playing,3125248,8858,0,0,0,0,5,3406,0,895,0,895
253529,Playing,3062784,8681,0,0,0,0,5,3407,174,895,174,895
253785,Playing,3083264,8739,0,0,0,0,5,3411,2,895,2,895
254031,Playing,3084288,8742,0,0,0,0,5,3414,165,895,165,895
254298,Playing,3096576,8777,0,0,0,0,5,3418,0,895,0,895
254551,Playing,3097600,8780,0,0,0,0,5,3421,0,895,0,895
254801,Playing,3090432,8759,0,0,0,0,5,3424,0,895,1,895
255051,Playing,3083264,8739,0,0,0,0,5,3427,86,895,86,895
255318,Playing,3103744,8797,0,0,0,0,5,3431,0,895,0,895
255506,Playing,3065856,8690,0,0,0,0,5,3432,170,895,170,895
255756,Playing,3086336,8748,0,0,0,0,5,3436,168,895,168,895
256009,Playing,3079168,8727,0,0,0,0,5,3439,173,895,173,895
256262,Playing,3099648,8785,0,0,0,0,5,3446,0,895,0,895
256510,Playing,3064832,8687,0,0,0,0,5,3448,0,895,0,895
256764,Playing,3065856,8690,0,0,0,0,5,3451,0,895,0,895
257013,Playing,3058688,8669,0,0,0,0,5,3454,0,895,0,895
257301,Playing,3070976,8704,0,0,0,0,5,3458,91,895,91,895
257547,Playing,3091456,8762,0,0,0,0,5,3462,0,895,0,895
257798,Playing,3111936,8820,0,0,0,0,5,3466,0,895,0,895
258051,Playing,3049472,8643,0,0,0,0,5,3467,174,895,174,895
258298,Playing,3078144,8724,0,0,0,0,5,3471,0,895,0,895
258547,Playing,3070976,8704,0,0,0,0,5,3474,96,895,96,895
258796,Playing,3091456,8762,0,0,0,0,5,3478,93,895,93,895
259046,Playing,3037184,8608,0,0,0,0,5,3482,0,895,0,895
259296,Playing,3057664,8666,0,0,0,0,5,3486,2,895,2,895
259546,Playing,3050496,8646,0,0,0,0,5,3489,179,895,179,895
259796,Playing,3079168,8727,0,0,0,0,5,3493,0,895,0,895
260046,Playing,3016704,8550,0,0,0,0,5,3494,174,895,174,895
260296,Playing,3064832,8687,0,0,0,0,5,3499,0,895,0,895
260546,Playing,3057664,8666,0,0,0,0,5,3502,0,895,1,895
260796,Playing,3058688,8669,0,0,0,0,5,3505,172,895,172,895
261048,Playing,3051520,8649,0,0,0,0,5,3508,2,895,2,895
261300,Playing,3044352,8629,0,0,0,0,5,3511,0,895,0,895
261551,Playing,3064832,8687,0,0,0,0,5,3515,0,895,0,895
261802,Playing,3065856,8690,0,0,0,0,5,3521,0,895,0,895
262052,Playing,3003392,8513,0,0,0,0,5,3522,176,895,176,895
262302,Playing,3023872,8571,0,0,0,0,5,3526,0,895,0,895
262551,Playing,3044352,8629,0,0,0,0,5,3530,0,895,0,895
262800,Playing,3017728,8553,0,0,0,0,5,3532,106,895,106,895
263097,Playing,3049472,8643,0,0,0,0,5,3537,0,895,0,895
263300,Playing,3011584,8536,0,0,0,0,5,3538,185,895,185,895
263552,Playing,3032064,8594,0,0,0,0,5,3542,109,895,110,895
263802,Playing,3052544,8652,0,0,0,0,5,3546,0,895,0,895
264055,Playing,3073024,8710,0,0,0,0,5,3550,0,895,0,895
264306,Playing,3010560,8533,0,0,0,0,5,3551,176,895,176,895
264556,Playing,3011584,8536,0,0,0,0,5,3557,0,895,0,895
264806,Playing,3004416,8515,0,0,0,0,5,3560,2,895,2,895
265058,Playing,3024896,8573,0,0,0,0,5,3564,95,895,95,895
265306,Playing,2998272,8498,0,0,0,0,5,3566,0,895,0,895
265555,Playing,2991104,8478,0,0,0,0,5,3569,172,895,172,895
265804,Playing,3011584,8536,0,0,0,0,5,3573,0,895,0,895
266056,Playing,3032064,8594,0,0,0,0,5,3577,0,895,0,895
266308,Playing,2977792,8440,0,0,0,0,5,3578,173,895,174,895
266554,Playing,3025920,8576,0,0,0,0,5,3583,1,895,1,895
266804,Playing,3026944,8579,0,0,0,0,5,3586,1,895,1,895
267052,Playing,3019776,8559,0,0,0,0,5,3589,95,895,95,895
267301,Playing,2984960,8460,0,0,0,0,5,3591,0,895,0,895
267551,Playing,2977792,8440,0,0,0,0,5,3597,0,895,0,895
267797,Playing,2978816,8443,0,0,0,0,5,3600,175,895,176,895
268051,Playing,2944000,8344,0,0,0,0,5,3602,14,895,15,895
268301,Playing,2964480,8402,0,0,0,0,5,3606,95,895,95,895
268550,Playing,2965504,8405,0,0,0,0,5,3609,0,895,0,895
268800,Playing,2985984,8463,0,0,0,0,5,3613,0,895,0,895
269050,Playing,2978816,8443,0,0,0,0,5,3616,93,895,93,895
269300,Playing,2971648,8423,0,0,0,0,5,3619,0,895,0,895
269551,Playing,2972672,8425,0,0,0,0,5,3622,0,895,0,895
269799,Playing,2993152,8483,0,0,0,0,5,3626,0,895,0,895
270046,Playing,2994176,8486,0,0,0,0,5,3629,175,895,175,895
270297,Playing,2922496,8283,0,0,0,0,5,3633,0,895,0,895
270550,Playing,2942976,8341,0,0,0,0,5,3637,96,895,96,895
270800,Playing,2963456,8399,0,0,0,0,5,3641,13,895,13,895
271048,Playing,2881536,8167,0,0,0,0,5,3641,13,895,13,895
271297,Playing,2929664,8304,0,0,0,0,5,3646,0,895,0,895
271550,Playing,2950144,8362,0,0,0,0,5,3650,12,895,12,895
271802,Playing,2942976,8341,0,0,0,0,5,3653,0,895,0,895
272054,Playing,2971648,8423,0,0,0,0,5,3657,0,895,0,895
272304,Playing,2909184,8245,0,0,0,0,5,3658,94,895,94,895
272558,Playing,2929664,8304,0,0,0,0,5,3662,0,895,0,895
272809,Playing,2950144,8362,0,0,0,0,5,3666,0,895,0,895
273059,Playing,2933760,8315,0,0,0,0,5,3672,0,895,0,895
273308,Playing,2934784,8318,0,0,0,0,5,3675,0,895,0,895
273558,Playing,2872320,8141,0,0,0,0,5,3676,175,895,175,895
273808,Playing,2892800,8199,0,0,0,0,5,3680,0,895,0,895
274056,Playing,2893824,8202,0,0,0,0,5,3683,90,895,90,895
274309,Playing,2886656,8182,0,0,0,0,5,3686,175,895,175,895
274559,Playing,2879488,8161,0,0,0,0,5,3689,94,895,95,895
274806,Playing,2908160,8243,0,0,0,0,5,3693,96,895,96,895
275056,Playing,2928640,8301,0,0,0,0,5,3697,0,895,0,895
275306,Playing,2921472,8280,0,0,0,0,5,3700,13,895,13,895
275558,Playing,2914304,8260,0,0,0,0,5,3703,95,895,95,895
275805,Playing,2896896,8211,0,0,0,0,5,3708,0,895,13,895
276054,Playing,2871296,8138,0,0,0,0,5,3711,0,895,0,895
276305,Playing,2891776,8196,0,0,0,0,5,3715,0,895,0,895
276554,Playing,2892800,8199,0,0,0,0,5,3718,95,895,95,895
276805,Playing,2857984,8100,0,0,0,0,5,3720,0,895,0,895
277051,Playing,2850816,8080,0,0,0,0,5,3723,95,895,95,895
277300,Playing,2907136,8240,0,0,0,0,5,3728,0,895,0,895
277549,Playing,2899968,8219,0,0,0,0,5,3731,0,895,0,895
277799,Playing,2920448,8277,0,0,0,0,5,3735,16,895,16,895
278050,Playing,2866176,8124,0,0,0,0,5,3736,175,895,175,895
278301,Playing,2886656,8182,0,0,0,0,5,3740,177,895,177,895
278551,Playing,2879488,8161,0,0,0,0,5,3743,175,895,175,895
278802,Playing,2872320,8141,0,0,0,0,5,3749,0,895,0,895
279055,Playing,2845696,8066,0,0,0,0,5,3751,0,895,0,895
279305,Playing,2866176,8124,0,0,0,0,5,3755,0,895,0,895
279554,Playing,2886656,8182,0,0,0,0,5,3759,0,895,0,895
279804,Playing,2887680,8185,0,0,0,0,5,3762,0,895,0,895
280050,Playing,2852864,8086,0,0,0,0,5,3764,0,895,0,895
280302,Playing,2845696,8066,0,0,0,0,5,3767,0,895,0,895
280555,Playing,2866176,8124,0,0,0,0,5,3771,0,895,0,895
280804,Playing,2894848,8205,0,0,0,0,5,3775,0,895,0,895
281056,Playing,2832384,8028,0,0,0,0,5,3776,94,895,95,895
281308,Playing,2852864,8086,0,0,0,0,5,3780,0,895,0,895
281556,Playing,2845696,8066,0,0,0,0,5,3786,3,895,3,895
281805,Playing,2846720,8068,0,0,0,0,5,3789,0,895,0,895
282055,Playing,2811904,7970,0,0,0,0,5,3791,0,895,0,895
282304,Playing,2832384,8028,0,0,0,0,5,3795,0,895,0,895
282568,Playing,2825216,8007,0,0,0,0,5,3798,154,895,155,895
282759,Playing,2842624,8057,0,0,0,0,5,3801,0,895,0,895
283019,Playing,2835456,8037,0,0,0,0,5,3804,2,895,2,895
283277,Playing,2828288,8016,0,0,0,0,5,3807,171,895,172,895
283525,Playing,2848768,8074,0,0,0,0,5,3811,0,895,0,895
283780,Playing,2869248,8132,0,0,0,0,5,3815,0,895,0,895
284030,Playing,2806784,7955,0,0,0,0,5,3816,92,895,92,895
284277,Playing,2807808,7958,0,0,0,0,5,3822,1,895,15,895
284526,Playing,2828288,8016,0,0,0,0,5,3826,0,895,0,895
284776,Playing,2765824,7839,0,0,0,0,5,3827,96,895,96,895
285027,Playing,2794496,7920,0,0,0,0,5,3831,0,895,0,895
285283,Playing,2787328,7900,0,0,0,0,5,3834,87,895,87,895
285531,Playing,2807808,7958,0,0,0,0,5,3838,176,895,177,895
285796,Playing,2828288,8016,0,0,0,0,5,3842,0,895,0,895
286040,Playing,2848768,8074,0,0,0,0,5,3846,0,895,0,895
286288,Playing,2794496,7920,0,0,0,0,5,3847,95,895,95,895
286537,Playing,2814976,7978,0,0,0,0,5,3851,0,895,0,895
286789,Playing,2807808,7958,0,0,0,0,5,3854,169,895,169,895
287038,Playing,2791424,7912,0,0,0,0,5,3859,0,895,16,895
287287,Playing,2774016,7862,0,0,0,0,5,3862,0,895,0,895
287537,Playing,2794496,7920,0,0,0,0,5,3866,0,895,0,895
287788,Playing,2787328,7900,0,0,0,0,5,3869,175,895,175,895
288038,Playing,2816000,7981,0,0,0,0,5,3873,0,895,0,895
288287,Playing,2753536,7804,0,0,0,0,5,3874,89,895,89,895
288533,Playing,2809856,7964,0,0,0,0,5,3879,0,895,0,895
288781,Playing,2802688,7944,0,0,0,0,5,3882,0,895,0,895
289030,Playing,2795520,7923,0,0,0,0,5,3885,173,895,173,895
289279,Playing,2796544,7926,0,0,0,0,5,3888,0,895,0,895
289529,Playing,2789376,7906,0,0,0,0,5,3891,0,895,0,895
289778,Playing,2800640,7938,0,0,0,0,5,3897,0,895,11,895
290030,Playing,2802688,7944,0,0,0,0,5,3901,0,895,0,895
290280,Playing,2748416,7790,0,0,0,0,5,3902,183,895,183,895
290529,Playing,2768896,7848,0,0,0,0,5,3906,0,895,0,895
290777,Playing,2797568,7929,0,0,0,0,5,3910,0,895,0,895
291033,Playing,2790400,7909,0,0,0,0,5,3913,95,895,95,895
291279,Playing,2755584,7810,0,0,0,0,5,3915,0,895,0,895
291534,Playing,2748416,7790,0,0,0,0,5,3918,174,895,174,895
291779,Playing,2777088,7871,0,0,0,0,5,3922,177,895,177,895
292028,Playing,2797568,7929,0,0,0,0,5,3926,7,895,7,895
292280,Playing,2790400,7909,0,0,0,0,5,3929,83,895,83,895
292534,Playing,2755584,7810,0,0,0,0,5,3931,0,895,0,895
292783,Playing,2748416,7790,0,0,0,0,5,3937,0,895,0,895
293038,Playing,2741248,7769,0,0,0,0,5,3940,0,895,0,895
293285,Playing,2742272,7772,0,0,0,0,5,3943,0,895,0,895
293538,Playing,2735104,7752,0,0,0,0,5,3946,0,895,0,895
293788,Playing,2755584,7810,0,0,0,0,5,3950,0,895,0,895
294038,Playing,2784256,7891,0,0,0,0,5,3954,0,895,0,895
294288,Playing,2777088,7871,0,0,0,0,5,3957,0,895,0,895
294538,Playing,2714624,7694,0,0,0,0,5,3958,174,895,174,895
294787,Playing,2762752,7830,0,0,0,0,5,3963,0,895,0,895
295034,Playing,2763776,7833,0,0,0,0,5,3966,0,895,0,895
295284,Playing,2756608,7813,0,0,0,0,5,3969,98,895,98,895
295533,Playing,2712576,7688,0,0,0,0,5,3974,0,895,0,895
295783,Playing,2713600,7691,0,0,0,0,5,3977,175,895,175,895
296033,Playing,2706432,7671,0,0,0,0,5,3980,178,895,178,895
296281,Playing,2754560,7807,0,0,0,0,5,3985,0,895,0,895
296531,Playing,2672640,7575,0,0,0,0,5,3985,0,895,0,895
296783,Playing,2720768,7711,0,0,0,0,5,3990,0,895,0,895
297034,Playing,2741248,7769,0,0,0,0,5,3994,0,895,0,895
297284,Playing,2706432,7671,0,0,0,0,5,3996,0,895,0,895
297534,Playing,2707456,7674,0,0,0,0,5,3999,0,895,0,895
297785,Playing,2700288,7653,0,0,0,0,5,4002,95,895,95,895
298034,Playing,2693120,7633,0,0,0,0,5,4005,94,895,95,895
298283,Playing,2685952,7613,0,0,0,0,5,4008,0,895,0,895
298534,Playing,2650112,7511,0,0,0,0,5,4013,0,895,0,895
298784,Playing,2670592,7569,0,0,0,0,5,4017,95,895,95,895
299031,Playing,2663424,7549,0,0,0,0,5,4020,95,895,95,895
299280,Playing,2636800,7473,0,0,0,0,5,4022,0,895,0,895
299530,Playing,2657280,7531,0,0,0,0,5,4026,0,895,0,895
299781,Playing,2677760,7590,0,0,0,0,5,4030,0,895,0,895
300029,Playing,2670592,7569,0,0,0,0,5,4033,95,895,95,895
300276,Playing,2671616,7572,0,0,0,0,5,4036,0,895,0,895
300526,Playing,2664448,7552,0,0,0,0,5,4039,0,895,0,895
300775,Playing,2657280,7531,0,0,0,0,5,4042,95,895,95,895
301023,Playing,2685952,7613,0,0,0,0,5,4046,0,895,0,895
301271,Playing,2605056,7383,0,0,0,0,5,4049,0,895,14,895
301520,Playing,2642944,7491,0,0,0,0,5,4054,0,895,0,895
301772,Playing,2663424,7549,0,0,0,0,5,4058,0,895,0,895
302023,Playing,2628608,7450,0,0,0,0,5,4060,95,895,95,895
302275,Playing,2621440,7430,0,0,0,0,5,4063,176,895,176,895
302522,Playing,2614272,7410,0,0,0,0,5,4066,0,895,0,895
302772,Playing,2642944,7491,0,0,0,0,5,4070,0,895,0,895
303022,Playing,2635776,7471,0,0,0,0,5,4073,95,895,95,895
303272,Playing,2683904,7607,0,0,0,0,5,4078,0,895,0,895
303526,Playing,2621440,7430,0,0,0,0,5,4079,95,895,95,895
303774,Playing,2622464,7433,0,0,0,0,5,4082,0,895,0,895
304022,Playing,2615296,7412,0,0,0,0,5,4088,0,895,0,895
304273,Playing,2635776,7471,0,0,0,0,5,4092,0,895,0,895
304522,Playing,2600960,7372,0,0,0,0,5,4094,0,895,0,895
304774,Playing,2601984,7375,0,0,0,0,5,4097,0,895,0,895
305025,Playing,2622464,7433,0,0,0,0,5,4101,0,895,0,895
305276,Playing,2615296,7412,0,0,0,0,5,4104,0,895,0,895
305525,Playing,2635776,7471,0,0,0,0,5,4108,1,895,1,895
305774,Playing,2581504,7317,0,0,0,0,5,4109,93,895,93,895
306008,Playing,2610176,7398,0,0,0,0,5,4113,119,895,119,895
306255,Playing,2630656,7456,0,0,0,0,5,4117,3,895,3,895
306506,Playing,2595840,7357,0,0,0,0,5,4119,0,895,0,895
306756,Playing,2588672,7337,0,0,0,0,5,4122,0,895,0,895
307005,Playing,2589696,7340,0,0,0,0,5,4128,0,895,0,895
307255,Playing,2582528,7320,0,0,0,0,5,4131,95,895,95,895
307502,Playing,2603008,7378,0,0,0,0,5,4135,0,895,0,895
307812,Playing,2607104,7389,0,0,0,0,5,4139,23,895,24,895
308000,Playing,2569216,7282,0,0,0,0,5,4140,176,895,176,895
308250,Playing,2589696,7340,0,0,0,0,5,4144,0,895,0,895
308562,Playing,2566144,7273,0,0,0,0,5,4147,93,895,93,895
308750,Playing,2583552,7322,0,0,0,0,5,4150,0,895,0,895
309060,Playing,2607104,7389,0,0,0,0,5,4155,0,895,0,895
309312,Playing,2580480,7314,0,0,0,0,5,4157,0,895,0,895
309559,Playing,2573312,7293,0,0,0,0,5,4163,0,895,12,895
309750,Playing,2590720,7343,0,0,0,0,5,4166,0,895,0,895
310058,Playing,2567168,7276,0,0,0,0,5,4169,78,895,78,895
310310,Playing,2560000,7256,0,0,0,0,5,4172,0,895,0,895
310558,Playing,2552832,7235,0,0,0,0,5,4175,0,895,0,895
310807,Playing,2545664,7215,0,0,0,0,5,4178,97,895,97,895
311057,Playing,2601984,7375,0,0,0,0,5,4183,0,895,0,895
311308,Playing,2539520,7198,0,0,0,0,5,4184,98,895,99,895
311554,Playing,2560000,7256,0,0,0,0,5,4188,0,895,0,895
311804,Playing,2561024,7259,0,0,0,0,5,4191,0,895,0,895
312053,Playing,2581504,7317,0,0,0,0,5,4195,0,895,0,895
312304,Playing,2546688,7218,0,0,0,0,5,4197,0,895,0,895
312554,Playing,2539520,7198,0,0,0,0,5,4203,0,895,0,895
312804,Playing,2540544,7201,0,0,0,0,5,4206,0,895,0,895
313052,Playing,2533376,7180,0,0,0,0,5,4209,0,895,0,895
313304,Playing,2553856,7238,0,0,0,0,5,4213,14,895,14,895
313556,Playing,2491392,7061,0,0,0,0,5,4214,176,895,177,895
313806,Playing,2547712,7221,0,0,0,0,5,4219,1,895,1,895
314085,Playing,2560000,7256,0,0,0,0,5,4223,0,895,0,895
314278,Playing,2569216,7282,0,0,0,0,5,4226,1,895,1,895
314526,Playing,2542592,7206,0,0,0,0,5,4228,0,895,0,895
314774,Playing,2535424,7186,0,0,0,0,5,4231,0,895,0,895
315024,Playing,2528256,7166,0,0,0,0,5,4234,92,895,92,895
315274,Playing,2548736,7224,0,0,0,0,5,4241,12,895,12,895
315523,Playing,2549760,7227,0,0,0,0,5,4244,0,895,0,895
315775,Playing,2514944,7128,0,0,0,0,5,4246,0,895,0,895
316021,Playing,2507776,7108,0,0,0,0,5,4249,174,895,174,895
316272,Playing,2528256,7166,0,0,0,0,5,4253,0,895,0,895
316522,Playing,2501632,7090,0,0,0,0,5,4255,9,895,9,895
316772,Playing,2522112,7148,0,0,0,0,5,4259,15,895,15,895
317022,Playing,2514944,7128,0,0,0,0,5,4262,0,895,0,895
317270,Playing,2543616,7209,0,0,0,0,5,4266,16,895,16,895
317520,Playing,2536448,7189,0,0,0,0,5,4269,0,895,0,895
317770,Playing,2556928,7247,0,0,0,0,5,4273,13,895,13,895
318036,Playing,2485248,7044,0,0,0,0,5,4276,0,895,13,895
318286,Playing,2514944,7128,0,0,0,0,5,4281,0,895,0,895
318533,Playing,2507776,7108,0,0,0,0,5,4284,0,895,0,895
318783,Playing,2508800,7111,0,0,0,0,5,4287,95,895,95,895
319035,Playing,2473984,7012,0,0,0,0,5,4289,0,895,0,895
319284,Playing,2466816,6992,0,0,0,0,5,4292,173,895,174,895
319533,Playing,2487296,7050,0,0,0,0,5,4296,95,895,95,895
319784,Playing,2543616,7209,0,0,0,0,5,4301,0,895,0,895
320034,Playing,2481152,7032,0,0,0,0,5,4302,176,895,177,895
320285,Playing,2501632,7090,0,0,0,0,5,4306,0,895,0,895
320530,Playing,2530304,7172,0,0,0,0,5,4310,0,895,0,895
320779,Playing,2477056,7021,0,0,0,0,5,4314,0,895,14,895
321031,Playing,2451456,6948,0,0,0,0,5,4317,0,895,0,895
321284,Playing,2444288,6928,0,0,0,0,5,4320,180,895,180,895
321538,Playing,2464768,6986,0,0,0,0,5,4324,165,895,165,895
321789,Playing,2493440,7067,0,0,0,0,5,4328,0,895,0,895
322039,Playing,2486272,7047,0,0,0,0,5,4331,0,895,0,895
322276,Playing,2459648,6971,0,0,0,0,5,4333,178,895,178,895
322524,Playing,2480128,7029,0,0,0,0,5,4337,0,895,0,895
322775,Playing,2472960,7009,0,0,0,0,5,4340,95,895,95,895
323026,Playing,2473984,7012,0,0,0,0,5,4343,0,895,0,895
323275,Playing,2466816,6992,0,0,0,0,5,4346,0,895,0,895
323524,Playing,2459648,6971,0,0,0,0,5,4349,93,895,93,895
323775,Playing,2451456,6948,0,0,0,0,5,4355,91,895,91,895
324037,Playing,2408448,6826,0,0,0,0,5,4357,0,895,0,895
324287,Playing,2409472,6829,0,0,0,0,5,4360,96,895,96,895
324538,Playing,2429952,6887,0,0,0,0,5,4364,0,895,0,895
324791,Playing,2450432,6945,0,0,0,0,5,4368,0,895,0,895
325042,Playing,2415616,6846,0,0,0,0,5,4370,4,895,4,895
325293,Playing,2444288,6928,0,0,0,0,5,4374,2,895,2,895
325545,Playing,2409472,6829,0,0,0,0,5,4376,95,895,96,895
325796,Playing,2402304,6809,0,0,0,0,5,4379,0,895,0,895
326050,Playing,2395136,6788,0,0,0,0,5,4382,0,895,0,895
326301,Playing,2415616,6846,0,0,0,0,5,4386,0,895,0,895
326554,Playing,2407424,6823,0,0,0,0,5,4392,0,895,0,895
326804,Playing,2427904,6881,0,0,0,0,5,4396,15,895,15,895
327054,Playing,2420736,6861,0,0,0,0,5,4399,0,895,0,895
327303,Playing,2413568,6841,0,0,0,0,5,4402,1,895,1,895
327549,Playing,2386944,6765,0,0,0,0,5,4404,0,895,0,895
327805,Playing,2379776,6745,0,0,0,0,5,4407,94,895,94,895
328053,Playing,2400256,6803,0,0,0,0,5,4411,93,895,93,895
328303,Playing,2365440,6704,0,0,0,0,5,4413,0,895,0,895
328501,Playing,2410496,6832,0,0,0,0,5,4417,94,895,94,895
328805,Playing,2414592,6844,0,0,0,0,5,4421,0,895,0,895
329055,Playing,2352128,6667,0,0,0,0,5,4422,176,895,176,895
329305,Playing,2344960,6646,0,0,0,0,5,4428,0,895,13,895
329554,Playing,2373632,6727,0,0,0,0,5,4432,0,895,0,895
329806,Playing,2366464,6707,0,0,0,0,5,4435,0,895,0,895
330058,Playing,2386944,6765,0,0,0,0,5,4439,0,895,0,895
330306,Playing,2332672,6611,0,0,0,0,5,4440,174,895,175,895
330555,Playing,2353152,6669,0,0,0,0,5,4444,0,895,0,895
330806,Playing,2345984,6649,0,0,0,0,5,4447,93,895,93,895
331087,Playing,2385920,6762,0,0,0,0,5,4452,0,895,0,895
331274,Playing,2403328,6812,0,0,0,0,5,4455,0,895,0,895
331524,Playing,2368512,6713,0,0,0,0,5,4457,0,895,0,895
331772,Playing,2369536,6716,0,0,0,0,5,4460,95,895,95,895
332022,Playing,2362368,6696,0,0,0,0,5,4466,0,895,12,895
332273,Playing,2355200,6675,0,0,0,0,5,4469,96,895,96,895
332522,Playing,2320384,6577,0,0,0,0,5,4471,0,895,0,895
332772,Playing,2349056,6658,0,0,0,0,5,4475,178,895,178,895
333021,Playing,2369536,6716,0,0,0,0,5,4479,0,895,0,895
333271,Playing,2362368,6696,0,0,0,0,5,4482,99,895,100,895
333518,Playing,2363392,6698,0,0,0,0,5,4485,1,895,1,895
333766,Playing,2356224,6678,0,0,0,0,5,4488,1,895,1,895
334016,Playing,2357248,6681,0,0,0,0,5,4491,4,895,4,895
334266,Playing,2350080,6661,0,0,0,0,5,4494,0,895,0,895
334518,Playing,2342912,6640,0,0,0,0,5,4497,0,895,0,895
334766,Playing,2335744,6620,0,0,0,0,5,4500,96,895,96,895
335014,Playing,2336768,6623,0,0,0,0,5,4506,1,895,1,895
335262,Playing,2357248,6681,0,0,0,0,5,4510,0,895,0,895
335511,Playing,2294784,6504,0,0,0,0,5,4511,179,895,179,895
335762,Playing,2351104,6664,0,0,0,0,5,4516,0,895,0,895
336012,Playing,2343936,6643,0,0,0,0,5,4519,0,895,0,895
336262,Playing,2336768,6623,0,0,0,0,5,4522,93,895,93,895
336509,Playing,2310144,6548,0,0,0,0,5,4524,0,895,0,895
336758,Playing,2330624,6606,0,0,0,0,5,4528,177,895,177,895
337010,Playing,2323456,6585,0,0,0,0,5,4531,175,895,175,895
337291,Playing,2335744,6620,0,0,0,0,5,4535,0,895,0,895
337541,Playing,2355200,6675,0,0,0,0,5,4541,0,895,12,895
337792,Playing,2301952,6524,0,0,0,0,5,4543,13,895,13,895
338041,Playing,2294784,6504,0,0,0,0,5,4546,0,895,0,895
338292,Playing,2315264,6562,0,0,0,0,5,4550,0,895,0,895
338545,Playing,2335744,6620,0,0,0,0,5,4554,0,895,0,895
338800,Playing,2281472,6466,0,0,0,0,5,4555,95,895,95,895
339050,Playing,2274304,6446,0,0,0,0,5,4558,0,895,0,895
339327,Playing,2314240,6559,0,0,0,0,5,4563,0,895,0,895
339506,Playing,2276352,6452,0,0,0,0,5,4564,174,895,174,895
339759,Playing,2305024,6533,0,0,0,0,5,4568,0,895,0,895
340009,Playing,2325504,6591,0,0,0,0,5,4572,0,895,0,895
340275,Playing,2310144,6548,0,0,0,0,5,4575,2,895,2,895
340525,Playing,2274304,6446,0,0,0,0,5,4579,0,895,12,895
340775,Playing,2276352,6452,0,0,0,0,5,4583,0,895,0,895
341028,Playing,2269184,6431,0,0,0,0,5,4586,99,895,99,895
341279,Playing,2297856,6513,0,0,0,0,5,4590,0,895,0,895
341529,Playing,2318336,6571,0,0,0,0,5,4594,0,895,0,895
341778,Playing,2255872,6394,0,0,0,0,5,4595,93,895,93,895
342028,Playing,2276352,6452,0,0,0,0,5,4599,14,895,15,895
342280,Playing,2296832,6510,0,0,0,0,5,4603,0,895,0,895
342531,Playing,2297856,6513,0,0,0,0,5,4606,0,895,0,895
342780,Playing,2263040,6414,0,0,0,0,5,4608,0,895,0,895
343029,Playing,2283520,6472,0,0,0,0,5,4612,14,895,14,895
343279,Playing,2275328,6449,0,0,0,0,5,4617,0,895,14,895
343529,Playing,2277376,6455,0,0,0,0,5,4621,0,895,0,895
343783,Playing,2297856,6513,0,0,0,0,5,4625,0,895,0,895
344033,Playing,2235392,6336,0,0,0,0,5,4626,174,895,174,895
344283,Playing,2264064,6417,0,0,0,0,5,4630,0,895,0,895
344533,Playing,2256896,6397,0,0,0,0,5,4633,96,895,96,895
344784,Playing,2277376,6455,0,0,0,0,5,4637,0,895,0,895
345037,Playing,2242560,6356,0,0,0,0,5,4639,0,895,0,895
345288,Playing,2243584,6359,0,0,0,0,5,4642,2,895,2,895
345538,Playing,2264064,6417,0,0,0,0,5,4646,90,895,90,895
345787,Playing,2229248,6318,0,0,0,0,5,4648,0,895,0,895
346036,Playing,2257920,6400,0,0,0,0,5,4652,1,895,1,895
346284,Playing,2241536,6353,0,0,0,0,5,4658,0,895,0,895
346533,Playing,2234368,6333,0,0,0,0,5,4661,0,895,0,895
346784,Playing,2171904,6156,0,0,0,0,5,4662,174,895,174,895
347034,Playing,2228224,6315,0,0,0,0,5,4667,0,895,0,895
347286,Playing,2221056,6295,0,0,0,0,5,4670,0,895,0,895
347537,Playing,2213888,6275,0,0,0,0,5,4673,94,895,94,895
347788,Playing,2179072,6176,0,0,0,0,5,4675,0,895,0,895
348038,Playing,2207744,6257,0,0,0,0,5,4679,93,895,93,895
348288,Playing,2228224,6315,0,0,0,0,5,4683,0,895,0,895
348541,Playing,2248704,6373,0,0,0,0,5,4687,0,895,0,895
348791,Playing,2249728,6376,0,0,0,0,5,4690,13,895,13,895
349038,Playing,2205696,6251,0,0,0,0,5,4695,95,895,95,895
349291,Playing,2170880,6153,0,0,0,0,5,4697,0,895,0,895
349541,Playing,2191360,6211,0,0,0,0,5,4701,175,895,175,895
349792,Playing,2220032,6292,0,0,0,0,5,4705,0,895,0,895
350043,Playing,2240512,6350,0,0,0,0,5,4709,7,895,7,895
350295,Playing,2178048,6173,0,0,0,0,5,4710,174,895,174,895
350545,Playing,2198528,6231,0,0,0,0,5,4714,0,895,0,895
350795,Playing,2199552,6234,0,0,0,0,5,4717,95,895,95,895
351046,Playing,2220032,6292,0,0,0,0,5,4721,1,895,1,895
351295,Playing,2240512,6350,0,0,0,0,5,4725,0,895,0,895
351545,Playing,2178048,6173,0,0,0,0,5,4726,175,895,175,895
351797,Playing,2169856,6150,0,0,0,0,5,4732,0,895,0,895
352050,Playing,2190336,6208,0,0,0,0,5,4736,0,895,0,895
352300,Playing,2183168,6188,0,0,0,0,5,4739,95,895,95,895
352551,Playing,2148352,6089,0,0,0,0,5,4741,0,895,0,895
352805,Playing,2141184,6069,0,0,0,0,5,4744,2,895,2,895
353056,Playing,2169856,6150,0,0,0,0,5,4748,177,895,177,895
353303,Playing,2162688,6130,0,0,0,0,5,4751,14,895,14,895
353552,Playing,2155520,6109,0,0,0,0,5,4754,0,895,0,895
353800,Playing,2156544,6112,0,0,0,0,5,4757,14,895,14,895
354051,Playing,2177024,6170,0,0,0,0,5,4761,0,895,0,895
354303,Playing,2142208,6072,0,0,0,0,5,4763,0,895,0,895
354553,Playing,2135040,6051,0,0,0,0,5,4766,95,895,95,895
354803,Playing,2136064,6054,0,0,0,0,5,4772,0,895,0,895
355053,Playing,2156544,6112,0,0,0,0,5,4776,0,895,0,895
355300,Playing,2121728,6013,0,0,0,0,5,4778,0,895,0,895
355553,Playing,2122752,6016,0,0,0,0,5,4781,0,895,0,895
355800,Playing,2115584,5996,0,0,0,0,5,4784,96,895,96,895
356050,Playing,2136064,6054,0,0,0,0,5,4788,90,895,90,895
356301,Playing,2109440,5979,0,0,0,0,5,4790,1,895,1,895
356551,Playing,2102272,5958,0,0,0,0,5,4793,93,895,93,895
356799,Playing,2122752,6016,0,0,0,0,5,4797,94,895,94,895
357051,Playing,2143232,6074,0,0,0,0,5,4801,0,895,0,895
357303,Playing,2144256,6077,0,0,0,0,5,4804,175,895,175,895
357556,Playing,2109440,5979,0,0,0,0,5,4809,0,895,0,895
357807,Playing,2102272,5958,0,0,0,0,5,4812,0,895,0,895
358058,Playing,2122752,6016,0,0,0,0,5,4816,0,895,0,895
358312,Playing,2115584,5996,0,0,0,0,5,4819,97,895,97,895
358562,Playing,2061312,5842,0,0,0,0,5,4820,171,895,171,895
358753,Playing,2125824,6025,0,0,0,0,5,4825,0,895,0,895
359004,Playing,2126848,6028,0,0,0,0,5,4828,0,895,0,895
359254,Playing,2147328,6086,0,0,0,0,5,4832,0,895,0,895
359503,Playing,2112512,5987,0,0,0,0,5,4834,0,895,0,895
359750,Playing,2141184,6069,0,0,0,0,5,4838,0,895,0,895
360062,Playing,2081792,5900,0,0,0,0,5,4840,84,895,84,895
360251,Playing,2099200,5950,0,0,0,0,5,4846,96,895,96,895
360500,Playing,2064384,5851,0,0,0,0,5,4848,0,895,0,895
360812,Playing,2040832,5784,0,0,0,0,5,4851,0,895,0,895
361062,Playing,2061312,5842,0,0,0,0,5,4855,94,895,94,895
361311,Playing,2089984,5923,0,0,0,0,5,4859,0,895,0,895
361561,Playing,2082816,5903,0,0,0,0,5,4862,175,895,175,895
361811,Playing,2075648,5883,0,0,0,0,5,4865,0,895,0,895
362062,Playing,2068480,5863,0,0,0,0,5,4868,13,895,13,895
362313,Playing,2097152,5944,0,0,0,0,5,4872,1,895,1,895
362503,Playing,2078720,5892,0,0,0,0,5,4874,0,895,0,895
362757,Playing,2079744,5894,0,0,0,0,5,4877,0,895,0,895
363009,Playing,2072576,5874,0,0,0,0,5,4883,0,895,0,895
363258,Playing,2093056,5932,0,0,0,0,5,4887,0,895,0,895
363508,Playing,2085888,5912,0,0,0,0,5,4890,0,895,0,895
363760,Playing,2059264,5836,0,0,0,0,5,4892,0,895,0,895
364014,Playing,2079744,5894,0,0,0,0,5,4896,0,895,0,895
364262,Playing,2072576,5874,0,0,0,0,5,4899,5,895,5,895
364512,Playing,2037760,5775,0,0,0,0,5,4901,0,895,0,895
364762,Playing,2038784,5778,0,0,0,0,5,4904,0,895,0,895
365017,Playing,2059264,5836,0,0,0,0,5,4908,93,895,93,895
365276,Playing,2079744,5894,0,0,0,0,5,4912,0,895,0,895
365529,Playing,2072576,5874,0,0,0,0,5,4915,0,895,0,895
365782,Playing,2056192,5828,0,0,0,0,5,4920,0,895,13,895
366032,Playing,2030592,5755,0,0,0,0,5,4923,0,895,0,895
366283,Playing,2023424,5735,0,0,0,0,5,4926,0,895,0,895
366530,Playing,2052096,5816,0,0,0,0,5,4930,0,895,0,895
366779,Playing,2017280,5717,0,0,0,0,5,4932,0,895,0,895
367030,Playing,2010112,5697,0,0,0,0,5,4935,94,895,94,895
367279,Playing,2038784,5778,0,0,0,0,5,4939,1,895,1,895
367528,Playing,2059264,5836,0,0,0,0,5,4943,0,895,0,895
367778,Playing,2052096,5816,0,0,0,0,5,4946,0,895,1,895
368028,Playing,2025472,5741,0,0,0,0,5,4948,0,895,0,895
368278,Playing,2045952,5799,0,0,0,0,5,4952,0,895,0,895
368529,Playing,2038784,5778,0,0,0,0,5,4955,95,895,95,895
368778,Playing,2031616,5758,0,0,0,0,5,4961,0,895,0,895
369028,Playing,2032640,5761,0,0,0,0,5,4964,92,895,92,895
369278,Playing,1997824,5662,0,0,0,0,5,4966,0,895,0,895
369525,Playing,2018304,5720,0,0,0,0,5,4970,0,895,0,895
369776,Playing,2019328,5723,0,0,0,0,5,4973,0,895,0,895
370026,Playing,2039808,5781,0,0,0,0,5,4977,1,895,1,895
370276,Playing,1977344,5604,0,0,0,0,5,4978,174,895,174,895
370557,Playing,2017280,5717,0,0,0,0,5,4983,13,895,14,895
370808,Playing,2010112,5697,0,0,0,0,5,4986,0,895,0,895
371059,Playing,2038784,5778,0,0,0,0,5,4990,0,895,0,895
371250,Playing,1992704,5648,0,0,0,0,5,4991,95,895,95,895
371504,Playing,1976320,5601,0,0,0,0,5,4997,0,895,0,895
371751,Playing,2004992,5683,0,0,0,0,5,5001,0,895,0,895
372000,Playing,2025472,5741,0,0,0,0,5,5005,0,895,0,895
372312,Playing,2001920,5674,0,0,0,0,5,5008,0,895,0,895
372562,Playing,1967104,5575,0,0,0,0,5,5010,0,895,0,895
372750,Playing,1984512,5625,0,0,0,0,5,5013,3,895,3,895
373003,Playing,2004992,5683,0,0,0,0,5,5017,94,895,94,895
373253,Playing,1970176,5584,0,0,0,0,5,5019,0,895,0,895
373504,Playing,1971200,5587,0,0,0,0,5,5022,0,895,0,895
373754,Playing,1991680,5645,0,0,0,0,5,5026,172,895,172,895
374004,Playing,1956864,5546,0,0,0,0,5,5028,0,895,0,895
374258,Playing,1957888,5549,0,0,0,0,5,5031,94,895,94,895
374522,Playing,1933312,5479,0,0,0,0,5,5037,0,895,0,895
374772,Playing,1961984,5561,0,0,0,0,5,5041,0,895,0,895
375020,Playing,1954816,5540,0,0,0,0,5,5044,95,895,95,895
375269,Playing,1947648,5520,0,0,0,0,5,5047,0,895,0,895
375520,Playing,1940480,5500,0,0,0,0,5,5050,0,895,0,895
375770,Playing,1941504,5503,0,0,0,0,5,5053,95,895,95,895
376018,Playing,1961984,5561,0,0,0,0,5,5057,0,895,0,895
376270,Playing,1982464,5619,0,0,0,0,5,5061,0,895,0,895
376521,Playing,1928192,5465,0,0,0,0,5,5062,93,895,93,895
376773,Playing,1976320,5601,0,0,0,0,5,5067,0,895,0,895
377025,Playing,1950720,5529,0,0,0,0,5,5072,0,895,12,895
377278,Playing,1925120,5456,0,0,0,0,5,5075,174,895,174,895
377529,Playing,1890304,5358,0,0,0,0,5,5077,0,895,0,895
377780,Playing,1918976,5439,0,0,0,0,5,5081,0,895,0,895
378029,Playing,1939456,5497,0,0,0,0,5,5085,0,895,0,895
378279,Playing,1932288,5477,0,0,0,0,5,5088,0,895,0,895
378532,Playing,1952768,5535,0,0,0,0,5,5092,0,895,0,895
378780,Playing,1926144,5459,0,0,0,0,5,5094,0,895,0,895
379029,Playing,1918976,5439,0,0,0,0,5,5097,0,895,0,895
379278,Playing,1911808,5418,0,0,0,0,5,5100,183,895,183,895
379528,Playing,1912832,5421,0,0,0,0,5,5103,0,895,0,895
379780,Playing,1905664,5401,0,0,0,0,5,5106,14,895,14,895
380030,Playing,1898496,5381,0,0,0,0,5,5112,1,895,1,895
380282,Playing,1918976,5439,0,0,0,0,5,5116,0,895,0,895
380533,Playing,1920000,5442,0,0,0,0,5,5119,14,895,14,895
380784,Playing,1912832,5421,0,0,0,0,5,5122,93,895,93,895
381036,Playing,1878016,5323,0,0,0,0,5,5124,1,895,1,895
381284,Playing,1898496,5381,0,0,0,0,5,5128,0,895,0,895
381534,Playing,1899520,5384,0,0,0,0,5,5131,93,895,93,895
381782,Playing,1892352,5363,0,0,0,0,5,5134,0,895,0,895
382034,Playing,1885184,5343,0,0,0,0,5,5137,94,895,94,895
382283,Playing,1913856,5424,0,0,0,0,5,5141,0,895,0,895
382534,Playing,1906688,5404,0,0,0,0,5,5144,0,895,0,895
382784,Playing,1899520,5384,0,0,0,0,5,5150,0,895,0,895
383034,Playing,1864704,5285,0,0,0,0,5,5152,0,895,0,895
383284,Playing,1893376,5366,0,0,0,0,5,5156,0,895,0,895
383536,Playing,1858560,5268,0,0,0,0,5,5158,98,895,98,895
383786,Playing,1851392,5247,0,0,0,0,5,5161,0,895,0,895
384033,Playing,1871872,5305,0,0,0,0,5,5165,0,895,0,895
384284,Playing,1872896,5308,0,0,0,0,5,5168,176,895,176,895
384533,Playing,1865728,5288,0,0,0,0,5,5171,175,895,175,895
384787,Playing,1858560,5268,0,0,0,0,5,5174,0,895,0,895
385033,Playing,1859584,5270,0,0,0,0,5,5177,93,895,93,895
385283,Playing,1880064,5328,0,0,0,0,5,5181,0,895,0,895
385532,Playing,1845248,5230,0,0,0,0,5,5186,0,895,13,895
385782,Playing,1865728,5288,0,0,0,0,5,5190,0,895,0,895
386033,Playing,1839104,5212,0,0,0,0,5,5192,0,895,0,895
386283,Playing,1831936,5192,0,0,0,0,5,5195,0,895,0,895
386534,Playing,1852416,5250,0,0,0,0,5,5199,95,895,95,895
386783,Playing,1881088,5331,0,0,0,0,5,5203,16,895,16,895
387032,Playing,1873920,5311,0,0,0,0,5,5206,12,895,12,895
387283,Playing,1839104,5212,0,0,0,0,5,5208,0,895,0,895
387537,Playing,1831936,5192,0,0,0,0,5,5211,93,895,93,895
387790,Playing,1852416,5250,0,0,0,0,5,5215,0,895,0,895
388042,Playing,1872896,5308,0,0,0,0,5,5219,95,895,95,895
388295,Playing,1873920,5311,0,0,0,0,5,5225,0,895,0,895
388545,Playing,1811456,5134,0,0,0,0,5,5226,174,895,174,895
388795,Playing,1831936,5192,0,0,0,0,5,5230,0,895,0,895
389044,Playing,1852416,5250,0,0,0,0,5,5234,1,895,1,895
389296,Playing,1853440,5253,0,0,0,0,5,5237,2,895,3,895
389549,Playing,1873920,5311,0,0,0,0,5,5241,0,895,0,895
389797,Playing,1811456,5134,0,0,0,0,5,5242,174,895,174,895
390046,Playing,1831936,5192,0,0,0,0,5,5246,96,895,96,895
390295,Playing,1860608,5273,0,0,0,0,5,5250,0,895,0,895
390544,Playing,1798144,5096,0,0,0,0,5,5251,175,895,175,895
390796,Playing,1846272,5233,0,0,0,0,5,5256,1,895,1,895
391046,Playing,1847296,5236,0,0,0,0,5,5262,0,895,0,895
391296,Playing,1757184,4980,0,0,0,0,5,5262,0,895,0,895
391545,Playing,1805312,5117,0,0,0,0,5,5267,0,895,0,895
391795,Playing,1798144,5096,0,0,0,0,5,5270,2,895,2,895
392047,Playing,1818624,5154,0,0,0,0,5,5274,0,895,0,895
392295,Playing,1764352,5000,0,0,0,0,5,5275,100,895,100,895
392544,Playing,1784832,5059,0,0,0,0,5,5279,4,895,4,895
392792,Playing,1805312,5117,0,0,0,0,5,5283,95,895,95,895
393041,Playing,1806336,5120,0,0,0,0,5,5286,0,895,0,895
393290,Playing,1771520,5021,0,0,0,0,5,5288,0,895,0,895
393541,Playing,1792000,5079,0,0,0,0,5,5292,0,895,0,895
393791,Playing,1793024,5082,0,0,0,0,5,5295,0,895,0,895
394041,Playing,1785856,5061,0,0,0,0,5,5301,0,895,0,895
394291,Playing,1751040,4963,0,0,0,0,5,5303,0,895,0,895
394541,Playing,1752064,4966,0,0,0,0,5,5306,0,895,0,895
394792,Playing,1772544,5024,0,0,0,0,5,5310,95,895,95,895
395046,Playing,1793024,5082,0,0,0,0,5,5314,0,895,0,895
395295,Playing,1785856,5061,0,0,0,0,5,5317,0,895,0,895
395541,Playing,1759232,4986,0,0,0,0,5,5319,1,895,1,895
395788,Playing,1779712,5044,0,0,0,0,5,5323,1,895,1,895
396042,Playing,1772544,5024,0,0,0,0,5,5326,0,895,0,895
396292,Playing,1765376,5003,0,0,0,0,5,5329,177,895,177,895
396541,Playing,1766400,5006,0,0,0,0,5,5332,0,895,0,895
396791,Playing,1740800,4934,0,0,0,0,5,5337,0,895,13,895
397040,Playing,1742848,4940,0,0,0,0,5,5341,0,895,0,895
397313,Playing,1763328,4998,0,0,0,0,5,5345,0,895,0,895
397553,Playing,1756160,4977,0,0,0,0,5,5348,0,895,0,895
397804,Playing,1729536,4902,0,0,0,0,5,5350,0,895,0,895
398054,Playing,1750016,4960,0,0,0,0,5,5354,0,895,0,895
398303,Playing,1742848,4940,0,0,0,0,5,5357,94,895,94,895
398552,Playing,1763328,4998,0,0,0,0,5,5361,0,895,0,895
398800,Playing,1736704,4922,0,0,0,0,5,5363,0,895,0,895
399054,Playing,1729536,4902,0,0,0,0,5,5366,0,895,0,895
399299,Playing,1722368,4881,0,0,0,0,5,5369,101,895,101,895
399550,Playing,1732608,4911,0,0,0,0,5,5375,0,895,12,895
399803,Playing,1734656,4916,0,0,0,0,5,5379,6,895,6,895
400058,Playing,1727488,4896,0,0,0,0,5,5382,96,895,96,895
400303,Playing,1720320,4876,0,0,0,0,5,5385,0,895,0,895
400553,Playing,1721344,4879,0,0,0,0,5,5388,2,895,2,895
400809,Playing,1714176,4858,0,0,0,0,5,5391,95,895,95,895
401072,Playing,1679360,4760,0,0,0,0,5,5393,1,895,1,895
401261,Playing,1716224,4864,0,0,0,0,5,5397,91,895,91,895
401513,Playing,1744896,4945,0,0,0,0,5,5401,0,895,0,895
401766,Playing,1682432,4768,0,0,0,0,5,5402,173,895,173,895
402046,Playing,1667072,4725,0,0,0,0,5,5405,0,895,0,895
402293,Playing,1715200,4861,0,0,0,0,5,5410,14,895,14,895
402544,Playing,1671168,4736,0,0,0,0,5,5415,90,895,90,895
402796,Playing,1691648,4794,0,0,0,0,5,5419,0,895,0,895
403044,Playing,1665024,4719,0,0,0,0,5,5421,1,895,1,895
403295,Playing,1657856,4699,0,0,0,0,5,5424,92,895,92,895
403546,Playing,1650688,4678,0,0,0,0,5,5427,0,895,0,895
403750,Playing,1659904,4704,0,0,0,0,5,5430,0,895,1,895
404003,Playing,1660928,4707,0,0,0,0,5,5433,91,895,91,895
404254,Playing,1681408,4765,0,0,0,0,5,5437,0,895,0,895
404516,Playing,1674240,4745,0,0,0,0,5,5440,8,895,8,895
404771,Playing,1694720,4803,0,0,0,0,5,5444,95,895,95,895
405018,Playing,1659904,4704,0,0,0,0,5,5446,1,895,2,895
405265,Playing,1660928,4707,0,0,0,0,5,5452,0,895,0,895
405516,Playing,1653760,4687,0,0,0,0,5,5455,176,895,176,895
405766,Playing,1674240,4745,0,0,0,0,5,5459,0,895,0,895
406013,Playing,1694720,4803,0,0,0,0,5,5463,0,895,0,895
406262,Playing,1640448,4649,0,0,0,0,5,5464,174,895,174,895
406512,Playing,1660928,4707,0,0,0,0,5,5468,0,895,0,895
406763,Playing,1681408,4765,0,0,0,0,5,5472,0,895,0,895
407015,Playing,1682432,4768,0,0,0,0,5,5475,0,895,0,895
407261,Playing,1647616,4670,0,0,0,0,5,5477,0,895,0,895
407532,Playing,1632256,4626,0,0,0,0,5,5480,172,895,172,895
407778,Playing,1660928,4707,0,0,0,0,5,5484,173,895,173,895
408043,Playing,1645568,4664,0,0,0,0,5,5490,0,895,0,895
408292,Playing,1674240,4745,0,0,0,0,5,5494,0,895,0,895
408579,Playing,1623040,4600,0,0,0,0,5,5496,0,895,0,895
408788,Playing,1640448,4649,0,0,0,0,5,5499,0,895,0,895
409047,Playing,1625088,4606,0,0,0,0,5,5502,69,895,69,895
409288,Playing,1653760,4687,0,0,0,0,5,5506,0,895,2,895
409509,Playing,1635328,4635,0,0,0,0,5,5508,0,895,0,895
409792,Playing,1647616,4670,0,0,0,0,5,5512,0,895,0,895
410020,Playing,1620992,4594,0,0,0,0,5,5514,2,895,2,895
410276,Playing,1641472,4652,0,0,0,0,5,5518,0,895,0,895
410549,Playing,1653760,4687,0,0,0,0,5,5522,78,895,78,895
410804,Playing,1618944,4588,0,0,0,0,5,5524,70,895,70,895
411020,Playing,1600512,4536,0,0,0,0,5,5529,11,895,12,895
411263,Playing,1620992,4594,0,0,0,0,5,5533,102,895,102,895
411508,Playing,1622016,4597,0,0,0,0,5,5536,0,895,0,895
411776,Playing,1579008,4475,0,0,0,0,5,5538,176,895,176,895
412029,Playing,1607680,4556,0,0,0,0,5,5542,191,895,191,895
412304,Playing,1619968,4591,0,0,0,0,5,5546,2,895,2,895
412558,Playing,1640448,4649,0,0,0,0,5,5550,0,895,0,895
412811,Playing,1633280,4629,0,0,0,0,5,5553,0,895,0,895
413062,Playing,1598464,4530,0,0,0,0,5,5555,0,895,0,895
413250,Playing,1615872,4580,0,0,0,0,5,5558,94,895,94,895
413501,Playing,1635328,4635,0,0,0,0,5,5562,92,895,92,895
413750,Playing,1582080,4484,0,0,0,0,5,5566,0,895,0,895
414004,Playing,1602560,4542,0,0,0,0,5,5570,0,895,0,895
414270,Playing,1595392,4522,0,0,0,0,5,5573,173,895,173,895
414537,Playing,1607680,4556,0,0,0,0,5,5577,0,895,0,895
414786,Playing,1608704,4559,0,0,0,0,5,5580,95,895,95,895
415036,Playing,1601536,4539,0,0,0,0,5,5583,0,895,0,895
415288,Playing,1594368,4519,0,0,0,0,5,5586,0,895,0,895
415538,Playing,1614848,4577,0,0,0,0,5,5590,0,895,0,895
415787,Playing,1615872,4580,0,0,0,0,5,5593,93,895,93,895
416036,Playing,1636352,4638,0,0,0,0,5,5597,0,895,0,895
416286,Playing,1573888,4461,0,0,0,0,5,5598,175,895,175,895
416536,Playing,1602560,4542,0,0,0,0,5,5605,0,895,0,895
416788,Playing,1595392,4522,0,0,0,0,5,5608,4,895,4,895
417040,Playing,1588224,4501,0,0,0,0,5,5611,94,895,94,895
417290,Playing,1553408,4403,0,0,0,0,5,5613,1,895,1,895
417542,Playing,1573888,4461,0,0,0,0,5,5617,0,895,0,895
417787,Playing,1574912,4464,0,0,0,0,5,5620,93,895,93,895
418036,Playing,1567744,4443,0,0,0,0,5,5623,94,895,94,895
418287,Playing,1560576,4423,0,0,0,0,5,5626,165,895,165,895
418535,Playing,1589248,4504,0,0,0,0,5,5630,0,895,0,895
418786,Playing,1582080,4484,0,0,0,0,5,5633,0,895,0,895
419036,Playing,1602560,4542,0,0,0,0,5,5637,0,895,0,895
419285,Playing,1548288,4388,0,0,0,0,5,5641,1,895,1,895
419537,Playing,1541120,4368,0,0,0,0,5,5644,4,895,4,895
419789,Playing,1561600,4426,0,0,0,0,5,5648,0,895,0,895
420040,Playing,1526784,4327,0,0,0,0,5,5651,175,895,15,895
420288,Playing,1527808,4330,0,0,0,0,5,5653,15,895,15,895
420538,Playing,1548288,4388,0,0,0,0,5,5657,0,895,0,895
420787,Playing,1568768,4446,0,0,0,0,5,5661,0,895,0,895
421040,Playing,1506304,4269,0,0,0,0,5,5662,93,895,93,895
421290,Playing,1534976,4350,0,0,0,0,5,5666,8,895,8,895
421555,Playing,1547264,4385,0,0,0,0,5,5670,0,895,0,895
421817,Playing,1540096,4365,0,0,0,0,5,5673,95,895,95,895
422062,Playing,1522688,4316,0,0,0,0,5,5678,0,895,14,895
422254,Playing,1513472,4289,0,0,0,0,5,5681,0,895,0,895
422501,Playing,1514496,4292,0,0,0,0,5,5684,95,895,95,895
422753,Playing,1534976,4350,0,0,0,0,5,5688,14,895,14,895
423000,Playing,1555456,4408,0,0,0,0,5,5692,0,895,0,895
423252,Playing,1501184,4255,0,0,0,0,5,5693,174,895,174,895
423503,Playing,1494016,4234,0,0,0,0,5,5696,95,895,95,895
423753,Playing,1542144,4371,0,0,0,0,5,5701,0,895,0,895
424002,Playing,1479680,4194,0,0,0,0,5,5702,175,895,175,895
424250,Playing,1508352,4275,0,0,0,0,5,5706,0,895,0,895
424501,Playing,1501184,4255,0,0,0,0,5,5709,92,895,92,895
424752,Playing,1494016,4234,0,0,0,0,5,5712,0,895,0,895
425000,Playing,1477632,4188,0,0,0,0,5,5718,96,895,96,895
425252,Playing,1478656,4191,0,0,0,0,5,5721,0,895,0,895
425562,Playing,1446912,4101,0,0,0,0,5,5724,95,895,95,895
425811,Playing,1475584,4182,0,0,0,0,5,5728,0,895,0,895
426060,Playing,1468416,4162,0,0,0,0,5,5731,96,895,96,895
426311,Playing,1488896,4220,0,0,0,0,5,5735,0,895,0,895
426558,Playing,1454080,4121,0,0,0,0,5,5737,0,895,0,895
426808,Playing,1455104,4124,0,0,0,0,5,5740,0,895,0,895
427061,Playing,1447936,4104,0,0,0,0,5,5743,0,895,0,895
427250,Playing,1465344,4153,0,0,0,0,5,5746,13,895,13,895
427502,Playing,1458176,4133,0,0,0,0,5,5749,95,895,95,895
427750,Playing,1432576,4060,0,0,0,0,5,5752,174,895,174,895
428059,Playing,1445888,4098,0,0,0,0,5,5759,12,895,12,895
428310,Playing,1438720,4078,0,0,0,0,5,5762,93,895,93,895
428561,Playing,1439744,4080,0,0,0,0,5,5765,0,895,0,895
428812,Playing,1432576,4060,0,0,0,0,5,5768,0,895,0,895
429058,Playing,1425408,4040,0,0,0,0,5,5771,0,895,0,895
429307,Playing,1481728,4199,0,0,0,0,5,5776,0,895,0,895
429557,Playing,1474560,4179,0,0,0,0,5,5779,0,895,0,895
429808,Playing,1439744,4080,0,0,0,0,5,5781,0,895,0,895
430061,Playing,1460224,4138,0,0,0,0,5,5785,0,895,0,895
430309,Playing,1461248,4141,0,0,0,0,5,5788,0,895,0,895
430559,Playing,1426432,4043,0,0,0,0,5,5793,174,895,174,895
430810,Playing,1391616,3944,0,0,0,0,5,5795,0,895,0,895
431060,Playing,1384448,3924,0,0,0,0,5,5798,92,895,92,895
431312,Playing,1413120,4005,0,0,0,0,5,5802,0,895,0,895
431561,Playing,1433600,4063,0,0,0,0,5,5806,0,895,0,895
431807,Playing,1371136,3886,0,0,0,0,5,5807,96,895,97,895
432059,Playing,1427456,4046,0,0,0,0,5,5812,0,895,0,895
432309,Playing,1420288,4025,0,0,0,0,5,5815,174,895,174,895
432560,Playing,1413120,4005,0,0,0,0,5,5818,173,895,173,895
432811,Playing,1433600,4063,0,0,0,0,5,5822,0,895,0,895
433061,Playing,1398784,3964,0,0,0,0,5,5824,14,895,15,895
433252,Playing,1416192,4014,0,0,0,0,5,5830,0,895,14,895
433501,Playing,1417216,4017,0,0,0,0,5,5833,102,895,102,895
433752,Playing,1354752,3840,0,0,0,0,5,5834,170,895,170,895
434005,Playing,1402880,3976,0,0,0,0,5,5839,0,895,0,895
434256,Playing,1423360,4034,0,0,0,0,5,5843,0,895,0,895
434509,Playing,1416192,4014,0,0,0,0,5,5846,0,895,0,895
434760,Playing,1353728,3837,0,0,0,0,5,5847,174,895,174,895
435011,Playing,1410048,3996,0,0,0,0,5,5852,0,895,0,895
435261,Playing,1375232,3898,0,0,0,0,5,5854,178,895,178,895
435515,Playing,1423360,4034,0,0,0,0,5,5859,0,895,0,895
435767,Playing,1416192,4014,0,0,0,0,5,5862,0,895,0,895
436019,Playing,1389568,3938,0,0,0,0,5,5864,0,895,0,895
436270,Playing,1354752,3840,0,0,0,0,5,5869,177,895,177,895
436519,Playing,1402880,3976,0,0,0,0,5,5874,0,895,0,895
436770,Playing,1368064,3877,0,0,0,0,5,5876,177,895,177,895
437021,Playing,1360896,3857,0,0,0,0,5,5879,0,895,0,895
437273,Playing,1361920,3860,0,0,0,0,5,5882,175,895,175,895
437528,Playing,1382400,3918,0,0,0,0,5,5886,0,895,0,895
437779,Playing,1375232,3898,0,0,0,0,5,5889,174,895,174,895
438030,Playing,1395712,3956,0,0,0,0,5,5893,2,895,2,895
438279,Playing,1388544,3935,0,0,0,0,5,5896,91,895,92,895
438531,Playing,1389568,3938,0,0,0,0,5,5899,0,895,0,895
438778,Playing,1382400,3918,0,0,0,0,5,5902,0,895,0,895
439031,Playing,1375232,3898,0,0,0,0,5,5908,0,895,0,895
439281,Playing,1340416,3799,0,0,0,0,5,5910,0,895,0,895
439529,Playing,1341440,3802,0,0,0,0,5,5913,0,895,0,895
439778,Playing,1361920,3860,0,0,0,0,5,5917,0,895,0,895
440027,Playing,1354752,3840,0,0,0,0,5,5920,0,895,0,895
440274,Playing,1383424,3921,0,0,0,0,5,5924,0,895,0,895
440523,Playing,1348608,3822,0,0,0,0,5,5926,0,895,0,895
440773,Playing,1369088,3880,0,0,0,0,5,5930,0,895,0,895
441025,Playing,1361920,3860,0,0,0,0,5,5933,0,895,0,895
441278,Playing,1362944,3863,0,0,0,0,5,5936,94,895,94,895
441511,Playing,1336320,3787,0,0,0,0,5,5938,0,895,0,895
441760,Playing,1329152,3767,0,0,0,0,5,5944,93,895,93,895
442012,Playing,1294336,3668,0,0,0,0,5,5946,14,895,14,895
442261,Playing,1287168,3648,0,0,0,0,5,5949,94,895,94,895
442509,Playing,1315840,3729,0,0,0,0,5,5953,14,895,14,895
442761,Playing,1336320,3787,0,0,0,0,5,5957,14,895,14,895
443008,Playing,1273856,3610,0,0,0,0,5,5958,178,895,178,895
443257,Playing,1302528,3691,0,0,0,0,5,5962,0,895,0,895
443507,Playing,1323008,3750,0,0,0,0,5,5966,0,895,0,895
443758,Playing,1315840,3729,0,0,0,0,5,5969,0,895,0,895
444011,Playing,1281024,3631,0,0,0,0,5,5971,0,895,0,895
444258,Playing,1309696,3712,0,0,0,0,5,5975,0,895,0,895
444507,Playing,1302528,3691,0,0,0,0,5,5978,95,895,95,895
444757,Playing,1295360,3671,0,0,0,0,5,5984,0,895,0,895
445007,Playing,1324032,3752,0,0,0,0,5,5988,0,895,1,895
445258,Playing,1316864,3732,0,0,0,0,5,5991,13,895,13,895
445507,Playing,1309696,3712,0,0,0,0,5,5994,95,895,95,895
445759,Playing,1274880,3613,0,0,0,0,5,5996,176,895,176,895
446009,Playing,1303552,3694,0,0,0,0,5,6000,177,895,177,895
446262,Playing,1324032,3752,0,0,0,0,5,6004,1,895,1,895
446512,Playing,1344512,3810,0,0,0,0,5,6008,0,895,0,895
446764,Playing,1282048,3633,0,0,0,0,5,6009,174,895,174,895
447013,Playing,1302528,3691,0,0,0,0,5,6013,1,895,1,895
447260,Playing,1312768,3720,0,0,0,0,5,6019,0,895,13,895
447511,Playing,1287168,3648,0,0,0,0,5,6022,0,895,0,895
447762,Playing,1252352,3549,0,0,0,0,5,6024,0,895,0,895
448015,Playing,1245184,3529,0,0,0,0,5,6027,172,895,173,895
448265,Playing,1273856,3610,0,0,0,0,5,6031,0,895,0,895
448519,Playing,1266688,3590,0,0,0,0,5,6034,98,895,98,895
448769,Playing,1314816,3726,0,0,0,0,5,6039,0,895,0,895
449020,Playing,1252352,3549,0,0,0,0,5,6040,174,895,174,895
449282,Playing,1272832,3607,0,0,0,0,5,6044,0,895,0,895
449519,Playing,1273856,3610,0,0,0,0,5,6047,0,895,0,895
449770,Playing,1294336,3668,0,0,0,0,5,6051,0,895,0,895
450018,Playing,1259520,3570,0,0,0,0,5,6053,0,895,0,895
450269,Playing,1215488,3445,0,0,0,0,5,6058,1,895,1,895
450515,Playing,1244160,3526,0,0,0,0,5,6062,176,895,176,895
450764,Playing,1209344,3427,0,0,0,0,5,6064,0,895,0,895
451011,Playing,1210368,3430,0,0,0,0,5,6067,174,895,174,895
451262,Playing,1258496,3567,0,0,0,0,5,6072,1,895,1,895
451511,Playing,1251328,3546,0,0,0,0,5,6075,0,895,0,895
451760,Playing,1244160,3526,0,0,0,0,5,6078,94,895,94,895
452012,Playing,1245184,3529,0,0,0,0,5,6081,0,895,0,895
452260,Playing,1238016,3509,0,0,0,0,5,6084,0,895,0,895
452508,Playing,1258496,3567,0,0,0,0,5,6088,0,895,0,895
452757,Playing,1204224,3413,0,0,0,0,5,6089,174,895,174,895
453009,Playing,1206272,3419,0,0,0,0,5,6095,0,895,11,895
453259,Playing,1180672,3346,0,0,0,0,5,6098,168,895,168,895
453510,Playing,1228800,3482,0,0,0,0,5,6103,0,895,0,895
453759,Playing,1146880,3250,0,0,0,0,5,6103,0,895,0,895
454008,Playing,1195008,3387,0,0,0,0,5,6108,0,895,0,895
454261,Playing,1187840,3366,0,0,0,0,5,6111,0,895,0,895
454507,Playing,1208320,3424,0,0,0,0,5,6115,95,895,95,895
454756,Playing,1154048,3271,0,0,0,0,5,6116,176,895,176,895
455006,Playing,1174528,3329,0,0,0,0,5,6120,0,895,0,895
455256,Playing,1167360,3308,0,0,0,0,5,6123,1,895,1,895
455506,Playing,1223680,3468,0,0,0,0,5,6128,0,895,0,895
455756,Playing,1161216,3291,0,0,0,0,5,6129,94,895,94,895
456006,Playing,1154048,3271,0,0,0,0,5,6135,0,895,0,895
456256,Playing,1146880,3250,0,0,0,0,5,6138,95,895,95,895
456505,Playing,1175552,3332,0,0,0,0,5,6142,0,895,0,895
456755,Playing,1140736,3233,0,0,0,0,5,6144,0,895,0,895
457005,Playing,1161216,3291,0,0,0,0,5,6148,0,895,0,895
457254,Playing,1154048,3271,0,0,0,0,5,6151,93,895,93,895
457507,Playing,1182720,3352,0,0,0,0,5,6155,0,895,0,895
457769,Playing,1167360,3308,0,0,0,0,5,6158,0,895,0,895
458017,Playing,1140736,3233,0,0,0,0,5,6160,0,895,0,895
458266,Playing,1161216,3291,0,0,0,0,5,6164,13,895,14,895
458516,Playing,1181696,3349,0,0,0,0,5,6168,0,895,0,895
458769,Playing,1146880,3250,0,0,0,0,5,6173,96,895,96,895
459033,Playing,1112064,3152,0,0,0,0,5,6175,0,895,0,895
459282,Playing,1104896,3131,0,0,0,0,5,6178,93,895,93,895
459532,Playing,1133568,3213,0,0,0,0,5,6182,12,895,12,895
459783,Playing,1154048,3271,0,0,0,0,5,6186,0,895,0,895
460033,Playing,1119232,3172,0,0,0,0,5,6188,0,895,0,895
460286,Playing,1112064,3152,0,0,0,0,5,6191,90,895,90,895
460536,Playing,1140736,3233,0,0,0,0,5,6195,0,895,0,895
460784,Playing,1133568,3213,0,0,0,0,5,6198,94,895,94,895
461035,Playing,1126400,3192,0,0,0,0,5,6201,91,895,91,895
461282,Playing,1119232,3172,0,0,0,0,5,6204,0,895,0,895
461533,Playing,1092608,3096,0,0,0,0,5,6209,0,895,0,895
461780,Playing,1113088,3155,0,0,0,0,5,6213,95,895,95,895
462033,Playing,1133568,3213,0,0,0,0,5,6217,0,895,0,895
462281,Playing,1134592,3215,0,0,0,0,5,6220,15,895,15,895
462530,Playing,1127424,3195,0,0,0,0,5,6223,0,895,0,895
462780,Playing,1120256,3175,0,0,0,0,5,6226,0,895,0,895
463029,Playing,1113088,3155,0,0,0,0,5,6229,0,895,0,895
463279,Playing,1114112,3157,0,0,0,0,5,6232,0,895,0,895
463530,Playing,1079296,3059,0,0,0,0,5,6234,94,895,94,895
463781,Playing,1099776,3117,0,0,0,0,5,6238,96,895,96,895
464030,Playing,1120256,3175,0,0,0,0,5,6242,14,895,14,895
464280,Playing,1121280,3178,0,0,0,0,5,6248,1,895,1,895
464533,Playing,1114112,3157,0,0,0,0,5,6251,1,895,1,895
464784,Playing,1079296,3059,0,0,0,0,5,6253,0,895,0,895
465035,Playing,1072128,3038,0,0,0,0,5,6256,93,895,93,895
465282,Playing,1100800,3120,0,0,0,0,5,6260,94,895,94,895
465532,Playing,1121280,3178,0,0,0,0,5,6264,0,895,0,895
465782,Playing,1058816,3001,0,0,0,0,5,6265,176,895,176,895
466031,Playing,1087488,3082,0,0,0,0,5,6269,94,895,94,895
466281,Playing,1107968,3140,0,0,0,0,5,6273,1,895,1,895
466533,Playing,1100800,3120,0,0,0,0,5,6276,16,895,16,895
466783,Playing,1093632,3099,0,0,0,0,5,6279,0,895,0,895
467031,Playing,1067008,3024,0,0,0,0,5,6281,95,895,95,895
467283,Playing,1059840,3004,0,0,0,0,5,6287,96,895,96,895
467534,Playing,1080320,3062,0,0,0,0,5,6291,94,895,94,895
467782,Playing,1100800,3120,0,0,0,0,5,6295,0,895,0,895
468033,Playing,1046528,2966,0,0,0,0,5,6296,173,895,173,895
468281,Playing,1094656,3102,0,0,0,0,5,6301,0,895,0,895
468532,Playing,1087488,3082,0,0,0,0,5,6304,1,895,2,895
468782,Playing,1080320,3062,0,0,0,0,5,6307,98,895,98,895
469032,Playing,1053696,2986,0,0,0,0,5,6309,0,895,0,895
469281,Playing,1074176,3044,0,0,0,0,5,6313,1,895,1,895
469528,Playing,1067008,3024,0,0,0,0,5,6316,93,895,93,895
469777,Playing,1040384,2948,0,0,0,0,5,6318,0,895,0,895
470028,Playing,1033216,2928,0,0,0,0,5,6324,107,895,107,895
470277,Playing,1026048,2908,0,0,0,0,5,6327,152,895,153,895
470528,Playing,1046528,2966,0,0,0,0,5,6331,0,895,0,895
470780,Playing,1075200,3047,0,0,0,0,5,6335,1,895,1,895
471030,Playing,1068032,3027,0,0,0,0,5,6338,94,895,94,895
471279,Playing,1033216,2928,0,0,0,0,5,6340,0,895,0,895
471525,Playing,1034240,2931,0,0,0,0,5,6343,94,895,94,895
471775,Playing,1054720,2989,0,0,0,0,5,6347,95,895,96,895
472025,Playing,1019904,2890,0,0,0,0,5,6349,0,895,0,895
472273,Playing,1040384,2948,0,0,0,0,5,6353,0,895,0,895
472527,Playing,1060864,3006,0,0,0,0,5,6357,0,895,0,895
472793,Playing,1016832,2882,0,0,0,0,5,6362,0,895,0,895
473049,Playing,1009664,2861,0,0,0,0,5,6365,91,895,91,895
473295,Playing,1010688,2864,0,0,0,0,5,6368,0,895,0,895
473546,Playing,1003520,2844,0,0,0,0,5,6371,0,895,0,895
473795,Playing,1024000,2902,0,0,0,0,5,6375,0,895,0,895
474015,Playing,1033216,2928,0,0,0,0,5,6378,49,895,50,895
474263,Playing,998400,2829,0,0,0,0,5,6380,0,895,0,895
474512,Playing,1018880,2887,0,0,0,0,5,6384,0,895,0,895
474762,Playing,1039360,2946,0,0,0,0,5,6388,0,895,0,895
475014,Playing,1040384,2948,0,0,0,0,5,6391,0,895,0,895
475260,Playing,1033216,2928,0,0,0,0,5,6394,96,895,96,895
475508,Playing,989184,2803,0,0,0,0,5,6399,0,895,0,895
475759,Playing,990208,2806,0,0,0,0,5,6402,1,895,1,895
476007,Playing,1010688,2864,0,0,0,0,5,6406,2,895,2,895
476257,Playing,948224,2687,0,0,0,0,5,6407,171,895,171,895
476506,Playing,968704,2745,0,0,0,0,5,6411,0,895,0,895
476757,Playing,997376,2827,0,0,0,0,5,6415,0,895,0,895
477007,Playing,990208,2806,0,0,0,0,5,6418,2,895,2,895
477257,Playing,955392,2708,0,0,0,0,5,6420,0,895,0,895
477504,Playing,984064,2789,0,0,0,0,5,6424,0,895,0,895
477755,Playing,976896,2768,0,0,0,0,5,6427,0,895,0,895
478006,Playing,997376,2827,0,0,0,0,5,6431,94,895,94,895
478256,Playing,962560,2728,0,0,0,0,5,6433,0,895,0,895
478506,Playing,918528,2603,0,0,0,0,5,6438,175,895,175,895
478757,Playing,919552,2606,0,0,0,0,5,6441,0,895,0,895
479010,Playing,967680,2742,0,0,0,0,5,6446,1,895,1,895
479261,Playing,960512,2722,0,0,0,0,5,6449,91,895,91,895
479511,Playing,925696,2623,0,0,0,0,5,6451,0,895,0,895
479765,Playing,946176,2681,0,0,0,0,5,6455,4,895,4,895
480019,Playing,947200,2684,0,0,0,0,5,6458,95,895,96,895
480269,Playing,967680,2742,0,0,0,0,5,6462,0,895,0,895
480517,Playing,932864,2644,0,0,0,0,5,6464,0,895,0,895
480771,Playing,925696,2623,0,0,0,0,5,6467,93,895,93,895
481023,Playing,946176,2681,0,0,0,0,5,6471,0,895,0,895
481274,Playing,919552,2606,0,0,0,0,5,6476,96,895,96,895
481527,Playing,940032,2664,0,0,0,0,5,6480,0,895,0,895
481775,Playing,905216,2565,0,0,0,0,5,6482,0,895,0,895
482026,Playing,925696,2623,0,0,0,0,5,6486,0,895,0,895
482274,Playing,926720,2626,0,0,0,0,5,6489,0,895,0,895
482522,Playing,891904,2528,0,0,0,0,5,6491,0,895,0,895
482772,Playing,884736,2507,0,0,0,0,5,6494,94,895,94,895
483023,Playing,941056,2667,0,0,0,0,5,6499,0,895,0,895
483271,Playing,933888,2647,0,0,0,0,5,6502,0,895,0,895
483522,Playing,871424,2470,0,0,0,0,5,6503,175,895,175,895
483773,Playing,919552,2606,0,0,0,0,5,6508,0,895,0,895
484021,Playing,892928,2530,0,0,0,0,5,6513,0,895,0,895
484269,Playing,885760,2510,0,0,0,0,5,6516,94,895,94,895
484521,Playing,878592,2490,0,0,0,0,5,6519,0,895,0,895
484771,Playing,871424,2470,0,0,0,0,5,6522,0,895,0,895
485019,Playing,900096,2551,0,0,0,0,5,6526,94,895,94,895
485266,Playing,865280,2452,0,0,0,0,5,6528,0,895,0,895
485516,Playing,858112,2432,0,0,0,0,5,6531,0,895,0,895
485766,Playing,886784,2513,0,0,0,0,5,6535,0,895,0,895
486017,Playing,907264,2571,0,0,0,0,5,6539,0,895,0,895
486269,Playing,844800,2394,0,0,0,0,5,6540,173,895,173,895
486520,Playing,837632,2374,0,0,0,0,5,6543,94,895,94,895
486772,Playing,866304,2455,0,0,0,0,5,6550,0,895,14,895
487023,Playing,831488,2356,0,0,0,0,5,6552,0,895,0,895
487273,Playing,879616,2493,0,0,0,0,5,6557,0,895,0,895
487524,Playing,817152,2316,0,0,0,0,5,6558,96,895,96,895
487774,Playing,837632,2374,0,0,0,0,5,6562,99,895,99,895
488026,Playing,838656,2377,0,0,0,0,5,6565,92,895,92,895
488278,Playing,886784,2513,0,0,0,0,5,6570,0,895,0,895
488533,Playing,851968,2414,0,0,0,0,5,6572,178,895,178,895
488779,Playing,844800,2394,0,0,0,0,5,6575,0,895,0,895
489028,Playing,845824,2397,0,0,0,0,5,6578,95,895,95,895
489280,Playing,866304,2455,0,0,0,0,5,6582,0,895,0,895
489528,Playing,849920,2409,0,0,0,0,5,6587,0,895,11,895
489780,Playing,796672,2258,0,0,0,0,5,6589,0,895,0,895
490031,Playing,825344,2339,0,0,0,0,5,6593,92,895,92,895
490281,Playing,845824,2397,0,0,0,0,5,6597,0,895,0,895
490533,Playing,838656,2377,0,0,0,0,5,6600,0,895,0,895
490782,Playing,803840,2278,0,0,0,0,5,6602,0,895,0,895
491030,Playing,832512,2359,0,0,0,0,5,6606,0,895,0,895
491281,Playing,825344,2339,0,0,0,0,5,6609,0,895,0,895
491528,Playing,845824,2397,0,0,0,0,5,6613,94,895,94,895
491777,Playing,791552,2243,0,0,0,0,5,6614,179,895,179,895
492029,Playing,812032,2301,0,0,0,0,5,6618,93,895,93,895
492280,Playing,832512,2359,0,0,0,0,5,6622,0,895,0,895
492530,Playing,825344,2339,0,0,0,0,5,6628,0,895,0,895
492781,Playing,818176,2319,0,0,0,0,5,6631,14,895,14,895
493030,Playing,846848,2400,0,0,0,0,5,6635,17,895,17,895
493277,Playing,839680,2380,0,0,0,0,5,6638,0,895,0,895
493528,Playing,804864,2281,0,0,0,0,5,6640,0,895,0,895
493779,Playing,833536,2362,0,0,0,0,5,6644,0,895,0,895
494031,Playing,826368,2342,0,0,0,0,5,6647,0,895,0,895
494283,Playing,846848,2400,0,0,0,0,5,6651,16,895,16,895
494532,Playing,812032,2301,0,0,0,0,5,6653,0,895,0,895
494784,Playing,804864,2281,0,0,0,0,5,6656,0,895,0,895
495037,Playing,833536,2362,0,0,0,0,5,6660,0,895,0,895
495288,Playing,826368,2342,0,0,0,0,5,6666,0,895,0,895
495538,Playing,763904,2165,0,0,0,0,5,6667,174,895,174,895
495786,Playing,784384,2223,0,0,0,0,5,6671,0,895,0,895
496035,Playing,813056,2304,0,0,0,0,5,6675,0,895,0,895
496285,Playing,805888,2284,0,0,0,0,5,6678,2,895,2,895
496535,Playing,826368,2342,0,0,0,0,5,6682,0,895,0,895
496787,Playing,791552,2243,0,0,0,0,5,6684,0,895,0,895
497038,Playing,792576,2246,0,0,0,0,5,6687,175,895,175,895
497286,Playing,813056,2304,0,0,0,0,5,6691,0,895,0,895
497533,Playing,833536,2362,0,0,0,0,5,6695,0,895,0,895
497784,Playing,771072,2185,0,0,0,0,5,6696,174,895,174,895
498035,Playing,762880,2162,0,0,0,0,5,6702,0,895,0,895
498285,Playing,783360,2220,0,0,0,0,5,6706,0,895,0,895
498534,Playing,776192,2200,0,0,0,0,5,6709,93,895,93,895
498789,Playing,713728,2023,0,0,0,0,5,6710,174,895,174,895
499037,Playing,770048,2182,0,0,0,0,5,6715,0,895,0,895
499289,Playing,762880,2162,0,0,0,0,5,6718,1,895,1,895
499537,Playing,755712,2142,0,0,0,0,5,6721,97,895,97,895
499785,Playing,756736,2144,0,0,0,0,5,6724,0,895,0,895
500039,Playing,749568,2124,0,0,0,0,5,6727,175,895,175,895
500288,Playing,770048,2182,0,0,0,0,5,6731,0,895,0,895
500536,Playing,790528,2240,0,0,0,0,5,6735,0,895,0,895
500785,Playing,736256,2086,0,0,0,0,5,6736,174,895,174,895
501040,Playing,719872,2040,0,0,0,0,5,6742,0,895,0,895
501285,Playing,712704,2020,0,0,0,0,5,6745,178,895,178,895
501520,Playing,713728,2023,0,0,0,0,5,6748,1,895,2,895
501769,Playing,706560,2002,0,0,0,0,5,6751,0,895,0,895
502024,Playing,707584,2005,0,0,0,0,5,6754,95,895,96,895
502273,Playing,755712,2142,0,0,0,0,5,6759,10,895,10,895
502514,Playing,693248,1964,0,0,0,0,5,6760,79,895,79,895
502765,Playing,721920,2046,0,0,0,0,5,6764,3,895,3,895
503016,Playing,742400,2104,0,0,0,0,5,6768,0,895,0,895
503285,Playing,727040,2060,0,0,0,0,5,6771,1,895,1,895
503531,Playing,737280,2089,0,0,0,0,5,6777,0,895,13,895
503780,Playing,684032,1938,0,0,0,0,5,6779,0,895,0,895
504029,Playing,676864,1918,0,0,0,0,5,6782,0,895,0,895
504278,Playing,705536,1999,0,0,0,0,5,6786,0,895,0,895
504528,Playing,726016,2057,0,0,0,0,5,6790,0,895,0,895
504778,Playing,718848,2037,0,0,0,0,5,6793,0,895,0,895
505028,Playing,684032,1938,0,0,0,0,5,6795,0,895,0,895
505295,Playing,704512,1996,0,0,0,0,5,6799,0,895,0,895
505549,Playing,669696,1898,0,0,0,0,5,6801,152,895,152,895
505792,Playing,726016,2057,0,0,0,0,5,6806,0,895,0,895
506040,Playing,663552,1880,0,0,0,0,5,6807,194,895,194,895
506253,Playing,700416,1985,0,0,0,0,5,6811,0,895,0,895
506558,Playing,676864,1918,0,0,0,0,5,6817,0,895,0,895
506807,Playing,697344,1976,0,0,0,0,5,6821,0,895,0,895
507001,Playing,659456,1869,0,0,0,0,5,6822,176,895,176,895
507310,Playing,663552,1880,0,0,0,0,5,6826,0,895,0,895
507557,Playing,656384,1860,0,0,0,0,5,6829,0,895,0,895
507807,Playing,676864,1918,0,0,0,0,5,6833,1,895,1,895
508057,Playing,677888,1921,0,0,0,0,5,6836,0,895,0,895
508274,Playing,678912,1924,0,0,0,0,5,6839,0,895,0,895
508553,Playing,635904,1802,0,0,0,0,5,6841,162,895,162,895
508793,Playing,692224,1962,0,0,0,0,5,6846,0,895,0,895
509044,Playing,685056,1941,0,0,0,0,5,6849,11,895,11,895
509261,Playing,638976,1811,0,0,0,0,5,6853,5,895,17,895
509538,Playing,651264,1845,0,0,0,0,5,6857,7,895,7,895
509780,Playing,644096,1825,0,0,0,0,5,6860,0,895,0,895
510019,Playing,645120,1828,0,0,0,0,5,6863,0,895,0,895
510264,Playing,646144,1831,0,0,0,0,5,6866,0,895,1,895
510520,Playing,611328,1732,0,0,0,0,5,6868,182,895,182,895
510782,Playing,651264,1845,0,0,0,0,5,6873,0,895,0,895
511008,Playing,605184,1715,0,0,0,0,5,6874,177,895,177,895
511285,Playing,617472,1750,0,0,0,0,5,6878,131,895,131,895
511561,Playing,602112,1706,0,0,0,0,5,6881,168,895,168,895
511766,Playing,666624,1889,0,0,0,0,5,6886,1,895,1,895
512057,Playing,623616,1767,0,0,0,0,5,6888,2,895,2,895
512325,Playing,635904,1802,0,0,0,0,5,6895,25,895,25,895
512524,Playing,598016,1695,0,0,0,0,5,6896,152,895,152,895
512790,Playing,610304,1729,0,0,0,0,5,6900,175,895,175,895
513019,Playing,583680,1654,0,0,0,0,5,6902,4,895,5,895
513308,Playing,568320,1610,0,0,0,0,5,6905,6,895,6,895
513529,Playing,596992,1692,0,0,0,0,5,6909,118,895,118,895
513795,Playing,617472,1750,0,0,0,0,5,6913,0,895,0,895
514023,Playing,618496,1753,0,0,0,0,5,6916,84,895,85,895
514275,Playing,647168,1834,0,0,0,0,5,6920,95,895,95,895
514527,Playing,640000,1814,0,0,0,0,5,6923,94,895,94,895
514776,Playing,605184,1715,0,0,0,0,5,6925,0,895,0,895
515026,Playing,598016,1695,0,0,0,0,5,6931,93,895,93,895
515274,Playing,626688,1776,0,0,0,0,5,6935,0,895,0,895
515538,Playing,611328,1732,0,0,0,0,5,6938,0,895,0,895
515791,Playing,576512,1634,0,0,0,0,5,6940,0,895,0,895
516003,Playing,613376,1738,0,0,0,0,5,6944,0,895,0,895
516256,Playing,606208,1718,0,0,0,0,5,6947,94,895,94,895
516507,Playing,607232,1721,0,0,0,0,5,6950,0,895,0,895
516761,Playing,572416,1622,0,0,0,0,5,6952,178,895,178,895
517032,Playing,612352,1735,0,0,0,0,5,6957,4,895,4,895
517253,Playing,566272,1605,0,0,0,0,5,6958,131,895,131,895
517541,Playing,616448,1747,0,0,0,0,5,6964,0,895,0,895
517791,Playing,563200,1596,0,0,0,0,5,6968,3,895,3,895
518100,Playing,567296,1607,0,0,0,0,5,6972,4,895,5,895
518299,Playing,557056,1578,0,0,0,0,5,6974,5,895,5,895
518548,Playing,549888,1558,0,0,0,0,5,6977,0,895,0,895
518801,Playing,542720,1538,0,0,0,0,5,6980,95,895,95,895
519048,Playing,563200,1596,0,0,0,0,5,6984,0,895,0,895
519298,Playing,564224,1599,0,0,0,0,5,6987,0,895,0,895
519548,Playing,612352,1735,0,0,0,0,5,6992,0,895,0,895
519797,Playing,577536,1637,0,0,0,0,5,6994,94,895,94,895
520045,Playing,550912,1561,0,0,0,0,5,6996,0,895,0,895
520286,Playing,571392,1619,0,0,0,0,5,7000,3,895,3,895
520541,Playing,536576,1520,0,0,0,0,5,7005,90,895,90,895
520761,Playing,518144,1468,0,0,0,0,5,7007,9,895,9,895
521024,Playing,538624,1526,0,0,0,0,5,7011,0,895,0,895
521299,Playing,550912,1561,0,0,0,0,5,7015,156,895,156,895
521528,Playing,524288,1486,0,0,0,0,5,7017,157,895,157,895
521804,Playing,536576,1520,0,0,0,0,5,7021,65,895,65,895
522004,Playing,498688,1413,0,0,0,0,5,7022,53,895,53,895
522254,Playing,574464,1628,0,0,0,0,5,7028,0,895,0,895
522561,Playing,550912,1561,0,0,0,0,5,7031,3,895,3,895
522809,Playing,543744,1541,0,0,0,0,5,7034,95,895,96,895
523062,Playing,508928,1442,0,0,0,0,5,7036,0,895,0,895
523282,Playing,518144,1468,0,0,0,0,5,7039,171,895,171,895
523553,Playing,521216,1477,0,0,0,0,5,7046,0,895,1,895
523758,Playing,475136,1346,0,0,0,0,5,7047,183,895,183,895
524003,Playing,503808,1428,0,0,0,0,5,7051,0,895,0,895
524257,Playing,524288,1486,0,0,0,0,5,7055,0,895,0,895
524532,Playing,508928,1442,0,0,0,0,5,7058,0,895,0,895
524790,Playing,474112,1343,0,0,0,0,5,7060,0,895,0,895
525031,Playing,502784,1425,0,0,0,0,5,7064,0,895,0,895
525287,Playing,495616,1404,0,0,0,0,5,7067,0,895,0,895
525527,Playing,516096,1462,0,0,0,0,5,7071,0,895,0,895
525778,Playing,489472,1387,0,0,0,0,5,7073,13,895,13,895
526024,Playing,482304,1367,0,0,0,0,5,7076,0,895,0,895
526274,Playing,465920,1320,0,0,0,0,5,7082,0,895,0,895
526524,Playing,486400,1378,0,0,0,0,5,7086,46,895,46,895
526772,Playing,487424,1381,0,0,0,0,5,7089,1,895,1,895
527024,Playing,507904,1439,0,0,0,0,5,7093,0,895,0,895
527273,Playing,445440,1262,0,0,0,0,5,7094,177,895,177,895
527531,Playing,465920,1320,0,0,0,0,5,7098,0,895,0,895
527773,Playing,494592,1401,0,0,0,0,5,7102,0,895,0,895
528022,Playing,515072,1459,0,0,0,0,5,7106,0,895,0,895
528273,Playing,452608,1282,0,0,0,0,5,7107,174,895,174,895
528520,Playing,453632,1285,0,0,0,0,5,7110,170,895,170,895
528771,Playing,501760,1422,0,0,0,0,5,7115,0,895,0,895
529020,Playing,457728,1297,0,0,0,0,5,7120,0,895,0,895
529262,Playing,431104,1221,0,0,0,0,5,7122,0,895,0,895
529549,Playing,415744,1178,0,0,0,0,5,7125,181,895,181,895
529795,Playing,436224,1236,0,0,0,0,5,7129,0,895,0,895
530045,Playing,456704,1294,0,0,0,0,5,7133,0,895,0,895
530297,Playing,477184,1352,0,0,0,0,5,7137,0,895,0,895
530549,Playing,422912,1198,0,0,0,0,5,7138,175,895,175,895
530798,Playing,443392,1256,0,0,0,0,5,7142,4,895,4,895
531052,Playing,436224,1236,0,0,0,0,5,7145,0,895,0,895
531301,Playing,456704,1294,0,0,0,0,5,7149,90,895,90,895
531549,Playing,430080,1219,0,0,0,0,5,7151,1,895,1,895
531798,Playing,395264,1120,0,0,0,0,5,7156,0,895,13,895
532048,Playing,415744,1178,0,0,0,0,5,7160,178,895,178,895
532294,Playing,444416,1259,0,0,0,0,5,7164,0,895,0,895
532548,Playing,381952,1082,0,0,0,0,5,7165,173,895,173,895
532802,Playing,402432,1140,0,0,0,0,5,7169,1,895,1,895
533054,Playing,422912,1198,0,0,0,0,5,7173,9,895,9,895
533303,Playing,415744,1178,0,0,0,0,5,7176,96,895,96,895
533551,Playing,444416,1259,0,0,0,0,5,7180,0,895,1,895
533808,Playing,409600,1160,0,0,0,0,5,7182,0,895,0,895
534056,Playing,402432,1140,0,0,0,0,5,7185,174,895,175,895
534307,Playing,422912,1198,0,0,0,0,5,7189,0,895,0,895
534556,Playing,396288,1123,0,0,0,0,5,7194,0,895,14,895
534803,Playing,361472,1024,0,0,0,0,5,7196,0,895,0,895
535053,Playing,381952,1082,0,0,0,0,5,7200,1,895,1,895
535310,Playing,402432,1140,0,0,0,0,5,7204,0,895,0,895
535554,Playing,403456,1143,0,0,0,0,5,7207,94,895,94,895
535806,Playing,368640,1044,0,0,0,0,5,7209,0,895,0,895
536011,Playing,405504,1149,0,0,0,0,5,7213,0,895,0,895
536258,Playing,351232,995,0,0,0,0,5,7214,93,895,93,895
536525,Playing,363520,1030,0,0,0,0,5,7218,96,895,97,895
536774,Playing,356352,1010,0,0,0,0,5,7221,172,895,172,895
537023,Playing,385024,1091,0,0,0,0,5,7225,175,895,175,895
537274,Playing,405504,1149,0,0,0,0,5,7229,0,895,0,895
537524,Playing,343040,972,0,0,0,0,5,7233,2,895,2,895
537774,Playing,335872,952,0,0,0,0,5,7236,0,895,0,895
538025,Playing,364544,1033,0,0,0,0,5,7240,0,895,0,895
538272,Playing,357376,1012,0,0,0,0,5,7243,0,895,0,895
538522,Playing,377856,1071,0,0,0,0,5,7247,170,895,170,895
538772,Playing,323584,917,0,0,0,0,5,7248,96,895,96,895
539021,Playing,344064,975,0,0,0,0,5,7252,176,895,176,895
539270,Playing,392192,1111,0,0,0,0,5,7257,0,895,0,895
539519,Playing,385024,1091,0,0,0,0,5,7260,0,895,0,895
539768,Playing,330752,937,0,0,0,0,5,7261,97,895,97,895
540018,Playing,378880,1073,0,0,0,0,5,7266,0,895,0,895
540268,Playing,316416,896,0,0,0,0,5,7270,172,895,172,895
540517,Playing,372736,1056,0,0,0,0,5,7275,0,895,0,895
540768,Playing,310272,879,0,0,0,0,5,7276,95,895,95,895
541016,Playing,330752,937,0,0,0,0,5,7280,0,895,0,895
541267,Playing,351232,995,0,0,0,0,5,7284,0,895,0,895
541518,Playing,379904,1076,0,0,0,0,5,7288,0,895,0,895
541771,Playing,317440,899,0,0,0,0,5,7289,178,895,178,895
542022,Playing,337920,957,0,0,0,0,5,7293,0,895,0,895
542269,Playing,330752,937,0,0,0,0,5,7296,0,895,0,895
542519,Playing,359424,1018,0,0,0,0,5,7300,175,895,175,895
542768,Playing,324608,920,0,0,0,0,5,7302,0,895,0,895
543017,Playing,308224,873,0,0,0,0,5,7307,0,895,13,895
543265,Playing,318464,902,0,0,0,0,5,7311,176,895,176,895
543517,Playing,338944,960,0,0,0,0,5,7315,0,895,0,895
543766,Playing,276480,783,0,0,0,0,5,7316,98,895,98,895
544015,Playing,296960,841,0,0,0,0,5,7320,0,895,0,895
544264,Playing,325632,922,0,0,0,0,5,7324,0,895,0,895
544514,Playing,318464,902,0,0,0,0,5,7327,0,895,0,895
544763,Playing,311296,882,0,0,0,0,5,7330,16,895,16,895
545011,Playing,304128,862,0,0,0,0,5,7333,0,895,0,895
545262,Playing,305152,864,0,0,0,0,5,7336,176,895,176,895
545512,Playing,325632,922,0,0,0,0,5,7340,0,895,0,895
545761,Playing,309248,876,0,0,0,0,5,7343,169,895,169,895
546010,Playing,291840,827,0,0,0,0,5,7348,0,895,0,895
546258,Playing,284672,806,0,0,0,0,5,7351,14,895,14,895
546510,Playing,277504,786,0,0,0,0,5,7354,92,895,93,895
546761,Playing,242688,687,0,0,0,0,5,7356,0,895,0,895
547009,Playing,271360,769,0,0,0,0,5,7360,0,895,0,895
547259,Playing,264192,748,0,0,0,0,5,7363,99,895,99,895
547510,Playing,284672,806,0,0,0,0,5,7367,172,895,172,895
547759,Playing,249856,708,0,0,0,0,5,7369,0,895,0,895
548007,Playing,250880,711,0,0,0,0,5,7372,95,895,95,895
548258,Playing,299008,847,0,0,0,0,5,7377,0,895,1,895
548507,Playing,291840,827,0,0,0,0,5,7380,0,895,0,895
548756,Playing,247808,702,0,0,0,0,5,7385,95,895,95,895
549006,Playing,221184,626,0,0,0,0,5,7387,0,895,0,895
549254,Playing,241664,684,0,0,0,0,5,7391,0,895,0,895
549504,Playing,234496,664,0,0,0,0,5,7394,94,895,94,895
549754,Playing,263168,745,0,0,0,0,5,7398,0,895,0,895
550002,Playing,200704,568,0,0,0,0,5,7399,176,895,176,895
550251,Playing,248832,705,0,0,0,0,5,7404,0,895,0,895
550561,Playing,225280,638,0,0,0,0,5,7407,0,895,0,895
550810,Playing,245760,696,0,0,0,0,5,7411,0,895,0,895
551057,Playing,246784,699,0,0,0,0,5,7414,176,895,177,895
551306,Playing,267264,757,0,0,0,0,5,7418,0,895,0,895
551555,Playing,186368,528,0,0,0,0,5,7421,0,895,14,895
551804,Playing,224256,635,0,0,0,0,5,7426,0,895,0,895
552054,Playing,217088,615,0,0,0,0,5,7429,16,895,16,895
552304,Playing,237568,673,0,0,0,0,5,7433,0,895,0,895
552553,Playing,175104,496,0,0,0,0,5,7434,175,895,175,895
552802,Playing,203776,577,0,0,0,0,5,7438,0,895,0,895
553054,Playing,196608,557,0,0,0,0,5,7441,96,895,96,895
553303,Playing,217088,615,0,0,0,0,5,7445,95,895,95,895
553552,Playing,182272,516,0,0,0,0,5,7447,0,895,0,895
553803,Playing,175104,496,0,0,0,0,5,7450,94,895,95,895
554053,Playing,231424,655,0,0,0,0,5,7455,0,895,0,895
554299,Playing,187392,531,0,0,0,0,5,7460,0,895,0,895
554551,Playing,180224,510,0,0,0,0,5,7463,95,895,95,895
554800,Playing,208896,592,0,0,0,0,5,7467,96,895,96,895
555049,Playing,174080,493,0,0,0,0,5,7469,0,895,0,895
555302,Playing,166912,473,0,0,0,0,5,7472,96,895,96,895
555549,Playing,167936,476,0,0,0,0,5,7475,0,895,0,895
555797,Playing,160768,455,0,0,0,0,5,7478,0,895,0,895
556047,Playing,181248,513,0,0,0,0,5,7482,0,895,0,895
556294,Playing,209920,595,0,0,0,0,5,7486,0,895,0,895
556545,Playing,202752,574,0,0,0,0,5,7489,14,895,14,895
556794,Playing,167936,476,0,0,0,0,5,7491,0,895,0,895
557044,Playing,160768,455,0,0,0,0,5,7497,0,895,15,895
557294,Playing,161792,458,0,0,0,0,5,7500,0,895,0,895
557543,Playing,154624,438,0,0,0,0,5,7503,94,895,94,895
557794,Playing,175104,496,0,0,0,0,5,7507,13,895,13,895
558044,Playing,140288,397,0,0,0,0,5,7509,0,895,0,895
558292,Playing,168960,478,0,0,0,0,5,7513,0,895,0,895
558542,Playing,189440,536,0,0,0,0,5,7517,0,895,0,895
558790,Playing,182272,516,0,0,0,0,5,7520,0,895,0,895
559039,Playing,147456,417,0,0,0,0,5,7522,0,895,0,895
559289,Playing,148480,420,0,0,0,0,5,7525,176,895,176,895
559538,Playing,168960,478,0,0,0,0,5,7529,173,895,173,895
559789,Playing,161792,458,0,0,0,0,5,7532,175,895,175,895
560035,Playing,107520,304,0,0,0,0,5,7536,0,895,0,895
560283,Playing,128000,362,0,0,0,0,5,7540,0,895,0,895
560533,Playing,148480,420,0,0,0,0,5,7544,0,895,0,895
560784,Playing,86016,243,0,0,0,0,5,7545,94,895,94,895
561031,Playing,114688,325,0,0,0,0,5,7549,0,895,0,895
561282,Playing,135168,383,0,0,0,0,5,7553,0,895,0,895
561532,Playing,128000,362,0,0,0,0,5,7556,0,895,0,895
561779,Playing,129024,365,0,0,0,0,5,7559,14,895,14,895
562030,Playing,121856,345,0,0,0,0,5,7562,0,895,0,895
562278,Playing,114688,325,0,0,0,0,5,7565,96,895,96,895
562526,Playing,135168,383,0,0,0,0,5,7569,0,895,0,895
562775,Playing,80896,229,0,0,0,0,5,7570,93,895,93,895
563026,Playing,73728,208,0,0,0,0,5,7576,91,895,91,895
563278,Playing,121856,345,0,0,0,0,5,7581,18,895,18,895
563526,Playing,114688,325,0,0,0,0,5,7584,0,895,0,895
563777,Playing,88064,249,0,0,0,0,5,7586,0,895,0,895
564025,Playing,80896,229,0,0,0,0,5,7589,0,895,0,895
564274,Playing,73728,208,0,0,0,0,5,7592,95,895,95,895
564522,Playing,102400,290,0,0,0,0,5,7596,95,895,95,895
564774,Playing,67584,191,0,0,0,0,5,7598,0,895,0,895
565022,Playing,88064,249,0,0,0,0,5,7602,95,895,95,895
565272,Playing,80896,229,0,0,0,0,5,7605,95,895,95,895
565520,Playing,72704,206,0,0,0,0,5,7608,175,895,175,895
565771,Playing,74752,211,0,0,0,0,5,7614,92,895,92,895
566020,Playing,67584,191,0,0,0,0,5,7617,0,895,0,895
566271,Playing,60416,171,0,0,0,0,5,7620,0,895,0,895
566522,Playing,89088,252,0,0,0,0,5,7624,11,895,11,895
566767,Playing,81920,232,0,0,0,0,5,7627,0,895,0,895
567018,Playing,102400,290,0,0,0,0,5,7631,15,895,15,895
567266,Playing,75776,214,0,0,0,0,5,7633,0,895,0,895
567517,Playing,96256,272,0,0,0,0,5,7637,0,895,0,895
567766,Playing,89088,252,0,0,0,0,5,7640,0,895,0,895
568018,Playing,109568,310,0,0,0,0,5,7644,0,895,0,895
568266,Playing,65536,185,0,0,0,0,5,7648,0,895,13,895
568516,Playing,48128,136,0,0,0,0,5,7651,0,895,0,895
568763,Playing,68608,194,0,0,0,0,5,7655,0,895,0,895
569012,Playing,61440,174,0,0,0,0,5,7658,0,895,0,895
569260,Playing,7168,20,0,0,0,0,5,7659,96,895,96,895
569511,Buffering,110592,313,1,0,0,0,5,7663,171,895,171,895
569761,Buffering,248832,705,1,0,0,0,5,7668,0,895,0,895
570015,Buffering,331776,940,1,0,0,0,5,7671,0,895,0,895
570265,Buffering,346112,981,1,1,0,0,5,7673,0,895,0,895
570513,Buffering,347136,983,1,1,0,0,5,7676,0,895,0,895
570763,Buffering,367616,1041,1,1,0,0,5,7680,94,895,94,895
571014,Buffering,378880,1073,1,1,0,0,5,7686,0,895,14,895
571266,Buffering,380928,1079,1,1,0,0,5,7690,0,895,0,895
571515,Buffering,354304,1004,1,1,0,0,5,7692,94,895,94,895
571762,Buffering,347136,983,1,1,0,0,5,7695,0,895,0,895
572011,Buffering,339968,963,1,1,0,0,5,7698,2,895,2,895
572263,Buffering,340992,966,1,1,0,0,5,7701,105,895,105,895
572509,Buffering,333824,946,1,1,0,0,5,7704,0,895,0,895
572761,Buffering,326656,925,1,1,0,0,5,7707,0,895,0,895
573009,Buffering,319488,905,1,1,0,0,5,7710,95,895,95,895
573260,Buffering,375808,1065,1,1,0,0,5,7715,13,895,13,895
573510,Buffering,368640,1044,1,1,0,0,5,7718,0,895,0,895
573758,Buffering,333824,946,1,1,0,0,5,7720,0,895,0,895
574009,Buffering,317440,899,1,1,0,0,5,7726,0,895,0,895
574260,Buffering,318464,902,1,1,0,0,5,7729,0,895,0,895
574508,Buffering,338944,960,1,1,0,0,5,7733,1,895,1,895
574761,Buffering,276480,783,1,1,0,0,5,7734,174,895,174,895
575010,Buffering,296960,841,1,1,0,0,5,7738,0,895,0,895
575260,Buffering,325632,922,1,1,0,0,5,7742,0,895,0,895
575513,Buffering,318464,902,1,1,0,0,5,7745,0,895,0,895
575759,Buffering,283648,803,1,1,0,0,5,7747,0,895,0,895
576011,Buffering,304128,862,1,1,0,0,5,7751,0,895,0,895
576258,Buffering,305152,864,1,1,0,0,5,7754,94,895,94,895
576509,Buffering,297984,844,1,1,0,0,5,7757,96,895,96,895
576759,Buffering,272384,772,1,1,0,0,5,7762,0,895,14,895
577009,Buffering,246784,699,1,1,0,0,5,7765,0,895,0,895
577259,Buffering,275456,780,1,1,0,0,5,7769,174,895,174,895
577510,Buffering,268288,760,1,1,0,0,5,7772,174,895,174,895
577760,Buffering,233472,661,1,1,0,0,5,7774,0,895,0,895
578007,Buffering,226304,641,1,1,0,0,5,7777,179,895,179,895
578257,Buffering,282624,801,1,1,0,0,5,7782,1,895,1,895
578506,Buffering,275456,780,1,1,0,0,5,7785,91,895,91,895
578755,Buffering,240640,682,1,1,0,0,5,7787,13,895,14,895
579006,Buffering,269312,763,1,1,0,0,5,7791,0,895,0,895
579256,Buffering,262144,743,1,1,0,0,5,7794,97,895,97,895
579505,Buffering,227328,644,1,1,0,0,5,7796,0,895,0,895
579755,Buffering,238592,676,1,1,0,0,5,7803,13,895,13,895
580003,Buffering,211968,600,1,1,0,0,5,7805,0,895,0,895
580252,Buffering,232448,658,1,1,0,0,5,7809,0,895,0,895
580505,Buffering,252928,716,1,1,0,0,5,7813,0,895,0,895
580753,Buffering,171008,484,1,1,0,0,5,7813,0,895,0,895
581002,Buffering,219136,621,1,1,0,0,5,7818,0,895,0,895
581255,Buffering,211968,600,1,1,0,0,5,7821,97,895,97,895
581506,Buffering,232448,658,1,1,0,0,5,7825,0,895,0,895
581756,Buffering,197632,560,1,1,0,0,5,7827,0,895,0,895
582009,Buffering,198656,563,1,1,0,0,5,7830,93,895,93,895
582260,Buffering,219136,621,1,1,0,0,5,7834,95,895,96,895
582509,Buffering,211968,600,1,1,0,0,5,7840,0,895,0,895
582760,Buffering,149504,423,1,1,0,0,5,7841,175,895,175,895
583028,Buffering,169984,481,1,1,0,0,5,7845,0,895,0,895
583280,Buffering,162816,461,1,1,0,0,5,7848,88,895,88,895
583534,Buffering,183296,519,1,1,0,0,5,7852,92,895,92,895
583785,Buffering,203776,577,1,1,0,0,5,7856,0,895,0,895
584034,Buffering,232448,658,1,1,0,0,5,7860,0,895,0,895
584286,Buffering,169984,481,1,1,0,0,5,7861,97,895,97,895
584535,Buffering,190464,539,1,1,0,0,5,7865,14,895,14,895
584780,Buffering,183296,519,1,1,0,0,5,7868,98,895,98,895
585032,Buffering,211968,600,1,1,0,0,5,7872,16,895,16,895
585284,Buffering,177152,502,1,1,0,0,5,7877,94,895,94,895
585534,Buffering,197632,560,1,1,0,0,5,7881,95,895,95,895
585782,Buffering,171008,484,1,1,0,0,5,7883,0,895,0,895
586032,Buffering,191488,542,1,1,0,0,5,7887,0,895,0,895
586280,Buffering,184320,522,1,1,0,0,5,7890,0,895,0,895
586528,Buffering,149504,423,1,1,0,0,5,7892,0,895,0,895
586777,Buffering,178176,505,1,1,0,0,5,7896,0,895,0,895
587028,Buffering,198656,563,1,1,0,0,5,7900,0,895,0,895
587279,Buffering,163840,464,1,1,0,0,5,7902,0,895,0,895
587527,Buffering,164864,467,1,1,0,0,5,7905,0,895,0,895
587775,Buffering,157696,446,1,1,0,0,5,7908,95,895,95,895
588026,Buffering,150528,426,1,1,0,0,5,7914,0,895,14,895
588276,Buffering,151552,429,1,1,0,0,5,7917,94,895,94,895
588525,Buffering,199680,565,1,1,0,0,5,7922,15,895,15,895
588773,Buffering,137216,388,1,1,0,0,5,7923,175,895,175,895
589022,Buffering,157696,446,1,1,0,0,5,7927,0,895,0,895
589270,Buffering,158720,449,1,1,0,0,5,7930,0,895,0,895
589517,Buffering,179200,507,1,1,0,0,5,7934,13,895,13,895
589765,Buffering,144384,409,1,1,0,0,5,7936,0,895,0,895
590011,Buffering,145408,412,1,1,0,0,5,7939,0,895,0,895
590263,Buffering,165888,470,1,1,0,0,5,7943,97,895,97,895
590510,Buffering,186368,528,1,1,0,0,5,7947,0,895,0,895
590762,Buffering,150528,426,1,1,0,0,5,7949,95,895,95,895
591012,Buffering,124928,354,1,1,0,0,5,7954,0,895,0,895
591263,Buffering,145408,412,1,1,0,0,5,7958,0,895,0,895
591512,Buffering,138240,391,1,1,0,0,5,7961,0,895,0,895
591763,Buffering,166912,473,1,1,0,0,5,7965,94,895,94,895
592017,Buffering,104448,296,1,1,0,0,5,7966,175,895,175,895
592267,Buffering,124928,354,1,1,0,0,5,7970,173,895,173,895
592514,Buffering,173056,490,1,1,0,0,5,7975,0,895,0,895
592764,Buffering,91136,258,1,1,0,0,5,7975,0,895,0,895
593013,Buffering,111616,316,1,1,0,0,5,7979,97,895,97,895
593264,Buffering,132096,374,1,1,0,0,5,7983,0,895,0,895
593514,Buffering,124928,354,1,1,0,0,5,7986,95,895,95,895
593763,Buffering,125952,357,1,1,0,0,5,7992,0,895,0,895
594013,Buffering,91136,258,1,1,0,0,5,7994,0,895,0,895
594264,Buffering,83968,238,1,1,0,0,5,7997,175,895,175,895
594513,Buffering,76800,217,1,1,0,0,5,8000,0,895,0,895
594761,Buffering,105472,298,1,1,0,0,5,8004,92,895,92,895
595011,Buffering,70656,200,1,1,0,0,5,8006,2,895,2,895
595258,Buffering,118784,336,1,1,0,0,5,8011,0,895,0,895
595506,Buffering,92160,261,1,1,0,0,5,8013,95,895,95,895
595756,Buffering,112640,319,1,1,0,0,5,8017,98,895,98,895
596006,Buffering,133120,377,1,1,0,0,5,8021,1,895,1,895
596254,Buffering,98304,278,1,1,0,0,5,8023,0,895,0,895
596503,Buffering,71680,203,1,1,0,0,5,8028,179,895,179,895
596751,Buffering,92160,261,1,1,0,0,5,8032,0,895,0,895
597002,Buffering,112640,319,1,1,0,0,5,8036,0,895,0,895
597253,Buffering,58368,165,1,1,0,0,5,8037,175,895,176,895
597505,Buffering,78848,223,1,1,0,0,5,8041,0,895,0,895
597756,Buffering,99328,281,1,1,0,0,5,8045,0,895,0,895
598006,Buffering,92160,261,1,1,0,0,5,8048,0,895,0,895
598257,Buffering,112640,319,1,1,0,0,5,8052,0,895,0,895
598509,Buffering,58368,165,1,1,0,0,5,8053,177,895,177,895
598758,Buffering,78848,223,1,1,0,0,5,8057,0,895,0,895
599009,Buffering,99328,281,1,1,0,0,5,8061,0,895,0,895
599257,Buffering,36864,104,1,1,0,0,5,8062,175,895,175,895
599506,Buffering,28672,81,1,1,0,0,5,8068,96,895,96,895
599756,Buffering,49152,139,1,1,0,0,5,8072,0,895,0,895
600003,Buffering,55296,156,1,1,0,0,5,8075,0,895,0,895
