t_ms,state,buffered_bytes,buffered_ms,underruns,resumes,play_failures,stream_rebuilds,sessions,chunk_reads,last_chunk_ms,max_chunk_ms,last_push_gap_ms,max_push_gap_ms
50,Off,0,0,0,0,0,0,1,0,0,0,0,0
252,Off,0,0,0,0,0,0,1,0,0,0,0,0
504,Off,0,0,0,0,0,0,1,0,0,0,0,0
758,Off,0,0,0,0,0,0,1,0,0,0,0,0
1011,Off,0,0,0,0,0,0,1,0,0,0,0,0
1263,Off,0,0,0,0,0,0,1,0,0,0,0,0
1514,Off,0,0,0,0,0,0,1,0,0,0,0,0
1766,Off,0,0,0,0,0,0,1,0,0,0,0,0
2020,Off,0,0,0,0,0,0,1,0,0,0,0,0
2250,Off,0,0,0,0,0,0,1,0,0,0,0,0
2504,Off,0,0,0,0,0,0,1,0,0,0,0,0
2758,Off,0,0,0,0,0,0,1,0,0,0,0,0
3050,Off,0,0,0,0,0,0,1,0,0,0,0,0
3302,Off,0,0,0,0,0,0,1,0,0,0,0,0
3553,Off,0,0,0,0,0,0,1,4,0,399,0,0
3801,Reconnecting,0,0,0,0,0,0,1,17,0,399,0,0
4050,Reconnecting,0,0,0,0,0,0,1,17,0,399,0,0
4301,Reconnecting,0,0,0,0,0,0,1,17,0,399,0,0
4550,Reconnecting,0,0,0,0,0,0,1,17,0,399,0,0
4799,Reconnecting,0,0,0,0,0,0,1,17,0,399,0,0
5047,Reconnecting,0,0,0,0,0,0,1,17,0,399,0,0
5299,Reconnecting,0,0,0,0,0,0,1,17,0,399,0,0
5549,Reconnecting,0,0,0,0,0,0,1,17,0,399,0,0
5803,Reconnecting,0,0,0,0,0,0,1,17,0,399,0,0
6051,Reconnecting,0,0,0,0,0,0,1,17,0,399,0,0
6303,Reconnecting,0,0,0,0,0,0,1,17,0,399,0,0
6551,Reconnecting,0,0,0,0,0,0,1,17,0,399,0,0
6800,Reconnecting,0,0,0,0,0,0,1,17,0,399,0,0
7008,Reconnecting,0,0,0,0,0,0,1,17,0,399,0,0
7301,Reconnecting,0,0,0,0,0,0,1,17,0,399,0,0
7502,Reconnecting,0,0,0,0,0,0,1,17,0,399,0,0
7752,Reconnecting,0,0,0,0,0,0,1,17,0,399,0,0
8001,Reconnecting,0,0,0,0,0,0,1,17,0,399,0,0
8253,Reconnecting,0,0,0,0,0,0,1,17,0,399,0,0
8505,Reconnecting,0,0,0,0,0,0,1,17,0,399,0,0
8755,Reconnecting,0,0,0,0,0,0,2,17,0,399,0,0
9030,Reconnecting,0,0,0,0,0,0,2,17,0,399,0,0
9281,Reconnecting,0,0,0,0,0,0,2,17,0,399,0,0
9529,Reconnecting,0,0,0,0,0,0,2,17,0,399,0,0
9750,Reconnecting,0,0,0,0,0,0,2,17,0,399,0,0
10009,Reconnecting,0,0,0,0,0,0,2,17,0,399,0,0
10341,Reconnecting,0,0,0,0,0,0,2,17,0,399,0,0
10560,Reconnecting,0,0,0,0,0,0,2,17,0,399,0,0
10771,Reconnecting,0,0,0,0,0,0,2,17,0,399,0,0
11000,Reconnecting,55296,156,0,0,0,0,2,23,0,399,0,396
11287,Reconnecting,258048,731,0,0,0,0,2,37,1,399,1,396
11550,Reconnecting,976896,2768,0,0,0,0,2,83,0,399,0,396
11804,Playing,1516544,4298,0,0,0,0,2,116,0,399,0,396
12125,Playing,1438720,4078,0,0,0,0,2,117,390,399,390,396
12307,Playing,1686528,4780,0,0,0,0,2,137,0,399,0,396
12528,Playing,1631232,4623,0,0,0,0,2,138,346,399,346,396
12871,Playing,1618944,4588,0,0,0,0,2,146,0,399,0,396
13057,Playing,1737728,4925,0,0,0,0,2,155,0,399,0,396
13305,Playing,1813504,5140,0,0,0,0,2,164,0,399,0,396
13520,Playing,1739776,4931,0,0,0,0,2,164,0,399,0,396
13784,Playing,1695744,4806,0,0,0,0,2,169,0,425,0,425
14061,Playing,1597440,4527,0,0,0,0,2,169,0,425,0,425
14279,Playing,1589248,4504,0,0,0,0,2,174,0,425,0,425
14595,Playing,1547264,4385,0,0,0,0,2,177,0,425,0,425
14850,Playing,1457152,4130,0,0,0,0,2,179,0,425,0,425
15025,Playing,1456128,4127,0,0,0,0,2,184,0,425,0,425
15280,Playing,1366016,3871,0,0,0,0,2,184,0,425,0,425
15533,Playing,1349632,3825,0,0,0,0,2,189,0,425,0,425
15784,Playing,1313792,3723,0,0,0,0,2,194,0,425,0,425
16021,Playing,1223680,3468,0,0,0,0,2,194,0,425,0,425
16290,Playing,1198080,3395,0,0,0,0,2,199,0,425,0,425
16517,Playing,1180672,3346,0,0,0,0,2,204,0,425,0,425
16770,Playing,1090560,3091,0,0,0,0,2,204,0,425,0,425
17055,Playing,1056768,2995,0,0,0,0,2,209,0,425,0,425
17310,Playing,966656,2739,0,0,0,0,2,209,0,425,0,425
17565,Playing,941056,2667,0,0,0,0,2,214,0,425,0,425
17751,Playing,903168,2560,0,0,0,0,2,219,0,425,0,425
18037,Playing,796672,2258,0,0,0,0,2,219,0,425,0,425
18299,Playing,780288,2211,0,0,0,0,2,224,0,425,0,425
18507,Playing,771072,2185,0,0,0,0,2,229,0,425,0,425
18753,Playing,680960,1930,0,0,0,0,2,229,0,425,0,425
19020,Playing,655360,1857,0,0,0,0,2,234,0,425,0,425
19291,Playing,575488,1631,0,0,0,0,2,235,384,425,384,425
19543,Playing,531456,1506,0,0,0,0,2,239,0,425,0,425
19811,Playing,487424,1381,0,0,0,0,2,244,0,425,0,425
20087,Playing,389120,1102,0,0,0,0,2,244,0,425,0,425
20299,Playing,379904,1076,0,0,0,0,2,249,0,425,0,425
20520,Playing,371712,1053,0,0,0,0,2,254,0,425,0,425
20767,Playing,281600,798,0,0,0,0,2,254,0,425,0,425
21017,Playing,273408,774,0,0,0,0,2,259,0,425,0,425
21268,Playing,183296,519,0,0,0,0,2,259,0,425,0,425
21521,Playing,157696,446,0,0,0,0,2,264,0,425,0,425
21784,Playing,95232,269,0,0,0,0,2,269,0,425,0,425
22053,Playing,0,0,0,0,0,0,2,269,0,425,0,425
22298,Buffering,73728,208,1,0,0,0,2,274,0,425,0,425
22545,Buffering,138240,391,1,0,0,0,2,279,0,425,0,425
22793,Buffering,138240,391,1,0,0,0,2,279,0,425,0,425
23044,Buffering,202752,574,1,0,0,0,2,284,0,425,0,425
23295,Buffering,202752,574,1,0,0,0,2,284,0,425,0,425
23546,Buffering,267264,757,1,0,0,0,2,289,0,425,0,425
23799,Buffering,313344,888,1,0,0,0,2,294,0,425,0,425
24045,Buffering,313344,888,1,0,0,0,2,294,0,425,0,425
24296,Buffering,304128,862,1,1,0,0,2,299,0,425,0,425
24546,Buffering,295936,838,1,1,0,0,2,304,0,425,0,425
24799,Buffering,205824,583,1,1,0,0,2,304,0,425,0,425
25053,Buffering,189440,536,1,1,0,0,2,309,0,425,0,425
25304,Buffering,163840,464,1,1,0,0,2,314,0,425,0,425
25552,Buffering,73728,208,1,1,0,0,2,314,0,425,0,425
25803,Buffering,19456,55,1,1,0,0,2,319,0,425,0,425
26050,Buffering,0,0,1,1,0,0,2,319,0,425,0,425
26301,Buffering,73728,208,1,1,0,0,2,324,0,425,0,425
26505,Buffering,73728,208,1,1,0,0,2,324,0,425,0,425
26752,Buffering,138240,391,1,1,0,0,2,329,0,451,0,452
27004,Buffering,202752,574,1,1,0,0,2,334,0,451,0,452
27253,Buffering,202752,574,1,1,0,0,2,334,0,451,0,452
27502,Playing,185344,525,1,2,0,0,2,339,0,451,0,452
27750,Playing,149504,423,1,2,0,0,2,344,0,451,0,452
28001,Playing,59392,168,1,2,0,0,2,344,0,451,0,452
28251,Playing,33792,95,1,2,0,0,2,349,0,451,0,452
28559,Buffering,64512,182,2,2,0,0,2,354,0,451,0,452
28810,Buffering,64512,182,2,2,0,0,2,354,0,451,0,452
29061,Buffering,129024,365,2,2,0,0,2,359,0,451,0,452
29309,Buffering,193536,548,2,2,0,0,2,364,0,451,0,452
29561,Buffering,193536,548,2,2,0,0,2,364,0,451,0,452
29811,Buffering,221184,626,2,2,0,0,2,369,0,451,0,452
30061,Buffering,221184,626,2,2,0,0,2,369,0,451,0,452
30309,Buffering,294912,835,2,2,0,0,2,374,0,451,0,452
30557,Buffering,334848,949,2,3,0,0,2,379,0,451,0,452
30805,Buffering,244736,693,2,3,0,0,2,379,0,451,0,452
31056,Buffering,219136,621,2,3,0,0,2,384,0,451,0,452
31308,Buffering,201728,571,2,3,0,0,2,389,0,451,0,452
31557,Buffering,111616,316,2,3,0,0,2,389,0,451,0,452
31807,Buffering,67584,191,2,3,0,0,2,394,0,451,0,452
32057,Buffering,0,0,2,3,0,0,2,394,0,451,0,452
32305,Buffering,64512,182,2,3,0,0,2,399,0,451,0,452
32556,Buffering,129024,365,2,3,0,0,2,404,0,451,0,452
32804,Buffering,129024,365,2,3,0,0,2,404,0,451,0,452
33054,Buffering,193536,548,2,3,0,0,2,409,0,451,0,452
33303,Buffering,258048,731,2,3,0,0,2,414,0,451,0,452
33553,Buffering,258048,731,2,3,0,0,2,414,0,451,0,452
33803,Playing,236544,670,2,4,0,0,2,419,0,451,0,452
34053,Playing,146432,415,2,4,0,0,2,419,0,451,0,452
34303,Playing,138240,391,2,4,0,0,2,424,0,451,0,452
34553,Playing,112640,319,2,4,0,0,2,429,0,451,0,452
34803,Playing,22528,63,2,4,0,0,2,429,0,451,0,452
35053,Buffering,64512,182,3,4,0,0,2,434,0,451,0,452
35300,Buffering,129024,365,3,4,0,0,2,439,0,451,0,452
35550,Buffering,129024,365,3,4,0,0,2,439,0,451,0,452
35800,Buffering,165888,470,3,4,0,0,2,444,0,451,0,452
36050,Buffering,165888,470,3,4,0,0,2,444,0,451,0,452
36300,Buffering,230400,653,3,4,0,0,2,449,0,451,0,452
36552,Buffering,294912,835,3,4,0,0,2,454,0,451,0,452
36804,Buffering,294912,835,3,4,0,0,2,454,0,451,0,452
37055,Buffering,294912,835,3,5,0,0,2,459,0,451,0,452
37307,Buffering,268288,760,3,5,0,0,2,464,0,451,0,452
37553,Buffering,178176,505,3,5,0,0,2,464,0,451,0,452
37805,Buffering,115712,327,3,5,0,0,2,469,0,451,0,452
38052,Buffering,33792,95,3,5,0,0,2,469,0,451,0,452
38300,Buffering,17408,49,3,5,0,0,2,474,0,451,0,452
38548,Buffering,64512,182,3,5,0,0,2,479,0,451,0,452
38805,Buffering,64512,182,3,5,0,0,2,479,0,451,0,452
39008,Buffering,129024,365,3,5,0,0,2,484,0,451,0,452
39258,Buffering,129024,365,3,5,0,0,2,484,0,451,0,452
39508,Buffering,193536,548,3,5,0,0,2,489,0,451,0,452
39757,Buffering,230400,653,3,5,0,0,2,494,0,451,0,452
40004,Buffering,230400,653,3,5,0,0,2,494,0,451,0,452
40261,Reconnecting,0,0,3,6,0,0,2,495,404,451,405,452
40503,Reconnecting,0,0,3,6,0,0,2,495,404,451,405,452
40753,Reconnecting,0,0,3,6,0,0,2,495,404,451,405,452
41005,Reconnecting,0,0,3,6,0,0,2,495,404,451,405,452
41267,Reconnecting,0,0,3,6,0,0,2,495,404,451,405,452
41513,Reconnecting,0,0,3,6,0,0,2,495,404,451,405,452
41766,Reconnecting,0,0,3,6,0,0,2,495,404,451,405,452
42017,Reconnecting,0,0,3,6,0,0,2,495,404,451,405,452
42295,Reconnecting,0,0,3,6,0,0,2,495,404,451,405,452
42542,Reconnecting,0,0,3,6,0,0,2,495,404,451,405,452
42794,Reconnecting,0,0,3,6,0,0,2,495,404,451,405,452
43042,Reconnecting,0,0,3,6,0,0,2,495,404,451,405,452
43296,Reconnecting,0,0,3,6,0,0,2,495,404,451,405,452
43542,Reconnecting,0,0,3,6,0,0,2,495,404,451,405,452
43791,Reconnecting,0,0,3,6,0,0,2,495,404,451,405,452
44041,Reconnecting,0,0,3,6,0,0,2,495,404,451,405,452
44287,Reconnecting,0,0,3,6,0,0,2,495,404,451,405,452
44537,Reconnecting,0,0,3,6,0,0,2,495,404,451,405,452
44784,Reconnecting,0,0,3,6,0,0,2,495,404,451,405,452
45032,Reconnecting,0,0,3,6,0,0,2,495,404,451,405,452
45280,Reconnecting,0,0,3,6,0,0,3,495,404,451,405,452
45530,Reconnecting,0,0,3,6,0,0,3,495,404,451,405,452
45780,Reconnecting,0,0,3,6,0,0,3,495,404,451,405,452
46033,Reconnecting,0,0,3,6,0,0,3,495,404,451,405,452
46282,Reconnecting,0,0,3,6,0,0,3,495,404,451,405,452
46530,Reconnecting,0,0,3,6,0,0,3,495,404,451,405,452
46780,Reconnecting,0,0,3,6,0,0,3,495,404,451,405,452
47029,Reconnecting,0,0,3,6,0,0,3,495,404,451,405,452
47279,Reconnecting,36864,104,3,6,0,0,3,501,0,451,0,452
47529,Reconnecting,239616,679,3,6,0,0,3,515,0,451,0,452
47779,Reconnecting,645120,1828,3,6,0,0,3,542,0,451,0,452
48028,Playing,1484800,4208,3,6,0,0,3,591,0,451,0,452
48278,Playing,1440768,4083,3,6,0,0,3,594,0,451,0,452
48529,Playing,1700864,4821,3,6,0,0,3,615,0,451,0,452
48774,Playing,1618944,4588,3,6,0,0,3,615,0,451,0,452
49021,Playing,1657856,4699,3,6,0,0,3,624,0,451,0,452
49272,Playing,1752064,4966,3,6,0,0,3,633,0,451,0,452
49520,Playing,1670144,4733,3,6,0,0,3,633,0,451,0,452
49769,Playing,1755136,4974,3,6,0,0,3,642,0,451,0,452
50020,Playing,1665024,4719,3,6,0,0,3,642,0,451,0,452
50271,Playing,1630208,4620,3,6,0,0,3,647,0,451,0,452
50524,Playing,1604608,4548,3,6,0,0,3,652,0,451,0,452
50775,Playing,1522688,4316,3,6,0,0,3,652,0,451,0,452
51024,Playing,1497088,4243,3,6,0,0,3,657,0,451,0,452
51274,Playing,1471488,4170,3,6,0,0,3,662,0,451,0,452
51525,Playing,1381376,3915,3,6,0,0,3,662,0,451,0,452
51775,Playing,1363968,3866,3,6,0,0,3,667,0,451,0,452
52023,Playing,1310720,3715,3,6,0,0,3,672,0,451,0,452
52272,Playing,1220608,3459,3,6,0,0,3,672,0,451,0,452
52520,Playing,1203200,3410,3,6,0,0,3,677,0,451,0,452
52771,Playing,1113088,3155,3,6,0,0,3,677,0,451,0,452
53024,Playing,1096704,3108,3,6,0,0,3,682,0,451,0,452
53275,Playing,1080320,3062,3,6,0,0,3,687,0,451,0,452
53549,Playing,982016,2783,3,6,0,0,3,687,0,451,0,452
53792,Playing,964608,2734,3,6,0,0,3,692,0,451,0,452
54013,Playing,882688,2501,3,6,0,0,3,692,0,451,0,452
54259,Playing,837632,2374,3,6,0,0,3,697,0,451,0,452
54509,Playing,821248,2327,3,6,0,0,3,702,0,451,0,452
54761,Playing,731136,2072,3,6,0,0,3,702,0,451,0,452
55011,Playing,705536,1999,3,6,0,0,3,707,0,451,0,452
55262,Playing,688128,1950,3,6,0,0,3,712,0,451,0,452
55513,Playing,598016,1695,3,6,0,0,3,712,0,451,0,452
55762,Playing,572416,1622,3,6,0,0,3,717,0,451,0,452
56013,Playing,519168,1471,3,6,0,0,3,722,0,451,0,452
56262,Playing,437248,1239,3,6,0,0,3,722,0,451,0,452
56511,Playing,411648,1166,3,6,0,0,3,727,0,451,0,452
56758,Playing,321536,911,3,6,0,0,3,727,0,451,0,452
57008,Playing,305152,864,3,6,0,0,3,732,0,451,0,452
57259,Playing,296960,841,3,6,0,0,3,737,0,451,0,452
57508,Playing,206848,586,3,6,0,0,3,737,0,451,0,452
57759,Playing,181248,513,3,6,0,0,3,742,0,451,0,452
58007,Playing,128000,362,3,6,0,0,3,747,0,451,0,452
58257,Playing,46080,130,3,6,0,0,3,747,0,451,0,452
58507,Buffering,73728,208,4,6,0,0,3,752,0,451,0,452
58754,Buffering,73728,208,4,6,0,0,3,752,0,451,0,452
59003,Buffering,138240,391,4,6,0,0,3,757,0,451,0,452
59253,Buffering,202752,574,4,6,0,0,3,762,0,451,0,452
59502,Buffering,202752,574,4,6,0,0,3,762,0,451,0,452
59752,Buffering,267264,757,4,6,0,0,3,767,0,451,0,452
60062,Buffering,313344,888,4,6,0,0,3,772,2,451,2,452
60250,Buffering,313344,888,4,6,0,0,3,772,2,451,2,452
60561,Buffering,320512,908,4,7,0,0,3,777,0,451,0,452
60750,Buffering,254976,722,4,7,0,0,3,777,0,451,0,452
61062,Buffering,222208,629,4,7,0,0,3,782,0,451,0,452
61250,Buffering,230400,653,4,7,0,0,3,787,0,451,0,452
61503,Buffering,140288,397,4,7,0,0,3,787,0,451,0,452
61812,Buffering,98304,278,4,7,0,0,3,792,0,451,0,452
62000,Buffering,52224,148,4,7,0,0,3,793,397,451,397,452
62253,Buffering,0,0,4,7,0,0,3,797,0,451,0,452
62504,Buffering,73728,208,4,7,0,0,3,802,0,451,0,452
62753,Buffering,73728,208,4,7,0,0,3,802,0,451,0,452
63007,Buffering,138240,391,4,7,0,0,3,807,0,451,0,452
63280,Buffering,202752,574,4,7,0,0,3,812,0,451,0,452
63520,Buffering,202752,574,4,7,0,0,3,812,0,451,0,452
63774,Playing,201728,571,4,8,0,0,3,817,0,451,0,452
64022,Playing,157696,446,4,8,0,0,3,822,1,451,1,452
64274,Playing,67584,191,4,8,0,0,3,822,1,451,1,452
64520,Playing,50176,142,4,8,0,0,3,827,0,451,0,452
64770,Playing,0,0,4,8,0,0,3,827,0,451,0,452
65017,Buffering,73728,208,5,8,0,0,3,832,0,451,0,452
65266,Buffering,147456,417,5,8,0,0,3,837,0,451,0,452
65521,Buffering,147456,417,5,8,0,0,3,837,0,451,0,452
65770,Buffering,211968,600,5,8,0,0,3,842,0,451,0,452
66017,Buffering,248832,705,5,8,0,0,3,847,0,451,0,452
66270,Buffering,248832,705,5,8,0,0,3,847,0,451,0,452
66591,Buffering,322560,914,5,8,0,0,3,852,0,451,0,452
66769,Buffering,322560,914,5,8,0,0,3,852,0,451,0,452
67017,Buffering,305152,864,5,9,0,0,3,857,0,451,0,452
67266,Buffering,287744,815,5,9,0,0,3,862,0,451,0,452
67515,Buffering,197632,560,5,9,0,0,3,862,0,451,0,452
67762,Buffering,172032,487,5,9,0,0,3,867,0,451,0,452
68015,Buffering,128000,362,5,9,0,0,3,872,0,451,0,452
68263,Buffering,46080,130,5,9,0,0,3,872,0,451,0,452
68511,Buffering,64512,182,5,9,0,0,3,877,0,451,0,452
68761,Buffering,64512,182,5,9,0,0,3,877,0,451,0,452
69011,Buffering,138240,391,5,9,0,0,3,882,0,451,0,452
69259,Buffering,211968,600,5,9,0,0,3,887,0,451,0,452
69509,Buffering,211968,600,5,9,0,0,3,887,0,451,0,452
69762,Buffering,276480,783,5,9,0,0,3,892,0,451,0,452
70012,Playing,304128,862,5,10,0,0,3,893,419,451,419,452
70271,Playing,223232,632,5,10,0,0,3,897,0,451,0,452
70524,Playing,206848,586,5,10,0,0,3,902,0,451,0,452
70774,Playing,124928,354,5,10,0,0,3,902,0,451,0,452
71023,Playing,99328,281,5,10,0,0,3,907,0,451,0,452
71274,Playing,73728,208,5,10,0,0,3,912,0,451,0,452
71524,Playing,0,0,5,10,0,0,3,912,0,451,0,452
71776,Buffering,64512,182,6,10,0,0,3,917,0,451,0,452
72028,Buffering,101376,287,6,10,0,0,3,922,0,451,0,452
72280,Buffering,101376,287,6,10,0,0,3,922,0,451,0,452
72528,Buffering,165888,470,6,10,0,0,3,927,0,451,0,452
72778,Buffering,165888,470,6,10,0,0,3,927,0,451,0,452
73036,Buffering,239616,679,6,10,0,0,3,932,0,451,0,452
73287,Buffering,313344,888,6,10,0,0,3,937,2,451,2,452
73534,Buffering,313344,888,6,10,0,0,3,937,2,451,2,452
73787,Buffering,303104,859,6,11,0,0,3,942,0,451,0,452
74046,Buffering,249856,708,6,11,0,0,3,947,0,451,0,452
74299,Buffering,159744,452,6,11,0,0,3,947,0,451,0,452
74549,Buffering,143360,406,6,11,0,0,3,952,0,451,0,452
74797,Buffering,117760,333,6,11,0,0,3,957,0,451,0,452
75047,Buffering,27648,78,6,11,0,0,3,957,0,451,0,452
75292,Buffering,64512,182,6,11,0,0,3,962,0,451,0,452
75555,Buffering,64512,182,6,11,0,0,3,962,0,451,0,452
75804,Buffering,129024,365,6,11,0,0,3,967,0,451,0,452
76054,Buffering,165888,470,6,11,0,0,3,972,0,451,0,452
76378,Buffering,165888,470,6,11,0,0,3,972,0,451,0,452
76521,Buffering,230400,653,6,11,0,0,3,977,0,451,0,452
76775,Buffering,230400,653,6,11,0,0,3,977,0,451,0,452
77029,Reconnecting,0,0,6,12,0,0,3,978,366,451,366,452
77274,Reconnecting,0,0,6,12,0,0,3,978,366,451,366,452
77523,Reconnecting,0,0,6,12,0,0,3,978,366,451,366,452
77774,Reconnecting,0,0,6,12,0,0,3,978,366,451,366,452
78000,Reconnecting,0,0,6,12,0,0,3,978,366,451,366,452
78329,Reconnecting,0,0,6,12,0,0,3,978,366,451,366,452
78512,Reconnecting,0,0,6,12,0,0,3,978,366,451,366,452
78771,Reconnecting,0,0,6,12,0,0,3,978,366,451,366,452
79024,Reconnecting,0,0,6,12,0,0,3,978,366,451,366,452
79275,Reconnecting,0,0,6,12,0,0,3,978,366,451,366,452
79529,Reconnecting,0,0,6,12,0,0,3,978,366,451,366,452
79778,Reconnecting,0,0,6,12,0,0,3,978,366,451,366,452
80091,Reconnecting,0,0,6,12,0,0,3,978,366,451,366,452
80287,Reconnecting,0,0,6,12,0,0,3,978,366,451,366,452
80583,Reconnecting,0,0,6,12,0,0,3,978,366,451,366,452
80767,Reconnecting,0,0,6,12,0,0,3,978,366,451,366,452
81015,Reconnecting,0,0,6,12,0,0,3,978,366,451,366,452
81271,Reconnecting,0,0,6,12,0,0,3,978,366,451,366,452
81542,Reconnecting,0,0,6,12,0,0,3,978,366,451,366,452
81788,Reconnecting,0,0,6,12,0,0,3,978,366,451,366,452
82036,Reconnecting,0,0,6,12,0,0,4,978,366,451,366,452
82303,Reconnecting,0,0,6,12,0,0,4,978,366,451,366,452
82501,Reconnecting,0,0,6,12,0,0,4,978,366,451,366,452
82758,Reconnecting,0,0,6,12,0,0,4,978,366,451,366,452
83008,Reconnecting,0,0,6,12,0,0,4,978,366,451,366,452
83262,Reconnecting,0,0,6,12,0,0,4,978,366,451,366,452
83509,Reconnecting,0,0,6,12,0,0,4,978,366,451,366,452
83756,Reconnecting,64512,182,6,12,0,0,4,982,0,451,0,452
84008,Reconnecting,304128,862,6,12,0,0,4,998,0,451,0,452
84258,Reconnecting,1022976,2899,6,12,0,0,4,1044,0,451,0,452
84511,Playing,1579008,4475,6,12,0,0,4,1077,0,451,0,452
84761,Playing,1488896,4220,6,12,0,0,4,1077,0,451,0,452
85007,Playing,1757184,4980,6,12,0,0,4,1098,0,451,0,452
85254,Playing,1796096,5090,6,12,0,0,4,1107,0,451,0,452
85508,Playing,1705984,4835,6,12,0,0,4,1107,0,451,0,452
85758,Playing,1808384,5125,6,12,0,0,4,1116,0,451,0,452
86008,Playing,1718272,4870,6,12,0,0,4,1116,0,451,0,452
86258,Playing,1794048,5085,6,12,0,0,4,1125,0,451,0,452
86508,Playing,1750016,4960,6,12,0,0,4,1130,0,451,0,452
86757,Playing,1659904,4704,6,12,0,0,4,1130,0,451,0,452
87005,Playing,1651712,4681,6,12,0,0,4,1135,0,451,0,452
87257,Playing,1626112,4609,6,12,0,0,4,1140,0,451,0,452
87504,Playing,1536000,4353,6,12,0,0,4,1140,0,451,0,452
87754,Playing,1510400,4281,6,12,0,0,4,1145,0,451,0,452
88006,Playing,1428480,4048,6,12,0,0,4,1145,0,451,0,452
88253,Playing,1412096,4002,6,12,0,0,4,1150,2,451,2,452
88504,Playing,1368064,3877,6,12,0,0,4,1155,0,451,0,452
88753,Playing,1277952,3622,6,12,0,0,4,1155,0,451,0,452
89000,Playing,1260544,3572,6,12,0,0,4,1160,0,451,0,452
89253,Playing,1234944,3500,6,12,0,0,4,1165,0,451,0,452
89504,Playing,1144832,3244,6,12,0,0,4,1165,0,451,0,452
89754,Playing,1119232,3172,6,12,0,0,4,1170,0,451,0,452
90012,Playing,1029120,2917,6,12,0,0,4,1170,0,451,0,452
90253,Playing,1011712,2867,6,12,0,0,4,1175,0,451,0,452
90504,Playing,949248,2690,6,12,0,0,4,1180,0,451,0,452
90753,Playing,859136,2435,6,12,0,0,4,1180,0,451,0,452
91000,Playing,850944,2411,6,12,0,0,4,1185,0,451,0,452
91252,Playing,825344,2339,6,12,0,0,4,1190,0,451,0,452
91503,Playing,735232,2083,6,12,0,0,4,1190,0,451,0,452
91754,Playing,709632,2011,6,12,0,0,4,1195,0,451,0,452
92003,Playing,627712,1779,6,12,0,0,4,1195,0,451,0,452
92261,Playing,593920,1683,6,12,0,0,4,1200,0,451,0,452
92502,Playing,558080,1581,6,12,0,0,4,1205,0,451,0,452
92750,Playing,467968,1326,6,12,0,0,4,1205,0,451,0,452
93002,Playing,450560,1277,6,12,0,0,4,1210,0,451,0,452
93250,Playing,424960,1204,6,12,0,0,4,1215,0,451,0,452
93500,Playing,334848,949,6,12,0,0,4,1215,0,451,0,452
93811,Playing,292864,830,6,12,0,0,4,1220,0,451,0,452
94061,Playing,267264,757,6,12,0,0,4,1225,0,451,0,452
94311,Playing,177152,502,6,12,0,0,4,1225,0,451,0,452
94558,Playing,122880,348,6,12,0,0,4,1230,0,451,0,452
94808,Playing,32768,92,6,12,0,0,4,1230,0,451,0,452
95054,Playing,16384,46,6,12,0,0,4,1235,0,451,0,452
95273,Buffering,64512,182,7,12,0,0,4,1240,0,451,0,452
95521,Buffering,64512,182,7,12,0,0,4,1240,0,451,0,452
95771,Buffering,129024,365,7,12,0,0,4,1245,0,451,0,452
96020,Buffering,129024,365,7,12,0,0,4,1245,0,451,0,452
96286,Buffering,193536,548,7,12,0,0,4,1250,0,451,0,452
96538,Buffering,239616,679,7,12,0,0,4,1255,0,451,0,452
96790,Buffering,239616,679,7,12,0,0,4,1255,0,451,0,452
97041,Buffering,304128,862,7,12,0,0,4,1260,0,451,0,452
97296,Buffering,344064,975,7,13,0,0,4,1265,0,451,0,452
97546,Buffering,253952,719,7,13,0,0,4,1265,0,451,0,452
97795,Buffering,228352,647,7,13,0,0,4,1270,0,451,0,452
98042,Buffering,210944,597,7,13,0,0,4,1275,0,451,0,452
98291,Buffering,120832,342,7,13,0,0,4,1275,0,451,0,452
98542,Buffering,58368,165,7,13,0,0,4,1280,0,451,0,452
98792,Buffering,0,0,7,13,0,0,4,1280,0,451,0,452
99042,Buffering,73728,208,7,13,0,0,4,1285,0,451,0,452
99296,Buffering,138240,391,7,13,0,0,4,1290,0,451,0,452
99549,Buffering,138240,391,7,13,0,0,4,1290,0,451,0,452
99800,Buffering,202752,574,7,13,0,0,4,1295,0,451,0,452
100102,Buffering,202752,574,7,13,0,0,4,1295,0,451,0,452
100283,Buffering,267264,757,7,13,0,0,4,1300,0,504,0,504
100532,Playing,272384,772,7,14,0,0,4,1305,0,504,0,504
100784,Playing,190464,539,7,14,0,0,4,1305,0,504,0,504
101034,Playing,164864,467,7,14,0,0,4,1310,0,504,0,504
101286,Playing,139264,394,7,14,0,0,4,1315,0,504,0,504
101535,Playing,49152,139,7,14,0,0,4,1315,0,504,0,504
101787,Playing,0,0,7,14,0,0,4,1315,0,504,0,504
102037,Buffering,64512,182,8,14,0,0,4,1320,0,595,0,595
102283,Buffering,129024,365,8,14,0,0,4,1325,0,595,0,595
102500,Buffering,156672,444,8,14,0,0,4,1330,0,595,0,595
102750,Buffering,156672,444,8,14,0,0,4,1330,0,595,0,595
103061,Buffering,230400,653,8,14,0,0,4,1335,0,595,0,595
103250,Buffering,294912,835,8,14,0,0,4,1340,0,595,0,595
103561,Buffering,294912,835,8,14,0,0,4,1340,0,595,0,595
103750,Buffering,318464,902,8,15,0,0,4,1345,0,595,0,595
104000,Buffering,228352,647,8,15,0,0,4,1345,0,595,0,595
104311,Buffering,186368,528,8,15,0,0,4,1350,1,595,1,595
104562,Buffering,142336,403,8,15,0,0,4,1355,0,595,0,595
104811,Buffering,52224,148,8,15,0,0,4,1355,0,595,0,595
105059,Buffering,26624,75,8,15,0,0,4,1360,0,595,0,595
105311,Buffering,64512,182,8,15,0,0,4,1365,0,595,0,595
105559,Buffering,64512,182,8,15,0,0,4,1365,0,595,0,595
105810,Buffering,129024,365,8,15,0,0,4,1370,0,595,0,595
106058,Buffering,193536,548,8,15,0,0,4,1375,0,595,0,595
106308,Buffering,193536,548,8,15,0,0,4,1375,0,595,0,595
106558,Buffering,248832,705,8,15,0,0,4,1380,0,595,0,595
106808,Buffering,248832,705,8,15,0,0,4,1380,0,595,0,595
107056,Buffering,322560,914,8,15,0,0,4,1385,0,595,0,595
107304,Playing,354304,1004,8,16,0,0,4,1390,0,595,0,595
107554,Playing,264192,748,8,16,0,0,4,1390,0,595,0,595
107807,Playing,238592,676,8,16,0,0,4,1395,0,595,0,595
108054,Playing,221184,626,8,16,0,0,4,1400,0,595,0,595
108304,Playing,131072,371,8,16,0,0,4,1400,0,595,0,595
108557,Playing,77824,220,8,16,0,0,4,1405,0,595,0,595
108804,Playing,0,0,8,16,0,0,4,1405,0,595,0,595
109053,Buffering,64512,182,9,16,0,0,4,1410,0,595,0,595
109307,Buffering,129024,365,9,16,0,0,4,1415,0,595,0,595
109552,Buffering,129024,365,9,16,0,0,4,1415,0,595,0,595
109799,Buffering,202752,574,9,16,0,0,4,1420,0,595,0,595
110061,Buffering,258048,731,9,16,0,0,4,1425,0,595,0,595
110300,Buffering,258048,731,9,16,0,0,4,1425,0,595,0,595
110521,Buffering,285696,809,9,16,0,0,4,1430,0,595,0,595
110767,Buffering,285696,809,9,16,0,0,4,1430,0,595,0,595
111021,Buffering,293888,833,9,17,0,0,4,1435,0,595,0,595
111267,Buffering,268288,760,9,17,0,0,4,1440,0,595,0,595
111521,Buffering,178176,505,9,17,0,0,4,1440,0,595,0,595
111766,Buffering,160768,455,9,17,0,0,4,1445,0,595,0,595
112023,Buffering,126976,359,9,17,0,0,4,1450,0,595,0,595
112300,Buffering,36864,104,9,17,0,0,4,1450,0,595,0,595
112549,Buffering,36864,104,9,17,0,0,4,1455,0,595,0,595
112799,Buffering,36864,104,9,17,0,0,4,1455,0,595,0,595
113048,Buffering,101376,287,9,17,0,0,4,1460,0,595,0,595
113300,Buffering,165888,470,9,17,0,0,4,1465,0,595,0,595
113553,Buffering,165888,470,9,17,0,0,4,1465,0,595,0,595
113802,Buffering,239616,679,9,17,0,0,4,1470,0,595,0,595
114053,Reconnecting,0,0,9,18,0,0,4,1471,406,595,406,595
114300,Reconnecting,0,0,9,18,0,0,4,1471,406,595,406,595
114549,Reconnecting,0,0,9,18,0,0,4,1471,406,595,406,595
114812,Reconnecting,0,0,9,18,0,0,4,1471,406,595,406,595
115002,Reconnecting,0,0,9,18,0,0,4,1471,406,595,406,595
115254,Reconnecting,0,0,9,18,0,0,4,1471,406,595,406,595
115503,Reconnecting,0,0,9,18,0,0,4,1471,406,595,406,595
115752,Reconnecting,0,0,9,18,0,0,4,1471,406,595,406,595
116000,Reconnecting,0,0,9,18,0,0,4,1471,406,595,406,595
116250,Reconnecting,0,0,9,18,0,0,4,1471,406,595,406,595
116500,Reconnecting,0,0,9,18,0,0,4,1471,406,595,406,595
116750,Reconnecting,0,0,9,18,0,0,4,1471,406,595,406,595
117062,Reconnecting,0,0,9,18,0,0,4,1471,406,595,406,595
117312,Reconnecting,0,0,9,18,0,0,4,1471,406,595,406,595
117560,Reconnecting,0,0,9,18,0,0,4,1471,406,595,406,595
117815,Reconnecting,0,0,9,18,0,0,4,1471,406,595,406,595
118016,Reconnecting,0,0,9,18,0,0,4,1471,406,595,406,595
118271,Reconnecting,0,0,9,18,0,0,4,1471,406,595,406,595
118517,Reconnecting,0,0,9,18,0,0,4,1471,406,595,406,595
118782,Reconnecting,0,0,9,18,0,0,4,1471,406,595,406,595
119033,Reconnecting,0,0,9,18,0,0,4,1471,406,595,406,595
119283,Reconnecting,0,0,9,18,0,0,5,1471,406,595,406,595
119550,Reconnecting,0,0,9,18,0,0,5,1471,406,595,406,595
119799,Reconnecting,0,0,9,18,0,0,5,1471,406,595,406,595
120046,Reconnecting,0,0,9,18,0,0,5,1471,406,595,406,595
120295,Reconnecting,0,0,9,18,0,0,5,1471,406,595,406,595
120544,Reconnecting,0,0,9,18,0,0,5,1471,406,595,406,595
120794,Reconnecting,0,0,9,18,0,0,5,1471,406,595,406,595
121042,Reconnecting,0,0,9,18,0,0,5,1477,0,595,406,595
121292,Reconnecting,0,0,9,18,0,0,5,1488,0,595,406,595
121523,Reconnecting,0,0,9,18,0,0,5,1488,0,595,406,595
121773,Reconnecting,0,0,9,18,0,0,5,1488,0,595,406,595
122024,Reconnecting,0,0,9,18,0,0,5,1488,0,595,406,595
122282,Reconnecting,0,0,9,18,0,0,5,1488,0,595,406,595
122541,Reconnecting,0,0,9,18,0,0,5,1488,0,595,406,595
122787,Reconnecting,0,0,9,18,0,0,5,1488,0,595,406,595
123037,Reconnecting,0,0,9,18,0,0,5,1488,0,595,406,595
123303,Reconnecting,0,0,9,18,0,0,5,1488,0,595,406,595
123554,Reconnecting,0,0,9,18,0,0,5,1488,0,595,406,595
123807,Reconnecting,0,0,9,18,0,0,5,1488,0,595,406,595
124058,Reconnecting,0,0,9,18,0,0,5,1488,0,595,406,595
124257,Reconnecting,0,0,9,18,0,0,5,1488,0,595,406,595
124507,Reconnecting,0,0,9,18,0,0,5,1488,0,595,406,595
124758,Reconnecting,0,0,9,18,0,0,5,1488,0,595,406,595
125011,Reconnecting,0,0,9,18,0,0,5,1488,0,595,406,595
125267,Reconnecting,0,0,9,18,0,0,5,1488,0,595,406,595
125512,Reconnecting,0,0,9,18,0,0,5,1488,0,595,406,595
125777,Reconnecting,0,0,9,18,0,0,5,1488,0,595,406,595
126040,Reconnecting,0,0,9,18,0,0,5,1488,0,595,406,595
126291,Reconnecting,0,0,9,18,0,0,6,1488,0,595,406,595
126542,Reconnecting,0,0,9,18,0,0,6,1488,0,595,406,595
126788,Reconnecting,0,0,9,18,0,0,6,1488,0,595,406,595
127054,Reconnecting,0,0,9,18,0,0,6,1488,0,595,406,595
127258,Reconnecting,0,0,9,18,0,0,6,1488,0,595,406,595
127528,Reconnecting,0,0,9,18,0,0,6,1488,0,595,406,595
127769,Reconnecting,0,0,9,18,0,0,6,1488,0,595,406,595
128020,Reconnecting,0,0,9,18,0,0,6,1488,0,595,406,595
128265,Reconnecting,0,0,9,18,0,0,6,1488,0,595,406,595
128516,Reconnecting,0,0,9,18,0,0,6,1494,0,595,406,595
128833,Reconnecting,239616,679,9,18,0,0,6,1509,197,595,198,595
129020,Reconnecting,921600,2612,9,18,0,0,6,1554,0,595,0,595
129269,Playing,1477632,4188,9,18,0,0,6,1587,0,595,0,595
129522,Playing,1387520,3932,9,18,0,0,6,1587,0,595,0,595
129772,Playing,1655808,4693,9,18,0,0,6,1608,0,595,0,595
130021,Playing,1694720,4803,9,18,0,0,6,1617,0,595,0,595
130271,Playing,1604608,4548,9,18,0,0,6,1617,0,595,0,595
130519,Playing,1698816,4815,9,18,0,0,6,1626,0,595,0,595
130769,Playing,1616896,4583,9,18,0,0,6,1626,0,595,0,595
131021,Playing,1692672,4797,9,18,0,0,6,1635,0,595,0,595
131269,Playing,1648640,4673,9,18,0,0,6,1640,0,595,0,595
131519,Playing,1558528,4417,9,18,0,0,6,1640,0,595,0,595
131769,Playing,1550336,4394,9,18,0,0,6,1645,0,595,0,595
132020,Playing,1524736,4321,9,18,0,0,6,1650,0,595,0,595
132270,Playing,1434624,4066,9,18,0,0,6,1650,0,595,0,595
132520,Playing,1409024,3993,9,18,0,0,6,1655,0,595,0,595
132767,Playing,1327104,3761,9,18,0,0,6,1655,0,595,0,595
133019,Playing,1310720,3715,9,18,0,0,6,1660,0,595,0,595
133266,Playing,1266688,3590,9,18,0,0,6,1665,0,595,0,595
133519,Playing,1176576,3334,9,18,0,0,6,1665,0,595,0,595
133767,Playing,1150976,3262,9,18,0,0,6,1670,0,595,0,595
134017,Playing,1133568,3213,9,18,0,0,6,1675,0,595,0,595
134265,Playing,1043456,2957,9,18,0,0,6,1675,0,595,0,595
134516,Playing,1017856,2885,9,18,0,0,6,1680,0,595,0,595
134766,Playing,927744,2629,9,18,0,0,6,1680,0,595,0,595
135015,Playing,910336,2580,9,18,0,0,6,1685,0,595,0,595
135265,Playing,847872,2403,9,18,0,0,6,1690,0,595,0,595
135516,Playing,757760,2147,9,18,0,0,6,1690,0,595,0,595
135767,Playing,749568,2124,9,18,0,0,6,1695,0,595,0,595
136020,Playing,723968,2052,9,18,0,0,6,1700,0,595,0,595
136270,Playing,633856,1796,9,18,0,0,6,1700,0,595,0,595
136535,Playing,600064,1700,9,18,0,0,6,1705,0,595,0,595
136786,Playing,518144,1468,9,18,0,0,6,1705,0,595,0,595
137036,Playing,483328,1369,9,18,0,0,6,1710,0,595,0,595
137287,Playing,430080,1219,9,18,0,0,6,1715,0,595,0,595
137538,Playing,339968,963,9,18,0,0,6,1715,0,595,0,595
137786,Playing,331776,940,9,18,0,0,6,1720,0,595,0,595
138037,Playing,306176,867,9,18,0,0,6,1725,0,595,0,595
138286,Playing,216064,612,9,18,0,0,6,1725,0,595,0,595
138535,Playing,190464,539,9,18,0,0,6,1730,0,595,0,595
138783,Playing,108544,307,9,18,0,0,6,1730,0,595,0,595
139031,Playing,82944,235,9,18,0,0,6,1735,0,595,0,595
139286,Playing,20480,58,9,18,0,0,6,1740,0,595,0,595
139549,Playing,0,0,9,18,0,0,6,1740,0,595,0,595
139798,Buffering,73728,208,10,18,0,0,6,1745,0,595,0,595
140048,Buffering,138240,391,10,18,0,0,6,1750,0,595,0,595
140298,Buffering,138240,391,10,18,0,0,6,1750,0,595,0,595
140546,Buffering,202752,574,10,18,0,0,6,1755,0,595,0,595
140794,Buffering,258048,731,10,18,0,0,6,1760,0,595,0,595
141041,Buffering,258048,731,10,18,0,0,6,1760,0,595,0,595
141292,Buffering,294912,835,10,18,0,0,6,1765,0,595,0,595
141543,Buffering,294912,835,10,18,0,0,6,1765,0,595,0,595
141794,Buffering,294912,835,10,19,0,0,6,1770,0,595,0,595
142044,Buffering,269312,763,10,19,0,0,6,1775,0,595,0,595
142291,Buffering,187392,531,10,19,0,0,6,1775,0,595,0,595
142546,Buffering,161792,458,10,19,0,0,6,1780,0,595,0,595
142791,Buffering,136192,386,10,19,0,0,6,1785,0,595,0,595
143071,Buffering,37888,107,10,19,0,0,6,1785,0,595,0,595
143260,Buffering,27648,78,10,19,0,0,6,1790,0,595,0,595
143511,Buffering,27648,78,10,19,0,0,6,1790,0,595,0,595
143767,Buffering,101376,287,10,19,0,0,6,1795,0,595,0,595
144008,Buffering,165888,470,10,19,0,0,6,1800,0,595,0,595
144261,Buffering,165888,470,10,19,0,0,6,1800,0,595,0,595
144511,Buffering,230400,653,10,19,0,0,6,1805,0,595,0,595
144758,Buffering,230400,653,10,19,0,0,6,1805,0,595,0,595
145007,Playing,211968,600,10,20,0,0,6,1810,0,595,0,595
145257,Playing,158720,449,10,20,0,0,6,1815,0,595,0,595
145509,Playing,68608,194,10,20,0,0,6,1815,0,595,0,595
145762,Playing,52224,148,10,20,0,0,6,1820,0,595,0,595
146011,Buffering,64512,182,11,20,0,0,6,1825,0,595,0,595
146261,Buffering,64512,182,11,20,0,0,6,1825,0,595,0,595
146512,Buffering,129024,365,11,20,0,0,6,1830,0,595,0,595
146760,Buffering,129024,365,11,20,0,0,6,1830,0,595,0,595
147006,Buffering,193536,548,11,20,0,0,6,1835,0,595,0,595
147259,Buffering,221184,626,11,20,0,0,6,1840,0,595,0,595
147508,Buffering,221184,626,11,20,0,0,6,1840,0,595,0,595
147758,Buffering,294912,835,11,20,0,0,6,1845,0,595,0,595
148007,Buffering,351232,995,11,21,0,0,6,1850,0,595,0,595
148257,Buffering,269312,763,11,21,0,0,6,1850,0,595,0,595
148507,Buffering,243712,690,11,21,0,0,6,1855,0,595,0,595
148760,Buffering,153600,435,11,21,0,0,6,1855,0,595,0,595
149008,Buffering,128000,362,11,21,0,0,6,1860,0,595,0,595
149257,Buffering,92160,261,11,21,0,0,6,1865,0,595,0,595
149506,Buffering,2048,5,11,21,0,0,6,1865,0,595,0,595
149754,Buffering,64512,182,11,21,0,0,6,1870,0,595,0,595
150002,Buffering,138240,391,11,21,0,0,6,1875,0,595,0,595
150251,Buffering,138240,391,11,21,0,0,6,1875,0,595,0,595
150562,Buffering,211968,600,11,21,0,0,6,1880,0,595,0,595
150811,Buffering,276480,783,11,21,0,0,6,1885,0,595,0,595
151062,Buffering,276480,783,11,21,0,0,6,1885,0,595,0,595
151308,Playing,263168,745,11,22,0,0,6,1890,0,595,0,595
151512,Playing,189440,536,11,22,0,0,6,1890,0,595,0,595
151761,Playing,181248,513,11,22,0,0,6,1895,0,595,0,595
152012,Playing,155648,441,11,22,0,0,6,1900,0,595,0,595
152262,Playing,65536,185,11,22,0,0,6,1900,0,595,0,595
152511,Playing,39936,113,11,22,0,0,6,1905,0,595,0,595
152758,Playing,0,0,11,22,0,0,6,1905,0,595,0,595
153007,Buffering,55296,156,12,22,0,0,6,1910,0,595,0,595
153262,Buffering,92160,261,12,22,0,0,6,1915,0,595,0,595
153510,Buffering,92160,261,12,22,0,0,6,1915,0,595,0,595
153758,Buffering,165888,470,12,22,0,0,6,1920,0,595,0,595
154008,Buffering,230400,653,12,22,0,0,6,1925,0,595,0,595
154275,Buffering,230400,653,12,22,0,0,6,1925,0,595,0,595
154528,Buffering,304128,862,12,22,0,0,6,1930,0,595,0,595
154777,Buffering,304128,862,12,22,0,0,6,1930,0,595,0,595
155025,Buffering,277504,786,12,23,0,0,6,1935,0,595,0,595
155277,Buffering,215040,609,12,23,0,0,6,1940,0,595,0,595
155527,Buffering,124928,354,12,23,0,0,6,1940,0,595,0,595
155778,Buffering,116736,330,12,23,0,0,6,1945,0,595,0,595
156012,Buffering,99328,281,12,23,0,0,6,1950,0,595,0,595
156262,Buffering,9216,26,12,23,0,0,6,1950,0,595,0,595
156512,Buffering,64512,182,12,23,0,0,6,1955,0,595,0,595
156765,Buffering,64512,182,12,23,0,0,6,1955,0,595,0,595
157015,Buffering,129024,365,12,23,0,0,6,1960,0,595,0,595
157264,Buffering,165888,470,12,23,0,0,6,1965,0,595,0,595
157528,Buffering,165888,470,12,23,0,0,6,1965,0,595,0,595
157777,Buffering,230400,653,12,23,0,0,6,1970,0,595,0,595
158032,Reconnecting,0,0,12,24,0,0,6,1971,397,595,397,595
158282,Reconnecting,0,0,12,24,0,0,6,1971,397,595,397,595
158532,Reconnecting,0,0,12,24,0,0,6,1971,397,595,397,595
158782,Reconnecting,0,0,12,24,0,0,6,1971,397,595,397,595
159033,Reconnecting,0,0,12,24,0,0,6,1971,397,595,397,595
159285,Reconnecting,0,0,12,24,0,0,6,1971,397,595,397,595
159535,Reconnecting,0,0,12,24,0,0,6,1971,397,595,397,595
159785,Reconnecting,0,0,12,24,0,0,6,1971,397,595,397,595
160035,Reconnecting,0,0,12,24,0,0,6,1971,397,595,397,595
160286,Reconnecting,0,0,12,24,0,0,6,1971,397,595,397,595
160537,Reconnecting,0,0,12,24,0,0,6,1971,397,595,397,595
160789,Reconnecting,0,0,12,24,0,0,6,1971,397,595,397,595
161037,Reconnecting,0,0,12,24,0,0,6,1971,397,595,397,595
161290,Reconnecting,0,0,12,24,0,0,6,1971,397,595,397,595
161539,Reconnecting,0,0,12,24,0,0,6,1971,397,595,397,595
161791,Reconnecting,0,0,12,24,0,0,6,1971,397,595,397,595
162040,Reconnecting,0,0,12,24,0,0,6,1971,397,595,397,595
162290,Reconnecting,0,0,12,24,0,0,6,1971,397,595,397,595
162539,Reconnecting,0,0,12,24,0,0,6,1971,397,595,397,595
162807,Reconnecting,0,0,12,24,0,0,6,1971,397,595,397,595
163053,Reconnecting,0,0,12,24,0,0,7,1971,397,595,397,595
163270,Reconnecting,0,0,12,24,0,0,7,1971,397,595,397,595
163540,Reconnecting,0,0,12,24,0,0,7,1971,397,595,397,595
163782,Reconnecting,0,0,12,24,0,0,7,1971,397,595,397,595
164036,Reconnecting,0,0,12,24,0,0,7,1971,397,595,397,595
164298,Reconnecting,0,0,12,24,0,0,7,1971,397,595,397,595
164508,Reconnecting,0,0,12,24,0,0,7,1971,397,595,397,595
164757,Reconnecting,0,0,12,24,0,0,7,1971,397,595,397,595
165007,Reconnecting,0,0,12,24,0,0,7,1971,397,595,397,595
165290,Reconnecting,92160,261,12,24,0,0,7,1977,0,595,0,595
165553,Reconnecting,700416,1985,12,24,0,0,7,2018,0,595,0,595
165803,Reconnecting,1013760,2873,12,24,0,0,7,2037,0,595,0,595
166052,Playing,1553408,4403,12,24,0,0,7,2070,0,595,0,595
166303,Playing,1813504,5140,12,24,0,0,7,2091,0,595,0,595
166552,Playing,1723392,4884,12,24,0,0,7,2091,0,595,0,595
166802,Playing,1770496,5018,12,24,0,0,7,2100,0,595,0,595
167051,Playing,1680384,4762,12,24,0,0,7,2100,0,595,0,595
167299,Playing,1774592,5030,12,24,0,0,7,2109,0,595,0,595
167548,Playing,1692672,4797,12,24,0,0,7,2109,0,595,0,595
167798,Playing,1768448,5012,12,24,0,0,7,2118,0,595,0,595
168000,Playing,1740800,4934,12,24,0,0,7,2123,0,595,0,595
168252,Playing,1650688,4678,12,24,0,0,7,2123,0,595,0,595
168560,Playing,1617920,4585,12,24,0,0,7,2128,0,595,0,595
168812,Playing,1592320,4513,12,24,0,0,7,2133,0,595,0,595
169059,Playing,1510400,4281,12,24,0,0,7,2133,0,595,0,595
169311,Playing,1484800,4208,12,24,0,0,7,2138,0,595,0,595
169560,Playing,1468416,4162,12,24,0,0,7,2143,0,595,0,595
169811,Playing,1378304,3906,12,24,0,0,7,2143,0,595,0,595
170060,Playing,1334272,3781,12,24,0,0,7,2148,0,595,0,595
170316,Playing,1308672,3709,12,24,0,0,7,2153,0,595,0,595
170502,Playing,1243136,3523,12,24,0,0,7,2153,0,595,0,595
170810,Playing,1210368,3430,12,24,0,0,7,2158,0,595,0,595
171061,Playing,1120256,3175,12,24,0,0,7,2158,0,595,0,595
171308,Playing,1112064,3152,12,24,0,0,7,2163,0,595,0,595
171560,Playing,1086464,3079,12,24,0,0,7,2168,0,595,0,595
171807,Playing,996352,2824,12,24,0,0,7,2168,0,595,0,595
172060,Playing,933888,2647,12,24,0,0,7,2173,0,595,0,595
172307,Playing,925696,2623,12,24,0,0,7,2178,0,595,0,595
172510,Playing,851968,2414,12,24,0,0,7,2178,0,595,0,595
172778,Playing,818176,2319,12,24,0,0,7,2183,0,595,0,595
173027,Playing,736256,2086,12,24,0,0,7,2183,0,595,0,595
173278,Playing,710656,2014,12,24,0,0,7,2188,0,595,0,595
173527,Playing,685056,1941,12,24,0,0,7,2193,0,595,0,595
173773,Playing,603136,1709,12,24,0,0,7,2193,0,595,0,595
174027,Playing,559104,1584,12,24,0,0,7,2198,0,595,0,595
174277,Playing,468992,1329,12,24,0,0,7,2198,0,595,0,595
174533,Playing,443392,1256,12,24,0,0,7,2203,0,595,0,595
174782,Playing,427008,1210,12,24,0,0,7,2208,0,595,0,595
175027,Playing,345088,978,12,24,0,0,7,2208,0,595,0,595
175281,Playing,328704,931,12,24,0,0,7,2213,0,595,0,595
175525,Playing,303104,859,12,24,0,0,7,2218,0,595,0,595
175773,Playing,212992,603,12,24,0,0,7,2218,0,595,0,595
176023,Playing,158720,449,12,24,0,0,7,2223,0,595,0,595
176275,Playing,68608,194,12,24,0,0,7,2223,0,595,0,595
176520,Playing,52224,148,12,24,0,0,7,2228,0,595,0,595
176769,Buffering,64512,182,13,24,0,0,7,2233,0,595,0,595
177007,Buffering,64512,182,13,24,0,0,7,2233,0,595,0,595
177258,Buffering,129024,365,13,24,0,0,7,2238,0,595,0,595
177512,Buffering,193536,548,13,24,0,0,7,2243,0,595,0,595
177756,Buffering,193536,548,13,24,0,0,7,2243,0,595,0,595
178004,Buffering,239616,679,13,24,0,0,7,2248,0,595,0,595
178257,Buffering,239616,679,13,24,0,0,7,2248,0,595,0,595
178503,Buffering,304128,862,13,24,0,0,7,2253,0,595,0,595
178753,Buffering,344064,975,13,25,0,0,7,2258,0,595,0,595
179003,Buffering,253952,719,13,25,0,0,7,2258,0,595,0,595
179254,Buffering,228352,647,13,25,0,0,7,2263,0,595,0,595
179504,Buffering,210944,597,13,25,0,0,7,2268,0,595,0,595
179751,Buffering,120832,342,13,25,0,0,7,2268,0,595,0,595
180000,Buffering,58368,165,13,25,0,0,7,2273,0,595,0,595
180310,Buffering,73728,208,13,25,0,0,7,2278,0,595,0,595
180561,Buffering,73728,208,13,25,0,0,7,2278,0,595,0,595
180809,Buffering,138240,391,13,25,0,0,7,2283,0,595,0,595
181062,Buffering,138240,391,13,25,0,0,7,2283,0,595,0,595
181310,Buffering,202752,574,13,25,0,0,7,2288,0,595,0,595
181560,Buffering,267264,757,13,25,0,0,7,2293,0,595,0,595
181810,Buffering,267264,757,13,25,0,0,7,2293,0,595,0,595
182060,Playing,247808,702,13,26,0,0,7,2298,0,595,0,595
182311,Playing,222208,629,13,26,0,0,7,2303,0,595,0,595
182560,Playing,132096,374,13,26,0,0,7,2303,0,595,0,595
182808,Playing,106496,301,13,26,0,0,7,2308,0,595,0,595
183057,Playing,24576,69,13,26,0,0,7,2308,0,595,0,595
183306,Playing,0,0,13,26,0,0,7,2313,0,595,0,595
183553,Buffering,64512,182,14,26,0,0,7,2318,0,595,0,595
183803,Buffering,64512,182,14,26,0,0,7,2318,0,595,0,595
184052,Buffering,92160,261,14,26,0,0,7,2323,0,595,0,595
184306,Buffering,165888,470,14,26,0,0,7,2328,0,595,0,595
184553,Buffering,165888,470,14,26,0,0,7,2328,0,595,0,595
184803,Buffering,230400,653,14,26,0,0,7,2333,0,595,0,595
185053,Buffering,230400,653,14,26,0,0,7,2333,0,595,0,595
185304,Buffering,294912,835,14,26,0,0,7,2338,0,595,0,595
185559,Buffering,326656,925,14,27,0,0,7,2343,0,595,0,595
185806,Buffering,236544,670,14,27,0,0,7,2343,0,595,0,595
186002,Buffering,217088,615,14,27,0,0,7,2348,0,595,0,595
186250,Buffering,126976,359,14,27,0,0,7,2348,0,595,0,595
186500,Buffering,101376,287,14,27,0,0,7,2353,0,595,0,595
186810,Buffering,59392,168,14,27,0,0,7,2358,0,595,0,595
187060,Buffering,0,0,14,27,0,0,7,2358,0,595,0,595
187307,Buffering,64512,182,14,27,0,0,7,2363,0,595,0,595
187558,Buffering,129024,365,14,27,0,0,7,2368,0,595,0,595
187807,Buffering,129024,365,14,27,0,0,7,2368,0,595,0,595
188057,Buffering,156672,444,14,27,0,0,7,2373,0,595,0,595
188307,Buffering,230400,653,14,27,0,0,7,2378,0,595,0,595
188554,Buffering,230400,653,14,27,0,0,7,2378,0,595,0,595
188802,Playing,245760,696,14,28,0,0,7,2383,0,595,0,595
189049,Playing,163840,464,14,28,0,0,7,2383,0,595,0,595
189286,Playing,138240,391,14,28,0,0,7,2388,0,595,0,595
189531,Playing,111616,316,14,28,0,0,7,2393,0,595,0,595
189782,Playing,21504,60,14,28,0,0,7,2393,0,595,0,595
190031,Buffering,36864,104,15,28,0,0,7,2398,0,595,0,595
190281,Buffering,110592,313,15,28,0,0,7,2403,0,595,0,595
190568,Buffering,110592,313,15,28,0,0,7,2403,0,595,0,595
190751,Buffering,175104,496,15,28,0,0,7,2408,0,595,0,595
191061,Buffering,175104,496,15,28,0,0,7,2408,0,595,0,595
191309,Buffering,248832,705,15,28,0,0,7,2413,0,595,0,595
191560,Buffering,304128,862,15,28,0,0,7,2418,0,595,0,595
191809,Buffering,304128,862,15,28,0,0,7,2418,0,595,0,595
192056,Buffering,331776,940,15,28,0,0,7,2423,0,595,0,595
192306,Buffering,389120,1102,15,29,0,0,7,2428,0,595,0,595
192553,Buffering,307200,870,15,29,0,0,7,2428,0,595,0,595
192803,Buffering,281600,798,15,29,0,0,7,2433,0,595,0,595
193057,Buffering,191488,542,15,29,0,0,7,2433,0,595,0,595
193304,Buffering,165888,470,15,29,0,0,7,2438,0,595,0,595
193552,Buffering,139264,394,15,29,0,0,7,2443,0,595,0,595
193803,Buffering,49152,139,15,29,0,0,7,2443,0,595,0,595
194057,Buffering,0,0,15,29,0,0,7,2448,0,595,0,595
194307,Buffering,73728,208,15,29,0,0,7,2453,0,595,0,595
194557,Buffering,73728,208,15,29,0,0,7,2453,0,595,0,595
194804,Buffering,138240,391,15,29,0,0,7,2458,0,595,0,595
195053,Buffering,138240,391,15,29,0,0,7,2458,0,595,0,595
195303,Reconnecting,0,0,15,30,0,0,7,2459,396,595,396,595
195551,Reconnecting,0,0,15,30,0,0,7,2459,396,595,396,595
195799,Reconnecting,0,0,15,30,0,0,7,2459,396,595,396,595
196051,Reconnecting,0,0,15,30,0,0,7,2459,396,595,396,595
196302,Reconnecting,0,0,15,30,0,0,7,2459,396,595,396,595
196553,Reconnecting,0,0,15,30,0,0,7,2459,396,595,396,595
196802,Reconnecting,0,0,15,30,0,0,7,2459,396,595,396,595
197004,Reconnecting,0,0,15,30,0,0,7,2459,396,595,396,595
197257,Reconnecting,0,0,15,30,0,0,7,2459,396,595,396,595
197507,Reconnecting,0,0,15,30,0,0,7,2459,396,595,396,595
197760,Reconnecting,0,0,15,30,0,0,7,2459,396,595,396,595
198010,Reconnecting,0,0,15,30,0,0,7,2459,396,595,396,595
198256,Reconnecting,0,0,15,30,0,0,7,2459,396,595,396,595
198504,Reconnecting,0,0,15,30,0,0,7,2459,396,595,396,595
198755,Reconnecting,0,0,15,30,0,0,7,2459,396,595,396,595
199003,Reconnecting,0,0,15,30,0,0,7,2459,396,595,396,595
199253,Reconnecting,0,0,15,30,0,0,7,2459,396,595,396,595
199503,Reconnecting,0,0,15,30,0,0,7,2459,396,595,396,595
199755,Reconnecting,0,0,15,30,0,0,7,2459,396,595,396,595
200003,Reconnecting,0,0,15,30,0,0,7,2459,396,595,396,595
200252,Reconnecting,0,0,15,30,0,0,8,2459,396,595,396,595
200502,Reconnecting,0,0,15,30,0,0,8,2459,396,595,396,595
200751,Reconnecting,0,0,15,30,0,0,8,2459,396,595,396,595
201001,Reconnecting,0,0,15,30,0,0,8,2459,396,595,396,595
201312,Reconnecting,0,0,15,30,0,0,8,2459,396,595,396,595
201566,Reconnecting,0,0,15,30,0,0,8,2459,396,595,396,595
201810,Reconnecting,0,0,15,30,0,0,8,2459,396,595,396,595
202060,Reconnecting,55296,156,15,30,0,0,8,2465,0,595,0,595
202310,Reconnecting,258048,731,15,30,0,0,8,2479,0,595,0,595
202561,Reconnecting,663552,1880,15,30,0,0,8,2506,0,595,0,595
202810,Reconnecting,976896,2768,15,30,0,0,8,2526,0,595,0,595
203060,Playing,1483776,4205,15,30,0,0,8,2559,0,595,0,595
203311,Playing,1743872,4942,15,30,0,0,8,2580,0,595,0,595
203564,Playing,1653760,4687,15,30,0,0,8,2580,0,595,0,595
203815,Playing,1700864,4821,15,30,0,0,8,2589,0,595,0,595
204060,Playing,1795072,5088,15,30,0,0,8,2598,0,595,0,595
204311,Playing,1704960,4832,15,30,0,0,8,2598,0,595,0,595
204565,Playing,1780736,5047,15,30,0,0,8,2607,0,595,0,595
204811,Playing,1698816,4815,15,30,0,0,8,2607,0,595,0,595
205057,Playing,1654784,4690,15,30,0,0,8,2612,0,595,0,595
205307,Playing,1646592,4667,15,30,0,0,8,2617,0,595,0,595
205557,Playing,1556480,4411,15,30,0,0,8,2617,0,595,0,595
205810,Playing,1530880,4339,15,30,0,0,8,2622,0,595,0,595
206061,Playing,1505280,4266,15,30,0,0,8,2627,0,595,0,595
206307,Playing,1423360,4034,15,30,0,0,8,2627,0,595,0,595
206560,Playing,1406976,3988,15,30,0,0,8,2632,0,595,0,595
206810,Playing,1316864,3732,15,30,0,0,8,2632,0,595,0,595
207057,Playing,1272832,3607,15,30,0,0,8,2637,0,595,0,595
207305,Playing,1255424,3558,15,30,0,0,8,2642,0,595,0,595
207553,Playing,1165312,3303,15,30,0,0,8,2642,0,595,0,595
207803,Playing,1139712,3230,15,30,0,0,8,2647,0,595,0,595
208053,Playing,1114112,3157,15,30,0,0,8,2652,0,595,0,595
208306,Playing,1032192,2925,15,30,0,0,8,2652,0,595,0,595
208553,Playing,1006592,2853,15,30,0,0,8,2657,0,595,0,595
208773,Playing,924672,2620,15,30,0,0,8,2657,0,595,0,595
209023,Playing,870400,2467,15,30,0,0,8,2662,0,595,0,595
209273,Playing,854016,2420,15,30,0,0,8,2667,0,595,0,595
209522,Playing,763904,2165,15,30,0,0,8,2667,0,595,0,595
209770,Playing,746496,2115,15,30,0,0,8,2672,0,595,0,595
210023,Playing,656384,1860,15,30,0,0,8,2672,0,595,0,595
210272,Playing,630784,1787,15,30,0,0,8,2677,0,595,0,595
210522,Playing,595968,1689,15,30,0,0,8,2682,0,595,0,595
210771,Playing,505856,1433,15,30,0,0,8,2682,0,595,0,595
211019,Playing,460800,1306,15,30,0,0,8,2687,0,595,0,595
211268,Playing,444416,1259,15,30,0,0,8,2692,0,595,0,595
211515,Playing,354304,1004,15,30,0,0,8,2692,0,595,0,595
211768,Playing,328704,931,15,30,0,0,8,2697,0,595,0,595
212015,Playing,246784,699,15,30,0,0,8,2697,0,595,0,595
212264,Playing,221184,626,15,30,0,0,8,2702,0,595,0,595
212514,Playing,195584,554,15,30,0,0,8,2707,0,595,0,595
212764,Playing,113664,322,15,30,0,0,8,2707,0,595,0,595
213014,Playing,51200,145,15,30,0,0,8,2712,0,595,0,595
213269,Buffering,73728,208,16,30,0,0,8,2717,0,595,0,595
213512,Buffering,73728,208,16,30,0,0,8,2717,0,595,0,595
213761,Buffering,138240,391,16,30,0,0,8,2722,0,595,0,595
214010,Buffering,138240,391,16,30,0,0,8,2722,0,595,0,595
214260,Buffering,202752,574,16,30,0,0,8,2727,0,595,0,595
214507,Buffering,258048,731,16,30,0,0,8,2732,0,595,0,595
214756,Buffering,258048,731,16,30,0,0,8,2732,0,595,0,595
215007,Buffering,294912,835,16,30,0,0,8,2737,0,595,0,595
215261,Buffering,360448,1021,16,31,0,0,8,2742,0,595,0,595
215507,Buffering,278528,789,16,31,0,0,8,2742,0,595,0,595
215760,Buffering,252928,716,16,31,0,0,8,2747,0,595,0,595
216008,Buffering,162816,461,16,31,0,0,8,2747,0,595,0,595
216257,Buffering,137216,388,16,31,0,0,8,2752,0,595,0,595
216506,Buffering,119808,339,16,31,0,0,8,2757,0,595,0,595
216756,Buffering,29696,84,16,31,0,0,8,2757,0,595,0,595
217003,Buffering,0,0,16,31,0,0,8,2762,0,595,0,595
217253,Buffering,64512,182,16,31,0,0,8,2767,0,595,0,595
217503,Buffering,64512,182,16,31,0,0,8,2767,0,595,0,595
217752,Buffering,138240,391,16,31,0,0,8,2772,0,595,0,595
218003,Buffering,138240,391,16,31,0,0,8,2772,0,595,0,595
218255,Buffering,211968,600,16,31,0,0,8,2777,0,595,0,595
218505,Playing,242688,687,16,32,0,0,8,2782,0,595,0,595
218756,Playing,152576,432,16,32,0,0,8,2782,0,595,0,595
219005,Playing,99328,281,16,32,0,0,8,2787,0,595,0,595
219255,Playing,82944,235,16,32,0,0,8,2792,0,595,0,595
219505,Playing,1024,2,16,32,0,0,8,2792,0,595,0,595
219776,Buffering,64512,182,17,32,0,0,8,2797,0,595,0,595
220018,Buffering,64512,182,17,32,0,0,8,2797,0,595,0,595
220268,Buffering,129024,365,17,32,0,0,8,2802,4,595,4,595
220518,Buffering,193536,548,17,32,0,0,8,2807,0,595,0,595
220768,Buffering,193536,548,17,32,0,0,8,2807,0,595,0,595
221017,Buffering,230400,653,17,32,0,0,8,2812,0,595,0,595
221266,Buffering,304128,862,17,32,0,0,8,2817,0,595,0,595
221515,Buffering,304128,862,17,32,0,0,8,2817,0,595,0,595
221764,Buffering,327680,928,17,33,0,0,8,2822,0,595,0,595
222015,Buffering,237568,673,17,33,0,0,8,2822,0,595,0,595
222265,Buffering,211968,600,17,33,0,0,8,2827,0,595,0,595
222514,Buffering,186368,528,17,33,0,0,8,2832,0,595,0,595
222764,Buffering,104448,296,17,33,0,0,8,2832,0,595,0,595
223011,Buffering,51200,145,17,33,0,0,8,2837,0,595,0,595
223260,Buffering,64512,182,17,33,0,0,8,2842,0,595,0,595
223510,Buffering,64512,182,17,33,0,0,8,2842,0,595,0,595
223760,Buffering,138240,391,17,33,0,0,8,2847,0,595,0,595
224015,Buffering,138240,391,17,33,0,0,8,2847,0,595,0,595
224259,Buffering,211968,600,17,33,0,0,8,2852,0,595,0,595
224506,Buffering,276480,783,17,33,0,0,8,2857,0,595,0,595
224756,Buffering,276480,783,17,33,0,0,8,2857,0,595,0,595
225005,Playing,247808,702,17,34,0,0,8,2862,0,595,0,595
225255,Playing,231424,655,17,34,0,0,8,2867,0,595,0,595
225505,Playing,149504,423,17,34,0,0,8,2867,0,595,0,595
225753,Playing,123904,351,17,34,0,0,8,2872,0,595,0,595
226002,Playing,33792,95,17,34,0,0,8,2872,0,595,0,595
226253,Playing,8192,23,17,34,0,0,8,2877,0,595,0,595
226501,Buffering,64512,182,18,34,0,0,8,2882,0,595,0,595
226751,Buffering,64512,182,18,34,0,0,8,2882,0,595,0,595
227019,Buffering,101376,287,18,34,0,0,8,2887,0,595,0,595
227269,Buffering,165888,470,18,34,0,0,8,2892,0,595,0,595
227531,Buffering,165888,470,18,34,0,0,8,2892,0,595,0,595
227773,Buffering,239616,679,18,34,0,0,8,2897,0,595,0,595
228007,Buffering,239616,679,18,34,0,0,8,2897,0,595,0,595
228347,Buffering,313344,888,18,34,0,0,8,2902,0,595,0,595
228535,Buffering,327680,928,18,35,0,0,8,2907,0,595,0,595
228785,Buffering,237568,673,18,35,0,0,8,2907,0,595,0,595
229036,Buffering,183296,519,18,35,0,0,8,2912,0,595,0,595
229280,Buffering,166912,473,18,35,0,0,8,2917,0,595,0,595
229530,Buffering,76800,217,18,35,0,0,8,2917,0,595,0,595
229802,Buffering,51200,145,18,35,0,0,8,2922,0,595,0,595
230061,Buffering,64512,182,18,35,0,0,8,2927,0,595,0,595
230293,Buffering,64512,182,18,35,0,0,8,2927,0,595,0,595
230533,Buffering,129024,365,18,35,0,0,8,2932,0,595,0,595
230780,Buffering,129024,365,18,35,0,0,8,2932,0,595,0,595
231061,Buffering,165888,470,18,35,0,0,8,2937,0,595,0,595
231341,Buffering,230400,653,18,35,0,0,8,2942,0,595,0,595
231569,Buffering,230400,653,18,35,0,0,8,2942,0,595,0,595
231764,Reconnecting,0,0,18,36,0,0,8,2943,422,595,422,595
232007,Reconnecting,0,0,18,36,0,0,8,2943,422,595,422,595
232262,Reconnecting,0,0,18,36,0,0,8,2943,422,595,422,595
232536,Reconnecting,0,0,18,36,0,0,8,2943,422,595,422,595
232831,Reconnecting,0,0,18,36,0,0,8,2943,422,595,422,595
233108,Reconnecting,0,0,18,36,0,0,8,2943,422,595,422,595
233328,Reconnecting,0,0,18,36,0,0,8,2943,422,595,422,595
233570,Reconnecting,0,0,18,36,0,0,8,2943,422,595,422,595
233778,Reconnecting,0,0,18,36,0,0,8,2943,422,595,422,595
234064,Reconnecting,0,0,18,36,0,0,8,2943,422,595,422,595
234307,Reconnecting,0,0,18,36,0,0,8,2943,422,595,422,595
234557,Reconnecting,0,0,18,36,0,0,8,2943,422,595,422,595
234806,Reconnecting,0,0,18,36,0,0,8,2943,422,595,422,595
235056,Reconnecting,0,0,18,36,0,0,8,2943,422,595,422,595
235309,Reconnecting,0,0,18,36,0,0,8,2943,422,595,422,595
235559,Reconnecting,0,0,18,36,0,0,8,2943,422,595,422,595
235809,Reconnecting,0,0,18,36,0,0,8,2943,422,595,422,595
236061,Reconnecting,0,0,18,36,0,0,8,2943,422,595,422,595
236250,Reconnecting,0,0,18,36,0,0,8,2943,422,595,422,595
236502,Reconnecting,0,0,18,36,0,0,8,2943,422,595,422,595
236752,Reconnecting,0,0,18,36,0,0,9,2943,422,595,422,595
237004,Reconnecting,0,0,18,36,0,0,9,2943,422,595,422,595
237255,Reconnecting,0,0,18,36,0,0,9,2943,422,595,422,595
237507,Reconnecting,0,0,18,36,0,0,9,2943,422,595,422,595
237756,Reconnecting,0,0,18,36,0,0,9,2943,422,595,422,595
238007,Reconnecting,0,0,18,36,0,0,9,2943,422,595,422,595
238259,Reconnecting,0,0,18,36,0,0,9,2943,422,595,422,595
238508,Reconnecting,0,0,18,36,0,0,9,2943,422,595,422,595
238758,Reconnecting,0,0,18,36,0,0,9,2943,422,595,422,595
239012,Reconnecting,0,0,18,36,0,0,9,2945,35,595,35,595
239262,Reconnecting,276480,783,18,36,0,0,9,2963,0,595,0,595
239513,Reconnecting,700416,1985,18,36,0,0,9,2991,211,595,211,595
239763,Playing,1575936,4466,18,36,0,0,9,3043,0,595,0,595
240013,Playing,1485824,4211,18,36,0,0,9,3043,0,595,0,595
240263,Playing,1745920,4948,18,36,0,0,9,3064,0,595,0,595
240511,Playing,1784832,5059,18,36,0,0,9,3073,0,595,0,595
240761,Playing,1694720,4803,18,36,0,0,9,3073,0,595,0,595
241015,Playing,1797120,5093,18,36,0,0,9,3082,0,595,0,595
241314,Playing,1856512,5262,18,36,0,0,9,3091,0,595,0,595
241540,Playing,1774592,5030,18,36,0,0,9,3091,0,595,0,595
241914,Playing,1689600,4789,18,36,0,0,9,3096,0,595,0,595
242248,Playing,1640448,4649,18,36,0,0,9,3101,0,595,0,595
242352,Playing,1607680,4556,18,36,0,0,9,3101,0,595,0,595
242503,Playing,1586176,4495,18,36,0,0,9,3102,306,595,306,595
242753,Playing,1532928,4345,18,36,0,0,9,3106,0,595,0,595
243019,Playing,1499136,4249,18,36,0,0,9,3111,0,595,0,595
243265,Playing,1444864,4095,18,36,0,0,9,3112,345,595,345,595
243599,Playing,1358848,3851,18,36,0,0,9,3116,0,595,0,595
243799,Playing,1330176,3770,18,36,0,0,9,3121,0,595,0,595
244116,Playing,1289216,3654,18,36,0,0,9,3126,0,595,0,595
244345,Playing,1207296,3422,18,36,0,0,9,3126,0,595,0,595
244530,Playing,1141760,3236,18,36,0,0,9,3126,0,595,0,595
244832,Playing,1099776,3117,18,36,0,0,9,3131,0,595,0,595
245031,Playing,1098752,3114,18,36,0,0,9,3136,0,595,0,595
245266,Playing,1027072,2911,18,36,0,0,9,3137,357,595,357,595
245545,Playing,974848,2763,18,36,0,0,9,3141,0,595,0,595
245765,Playing,928768,2632,18,36,0,0,9,3146,0,595,0,595
246019,Playing,838656,2377,18,36,0,0,9,3146,0,595,0,595
246257,Playing,830464,2353,18,36,0,0,9,3151,0,595,0,595
246506,Playing,804864,2281,18,36,0,0,9,3156,0,595,0,595
246752,Playing,714752,2025,18,36,0,0,9,3156,0,595,0,595
247007,Playing,697344,1976,18,36,0,0,9,3161,0,595,0,595
247266,Playing,654336,1854,18,36,0,0,9,3166,0,595,0,595
247527,Playing,564224,1599,18,36,0,0,9,3166,0,595,0,595
247769,Playing,519168,1471,18,36,0,0,9,3171,0,595,0,595
248043,Playing,420864,1192,18,36,0,0,9,3171,0,595,0,595
248335,Playing,388096,1100,18,36,0,0,9,3176,0,595,0,595
248591,Playing,362496,1027,18,36,0,0,9,3179,0,595,0,595
248839,Playing,280576,795,18,36,0,0,9,3181,0,595,0,595
249089,Playing,254976,722,18,36,0,0,9,3186,0,595,0,595
249393,Playing,212992,603,18,36,0,0,9,3191,0,595,0,595
249540,Playing,155648,441,18,36,0,0,9,3191,0,595,0,595
249861,Playing,76800,217,18,36,0,0,9,3196,0,595,0,595
250062,Playing,67584,191,18,36,0,0,9,3201,0,595,0,595
250278,Playing,0,0,18,36,0,0,9,3201,0,595,0,595
250531,Playing,0,0,18,36,0,0,9,3201,0,595,0,595
250766,Buffering,73728,208,19,36,0,0,9,3206,0,595,0,595
251086,Buffering,147456,417,19,36,0,0,9,3211,0,595,0,595
251299,Buffering,202752,574,19,36,0,0,9,3216,0,595,0,595
251548,Buffering,202752,574,19,36,0,0,9,3216,0,595,0,595
251798,Buffering,239616,679,19,36,0,0,9,3221,0,595,0,595
252044,Buffering,313344,888,19,36,0,0,9,3226,0,595,0,595
252299,Buffering,313344,888,19,36,0,0,9,3226,0,595,0,595
252547,Buffering,336896,954,19,37,0,0,9,3231,0,595,0,595
252795,Buffering,246784,699,19,37,0,0,9,3231,0,595,0,595
253046,Buffering,221184,626,19,37,0,0,9,3236,0,595,0,595
253294,Buffering,195584,554,19,37,0,0,9,3241,0,595,0,595
253548,Buffering,105472,298,19,37,0,0,9,3241,0,595,0,595
253807,Buffering,43008,121,19,37,0,0,9,3246,0,595,0,595
254056,Buffering,64512,182,19,37,0,0,9,3251,0,595,0,595
254306,Buffering,64512,182,19,37,0,0,9,3251,0,595,0,595
254556,Buffering,138240,391,19,37,0,0,9,3256,0,595,0,595
254806,Buffering,138240,391,19,37,0,0,9,3256,0,595,0,595
255055,Buffering,211968,600,19,37,0,0,9,3261,0,595,0,595
255302,Buffering,267264,757,19,37,0,0,9,3266,0,595,0,595
255552,Buffering,267264,757,19,37,0,0,9,3266,0,595,0,595
255801,Playing,238592,676,19,38,0,0,9,3271,0,595,0,595
256049,Playing,230400,653,19,38,0,0,9,3276,0,595,0,595
256302,Playing,140288,397,19,38,0,0,9,3276,0,595,0,595
256548,Playing,114688,325,19,38,0,0,9,3281,0,595,0,595
256798,Playing,24576,69,19,38,0,0,9,3281,0,595,0,595
257048,Playing,7168,20,19,38,0,0,9,3286,0,595,0,595
257298,Buffering,64512,182,20,38,0,0,9,3291,0,595,0,595
257548,Buffering,64512,182,20,38,0,0,9,3291,0,595,0,595
257797,Buffering,92160,261,20,38,0,0,9,3296,0,595,0,595
258047,Buffering,156672,444,20,38,0,0,9,3301,0,595,0,595
258297,Buffering,156672,444,20,38,0,0,9,3301,0,595,0,595
258546,Buffering,230400,653,20,38,0,0,9,3306,0,595,0,595
258794,Buffering,230400,653,20,38,0,0,9,3306,0,595,0,595
259043,Buffering,304128,862,20,38,0,0,9,3311,0,595,0,595
259297,Buffering,334848,949,20,39,0,0,9,3316,0,595,0,595
259543,Buffering,244736,693,20,39,0,0,9,3316,0,595,0,595
259793,Buffering,191488,542,20,39,0,0,9,3321,0,595,0,595
260040,Buffering,183296,519,20,39,0,0,9,3326,0,595,0,595
260292,Buffering,93184,264,20,39,0,0,9,3326,0,595,0,595
260543,Buffering,67584,191,20,39,0,0,9,3331,0,595,0,595
260791,Buffering,0,0,20,39,0,0,9,3331,0,595,0,595
261039,Buffering,64512,182,20,39,0,0,9,3336,0,595,0,595
261289,Buffering,129024,365,20,39,0,0,9,3341,0,595,0,595
261538,Buffering,129024,365,20,39,0,0,9,3341,0,595,0,595
261789,Buffering,156672,444,20,39,0,0,9,3346,0,595,0,595
262037,Buffering,221184,626,20,39,0,0,9,3351,0,595,0,595
262288,Buffering,221184,626,20,39,0,0,9,3351,0,595,0,595
262536,Playing,253952,719,20,40,0,0,9,3356,0,595,0,595
262785,Playing,172032,487,20,40,0,0,9,3356,0,595,0,595
263028,Playing,155648,441,20,40,0,0,9,3361,0,595,0,595
263281,Playing,120832,342,20,40,0,0,9,3366,0,595,0,595
263528,Playing,38912,110,20,40,0,0,9,3366,0,595,0,595
263777,Playing,0,0,20,40,0,0,9,3371,0,595,0,595
264022,Buffering,73728,208,21,40,0,0,9,3376,0,595,0,595
264276,Buffering,73728,208,21,40,0,0,9,3376,0,595,0,595
264519,Buffering,138240,391,21,40,0,0,9,3381,0,595,0,595
264760,Buffering,138240,391,21,40,0,0,9,3381,0,595,0,595
265005,Buffering,211968,600,21,40,0,0,9,3386,0,595,0,595
265255,Buffering,267264,757,21,40,0,0,9,3391,0,595,0,595
265505,Buffering,267264,757,21,40,0,0,9,3391,0,595,0,595
265754,Buffering,294912,835,21,40,0,0,9,3396,0,595,0,595
266003,Buffering,294912,835,21,40,0,0,9,3396,0,595,0,595
266252,Buffering,269312,763,21,41,0,0,9,3401,0,595,0,595
266501,Buffering,261120,740,21,41,0,0,9,3406,0,595,0,595
266753,Buffering,171008,484,21,41,0,0,9,3406,0,595,0,595
267001,Buffering,154624,438,21,41,0,0,9,3411,0,595,0,595
267250,Buffering,128000,362,21,41,0,0,9,3416,0,595,0,595
267501,Buffering,37888,107,21,41,0,0,9,3416,0,595,0,595
267810,Buffering,36864,104,21,41,0,0,9,3421,0,595,0,595
268061,Buffering,110592,313,21,41,0,0,9,3426,0,595,0,595
268310,Buffering,110592,313,21,41,0,0,9,3426,0,595,0,595
268559,Buffering,175104,496,21,41,0,0,9,3431,0,595,0,595
268810,Buffering,175104,496,21,41,0,0,9,3431,0,595,0,595
269055,Buffering,248832,705,21,41,0,0,9,3436,0,595,0,595
269306,Reconnecting,0,0,21,42,0,0,9,3437,403,595,404,595
269555,Reconnecting,0,0,21,42,0,0,9,3437,403,595,404,595
269805,Reconnecting,0,0,21,42,0,0,9,3437,403,595,404,595
270054,Reconnecting,0,0,21,42,0,0,9,3437,403,595,404,595
270306,Reconnecting,0,0,21,42,0,0,9,3437,403,595,404,595
270559,Reconnecting,0,0,21,42,0,0,9,3437,403,595,404,595
270809,Reconnecting,0,0,21,42,0,0,9,3437,403,595,404,595
271059,Reconnecting,0,0,21,42,0,0,9,3437,403,595,404,595
271309,Reconnecting,0,0,21,42,0,0,9,3437,403,595,404,595
271557,Reconnecting,0,0,21,42,0,0,9,3437,403,595,404,595
271805,Reconnecting,0,0,21,42,0,0,9,3437,403,595,404,595
272055,Reconnecting,0,0,21,42,0,0,9,3437,403,595,404,595
272305,Reconnecting,0,0,21,42,0,0,9,3437,403,595,404,595
272555,Reconnecting,0,0,21,42,0,0,9,3437,403,595,404,595
272810,Reconnecting,0,0,21,42,0,0,9,3437,403,595,404,595
273052,Reconnecting,0,0,21,42,0,0,9,3437,403,595,404,595
273302,Reconnecting,0,0,21,42,0,0,9,3437,403,595,404,595
273506,Reconnecting,0,0,21,42,0,0,9,3437,403,595,404,595
273755,Reconnecting,0,0,21,42,0,0,9,3437,403,595,404,595
274009,Reconnecting,0,0,21,42,0,0,9,3437,403,595,404,595
274257,Reconnecting,0,0,21,42,0,0,10,3437,403,595,404,595
274507,Reconnecting,0,0,21,42,0,0,10,3437,403,595,404,595
274756,Reconnecting,0,0,21,42,0,0,10,3437,403,595,404,595
275005,Reconnecting,0,0,21,42,0,0,10,3437,403,595,404,595
275256,Reconnecting,0,0,21,42,0,0,10,3437,403,595,404,595
275505,Reconnecting,0,0,21,42,0,0,10,3437,403,595,404,595
275754,Reconnecting,0,0,21,42,0,0,10,3437,403,595,404,595
276008,Reconnecting,0,0,21,42,0,0,10,3437,403,595,404,595
276268,Reconnecting,267264,757,21,42,0,0,10,3457,0,595,0,595
276518,Reconnecting,672768,1906,21,42,0,0,10,3484,0,595,0,595
276769,Reconnecting,986112,2795,21,42,0,0,10,3504,0,595,0,595
277022,Playing,1484800,4208,21,42,0,0,10,3537,0,595,0,595
277272,Playing,1744896,4945,21,42,0,0,10,3558,0,595,0,595
277518,Playing,1654784,4690,21,42,0,0,10,3558,0,595,0,595
277768,Playing,1693696,4800,21,42,0,0,10,3567,0,595,0,595
278018,Playing,1796096,5090,21,42,0,0,10,3576,0,595,0,595
278266,Playing,1705984,4835,21,42,0,0,10,3576,0,595,0,595
278516,Playing,1781760,5050,21,42,0,0,10,3585,0,595,0,595
278768,Playing,1737728,4925,21,42,0,0,10,3590,0,595,0,595
279018,Playing,1655808,4693,21,42,0,0,10,3590,0,595,0,595
279267,Playing,1639424,4646,21,42,0,0,10,3595,0,595,0,595
279515,Playing,1549312,4391,21,42,0,0,10,3595,0,595,0,595
279769,Playing,1523712,4318,21,42,0,0,10,3600,0,595,0,595
280015,Playing,1506304,4269,21,42,0,0,10,3605,0,595,0,595
280277,Playing,1408000,3990,21,42,0,0,10,3605,0,595,0,595
280515,Playing,1399808,3967,21,42,0,0,10,3610,0,595,0,595
280765,Playing,1309696,3712,21,42,0,0,10,3610,0,595,0,595
281013,Playing,1273856,3610,21,42,0,0,10,3615,0,595,0,595
281259,Playing,1248256,3538,21,42,0,0,10,3620,0,595,0,595
281511,Playing,1158144,3282,21,42,0,0,10,3620,0,595,0,595
281760,Playing,1149952,3259,21,42,0,0,10,3625,0,595,0,595
282010,Playing,1059840,3004,21,42,0,0,10,3625,0,595,0,595
282260,Playing,969728,2748,21,42,0,0,10,3625,0,595,0,595
282517,Playing,953344,2702,21,42,0,0,10,3630,0,595,0,595
282761,Playing,935936,2652,21,42,0,0,10,3635,0,595,0,595
283023,Playing,865280,2452,21,42,0,0,10,3640,0,595,0,595
283276,Playing,848896,2406,21,42,0,0,10,3645,0,595,0,595
283527,Playing,766976,2173,21,42,0,0,10,3645,0,595,0,595
283780,Playing,741376,2101,21,42,0,0,10,3650,0,595,0,595
284026,Playing,715776,2028,21,42,0,0,10,3653,0,595,0,595
284280,Playing,625664,1773,21,42,0,0,10,3655,0,595,0,595
284503,Playing,608256,1724,21,42,0,0,10,3660,0,595,0,595
284810,Playing,547840,1552,21,42,0,0,10,3665,0,595,0,595
285059,Playing,457728,1297,21,42,0,0,10,3665,0,595,0,595
285309,Playing,440320,1248,21,42,0,0,10,3670,0,595,0,595
285560,Playing,350208,992,21,42,0,0,10,3670,0,595,0,595
285807,Playing,333824,946,21,42,0,0,10,3675,0,595,0,595
286057,Playing,325632,922,21,42,0,0,10,3680,0,595,0,595
286261,Playing,251904,714,21,42,0,0,10,3680,0,595,0,595
286507,Playing,226304,641,21,42,0,0,10,3685,0,595,0,595
286772,Playing,173056,490,21,42,0,0,10,3690,0,595,0,595
287036,Playing,82944,235,21,42,0,0,10,3690,0,595,0,595
287289,Playing,66560,188,21,42,0,0,10,3695,0,595,0,595
287551,Playing,0,0,21,42,0,0,10,3695,0,595,0,595
287811,Buffering,64512,182,22,42,0,0,10,3700,0,595,0,595
288001,Buffering,64512,182,22,42,0,0,10,3700,0,595,0,595
288319,Buffering,129024,365,22,42,0,0,10,3705,0,595,0,595
288502,Buffering,193536,548,22,42,0,0,10,3710,0,595,0,595
288785,Buffering,230400,653,22,42,0,0,10,3715,0,595,0,595
289035,Buffering,230400,653,22,42,0,0,10,3715,0,595,0,595
289281,Buffering,294912,835,22,42,0,0,10,3720,0,595,0,595
289536,Buffering,294912,835,22,42,0,0,10,3720,0,595,0,595
289785,Buffering,294912,835,22,43,0,0,10,3725,0,595,0,595
290030,Buffering,278528,789,22,43,0,0,10,3730,0,595,0,595
290281,Buffering,196608,557,22,43,0,0,10,3730,0,595,0,595
290515,Buffering,171008,484,22,43,0,0,10,3735,0,595,0,595
290751,Buffering,89088,252,22,43,0,0,10,3735,0,595,0,595
291018,Buffering,35840,101,22,43,0,0,10,3740,0,595,0,595
291281,Buffering,73728,208,22,43,0,0,10,3745,0,595,0,595
291539,Buffering,73728,208,22,43,0,0,10,3745,0,595,0,595
291781,Buffering,138240,391,22,43,0,0,10,3750,0,595,0,595
292031,Buffering,202752,574,22,43,0,0,10,3755,0,595,0,595
292280,Buffering,202752,574,22,43,0,0,10,3755,0,595,0,595
292547,Buffering,267264,757,22,43,0,0,10,3760,0,595,0,595
292793,Playing,296960,841,22,44,0,0,10,3765,0,595,0,595
293043,Playing,215040,609,22,44,0,0,10,3765,0,595,0,595
293292,Playing,189440,536,22,44,0,0,10,3770,0,595,0,595
293544,Playing,99328,281,22,44,0,0,10,3770,0,595,0,595
293793,Playing,82944,235,22,44,0,0,10,3775,0,595,0,595
294046,Playing,66560,188,22,44,0,0,10,3780,0,595,0,595
294301,Playing,0,0,22,44,0,0,10,3780,0,595,0,595
294551,Buffering,64512,182,23,44,0,0,10,3785,0,595,0,595
294798,Buffering,101376,287,23,44,0,0,10,3790,0,595,0,595
295052,Buffering,101376,287,23,44,0,0,10,3790,0,595,0,595
295302,Buffering,175104,496,23,44,0,0,10,3795,0,595,0,595
295552,Buffering,175104,496,23,44,0,0,10,3795,0,595,0,595
295800,Buffering,239616,679,23,44,0,0,10,3800,0,595,0,595
296051,Buffering,304128,862,23,44,0,0,10,3805,0,595,0,595
296302,Buffering,304128,862,23,44,0,0,10,3805,0,595,0,595
296551,Buffering,303104,859,23,45,0,0,10,3810,0,595,0,595
296826,Buffering,250880,711,23,45,0,0,10,3815,0,595,0,595
297042,Buffering,168960,478,23,45,0,0,10,3815,0,595,0,595
297282,Buffering,151552,429,23,45,0,0,10,3820,0,595,0,595
297530,Buffering,69632,197,23,45,0,0,10,3820,0,595,0,595
297779,Buffering,53248,150,23,45,0,0,10,3825,0,595,0,595
298036,Buffering,73728,208,23,45,0,0,10,3830,0,595,0,595
298277,Buffering,73728,208,23,45,0,0,10,3830,0,595,0,595
298527,Buffering,138240,391,23,45,0,0,10,3835,0,595,0,595
298776,Buffering,175104,496,23,45,0,0,10,3840,0,595,0,595
299025,Buffering,175104,496,23,45,0,0,10,3840,0,595,0,595
299276,Buffering,248832,705,23,45,0,0,10,3845,0,595,0,595
299525,Buffering,248832,705,23,45,0,0,10,3845,0,595,0,595
299776,Playing,239616,679,23,46,0,0,10,3850,0,595,0,595
300023,Playing,214016,606,23,46,0,0,10,3855,0,595,0,595
300272,Playing,123904,351,23,46,0,0,10,3855,0,595,0,595
300522,Playing,106496,301,23,46,0,0,10,3860,0,595,0,595
300788,Playing,45056,127,23,46,0,0,10,3865,0,595,0,595
301035,Playing,0,0,23,46,0,0,10,3865,0,595,0,595
301285,Buffering,64512,182,24,46,0,0,10,3870,0,595,0,595
301534,Buffering,64512,182,24,46,0,0,10,3870,0,595,0,595
301784,Buffering,138240,391,24,46,0,0,10,3875,0,595,0,595
302034,Buffering,211968,600,24,46,0,0,10,3880,0,595,0,595
302286,Buffering,211968,600,24,46,0,0,10,3880,0,595,0,595
302538,Buffering,267264,757,24,46,0,0,10,3885,0,595,0,595
302788,Buffering,304128,862,24,46,0,0,10,3890,0,595,0,595
303034,Buffering,304128,862,24,46,0,0,10,3890,0,595,0,595
303283,Buffering,328704,931,24,47,0,0,10,3895,0,595,0,595
303533,Buffering,238592,676,24,47,0,0,10,3895,0,595,0,595
303784,Buffering,212992,603,24,47,0,0,10,3900,0,595,0,595
304039,Buffering,187392,531,24,47,0,0,10,3905,0,595,0,595
304276,Buffering,105472,298,24,47,0,0,10,3905,0,595,0,595
304517,Buffering,88064,249,24,47,0,0,10,3910,0,595,0,595
304767,Buffering,34816,98,24,47,0,0,10,3915,0,595,0,595
305019,Buffering,0,0,24,47,0,0,10,3915,0,595,0,595
305265,Buffering,64512,182,24,47,0,0,10,3920,0,595,0,595
305527,Buffering,64512,182,24,47,0,0,10,3920,0,595,0,595
305767,Buffering,138240,391,24,47,0,0,10,3925,0,595,0,595
306018,Buffering,211968,600,24,47,0,0,10,3930,0,595,0,595
306267,Buffering,211968,600,24,47,0,0,10,3930,0,595,0,595
306521,Reconnecting,0,0,24,48,0,0,10,3931,398,595,399,595
306767,Reconnecting,0,0,24,48,0,0,10,3931,398,595,399,595
307017,Reconnecting,0,0,24,48,0,0,10,3931,398,595,399,595
307267,Reconnecting,0,0,24,48,0,0,10,3931,398,595,399,595
307513,Reconnecting,0,0,24,48,0,0,10,3931,398,595,399,595
307763,Reconnecting,0,0,24,48,0,0,10,3931,398,595,399,595
308014,Reconnecting,0,0,24,48,0,0,10,3931,398,595,399,595
308263,Reconnecting,0,0,24,48,0,0,10,3931,398,595,399,595
308510,Reconnecting,0,0,24,48,0,0,10,3931,398,595,399,595
308760,Reconnecting,0,0,24,48,0,0,10,3931,398,595,399,595
309006,Reconnecting,0,0,24,48,0,0,10,3931,398,595,399,595
309288,Reconnecting,0,0,24,48,0,0,10,3931,398,595,399,595
309543,Reconnecting,0,0,24,48,0,0,10,3931,398,595,399,595
309790,Reconnecting,0,0,24,48,0,0,10,3931,398,595,399,595
310039,Reconnecting,0,0,24,48,0,0,10,3931,398,595,399,595
310289,Reconnecting,0,0,24,48,0,0,10,3931,398,595,399,595
310539,Reconnecting,0,0,24,48,0,0,10,3931,398,595,399,595
310789,Reconnecting,0,0,24,48,0,0,10,3931,398,595,399,595
311035,Reconnecting,0,0,24,48,0,0,10,3931,398,595,399,595
311288,Reconnecting,0,0,24,48,0,0,10,3931,398,595,399,595
311538,Reconnecting,0,0,24,48,0,0,11,3931,398,595,399,595
311789,Reconnecting,0,0,24,48,0,0,11,3931,398,595,399,595
312043,Reconnecting,0,0,24,48,0,0,11,3931,398,595,399,595
312292,Reconnecting,0,0,24,48,0,0,11,3931,398,595,399,595
312542,Reconnecting,0,0,24,48,0,0,11,3931,398,595,399,595
312768,Reconnecting,0,0,24,48,0,0,11,3931,398,595,399,595
313012,Reconnecting,0,0,24,48,0,0,11,3931,398,595,399,595
313263,Reconnecting,0,0,24,48,0,0,11,3937,0,595,399,595
313513,Reconnecting,175104,496,24,48,0,0,11,3951,0,595,0,608
313764,Reconnecting,580608,1645,24,48,0,0,11,3978,1,595,1,608
314013,Playing,1474560,4179,24,48,0,0,11,4031,0,595,0,608
314264,Playing,1384448,3924,24,48,0,0,11,4031,0,595,0,608
314513,Playing,1652736,4684,24,48,0,0,11,4052,0,595,0,608
314763,Playing,1562624,4429,24,48,0,0,11,4052,0,595,0,608
315013,Playing,1601536,4539,24,48,0,0,11,4061,0,595,0,608
315260,Playing,1695744,4806,24,48,0,0,11,4070,0,595,0,608
315510,Playing,1613824,4574,24,48,0,0,11,4070,0,595,0,608
315759,Playing,1689600,4789,24,48,0,0,11,4079,0,595,0,608
316009,Playing,1645568,4664,24,48,0,0,11,4084,0,595,0,608
316260,Playing,1563648,4432,24,48,0,0,11,4084,0,595,0,608
316510,Playing,1547264,4385,24,48,0,0,11,4089,0,595,0,608
316760,Playing,1457152,4130,24,48,0,0,11,4089,0,595,0,608
317010,Playing,1431552,4057,24,48,0,0,11,4094,0,595,0,608
317259,Playing,1414144,4008,24,48,0,0,11,4099,0,595,0,608
317509,Playing,1324032,3752,24,48,0,0,11,4099,0,595,0,608
317759,Playing,1307648,3706,24,48,0,0,11,4104,0,595,0,608
318009,Playing,1263616,3581,24,48,0,0,11,4109,0,595,0,608
318273,Playing,1173504,3326,24,48,0,0,11,4109,0,595,0,608
318523,Playing,1147904,3253,24,48,0,0,11,4114,0,595,0,608
318772,Playing,1065984,3021,24,48,0,0,11,4114,0,595,0,608
319023,Playing,1049600,2975,24,48,0,0,11,4119,0,595,0,608
319277,Playing,1033216,2928,24,48,0,0,11,4124,0,595,0,608
319523,Playing,943104,2673,24,48,0,0,11,4124,0,595,0,608
319771,Playing,925696,2623,24,48,0,0,11,4129,0,595,0,608
320065,Playing,856064,2426,24,48,0,0,11,4134,0,595,0,608
320271,Playing,782336,2217,24,48,0,0,11,4134,0,595,0,608
320521,Playing,765952,2171,24,48,0,0,11,4139,1,595,1,608
320770,Playing,684032,1938,24,48,0,0,11,4139,1,595,1,608
321019,Playing,658432,1866,24,48,0,0,11,4144,0,595,0,608
321267,Playing,632832,1793,24,48,0,0,11,4149,0,595,0,608
321517,Playing,542720,1538,24,48,0,0,11,4149,0,595,0,608
321766,Playing,525312,1488,24,48,0,0,11,4154,0,595,0,608
322017,Playing,481280,1364,24,48,0,0,11,4159,0,595,0,608
322268,Playing,391168,1108,24,48,0,0,11,4159,0,595,0,608
322517,Playing,365568,1036,24,48,0,0,11,4164,0,595,0,608
322767,Playing,283648,803,24,48,0,0,11,4164,0,595,0,608
323016,Playing,267264,757,24,48,0,0,11,4169,0,595,0,608
323266,Playing,250880,711,24,48,0,0,11,4174,0,595,0,608
323515,Playing,160768,455,24,48,0,0,11,4174,0,595,0,608
323763,Playing,143360,406,24,48,0,0,11,4179,0,595,0,608
324013,Playing,90112,255,24,48,0,0,11,4184,0,595,0,608
324263,Playing,0,0,24,48,0,0,11,4184,0,595,0,608
324513,Buffering,73728,208,25,48,0,0,11,4189,0,595,0,608
324759,Buffering,73728,208,25,48,0,0,11,4189,0,595,0,608
325008,Buffering,138240,391,25,48,0,0,11,4194,0,595,0,608
325259,Buffering,202752,574,25,48,0,0,11,4199,0,595,0,608
325506,Buffering,202752,574,25,48,0,0,11,4199,0,595,0,608
325758,Buffering,267264,757,25,48,0,0,11,4204,0,595,0,608
326010,Buffering,313344,888,25,48,0,0,11,4209,0,595,0,608
326264,Buffering,313344,888,25,48,0,0,11,4209,0,595,0,608
326517,Buffering,336896,954,25,49,0,0,11,4214,0,595,0,608
326795,Buffering,238592,676,25,49,0,0,11,4214,0,595,0,608
327044,Buffering,230400,653,25,49,0,0,11,4219,0,595,0,608
327294,Buffering,214016,606,25,49,0,0,11,4224,1,595,1,608
327543,Buffering,123904,351,25,49,0,0,11,4224,1,595,1,608
327792,Buffering,98304,278,25,49,0,0,11,4229,0,595,0,608
328042,Buffering,44032,124,25,49,0,0,11,4234,0,595,0,608
328297,Buffering,0,0,25,49,0,0,11,4234,0,595,0,608
328550,Buffering,73728,208,25,49,0,0,11,4239,0,595,0,608
328800,Buffering,138240,391,25,49,0,0,11,4244,0,595,0,608
329047,Buffering,138240,391,25,49,0,0,11,4244,0,595,0,608
329300,Buffering,202752,574,25,49,0,0,11,4249,0,595,0,608
329548,Buffering,202752,574,25,49,0,0,11,4249,0,595,0,608
329800,Playing,193536,548,25,50,0,0,11,4254,0,595,0,608
330048,Playing,149504,423,25,50,0,0,11,4259,0,595,0,608
330296,Playing,67584,191,25,50,0,0,11,4259,0,595,0,608
330548,Playing,41984,119,25,50,0,0,11,4264,0,595,0,608
330796,Buffering,64512,182,26,50,0,0,11,4267,0,595,0,608
331046,Buffering,73728,208,26,50,0,0,11,4269,0,595,0,608
331296,Buffering,147456,417,26,50,0,0,11,4274,0,595,0,608
331547,Buffering,147456,417,26,50,0,0,11,4274,0,595,0,608
331796,Buffering,211968,600,26,50,0,0,11,4279,0,595,0,608
332043,Buffering,248832,705,26,50,0,0,11,4284,0,595,0,608
332293,Buffering,248832,705,26,50,0,0,11,4284,0,595,0,608
332542,Buffering,322560,914,26,50,0,0,11,4289,0,595,0,608
332792,Buffering,322560,914,26,50,0,0,11,4289,0,595,0,608
333042,Buffering,305152,864,26,51,0,0,11,4294,0,595,0,608
333288,Buffering,279552,792,26,51,0,0,11,4299,0,595,0,608
333538,Buffering,189440,536,26,51,0,0,11,4299,0,595,0,608
333785,Buffering,172032,487,26,51,0,0,11,4304,0,595,0,608
334034,Buffering,128000,362,26,51,0,0,11,4309,0,595,0,608
334280,Buffering,46080,130,26,51,0,0,11,4309,0,595,0,608
334531,Buffering,20480,58,26,51,0,0,11,4314,0,595,0,608
334780,Buffering,0,0,26,51,0,0,11,4314,0,595,0,608
335026,Buffering,73728,208,26,51,0,0,11,4319,0,595,0,608
335276,Buffering,147456,417,26,51,0,0,11,4324,0,595,0,608
335523,Buffering,147456,417,26,51,0,0,11,4324,0,595,0,608
335772,Buffering,211968,600,26,51,0,0,11,4329,0,595,0,608
336022,Playing,240640,682,26,52,0,0,11,4334,0,595,0,608
336272,Playing,150528,426,26,52,0,0,11,4334,0,595,0,608
336521,Playing,134144,380,26,52,0,0,11,4339,0,595,0,608
336767,Playing,52224,148,26,52,0,0,11,4339,0,595,0,608
337017,Playing,26624,75,26,52,0,0,11,4344,0,595,0,608
337270,Buffering,64512,182,27,52,0,0,11,4349,0,595,0,608
337517,Buffering,64512,182,27,52,0,0,11,4349,0,595,0,608
337766,Buffering,129024,365,27,52,0,0,11,4354,0,595,0,608
338017,Buffering,165888,470,27,52,0,0,11,4359,0,595,0,608
338265,Buffering,165888,470,27,52,0,0,11,4359,0,595,0,608
338513,Buffering,230400,653,27,52,0,0,11,4364,0,595,0,608
338763,Buffering,230400,653,27,52,0,0,11,4364,0,595,0,608
339017,Buffering,304128,862,27,52,0,0,11,4369,0,595,0,608
339312,Buffering,336896,954,27,53,0,0,11,4374,0,595,0,608
339558,Buffering,246784,699,27,53,0,0,11,4374,0,595,0,608
339809,Buffering,220160,624,27,53,0,0,11,4379,0,595,0,608
340058,Buffering,157696,446,27,53,0,0,11,4384,0,595,0,608
340309,Buffering,67584,191,27,53,0,0,11,4384,0,595,0,608
340555,Buffering,59392,168,27,53,0,0,11,4389,0,595,0,608
340805,Buffering,64512,182,27,53,0,0,11,4394,0,595,0,608
341055,Buffering,64512,182,27,53,0,0,11,4394,0,595,0,608
341304,Buffering,129024,365,27,53,0,0,11,4399,0,595,0,608
341554,Buffering,129024,365,27,53,0,0,11,4399,0,595,0,608
341804,Buffering,193536,548,27,53,0,0,11,4404,0,595,0,608
342051,Buffering,230400,653,27,53,0,0,11,4409,0,595,0,608
342305,Buffering,230400,653,27,53,0,0,11,4409,0,595,0,608
342551,Reconnecting,0,0,27,54,0,0,11,4410,396,595,396,608
342804,Reconnecting,0,0,27,54,0,0,11,4410,396,595,396,608
343055,Reconnecting,0,0,27,54,0,0,11,4410,396,595,396,608
343305,Reconnecting,0,0,27,54,0,0,11,4410,396,595,396,608
343554,Reconnecting,0,0,27,54,0,0,11,4410,396,595,396,608
343802,Reconnecting,0,0,27,54,0,0,11,4410,396,595,396,608
344052,Reconnecting,0,0,27,54,0,0,11,4410,396,595,396,608
344300,Reconnecting,0,0,27,54,0,0,11,4410,396,595,396,608
344546,Reconnecting,0,0,27,54,0,0,11,4410,396,595,396,608
344802,Reconnecting,0,0,27,54,0,0,11,4410,396,595,396,608
345044,Reconnecting,0,0,27,54,0,0,11,4410,396,595,396,608
345296,Reconnecting,0,0,27,54,0,0,11,4410,396,595,396,608
345545,Reconnecting,0,0,27,54,0,0,11,4410,396,595,396,608
345796,Reconnecting,0,0,27,54,0,0,11,4410,396,595,396,608
346041,Reconnecting,0,0,27,54,0,0,11,4410,396,595,396,608
346288,Reconnecting,0,0,27,54,0,0,11,4410,396,595,396,608
346538,Reconnecting,0,0,27,54,0,0,11,4410,396,595,396,608
346788,Reconnecting,0,0,27,54,0,0,11,4410,396,595,396,608
347041,Reconnecting,0,0,27,54,0,0,11,4410,396,595,396,608
347292,Reconnecting,0,0,27,54,0,0,11,4410,396,595,396,608
347541,Reconnecting,0,0,27,54,0,0,12,4410,396,595,396,608
347762,Reconnecting,0,0,27,54,0,0,12,4410,396,595,396,608
348009,Reconnecting,0,0,27,54,0,0,12,4410,396,595,396,608
348259,Reconnecting,0,0,27,54,0,0,12,4410,396,595,396,608
348509,Reconnecting,0,0,27,54,0,0,12,4410,396,595,396,608
348759,Reconnecting,0,0,27,54,0,0,12,4410,396,595,396,608
349010,Reconnecting,0,0,27,54,0,0,12,4410,396,595,396,608
349258,Reconnecting,0,0,27,54,0,0,12,4410,396,595,396,608
349508,Reconnecting,0,0,27,54,0,0,12,4416,0,595,396,608
349759,Reconnecting,0,0,27,54,0,0,12,4427,0,595,396,608
350008,Reconnecting,0,0,27,54,0,0,12,4427,0,595,396,608
350256,Reconnecting,0,0,27,54,0,0,12,4427,0,595,396,608
350505,Reconnecting,0,0,27,54,0,0,12,4427,0,595,396,608
350754,Reconnecting,0,0,27,54,0,0,12,4427,0,595,396,608
351006,Reconnecting,0,0,27,54,0,0,12,4427,0,595,396,608
351258,Reconnecting,0,0,27,54,0,0,12,4427,0,595,396,608
351508,Reconnecting,0,0,27,54,0,0,12,4427,0,595,396,608
351757,Reconnecting,0,0,27,54,0,0,12,4427,0,595,396,608
352012,Reconnecting,0,0,27,54,0,0,12,4427,0,595,396,608
352262,Reconnecting,0,0,27,54,0,0,12,4427,0,595,396,608
352513,Reconnecting,0,0,27,54,0,0,12,4427,0,595,396,608
352759,Reconnecting,0,0,27,54,0,0,12,4427,0,595,396,608
353009,Reconnecting,0,0,27,54,0,0,12,4427,0,595,396,608
353259,Reconnecting,0,0,27,54,0,0,12,4427,0,595,396,608
353506,Reconnecting,0,0,27,54,0,0,12,4427,0,595,396,608
353756,Reconnecting,0,0,27,54,0,0,12,4427,0,595,396,608
354005,Reconnecting,0,0,27,54,0,0,12,4427,0,595,396,608
354254,Reconnecting,0,0,27,54,0,0,12,4427,0,595,396,608
354505,Reconnecting,0,0,27,54,0,0,12,4427,0,595,396,608
354754,Reconnecting,0,0,27,54,0,0,13,4427,0,595,396,608
355004,Reconnecting,0,0,27,54,0,0,13,4427,0,595,396,608
355254,Reconnecting,0,0,27,54,0,0,13,4427,0,595,396,608
355505,Reconnecting,0,0,27,54,0,0,13,4427,0,595,396,608
355753,Reconnecting,0,0,27,54,0,0,13,4427,0,595,396,608
356001,Reconnecting,0,0,27,54,0,0,13,4427,0,595,396,608
356250,Reconnecting,0,0,27,54,0,0,13,4427,0,595,396,608
356558,Reconnecting,0,0,27,54,0,0,13,4427,0,595,396,608
356809,Reconnecting,0,0,27,54,0,0,13,4427,0,595,396,608
357058,Reconnecting,73728,208,27,54,0,0,13,4433,0,595,0,608
357306,Reconnecting,276480,783,27,54,0,0,13,4447,0,595,0,608
357557,Reconnecting,681984,1933,27,54,0,0,13,4474,0,595,0,608
357808,Playing,1567744,4443,27,54,0,0,13,4527,0,595,0,608
358058,Playing,1477632,4188,27,54,0,0,13,4527,0,595,0,608
358304,Playing,1737728,4925,27,54,0,0,13,4548,0,595,0,608
358555,Playing,1647616,4670,27,54,0,0,13,4548,0,595,0,608
358805,Playing,1694720,4803,27,54,0,0,13,4557,0,595,0,608
359056,Playing,1788928,5070,27,54,0,0,13,4566,0,595,0,608
359335,Playing,1690624,4792,27,54,0,0,13,4566,0,595,0,608
359525,Playing,1790976,5076,27,54,0,0,13,4575,0,595,0,608
359772,Playing,1746944,4951,27,54,0,0,13,4580,0,595,0,608
360022,Playing,1656832,4696,27,54,0,0,13,4580,0,595,0,608
360272,Playing,1648640,4673,27,54,0,0,13,4585,0,595,0,608
360523,Playing,1558528,4417,27,54,0,0,13,4585,0,595,0,608
360772,Playing,1532928,4345,27,54,0,0,13,4590,0,595,0,608
361021,Playing,1507328,4272,27,54,0,0,13,4595,0,595,0,608
361272,Playing,1425408,4040,27,54,0,0,13,4595,0,595,0,608
361523,Playing,1409024,3993,27,54,0,0,13,4600,0,595,0,608
361772,Playing,1364992,3869,27,54,0,0,13,4605,0,595,0,608
362020,Playing,1283072,3636,27,54,0,0,13,4605,0,595,0,608
362270,Playing,1257472,3564,27,54,0,0,13,4610,0,595,0,608
362520,Playing,1167360,3308,27,54,0,0,13,4610,0,595,0,608
362768,Playing,1141760,3236,27,54,0,0,13,4615,0,595,0,608
363017,Playing,1124352,3186,27,54,0,0,13,4620,0,595,0,608
363267,Playing,1034240,2931,27,54,0,0,13,4620,0,595,0,608
363518,Playing,1008640,2858,27,54,0,0,13,4625,0,595,0,608
363764,Playing,946176,2681,27,54,0,0,13,4630,0,595,0,608
364014,Playing,864256,2449,27,54,0,0,13,4630,0,595,0,608
364262,Playing,847872,2403,27,54,0,0,13,4635,0,595,0,608
364509,Playing,757760,2147,27,54,0,0,13,4635,0,595,0,608
364758,Playing,740352,2098,27,54,0,0,13,4640,0,595,0,608
365010,Playing,714752,2025,27,54,0,0,13,4645,0,595,0,608
365262,Playing,624640,1770,27,54,0,0,13,4645,0,595,0,608
365512,Playing,589824,1671,27,54,0,0,13,4650,0,595,0,608
365764,Playing,536576,1520,27,54,0,0,13,4655,0,595,0,608
366013,Playing,454656,1288,27,54,0,0,13,4655,0,595,0,608
366267,Playing,438272,1242,27,54,0,0,13,4660,0,595,0,608
366534,Playing,339968,963,27,54,0,0,13,4660,0,595,0,608
366785,Playing,314368,891,27,54,0,0,13,4665,0,595,0,608
367033,Playing,296960,841,27,54,0,0,13,4670,0,595,0,608
367283,Playing,206848,586,27,54,0,0,13,4670,0,595,0,608
367533,Playing,181248,513,27,54,0,0,13,4675,0,595,0,608
367782,Playing,126976,359,27,54,0,0,13,4680,0,595,0,608
368030,Playing,36864,104,27,54,0,0,13,4680,0,595,0,608
368281,Buffering,73728,208,28,54,0,0,13,4685,0,595,0,608
368530,Buffering,73728,208,28,54,0,0,13,4685,0,595,0,608
368777,Buffering,138240,391,28,54,0,0,13,4690,0,595,0,608
369025,Buffering,202752,574,28,54,0,0,13,4695,0,595,0,608
369276,Buffering,202752,574,28,54,0,0,13,4695,0,595,0,608
369564,Buffering,258048,731,28,54,0,0,13,4700,0,595,0,608
369760,Buffering,294912,835,28,54,0,0,13,4705,0,595,0,608
370009,Buffering,294912,835,28,54,0,0,13,4705,0,595,0,608
370255,Buffering,335872,952,28,55,0,0,13,4710,0,595,0,608
370510,Buffering,245760,696,28,55,0,0,13,4710,0,595,0,608
370755,Buffering,228352,647,28,55,0,0,13,4715,0,595,0,608
371009,Buffering,202752,574,28,55,0,0,13,4720,0,595,0,608
371271,Buffering,104448,296,28,55,0,0,13,4720,0,595,0,608
371530,Buffering,78848,223,28,55,0,0,13,4725,0,595,0,608
371788,Buffering,16384,46,28,55,0,0,13,4728,0,595,0,608
372033,Buffering,0,0,28,55,0,0,13,4730,0,595,0,608
372281,Buffering,73728,208,28,55,0,0,13,4735,0,595,0,608
372542,Buffering,73728,208,28,55,0,0,13,4735,0,595,0,608
372785,Buffering,138240,391,28,55,0,0,13,4740,0,595,0,608
373022,Buffering,202752,574,28,55,0,0,13,4745,0,595,0,608
373297,Buffering,202752,574,28,55,0,0,13,4745,0,595,0,608
373547,Playing,184320,522,28,56,0,0,13,4750,0,595,0,608
373796,Playing,139264,394,28,56,0,0,13,4755,0,595,0,608
374050,Playing,49152,139,28,56,0,0,13,4755,0,595,0,608
374302,Playing,32768,92,28,56,0,0,13,4760,0,595,0,608
374500,Playing,0,0,28,56,0,0,13,4760,0,595,0,608
374801,Buffering,64512,182,29,56,0,0,13,4765,0,595,0,608
375051,Buffering,129024,365,29,56,0,0,13,4770,0,595,0,608
375299,Buffering,129024,365,29,56,0,0,13,4770,0,595,0,608
375547,Buffering,193536,548,29,56,0,0,13,4775,0,595,0,608
375797,Buffering,221184,626,29,56,0,0,13,4780,0,595,0,608
376047,Buffering,221184,626,29,56,0,0,13,4780,0,595,0,608
376317,Buffering,294912,835,29,56,0,0,13,4785,0,595,0,608
376527,Buffering,294912,835,29,56,0,0,13,4785,0,595,0,608
376822,Buffering,277504,786,29,57,0,0,13,4790,0,595,0,608
377010,Buffering,276480,783,29,57,0,0,13,4795,0,595,0,608
377271,Buffering,186368,528,29,57,0,0,13,4795,0,595,0,608
377560,Buffering,135168,383,29,57,0,0,13,4800,0,595,0,608
377791,Buffering,98304,278,29,57,0,0,13,4805,0,595,0,608
378060,Buffering,0,0,29,57,0,0,13,4805,0,595,0,608
378279,Buffering,73728,208,29,57,0,0,13,4810,0,595,0,608
378539,Buffering,73728,208,29,57,0,0,13,4810,0,595,0,608
378770,Buffering,138240,391,29,57,0,0,13,4815,0,595,0,608
379017,Buffering,202752,574,29,57,0,0,13,4820,0,595,0,608
379263,Buffering,202752,574,29,57,0,0,13,4820,0,595,0,608
379560,Buffering,267264,757,29,57,0,0,13,4825,0,595,0,608
379785,Buffering,267264,757,29,57,0,0,13,4825,0,595,0,608
380118,Playing,188416,534,29,58,0,0,13,4830,0,595,0,608
380296,Playing,196608,557,29,58,0,0,13,4835,0,595,0,608
380579,Playing,98304,278,29,58,0,0,13,4835,0,595,0,608
380779,Playing,97280,275,29,58,0,0,13,4840,0,595,0,608
381043,Playing,63488,179,29,58,0,0,13,4845,0,595,0,608
381314,Playing,0,0,29,58,0,0,13,4845,0,595,0,608
381546,Buffering,55296,156,30,58,0,0,13,4850,0,595,0,608
381821,Buffering,82944,235,30,58,0,0,13,4851,333,595,333,608
382013,Buffering,92160,261,30,58,0,0,13,4855,0,595,0,608
382297,Buffering,165888,470,30,58,0,0,13,4860,0,595,0,608
382543,Buffering,165888,470,30,58,0,0,13,4860,0,595,0,608
382769,Buffering,230400,653,30,58,0,0,13,4865,0,595,0,608
383039,Buffering,304128,862,30,58,0,0,13,4870,0,595,0,608
383285,Buffering,304128,862,30,58,0,0,13,4870,0,595,0,608
383501,Buffering,318464,902,30,59,0,0,13,4875,0,595,0,608
383791,Buffering,239616,679,30,59,0,0,13,4880,0,595,0,608
384000,Buffering,165888,470,30,59,0,0,13,4880,0,595,0,608
384260,Buffering,140288,397,30,59,0,0,13,4885,0,595,0,608
384614,Buffering,17408,49,30,59,0,0,13,4885,0,595,0,608
385006,Buffering,0,0,30,59,0,0,13,4890,0,595,0,608
385077,Buffering,73728,208,30,59,0,0,13,4895,0,595,0,608
385347,Buffering,73728,208,30,59,0,0,13,4895,0,595,0,608
385601,Buffering,129024,365,30,59,0,0,13,4900,0,595,0,608
385888,Buffering,156672,444,30,59,0,0,13,4903,0,595,0,608
386009,Buffering,165888,470,30,59,0,0,13,4905,0,595,0,608
386275,Buffering,239616,679,30,59,0,0,13,4910,0,595,0,608
386581,Buffering,239616,679,30,59,0,0,13,4910,0,595,0,608
386788,Reconnecting,0,0,30,60,0,0,13,4911,434,595,434,608
387009,Reconnecting,0,0,30,60,0,0,13,4911,434,595,434,608
387314,Reconnecting,0,0,30,60,0,0,13,4911,434,595,434,608
387521,Reconnecting,0,0,30,60,0,0,13,4911,434,595,434,608
387776,Reconnecting,0,0,30,60,0,0,13,4911,434,595,434,608
388039,Reconnecting,0,0,30,60,0,0,13,4911,434,595,434,608
388284,Reconnecting,0,0,30,60,0,0,13,4911,434,595,434,608
388571,Reconnecting,0,0,30,60,0,0,13,4911,434,595,434,608
388767,Reconnecting,0,0,30,60,0,0,13,4911,434,595,434,608
389005,Reconnecting,0,0,30,60,0,0,13,4911,434,595,434,608
389296,Reconnecting,0,0,30,60,0,0,13,4911,434,595,434,608
389601,Reconnecting,0,0,30,60,0,0,13,4911,434,595,434,608
389792,Reconnecting,0,0,30,60,0,0,13,4911,434,595,434,608
390017,Reconnecting,0,0,30,60,0,0,13,4911,434,595,434,608
390297,Reconnecting,0,0,30,60,0,0,13,4911,434,595,434,608
390642,Reconnecting,0,0,30,60,0,0,13,4911,434,595,434,608
390784,Reconnecting,0,0,30,60,0,0,13,4911,434,595,434,608
391201,Reconnecting,0,0,30,60,0,0,13,4911,434,595,434,608
391346,Reconnecting,0,0,30,60,0,0,13,4911,434,595,434,608
391564,Reconnecting,0,0,30,60,0,0,13,4911,434,595,434,608
391779,Reconnecting,0,0,30,60,0,0,14,4911,434,595,434,608
392081,Reconnecting,0,0,30,60,0,0,14,4911,434,595,434,608
392366,Reconnecting,0,0,30,60,0,0,14,4911,434,595,434,608
392543,Reconnecting,0,0,30,60,0,0,14,4911,434,595,434,608
392797,Reconnecting,0,0,30,60,0,0,14,4911,434,595,434,608
393057,Reconnecting,0,0,30,60,0,0,14,4911,434,595,434,608
393317,Reconnecting,0,0,30,60,0,0,14,4911,434,595,434,608
393525,Reconnecting,0,0,30,60,0,0,14,4911,434,595,434,608
393774,Reconnecting,0,0,30,60,0,0,14,4911,434,595,434,608
394080,Reconnecting,0,0,30,60,0,0,14,4917,35,595,434,608
394252,Reconnecting,119808,339,30,60,0,0,14,4931,0,595,0,615
394535,Reconnecting,543744,1541,30,60,0,0,14,4959,120,595,120,615
394789,Playing,1394688,3953,30,60,0,0,14,5011,0,595,0,615
395043,Playing,1304576,3697,30,60,0,0,14,5011,0,595,0,615
395301,Playing,1564672,4435,30,60,0,0,14,5032,0,595,0,615
395593,Playing,1458176,4133,30,60,0,0,14,5032,0,595,0,615
396010,Playing,1439744,4080,30,60,0,0,14,5041,0,595,0,615
396227,Playing,1522688,4316,30,60,0,0,14,5048,0,595,0,615
396335,Playing,1509376,4278,30,60,0,0,14,5050,0,595,0,615
396600,Playing,1585152,4493,30,60,0,0,14,5059,0,595,0,615
396756,Playing,1573888,4461,30,60,0,0,14,5064,0,595,0,615
397071,Playing,1459200,4136,30,60,0,0,14,5064,0,595,0,615
397251,Playing,1467392,4159,30,60,0,0,14,5069,0,595,0,615
397571,Playing,1425408,4040,30,60,0,0,14,5074,0,595,0,615
397768,Playing,1351680,3831,30,60,0,0,14,5074,0,595,0,615
398055,Playing,1317888,3735,30,60,0,0,14,5079,0,595,0,615
398300,Playing,1227776,3480,30,60,0,0,14,5080,411,595,0,615
398572,Playing,1211392,3433,30,60,0,0,14,5084,0,595,0,615
398842,Playing,1159168,3285,30,60,0,0,14,5089,0,595,0,615
399014,Playing,1093632,3099,30,60,0,0,14,5089,0,595,0,615
399271,Playing,1068032,3027,30,60,0,0,14,5094,0,595,0,615
399605,Playing,1017856,2885,30,60,0,0,14,5099,0,595,0,615
399755,Playing,968704,2745,30,60,0,0,14,5099,0,595,0,615
400013,Playing,934912,2649,30,60,0,0,14,5104,0,595,0,615
400275,Playing,844800,2394,30,60,0,0,14,5104,0,595,0,615
400635,Playing,786432,2229,30,60,0,0,14,5109,0,595,0,615
400793,Playing,756736,2144,30,60,0,0,14,5114,0,595,0,615
401050,Playing,666624,1889,30,60,0,0,14,5114,0,595,0,615
401308,Playing,650240,1843,30,60,0,0,14,5119,0,595,0,615
401555,Playing,587776,1666,30,60,0,0,14,5120,420,595,420,615
401797,Playing,534528,1515,30,60,0,0,14,5124,0,595,0,615
402047,Playing,452608,1282,30,60,0,0,14,5124,0,595,0,615
402298,Playing,427008,1210,30,60,0,0,14,5129,0,595,0,615
402541,Playing,401408,1137,30,60,0,0,14,5134,0,595,0,615
402780,Playing,365568,1036,30,60,0,0,14,5139,0,595,0,615
403039,Playing,275456,780,30,60,0,0,14,5139,0,595,0,615
403271,Playing,258048,731,30,60,0,0,14,5144,0,595,0,615
403624,Playing,135168,383,30,60,0,0,14,5144,0,595,0,615
403805,Playing,134144,380,30,60,0,0,14,5149,0,595,0,615
404047,Playing,108544,307,30,60,0,0,14,5154,0,595,0,615
404339,Playing,10240,29,30,60,0,0,14,5154,0,595,0,615
404600,Buffering,64512,182,31,60,0,0,14,5159,0,595,0,615
404810,Buffering,64512,182,31,60,0,0,14,5159,0,595,0,615
405029,Buffering,92160,261,31,60,0,0,14,5164,0,595,0,615
405378,Buffering,165888,470,31,60,0,0,14,5169,0,595,0,615
405501,Buffering,165888,470,31,60,0,0,14,5169,0,595,0,615
405822,Buffering,230400,653,31,60,0,0,14,5174,0,595,0,615
406038,Buffering,294912,835,31,60,0,0,14,5179,0,595,0,615
406326,Buffering,294912,835,31,60,0,0,14,5179,0,595,0,615
406563,Buffering,285696,809,31,61,0,0,14,5184,0,595,0,615
406760,Buffering,258048,731,31,61,0,0,14,5187,0,595,0,615
407042,Buffering,159744,452,31,61,0,0,14,5189,0,595,0,615
407276,Buffering,142336,403,31,61,0,0,14,5194,0,595,0,615
407607,Buffering,27648,78,31,61,0,0,14,5194,0,595,0,615
407805,Buffering,35840,101,31,61,0,0,14,5199,0,595,0,615
408051,Buffering,73728,208,31,61,0,0,14,5204,0,595,0,615
408300,Buffering,73728,208,31,61,0,0,14,5204,0,595,0,615
408504,Buffering,138240,391,31,61,0,0,14,5209,0,595,0,615
408807,Buffering,165888,470,31,61,0,0,14,5214,0,595,0,615
409064,Buffering,165888,470,31,61,0,0,14,5214,0,595,0,615
409250,Buffering,239616,679,31,61,0,0,14,5219,0,595,0,615
409555,Buffering,239616,679,31,61,0,0,14,5219,0,595,0,615
409772,Playing,230400,653,31,62,0,0,14,5224,0,595,0,615
410058,Playing,188416,534,31,62,0,0,14,5229,0,595,0,615
410297,Playing,106496,301,31,62,0,0,14,5229,0,595,0,615
410768,Playing,7168,20,31,62,0,0,14,5234,0,595,0,615
410956,Buffering,27648,78,32,62,0,0,14,5235,645,645,645,645
411205,Buffering,46080,130,32,62,0,0,14,5239,0,645,0,645
411478,Buffering,110592,313,32,62,0,0,14,5244,0,645,0,645
411563,Buffering,138240,391,32,62,0,0,14,5245,149,645,149,645
411864,Buffering,175104,496,32,62,0,0,14,5249,0,645,0,645
412008,Buffering,202752,574,32,62,0,0,14,5250,427,645,427,645
412264,Buffering,239616,679,32,62,0,0,14,5254,0,645,0,645
412614,Buffering,304128,862,32,62,0,0,14,5259,0,645,0,645
412797,Buffering,304128,862,32,62,0,0,14,5259,0,645,0,645
413118,Buffering,331776,940,32,62,0,0,14,5264,0,645,0,645
413339,Buffering,339968,963,32,63,0,0,14,5269,0,645,0,645
413501,Buffering,347136,983,32,63,0,0,14,5274,0,645,0,645
413751,Buffering,257024,728,32,63,0,0,14,5274,0,645,0,645
414027,Buffering,223232,632,32,63,0,0,14,5279,0,645,0,645
414300,Buffering,189440,536,32,63,0,0,14,5284,0,645,0,645
414660,Buffering,66560,188,32,63,0,0,14,5284,0,645,0,645
414766,Buffering,71680,203,32,63,0,0,14,5289,0,645,0,645
415114,Buffering,64512,182,32,63,0,0,14,5294,0,645,0,645
415255,Buffering,64512,182,32,63,0,0,14,5294,0,645,0,645
415568,Buffering,129024,365,32,63,0,0,14,5299,0,645,0,645
415846,Buffering,129024,365,32,63,0,0,14,5299,0,645,0,645
416146,Buffering,193536,548,32,63,0,0,14,5304,0,645,0,645
416250,Buffering,193536,548,32,63,0,0,14,5304,0,645,0,645
416501,Playing,176128,499,32,64,0,0,14,5309,0,645,0,645
416896,Playing,64512,182,32,64,0,0,14,5314,0,645,0,645
417050,Playing,15360,43,32,64,0,0,14,5314,0,645,0,645
417497,Buffering,64512,182,33,64,0,0,14,5324,0,645,0,645
417768,Buffering,64512,182,33,64,0,0,14,5324,0,645,0,645
417968,Buffering,129024,365,33,64,0,0,14,5329,0,645,0,645
418201,Buffering,129024,365,33,64,0,0,14,5329,0,645,0,645
418326,Buffering,193536,548,33,64,0,0,14,5334,0,645,0,645
418530,Buffering,193536,548,33,64,0,0,14,5334,0,645,0,645
418778,Buffering,230400,653,33,64,0,0,14,5339,0,645,0,645
419072,Buffering,294912,835,33,64,0,0,14,5344,0,645,0,645
419266,Buffering,294912,835,33,64,0,0,14,5344,0,645,0,645
419543,Buffering,343040,972,33,65,0,0,14,5349,0,645,0,645
419929,Buffering,277504,786,33,65,0,0,14,5354,0,645,0,645
420085,Buffering,228352,647,33,65,0,0,14,5354,0,645,0,645
420301,Buffering,201728,571,33,65,0,0,14,5359,0,645,0,645
420560,Buffering,111616,316,33,65,0,0,14,5359,0,645,0,645
420814,Buffering,49152,139,33,65,0,0,14,5364,0,645,0,645
421068,Buffering,0,0,33,65,0,0,14,5364,0,645,0,645
421267,Buffering,73728,208,33,65,0,0,14,5369,0,645,0,645
421627,Buffering,138240,391,33,65,0,0,14,5374,0,645,0,645
421750,Buffering,138240,391,33,65,0,0,14,5374,0,645,0,645
422001,Buffering,202752,574,33,65,0,0,14,5379,0,645,0,645
422252,Buffering,202752,574,33,65,0,0,14,5379,0,645,0,645
422503,Buffering,267264,757,33,65,0,0,14,5384,0,645,0,645
422760,Reconnecting,0,0,33,66,0,0,14,5385,399,645,399,645
423003,Reconnecting,0,0,33,66,0,0,14,5385,399,645,399,645
423254,Reconnecting,0,0,33,66,0,0,14,5385,399,645,399,645
423503,Reconnecting,0,0,33,66,0,0,14,5385,399,645,399,645
423859,Reconnecting,0,0,33,66,0,0,14,5385,399,645,399,645
424025,Reconnecting,0,0,33,66,0,0,14,5385,399,645,399,645
424337,Reconnecting,0,0,33,66,0,0,14,5385,399,645,399,645
424626,Reconnecting,0,0,33,66,0,0,14,5385,399,645,399,645
424797,Reconnecting,0,0,33,66,0,0,14,5385,399,645,399,645
425003,Reconnecting,0,0,33,66,0,0,14,5385,399,645,399,645
425257,Reconnecting,0,0,33,66,0,0,14,5385,399,645,399,645
425504,Reconnecting,0,0,33,66,0,0,14,5385,399,645,399,645
425776,Reconnecting,0,0,33,66,0,0,14,5385,399,645,399,645
426128,Reconnecting,0,0,33,66,0,0,14,5385,399,645,399,645
426251,Reconnecting,0,0,33,66,0,0,14,5385,399,645,399,645
426500,Reconnecting,0,0,33,66,0,0,14,5385,399,645,399,645
426751,Reconnecting,0,0,33,66,0,0,14,5385,399,645,399,645
427061,Reconnecting,0,0,33,66,0,0,14,5385,399,645,399,645
427311,Reconnecting,0,0,33,66,0,0,14,5385,399,645,399,645
427560,Reconnecting,0,0,33,66,0,0,14,5385,399,645,399,645
427810,Reconnecting,0,0,33,66,0,0,15,5385,399,645,399,645
428000,Reconnecting,0,0,33,66,0,0,15,5385,399,645,399,645
428309,Reconnecting,0,0,33,66,0,0,15,5385,399,645,399,645
428557,Reconnecting,0,0,33,66,0,0,15,5385,399,645,399,645
428807,Reconnecting,0,0,33,66,0,0,15,5385,399,645,399,645
429057,Reconnecting,0,0,33,66,0,0,15,5385,399,645,399,645
429307,Reconnecting,0,0,33,66,0,0,15,5385,399,645,399,645
429557,Reconnecting,0,0,33,66,0,0,15,5385,399,645,399,645
429806,Reconnecting,0,0,33,66,0,0,15,5385,399,645,399,645
430057,Reconnecting,18432,52,33,66,0,0,15,5391,2,645,2,645
430280,Reconnecting,221184,626,33,66,0,0,15,5405,1,645,1,645
430528,Reconnecting,626688,1776,33,66,0,0,15,5432,0,645,0,645
430789,Playing,1504256,4263,33,66,0,0,15,5485,0,645,0,645
431039,Playing,1414144,4008,33,66,0,0,15,5485,0,645,0,645
431291,Playing,1674240,4745,33,66,0,0,15,5506,0,645,0,645
431534,Playing,1592320,4513,33,66,0,0,15,5506,0,645,0,645
431783,Playing,1631232,4623,33,66,0,0,15,5515,0,645,0,645
432034,Playing,1725440,4890,33,66,0,0,15,5524,0,645,0,645
432296,Playing,1635328,4635,33,66,0,0,15,5524,0,645,0,645
432509,Playing,1727488,4896,33,66,0,0,15,5533,0,645,0,645
432807,Playing,1667072,4725,33,66,0,0,15,5538,0,645,0,645
433058,Playing,1576960,4469,33,66,0,0,15,5538,0,645,0,645
433313,Playing,1560576,4423,33,66,0,0,15,5543,0,645,0,645
433517,Playing,1486848,4214,33,66,0,0,15,5543,0,645,0,645
433758,Playing,1469440,4165,33,66,0,0,15,5548,0,645,0,645
434017,Playing,1443840,4092,33,66,0,0,15,5553,2,645,2,645
434267,Playing,1353728,3837,33,66,0,0,15,5553,2,645,2,645
434570,Playing,1320960,3744,33,66,0,0,15,5558,0,645,0,645
434758,Playing,1301504,3689,33,66,0,0,15,5563,0,645,0,645
435029,Playing,1203200,3410,33,66,0,0,15,5563,0,645,0,645
435276,Playing,1177600,3337,33,66,0,0,15,5568,0,645,0,645
435563,Playing,1143808,3242,33,66,0,0,15,5573,0,645,0,645
435755,Playing,1078272,3056,33,66,0,0,15,5573,0,645,0,645
436026,Playing,1044480,2960,33,66,0,0,15,5578,0,645,0,645
436288,Playing,954368,2705,33,66,0,0,15,5578,0,645,0,645
436538,Playing,928768,2632,33,66,0,0,15,5583,0,645,0,645
436784,Playing,866304,2455,33,66,0,0,15,5588,0,645,0,645
437038,Playing,776192,2200,33,66,0,0,15,5588,0,645,0,645
437284,Playing,768000,2176,33,66,0,0,15,5593,0,645,0,645
437555,Playing,734208,2081,33,66,0,0,15,5598,0,645,0,645
437809,Playing,644096,1825,33,66,0,0,15,5598,0,645,0,645
438005,Playing,643072,1822,33,66,0,0,15,5603,0,645,0,645
438258,Playing,552960,1567,33,66,0,0,15,5603,0,645,0,645
438541,Playing,509952,1445,33,66,0,0,15,5608,0,645,0,645
438805,Playing,448512,1271,33,66,0,0,15,5613,0,645,0,645
439050,Playing,366592,1039,33,66,0,0,15,5613,0,645,0,645
439300,Playing,350208,992,33,66,0,0,15,5618,0,645,0,645
439558,Playing,324608,920,33,66,0,0,15,5623,0,645,0,645
439770,Playing,242688,687,33,66,0,0,15,5623,0,645,0,645
440030,Playing,217088,615,33,66,0,0,15,5628,0,645,0,645
440321,Playing,118784,336,33,66,0,0,15,5628,0,645,0,645
440526,Playing,109568,310,33,66,0,0,15,5633,0,645,0,645
440780,Playing,47104,133,33,66,0,0,15,5638,0,645,0,645
441022,Playing,0,0,33,66,0,0,15,5638,0,645,0,645
441293,Buffering,73728,208,34,66,0,0,15,5643,0,645,0,645
441545,Buffering,138240,391,34,66,0,0,15,5648,0,645,0,645
441795,Buffering,138240,391,34,66,0,0,15,5648,0,645,0,645
442045,Buffering,202752,574,34,66,0,0,15,5653,0,645,0,645
442321,Buffering,202752,574,34,66,0,0,15,5653,0,645,0,645
442530,Buffering,258048,731,34,66,0,0,15,5658,0,645,0,645
442755,Buffering,294912,835,34,66,0,0,15,5663,0,645,0,645
443008,Buffering,294912,835,34,66,0,0,15,5663,0,645,0,645
443271,Buffering,319488,905,34,67,0,0,15,5668,0,645,0,645
443634,Buffering,261120,740,34,67,0,0,15,5673,0,645,0,645
443788,Buffering,203776,577,34,67,0,0,15,5673,0,645,0,645
444000,Buffering,194560,551,34,67,0,0,15,5678,0,645,0,645
444397,Buffering,119808,339,34,67,0,0,15,5683,0,645,0,645
444546,Buffering,70656,200,34,67,0,0,15,5683,0,645,0,645
444901,Buffering,27648,78,34,67,0,0,15,5688,0,645,0,645
445210,Buffering,92160,261,34,67,0,0,15,5693,0,645,0,645
445359,Buffering,92160,261,34,67,0,0,15,5693,0,645,0,645
445580,Buffering,165888,470,34,67,0,0,15,5698,0,645,0,645
445827,Buffering,165888,470,34,67,0,0,15,5698,0,645,0,645
446051,Buffering,239616,679,34,67,0,0,15,5703,0,645,0,645
446309,Buffering,239616,679,34,67,0,0,15,5703,0,645,0,645
446504,Playing,229376,650,34,68,0,0,15,5708,0,645,0,645
446750,Playing,176128,499,34,68,0,0,15,5713,0,645,0,645
447003,Playing,86016,243,34,68,0,0,15,5713,0,645,0,645
447317,Playing,53248,150,34,68,0,0,15,5718,0,645,0,645
447520,Playing,0,0,34,68,0,0,15,5718,0,645,0,645
447809,Buffering,64512,182,35,68,0,0,15,5723,0,645,0,645
448005,Buffering,129024,365,35,68,0,0,15,5728,0,645,0,645
448284,Buffering,129024,365,35,68,0,0,15,5728,0,645,0,645
448563,Buffering,193536,548,35,68,0,0,15,5733,0,645,0,645
448763,Buffering,230400,653,35,68,0,0,15,5738,0,645,0,645
449026,Buffering,230400,653,35,68,0,0,15,5738,0,645,0,645
449355,Buffering,294912,835,35,68,0,0,15,5743,0,645,0,645
449579,Buffering,352256,998,35,69,0,0,15,5748,0,645,0,645
449784,Buffering,278528,789,35,69,0,0,15,5748,0,645,0,645
450033,Buffering,270336,766,35,69,0,0,15,5753,0,645,0,645
450334,Buffering,219136,621,35,69,0,0,15,5758,0,645,0,645
450562,Buffering,137216,388,35,69,0,0,15,5758,0,645,0,645
450813,Buffering,83968,238,35,69,0,0,15,5763,0,645,0,645
451066,Buffering,0,0,35,69,0,0,15,5763,0,645,0,645
451300,Buffering,73728,208,35,69,0,0,15,5768,0,645,0,645
451550,Buffering,138240,391,35,69,0,0,15,5773,0,645,0,645
451957,Buffering,202752,574,35,69,0,0,15,5778,0,645,0,645
452213,Buffering,202752,574,35,69,0,0,15,5778,0,645,0,645
452338,Buffering,267264,757,35,69,0,0,15,5783,0,645,0,645
452708,Buffering,267264,757,35,69,0,0,15,5783,0,645,0,645
452821,Playing,263168,745,35,70,0,0,15,5788,0,645,0,645
453055,Playing,181248,513,35,70,0,0,15,5788,0,645,0,645
453345,Playing,147456,417,35,70,0,0,15,5793,0,645,0,645
453563,Playing,139264,394,35,70,0,0,15,5798,0,645,0,645
453784,Playing,65536,185,35,70,0,0,15,5798,0,645,0,645
454013,Playing,57344,162,35,70,0,0,15,5803,0,645,0,645
454317,Playing,0,0,35,70,0,0,15,5803,0,645,0,645
454601,Buffering,55296,156,36,70,0,0,15,5808,0,645,0,645
454790,Buffering,92160,261,36,70,0,0,15,5813,0,645,0,645
455096,Buffering,92160,261,36,70,0,0,15,5813,0,645,0,645
455388,Buffering,165888,470,36,70,0,0,15,5818,0,645,0,645
455626,Buffering,230400,653,36,70,0,0,15,5823,0,645,0,645
455806,Buffering,230400,653,36,70,0,0,15,5823,0,645,0,645
456054,Buffering,294912,835,36,70,0,0,15,5828,0,645,0,645
456305,Buffering,294912,835,36,70,0,0,15,5828,0,645,0,645
456557,Buffering,350208,992,36,70,0,0,15,5833,0,645,0,645
456750,Buffering,378880,1073,36,71,0,0,15,5838,0,645,0,645
457012,Buffering,288768,818,36,71,0,0,15,5838,0,645,0,645
457267,Buffering,263168,745,36,71,0,0,15,5843,0,645,0,645
457534,Buffering,238592,676,36,71,0,0,15,5848,0,645,0,645
457792,Buffering,148480,420,36,71,0,0,15,5848,0,645,0,645
458000,Buffering,148480,420,36,71,0,0,15,5853,0,645,0,645
458309,Buffering,41984,119,36,71,0,0,15,5853,0,645,0,645
458513,Buffering,23552,66,36,71,0,0,15,5858,0,645,0,645
458809,Buffering,36864,104,36,71,0,0,15,5863,0,645,0,645
459045,Buffering,36864,104,36,71,0,0,15,5863,0,645,0,645
459288,Buffering,110592,313,36,71,0,0,15,5868,0,645,0,645
459529,Reconnecting,0,0,36,72,0,0,15,5869,391,645,391,645
459826,Reconnecting,0,0,36,72,0,0,15,5869,391,645,391,645
460047,Reconnecting,0,0,36,72,0,0,15,5869,391,645,391,645
460299,Reconnecting,0,0,36,72,0,0,15,5869,391,645,391,645
460555,Reconnecting,0,0,36,72,0,0,15,5869,391,645,391,645
460776,Reconnecting,0,0,36,72,0,0,15,5869,391,645,391,645
461016,Reconnecting,0,0,36,72,0,0,15,5869,391,645,391,645
461259,Reconnecting,0,0,36,72,0,0,15,5869,391,645,391,645
461561,Reconnecting,0,0,36,72,0,0,15,5869,391,645,391,645
461808,Reconnecting,0,0,36,72,0,0,15,5869,391,645,391,645
462000,Reconnecting,0,0,36,72,0,0,15,5869,391,645,391,645
462258,Reconnecting,0,0,36,72,0,0,15,5869,391,645,391,645
462618,Reconnecting,0,0,36,72,0,0,15,5869,391,645,391,645
462774,Reconnecting,0,0,36,72,0,0,15,5869,391,645,391,645
463005,Reconnecting,0,0,36,72,0,0,15,5869,391,645,391,645
463314,Reconnecting,0,0,36,72,0,0,15,5869,391,645,391,645
463528,Reconnecting,0,0,36,72,0,0,15,5869,391,645,391,645
463755,Reconnecting,0,0,36,72,0,0,15,5869,391,645,391,645
464067,Reconnecting,0,0,36,72,0,0,15,5869,391,645,391,645
464275,Reconnecting,0,0,36,72,0,0,15,5869,391,645,391,645
464534,Reconnecting,0,0,36,72,0,0,15,5869,391,645,391,645
464791,Reconnecting,0,0,36,72,0,0,16,5869,391,645,391,645
465043,Reconnecting,0,0,36,72,0,0,16,5869,391,645,391,645
465291,Reconnecting,0,0,36,72,0,0,16,5869,391,645,391,645
465549,Reconnecting,0,0,36,72,0,0,16,5869,391,645,391,645
465791,Reconnecting,0,0,36,72,0,0,16,5869,391,645,391,645
466037,Reconnecting,0,0,36,72,0,0,16,5869,391,645,391,645
466287,Reconnecting,0,0,36,72,0,0,16,5869,391,645,391,645
466582,Reconnecting,0,0,36,72,0,0,16,5869,391,645,391,645
466799,Reconnecting,0,0,36,72,0,0,16,5875,0,645,391,645
467026,Reconnecting,193536,548,36,72,0,0,16,5889,2,645,2,645
467300,Reconnecting,599040,1697,36,72,0,0,16,5916,1,645,1,645
467550,Reconnecting,912384,2586,36,72,0,0,16,5936,0,645,0,645
467797,Playing,1402880,3976,36,72,0,0,16,5969,0,645,0,645
468046,Playing,1671168,4736,36,72,0,0,16,5990,0,645,0,645
468308,Playing,1572864,4458,36,72,0,0,16,5990,0,645,0,645
468505,Playing,1636352,4638,36,72,0,0,16,5999,0,645,0,645
468779,Playing,1722368,4881,36,72,0,0,16,6008,0,645,0,645
469030,Playing,1632256,4626,36,72,0,0,16,6008,0,645,0,645
469284,Playing,1708032,4841,36,72,0,0,16,6017,0,645,0,645
469533,Playing,1617920,4585,36,72,0,0,16,6017,0,645,0,645
469783,Playing,1582080,4484,36,72,0,0,16,6022,0,645,0,645
470030,Playing,1565696,4437,36,72,0,0,16,6027,0,645,0,645
470287,Playing,1475584,4182,36,72,0,0,16,6027,0,645,0,645
470604,Playing,1425408,4040,36,72,0,0,16,6032,0,645,0,645
470787,Playing,1424384,4037,36,72,0,0,16,6037,0,645,0,645
471055,Playing,1334272,3781,36,72,0,0,16,6037,0,645,0,645
471301,Playing,1308672,3709,36,72,0,0,16,6042,0,645,0,645
471550,Playing,1246208,3532,36,72,0,0,16,6045,0,645,0,645
471804,Playing,1165312,3303,36,72,0,0,16,6047,0,645,0,645
472051,Playing,1157120,3279,36,72,0,0,16,6052,0,645,0,645
472305,Playing,1067008,3024,36,72,0,0,16,6052,0,645,0,645
472511,Playing,1057792,2998,36,72,0,0,16,6057,0,645,0,645
472771,Playing,1032192,2925,36,72,0,0,16,6062,0,645,0,645
473030,Playing,933888,2647,36,72,0,0,16,6062,0,645,0,645
473296,Playing,908288,2574,36,72,0,0,16,6067,0,645,0,645
473546,Playing,845824,2397,36,72,0,0,16,6070,0,645,0,645
473750,Playing,772096,2188,36,72,0,0,16,6072,0,645,0,645
474004,Playing,755712,2142,36,72,0,0,16,6077,0,645,0,645
474263,Playing,665600,1886,36,72,0,0,16,6077,0,645,0,645
474517,Playing,640000,1814,36,72,0,0,16,6082,0,645,0,645
474790,Playing,606208,1718,36,72,0,0,16,6087,0,645,0,645
475042,Playing,524288,1486,36,72,0,0,16,6087,0,645,0,645
475307,Playing,490496,1390,36,72,0,0,16,6092,0,645,0,645
475513,Playing,416768,1181,36,72,0,0,16,6092,0,645,0,645
475787,Playing,364544,1033,36,72,0,0,16,6097,0,645,0,645
476050,Playing,348160,986,36,72,0,0,16,6102,0,645,0,645
476297,Playing,258048,731,36,72,0,0,16,6102,0,645,0,645
476543,Playing,240640,682,36,72,0,0,16,6107,0,645,0,645
476755,Playing,231424,655,36,72,0,0,16,6112,0,645,0,645
477017,Playing,133120,377,36,72,0,0,16,6112,0,645,0,645
477345,Playing,82944,235,36,72,0,0,16,6117,0,645,0,645
477534,Playing,45056,127,36,72,0,0,16,6118,390,645,390,645
477754,Playing,0,0,36,72,0,0,16,6122,0,645,0,645
478046,Buffering,64512,182,37,72,0,0,16,6127,0,645,0,645
478312,Buffering,64512,182,37,72,0,0,16,6127,0,645,0,645
478500,Buffering,138240,391,37,72,0,0,16,6132,0,645,0,645
478751,Buffering,211968,600,37,72,0,0,16,6137,0,645,0,645
479009,Buffering,211968,600,37,72,0,0,16,6137,0,645,0,645
479263,Buffering,267264,757,37,72,0,0,16,6142,0,645,0,645
479509,Buffering,267264,757,37,72,0,0,16,6142,0,645,0,645
479767,Buffering,304128,862,37,72,0,0,16,6147,0,645,0,645
480013,Buffering,353280,1001,37,73,0,0,16,6152,0,645,0,645
480284,Buffering,254976,722,37,73,0,0,16,6152,0,645,0,645
480534,Buffering,237568,673,37,73,0,0,16,6157,0,645,0,645
480779,Buffering,211968,600,37,73,0,0,16,6162,0,645,0,645
481045,Buffering,121856,345,37,73,0,0,16,6162,0,645,0,645
481250,Buffering,112640,319,37,73,0,0,16,6167,0,645,0,645
481501,Buffering,22528,63,37,73,0,0,16,6167,0,645,0,645
481805,Buffering,0,0,37,73,0,0,16,6172,0,645,0,645
482054,Buffering,64512,182,37,73,0,0,16,6177,0,645,0,645
482307,Buffering,64512,182,37,73,0,0,16,6177,0,645,0,645
482571,Buffering,138240,391,37,73,0,0,16,6182,0,645,0,645
482766,Buffering,211968,600,37,73,0,0,16,6187,0,645,0,645
483021,Buffering,211968,600,37,73,0,0,16,6187,0,645,0,645
483321,Playing,209920,595,37,74,0,0,16,6192,0,645,0,645
483500,Playing,152576,432,37,74,0,0,16,6192,0,645,0,645
483779,Playing,91136,258,37,74,0,0,16,6197,0,645,0,645
484025,Playing,74752,211,37,74,0,0,16,6202,0,645,0,645
484269,Playing,0,0,37,74,0,0,16,6202,0,645,0,645
484529,Buffering,64512,182,38,74,0,0,16,6207,0,645,0,645
484882,Buffering,129024,365,38,74,0,0,16,6212,0,645,0,645
485079,Buffering,129024,365,38,74,0,0,16,6212,0,645,0,645
485362,Buffering,193536,548,38,74,0,0,16,6217,0,645,0,645
485546,Buffering,193536,548,38,74,0,0,16,6217,0,645,0,645
485812,Buffering,230400,653,38,74,0,0,16,6222,0,645,0,645
486030,Buffering,294912,835,38,74,0,0,16,6225,0,645,0,645
486375,Buffering,294912,835,38,74,0,0,16,6227,0,645,0,645
486613,Buffering,286720,812,38,75,0,0,16,6232,0,645,0,645
486896,Buffering,262144,743,38,75,0,0,16,6237,0,645,0,645
487075,Buffering,196608,557,38,75,0,0,16,6237,0,645,0,645
487275,Buffering,186368,528,38,75,0,0,16,6242,0,645,0,645
487512,Buffering,96256,272,38,75,0,0,16,6242,0,645,0,645
487825,Buffering,17408,49,38,75,0,0,16,6247,0,645,0,645
488080,Buffering,73728,208,38,75,0,0,16,6252,0,645,0,645
488380,Buffering,101376,287,38,75,0,0,16,6253,312,645,313,645
488542,Buffering,138240,391,38,75,0,0,16,6257,0,645,0,645
488875,Buffering,202752,574,38,75,0,0,16,6260,0,645,0,645
489067,Buffering,202752,574,38,75,0,0,16,6262,0,645,0,645
489267,Buffering,267264,757,38,75,0,0,16,6267,0,645,0,645
489525,Playing,294912,835,38,76,0,0,16,6268,365,645,365,645
489766,Playing,214016,606,38,76,0,0,16,6272,0,645,0,645
490021,Playing,188416,534,38,76,0,0,16,6277,0,645,0,645
490328,Playing,109568,310,38,76,0,0,16,6278,343,645,343,645
490549,Playing,81920,232,38,76,0,0,16,6282,0,645,0,645
490803,Playing,65536,185,38,76,0,0,16,6287,0,645,0,645
491054,Playing,0,0,38,76,0,0,16,6287,0,645,0,645
491255,Buffering,55296,156,39,76,0,0,16,6292,0,645,0,645
491525,Buffering,55296,156,39,76,0,0,16,6292,0,645,0,645
491813,Buffering,82944,235,39,76,0,0,16,6297,0,645,0,645
492054,Buffering,156672,444,39,76,0,0,16,6302,0,645,0,645
492305,Buffering,156672,444,39,76,0,0,16,6302,0,645,0,645
492551,Buffering,221184,626,39,76,0,0,16,6307,0,645,0,645
492800,Buffering,285696,809,39,76,0,0,16,6312,0,645,0,645
493051,Buffering,285696,809,39,76,0,0,16,6312,0,645,0,645
493296,Buffering,340992,966,39,76,0,0,16,6317,0,645,0,645
493563,Buffering,361472,1024,39,77,0,0,16,6322,0,645,0,645
493754,Buffering,295936,838,39,77,0,0,16,6322,0,645,0,645
494004,Buffering,270336,766,39,77,0,0,16,6327,0,645,0,645
494250,Buffering,180224,510,39,77,0,0,16,6327,0,645,0,645
494529,Buffering,146432,415,39,77,0,0,16,6332,0,645,0,645
494783,Buffering,130048,368,39,77,0,0,16,6337,0,645,0,645
495046,Buffering,39936,113,39,77,0,0,16,6337,0,645,0,645
495299,Buffering,5120,14,39,77,0,0,16,6342,0,645,0,645
495545,Buffering,27648,78,39,77,0,0,16,6347,0,645,0,645
495792,Buffering,27648,78,39,77,0,0,16,6347,0,645,0,645
496042,Buffering,101376,287,39,77,0,0,16,6352,0,645,0,645
496301,Buffering,101376,287,39,77,0,0,16,6352,0,645,0,645
496546,Reconnecting,0,0,39,78,0,0,16,6353,397,645,397,645
496792,Reconnecting,0,0,39,78,0,0,16,6353,397,645,397,645
497079,Reconnecting,0,0,39,78,0,0,16,6353,397,645,397,645
497317,Reconnecting,0,0,39,78,0,0,16,6353,397,645,397,645
497559,Reconnecting,0,0,39,78,0,0,16,6353,397,645,397,645
497813,Reconnecting,0,0,39,78,0,0,16,6353,397,645,397,645
498005,Reconnecting,0,0,39,78,0,0,16,6353,397,645,397,645
498259,Reconnecting,0,0,39,78,0,0,16,6353,397,645,397,645
498554,Reconnecting,0,0,39,78,0,0,16,6353,397,645,397,645
498804,Reconnecting,0,0,39,78,0,0,16,6353,397,645,397,645
499054,Reconnecting,0,0,39,78,0,0,16,6353,397,645,397,645
499305,Reconnecting,0,0,39,78,0,0,16,6353,397,645,397,645
499554,Reconnecting,0,0,39,78,0,0,16,6353,397,645,397,645
499800,Reconnecting,0,0,39,78,0,0,16,6353,397,645,397,645
500051,Reconnecting,0,0,39,78,0,0,16,6353,397,645,397,645
500300,Reconnecting,0,0,39,78,0,0,16,6353,397,645,397,645
500549,Reconnecting,0,0,39,78,0,0,16,6353,397,645,397,645
500801,Reconnecting,0,0,39,78,0,0,16,6353,397,645,397,645
501050,Reconnecting,0,0,39,78,0,0,16,6353,397,645,397,645
501303,Reconnecting,0,0,39,78,0,0,16,6353,397,645,397,645
501557,Reconnecting,0,0,39,78,0,0,17,6353,397,645,397,645
501758,Reconnecting,0,0,39,78,0,0,17,6353,397,645,397,645
502008,Reconnecting,0,0,39,78,0,0,17,6353,397,645,397,645
502263,Reconnecting,0,0,39,78,0,0,17,6353,397,645,397,645
502533,Reconnecting,0,0,39,78,0,0,17,6353,397,645,397,645
502775,Reconnecting,0,0,39,78,0,0,17,6353,397,645,397,645
503032,Reconnecting,0,0,39,78,0,0,17,6353,397,645,397,645
503283,Reconnecting,0,0,39,78,0,0,17,6353,397,645,397,645
503528,Reconnecting,0,0,39,78,0,0,17,6353,397,645,397,645
503782,Reconnecting,0,0,39,78,0,0,17,6359,0,645,397,645
504028,Reconnecting,156672,444,39,78,0,0,17,6373,0,645,0,645
504278,Reconnecting,562176,1593,39,78,0,0,17,6400,0,645,0,645
504528,Playing,1439744,4080,39,78,0,0,17,6453,0,645,0,645
504779,Playing,1349632,3825,39,78,0,0,17,6453,0,645,0,645
505040,Playing,1609728,4562,39,78,0,0,17,6474,0,645,0,645
505296,Playing,1648640,4673,39,78,0,0,17,6483,0,645,0,645
505542,Playing,1558528,4417,39,78,0,0,17,6483,0,645,0,645
505794,Playing,1652736,4684,39,78,0,0,17,6492,0,645,0,645
506057,Playing,1562624,4429,39,78,0,0,17,6492,0,645,0,645
506308,Playing,1638400,4643,39,78,0,0,17,6501,0,645,0,645
506561,Playing,1594368,4519,39,78,0,0,17,6506,0,645,0,645
506753,Playing,1528832,4333,39,78,0,0,17,6506,0,645,0,645
507061,Playing,1496064,4240,39,78,0,0,17,6511,0,645,0,645
507311,Playing,1470464,4167,39,78,0,0,17,6516,0,645,0,645
507558,Playing,1380352,3912,39,78,0,0,17,6516,0,645,0,645
507807,Playing,1362944,3863,39,78,0,0,17,6521,0,645,0,645
508061,Playing,1272832,3607,39,78,0,0,17,6521,0,645,0,645
508311,Playing,1256448,3561,39,78,0,0,17,6526,0,645,0,645
508562,Playing,1212416,3436,39,78,0,0,17,6531,0,645,0,645
508750,Playing,1146880,3250,39,78,0,0,17,6531,0,645,0,645
509016,Playing,1121280,3178,39,78,0,0,17,6536,0,645,0,645
509284,Playing,1087488,3082,39,78,0,0,17,6541,0,645,0,645
509529,Playing,997376,2827,39,78,0,0,17,6541,0,645,0,645
509782,Playing,979968,2777,39,78,0,0,17,6546,0,645,0,645
510036,Playing,889856,2522,39,78,0,0,17,6546,0,645,0,645
510283,Playing,864256,2449,39,78,0,0,17,6551,0,645,0,645
510533,Playing,801792,2272,39,78,0,0,17,6556,0,645,0,645
510783,Playing,711680,2017,39,78,0,0,17,6556,0,645,0,645
511036,Playing,695296,1970,39,78,0,0,17,6561,0,645,0,645
511283,Playing,677888,1921,39,78,0,0,17,6566,0,645,0,645
511533,Playing,587776,1666,39,78,0,0,17,6566,0,645,0,645
511783,Playing,562176,1593,39,78,0,0,17,6571,0,645,0,645
512033,Playing,472064,1338,39,78,0,0,17,6571,0,645,0,645
512283,Playing,445440,1262,39,78,0,0,17,6576,0,645,0,645
512529,Playing,392192,1111,39,78,0,0,17,6581,0,645,0,645
512785,Playing,302080,856,39,78,0,0,17,6581,0,645,0,645
513029,Playing,285696,809,39,78,0,0,17,6586,0,645,0,645
513279,Playing,268288,760,39,78,0,0,17,6591,0,645,0,645
513529,Playing,178176,505,39,78,0,0,17,6591,0,645,0,645
513774,Playing,152576,432,39,78,0,0,17,6596,0,645,0,645
514024,Playing,70656,200,39,78,0,0,17,6596,0,645,0,645
514273,Playing,45056,127,39,78,0,0,17,6601,0,645,0,645
514525,Buffering,27648,78,40,78,0,0,17,6606,0,645,0,645
514773,Buffering,27648,78,40,78,0,0,17,6606,0,645,0,645
515028,Buffering,92160,261,40,78,0,0,17,6611,0,645,0,645
515300,Buffering,165888,470,40,78,0,0,17,6616,0,645,0,645
515603,Buffering,165888,470,40,78,0,0,17,6616,0,645,0,645
515788,Buffering,239616,679,40,78,0,0,17,6621,0,645,0,645
516042,Buffering,239616,679,40,78,0,0,17,6621,0,645,0,645
516285,Buffering,294912,835,40,78,0,0,17,6626,0,645,0,645
516541,Buffering,331776,940,40,78,0,0,17,6631,0,645,0,645
516786,Buffering,331776,940,40,78,0,0,17,6631,0,645,0,645
517036,Buffering,348160,986,40,79,0,0,17,6636,0,645,0,645
517311,Buffering,314368,891,40,79,0,0,17,6641,0,645,0,645
517506,Buffering,240640,682,40,79,0,0,17,6641,0,645,0,645
517769,Buffering,215040,609,40,79,0,0,17,6646,0,645,0,645
518028,Buffering,124928,354,40,79,0,0,17,6646,0,645,0,645
518290,Buffering,91136,258,40,79,0,0,17,6651,0,645,0,645
518533,Buffering,36864,104,40,79,0,0,17,6656,0,645,0,645
518800,Buffering,0,0,40,79,0,0,17,6656,0,645,0,645
519077,Buffering,64512,182,40,79,0,0,17,6661,0,645,0,645
519269,Buffering,138240,391,40,79,0,0,17,6666,0,645,0,645
519533,Buffering,138240,391,40,79,0,0,17,6666,0,645,0,645
519815,Playing,162816,461,40,80,0,0,17,6671,0,645,0,645
520020,Playing,89088,252,40,80,0,0,17,6671,0,645,0,645
520266,Playing,54272,153,40,80,0,0,17,6676,0,645,0,645
520506,Buffering,36864,104,41,80,0,0,17,6681,0,645,0,645
520779,Buffering,36864,104,41,80,0,0,17,6681,0,645,0,645
521037,Buffering,110592,313,41,80,0,0,17,6686,0,645,0,645
521312,Buffering,175104,496,41,80,0,0,17,6691,0,645,0,645
521508,Buffering,175104,496,41,80,0,0,17,6691,0,645,0,645
521753,Buffering,239616,679,41,80,0,0,17,6696,0,645,0,645
522058,Buffering,304128,862,41,80,0,0,17,6701,0,645,0,645
522263,Buffering,304128,862,41,80,0,0,17,6701,0,645,0,645
522537,Buffering,340992,966,41,80,0,0,17,6706,0,645,0,645
522758,Buffering,340992,966,41,80,0,0,17,6706,0,645,0,645
523021,Buffering,339968,963,41,81,0,0,17,6711,0,645,0,645
523278,Buffering,323584,917,41,81,0,0,17,6716,0,645,0,645
523508,Buffering,241664,684,41,81,0,0,17,6716,0,645,0,645
523753,Buffering,233472,661,41,81,0,0,17,6721,0,645,0,645
524032,Buffering,135168,383,41,81,0,0,17,6721,0,645,0,645
524307,Buffering,92160,261,41,81,0,0,17,6726,0,645,0,645
524570,Buffering,38912,110,41,81,0,0,17,6731,0,645,0,645
524753,Buffering,0,0,41,81,0,0,17,6731,0,645,0,645
525005,Buffering,73728,208,41,81,0,0,17,6736,0,645,0,645
525283,Buffering,138240,391,41,81,0,0,17,6741,0,645,0,645
525549,Buffering,138240,391,41,81,0,0,17,6741,0,645,0,645
525798,Playing,145408,412,41,82,0,0,17,6746,0,645,0,645
526050,Playing,128000,362,41,82,0,0,17,6751,0,645,0,645
526266,Playing,46080,130,41,82,0,0,17,6751,0,645,0,645
526520,Buffering,36864,104,42,82,0,0,17,6756,0,645,0,645
526766,Buffering,36864,104,42,82,0,0,17,6756,0,645,0,645
527078,Buffering,101376,287,42,82,0,0,17,6761,0,645,0,645
527257,Buffering,101376,287,42,82,0,0,17,6761,0,645,0,645
527546,Buffering,175104,496,42,82,0,0,17,6766,0,645,0,645
527750,Buffering,248832,705,42,82,0,0,17,6771,0,645,0,645
528012,Buffering,248832,705,42,82,0,0,17,6771,0,645,0,645
528258,Buffering,304128,862,42,82,0,0,17,6776,0,645,0,645
528507,Buffering,340992,966,42,82,0,0,17,6781,0,645,0,645
528757,Buffering,340992,966,42,82,0,0,17,6781,0,645,0,645
529007,Buffering,357376,1012,42,83,0,0,17,6786,0,645,0,645
529262,Buffering,331776,940,42,83,0,0,17,6791,0,645,0,645
529512,Buffering,241664,684,42,83,0,0,17,6791,0,645,0,645
529758,Buffering,224256,635,42,83,0,0,17,6796,0,645,0,645
530012,Buffering,134144,380,42,83,0,0,17,6796,0,645,0,645
530263,Buffering,99328,281,42,83,0,0,17,6801,0,645,0,645
530520,Buffering,46080,130,42,83,0,0,17,6806,0,645,0,645
530765,Buffering,0,0,42,83,0,0,17,6806,0,645,0,645
531024,Buffering,64512,182,42,83,0,0,17,6811,0,645,0,645
531266,Buffering,138240,391,42,83,0,0,17,6816,0,645,0,645
531532,Buffering,138240,391,42,83,0,0,17,6816,0,645,0,645
531780,Reconnecting,0,0,42,84,0,0,17,6817,395,645,395,645
532074,Reconnecting,0,0,42,84,0,0,17,6817,395,645,395,645
532262,Reconnecting,0,0,42,84,0,0,17,6817,395,645,395,645
532546,Reconnecting,0,0,42,84,0,0,17,6817,395,645,395,645
532790,Reconnecting,0,0,42,84,0,0,17,6817,395,645,395,645
533079,Reconnecting,0,0,42,84,0,0,17,6817,395,645,395,645
533274,Reconnecting,0,0,42,84,0,0,17,6817,395,645,395,645
533546,Reconnecting,0,0,42,84,0,0,17,6817,395,645,395,645
533794,Reconnecting,0,0,42,84,0,0,17,6817,395,645,395,645
534076,Reconnecting,0,0,42,84,0,0,17,6817,395,645,395,645
534258,Reconnecting,0,0,42,84,0,0,17,6817,395,645,395,645
534507,Reconnecting,0,0,42,84,0,0,17,6817,395,645,395,645
534757,Reconnecting,0,0,42,84,0,0,17,6817,395,645,395,645
535011,Reconnecting,0,0,42,84,0,0,17,6817,395,645,395,645
535264,Reconnecting,0,0,42,84,0,0,17,6817,395,645,395,645
535508,Reconnecting,0,0,42,84,0,0,17,6817,395,645,395,645
535757,Reconnecting,0,0,42,84,0,0,17,6817,395,645,395,645
536008,Reconnecting,0,0,42,84,0,0,17,6817,395,645,395,645
536254,Reconnecting,0,0,42,84,0,0,17,6817,395,645,395,645
536504,Reconnecting,0,0,42,84,0,0,17,6817,395,645,395,645
536753,Reconnecting,0,0,42,84,0,0,18,6817,395,645,395,645
537004,Reconnecting,0,0,42,84,0,0,18,6817,395,645,395,645
537253,Reconnecting,0,0,42,84,0,0,18,6817,395,645,395,645
537502,Reconnecting,0,0,42,84,0,0,18,6817,395,645,395,645
537752,Reconnecting,0,0,42,84,0,0,18,6817,395,645,395,645
538004,Reconnecting,0,0,42,84,0,0,18,6817,395,645,395,645
538252,Reconnecting,0,0,42,84,0,0,18,6817,395,645,395,645
538503,Reconnecting,0,0,42,84,0,0,18,6817,395,645,395,645
538753,Reconnecting,0,0,42,84,0,0,18,6819,0,645,395,645
539062,Reconnecting,46080,130,42,84,0,0,18,6837,0,645,0,645
539312,Reconnecting,451584,1280,42,84,0,0,18,6864,0,645,0,645
539560,Reconnecting,1345536,3813,42,84,0,0,18,6917,0,645,0,645
539750,Reconnecting,1345536,3813,42,84,0,0,18,6917,0,645,0,645
540004,Playing,1671168,4736,42,84,0,0,18,6938,0,645,0,645
540250,Playing,1581056,4481,42,84,0,0,18,6938,0,645,0,645
540558,Playing,1603584,4545,42,84,0,0,18,6947,0,645,0,645
540820,Playing,1697792,4812,42,84,0,0,18,6956,0,645,0,645
541010,Playing,1624064,4603,42,84,0,0,18,6956,0,645,0,645
541262,Playing,1699840,4818,42,84,0,0,18,6965,0,645,0,645
541517,Playing,1636352,4638,42,84,0,0,18,6966,382,645,382,645
541761,Playing,1573888,4461,42,84,0,0,18,6970,0,645,0,645
542028,Playing,1549312,4391,42,84,0,0,18,6975,0,645,0,645
542274,Playing,1467392,4159,42,84,0,0,18,6975,0,645,0,645
542529,Playing,1441792,4086,42,84,0,0,18,6980,0,645,0,645
542774,Playing,1416192,4014,42,84,0,0,18,6985,0,645,0,645
543024,Playing,1334272,3781,42,84,0,0,18,6985,0,645,0,645
543279,Playing,1308672,3709,42,84,0,0,18,6990,0,645,0,645
543525,Playing,1255424,3558,42,84,0,0,18,6995,0,645,0,645
543770,Playing,1165312,3303,42,84,0,0,18,6995,0,645,0,645
544020,Playing,1157120,3279,42,84,0,0,18,7000,0,645,0,645
544270,Playing,1067008,3024,42,84,0,0,18,7000,0,645,0,645
544524,Playing,1041408,2951,42,84,0,0,18,7005,0,645,0,645
544769,Playing,1015808,2879,42,84,0,0,18,7010,0,645,0,645
545018,Playing,933888,2647,42,84,0,0,18,7010,0,645,0,645
545278,Playing,900096,2551,42,84,0,0,18,7015,0,645,0,645
545516,Playing,818176,2319,42,84,0,0,18,7015,0,645,0,645
545764,Playing,755712,2142,42,84,0,0,18,7020,0,645,0,645
546016,Playing,747520,2118,42,84,0,0,18,7025,0,645,0,645
546266,Playing,657408,1863,42,84,0,0,18,7025,0,645,0,645
546516,Playing,631808,1790,42,84,0,0,18,7030,0,645,0,645
546770,Playing,606208,1718,42,84,0,0,18,7035,1,645,1,645
547015,Playing,516096,1462,42,84,0,0,18,7035,1,645,1,645
547269,Playing,498688,1413,42,84,0,0,18,7040,0,645,0,645
547516,Playing,408576,1158,42,84,0,0,18,7040,0,645,0,645
547812,Playing,348160,986,42,84,0,0,18,7045,0,645,0,645
548003,Playing,347136,983,42,84,0,0,18,7050,0,645,0,645
548253,Playing,257024,728,42,84,0,0,18,7050,0,645,0,645
548503,Playing,231424,655,42,84,0,0,18,7055,0,645,0,645
548750,Playing,205824,583,42,84,0,0,18,7060,0,645,0,645
549042,Playing,107520,304,42,84,0,0,18,7060,0,645,0,645
549298,Playing,81920,232,42,84,0,0,18,7065,0,645,0,645
549546,Playing,19456,55,42,84,0,0,18,7070,0,645,0,645
549794,Playing,0,0,42,84,0,0,18,7070,0,645,0,645
550047,Buffering,73728,208,43,84,0,0,18,7075,0,645,0,645
550295,Buffering,73728,208,43,84,0,0,18,7075,0,645,0,645
550553,Buffering,138240,391,43,84,0,0,18,7080,0,645,0,645
550799,Buffering,202752,574,43,84,0,0,18,7085,0,645,0,645
551046,Buffering,202752,574,43,84,0,0,18,7085,0,645,0,645
551294,Buffering,258048,731,43,84,0,0,18,7090,0,645,0,645
551545,Buffering,294912,835,43,84,0,0,18,7095,0,645,0,645
551795,Buffering,294912,835,43,84,0,0,18,7095,0,645,0,645
552045,Buffering,319488,905,43,85,0,0,18,7100,0,645,0,645
552295,Buffering,237568,673,43,85,0,0,18,7100,0,645,0,645
552557,Buffering,203776,577,43,85,0,0,18,7105,0,645,0,645
552806,Buffering,186368,528,43,85,0,0,18,7110,0,645,0,645
553054,Buffering,96256,272,43,85,0,0,18,7110,0,645,0,645
553302,Buffering,78848,223,43,85,0,0,18,7115,0,645,0,645
553503,Buffering,5120,14,43,85,0,0,18,7115,0,645,0,645
553754,Buffering,0,0,43,85,0,0,18,7120,0,645,0,645
554020,Buffering,73728,208,43,85,0,0,18,7125,0,645,0,645
554270,Buffering,73728,208,43,85,0,0,18,7125,0,645,0,645
554520,Buffering,138240,391,43,85,0,0,18,7130,0,645,0,645
554766,Buffering,202752,574,43,85,0,0,18,7135,0,645,0,645
555019,Buffering,202752,574,43,85,0,0,18,7135,0,645,0,645
555266,Playing,208896,592,43,86,0,0,18,7140,0,645,0,645
555520,Playing,155648,441,43,86,0,0,18,7145,0,645,0,645
555769,Playing,65536,185,43,86,0,0,18,7145,0,645,0,645
556019,Playing,49152,139,43,86,0,0,18,7150,0,645,0,645
556269,Playing,0,0,43,86,0,0,18,7150,0,645,0,645
556515,Buffering,64512,182,44,86,0,0,18,7155,0,645,0,645
556766,Buffering,129024,365,44,86,0,0,18,7160,0,645,0,645
557016,Buffering,129024,365,44,86,0,0,18,7160,0,645,0,645
557265,Buffering,193536,548,44,86,0,0,18,7165,0,645,0,645
557511,Buffering,193536,548,44,86,0,0,18,7165,0,645,0,645
557761,Buffering,221184,626,44,86,0,0,18,7170,0,645,0,645
558010,Buffering,294912,835,44,86,0,0,18,7175,0,645,0,645
558267,Buffering,294912,835,44,86,0,0,18,7175,0,645,0,645
558520,Buffering,285696,809,44,87,0,0,18,7180,0,645,0,645
558758,Buffering,232448,658,44,87,0,0,18,7183,0,645,43,645
559007,Buffering,178176,505,44,87,0,0,18,7185,0,645,0,645
559273,Buffering,135168,383,44,87,0,0,18,7190,0,645,0,645
559541,Buffering,81920,232,44,87,0,0,18,7195,1,645,1,645
559800,Buffering,0,0,44,87,0,0,18,7195,1,645,1,645
560053,Buffering,73728,208,44,87,0,0,18,7200,0,645,0,645
560303,Buffering,138240,391,44,87,0,0,18,7205,0,645,0,645
560550,Buffering,138240,391,44,87,0,0,18,7205,0,645,0,645
560808,Buffering,202752,574,44,87,0,0,18,7210,1,645,1,645
561091,Buffering,202752,574,44,87,0,0,18,7210,1,645,1,645
561319,Buffering,267264,757,44,87,0,0,18,7215,0,645,0,645
561537,Playing,286720,812,44,88,0,0,18,7220,0,645,0,645
561787,Playing,196608,557,44,88,0,0,18,7220,0,645,0,645
562039,Playing,171008,484,44,88,0,0,18,7225,0,645,0,645
562287,Playing,80896,229,44,88,0,0,18,7225,0,645,0,645
562544,Playing,64512,182,44,88,0,0,18,7230,0,645,0,645
562794,Playing,48128,136,44,88,0,0,18,7235,0,645,0,645
563040,Playing,0,0,44,88,0,0,18,7235,0,645,0,645
563303,Buffering,55296,156,45,88,0,0,18,7240,0,645,0,645
563535,Buffering,92160,261,45,88,0,0,18,7245,0,645,0,645
563815,Buffering,92160,261,45,88,0,0,18,7245,0,645,0,645
564057,Buffering,165888,470,45,88,0,0,18,7250,0,645,0,645
564307,Buffering,230400,653,45,88,0,0,18,7253,0,645,0,645
564553,Buffering,230400,653,45,88,0,0,18,7255,0,645,0,645
564754,Buffering,304128,862,45,88,0,0,18,7260,0,645,0,645
565041,Buffering,304128,862,45,88,0,0,18,7260,0,645,0,645
565295,Buffering,285696,809,45,89,0,0,18,7265,0,645,0,645
565541,Buffering,231424,655,45,89,0,0,18,7270,0,645,0,645
565800,Buffering,141312,400,45,89,0,0,18,7270,0,645,0,645
566061,Buffering,107520,304,45,89,0,0,18,7275,0,645,0,645
566257,Buffering,41984,119,45,89,0,0,18,7275,0,645,0,645
566511,Buffering,73728,208,45,89,0,0,18,7280,0,645,0,645
566753,Buffering,73728,208,45,89,0,0,18,7280,0,645,0,645
567003,Buffering,147456,417,45,89,0,0,18,7285,0,645,0,645
567274,Buffering,202752,574,45,89,0,0,18,7290,0,645,0,645
567519,Buffering,230400,653,45,89,0,0,18,7293,0,645,0,645
567769,Buffering,239616,679,45,89,0,0,18,7295,0,645,0,645
568018,Buffering,313344,888,45,89,0,0,18,7300,0,645,0,645
568269,Buffering,313344,888,45,89,0,0,18,7300,0,645,0,645
568516,Reconnecting,0,0,45,90,0,0,18,7301,384,645,384,645
568769,Reconnecting,0,0,45,90,0,0,18,7301,384,645,384,645
569014,Reconnecting,0,0,45,90,0,0,18,7301,384,645,384,645
569265,Reconnecting,0,0,45,90,0,0,18,7301,384,645,384,645
569515,Reconnecting,0,0,45,90,0,0,18,7301,384,645,384,645
569765,Reconnecting,0,0,45,90,0,0,18,7301,384,645,384,645
570014,Reconnecting,0,0,45,90,0,0,18,7301,384,645,384,645
570264,Reconnecting,0,0,45,90,0,0,18,7301,384,645,384,645
570516,Reconnecting,0,0,45,90,0,0,18,7301,384,645,384,645
570793,Reconnecting,0,0,45,90,0,0,18,7301,384,645,384,645
571053,Reconnecting,0,0,45,90,0,0,18,7301,384,645,384,645
571299,Reconnecting,0,0,45,90,0,0,18,7301,384,645,384,645
571538,Reconnecting,0,0,45,90,0,0,18,7301,384,645,384,645
571761,Reconnecting,0,0,45,90,0,0,18,7301,384,645,384,645
572002,Reconnecting,0,0,45,90,0,0,18,7301,384,645,384,645
572258,Reconnecting,0,0,45,90,0,0,18,7301,384,645,384,645
572550,Reconnecting,0,0,45,90,0,0,18,7301,384,645,384,645
572757,Reconnecting,0,0,45,90,0,0,18,7301,384,645,384,645
573002,Reconnecting,0,0,45,90,0,0,18,7301,384,645,384,645
573322,Reconnecting,0,0,45,90,0,0,19,7301,384,645,384,645
573520,Reconnecting,0,0,45,90,0,0,19,7301,384,645,384,645
573803,Reconnecting,0,0,45,90,0,0,19,7301,384,645,384,645
574003,Reconnecting,0,0,45,90,0,0,19,7301,384,645,384,645
574306,Reconnecting,0,0,45,90,0,0,19,7301,384,645,384,645
574556,Reconnecting,0,0,45,90,0,0,19,7301,384,645,384,645
574807,Reconnecting,0,0,45,90,0,0,19,7301,384,645,384,645
575061,Reconnecting,0,0,45,90,0,0,19,7301,384,645,384,645
575307,Reconnecting,0,0,45,90,0,0,19,7305,0,645,384,645
575553,Reconnecting,165888,470,45,90,0,0,19,7321,4,645,4,645
575752,Reconnecting,571392,1619,45,90,0,0,19,7348,0,645,0,645
576027,Reconnecting,884736,2507,45,90,0,0,19,7368,0,645,0,645
576299,Playing,1399808,3967,45,90,0,0,19,7401,0,645,0,645
576545,Playing,1659904,4704,45,90,0,0,19,7422,0,645,0,645
576795,Playing,1569792,4449,45,90,0,0,19,7422,0,645,0,645
577044,Playing,1616896,4583,45,90,0,0,19,7431,0,645,0,645
577299,Playing,1711104,4850,45,90,0,0,19,7440,0,645,0,645
577549,Playing,1620992,4594,45,90,0,0,19,7440,0,645,0,645
577800,Playing,1696768,4809,45,90,0,0,19,7449,0,645,0,645
578048,Playing,1606656,4554,45,90,0,0,19,7449,0,645,0,645
578274,Playing,1570816,4452,45,90,0,0,19,7454,0,645,0,645
578533,Playing,1545216,4379,45,90,0,0,19,7459,0,645,0,645
578783,Playing,1463296,4147,45,90,0,0,19,7459,0,645,0,645
579029,Playing,1446912,4101,45,90,0,0,19,7464,0,645,0,645
579278,Playing,1430528,4054,45,90,0,0,19,7469,0,645,0,645
579595,Playing,1324032,3752,45,90,0,0,19,7469,0,645,0,645
579778,Playing,1323008,3750,45,90,0,0,19,7474,0,645,0,645
580027,Playing,1232896,3494,45,90,0,0,19,7474,0,645,0,645
580292,Playing,1179648,3343,45,90,0,0,19,7479,0,645,0,645
580511,Playing,1171456,3320,45,90,0,0,19,7482,0,645,0,645
580778,Playing,1081344,3065,45,90,0,0,19,7484,0,645,0,645
581045,Playing,1047552,2969,45,90,0,0,19,7489,0,645,0,645
581286,Playing,965632,2737,45,90,0,0,19,7489,0,645,0,645
581536,Playing,940032,2664,45,90,0,0,19,7494,0,645,0,645
581786,Playing,849920,2409,45,90,0,0,19,7494,0,645,0,645
582036,Playing,759808,2153,45,90,0,0,19,7494,0,645,0,645
582290,Playing,789504,2237,45,90,0,0,19,7503,0,769,0,769
582545,Playing,699392,1982,45,90,0,0,19,7503,0,769,0,769
582800,Playing,683008,1935,45,90,0,0,19,7508,0,769,0,769
583049,Playing,674816,1912,45,90,0,0,19,7513,0,769,0,769
583299,Playing,584704,1657,45,90,0,0,19,7513,0,769,0,769
583508,Playing,584704,1657,45,90,0,0,19,7518,0,769,0,769
583752,Playing,549888,1558,45,90,0,0,19,7523,0,769,0,769
584061,Playing,480256,1361,45,90,0,0,19,7528,0,769,0,769
584310,Playing,390144,1105,45,90,0,0,19,7528,0,769,0,769
584561,Playing,373760,1059,45,90,0,0,19,7533,0,769,0,769
584815,Playing,283648,803,45,90,0,0,19,7533,0,769,0,769
585002,Playing,282624,801,45,90,0,0,19,7538,0,769,0,769
585257,Playing,257024,728,45,90,0,0,19,7543,0,769,0,769
585502,Playing,175104,496,45,90,0,0,19,7543,0,769,0,769
585816,Playing,124928,354,45,90,0,0,19,7548,0,769,0,769
586061,Playing,70656,200,45,90,0,0,19,7553,0,769,0,769
586264,Playing,0,0,45,90,0,0,19,7553,0,769,0,769
586519,Buffering,64512,182,46,90,0,0,19,7558,0,769,0,769
586799,Buffering,64512,182,46,90,0,0,19,7558,0,769,0,769
587003,Buffering,138240,391,46,90,0,0,19,7563,0,769,0,769
587312,Buffering,211968,600,46,90,0,0,19,7566,0,769,0,769
587536,Buffering,211968,600,46,90,0,0,19,7568,0,769,0,769
587786,Buffering,267264,757,46,90,0,0,19,7573,0,769,0,769
588087,Buffering,304128,862,46,90,0,0,19,7578,0,769,0,769
588266,Buffering,304128,862,46,90,0,0,19,7578,0,769,0,769
588532,Buffering,353280,1001,46,91,0,0,19,7583,0,769,0,769
588782,Buffering,263168,745,46,91,0,0,19,7583,0,769,0,769
589032,Buffering,237568,673,46,91,0,0,19,7588,0,769,0,769
589283,Buffering,220160,624,46,91,0,0,19,7593,0,769,0,769
589545,Buffering,121856,345,46,91,0,0,19,7593,0,769,0,769
589795,Buffering,96256,272,46,91,0,0,19,7598,0,769,0,769
590045,Buffering,51200,145,46,91,0,0,19,7603,0,769,0,769
590293,Buffering,0,0,46,91,0,0,19,7603,0,769,0,769
590553,Buffering,64512,182,46,91,0,0,19,7608,0,769,0,769
590794,Buffering,64512,182,46,91,0,0,19,7608,0,769,0,769
591043,Buffering,138240,391,46,91,0,0,19,7613,0,769,0,769
591295,Buffering,211968,600,46,91,0,0,19,7618,0,769,0,769
591541,Buffering,211968,600,46,91,0,0,19,7618,0,769,0,769
591794,Playing,209920,595,46,92,0,0,19,7623,0,769,0,769
592043,Playing,119808,339,46,92,0,0,19,7623,0,769,0,769
592291,Playing,74752,211,46,92,0,0,19,7628,0,769,0,769
592539,Playing,58368,165,46,92,0,0,19,7633,0,769,0,769
592789,Playing,0,0,46,92,0,0,19,7633,0,769,0,769
593040,Buffering,64512,182,47,92,0,0,19,7638,0,769,0,769
593290,Buffering,129024,365,47,92,0,0,19,7643,0,769,0,769
593541,Buffering,129024,365,47,92,0,0,19,7643,0,769,0,769
593791,Buffering,193536,548,47,92,0,0,19,7648,0,769,0,769
594040,Buffering,193536,548,47,92,0,0,19,7648,0,769,0,769
594294,Buffering,230400,653,47,92,0,0,19,7653,0,769,0,769
594600,Buffering,294912,835,47,92,0,0,19,7658,0,769,0,769
594807,Buffering,294912,835,47,92,0,0,19,7658,0,769,0,769
595007,Buffering,319488,905,47,93,0,0,19,7663,0,769,0,769
595257,Buffering,303104,859,47,93,0,0,19,7668,0,769,0,769
595507,Buffering,212992,603,47,93,0,0,19,7668,0,769,0,769
595756,Buffering,178176,505,47,93,0,0,19,7673,0,769,0,769
596008,Buffering,96256,272,47,93,0,0,19,7673,0,769,0,769
596260,Buffering,43008,121,47,93,0,0,19,7678,0,769,0,769
596506,Buffering,73728,208,47,93,0,0,19,7683,0,769,0,769
596757,Buffering,73728,208,47,93,0,0,19,7683,0,769,0,769
597011,Buffering,138240,391,47,93,0,0,19,7688,0,769,0,769
597260,Buffering,202752,574,47,93,0,0,19,7693,0,769,0,769
597511,Buffering,202752,574,47,93,0,0,19,7693,0,769,0,769
597757,Buffering,267264,757,47,93,0,0,19,7698,0,769,0,769
598006,Buffering,267264,757,47,93,0,0,19,7698,0,769,0,769
598253,Playing,221184,626,47,94,0,0,19,7703,0,769,0,769
598524,Playing,187392,531,47,94,0,0,19,7708,0,769,0,769
598769,Playing,105472,298,47,94,0,0,19,7708,0,769,0,769
599057,Playing,72704,206,47,94,0,0,19,7713,0,769,0,769
599303,Playing,64512,182,47,94,0,0,19,7718,0,769,0,769
599556,Playing,0,0,47,94,0,0,19,7718,0,769,0,769
599802,Buffering,55296,156,48,94,0,0,19,7723,0,769,0,769
600051,Buffering,92160,261,48,94,0,0,19,7728,0,769,0,769
