t_ms,state,buffered_bytes,buffered_ms,underruns,resumes,play_failures,stream_rebuilds,sessions,chunk_reads,last_chunk_ms,max_chunk_ms,last_push_gap_ms,max_push_gap_ms
50,Off,0,0,0,0,0,0,1,0,0,0,0,0
252,Off,0,0,0,0,0,0,1,0,0,0,0,0
506,Off,0,0,0,0,0,0,1,0,0,0,0,0
759,Off,0,0,0,0,0,0,1,0,0,0,0,0
1011,Off,0,0,0,0,0,0,1,22,0,7,0,0
1265,Reconnecting,0,0,0,0,0,0,1,29,0,12,0,0
1518,Reconnecting,0,0,0,0,0,0,1,29,0,12,0,0
1771,Reconnecting,0,0,0,0,0,0,1,29,0,12,0,0
2025,Reconnecting,0,0,0,0,0,0,1,29,0,12,0,0
2278,Reconnecting,0,0,0,0,0,0,1,29,0,12,0,0
2530,Reconnecting,0,0,0,0,0,0,1,29,0,12,0,0
2782,Reconnecting,0,0,0,0,0,0,1,29,0,12,0,0
3036,Reconnecting,0,0,0,0,0,0,1,29,0,12,0,0
3289,Reconnecting,0,0,0,0,0,0,1,29,0,12,0,0
3542,Reconnecting,0,0,0,0,0,0,1,29,0,12,0,0
3794,Reconnecting,0,0,0,0,0,0,1,29,0,12,0,0
4047,Reconnecting,0,0,0,0,0,0,1,29,0,12,0,0
4300,Reconnecting,0,0,0,0,0,0,1,29,0,12,0,0
4504,Reconnecting,0,0,0,0,0,0,1,29,0,12,0,0
4757,Reconnecting,0,0,0,0,0,0,1,29,0,12,0,0
5009,Reconnecting,0,0,0,0,0,0,1,29,0,12,0,0
5262,Reconnecting,0,0,0,0,0,0,1,29,0,12,0,0
5514,Reconnecting,0,0,0,0,0,0,1,29,0,12,0,0
5767,Reconnecting,0,0,0,0,0,0,1,29,0,12,0,0
6018,Reconnecting,0,0,0,0,0,0,1,29,0,12,0,0
6270,Reconnecting,0,0,0,0,0,0,2,29,0,12,0,0
6524,Reconnecting,0,0,0,0,0,0,2,29,0,12,0,0
6777,Reconnecting,46080,130,0,0,0,0,2,74,0,16,0,21
7028,Reconnecting,1262592,3578,0,0,0,0,2,139,19,73,19,73
7281,Reconnecting,1317888,3735,0,0,0,0,2,144,0,131,0,131
7535,Reconnecting,1345536,3813,0,0,0,0,2,146,0,166,0,166
7789,Reconnecting,1391616,3944,0,0,0,0,2,151,0,166,0,166
8041,Reconnecting,1400832,3970,0,0,0,0,2,155,11,166,11,166
8295,Playing,1353728,3837,0,0,0,0,2,159,108,166,109,166
8547,Playing,1300480,3686,0,0,0,0,2,163,0,166,0,166
8750,Playing,1281024,3631,0,0,0,0,2,167,0,175,0,175
9002,Playing,1200128,3401,0,0,0,0,2,171,161,175,161,175
9255,Playing,1146880,3250,0,0,0,0,2,176,113,175,113,175
9510,Playing,1056768,2995,0,0,0,0,2,180,16,175,16,175
9763,Playing,985088,2792,0,0,0,0,2,186,63,175,63,175
10016,Playing,913408,2589,0,0,0,0,2,188,0,175,0,175
10269,Playing,849920,2409,0,0,0,0,2,193,0,175,0,175
10523,Playing,787456,2232,0,0,0,0,2,198,0,175,0,175
10775,Playing,715776,2028,0,0,0,0,2,203,62,175,62,175
11028,Playing,634880,1799,0,0,0,0,2,208,0,175,0,175
11281,Playing,563200,1596,0,0,0,0,2,214,0,175,0,175
11534,Playing,482304,1367,0,0,0,0,2,218,12,175,12,175
11787,Playing,410624,1163,0,0,0,0,2,223,0,175,0,175
12040,Playing,348160,986,0,0,0,0,2,226,61,175,61,175
12294,Playing,285696,809,0,0,0,0,2,231,0,175,0,175
12546,Playing,212992,603,0,0,0,0,2,236,13,175,13,175
12799,Playing,159744,452,0,0,0,0,2,241,0,175,0,175
13002,Playing,95232,269,0,0,0,0,2,245,11,175,11,175
13254,Playing,23552,66,0,0,0,0,2,251,63,175,63,175
13507,Buffering,18432,52,1,0,0,0,2,254,0,175,0,175
13759,Buffering,55296,156,1,0,0,0,2,259,0,175,0,175
14012,Buffering,55296,156,1,0,0,0,2,263,0,175,0,175
14265,Buffering,82944,235,1,0,0,0,2,268,0,175,0,175
14517,Buffering,101376,287,1,0,0,0,2,271,0,175,0,175
14770,Buffering,138240,391,1,0,0,0,2,276,0,175,0,175
15025,Buffering,193536,548,1,0,0,0,2,281,16,175,16,175
15277,Buffering,202752,574,1,0,0,0,2,287,0,175,0,175
15531,Buffering,239616,679,1,0,0,0,2,291,0,206,0,206
15784,Buffering,248832,705,1,0,0,0,2,294,0,206,0,206
16037,Buffering,276480,783,1,0,0,0,2,299,0,206,0,206
16290,Buffering,304128,862,1,0,0,0,2,301,0,206,0,206
16543,Buffering,331776,940,1,0,0,0,2,306,0,206,0,206
16796,Buffering,359424,1018,1,1,0,0,2,310,113,206,113,206
17049,Buffering,278528,789,1,1,0,0,2,315,0,206,0,206
17250,Buffering,214016,606,1,1,0,0,2,318,0,206,0,206
17504,Buffering,179200,507,1,1,0,0,2,322,0,206,0,206
17756,Buffering,125952,357,1,1,0,0,2,327,0,206,0,206
18008,Buffering,53248,150,1,1,0,0,2,331,59,206,59,206
18262,Buffering,27648,78,1,1,0,0,2,339,0,206,0,206
18515,Buffering,36864,104,1,1,0,0,2,343,15,206,15,206
18767,Buffering,46080,130,1,1,0,0,2,349,0,206,0,206
19019,Buffering,64512,182,1,1,0,0,2,352,0,206,0,206
19272,Playing,46080,130,1,2,0,0,2,356,0,206,0,206
19526,Playing,0,0,1,2,0,0,2,362,0,206,0,206
19779,Buffering,18432,52,2,2,0,0,2,367,16,206,17,206
20032,Buffering,36864,104,2,2,0,0,2,370,122,206,122,206
20286,Buffering,64512,182,2,2,0,0,2,374,0,206,0,206
20539,Buffering,101376,287,2,2,0,0,2,380,12,206,12,206
20792,Buffering,138240,391,2,2,0,0,2,384,0,206,0,206
21046,Buffering,165888,470,2,2,0,0,2,389,0,206,0,206
21299,Buffering,175104,496,2,2,0,0,2,396,0,206,0,206
21502,Buffering,175104,496,2,2,0,0,2,397,129,206,129,206
21756,Buffering,184320,522,2,2,0,0,2,402,0,206,0,206
22009,Buffering,221184,626,2,2,0,0,2,406,17,206,17,206
22262,Buffering,248832,705,2,2,0,0,2,411,0,206,0,206
22515,Buffering,276480,783,2,2,0,0,2,413,0,206,0,206
22767,Buffering,322560,914,2,2,0,0,2,418,0,226,0,226
23020,Buffering,331776,940,2,2,0,0,2,422,62,226,62,226
23274,Buffering,340992,966,2,2,0,0,2,428,66,226,66,226
23527,Buffering,335872,952,2,3,0,0,2,433,0,226,0,226
23780,Buffering,273408,774,2,3,0,0,2,438,0,226,0,226
24033,Buffering,192512,545,2,3,0,0,2,441,0,226,0,226
24284,Buffering,138240,391,2,3,0,0,2,446,0,226,0,226
24538,Buffering,57344,162,2,3,0,0,2,450,166,226,166,226
24792,Buffering,0,0,2,3,0,0,2,455,0,226,0,226
25046,Buffering,46080,130,2,3,0,0,2,460,0,226,0,226
25299,Playing,84992,240,2,4,0,0,2,464,0,226,0,226
25502,Playing,11264,31,2,4,0,0,2,469,16,226,16,226
25755,Buffering,18432,52,3,4,0,0,2,474,0,226,0,226
26008,Buffering,27648,78,3,4,0,0,2,479,12,226,12,226
26260,Buffering,36864,104,3,4,0,0,2,485,56,226,56,226
26515,Buffering,55296,156,3,4,0,0,2,492,12,226,12,226
26768,Buffering,92160,261,3,4,0,0,2,496,0,226,0,226
27022,Buffering,119808,339,3,4,0,0,2,498,0,226,0,226
27274,Buffering,147456,417,3,4,0,0,2,503,0,226,0,226
27527,Buffering,156672,444,3,4,0,0,2,507,166,226,166,226
27779,Buffering,184320,522,3,4,0,0,2,512,0,226,0,226
28034,Buffering,211968,600,3,4,0,0,2,517,0,226,0,226
28288,Buffering,258048,731,3,4,0,0,2,521,0,226,0,226
28541,Buffering,267264,757,3,4,0,0,2,524,0,226,0,226
28796,Buffering,276480,783,3,4,0,0,2,531,0,226,0,226
29048,Buffering,304128,862,3,4,0,0,2,536,0,226,0,226
29250,Buffering,304128,862,3,4,0,0,2,540,0,226,0,226
29503,Buffering,304128,862,3,4,0,0,2,544,0,226,0,226
29757,Buffering,322560,914,3,4,0,0,2,550,0,226,0,226
30009,Buffering,334848,949,3,5,0,0,2,556,13,226,13,226
30262,Buffering,263168,745,3,5,0,0,2,561,0,226,0,226
30515,Buffering,191488,542,3,5,0,0,2,564,0,226,0,226
30768,Buffering,147456,417,3,5,0,0,2,568,0,226,0,226
31020,Buffering,57344,162,3,5,0,0,2,575,0,226,0,226
31274,Buffering,3072,8,3,5,0,0,2,577,0,226,0,226
31525,Buffering,36864,104,3,5,0,0,2,582,0,226,0,226
31778,Buffering,64512,182,3,5,0,0,2,585,124,226,124,226
32030,Buffering,82944,235,3,5,0,0,2,591,17,226,17,226
32284,Reconnecting,0,0,3,6,0,0,2,595,161,226,161,226
32537,Reconnecting,0,0,3,6,0,0,2,595,161,226,161,226
32789,Reconnecting,0,0,3,6,0,0,2,595,161,226,161,226
33042,Reconnecting,0,0,3,6,0,0,2,595,161,226,161,226
33295,Reconnecting,0,0,3,6,0,0,2,595,161,226,161,226
33547,Reconnecting,0,0,3,6,0,0,2,595,161,226,161,226
33800,Reconnecting,0,0,3,6,0,0,2,595,161,226,161,226
34002,Reconnecting,0,0,3,6,0,0,2,595,161,226,161,226
34255,Reconnecting,0,0,3,6,0,0,2,595,161,226,161,226
34508,Reconnecting,0,0,3,6,0,0,2,595,161,226,161,226
34763,Reconnecting,0,0,3,6,0,0,2,595,161,226,161,226
35016,Reconnecting,0,0,3,6,0,0,2,595,161,226,161,226
35269,Reconnecting,0,0,3,6,0,0,2,595,161,226,161,226
35521,Reconnecting,0,0,3,6,0,0,2,595,161,226,161,226
35774,Reconnecting,0,0,3,6,0,0,2,595,161,226,161,226
36026,Reconnecting,0,0,3,6,0,0,2,595,161,226,161,226
36278,Reconnecting,0,0,3,6,0,0,2,595,161,226,161,226
36531,Reconnecting,0,0,3,6,0,0,2,595,161,226,161,226
36783,Reconnecting,0,0,3,6,0,0,2,595,161,226,161,226
37036,Reconnecting,0,0,3,6,0,0,2,595,161,226,161,226
37288,Reconnecting,0,0,3,6,0,0,3,595,161,226,161,226
37540,Reconnecting,0,0,3,6,0,0,3,595,161,226,161,226
37795,Reconnecting,0,0,3,6,0,0,3,595,161,226,161,226
38048,Reconnecting,0,0,3,6,0,0,3,621,0,226,161,226
38250,Reconnecting,0,0,3,6,0,0,3,621,0,226,161,226
38502,Reconnecting,0,0,3,6,0,0,3,621,0,226,161,226
38754,Reconnecting,0,0,3,6,0,0,3,621,0,226,161,226
39009,Reconnecting,0,0,3,6,0,0,3,621,0,226,161,226
39262,Reconnecting,0,0,3,6,0,0,3,621,0,226,161,226
39515,Reconnecting,0,0,3,6,0,0,3,621,0,226,161,226
39768,Reconnecting,0,0,3,6,0,0,3,621,0,226,161,226
40019,Reconnecting,0,0,3,6,0,0,3,621,0,226,161,226
40273,Reconnecting,0,0,3,6,0,0,3,621,0,226,161,226
40526,Reconnecting,0,0,3,6,0,0,3,621,0,226,161,226
40778,Reconnecting,0,0,3,6,0,0,3,621,0,226,161,226
41030,Reconnecting,0,0,3,6,0,0,3,621,0,226,161,226
41283,Reconnecting,0,0,3,6,0,0,3,621,0,226,161,226
41536,Reconnecting,0,0,3,6,0,0,3,621,0,226,161,226
41787,Reconnecting,0,0,3,6,0,0,3,621,0,226,161,226
42039,Reconnecting,0,0,3,6,0,0,3,621,0,226,161,226
42293,Reconnecting,0,0,3,6,0,0,3,621,0,226,161,226
42545,Reconnecting,0,0,3,6,0,0,3,621,0,226,161,226
42799,Reconnecting,0,0,3,6,0,0,3,621,0,226,161,226
43000,Reconnecting,0,0,3,6,0,0,4,621,0,226,161,226
43254,Reconnecting,0,0,3,6,0,0,4,621,0,226,161,226
43507,Reconnecting,0,0,3,6,0,0,4,621,0,226,161,226
43760,Reconnecting,709632,2011,3,6,0,0,4,705,0,226,0,226
44012,Reconnecting,1308672,3709,3,6,0,0,4,734,0,226,0,226
44265,Reconnecting,1354752,3840,3,6,0,0,4,738,0,226,0,226
44517,Reconnecting,1373184,3892,3,6,0,0,4,742,76,226,76,226
44770,Reconnecting,1400832,3970,3,6,0,0,4,747,62,226,62,226
45025,Reconnecting,1410048,3996,3,6,0,0,4,752,0,226,0,226
45278,Playing,1416192,4014,3,6,0,0,4,756,0,226,0,226
45530,Playing,1326080,3758,3,6,0,0,4,759,0,226,0,226
45784,Playing,1272832,3607,3,6,0,0,4,764,0,226,0,226
46036,Playing,1210368,3430,3,6,0,0,4,767,76,226,76,226
46288,Playing,1184768,3358,3,6,0,0,4,773,0,226,0,226
46540,Playing,1094656,3102,3,6,0,0,4,776,0,226,0,226
46792,Playing,1041408,2951,3,6,0,0,4,779,111,226,111,226
47044,Playing,959488,2719,3,6,0,0,4,785,0,226,0,226
47296,Playing,915456,2594,3,6,0,0,4,788,0,226,0,226
47549,Playing,852992,2417,3,6,0,0,4,791,209,226,209,226
47751,Playing,779264,2208,3,6,0,0,4,791,209,226,209,226
48003,Playing,689152,1953,3,6,0,0,4,791,209,226,209,226
48256,Playing,745472,2113,3,6,0,0,4,803,14,496,14,496
48510,Playing,664576,1883,3,6,0,0,4,807,16,496,17,496
48763,Playing,611328,1732,3,6,0,0,4,810,109,496,109,496
49015,Playing,539648,1529,3,6,0,0,4,815,0,496,0,496
49268,Playing,467968,1326,3,6,0,0,4,818,0,496,0,496
49522,Playing,414720,1175,3,6,0,0,4,821,129,496,129,496
49774,Playing,370688,1050,3,6,0,0,4,826,63,496,63,496
50025,Playing,289792,821,3,6,0,0,4,829,14,496,14,496
50278,Playing,244736,693,3,6,0,0,4,832,112,496,112,496
50531,Playing,209920,595,3,6,0,0,4,836,0,496,0,496
50784,Playing,147456,417,3,6,0,0,4,840,0,496,0,496
51037,Playing,57344,162,3,6,0,0,4,844,0,496,0,496
51291,Playing,4096,11,3,6,0,0,4,849,0,496,0,496
51545,Buffering,36864,104,4,6,0,0,4,853,0,496,0,496
51798,Buffering,36864,104,4,6,0,0,4,859,63,496,63,496
52000,Buffering,36864,104,4,6,0,0,4,864,0,496,0,496
52253,Buffering,55296,156,4,6,0,0,4,868,62,496,62,496
52506,Buffering,64512,182,4,6,0,0,4,873,0,496,0,496
52760,Buffering,101376,287,4,6,0,0,4,878,0,496,0,496
53013,Buffering,129024,365,4,6,0,0,4,882,115,496,115,496
53266,Buffering,138240,391,4,6,0,0,4,887,0,496,0,496
53519,Buffering,156672,444,4,6,0,0,4,891,77,496,77,496
53775,Buffering,202752,574,4,6,0,0,4,896,102,496,102,496
54028,Buffering,221184,626,4,6,0,0,4,899,115,496,116,496
54283,Buffering,258048,731,4,6,0,0,4,906,0,496,0,496
54537,Buffering,285696,809,4,6,0,0,4,912,0,496,0,496
54788,Buffering,313344,888,4,6,0,0,4,914,0,496,0,496
55041,Buffering,350208,992,4,6,0,0,4,919,0,496,0,496
55295,Buffering,362496,1027,4,7,0,0,4,924,0,496,0,496
55547,Buffering,309248,876,4,7,0,0,4,928,131,496,131,496
55800,Buffering,219136,621,4,7,0,0,4,932,87,496,87,496
56002,Buffering,163840,464,4,7,0,0,4,935,138,496,138,496
56256,Buffering,110592,313,4,7,0,0,4,939,0,496,0,496
56508,Buffering,74752,211,4,7,0,0,4,944,0,496,0,496
56760,Buffering,21504,60,4,7,0,0,4,949,0,496,0,496
57014,Buffering,9216,26,4,7,0,0,4,953,11,496,11,496
57267,Buffering,36864,104,4,7,0,0,4,958,0,496,0,496
57519,Buffering,64512,182,4,7,0,0,4,963,0,496,0,496
57773,Buffering,73728,208,4,7,0,0,4,966,0,496,0,496
58029,Playing,19456,55,4,8,0,0,4,971,0,496,0,496
58293,Buffering,18432,52,5,8,0,0,4,975,0,496,0,496
58546,Buffering,55296,156,5,8,0,0,4,980,0,496,0,496
58799,Buffering,64512,182,5,8,0,0,4,983,0,496,0,496
59001,Buffering,92160,261,5,8,0,0,4,986,113,496,113,496
59254,Buffering,101376,287,5,8,0,0,4,991,0,496,0,496
59508,Buffering,129024,365,5,8,0,0,4,996,0,496,0,496
59760,Buffering,138240,391,5,8,0,0,4,999,0,496,0,496
60013,Buffering,165888,470,5,8,0,0,4,1004,0,496,0,496
60265,Buffering,184320,522,5,8,0,0,4,1006,0,496,0,496
60518,Buffering,221184,626,5,8,0,0,4,1012,111,496,111,496
60770,Buffering,248832,705,5,8,0,0,4,1017,0,496,0,496
61024,Buffering,285696,809,5,8,0,0,4,1021,0,496,0,496
61278,Buffering,294912,835,5,8,0,0,4,1025,63,496,63,496
61531,Buffering,304128,862,5,8,0,0,4,1031,0,496,0,496
61784,Buffering,322560,914,5,8,0,0,4,1037,0,496,0,496
62037,Buffering,331776,940,5,8,0,0,4,1041,14,496,14,496
62290,Buffering,305152,864,5,9,0,0,4,1045,0,496,0,496
62545,Buffering,251904,714,5,9,0,0,4,1049,0,496,0,496
62798,Buffering,198656,563,5,9,0,0,4,1054,0,496,0,496
63001,Buffering,124928,354,5,9,0,0,4,1056,14,496,14,496
63254,Buffering,62464,177,5,9,0,0,4,1061,62,496,62,496
63506,Buffering,0,0,5,9,0,0,4,1066,53,496,53,496
63760,Buffering,18432,52,5,9,0,0,4,1072,13,496,13,496
64013,Buffering,18432,52,5,9,0,0,4,1076,11,496,11,496
64265,Buffering,46080,130,5,9,0,0,4,1079,113,496,113,496
64518,Playing,83968,238,5,10,0,0,4,1086,0,496,0,496
64770,Playing,21504,60,5,10,0,0,4,1088,0,496,0,496
65024,Buffering,18432,52,6,10,0,0,4,1092,80,496,80,496
65277,Buffering,64512,182,6,10,0,0,4,1098,0,496,0,496
65530,Buffering,92160,261,6,10,0,0,4,1104,0,496,0,496
65784,Buffering,101376,287,6,10,0,0,4,1107,0,496,0,496
66038,Buffering,138240,391,6,10,0,0,4,1112,0,496,0,496
66290,Buffering,156672,444,6,10,0,0,4,1115,0,496,0,496
66543,Buffering,184320,522,6,10,0,0,4,1120,0,496,0,496
66796,Buffering,221184,626,6,10,0,0,4,1125,0,496,0,496
67050,Buffering,221184,626,6,10,0,0,4,1129,0,496,0,496
67252,Buffering,248832,705,6,10,0,0,4,1132,110,496,110,496
67505,Buffering,258048,731,6,10,0,0,4,1136,0,496,0,496
67758,Buffering,267264,757,6,10,0,0,4,1140,65,496,65,496
68012,Buffering,276480,783,6,10,0,0,4,1146,0,496,0,496
68265,Buffering,313344,888,6,10,0,0,4,1151,0,496,0,496
68517,Buffering,359424,1018,6,11,0,0,4,1155,0,496,0,496
68771,Buffering,296960,841,6,11,0,0,4,1157,0,496,0,496
69024,Buffering,234496,664,6,11,0,0,4,1162,0,496,0,496
69276,Buffering,181248,513,6,11,0,0,4,1167,0,496,0,496
69527,Buffering,109568,310,6,11,0,0,4,1171,117,496,117,496
69781,Buffering,37888,107,6,11,0,0,4,1177,64,496,64,496
70033,Buffering,9216,26,6,11,0,0,4,1182,0,496,0,496
70286,Buffering,27648,78,6,11,0,0,4,1188,0,496,0,496
70539,Buffering,27648,78,6,11,0,0,4,1191,0,496,0,496
70791,Buffering,82944,235,6,11,0,0,4,1195,0,496,0,496
71045,Reconnecting,0,0,6,12,0,0,4,1196,112,496,112,496
71297,Reconnecting,0,0,6,12,0,0,4,1196,112,496,112,496
71549,Reconnecting,0,0,6,12,0,0,4,1196,112,496,112,496
71753,Reconnecting,0,0,6,12,0,0,4,1196,112,496,112,496
72006,Reconnecting,0,0,6,12,0,0,4,1196,112,496,112,496
72259,Reconnecting,0,0,6,12,0,0,4,1196,112,496,112,496
72512,Reconnecting,0,0,6,12,0,0,4,1196,112,496,112,496
72764,Reconnecting,0,0,6,12,0,0,4,1196,112,496,112,496
73016,Reconnecting,0,0,6,12,0,0,4,1196,112,496,112,496
73270,Reconnecting,0,0,6,12,0,0,4,1196,112,496,112,496
73522,Reconnecting,0,0,6,12,0,0,4,1196,112,496,112,496
73775,Reconnecting,0,0,6,12,0,0,4,1196,112,496,112,496
74028,Reconnecting,0,0,6,12,0,0,4,1196,112,496,112,496
74280,Reconnecting,0,0,6,12,0,0,4,1196,112,496,112,496
74533,Reconnecting,0,0,6,12,0,0,4,1196,112,496,112,496
74787,Reconnecting,0,0,6,12,0,0,4,1196,112,496,112,496
75038,Reconnecting,0,0,6,12,0,0,4,1196,112,496,112,496
75291,Reconnecting,0,0,6,12,0,0,4,1196,112,496,112,496
75543,Reconnecting,0,0,6,12,0,0,4,1196,112,496,112,496
75798,Reconnecting,0,0,6,12,0,0,4,1196,112,496,112,496
76000,Reconnecting,0,0,6,12,0,0,5,1196,112,496,112,496
76252,Reconnecting,0,0,6,12,0,0,5,1196,112,496,112,496
76506,Reconnecting,0,0,6,12,0,0,5,1220,0,496,0,496
76758,Reconnecting,1198080,3395,6,12,0,0,5,1300,0,496,0,496
77011,Reconnecting,1308672,3709,6,12,0,0,5,1306,0,496,0,496
77262,Reconnecting,1345536,3813,6,12,0,0,5,1312,62,496,62,496
77516,Reconnecting,1373184,3892,6,12,0,0,5,1317,0,496,0,496
77769,Reconnecting,1382400,3918,6,12,0,0,5,1320,0,496,0,496
78021,Playing,1386496,3929,6,12,0,0,5,1325,0,496,0,496
78273,Playing,1333248,3779,6,12,0,0,5,1330,0,496,0,496
78527,Playing,1280000,3628,6,12,0,0,5,1335,0,496,0,496
78779,Playing,1217536,3451,6,12,0,0,5,1337,0,496,0,496
79033,Playing,1136640,3221,6,12,0,0,5,1344,0,496,0,496
79285,Playing,1055744,2992,6,12,0,0,5,1347,0,496,0,496
79538,Playing,1010688,2864,6,12,0,0,5,1352,0,496,0,496
79790,Playing,939008,2661,6,12,0,0,5,1356,65,496,65,496
80043,Playing,885760,2510,6,12,0,0,5,1363,0,496,0,496
80296,Playing,804864,2281,6,12,0,0,5,1366,0,496,0,496
80547,Playing,751616,2130,6,12,0,0,5,1370,0,496,0,496
80750,Playing,704512,1996,6,12,0,0,5,1371,129,496,129,496
81001,Playing,632832,1793,6,12,0,0,5,1377,16,496,16,496
81255,Playing,561152,1590,6,12,0,0,5,1382,0,496,0,496
81508,Playing,498688,1413,6,12,0,0,5,1385,109,496,110,496
81763,Playing,436224,1236,6,12,0,0,5,1390,0,496,0,496
82017,Playing,355328,1007,6,12,0,0,5,1397,0,496,0,496
82270,Playing,283648,803,6,12,0,0,5,1400,0,496,0,496
82524,Playing,211968,600,6,12,0,0,5,1404,0,496,0,496
82777,Playing,158720,449,6,12,0,0,5,1409,0,496,0,496
83028,Playing,95232,269,6,12,0,0,5,1411,0,496,0,496
83280,Playing,60416,171,6,12,0,0,5,1415,0,496,0,496
83533,Buffering,18432,52,7,12,0,0,5,1421,0,496,0,496
83786,Buffering,46080,130,7,12,0,0,5,1423,0,496,0,496
84039,Buffering,73728,208,7,12,0,0,5,1426,0,496,0,496
84293,Buffering,101376,287,7,12,0,0,5,1429,114,496,114,496
84545,Buffering,129024,365,7,12,0,0,5,1435,65,496,0,496
84798,Buffering,147456,417,7,12,0,0,5,1440,0,496,0,496
85000,Buffering,156672,444,7,12,0,0,5,1443,0,496,0,496
85253,Buffering,202752,574,7,12,0,0,5,1447,0,496,0,496
85506,Buffering,239616,679,7,12,0,0,5,1452,0,496,0,496
85759,Buffering,258048,731,7,12,0,0,5,1457,83,496,83,496
86013,Buffering,267264,757,7,12,0,0,5,1462,0,496,0,496
86265,Buffering,285696,809,7,12,0,0,5,1468,0,496,0,496
86524,Buffering,304128,862,7,12,0,0,5,1472,0,496,0,496
86779,Buffering,340992,966,7,12,0,0,5,1475,0,496,0,496
87033,Buffering,352256,998,7,13,0,0,5,1480,0,496,0,496
87286,Buffering,271360,769,7,13,0,0,5,1483,0,496,0,496
87539,Buffering,198656,563,7,13,0,0,5,1489,0,496,0,496
87795,Buffering,128000,362,7,13,0,0,5,1491,0,496,0,496
88046,Buffering,92160,261,7,13,0,0,5,1496,0,496,0,496
88299,Buffering,48128,136,7,13,0,0,5,1500,0,496,0,496
88501,Buffering,0,0,7,13,0,0,5,1502,0,496,0,496
88756,Buffering,55296,156,7,13,0,0,5,1506,0,496,0,496
89008,Buffering,82944,235,7,13,0,0,5,1511,0,496,0,496
89261,Playing,35840,101,7,14,0,0,5,1515,63,496,63,496
89514,Buffering,18432,52,8,14,0,0,5,1521,0,496,0,496
89768,Buffering,36864,104,8,14,0,0,5,1527,0,496,0,496
90021,Buffering,46080,130,8,14,0,0,5,1530,0,496,0,496
90276,Buffering,82944,235,8,14,0,0,5,1535,0,496,0,496
90527,Buffering,92160,261,8,14,0,0,5,1541,0,496,0,496
90780,Buffering,119808,339,8,14,0,0,5,1547,0,496,0,496
91031,Buffering,147456,417,8,14,0,0,5,1549,0,496,0,496
91286,Buffering,184320,522,8,14,0,0,5,1554,0,496,0,496
91539,Buffering,184320,522,8,14,0,0,5,1558,0,496,0,496
91792,Buffering,239616,679,8,14,0,0,5,1562,0,496,0,496
92044,Buffering,267264,757,8,14,0,0,5,1568,0,496,0,496
92298,Buffering,276480,783,8,14,0,0,5,1571,0,496,0,496
92501,Buffering,313344,888,8,14,0,0,5,1576,0,496,0,496
92754,Buffering,313344,888,8,14,0,0,5,1580,0,496,0,496
93007,Buffering,344064,975,8,15,0,0,5,1584,0,496,0,496
93259,Buffering,309248,876,8,15,0,0,5,1588,0,496,0,496
93511,Buffering,273408,774,8,15,0,0,5,1592,0,496,0,496
93765,Buffering,192512,545,8,15,0,0,5,1595,0,496,0,496
94018,Buffering,120832,342,8,15,0,0,5,1599,135,496,135,496
94271,Buffering,30720,87,8,15,0,0,5,1603,64,496,64,496
94524,Buffering,27648,78,8,15,0,0,5,1608,0,496,0,496
94776,Buffering,55296,156,8,15,0,0,5,1611,162,496,162,496
95028,Buffering,82944,235,8,15,0,0,5,1615,0,496,0,496
95280,Playing,45056,127,8,16,0,0,5,1621,0,496,0,496
95535,Buffering,9216,26,9,16,0,0,5,1628,0,496,0,496
95787,Buffering,27648,78,9,16,0,0,5,1631,0,496,0,496
96040,Buffering,55296,156,9,16,0,0,5,1635,62,496,62,496
96292,Buffering,73728,208,9,16,0,0,5,1640,0,496,0,496
96545,Buffering,101376,287,9,16,0,0,5,1642,0,496,0,496
96798,Buffering,138240,391,9,16,0,0,5,1647,0,496,0,496
97000,Buffering,156672,444,9,16,0,0,5,1650,62,496,62,496
97253,Buffering,165888,470,9,16,0,0,5,1656,61,496,61,496
97505,Buffering,193536,548,9,16,0,0,5,1661,0,496,0,496
97757,Buffering,239616,679,9,16,0,0,5,1666,0,496,0,496
98009,Buffering,248832,705,9,16,0,0,5,1669,0,496,0,496
98261,Buffering,294912,835,9,16,0,0,5,1673,0,496,0,496
98516,Buffering,322560,914,9,16,0,0,5,1677,64,496,64,496
98769,Buffering,350208,992,9,16,0,0,5,1681,0,496,0,496
99021,Buffering,296960,841,9,17,0,0,5,1685,131,496,131,496
99274,Buffering,233472,661,9,17,0,0,5,1692,15,496,15,496
99527,Buffering,161792,458,9,17,0,0,5,1695,0,496,0,496
99780,Buffering,90112,255,9,17,0,0,5,1701,0,496,0,496
100034,Buffering,9216,26,9,17,0,0,5,1705,60,496,60,496
100287,Buffering,9216,26,9,17,0,0,5,1711,0,496,0,496
100540,Buffering,27648,78,9,17,0,0,5,1716,0,496,0,496
100792,Buffering,64512,182,9,17,0,0,5,1719,116,496,116,496
101045,Buffering,64512,182,9,17,0,0,5,1725,0,496,0,496
101297,Reconnecting,0,0,9,18,0,0,5,1729,165,496,165,496
101502,Reconnecting,0,0,9,18,0,0,5,1729,165,496,165,496
101754,Reconnecting,0,0,9,18,0,0,5,1729,165,496,165,496
102008,Reconnecting,0,0,9,18,0,0,5,1729,165,496,165,496
102262,Reconnecting,0,0,9,18,0,0,5,1729,165,496,165,496
102515,Reconnecting,0,0,9,18,0,0,5,1729,165,496,165,496
102767,Reconnecting,0,0,9,18,0,0,5,1729,165,496,165,496
103020,Reconnecting,0,0,9,18,0,0,5,1729,165,496,165,496
103273,Reconnecting,0,0,9,18,0,0,5,1729,165,496,165,496
103525,Reconnecting,0,0,9,18,0,0,5,1729,165,496,165,496
103778,Reconnecting,0,0,9,18,0,0,5,1729,165,496,165,496
104031,Reconnecting,0,0,9,18,0,0,5,1729,165,496,165,496
104283,Reconnecting,0,0,9,18,0,0,5,1729,165,496,165,496
104536,Reconnecting,0,0,9,18,0,0,5,1729,165,496,165,496
104789,Reconnecting,0,0,9,18,0,0,5,1729,165,496,165,496
105040,Reconnecting,0,0,9,18,0,0,5,1729,165,496,165,496
105292,Reconnecting,0,0,9,18,0,0,5,1729,165,496,165,496
105545,Reconnecting,0,0,9,18,0,0,5,1729,165,496,165,496
105797,Reconnecting,0,0,9,18,0,0,5,1729,165,496,165,496
106049,Reconnecting,0,0,9,18,0,0,5,1729,165,496,165,496
106251,Reconnecting,0,0,9,18,0,0,5,1729,165,496,165,496
106504,Reconnecting,0,0,9,18,0,0,6,1729,165,496,165,496
106756,Reconnecting,0,0,9,18,0,0,6,1729,165,496,165,496
107009,Reconnecting,0,0,9,18,0,0,6,1729,165,496,165,496
107261,Reconnecting,608256,1724,9,18,0,0,6,1809,0,496,0,496
107514,Reconnecting,1290240,3657,9,18,0,0,6,1845,0,496,0,496
107767,Reconnecting,1317888,3735,9,18,0,0,6,1849,64,496,65,496
108019,Reconnecting,1373184,3892,9,18,0,0,6,1853,0,496,0,496
108270,Playing,1420288,4025,9,18,0,0,6,1857,0,496,0,496
108523,Playing,1339392,3796,9,18,0,0,6,1860,0,496,0,496
108777,Playing,1303552,3694,9,18,0,0,6,1864,23,496,23,496
109029,Playing,1268736,3596,9,18,0,0,6,1868,0,496,0,496
109283,Playing,1197056,3393,9,18,0,0,6,1874,0,496,0,496
109536,Playing,1116160,3163,9,18,0,0,6,1877,0,496,0,496
109788,Playing,1062912,3012,9,18,0,0,6,1882,0,496,0,496
110041,Playing,982016,2783,9,18,0,0,6,1885,0,496,0,496
110294,Playing,928768,2632,9,18,0,0,6,1890,0,496,0,496
110547,Playing,875520,2481,9,18,0,0,6,1895,0,496,0,496
110750,Playing,837632,2374,9,18,0,0,6,1897,0,496,0,496
111003,Playing,775168,2197,9,18,0,0,6,1902,0,496,0,496
111257,Playing,712704,2020,9,18,0,0,6,1908,0,496,0,496
111511,Playing,631808,1790,9,18,0,0,6,1912,0,496,0,496
111765,Playing,596992,1692,9,18,0,0,6,1915,0,496,0,496
112018,Playing,516096,1462,9,18,0,0,6,1918,0,496,0,496
112271,Playing,462848,1311,9,18,0,0,6,1923,0,496,0,496
112525,Playing,380928,1079,9,18,0,0,6,1928,13,496,13,496
112778,Playing,327680,928,9,18,0,0,6,1933,65,496,65,496
113033,Playing,246784,699,9,18,0,0,6,1939,0,496,0,496
113286,Playing,202752,574,9,18,0,0,6,1943,0,496,0,496
113540,Playing,149504,423,9,18,0,0,6,1948,0,496,0,496
113791,Playing,68608,194,9,18,0,0,6,1951,0,496,0,496
114045,Buffering,9216,26,10,18,0,0,6,1957,0,496,0,496
114298,Buffering,36864,104,10,18,0,0,6,1960,156,496,156,496
114550,Buffering,46080,130,10,18,0,0,6,1966,13,496,13,496
114751,Buffering,64512,182,10,18,0,0,6,1969,68,496,68,496
115006,Buffering,73728,208,10,18,0,0,6,1975,0,496,0,496
115259,Buffering,110592,313,10,18,0,0,6,1980,0,496,0,496
115511,Buffering,110592,313,10,18,0,0,6,1984,0,496,0,496
115764,Buffering,165888,470,10,18,0,0,6,1988,0,496,0,496
116016,Buffering,211968,600,10,18,0,0,6,1993,0,496,0,496
116270,Buffering,230400,653,10,18,0,0,6,1997,66,496,66,496
116523,Buffering,248832,705,10,18,0,0,6,2001,0,496,0,496
116776,Buffering,285696,809,10,18,0,0,6,2006,0,496,0,496
117031,Buffering,304128,862,10,18,0,0,6,2009,0,496,0,496
117283,Buffering,340992,966,10,18,0,0,6,2014,0,496,0,496
117535,Buffering,321536,911,10,19,0,0,6,2019,9,496,9,496
117789,Buffering,240640,682,10,19,0,0,6,2022,15,496,15,496
118041,Buffering,187392,531,10,19,0,0,6,2027,0,496,0,496
118294,Buffering,106496,301,10,19,0,0,6,2030,0,496,0,496
118546,Buffering,61440,174,10,19,0,0,6,2036,63,496,63,496
118798,Buffering,27648,78,10,19,0,0,6,2040,0,496,0,496
119000,Buffering,46080,130,10,19,0,0,6,2043,0,496,0,496
119253,Playing,83968,238,10,20,0,0,6,2046,177,496,177,496
119505,Playing,12288,34,10,20,0,0,6,2051,0,496,0,496
119758,Buffering,27648,78,11,20,0,0,6,2055,0,496,0,496
120012,Buffering,64512,182,11,20,0,0,6,2060,0,496,0,496
120265,Buffering,92160,261,11,20,0,0,6,2062,0,496,0,496
120518,Buffering,110592,313,11,20,0,0,6,2069,113,496,113,496
120770,Buffering,110592,313,11,20,0,0,6,2072,0,496,0,496
121023,Buffering,147456,417,11,20,0,0,6,2077,64,496,64,496
121277,Buffering,193536,548,11,20,0,0,6,2082,164,496,164,496
121530,Buffering,211968,600,11,20,0,0,6,2086,0,496,0,496
121783,Buffering,248832,705,11,20,0,0,6,2091,0,496,0,496
122036,Buffering,258048,731,11,20,0,0,6,2094,0,496,0,496
122289,Buffering,313344,888,11,20,0,0,6,2097,113,496,113,496
122541,Buffering,350208,992,11,20,0,0,6,2101,0,496,0,496
122795,Buffering,328704,931,11,21,0,0,6,2105,116,496,116,496
123049,Buffering,257024,728,11,21,0,0,6,2109,0,496,0,496
123251,Buffering,229376,650,11,21,0,0,6,2112,61,496,61,496
123503,Buffering,139264,394,11,21,0,0,6,2119,16,496,16,496
123756,Buffering,49152,139,11,21,0,0,6,2123,62,496,62,496
124008,Buffering,0,0,11,21,0,0,6,2128,0,496,0,496
124262,Buffering,0,0,11,21,0,0,6,2133,64,496,64,496
124515,Buffering,0,0,11,21,0,0,6,2137,13,496,13,496
124767,Buffering,55296,156,11,21,0,0,6,2141,0,496,0,496
125021,Playing,75776,214,11,22,0,0,6,2145,0,496,0,496
125273,Playing,13312,37,11,22,0,0,6,2149,63,496,63,496
125527,Buffering,0,0,12,22,0,0,6,2154,0,496,0,496
125779,Buffering,36864,104,12,22,0,0,6,2159,0,496,0,496
126033,Buffering,64512,182,12,22,0,0,6,2165,0,496,0,496
126285,Buffering,73728,208,12,22,0,0,6,2169,13,496,13,496
126537,Buffering,101376,287,12,22,0,0,6,2174,0,496,0,496
126789,Buffering,156672,444,12,22,0,0,6,2177,0,496,0,496
127044,Buffering,165888,470,12,22,0,0,6,2182,13,496,13,496
127296,Buffering,193536,548,12,22,0,0,6,2186,0,496,0,496
127549,Buffering,211968,600,12,22,0,0,6,2191,15,496,15,496
127751,Buffering,248832,705,12,22,0,0,6,2195,0,496,0,496
128004,Buffering,294912,835,12,22,0,0,6,2199,0,496,0,496
128258,Buffering,304128,862,12,22,0,0,6,2202,0,496,0,496
128512,Buffering,331776,940,12,22,0,0,6,2205,127,496,127,496
128764,Buffering,331776,940,12,22,0,0,6,2211,1,496,1,496
129017,Buffering,294912,835,12,23,0,0,6,2216,0,496,0,496
129270,Buffering,241664,684,12,23,0,0,6,2221,0,496,0,496
129522,Buffering,188416,534,12,23,0,0,6,2226,0,496,0,496
129777,Buffering,153600,435,12,23,0,0,6,2230,0,496,0,496
130029,Buffering,63488,179,12,23,0,0,6,2234,0,496,0,496
130282,Buffering,0,0,12,23,0,0,6,2240,0,496,0,496
130534,Buffering,9216,26,12,23,0,0,6,2243,0,496,0,496
130787,Buffering,46080,130,12,23,0,0,6,2248,0,496,0,496
131039,Reconnecting,0,0,12,24,0,0,6,2251,115,496,115,496
131292,Reconnecting,0,0,12,24,0,0,6,2251,115,496,115,496
131544,Reconnecting,0,0,12,24,0,0,6,2251,115,496,115,496
131798,Reconnecting,0,0,12,24,0,0,6,2251,115,496,115,496
132000,Reconnecting,0,0,12,24,0,0,6,2251,115,496,115,496
132253,Reconnecting,0,0,12,24,0,0,6,2251,115,496,115,496
132507,Reconnecting,0,0,12,24,0,0,6,2251,115,496,115,496
132759,Reconnecting,0,0,12,24,0,0,6,2251,115,496,115,496
133012,Reconnecting,0,0,12,24,0,0,6,2251,115,496,115,496
133266,Reconnecting,0,0,12,24,0,0,6,2251,115,496,115,496
133518,Reconnecting,0,0,12,24,0,0,6,2251,115,496,115,496
133771,Reconnecting,0,0,12,24,0,0,6,2251,115,496,115,496
134023,Reconnecting,0,0,12,24,0,0,6,2251,115,496,115,496
134274,Reconnecting,0,0,12,24,0,0,6,2251,115,496,115,496
134527,Reconnecting,0,0,12,24,0,0,6,2251,115,496,115,496
134780,Reconnecting,0,0,12,24,0,0,6,2251,115,496,115,496
135033,Reconnecting,0,0,12,24,0,0,6,2251,115,496,115,496
135286,Reconnecting,0,0,12,24,0,0,6,2251,115,496,115,496
135537,Reconnecting,0,0,12,24,0,0,6,2251,115,496,115,496
135790,Reconnecting,0,0,12,24,0,0,6,2251,115,496,115,496
136043,Reconnecting,0,0,12,24,0,0,7,2251,115,496,115,496
136306,Reconnecting,0,0,12,24,0,0,7,2251,115,496,115,496
136511,Reconnecting,0,0,12,24,0,0,7,2251,115,496,115,496
136763,Reconnecting,340992,966,12,24,0,0,7,2318,0,496,0,496
137017,Reconnecting,1290240,3657,12,24,0,0,7,2362,0,496,0,496
137271,Reconnecting,1336320,3787,12,24,0,0,7,2366,0,496,0,496
137523,Reconnecting,1363968,3866,12,24,0,0,7,2372,64,496,64,496
137777,Reconnecting,1391616,3944,12,24,0,0,7,2377,0,496,0,496
138029,Reconnecting,1391616,3944,12,24,0,0,7,2381,66,496,66,496
138282,Playing,1411072,3999,12,24,0,0,7,2384,113,496,113,496
138534,Playing,1339392,3796,12,24,0,0,7,2387,13,496,13,496
138787,Playing,1286144,3645,12,24,0,0,7,2391,0,496,0,496
139039,Playing,1242112,3520,12,24,0,0,7,2395,0,496,0,496
139292,Playing,1179648,3343,12,24,0,0,7,2399,15,496,15,496
139544,Playing,1116160,3163,12,24,0,0,7,2404,0,496,0,496
139797,Playing,1062912,3012,12,24,0,0,7,2409,0,496,0,496
140001,Playing,989184,2803,12,24,0,0,7,2412,0,496,0,496
140253,Playing,917504,2600,12,24,0,0,7,2416,15,496,15,496
140507,Playing,827392,2345,12,24,0,0,7,2420,12,496,12,496
140759,Playing,791552,2243,12,24,0,0,7,2424,9,496,9,496
141014,Playing,710656,2014,12,24,0,0,7,2432,0,496,0,496
141266,Playing,648192,1837,12,24,0,0,7,2434,0,496,0,496
141520,Playing,585728,1660,12,24,0,0,7,2439,0,496,0,496
141774,Playing,541696,1535,12,24,0,0,7,2443,0,496,0,496
142028,Playing,470016,1332,12,24,0,0,7,2449,0,496,0,496
142281,Playing,435200,1233,12,24,0,0,7,2453,0,496,0,496
142533,Playing,345088,978,12,24,0,0,7,2457,0,496,0,496
142786,Playing,291840,827,12,24,0,0,7,2462,0,496,0,496
143039,Playing,229376,650,12,24,0,0,7,2468,0,496,0,496
143292,Playing,184320,522,12,24,0,0,7,2471,0,496,0,496
143545,Playing,94208,267,12,24,0,0,7,2474,0,496,0,496
143798,Playing,31744,89,12,24,0,0,7,2478,65,496,65,496
144000,Buffering,0,0,13,24,0,0,7,2482,41,496,41,496
144253,Buffering,27648,78,13,24,0,0,7,2487,0,496,0,496
144505,Buffering,46080,130,13,24,0,0,7,2493,0,496,0,496
144758,Buffering,73728,208,13,24,0,0,7,2495,0,496,0,496
145012,Buffering,101376,287,13,24,0,0,7,2500,12,496,12,496
145264,Buffering,129024,365,13,24,0,0,7,2503,160,496,160,496
145518,Buffering,165888,470,13,24,0,0,7,2509,64,496,64,496
145771,Buffering,184320,522,13,24,0,0,7,2514,0,496,0,496
146023,Buffering,211968,600,13,24,0,0,7,2520,0,496,0,496
146276,Buffering,230400,653,13,24,0,0,7,2524,0,496,0,496
146529,Buffering,230400,653,13,24,0,0,7,2528,0,496,0,496
146783,Buffering,285696,809,13,24,0,0,7,2532,0,496,0,496
147035,Buffering,322560,914,13,24,0,0,7,2536,0,496,0,496
147288,Buffering,340992,966,13,24,0,0,7,2539,0,496,0,496
147539,Buffering,329728,934,13,25,0,0,7,2543,0,496,0,496
147792,Buffering,294912,835,13,25,0,0,7,2547,0,496,0,496
148045,Buffering,204800,580,13,25,0,0,7,2550,0,496,0,496
148298,Buffering,142336,403,13,25,0,0,7,2556,0,496,0,496
148502,Buffering,68608,194,13,25,0,0,7,2560,0,496,0,496
148755,Buffering,15360,43,13,25,0,0,7,2564,25,496,25,496
149008,Buffering,27648,78,13,25,0,0,7,2567,66,496,66,496
149261,Buffering,55296,156,13,25,0,0,7,2573,63,496,63,496
149514,Buffering,64512,182,13,25,0,0,7,2579,0,496,0,496
149767,Playing,52224,148,13,26,0,0,7,2584,0,496,0,496
150021,Playing,0,0,13,26,0,0,7,2588,12,496,12,496
150274,Buffering,36864,104,14,26,0,0,7,2592,0,496,0,496
150527,Buffering,64512,182,14,26,0,0,7,2597,0,496,0,496
150780,Buffering,73728,208,14,26,0,0,7,2600,0,496,0,496
151034,Buffering,101376,287,14,26,0,0,7,2605,0,496,0,496
151286,Buffering,138240,391,14,26,0,0,7,2610,0,496,0,496
151539,Buffering,138240,391,14,26,0,0,7,2612,79,496,79,496
151792,Buffering,184320,522,14,26,0,0,7,2617,63,496,63,496
152045,Buffering,193536,548,14,26,0,0,7,2621,17,496,17,496
152297,Buffering,211968,600,14,26,0,0,7,2626,0,496,0,496
152551,Buffering,239616,679,14,26,0,0,7,2631,0,496,0,496
152752,Buffering,267264,757,14,26,0,0,7,2633,0,496,0,496
153004,Buffering,285696,809,14,26,0,0,7,2639,0,496,0,496
153256,Buffering,340992,966,14,26,0,0,7,2643,0,496,0,496
153509,Buffering,350208,992,14,26,0,0,7,2646,0,496,0,496
153761,Buffering,287744,815,14,27,0,0,7,2650,11,496,11,496
154014,Buffering,225280,638,14,27,0,0,7,2656,0,496,0,496
154266,Buffering,144384,409,14,27,0,0,7,2661,63,496,63,496
154519,Buffering,91136,258,14,27,0,0,7,2666,0,496,0,496
154772,Buffering,46080,130,14,27,0,0,7,2670,70,496,70,496
155025,Buffering,27648,78,14,27,0,0,7,2673,124,496,124,496
155278,Buffering,46080,130,14,27,0,0,7,2679,63,496,63,496
155531,Buffering,64512,182,14,27,0,0,7,2682,128,496,128,496
155784,Buffering,73728,208,14,27,0,0,7,2687,0,496,0,496
156037,Playing,59392,168,14,28,0,0,7,2693,0,496,0,496
156291,Playing,0,0,14,28,0,0,7,2696,0,496,0,496
156544,Buffering,36864,104,15,28,0,0,7,2701,0,496,0,496
156796,Buffering,92160,261,15,28,0,0,7,2705,0,496,0,496
157049,Buffering,110592,313,15,28,0,0,7,2708,0,496,0,496
157252,Buffering,165888,470,15,28,0,0,7,2711,0,496,0,496
157506,Buffering,175104,496,15,28,0,0,7,2717,0,496,0,496
157759,Buffering,202752,574,15,28,0,0,7,2719,0,496,0,496
158013,Buffering,248832,705,15,28,0,0,7,2724,0,496,0,496
158265,Buffering,304128,862,15,28,0,0,7,2728,0,496,0,496
158517,Buffering,331776,940,15,28,0,0,7,2733,0,496,0,496
158770,Buffering,340992,966,15,28,0,0,7,2736,0,496,0,496
159023,Buffering,350208,992,15,28,0,0,7,2743,0,496,0,496
159276,Buffering,336896,954,15,29,0,0,7,2746,62,496,62,496
159529,Buffering,256000,725,15,29,0,0,7,2752,14,496,14,496
159782,Buffering,193536,548,15,29,0,0,7,2757,0,496,0,496
160034,Buffering,103424,293,15,29,0,0,7,2762,63,496,63,496
160287,Buffering,50176,142,15,29,0,0,7,2766,0,496,0,496
160539,Buffering,6144,17,15,29,0,0,7,2770,0,496,0,496
160792,Buffering,9216,26,15,29,0,0,7,2773,0,496,0,496
161045,Buffering,36864,104,15,29,0,0,7,2778,0,496,0,496
161298,Buffering,64512,182,15,29,0,0,7,2784,0,496,0,496
161501,Buffering,64512,182,15,29,0,0,7,2788,0,496,0,496
161752,Buffering,73728,208,15,29,0,0,7,2793,14,496,14,496
162005,Reconnecting,0,0,15,30,0,0,7,2795,0,496,0,496
162257,Reconnecting,0,0,15,30,0,0,7,2795,0,496,0,496
162511,Reconnecting,0,0,15,30,0,0,7,2795,0,496,0,496
162762,Reconnecting,0,0,15,30,0,0,7,2795,0,496,0,496
163015,Reconnecting,0,0,15,30,0,0,7,2795,0,496,0,496
163268,Reconnecting,0,0,15,30,0,0,7,2795,0,496,0,496
163522,Reconnecting,0,0,15,30,0,0,7,2795,0,496,0,496
163773,Reconnecting,0,0,15,30,0,0,7,2795,0,496,0,496
164027,Reconnecting,0,0,15,30,0,0,7,2795,0,496,0,496
164279,Reconnecting,0,0,15,30,0,0,7,2795,0,496,0,496
164533,Reconnecting,0,0,15,30,0,0,7,2795,0,496,0,496
164786,Reconnecting,0,0,15,30,0,0,7,2795,0,496,0,496
165038,Reconnecting,0,0,15,30,0,0,7,2795,0,496,0,496
165289,Reconnecting,0,0,15,30,0,0,7,2795,0,496,0,496
165542,Reconnecting,0,0,15,30,0,0,7,2795,0,496,0,496
165795,Reconnecting,0,0,15,30,0,0,7,2795,0,496,0,496
166048,Reconnecting,0,0,15,30,0,0,7,2795,0,496,0,496
166250,Reconnecting,0,0,15,30,0,0,7,2795,0,496,0,496
166503,Reconnecting,0,0,15,30,0,0,7,2795,0,496,0,496
166756,Reconnecting,0,0,15,30,0,0,7,2795,0,496,0,496
167009,Reconnecting,0,0,15,30,0,0,8,2795,0,496,0,496
167263,Reconnecting,0,0,15,30,0,0,8,2795,0,496,0,496
167516,Reconnecting,0,0,15,30,0,0,8,2806,0,496,0,496
167769,Reconnecting,1004544,2847,15,30,0,0,8,2893,0,496,0,496
168022,Reconnecting,1327104,3761,15,30,0,0,8,2907,0,496,0,496
168276,Reconnecting,1336320,3787,15,30,0,0,8,2910,0,496,0,496
168529,Reconnecting,1382400,3918,15,30,0,0,8,2916,65,496,66,496
168781,Reconnecting,1400832,3970,15,30,0,0,8,2921,0,496,0,496
169034,Playing,1421312,4028,15,30,0,0,8,2926,0,496,0,496
169288,Playing,1394688,3953,15,30,0,0,8,2930,0,496,0,496
169541,Playing,1304576,3697,15,30,0,0,8,2933,0,496,0,496
169794,Playing,1242112,3520,15,30,0,0,8,2936,110,496,110,496
170048,Playing,1170432,3317,15,30,0,0,8,2942,117,496,117,496
170299,Playing,1107968,3140,15,30,0,0,8,2946,0,496,0,496
170501,Playing,1034240,2931,15,30,0,0,8,2950,0,496,0,496
170754,Playing,989184,2803,15,30,0,0,8,2955,0,496,0,496
171007,Playing,935936,2652,15,30,0,0,8,2959,0,496,0,496
171259,Playing,855040,2423,15,30,0,0,8,2962,0,496,0,496
171514,Playing,792576,2246,15,30,0,0,8,2968,0,496,0,496
171767,Playing,757760,2147,15,30,0,0,8,2972,0,496,0,496
172019,Playing,676864,1918,15,30,0,0,8,2975,0,496,0,496
172274,Playing,623616,1767,15,30,0,0,8,2980,0,496,0,496
172528,Playing,533504,1512,15,30,0,0,8,2985,12,496,12,496
172781,Playing,470016,1332,15,30,0,0,8,2990,0,496,0,496
173033,Playing,416768,1181,15,30,0,0,8,2995,0,496,0,496
173287,Playing,381952,1082,15,30,0,0,8,2999,0,496,0,496
173541,Playing,301056,853,15,30,0,0,8,3002,0,496,0,496
173793,Playing,247808,702,15,30,0,0,8,3007,0,496,0,496
174045,Playing,176128,499,15,30,0,0,8,3012,60,496,60,496
174298,Playing,104448,296,15,30,0,0,8,3018,163,496,163,496
174549,Playing,32768,92,15,30,0,0,8,3023,0,496,0,496
174751,Playing,22528,63,15,30,0,0,8,3027,0,496,0,496
175005,Buffering,18432,52,16,30,0,0,8,3031,0,496,0,496
175257,Buffering,55296,156,16,30,0,0,8,3036,0,496,0,496
175509,Buffering,55296,156,16,30,0,0,8,3040,14,496,14,496
175762,Buffering,73728,208,16,30,0,0,8,3045,0,496,0,496
176015,Buffering,92160,261,16,30,0,0,8,3048,0,496,0,496
176267,Buffering,138240,391,16,30,0,0,8,3053,0,496,0,496
176523,Buffering,184320,522,16,30,0,0,8,3058,0,496,0,496
176775,Buffering,211968,600,16,30,0,0,8,3060,0,496,0,496
177028,Buffering,248832,705,16,30,0,0,8,3065,0,496,0,496
177283,Buffering,304128,862,16,30,0,0,8,3069,0,496,0,496
177536,Buffering,322560,914,16,30,0,0,8,3075,0,496,0,496
177788,Buffering,350208,992,16,30,0,0,8,3077,0,496,0,496
178039,Buffering,287744,815,16,31,0,0,8,3080,177,496,177,496
178292,Buffering,216064,612,16,31,0,0,8,3086,12,496,12,496
178545,Buffering,161792,458,16,31,0,0,8,3092,62,496,62,496
178799,Buffering,99328,281,16,31,0,0,8,3096,0,496,0,496
179002,Buffering,34816,98,16,31,0,0,8,3099,0,496,0,496
179256,Buffering,27648,78,16,31,0,0,8,3103,0,496,0,496
179509,Buffering,36864,104,16,31,0,0,8,3110,0,496,0,496
179762,Buffering,64512,182,16,31,0,0,8,3113,0,496,0,496
180015,Buffering,73728,208,16,31,0,0,8,3116,0,496,0,496
180268,Playing,38912,110,16,32,0,0,8,3120,0,496,0,496
180520,Playing,0,0,16,32,0,0,8,3125,0,496,0,496
180773,Buffering,36864,104,17,32,0,0,8,3130,0,496,0,496
181027,Buffering,46080,130,17,32,0,0,8,3137,0,496,0,496
181280,Buffering,73728,208,17,32,0,0,8,3139,0,496,0,496
181534,Buffering,82944,235,17,32,0,0,8,3145,0,496,0,496
181787,Buffering,138240,391,17,32,0,0,8,3149,0,496,0,496
182040,Buffering,138240,391,17,32,0,0,8,3152,0,496,0,496
182293,Buffering,193536,548,17,32,0,0,8,3156,0,496,0,496
182544,Buffering,193536,548,17,32,0,0,8,3160,0,496,0,496
182796,Buffering,239616,679,17,32,0,0,8,3165,0,496,0,496
183048,Buffering,276480,783,17,32,0,0,8,3170,0,496,0,496
183301,Buffering,304128,862,17,32,0,0,8,3173,61,496,61,496
183504,Buffering,313344,888,17,32,0,0,8,3177,13,496,13,496
183757,Buffering,350208,992,17,32,0,0,8,3183,105,496,105,496
184010,Buffering,302080,856,17,33,0,0,8,3188,0,496,0,496
184264,Buffering,258048,731,17,33,0,0,8,3192,0,496,0,496
184517,Buffering,177152,502,17,33,0,0,8,3199,0,496,0,496
184770,Buffering,104448,296,17,33,0,0,8,3202,0,496,0,496
185023,Buffering,51200,145,17,33,0,0,8,3207,0,496,0,496
185289,Buffering,9216,26,17,33,0,0,8,3212,169,496,169,496
185543,Buffering,18432,52,17,33,0,0,8,3216,0,496,0,496
185795,Buffering,73728,208,17,33,0,0,8,3219,0,496,0,496
186047,Buffering,82944,235,17,33,0,0,8,3223,116,496,116,496
186299,Playing,10240,29,17,34,0,0,8,3226,220,496,220,496
186500,Playing,0,0,17,34,0,0,8,3226,220,496,220,496
186754,Buffering,18432,52,18,34,0,0,8,3228,0,496,0,496
187007,Buffering,175104,496,18,34,0,0,8,3237,0,496,0,496
187261,Buffering,202752,574,18,34,0,0,8,3240,64,496,65,496
187515,Buffering,202752,574,18,34,0,0,8,3247,0,496,0,496
187768,Buffering,258048,731,18,34,0,0,8,3250,0,496,0,496
188021,Buffering,285696,809,18,34,0,0,8,3253,142,496,142,496
188273,Buffering,313344,888,18,34,0,0,8,3257,0,496,0,496
188526,Buffering,343040,972,18,35,0,0,8,3261,0,496,0,496
188779,Buffering,308224,873,18,35,0,0,8,3265,0,496,0,496
189033,Buffering,245760,696,18,35,0,0,8,3271,0,496,0,496
189286,Buffering,174080,493,18,35,0,0,8,3273,16,496,16,496
189539,Buffering,102400,290,18,35,0,0,8,3278,0,496,0,496
189793,Buffering,48128,136,18,35,0,0,8,3282,85,496,85,496
190046,Buffering,0,0,18,35,0,0,8,3287,0,496,0,496
190299,Buffering,36864,104,18,35,0,0,8,3292,0,496,0,496
190502,Buffering,46080,130,18,35,0,0,8,3294,0,496,0,496
190755,Buffering,64512,182,18,35,0,0,8,3298,166,496,166,496
191007,Buffering,64512,182,18,35,0,0,8,3305,65,496,65,496
191260,Buffering,82944,235,18,35,0,0,8,3310,0,496,0,496
191512,Buffering,129024,365,18,35,0,0,8,3315,0,496,0,496
191765,Buffering,156672,444,18,35,0,0,8,3317,0,496,0,496
192018,Reconnecting,0,0,18,36,0,0,8,3318,116,496,116,496
192270,Reconnecting,0,0,18,36,0,0,8,3318,116,496,116,496
192522,Reconnecting,0,0,18,36,0,0,8,3318,116,496,116,496
192775,Reconnecting,0,0,18,36,0,0,8,3318,116,496,116,496
193029,Reconnecting,0,0,18,36,0,0,8,3318,116,496,116,496
193282,Reconnecting,0,0,18,36,0,0,8,3318,116,496,116,496
193536,Reconnecting,0,0,18,36,0,0,8,3318,116,496,116,496
193789,Reconnecting,0,0,18,36,0,0,8,3318,116,496,116,496
194042,Reconnecting,0,0,18,36,0,0,8,3318,116,496,116,496
194294,Reconnecting,0,0,18,36,0,0,8,3318,116,496,116,496
194546,Reconnecting,0,0,18,36,0,0,8,3318,116,496,116,496
194798,Reconnecting,0,0,18,36,0,0,8,3318,116,496,116,496
195000,Reconnecting,0,0,18,36,0,0,8,3318,116,496,116,496
195253,Reconnecting,0,0,18,36,0,0,8,3318,116,496,116,496
195506,Reconnecting,0,0,18,36,0,0,8,3318,116,496,116,496
195759,Reconnecting,0,0,18,36,0,0,8,3318,116,496,116,496
196011,Reconnecting,0,0,18,36,0,0,8,3318,116,496,116,496
196265,Reconnecting,0,0,18,36,0,0,8,3318,116,496,116,496
196517,Reconnecting,0,0,18,36,0,0,8,3318,116,496,116,496
196769,Reconnecting,0,0,18,36,0,0,8,3318,116,496,116,496
197021,Reconnecting,0,0,18,36,0,0,9,3318,116,496,116,496
197273,Reconnecting,0,0,18,36,0,0,9,3318,116,496,116,496
197527,Reconnecting,55296,156,18,36,0,0,9,3361,0,496,0,496
197781,Reconnecting,1253376,3552,18,36,0,0,9,3434,0,496,0,496
198034,Reconnecting,1281024,3631,18,36,0,0,9,3436,0,496,0,496
198287,Reconnecting,1308672,3709,18,36,0,0,9,3440,15,496,15,496
198540,Reconnecting,1354752,3840,18,36,0,0,9,3445,116,496,116,496
198795,Reconnecting,1363968,3866,18,36,0,0,9,3450,0,496,0,496
199047,Reconnecting,1391616,3944,18,36,0,0,9,3453,163,496,163,496
199300,Reconnecting,1400832,3970,18,36,0,0,9,3458,0,496,0,496
199503,Playing,1379328,3909,18,36,0,0,9,3463,0,496,0,496
199757,Playing,1315840,3729,18,36,0,0,9,3467,29,496,29,496
200009,Playing,1253376,3552,18,36,0,0,9,3472,0,496,0,496
200263,Playing,1190912,3375,18,36,0,0,9,3475,182,496,182,496
200515,Playing,1146880,3250,18,36,0,0,9,3482,0,496,0,496
200768,Playing,1056768,2995,18,36,0,0,9,3486,0,496,0,496
201022,Playing,985088,2792,18,36,0,0,9,3492,0,496,0,496
201274,Playing,894976,2536,18,36,0,0,9,3497,14,496,14,496
201526,Playing,831488,2356,18,36,0,0,9,3502,0,496,0,496
201779,Playing,750592,2127,18,36,0,0,9,3508,0,496,0,496
202033,Playing,688128,1950,18,36,0,0,9,3510,0,496,0,496
202287,Playing,625664,1773,18,36,0,0,9,3515,0,496,0,496
202540,Playing,553984,1570,18,36,0,0,9,3520,113,496,113,496
202794,Playing,473088,1340,18,36,0,0,9,3525,0,496,0,496
203049,Playing,410624,1163,18,36,0,0,9,3527,0,496,0,496
203252,Playing,364544,1033,18,36,0,0,9,3534,15,496,15,496
203504,Playing,319488,905,18,36,0,0,9,3538,0,496,0,496
203757,Playing,257024,728,18,36,0,0,9,3541,76,496,76,496
204009,Playing,194560,551,18,36,0,0,9,3546,0,496,0,496
204265,Playing,132096,374,18,36,0,0,9,3551,0,496,0,496
204522,Playing,97280,275,18,36,0,0,9,3555,0,496,0,496
204777,Playing,34816,98,18,36,0,0,9,3558,28,496,28,496
205030,Buffering,27648,78,19,36,0,0,9,3562,0,496,0,496
205285,Buffering,46080,130,19,36,0,0,9,3566,65,496,65,496
205539,Buffering,64512,182,19,36,0,0,9,3571,0,496,0,496
205793,Buffering,101376,287,19,36,0,0,9,3576,0,496,0,496
206046,Buffering,156672,444,19,36,0,0,9,3580,0,496,0,496
206301,Buffering,156672,444,19,36,0,0,9,3584,0,496,0,496
206502,Buffering,184320,522,19,36,0,0,9,3587,112,496,112,496
206755,Buffering,211968,600,19,36,0,0,9,3592,0,496,0,496
207007,Buffering,239616,679,19,36,0,0,9,3595,114,496,114,496
207260,Buffering,276480,783,19,36,0,0,9,3600,130,496,130,496
207513,Buffering,304128,862,19,36,0,0,9,3608,0,496,0,496
207765,Buffering,304128,862,19,36,0,0,9,3612,0,496,0,496
208016,Buffering,313344,888,19,36,0,0,9,3615,0,496,0,496
208268,Buffering,318464,902,19,37,0,0,9,3620,0,496,0,496
208520,Buffering,273408,774,19,37,0,0,9,3626,0,496,0,496
208774,Buffering,220160,624,19,37,0,0,9,3630,0,496,0,496
209026,Buffering,157696,446,19,37,0,0,9,3632,0,496,0,496
209280,Buffering,95232,269,19,37,0,0,9,3637,0,496,0,496
209533,Buffering,60416,171,19,37,0,0,9,3642,13,496,13,496
209786,Buffering,0,0,19,37,0,0,9,3646,13,496,13,496
210036,Buffering,27648,78,19,37,0,0,9,3651,0,496,0,496
210290,Buffering,55296,156,19,37,0,0,9,3655,181,496,181,496
210545,Buffering,82944,235,19,37,0,0,9,3660,65,496,65,496
210798,Playing,26624,75,19,38,0,0,9,3665,0,496,0,496
211049,Buffering,9216,26,20,38,0,0,9,3668,0,496,0,496
211252,Buffering,46080,130,20,38,0,0,9,3673,0,496,0,496
211505,Buffering,92160,261,20,38,0,0,9,3678,0,496,0,496
211758,Buffering,119808,339,20,38,0,0,9,3681,127,496,127,496
212012,Buffering,147456,417,20,38,0,0,9,3684,66,496,66,496
212264,Buffering,184320,522,20,38,0,0,9,3686,0,496,0,496
212516,Buffering,221184,626,20,38,0,0,9,3692,65,496,65,496
212768,Buffering,230400,653,20,38,0,0,9,3698,0,496,0,496
213020,Buffering,267264,757,20,38,0,0,9,3703,0,496,0,496
213274,Buffering,294912,835,20,38,0,0,9,3705,0,496,0,496
213527,Buffering,322560,914,20,38,0,0,9,3711,0,496,0,496
213780,Buffering,334848,949,20,39,0,0,9,3716,0,496,0,496
214035,Buffering,253952,719,20,39,0,0,9,3719,0,496,0,496
214288,Buffering,191488,542,20,39,0,0,9,3725,65,496,65,496
214542,Buffering,110592,313,20,39,0,0,9,3729,63,496,63,496
214794,Buffering,47104,133,20,39,0,0,9,3734,0,496,0,496
215047,Buffering,9216,26,20,39,0,0,9,3739,0,496,0,496
215250,Buffering,18432,52,20,39,0,0,9,3743,28,496,28,496
215503,Buffering,46080,130,20,39,0,0,9,3748,0,496,0,496
215756,Buffering,73728,208,20,39,0,0,9,3750,0,496,0,496
216009,Playing,89088,252,20,40,0,0,9,3755,114,496,114,496
216262,Buffering,0,0,21,40,0,0,9,3761,0,496,0,496
216515,Buffering,9216,26,21,40,0,0,9,3763,0,496,0,496
216768,Buffering,36864,104,21,40,0,0,9,3769,0,496,0,496
217021,Buffering,82944,235,21,40,0,0,9,3774,0,496,0,496
217273,Buffering,129024,365,21,40,0,0,9,3778,0,496,0,496
217526,Buffering,156672,444,21,40,0,0,9,3780,0,496,0,496
217778,Buffering,184320,522,21,40,0,0,9,3785,0,496,0,496
218032,Buffering,211968,600,21,40,0,0,9,3790,0,496,0,496
218286,Buffering,221184,626,21,40,0,0,9,3795,1,496,1,496
218539,Buffering,258048,731,21,40,0,0,9,3799,0,496,0,496
218793,Buffering,267264,757,21,40,0,0,9,3804,66,496,66,496
219044,Buffering,294912,835,21,40,0,0,9,3808,0,496,0,496
219298,Buffering,331776,940,21,40,0,0,9,3813,0,496,0,496
219500,Buffering,340992,966,21,40,0,0,9,3816,0,496,0,496
219753,Buffering,303104,859,21,41,0,0,9,3821,0,496,0,496
220007,Buffering,268288,760,21,41,0,0,9,3826,13,496,13,496
220259,Buffering,187392,531,21,41,0,0,9,3828,0,496,0,496
220514,Buffering,143360,406,21,41,0,0,9,3833,0,496,0,496
220766,Buffering,90112,255,21,41,0,0,9,3838,0,496,0,496
221019,Buffering,26624,75,21,41,0,0,9,3841,0,496,0,496
221272,Buffering,9216,26,21,41,0,0,9,3846,0,496,0,496
221524,Buffering,27648,78,21,41,0,0,9,3853,13,496,13,496
221775,Buffering,36864,104,21,41,0,0,9,3855,0,496,0,496
222028,Buffering,64512,182,21,41,0,0,9,3860,0,496,0,496
222280,Buffering,82944,235,21,41,0,0,9,3863,0,496,0,496
222533,Reconnecting,0,0,21,42,0,0,9,3864,181,496,181,496
222786,Reconnecting,0,0,21,42,0,0,9,3864,181,496,181,496
223040,Reconnecting,0,0,21,42,0,0,9,3864,181,496,181,496
223293,Reconnecting,0,0,21,42,0,0,9,3864,181,496,181,496
223545,Reconnecting,0,0,21,42,0,0,9,3864,181,496,181,496
223797,Reconnecting,0,0,21,42,0,0,9,3864,181,496,181,496
224001,Reconnecting,0,0,21,42,0,0,9,3864,181,496,181,496
224254,Reconnecting,0,0,21,42,0,0,9,3864,181,496,181,496
224507,Reconnecting,0,0,21,42,0,0,9,3864,181,496,181,496
224758,Reconnecting,0,0,21,42,0,0,9,3864,181,496,181,496
225012,Reconnecting,0,0,21,42,0,0,9,3864,181,496,181,496
225264,Reconnecting,0,0,21,42,0,0,9,3864,181,496,181,496
225515,Reconnecting,0,0,21,42,0,0,9,3864,181,496,181,496
225768,Reconnecting,0,0,21,42,0,0,9,3864,181,496,181,496
226020,Reconnecting,0,0,21,42,0,0,9,3864,181,496,181,496
226272,Reconnecting,0,0,21,42,0,0,9,3864,181,496,181,496
226524,Reconnecting,0,0,21,42,0,0,9,3864,181,496,181,496
226777,Reconnecting,0,0,21,42,0,0,9,3864,181,496,181,496
227029,Reconnecting,0,0,21,42,0,0,9,3864,181,496,181,496
227280,Reconnecting,0,0,21,42,0,0,9,3864,181,496,181,496
227535,Reconnecting,0,0,21,42,0,0,10,3864,181,496,181,496
227788,Reconnecting,0,0,21,42,0,0,10,3891,0,496,181,496
228040,Reconnecting,0,0,21,42,0,0,10,3891,0,496,181,496
228293,Reconnecting,0,0,21,42,0,0,10,3891,0,496,181,496
228546,Reconnecting,0,0,21,42,0,0,10,3891,0,496,181,496
228799,Reconnecting,0,0,21,42,0,0,10,3891,0,496,181,496
229002,Reconnecting,0,0,21,42,0,0,10,3891,0,496,181,496
229255,Reconnecting,0,0,21,42,0,0,10,3891,0,496,181,496
229508,Reconnecting,0,0,21,42,0,0,10,3891,0,496,181,496
229761,Reconnecting,0,0,21,42,0,0,10,3891,0,496,181,496
230013,Reconnecting,0,0,21,42,0,0,10,3891,0,496,181,496
230267,Reconnecting,0,0,21,42,0,0,10,3891,0,496,181,496
230520,Reconnecting,0,0,21,42,0,0,10,3891,0,496,181,496
230773,Reconnecting,0,0,21,42,0,0,10,3891,0,496,181,496
231026,Reconnecting,0,0,21,42,0,0,10,3891,0,496,181,496
231277,Reconnecting,0,0,21,42,0,0,10,3891,0,496,181,496
231529,Reconnecting,0,0,21,42,0,0,10,3891,0,496,181,496
231783,Reconnecting,0,0,21,42,0,0,10,3891,0,496,181,496
232036,Reconnecting,0,0,21,42,0,0,10,3891,0,496,181,496
232288,Reconnecting,0,0,21,42,0,0,10,3891,0,496,181,496
232542,Reconnecting,0,0,21,42,0,0,10,3891,0,496,181,496
232793,Reconnecting,0,0,21,42,0,0,11,3891,0,496,181,496
233045,Reconnecting,0,0,21,42,0,0,11,3891,0,496,181,496
233299,Reconnecting,0,0,21,42,0,0,11,3891,0,496,181,496
233502,Reconnecting,0,0,21,42,0,0,11,3920,0,496,181,496
233755,Reconnecting,0,0,21,42,0,0,11,3920,0,496,181,496
234009,Reconnecting,0,0,21,42,0,0,11,3920,0,496,181,496
234263,Reconnecting,0,0,21,42,0,0,11,3920,0,496,181,496
234515,Reconnecting,0,0,21,42,0,0,11,3920,0,496,181,496
234770,Reconnecting,0,0,21,42,0,0,11,3920,0,496,181,496
235021,Reconnecting,0,0,21,42,0,0,11,3920,0,496,181,496
235273,Reconnecting,0,0,21,42,0,0,11,3920,0,496,181,496
235527,Reconnecting,0,0,21,42,0,0,11,3920,0,496,181,496
235780,Reconnecting,0,0,21,42,0,0,11,3920,0,496,181,496
236033,Reconnecting,0,0,21,42,0,0,11,3920,0,496,181,496
236288,Reconnecting,0,0,21,42,0,0,11,3920,0,496,181,496
236542,Reconnecting,0,0,21,42,0,0,11,3920,0,496,181,496
236795,Reconnecting,0,0,21,42,0,0,11,3920,0,496,181,496
237048,Reconnecting,0,0,21,42,0,0,11,3920,0,496,181,496
237251,Reconnecting,0,0,21,42,0,0,11,3920,0,496,181,496
237504,Reconnecting,0,0,21,42,0,0,11,3920,0,496,181,496
237758,Reconnecting,0,0,21,42,0,0,11,3920,0,496,181,496
238010,Reconnecting,0,0,21,42,0,0,11,3920,0,496,181,496
238263,Reconnecting,0,0,21,42,0,0,11,3920,0,496,181,496
238516,Reconnecting,0,0,21,42,0,0,12,3920,0,496,181,496
238768,Reconnecting,0,0,21,42,0,0,12,3920,0,496,181,496
239022,Reconnecting,0,0,21,42,0,0,12,3920,0,496,181,496
239275,Reconnecting,0,0,21,42,0,0,12,3950,0,496,181,496
239527,Reconnecting,0,0,21,42,0,0,12,3950,0,496,181,496
239782,Reconnecting,0,0,21,42,0,0,12,3950,0,496,181,496
240035,Reconnecting,0,0,21,42,0,0,12,3950,0,496,181,496
240287,Reconnecting,0,0,21,42,0,0,12,3950,0,496,181,496
240541,Reconnecting,0,0,21,42,0,0,12,3950,0,496,181,496
240794,Reconnecting,0,0,21,42,0,0,12,3950,0,496,181,496
241047,Reconnecting,0,0,21,42,0,0,12,3950,0,496,181,496
241250,Reconnecting,0,0,21,42,0,0,12,3950,0,496,181,496
241504,Reconnecting,0,0,21,42,0,0,12,3950,0,496,181,496
241756,Reconnecting,0,0,21,42,0,0,12,3950,0,496,181,496
242008,Reconnecting,0,0,21,42,0,0,12,3950,0,496,181,496
242262,Reconnecting,0,0,21,42,0,0,12,3950,0,496,181,496
242516,Reconnecting,0,0,21,42,0,0,12,3950,0,496,181,496
242768,Reconnecting,0,0,21,42,0,0,12,3950,0,496,181,496
243022,Reconnecting,0,0,21,42,0,0,12,3950,0,496,181,496
243274,Reconnecting,0,0,21,42,0,0,12,3950,0,496,181,496
243527,Reconnecting,0,0,21,42,0,0,12,3950,0,496,181,496
243780,Reconnecting,0,0,21,42,0,0,12,3950,0,496,181,496
244032,Reconnecting,0,0,21,42,0,0,12,3950,0,496,181,496
244284,Reconnecting,0,0,21,42,0,0,13,3950,0,496,181,496
244537,Reconnecting,0,0,21,42,0,0,13,3950,0,496,181,496
244791,Reconnecting,525312,1488,21,42,0,0,13,4023,0,496,0,496
245045,Reconnecting,571392,1619,21,42,0,0,13,4027,0,496,0,496
245298,Reconnecting,1299456,3683,21,42,0,0,13,4068,62,496,62,496
245502,Reconnecting,1317888,3735,21,42,0,0,13,4071,0,496,0,496
245754,Reconnecting,1345536,3813,21,42,0,0,13,4073,0,496,0,496
246007,Reconnecting,1382400,3918,21,42,0,0,13,4078,0,496,0,496
246260,Playing,1419264,4022,21,42,0,0,13,4083,0,496,0,496
246513,Playing,1366016,3871,21,42,0,0,13,4088,0,496,0,496
246766,Playing,1294336,3668,21,42,0,0,13,4093,113,496,113,496
247018,Playing,1222656,3465,21,42,0,0,13,4097,0,496,0,496
247272,Playing,1169408,3314,21,42,0,0,13,4102,0,496,0,496
247525,Playing,1079296,3059,21,42,0,0,13,4106,0,496,0,496
247778,Playing,1015808,2879,21,42,0,0,13,4111,77,496,77,496
248032,Playing,953344,2702,21,42,0,0,13,4118,13,496,13,496
248286,Playing,881664,2499,21,42,0,0,13,4120,0,496,0,496
248540,Playing,828416,2348,21,42,0,0,13,4126,63,496,63,496
248792,Playing,775168,2197,21,42,0,0,13,4130,0,496,0,496
249045,Playing,685056,1941,21,42,0,0,13,4133,0,496,0,496
249298,Playing,631808,1790,21,42,0,0,13,4138,0,496,0,496
249502,Playing,612352,1735,21,42,0,0,13,4143,0,496,0,496
249755,Playing,531456,1506,21,42,0,0,13,4146,0,496,0,496
250008,Playing,496640,1407,21,42,0,0,13,4150,0,496,0,496
250261,Playing,415744,1178,21,42,0,0,13,4153,0,496,0,496
250514,Playing,353280,1001,21,42,0,0,13,4159,0,496,0,496
250768,Playing,309248,876,21,42,0,0,13,4162,66,496,66,496
251021,Playing,219136,621,21,42,0,0,13,4169,64,496,64,496
251274,Playing,165888,470,21,42,0,0,13,4173,0,496,0,496
251527,Playing,103424,293,21,42,0,0,13,4178,0,496,0,496
251780,Playing,39936,113,21,42,0,0,13,4181,0,496,0,496
252033,Playing,0,0,21,42,0,0,13,4186,0,496,0,496
252286,Buffering,36864,104,22,42,0,0,13,4189,0,496,0,496
252539,Buffering,55296,156,22,42,0,0,13,4193,126,496,127,496
252792,Buffering,101376,287,22,42,0,0,13,4197,0,496,0,496
253044,Buffering,119808,339,22,42,0,0,13,4203,0,496,0,496
253297,Buffering,138240,391,22,42,0,0,13,4206,0,496,0,496
253500,Buffering,175104,496,22,42,0,0,13,4209,130,496,130,496
253752,Buffering,239616,679,22,42,0,0,13,4213,0,496,0,496
254005,Buffering,239616,679,22,42,0,0,13,4218,62,496,62,496
254257,Buffering,248832,705,22,42,0,0,13,4224,0,496,0,496
254511,Buffering,258048,731,22,42,0,0,13,4227,0,496,0,496
254763,Buffering,313344,888,22,42,0,0,13,4232,0,496,0,496
255016,Buffering,322560,914,22,42,0,0,13,4238,0,496,0,496
255268,Buffering,350208,992,22,42,0,0,13,4242,166,496,166,496
255522,Buffering,343040,972,22,43,0,0,13,4247,0,496,0,496
255774,Buffering,297984,844,22,43,0,0,13,4252,0,496,0,496
256027,Buffering,207872,589,22,43,0,0,13,4255,0,496,0,496
256279,Buffering,154624,438,22,43,0,0,13,4260,0,496,0,496
256532,Buffering,92160,261,22,43,0,0,13,4266,0,496,0,496
256785,Buffering,29696,84,22,43,0,0,13,4268,0,496,0,496
257038,Buffering,0,0,22,43,0,0,13,4273,0,496,0,496
257291,Buffering,46080,130,22,43,0,0,13,4278,0,496,0,496
257545,Buffering,73728,208,22,43,0,0,13,4284,0,496,0,496
257798,Buffering,82944,235,22,43,0,0,13,4288,65,496,65,496
258001,Playing,52224,148,22,44,0,0,13,4293,0,496,0,496
258254,Buffering,9216,26,23,44,0,0,13,4297,64,496,64,496
258506,Buffering,27648,78,23,44,0,0,13,4302,0,496,0,496
258760,Buffering,36864,104,23,44,0,0,13,4305,0,496,0,496
259012,Buffering,64512,182,23,44,0,0,13,4310,0,496,0,496
259264,Buffering,101376,287,23,44,0,0,13,4315,0,496,0,496
259516,Buffering,101376,287,23,44,0,0,13,4319,0,496,0,496
259769,Buffering,156672,444,23,44,0,0,13,4323,0,496,0,496
260021,Buffering,193536,548,23,44,0,0,13,4328,0,496,0,496
260274,Buffering,202752,574,23,44,0,0,13,4331,0,496,0,496
260526,Buffering,248832,705,23,44,0,0,13,4335,0,496,0,496
260778,Buffering,294912,835,23,44,0,0,13,4340,0,496,0,496
261032,Buffering,313344,888,23,44,0,0,13,4344,113,496,113,496
261285,Buffering,340992,966,23,44,0,0,13,4349,0,496,0,496
261538,Buffering,295936,838,23,45,0,0,13,4354,0,496,0,496
261791,Buffering,233472,661,23,45,0,0,13,4358,0,496,0,496
262046,Buffering,160768,455,23,45,0,0,13,4363,64,496,64,496
262300,Buffering,98304,278,23,45,0,0,13,4368,0,496,0,496
262502,Buffering,24576,69,23,45,0,0,13,4371,0,496,0,496
262754,Buffering,9216,26,23,45,0,0,13,4376,0,496,0,496
263007,Buffering,9216,26,23,45,0,0,13,4380,0,496,0,496
263259,Buffering,64512,182,23,45,0,0,13,4384,0,496,0,496
263512,Buffering,82944,235,23,45,0,0,13,4390,0,496,0,496
263765,Playing,53248,150,23,46,0,0,13,4392,0,496,0,496
264018,Playing,0,0,23,46,0,0,13,4396,14,496,14,496
264272,Buffering,18432,52,24,46,0,0,13,4402,0,496,0,496
264531,Buffering,55296,156,24,46,0,0,13,4407,0,496,0,496
264784,Buffering,64512,182,24,46,0,0,13,4410,0,496,0,496
265038,Buffering,110592,313,24,46,0,0,13,4414,0,496,0,496
265290,Buffering,156672,444,24,46,0,0,13,4419,0,496,0,496
265542,Buffering,156672,444,24,46,0,0,13,4422,0,496,0,496
265795,Buffering,211968,600,24,46,0,0,13,4426,0,496,0,496
266048,Buffering,221184,626,24,46,0,0,13,4430,11,496,11,496
266251,Buffering,276480,783,24,46,0,0,13,4435,15,496,15,496
266504,Buffering,285696,809,24,46,0,0,13,4438,13,496,13,496
266758,Buffering,285696,809,24,46,0,0,13,4445,0,496,0,496
267010,Buffering,304128,862,24,46,0,0,13,4451,0,496,0,496
267263,Buffering,313344,888,24,46,0,0,13,4455,0,496,0,496
267516,Buffering,340992,966,24,46,0,0,13,4460,0,496,0,496
267771,Buffering,328704,931,24,47,0,0,13,4465,0,496,0,496
268023,Buffering,257024,728,24,47,0,0,13,4468,0,496,0,496
268276,Buffering,203776,577,24,47,0,0,13,4474,13,496,13,496
268530,Buffering,131072,371,24,47,0,0,13,4477,59,496,59,496
268783,Buffering,59392,168,24,47,0,0,13,4483,16,496,16,496
269036,Buffering,9216,26,24,47,0,0,13,4488,0,496,0,496
269288,Buffering,64512,182,24,47,0,0,13,4492,0,496,0,496
269540,Buffering,64512,182,24,47,0,0,13,4496,0,496,0,496
269794,Reconnecting,0,0,24,48,0,0,13,4497,65,496,65,496
270046,Reconnecting,0,0,24,48,0,0,13,4497,65,496,65,496
270250,Reconnecting,0,0,24,48,0,0,13,4497,65,496,65,496
270503,Reconnecting,0,0,24,48,0,0,13,4497,65,496,65,496
270756,Reconnecting,0,0,24,48,0,0,13,4497,65,496,65,496
271007,Reconnecting,0,0,24,48,0,0,13,4497,65,496,65,496
271260,Reconnecting,0,0,24,48,0,0,13,4497,65,496,65,496
271512,Reconnecting,0,0,24,48,0,0,13,4497,65,496,65,496
271765,Reconnecting,0,0,24,48,0,0,13,4497,65,496,65,496
272018,Reconnecting,0,0,24,48,0,0,13,4497,65,496,65,496
272272,Reconnecting,0,0,24,48,0,0,13,4497,65,496,65,496
272524,Reconnecting,0,0,24,48,0,0,13,4497,65,496,65,496
272776,Reconnecting,0,0,24,48,0,0,13,4497,65,496,65,496
273029,Reconnecting,0,0,24,48,0,0,13,4497,65,496,65,496
273281,Reconnecting,0,0,24,48,0,0,13,4497,65,496,65,496
273534,Reconnecting,0,0,24,48,0,0,13,4497,65,496,65,496
273788,Reconnecting,0,0,24,48,0,0,13,4497,65,496,65,496
274042,Reconnecting,0,0,24,48,0,0,13,4497,65,496,65,496
274295,Reconnecting,0,0,24,48,0,0,13,4497,65,496,65,496
274549,Reconnecting,0,0,24,48,0,0,13,4497,65,496,65,496
274750,Reconnecting,0,0,24,48,0,0,14,4497,65,496,65,496
275003,Reconnecting,0,0,24,48,0,0,14,4497,65,496,65,496
275256,Reconnecting,0,0,24,48,0,0,14,4510,0,496,65,496
275510,Reconnecting,0,0,24,48,0,0,14,4527,0,496,65,496
275762,Reconnecting,0,0,24,48,0,0,14,4527,0,496,65,496
276015,Reconnecting,0,0,24,48,0,0,14,4527,0,496,65,496
276268,Reconnecting,0,0,24,48,0,0,14,4527,0,496,65,496
276521,Reconnecting,0,0,24,48,0,0,14,4527,0,496,65,496
276774,Reconnecting,0,0,24,48,0,0,14,4527,0,496,65,496
277026,Reconnecting,0,0,24,48,0,0,14,4527,0,496,65,496
277278,Reconnecting,0,0,24,48,0,0,14,4527,0,496,65,496
277532,Reconnecting,0,0,24,48,0,0,14,4527,0,496,65,496
277784,Reconnecting,0,0,24,48,0,0,14,4527,0,496,65,496
278037,Reconnecting,0,0,24,48,0,0,14,4527,0,496,65,496
278291,Reconnecting,0,0,24,48,0,0,14,4527,0,496,65,496
278544,Reconnecting,0,0,24,48,0,0,14,4527,0,496,65,496
278798,Reconnecting,0,0,24,48,0,0,14,4527,0,496,65,496
279001,Reconnecting,0,0,24,48,0,0,14,4527,0,496,65,496
279254,Reconnecting,0,0,24,48,0,0,14,4527,0,496,65,496
279505,Reconnecting,0,0,24,48,0,0,14,4527,0,496,65,496
279759,Reconnecting,0,0,24,48,0,0,14,4527,0,496,65,496
280011,Reconnecting,0,0,24,48,0,0,14,4527,0,496,65,496
280263,Reconnecting,0,0,24,48,0,0,14,4527,0,496,65,496
280523,Reconnecting,0,0,24,48,0,0,15,4527,0,496,65,496
280776,Reconnecting,0,0,24,48,0,0,15,4527,0,496,65,496
281028,Reconnecting,0,0,24,48,0,0,15,4554,0,496,65,496
281281,Reconnecting,0,0,24,48,0,0,15,4554,0,496,65,496
281533,Reconnecting,0,0,24,48,0,0,15,4554,0,496,65,496
281784,Reconnecting,0,0,24,48,0,0,15,4554,0,496,65,496
282036,Reconnecting,0,0,24,48,0,0,15,4554,0,496,65,496
282290,Reconnecting,0,0,24,48,0,0,15,4554,0,496,65,496
282543,Reconnecting,0,0,24,48,0,0,15,4554,0,496,65,496
282794,Reconnecting,0,0,24,48,0,0,15,4554,0,496,65,496
283046,Reconnecting,0,0,24,48,0,0,15,4554,0,496,65,496
283300,Reconnecting,0,0,24,48,0,0,15,4554,0,496,65,496
283503,Reconnecting,0,0,24,48,0,0,15,4554,0,496,65,496
283754,Reconnecting,0,0,24,48,0,0,15,4554,0,496,65,496
284008,Reconnecting,0,0,24,48,0,0,15,4554,0,496,65,496
284261,Reconnecting,0,0,24,48,0,0,15,4554,0,496,65,496
284515,Reconnecting,0,0,24,48,0,0,15,4554,0,496,65,496
284768,Reconnecting,0,0,24,48,0,0,15,4554,0,496,65,496
285022,Reconnecting,0,0,24,48,0,0,15,4554,0,496,65,496
285274,Reconnecting,0,0,24,48,0,0,15,4554,0,496,65,496
285527,Reconnecting,0,0,24,48,0,0,15,4554,0,496,65,496
285780,Reconnecting,0,0,24,48,0,0,15,4554,0,496,65,496
286033,Reconnecting,0,0,24,48,0,0,16,4554,0,496,65,496
286286,Reconnecting,0,0,24,48,0,0,16,4554,0,496,65,496
286539,Reconnecting,691200,1959,24,48,0,0,16,4635,0,496,0,496
286793,Reconnecting,709632,2011,24,48,0,0,16,4638,0,496,0,496
287046,Reconnecting,1373184,3892,24,48,0,0,16,4667,0,496,0,496
287299,Reconnecting,1410048,3996,24,48,0,0,16,4673,0,496,0,496
287502,Playing,1395712,3956,24,48,0,0,16,4675,0,496,0,496
287754,Playing,1314816,3726,24,48,0,0,16,4681,0,496,0,496
288007,Playing,1270784,3601,24,48,0,0,16,4684,64,496,64,496
288261,Playing,1199104,3398,24,48,0,0,16,4688,0,496,0,496
288515,Playing,1127424,3195,24,48,0,0,16,4694,0,496,0,496
288768,Playing,1055744,2992,24,48,0,0,16,4699,0,496,0,496
289022,Playing,1001472,2838,24,48,0,0,16,4701,0,496,0,496
289275,Playing,920576,2609,24,48,0,0,16,4705,209,496,209,496
289528,Playing,904192,2562,24,48,0,0,16,4711,0,496,0,496
289781,Playing,823296,2333,24,48,0,0,16,4714,0,496,0,496
290034,Playing,788480,2234,24,48,0,0,16,4718,0,496,0,496
290287,Playing,698368,1979,24,48,0,0,16,4722,0,496,0,496
290541,Playing,645120,1828,24,48,0,0,16,4727,0,496,0,496
290796,Playing,601088,1703,24,48,0,0,16,4732,0,496,0,496
291049,Playing,537600,1523,24,48,0,0,16,4735,60,496,60,496
291252,Playing,491520,1393,24,48,0,0,16,4740,0,496,0,496
291506,Playing,410624,1163,24,48,0,0,16,4744,15,496,15,496
291758,Playing,338944,960,24,48,0,0,16,4750,64,496,64,496
292013,Playing,285696,809,24,48,0,0,16,4754,0,496,0,496
292265,Playing,241664,684,24,48,0,0,16,4759,0,496,0,496
292517,Playing,168960,478,24,48,0,0,16,4762,0,496,0,496
292769,Playing,106496,301,24,48,0,0,16,4767,0,496,0,496
293022,Playing,44032,124,24,48,0,0,16,4770,63,496,63,496
293276,Buffering,0,0,25,48,0,0,16,4775,0,496,0,496
293528,Buffering,46080,130,25,48,0,0,16,4781,0,496,0,496
293781,Buffering,64512,182,25,48,0,0,16,4785,114,496,114,496
294035,Buffering,92160,261,25,48,0,0,16,4790,130,496,130,496
294286,Buffering,110592,313,25,48,0,0,16,4795,0,496,0,496
294539,Buffering,129024,365,25,48,0,0,16,4798,0,496,0,496
294793,Buffering,156672,444,25,48,0,0,16,4804,0,496,0,496
295046,Buffering,202752,574,25,48,0,0,16,4809,0,496,0,496
295298,Buffering,221184,626,25,48,0,0,16,4811,0,496,0,496
295502,Buffering,276480,783,25,48,0,0,16,4815,0,496,0,496
295753,Buffering,276480,783,25,48,0,0,16,4818,0,496,0,496
296007,Buffering,304128,862,25,48,0,0,16,4824,0,496,0,496
296259,Buffering,313344,888,25,48,0,0,16,4825,117,496,117,496
296512,Buffering,346112,981,25,49,0,0,16,4828,0,496,0,496
296765,Buffering,302080,856,25,49,0,0,16,4833,0,496,0,496
297018,Buffering,230400,653,25,49,0,0,16,4839,0,496,0,496
297272,Buffering,140288,397,25,49,0,0,16,4843,0,496,0,496
297524,Buffering,87040,246,25,49,0,0,16,4848,0,496,0,496
297776,Buffering,33792,95,25,49,0,0,16,4853,0,496,0,496
298029,Buffering,0,0,25,49,0,0,16,4858,12,496,12,496
298282,Buffering,36864,104,25,49,0,0,16,4861,0,496,0,496
298535,Playing,92160,261,25,50,0,0,16,4865,0,496,0,496
298788,Playing,11264,31,25,50,0,0,16,4868,0,496,0,496
299041,Buffering,55296,156,26,50,0,0,16,4872,0,496,0,496
299293,Buffering,92160,261,26,50,0,0,16,4878,0,496,0,496
299546,Buffering,110592,313,26,50,0,0,16,4880,0,496,0,496
299798,Buffering,138240,391,26,50,0,0,16,4885,0,496,0,496
300002,Buffering,147456,417,26,50,0,0,16,4889,62,496,62,496
300255,Buffering,175104,496,26,50,0,0,16,4893,0,496,0,496
300508,Buffering,230400,653,26,50,0,0,16,4897,0,496,0,496
300763,Buffering,258048,731,26,50,0,0,16,4903,0,496,0,496
301015,Buffering,285696,809,26,50,0,0,16,4905,0,496,0,496
301267,Buffering,331776,940,26,50,0,0,16,4909,0,496,0,496
301519,Buffering,350208,992,26,50,0,0,16,4915,0,496,0,496
301773,Buffering,350208,992,26,50,0,0,16,4918,0,496,0,496
302026,Buffering,312320,885,26,51,0,0,16,4922,167,496,167,496
302280,Buffering,222208,629,26,51,0,0,16,4928,114,496,114,496
302532,Buffering,158720,449,26,51,0,0,16,4932,165,496,165,496
302785,Buffering,77824,220,26,51,0,0,16,4935,79,496,79,496
303037,Buffering,33792,95,26,51,0,0,16,4940,14,496,14,496
303290,Buffering,0,0,26,51,0,0,16,4944,115,496,115,496
303542,Buffering,18432,52,26,51,0,0,16,4951,0,496,0,496
303794,Buffering,27648,78,26,51,0,0,16,4956,109,496,109,496
304046,Buffering,64512,182,26,51,0,0,16,4960,0,496,0,496
304251,Buffering,73728,208,26,51,0,0,16,4962,0,496,0,496
304503,Playing,35840,101,26,52,0,0,16,4964,0,496,0,496
304756,Playing,0,0,26,52,0,0,16,4969,0,496,0,496
305009,Buffering,46080,130,27,52,0,0,16,4974,65,496,65,496
305262,Buffering,46080,130,27,52,0,0,16,4977,0,496,0,496
305515,Buffering,82944,235,27,52,0,0,16,4982,0,496,0,496
305767,Buffering,129024,365,27,52,0,0,16,4987,0,496,0,496
306021,Buffering,147456,417,27,52,0,0,16,4990,0,496,0,496
306272,Buffering,184320,522,27,52,0,0,16,4995,0,496,0,496
306525,Buffering,193536,548,27,52,0,0,16,4998,0,496,0,496
306778,Buffering,211968,600,27,52,0,0,16,5004,0,496,0,496
307031,Buffering,221184,626,27,52,0,0,16,5007,0,496,0,496
307284,Buffering,248832,705,27,52,0,0,16,5013,0,496,0,496
307536,Buffering,285696,809,27,52,0,0,16,5019,14,496,14,496
307788,Buffering,294912,835,27,52,0,0,16,5021,0,496,0,496
308040,Buffering,331776,940,27,52,0,0,16,5026,0,496,0,496
308293,Buffering,331776,940,27,52,0,0,16,5030,0,496,0,496
308545,Buffering,313344,888,27,53,0,0,16,5035,63,496,63,496
308798,Buffering,241664,684,27,53,0,0,16,5041,0,496,0,496
309001,Buffering,167936,476,27,53,0,0,16,5046,65,496,65,496
309254,Buffering,77824,220,27,53,0,0,16,5050,127,496,127,496
309506,Buffering,52224,148,27,53,0,0,16,5056,0,496,0,496
309759,Buffering,0,0,27,53,0,0,16,5060,0,496,0,496
310012,Buffering,36864,104,27,53,0,0,16,5065,0,496,0,496
310264,Buffering,36864,104,27,53,0,0,16,5069,64,496,64,496
310517,Buffering,55296,156,27,53,0,0,16,5074,0,496,0,496
310772,Reconnecting,0,0,27,54,0,0,16,5078,113,496,113,496
311025,Reconnecting,0,0,27,54,0,0,16,5078,113,496,113,496
311277,Reconnecting,0,0,27,54,0,0,16,5078,113,496,113,496
311529,Reconnecting,0,0,27,54,0,0,16,5078,113,496,113,496
311782,Reconnecting,0,0,27,54,0,0,16,5078,113,496,113,496
312036,Reconnecting,0,0,27,54,0,0,16,5078,113,496,113,496
312289,Reconnecting,0,0,27,54,0,0,16,5078,113,496,113,496
312543,Reconnecting,0,0,27,54,0,0,16,5078,113,496,113,496
312796,Reconnecting,0,0,27,54,0,0,16,5078,113,496,113,496
313049,Reconnecting,0,0,27,54,0,0,16,5078,113,496,113,496
313251,Reconnecting,0,0,27,54,0,0,16,5078,113,496,113,496
313504,Reconnecting,0,0,27,54,0,0,16,5078,113,496,113,496
313756,Reconnecting,0,0,27,54,0,0,16,5078,113,496,113,496
314010,Reconnecting,0,0,27,54,0,0,16,5078,113,496,113,496
314262,Reconnecting,0,0,27,54,0,0,16,5078,113,496,113,496
314514,Reconnecting,0,0,27,54,0,0,16,5078,113,496,113,496
314767,Reconnecting,0,0,27,54,0,0,16,5078,113,496,113,496
315021,Reconnecting,0,0,27,54,0,0,16,5078,113,496,113,496
315273,Reconnecting,0,0,27,54,0,0,16,5078,113,496,113,496
315525,Reconnecting,0,0,27,54,0,0,16,5078,113,496,113,496
315778,Reconnecting,0,0,27,54,0,0,16,5078,113,496,113,496
316032,Reconnecting,0,0,27,54,0,0,17,5078,113,496,113,496
316285,Reconnecting,248832,705,27,54,0,0,17,5136,0,496,0,496
316537,Reconnecting,1244160,3526,27,54,0,0,17,5196,0,496,0,496
316789,Reconnecting,1290240,3657,27,54,0,0,17,5200,0,496,0,496
317042,Reconnecting,1317888,3735,27,54,0,0,17,5203,117,496,117,496
317295,Reconnecting,1345536,3813,27,54,0,0,17,5207,0,496,0,496
317547,Reconnecting,1354752,3840,27,54,0,0,17,5214,0,496,0,496
317798,Reconnecting,1382400,3918,27,54,0,0,17,5216,0,496,0,496
318051,Reconnecting,1400832,3970,27,54,0,0,17,5223,10,496,10,496
318253,Reconnecting,1410048,3996,27,54,0,0,17,5227,127,496,127,496
318506,Playing,1388544,3935,27,54,0,0,17,5233,13,496,13,496
318759,Playing,1307648,3706,27,54,0,0,17,5237,129,496,129,496
319013,Playing,1226752,3477,27,54,0,0,17,5242,0,496,0,496
319266,Playing,1173504,3326,27,54,0,0,17,5248,0,496,0,496
319519,Playing,1111040,3149,27,54,0,0,17,5251,164,496,164,496
319771,Playing,1048576,2972,27,54,0,0,17,5256,0,496,0,496
320023,Playing,1003520,2844,27,54,0,0,17,5262,16,496,16,496
320277,Playing,922624,2615,27,54,0,0,17,5265,0,496,0,496
320528,Playing,860160,2438,27,54,0,0,17,5270,0,496,0,496
320782,Playing,797696,2261,27,54,0,0,17,5275,0,496,0,496
321035,Playing,716800,2031,27,54,0,0,17,5278,0,496,0,496
321288,Playing,654336,1854,27,54,0,0,17,5283,0,496,0,496
321543,Playing,601088,1703,27,54,0,0,17,5289,0,496,0,496
321795,Playing,537600,1523,27,54,0,0,17,5291,0,496,0,496
322047,Playing,484352,1372,27,54,0,0,17,5297,78,496,78,496
322301,Playing,421888,1195,27,54,0,0,17,5299,0,496,0,496
322503,Playing,403456,1143,27,54,0,0,17,5303,0,496,0,496
322756,Playing,322560,914,27,54,0,0,17,5305,0,496,0,496
323008,Playing,278528,789,27,54,0,0,17,5310,0,496,0,496
323261,Playing,215040,609,27,54,0,0,17,5314,113,496,113,496
323514,Playing,143360,406,27,54,0,0,17,5318,66,496,66,496
323767,Playing,62464,177,27,54,0,0,17,5324,63,496,63,496
324019,Buffering,0,0,28,54,0,0,17,5331,12,496,12,496
324272,Buffering,27648,78,28,54,0,0,17,5333,0,496,0,496
324525,Buffering,73728,208,28,54,0,0,17,5337,23,496,23,496
324779,Buffering,110592,313,28,54,0,0,17,5344,0,496,0,496
325032,Buffering,119808,339,28,54,0,0,17,5347,0,496,0,496
325284,Buffering,156672,444,28,54,0,0,17,5352,0,496,0,496
325537,Buffering,202752,574,28,54,0,0,17,5357,0,496,0,496
325789,Buffering,248832,705,28,54,0,0,17,5361,0,496,0,496
326042,Buffering,276480,783,28,54,0,0,17,5364,79,496,79,496
326295,Buffering,313344,888,28,54,0,0,17,5369,0,496,0,496
326547,Buffering,331776,940,28,54,0,0,17,5372,0,496,0,496
326750,Buffering,351232,995,28,55,0,0,17,5377,0,496,0,496
327003,Buffering,306176,867,28,55,0,0,17,5379,0,496,0,496
327255,Buffering,252928,716,28,55,0,0,17,5384,0,496,0,496
327507,Buffering,172032,487,28,55,0,0,17,5388,65,496,65,496
327760,Buffering,109568,310,28,55,0,0,17,5393,0,496,0,496
328013,Buffering,65536,185,28,55,0,0,17,5398,0,496,0,496
328266,Buffering,3072,8,28,55,0,0,17,5402,165,496,165,496
328518,Buffering,18432,52,28,55,0,0,17,5407,0,496,0,496
328772,Buffering,36864,104,28,55,0,0,17,5411,65,496,65,496
329024,Buffering,46080,130,28,55,0,0,17,5417,63,496,63,496
329277,Buffering,55296,156,28,55,0,0,17,5422,0,496,0,496
329528,Playing,86016,243,28,56,0,0,17,5426,0,496,0,496
329781,Playing,32768,92,28,56,0,0,17,5431,0,496,0,496
330033,Buffering,9216,26,29,56,0,0,17,5434,0,496,0,496
330287,Buffering,46080,130,29,56,0,0,17,5439,0,496,0,496
330538,Buffering,73728,208,29,56,0,0,17,5441,0,496,0,496
330798,Buffering,110592,313,29,56,0,0,17,5446,0,496,0,496
331001,Buffering,138240,391,29,56,0,0,17,5449,11,496,11,496
331253,Buffering,165888,470,29,56,0,0,17,5454,0,496,0,496
331507,Buffering,202752,574,29,56,0,0,17,5459,0,496,0,496
331759,Buffering,230400,653,29,56,0,0,17,5464,62,496,62,496
332011,Buffering,248832,705,29,56,0,0,17,5469,63,496,63,496
332263,Buffering,276480,783,29,56,0,0,17,5474,0,496,0,496
332516,Buffering,304128,862,29,56,0,0,17,5476,0,496,0,496
332769,Buffering,340992,966,29,56,0,0,17,5481,0,496,0,496
333022,Buffering,335872,952,29,57,0,0,17,5487,0,496,0,496
333275,Buffering,300032,850,29,57,0,0,17,5491,0,496,0,496
333528,Buffering,219136,621,29,57,0,0,17,5494,0,496,0,496
333782,Buffering,156672,444,29,57,0,0,17,5499,0,496,0,496
334035,Buffering,84992,240,29,57,0,0,17,5505,0,496,0,496
334289,Buffering,4096,11,29,57,0,0,17,5508,0,496,0,496
334542,Buffering,18432,52,29,57,0,0,17,5511,60,496,60,496
334795,Buffering,55296,156,29,57,0,0,17,5518,0,496,0,496
335047,Buffering,64512,182,29,57,0,0,17,5521,0,496,0,496
335300,Playing,75776,214,29,58,0,0,17,5526,0,496,0,496
335503,Playing,29696,84,29,58,0,0,17,5528,0,496,0,496
335755,Buffering,9216,26,30,58,0,0,17,5534,0,496,0,496
336006,Buffering,46080,130,30,58,0,0,17,5539,0,496,0,496
336261,Buffering,55296,156,30,58,0,0,17,5542,0,496,0,496
336514,Buffering,92160,261,30,58,0,0,17,5548,0,496,0,496
336768,Buffering,110592,313,30,58,0,0,17,5553,0,496,0,496
337021,Buffering,119808,339,30,58,0,0,17,5556,0,496,0,496
337273,Buffering,138240,391,30,58,0,0,17,5560,168,496,168,496
337527,Buffering,165888,470,30,58,0,0,17,5565,0,496,0,496
337780,Buffering,193536,548,30,58,0,0,17,5570,60,496,60,496
338032,Buffering,221184,626,30,58,0,0,17,5574,0,496,0,496
338286,Buffering,248832,705,30,58,0,0,17,5577,0,496,0,496
338540,Buffering,304128,862,30,58,0,0,17,5581,0,496,0,496
338793,Buffering,340992,966,30,58,0,0,17,5585,0,496,0,496
339046,Buffering,285696,809,30,59,0,0,17,5587,0,496,0,496
339298,Buffering,232448,658,30,59,0,0,17,5593,130,496,131,496
339550,Buffering,159744,452,30,59,0,0,17,5599,11,496,11,496
339753,Buffering,95232,269,30,59,0,0,17,5601,0,496,0,496
340006,Buffering,32768,92,30,59,0,0,17,5607,0,496,0,496
340257,Buffering,0,0,30,59,0,0,17,5615,0,496,0,496
340511,Buffering,18432,52,30,59,0,0,17,5618,0,496,0,496
340764,Buffering,55296,156,30,59,0,0,17,5623,0,496,0,496
341018,Reconnecting,0,0,30,60,0,0,17,5627,63,496,63,496
341272,Reconnecting,0,0,30,60,0,0,17,5627,63,496,63,496
341525,Reconnecting,0,0,30,60,0,0,17,5627,63,496,63,496
341778,Reconnecting,0,0,30,60,0,0,17,5627,63,496,63,496
342030,Reconnecting,0,0,30,60,0,0,17,5627,63,496,63,496
342283,Reconnecting,0,0,30,60,0,0,17,5627,63,496,63,496
342535,Reconnecting,0,0,30,60,0,0,17,5627,63,496,63,496
342789,Reconnecting,0,0,30,60,0,0,17,5627,63,496,63,496
343042,Reconnecting,0,0,30,60,0,0,17,5627,63,496,63,496
343296,Reconnecting,0,0,30,60,0,0,17,5627,63,496,63,496
343550,Reconnecting,0,0,30,60,0,0,17,5627,63,496,63,496
343751,Reconnecting,0,0,30,60,0,0,17,5627,63,496,63,496
344005,Reconnecting,0,0,30,60,0,0,17,5627,63,496,63,496
344258,Reconnecting,0,0,30,60,0,0,17,5627,63,496,63,496
344511,Reconnecting,0,0,30,60,0,0,17,5627,63,496,63,496
344764,Reconnecting,0,0,30,60,0,0,17,5627,63,496,63,496
345018,Reconnecting,0,0,30,60,0,0,17,5627,63,496,63,496
345272,Reconnecting,0,0,30,60,0,0,17,5627,63,496,63,496
345525,Reconnecting,0,0,30,60,0,0,17,5627,63,496,63,496
345778,Reconnecting,0,0,30,60,0,0,17,5627,63,496,63,496
346031,Reconnecting,0,0,30,60,0,0,17,5627,63,496,63,496
346285,Reconnecting,0,0,30,60,0,0,18,5627,63,496,63,496
346537,Reconnecting,0,0,30,60,0,0,18,5627,63,496,63,496
346789,Reconnecting,0,0,30,60,0,0,18,5654,0,496,63,496
347044,Reconnecting,0,0,30,60,0,0,18,5654,0,496,63,496
347297,Reconnecting,0,0,30,60,0,0,18,5654,0,496,63,496
347550,Reconnecting,0,0,30,60,0,0,18,5654,0,496,63,496
347753,Reconnecting,0,0,30,60,0,0,18,5654,0,496,63,496
348004,Reconnecting,0,0,30,60,0,0,18,5654,0,496,63,496
348258,Reconnecting,0,0,30,60,0,0,18,5654,0,496,63,496
348512,Reconnecting,0,0,30,60,0,0,18,5654,0,496,63,496
348765,Reconnecting,0,0,30,60,0,0,18,5654,0,496,63,496
349019,Reconnecting,0,0,30,60,0,0,18,5654,0,496,63,496
349273,Reconnecting,0,0,30,60,0,0,18,5654,0,496,63,496
349525,Reconnecting,0,0,30,60,0,0,18,5654,0,496,63,496
349779,Reconnecting,0,0,30,60,0,0,18,5654,0,496,63,496
350033,Reconnecting,0,0,30,60,0,0,18,5654,0,496,63,496
350286,Reconnecting,0,0,30,60,0,0,18,5654,0,496,63,496
350539,Reconnecting,0,0,30,60,0,0,18,5654,0,496,63,496
350794,Reconnecting,0,0,30,60,0,0,18,5654,0,496,63,496
351047,Reconnecting,0,0,30,60,0,0,18,5654,0,496,63,496
351250,Reconnecting,0,0,30,60,0,0,18,5654,0,496,63,496
351502,Reconnecting,0,0,30,60,0,0,18,5654,0,496,63,496
351755,Reconnecting,0,0,30,60,0,0,19,5654,0,496,63,496
352007,Reconnecting,0,0,30,60,0,0,19,5654,0,496,63,496
352260,Reconnecting,0,0,30,60,0,0,19,5654,0,496,63,496
352513,Reconnecting,691200,1959,30,60,0,0,19,5741,0,496,0,496
352765,Reconnecting,1271808,3604,30,60,0,0,19,5770,0,496,0,496
353017,Reconnecting,1299456,3683,30,60,0,0,19,5776,0,496,0,496
353272,Reconnecting,1327104,3761,30,60,0,0,19,5783,64,496,64,496
353525,Reconnecting,1327104,3761,30,60,0,0,19,5787,16,496,16,496
353779,Reconnecting,1354752,3840,30,60,0,0,19,5792,0,496,0,496
354032,Reconnecting,1354752,3840,30,60,0,0,19,5794,15,496,15,496
354284,Reconnecting,1400832,3970,30,60,0,0,19,5801,0,496,0,496
354538,Playing,1355776,3842,30,60,0,0,19,5804,0,496,0,496
354791,Playing,1265664,3587,30,60,0,0,19,5807,0,496,0,496
355043,Playing,1220608,3459,30,60,0,0,19,5812,0,496,0,496
355296,Playing,1167360,3308,30,60,0,0,19,5817,0,496,0,496
355549,Playing,1104896,3131,30,60,0,0,19,5821,58,496,58,496
355751,Playing,1049600,2975,30,60,0,0,19,5825,0,496,0,496
356004,Playing,968704,2745,30,60,0,0,19,5829,114,496,114,496
356256,Playing,905216,2565,30,60,0,0,19,5835,15,496,15,496
356508,Playing,851968,2414,30,60,0,0,19,5839,0,496,0,496
356759,Playing,789504,2237,30,60,0,0,19,5845,0,496,0,496
357013,Playing,727040,2060,30,60,0,0,19,5850,0,496,0,496
357266,Playing,646144,1831,30,60,0,0,19,5853,0,496,0,496
357520,Playing,583680,1654,30,60,0,0,19,5856,129,496,129,496
357773,Playing,548864,1555,30,60,0,0,19,5863,0,496,0,496
358025,Playing,485376,1375,30,60,0,0,19,5866,0,496,0,496
358278,Playing,422912,1198,30,60,0,0,19,5872,0,496,0,496
358531,Playing,360448,1021,30,60,0,0,19,5875,113,496,113,496
358783,Playing,307200,870,30,60,0,0,19,5879,0,496,0,496
359035,Playing,244736,693,30,60,0,0,19,5882,112,496,112,496
359287,Playing,182272,516,30,60,0,0,19,5886,0,496,0,496
359540,Playing,129024,365,30,60,0,0,19,5891,0,496,0,496
359792,Playing,65536,185,30,60,0,0,19,5899,17,496,17,496
360046,Playing,0,0,30,60,0,0,19,5902,14,496,14,496
360299,Buffering,18432,52,31,60,0,0,19,5907,0,496,0,496
360501,Buffering,55296,156,31,60,0,0,19,5912,0,496,0,496
360754,Buffering,73728,208,31,60,0,0,19,5914,0,496,0,496
361006,Buffering,110592,313,31,60,0,0,19,5920,0,496,0,496
361258,Buffering,110592,313,31,60,0,0,19,5924,62,496,62,496
361511,Buffering,129024,365,31,60,0,0,19,5930,13,496,13,496
361763,Buffering,147456,417,31,60,0,0,19,5936,0,496,0,496
362015,Buffering,184320,522,31,60,0,0,19,5939,0,496,0,496
362269,Buffering,211968,600,31,60,0,0,19,5942,0,496,0,496
362522,Buffering,248832,705,31,60,0,0,19,5947,0,496,0,496
362773,Buffering,267264,757,31,60,0,0,19,5951,115,496,115,496
363026,Buffering,294912,835,31,60,0,0,19,5955,0,496,0,496
363280,Buffering,304128,862,31,60,0,0,19,5958,0,496,0,496
363545,Buffering,331776,940,31,60,0,0,19,5963,11,496,11,496
363799,Buffering,350208,992,31,60,0,0,19,5970,12,496,12,496
364003,Buffering,318464,902,31,61,0,0,19,5973,14,496,14,496
364257,Buffering,274432,777,31,61,0,0,19,5980,0,496,0,496
364512,Buffering,202752,574,31,61,0,0,19,5986,0,496,0,496
364764,Buffering,130048,368,31,61,0,0,19,5990,63,496,63,496
365016,Buffering,67584,191,31,61,0,0,19,5996,0,496,0,496
365270,Buffering,14336,40,31,61,0,0,19,6001,0,496,0,496
365523,Buffering,27648,78,31,61,0,0,19,6004,62,496,62,496
365776,Buffering,36864,104,31,61,0,0,19,6010,0,496,0,496
366029,Buffering,64512,182,31,61,0,0,19,6014,64,496,64,496
366282,Buffering,64512,182,31,61,0,0,19,6019,0,496,0,496
366534,Playing,54272,153,31,62,0,0,19,6023,0,496,0,496
366787,Buffering,27648,78,32,62,0,0,19,6028,0,496,0,496
367040,Buffering,46080,130,32,62,0,0,19,6030,0,496,0,496
367295,Buffering,73728,208,32,62,0,0,19,6035,0,496,0,496
367547,Buffering,110592,313,32,62,0,0,19,6041,0,496,0,496
367799,Buffering,119808,339,32,62,0,0,19,6044,67,496,68,496
368002,Buffering,138240,391,32,62,0,0,19,6047,63,496,63,496
368255,Buffering,156672,444,32,62,0,0,19,6053,65,496,65,496
368508,Buffering,175104,496,32,62,0,0,19,6059,12,496,12,496
368761,Buffering,193536,548,32,62,0,0,19,6064,0,496,0,496
369015,Buffering,248832,705,32,62,0,0,19,6069,15,496,15,496
369267,Buffering,248832,705,32,62,0,0,19,6071,0,496,0,496
369520,Buffering,285696,809,32,62,0,0,19,6075,117,496,117,496
369774,Buffering,294912,835,32,62,0,0,19,6081,77,496,77,496
370028,Buffering,313344,888,32,62,0,0,19,6085,65,496,65,496
370282,Buffering,331776,940,32,62,0,0,19,6090,0,496,0,496
370534,Buffering,337920,957,32,63,0,0,19,6094,0,496,0,496
370786,Buffering,247808,702,32,63,0,0,19,6097,0,496,0,496
371039,Buffering,176128,499,32,63,0,0,19,6100,0,496,0,496
371292,Buffering,122880,348,32,63,0,0,19,6105,64,496,64,496
371545,Buffering,69632,197,32,63,0,0,19,6109,0,496,0,496
371797,Buffering,24576,69,32,63,0,0,19,6114,0,496,0,496
372049,Buffering,27648,78,32,63,0,0,19,6116,0,496,0,496
372252,Buffering,82944,235,32,63,0,0,19,6120,0,496,0,496
372504,Playing,96256,272,32,64,0,0,19,6124,0,496,0,496
372757,Playing,6144,17,32,64,0,0,19,6128,0,496,0,496
373011,Buffering,36864,104,33,64,0,0,19,6133,0,496,0,496
373264,Buffering,64512,182,33,64,0,0,19,6139,0,496,0,496
373516,Buffering,73728,208,33,64,0,0,19,6142,0,496,0,496
373769,Buffering,119808,339,33,64,0,0,19,6146,0,496,0,496
374022,Buffering,175104,496,33,64,0,0,19,6150,0,496,0,496
374275,Buffering,221184,626,33,64,0,0,19,6154,0,496,0,496
374529,Buffering,230400,653,33,64,0,0,19,6157,0,496,0,496
374783,Buffering,248832,705,33,64,0,0,19,6160,0,496,0,496
375037,Buffering,294912,835,33,64,0,0,19,6164,0,496,0,496
375292,Buffering,331776,940,33,64,0,0,19,6169,0,496,0,496
375544,Buffering,311296,882,33,65,0,0,19,6172,114,496,115,496
375797,Buffering,267264,757,33,65,0,0,19,6178,0,496,0,496
376000,Buffering,201728,571,33,65,0,0,19,6180,66,496,66,496
376251,Buffering,120832,342,33,65,0,0,19,6185,116,496,116,496
376504,Buffering,58368,165,33,65,0,0,19,6190,62,496,62,496
376757,Buffering,27648,78,33,65,0,0,19,6195,0,496,0,496
377009,Buffering,55296,156,33,65,0,0,19,6197,0,496,0,496
377261,Buffering,92160,261,33,65,0,0,19,6201,0,496,0,496
377514,Buffering,138240,391,33,65,0,0,19,6206,0,496,0,496
377767,Buffering,147456,417,33,65,0,0,19,6210,26,496,26,496
378022,Reconnecting,0,0,33,66,0,0,19,6213,164,496,164,496
378274,Reconnecting,0,0,33,66,0,0,19,6213,164,496,164,496
378526,Reconnecting,0,0,33,66,0,0,19,6213,164,496,164,496
378780,Reconnecting,0,0,33,66,0,0,19,6213,164,496,164,496
379034,Reconnecting,0,0,33,66,0,0,19,6213,164,496,164,496
379285,Reconnecting,0,0,33,66,0,0,19,6213,164,496,164,496
379538,Reconnecting,0,0,33,66,0,0,19,6213,164,496,164,496
379790,Reconnecting,0,0,33,66,0,0,19,6213,164,496,164,496
380042,Reconnecting,0,0,33,66,0,0,19,6213,164,496,164,496
380294,Reconnecting,0,0,33,66,0,0,19,6213,164,496,164,496
380501,Reconnecting,0,0,33,66,0,0,19,6213,164,496,164,496
380755,Reconnecting,0,0,33,66,0,0,19,6213,164,496,164,496
381007,Reconnecting,0,0,33,66,0,0,19,6213,164,496,164,496
381261,Reconnecting,0,0,33,66,0,0,19,6213,164,496,164,496
381515,Reconnecting,0,0,33,66,0,0,19,6213,164,496,164,496
381769,Reconnecting,0,0,33,66,0,0,19,6213,164,496,164,496
382023,Reconnecting,0,0,33,66,0,0,19,6213,164,496,164,496
382275,Reconnecting,0,0,33,66,0,0,19,6213,164,496,164,496
382529,Reconnecting,0,0,33,66,0,0,19,6213,164,496,164,496
382782,Reconnecting,0,0,33,66,0,0,19,6213,164,496,164,496
383036,Reconnecting,0,0,33,66,0,0,20,6213,164,496,164,496
383289,Reconnecting,0,0,33,66,0,0,20,6213,164,496,164,496
383541,Reconnecting,0,0,33,66,0,0,20,6213,164,496,164,496
383794,Reconnecting,285696,809,33,66,0,0,20,6273,0,496,0,496
384048,Reconnecting,1327104,3761,33,66,0,0,20,6322,113,496,113,496
384252,Reconnecting,1345536,3813,33,66,0,0,20,6327,0,496,0,496
384506,Reconnecting,1373184,3892,33,66,0,0,20,6331,62,496,62,496
384759,Reconnecting,1391616,3944,33,66,0,0,20,6337,0,496,0,496
385012,Playing,1378304,3906,33,66,0,0,20,6342,0,496,0,496
385265,Playing,1315840,3729,33,66,0,0,20,6344,0,496,0,496
385517,Playing,1244160,3526,33,66,0,0,20,6348,59,496,59,496
385772,Playing,1181696,3349,33,66,0,0,20,6355,63,496,63,496
386025,Playing,1100800,3120,33,66,0,0,20,6360,0,496,0,496
386278,Playing,1019904,2890,33,66,0,0,20,6364,59,496,59,496
386530,Playing,966656,2739,33,66,0,0,20,6368,0,496,0,496
386782,Playing,884736,2507,33,66,0,0,20,6376,0,496,0,496
387034,Playing,822272,2330,33,66,0,0,20,6381,0,496,0,496
387286,Playing,741376,2101,33,66,0,0,20,6384,0,496,0,496
387538,Playing,706560,2002,33,66,0,0,20,6388,0,496,0,496
387792,Playing,634880,1799,33,66,0,0,20,6391,108,496,108,496
388045,Playing,581632,1648,33,66,0,0,20,6395,0,496,0,496
388298,Playing,519168,1471,33,66,0,0,20,6401,0,496,0,496
388549,Playing,464896,1317,33,66,0,0,20,6406,0,496,0,496
388752,Playing,418816,1187,33,66,0,0,20,6408,0,496,0,496
389005,Playing,356352,1010,33,66,0,0,20,6411,161,496,161,496
389257,Playing,293888,833,33,66,0,0,20,6417,110,496,110,496
389509,Playing,231424,655,33,66,0,0,20,6423,13,496,13,496
389762,Playing,167936,476,33,66,0,0,20,6428,0,496,0,496
390015,Playing,87040,246,33,66,0,0,20,6431,0,496,0,496
390267,Playing,24576,69,33,66,0,0,20,6437,62,496,62,496
390521,Buffering,9216,26,34,66,0,0,20,6441,16,496,16,496
390774,Buffering,46080,130,34,66,0,0,20,6447,67,496,67,496
391026,Buffering,64512,182,34,66,0,0,20,6451,0,496,0,496
391282,Buffering,82944,235,34,66,0,0,20,6454,0,496,0,496
391534,Buffering,119808,339,34,66,0,0,20,6460,54,496,54,496
391787,Buffering,129024,365,34,66,0,0,20,6465,0,496,0,496
392041,Buffering,156672,444,34,66,0,0,20,6471,0,496,0,496
392294,Buffering,202752,574,34,66,0,0,20,6474,63,496,63,496
392547,Buffering,202752,574,34,66,0,0,20,6480,0,496,0,496
392798,Buffering,258048,731,34,66,0,0,20,6483,0,496,0,496
393000,Buffering,276480,783,34,66,0,0,20,6486,0,496,0,496
393253,Buffering,322560,914,34,66,0,0,20,6490,0,496,0,496
393505,Buffering,350208,992,34,66,0,0,20,6493,112,496,112,496
393758,Buffering,327680,928,34,67,0,0,20,6499,62,496,62,496
394011,Buffering,246784,699,34,67,0,0,20,6505,0,496,0,496
394265,Buffering,184320,522,34,67,0,0,20,6510,0,496,0,496
394519,Buffering,103424,293,34,67,0,0,20,6515,15,496,15,496
394773,Buffering,31744,89,34,67,0,0,20,6518,155,496,155,496
395026,Buffering,0,0,34,67,0,0,20,6523,128,496,128,496
395279,Buffering,9216,26,34,67,0,0,20,6529,0,496,0,496
395532,Buffering,18432,52,34,67,0,0,20,6533,69,496,69,496
395786,Buffering,46080,130,34,67,0,0,20,6538,0,496,0,496
396038,Buffering,82944,235,34,67,0,0,20,6543,0,496,0,496
396291,Playing,89088,252,34,68,0,0,20,6547,0,496,0,496
396544,Playing,35840,101,34,68,0,0,20,6552,0,496,0,496
396797,Buffering,9216,26,35,68,0,0,20,6555,0,496,0,496
397050,Buffering,27648,78,35,68,0,0,20,6560,81,496,81,496
397252,Buffering,46080,130,35,68,0,0,20,6562,0,496,0,496
397505,Buffering,64512,182,35,68,0,0,20,6569,16,496,16,496
397760,Buffering,73728,208,35,68,0,0,20,6572,63,496,63,496
398012,Buffering,101376,287,35,68,0,0,20,6578,73,496,73,496
398265,Buffering,101376,287,35,68,0,0,20,6581,162,496,162,496
398518,Buffering,110592,313,35,68,0,0,20,6585,12,496,12,496
398772,Buffering,147456,417,35,68,0,0,20,6591,115,496,115,496
399025,Buffering,156672,444,35,68,0,0,20,6594,178,496,179,496
399278,Buffering,165888,470,35,68,0,0,20,6599,0,496,0,496
399531,Buffering,184320,522,35,68,0,0,20,6605,0,496,0,496
399784,Buffering,211968,600,35,68,0,0,20,6611,0,496,0,496
400037,Buffering,221184,626,35,68,0,0,20,6614,161,496,161,496
400291,Buffering,258048,731,35,68,0,0,20,6618,0,496,0,496
400542,Buffering,285696,809,35,68,0,0,20,6625,10,496,10,496
400796,Buffering,313344,888,35,68,0,0,20,6631,1,496,1,496
401048,Buffering,313344,888,35,68,0,0,20,6635,118,496,118,496
401250,Buffering,360448,1021,35,69,0,0,20,6639,0,496,0,496
401503,Buffering,288768,818,35,69,0,0,20,6641,0,496,0,496
401755,Buffering,226304,641,35,69,0,0,20,6646,0,496,0,496
402007,Buffering,163840,464,35,69,0,0,20,6649,161,496,161,496
402260,Buffering,109568,310,35,69,0,0,20,6654,0,496,0,496
402512,Buffering,56320,159,35,69,0,0,20,6657,113,496,113,496
402764,Buffering,0,0,35,69,0,0,20,6661,0,496,0,496
403017,Buffering,36864,104,35,69,0,0,20,6666,0,496,0,496
403270,Buffering,73728,208,35,69,0,0,20,6671,0,496,0,496
403523,Buffering,82944,235,35,69,0,0,20,6674,0,496,0,496
403775,Playing,29696,84,35,70,0,0,20,6679,0,496,0,496
404028,Buffering,27648,78,36,70,0,0,20,6685,14,496,14,496
404282,Buffering,36864,104,36,70,0,0,20,6687,0,496,0,496
404534,Buffering,92160,261,36,70,0,0,20,6691,0,496,0,496
404788,Buffering,129024,365,36,70,0,0,20,6696,0,496,0,496
405041,Buffering,129024,365,36,70,0,0,20,6701,12,496,12,496
405295,Buffering,156672,444,36,70,0,0,20,6707,0,496,0,496
405547,Buffering,165888,470,36,70,0,0,20,6711,13,496,13,496
405750,Buffering,184320,522,36,70,0,0,20,6715,66,496,66,496
406003,Buffering,211968,600,36,70,0,0,20,6719,0,496,0,496
406256,Buffering,221184,626,36,70,0,0,20,6723,65,496,65,496
406509,Buffering,248832,705,36,70,0,0,20,6728,0,496,0,496
406761,Buffering,285696,809,36,70,0,0,20,6733,0,496,0,496
407013,Buffering,322560,914,36,70,0,0,20,6738,0,496,0,496
407266,Buffering,350208,992,36,70,0,0,20,6740,0,496,0,496
407518,Buffering,295936,838,36,71,0,0,20,6743,115,496,115,496
407771,Buffering,233472,661,36,71,0,0,20,6748,0,496,0,496
408023,Buffering,180224,510,36,71,0,0,20,6753,0,496,0,496
408276,Buffering,144384,409,36,71,0,0,20,6757,0,496,0,496
408530,Buffering,81920,232,36,71,0,0,20,6760,113,496,113,496
408782,Buffering,19456,55,36,71,0,0,20,6764,0,496,0,496
409034,Buffering,46080,130,36,71,0,0,20,6769,0,496,0,496
409286,Buffering,82944,235,36,71,0,0,20,6772,0,496,0,496
409539,Reconnecting,0,0,36,72,0,0,20,6773,177,496,177,496
409791,Reconnecting,0,0,36,72,0,0,20,6773,177,496,177,496
410045,Reconnecting,0,0,36,72,0,0,20,6773,177,496,177,496
410299,Reconnecting,0,0,36,72,0,0,20,6773,177,496,177,496
410501,Reconnecting,0,0,36,72,0,0,20,6773,177,496,177,496
410754,Reconnecting,0,0,36,72,0,0,20,6773,177,496,177,496
411007,Reconnecting,0,0,36,72,0,0,20,6773,177,496,177,496
411260,Reconnecting,0,0,36,72,0,0,20,6773,177,496,177,496
411513,Reconnecting,0,0,36,72,0,0,20,6773,177,496,177,496
411765,Reconnecting,0,0,36,72,0,0,20,6773,177,496,177,496
412018,Reconnecting,0,0,36,72,0,0,20,6773,177,496,177,496
412272,Reconnecting,0,0,36,72,0,0,20,6773,177,496,177,496
412525,Reconnecting,0,0,36,72,0,0,20,6773,177,496,177,496
412776,Reconnecting,0,0,36,72,0,0,20,6773,177,496,177,496
413028,Reconnecting,0,0,36,72,0,0,20,6773,177,496,177,496
413282,Reconnecting,0,0,36,72,0,0,20,6773,177,496,177,496
413535,Reconnecting,0,0,36,72,0,0,20,6773,177,496,177,496
413788,Reconnecting,0,0,36,72,0,0,20,6773,177,496,177,496
414041,Reconnecting,0,0,36,72,0,0,20,6773,177,496,177,496
414294,Reconnecting,0,0,36,72,0,0,20,6773,177,496,177,496
414547,Reconnecting,0,0,36,72,0,0,21,6773,177,496,177,496
414800,Reconnecting,0,0,36,72,0,0,21,6773,177,496,177,496
415002,Reconnecting,0,0,36,72,0,0,21,6773,177,496,177,496
415255,Reconnecting,0,0,36,72,0,0,21,6799,0,496,177,496
415507,Reconnecting,0,0,36,72,0,0,21,6799,0,496,177,496
415761,Reconnecting,0,0,36,72,0,0,21,6799,0,496,177,496
416013,Reconnecting,0,0,36,72,0,0,21,6799,0,496,177,496
416267,Reconnecting,0,0,36,72,0,0,21,6799,0,496,177,496
416520,Reconnecting,0,0,36,72,0,0,21,6799,0,496,177,496
416773,Reconnecting,0,0,36,72,0,0,21,6799,0,496,177,496
417026,Reconnecting,0,0,36,72,0,0,21,6799,0,496,177,496
417277,Reconnecting,0,0,36,72,0,0,21,6799,0,496,177,496
417531,Reconnecting,0,0,36,72,0,0,21,6799,0,496,177,496
417785,Reconnecting,0,0,36,72,0,0,21,6799,0,496,177,496
418037,Reconnecting,0,0,36,72,0,0,21,6799,0,496,177,496
418290,Reconnecting,0,0,36,72,0,0,21,6799,0,496,177,496
418543,Reconnecting,0,0,36,72,0,0,21,6799,0,496,177,496
418797,Reconnecting,0,0,36,72,0,0,21,6799,0,496,177,496
419001,Reconnecting,0,0,36,72,0,0,21,6799,0,496,177,496
419254,Reconnecting,0,0,36,72,0,0,21,6799,0,496,177,496
419507,Reconnecting,0,0,36,72,0,0,21,6799,0,496,177,496
419761,Reconnecting,0,0,36,72,0,0,21,6799,0,496,177,496
420015,Reconnecting,0,0,36,72,0,0,21,6799,0,496,177,496
420267,Reconnecting,0,0,36,72,0,0,22,6799,0,496,177,496
420520,Reconnecting,0,0,36,72,0,0,22,6799,0,496,177,496
420772,Reconnecting,0,0,36,72,0,0,22,6828,0,496,177,496
421024,Reconnecting,0,0,36,72,0,0,22,6828,0,496,177,496
421278,Reconnecting,0,0,36,72,0,0,22,6828,0,496,177,496
421530,Reconnecting,0,0,36,72,0,0,22,6828,0,496,177,496
421784,Reconnecting,0,0,36,72,0,0,22,6828,0,496,177,496
422037,Reconnecting,0,0,36,72,0,0,22,6828,0,496,177,496
422290,Reconnecting,0,0,36,72,0,0,22,6828,0,496,177,496
422543,Reconnecting,0,0,36,72,0,0,22,6828,0,496,177,496
422794,Reconnecting,0,0,36,72,0,0,22,6828,0,496,177,496
423046,Reconnecting,0,0,36,72,0,0,22,6828,0,496,177,496
423298,Reconnecting,0,0,36,72,0,0,22,6828,0,496,177,496
423501,Reconnecting,0,0,36,72,0,0,22,6828,0,496,177,496
423755,Reconnecting,0,0,36,72,0,0,22,6828,0,496,177,496
424008,Reconnecting,0,0,36,72,0,0,22,6828,0,496,177,496
424261,Reconnecting,0,0,36,72,0,0,22,6828,0,496,177,496
424514,Reconnecting,0,0,36,72,0,0,22,6828,0,496,177,496
424767,Reconnecting,0,0,36,72,0,0,22,6828,0,496,177,496
425020,Reconnecting,0,0,36,72,0,0,22,6828,0,496,177,496
425273,Reconnecting,0,0,36,72,0,0,22,6828,0,496,177,496
425527,Reconnecting,0,0,36,72,0,0,22,6828,0,496,177,496
425780,Reconnecting,0,0,36,72,0,0,23,6828,0,496,177,496
426032,Reconnecting,0,0,36,72,0,0,23,6828,0,496,177,496
426286,Reconnecting,479232,1358,36,72,0,0,23,6903,0,496,0,496
426540,Reconnecting,571392,1619,36,72,0,0,23,6908,0,496,0,496
426792,Reconnecting,1253376,3552,36,72,0,0,23,6944,66,496,66,496
427045,Reconnecting,1271808,3604,36,72,0,0,23,6949,0,496,0,496
427298,Reconnecting,1327104,3761,36,72,0,0,23,6953,0,496,0,496
427501,Reconnecting,1336320,3787,36,72,0,0,23,6956,0,496,0,496
427753,Reconnecting,1373184,3892,36,72,0,0,23,6960,13,496,13,496
428006,Reconnecting,1373184,3892,36,72,0,0,23,6963,0,496,0,496
428257,Reconnecting,1410048,3996,36,72,0,0,23,6968,0,496,0,496
428510,Playing,1363968,3866,36,72,0,0,23,6971,131,496,131,496
428763,Playing,1292288,3662,36,72,0,0,23,6976,0,496,0,496
429017,Playing,1228800,3482,36,72,0,0,23,6982,0,496,0,496
429269,Playing,1175552,3332,36,72,0,0,23,6987,0,496,0,496
429521,Playing,1094656,3102,36,72,0,0,23,6990,0,496,0,496
429775,Playing,1059840,3004,36,72,0,0,23,6995,64,496,64,496
430028,Playing,978944,2774,36,72,0,0,23,6998,125,496,125,496
430282,Playing,925696,2623,36,72,0,0,23,7002,0,496,0,496
430534,Playing,863232,2446,36,72,0,0,23,7008,0,496,0,496
430787,Playing,799744,2266,36,72,0,0,23,7011,114,496,114,496
431040,Playing,764928,2168,36,72,0,0,23,7018,0,496,0,496
431293,Playing,684032,1938,36,72,0,0,23,7021,0,496,0,496
431546,Playing,612352,1735,36,72,0,0,23,7027,0,496,0,496
431750,Playing,547840,1552,36,72,0,0,23,7030,0,496,0,496
432003,Playing,476160,1349,36,72,0,0,23,7036,0,496,0,496
432256,Playing,404480,1146,36,72,0,0,23,7039,0,496,0,496
432510,Playing,350208,992,36,72,0,0,23,7044,0,496,0,496
432763,Playing,287744,815,36,72,0,0,23,7049,0,496,0,496
433016,Playing,225280,638,36,72,0,0,23,7054,0,496,0,496
433270,Playing,153600,435,36,72,0,0,23,7056,0,496,0,496
433522,Playing,100352,284,36,72,0,0,23,7061,0,496,0,496
433775,Playing,65536,185,36,72,0,0,23,7065,0,496,0,496
434029,Playing,3072,8,36,72,0,0,23,7068,114,496,114,496
434283,Buffering,46080,130,37,72,0,0,23,7072,0,496,0,496
434536,Buffering,92160,261,37,72,0,0,23,7076,0,496,0,496
434788,Buffering,110592,313,37,72,0,0,23,7079,0,496,0,496
435041,Buffering,138240,391,37,72,0,0,23,7084,0,496,0,496
435294,Buffering,184320,522,37,72,0,0,23,7089,0,496,0,496
435548,Buffering,221184,626,37,72,0,0,23,7092,173,496,173,496
435750,Buffering,230400,653,37,72,0,0,23,7097,0,496,0,496
436002,Buffering,258048,731,37,72,0,0,23,7100,77,496,77,496
436256,Buffering,276480,783,37,72,0,0,23,7104,69,496,69,496
436511,Buffering,294912,835,37,72,0,0,23,7110,16,496,16,496
436763,Buffering,331776,940,37,72,0,0,23,7115,0,496,0,496
437017,Buffering,350208,992,37,72,0,0,23,7119,24,496,24,496
437270,Buffering,338944,960,37,73,0,0,23,7124,0,496,0,496
437522,Buffering,276480,783,37,73,0,0,23,7126,0,496,0,496
437775,Buffering,223232,632,37,73,0,0,23,7130,0,496,0,496
438029,Buffering,160768,455,37,73,0,0,23,7136,0,496,0,496
438282,Buffering,98304,278,37,73,0,0,23,7139,63,496,63,496
438534,Buffering,34816,98,37,73,0,0,23,7144,0,496,0,496
438787,Buffering,27648,78,37,73,0,0,23,7148,0,496,0,496
439038,Buffering,55296,156,37,73,0,0,23,7154,0,496,0,496
439291,Buffering,82944,235,37,73,0,0,23,7156,0,496,0,496
439543,Playing,10240,29,37,74,0,0,23,7161,13,496,13,496
439796,Buffering,18432,52,38,74,0,0,23,7167,62,496,62,496
440000,Buffering,27648,78,38,74,0,0,23,7173,0,496,0,496
440253,Buffering,36864,104,38,74,0,0,23,7176,0,496,0,496
440506,Buffering,92160,261,38,74,0,0,23,7181,16,496,16,496
440760,Buffering,110592,313,38,74,0,0,23,7186,0,496,0,496
441014,Buffering,138240,391,38,74,0,0,23,7188,0,496,0,496
441267,Buffering,156672,444,38,74,0,0,23,7194,0,496,0,496
441520,Buffering,184320,522,38,74,0,0,23,7200,0,496,0,496
441773,Buffering,184320,522,38,74,0,0,23,7204,0,496,0,496
442025,Buffering,230400,653,38,74,0,0,23,7209,0,496,0,496
442280,Buffering,230400,653,38,74,0,0,23,7213,0,496,0,496
442532,Buffering,276480,783,38,74,0,0,23,7218,0,496,0,496
442786,Buffering,294912,835,38,74,0,0,23,7223,15,496,15,496
443039,Buffering,313344,888,38,74,0,0,23,7228,0,496,0,496
443292,Buffering,313344,888,38,74,0,0,23,7232,0,496,0,496
443545,Buffering,322560,914,38,74,0,0,23,7238,0,496,0,496
443798,Buffering,361472,1024,38,75,0,0,23,7241,0,496,0,496
444000,Buffering,296960,841,38,75,0,0,23,7245,12,496,12,496
444251,Buffering,225280,638,38,75,0,0,23,7250,0,496,0,496
444503,Buffering,152576,432,38,75,0,0,23,7254,12,496,12,496
444757,Buffering,80896,229,38,75,0,0,23,7259,0,496,0,496
445010,Buffering,18432,52,38,75,0,0,23,7264,0,496,0,496
445262,Buffering,18432,52,38,75,0,0,23,7268,64,496,64,496
445516,Buffering,18432,52,38,75,0,0,23,7274,0,496,0,496
445770,Buffering,55296,156,38,75,0,0,23,7279,0,496,0,496
446023,Buffering,73728,208,38,75,0,0,23,7285,0,496,0,496
446275,Playing,68608,194,38,76,0,0,23,7288,0,496,0,496
446528,Playing,6144,17,38,76,0,0,23,7290,0,496,0,496
446780,Buffering,36864,104,39,76,0,0,23,7294,0,496,0,496
447033,Buffering,64512,182,39,76,0,0,23,7299,0,496,0,496
447286,Buffering,119808,339,39,76,0,0,23,7303,0,496,0,496
447539,Buffering,129024,365,39,76,0,0,23,7306,0,496,0,496
447791,Buffering,165888,470,39,76,0,0,23,7311,0,496,0,496
448044,Buffering,175104,496,39,76,0,0,23,7315,142,496,142,496
448297,Buffering,202752,574,39,76,0,0,23,7320,63,496,63,496
448549,Buffering,211968,600,39,76,0,0,23,7324,143,496,143,496
448752,Buffering,221184,626,39,76,0,0,23,7329,0,496,0,496
449006,Buffering,239616,679,39,76,0,0,23,7333,12,496,12,496
449260,Buffering,276480,783,39,76,0,0,23,7338,0,496,0,496
449515,Buffering,304128,862,39,76,0,0,23,7341,125,496,125,496
449768,Buffering,340992,966,39,76,0,0,23,7346,13,496,13,496
450022,Buffering,340992,966,39,76,0,0,23,7350,165,496,165,496
450275,Buffering,322560,914,39,77,0,0,23,7354,0,496,0,496
450529,Buffering,241664,684,39,77,0,0,23,7360,0,496,0,496
450783,Buffering,160768,455,39,77,0,0,23,7363,0,496,0,496
451036,Buffering,107520,304,39,77,0,0,23,7369,14,496,14,496
451289,Buffering,54272,153,39,77,0,0,23,7374,0,496,0,496
451541,Buffering,18432,52,39,77,0,0,23,7378,0,496,0,496
451794,Buffering,9216,26,39,77,0,0,23,7381,0,496,0,496
452047,Buffering,36864,104,39,77,0,0,23,7387,0,496,0,496
452300,Buffering,55296,156,39,77,0,0,23,7393,0,496,0,496
452503,Buffering,64512,182,39,77,0,0,23,7396,0,496,0,496
452755,Reconnecting,0,0,39,78,0,0,23,7397,120,496,120,496
453007,Reconnecting,0,0,39,78,0,0,23,7397,120,496,120,496
453261,Reconnecting,0,0,39,78,0,0,23,7397,120,496,120,496
453513,Reconnecting,0,0,39,78,0,0,23,7397,120,496,120,496
453767,Reconnecting,0,0,39,78,0,0,23,7397,120,496,120,496
454021,Reconnecting,0,0,39,78,0,0,23,7397,120,496,120,496
454274,Reconnecting,0,0,39,78,0,0,23,7397,120,496,120,496
454528,Reconnecting,0,0,39,78,0,0,23,7397,120,496,120,496
454781,Reconnecting,0,0,39,78,0,0,23,7397,120,496,120,496
455033,Reconnecting,0,0,39,78,0,0,23,7397,120,496,120,496
455286,Reconnecting,0,0,39,78,0,0,23,7397,120,496,120,496
455540,Reconnecting,0,0,39,78,0,0,23,7397,120,496,120,496
455794,Reconnecting,0,0,39,78,0,0,23,7397,120,496,120,496
456046,Reconnecting,0,0,39,78,0,0,23,7397,120,496,120,496
456300,Reconnecting,0,0,39,78,0,0,23,7397,120,496,120,496
456502,Reconnecting,0,0,39,78,0,0,23,7397,120,496,120,496
456756,Reconnecting,0,0,39,78,0,0,23,7397,120,496,120,496
457010,Reconnecting,0,0,39,78,0,0,23,7397,120,496,120,496
457263,Reconnecting,0,0,39,78,0,0,23,7397,120,496,120,496
457517,Reconnecting,0,0,39,78,0,0,23,7397,120,496,120,496
457769,Reconnecting,0,0,39,78,0,0,24,7397,120,496,120,496
458023,Reconnecting,0,0,39,78,0,0,24,7397,120,496,120,496
458277,Reconnecting,0,0,39,78,0,0,24,7397,120,496,120,496
458531,Reconnecting,414720,1175,39,78,0,0,24,7477,0,496,0,496
458784,Reconnecting,1234944,3500,39,78,0,0,24,7514,0,496,0,496
459035,Reconnecting,1281024,3631,39,78,0,0,24,7519,0,496,0,496
459289,Reconnecting,1299456,3683,39,78,0,0,24,7523,115,496,115,496
459541,Reconnecting,1327104,3761,39,78,0,0,24,7528,61,496,61,496
459793,Reconnecting,1327104,3761,39,78,0,0,24,7535,0,496,0,496
460048,Reconnecting,1363968,3866,39,78,0,0,24,7540,0,496,0,496
460250,Reconnecting,1363968,3866,39,78,0,0,24,7542,115,496,115,496
460503,Playing,1402880,3976,39,78,0,0,24,7548,0,496,0,496
460755,Playing,1312768,3720,39,78,0,0,24,7552,63,496,63,496
461010,Playing,1241088,3517,39,78,0,0,24,7557,0,496,0,496
461263,Playing,1160192,3288,39,78,0,0,24,7560,0,496,0,496
461516,Playing,1125376,3189,39,78,0,0,24,7563,115,496,115,496
461771,Playing,1062912,3012,39,78,0,0,24,7567,0,496,0,496
462023,Playing,990208,2806,39,78,0,0,24,7570,0,496,0,496
462275,Playing,936960,2655,39,78,0,0,24,7575,0,496,0,496
462528,Playing,902144,2557,39,78,0,0,24,7579,0,496,0,496
462781,Playing,821248,2327,39,78,0,0,24,7583,113,496,113,496
463034,Playing,758784,2150,39,78,0,0,24,7587,0,496,0,496
463286,Playing,696320,1973,39,78,0,0,24,7593,0,496,0,496
463540,Playing,615424,1744,39,78,0,0,24,7596,0,496,0,496
463793,Playing,562176,1593,39,78,0,0,24,7601,0,496,0,496
464044,Playing,535552,1518,39,78,0,0,24,7606,60,496,60,496
464296,Playing,454656,1288,39,78,0,0,24,7612,0,496,0,496
464549,Playing,373760,1059,39,78,0,0,24,7615,0,496,0,496
464752,Playing,300032,850,39,78,0,0,24,7618,0,496,0,496
465006,Playing,265216,751,39,78,0,0,24,7622,0,496,0,496
465259,Playing,202752,574,39,78,0,0,24,7626,115,496,115,496
465512,Playing,148480,420,39,78,0,0,24,7630,0,496,0,496
465764,Playing,95232,269,39,78,0,0,24,7636,15,496,15,496
466016,Playing,14336,40,39,78,0,0,24,7639,13,496,13,496
466269,Buffering,9216,26,40,78,0,0,24,7643,130,496,130,496
466523,Buffering,73728,208,40,78,0,0,24,7646,113,496,113,496
466776,Buffering,101376,287,40,78,0,0,24,7651,0,496,0,496
467029,Buffering,101376,287,40,78,0,0,24,7656,65,496,65,496
467282,Buffering,119808,339,40,78,0,0,24,7662,0,496,0,496
467534,Buffering,156672,444,40,78,0,0,24,7668,0,496,0,496
467786,Buffering,175104,496,40,78,0,0,24,7670,0,496,0,496
468041,Buffering,230400,653,40,78,0,0,24,7674,0,496,0,496
468293,Buffering,239616,679,40,78,0,0,24,7680,0,496,0,496
468547,Buffering,267264,757,40,78,0,0,24,7682,0,496,0,496
468750,Buffering,294912,835,40,78,0,0,24,7688,0,496,0,496
469002,Buffering,294912,835,40,78,0,0,24,7693,62,496,62,496
469255,Buffering,313344,888,40,78,0,0,24,7699,0,496,0,496
469508,Buffering,350208,992,40,78,0,0,24,7704,0,496,0,496
469762,Buffering,350208,992,40,78,0,0,24,7707,0,496,0,496
470014,Buffering,389120,1102,40,79,0,0,24,7711,0,496,0,496
470266,Buffering,299008,847,40,79,0,0,24,7716,64,496,64,496
470519,Buffering,227328,644,40,79,0,0,24,7721,0,496,0,496
470772,Buffering,174080,493,40,79,0,0,24,7725,115,496,115,496
471023,Buffering,138240,391,40,79,0,0,24,7731,0,496,0,496
471276,Buffering,57344,162,40,79,0,0,24,7734,0,496,0,496
471531,Buffering,22528,63,40,79,0,0,24,7739,0,496,0,496
471784,Buffering,0,0,40,79,0,0,24,7741,0,496,0,496
472036,Buffering,46080,130,40,79,0,0,24,7746,0,496,0,496
472289,Buffering,73728,208,40,79,0,0,24,7752,0,496,0,496
472542,Playing,94208,267,40,80,0,0,24,7757,0,496,0,496
472795,Playing,13312,37,40,80,0,0,24,7760,0,496,0,496
473047,Buffering,36864,104,41,80,0,0,24,7766,0,496,0,496
473298,Buffering,55296,156,41,80,0,0,24,7772,0,496,0,496
473500,Buffering,82944,235,41,80,0,0,24,7774,0,496,0,496
473753,Buffering,129024,365,41,80,0,0,24,7779,0,496,0,496
474006,Buffering,147456,417,41,80,0,0,24,7783,114,496,114,496
474259,Buffering,147456,417,41,80,0,0,24,7787,113,496,113,496
474512,Buffering,147456,417,41,80,0,0,24,7789,0,496,0,496
474764,Buffering,147456,417,41,80,0,0,24,7790,272,496,272,496
475018,Buffering,230400,653,41,80,0,0,24,7798,11,496,11,496
475271,Buffering,276480,783,41,80,0,0,24,7805,134,496,134,496
475524,Buffering,304128,862,41,80,0,0,24,7809,0,496,0,496
475776,Buffering,322560,914,41,80,0,0,24,7815,0,496,0,496
476030,Buffering,331776,940,41,80,0,0,24,7820,66,496,66,496
476283,Buffering,350208,992,41,80,0,0,24,7824,0,496,0,496
476535,Buffering,322560,914,41,81,0,0,24,7828,0,496,0,496
476787,Buffering,241664,684,41,81,0,0,24,7831,0,496,0,496
477040,Buffering,188416,534,41,81,0,0,24,7836,0,496,0,496
477293,Buffering,107520,304,41,81,0,0,24,7843,0,496,0,496
477545,Buffering,35840,101,41,81,0,0,24,7846,0,496,0,496
477799,Buffering,9216,26,41,81,0,0,24,7852,0,496,0,496
478001,Buffering,64512,182,41,81,0,0,24,7856,0,496,0,496
478255,Buffering,73728,208,41,81,0,0,24,7861,16,496,16,496
478508,Playing,101376,287,41,82,0,0,24,7865,0,496,0,496
478761,Playing,20480,58,41,82,0,0,24,7871,0,496,0,496
479013,Buffering,27648,78,42,82,0,0,24,7873,0,496,0,496
479265,Buffering,46080,130,42,82,0,0,24,7880,0,496,0,496
479519,Buffering,82944,235,42,82,0,0,24,7884,0,496,0,496
479773,Buffering,101376,287,42,82,0,0,24,7886,0,496,0,496
480026,Buffering,129024,365,42,82,0,0,24,7892,0,496,0,496
480279,Buffering,175104,496,42,82,0,0,24,7897,0,496,0,496
480541,Buffering,193536,548,42,82,0,0,24,7899,18,496,18,496
480794,Buffering,248832,705,42,82,0,0,24,7905,62,496,62,496
481046,Buffering,285696,809,42,82,0,0,24,7909,0,496,0,496
481299,Buffering,331776,940,42,82,0,0,24,7914,0,496,0,496
481501,Buffering,350208,992,42,82,0,0,24,7917,0,496,0,496
481754,Buffering,311296,882,42,83,0,0,24,7923,0,496,0,496
482007,Buffering,276480,783,42,83,0,0,24,7927,0,496,0,496
482260,Buffering,195584,554,42,83,0,0,24,7930,0,496,0,496
482512,Buffering,133120,377,42,83,0,0,24,7933,0,496,0,496
482765,Buffering,89088,252,42,83,0,0,24,7937,0,496,0,496
483018,Buffering,62464,177,42,83,0,0,24,7941,0,496,0,496
483271,Buffering,9216,26,42,83,0,0,24,7945,165,496,165,496
483523,Buffering,18432,52,42,83,0,0,24,7951,18,496,18,496
483776,Buffering,46080,130,42,83,0,0,24,7954,0,496,0,496
484029,Reconnecting,0,0,42,84,0,0,24,7957,116,496,116,496
484281,Reconnecting,0,0,42,84,0,0,24,7957,116,496,116,496
484533,Reconnecting,0,0,42,84,0,0,24,7957,116,496,116,496
484786,Reconnecting,0,0,42,84,0,0,24,7957,116,496,116,496
485040,Reconnecting,0,0,42,84,0,0,24,7957,116,496,116,496
485293,Reconnecting,0,0,42,84,0,0,24,7957,116,496,116,496
485545,Reconnecting,0,0,42,84,0,0,24,7957,116,496,116,496
485798,Reconnecting,0,0,42,84,0,0,24,7957,116,496,116,496
486001,Reconnecting,0,0,42,84,0,0,24,7957,116,496,116,496
486254,Reconnecting,0,0,42,84,0,0,24,7957,116,496,116,496
486507,Reconnecting,0,0,42,84,0,0,24,7957,116,496,116,496
486761,Reconnecting,0,0,42,84,0,0,24,7957,116,496,116,496
487014,Reconnecting,0,0,42,84,0,0,24,7957,116,496,116,496
487266,Reconnecting,0,0,42,84,0,0,24,7957,116,496,116,496
487519,Reconnecting,0,0,42,84,0,0,24,7957,116,496,116,496
487772,Reconnecting,0,0,42,84,0,0,24,7957,116,496,116,496
488023,Reconnecting,0,0,42,84,0,0,24,7957,116,496,116,496
488275,Reconnecting,0,0,42,84,0,0,24,7957,116,496,116,496
488528,Reconnecting,0,0,42,84,0,0,24,7957,116,496,116,496
488782,Reconnecting,0,0,42,84,0,0,24,7957,116,496,116,496
489034,Reconnecting,0,0,42,84,0,0,25,7957,116,496,116,496
489288,Reconnecting,0,0,42,84,0,0,25,7957,116,496,116,496
489541,Reconnecting,681984,1933,42,84,0,0,25,8046,0,496,0,496
489794,Reconnecting,681984,1933,42,84,0,0,25,8046,0,496,0,496
490046,Reconnecting,1336320,3787,42,84,0,0,25,8074,0,496,0,496
490299,Reconnecting,1363968,3866,42,84,0,0,25,8079,0,496,0,496
490502,Reconnecting,1373184,3892,42,84,0,0,25,8082,0,496,0,496
490754,Reconnecting,1410048,3996,42,84,0,0,25,8087,0,496,0,496
491006,Playing,1371136,3886,42,84,0,0,25,8090,0,496,0,496
491259,Playing,1299456,3683,42,84,0,0,25,8096,0,496,0,496
491513,Playing,1236992,3506,42,84,0,0,25,8101,0,496,0,496
491765,Playing,1174528,3329,42,84,0,0,25,8106,0,496,0,496
492017,Playing,1084416,3073,42,84,0,0,25,8111,64,496,64,496
492270,Playing,1003520,2844,42,84,0,0,25,8116,0,496,0,496
492522,Playing,967680,2742,42,84,0,0,25,8120,0,496,0,496
492775,Playing,905216,2565,42,84,0,0,25,8123,12,496,12,496
493028,Playing,851968,2414,42,84,0,0,25,8127,0,496,0,496
493282,Playing,798720,2263,42,84,0,0,25,8131,0,496,0,496
493535,Playing,745472,2113,42,84,0,0,25,8134,111,496,111,496
493789,Playing,664576,1883,42,84,0,0,25,8139,0,496,0,496
494042,Playing,592896,1680,42,84,0,0,25,8145,0,496,0,496
494295,Playing,521216,1477,42,84,0,0,25,8151,0,496,0,496
494549,Playing,431104,1221,42,84,0,0,25,8155,0,496,0,496
494751,Playing,374784,1062,42,84,0,0,25,8158,0,496,0,496
495003,Playing,330752,937,42,84,0,0,25,8163,0,496,0,496
495256,Playing,268288,760,42,84,0,0,25,8166,113,496,113,496
495509,Playing,205824,583,42,84,0,0,25,8172,112,496,112,496
495761,Playing,134144,380,42,84,0,0,25,8177,0,496,0,496
496013,Playing,79872,226,42,84,0,0,25,8179,0,496,0,496
496266,Playing,26624,75,42,84,0,0,25,8185,11,496,11,496
496519,Buffering,36864,104,43,84,0,0,25,8189,0,496,0,496
496771,Buffering,46080,130,43,84,0,0,25,8196,0,496,0,496
497024,Buffering,55296,156,43,84,0,0,25,8201,114,496,114,496
497276,Buffering,55296,156,43,84,0,0,25,8207,0,496,0,496
497531,Buffering,92160,261,43,84,0,0,25,8212,0,496,0,496
497783,Buffering,101376,287,43,84,0,0,25,8216,15,496,15,496
498036,Buffering,129024,365,43,84,0,0,25,8222,0,496,0,496
498290,Buffering,156672,444,43,84,0,0,25,8225,127,496,127,496
498542,Buffering,184320,522,43,84,0,0,25,8228,163,496,163,496
498795,Buffering,239616,679,43,84,0,0,25,8235,15,496,15,496
499049,Buffering,267264,757,43,84,0,0,25,8238,162,496,162,496
499251,Buffering,267264,757,43,84,0,0,25,8240,0,496,0,496
499503,Buffering,294912,835,43,84,0,0,25,8246,63,496,63,496
499755,Buffering,304128,862,43,84,0,0,25,8252,0,496,0,496
500009,Buffering,340992,966,43,84,0,0,25,8257,0,496,0,496
500262,Buffering,350208,992,43,84,0,0,25,8260,0,496,0,496
500515,Buffering,322560,914,43,85,0,0,25,8264,0,496,0,496
500769,Buffering,250880,711,43,85,0,0,25,8270,0,496,0,496
501021,Buffering,169984,481,43,85,0,0,25,8275,64,496,64,496
501275,Buffering,98304,278,43,85,0,0,25,8280,0,496,0,496
501526,Buffering,35840,101,43,85,0,0,25,8284,116,496,116,496
501779,Buffering,0,0,43,85,0,0,25,8289,0,496,0,496
502032,Buffering,27648,78,43,85,0,0,25,8295,0,496,0,496
502285,Buffering,46080,130,43,85,0,0,25,8302,15,496,15,496
502538,Buffering,64512,182,43,85,0,0,25,8305,0,496,0,496
502791,Playing,60416,171,43,86,0,0,25,8310,0,496,0,496
503044,Playing,0,0,43,86,0,0,25,8312,0,496,0,496
503296,Buffering,27648,78,44,86,0,0,25,8317,0,496,0,496
503550,Buffering,73728,208,44,86,0,0,25,8322,0,496,0,496
503752,Buffering,73728,208,44,86,0,0,25,8325,15,496,15,496
504005,Buffering,129024,365,44,86,0,0,25,8329,0,496,0,496
504258,Buffering,147456,417,44,86,0,0,25,8332,0,496,0,496
504511,Buffering,175104,496,44,86,0,0,25,8340,0,496,0,496
504764,Buffering,175104,496,44,86,0,0,25,8344,0,496,0,496
505016,Buffering,202752,574,44,86,0,0,25,8347,0,496,0,496
505271,Buffering,230400,653,44,86,0,0,25,8350,113,496,113,496
505525,Buffering,294912,835,44,86,0,0,25,8354,0,496,0,496
505779,Buffering,322560,914,44,86,0,0,25,8359,0,496,0,496
506032,Buffering,350208,992,44,86,0,0,25,8361,0,496,0,496
506285,Buffering,287744,815,44,87,0,0,25,8366,0,496,0,496
506536,Buffering,215040,609,44,87,0,0,25,8369,0,496,0,496
506789,Buffering,134144,380,44,87,0,0,25,8375,0,496,0,496
507042,Buffering,80896,229,44,87,0,0,25,8380,0,496,0,496
507295,Buffering,9216,26,44,87,0,0,25,8386,0,496,0,496
507549,Buffering,36864,104,44,87,0,0,25,8391,0,496,0,496
507752,Buffering,36864,104,44,87,0,0,25,8392,61,496,61,496
508004,Buffering,82944,235,44,87,0,0,25,8397,0,496,0,496
508257,Playing,104448,296,44,88,0,0,25,8402,0,496,0,496
508510,Playing,41984,119,44,88,0,0,25,8405,161,496,161,496
508763,Buffering,9216,26,45,88,0,0,25,8412,0,496,0,496
509015,Buffering,18432,52,45,88,0,0,25,8415,0,496,0,496
509267,Buffering,36864,104,45,88,0,0,25,8421,0,496,0,496
509520,Buffering,55296,156,45,88,0,0,25,8425,13,496,13,496
509774,Buffering,82944,235,45,88,0,0,25,8429,14,496,14,496
510026,Buffering,129024,365,45,88,0,0,25,8434,0,496,0,496
510279,Buffering,138240,391,45,88,0,0,25,8438,80,496,80,496
510531,Buffering,165888,470,45,88,0,0,25,8441,114,496,114,496
510784,Buffering,202752,574,45,88,0,0,25,8446,13,496,13,496
511037,Buffering,239616,679,45,88,0,0,25,8450,0,496,0,496
511291,Buffering,248832,705,45,88,0,0,25,8454,77,496,77,496
511543,Buffering,267264,757,45,88,0,0,25,8460,61,496,61,496
511796,Buffering,276480,783,45,88,0,0,25,8466,0,496,0,496
512049,Buffering,313344,888,45,88,0,0,25,8471,0,496,0,496
512251,Buffering,340992,966,45,88,0,0,25,8473,0,496,0,496
512505,Buffering,361472,1024,45,89,0,0,25,8478,0,496,0,496
512758,Buffering,271360,769,45,89,0,0,25,8483,114,496,114,496
513011,Buffering,245760,696,45,89,0,0,25,8489,0,496,0,496
513263,Buffering,155648,441,45,89,0,0,25,8491,0,496,0,496
513515,Buffering,74752,211,45,89,0,0,25,8495,220,496,220,496
513768,Buffering,30720,87,45,89,0,0,25,8500,127,496,127,496
514021,Buffering,0,0,45,89,0,0,25,8506,0,496,0,496
514274,Buffering,36864,104,45,89,0,0,25,8510,0,496,0,496
514526,Buffering,46080,130,45,89,0,0,25,8513,0,496,0,496
514779,Buffering,82944,235,45,89,0,0,25,8517,0,496,0,496
515032,Reconnecting,0,0,45,90,0,0,25,8518,163,496,163,496
515286,Reconnecting,0,0,45,90,0,0,25,8518,163,496,163,496
515540,Reconnecting,0,0,45,90,0,0,25,8518,163,496,163,496
515793,Reconnecting,0,0,45,90,0,0,25,8518,163,496,163,496
516045,Reconnecting,0,0,45,90,0,0,25,8518,163,496,163,496
516299,Reconnecting,0,0,45,90,0,0,25,8518,163,496,163,496
516501,Reconnecting,0,0,45,90,0,0,25,8518,163,496,163,496
516754,Reconnecting,0,0,45,90,0,0,25,8518,163,496,163,496
517007,Reconnecting,0,0,45,90,0,0,25,8518,163,496,163,496
517260,Reconnecting,0,0,45,90,0,0,25,8518,163,496,163,496
517513,Reconnecting,0,0,45,90,0,0,25,8518,163,496,163,496
517766,Reconnecting,0,0,45,90,0,0,25,8518,163,496,163,496
518018,Reconnecting,0,0,45,90,0,0,25,8518,163,496,163,496
518272,Reconnecting,0,0,45,90,0,0,25,8518,163,496,163,496
518525,Reconnecting,0,0,45,90,0,0,25,8518,163,496,163,496
518779,Reconnecting,0,0,45,90,0,0,25,8518,163,496,163,496
519031,Reconnecting,0,0,45,90,0,0,25,8518,163,496,163,496
519284,Reconnecting,0,0,45,90,0,0,25,8518,163,496,163,496
519539,Reconnecting,0,0,45,90,0,0,25,8518,163,496,163,496
519791,Reconnecting,0,0,45,90,0,0,25,8518,163,496,163,496
520044,Reconnecting,0,0,45,90,0,0,26,8518,163,496,163,496
520299,Reconnecting,0,0,45,90,0,0,26,8518,163,496,163,496
520500,Reconnecting,0,0,45,90,0,0,26,8518,163,496,163,496
520754,Reconnecting,663552,1880,45,90,0,0,26,8610,0,496,0,496
521007,Reconnecting,1382400,3918,45,90,0,0,26,8635,0,496,0,496
521261,Reconnecting,1391616,3944,45,90,0,0,26,8639,64,496,64,496
521514,Playing,1429504,4051,45,90,0,0,26,8644,0,496,0,496
521766,Playing,1366016,3871,45,90,0,0,26,8647,0,496,0,496
522019,Playing,1303552,3694,45,90,0,0,26,8653,0,496,0,496
522273,Playing,1222656,3465,45,90,0,0,26,8657,0,496,0,496
522525,Playing,1169408,3314,45,90,0,0,26,8662,0,496,0,496
522777,Playing,1134592,3215,45,90,0,0,26,8666,0,496,0,496
523030,Playing,1062912,3012,45,90,0,0,26,8668,0,496,0,496
523281,Playing,1000448,2835,45,90,0,0,26,8674,0,496,0,496
523533,Playing,927744,2629,45,90,0,0,26,8681,0,496,0,496
523785,Playing,837632,2374,45,90,0,0,26,8686,64,496,64,496
524038,Playing,765952,2171,45,90,0,0,26,8691,0,496,0,496
524292,Playing,731136,2072,45,90,0,0,26,8695,0,496,0,496
524544,Playing,650240,1843,45,90,0,0,26,8697,0,496,0,496
524797,Playing,615424,1744,45,90,0,0,26,8701,0,496,0,496
525050,Playing,552960,1567,45,90,0,0,26,8706,0,496,0,496
525252,Playing,487424,1381,45,90,0,0,26,8708,11,496,11,496
525505,Playing,406528,1152,45,90,0,0,26,8715,65,496,65,496
525756,Playing,362496,1027,45,90,0,0,26,8719,0,496,0,496
526011,Playing,300032,850,45,90,0,0,26,8723,60,496,61,496
526264,Playing,237568,673,45,90,0,0,26,8727,0,496,0,496
526518,Playing,156672,444,45,90,0,0,26,8732,13,496,13,496
526770,Playing,93184,264,45,90,0,0,26,8736,0,496,0,496
527022,Playing,39936,113,45,90,0,0,26,8742,13,496,13,496
527274,Buffering,36864,104,46,90,0,0,26,8746,0,496,0,496
527527,Buffering,46080,130,46,90,0,0,26,8749,0,496,0,496
527781,Buffering,92160,261,46,90,0,0,26,8754,0,496,0,496
528033,Buffering,129024,365,46,90,0,0,26,8758,0,496,0,496
528285,Buffering,138240,391,46,90,0,0,26,8762,67,496,67,496
528539,Buffering,165888,470,46,90,0,0,26,8767,0,496,0,496
528791,Buffering,175104,496,46,90,0,0,26,8770,0,496,0,496
529044,Buffering,230400,653,46,90,0,0,26,8775,0,496,0,496
529296,Buffering,258048,731,46,90,0,0,26,8779,165,496,165,496
529500,Buffering,267264,757,46,90,0,0,26,8784,0,496,0,496
529754,Buffering,304128,862,46,90,0,0,26,8789,0,496,0,496
530006,Buffering,313344,888,46,90,0,0,26,8794,114,496,114,496
530260,Buffering,322560,914,46,90,0,0,26,8797,116,496,116,496
530512,Buffering,340992,966,46,90,0,0,26,8803,0,496,0,496
530766,Buffering,360448,1021,46,91,0,0,26,8809,0,496,0,496
531020,Buffering,270336,766,46,91,0,0,26,8812,0,496,0,496
531273,Buffering,226304,641,46,91,0,0,26,8817,0,496,0,496
531526,Buffering,182272,516,46,91,0,0,26,8822,0,496,0,496
531779,Buffering,101376,287,46,91,0,0,26,8825,0,496,0,496
532032,Buffering,38912,110,46,91,0,0,26,8832,65,496,65,496
532284,Buffering,0,0,46,91,0,0,26,8838,0,496,0,496
532538,Buffering,46080,130,46,91,0,0,26,8842,0,496,0,496
532791,Buffering,55296,156,46,91,0,0,26,8845,0,496,0,496
533044,Buffering,82944,235,46,91,0,0,26,8851,62,496,62,496
533296,Playing,59392,168,46,92,0,0,26,8853,0,496,0,496
533549,Playing,0,0,46,92,0,0,26,8859,0,496,0,496
533751,Buffering,46080,130,47,92,0,0,26,8864,0,496,0,496
534004,Buffering,55296,156,47,92,0,0,26,8866,0,496,0,496
534256,Buffering,82944,235,47,92,0,0,26,8872,0,496,0,496
534510,Buffering,92160,261,47,92,0,0,26,8875,0,496,0,496
534763,Buffering,147456,417,47,92,0,0,26,8879,0,496,0,496
535017,Buffering,193536,548,47,92,0,0,26,8884,0,496,0,496
535270,Buffering,221184,626,47,92,0,0,26,8889,0,496,0,496
535523,Buffering,221184,626,47,92,0,0,26,8893,0,496,0,496
535775,Buffering,230400,653,47,92,0,0,26,8897,62,496,62,496
536029,Buffering,248832,705,47,92,0,0,26,8902,0,496,0,496
536282,Buffering,258048,731,47,92,0,0,26,8909,0,496,0,496
536535,Buffering,294912,835,47,92,0,0,26,8914,0,496,0,496
536787,Buffering,313344,888,47,92,0,0,26,8917,12,496,12,496
537041,Buffering,340992,966,47,92,0,0,26,8923,0,496,0,496
537294,Buffering,350208,992,47,92,0,0,26,8930,0,496,0,496
537547,Buffering,285696,809,47,93,0,0,26,8934,77,496,77,496
537751,Buffering,239616,679,47,93,0,0,26,8938,0,496,0,496
538004,Buffering,149504,423,47,93,0,0,26,8942,15,496,15,496
538257,Buffering,96256,272,47,93,0,0,26,8946,0,496,0,496
538512,Buffering,15360,43,47,93,0,0,26,8950,16,496,16,496
538765,Buffering,9216,26,47,93,0,0,26,8955,0,496,0,496
539019,Buffering,46080,130,47,93,0,0,26,8960,0,496,0,496
539272,Buffering,73728,208,47,93,0,0,26,8966,0,496,0,496
539525,Playing,101376,287,47,94,0,0,26,8969,116,496,116,496
539779,Playing,11264,31,47,94,0,0,26,8972,12,496,12,496
540031,Buffering,27648,78,48,94,0,0,26,8977,0,496,0,496
540285,Buffering,82944,235,48,94,0,0,26,8981,0,496,0,496
540537,Buffering,92160,261,48,94,0,0,26,8986,63,496,63,496
540789,Buffering,92160,261,48,94,0,0,26,8990,65,496,65,496
541041,Buffering,110592,313,48,94,0,0,26,8996,0,496,0,496
541294,Buffering,138240,391,48,94,0,0,26,8999,60,496,60,496
541502,Buffering,165888,470,48,94,0,0,26,9004,0,496,0,496
541754,Buffering,175104,496,48,94,0,0,26,9007,0,496,0,496
542005,Buffering,221184,626,48,94,0,0,26,9011,0,496,0,496
542259,Buffering,230400,653,48,94,0,0,26,9016,60,496,60,496
542512,Buffering,239616,679,48,94,0,0,26,9022,111,496,111,496
542766,Buffering,276480,783,48,94,0,0,26,9026,0,496,0,496
543019,Buffering,313344,888,48,94,0,0,26,9030,113,496,113,496
543272,Buffering,322560,914,48,94,0,0,26,9035,0,496,0,496
543524,Buffering,350208,992,48,94,0,0,26,9041,0,496,0,496
543776,Buffering,321536,911,48,95,0,0,26,9046,0,496,0,496
544029,Buffering,231424,655,48,95,0,0,26,9050,0,496,0,496
544281,Buffering,196608,557,48,95,0,0,26,9054,0,496,0,496
544533,Buffering,134144,380,48,95,0,0,26,9059,0,496,0,496
544785,Buffering,53248,150,48,95,0,0,26,9062,0,496,0,496
545038,Buffering,18432,52,48,95,0,0,26,9065,0,496,0,496
545293,Buffering,27648,78,48,95,0,0,26,9069,0,496,0,496
545546,Buffering,46080,130,48,95,0,0,26,9071,0,496,0,496
545750,Reconnecting,0,0,48,96,0,0,26,9074,79,496,80,496
546002,Reconnecting,0,0,48,96,0,0,26,9074,79,496,80,496
546254,Reconnecting,0,0,48,96,0,0,26,9074,79,496,80,496
546507,Reconnecting,0,0,48,96,0,0,26,9074,79,496,80,496
546761,Reconnecting,0,0,48,96,0,0,26,9074,79,496,80,496
547012,Reconnecting,0,0,48,96,0,0,26,9074,79,496,80,496
547265,Reconnecting,0,0,48,96,0,0,26,9074,79,496,80,496
547519,Reconnecting,0,0,48,96,0,0,26,9074,79,496,80,496
547772,Reconnecting,0,0,48,96,0,0,26,9074,79,496,80,496
548024,Reconnecting,0,0,48,96,0,0,26,9074,79,496,80,496
548276,Reconnecting,0,0,48,96,0,0,26,9074,79,496,80,496
548529,Reconnecting,0,0,48,96,0,0,26,9074,79,496,80,496
548781,Reconnecting,0,0,48,96,0,0,26,9074,79,496,80,496
549034,Reconnecting,0,0,48,96,0,0,26,9074,79,496,80,496
549287,Reconnecting,0,0,48,96,0,0,26,9074,79,496,80,496
549541,Reconnecting,0,0,48,96,0,0,26,9074,79,496,80,496
549793,Reconnecting,0,0,48,96,0,0,26,9074,79,496,80,496
550048,Reconnecting,0,0,48,96,0,0,26,9074,79,496,80,496
550299,Reconnecting,0,0,48,96,0,0,26,9074,79,496,80,496
550502,Reconnecting,0,0,48,96,0,0,26,9074,79,496,80,496
550755,Reconnecting,0,0,48,96,0,0,27,9074,79,496,80,496
551007,Reconnecting,0,0,48,96,0,0,27,9074,79,496,80,496
551258,Reconnecting,0,0,48,96,0,0,27,9074,79,496,80,496
551512,Reconnecting,0,0,48,96,0,0,27,9103,0,496,80,496
551767,Reconnecting,0,0,48,96,0,0,27,9103,0,496,80,496
552020,Reconnecting,0,0,48,96,0,0,27,9103,0,496,80,496
552273,Reconnecting,0,0,48,96,0,0,27,9103,0,496,80,496
552526,Reconnecting,0,0,48,96,0,0,27,9103,0,496,80,496
552779,Reconnecting,0,0,48,96,0,0,27,9103,0,496,80,496
553032,Reconnecting,0,0,48,96,0,0,27,9103,0,496,80,496
553284,Reconnecting,0,0,48,96,0,0,27,9103,0,496,80,496
553539,Reconnecting,0,0,48,96,0,0,27,9103,0,496,80,496
553792,Reconnecting,0,0,48,96,0,0,27,9103,0,496,80,496
554045,Reconnecting,0,0,48,96,0,0,27,9103,0,496,80,496
554299,Reconnecting,0,0,48,96,0,0,27,9103,0,496,80,496
554501,Reconnecting,0,0,48,96,0,0,27,9103,0,496,80,496
554753,Reconnecting,0,0,48,96,0,0,27,9103,0,496,80,496
555005,Reconnecting,0,0,48,96,0,0,27,9103,0,496,80,496
555258,Reconnecting,0,0,48,96,0,0,27,9103,0,496,80,496
555511,Reconnecting,0,0,48,96,0,0,27,9103,0,496,80,496
555764,Reconnecting,0,0,48,96,0,0,27,9103,0,496,80,496
556017,Reconnecting,0,0,48,96,0,0,27,9103,0,496,80,496
556271,Reconnecting,0,0,48,96,0,0,27,9103,0,496,80,496
556524,Reconnecting,0,0,48,96,0,0,28,9103,0,496,80,496
556777,Reconnecting,0,0,48,96,0,0,28,9103,0,496,80,496
557030,Reconnecting,0,0,48,96,0,0,28,9103,0,496,80,496
557283,Reconnecting,599040,1697,48,96,0,0,28,9194,0,496,0,496
557537,Reconnecting,1188864,3369,48,96,0,0,28,9217,12,496,12,496
557789,Reconnecting,1216512,3448,48,96,0,0,28,9222,63,496,63,496
558042,Reconnecting,1225728,3474,48,96,0,0,28,9227,0,496,0,496
558294,Reconnecting,1253376,3552,48,96,0,0,28,9231,115,496,115,496
558548,Reconnecting,1253376,3552,48,96,0,0,28,9236,0,496,0,496
558751,Reconnecting,1262592,3578,48,96,0,0,28,9239,0,496,0,496
559004,Reconnecting,1299456,3683,48,96,0,0,28,9244,0,496,0,496
559258,Reconnecting,1327104,3761,48,96,0,0,28,9247,160,496,160,496
559511,Reconnecting,1373184,3892,48,96,0,0,28,9254,0,496,0,496
559765,Reconnecting,1410048,3996,48,96,0,0,28,9259,0,496,0,496
560018,Reconnecting,1410048,3996,48,96,0,0,28,9263,0,496,0,496
560271,Playing,1361920,3860,48,96,0,0,28,9266,0,496,0,496
560524,Playing,1290240,3657,48,96,0,0,28,9272,0,496,0,496
560779,Playing,1236992,3506,48,96,0,0,28,9277,0,496,0,496
561031,Playing,1173504,3326,48,96,0,0,28,9283,0,496,0,496
561284,Playing,1092608,3096,48,96,0,0,28,9286,0,496,0,496
561538,Playing,1020928,2893,48,96,0,0,28,9291,0,496,0,496
561791,Playing,958464,2716,48,96,0,0,28,9295,59,496,59,496
562043,Playing,877568,2487,48,96,0,0,28,9300,0,496,0,496
562297,Playing,815104,2310,48,96,0,0,28,9306,0,496,0,496
562550,Playing,734208,2081,48,96,0,0,28,9309,0,496,0,496
562751,Playing,723968,2052,48,96,0,0,28,9313,0,496,0,496
563002,Playing,661504,1875,48,96,0,0,28,9317,130,496,130,496
563256,Playing,599040,1697,48,96,0,0,28,9321,0,496,0,496
563510,Playing,536576,1520,48,96,0,0,28,9327,0,496,0,496
563763,Playing,483328,1369,48,96,0,0,28,9330,64,496,64,496
564015,Playing,410624,1163,48,96,0,0,28,9335,0,496,0,496
564268,Playing,329728,934,48,96,0,0,28,9339,64,496,64,496
564522,Playing,276480,783,48,96,0,0,28,9345,110,496,110,496
564774,Playing,214016,606,48,96,0,0,28,9349,0,496,0,496
565028,Playing,169984,481,48,96,0,0,28,9353,0,496,0,496
565280,Playing,98304,278,48,96,0,0,28,9356,116,496,116,496
565534,Playing,26624,75,48,96,0,0,28,9361,0,496,0,496
565787,Buffering,9216,26,49,96,0,0,28,9367,0,496,0,496
566041,Buffering,18432,52,49,96,0,0,28,9374,0,496,0,496
566293,Buffering,27648,78,49,96,0,0,28,9377,0,496,0,496
566545,Buffering,36864,104,49,96,0,0,28,9384,0,496,0,496
566798,Buffering,64512,182,49,96,0,0,28,9386,0,496,0,496
567000,Buffering,92160,261,49,96,0,0,28,9391,0,496,0,496
567253,Buffering,110592,313,49,96,0,0,28,9394,0,496,0,496
567504,Buffering,156672,444,49,96,0,0,28,9399,0,496,0,496
567758,Buffering,211968,600,49,96,0,0,28,9403,0,496,0,496
568010,Buffering,230400,653,49,96,0,0,28,9407,14,496,14,496
568262,Buffering,267264,757,49,96,0,0,28,9412,57,496,57,496
568514,Buffering,276480,783,49,96,0,0,28,9418,0,496,0,496
568767,Buffering,313344,888,49,96,0,0,28,9423,0,496,0,496
569020,Buffering,331776,940,49,96,0,0,28,9426,0,496,0,496
569272,Buffering,305152,864,49,97,0,0,28,9430,0,496,0,496
569525,Buffering,241664,684,49,97,0,0,28,9436,0,496,0,496
569777,Buffering,179200,507,49,97,0,0,28,9439,110,496,110,496
570030,Buffering,98304,278,49,97,0,0,28,9444,0,496,0,496
570283,Buffering,35840,101,49,97,0,0,28,9447,0,496,0,496
570537,Buffering,9216,26,49,97,0,0,28,9453,0,496,0,496
570788,Buffering,46080,130,49,97,0,0,28,9458,0,496,0,496
571041,Buffering,46080,130,49,97,0,0,28,9462,0,496,0,496
571294,Buffering,82944,235,49,97,0,0,28,9467,0,496,0,496
571546,Playing,52224,148,49,98,0,0,28,9470,133,496,133,496
571799,Buffering,0,0,50,98,0,0,28,9476,0,496,0,496
572002,Buffering,18432,52,50,98,0,0,28,9478,0,496,0,496
572254,Buffering,73728,208,50,98,0,0,28,9482,0,496,0,496
572508,Buffering,110592,313,50,98,0,0,28,9487,0,496,0,496
572760,Buffering,156672,444,50,98,0,0,28,9492,0,496,0,496
573013,Buffering,165888,470,50,98,0,0,28,9496,15,496,15,496
573266,Buffering,175104,496,50,98,0,0,28,9501,0,496,0,496
573519,Buffering,202752,574,50,98,0,0,28,9505,130,496,130,496
573772,Buffering,230400,653,50,98,0,0,28,9509,0,496,0,496
574025,Buffering,258048,731,50,98,0,0,28,9514,0,496,0,496
574277,Buffering,267264,757,50,98,0,0,28,9518,67,496,67,496
574530,Buffering,276480,783,50,98,0,0,28,9521,165,496,165,496
574782,Buffering,331776,940,50,98,0,0,28,9527,0,496,0,496
575036,Buffering,331776,940,50,98,0,0,28,9531,0,496,0,496
575288,Buffering,361472,1024,50,99,0,0,28,9535,0,496,0,496
575540,Buffering,297984,844,50,99,0,0,28,9541,0,496,0,496
575793,Buffering,217088,615,50,99,0,0,28,9544,0,496,0,496
576045,Buffering,154624,438,50,99,0,0,28,9549,0,496,0,496
576297,Buffering,110592,313,50,99,0,0,28,9553,0,496,0,496
576549,Buffering,57344,162,50,99,0,0,28,9558,0,496,0,496
576752,Buffering,0,0,50,99,0,0,28,9560,63,496,63,496
577005,Buffering,46080,130,50,99,0,0,28,9566,0,496,0,496
577259,Buffering,64512,182,50,99,0,0,28,9569,0,496,0,496
577512,Playing,35840,101,50,100,0,0,28,9573,0,496,0,496
577765,Buffering,18432,52,51,100,0,0,28,9579,0,496,0,496
578018,Buffering,18432,52,51,100,0,0,28,9583,0,496,0,496
578270,Buffering,46080,130,51,100,0,0,28,9587,116,496,116,496
578522,Buffering,82944,235,51,100,0,0,28,9592,0,496,0,496
578775,Buffering,119808,339,51,100,0,0,28,9598,63,496,63,496
579028,Buffering,129024,365,51,100,0,0,28,9601,176,496,176,496
579281,Buffering,165888,470,51,100,0,0,28,9605,0,496,0,496
579549,Buffering,202752,574,51,100,0,0,28,9610,0,496,0,496
579752,Buffering,221184,626,51,100,0,0,28,9613,0,496,0,496
580004,Buffering,248832,705,51,100,0,0,28,9619,0,496,0,496
580256,Buffering,267264,757,51,100,0,0,28,9625,0,496,0,496
580509,Buffering,294912,835,51,100,0,0,28,9627,0,496,0,496
580763,Buffering,331776,940,51,100,0,0,28,9632,0,496,0,496
581015,Buffering,285696,809,51,101,0,0,28,9638,0,496,0,496
581269,Buffering,214016,606,51,101,0,0,28,9641,0,496,0,496
581523,Buffering,160768,455,51,101,0,0,28,9647,0,496,0,496
581777,Buffering,107520,304,51,101,0,0,28,9652,0,496,0,496
582029,Buffering,71680,203,51,101,0,0,28,9657,0,496,0,496
582282,Buffering,0,0,51,101,0,0,28,9660,66,496,66,496
582534,Buffering,9216,26,51,101,0,0,28,9662,0,496,0,496
582787,Buffering,46080,130,51,101,0,0,28,9667,0,496,0,496
583040,Buffering,64512,182,51,101,0,0,28,9673,0,496,0,496
583294,Reconnecting,0,0,51,102,0,0,28,9677,59,496,59,496
583547,Reconnecting,0,0,51,102,0,0,28,9677,59,496,59,496
583799,Reconnecting,0,0,51,102,0,0,28,9677,59,496,59,496
584001,Reconnecting,0,0,51,102,0,0,28,9677,59,496,59,496
584253,Reconnecting,0,0,51,102,0,0,28,9677,59,496,59,496
584506,Reconnecting,0,0,51,102,0,0,28,9677,59,496,59,496
584761,Reconnecting,0,0,51,102,0,0,28,9677,59,496,59,496
585014,Reconnecting,0,0,51,102,0,0,28,9677,59,496,59,496
585267,Reconnecting,0,0,51,102,0,0,28,9677,59,496,59,496
585520,Reconnecting,0,0,51,102,0,0,28,9677,59,496,59,496
585773,Reconnecting,0,0,51,102,0,0,28,9677,59,496,59,496
586027,Reconnecting,0,0,51,102,0,0,28,9677,59,496,59,496
586281,Reconnecting,0,0,51,102,0,0,28,9677,59,496,59,496
586534,Reconnecting,0,0,51,102,0,0,28,9677,59,496,59,496
586787,Reconnecting,0,0,51,102,0,0,28,9677,59,496,59,496
587040,Reconnecting,0,0,51,102,0,0,28,9677,59,496,59,496
587293,Reconnecting,0,0,51,102,0,0,28,9677,59,496,59,496
587547,Reconnecting,0,0,51,102,0,0,28,9677,59,496,59,496
587799,Reconnecting,0,0,51,102,0,0,28,9677,59,496,59,496
588002,Reconnecting,0,0,51,102,0,0,28,9677,59,496,59,496
588254,Reconnecting,0,0,51,102,0,0,28,9677,59,496,59,496
588506,Reconnecting,0,0,51,102,0,0,29,9677,59,496,59,496
588759,Reconnecting,0,0,51,102,0,0,29,9677,59,496,59,496
589012,Reconnecting,73728,208,51,102,0,0,29,9722,0,496,0,496
589264,Reconnecting,847872,2403,51,102,0,0,29,9776,0,496,0,496
589518,Reconnecting,1336320,3787,51,102,0,0,29,9794,0,496,0,496
589770,Reconnecting,1363968,3866,51,102,0,0,29,9796,0,496,0,496
590023,Playing,1429504,4051,51,102,0,0,29,9802,0,496,0,496
590276,Playing,1339392,3796,51,102,0,0,29,9806,0,496,0,496
590528,Playing,1294336,3668,51,102,0,0,29,9810,110,496,110,496
590781,Playing,1222656,3465,51,102,0,0,29,9813,13,496,13,496
591034,Playing,1141760,3236,51,102,0,0,29,9818,0,496,0,496
591287,Playing,1079296,3059,51,102,0,0,29,9822,116,496,116,496
591540,Playing,1053696,2986,51,102,0,0,29,9825,38,496,38,496
591792,Playing,963584,2731,51,102,0,0,29,9830,0,496,0,496
592045,Playing,901120,2554,51,102,0,0,29,9834,65,496,65,496
592298,Playing,856064,2426,51,102,0,0,29,9841,0,496,0,496
592501,Playing,782336,2217,51,102,0,0,29,9842,14,496,14,496
592753,Playing,738304,2092,51,102,0,0,29,9848,0,496,0,496
593005,Playing,666624,1889,51,102,0,0,29,9852,0,496,0,496
593260,Playing,585728,1660,51,102,0,0,29,9858,0,496,0,496
593513,Playing,541696,1535,51,102,0,0,29,9863,0,496,0,496
593764,Playing,468992,1329,51,102,0,0,29,9866,0,496,0,496
594018,Playing,406528,1152,51,102,0,0,29,9872,0,496,0,496
594270,Playing,353280,1001,51,102,0,0,29,9877,0,496,0,496
594524,Playing,290816,824,51,102,0,0,29,9883,0,496,0,496
594778,Playing,200704,568,51,102,0,0,29,9887,0,496,0,496
595031,Playing,119808,339,51,102,0,0,29,9892,65,496,65,496
595284,Playing,57344,162,51,102,0,0,29,9899,0,496,0,496
595537,Buffering,27648,78,52,102,0,0,29,9902,0,496,0,496
