t_ms,state,buffered_bytes,buffered_ms,underruns,resumes,play_failures,stream_rebuilds,sessions,chunk_reads,last_chunk_ms,max_chunk_ms,last_push_gap_ms,max_push_gap_ms
50,Off,0,0,0,0,0,0,1,0,0,0,0,0
254,Off,0,0,0,0,0,0,1,0,0,0,0,0
508,Off,0,0,0,0,0,0,1,0,0,0,0,0
761,Off,0,0,0,0,0,0,1,0,0,0,0,0
1014,Off,0,0,0,0,0,0,1,0,0,0,0,0
1266,Playing,1484800,4208,0,0,0,0,1,79,0,159,0,159
1522,Playing,3247104,9203,0,0,0,0,1,150,0,159,0,159
1775,Playing,5202944,14747,0,0,0,0,1,233,0,167,0,168
2029,Playing,5223424,14805,0,0,0,0,1,237,0,173,0,174
2282,Playing,5160960,14628,0,0,0,0,1,238,94,173,94,174
2534,Playing,5189632,14709,0,0,0,0,1,242,0,179,0,179
2788,Playing,5182464,14689,0,0,0,0,1,245,173,179,173,179
3043,Playing,5230592,14825,0,0,0,0,1,250,0,179,0,179
3279,Playing,5176320,14672,0,0,0,0,1,251,111,179,111,179
3532,Playing,5196800,14730,0,0,0,0,1,255,0,179,0,179
3785,Playing,5189632,14709,0,0,0,0,1,258,178,179,179,179
4039,Playing,5210112,14767,0,0,0,0,1,262,179,179,179,179
4292,Playing,5166080,14643,0,0,0,0,1,267,175,179,13,179
4546,Playing,5140480,14570,0,0,0,0,1,269,0,179,0,179
4799,Playing,5169152,14651,0,0,0,0,1,273,177,179,177,179
5001,Playing,5150720,14599,0,0,0,0,1,275,0,179,0,179
5255,Playing,5143552,14579,0,0,0,0,1,278,95,179,95,179
5508,Playing,5191680,14715,0,0,0,0,1,283,0,181,0,181
5761,Playing,5184512,14695,0,0,0,0,1,286,0,181,0,181
6014,Playing,5177344,14675,0,0,0,0,1,289,0,181,0,181
6268,Playing,5170176,14654,0,0,0,0,1,292,13,181,13,181
6520,Playing,5171200,14657,0,0,0,0,1,295,12,181,12,181
6772,Playing,5164032,14637,0,0,0,0,1,298,94,181,94,181
7025,Playing,5129216,14538,0,0,0,0,1,300,0,181,0,181
7276,Playing,5122048,14518,0,0,0,0,1,306,85,199,85,199
7529,Playing,5114880,14497,0,0,0,0,1,309,95,199,95,199
7782,Playing,5163008,14634,0,0,0,0,1,314,0,199,0,199
8035,Playing,5164032,14637,0,0,0,0,1,317,0,333,0,334
8288,Playing,5184512,14695,0,0,0,0,1,321,0,333,0,334
8542,Playing,5122048,14518,0,0,0,0,1,322,96,333,96,334
8794,Playing,5142528,14576,0,0,0,0,1,326,0,333,0,334
9048,Playing,5163008,14634,0,0,0,0,1,330,0,333,0,334
9250,Playing,5125120,14526,0,0,0,0,1,331,95,333,95,334
9503,Playing,5145600,14585,0,0,0,0,1,335,174,333,174,334
9756,Playing,5156864,14616,0,0,0,0,1,341,0,333,13,334
10007,Playing,5131264,14544,0,0,0,0,1,344,0,333,0,334
10260,Playing,5096448,14445,0,0,0,0,1,346,0,333,0,334
10512,Playing,5089280,14425,0,0,0,0,1,349,93,333,93,334
10767,Playing,5109760,14483,0,0,0,0,1,353,0,333,0,334
11021,Playing,5138432,14564,0,0,0,0,1,357,194,333,194,334
11274,Playing,5158912,14622,0,0,0,0,1,361,0,333,0,334
11528,Playing,5096448,14445,0,0,0,0,1,362,83,333,83,334
11780,Playing,5116928,14503,0,0,0,0,1,366,0,333,0,334
12032,Playing,5137408,14561,0,0,0,0,1,370,0,333,0,334
12285,Playing,5130240,14541,0,0,0,0,1,373,0,333,0,334
12536,Playing,5131264,14544,0,0,0,0,1,376,175,333,176,334
12789,Playing,5096448,14445,0,0,0,0,1,381,0,333,0,334
13041,Playing,5089280,14425,0,0,0,0,1,384,96,333,96,334
13295,Playing,5109760,14483,0,0,0,0,1,388,0,333,0,334
13549,Playing,5130240,14541,0,0,0,0,1,392,0,333,0,334
13751,Playing,5084160,14410,0,0,0,0,1,393,98,333,98,334
14004,Playing,5085184,14413,0,0,0,0,1,396,94,333,94,334
14258,Playing,5105664,14471,0,0,0,0,1,400,174,333,174,334
14510,Playing,5070848,14373,0,0,0,0,1,402,0,333,0,334
14763,Playing,5091328,14431,0,0,0,0,1,406,15,333,15,334
15017,Playing,5084160,14410,0,0,0,0,1,409,94,333,94,334
15270,Playing,5104640,14468,0,0,0,0,1,413,175,333,175,334
15523,Playing,5060608,14344,0,0,0,0,1,417,0,333,11,334
15776,Playing,5043200,14294,0,0,0,0,1,420,94,333,94,334
16029,Playing,5063680,14352,0,0,0,0,1,424,0,333,0,334
16282,Playing,5084160,14410,0,0,0,0,1,428,0,333,0,334
16534,Playing,5076992,14390,0,0,0,0,1,431,176,333,176,334
16787,Playing,5042176,14291,0,0,0,0,1,433,0,333,0,334
17040,Playing,5062656,14349,0,0,0,0,1,437,0,333,0,334
17293,Playing,5063680,14352,0,0,0,0,1,440,0,333,0,334
17545,Playing,5111808,14489,0,0,0,0,1,445,0,333,0,334
17799,Playing,5104640,14468,0,0,0,0,1,448,0,333,0,334
18001,Playing,5086208,14416,0,0,0,0,1,450,0,333,0,334
18255,Playing,5069824,14370,0,0,0,0,1,456,0,333,0,334
18507,Playing,5070848,14373,0,0,0,0,1,459,2,333,2,334
18759,Playing,5036032,14274,0,0,0,0,1,461,0,333,0,334
19012,Playing,5028864,14254,0,0,0,0,1,464,0,333,0,334
19266,Playing,5049344,14312,0,0,0,0,1,468,0,333,0,334
19519,Playing,5042176,14291,0,0,0,0,1,471,174,333,174,334
19773,Playing,5007360,14193,0,0,0,0,1,473,0,333,0,334
20025,Playing,5036032,14274,0,0,0,0,1,477,96,333,96,334
20285,Playing,5048320,14309,0,0,0,0,1,481,0,333,0,334
20539,Playing,5041152,14288,0,0,0,0,1,484,0,333,0,334
20792,Playing,5042176,14291,0,0,0,0,1,487,179,333,179,334
21044,Playing,5035008,14271,0,0,0,0,1,490,0,333,0,334
21299,Playing,4990976,14146,0,0,0,0,1,495,0,333,0,334
21501,Playing,5027840,14251,0,0,0,0,1,499,16,333,16,334
21754,Playing,4993024,14152,0,0,0,0,1,501,0,333,0,334
22008,Playing,5013504,14210,0,0,0,0,1,505,0,333,0,334
22259,Playing,5014528,14213,0,0,0,0,1,508,0,333,0,334
22512,Playing,5007360,14193,0,0,0,0,1,511,0,333,0,334
22765,Playing,5027840,14251,0,0,0,0,1,515,18,333,18,334
23019,Playing,5048320,14309,0,0,0,0,1,519,0,333,0,334
23272,Playing,5041152,14288,0,0,0,0,1,522,99,333,99,334
23525,Playing,5006336,14190,0,0,0,0,1,524,1,333,1,334
23779,Playing,4999168,14169,0,0,0,0,1,527,94,333,94,334
24031,Playing,5018624,14225,0,0,0,0,1,534,13,333,13,334
24283,Playing,4956160,14048,0,0,0,0,1,535,182,333,182,334
24537,Playing,4976640,14106,0,0,0,0,1,539,0,333,0,334
24789,Playing,4969472,14085,0,0,0,0,1,542,178,333,178,334
25041,Playing,4989952,14143,0,0,0,0,1,546,0,333,0,334
25294,Playing,4982784,14123,0,0,0,0,1,549,0,333,0,334
25548,Playing,4947968,14024,0,0,0,0,1,551,177,333,177,334
25751,Playing,4993024,14152,0,0,0,0,1,555,177,333,177,334
26004,Playing,4958208,14053,0,0,0,0,1,557,0,333,0,334
26257,Playing,4951040,14033,0,0,0,0,1,560,91,333,91,334
26511,Playing,4971520,14091,0,0,0,0,1,564,175,333,175,334
26764,Playing,4964352,14071,0,0,0,0,1,570,0,333,0,334
27018,Playing,4965376,14074,0,0,0,0,1,573,1,333,1,334
27272,Playing,4930560,13975,0,0,0,0,1,575,0,333,0,334
27524,Playing,4951040,14033,0,0,0,0,1,579,0,333,0,334
27778,Playing,4943872,14013,0,0,0,0,1,582,176,333,176,334
28030,Playing,4964352,14071,0,0,0,0,1,586,0,333,0,334
28282,Playing,4984832,14129,0,0,0,0,1,590,0,333,0,334
28536,Playing,4922368,13952,0,0,0,0,1,591,180,333,180,334
28789,Playing,4951040,14033,0,0,0,0,1,595,0,333,0,334
29042,Playing,4971520,14091,0,0,0,0,1,599,0,333,0,334
29293,Playing,4964352,14071,0,0,0,0,1,602,96,333,96,334
29545,Playing,4929536,13972,0,0,0,0,1,607,0,333,12,334
29798,Playing,4922368,13952,0,0,0,0,1,610,1,333,1,334
30000,Playing,4967424,14080,0,0,0,0,1,614,0,333,0,334
30253,Playing,4904960,13902,0,0,0,0,1,615,99,333,99,334
30508,Playing,4897792,13882,0,0,0,0,1,618,98,333,98,334
30760,Playing,4945920,14019,0,0,0,0,1,623,0,333,0,334
31014,Playing,4966400,14077,0,0,0,0,1,627,0,333,0,334
31268,Playing,4959232,14056,0,0,0,0,1,630,1,333,1,334
31521,Playing,4904960,13902,0,0,0,0,1,631,94,333,94,334
31774,Playing,4925440,13960,0,0,0,0,1,635,14,333,14,334
32028,Playing,4918272,13940,0,0,0,0,1,638,95,333,95,334
32281,Playing,4938752,13998,0,0,0,0,1,645,0,333,13,334
32535,Playing,4876288,13821,0,0,0,0,1,646,94,333,94,334
32789,Playing,4896768,13879,0,0,0,0,1,650,0,333,0,334
33042,Playing,4917248,13937,0,0,0,0,1,654,0,333,0,334
33294,Playing,4918272,13940,0,0,0,0,1,657,0,333,0,334
33548,Playing,4911104,13920,0,0,0,0,1,660,97,333,97,334
33800,Playing,4876288,13821,0,0,0,0,1,662,0,333,0,334
34002,Playing,4913152,13926,0,0,0,0,1,666,0,333,0,334
34255,Playing,4878336,13827,0,0,0,0,1,668,0,333,0,334
34506,Playing,4898816,13885,0,0,0,0,1,672,0,333,0,334
34759,Playing,4899840,13888,0,0,0,0,1,675,0,333,0,334
35011,Playing,4920320,13946,0,0,0,0,1,679,0,333,0,334
35264,Playing,4913152,13926,0,0,0,0,1,685,0,333,0,334
35518,Playing,4850688,13749,0,0,0,0,1,686,173,333,173,334
35771,Playing,4871168,13807,0,0,0,0,1,690,0,333,0,334
36024,Playing,4891648,13865,0,0,0,0,1,694,0,333,0,334
36279,Playing,4892672,13868,0,0,0,0,1,697,0,333,0,334
36533,Playing,4885504,13847,0,0,0,0,1,700,176,333,176,334
36785,Playing,4850688,13749,0,0,0,0,1,702,0,333,0,334
37039,Playing,4871168,13807,0,0,0,0,1,706,173,333,173,334
37292,Playing,4919296,13943,0,0,0,0,1,711,0,333,0,334
37545,Playing,4884480,13844,0,0,0,0,1,713,175,333,175,334
37798,Playing,4904960,13902,0,0,0,0,1,717,0,333,0,334
38000,Playing,4867072,13795,0,0,0,0,1,721,1,333,1,334
38252,Playing,4859904,13775,0,0,0,0,1,724,0,333,0,334
38503,Playing,4825088,13676,0,0,0,0,1,726,0,333,0,334
38756,Playing,4845568,13734,0,0,0,0,1,730,0,333,0,334
39010,Playing,4866048,13792,0,0,0,0,1,734,0,333,0,334
39262,Playing,4858880,13772,0,0,0,0,1,737,175,333,175,334
39515,Playing,4832256,13696,0,0,0,0,1,739,0,333,0,334
39768,Playing,4825088,13676,0,0,0,0,1,742,92,333,92,334
40020,Playing,4845568,13734,0,0,0,0,1,746,0,333,0,334
40273,Playing,4866048,13792,0,0,0,0,1,750,0,333,0,334
40526,Playing,4858880,13772,0,0,0,0,1,753,95,333,95,334
40780,Playing,4842496,13725,0,0,0,0,1,758,0,333,15,334
41034,Playing,4825088,13676,0,0,0,0,1,761,0,333,0,334
41286,Playing,4845568,13734,0,0,0,0,1,765,0,333,0,334
41539,Playing,4838400,13714,0,0,0,0,1,768,0,333,0,334
41792,Playing,4858880,13772,0,0,0,0,1,772,14,333,14,334
42045,Playing,4824064,13673,0,0,0,0,1,774,0,333,0,334
42298,Playing,4844544,13731,0,0,0,0,1,778,0,333,0,334
42501,Playing,4861952,13781,0,0,0,0,1,781,94,333,94,334
42755,Playing,4827136,13682,0,0,0,0,1,783,0,333,0,334
43008,Playing,4819968,13662,0,0,0,0,1,786,100,333,100,334
43261,Playing,4812800,13641,0,0,0,0,1,789,96,333,96,334
43514,Playing,4842496,13725,0,0,0,0,1,796,0,333,15,334
43768,Playing,4844544,13731,0,0,0,0,1,800,8,333,8,334
44021,Playing,4845568,13734,0,0,0,0,1,803,0,333,0,334
44273,Playing,4783104,13557,0,0,0,0,1,804,176,333,176,334
44525,Playing,4803584,13615,0,0,0,0,1,808,177,333,177,334
44779,Playing,4824064,13673,0,0,0,0,1,812,0,333,0,334
45032,Playing,4844544,13731,0,0,0,0,1,816,0,333,0,334
45283,Playing,4790272,13577,0,0,0,0,1,817,178,333,178,334
45538,Playing,4810752,13635,0,0,0,0,1,821,0,333,0,334
45790,Playing,4803584,13615,0,0,0,0,1,824,0,333,0,334
46043,Playing,4824064,13673,0,0,0,0,1,828,174,333,174,334
46296,Playing,4789248,13574,0,0,0,0,1,830,0,333,0,334
46500,Playing,4789248,13574,0,0,0,0,1,836,0,333,0,334
46753,Playing,4790272,13577,0,0,0,0,1,839,19,333,19,334
47008,Playing,4810752,13635,0,0,0,0,1,843,0,333,0,334
47260,Playing,4803584,13615,0,0,0,0,1,846,0,333,0,334
47512,Playing,4768768,13516,0,0,0,0,1,848,0,333,0,334
47765,Playing,4761600,13496,0,0,0,0,1,851,95,333,95,334
48019,Playing,4809728,13633,0,0,0,0,1,856,0,333,0,334
48271,Playing,4802560,13612,0,0,0,0,1,859,0,333,0,334
48524,Playing,4775936,13537,0,0,0,0,1,861,0,333,0,334
48778,Playing,4768768,13516,0,0,0,0,1,864,0,333,0,334
49031,Playing,4789248,13574,0,0,0,0,1,868,0,333,0,334
49285,Playing,4772864,13528,0,0,0,0,1,874,0,333,0,334
49538,Playing,4793344,13586,0,0,0,0,1,878,7,333,7,334
49791,Playing,4730880,13409,0,0,0,0,1,879,177,333,177,334
50044,Playing,4751360,13467,0,0,0,0,1,883,0,333,0,334
50296,Playing,4752384,13470,0,0,0,0,1,886,97,333,97,334
50500,Playing,4733952,13418,0,0,0,0,1,888,0,333,0,334
50753,Playing,4754432,13476,0,0,0,0,1,892,0,333,0,334
51005,Playing,4747264,13455,0,0,0,0,1,895,1,333,1,334
51258,Playing,4767744,13514,0,0,0,0,1,899,95,333,95,334
51510,Playing,4741120,13438,0,0,0,0,1,901,0,333,0,334
51765,Playing,4733952,13418,0,0,0,0,1,904,169,333,169,334
52019,Playing,4754432,13476,0,0,0,0,1,911,0,333,0,334
52272,Playing,4747264,13455,0,0,0,0,1,914,0,333,0,334
52526,Playing,4684800,13278,0,0,0,0,1,915,96,333,96,334
52780,Playing,4732928,13415,0,0,0,0,1,920,0,333,0,334
53033,Playing,4725760,13395,0,0,0,0,1,923,2,333,2,334
53287,Playing,4718592,13374,0,0,0,0,1,926,176,333,176,334
53540,Playing,4747264,13455,0,0,0,0,1,930,0,333,0,334
53792,Playing,4712448,13357,0,0,0,0,1,932,0,333,0,334
54046,Playing,4677632,13258,0,0,0,0,1,934,3,333,3,334
54298,Playing,4753408,13473,0,0,0,0,1,940,15,333,15,334
54501,Playing,4707328,13342,0,0,0,0,1,941,175,333,175,334
54754,Playing,4736000,13424,0,0,0,0,1,945,0,333,0,334
55007,Playing,4701184,13325,0,0,0,0,1,950,0,333,0,334
55259,Playing,4721664,13383,0,0,0,0,1,954,0,333,0,334
55512,Playing,4686848,13284,0,0,0,0,1,956,15,333,15,334
55767,Playing,4679680,13264,0,0,0,0,1,959,0,333,0,334
56019,Playing,4700160,13322,0,0,0,0,1,963,0,333,0,334
56272,Playing,4720640,13380,0,0,0,0,1,967,0,333,0,334
56524,Playing,4666368,13226,0,0,0,0,1,968,97,333,97,334
56777,Playing,4686848,13284,0,0,0,0,1,972,0,333,0,334
57030,Playing,4707328,13342,0,0,0,0,1,976,0,333,0,334
57283,Playing,4700160,13322,0,0,0,0,1,979,0,333,0,334
57537,Playing,4692992,13302,0,0,0,0,1,982,175,333,176,334
57790,Playing,4658176,13203,0,0,0,0,1,987,0,333,0,334
58044,Playing,4659200,13206,0,0,0,0,1,990,0,333,0,334
58297,Playing,4679680,13264,0,0,0,0,1,994,14,333,15,334
58500,Playing,4688896,13290,0,0,0,0,1,997,0,333,0,334
58751,Playing,4681728,13270,0,0,0,0,1,1000,93,333,93,334
59004,Playing,4682752,13273,0,0,0,0,1,1003,0,333,0,334
59258,Playing,4703232,13331,0,0,0,0,1,1007,0,333,0,334
59510,Playing,4696064,13310,0,0,0,0,1,1010,0,333,0,334
59762,Playing,4688896,13290,0,0,0,0,1,1013,95,333,95,334
60016,Playing,4654080,13191,0,0,0,0,1,1015,0,333,0,334
60271,Playing,4674560,13249,0,0,0,0,1,1019,173,333,173,334
60524,Playing,4667392,13229,0,0,0,0,1,1025,0,333,0,334
60778,Playing,4687872,13287,0,0,0,0,1,1029,0,333,0,334
61031,Playing,4633600,13133,0,0,0,0,1,1030,94,333,94,334
61285,Playing,4626432,13113,0,0,0,0,1,1033,175,333,175,334
61538,Playing,4646912,13171,0,0,0,0,1,1037,0,333,0,334
61791,Playing,4639744,13151,0,0,0,0,1,1040,0,333,0,334
62045,Playing,4687872,13287,0,0,0,0,1,1045,0,337,0,337
62299,Playing,4708352,13345,0,0,0,0,1,1049,16,337,16,337
62502,Playing,4670464,13238,0,0,0,0,1,1050,174,337,174,337
62753,Playing,4690944,13296,0,0,0,0,1,1054,0,337,0,337
63008,Playing,4656128,13197,0,0,0,0,1,1056,0,337,0,337
63261,Playing,4639744,13151,0,0,0,0,1,1061,0,337,10,337
63514,Playing,4641792,13157,0,0,0,0,1,1065,0,337,0,337
63768,Playing,4634624,13136,0,0,0,0,1,1068,0,337,0,337
64021,Playing,4599808,13038,0,0,0,0,1,1070,0,337,0,337
64273,Playing,4628480,13119,0,0,0,0,1,1074,0,337,0,337
64526,Playing,4621312,13098,0,0,0,0,1,1077,174,337,174,337
64779,Playing,4641792,13157,0,0,0,0,1,1081,0,337,0,337
65032,Playing,4662272,13215,0,0,0,0,1,1085,0,337,0,337
65283,Playing,4599808,13038,0,0,0,0,1,1086,176,337,176,337
65537,Playing,4656128,13197,0,0,0,0,1,1091,0,337,0,337
65790,Playing,4648960,13177,0,0,0,0,1,1094,0,337,0,337
66042,Playing,4632576,13130,0,0,0,0,1,1099,0,337,15,337
66294,Playing,4579328,12979,0,0,0,0,1,1101,0,337,0,337
66547,Playing,4572160,12959,0,0,0,0,1,1104,95,337,95,337
66750,Playing,4617216,13087,0,0,0,0,1,1108,176,337,176,337
67003,Playing,4582400,12988,0,0,0,0,1,1110,0,337,0,337
67257,Playing,4575232,12968,0,0,0,0,1,1113,95,337,95,337
67510,Playing,4595712,13026,0,0,0,0,1,1117,95,337,95,337
67763,Playing,4616192,13084,0,0,0,0,1,1121,0,337,0,337
68016,Playing,4609024,13064,0,0,0,0,1,1124,0,337,0,337
68268,Playing,4601856,13043,0,0,0,0,1,1127,0,337,0,337
68521,Playing,4602880,13046,0,0,0,0,1,1130,19,337,19,337
68776,Playing,4623360,13104,0,0,0,0,1,1134,0,337,0,337
69029,Playing,4606976,13058,0,0,0,0,1,1140,16,337,16,337
69283,Playing,4572160,12959,0,0,0,0,1,1142,90,337,90,337
69536,Playing,4564992,12939,0,0,0,0,1,1145,0,337,0,337
69790,Playing,4585472,12997,0,0,0,0,1,1149,0,337,0,337
70044,Playing,4578304,12977,0,0,0,0,1,1152,0,337,0,337
70297,Playing,4571136,12956,0,0,0,0,1,1155,14,337,14,337
70550,Playing,4627456,13116,0,0,0,0,1,1160,14,337,14,337
70768,Playing,4545536,12884,0,0,0,0,1,1160,14,337,14,337
71021,Playing,4593664,13020,0,0,0,0,1,1165,0,340,0,340
71274,Playing,4614144,13078,0,0,0,0,1,1169,0,340,0,340
71526,Playing,4587520,13003,0,0,0,0,1,1171,95,340,95,340
71779,Playing,4543488,12878,0,0,0,0,1,1176,0,340,0,340
72031,Playing,4563968,12936,0,0,0,0,1,1180,0,340,0,340
72284,Playing,4556800,12916,0,0,0,0,1,1183,0,340,0,340
72539,Playing,4521984,12817,0,0,0,0,1,1185,14,340,15,340
72791,Playing,4514816,12797,0,0,0,0,1,1188,93,340,93,340
73044,Playing,4515840,12800,0,0,0,0,1,1191,172,340,172,340
73297,Playing,4563968,12936,0,0,0,0,1,1196,0,340,0,340
73500,Playing,4517888,12805,0,0,0,0,1,1197,96,340,96,340
73753,Playing,4538368,12863,0,0,0,0,1,1201,177,340,177,340
74007,Playing,4558848,12921,0,0,0,0,1,1205,0,340,0,340
74260,Playing,4524032,12823,0,0,0,0,1,1207,0,340,0,340
74512,Playing,4525056,12826,0,0,0,0,1,1210,0,340,0,340
74765,Playing,4508672,12779,0,0,0,0,1,1216,0,340,0,340
75019,Playing,4501504,12759,0,0,0,0,1,1219,94,340,94,340
75271,Playing,4521984,12817,0,0,0,0,1,1223,0,340,0,340
75523,Playing,4459520,12640,0,0,0,0,1,1224,95,340,95,340
75778,Playing,4507648,12776,0,0,0,0,1,1229,0,340,0,340
76031,Playing,4508672,12779,0,0,0,0,1,1232,14,340,14,340
76284,Playing,4529152,12837,0,0,0,0,1,1236,1,340,1,340
76536,Playing,4521984,12817,0,0,0,0,1,1239,95,340,95,340
76789,Playing,4487168,12718,0,0,0,0,1,1241,0,340,0,340
77042,Playing,4480000,12698,0,0,0,0,1,1244,95,340,95,340
77295,Playing,4500480,12756,0,0,0,0,1,1248,92,340,92,340
77549,Playing,4493312,12736,0,0,0,0,1,1254,0,340,0,340
77763,Playing,4530176,12840,0,0,0,0,1,1258,0,340,0,340
78016,Playing,4467712,12663,0,0,0,0,1,1259,173,340,174,340
78268,Playing,4496384,12744,0,0,0,0,1,1263,0,340,0,340
78520,Playing,4489216,12724,0,0,0,0,1,1266,94,340,94,340
78773,Playing,4509696,12782,0,0,0,0,1,1270,95,340,95,340
79026,Playing,4502528,12762,0,0,0,0,1,1273,97,340,98,340
79279,Playing,4467712,12663,0,0,0,0,1,1275,0,340,0,340
79533,Playing,4496384,12744,0,0,0,0,1,1279,96,340,96,340
79786,Playing,4516864,12802,0,0,0,0,1,1283,0,340,0,340
80039,Playing,4509696,12782,0,0,0,0,1,1286,14,340,14,340
80293,Playing,4474880,12683,0,0,0,0,1,1291,0,340,0,340
80546,Playing,4467712,12663,0,0,0,0,1,1294,0,340,0,340
80799,Playing,4460544,12643,0,0,0,0,1,1297,173,340,173,340
81002,Playing,4469760,12669,0,0,0,0,1,1300,0,340,0,340
81254,Playing,4470784,12672,0,0,0,0,1,1303,0,340,0,340
81508,Playing,4491264,12730,0,0,0,0,1,1307,0,340,0,340
81761,Playing,4428800,12553,0,0,0,0,1,1308,95,340,95,340
82013,Playing,4449280,12611,0,0,0,0,1,1312,0,340,0,340
82267,Playing,4442112,12591,0,0,0,0,1,1315,176,340,176,340
82521,Playing,4490240,12727,0,0,0,0,1,1320,0,340,0,340
82775,Playing,4483072,12707,0,0,0,0,1,1323,0,340,0,340
83026,Playing,4428800,12553,0,0,0,0,1,1327,0,340,15,340
83279,Playing,4421632,12532,0,0,0,0,1,1330,0,340,0,340
83531,Playing,4442112,12591,0,0,0,0,1,1334,178,340,179,340
83785,Playing,4462592,12649,0,0,0,0,1,1338,0,340,0,340
84038,Playing,4483072,12707,0,0,0,0,1,1342,0,340,0,340
84292,Playing,4420608,12530,0,0,0,0,1,1343,95,340,95,340
84544,Playing,4421632,12532,0,0,0,0,1,1346,96,340,96,340
84797,Playing,4442112,12591,0,0,0,0,1,1350,0,340,0,340
85000,Playing,4423680,12538,0,0,0,0,1,1352,0,340,0,340
85253,Playing,4444160,12596,0,0,0,0,1,1356,0,340,0,340
85507,Playing,4436992,12576,0,0,0,0,1,1359,0,340,0,340
85760,Playing,4428800,12553,0,0,0,0,1,1362,177,340,177,340
86013,Playing,4403200,12480,0,0,0,0,1,1367,0,340,0,340
86266,Playing,4396032,12460,0,0,0,0,1,1370,93,340,94,340
86519,Playing,4416512,12518,0,0,0,0,1,1374,0,340,0,340
86772,Playing,4409344,12498,0,0,0,0,1,1377,0,340,0,340
87025,Playing,4429824,12556,0,0,0,0,1,1381,15,340,15,340
87278,Playing,4422656,12535,0,0,0,0,1,1384,98,340,98,340
87530,Playing,4423680,12538,0,0,0,0,1,1387,0,340,0,340
87783,Playing,4416512,12518,0,0,0,0,1,1390,95,340,95,340
88036,Playing,4409344,12498,0,0,0,0,1,1393,89,340,89,340
88288,Playing,4374528,12399,0,0,0,0,1,1395,0,340,0,340
88540,Playing,4395008,12457,0,0,0,0,1,1399,96,340,97,340
88793,Playing,4415488,12515,0,0,0,0,1,1406,95,340,95,340
89046,Playing,4416512,12518,0,0,0,0,1,1409,0,340,0,340
89300,Playing,4409344,12498,0,0,0,0,1,1412,0,340,0,340
89502,Playing,4390912,12445,0,0,0,0,1,1414,0,340,0,340
89756,Playing,4383744,12425,0,0,0,0,1,1417,175,340,175,340
90009,Playing,4404224,12483,0,0,0,0,1,1421,175,340,175,340
90261,Playing,4377600,12408,0,0,0,0,1,1423,15,340,15,340
90513,Playing,4370432,12387,0,0,0,0,1,1426,0,340,0,340
90766,Playing,4390912,12445,0,0,0,0,1,1430,174,340,174,340
91020,Playing,4411392,12503,0,0,0,0,1,1434,0,340,0,340
91273,Playing,4376576,12405,0,0,0,0,1,1436,17,340,17,340
91526,Playing,4369408,12384,0,0,0,0,1,1442,0,340,0,340
91779,Playing,4370432,12387,0,0,0,0,1,1445,0,340,0,340
92031,Playing,4390912,12445,0,0,0,0,1,1449,0,340,0,340
92284,Playing,4383744,12425,0,0,0,0,1,1452,0,340,0,340
92537,Playing,4348928,12326,0,0,0,0,1,1454,0,340,0,340
92790,Playing,4341760,12306,0,0,0,0,1,1457,95,340,95,340
93042,Playing,4362240,12364,0,0,0,0,1,1461,0,340,0,340
93294,Playing,4390912,12445,0,0,0,0,1,1465,0,340,0,340
93548,Playing,4328448,12268,0,0,0,0,1,1466,181,340,181,340
93750,Playing,4365312,12373,0,0,0,0,1,1470,0,340,0,340
94005,Playing,4385792,12431,0,0,0,0,1,1474,0,340,0,340
94257,Playing,4341760,12306,0,0,0,0,1,1479,100,340,100,340
94510,Playing,4370432,12387,0,0,0,0,1,1483,0,340,0,340
94763,Playing,4335616,12289,0,0,0,0,1,1485,0,340,0,340
95017,Playing,4328448,12268,0,0,0,0,1,1488,178,340,178,340
95270,Playing,4376576,12405,0,0,0,0,1,1493,0,340,0,340
95523,Playing,4369408,12384,0,0,0,0,1,1496,0,340,0,340
95776,Playing,4362240,12364,0,0,0,0,1,1499,0,340,0,340
96029,Playing,4327424,12265,0,0,0,0,1,1501,0,340,0,340
96281,Playing,4356096,12347,0,0,0,0,1,1505,0,340,0,340
96534,Playing,4348928,12326,0,0,0,0,1,1508,95,340,95,340
96788,Playing,4314112,12228,0,0,0,0,1,1510,0,340,0,340
97039,Playing,4316160,12234,0,0,0,0,1,1516,0,340,14,340
97291,Playing,4318208,12239,0,0,0,0,1,1520,2,340,2,340
97545,Playing,4311040,12219,0,0,0,0,1,1523,0,340,0,340
97798,Playing,4339712,12300,0,0,0,0,1,1527,1,340,1,340
98001,Playing,4321280,12248,0,0,0,0,1,1529,0,340,0,340
98253,Playing,4314112,12228,0,0,0,0,1,1532,4,340,4,340
98508,Playing,4334592,12286,0,0,0,0,1,1536,0,340,0,340
98761,Playing,4355072,12344,0,0,0,0,1,1540,0,340,0,340
99015,Playing,4292608,12167,0,0,0,0,1,1541,178,340,178,340
99268,Playing,4321280,12248,0,0,0,0,1,1545,0,340,0,340
99522,Playing,4314112,12228,0,0,0,0,1,1548,94,340,94,340
99774,Playing,4316160,12234,0,0,0,0,1,1554,0,340,15,340
100028,Playing,4262912,12083,0,0,0,0,1,1556,0,340,0,340
100282,Playing,4283392,12141,0,0,0,0,1,1560,0,340,0,340
100536,Playing,4248576,12042,0,0,0,0,1,1562,0,340,0,340
100789,Playing,4296704,12178,0,0,0,0,1,1567,0,340,0,340
101042,Playing,4325376,12260,0,0,0,0,1,1571,0,340,0,340
101295,Playing,4290560,12161,0,0,0,0,1,1573,98,340,98,340
101548,Playing,4283392,12141,0,0,0,0,1,1576,0,340,0,340
101751,Playing,4237312,12010,0,0,0,0,1,1577,171,340,171,340
102002,Playing,4265984,12091,0,0,0,0,1,1581,173,340,173,340
102254,Playing,4286464,12149,0,0,0,0,1,1585,0,340,0,340
102508,Playing,4279296,12129,0,0,0,0,1,1588,177,340,177,340
102760,Playing,4216832,11952,0,0,0,0,1,1592,0,340,15,340
103013,Playing,4237312,12010,0,0,0,0,1,1596,0,340,0,340
103266,Playing,4230144,11990,0,0,0,0,1,1599,95,340,95,340
103519,Playing,4250624,12048,0,0,0,0,1,1603,174,340,174,340
103772,Playing,4279296,12129,0,0,0,0,1,1607,0,340,0,340
104024,Playing,4216832,11952,0,0,0,0,1,1608,94,340,94,340
104277,Playing,4264960,12088,0,0,0,0,1,1613,0,340,0,340
104530,Playing,4257792,12068,0,0,0,0,1,1616,0,340,0,340
104782,Playing,4250624,12048,0,0,0,0,1,1619,0,340,0,340
105035,Playing,4271104,12106,0,0,0,0,1,1623,176,340,176,340
105288,Playing,4216832,11952,0,0,0,0,1,1624,98,340,98,340
105540,Playing,4237312,12010,0,0,0,0,1,1631,0,340,0,340
105794,Playing,4230144,11990,0,0,0,0,1,1634,0,340,0,340
106046,Playing,4250624,12048,0,0,0,0,1,1638,0,340,0,340
106299,Playing,4243456,12027,0,0,0,0,1,1641,15,340,15,340
106501,Playing,4233216,11998,0,0,0,0,1,1643,0,340,0,340
106755,Playing,4226048,11978,0,0,0,0,1,1646,96,340,96,340
107008,Playing,4246528,12036,0,0,0,0,1,1650,92,340,92,340
107260,Playing,4211712,11937,0,0,0,0,1,1652,5,340,5,340
107514,Playing,4232192,11996,0,0,0,0,1,1656,0,340,0,340
107766,Playing,4197376,11897,0,0,0,0,1,1658,0,340,0,340
108020,Playing,4198400,11900,0,0,0,0,1,1661,0,340,0,340
108273,Playing,4218880,11958,0,0,0,0,1,1665,0,340,0,340
108526,Playing,4211712,11937,0,0,0,0,1,1671,0,340,0,340
108779,Playing,4204544,11917,0,0,0,0,1,1674,0,340,0,340
109032,Playing,4225024,11975,0,0,0,0,1,1678,0,340,0,340
109285,Playing,4217856,11955,0,0,0,0,1,1681,87,340,87,340
109539,Playing,4246528,12036,0,0,0,0,1,1685,13,340,14,340
109791,Playing,4184064,11859,0,0,0,0,1,1686,177,340,177,340
110045,Playing,4232192,11996,0,0,0,0,1,1691,0,340,0,340
110300,Playing,4225024,11975,0,0,0,0,1,1694,0,340,0,340
110501,Playing,4206592,11923,0,0,0,0,1,1696,0,340,0,340
110753,Playing,4235264,12004,0,0,0,0,1,1700,0,340,0,340
111007,Playing,4218880,11958,0,0,0,0,1,1705,0,340,14,340
111261,Playing,4193280,11885,0,0,0,0,1,1708,93,340,93,340
111512,Playing,4158464,11787,0,0,0,0,1,1710,0,340,0,340
111766,Playing,4178944,11845,0,0,0,0,1,1714,177,340,177,340
112019,Playing,4199424,11903,0,0,0,0,1,1718,0,340,0,340
112272,Playing,4192256,11882,0,0,0,0,1,1721,0,340,0,340
112524,Playing,4220928,11964,0,0,0,0,1,1725,0,340,0,340
112777,Playing,4186112,11865,0,0,0,0,1,1727,0,340,0,340
113030,Playing,4178944,11845,0,0,0,0,1,1730,0,340,0,340
113283,Playing,4199424,11903,0,0,0,0,1,1734,0,340,0,340
113535,Playing,4192256,11882,0,0,0,0,1,1737,97,340,97,340
113789,Playing,4203520,11914,0,0,0,0,1,1741,0,340,0,340
114042,Playing,4150272,11763,0,0,0,0,1,1745,0,340,0,340
114295,Playing,4178944,11845,0,0,0,0,1,1749,0,340,0,340
114548,Playing,4171776,11824,0,0,0,0,1,1752,0,340,0,340
114751,Playing,4153344,11772,0,0,0,0,1,1754,0,340,0,340
115004,Playing,4173824,11830,0,0,0,0,1,1758,0,340,0,340
115258,Playing,4166656,11810,0,0,0,0,1,1761,3,340,3,340
115510,Playing,4187136,11868,0,0,0,0,1,1765,1,340,1,340
115763,Playing,4160512,11792,0,0,0,0,1,1767,0,340,0,340
116016,Playing,4153344,11772,0,0,0,0,1,1770,177,340,177,340
116269,Playing,4173824,11830,0,0,0,0,1,1774,0,340,0,340
116521,Playing,4194304,11888,0,0,0,0,1,1778,0,340,0,340
116774,Playing,4131840,11711,0,0,0,0,1,1782,0,340,0,340
117028,Playing,4124672,11691,0,0,0,0,1,1785,0,340,0,340
117281,Playing,4145152,11749,0,0,0,0,1,1789,13,340,13,340
117534,Playing,4146176,11752,0,0,0,0,1,1792,0,340,0,340
117788,Playing,4111360,11653,0,0,0,0,1,1794,0,340,0,340
118041,Playing,4104192,11633,0,0,0,0,1,1797,97,340,97,340
118292,Playing,4124672,11691,0,0,0,0,1,1801,0,340,0,340
118545,Playing,4117504,11670,0,0,0,0,1,1804,97,340,97,340
118799,Playing,4082688,11572,0,0,0,0,1,1806,0,340,0,340
119000,Playing,4127744,11699,0,0,0,0,1,1810,97,340,97,340
119252,Playing,4148224,11758,0,0,0,0,1,1814,3,340,4,340
119506,Playing,4122624,11685,0,0,0,0,1,1819,0,340,14,340
119758,Playing,4124672,11691,0,0,0,0,1,1823,95,340,95,340
120011,Playing,4117504,11670,0,0,0,0,1,1826,93,340,93,340
120263,Playing,4082688,11572,0,0,0,0,1,1828,0,340,0,340
120518,Playing,4103168,11630,0,0,0,0,1,1832,95,340,95,340
120771,Playing,4104192,11633,0,0,0,0,1,1835,95,340,95,340
121026,Playing,4124672,11691,0,0,0,0,1,1839,0,340,0,340
121283,Playing,4089856,11592,0,0,0,0,1,1841,0,340,0,340
121537,Playing,4110336,11650,0,0,0,0,1,1845,0,340,0,340
121790,Playing,4103168,11630,0,0,0,0,1,1848,0,340,0,340
122042,Playing,4123648,11688,0,0,0,0,1,1852,85,340,85,340
122295,Playing,4107264,11641,0,0,0,0,1,1858,0,340,0,340
122549,Playing,4044800,11464,0,0,0,0,1,1859,172,340,172,340
122752,Playing,4089856,11592,0,0,0,0,1,1863,0,340,0,340
123005,Playing,4082688,11572,0,0,0,0,1,1866,92,340,92,340
123259,Playing,4075520,11551,0,0,0,0,1,1869,0,340,0,340
123512,Playing,4096000,11609,0,0,0,0,1,1873,0,340,0,340
123765,Playing,4088832,11589,0,0,0,0,1,1876,0,340,0,340
124019,Playing,4081664,11569,0,0,0,0,1,1879,0,340,0,340
124272,Playing,4055040,11493,0,0,0,0,1,1881,0,340,0,340
124524,Playing,4103168,11630,0,0,0,0,1,1886,92,340,92,340
124778,Playing,4068352,11531,0,0,0,0,1,1888,0,340,0,340
125030,Playing,4098048,11615,0,0,0,0,1,1895,0,340,15,340
125283,Playing,4072448,11543,0,0,0,0,1,1898,0,340,0,340
125534,Playing,4065280,11522,0,0,0,0,1,1901,0,340,1,340
125786,Playing,4038656,11447,0,0,0,0,1,1903,0,340,0,340
126038,Playing,4059136,11505,0,0,0,0,1,1907,0,340,0,340
126291,Playing,4051968,11485,0,0,0,0,1,1910,175,340,175,340
126543,Playing,4072448,11543,0,0,0,0,1,1914,0,340,0,340
126795,Playing,4009984,11366,0,0,0,0,1,1915,174,340,174,340
127049,Playing,4030464,11424,0,0,0,0,1,1919,174,340,174,340
127252,Playing,4020224,11395,0,0,0,0,1,1921,15,340,15,340
127505,Playing,4040704,11453,0,0,0,0,1,1925,15,340,15,340
127758,Playing,4033536,11432,0,0,0,0,1,1928,0,340,0,340
128011,Playing,3998720,11334,0,0,0,0,1,1930,0,340,0,340
128263,Playing,4019200,11392,0,0,0,0,1,1937,95,340,95,340
128515,Playing,4020224,11395,0,0,0,0,1,1940,0,340,0,340
128768,Playing,3985408,11296,0,0,0,0,1,1942,96,340,96,340
129021,Playing,4033536,11432,0,0,0,0,1,1947,1,340,1,340
129273,Playing,4054016,11490,0,0,0,0,1,1951,0,340,0,340
129527,Playing,4046848,11470,0,0,0,0,1,1954,0,340,0,340
129780,Playing,3984384,11293,0,0,0,0,1,1955,175,340,175,340
130033,Playing,4032512,11430,0,0,0,0,1,1960,0,340,0,340
130287,Playing,4005888,11354,0,0,0,0,1,1962,98,340,98,340
130540,Playing,3998720,11334,0,0,0,0,1,1965,0,340,0,340
130793,Playing,3991552,11313,0,0,0,0,1,1968,96,340,96,340
131047,Playing,3984384,11293,0,0,0,0,1,1974,0,340,0,340
131300,Playing,3977216,11273,0,0,0,0,1,1977,95,340,95,340
131502,Playing,4041728,11456,0,0,0,0,1,1982,15,340,15,340
131754,Playing,3987456,11302,0,0,0,0,1,1983,175,340,175,340
132008,Playing,4007936,11360,0,0,0,0,1,1987,0,340,0,340
132261,Playing,4000768,11340,0,0,0,0,1,1990,0,340,0,340
132512,Playing,3993600,11319,0,0,0,0,1,1993,95,340,95,340
132764,Playing,3986432,11299,0,0,0,0,1,1996,0,340,0,340
133017,Playing,3979264,11279,0,0,0,0,1,1999,95,340,95,340
133270,Playing,4007936,11360,0,0,0,0,1,2003,92,340,92,340
133522,Playing,4000768,11340,0,0,0,0,1,2009,0,340,14,340
133775,Playing,3993600,11319,0,0,0,0,1,2012,1,340,1,340
134030,Playing,3958784,11221,0,0,0,0,1,2014,0,340,0,340
134283,Playing,3979264,11279,0,0,0,0,1,2018,0,340,0,340
134537,Playing,3972096,11258,0,0,0,0,1,2021,0,340,0,340
134790,Playing,3992576,11316,0,0,0,0,1,2025,0,340,0,340
135042,Playing,4013056,11374,0,0,0,0,1,2029,0,340,0,340
135295,Playing,3958784,11221,0,0,0,0,1,2030,175,340,175,340
135548,Playing,3979264,11279,0,0,0,0,1,2034,0,340,0,340
135751,Playing,3933184,11148,0,0,0,0,1,2035,178,340,178,340
136003,Playing,3953664,11206,0,0,0,0,1,2039,173,340,173,340
136256,Playing,3974144,11264,0,0,0,0,1,2043,0,340,0,340
136509,Playing,3947520,11189,0,0,0,0,1,2048,0,340,0,340
136762,Playing,3940352,11168,0,0,0,0,1,2051,0,340,0,340
137015,Playing,3933184,11148,0,0,0,0,1,2054,0,340,0,340
137269,Playing,3926016,11128,0,0,0,0,1,2057,176,340,176,340
137523,Playing,3946496,11186,0,0,0,0,1,2061,0,340,0,340
137776,Playing,3994624,11322,0,0,0,0,1,2066,0,340,0,340
138030,Playing,3959808,11223,0,0,0,0,1,2068,0,340,0,340
138282,Playing,3960832,11226,0,0,0,0,1,2071,0,340,0,340
138535,Playing,3953664,11206,0,0,0,0,1,2074,0,340,0,340
138789,Playing,3946496,11186,0,0,0,0,1,2077,0,340,0,340
139041,Playing,3966976,11244,0,0,0,0,1,2081,0,340,0,340
139294,Playing,3904512,11067,0,0,0,0,1,2085,0,340,0,340
139548,Playing,3897344,11046,0,0,0,0,1,2088,174,340,174,340
139750,Playing,3887104,11017,0,0,0,0,1,2090,0,340,0,340
140002,Playing,3907584,11075,0,0,0,0,1,2094,0,340,0,340
140255,Playing,3900416,11055,0,0,0,0,1,2097,176,340,176,340
140509,Playing,3920896,11113,0,0,0,0,1,2101,0,340,0,340
140763,Playing,3941376,11171,0,0,0,0,1,2105,0,340,0,340
141017,Playing,3934208,11151,0,0,0,0,1,2108,178,340,178,340
141269,Playing,3899392,11052,0,0,0,0,1,2110,0,340,0,340
141523,Playing,3900416,11055,0,0,0,0,1,2113,96,340,96,340
141777,Playing,3920896,11113,0,0,0,0,1,2117,0,340,0,340
142029,Playing,3904512,11067,0,0,0,0,1,2122,0,340,13,340
142282,Playing,3878912,10994,0,0,0,0,1,2125,0,340,0,340
142534,Playing,3871744,10974,0,0,0,0,1,2128,94,340,94,340
142788,Playing,3892224,11032,0,0,0,0,1,2132,0,340,0,340
143040,Playing,3885056,11012,0,0,0,0,1,2135,176,340,176,340
143292,Playing,3913728,11093,0,0,0,0,1,2139,175,340,175,340
143546,Playing,3878912,10994,0,0,0,0,1,2141,0,340,0,340
143799,Playing,3899392,11052,0,0,0,0,1,2145,0,340,0,340
144001,Playing,3880960,11000,0,0,0,0,1,2147,0,340,0,340
144254,Playing,3873792,10980,0,0,0,0,1,2150,0,340,1,340
144507,Playing,3902464,11061,0,0,0,0,1,2154,0,340,0,340
144759,Playing,3895296,11041,0,0,0,0,1,2157,15,340,15,340
145012,Playing,3878912,10994,0,0,0,0,1,2163,0,340,0,340
145264,Playing,3871744,10974,0,0,0,0,1,2166,93,340,93,340
145518,Playing,3864576,10954,0,0,0,0,1,2169,0,340,0,340
145771,Playing,3857408,10933,0,0,0,0,1,2172,0,340,0,340
146023,Playing,3886080,11014,0,0,0,0,1,2176,0,340,0,340
146276,Playing,3878912,10994,0,0,0,0,1,2179,1,340,1,340
146529,Playing,3844096,10895,0,0,0,0,1,2181,0,340,0,340
146782,Playing,3864576,10954,0,0,0,0,1,2185,0,340,0,340
147035,Playing,3885056,11012,0,0,0,0,1,2189,0,340,0,340
147288,Playing,3877888,10991,0,0,0,0,1,2192,0,340,0,340
147541,Playing,3851264,10916,0,0,0,0,1,2194,0,340,0,340
147793,Playing,3807232,10791,0,0,0,0,1,2199,105,340,105,340
148044,Playing,3827712,10849,0,0,0,0,1,2203,0,340,0,340
148297,Playing,3848192,10907,0,0,0,0,1,2207,0,340,0,340
148550,Playing,3785728,10730,0,0,0,0,1,2208,96,340,96,340
148752,Playing,3830784,10858,0,0,0,0,1,2212,91,340,91,340
149005,Playing,3851264,10916,0,0,0,0,1,2216,0,340,0,340
149257,Playing,3816448,10817,0,0,0,0,1,2218,0,340,0,340
149509,Playing,3836928,10875,0,0,0,0,1,2222,0,340,0,340
149761,Playing,3829760,10855,0,0,0,0,1,2225,0,340,0,340
150013,Playing,3830784,10858,0,0,0,0,1,2228,175,340,175,340
150267,Playing,3851264,10916,0,0,0,0,1,2232,177,340,177,340
150520,Playing,3798016,10765,0,0,0,0,1,2236,0,340,13,340
150774,Playing,3772416,10692,0,0,0,0,1,2239,93,340,93,340
151028,Playing,3820544,10829,0,0,0,0,1,2244,14,340,15,340
151280,Playing,3813376,10808,0,0,0,0,1,2247,0,340,0,340
151533,Playing,3778560,10710,0,0,0,0,1,2249,0,340,0,340
151787,Playing,3779584,10713,0,0,0,0,1,2252,0,340,0,340
152040,Playing,3800064,10771,0,0,0,0,1,2256,0,340,0,340
152294,Playing,3792896,10750,0,0,0,0,1,2259,178,340,178,340
152547,Playing,3841024,10887,0,0,0,0,1,2264,0,340,0,340
152799,Playing,3778560,10710,0,0,0,0,1,2265,97,340,97,340
153002,Playing,3815424,10814,0,0,0,0,1,2269,0,340,0,340
153255,Playing,3761152,10660,0,0,0,0,1,2270,94,340,94,340
153509,Playing,3753984,10640,0,0,0,0,1,2276,96,340,96,340
153762,Playing,3774464,10698,0,0,0,0,1,2280,0,340,0,340
154015,Playing,3767296,10678,0,0,0,0,1,2283,95,340,95,340
154269,Playing,3787776,10736,0,0,0,0,1,2287,0,340,0,340
154523,Playing,3752960,10637,0,0,0,0,1,2289,0,340,0,340
154777,Playing,3745792,10617,0,0,0,0,1,2292,0,340,0,340
155029,Playing,3766272,10675,0,0,0,0,1,2296,172,340,172,340
155281,Playing,3794944,10756,0,0,0,0,1,2300,0,340,0,340
155534,Playing,3787776,10736,0,0,0,0,1,2303,1,340,2,340
155787,Playing,3780608,10716,0,0,0,0,1,2306,0,340,0,340
156040,Playing,3773440,10695,0,0,0,0,1,2309,0,340,0,340
156293,Playing,3738624,10597,0,0,0,0,1,2314,12,340,12,340
156547,Playing,3731456,10576,0,0,0,0,1,2317,0,340,0,340
156799,Playing,3732480,10579,0,0,0,0,1,2320,0,340,0,340
157001,Playing,3769344,10684,0,0,0,0,1,2324,0,340,0,340
157252,Playing,3762176,10663,0,0,0,0,1,2327,0,340,0,340
157505,Playing,3699712,10486,0,0,0,0,1,2328,178,340,178,340
157760,Playing,3747840,10623,0,0,0,0,1,2333,0,340,0,340
158012,Playing,3740672,10602,0,0,0,0,1,2336,0,340,0,340
158265,Playing,3769344,10684,0,0,0,0,1,2340,0,340,0,340
158518,Playing,3706880,10507,0,0,0,0,1,2341,172,340,172,340
158770,Playing,3727360,10565,0,0,0,0,1,2345,93,340,93,340
159023,Playing,3692544,10466,0,0,0,0,1,2350,0,340,18,340
159276,Playing,3740672,10602,0,0,0,0,1,2355,0,340,0,340
159529,Playing,3741696,10605,0,0,0,0,1,2358,0,340,0,340
159781,Playing,3762176,10663,0,0,0,0,1,2362,15,340,15,340
160033,Playing,3755008,10643,0,0,0,0,1,2365,0,340,0,340
160286,Playing,3720192,10544,0,0,0,0,1,2367,0,340,0,340
160539,Playing,3713024,10524,0,0,0,0,1,2370,96,340,96,340
160790,Playing,3733504,10582,0,0,0,0,1,2374,94,340,94,340
161044,Playing,3762176,10663,0,0,0,0,1,2378,0,340,0,340
161297,Playing,3755008,10643,0,0,0,0,1,2381,92,340,92,340
161550,Playing,3692544,10466,0,0,0,0,1,2382,14,340,14,340
161752,Playing,3729408,10570,0,0,0,0,1,2389,0,340,0,340
162005,Playing,3694592,10472,0,0,0,0,1,2391,0,340,0,340
162258,Playing,3715072,10530,0,0,0,0,1,2395,0,340,0,340
162511,Playing,3716096,10533,0,0,0,0,1,2398,0,340,0,340
162764,Playing,3708928,10512,0,0,0,0,1,2401,14,340,14,340
163015,Playing,3701760,10492,0,0,0,0,1,2404,0,340,0,340
163268,Playing,3694592,10472,0,0,0,0,1,2407,174,340,174,340
163523,Playing,3715072,10530,0,0,0,0,1,2411,0,340,0,340
163778,Playing,3735552,10588,0,0,0,0,1,2415,0,340,0,340
164032,Playing,3673088,10411,0,0,0,0,1,2416,95,340,95,340
164286,Playing,3721216,10547,0,0,0,0,1,2421,0,340,0,340
164539,Playing,3694592,10472,0,0,0,0,1,2426,0,340,0,340
164792,Playing,3687424,10451,0,0,0,0,1,2429,175,340,175,340
165044,Playing,3652608,10353,0,0,0,0,1,2431,0,340,0,340
165296,Playing,3673088,10411,0,0,0,0,1,2435,0,340,0,340
165549,Playing,3665920,10390,0,0,0,0,1,2438,96,340,96,340
165751,Playing,3710976,10518,0,0,0,0,1,2442,13,340,13,340
166003,Playing,3648512,10341,0,0,0,0,1,2443,177,340,177,340
166257,Playing,3668992,10399,0,0,0,0,1,2447,0,340,0,340
166510,Playing,3689472,10457,0,0,0,0,1,2451,0,340,0,340
166765,Playing,3682304,10437,0,0,0,0,1,2454,0,340,0,340
167019,Playing,3675136,10417,0,0,0,0,1,2457,0,340,0,340
167270,Playing,3667968,10396,0,0,0,0,1,2460,0,340,0,340
167522,Playing,3641344,10321,0,0,0,0,1,2465,95,340,95,340
167787,Playing,3681280,10434,0,0,0,0,1,2470,0,340,0,340
168041,Playing,3674112,10414,0,0,0,0,1,2473,0,340,0,340
168295,Playing,3619840,10260,0,0,0,0,1,2474,177,340,177,340
168547,Playing,3667968,10396,0,0,0,0,1,2479,0,340,0,340
168750,Playing,3677184,10422,0,0,0,0,1,2482,0,340,0,340
169003,Playing,3642368,10324,0,0,0,0,1,2484,0,340,0,340
169256,Playing,3662848,10382,0,0,0,0,1,2488,0,340,0,340
169509,Playing,3655680,10361,0,0,0,0,1,2491,0,340,0,340
169761,Playing,3684352,10443,0,0,0,0,1,2495,0,340,0,340
170013,Playing,3686400,10448,0,0,0,0,1,2501,0,340,15,340
170267,Playing,3605504,10219,0,0,0,0,1,2502,255,340,255,340
170520,Playing,3625984,10277,0,0,0,0,1,2506,0,340,0,340
170774,Playing,3646464,10335,0,0,0,0,1,2510,0,340,0,340
171027,Playing,3611648,10237,0,0,0,0,1,2512,175,340,175,340
171283,Playing,3604480,10216,0,0,0,0,1,2515,14,340,14,340
171536,Playing,3597312,10196,0,0,0,0,1,2518,16,340,16,340
171789,Playing,3625984,10277,0,0,0,0,1,2522,174,340,174,340
172042,Playing,3646464,10335,0,0,0,0,1,2526,0,340,0,340
172297,Playing,3584000,10158,0,0,0,0,1,2527,95,340,95,340
172500,Playing,3620864,10263,0,0,0,0,1,2531,93,340,93,340
172754,Playing,3641344,10321,0,0,0,0,1,2535,0,340,0,340
173007,Playing,3578880,10144,0,0,0,0,1,2536,177,340,177,340
173259,Playing,3598336,10199,0,0,0,0,1,2543,0,340,0,340
173511,Playing,3591168,10179,0,0,0,0,1,2546,0,340,0,340
173764,Playing,3584000,10158,0,0,0,0,1,2549,95,340,95,340
174016,Playing,3604480,10216,0,0,0,0,1,2553,93,340,94,340
174270,Playing,3569664,10118,0,0,0,0,1,2555,0,340,0,340
174522,Playing,3562496,10097,0,0,0,0,1,2558,93,340,93,340
174775,Playing,3591168,10179,0,0,0,0,1,2562,0,340,0,340
175028,Playing,3611648,10237,0,0,0,0,1,2566,0,340,0,340
175281,Playing,3604480,10216,0,0,0,0,1,2569,96,340,96,340
175534,Playing,3597312,10196,0,0,0,0,1,2572,0,340,0,340
175786,Playing,3571712,10123,0,0,0,0,1,2577,0,340,15,340
176039,Playing,3554304,10074,0,0,0,0,1,2580,94,340,94,340
176292,Playing,3574784,10132,0,0,0,0,1,2584,0,340,0,340
176545,Playing,3595264,10190,0,0,0,0,1,2588,0,340,0,340
176798,Playing,3560448,10091,0,0,0,0,1,2590,0,340,0,340
177000,Playing,3569664,10118,0,0,0,0,1,2593,0,340,0,340
177253,Playing,3570688,10120,0,0,0,0,1,2596,94,340,94,340
177507,Playing,3591168,10179,0,0,0,0,1,2600,93,340,93,340
177760,Playing,3556352,10080,0,0,0,0,1,2602,0,340,0,340
178013,Playing,3576832,10138,0,0,0,0,1,2606,0,340,0,340
178267,Playing,3597312,10196,0,0,0,0,1,2610,0,340,0,340
178519,Playing,3562496,10097,0,0,0,0,1,2615,0,340,15,340
178771,Playing,3527680,9999,0,0,0,0,1,2617,0,340,0,340
179023,Playing,3556352,10080,0,0,0,0,1,2621,0,340,0,340
179277,Playing,3549184,10060,0,0,0,0,1,2624,0,340,0,340
179529,Playing,3569664,10118,0,0,0,0,1,2628,0,340,0,340
179784,Playing,3562496,10097,0,0,0,0,1,2631,93,340,93,340
180038,Playing,3527680,9999,0,0,0,0,1,2633,0,340,0,340
180291,Playing,3520512,9978,0,0,0,0,1,2636,92,340,92,340
180546,Playing,3568640,10115,0,0,0,0,1,2641,0,340,0,340
180798,Playing,3569664,10118,0,0,0,0,1,2644,0,340,0,340
181000,Playing,3523584,9987,0,0,0,0,1,2645,177,340,177,340
181253,Playing,3571712,10123,0,0,0,0,1,2650,0,340,0,340
181506,Playing,3536896,10025,0,0,0,0,1,2655,0,340,0,340
181759,Playing,3502080,9926,0,0,0,0,1,2657,0,340,0,340
182011,Playing,3503104,9929,0,0,0,0,1,2660,173,340,173,340
182264,Playing,3523584,9987,0,0,0,0,1,2664,0,340,0,340
182517,Playing,3544064,10045,0,0,0,0,1,2668,0,340,0,340
182771,Playing,3481600,9868,0,0,0,0,1,2669,96,340,96,340
183025,Playing,3502080,9926,0,0,0,0,1,2673,171,340,172,340
183277,Playing,3522560,9984,0,0,0,0,1,2677,0,340,0,340
183531,Playing,3523584,9987,0,0,0,0,1,2680,175,340,175,340
183783,Playing,3544064,10045,0,0,0,0,1,2684,0,340,0,340
184037,Playing,3509248,9946,0,0,0,0,1,2686,14,340,14,340
184291,Playing,3474432,9848,0,0,0,0,1,2691,0,340,0,340
184543,Playing,3467264,9827,0,0,0,0,1,2694,0,340,0,340
184796,Playing,3515392,9964,0,0,0,0,1,2699,0,340,0,340
185048,Playing,3452928,9787,0,0,0,0,1,2700,171,340,171,340
185250,Playing,3525632,9993,0,0,0,0,1,2705,0,340,0,340
185502,Playing,3518464,9972,0,0,0,0,1,2708,0,340,0,340
185756,Playing,3456000,9795,0,0,0,0,1,2709,97,340,97,340
186008,Playing,3504128,9932,0,0,0,0,1,2714,5,340,5,340
186260,Playing,3496960,9912,0,0,0,0,1,2717,0,340,0,340
186514,Playing,3497984,9914,0,0,0,0,1,2720,13,340,13,340
186765,Playing,3518464,9972,0,0,0,0,1,2724,2,340,2,340
187018,Playing,3474432,9848,0,0,0,0,1,2728,0,340,11,340
187270,Playing,3448832,9775,0,0,0,0,1,2731,171,340,171,340
187521,Playing,3496960,9912,0,0,0,0,1,2736,1,340,1,340
187775,Playing,3489792,9891,0,0,0,0,1,2739,0,340,0,340
188028,Playing,3463168,9816,0,0,0,0,1,2741,0,340,0,340
188280,Playing,3456000,9795,0,0,0,0,1,2744,0,340,0,340
188533,Playing,3476480,9853,0,0,0,0,1,2748,0,340,0,340
188787,Playing,3469312,9833,0,0,0,0,1,2751,175,340,176,340
189041,Playing,3489792,9891,0,0,0,0,1,2755,0,340,0,340
189294,Playing,3427328,9714,0,0,0,0,1,2756,95,340,95,340
189547,Playing,3447808,9772,0,0,0,0,1,2760,176,340,176,340
189750,Playing,3437568,9743,0,0,0,0,1,2762,0,340,0,340
190002,Playing,3430400,9723,0,0,0,0,1,2768,0,340,0,340
190254,Playing,3423232,9703,0,0,0,0,1,2771,0,340,0,340
190508,Playing,3443712,9761,0,0,0,0,1,2775,0,340,0,340
190762,Playing,3464192,9819,0,0,0,0,1,2779,14,340,15,340
191014,Playing,3465216,9822,0,0,0,0,1,2782,93,340,93,340
191266,Playing,3485696,9880,0,0,0,0,1,2786,0,340,0,340
191520,Playing,3450880,9781,0,0,0,0,1,2788,0,340,0,340
191775,Playing,3443712,9761,0,0,0,0,1,2791,0,340,0,340
192027,Playing,3464192,9819,0,0,0,0,1,2795,0,340,0,340
192280,Playing,3457024,9798,0,0,0,0,1,2798,0,340,0,340
192533,Playing,3449856,9778,0,0,0,0,1,2801,0,340,0,340
192788,Playing,3415040,9679,0,0,0,0,1,2806,0,340,0,340
193042,Playing,3416064,9682,0,0,0,0,1,2809,176,340,176,340
193296,Playing,3436544,9740,0,0,0,0,1,2813,1,340,1,340
193550,Playing,3457024,9798,0,0,0,0,1,2817,0,340,0,340
193752,Playing,3410944,9668,0,0,0,0,1,2818,176,340,176,340
194006,Playing,3459072,9804,0,0,0,0,1,2823,0,340,0,340
194259,Playing,3396608,9627,0,0,0,0,1,2824,176,340,176,340
194512,Playing,3425280,9708,0,0,0,0,1,2828,0,340,0,340
194768,Playing,3418112,9688,0,0,0,0,1,2831,0,340,0,340
195020,Playing,3438592,9746,0,0,0,0,1,2835,0,340,0,340
195272,Playing,3431424,9726,0,0,0,0,1,2838,176,340,176,340
195525,Playing,3378176,9575,0,0,0,0,1,2842,0,340,15,340
195777,Playing,3388416,9604,0,0,0,0,1,2846,15,340,15,340
196031,Playing,3408896,9662,0,0,0,0,1,2850,0,340,0,340
196285,Playing,3401728,9642,0,0,0,0,1,2853,0,340,0,340
196537,Playing,3366912,9543,0,0,0,0,1,2855,0,340,0,340
196790,Playing,3359744,9523,0,0,0,0,1,2858,95,340,95,340
197042,Playing,3380224,9581,0,0,0,0,1,2862,0,340,0,340
197295,Playing,3400704,9639,0,0,0,0,1,2866,0,340,0,340
197549,Playing,3429376,9720,0,0,0,0,1,2870,0,340,0,340
197750,Playing,3383296,9589,0,0,0,0,1,2871,95,340,95,340
198003,Playing,3403776,9647,0,0,0,0,1,2875,0,340,0,340
198257,Playing,3341312,9470,0,0,0,0,1,2876,97,340,97,340
198510,Playing,3324928,9424,0,0,0,0,1,2882,95,340,95,340
198762,Playing,3353600,9505,0,0,0,0,1,2886,0,340,0,340
199015,Playing,3374080,9563,0,0,0,0,1,2890,0,340,0,340
199268,Playing,3339264,9465,0,0,0,0,1,2892,0,340,0,340
199520,Playing,3332096,9444,0,0,0,0,1,2895,0,340,0,340
199773,Playing,3324928,9424,0,0,0,0,1,2898,0,340,0,340
200027,Playing,3373056,9560,0,0,0,0,1,2903,0,340,0,340
200279,Playing,3365888,9540,0,0,0,0,1,2906,0,340,0,340
200532,Playing,3394560,9621,0,0,0,0,1,2910,0,340,0,340
200785,Playing,3387392,9601,0,0,0,0,1,2913,15,340,15,340
201038,Playing,3361792,9528,0,0,0,0,1,2916,95,340,95,340
201291,Playing,3308544,9377,0,0,0,0,1,2920,178,340,178,340
201545,Playing,3329024,9436,0,0,0,0,1,2924,0,340,0,340
201798,Playing,3349504,9494,0,0,0,0,1,2928,0,340,0,340
202000,Playing,3311616,9386,0,0,0,0,1,2929,96,340,96,340
202251,Playing,3332096,9444,0,0,0,0,1,2933,174,340,174,340
202504,Playing,3352576,9502,0,0,0,0,1,2937,0,340,0,340
202757,Playing,3290112,9325,0,0,0,0,1,2938,94,340,94,340
203011,Playing,3310592,9383,0,0,0,0,1,2942,0,340,0,340
203265,Playing,3331072,9441,0,0,0,0,1,2946,0,340,0,340
203518,Playing,3332096,9444,0,0,0,0,1,2949,174,340,174,340
203770,Playing,3352576,9502,0,0,0,0,1,2953,179,340,179,340
204023,Playing,3290112,9325,0,0,0,0,1,2957,0,340,0,340
204276,Playing,3310592,9383,0,0,0,0,1,2961,15,340,15,340
204529,Playing,3303424,9363,0,0,0,0,1,2964,0,340,0,340
204783,Playing,3240960,9186,0,0,0,0,1,2965,178,340,178,340
205036,Playing,3297280,9346,0,0,0,0,1,2970,0,340,0,340
205289,Playing,3290112,9325,0,0,0,0,1,2973,0,340,0,340
205542,Playing,3282944,9305,0,0,0,0,1,2976,96,340,96,340
205795,Playing,3331072,9441,0,0,0,0,1,2981,0,340,0,340
206048,Playing,3268608,9264,0,0,0,0,1,2982,90,340,90,340
206250,Playing,3286016,9314,0,0,0,0,1,2985,94,340,94,340
206502,Playing,3306496,9372,0,0,0,0,1,2989,95,340,95,340
206756,Playing,3299328,9351,0,0,0,0,1,2995,0,340,0,340
207009,Playing,3292160,9331,0,0,0,0,1,2998,92,340,92,340
207261,Playing,3284992,9311,0,0,0,0,1,3001,0,340,0,340
207514,Playing,3277824,9290,0,0,0,0,1,3004,0,340,0,340
207767,Playing,3278848,9293,0,0,0,0,1,3007,0,340,0,340
208019,Playing,3299328,9351,0,0,0,0,1,3011,0,340,0,340
208272,Playing,3264512,9253,0,0,0,0,1,3013,0,340,0,340
208523,Playing,3284992,9311,0,0,0,0,1,3017,91,340,92,340
208777,Playing,3277824,9290,0,0,0,0,1,3020,0,340,0,340
209030,Playing,3306496,9372,0,0,0,0,1,3024,0,340,0,340
209282,Playing,3244032,9195,0,0,0,0,1,3025,173,340,173,340
209536,Playing,3264512,9253,0,0,0,0,1,3032,0,340,14,340
209789,Playing,3257344,9232,0,0,0,0,1,3035,0,340,0,340
210041,Playing,3250176,9212,0,0,0,0,1,3038,94,340,94,340
210294,Playing,3215360,9113,0,0,0,0,1,3040,0,340,0,340
210547,Playing,3235840,9171,0,0,0,0,1,3044,91,340,91,340
210799,Playing,3264512,9253,0,0,0,0,1,3048,0,340,0,340
211001,Playing,3301376,9357,0,0,0,0,1,3052,14,340,14,340
211254,Playing,3294208,9337,0,0,0,0,1,3055,0,340,0,340
211509,Playing,3259392,9238,0,0,0,0,1,3057,0,340,0,340
211762,Playing,3252224,9218,0,0,0,0,1,3060,174,340,174,340
212016,Playing,3272704,9276,0,0,0,0,1,3064,180,340,180,340
212268,Playing,3246080,9200,0,0,0,0,1,3067,0,340,176,340
212521,Playing,3211264,9102,0,0,0,0,1,3071,96,340,96,340
212774,Playing,3204096,9081,0,0,0,0,1,3074,0,340,0,340
213027,Playing,3252224,9218,0,0,0,0,1,3079,0,340,0,340
213281,Playing,3245056,9198,0,0,0,0,1,3082,0,340,0,340
213534,Playing,3265536,9256,0,0,0,0,1,3086,0,340,0,340
213787,Playing,3230720,9157,0,0,0,0,1,3088,0,340,0,340
214040,Playing,3223552,9137,0,0,0,0,1,3091,176,340,176,340
214292,Playing,3252224,9218,0,0,0,0,1,3095,0,340,0,340
214546,Playing,3272704,9276,0,0,0,0,1,3099,0,340,0,340
214799,Playing,3210240,9099,0,0,0,0,1,3100,176,340,176,340
215000,Playing,3265536,9256,0,0,0,0,1,3105,1,340,1,340
215253,Playing,3184640,9026,0,0,0,0,1,3108,95,340,95,340
215506,Playing,3205120,9084,0,0,0,0,1,3112,0,340,0,340
215758,Playing,3206144,9087,0,0,0,0,1,3115,0,340,0,340
216010,Playing,3226624,9145,0,0,0,0,1,3119,0,340,0,340
216263,Playing,3191808,9047,0,0,0,0,1,3121,0,340,0,340
216516,Playing,3184640,9026,0,0,0,0,1,3124,0,340,0,340
216769,Playing,3177472,9006,0,0,0,0,1,3127,91,340,91,340
217020,Playing,3233792,9166,0,0,0,0,1,3132,0,340,0,340
217273,Playing,3226624,9145,0,0,0,0,1,3135,0,340,0,340
217527,Playing,3164160,8968,0,0,0,0,1,3136,175,340,175,340
217780,Playing,3184640,9026,0,0,0,0,1,3140,95,340,95,340
218032,Playing,3177472,9006,0,0,0,0,1,3146,0,340,0,340
218285,Playing,3170304,8986,0,0,0,0,1,3149,0,340,0,340
218539,Playing,3171328,8989,0,0,0,0,1,3152,0,340,0,340
218791,Playing,3164160,8968,0,0,0,0,1,3155,0,340,0,340
219044,Playing,3184640,9026,0,0,0,0,1,3159,0,340,0,340
219298,Playing,3177472,9006,0,0,0,0,1,3162,96,340,96,340
219500,Playing,3214336,9110,0,0,0,0,1,3166,0,340,0,340
219752,Playing,3207168,9090,0,0,0,0,1,3169,94,340,95,340
220006,Playing,3180544,9015,0,0,0,0,1,3171,0,340,0,340
220259,Playing,3201024,9073,0,0,0,0,1,3175,0,340,0,340
220511,Playing,3193856,9052,0,0,0,0,1,3178,0,340,0,340
220766,Playing,3159040,8954,0,0,0,0,1,3180,0,340,0,340
221018,Playing,3142656,8907,0,0,0,0,1,3186,0,340,0,340
221278,Playing,3135488,8887,0,0,0,0,1,3189,94,340,94,340
221531,Playing,3155968,8945,0,0,0,0,1,3193,0,340,0,340
221783,Playing,3176448,9003,0,0,0,0,1,3197,15,340,15,340
222036,Playing,3177472,9006,0,0,0,0,1,3200,0,340,0,340
222288,Playing,3170304,8986,0,0,0,0,1,3203,0,340,0,340
222540,Playing,3163136,8965,0,0,0,0,1,3206,0,340,0,340
222791,Playing,3155968,8945,0,0,0,0,1,3209,93,340,93,340
223043,Playing,3176448,9003,0,0,0,0,1,3213,0,340,0,340
223296,Playing,3205120,9084,0,0,0,0,1,3217,0,340,0,340
223549,Playing,3142656,8907,0,0,0,0,1,3218,177,340,177,340
223752,Playing,3170304,8986,0,0,0,0,1,3225,0,340,0,340
224004,Playing,3135488,8887,0,0,0,0,1,3227,0,340,0,340
224257,Playing,3128320,8867,0,0,0,0,1,3230,0,340,0,340
224511,Playing,3121152,8846,0,0,0,0,1,3233,173,340,173,340
224764,Playing,3122176,8849,0,0,0,0,1,3236,174,340,174,340
225017,Playing,3087360,8751,0,0,0,0,1,3238,0,340,0,340
225269,Playing,3107840,8809,0,0,0,0,1,3242,0,340,0,340
225522,Playing,3128320,8867,0,0,0,0,1,3246,173,340,173,340
225776,Playing,3148800,8925,0,0,0,0,1,3250,0,340,0,340
226028,Playing,3141632,8904,0,0,0,0,1,3253,0,340,0,340
226282,Playing,3115008,8829,0,0,0,0,1,3255,0,340,0,340
226535,Playing,3070976,8704,0,0,0,0,1,3260,0,340,0,340
226788,Playing,3091456,8762,0,0,0,0,1,3264,0,340,0,340
227041,Playing,3111936,8820,0,0,0,0,1,3268,176,340,176,340
227293,Playing,3077120,8721,0,0,0,0,1,3270,0,340,0,340
227548,Playing,3069952,8701,0,0,0,0,1,3273,177,340,177,340
227751,Playing,3059712,8672,0,0,0,0,1,3275,0,340,0,340
228004,Playing,3052544,8652,0,0,0,0,1,3278,94,340,94,340
228257,Playing,3073024,8710,0,0,0,0,1,3282,94,340,94,340
228510,Playing,3093504,8768,0,0,0,0,1,3286,0,340,0,340
228762,Playing,3113984,8826,0,0,0,0,1,3290,0,340,0,340
229015,Playing,3051520,8649,0,0,0,0,1,3291,93,340,94,340
229269,Playing,3044352,8629,0,0,0,0,1,3297,0,340,16,340
229522,Playing,3073024,8710,0,0,0,0,1,3301,0,340,0,340
229776,Playing,3065856,8690,0,0,0,0,1,3304,0,340,0,340
230029,Playing,3086336,8748,0,0,0,0,1,3308,0,340,0,340
230281,Playing,3023872,8571,0,0,0,0,1,3309,94,340,94,340
230533,Playing,3044352,8629,0,0,0,0,1,3313,92,340,92,340
230787,Playing,3064832,8687,0,0,0,0,1,3317,0,340,0,340
231040,Playing,3057664,8666,0,0,0,0,1,3320,93,340,93,340
231291,Playing,3031040,8591,0,0,0,0,1,3322,0,340,0,340
231546,Playing,3051520,8649,0,0,0,0,1,3326,0,340,0,340
231798,Playing,3044352,8629,0,0,0,0,1,3329,0,340,0,340
232000,Playing,3053568,8655,0,0,0,0,1,3335,0,340,13,340
232253,Playing,3074048,8713,0,0,0,0,1,3339,0,340,0,340
232506,Playing,3019776,8559,0,0,0,0,1,3340,178,340,179,340
232759,Playing,3040256,8617,0,0,0,0,1,3344,0,340,0,340
233012,Playing,3060736,8675,0,0,0,0,1,3348,0,340,0,340
233266,Playing,3053568,8655,0,0,0,0,1,3351,0,340,0,340
233518,Playing,3074048,8713,0,0,0,0,1,3355,95,340,95,340
233770,Playing,3011584,8536,0,0,0,0,1,3356,177,340,177,340
234024,Playing,3040256,8617,0,0,0,0,1,3360,93,340,93,340
234278,Playing,3060736,8675,0,0,0,0,1,3364,0,340,0,340
234531,Playing,3081216,8733,0,0,0,0,1,3368,0,340,0,340
234784,Playing,3046400,8634,0,0,0,0,1,3373,0,340,15,340
235038,Playing,3011584,8536,0,0,0,0,1,3375,0,340,0,340
235292,Playing,3004416,8515,0,0,0,0,1,3378,0,340,0,340
235543,Playing,3024896,8573,0,0,0,0,1,3382,93,340,94,340
235797,Playing,3053568,8655,0,0,0,0,1,3386,0,340,0,340
236049,Playing,3046400,8634,0,0,0,0,1,3389,0,340,0,340
236252,Playing,3027968,8582,0,0,0,0,1,3391,0,340,0,340
236504,Playing,2993152,8483,0,0,0,0,1,3393,14,340,14,340
236758,Playing,2985984,8463,0,0,0,0,1,3396,96,340,96,340
237010,Playing,3042304,8623,0,0,0,0,1,3401,0,340,1,340
237264,Playing,3035136,8602,0,0,0,0,1,3404,0,340,0,340
237517,Playing,3027968,8582,0,0,0,0,1,3407,0,340,0,340
237769,Playing,2993152,8483,0,0,0,0,1,3412,0,340,0,340
238022,Playing,2985984,8463,0,0,0,0,1,3415,0,340,0,340
238276,Playing,2978816,8443,0,0,0,0,1,3418,0,340,0,340
238528,Playing,2999296,8501,0,0,0,0,1,3422,0,340,0,340
238781,Playing,3027968,8582,0,0,0,0,1,3426,0,340,0,340
239034,Playing,2965504,8405,0,0,0,0,1,3427,178,340,178,340
239288,Playing,2985984,8463,0,0,0,0,1,3431,0,340,0,340
239540,Playing,3006464,8521,0,0,0,0,1,3435,0,340,0,340
239793,Playing,2999296,8501,0,0,0,0,1,3438,95,340,95,340
240047,Playing,3019776,8559,0,0,0,0,1,3442,0,340,0,340
240250,Playing,3009536,8530,0,0,0,0,1,3444,0,340,0,340
240504,Playing,2974720,8431,0,0,0,0,1,3449,178,340,178,340
240757,Playing,2995200,8489,0,0,0,0,1,3453,0,340,0,340
241010,Playing,2932736,8312,0,0,0,0,1,3454,174,340,174,340
241263,Playing,2980864,8449,0,0,0,0,1,3459,0,340,0,340
241517,Playing,2973696,8428,0,0,0,0,1,3462,0,340,0,340
241769,Playing,2966528,8408,0,0,0,0,1,3465,95,340,95,340
242022,Playing,2995200,8489,0,0,0,0,1,3469,92,340,92,340
242274,Playing,2960384,8391,0,0,0,0,1,3471,0,340,0,340
242527,Playing,2980864,8449,0,0,0,0,1,3475,0,340,0,340
242781,Playing,3001344,8507,0,0,0,0,1,3479,0,340,0,340
243033,Playing,2994176,8486,0,0,0,0,1,3482,0,340,0,340
243287,Playing,2950144,8362,0,0,0,0,1,3486,0,340,14,340
243540,Playing,2924544,8289,0,0,0,0,1,3489,0,340,0,340
243793,Playing,2953216,8370,0,0,0,0,1,3493,0,340,0,340
244012,Playing,2898944,8216,0,0,0,0,1,3494,103,340,103,340
244266,Playing,2947072,8353,0,0,0,0,1,3499,0,340,0,340
244519,Playing,2939904,8333,0,0,0,0,1,3502,176,340,176,340
244772,Playing,2968576,8414,0,0,0,0,1,3506,0,340,0,340
245026,Playing,2961408,8394,0,0,0,0,1,3509,0,340,0,340
245278,Playing,2926592,8295,0,0,0,0,1,3511,0,340,0,340
245531,Playing,2919424,8275,0,0,0,0,1,3514,96,340,96,340
245784,Playing,2967552,8411,0,0,0,0,1,3519,0,340,0,340
246037,Playing,2941952,8338,0,0,0,0,1,3524,0,340,13,340
246290,Playing,2896896,8211,0,0,0,0,1,3526,0,340,0,340
246543,Playing,2889728,8190,0,0,0,0,1,3529,95,340,95,340
246798,Playing,2882560,8170,0,0,0,0,1,3532,93,340,93,340
247050,Playing,2903040,8228,0,0,0,0,1,3536,175,340,176,340
247252,Playing,2884608,8176,0,0,0,0,1,3538,0,340,0,340
247506,Playing,2905088,8234,0,0,0,0,1,3542,0,340,0,340
247758,Playing,2933760,8315,0,0,0,0,1,3546,15,340,15,340
248009,Playing,2926592,8295,0,0,0,0,1,3549,0,340,0,340
248261,Playing,2891776,8196,0,0,0,0,1,3551,0,340,0,340
248513,Playing,2912256,8254,0,0,0,0,1,3555,0,340,0,340
248765,Playing,2905088,8234,0,0,0,0,1,3558,94,340,94,340
249018,Playing,2896896,8211,0,0,0,0,1,3564,95,340,95,340
249270,Playing,2917376,8269,0,0,0,0,1,3568,0,340,0,340
249524,Playing,2910208,8248,0,0,0,0,1,3571,16,340,16,340
249778,Playing,2875392,8150,0,0,0,0,1,3573,0,340,0,340
250031,Playing,2895872,8208,0,0,0,0,1,3577,0,340,0,340
250283,Playing,2833408,8031,0,0,0,0,1,3578,174,340,174,340
250536,Playing,2889728,8190,0,0,0,0,1,3583,0,340,0,340
250789,Playing,2882560,8170,0,0,0,0,1,3586,0,340,0,340
251041,Playing,2875392,8150,0,0,0,0,1,3589,94,340,95,340
251296,Playing,2923520,8286,0,0,0,0,1,3594,16,340,16,340
251550,Playing,2833408,8031,0,0,0,0,1,3594,16,340,16,340
251752,Playing,2861056,8109,0,0,0,0,1,3601,0,340,0,340
252004,Playing,2889728,8190,0,0,0,0,1,3605,3,340,3,340
252257,Playing,2799616,7935,0,0,0,0,1,3605,3,340,3,340
252510,Playing,2847744,8071,0,0,0,0,1,3610,0,340,0,340
252763,Playing,2840576,8051,0,0,0,0,1,3613,0,340,0,340
253017,Playing,2861056,8109,0,0,0,0,1,3617,0,340,0,340
253270,Playing,2853888,8089,0,0,0,0,1,3620,94,340,94,340
253522,Playing,2882560,8170,0,0,0,0,1,3624,15,340,15,340
253777,Playing,2820096,7993,0,0,0,0,1,3625,178,340,178,340
254028,Playing,2868224,8129,0,0,0,0,1,3630,0,340,0,340
254281,Playing,2861056,8109,0,0,0,0,1,3633,0,340,0,340
254534,Playing,2853888,8089,0,0,0,0,1,3639,0,340,0,340
254787,Playing,2846720,8068,0,0,0,0,1,3642,95,340,95,340
255040,Playing,2811904,7970,0,0,0,0,1,3644,0,340,0,340
255293,Playing,2812928,7973,0,0,0,0,1,3647,177,340,177,340
255546,Playing,2861056,8109,0,0,0,0,1,3652,0,340,0,340
255750,Playing,2814976,7978,0,0,0,0,1,3653,177,340,177,340
256003,Playing,2835456,8037,0,0,0,0,1,3657,0,340,0,340
256256,Playing,2828288,8016,0,0,0,0,1,3660,0,340,0,340
256508,Playing,2848768,8074,0,0,0,0,1,3664,0,340,0,340
256760,Playing,2822144,7999,0,0,0,0,1,3666,0,340,0,340
257013,Playing,2842624,8057,0,0,0,0,1,3670,0,340,0,340
257265,Playing,2807808,7958,0,0,0,0,1,3672,177,340,177,340
257519,Playing,2772992,7859,0,0,0,0,1,3677,0,340,0,340
257771,Playing,2765824,7839,0,0,0,0,1,3680,98,340,98,340
258023,Playing,2794496,7920,0,0,0,0,1,3684,95,340,95,340
258275,Playing,2787328,7900,0,0,0,0,1,3687,94,340,94,340
258528,Playing,2835456,8037,0,0,0,0,1,3692,0,340,0,340
258780,Playing,2745344,7781,0,0,0,0,1,3692,0,340,0,340
259034,Playing,2793472,7918,0,0,0,0,1,3697,0,340,0,340
259288,Playing,2786304,7897,0,0,0,0,1,3700,94,340,94,340
259541,Playing,2814976,7978,0,0,0,0,1,3704,0,340,0,340
259793,Playing,2807808,7958,0,0,0,0,1,3707,172,340,172,340
260046,Playing,2772992,7859,0,0,0,0,1,3709,0,340,0,340
260299,Playing,2765824,7839,0,0,0,0,1,3715,93,340,93,340
260500,Playing,2802688,7944,0,0,0,0,1,3719,0,340,0,340
260752,Playing,2803712,7947,0,0,0,0,1,3722,15,340,15,340
261005,Playing,2796544,7926,0,0,0,0,1,3725,0,340,0,340
261259,Playing,2789376,7906,0,0,0,0,1,3728,0,340,0,340
261511,Playing,2782208,7886,0,0,0,0,1,3731,95,340,95,340
261765,Playing,2802688,7944,0,0,0,0,1,3735,95,340,96,340
262018,Playing,2823168,8002,0,0,0,0,1,3739,15,340,15,340
262270,Playing,2796544,7926,0,0,0,0,1,3741,0,340,0,340
262524,Playing,2817024,7984,0,0,0,0,1,3745,0,340,0,340
262777,Playing,2809856,7964,0,0,0,0,1,3748,0,340,0,340
263029,Playing,2775040,7865,0,0,0,0,1,3753,0,340,0,340
263281,Playing,2767872,7845,0,0,0,0,1,3756,0,340,0,340
263535,Playing,2760704,7825,0,0,0,0,1,3759,0,340,0,340
263789,Playing,2761728,7828,0,0,0,0,1,3762,0,340,0,340
264042,Playing,2809856,7964,0,0,0,0,1,3767,0,340,0,340
264294,Playing,2775040,7865,0,0,0,0,1,3769,95,340,95,340
264548,Playing,2767872,7845,0,0,0,0,1,3772,0,340,0,340
264799,Playing,2788352,7903,0,0,0,0,1,3776,0,340,0,340
265001,Playing,2750464,7796,0,0,0,0,1,3777,94,340,94,340
265256,Playing,2770944,7854,0,0,0,0,1,3781,0,340,0,340
265509,Playing,2763776,7833,0,0,0,0,1,3784,0,340,0,340
265760,Playing,2747392,7787,0,0,0,0,1,3789,0,340,14,340
266012,Playing,2694144,7636,0,0,0,0,1,3791,93,340,93,340
266263,Playing,2714624,7694,0,0,0,0,1,3795,96,340,96,340
266516,Playing,2743296,7775,0,0,0,0,1,3799,14,340,14,340
266769,Playing,2763776,7833,0,0,0,0,1,3803,0,340,0,340
267022,Playing,2701312,7656,0,0,0,0,1,3804,177,340,177,340
267297,Playing,2713600,7691,0,0,0,0,1,3808,0,340,0,340
267500,Playing,2731008,7740,0,0,0,0,1,3811,95,340,95,340
267752,Playing,2751488,7799,0,0,0,0,1,3815,95,340,95,340
268006,Playing,2744320,7778,0,0,0,0,1,3818,95,340,95,340
268259,Playing,2709504,7680,0,0,0,0,1,3820,0,340,0,340
268510,Playing,2729984,7738,0,0,0,0,1,3824,0,340,1,340
268764,Playing,2722816,7717,0,0,0,0,1,3830,0,340,0,340
269019,Playing,2715648,7697,0,0,0,0,1,3833,0,340,0,340
269270,Playing,2744320,7778,0,0,0,0,1,3837,0,340,0,340
269524,Playing,2737152,7758,0,0,0,0,1,3840,95,340,95,340
269778,Playing,2702336,7659,0,0,0,0,1,3842,1,340,1,340
270031,Playing,2695168,7639,0,0,0,0,1,3845,96,340,96,340
270284,Playing,2688000,7619,0,0,0,0,1,3848,0,340,0,340
270537,Playing,2680832,7598,0,0,0,0,1,3851,92,340,92,340
270790,Playing,2701312,7656,0,0,0,0,1,3855,0,340,0,340
271042,Playing,2729984,7738,0,0,0,0,1,3859,0,340,0,340
271296,Playing,2722816,7717,0,0,0,0,1,3862,0,340,0,340
271549,Playing,2678784,7592,0,0,0,0,1,3867,95,340,95,340
271751,Playing,2688000,7619,0,0,0,0,1,3870,0,340,0,340
272004,Playing,2680832,7598,0,0,0,0,1,3873,0,340,0,340
272257,Playing,2701312,7656,0,0,0,0,1,3877,0,340,0,340
272509,Playing,2674688,7581,0,0,0,0,1,3879,14,340,14,340
272762,Playing,2667520,7560,0,0,0,0,1,3882,15,340,15,340
273014,Playing,2688000,7619,0,0,0,0,1,3886,8,340,8,340
273266,Playing,2708480,7677,0,0,0,0,1,3890,11,340,11,340
273520,Playing,2701312,7656,0,0,0,0,1,3893,0,340,0,340
273773,Playing,2674688,7581,0,0,0,0,1,3895,0,340,0,340
274026,Playing,2695168,7639,0,0,0,0,1,3899,0,340,0,340
274279,Playing,2651136,7514,0,0,0,0,1,3904,96,340,96,340
274531,Playing,2671616,7572,0,0,0,0,1,3908,0,340,0,340
274785,Playing,2692096,7630,0,0,0,0,1,3912,0,340,0,340
275037,Playing,2657280,7531,0,0,0,0,1,3914,96,340,96,340
275289,Playing,2658304,7534,0,0,0,0,1,3917,0,340,0,340
275541,Playing,2678784,7592,0,0,0,0,1,3921,0,340,0,340
275794,Playing,2671616,7572,0,0,0,0,1,3924,93,340,93,340
276047,Playing,2636800,7473,0,0,0,0,1,3926,0,340,0,340
276300,Playing,2629632,7453,0,0,0,0,1,3929,94,340,94,340
276502,Playing,2666496,7558,0,0,0,0,1,3933,97,340,97,340
276754,Playing,2667520,7560,0,0,0,0,1,3936,94,340,94,340
277007,Playing,2641920,7488,0,0,0,0,1,3941,0,340,15,340
277261,Playing,2616320,7415,0,0,0,0,1,3944,177,340,177,340
277514,Playing,2636800,7473,0,0,0,0,1,3948,0,340,0,340
277767,Playing,2574336,7296,0,0,0,0,1,3949,94,340,94,340
278021,Playing,2622464,7433,0,0,0,0,1,3954,0,340,0,340
278273,Playing,2623488,7436,0,0,0,0,1,3957,0,340,0,340
278525,Playing,2616320,7415,0,0,0,0,1,3960,174,340,174,340
278778,Playing,2636800,7473,0,0,0,0,1,3964,173,340,173,340
279031,Playing,2601984,7375,0,0,0,0,1,3966,1,340,1,340
279284,Playing,2594816,7354,0,0,0,0,1,3969,178,340,178,340
279537,Playing,2642944,7491,0,0,0,0,1,3974,0,340,0,340
279790,Playing,2608128,7392,0,0,0,0,1,3979,0,340,14,340
280042,Playing,2609152,7395,0,0,0,0,1,3982,95,340,95,340
280294,Playing,2601984,7375,0,0,0,0,1,3985,0,340,0,340
280548,Playing,2594816,7354,0,0,0,0,1,3988,0,340,0,340
280799,Playing,2615296,7412,0,0,0,0,1,3992,0,340,0,340
281002,Playing,2569216,7282,0,0,0,0,1,3993,92,340,92,340
281257,Playing,2589696,7340,0,0,0,0,1,3997,0,340,0,340
281509,Playing,2618368,7421,0,0,0,0,1,4001,0,340,0,340
281764,Playing,2555904,7244,0,0,0,0,1,4002,96,340,96,340
282017,Playing,2576384,7302,0,0,0,0,1,4006,14,340,14,340
282284,Playing,2596864,7360,0,0,0,0,1,4010,0,340,0,340
282537,Playing,2589696,7340,0,0,0,0,1,4013,0,340,0,340
282791,Playing,2582528,7320,0,0,0,0,1,4019,176,340,176,340
283043,Playing,2547712,7221,0,0,0,0,1,4021,0,340,0,340
283296,Playing,2540544,7201,0,0,0,0,1,4024,94,340,94,340
283550,Playing,2561024,7259,0,0,0,0,1,4028,94,340,94,340
283752,Playing,2597888,7363,0,0,0,0,1,4032,0,340,0,340
284005,Playing,2543616,7209,0,0,0,0,1,4033,177,340,177,340
284257,Playing,2591744,7346,0,0,0,0,1,4038,0,340,0,340
284510,Playing,2584576,7325,0,0,0,0,1,4041,0,340,0,340
284761,Playing,2577408,7305,0,0,0,0,1,4044,177,340,177,340
285014,Playing,2570240,7285,0,0,0,0,1,4047,14,340,14,340
285268,Playing,2563072,7264,0,0,0,0,1,4050,0,340,0,340
285520,Playing,2564096,7267,0,0,0,0,1,4056,0,340,0,340
285773,Playing,2556928,7247,0,0,0,0,1,4059,0,340,0,340
286028,Playing,2494464,7070,0,0,0,0,1,4060,177,340,177,340
286281,Playing,2514944,7128,0,0,0,0,1,4064,95,340,95,340
286534,Playing,2563072,7264,0,0,0,0,1,4069,0,340,0,340
286787,Playing,2555904,7244,0,0,0,0,1,4072,0,340,0,340
287039,Playing,2493440,7067,0,0,0,0,1,4073,178,340,178,340
287292,Playing,2513920,7125,0,0,0,0,1,4077,0,340,0,340
287546,Playing,2514944,7128,0,0,0,0,1,4080,97,340,97,340
287798,Playing,2535424,7186,0,0,0,0,1,4084,95,340,95,340
288000,Playing,2516992,7134,0,0,0,0,1,4086,0,340,0,340
288252,Playing,2565120,7270,0,0,0,0,1,4094,0,340,0,340
288507,Playing,2502656,7093,0,0,0,0,1,4095,176,340,176,340
288759,Playing,2523136,7151,0,0,0,0,1,4099,5,340,5,340
289012,Playing,2524160,7154,0,0,0,0,1,4102,99,340,99,340
289265,Playing,2544640,7212,0,0,0,0,1,4106,95,340,95,340
289518,Playing,2537472,7192,0,0,0,0,1,4109,92,340,93,340
289770,Playing,2502656,7093,0,0,0,0,1,4111,0,340,0,340
290025,Playing,2523136,7151,0,0,0,0,1,4115,95,340,95,340
290278,Playing,2543616,7209,0,0,0,0,1,4119,0,340,0,340
290531,Playing,2489344,7055,0,0,0,0,1,4120,174,340,174,340
290784,Playing,2537472,7192,0,0,0,0,1,4125,0,340,0,340
291036,Playing,2521088,7145,0,0,0,0,1,4130,0,340,13,340
291288,Playing,2495488,7073,0,0,0,0,1,4133,95,340,95,340
291541,Playing,2488320,7053,0,0,0,0,1,4136,0,340,0,340
291794,Playing,2481152,7032,0,0,0,0,1,4139,95,340,95,340
292047,Playing,2509824,7114,0,0,0,0,1,4143,0,340,0,340
292298,Playing,2530304,7172,0,0,0,0,1,4147,15,340,15,340
292501,Playing,2484224,7041,0,0,0,0,1,4148,174,340,174,340
292754,Playing,2504704,7099,0,0,0,0,1,4152,0,340,0,340
293006,Playing,2533376,7180,0,0,0,0,1,4156,0,340,0,340
293259,Playing,2526208,7160,0,0,0,0,1,4159,97,340,98,340
293512,Playing,2491392,7061,0,0,0,0,1,4161,0,340,0,340
293766,Playing,2484224,7041,0,0,0,0,1,4164,1,340,1,340
294018,Playing,2477056,7021,0,0,0,0,1,4170,96,340,96,340
294271,Playing,2497536,7079,0,0,0,0,1,4174,0,340,0,340
294525,Playing,2462720,6980,0,0,0,0,1,4176,0,340,0,340
294777,Playing,2463744,6983,0,0,0,0,1,4179,0,340,0,340
295031,Playing,2484224,7041,0,0,0,0,1,4183,0,340,0,340
295283,Playing,2477056,7021,0,0,0,0,1,4186,0,340,0,340
295536,Playing,2497536,7079,0,0,0,0,1,4190,97,340,97,340
295788,Playing,2462720,6980,0,0,0,0,1,4192,0,340,0,340
296040,Playing,2455552,6960,0,0,0,0,1,4195,176,340,176,340
296293,Playing,2511872,7119,0,0,0,0,1,4200,0,340,0,340
296546,Playing,2504704,7099,0,0,0,0,1,4203,0,340,0,340
296798,Playing,2423808,6870,0,0,0,0,1,4206,0,340,10,340
297001,Playing,2469888,7000,0,0,0,0,1,4211,0,340,0,340
297255,Playing,2462720,6980,0,0,0,0,1,4214,0,340,0,340
297508,Playing,2427904,6881,0,0,0,0,1,4216,0,340,0,340
297760,Playing,2456576,6963,0,0,0,0,1,4220,0,340,0,340
298014,Playing,2449408,6942,0,0,0,0,1,4223,0,340,0,340
298267,Playing,2469888,7000,0,0,0,0,1,4227,0,340,0,340
298520,Playing,2490368,7058,0,0,0,0,1,4231,0,340,0,340
298773,Playing,2427904,6881,0,0,0,0,1,4232,177,340,177,340
299025,Playing,2420736,6861,0,0,0,0,1,4235,175,340,175,340
299277,Playing,2477056,7021,0,0,0,0,1,4240,0,340,0,340
299529,Playing,2423808,6870,0,0,0,0,1,4244,0,340,14,340
299784,Playing,2453504,6954,0,0,0,0,1,4249,0,340,0,340
300037,Playing,2391040,6777,0,0,0,0,1,4250,176,340,176,340
300290,Playing,2383872,6757,0,0,0,0,1,4253,176,340,176,340
300544,Playing,2432000,6893,0,0,0,0,1,4258,0,340,0,340
300797,Playing,2452480,6951,0,0,0,0,1,4262,0,340,0,340
301000,Playing,2414592,6844,0,0,0,0,1,4263,181,340,181,340
301254,Playing,2407424,6823,0,0,0,0,1,4266,1,340,1,340
301508,Playing,2372608,6725,0,0,0,0,1,4268,14,340,14,340
301760,Playing,2393088,6783,0,0,0,0,1,4272,0,340,0,340
302012,Playing,2413568,6841,0,0,0,0,1,4276,14,340,14,340
302266,Playing,2406400,6820,0,0,0,0,1,4279,0,340,0,340
302518,Playing,2398208,6797,0,0,0,0,1,4285,95,340,95,340
302772,Playing,2391040,6777,0,0,0,0,1,4288,15,340,15,340
303025,Playing,2383872,6757,0,0,0,0,1,4291,90,340,90,340
303278,Playing,2376704,6736,0,0,0,0,1,4294,0,340,0,340
303530,Playing,2397184,6794,0,0,0,0,1,4298,0,340,0,340
303782,Playing,2390016,6774,0,0,0,0,1,4301,0,340,0,340
304036,Playing,2418688,6855,0,0,0,0,1,4305,0,340,0,340
304289,Playing,2356224,6678,0,0,0,0,1,4306,175,340,175,340
304542,Playing,2376704,6736,0,0,0,0,1,4310,0,340,0,340
304795,Playing,2397184,6794,0,0,0,0,1,4314,0,340,0,340
305046,Playing,2390016,6774,0,0,0,0,1,4317,0,340,0,340
305300,Playing,2327552,6597,0,0,0,0,1,4321,0,340,0,340
305503,Playing,2372608,6725,0,0,0,0,1,4325,0,340,0,340
305757,Playing,2365440,6704,0,0,0,0,1,4328,176,340,176,340
306010,Playing,2302976,6527,0,0,0,0,1,4329,95,340,95,340
306264,Playing,2351104,6664,0,0,0,0,1,4334,0,340,0,340
306516,Playing,2343936,6643,0,0,0,0,1,4337,0,340,0,340
306770,Playing,2364416,6701,0,0,0,0,1,4341,174,340,175,340
307023,Playing,2384896,6759,0,0,0,0,1,4345,0,340,0,340
307277,Playing,2330624,6606,0,0,0,0,1,4346,175,340,175,340
307528,Playing,2378752,6742,0,0,0,0,1,4351,0,340,0,340
307781,Playing,2371584,6722,0,0,0,0,1,4354,0,340,0,340
308035,Playing,2336768,6623,0,0,0,0,1,4359,96,340,96,340
308288,Playing,2357248,6681,0,0,0,0,1,4363,0,340,0,340
308541,Playing,2322432,6582,0,0,0,0,1,4365,0,340,0,340
308794,Playing,2315264,6562,0,0,0,0,1,4368,178,340,178,340
309046,Playing,2343936,6643,0,0,0,0,1,4372,0,340,0,340
309298,Playing,2336768,6623,0,0,0,0,1,4375,0,340,0,340
309501,Playing,2345984,6649,0,0,0,0,1,4378,0,340,0,340
309754,Playing,2338816,6629,0,0,0,0,1,4381,0,340,0,340
310007,Playing,2359296,6687,0,0,0,0,1,4385,0,340,0,340
310259,Playing,2332672,6611,0,0,0,0,1,4387,0,340,0,340
310511,Playing,2325504,6591,0,0,0,0,1,4390,0,340,0,340
310765,Playing,2318336,6571,0,0,0,0,1,4393,177,340,177,340
311018,Playing,2311168,6550,0,0,0,0,1,4399,175,340,175,340
311270,Playing,2276352,6452,0,0,0,0,1,4401,14,340,14,340
311523,Playing,2269184,6431,0,0,0,0,1,4404,96,340,96,340
311776,Playing,2325504,6591,0,0,0,0,1,4409,0,340,0,340
312029,Playing,2318336,6571,0,0,0,0,1,4412,0,340,0,340
312282,Playing,2311168,6550,0,0,0,0,1,4415,0,340,0,340
312536,Playing,2304000,6530,0,0,0,0,1,4418,0,340,0,340
312788,Playing,2296832,6510,0,0,0,0,1,4421,12,340,12,340
313042,Playing,2289664,6489,0,0,0,0,1,4424,93,340,93,340
313295,Playing,2310144,6548,0,0,0,0,1,4428,175,340,175,340
313547,Playing,2275328,6449,0,0,0,0,1,4430,0,340,0,340
313799,Playing,2276352,6452,0,0,0,0,1,4436,0,340,0,340
314002,Playing,2285568,6478,0,0,0,0,1,4439,0,340,0,340
314256,Playing,2306048,6536,0,0,0,0,1,4443,0,340,0,340
314509,Playing,2298880,6516,0,0,0,0,1,4446,93,340,93,340
314762,Playing,2291712,6495,0,0,0,0,1,4449,0,340,0,340
315015,Playing,2284544,6475,0,0,0,0,1,4452,0,340,0,340
315269,Playing,2305024,6533,0,0,0,0,1,4456,0,340,0,340
315521,Playing,2306048,6536,0,0,0,0,1,4459,0,340,0,340
315774,Playing,2243584,6359,0,0,0,0,1,4460,173,340,173,340
316027,Playing,2264064,6417,0,0,0,0,1,4464,95,340,95,340
316280,Playing,2302976,6527,0,0,0,0,1,4471,0,340,13,340
316534,Playing,2277376,6455,0,0,0,0,1,4474,0,340,0,340
316785,Playing,2270208,6434,0,0,0,0,1,4477,0,340,0,340
317039,Playing,2271232,6437,0,0,0,0,1,4480,96,340,96,340
317268,Playing,2244608,6362,0,0,0,0,1,4482,190,340,190,340
317521,Playing,2265088,6420,0,0,0,0,1,4486,176,340,176,340
317775,Playing,2230272,6321,0,0,0,0,1,4488,2,340,2,340
318028,Playing,2250752,6379,0,0,0,0,1,4492,175,340,175,340
318281,Playing,2271232,6437,0,0,0,0,1,4496,0,340,0,340
318534,Playing,2264064,6417,0,0,0,0,1,4499,0,340,0,340
318788,Playing,2284544,6475,0,0,0,0,1,4503,0,340,0,340
319040,Playing,2230272,6321,0,0,0,0,1,4504,103,340,103,340
319293,Playing,2223104,6301,0,0,0,0,1,4510,2,340,2,340
319544,Playing,2243584,6359,0,0,0,0,1,4514,0,340,0,340
319797,Playing,2236416,6339,0,0,0,0,1,4517,0,340,0,340
320050,Playing,2201600,6240,0,0,0,0,1,4519,0,340,0,340
320252,Playing,2219008,6289,0,0,0,0,1,4522,94,340,94,340
320505,Playing,2184192,6191,0,0,0,0,1,4524,0,340,0,340
320758,Playing,2204672,6249,0,0,0,0,1,4528,0,340,0,340
321010,Playing,2252800,6385,0,0,0,0,1,4533,18,340,18,340
321261,Playing,2245632,6365,0,0,0,0,1,4536,0,340,0,340
321515,Playing,2238464,6344,0,0,0,0,1,4539,0,340,0,340
321768,Playing,2211840,6269,0,0,0,0,1,4541,0,340,0,340
322021,Playing,2204672,6249,0,0,0,0,1,4544,95,340,95,340
322275,Playing,2188288,6202,0,0,0,0,1,4550,0,340,0,340
322529,Playing,2208768,6260,0,0,0,0,1,4554,0,340,0,340
322780,Playing,2229248,6318,0,0,0,0,1,4558,0,340,0,340
323033,Playing,2194432,6220,0,0,0,0,1,4560,1,340,1,340
323287,Playing,2195456,6222,0,0,0,0,1,4563,0,340,0,340
323540,Playing,2188288,6202,0,0,0,0,1,4566,0,340,0,340
323793,Playing,2181120,6182,0,0,0,0,1,4569,0,340,0,340
324047,Playing,2229248,6318,0,0,0,0,1,4574,0,340,0,340
324299,Playing,2166784,6141,0,0,0,0,1,4575,179,340,179,340
324501,Playing,2203648,6246,0,0,0,0,1,4579,176,340,176,340
324753,Playing,2213888,6275,0,0,0,0,1,4583,0,340,0,340
325007,Playing,2160640,6124,0,0,0,0,1,4587,0,340,0,340
325260,Playing,2153472,6103,0,0,0,0,1,4590,0,340,0,340
325513,Playing,2173952,6161,0,0,0,0,1,4594,0,340,0,340
325765,Playing,2166784,6141,0,0,0,0,1,4597,174,340,175,340
326017,Playing,2159616,6121,0,0,0,0,1,4600,0,340,0,340
326269,Playing,2160640,6124,0,0,0,0,1,4603,13,340,14,340
326521,Playing,2181120,6182,0,0,0,0,1,4607,0,340,0,340
326775,Playing,2173952,6161,0,0,0,0,1,4610,0,340,0,340
327028,Playing,2111488,5984,0,0,0,0,1,4611,175,340,175,340
327280,Playing,2159616,6121,0,0,0,0,1,4616,0,340,0,340
327533,Playing,2180096,6179,0,0,0,0,1,4620,0,340,0,340
327785,Playing,2144256,6077,0,0,0,0,1,4625,0,340,0,340
328039,Playing,2137088,6057,0,0,0,0,1,4628,0,340,0,340
328292,Playing,2102272,5958,0,0,0,0,1,4630,0,340,0,340
328546,Playing,2095104,5938,0,0,0,0,1,4633,92,340,92,340
328799,Playing,2143232,6074,0,0,0,0,1,4638,0,340,0,340
329002,Playing,2097152,5944,0,0,0,0,1,4639,176,340,176,340
329256,Playing,2089984,5923,0,0,0,0,1,4642,0,340,0,340
329509,Playing,2146304,6083,0,0,0,0,1,4647,0,340,0,340
329763,Playing,2139136,6063,0,0,0,0,1,4650,95,340,95,340
330014,Playing,2131968,6042,0,0,0,0,1,4653,174,340,174,340
330267,Playing,2124800,6022,0,0,0,0,1,4656,0,340,0,340
330520,Playing,2089984,5923,0,0,0,0,1,4661,0,340,13,340
330774,Playing,2110464,5982,0,0,0,0,1,4665,92,340,92,340
331026,Playing,2139136,6063,0,0,0,0,1,4669,0,340,0,340
331279,Playing,2076672,5886,0,0,0,0,1,4670,94,340,94,340
331531,Playing,2069504,5865,0,0,0,0,1,4673,96,340,96,340
331782,Playing,2089984,5923,0,0,0,0,1,4677,96,340,96,340
332034,Playing,2110464,5982,0,0,0,0,1,4681,0,340,0,340
332287,Playing,2111488,5984,0,0,0,0,1,4684,0,340,0,340
332540,Playing,2076672,5886,0,0,0,0,1,4686,95,340,95,340
332792,Playing,2097152,5944,0,0,0,0,1,4690,0,340,0,340
333046,Playing,2089984,5923,0,0,0,0,1,4693,95,340,95,340
333299,Playing,2082816,5903,0,0,0,0,1,4699,0,340,14,340
333501,Playing,2119680,6008,0,0,0,0,1,4703,1,340,1,340
333753,Playing,2093056,5932,0,0,0,0,1,4705,0,340,0,340
334007,Playing,2085888,5912,0,0,0,0,1,4708,2,340,2,340
334260,Playing,2106368,5970,0,0,0,0,1,4712,3,340,3,340
334512,Playing,2126848,6028,0,0,0,0,1,4716,0,340,0,340
334763,Playing,2119680,6008,0,0,0,0,1,4719,0,340,0,340
335017,Playing,2084864,5909,0,0,0,0,1,4721,0,340,0,340
335270,Playing,2113536,5990,0,0,0,0,1,4725,0,340,0,340
335523,Playing,2106368,5970,0,0,0,0,1,4728,0,340,0,340
335775,Playing,2126848,6028,0,0,0,0,1,4732,0,340,0,340
336029,Playing,2092032,5929,0,0,0,0,1,4734,0,340,0,340
336280,Playing,2057216,5831,0,0,0,0,1,4739,0,340,0,340
336532,Playing,2085888,5912,0,0,0,0,1,4743,0,340,0,340
336785,Playing,2078720,5892,0,0,0,0,1,4746,90,340,90,340
337038,Playing,2043904,5793,0,0,0,0,1,4748,0,340,0,340
337291,Playing,2064384,5851,0,0,0,0,1,4752,0,340,0,340
337543,Playing,2084864,5909,0,0,0,0,1,4756,0,340,0,340
337799,Playing,2077696,5889,0,0,0,0,1,4759,0,340,0,340
338003,Playing,2059264,5836,0,0,0,0,1,4761,0,340,0,340
338257,Playing,2079744,5894,0,0,0,0,1,4765,0,340,0,340
338509,Playing,2080768,5897,0,0,0,0,1,4768,0,340,0,340
338762,Playing,2092032,5929,0,0,0,0,1,4772,0,340,0,340
339016,Playing,2011136,5700,0,0,0,0,1,4775,176,340,176,340
339269,Playing,2031616,5758,0,0,0,0,1,4779,0,340,0,340
339521,Playing,2052096,5816,0,0,0,0,1,4783,0,340,0,340
339774,Playing,2072576,5874,0,0,0,0,1,4787,0,340,0,340
340026,Playing,2010112,5697,0,0,0,0,1,4788,95,340,95,340
340279,Playing,2011136,5700,0,0,0,0,1,4791,95,340,95,340
340532,Playing,2031616,5758,0,0,0,0,1,4795,175,340,175,340
340786,Playing,2024448,5738,0,0,0,0,1,4798,172,340,172,340
341039,Playing,2044928,5796,0,0,0,0,1,4802,180,340,180,340
341292,Playing,2010112,5697,0,0,0,0,1,4804,4,340,4,340
341546,Playing,2030592,5755,0,0,0,0,1,4808,0,340,0,340
341797,Playing,2003968,5680,0,0,0,0,1,4813,175,340,175,340
342049,Playing,2024448,5738,0,0,0,0,1,4817,0,340,0,340
342251,Playing,2006016,5685,0,0,0,0,1,4819,2,340,2,340
342504,Playing,2026496,5744,0,0,0,0,1,4823,0,340,0,340
342757,Playing,2027520,5746,0,0,0,0,1,4826,94,340,94,340
343010,Playing,2020352,5726,0,0,0,0,1,4829,98,340,98,340
343263,Playing,2013184,5706,0,0,0,0,1,4832,0,340,0,340
343516,Playing,2006016,5685,0,0,0,0,1,4835,0,340,0,340
343769,Playing,1998848,5665,0,0,0,0,1,4838,94,340,94,340
344021,Playing,1991680,5645,0,0,0,0,1,4841,0,340,0,340
344275,Playing,1992704,5648,0,0,0,0,1,4844,97,340,97,340
344528,Playing,2013184,5706,0,0,0,0,1,4851,0,340,0,340
344781,Playing,2006016,5685,0,0,0,0,1,4854,0,340,0,340
345033,Playing,1998848,5665,0,0,0,0,1,4857,0,340,0,340
345253,Playing,1980416,5613,0,0,0,0,1,4859,3,340,4,340
345507,Playing,1973248,5593,0,0,0,0,1,4862,0,340,0,340
345760,Playing,1993728,5651,0,0,0,0,1,4866,98,340,98,340
346013,Playing,1958912,5552,0,0,0,0,1,4868,0,340,0,340
346266,Playing,1979392,5610,0,0,0,0,1,4872,91,340,91,340
346519,Playing,1999872,5668,0,0,0,0,1,4876,0,340,0,340
346772,Playing,1992704,5648,0,0,0,0,1,4879,0,340,0,340
347025,Playing,1966080,5572,0,0,0,0,1,4881,0,340,0,340
347278,Playing,1986560,5630,0,0,0,0,1,4885,0,340,0,340
347530,Playing,1942528,5506,0,0,0,0,1,4890,0,340,0,340
347783,Playing,1935360,5485,0,0,0,0,1,4893,97,340,97,340
348036,Playing,1928192,5465,0,0,0,0,1,4896,0,340,0,340
348288,Playing,1921024,5445,0,0,0,0,1,4899,96,340,97,340
348540,Playing,1949696,5526,0,0,0,0,1,4903,0,340,0,340
348793,Playing,1970176,5584,0,0,0,0,1,4907,0,340,0,340
349046,Playing,1963008,5564,0,0,0,0,1,4910,0,340,0,340
349298,Playing,1928192,5465,0,0,0,0,1,4912,0,340,0,340
349500,Playing,1965056,5569,0,0,0,0,1,4916,1,340,2,340
349752,Playing,1966080,5572,0,0,0,0,1,4919,0,340,0,340
350005,Playing,1986560,5630,0,0,0,0,1,4923,14,340,14,340
350256,Playing,1970176,5584,0,0,0,0,1,4929,0,340,0,340
350509,Playing,1907712,5407,0,0,0,0,1,4930,172,340,172,340
350761,Playing,1928192,5465,0,0,0,0,1,4934,0,340,0,340
351015,Playing,1948672,5523,0,0,0,0,1,4938,0,340,0,340
351269,Playing,1949696,5526,0,0,0,0,1,4941,0,340,0,340
351522,Playing,1970176,5584,0,0,0,0,1,4945,0,340,0,340
351776,Playing,1907712,5407,0,0,0,0,1,4946,176,340,176,340
352028,Playing,1900544,5387,0,0,0,0,1,4949,175,340,175,340
352281,Playing,1948672,5523,0,0,0,0,1,4954,0,340,0,340
352533,Playing,1969152,5581,0,0,0,0,1,4958,0,340,0,340
352786,Playing,1970176,5584,0,0,0,0,1,4961,0,340,0,340
353039,Playing,1889280,5355,0,0,0,0,1,4964,0,340,16,340
353292,Playing,1891328,5360,0,0,0,0,1,4968,0,340,0,340
353545,Playing,1884160,5340,0,0,0,0,1,4971,173,340,173,340
353797,Playing,1904640,5398,0,0,0,0,1,4975,95,340,95,340
354050,Playing,1869824,5299,0,0,0,0,1,4977,0,340,0,340
354253,Playing,1887232,5349,0,0,0,0,1,4980,0,340,0,340
354506,Playing,1935360,5485,0,0,0,0,1,4985,0,340,0,340
354759,Playing,1872896,5308,0,0,0,0,1,4986,176,340,176,340
355012,Playing,1893376,5366,0,0,0,0,1,4990,0,340,0,340
355265,Playing,1913856,5424,0,0,0,0,1,4994,0,340,0,340
355518,Playing,1906688,5404,0,0,0,0,1,4997,0,340,0,340
355771,Playing,1899520,5384,0,0,0,0,1,5003,94,340,94,340
356024,Playing,1845248,5230,0,0,0,0,1,5004,175,340,175,340
356278,Playing,1865728,5288,0,0,0,0,1,5008,176,340,176,340
356531,Playing,1886208,5346,0,0,0,0,1,5012,0,340,0,340
356784,Playing,1906688,5404,0,0,0,0,1,5016,0,340,0,340
357037,Playing,1899520,5384,0,0,0,0,1,5019,95,340,95,340
357290,Playing,1864704,5285,0,0,0,0,1,5021,0,340,0,340
357543,Playing,1857536,5265,0,0,0,0,1,5024,176,340,176,340
357797,Playing,1878016,5323,0,0,0,0,1,5028,0,340,0,340
358050,Playing,1879040,5326,0,0,0,0,1,5031,96,340,96,340
358252,Playing,1888256,5352,0,0,0,0,1,5034,0,340,0,340
358507,Playing,1881088,5331,0,0,0,0,1,5037,176,340,176,340
358760,Playing,1818624,5154,0,0,0,0,1,5041,0,340,0,340
359013,Playing,1811456,5134,0,0,0,0,1,5044,95,340,95,340
359266,Playing,1859584,5270,0,0,0,0,1,5049,0,340,0,340
359519,Playing,1852416,5250,0,0,0,0,1,5052,0,340,0,340
359771,Playing,1853440,5253,0,0,0,0,1,5055,175,340,175,340
360023,Playing,1818624,5154,0,0,0,0,1,5057,0,340,0,340
360276,Playing,1839104,5212,0,0,0,0,1,5061,2,340,2,340
360530,Playing,1831936,5192,0,0,0,0,1,5064,176,340,176,340
360782,Playing,1880064,5328,0,0,0,0,1,5069,0,340,0,340
361037,Playing,1872896,5308,0,0,0,0,1,5072,0,340,0,340
361290,Playing,1865728,5288,0,0,0,0,1,5075,94,340,94,340
361545,Playing,1839104,5212,0,0,0,0,1,5080,0,340,0,340
361798,Playing,1831936,5192,0,0,0,0,1,5083,0,340,0,340
362000,Playing,1785856,5061,0,0,0,0,1,5084,96,340,96,340
362253,Playing,1806336,5120,0,0,0,0,1,5088,95,340,95,340
362504,Playing,1826816,5178,0,0,0,0,1,5092,0,340,0,340
362757,Playing,1827840,5180,0,0,0,0,1,5095,177,340,177,340
363009,Playing,1793024,5082,0,0,0,0,1,5097,0,340,0,340
363262,Playing,1813504,5140,0,0,0,0,1,5101,0,340,0,340
363516,Playing,1833984,5198,0,0,0,0,1,5105,0,340,0,340
363768,Playing,1826816,5178,0,0,0,0,1,5108,0,340,0,340
364022,Playing,1847296,5236,0,0,0,0,1,5112,0,340,0,340
364276,Playing,1784832,5059,0,0,0,0,1,5116,0,340,0,340
364528,Playing,1777664,5038,0,0,0,0,1,5119,0,340,0,340
364781,Playing,1778688,5041,0,0,0,0,1,5122,0,340,0,340
365035,Playing,1826816,5178,0,0,0,0,1,5127,0,340,0,340
365286,Playing,1764352,5000,0,0,0,0,1,5128,96,340,96,340
365539,Playing,1784832,5059,0,0,0,0,1,5132,2,340,2,340
365791,Playing,1805312,5117,0,0,0,0,1,5136,0,340,0,340
366045,Playing,1798144,5096,0,0,0,0,1,5139,0,340,0,340
366297,Playing,1790976,5076,0,0,0,0,1,5142,179,340,179,340
366550,Playing,1792000,5079,0,0,0,0,1,5145,14,340,14,340
366751,Playing,1801216,5105,0,0,0,0,1,5148,0,340,0,340
367003,Playing,1766400,5006,0,0,0,0,1,5150,0,340,0,340
367256,Playing,1786880,5064,0,0,0,0,1,5157,0,340,0,340
367508,Playing,1760256,4989,0,0,0,0,1,5159,0,340,0,340
367760,Playing,1780736,5047,0,0,0,0,1,5163,0,340,0,340
368016,Playing,1801216,5105,0,0,0,0,1,5167,0,340,0,340
368268,Playing,1794048,5085,0,0,0,0,1,5170,94,340,94,340
368521,Playing,1759232,4986,0,0,0,0,1,5172,0,340,0,340
368773,Playing,1752064,4966,0,0,0,0,1,5175,98,340,98,340
369027,Playing,1772544,5024,0,0,0,0,1,5179,0,340,0,340
369279,Playing,1801216,5105,0,0,0,0,1,5183,0,340,0,340
369530,Playing,1821696,5163,0,0,0,0,1,5187,1,340,2,340
369784,Playing,1777664,5038,0,0,0,0,1,5189,95,340,95,340
370037,Playing,1752064,4966,0,0,0,0,1,5194,0,340,0,340
370290,Playing,1744896,4945,0,0,0,0,1,5197,95,340,95,340
370543,Playing,1765376,5003,0,0,0,0,1,5201,0,340,0,340
370795,Playing,1794048,5085,0,0,0,0,1,5205,0,340,0,340
371048,Playing,1731584,4908,0,0,0,0,1,5206,177,340,177,340
371299,Playing,1779712,5044,0,0,0,0,1,5211,2,340,2,340
371502,Playing,1733632,4913,0,0,0,0,1,5212,90,340,91,340
371755,Playing,1754112,4971,0,0,0,0,1,5216,0,340,0,340
372009,Playing,1774592,5030,0,0,0,0,1,5220,0,340,0,340
372261,Playing,1720320,4876,0,0,0,0,1,5221,89,340,89,340
372515,Playing,1713152,4855,0,0,0,0,1,5224,92,340,92,340
372767,Playing,1724416,4887,0,0,0,0,1,5231,0,340,0,340
373020,Playing,1717248,4867,0,0,0,0,1,5234,14,340,14,340
373272,Playing,1737728,4925,0,0,0,0,1,5238,0,340,0,340
373525,Playing,1730560,4905,0,0,0,0,1,5241,0,340,0,340
373776,Playing,1703936,4829,0,0,0,0,1,5243,0,340,0,340
374029,Playing,1696768,4809,0,0,0,0,1,5246,97,340,97,340
374281,Playing,1717248,4867,0,0,0,0,1,5250,0,340,0,340
374536,Playing,1682432,4768,0,0,0,0,1,5252,0,340,0,340
374789,Playing,1702912,4826,0,0,0,0,1,5256,0,340,0,340
375042,Playing,1695744,4806,0,0,0,0,1,5259,0,340,0,340
375296,Playing,1716224,4864,0,0,0,0,1,5263,93,340,93,340
375548,Playing,1699840,4818,0,0,0,0,1,5269,0,340,0,340
375751,Playing,1689600,4789,0,0,0,0,1,5271,93,340,93,340
376004,Playing,1682432,4768,0,0,0,0,1,5274,173,340,173,340
376256,Playing,1702912,4826,0,0,0,0,1,5278,0,340,0,340
376509,Playing,1695744,4806,0,0,0,0,1,5281,1,340,1,340
376761,Playing,1688576,4786,0,0,0,0,1,5284,97,340,97,340
377014,Playing,1689600,4789,0,0,0,0,1,5287,0,340,0,340
377267,Playing,1682432,4768,0,0,0,0,1,5290,97,340,97,340
377519,Playing,1675264,4748,0,0,0,0,1,5293,0,340,0,340
377771,Playing,1668096,4728,0,0,0,0,1,5296,0,340,0,340
378025,Playing,1660928,4707,0,0,0,0,1,5299,96,340,96,340
378277,Playing,1662976,4713,0,0,0,0,1,5305,0,340,14,340
378531,Playing,1665024,4719,0,0,0,0,1,5309,0,340,0,340
378784,Playing,1657856,4699,0,0,0,0,1,5312,96,340,96,340
379036,Playing,1658880,4702,0,0,0,0,1,5315,0,340,0,340
379290,Playing,1651712,4681,0,0,0,0,1,5318,0,340,0,340
379543,Playing,1644544,4661,0,0,0,0,1,5321,97,340,97,340
379795,Playing,1609728,4562,0,0,0,0,1,5323,1,340,2,340
380047,Playing,1602560,4542,0,0,0,0,1,5326,100,340,100,340
380250,Playing,1675264,4748,0,0,0,0,1,5331,0,340,0,340
380502,Playing,1695744,4806,0,0,0,0,1,5335,13,340,13,340
380754,Playing,1688576,4786,0,0,0,0,1,5338,0,340,0,340
381007,Playing,1653760,4687,0,0,0,0,1,5340,0,340,0,340
381260,Playing,1618944,4588,0,0,0,0,1,5345,0,340,0,340
381512,Playing,1611776,4568,0,0,0,0,1,5348,96,340,96,340
381765,Playing,1668096,4728,0,0,0,0,1,5353,0,340,0,340
382017,Playing,1605632,4551,0,0,0,0,1,5354,179,340,179,340
382272,Playing,1626112,4609,0,0,0,0,1,5358,0,340,0,340
382527,Playing,1646592,4667,0,0,0,0,1,5362,0,340,0,340
382779,Playing,1639424,4646,0,0,0,0,1,5365,0,340,0,340
383031,Playing,1659904,4704,0,0,0,0,1,5369,0,340,0,340
383285,Playing,1625088,4606,0,0,0,0,1,5371,0,340,0,340
383538,Playing,1617920,4585,0,0,0,0,1,5374,1,340,1,340
383791,Playing,1646592,4667,0,0,0,0,1,5378,95,340,95,340
384044,Playing,1639424,4646,0,0,0,0,1,5384,0,340,0,340
384296,Playing,1549312,4391,0,0,0,0,1,5384,0,340,0,340
384549,Playing,1597440,4527,0,0,0,0,1,5389,0,340,0,340
384752,Playing,1634304,4632,0,0,0,0,1,5393,0,340,0,340
385005,Playing,1635328,4635,0,0,0,0,1,5396,95,340,95,340
385257,Playing,1600512,4536,0,0,0,0,1,5398,0,340,0,340
385510,Playing,1620992,4594,0,0,0,0,1,5402,0,340,0,340
385763,Playing,1613824,4574,0,0,0,0,1,5405,96,340,96,340
386016,Playing,1634304,4632,0,0,0,0,1,5409,0,340,0,340
386268,Playing,1571840,4455,0,0,0,0,1,5410,175,340,175,340
386521,Playing,1600512,4536,0,0,0,0,1,5414,0,340,0,340
386774,Playing,1565696,4437,0,0,0,0,1,5419,0,340,0,340
387027,Playing,1613824,4574,0,0,0,0,1,5424,0,340,0,340
387281,Playing,1551360,4397,0,0,0,0,1,5425,177,340,177,340
387534,Playing,1571840,4455,0,0,0,0,1,5429,14,340,14,340
387787,Playing,1564672,4435,0,0,0,0,1,5432,94,340,94,340
388039,Playing,1585152,4493,0,0,0,0,1,5436,175,340,175,340
388256,Playing,1566720,4440,0,0,0,0,1,5438,2,340,2,340
388509,Playing,1559552,4420,0,0,0,0,1,5441,0,340,0,340
388761,Playing,1588224,4501,0,0,0,0,1,5445,175,340,175,340
389015,Playing,1525760,4324,0,0,0,0,1,5446,94,340,94,340
389267,Playing,1573888,4461,0,0,0,0,1,5451,0,340,0,340
389520,Playing,1566720,4440,0,0,0,0,1,5457,4,340,4,340
389775,Playing,1559552,4420,0,0,0,0,1,5460,0,340,0,340
390028,Playing,1552384,4400,0,0,0,0,1,5463,177,340,178,340
390279,Playing,1545216,4379,0,0,0,0,1,5466,15,340,15,340
390531,Playing,1546240,4382,0,0,0,0,1,5469,0,340,0,340
390784,Playing,1566720,4440,0,0,0,0,1,5473,0,340,0,340
391036,Playing,1559552,4420,0,0,0,0,1,5476,0,340,0,340
391289,Playing,1524736,4321,0,0,0,0,1,5478,0,340,0,340
391549,Playing,1545216,4379,0,0,0,0,1,5482,2,340,2,340
391751,Playing,1582080,4484,0,0,0,0,1,5486,0,340,0,340
392005,Playing,1519616,4307,0,0,0,0,1,5487,96,340,96,340
392257,Playing,1540096,4365,0,0,0,0,1,5491,0,340,0,340
392511,Playing,1505280,4266,0,0,0,0,1,5496,0,340,0,340
392765,Playing,1533952,4347,0,0,0,0,1,5500,0,340,0,340
393019,Playing,1554432,4405,0,0,0,0,1,5504,0,340,0,340
393273,Playing,1574912,4464,0,0,0,0,1,5508,0,340,0,340
393525,Playing,1540096,4365,0,0,0,0,1,5510,95,340,95,340
393777,Playing,1532928,4345,0,0,0,0,1,5513,0,340,0,340
394031,Playing,1525760,4324,0,0,0,0,1,5516,0,340,0,340
394286,Playing,1518592,4304,0,0,0,0,1,5519,0,340,0,340
394539,Playing,1483776,4205,0,0,0,0,1,5521,0,340,0,340
394792,Playing,1504256,4263,0,0,0,0,1,5525,100,340,100,340
395045,Playing,1532928,4345,0,0,0,0,1,5529,0,340,0,340
395298,Playing,1525760,4324,0,0,0,0,1,5535,0,340,0,340
395501,Playing,1507328,4272,0,0,0,0,1,5537,92,340,92,340
395755,Playing,1500160,4252,0,0,0,0,1,5540,0,340,0,340
396009,Playing,1520640,4310,0,0,0,0,1,5544,0,340,0,340
396263,Playing,1513472,4289,0,0,0,0,1,5547,0,340,0,340
396516,Playing,1506304,4269,0,0,0,0,1,5550,97,340,97,340
396768,Playing,1479680,4194,0,0,0,0,1,5552,0,340,0,340
397021,Playing,1500160,4252,0,0,0,0,1,5556,96,340,96,340
397275,Playing,1520640,4310,0,0,0,0,1,5560,1,340,1,340
397527,Playing,1513472,4289,0,0,0,0,1,5563,95,340,95,340
397779,Playing,1533952,4347,0,0,0,0,1,5567,0,340,0,340
398031,Playing,1462272,4144,0,0,0,0,1,5571,0,340,0,340
398284,Playing,1463296,4147,0,0,0,0,1,5574,0,340,0,340
398538,Playing,1456128,4127,0,0,0,0,1,5577,93,340,94,340
398790,Playing,1504256,4263,0,0,0,0,1,5582,0,340,0,340
399044,Playing,1497088,4243,0,0,0,0,1,5585,0,340,0,340
399297,Playing,1434624,4066,0,0,0,0,1,5586,174,340,175,340
399549,Playing,1482752,4202,0,0,0,0,1,5591,0,340,0,340
399751,Playing,1444864,4095,0,0,0,0,1,5592,176,340,176,340
400004,Playing,1465344,4153,0,0,0,0,1,5596,0,340,0,340
400256,Playing,1485824,4211,0,0,0,0,1,5600,0,340,0,340
400508,Playing,1478656,4191,0,0,0,0,1,5603,0,340,0,340
400761,Playing,1453056,4118,0,0,0,0,1,5606,97,340,97,340
401014,Playing,1427456,4046,0,0,0,0,1,5611,0,340,0,340
401268,Playing,1420288,4025,0,0,0,0,1,5614,0,340,0,340
401520,Playing,1448960,4107,0,0,0,0,1,5618,0,340,0,340
401774,Playing,1469440,4165,0,0,0,0,1,5622,1,340,1,340
402026,Playing,1406976,3988,0,0,0,0,1,5623,176,340,176,340
402280,Playing,1427456,4046,0,0,0,0,1,5627,0,340,0,340
402533,Playing,1447936,4104,0,0,0,0,1,5631,0,340,0,340
402785,Playing,1440768,4083,0,0,0,0,1,5634,0,340,0,340
403038,Playing,1461248,4141,0,0,0,0,1,5638,0,340,0,340
403293,Playing,1398784,3964,0,0,0,0,1,5639,98,340,98,340
403546,Playing,1419264,4022,0,0,0,0,1,5643,175,340,175,340
403799,Playing,1411072,3999,0,0,0,0,1,5649,0,340,0,340
404003,Playing,1392640,3947,0,0,0,0,1,5651,0,340,0,340
404255,Playing,1413120,4005,0,0,0,0,1,5655,0,340,0,340
404509,Playing,1405952,3985,0,0,0,0,1,5658,0,340,0,340
404762,Playing,1398784,3964,0,0,0,0,1,5661,175,340,176,340
405013,Playing,1363968,3866,0,0,0,0,1,5663,0,340,0,340
405268,Playing,1392640,3947,0,0,0,0,1,5667,14,340,14,340
405521,Playing,1413120,4005,0,0,0,0,1,5671,0,340,0,340
405773,Playing,1433600,4063,0,0,0,0,1,5675,0,340,0,340
406026,Playing,1371136,3886,0,0,0,0,1,5676,95,340,95,340
406279,Playing,1363968,3866,0,0,0,0,1,5679,96,340,96,340
406531,Playing,1384448,3924,0,0,0,0,1,5686,0,340,0,340
406784,Playing,1377280,3903,0,0,0,0,1,5689,0,340,0,340
407036,Playing,1350656,3828,0,0,0,0,1,5691,0,340,0,340
407288,Playing,1343488,3808,0,0,0,0,1,5694,0,340,0,340
407541,Playing,1363968,3866,0,0,0,0,1,5698,94,340,95,340
407794,Playing,1356800,3845,0,0,0,0,1,5701,94,340,94,340
408047,Playing,1404928,3982,0,0,0,0,1,5706,0,340,0,340
408300,Playing,1342464,3805,0,0,0,0,1,5707,95,340,95,340
408502,Playing,1387520,3932,0,0,0,0,1,5711,0,340,0,340
408756,Playing,1380352,3912,0,0,0,0,1,5714,15,340,15,340
409009,Playing,1400832,3970,0,0,0,0,1,5718,0,340,0,340
409264,Playing,1366016,3871,0,0,0,0,1,5723,97,340,97,340
409517,Playing,1331200,3773,0,0,0,0,1,5725,0,340,0,340
409770,Playing,1351680,3831,0,0,0,0,1,5729,0,340,0,340
410023,Playing,1380352,3912,0,0,0,0,1,5733,0,340,0,340
410277,Playing,1400832,3970,0,0,0,0,1,5737,0,340,0,340
410529,Playing,1338368,3793,0,0,0,0,1,5738,174,340,174,340
410783,Playing,1358848,3851,0,0,0,0,1,5742,0,340,0,340
411037,Playing,1351680,3831,0,0,0,0,1,5745,0,340,0,340
411290,Playing,1344512,3810,0,0,0,0,1,5748,93,340,93,340
411543,Playing,1337344,3790,0,0,0,0,1,5751,0,340,0,340
411797,Playing,1330176,3770,0,0,0,0,1,5754,96,340,96,340
412050,Playing,1323008,3750,0,0,0,0,1,5760,0,340,13,340
412254,Playing,1368064,3877,0,0,0,0,1,5764,0,340,0,340
412507,Playing,1305600,3700,0,0,0,0,1,5765,175,340,175,340
412759,Playing,1326080,3758,0,0,0,0,1,5769,0,340,0,340
413011,Playing,1346560,3816,0,0,0,0,1,5773,0,340,0,340
413264,Playing,1339392,3796,0,0,0,0,1,5776,177,340,177,340
413517,Playing,1304576,3697,0,0,0,0,1,5778,0,340,0,340
413769,Playing,1333248,3779,0,0,0,0,1,5782,0,340,0,340
414021,Playing,1326080,3758,0,0,0,0,1,5785,0,340,0,340
414274,Playing,1346560,3816,0,0,0,0,1,5789,0,340,0,340
414528,Playing,1284096,3639,0,0,0,0,1,5790,94,340,94,340
414780,Playing,1304576,3697,0,0,0,0,1,5794,176,340,176,340
415034,Playing,1325056,3755,0,0,0,0,1,5801,16,340,16,340
415287,Playing,1326080,3758,0,0,0,0,1,5804,0,340,0,340
415540,Playing,1318912,3738,0,0,0,0,1,5807,0,340,0,340
415793,Playing,1284096,3639,0,0,0,0,1,5809,0,340,0,340
416046,Playing,1276928,3619,0,0,0,0,1,5812,95,340,95,340
416250,Playing,1313792,3723,0,0,0,0,1,5816,96,340,96,340
416504,Playing,1334272,3781,0,0,0,0,1,5820,0,340,0,340
416757,Playing,1271808,3604,0,0,0,0,1,5821,175,340,175,340
417009,Playing,1300480,3686,0,0,0,0,1,5825,94,340,94,340
417261,Playing,1320960,3744,0,0,0,0,1,5829,0,340,0,340
417514,Playing,1313792,3723,0,0,0,0,1,5832,94,340,95,340
417767,Playing,1306624,3703,0,0,0,0,1,5838,94,340,94,340
418020,Playing,1271808,3604,0,0,0,0,1,5840,0,340,0,340
418274,Playing,1264640,3584,0,0,0,0,1,5843,175,340,176,340
418527,Playing,1285120,3642,0,0,0,0,1,5847,176,340,176,340
418780,Playing,1250304,3543,0,0,0,0,1,5849,0,340,0,340
419034,Playing,1251328,3546,0,0,0,0,1,5852,173,340,173,340
419287,Playing,1299456,3683,0,0,0,0,1,5857,0,340,0,340
419539,Playing,1264640,3584,0,0,0,0,1,5859,177,340,177,340
419792,Playing,1285120,3642,0,0,0,0,1,5863,94,340,94,340
420046,Playing,1277952,3622,0,0,0,0,1,5866,0,340,0,340
420298,Playing,1270784,3601,0,0,0,0,1,5869,0,340,0,340
420501,Playing,1243136,3523,0,0,0,0,1,5873,0,340,15,340
420753,Playing,1253376,3552,0,0,0,0,1,5877,12,340,12,340
421007,Playing,1246208,3532,0,0,0,0,1,5880,0,340,0,340
421259,Playing,1266688,3590,0,0,0,0,1,5884,0,340,0,340
421512,Playing,1204224,3413,0,0,0,0,1,5885,175,340,176,340
421765,Playing,1224704,3471,0,0,0,0,1,5889,0,340,0,340
422018,Playing,1245184,3529,0,0,0,0,1,5893,0,340,0,340
422271,Playing,1238016,3509,0,0,0,0,1,5896,0,340,0,340
422523,Playing,1266688,3590,0,0,0,0,1,5900,92,340,92,340
422775,Playing,1204224,3413,0,0,0,0,1,5901,180,340,180,340
423027,Playing,1224704,3471,0,0,0,0,1,5905,105,340,105,340
423280,Playing,1226752,3477,0,0,0,0,1,5911,0,340,12,340
423533,Playing,1201152,3404,0,0,0,0,1,5914,93,340,93,340
423785,Playing,1221632,3462,0,0,0,0,1,5918,0,340,0,340
424038,Playing,1222656,3465,0,0,0,0,1,5921,98,340,98,340
424291,Playing,1215488,3445,0,0,0,0,1,5924,0,340,0,340
424544,Playing,1208320,3424,0,0,0,0,1,5927,0,340,0,340
424796,Playing,1228800,3482,0,0,0,0,1,5931,95,340,95,340
425049,Playing,1249280,3541,0,0,0,0,1,5935,0,340,0,340
425251,Playing,1203200,3410,0,0,0,0,1,5936,174,340,174,340
425504,Playing,1231872,3491,0,0,0,0,1,5940,0,340,0,340
425756,Playing,1224704,3471,0,0,0,0,1,5943,0,340,0,340
426008,Playing,1226752,3477,0,0,0,0,1,5949,0,340,14,340
426260,Playing,1173504,3326,0,0,0,0,1,5951,0,340,0,340
426512,Playing,1166336,3305,0,0,0,0,1,5954,176,340,176,340
426765,Playing,1195008,3387,0,0,0,0,1,5958,0,340,0,340
427017,Playing,1215488,3445,0,0,0,0,1,5962,0,340,0,340
427271,Playing,1235968,3503,0,0,0,0,1,5966,0,340,0,340
427523,Playing,1173504,3326,0,0,0,0,1,5967,177,340,177,340
427777,Playing,1166336,3305,0,0,0,0,1,5970,176,340,176,340
428030,Playing,1186816,3363,0,0,0,0,1,5974,177,340,177,340
428284,Playing,1179648,3343,0,0,0,0,1,5977,177,340,177,340
428536,Playing,1172480,3323,0,0,0,0,1,5980,0,340,0,340
428788,Playing,1173504,3326,0,0,0,0,1,5983,0,340,0,340
429040,Playing,1157120,3279,0,0,0,0,1,5989,0,340,0,340
429292,Playing,1122304,3181,0,0,0,0,1,5991,0,340,0,340
429546,Playing,1115136,3160,0,0,0,0,1,5994,94,340,94,340
429798,Playing,1135616,3218,0,0,0,0,1,5998,0,340,0,340
430001,Playing,1089536,3088,0,0,0,0,1,5999,174,340,174,340
430254,Playing,1118208,3169,0,0,0,0,1,6003,88,340,88,340
430507,Playing,1138688,3227,0,0,0,0,1,6007,0,340,0,340
430760,Playing,1159168,3285,0,0,0,0,1,6011,0,340,0,340
431014,Playing,1152000,3265,0,0,0,0,1,6014,0,340,0,340
431266,Playing,1117184,3166,0,0,0,0,1,6016,0,340,0,340
431518,Playing,1110016,3146,0,0,0,0,1,6019,1,340,1,340
431770,Playing,1102848,3125,0,0,0,0,1,6025,0,340,13,340
432022,Playing,1131520,3207,0,0,0,0,1,6029,0,340,0,340
432276,Playing,1152000,3265,0,0,0,0,1,6033,0,340,0,340
432527,Playing,1144832,3244,0,0,0,0,1,6036,0,340,0,340
432781,Playing,1110016,3146,0,0,0,0,1,6038,0,340,0,340
433032,Playing,1102848,3125,0,0,0,0,1,6041,0,340,0,340
433285,Playing,1123328,3184,0,0,0,0,1,6045,0,340,0,340
433539,Playing,1088512,3085,0,0,0,0,1,6047,0,340,0,340
433791,Playing,1081344,3065,0,0,0,0,1,6050,101,340,101,340
434044,Playing,1137664,3224,0,0,0,0,1,6055,0,340,0,340
434297,Playing,1130496,3204,0,0,0,0,1,6058,0,340,0,340
434549,Playing,1095680,3105,0,0,0,0,1,6061,0,340,0,340
434752,Playing,1104896,3131,0,0,0,0,1,6066,0,340,0,340
435004,Playing,1097728,3111,0,0,0,0,1,6069,0,340,0,340
435257,Playing,1098752,3114,0,0,0,0,1,6072,13,340,13,340
435509,Playing,1119232,3172,0,0,0,0,1,6076,0,340,0,340
435762,Playing,1084416,3073,0,0,0,0,1,6078,0,340,0,340
436015,Playing,1077248,3053,0,0,0,0,1,6081,94,340,94,340
436268,Playing,1097728,3111,0,0,0,0,1,6085,0,340,0,340
436521,Playing,1118208,3169,0,0,0,0,1,6089,9,340,10,340
436776,Playing,1111040,3149,0,0,0,0,1,6092,95,340,95,340
437027,Playing,1112064,3152,0,0,0,0,1,6095,0,340,0,340
437280,Playing,1104896,3131,0,0,0,0,1,6098,0,340,0,340
437532,Playing,1070080,3033,0,0,0,0,1,6103,93,340,93,340
437785,Playing,1090560,3091,0,0,0,0,1,6107,0,340,0,340
438037,Playing,1111040,3149,0,0,0,0,1,6111,0,340,0,340
438289,Playing,1056768,2995,0,0,0,0,1,6112,176,340,176,340
438542,Playing,1077248,3053,0,0,0,0,1,6116,0,340,0,340
438795,Playing,1097728,3111,0,0,0,0,1,6120,0,340,0,340
439047,Playing,1090560,3091,0,0,0,0,1,6123,0,340,0,340
439300,Playing,1083392,3070,0,0,0,0,1,6126,96,340,96,340
439504,Playing,1064960,3018,0,0,0,0,1,6128,180,340,180,340
439756,Playing,1057792,2998,0,0,0,0,1,6131,0,340,0,340
440010,Playing,1058816,3001,0,0,0,0,1,6134,0,340,0,340
440264,Playing,1051648,2980,0,0,0,0,1,6140,16,340,16,340
440518,Playing,1044480,2960,0,0,0,0,1,6143,88,340,88,340
440770,Playing,1064960,3018,0,0,0,0,1,6147,0,340,0,340
441024,Playing,1030144,2919,0,0,0,0,1,6149,0,340,0,340
441278,Playing,1050624,2977,0,0,0,0,1,6153,0,340,0,340
441530,Playing,1043456,2957,0,0,0,0,1,6156,0,340,0,340
441783,Playing,1063936,3015,0,0,0,0,1,6160,1,340,1,340
442036,Playing,1064960,3018,0,0,0,0,1,6163,95,340,95,340
442289,Playing,1002496,2841,0,0,0,0,1,6164,176,340,176,340
442540,Playing,1050624,2977,0,0,0,0,1,6169,1,340,1,340
442794,Playing,1071104,3036,0,0,0,0,1,6173,0,340,0,340
443048,Playing,1036288,2937,0,0,0,0,1,6178,0,340,0,340
443250,Playing,1017856,2885,0,0,0,0,1,6180,0,340,0,340
443502,Playing,1046528,2966,0,0,0,0,1,6184,0,340,0,340
443755,Playing,1039360,2946,0,0,0,0,1,6187,0,340,0,340
444009,Playing,1059840,3004,0,0,0,0,1,6191,0,340,0,340
444261,Playing,1052672,2983,0,0,0,0,1,6194,0,340,0,340
444515,Playing,1017856,2885,0,0,0,0,1,6196,0,340,0,340
444768,Playing,1038336,2943,0,0,0,0,1,6200,0,340,0,340
445020,Playing,1058816,3001,0,0,0,0,1,6204,0,340,0,340
445274,Playing,1051648,2980,0,0,0,0,1,6207,0,340,0,340
445527,Playing,1052672,2983,0,0,0,0,1,6210,0,340,0,340
445780,Playing,1008640,2858,0,0,0,0,1,6214,0,340,14,340
446034,Playing,1010688,2864,0,0,0,0,1,6218,176,340,176,340
446287,Playing,1003520,2844,0,0,0,0,1,6221,0,340,0,340
446539,Playing,968704,2745,0,0,0,0,1,6223,0,340,0,340
446794,Playing,989184,2803,0,0,0,0,1,6227,0,340,0,340
447046,Playing,1009664,2861,0,0,0,0,1,6231,0,340,0,340
447298,Playing,1010688,2864,0,0,0,0,1,6234,0,340,0,340
447550,Playing,1031168,2922,0,0,0,0,1,6238,95,340,96,340
447752,Playing,1012736,2870,0,0,0,0,1,6240,1,340,2,340
448004,Playing,1005568,2850,0,0,0,0,1,6243,176,340,176,340
448256,Playing,970752,2751,0,0,0,0,1,6245,0,340,0,340
448509,Playing,971776,2754,0,0,0,0,1,6248,93,340,93,340
448761,Playing,955392,2708,0,0,0,0,1,6254,0,340,0,340
449014,Playing,975872,2766,0,0,0,0,1,6258,0,340,0,340
449267,Playing,968704,2745,0,0,0,0,1,6261,175,340,175,340
449519,Playing,933888,2647,0,0,0,0,1,6263,0,340,0,340
449773,Playing,954368,2705,0,0,0,0,1,6267,0,340,0,340
450026,Playing,947200,2684,0,0,0,0,1,6270,0,340,0,340
450279,Playing,975872,2766,0,0,0,0,1,6274,172,340,172,340
450532,Playing,941056,2667,0,0,0,0,1,6276,0,340,0,340
450785,Playing,933888,2647,0,0,0,0,1,6279,93,340,93,340
451038,Playing,954368,2705,0,0,0,0,1,6283,14,340,14,340
451291,Playing,947200,2684,0,0,0,0,1,6286,96,340,96,340
451544,Playing,930816,2638,0,0,0,0,1,6292,97,340,97,340
451798,Playing,951296,2696,0,0,0,0,1,6296,94,340,94,340
452001,Playing,932864,2644,0,0,0,0,1,6298,0,340,0,340
452254,Playing,933888,2647,0,0,0,0,1,6301,0,340,0,340
452506,Playing,954368,2705,0,0,0,0,1,6305,0,340,0,340
452758,Playing,947200,2684,0,0,0,0,1,6308,94,340,94,340
453010,Playing,912384,2586,0,0,0,0,1,6310,0,340,0,340
453263,Playing,932864,2644,0,0,0,0,1,6314,0,340,0,340
453516,Playing,953344,2702,0,0,0,0,1,6318,0,340,0,340
453769,Playing,954368,2705,0,0,0,0,1,6321,97,340,97,340
454022,Playing,947200,2684,0,0,0,0,1,6324,95,340,95,340
454275,Playing,903168,2560,0,0,0,0,1,6329,1,340,1,340
454527,Playing,896000,2539,0,0,0,0,1,6332,0,340,0,340
454781,Playing,916480,2597,0,0,0,0,1,6336,0,340,0,340
455034,Playing,936960,2655,0,0,0,0,1,6340,0,340,0,340
455287,Playing,874496,2478,0,0,0,0,1,6341,178,340,178,340
455539,Playing,894976,2536,0,0,0,0,1,6345,0,340,0,340
455792,Playing,923648,2618,0,0,0,0,1,6349,0,340,0,340
456046,Playing,916480,2597,0,0,0,0,1,6352,0,340,0,340
456298,Playing,881664,2499,0,0,0,0,1,6354,2,340,2,340
456500,Playing,890880,2525,0,0,0,0,1,6357,176,340,176,340
456752,Playing,883712,2504,0,0,0,0,1,6360,0,340,0,340
457007,Playing,876544,2484,0,0,0,0,1,6363,0,340,0,340
457260,Playing,877568,2487,0,0,0,0,1,6369,0,340,0,340
457514,Playing,870400,2467,0,0,0,0,1,6372,0,340,0,340
457765,Playing,835584,2368,0,0,0,0,1,6374,0,340,0,340
458018,Playing,828416,2348,0,0,0,0,1,6377,93,340,93,340
458270,Playing,876544,2484,0,0,0,0,1,6382,0,340,0,340
458522,Playing,869376,2464,0,0,0,0,1,6385,0,341,0,341
458775,Playing,889856,2522,0,0,0,0,1,6389,0,341,0,341
459027,Playing,835584,2368,0,0,0,0,1,6390,95,341,95,341
459281,Playing,856064,2426,0,0,0,0,1,6394,15,341,15,341
459535,Playing,876544,2484,0,0,0,0,1,6398,0,341,0,341
459788,Playing,869376,2464,0,0,0,0,1,6404,0,341,12,341
460042,Playing,862208,2443,0,0,0,0,1,6407,0,341,0,341
460295,Playing,855040,2423,0,0,0,0,1,6410,94,341,94,341
460548,Playing,847872,2403,0,0,0,0,1,6413,0,341,0,341
460751,Playing,865280,2452,0,0,0,0,1,6416,2,341,2,341
461006,Playing,858112,2432,0,0,0,0,1,6419,97,341,97,341
461260,Playing,823296,2333,0,0,0,0,1,6421,2,341,2,341
461513,Playing,843776,2391,0,0,0,0,1,6425,0,341,0,341
461765,Playing,864256,2449,0,0,0,0,1,6429,0,341,0,341
462017,Playing,884736,2507,0,0,0,0,1,6433,14,341,14,341
462270,Playing,877568,2487,0,0,0,0,1,6436,0,341,0,341
462524,Playing,842752,2388,0,0,0,0,1,6438,0,341,0,341
462778,Playing,816128,2313,0,0,0,0,1,6443,0,341,0,341
463033,Playing,836608,2371,0,0,0,0,1,6447,94,341,94,341
463285,Playing,857088,2429,0,0,0,0,1,6451,0,341,0,341
463539,Playing,794624,2252,0,0,0,0,1,6452,176,341,176,341
463794,Playing,815104,2310,0,0,0,0,1,6456,177,341,177,341
464047,Playing,835584,2368,0,0,0,0,1,6460,0,341,0,341
464300,Playing,828416,2348,0,0,0,0,1,6463,94,341,94,341
464503,Playing,837632,2374,0,0,0,0,1,6466,0,341,0,341
464756,Playing,838656,2377,0,0,0,0,1,6469,0,341,0,341
465009,Playing,831488,2356,0,0,0,0,1,6472,0,341,0,341
465262,Playing,851968,2414,0,0,0,0,1,6476,95,341,95,341
465516,Playing,789504,2237,0,0,0,0,1,6480,0,341,0,341
465769,Playing,782336,2217,0,0,0,0,1,6483,0,341,0,341
466021,Playing,830464,2353,0,0,0,0,1,6488,0,341,0,341
466274,Playing,823296,2333,0,0,0,0,1,6491,0,341,0,341
466526,Playing,824320,2336,0,0,0,0,1,6494,95,341,95,341
466780,Playing,817152,2316,0,0,0,0,1,6497,0,341,0,341
467032,Playing,809984,2295,0,0,0,0,1,6500,0,341,0,341
467285,Playing,802816,2275,0,0,0,0,1,6503,95,341,96,341
467537,Playing,823296,2333,0,0,0,0,1,6507,0,341,1,341
467799,Playing,816128,2313,0,0,0,0,1,6510,104,341,105,341
468000,Playing,797696,2261,0,0,0,0,1,6512,173,341,174,341
468253,Playing,781312,2214,0,0,0,0,1,6515,91,341,91,341
468506,Playing,763904,2165,0,0,0,0,1,6520,176,341,176,341
468759,Playing,756736,2144,0,0,0,0,1,6523,176,341,176,341
469011,Playing,777216,2202,0,0,0,0,1,6527,0,341,0,341
469264,Playing,797696,2261,0,0,0,0,1,6531,0,341,0,341
469517,Playing,762880,2162,0,0,0,0,1,6533,0,341,0,341
469769,Playing,755712,2142,0,0,0,0,1,6536,0,341,0,341
470021,Playing,776192,2200,0,0,0,0,1,6540,175,341,175,341
470275,Playing,804864,2281,0,0,0,0,1,6544,0,341,0,341
470528,Playing,797696,2261,0,0,0,0,1,6547,0,341,0,341
470780,Playing,762880,2162,0,0,0,0,1,6549,0,341,0,341
471032,Playing,774144,2194,0,0,0,0,1,6555,0,341,13,341
471285,Playing,748544,2121,0,0,0,0,1,6558,0,341,0,341
471538,Playing,741376,2101,0,0,0,0,1,6561,14,341,14,341
471791,Playing,734208,2081,0,0,0,0,1,6564,0,341,0,341
472045,Playing,735232,2083,0,0,0,0,1,6567,95,341,95,341
472298,Playing,728064,2063,0,0,0,0,1,6570,175,341,175,341
472501,Playing,737280,2089,0,0,0,0,1,6573,0,341,0,341
472754,Playing,757760,2147,0,0,0,0,1,6577,0,341,0,341
473007,Playing,778240,2205,0,0,0,0,1,6581,13,341,13,341
473260,Playing,771072,2185,0,0,0,0,1,6584,0,341,0,341
473513,Playing,736256,2086,0,0,0,0,1,6586,0,341,0,341
473766,Playing,729088,2066,0,0,0,0,1,6589,0,341,0,341
474019,Playing,720896,2043,0,0,0,0,1,6595,0,341,0,341
474273,Playing,713728,2023,0,0,0,0,1,6598,97,341,97,341
474526,Playing,761856,2159,0,0,0,0,1,6603,16,341,16,341
474779,Playing,699392,1982,0,0,0,0,1,6604,174,341,174,341
475033,Playing,692224,1962,0,0,0,0,1,6607,178,341,178,341
475286,Playing,712704,2020,0,0,0,0,1,6611,0,341,0,341
475538,Playing,733184,2078,0,0,0,0,1,6615,0,341,0,341
475792,Playing,734208,2081,0,0,0,0,1,6618,93,341,93,341
476044,Playing,699392,1982,0,0,0,0,1,6620,0,341,0,341
476298,Playing,719872,2040,0,0,0,0,1,6624,0,341,0,341
476500,Playing,701440,1988,0,0,0,0,1,6626,13,341,13,341
476753,Playing,666624,1889,0,0,0,0,1,6628,0,341,0,341
477005,Playing,677888,1921,0,0,0,0,1,6635,0,341,0,341
477257,Playing,706560,2002,0,0,0,0,1,6639,0,341,0,341
477511,Playing,644096,1825,0,0,0,0,1,6640,96,341,96,341
477765,Playing,664576,1883,0,0,0,0,1,6644,0,341,0,341
478018,Playing,657408,1863,0,0,0,0,1,6647,176,341,176,341
478270,Playing,677888,1921,0,0,0,0,1,6651,179,341,179,341
478523,Playing,698368,1979,0,0,0,0,1,6655,0,341,0,341
478777,Playing,635904,1802,0,0,0,0,1,6656,96,341,96,341
479030,Playing,656384,1860,0,0,0,0,1,6660,175,341,175,341
479282,Playing,685056,1941,0,0,0,0,1,6664,0,341,0,341
479535,Playing,668672,1895,0,0,0,0,1,6670,0,341,0,341
479788,Playing,633856,1796,0,0,0,0,1,6672,0,341,0,341
480041,Playing,626688,1776,0,0,0,0,1,6675,0,341,0,341
480294,Playing,619520,1756,0,0,0,0,1,6678,173,341,173,341
480546,Playing,667648,1892,0,0,0,0,1,6683,0,341,0,341
480798,Playing,641024,1816,0,0,0,0,1,6685,177,341,177,341
481001,Playing,622592,1764,0,0,0,0,1,6687,0,341,0,341
481261,Playing,670720,1901,0,0,0,0,1,6692,0,341,0,341
481514,Playing,663552,1880,0,0,0,0,1,6695,0,341,0,341
481767,Playing,628736,1782,0,0,0,0,1,6697,0,341,0,341
482020,Playing,621568,1761,0,0,0,0,1,6700,0,341,0,341
482273,Playing,642048,1819,0,0,0,0,1,6704,16,341,16,341
482528,Playing,607232,1721,0,0,0,0,1,6709,95,341,95,341
482780,Playing,627712,1779,0,0,0,0,1,6713,93,341,93,341
483035,Playing,573440,1625,0,0,0,0,1,6714,176,341,176,341
483287,Playing,621568,1761,0,0,0,0,1,6719,0,341,0,341
483540,Playing,614400,1741,0,0,0,0,1,6722,0,341,0,341
483794,Playing,634880,1799,0,0,0,0,1,6726,15,341,15,341
484047,Playing,600064,1700,0,0,0,0,1,6728,0,341,0,341
484300,Playing,620544,1758,0,0,0,0,1,6732,0,341,0,341
484503,Playing,602112,1706,0,0,0,0,1,6734,96,341,96,341
484755,Playing,658432,1866,0,0,0,0,1,6739,0,341,0,341
485007,Playing,651264,1845,0,0,0,0,1,6742,0,341,0,341
485260,Playing,588800,1668,0,0,0,0,1,6746,0,341,0,341
485515,Playing,609280,1726,0,0,0,0,1,6750,0,341,0,341
485768,Playing,629760,1785,0,0,0,0,1,6754,0,341,0,341
486020,Playing,622592,1764,0,0,0,0,1,6757,0,341,0,341
486273,Playing,587776,1666,0,0,0,0,1,6759,0,341,0,341
486525,Playing,588800,1668,0,0,0,0,1,6762,93,341,93,341
486778,Playing,609280,1726,0,0,0,0,1,6766,0,341,0,341
487032,Playing,629760,1785,0,0,0,0,1,6770,0,341,0,341
487285,Playing,567296,1607,0,0,0,0,1,6771,176,341,176,341
487538,Playing,587776,1666,0,0,0,0,1,6775,96,341,96,341
487789,Playing,525312,1488,0,0,0,0,1,6776,176,341,176,341
488042,Playing,573440,1625,0,0,0,0,1,6784,95,341,95,341
488296,Playing,593920,1683,0,0,0,0,1,6788,15,341,15,341
488548,Playing,567296,1607,0,0,0,0,1,6790,0,341,0,341
488751,Playing,576512,1634,0,0,0,0,1,6793,0,341,0,341
489004,Playing,569344,1613,0,0,0,0,1,6796,0,341,0,341
489258,Playing,534528,1515,0,0,0,0,1,6798,176,341,176,341
489511,Playing,555008,1573,0,0,0,0,1,6802,176,341,176,341
489764,Playing,575488,1631,0,0,0,0,1,6806,0,341,0,341
490016,Playing,548864,1555,0,0,0,0,1,6808,0,341,0,341
490268,Playing,541696,1535,0,0,0,0,1,6811,177,341,177,341
490521,Playing,589824,1671,0,0,0,0,1,6816,0,341,0,341
490774,Playing,545792,1547,0,0,0,0,1,6820,0,341,14,341
491026,Playing,547840,1552,0,0,0,0,1,6824,175,341,175,341
491279,Playing,513024,1454,0,0,0,0,1,6826,0,341,0,341
491531,Playing,533504,1512,0,0,0,0,1,6830,177,341,177,341
491783,Playing,498688,1413,0,0,0,0,1,6832,4,341,4,341
492036,Playing,582656,1651,0,0,0,0,1,6838,0,341,0,341
492288,Playing,547840,1552,0,0,0,0,1,6840,95,341,95,341
492543,Playing,540672,1532,0,0,0,0,1,6843,0,341,0,341
492796,Playing,533504,1512,0,0,0,0,1,6846,0,341,0,341
493048,Playing,526336,1491,0,0,0,0,1,6849,0,341,0,341
493251,Playing,535552,1518,0,0,0,0,1,6852,0,341,0,341
493503,Playing,536576,1520,0,0,0,0,1,6855,177,341,178,341
493756,Playing,529408,1500,0,0,0,0,1,6861,177,341,177,341
494010,Playing,522240,1480,0,0,0,0,1,6864,0,341,0,341
494263,Playing,487424,1381,0,0,0,0,1,6866,0,341,0,341
494515,Playing,507904,1439,0,0,0,0,1,6870,0,341,0,341
494769,Playing,528384,1497,0,0,0,0,1,6874,0,341,0,341
495022,Playing,521216,1477,0,0,0,0,1,6877,0,341,0,341
495275,Playing,514048,1457,0,0,0,0,1,6880,0,341,0,341
495528,Playing,487424,1381,0,0,0,0,1,6882,0,341,0,341
495780,Playing,507904,1439,0,0,0,0,1,6886,99,341,99,341
496033,Playing,528384,1497,0,0,0,0,1,6890,0,341,0,341
496287,Playing,539648,1529,0,0,0,0,1,6896,0,341,16,341
496540,Playing,514048,1457,0,0,0,0,1,6899,1,341,1,341
496793,Playing,506880,1436,0,0,0,0,1,6902,0,341,0,341
497047,Playing,472064,1338,0,0,0,0,1,6904,177,341,177,341
497252,Playing,481280,1364,0,0,0,0,1,6907,0,341,0,341
497504,Playing,482304,1367,0,0,0,0,1,6910,0,341,0,341
497757,Playing,475136,1346,0,0,0,0,1,6913,174,341,174,341
498010,Playing,495616,1404,0,0,0,0,1,6917,0,341,0,341
498264,Playing,516096,1462,0,0,0,0,1,6921,0,341,0,341
498515,Playing,453632,1285,0,0,0,0,1,6922,174,341,175,341
498767,Playing,501760,1422,0,0,0,0,1,6927,0,341,0,341
499019,Playing,502784,1425,0,0,0,0,1,6930,0,341,0,341
499275,Playing,486400,1378,0,0,0,0,1,6936,0,341,0,341
499527,Playing,479232,1358,0,0,0,0,1,6939,2,341,2,341
499780,Playing,444416,1259,0,0,0,0,1,6941,0,341,0,341
500034,Playing,464896,1317,0,0,0,0,1,6945,174,341,174,341
500288,Playing,457728,1297,0,0,0,0,1,6948,0,341,0,341
500540,Playing,478208,1355,0,0,0,0,1,6952,0,341,0,341
500793,Playing,443392,1256,0,0,0,0,1,6954,0,341,0,341
501045,Playing,444416,1259,0,0,0,0,1,6957,0,341,0,341
501298,Playing,464896,1317,0,0,0,0,1,6961,0,341,0,341
501550,Playing,485376,1375,0,0,0,0,1,6965,0,341,0,341
501753,Playing,439296,1245,0,0,0,0,1,6966,97,341,97,341
502005,Playing,432128,1224,0,0,0,0,1,6969,173,341,173,341
502259,Playing,443392,1256,0,0,0,0,1,6976,0,341,0,341
502513,Playing,380928,1079,0,0,0,0,1,6977,95,341,95,341
502765,Playing,409600,1160,0,0,0,0,1,6981,0,341,0,341
503017,Playing,402432,1140,0,0,0,0,1,6984,96,341,96,341
503270,Playing,422912,1198,0,0,0,0,1,6988,0,341,0,341
503523,Playing,415744,1178,0,0,0,0,1,6991,174,341,174,341
503776,Playing,408576,1158,0,0,0,0,1,6994,0,341,0,341
504029,Playing,401408,1137,0,0,0,0,1,6997,13,341,13,341
504281,Playing,430080,1219,0,0,0,0,1,7001,0,341,0,341
504533,Playing,422912,1198,0,0,0,0,1,7004,97,341,97,341
504786,Playing,424960,1204,0,0,0,0,1,7010,0,341,12,341
505039,Playing,399360,1131,0,0,0,0,1,7013,93,341,93,341
505292,Playing,364544,1033,0,0,0,0,1,7015,0,341,0,341
505545,Playing,385024,1091,0,0,0,0,1,7019,0,341,0,341
505797,Playing,405504,1149,0,0,0,0,1,7023,0,341,0,341
506000,Playing,422912,1198,0,0,0,0,1,7026,94,341,94,341
506254,Playing,388096,1100,0,0,0,0,1,7028,0,341,0,341
506506,Playing,380928,1079,0,0,0,0,1,7031,96,341,96,341
506759,Playing,401408,1137,0,0,0,0,1,7035,0,341,0,341
507012,Playing,421888,1195,0,0,0,0,1,7039,0,341,0,341
507265,Playing,414720,1175,0,0,0,0,1,7042,97,341,97,341
507517,Playing,407552,1155,0,0,0,0,1,7045,0,341,0,341
507769,Playing,380928,1079,0,0,0,0,1,7050,0,341,0,341
508023,Playing,373760,1059,0,0,0,0,1,7053,111,341,111,341
508276,Playing,338944,960,0,0,0,0,1,7055,0,341,0,341
508530,Playing,359424,1018,0,0,0,0,1,7059,0,341,0,341
508783,Playing,379904,1076,0,0,0,0,1,7063,0,341,0,341
509036,Playing,400384,1134,0,0,0,0,1,7067,0,341,0,341
509289,Playing,337920,957,0,0,0,0,1,7068,176,341,176,341
509542,Playing,358400,1015,0,0,0,0,1,7072,0,341,0,341
509794,Playing,351232,995,0,0,0,0,1,7075,0,341,0,341
510048,Playing,379904,1076,0,0,0,0,1,7079,0,341,0,341
510251,Playing,361472,1024,0,0,0,0,1,7081,0,341,0,341
510504,Playing,326656,925,0,0,0,0,1,7086,0,341,12,341
510756,Playing,347136,983,0,0,0,0,1,7090,0,341,0,341
511008,Playing,312320,885,0,0,0,0,1,7092,0,341,0,341
511262,Playing,332800,943,0,0,0,0,1,7096,0,341,0,341
511515,Playing,325632,922,0,0,0,0,1,7099,1,341,1,341
511767,Playing,354304,1004,0,0,0,0,1,7103,0,341,0,341
512021,Playing,347136,983,0,0,0,0,1,7106,177,341,177,341
512274,Playing,312320,885,0,0,0,0,1,7108,0,341,0,341
512528,Playing,332800,943,0,0,0,0,1,7112,0,341,0,341
512782,Playing,325632,922,0,0,0,0,1,7115,177,341,177,341
513036,Playing,346112,981,0,0,0,0,1,7119,0,341,0,341
513289,Playing,338944,960,0,0,0,0,1,7125,0,341,0,341
513542,Playing,304128,862,0,0,0,0,1,7127,0,341,0,341
513796,Playing,269312,763,0,0,0,0,1,7129,173,341,173,341
514049,Playing,325632,922,0,0,0,0,1,7134,0,341,0,341
514250,Playing,307200,870,0,0,0,0,1,7136,0,341,0,341
514505,Playing,300032,850,0,0,0,0,1,7139,0,341,0,341
514758,Playing,292864,830,0,0,0,0,1,7142,0,341,0,341
515012,Playing,340992,966,0,0,0,0,1,7147,0,341,0,341
515266,Playing,333824,946,0,0,0,0,1,7150,0,341,0,341
515519,Playing,299008,847,0,0,0,0,1,7152,0,341,0,341
515772,Playing,319488,905,0,0,0,0,1,7156,0,341,0,341
516025,Playing,311296,882,0,0,0,0,1,7161,0,341,14,341
516278,Playing,285696,809,0,0,0,0,1,7164,174,341,175,341
516532,Playing,278528,789,0,0,0,0,1,7167,15,341,15,341
516784,Playing,271360,769,0,0,0,0,1,7170,95,341,95,341
517036,Playing,291840,827,0,0,0,0,1,7174,0,341,0,341
517290,Playing,284672,806,0,0,0,0,1,7177,96,341,96,341
517543,Playing,305152,864,0,0,0,0,1,7181,0,341,0,341
517795,Playing,270336,766,0,0,0,0,1,7183,0,341,0,341
518047,Playing,299008,847,0,0,0,0,1,7187,0,341,0,341
518250,Playing,308224,873,0,0,0,0,1,7190,0,341,0,341
518505,Playing,273408,774,0,0,0,0,1,7192,0,341,0,341
518757,Playing,293888,833,0,0,0,0,1,7196,0,341,0,341
519008,Playing,259072,734,0,0,0,0,1,7201,0,341,0,341
519261,Playing,287744,815,0,0,0,0,1,7205,0,341,0,341
519514,Playing,308224,873,0,0,0,0,1,7209,0,341,0,341
519767,Playing,301056,853,0,0,0,0,1,7212,1,341,1,341
520020,Playing,238592,676,0,0,0,0,1,7213,177,341,177,341
520273,Playing,286720,812,0,0,0,0,1,7218,0,341,0,341
520525,Playing,251904,714,0,0,0,0,1,7220,96,341,96,341
520778,Playing,244736,693,0,0,0,0,1,7223,0,341,0,341
521031,Playing,245760,696,0,0,0,0,1,7226,94,341,94,341
521284,Playing,266240,754,0,0,0,0,1,7230,0,341,0,341
521537,Playing,286720,812,0,0,0,0,1,7234,14,341,15,341
521789,Playing,279552,792,0,0,0,0,1,7240,0,341,0,341
522042,Playing,217088,615,0,0,0,0,1,7241,176,341,176,341
522296,Playing,237568,673,0,0,0,0,1,7245,0,341,0,341
522548,Playing,258048,731,0,0,0,0,1,7249,0,341,0,341
522750,Playing,220160,624,0,0,0,0,1,7250,175,341,176,341
523002,Playing,240640,682,0,0,0,0,1,7254,0,341,0,341
523255,Playing,233472,661,0,0,0,0,1,7257,175,341,175,341
523509,Playing,253952,719,0,0,0,0,1,7261,0,341,0,341
523761,Playing,191488,542,0,0,0,0,1,7262,178,341,178,341
524015,Playing,211968,600,0,0,0,0,1,7266,175,341,176,341
524268,Playing,232448,658,0,0,0,0,1,7270,0,341,0,341
524521,Playing,216064,612,0,0,0,0,1,7276,0,341,0,341
524775,Playing,189440,536,0,0,0,0,1,7278,0,341,0,341
525029,Playing,182272,516,0,0,0,0,1,7281,0,341,0,341
525282,Playing,175104,496,0,0,0,0,1,7284,95,341,95,341
525535,Playing,195584,554,0,0,0,0,1,7288,178,341,178,341
525788,Playing,188416,534,0,0,0,0,1,7291,178,341,178,341
526041,Playing,181248,513,0,0,0,0,1,7294,0,341,0,341
526294,Playing,201728,571,0,0,0,0,1,7298,2,341,2,341
526546,Playing,194560,551,0,0,0,0,1,7301,7,341,7,341
526800,Playing,187392,531,0,0,0,0,1,7304,96,341,96,341
527002,Playing,204800,580,0,0,0,0,1,7307,0,341,0,341
527254,Playing,197632,560,0,0,0,0,1,7310,0,341,0,341
527507,Playing,153600,435,0,0,0,0,1,7315,92,341,92,341
527760,Playing,174080,493,0,0,0,0,1,7319,0,341,0,341
528016,Playing,166912,473,0,0,0,0,1,7322,95,341,95,341
528268,Playing,140288,397,0,0,0,0,1,7324,0,341,0,341
528520,Playing,160768,455,0,0,0,0,1,7328,0,341,0,341
528773,Playing,181248,513,0,0,0,0,1,7332,0,341,0,341
529026,Playing,174080,493,0,0,0,0,1,7335,97,341,97,341
529278,Playing,194560,551,0,0,0,0,1,7339,14,341,14,341
529530,Playing,159744,452,0,0,0,0,1,7341,0,341,0,341
529783,Playing,152576,432,0,0,0,0,1,7344,0,341,0,341
530036,Playing,181248,513,0,0,0,0,1,7348,0,341,0,341
530288,Playing,164864,467,0,0,0,0,1,7354,0,341,0,341
530541,Playing,130048,368,0,0,0,0,1,7356,0,341,0,341
530794,Playing,150528,426,0,0,0,0,1,7360,0,341,0,341
531047,Playing,143360,406,0,0,0,0,1,7363,0,341,0,341
531250,Playing,97280,275,0,0,0,0,1,7364,94,341,94,341
531504,Playing,117760,333,0,0,0,0,1,7368,0,341,0,341
531757,Playing,110592,313,0,0,0,0,1,7371,176,341,176,341
532011,Playing,139264,394,0,0,0,0,1,7375,176,341,176,341
532264,Playing,104448,296,0,0,0,0,1,7377,0,341,0,341
532517,Playing,124928,354,0,0,0,0,1,7381,0,341,0,341
532769,Playing,117760,333,0,0,0,0,1,7384,175,341,175,341
533021,Playing,110592,313,0,0,0,0,1,7390,0,341,0,341
533275,Playing,75776,214,0,0,0,0,1,7392,0,341,0,341
533529,Playing,96256,272,0,0,0,0,1,7396,0,341,0,341
533782,Playing,89088,252,0,0,0,0,1,7399,15,341,15,341
534034,Playing,117760,333,0,0,0,0,1,7403,14,341,14,341
534286,Playing,110592,313,0,0,0,0,1,7406,95,341,95,341
534539,Playing,75776,214,0,0,0,0,1,7408,0,341,0,341
534791,Playing,96256,272,0,0,0,0,1,7412,0,341,0,341
535044,Playing,116736,330,0,0,0,0,1,7416,0,341,0,341
535297,Playing,109568,310,0,0,0,0,1,7419,0,341,0,341
535550,Playing,82944,235,0,0,0,0,1,7421,0,341,0,341
535753,Playing,92160,261,0,0,0,0,1,7424,0,341,0,341
536005,Playing,84992,240,0,0,0,0,1,7430,1,341,1,341
536258,Playing,77824,220,0,0,0,0,1,7433,94,341,95,341
536511,Playing,43008,121,0,0,0,0,1,7435,0,341,0,341
536765,Playing,63488,179,0,0,0,0,1,7439,100,341,100,341
537017,Playing,83968,238,0,0,0,0,1,7443,0,341,0,341
537270,Playing,112640,319,0,0,0,0,1,7447,9,341,9,341
537523,Playing,105472,298,0,0,0,0,1,7450,94,341,94,341
537776,Playing,70656,200,0,0,0,0,1,7452,0,341,0,341
538028,Playing,63488,179,0,0,0,0,1,7455,0,341,0,341
538283,Playing,83968,238,0,0,0,0,1,7459,98,341,98,341
538536,Playing,76800,217,0,0,0,0,1,7465,0,341,12,341
538788,Playing,97280,275,0,0,0,0,1,7469,0,341,0,341
539040,Playing,34816,98,0,0,0,0,1,7470,175,341,175,341
539293,Playing,63488,179,0,0,0,0,1,7474,0,341,0,341
539547,Playing,56320,159,0,0,0,0,1,7477,0,341,0,341
539798,Playing,76800,217,0,0,0,0,1,7481,0,341,0,341
540000,Playing,58368,165,0,0,0,0,1,7483,0,341,0,341
540253,Playing,51200,145,0,0,0,0,1,7486,94,341,94,341
540505,Playing,79872,226,0,0,0,0,1,7490,96,341,96,341
540759,Playing,100352,284,0,0,0,0,1,7494,0,341,0,341
541011,Playing,37888,107,0,0,0,0,1,7495,178,341,178,341
541264,Playing,76800,217,0,0,0,0,1,7502,0,341,16,341
541518,Playing,51200,145,0,0,0,0,1,7505,0,341,0,341
541771,Playing,44032,124,0,0,0,0,1,7508,95,341,95,341
542025,Buffering,82944,235,1,0,0,0,1,7511,0,341,0,341
542277,Buffering,165888,470,1,0,0,0,1,7514,0,341,0,341
542539,Buffering,276480,783,1,0,0,0,1,7518,0,341,0,341
542794,Buffering,304128,862,1,0,0,0,1,7519,177,341,177,341
543046,Buffering,340992,966,1,1,0,0,1,7523,95,341,95,341
543250,Buffering,377856,1071,1,1,0,0,1,7527,0,341,0,341
543504,Buffering,406528,1152,1,1,0,0,1,7531,0,341,0,341
543757,Buffering,399360,1131,1,1,0,0,1,7534,0,341,0,341
544010,Buffering,336896,954,1,1,0,0,1,7535,178,341,178,341
544263,Buffering,329728,934,1,1,0,0,1,7541,0,341,0,341
544515,Buffering,350208,992,1,1,0,0,1,7545,0,341,0,341
544769,Buffering,370688,1050,1,1,0,0,1,7549,0,341,0,341
545024,Buffering,335872,952,1,1,0,0,1,7551,95,341,95,341
545275,Buffering,328704,931,1,1,0,0,1,7554,177,341,177,341
545528,Buffering,302080,856,1,1,0,0,1,7556,0,341,0,341
545780,Buffering,350208,992,1,1,0,0,1,7561,15,341,15,341
546034,Buffering,343040,972,1,1,0,0,1,7564,95,341,95,341
546287,Buffering,335872,952,1,1,0,0,1,7567,0,341,0,341
546539,Buffering,328704,931,1,1,0,0,1,7570,94,341,94,341
546793,Buffering,349184,989,1,1,0,0,1,7574,93,341,93,341
547046,Buffering,314368,891,1,1,0,0,1,7579,95,341,95,341
547299,Buffering,287744,815,1,1,0,0,1,7581,1,341,1,341
547501,Buffering,324608,920,1,1,0,0,1,7585,0,341,0,341
547754,Buffering,289792,821,1,1,0,0,1,7587,0,341,0,341
548008,Buffering,282624,801,1,1,0,0,1,7590,173,341,173,341
548261,Buffering,330752,937,1,1,0,0,1,7595,0,341,0,341
548514,Buffering,323584,917,1,1,0,0,1,7598,0,341,0,341
548766,Buffering,324608,920,1,1,0,0,1,7601,0,341,0,341
549019,Buffering,289792,821,1,1,0,0,1,7603,0,341,0,341
549273,Buffering,282624,801,1,1,0,0,1,7606,176,341,176,341
549525,Buffering,330752,937,1,1,0,0,1,7611,0,341,0,341
549779,Buffering,314368,891,1,1,0,0,1,7617,1,341,1,341
550031,Buffering,251904,714,1,1,0,0,1,7618,94,341,94,341
550284,Buffering,244736,693,1,1,0,0,1,7621,0,341,0,341
550535,Buffering,265216,751,1,1,0,0,1,7625,0,341,0,341
550787,Buffering,266240,754,1,1,0,0,1,7628,0,341,0,341
551040,Buffering,286720,812,1,1,0,0,1,7632,177,341,178,341
551294,Buffering,251904,714,1,1,0,0,1,7634,0,341,0,341
551547,Buffering,244736,693,1,1,0,0,1,7637,177,341,177,341
551750,Buffering,253952,719,1,1,0,0,1,7640,0,341,0,341
552003,Buffering,254976,722,1,1,0,0,1,7643,0,341,0,341
552257,Buffering,275456,780,1,1,0,0,1,7647,0,341,0,341
552508,Buffering,295936,838,1,1,0,0,1,7651,0,341,0,341
552761,Buffering,215040,609,1,1,0,0,1,7654,0,341,18,341
553015,Buffering,244736,693,1,1,0,0,1,7659,0,341,0,341
553267,Buffering,237568,673,1,1,0,0,1,7662,14,341,15,341
553519,Buffering,230400,653,1,1,0,0,1,7665,15,341,15,341
553774,Buffering,250880,711,1,1,0,0,1,7669,0,341,0,341
554028,Buffering,188416,534,1,1,0,0,1,7670,94,341,94,341
554281,Buffering,189440,536,1,1,0,0,1,7673,0,341,0,341
554534,Buffering,237568,673,1,1,0,0,1,7678,0,341,0,341
554786,Buffering,258048,731,1,1,0,0,1,7682,0,341,0,341
555039,Buffering,250880,711,1,1,0,0,1,7685,0,341,0,341
555291,Buffering,216064,612,1,1,0,0,1,7687,0,341,0,341
555543,Buffering,190464,539,1,1,0,0,1,7692,0,341,12,341
555796,Buffering,164864,467,1,1,0,0,1,7695,0,341,0,341
556049,Buffering,212992,603,1,1,0,0,1,7700,0,341,0,341
556252,Buffering,175104,496,1,1,0,0,1,7701,93,341,93,341
556504,Buffering,195584,554,1,1,0,0,1,7705,175,341,175,341
556757,Buffering,188416,534,1,1,0,0,1,7708,179,341,179,341
557011,Buffering,208896,592,1,1,0,0,1,7712,0,341,0,341
557263,Buffering,174080,493,1,1,0,0,1,7714,0,341,0,341
557516,Buffering,194560,551,1,1,0,0,1,7718,0,341,0,341
557769,Buffering,187392,531,1,1,0,0,1,7721,178,341,178,341
558024,Buffering,207872,589,1,1,0,0,1,7725,176,341,176,341
558277,Buffering,181248,513,1,1,0,0,1,7728,0,341,0,341
558530,Buffering,174080,493,1,1,0,0,1,7733,0,341,0,341
558783,Buffering,166912,473,1,1,0,0,1,7736,1,341,1,341
559036,Buffering,187392,531,1,1,0,0,1,7740,0,341,0,341
559288,Buffering,180224,510,1,1,0,0,1,7743,0,341,0,341
559541,Buffering,173056,490,1,1,0,0,1,7746,0,341,0,341
559795,Buffering,138240,391,1,1,0,0,1,7748,94,341,94,341
560049,Buffering,158720,449,1,1,0,0,1,7752,95,341,96,341
560251,Buffering,148480,420,1,1,0,0,1,7754,0,341,0,341
560504,Buffering,168960,478,1,1,0,0,1,7758,0,341,0,341
560758,Buffering,161792,458,1,1,0,0,1,7761,96,341,96,341
561010,Buffering,182272,516,1,1,0,0,1,7768,0,341,16,341
561264,Buffering,147456,417,1,1,0,0,1,7770,98,341,98,341
561517,Buffering,167936,476,1,1,0,0,1,7774,95,341,95,341
561770,Buffering,133120,377,1,1,0,0,1,7776,0,341,0,341
562024,Buffering,125952,357,1,1,0,0,1,7779,0,341,0,341
562276,Buffering,154624,438,1,1,0,0,1,7783,91,341,91,341
562529,Buffering,202752,574,1,1,0,0,1,7788,14,341,14,341
562783,Buffering,112640,319,1,1,0,0,1,7788,14,341,14,341
563037,Buffering,160768,455,1,1,0,0,1,7793,0,341,0,341
563290,Buffering,153600,435,1,1,0,0,1,7796,0,341,0,341
563543,Buffering,91136,258,1,1,0,0,1,7797,174,341,174,341
563796,Buffering,139264,394,1,1,0,0,1,7802,0,341,0,341
564048,Buffering,104448,296,1,1,0,0,1,7807,95,341,96,341
564250,Buffering,149504,423,1,1,0,0,1,7811,95,341,95,341
564503,Buffering,169984,481,1,1,0,0,1,7815,0,341,0,341
564756,Buffering,135168,383,1,1,0,0,1,7817,96,341,96,341
565008,Buffering,100352,284,1,1,0,0,1,7819,175,341,175,341
565263,Buffering,148480,420,1,1,0,0,1,7824,0,341,0,341
565515,Buffering,141312,400,1,1,0,0,1,7827,0,341,0,341
565767,Buffering,134144,380,1,1,0,0,1,7830,0,341,0,341
566022,Buffering,107520,304,1,1,0,0,1,7832,175,341,175,341
566276,Buffering,128000,362,1,1,0,0,1,7836,0,341,0,341
566528,Buffering,120832,342,1,1,0,0,1,7839,175,341,175,341
566781,Buffering,86016,243,1,1,0,0,1,7844,0,341,0,341
567034,Buffering,78848,223,1,1,0,0,1,7847,96,341,96,341
567286,Buffering,99328,281,1,1,0,0,1,7851,15,341,15,341
567539,Buffering,92160,261,1,1,0,0,1,7854,97,341,97,341
567794,Buffering,84992,240,1,1,0,0,1,7857,94,341,94,341
568046,Buffering,77824,220,1,1,0,0,1,7860,0,341,0,341
568299,Buffering,106496,301,1,1,0,0,1,7864,0,341,0,341
568503,Buffering,88064,249,1,1,0,0,1,7866,0,341,0,341
568756,Buffering,80896,229,1,1,0,0,1,7869,0,341,0,341
569009,Buffering,101376,287,1,1,0,0,1,7873,0,341,0,341
569261,Buffering,94208,267,1,1,0,0,1,7876,1,341,1,341
569516,Buffering,77824,220,1,1,0,0,1,7879,178,341,178,341
569769,Buffering,52224,148,1,1,0,0,1,7884,0,341,0,341
570023,Buffering,45056,127,1,1,0,0,1,7887,0,341,0,341
570275,Buffering,73728,208,1,1,0,0,1,7891,0,341,0,341
570529,Buffering,66560,188,1,1,0,0,1,7894,0,341,0,341
570783,Buffering,87040,246,1,1,0,0,1,7898,0,341,0,341
571036,Buffering,52224,148,1,1,0,0,1,7900,0,341,0,341
571288,Buffering,45056,127,1,1,0,0,1,7903,0,341,0,341
571540,Buffering,65536,185,1,1,0,0,1,7907,0,341,0,341
571794,Buffering,86016,243,1,1,0,0,1,7911,0,341,0,341
572046,Buffering,78848,223,1,1,0,0,1,7914,0,341,0,341
572299,Buffering,52224,148,1,1,0,0,1,7916,0,341,0,341
572501,Buffering,33792,95,1,1,0,0,1,7921,94,341,94,341
572753,Buffering,54272,153,1,1,0,0,1,7925,0,341,0,341
573008,Buffering,74752,211,1,1,0,0,1,7929,0,341,0,341
573260,Buffering,12288,34,1,1,0,0,1,7930,175,341,175,341
573513,Buffering,32768,92,1,1,0,0,1,7934,177,341,177,341
573766,Buffering,53248,150,1,1,0,0,1,7938,0,341,0,341
574018,Buffering,54272,153,1,1,0,0,1,7941,0,341,0,341
574271,Playing,110592,313,1,2,0,0,1,7945,0,341,0,341
574524,Playing,75776,214,1,2,0,0,1,7947,0,341,0,341
574776,Playing,68608,194,1,2,0,0,1,7950,179,341,179,341
575028,Playing,89088,252,1,2,0,0,1,7954,176,341,176,341
575281,Playing,17408,49,1,2,0,0,1,7958,0,341,0,341
575534,Playing,10240,29,1,2,0,0,1,7961,0,341,0,341
575788,Playing,30720,87,1,2,0,0,1,7965,0,341,0,341
576043,Playing,59392,168,1,2,0,0,1,7969,0,341,0,341
576296,Playing,52224,148,1,2,0,0,1,7972,0,341,0,341
576548,Playing,45056,127,1,2,0,0,1,7975,15,341,15,341
576750,Playing,54272,153,1,2,0,0,1,7978,0,341,0,341
577002,Playing,47104,133,1,2,0,0,1,7981,93,341,93,341
577254,Playing,20480,58,1,2,0,0,1,7983,0,341,0,341
577507,Playing,40960,116,1,2,0,0,1,7987,0,341,0,341
577760,Playing,33792,95,1,2,0,0,1,7990,96,341,96,341
578014,Playing,17408,49,1,2,0,0,1,7996,0,341,0,341
578267,Buffering,110592,313,2,2,0,0,1,8000,0,341,0,341
578519,Buffering,193536,548,2,2,0,0,1,8003,15,341,15,341
578774,Buffering,304128,862,2,2,0,0,1,8007,0,341,0,341
579026,Buffering,331776,940,2,2,0,0,1,8008,174,341,174,341
579278,Buffering,385024,1091,2,3,0,0,1,8012,2,341,2,341
579532,Buffering,441344,1250,2,3,0,0,1,8017,13,341,13,341
579785,Buffering,434176,1230,2,3,0,0,1,8020,0,341,0,341
580045,Buffering,363520,1030,2,3,0,0,1,8021,177,341,177,341
580299,Buffering,392192,1111,2,3,0,0,1,8025,0,341,0,341
580501,Buffering,429056,1216,2,3,0,0,1,8029,0,341,0,341
580753,Buffering,375808,1065,2,3,0,0,1,8033,0,341,12,341
581007,Buffering,350208,992,2,3,0,0,1,8036,0,341,0,341
581260,Buffering,370688,1050,2,3,0,0,1,8040,0,341,0,341
581511,Buffering,371712,1053,2,3,0,0,1,8043,95,341,95,341
581764,Buffering,336896,954,2,3,0,0,1,8045,0,341,0,341
582017,Buffering,357376,1012,2,3,0,0,1,8049,0,341,0,341
582269,Buffering,377856,1071,2,3,0,0,1,8053,0,341,0,341
582523,Buffering,370688,1050,2,3,0,0,1,8056,0,341,0,341
582775,Buffering,363520,1030,2,3,0,0,1,8059,93,341,93,341
583027,Buffering,356352,1010,2,3,0,0,1,8062,0,341,0,341
583280,Buffering,357376,1012,2,3,0,0,1,8065,175,341,175,341
583534,Buffering,350208,992,2,3,0,0,1,8071,0,341,18,341
583786,Buffering,343040,972,2,3,0,0,1,8074,0,341,0,341
584038,Buffering,308224,873,2,3,0,0,1,8076,0,341,0,341
584293,Buffering,328704,931,2,3,0,0,1,8080,0,341,0,341
584545,Buffering,349184,989,2,3,0,0,1,8084,0,341,0,341
584797,Buffering,314368,891,2,3,0,0,1,8086,0,341,0,341
585001,Buffering,323584,917,2,3,0,0,1,8089,0,341,0,341
585253,Buffering,324608,920,2,3,0,0,1,8092,173,341,173,341
585506,Buffering,345088,978,2,3,0,0,1,8096,0,341,0,341
585758,Buffering,365568,1036,2,3,0,0,1,8100,0,341,0,341
586012,Buffering,303104,859,2,3,0,0,1,8101,179,341,179,341
586266,Buffering,323584,917,2,3,0,0,1,8105,176,341,176,341
586519,Buffering,316416,896,2,3,0,0,1,8111,0,341,0,341
586772,Buffering,281600,798,2,3,0,0,1,8113,0,341,0,341
587024,Buffering,274432,777,2,3,0,0,1,8116,0,341,0,341
587277,Buffering,303104,859,2,3,0,0,1,8120,0,341,0,341
587531,Buffering,295936,838,2,3,0,0,1,8123,175,341,175,341
587783,Buffering,316416,896,2,3,0,0,1,8127,0,341,0,341
588036,Buffering,253952,719,2,3,0,0,1,8128,95,341,95,341
588289,Buffering,302080,856,2,3,0,0,1,8133,0,341,0,341
588541,Buffering,294912,835,2,3,0,0,1,8136,0,341,0,341
588794,Buffering,315392,893,2,3,0,0,1,8140,0,341,0,341
589047,Buffering,308224,873,2,3,0,0,1,8143,174,341,174,341
589251,Buffering,297984,844,2,3,0,0,1,8148,0,341,0,341
589503,Buffering,263168,745,2,3,0,0,1,8150,96,341,97,341
589756,Buffering,256000,725,2,3,0,0,1,8153,0,341,0,341
590009,Buffering,248832,705,2,3,0,0,1,8156,95,341,95,341
590262,Buffering,269312,763,2,3,0,0,1,8160,0,341,0,341
590514,Buffering,262144,743,2,3,0,0,1,8163,95,341,95,341
590766,Buffering,227328,644,2,3,0,0,1,8165,0,341,0,341
591019,Buffering,256000,725,2,3,0,0,1,8169,94,341,94,341
591273,Buffering,276480,783,2,3,0,0,1,8173,0,341,0,341
591527,Buffering,269312,763,2,3,0,0,1,8176,0,341,0,341
591782,Buffering,289792,821,2,3,0,0,1,8180,0,341,0,341
592035,Buffering,254976,722,2,3,0,0,1,8185,95,341,95,341
592288,Buffering,220160,624,2,3,0,0,1,8187,0,341,0,341
592541,Buffering,240640,682,2,3,0,0,1,8191,0,341,0,341
592796,Buffering,233472,661,2,3,0,0,1,8194,0,341,0,341
593049,Buffering,253952,719,2,3,0,0,1,8198,0,341,0,341
593253,Buffering,243712,690,2,3,0,0,1,8200,0,341,0,341
593506,Buffering,264192,748,2,3,0,0,1,8204,0,341,0,341
593759,Buffering,257024,728,2,3,0,0,1,8207,0,341,0,341
594012,Buffering,222208,629,2,3,0,0,1,8209,0,341,0,341
594266,Buffering,215040,609,2,3,0,0,1,8212,95,341,95,341
594518,Buffering,235520,667,2,3,0,0,1,8216,0,341,0,341
594772,Buffering,246784,699,2,3,0,0,1,8222,0,341,14,341
595025,Buffering,248832,705,2,3,0,0,1,8226,0,341,0,341
595278,Buffering,241664,684,2,3,0,0,1,8229,0,341,0,341
595532,Buffering,215040,609,2,3,0,0,1,8231,0,341,0,341
595785,Buffering,207872,589,2,3,0,0,1,8234,0,341,0,341
596038,Buffering,200704,568,2,3,0,0,1,8237,0,341,0,341
596291,Buffering,193536,548,2,3,0,0,1,8240,0,341,0,341
596544,Buffering,186368,528,2,3,0,0,1,8243,95,341,95,341
596796,Buffering,179200,507,2,3,0,0,1,8246,0,341,0,341
597048,Buffering,227328,644,2,3,0,0,1,8251,0,341,0,341
597250,Buffering,189440,536,2,3,0,0,1,8252,99,341,99,341
597503,Buffering,209920,595,2,3,0,0,1,8256,0,341,0,341
597756,Buffering,202752,574,2,3,0,0,1,8262,0,341,0,341
598009,Buffering,195584,554,2,3,0,0,1,8265,95,341,95,341
598262,Buffering,160768,455,2,3,0,0,1,8267,0,341,0,341
598514,Buffering,181248,513,2,3,0,0,1,8271,0,341,0,341
598768,Buffering,174080,493,2,3,0,0,1,8274,93,341,93,341
599022,Buffering,202752,574,2,3,0,0,1,8278,0,341,0,341
599275,Buffering,223232,632,2,3,0,0,1,8282,0,341,0,341
599527,Buffering,160768,455,2,3,0,0,1,8283,93,341,93,341
599780,Buffering,181248,513,2,3,0,0,1,8287,0,341,0,341
600035,Buffering,201728,571,2,3,0,0,1,8291,0,341,0,341
